n 200000
b 1 28206 14352
b 2 34842 17404
b 3 4715 2401
b 4 6458 3380
b 5 29277 15053
b 6 37029 16858
b 7 30284 15107
b 8 37220 19815
b 9 23130 11814
b 10 6483 3158
b 11 18257 7884
b 12 22920 12188
b 13 5464 2524
b 14 56514 28878
b 15 12865 6451
b 16 7048 3431
b 17 10163 4818
b 18 20133 10585
b 19 13570 5856
b 20 19170 9929
b 21 34849 16764
b 22 26265 13019
b 23 9213 4597
b 25 31421 14682
b 26 51616 25374
b 27 37152 19257
b 28 13385 6579
b 29 31642 15497
b 30 33825 17756
b 31 21099 11047
b 32 10208 5366
b 33 6878 3555
b 34 8774 4238
b 35 40069 19972
b 36 31673 16065
b 37 11667 5825
b 38 3274 1490
b 39 18068 8478
b 40 13164 6549
b 41 15596 7612
b 42 25391 14096
b 43 11811 5661
b 44 25800 13199
b 45 7996 4059
b 46 9196 4243
b 47 15289 7443
b 48 23162 11809
b 49 25212 13301
b 50 9281 4790
b 51 5303 2568
b 52 3985 2103
b 53 19743 8517
b 54 29014 15205
b 55 8589 4326
b 56 8208 4167
b 57 4053 2113
b 58 4314 1997
b 59 7288 3252
b 60 14272 7372
b 61 3715 1813
b 62 13052 6922
b 63 10045 4732
b 64 16332 7878
b 65 1421 648
b 66 697 345
b 67 18592 9956
b 68 18437 9497
b 69 10248 4934
b 70 13953 6789
b 71 33278 17473
b 72 7035 3222
b 73 4840 2273
b 74 37224 19052
b 75 20142 10108
b 76 23718 12790
b 77 2299 1142
b 78 3833 2001
b 79 3530 1534
b 80 5082 2445
b 81 8637 4489
b 82 2937 1602
b 83 5872 2698
b 84 34202 17396
b 85 29621 14779
b 86 42880 21388
b 87 17805 8937
b 88 20761 10960
b 89 1998 978
b 90 8277 4108
b 91 6814 3339
b 92 2462 1329
b 93 28267 13926
b 94 4820 2374
b 95 4855 2492
b 96 12227 5881
b 97 20587 10139
b 98 8744 3992
b 99 12383 5937
b 100 10729 5174
b 101 23351 11592
b 102 5377 2727
b 103 1515 794
b 104 34763 18367
b 105 23841 12173
b 106 12713 6268
b 107 7919 3938
b 108 12246 5877
b 109 13133 5745
b 110 9497 4968
b 111 10296 5021
b 112 12462 6259
b 113 7666 4104
b 114 9517 4409
b 119 13650 6770
b 120 6416 3000
b 121 12345 6434
b 123 20882 9758
b 126 8222 4045
b 128 19932 9899
b 129 8378 4015
b 131 9195 4508
b 135 18326 9793
b 136 12813 6081
b 137 7598 3568
b 138 4661 2244
b 145 6712 3050
b 155 2730 1292
v 258 2076 922
v 259 367 183
v 260 570 266
v 261 2186 1036
v 262 2752 1433
v 263 2038 983
v 264 2763 1316
v 265 1554 766
v 266 554 285
v 267 1278 718
v 268 1737 857
v 269 416 216
v 270 3694 1841
v 271 924 490
v 272 511 276
v 273 819 469
v 274 1406 653
v 275 871 529
v 276 1372 701
v 277 2329 1240
v 278 2181 1131
v 279 587 290
v 281 2258 1256
v 282 3730 1890
v 283 2552 1216
v 284 880 436
v 285 2121 1143
v 286 2451 1193
v 287 1624 818
v 288 763 361
v 289 443 229
v 290 795 440
v 291 2727 1342
v 292 2405 1270
v 293 802 415
v 294 223 125
v 295 1279 683
v 296 911 447
v 297 1338 688
v 298 2056 1013
v 299 830 447
v 300 2143 992
v 301 604 322
v 302 718 379
v 303 996 489
v 304 1799 884
v 305 1623 805
v 306 721 366
v 307 312 173
v 308 280 147
v 309 1395 815
v 310 2159 1122
v 311 630 332
v 312 602 288
v 313 290 128
v 314 228 106
v 315 551 269
v 316 858 422
v 317 286 156
v 318 782 389
v 319 703 362
v 320 1065 559
v 321 111 52
v 322 59 26
v 323 1383 695
v 324 1389 719
v 325 753 390
v 326 1008 504
v 327 2113 1002
v 328 467 276
v 329 334 185
v 330 3061 1590
v 331 1508 787
v 332 1818 874
v 333 174 95
v 334 281 158
v 335 249 149
v 336 366 175
v 337 588 287
v 338 272 117
v 339 365 200
v 340 2782 1467
v 341 1930 988
v 342 3128 1614
v 343 1129 536
v 344 1303 599
v 345 166 85
v 346 724 374
v 347 517 282
v 348 160 83
v 349 2032 1021
v 350 457 281
v 351 370 157
v 352 713 348
v 353 1363 671
v 354 553 324
v 355 850 478
v 356 708 376
v 357 2095 1126
v 358 392 212
v 359 86 39
v 360 2318 1052
v 361 1722 862
v 362 828 439
v 363 533 274
v 364 756 404
v 365 1093 655
v 366 594 276
v 367 877 465
v 368 1014 530
v 369 601 285
v 370 645 333
v 375 867 444
v 376 467 257
v 377 956 468
v 379 1368 692
v 382 601 318
v 384 1219 630
v 385 575 302
v 387 629 336
v 391 1301 607
v 392 837 421
v 393 538 289
v 394 330 177
v 401 484 264
v 411 202 120
v 515 412 187
v 516 537 266
v 517 2453 1174
v 518 3279 1792
v 519 2708 1354
v 520 3147 1530
v 521 1912 946
v 522 495 274
v 523 1689 953
v 524 1482 729
v 525 467 262
v 526 4985 2346
v 527 1210 617
v 528 664 331
v 529 843 446
v 530 1751 777
v 531 1192 653
v 532 1709 783
v 533 3114 1681
v 534 2272 1169
v 535 853 424
v 537 2751 1536
v 538 4602 2380
v 539 3369 1619
v 540 1326 649
v 541 2973 1509
v 542 2835 1288
v 543 1783 816
v 544 868 402
v 545 634 312
v 546 707 375
v 547 3616 1886
v 548 3014 1447
v 549 999 501
v 550 272 152
v 551 1603 826
v 552 1058 483
v 553 1406 741
v 554 2531 1128
v 555 1032 540
v 556 2143 1142
v 557 662 329
v 558 824 452
v 559 1431 724
v 560 2093 983
v 561 2336 1074
v 562 1296 639
v 563 468 256
v 564 323 158
v 565 1760 1008
v 566 3174 1419
v 567 693 356
v 568 741 391
v 569 359 168
v 570 358 199
v 571 640 365
v 572 1337 644
v 573 266 149
v 574 1080 482
v 575 888 473
v 576 1385 720
v 577 124 64
v 578 70 31
v 579 1741 754
v 580 1588 761
v 581 892 450
v 582 1568 774
v 583 2951 1379
v 584 598 312
v 585 417 236
v 586 3172 1511
v 587 1643 807
v 588 2126 940
v 589 237 133
v 590 366 177
v 591 298 165
v 592 478 216
v 593 817 408
v 594 225 106
v 595 537 305
v 596 3066 1489
v 597 2665 1350
v 598 3755 1941
v 599 1451 743
v 600 1865 878
v 601 140 79
v 602 700 351
v 603 590 310
v 604 220 107
v 605 2382 1200
v 606 463 227
v 607 408 219
v 608 1115 542
v 609 1875 968
v 610 974 504
v 611 1189 631
v 612 968 522
v 613 1930 933
v 614 466 229
v 615 125 59
v 616 3442 1562
v 617 1968 961
v 618 1094 509
v 619 629 303
v 620 1144 591
v 621 1051 627
v 622 775 346
v 623 1118 583
v 624 1074 527
v 625 625 302
v 626 1011 547
v 631 1192 617
v 632 525 274
v 633 988 490
v 635 1708 922
v 638 723 390
v 640 1699 856
v 641 733 357
v 643 793 432
v 647 1788 811
v 648 1159 625
v 649 698 373
v 650 321 184
v 657 625 324
v 667 246 127
v 772 73 40
v 773 333 152
v 774 455 247
v 775 380 182
v 776 371 172
v 777 265 141
v 778 89 55
v 779 196 105
v 780 348 147
v 781 59 30
v 782 745 366
v 783 164 88
v 784 86 52
v 785 114 60
v 786 214 106
v 787 173 99
v 788 217 106
v 789 398 207
v 790 282 147
v 791 108 56
v 793 391 206
v 794 630 315
v 795 442 217
v 796 156 81
v 797 388 176
v 798 410 210
v 799 249 122
v 800 103 49
v 801 77 41
v 802 111 61
v 803 467 240
v 804 381 191
v 805 117 70
v 806 36 17
v 807 187 99
v 808 143 79
v 809 159 90
v 810 314 149
v 811 134 81
v 812 275 148
v 813 93 48
v 814 111 52
v 815 159 99
v 816 273 146
v 817 294 140
v 818 120 56
v 819 48 20
v 820 43 18
v 821 202 118
v 822 279 152
v 823 99 46
v 824 112 66
v 825 52 23
v 826 41 20
v 827 81 46
v 828 165 86
v 829 48 34
v 830 151 81
v 831 132 74
v 832 200 107
v 833 22 12
v 834 7 4
v 835 231 103
v 836 205 107
v 837 111 60
v 838 184 95
v 839 378 172
v 840 76 49
v 841 57 28
v 842 448 204
v 843 254 119
v 844 292 148
v 845 32 20
v 846 54 24
v 847 51 31
v 848 55 29
v 849 94 48
v 850 50 21
v 851 66 36
v 852 381 175
v 853 360 176
v 854 486 243
v 855 211 112
v 856 248 122
v 857 25 13
v 858 101 48
v 859 106 58
v 860 34 15
v 861 299 134
v 862 63 33
v 863 36 13
v 864 112 69
v 865 241 123
v 866 86 45
v 867 133 70
v 868 118 68
v 869 292 139
v 870 70 31
v 871 25 14
v 872 383 198
v 873 298 163
v 874 139 70
v 875 88 47
v 876 118 56
v 877 218 121
v 878 114 64
v 879 145 83
v 880 165 70
v 881 128 60
v 882 99 55
v 887 171 87
v 888 68 37
v 889 150 68
v 891 246 129
v 894 103 61
v 896 246 124
v 897 94 55
v 899 128 71
v 903 222 106
v 904 160 88
v 905 102 52
v 906 51 25
v 913 81 39
v 923 42 24
v 1029 477 238
v 1030 529 289
v 1031 473 249
v 1032 558 252
v 1033 351 182
v 1034 114 64
v 1035 311 178
v 1036 410 211
v 1037 92 63
v 1038 876 443
v 1039 234 127
v 1040 129 68
v 1041 175 94
v 1042 271 152
v 1043 185 106
v 1044 314 168
v 1045 664 355
v 1046 399 216
v 1047 157 75
v 1049 537 283
v 1050 871 472
v 1051 651 318
v 1052 235 127
v 1053 457 262
v 1054 529 262
v 1055 323 169
v 1056 215 118
v 1057 105 59
v 1058 132 72
v 1059 701 362
v 1060 504 280
v 1061 184 106
v 1062 53 30
v 1063 283 159
v 1064 214 109
v 1065 250 138
v 1066 447 204
v 1067 200 114
v 1068 432 210
v 1069 130 72
v 1070 164 84
v 1071 261 131
v 1072 330 154
v 1073 337 184
v 1074 135 64
v 1075 84 44
v 1076 58 35
v 1077 308 171
v 1078 480 254
v 1079 167 85
v 1080 166 84
v 1081 55 28
v 1082 76 41
v 1083 112 62
v 1084 236 124
v 1085 65 35
v 1086 229 115
v 1087 236 133
v 1088 296 150
v 1089 23 18
v 1090 11 5
v 1091 280 139
v 1092 258 120
v 1093 121 61
v 1094 221 131
v 1095 633 309
v 1096 100 58
v 1097 88 47
v 1098 581 279
v 1099 369 204
v 1100 301 143
v 1101 33 21
v 1102 48 28
v 1103 47 28
v 1104 78 49
v 1105 129 61
v 1106 60 29
v 1107 87 51
v 1108 547 254
v 1109 489 247
v 1110 593 332
v 1111 244 133
v 1112 298 127
v 1113 41 23
v 1114 137 73
v 1115 99 50
v 1116 36 21
v 1117 818 439
v 1118 103 40
v 1119 96 52
v 1120 224 136
v 1121 304 164
v 1122 121 79
v 1123 252 125
v 1124 157 93
v 1125 370 180
v 1126 97 51
v 1127 28 16
v 1128 576 279
v 1129 352 175
v 1130 171 92
v 1131 124 65
v 1132 187 96
v 1133 180 101
v 1134 146 80
v 1135 148 74
v 1136 181 97
v 1137 107 51
v 1138 140 70
v 1143 187 100
v 1144 144 93
v 1145 177 83
v 1147 342 187
v 1150 122 65
v 1152 296 160
v 1153 120 62
v 1155 134 75
v 1159 273 149
v 1160 173 93
v 1161 110 60
v 1162 75 44
v 1169 104 59
v 1179 52 32
v 1286 2873 1580
v 1287 2283 1147
v 1288 2991 1402
v 1289 1780 914
v 1290 467 242
v 1291 1369 760
v 1292 1445 746
v 1293 405 214
v 1294 4464 2108
v 1295 988 517
v 1296 549 298
v 1297 705 382
v 1298 1477 696
v 1299 1012 608
v 1300 1508 751
v 1301 2590 1358
v 1302 2038 1055
v 1303 697 337
v 1305 2332 1270
v 1306 4074 2134
v 1307 2955 1465
v 1308 960 496
v 1309 2254 1208
v 1310 2641 1245
v 1311 1678 833
v 1312 861 418
v 1313 479 200
v 1314 589 315
v 1315 3087 1575
v 1316 2299 1212
v 1317 867 456
v 1318 232 136
v 1319 1395 751
v 1320 1008 503
v 1321 1181 611
v 1322 1845 871
v 1323 867 476
v 1324 1940 957
v 1325 592 288
v 1326 649 377
v 1327 1129 595
v 1328 1604 787
v 1329 1714 842
v 1330 678 350
v 1331 371 209
v 1332 320 150
v 1333 1457 847
v 1334 2164 1074
v 1335 626 356
v 1336 617 290
v 1337 255 124
v 1338 336 190
v 1339 551 311
v 1340 1055 531
v 1341 256 141
v 1342 949 491
v 1343 732 396
v 1344 1293 703
v 1345 100 59
v 1346 56 27
v 1347 1266 623
v 1348 1401 716
v 1349 730 401
v 1350 949 509
v 1351 2474 1186
v 1352 539 313
v 1353 348 187
v 1354 2547 1311
v 1355 1647 839
v 1356 1730 828
v 1357 137 62
v 1358 268 122
v 1359 237 140
v 1360 378 187
v 1361 671 355
v 1362 221 112
v 1363 459 251
v 1364 2700 1371
v 1365 2247 1148
v 1366 3300 1615
v 1367 1410 706
v 1368 1647 806
v 1369 140 72
v 1370 580 299
v 1371 454 255
v 1372 160 90
v 1373 2054 1119
v 1374 327 183
v 1375 316 170
v 1376 903 495
v 1377 1448 768
v 1378 547 337
v 1379 916 477
v 1380 792 417
v 1381 1797 932
v 1382 389 178
v 1383 108 57
v 1384 2675 1262
v 1385 1754 914
v 1386 846 446
v 1387 548 266
v 1388 927 480
v 1389 895 532
v 1390 646 307
v 1391 752 427
v 1392 881 478
v 1393 508 245
v 1394 631 338
v 1399 1026 528
v 1400 449 247
v 1401 909 432
v 1403 1605 881
v 1406 538 280
v 1408 1338 697
v 1409 562 309
v 1411 625 319
v 1415 1394 636
v 1416 890 476
v 1417 557 313
v 1418 336 184
v 1425 499 281
v 1435 219 116
v 1543 2718 1241
v 1544 4018 1727
v 1545 2312 1039
v 1546 611 302
v 1547 1750 942
v 1548 2371 989
v 1549 465 239
v 1550 5102 2199
v 1551 1307 592
v 1552 569 256
v 1553 972 458
v 1554 1962 802
v 1555 1232 652
v 1556 1801 795
v 1557 3413 1649
v 1558 2465 1116
v 1559 757 353
v 1561 2936 1394
v 1562 4716 2239
v 1563 3277 1458
v 1564 1219 589
v 1565 3161 1399
v 1566 3253 1370
v 1567 2080 904
v 1568 934 441
v 1569 616 268
v 1570 786 395
v 1571 3817 1665
v 1572 3076 1499
v 1573 1141 523
v 1574 319 170
v 1575 1711 825
v 1576 1313 583
v 1577 1556 719
v 1578 2366 920
v 1579 1170 599
v 1580 2809 1299
v 1581 761 346
v 1582 806 383
v 1583 1548 732
v 1584 2349 1090
v 1585 2461 1025
v 1586 858 387
v 1587 417 182
v 1588 350 142
v 1589 1856 948
v 1590 2968 1313
v 1591 800 353
v 1592 814 355
v 1593 402 187
v 1594 463 224
v 1595 717 382
v 1596 1301 571
v 1597 346 172
v 1598 1227 565
v 1599 917 486
v 1600 1469 711
v 1601 140 71
v 1602 52 19
v 1603 2402 942
v 1604 1690 727
v 1605 892 412
v 1606 1222 595
v 1607 2910 1265
v 1608 625 313
v 1609 448 223
v 1610 3389 1479
v 1611 1920 863
v 1612 2277 882
v 1613 204 90
v 1614 333 142
v 1615 311 154
v 1616 472 236
v 1617 753 335
v 1618 260 103
v 1619 535 288
v 1620 3017 1317
v 1621 2831 1223
v 1622 3912 1804
v 1623 1638 739
v 1624 1896 817
v 1625 176 89
v 1626 755 339
v 1627 615 298
v 1628 218 96
v 1629 2657 1284
v 1630 442 198
v 1631 423 207
v 1632 1192 532
v 1633 1834 777
v 1634 811 424
v 1635 1324 645
v 1636 793 371
v 1637 2071 947
v 1638 485 220
v 1639 130 64
v 1640 3023 1299
v 1641 2174 1031
v 1642 1089 485
v 1643 683 282
v 1644 1198 571
v 1645 1370 743
v 1646 884 387
v 1647 985 476
v 1648 1201 541
v 1649 743 323
v 1650 885 427
v 1655 1310 584
v 1656 548 281
v 1657 1200 492
v 1659 2089 1007
v 1662 765 358
v 1664 1794 823
v 1665 680 295
v 1667 842 383
v 1671 1686 716
v 1672 1163 578
v 1673 694 334
v 1674 447 219
v 1681 612 306
v 1691 226 108
v 1800 2896 1291
v 1801 1869 919
v 1802 455 238
v 1803 1398 794
v 1804 1853 941
v 1805 455 261
v 1806 4052 2039
v 1807 961 493
v 1808 573 291
v 1809 756 418
v 1810 1596 759
v 1811 1100 634
v 1812 1474 709
v 1813 2682 1390
v 1814 2004 972
v 1815 694 357
v 1817 2376 1254
v 1818 3954 2042
v 1819 2954 1394
v 1820 1073 566
v 1821 2406 1165
v 1822 2650 1276
v 1823 1568 738
v 1824 694 337
v 1825 543 296
v 1826 702 382
v 1827 3046 1470
v 1828 2506 1255
v 1829 891 451
v 1830 259 164
v 1831 1416 732
v 1832 948 467
v 1833 1246 637
v 1834 1904 837
v 1835 880 456
v 1836 2001 947
v 1837 562 280
v 1838 801 419
v 1839 1106 555
v 1840 1745 851
v 1841 1966 925
v 1842 638 308
v 1843 445 211
v 1844 312 147
v 1845 1653 901
v 1846 2378 1110
v 1847 601 308
v 1848 592 285
v 1849 299 123
v 1850 306 164
v 1851 554 289
v 1852 1109 514
v 1853 312 182
v 1854 944 457
v 1855 745 418
v 1856 1228 639
v 1857 98 56
v 1858 63 33
v 1859 1363 611
v 1860 1477 716
v 1861 805 430
v 1862 1039 527
v 1863 2612 1231
v 1864 558 296
v 1865 359 183
v 1866 2936 1467
v 1867 1603 747
v 1868 1779 781
v 1869 175 96
v 1870 313 155
v 1871 302 155
v 1872 379 197
v 1873 726 351
v 1874 239 124
v 1875 429 217
v 1876 2563 1324
v 1877 2307 1162
v 1878 3528 1747
v 1879 1370 650
v 1880 1633 764
v 1881 133 66
v 1882 652 332
v 1883 491 256
v 1884 200 92
v 1885 2141 1099
v 1886 373 185
v 1887 349 189
v 1888 981 487
v 1889 1694 866
v 1890 716 366
v 1891 879 458
v 1892 868 457
v 1893 1723 835
v 1894 360 194
v 1895 114 49
v 1896 2661 1280
v 1897 1740 841
v 1898 1071 527
v 1899 621 305
v 1900 1022 525
v 1901 872 483
v 1902 681 327
v 1903 754 388
v 1904 943 444
v 1905 561 249
v 1906 722 380
v 1911 1074 573
v 1912 457 245
v 1913 913 399
v 1915 1685 852
v 1918 636 332
v 1920 1581 799
v 1921 666 352
v 1923 753 388
v 1927 1406 645
v 1928 949 530
v 1929 563 290
v 1930 317 165
v 1937 509 259
v 1947 202 104
v 2057 2191 1122
v 2058 624 313
v 2059 1655 1021
v 2060 2128 1046
v 2061 485 279
v 2062 5233 2681
v 2063 1301 667
v 2064 709 396
v 2065 878 488
v 2066 1921 991
v 2067 1250 741
v 2068 1878 946
v 2069 3326 1843
v 2070 2556 1376
v 2071 912 495
v 2073 2891 1614
v 2074 4688 2490
v 2075 3174 1551
v 2076 1311 722
v 2077 3088 1734
v 2078 3060 1546
v 2079 1952 1031
v 2080 1043 502
v 2081 619 326
v 2082 723 432
v 2083 3893 2075
v 2084 3027 1585
v 2085 1053 547
v 2086 291 159
v 2087 1750 934
v 2088 1359 774
v 2089 1643 845
v 2090 2654 1243
v 2091 1093 568
v 2092 2746 1409
v 2093 638 326
v 2094 837 449
v 2095 1550 921
v 2096 2108 1130
v 2097 2283 1175
v 2098 775 390
v 2099 530 292
v 2100 317 161
v 2101 2004 1193
v 2102 3154 1609
v 2103 818 410
v 2104 800 401
v 2105 319 161
v 2106 399 231
v 2107 648 357
v 2108 1324 651
v 2109 289 162
v 2110 1196 590
v 2111 916 506
v 2112 1624 917
v 2113 122 69
v 2114 59 27
v 2115 1883 932
v 2116 1774 913
v 2117 1006 560
v 2118 1508 806
v 2119 3054 1513
v 2120 724 420
v 2121 437 242
v 2122 3378 1815
v 2123 2093 1117
v 2124 2203 1079
v 2125 187 111
v 2126 330 183
v 2127 289 178
v 2128 471 238
v 2129 793 399
v 2130 225 116
v 2131 556 311
v 2132 3331 1730
v 2133 2696 1447
v 2134 3917 2096
v 2135 1805 977
v 2136 2131 1085
v 2137 154 81
v 2138 762 429
v 2139 538 269
v 2140 203 90
v 2141 3328 1809
v 2142 468 259
v 2143 518 276
v 2144 1171 659
v 2145 1901 1092
v 2146 746 432
v 2147 1138 654
v 2148 858 459
v 2149 2225 1209
v 2150 500 252
v 2151 133 70
v 2152 3065 1483
v 2153 2340 1231
v 2154 1110 599
v 2155 742 410
v 2156 1323 784
v 2157 1194 700
v 2158 1041 553
v 2159 788 420
v 2160 965 489
v 2161 627 346
v 2162 938 536
v 2167 1307 715
v 2168 582 324
v 2169 1030 530
v 2171 1944 1118
v 2174 773 379
v 2176 1930 1015
v 2177 816 451
v 2179 750 410
v 2183 1705 844
v 2184 1179 646
v 2185 673 367
v 2186 460 255
v 2193 592 349
v 2203 233 139
v 2314 367 203
v 2315 1022 594
v 2316 1332 641
v 2317 348 188
v 2318 3567 1810
v 2319 802 426
v 2320 407 226
v 2321 664 350
v 2322 1179 562
v 2323 759 427
v 2324 1095 556
v 2325 2163 1159
v 2326 1710 850
v 2327 464 240
v 2329 1819 976
v 2330 3086 1586
v 2331 2085 1061
v 2332 843 452
v 2333 1869 961
v 2334 1904 938
v 2335 1237 618
v 2336 608 316
v 2337 377 179
v 2338 488 233
v 2339 2272 1181
v 2340 1959 947
v 2341 689 352
v 2342 145 78
v 2343 1121 609
v 2344 792 429
v 2345 896 494
v 2346 1450 632
v 2347 679 363
v 2348 1395 716
v 2349 472 253
v 2350 491 276
v 2351 853 448
v 2352 1291 661
v 2353 1556 764
v 2354 489 269
v 2355 310 167
v 2356 232 104
v 2357 1174 672
v 2358 1608 757
v 2359 575 283
v 2360 484 231
v 2361 238 109
v 2362 266 144
v 2363 361 206
v 2364 790 395
v 2365 184 102
v 2366 894 398
v 2367 582 301
v 2368 927 475
v 2369 95 54
v 2370 28 9
v 2371 1065 528
v 2372 1103 556
v 2373 641 333
v 2374 684 348
v 2375 1964 937
v 2376 421 228
v 2377 279 160
v 2378 2120 1085
v 2379 1247 669
v 2380 1484 686
v 2381 112 58
v 2382 204 104
v 2383 194 110
v 2384 279 129
v 2385 449 221
v 2386 148 71
v 2387 355 195
v 2388 2042 1039
v 2389 1682 852
v 2390 2621 1334
v 2391 1086 543
v 2392 1374 640
v 2393 118 54
v 2394 389 192
v 2395 341 168
v 2396 144 61
v 2397 1751 940
v 2398 283 129
v 2399 246 127
v 2400 739 379
v 2401 1207 623
v 2402 484 275
v 2403 609 335
v 2404 593 320
v 2405 1358 687
v 2406 289 148
v 2407 75 34
v 2408 2022 986
v 2409 1374 670
v 2410 839 423
v 2411 520 279
v 2412 798 421
v 2413 764 403
v 2414 569 286
v 2415 592 302
v 2416 762 381
v 2417 344 176
v 2418 548 307
v 2423 876 476
v 2424 341 199
v 2425 676 333
v 2427 1213 660
v 2430 484 253
v 2432 1106 588
v 2433 458 240
v 2435 492 236
v 2439 999 464
v 2440 722 379
v 2441 433 233
v 2442 287 137
v 2449 341 199
v 2459 183 105
v 2571 338 186
v 2572 356 161
v 2573 87 44
v 2574 979 458
v 2575 232 130
v 2576 122 59
v 2577 134 75
v 2578 276 133
v 2579 201 117
v 2580 300 140
v 2581 558 271
v 2582 332 166
v 2583 149 75
v 2585 486 255
v 2586 686 333
v 2587 552 270
v 2588 200 96
v 2589 526 270
v 2590 567 293
v 2591 358 163
v 2592 164 70
v 2593 129 53
v 2594 184 90
v 2595 644 348
v 2596 452 219
v 2597 198 94
v 2598 55 28
v 2599 292 149
v 2600 199 96
v 2601 253 125
v 2602 411 180
v 2603 175 85
v 2604 388 184
v 2605 135 73
v 2606 166 84
v 2607 207 121
v 2608 464 212
v 2609 386 180
v 2610 196 85
v 2611 86 47
v 2612 70 31
v 2613 361 227
v 2614 521 251
v 2615 143 75
v 2616 127 72
v 2617 68 34
v 2618 76 37
v 2619 131 65
v 2620 184 74
v 2621 93 31
v 2622 225 92
v 2623 176 79
v 2624 280 134
v 2625 27 19
v 2626 13 5
v 2627 286 137
v 2628 208 98
v 2629 135 55
v 2630 205 100
v 2631 609 304
v 2632 125 72
v 2633 83 42
v 2634 632 324
v 2635 272 133
v 2636 357 146
v 2637 42 19
v 2638 59 27
v 2639 71 43
v 2640 96 51
v 2641 128 60
v 2642 55 19
v 2643 95 51
v 2644 471 219
v 2645 514 286
v 2646 673 297
v 2647 298 128
v 2648 253 113
v 2649 35 13
v 2650 148 78
v 2651 141 71
v 2652 44 25
v 2653 475 216
v 2654 61 32
v 2655 63 34
v 2656 167 77
v 2657 381 204
v 2658 157 88
v 2659 187 112
v 2660 185 99
v 2661 351 154
v 2662 93 36
v 2663 27 12
v 2664 535 238
v 2665 371 158
v 2666 226 116
v 2667 143 71
v 2668 191 103
v 2669 266 136
v 2670 210 96
v 2671 201 90
v 2672 221 97
v 2673 161 55
v 2674 172 82
v 2679 229 113
v 2680 97 57
v 2681 187 90
v 2683 361 181
v 2686 154 80
v 2688 323 162
v 2689 138 69
v 2691 173 89
v 2695 362 173
v 2696 252 125
v 2697 129 68
v 2698 82 48
v 2705 109 51
v 2715 46 23
v 2828 1073 420
v 2829 249 111
v 2830 2485 1038
v 2831 544 230
v 2832 319 165
v 2833 456 213
v 2834 923 384
v 2835 579 292
v 2836 872 378
v 2837 1605 707
v 2838 1171 509
v 2839 432 197
v 2841 1540 706
v 2842 2392 1044
v 2843 1657 685
v 2844 567 238
v 2845 1440 617
v 2846 1594 651
v 2847 973 388
v 2848 480 210
v 2849 306 117
v 2850 491 217
v 2851 1878 785
v 2852 1529 641
v 2853 503 240
v 2854 146 76
v 2855 774 349
v 2856 615 250
v 2857 664 290
v 2858 1092 392
v 2859 565 252
v 2860 1180 515
v 2861 371 165
v 2862 481 221
v 2863 711 314
v 2864 1182 490
v 2865 1107 454
v 2866 481 196
v 2867 232 101
v 2868 192 83
v 2869 922 491
v 2870 1397 542
v 2871 382 185
v 2872 367 181
v 2873 208 96
v 2874 187 92
v 2875 349 177
v 2876 647 252
v 2877 197 82
v 2878 570 230
v 2879 480 212
v 2880 718 345
v 2881 68 28
v 2882 26 12
v 2883 835 349
v 2884 866 362
v 2885 420 198
v 2886 665 282
v 2887 1413 541
v 2888 302 145
v 2889 230 101
v 2890 1889 799
v 2891 885 388
v 2892 1102 436
v 2893 89 34
v 2894 164 54
v 2895 149 71
v 2896 236 121
v 2897 408 195
v 2898 125 51
v 2899 253 118
v 2900 1521 637
v 2901 1468 615
v 2902 1965 853
v 2903 723 308
v 2904 896 363
v 2905 93 37
v 2906 448 195
v 2907 368 161
v 2908 129 51
v 2909 1200 536
v 2910 216 96
v 2911 196 89
v 2912 500 241
v 2913 935 418
v 2914 429 213
v 2915 640 300
v 2916 483 236
v 2917 1077 465
v 2918 228 102
v 2919 66 30
v 2920 1587 648
v 2921 1220 511
v 2922 576 274
v 2923 333 144
v 2924 514 220
v 2925 724 354
v 2926 451 181
v 2927 511 235
v 2928 574 227
v 2929 461 177
v 2930 431 215
v 2935 570 264
v 2936 254 134
v 2937 603 237
v 2939 921 420
v 2942 370 155
v 2944 911 379
v 2945 370 164
v 2947 428 184
v 2951 832 332
v 2952 614 287
v 2953 351 136
v 2954 212 91
v 2961 358 187
v 2971 122 62
v 3085 294 166
v 3086 3171 1643
v 3087 663 363
v 3088 419 201
v 3089 567 297
v 3090 2344 1076
v 3091 767 463
v 3092 1147 621
v 3093 1964 1104
v 3094 1386 739
v 3095 516 267
v 3097 1722 1006
v 3098 2920 1552
v 3099 2330 1274
v 3100 776 457
v 3101 1609 789
v 3102 1979 1013
v 3103 1211 612
v 3104 517 252
v 3105 379 201
v 3106 493 277
v 3107 2207 1242
v 3108 1761 848
v 3109 611 298
v 3110 219 130
v 3111 1006 559
v 3112 736 390
v 3113 831 434
v 3114 1607 816
v 3115 643 363
v 3116 1509 789
v 3117 460 227
v 3118 532 318
v 3119 839 512
v 3120 1772 908
v 3121 1472 722
v 3122 603 307
v 3123 301 174
v 3124 326 144
v 3125 1110 667
v 3126 1600 858
v 3127 463 229
v 3128 475 267
v 3129 241 113
v 3130 243 140
v 3131 406 244
v 3132 842 448
v 3133 220 124
v 3134 827 431
v 3135 586 358
v 3136 885 472
v 3137 97 58
v 3138 41 25
v 3139 988 523
v 3140 1023 576
v 3141 594 308
v 3142 741 418
v 3143 1872 958
v 3144 400 214
v 3145 240 116
v 3146 2220 1199
v 3147 1166 696
v 3148 1293 675
v 3149 153 89
v 3150 242 131
v 3151 201 133
v 3152 301 154
v 3153 564 304
v 3154 171 80
v 3155 382 227
v 3156 1994 1137
v 3157 1747 943
v 3158 2435 1224
v 3159 949 486
v 3160 1198 618
v 3161 138 78
v 3162 509 267
v 3163 447 206
v 3164 153 81
v 3165 1447 755
v 3166 470 237
v 3167 261 144
v 3168 613 313
v 3169 1170 632
v 3170 450 237
v 3171 661 351
v 3172 664 368
v 3173 1300 664
v 3174 300 158
v 3175 87 44
v 3176 2026 976
v 3177 1422 722
v 3178 838 439
v 3179 453 240
v 3180 575 283
v 3181 823 531
v 3182 563 279
v 3183 661 362
v 3184 766 424
v 3185 535 275
v 3186 489 289
v 3191 757 422
v 3192 328 186
v 3193 728 382
v 3195 1271 712
v 3198 427 233
v 3200 1066 536
v 3201 468 273
v 3203 525 292
v 3207 1074 545
v 3208 834 485
v 3209 455 238
v 3210 217 121
v 3217 411 227
v 3227 164 89
v 3342 734 351
v 3343 161 68
v 3344 97 48
v 3345 162 81
v 3346 307 136
v 3347 193 98
v 3348 273 136
v 3349 498 244
v 3350 319 150
v 3351 117 55
v 3353 439 210
v 3354 609 253
v 3355 457 209
v 3356 184 88
v 3357 434 196
v 3358 454 210
v 3359 282 121
v 3360 132 53
v 3361 101 37
v 3362 140 74
v 3363 481 223
v 3364 396 187
v 3365 143 66
v 3366 42 23
v 3367 379 201
v 3368 171 86
v 3369 216 103
v 3370 287 119
v 3371 137 72
v 3372 299 147
v 3373 112 53
v 3374 119 56
v 3375 191 83
v 3376 308 127
v 3377 310 126
v 3378 144 65
v 3379 70 36
v 3380 52 21
v 3381 290 140
v 3382 385 181
v 3383 153 63
v 3384 115 47
v 3385 59 28
v 3386 59 32
v 3387 95 52
v 3388 181 76
v 3389 47 21
v 3390 185 94
v 3391 134 77
v 3392 221 88
v 3393 19 12
v 3394 4 1
v 3395 238 100
v 3396 283 138
v 3397 152 75
v 3398 201 98
v 3399 513 216
v 3400 106 48
v 3401 59 24
v 3402 641 304
v 3403 227 109
v 3404 312 136
v 3405 29 12
v 3406 77 35
v 3407 53 23
v 3408 70 37
v 3409 102 49
v 3410 43 15
v 3411 78 39
v 3412 395 185
v 3413 378 170
v 3414 621 267
v 3415 255 105
v 3416 268 108
v 3417 22 11
v 3418 109 42
v 3419 87 38
v 3420 23 13
v 3421 412 186
v 3422 52 23
v 3423 74 32
v 3424 164 97
v 3425 327 150
v 3426 136 75
v 3427 154 84
v 3428 168 81
v 3429 290 138
v 3430 78 36
v 3431 21 8
v 3432 413 175
v 3433 365 156
v 3434 203 98
v 3435 98 40
v 3436 165 80
v 3437 182 94
v 3438 140 57
v 3439 180 73
v 3440 221 96
v 3441 87 38
v 3442 111 55
v 3447 200 98
v 3448 91 43
v 3449 170 78
v 3451 303 148
v 3454 157 81
v 3456 275 139
v 3457 124 56
v 3459 141 70
v 3463 275 119
v 3464 189 110
v 3465 99 49
v 3466 50 20
v 3473 91 40
v 3483 53 27
v 3599 1863 931
v 3600 927 497
v 3601 1461 759
v 3602 2978 1371
v 3603 1840 1046
v 3604 2781 1374
v 3605 4949 2633
v 3606 3680 1908
v 3607 1215 631
v 3609 4365 2391
v 3610 7647 3951
v 3611 5685 2830
v 3612 1944 951
v 3613 4803 2475
v 3614 5231 2547
v 3615 3292 1626
v 3616 1400 687
v 3617 982 477
v 3618 1261 700
v 3619 5238 2807
v 3620 4671 2433
v 3621 1814 892
v 3622 488 246
v 3623 2627 1406
v 3624 1948 1013
v 3625 2101 1153
v 3626 3809 1654
v 3627 1705 894
v 3628 3398 1728
v 3629 1070 560
v 3630 1193 646
v 3631 2185 1171
v 3632 3291 1679
v 3633 3588 1765
v 3634 1487 721
v 3635 752 390
v 3636 602 283
v 3637 2682 1560
v 3638 4569 2179
v 3639 1298 659
v 3640 1165 607
v 3641 547 276
v 3642 674 356
v 3643 1019 582
v 3644 1843 891
v 3645 537 296
v 3646 1988 943
v 3647 1517 801
v 3648 2409 1295
v 3649 193 110
v 3650 112 62
v 3651 2459 1212
v 3652 2759 1338
v 3653 1482 745
v 3654 2208 1083
v 3655 4699 2390
v 3656 987 519
v 3657 653 367
v 3658 5530 2750
v 3659 2773 1340
v 3660 3573 1676
v 3661 335 170
v 3662 585 288
v 3663 512 299
v 3664 752 387
v 3665 1345 647
v 3666 423 185
v 3667 785 427
v 3668 4930 2482
v 3669 4737 2337
v 3670 6514 3334
v 3671 2670 1303
v 3672 2859 1414
v 3673 315 162
v 3674 1277 644
v 3675 1156 603
v 3676 417 197
v 3677 4322 2224
v 3678 665 342
v 3679 745 343
v 3680 1788 967
v 3681 2811 1415
v 3682 1619 907
v 3683 1878 996
v 3684 1357 717
v 3685 3485 1757
v 3686 827 407
v 3687 206 100
v 3688 4710 2360
v 3689 3500 1757
v 3690 1822 925
v 3691 1213 625
v 3692 1768 971
v 3693 2082 1171
v 3694 1403 685
v 3695 1585 814
v 3696 1929 1004
v 3697 1149 548
v 3698 1461 792
v 3703 2118 1128
v 3704 913 484
v 3705 1891 862
v 3707 3300 1762
v 3710 1178 601
v 3712 2741 1418
v 3713 1090 575
v 3715 1385 714
v 3719 2925 1378
v 3720 1949 1048
v 3721 1109 581
v 3722 584 316
v 3729 1055 594
v 3739 361 196
v 3856 231 113
v 3857 363 190
v 3858 631 303
v 3859 411 248
v 3860 615 309
v 3861 1235 642
v 3862 947 470
v 3863 298 138
v 3865 984 546
v 3866 1610 824
v 3867 1106 521
v 3868 460 242
v 3869 1140 624
v 3870 994 460
v 3871 689 347
v 3872 390 189
v 3873 165 83
v 3874 202 100
v 3875 1453 731
v 3876 1098 533
v 3877 381 193
v 3878 83 50
v 3879 690 333
v 3880 445 209
v 3881 581 278
v 3882 896 387
v 3883 415 209
v 3884 758 376
v 3885 235 114
v 3886 274 151
v 3887 581 300
v 3888 670 329
v 3889 840 374
v 3890 255 134
v 3891 156 90
v 3892 113 50
v 3893 670 354
v 3894 989 490
v 3895 259 124
v 3896 278 136
v 3897 112 57
v 3898 144 79
v 3899 209 129
v 3900 466 212
v 3901 87 41
v 3902 425 195
v 3903 404 205
v 3904 580 299
v 3905 50 25
v 3906 26 14
v 3907 592 252
v 3908 609 307
v 3909 354 188
v 3910 394 210
v 3911 1074 503
v 3912 243 133
v 3913 165 82
v 3914 1097 528
v 3915 748 388
v 3916 782 356
v 3917 57 24
v 3918 121 58
v 3919 119 71
v 3920 147 87
v 3921 315 156
v 3922 90 38
v 3923 193 106
v 3924 1195 598
v 3925 985 499
v 3926 1407 753
v 3927 565 297
v 3928 717 341
v 3929 45 20
v 3930 224 115
v 3931 158 93
v 3932 71 34
v 3933 922 476
v 3934 137 72
v 3935 166 94
v 3936 458 251
v 3937 591 292
v 3938 273 135
v 3939 390 189
v 3940 301 167
v 3941 757 404
v 3942 191 105
v 3943 49 18
v 3944 1195 587
v 3945 633 291
v 3946 413 193
v 3947 222 113
v 3948 462 246
v 3949 317 172
v 3950 260 124
v 3951 290 174
v 3952 374 194
v 3953 193 93
v 3954 300 150
v 3959 422 204
v 3960 193 108
v 3961 373 185
v 3963 612 329
v 3966 235 103
v 3968 637 321
v 3969 243 124
v 3971 252 128
v 3975 508 240
v 3976 416 220
v 3977 208 118
v 3978 165 87
v 3985 178 104
v 3995 74 42
v 4113 184 94
v 4114 324 165
v 4115 253 147
v 4116 340 182
v 4117 592 326
v 4118 472 212
v 4119 177 77
v 4121 576 301
v 4122 953 484
v 4123 679 340
v 4124 269 134
v 4125 513 234
v 4126 647 285
v 4127 347 161
v 4128 183 90
v 4129 126 65
v 4130 149 80
v 4131 728 378
v 4132 593 306
v 4133 227 119
v 4134 61 30
v 4135 298 152
v 4136 256 133
v 4137 285 138
v 4138 465 189
v 4139 209 98
v 4140 508 225
v 4141 165 72
v 4142 178 95
v 4143 282 136
v 4144 384 186
v 4145 419 181
v 4146 135 60
v 4147 89 49
v 4148 62 23
v 4149 377 209
v 4150 495 213
v 4151 151 62
v 4152 136 66
v 4153 67 32
v 4154 69 34
v 4155 135 72
v 4156 245 102
v 4157 66 34
v 4158 188 81
v 4159 179 88
v 4160 304 146
v 4161 23 7
v 4162 13 8
v 4163 317 127
v 4164 312 153
v 4165 181 85
v 4166 272 130
v 4167 618 305
v 4168 123 78
v 4169 99 59
v 4170 666 328
v 4171 315 154
v 4172 393 191
v 4173 38 19
v 4174 59 24
v 4175 57 31
v 4176 77 50
v 4177 176 90
v 4178 54 21
v 4179 104 54
v 4180 662 313
v 4181 494 242
v 4182 760 378
v 4183 302 150
v 4184 349 155
v 4185 31 15
v 4186 149 73
v 4187 110 55
v 4188 33 19
v 4189 494 245
v 4190 96 44
v 4191 99 43
v 4192 216 104
v 4193 365 174
v 4194 146 68
v 4195 237 124
v 4196 170 82
v 4197 432 210
v 4198 78 33
v 4199 33 16
v 4200 668 316
v 4201 386 193
v 4202 215 113
v 4203 122 64
v 4204 228 118
v 4205 226 133
v 4206 157 72
v 4207 175 75
v 4208 230 106
v 4209 139 65
v 4210 169 81
v 4215 228 118
v 4216 114 53
v 4217 190 82
v 4219 348 180
v 4222 136 69
v 4224 319 163
v 4225 162 89
v 4227 154 67
v 4231 311 137
v 4232 217 114
v 4233 119 60
v 4234 68 27
v 4241 117 67
v 4251 37 15
v 4370 501 234
v 4371 347 178
v 4372 494 234
v 4373 888 443
v 4374 752 366
v 4375 221 85
v 4377 833 416
v 4378 1200 586
v 4379 832 358
v 4380 322 153
v 4381 751 362
v 4382 851 371
v 4383 544 250
v 4384 238 103
v 4385 186 90
v 4386 277 129
v 4387 1245 647
v 4388 769 365
v 4389 301 143
v 4390 84 44
v 4391 486 262
v 4392 390 193
v 4393 422 197
v 4394 628 266
v 4395 319 152
v 4396 612 278
v 4397 173 81
v 4398 222 114
v 4399 372 192
v 4400 576 275
v 4401 582 254
v 4402 244 107
v 4403 136 77
v 4404 98 41
v 4405 545 304
v 4406 775 369
v 4407 247 115
v 4408 235 113
v 4409 105 32
v 4410 116 47
v 4411 176 86
v 4412 348 147
v 4413 83 41
v 4414 350 162
v 4415 271 143
v 4416 408 197
v 4417 37 19
v 4418 14 5
v 4419 512 229
v 4420 549 257
v 4421 267 130
v 4422 331 156
v 4423 858 371
v 4424 189 101
v 4425 129 69
v 4426 1006 491
v 4427 419 183
v 4428 555 242
v 4429 56 27
v 4430 114 50
v 4431 111 63
v 4432 161 81
v 4433 194 91
v 4434 65 26
v 4435 153 70
v 4436 857 408
v 4437 752 358
v 4438 1111 542
v 4439 380 171
v 4440 455 197
v 4441 39 19
v 4442 257 126
v 4443 187 80
v 4444 60 22
v 4445 709 336
v 4446 127 58
v 4447 123 56
v 4448 334 158
v 4449 571 284
v 4450 226 106
v 4451 299 160
v 4452 268 131
v 4453 516 245
v 4454 147 70
v 4455 47 22
v 4456 879 398
v 4457 612 269
v 4458 352 162
v 4459 206 102
v 4460 319 152
v 4461 318 151
v 4462 228 104
v 4463 269 115
v 4464 332 154
v 4465 188 86
v 4466 249 125
v 4471 348 184
v 4472 186 96
v 4473 276 113
v 4475 548 277
v 4478 214 97
v 4480 565 272
v 4481 226 107
v 4483 250 125
v 4487 447 198
v 4488 291 138
v 4489 194 103
v 4490 91 43
v 4497 169 86
v 4507 65 42
v 4627 639 379
v 4628 916 433
v 4629 1713 947
v 4630 1300 708
v 4631 429 226
v 4633 1575 876
v 4634 2652 1417
v 4635 1692 832
v 4636 676 320
v 4637 1486 800
v 4638 1645 816
v 4639 1062 531
v 4640 503 279
v 4641 326 176
v 4642 401 203
v 4643 1964 1048
v 4644 1591 830
v 4645 594 331
v 4646 185 115
v 4647 945 528
v 4648 635 350
v 4649 754 425
v 4650 1269 585
v 4651 587 324
v 4652 1218 610
v 4653 350 173
v 4654 448 229
v 4655 752 395
v 4656 1135 593
v 4657 1292 639
v 4658 436 218
v 4659 272 157
v 4660 200 107
v 4661 968 595
v 4662 1509 737
v 4663 547 311
v 4664 394 185
v 4665 205 106
v 4666 208 113
v 4667 396 217
v 4668 779 387
v 4669 229 132
v 4670 636 283
v 4671 481 250
v 4672 809 437
v 4673 84 44
v 4674 43 29
v 4675 850 409
v 4676 948 458
v 4677 545 282
v 4678 717 380
v 4679 1721 831
v 4680 351 188
v 4681 250 130
v 4682 1839 956
v 4683 930 449
v 4684 1224 585
v 4685 138 70
v 4686 220 116
v 4687 160 90
v 4688 214 113
v 4689 643 356
v 4690 200 110
v 4691 266 135
v 4692 1623 794
v 4693 1441 764
v 4694 2167 1154
v 4695 991 541
v 4696 1167 594
v 4697 108 53
v 4698 403 225
v 4699 367 196
v 4700 154 56
v 4701 1495 782
v 4702 209 121
v 4703 285 125
v 4704 597 343
v 4705 1009 566
v 4706 442 230
v 4707 588 318
v 4708 524 290
v 4709 1260 696
v 4710 264 145
v 4711 83 35
v 4712 1772 843
v 4713 1135 576
v 4714 672 329
v 4715 413 233
v 4716 606 335
v 4717 659 359
v 4718 396 182
v 4719 494 260
v 4720 560 272
v 4721 376 179
v 4722 471 246
v 4727 694 381
v 4728 301 153
v 4729 605 314
v 4731 1056 620
v 4734 421 233
v 4736 1021 555
v 4737 409 249
v 4739 513 278
v 4743 940 471
v 4744 658 362
v 4745 382 219
v 4746 236 117
v 4753 341 200
v 4763 150 86
v 4884 683 270
v 4885 1214 547
v 4886 843 389
v 4887 308 131
v 4889 1025 488
v 4890 1871 805
v 4891 1323 560
v 4892 478 205
v 4893 1053 451
v 4894 1138 451
v 4895 710 280
v 4896 325 129
v 4897 268 118
v 4898 306 123
v 4899 1367 602
v 4900 1071 457
v 4901 385 165
v 4902 108 53
v 4903 625 286
v 4904 437 173
v 4905 508 250
v 4906 818 294
v 4907 394 162
v 4908 863 378
v 4909 254 108
v 4910 331 155
v 4911 484 218
v 4912 812 343
v 4913 888 346
v 4914 280 119
v 4915 194 91
v 4916 133 49
v 4917 670 321
v 4918 1121 436
v 4919 282 110
v 4920 288 124
v 4921 131 59
v 4922 153 74
v 4923 222 107
v 4924 484 192
v 4925 111 54
v 4926 420 153
v 4927 310 144
v 4928 523 242
v 4929 52 25
v 4930 23 9
v 4931 602 251
v 4932 641 262
v 4933 348 155
v 4934 507 233
v 4935 1141 484
v 4936 249 110
v 4937 173 79
v 4938 1350 565
v 4939 646 276
v 4940 811 328
v 4941 82 35
v 4942 140 60
v 4943 140 67
v 4944 175 76
v 4945 313 135
v 4946 89 25
v 4947 187 97
v 4948 1121 475
v 4949 927 386
v 4950 1532 660
v 4951 640 261
v 4952 718 286
v 4953 57 24
v 4954 265 116
v 4955 225 105
v 4956 85 39
v 4957 993 456
v 4958 164 75
v 4959 160 60
v 4960 416 199
v 4961 711 327
v 4962 379 176
v 4963 423 197
v 4964 403 197
v 4965 816 365
v 4966 191 87
v 4967 58 20
v 4968 1167 451
v 4969 832 337
v 4970 494 218
v 4971 263 101
v 4972 431 194
v 4973 489 261
v 4974 320 134
v 4975 343 163
v 4976 424 172
v 4977 244 104
v 4978 352 160
v 4983 441 199
v 4984 242 104
v 4985 418 167
v 4987 707 335
v 4990 311 148
v 4992 733 321
v 4993 305 146
v 4995 349 165
v 4999 591 260
v 5000 450 204
v 5001 282 136
v 5002 159 64
v 5009 242 115
v 5019 92 39
v 5141 1670 887
v 5142 1258 653
v 5143 431 218
v 5145 1519 869
v 5146 2553 1362
v 5147 1889 925
v 5148 673 384
v 5149 1483 736
v 5150 1671 825
v 5151 1081 525
v 5152 493 257
v 5153 321 157
v 5154 385 218
v 5155 2036 1102
v 5156 1562 771
v 5157 561 311
v 5158 145 77
v 5159 887 491
v 5160 609 316
v 5161 769 414
v 5162 1244 571
v 5163 593 316
v 5164 1284 653
v 5165 355 184
v 5166 449 243
v 5167 775 399
v 5168 1048 540
v 5169 1247 587
v 5170 454 224
v 5171 255 147
v 5172 181 91
v 5173 949 571
v 5174 1338 615
v 5175 412 210
v 5176 381 209
v 5177 179 90
v 5178 214 118
v 5179 322 191
v 5180 663 351
v 5181 207 106
v 5182 613 322
v 5183 475 250
v 5184 804 425
v 5185 78 43
v 5186 36 18
v 5187 919 426
v 5188 952 479
v 5189 499 268
v 5190 625 333
v 5191 1707 841
v 5192 317 181
v 5193 223 117
v 5194 1793 936
v 5195 966 504
v 5196 1071 547
v 5197 99 52
v 5198 166 80
v 5199 158 96
v 5200 226 138
v 5201 398 188
v 5202 141 67
v 5203 288 145
v 5204 1592 843
v 5205 1374 710
v 5206 2042 1020
v 5207 902 470
v 5208 1046 507
v 5209 108 54
v 5210 391 209
v 5211 314 177
v 5212 109 52
v 5213 1454 766
v 5214 212 119
v 5215 238 126
v 5216 617 336
v 5217 1049 568
v 5218 372 206
v 5219 671 356
v 5220 500 263
v 5221 1126 594
v 5222 244 126
v 5223 74 38
v 5224 1680 834
v 5225 1172 614
v 5226 607 324
v 5227 340 164
v 5228 596 296
v 5229 626 361
v 5230 404 184
v 5231 496 270
v 5232 571 273
v 5233 389 179
v 5234 452 245
v 5239 672 331
v 5240 294 151
v 5241 586 299
v 5243 1030 598
v 5246 396 200
v 5248 925 462
v 5249 387 199
v 5251 385 205
v 5255 879 427
v 5256 609 340
v 5257 375 211
v 5258 199 103
v 5265 328 199
v 5275 128 69
v 5398 2459 1183
v 5399 808 407
v 5401 2985 1594
v 5402 4702 2264
v 5403 3326 1497
v 5404 1085 534
v 5405 2751 1320
v 5406 2934 1360
v 5407 1829 815
v 5408 919 425
v 5409 588 254
v 5410 745 347
v 5411 3825 1882
v 5412 2934 1351
v 5413 1016 486
v 5414 293 149
v 5415 1725 859
v 5416 1163 591
v 5417 1466 698
v 5418 2203 976
v 5419 1049 544
v 5420 2265 1031
v 5421 707 323
v 5422 761 415
v 5423 1456 750
v 5424 2067 1004
v 5425 2281 1019
v 5426 779 365
v 5427 495 251
v 5428 383 185
v 5429 1796 952
v 5430 2418 1138
v 5431 782 401
v 5432 733 354
v 5433 321 143
v 5434 407 223
v 5435 642 344
v 5436 1173 535
v 5437 307 144
v 5438 1176 528
v 5439 963 481
v 5440 1423 722
v 5441 107 47
v 5442 47 20
v 5443 1604 722
v 5444 1636 783
v 5445 944 480
v 5446 1120 561
v 5447 3063 1356
v 5448 672 360
v 5449 421 215
v 5450 3242 1522
v 5451 1832 896
v 5452 2112 917
v 5453 167 78
v 5454 337 151
v 5455 317 170
v 5456 465 239
v 5457 738 346
v 5458 216 96
v 5459 539 290
v 5460 3011 1399
v 5461 2546 1271
v 5462 3887 1892
v 5463 1624 791
v 5464 1883 829
v 5465 163 77
v 5466 706 349
v 5467 548 263
v 5468 199 90
v 5469 2521 1271
v 5470 406 199
v 5471 421 202
v 5472 1217 578
v 5473 1805 890
v 5474 709 385
v 5475 1031 491
v 5476 922 448
v 5477 2107 1047
v 5478 441 196
v 5479 144 71
v 5480 3044 1411
v 5481 2051 923
v 5482 1164 546
v 5483 709 330
v 5484 1087 578
v 5485 1124 601
v 5486 862 400
v 5487 891 419
v 5488 1051 534
v 5489 612 284
v 5490 789 429
v 5495 1205 568
v 5496 577 311
v 5497 1046 474
v 5499 1805 974
v 5502 772 367
v 5504 1773 871
v 5505 722 350
v 5507 763 404
v 5511 1573 716
v 5512 1143 578
v 5513 649 333
v 5514 467 235
v 5521 562 290
v 5531 229 130
v 5655 613 293
v 5657 2256 1157
v 5658 3531 1756
v 5659 2586 1239
v 5660 928 483
v 5661 2002 1021
v 5662 2250 1032
v 5663 1387 654
v 5664 663 328
v 5665 428 201
v 5666 529 271
v 5667 3001 1574
v 5668 2085 1018
v 5669 788 391
v 5670 186 99
v 5671 1257 648
v 5672 992 504
v 5673 1079 529
v 5674 1705 717
v 5675 789 409
v 5676 1771 848
v 5677 577 293
v 5678 612 326
v 5679 1155 590
v 5680 1409 688
v 5681 1618 772
v 5682 508 249
v 5683 361 181
v 5684 242 124
v 5685 1335 784
v 5686 1934 864
v 5687 557 266
v 5688 529 261
v 5689 260 112
v 5690 261 137
v 5691 470 248
v 5692 971 456
v 5693 224 113
v 5694 992 445
v 5695 676 381
v 5696 1143 572
v 5697 75 40
v 5698 42 25
v 5699 1324 615
v 5700 1238 611
v 5701 709 364
v 5702 880 470
v 5703 2254 1063
v 5704 479 241
v 5705 310 168
v 5706 2447 1167
v 5707 1480 702
v 5708 1603 726
v 5709 153 77
v 5710 249 121
v 5711 230 125
v 5712 333 165
v 5713 619 285
v 5714 182 77
v 5715 415 229
v 5716 2387 1172
v 5717 1856 905
v 5718 2905 1463
v 5719 1205 565
v 5720 1464 712
v 5721 112 58
v 5722 520 272
v 5723 396 194
v 5724 146 65
v 5725 1831 955
v 5726 336 141
v 5727 322 159
v 5728 825 404
v 5729 1311 661
v 5730 528 314
v 5731 782 393
v 5732 709 361
v 5733 1643 838
v 5734 318 148
v 5735 83 37
v 5736 2299 1115
v 5737 1498 766
v 5738 838 419
v 5739 469 202
v 5740 846 424
v 5741 784 451
v 5742 531 264
v 5743 582 281
v 5744 745 366
v 5745 420 178
v 5746 626 366
v 5751 907 438
v 5752 399 195
v 5753 755 359
v 5755 1270 705
v 5758 544 270
v 5760 1267 628
v 5761 553 265
v 5763 574 302
v 5767 1152 522
v 5768 738 380
v 5769 475 276
v 5770 284 149
v 5777 418 227
v 5787 164 84
v 5913 749 402
v 5914 1236 645
v 5915 864 431
v 5916 324 164
v 5917 724 376
v 5918 796 393
v 5919 511 239
v 5920 223 108
v 5921 161 76
v 5922 180 94
v 5923 964 466
v 5924 800 396
v 5925 277 129
v 5926 76 47
v 5927 423 228
v 5928 283 148
v 5929 397 196
v 5930 560 264
v 5931 265 133
v 5932 595 304
v 5933 192 97
v 5934 228 131
v 5935 323 153
v 5936 529 272
v 5937 593 277
v 5938 218 104
v 5939 116 68
v 5940 110 49
v 5941 428 253
v 5942 701 318
v 5943 221 114
v 5944 171 81
v 5945 98 37
v 5946 101 56
v 5947 176 84
v 5948 305 141
v 5949 95 50
v 5950 270 128
v 5951 243 134
v 5952 407 186
v 5953 27 13
v 5954 13 5
v 5955 407 194
v 5956 429 200
v 5957 241 120
v 5958 381 196
v 5959 817 352
v 5960 183 101
v 5961 119 70
v 5962 950 449
v 5963 441 228
v 5964 546 245
v 5965 39 20
v 5966 71 38
v 5967 78 45
v 5968 104 54
v 5969 203 103
v 5970 51 21
v 5971 141 83
v 5972 826 417
v 5973 685 346
v 5974 952 481
v 5975 499 267
v 5976 482 241
v 5977 42 20
v 5978 203 91
v 5979 140 71
v 5980 61 36
v 5981 694 343
v 5982 109 56
v 5983 152 70
v 5984 290 144
v 5985 509 254
v 5986 209 114
v 5987 301 143
v 5988 304 168
v 5989 523 271
v 5990 119 58
v 5991 31 12
v 5992 860 419
v 5993 537 252
v 5994 278 144
v 5995 163 81
v 5996 272 133
v 5997 308 189
v 5998 205 103
v 5999 214 102
v 6000 249 122
v 6001 161 76
v 6002 240 122
v 6007 285 137
v 6008 154 84
v 6009 238 95
v 6011 413 202
v 6014 198 86
v 6016 449 210
v 6017 222 110
v 6019 205 97
v 6023 412 203
v 6024 295 150
v 6025 151 77
v 6026 100 56
v 6033 142 78
v 6043 66 29
v 6426 4184 1960
v 6427 2968 1371
v 6428 1059 501
v 6429 2454 1185
v 6430 2748 1214
v 6431 1611 705
v 6432 824 348
v 6433 550 219
v 6434 710 350
v 6435 3698 1680
v 6436 2747 1314
v 6437 887 408
v 6438 250 139
v 6439 1461 740
v 6440 1054 487
v 6441 1314 633
v 6442 2054 869
v 6443 1053 511
v 6444 2143 971
v 6445 665 320
v 6446 790 382
v 6447 1457 723
v 6448 1828 843
v 6449 2039 901
v 6450 715 306
v 6451 416 211
v 6452 308 145
v 6453 1487 792
v 6454 2272 996
v 6455 633 305
v 6456 650 297
v 6457 278 133
v 6458 338 163
v 6459 555 288
v 6460 1116 493
v 6461 266 135
v 6462 993 442
v 6463 810 396
v 6464 1311 645
v 6465 109 56
v 6466 52 24
v 6467 1490 649
v 6468 1458 657
v 6469 840 464
v 6470 1062 522
v 6471 2529 1086
v 6472 577 287
v 6473 389 189
v 6474 3124 1336
v 6475 1574 705
v 6476 2144 894
v 6477 189 89
v 6478 276 144
v 6479 282 140
v 6480 378 185
v 6481 730 342
v 6482 160 79
v 6483 453 225
v 6484 2638 1166
v 6485 2405 1127
v 6486 3373 1651
v 6487 1447 696
v 6488 1610 724
v 6489 157 78
v 6490 694 333
v 6491 518 249
v 6492 201 85
v 6493 2075 1010
v 6494 402 184
v 6495 386 162
v 6496 922 448
v 6497 1559 717
v 6498 635 334
v 6499 1003 514
v 6500 778 354
v 6501 1953 909
v 6502 386 175
v 6503 116 54
v 6504 2652 1141
v 6505 1943 954
v 6506 1005 518
v 6507 593 283
v 6508 1003 498
v 6509 998 530
v 6510 767 354
v 6511 761 378
v 6512 942 437
v 6513 691 297
v 6514 716 370
v 6519 1082 517
v 6520 516 260
v 6521 995 463
v 6523 1607 789
v 6526 661 304
v 6528 1607 756
v 6529 661 319
v 6531 687 325
v 6535 1441 667
v 6536 1032 508
v 6537 578 287
v 6538 349 191
v 6545 497 256
v 6555 206 105
v 6683 5213 2408
v 6684 1729 860
v 6685 4100 1976
v 6686 4636 2240
v 6687 2858 1298
v 6688 1376 642
v 6689 914 461
v 6690 1172 598
v 6691 5481 2679
v 6692 3747 1821
v 6693 1541 742
v 6694 420 236
v 6695 2264 1217
v 6696 1757 842
v 6697 2067 1108
v 6698 3222 1299
v 6699 1504 763
v 6700 3453 1693
v 6701 1147 533
v 6702 1304 663
v 6703 1923 1001
v 6704 2985 1472
v 6705 3275 1451
v 6706 1311 595
v 6707 761 381
v 6708 493 229
v 6709 2717 1568
v 6710 3848 1795
v 6711 1089 533
v 6712 1002 491
v 6713 564 269
v 6714 542 268
v 6715 941 532
v 6716 1916 912
v 6717 499 265
v 6718 1640 772
v 6719 1383 742
v 6720 2168 1098
v 6721 187 94
v 6722 93 43
v 6723 2426 1047
v 6724 2477 1170
v 6725 1230 632
v 6726 1852 941
v 6727 4596 2177
v 6728 1004 551
v 6729 653 330
v 6730 5118 2491
v 6731 2720 1336
v 6732 2978 1308
v 6733 327 155
v 6734 460 214
v 6735 453 230
v 6736 670 325
v 6737 1081 486
v 6738 350 155
v 6739 807 406
v 6740 4699 2271
v 6741 4005 2004
v 6742 6356 3062
v 6743 2439 1206
v 6744 2808 1332
v 6745 241 128
v 6746 1154 554
v 6747 897 458
v 6748 335 150
v 6749 3550 1787
v 6750 510 245
v 6751 566 285
v 6752 1597 793
v 6753 2838 1426
v 6754 1019 561
v 6755 1521 810
v 6756 1492 747
v 6757 3193 1624
v 6758 678 331
v 6759 193 95
v 6760 4538 2222
v 6761 3250 1548
v 6762 1627 769
v 6763 1042 539
v 6764 1543 777
v 6765 1610 894
v 6766 1230 560
v 6767 1339 690
v 6768 1643 796
v 6769 1047 470
v 6770 1288 681
v 6775 1809 906
v 6776 876 445
v 6777 1680 776
v 6779 2836 1487
v 6782 1078 557
v 6784 2758 1377
v 6785 1176 590
v 6787 1257 641
v 6791 2413 1085
v 6792 1711 841
v 6793 913 497
v 6794 570 320
v 6801 883 492
v 6811 331 184
v 6940 1100 602
v 6941 2980 1526
v 6942 3482 1686
v 6943 2097 1024
v 6944 933 478
v 6945 646 324
v 6946 793 441
v 6947 3967 2032
v 6948 3176 1550
v 6949 1160 567
v 6950 306 175
v 6951 1546 866
v 6952 1283 691
v 6953 1409 798
v 6954 2452 1100
v 6955 1102 578
v 6956 2415 1221
v 6957 753 377
v 6958 809 491
v 6959 1378 749
v 6960 2196 1073
v 6961 2277 1112
v 6962 915 454
v 6963 522 284
v 6964 368 162
v 6965 2040 1192
v 6966 2703 1289
v 6967 769 364
v 6968 749 403
v 6969 398 184
v 6970 355 182
v 6971 672 382
v 6972 1297 643
v 6973 309 170
v 6974 1139 581
v 6975 943 523
v 6976 1704 890
v 6977 130 69
v 6978 60 38
v 6979 1882 884
v 6980 1826 939
v 6981 866 437
v 6982 1234 694
v 6983 3211 1552
v 6984 660 384
v 6985 467 256
v 6986 3668 1830
v 6987 2016 1024
v 6988 1994 1026
v 6989 202 106
v 6990 372 187
v 6991 312 170
v 6992 479 249
v 6993 827 386
v 6994 289 135
v 6995 555 312
v 6996 3490 1782
v 6997 2810 1481
v 6998 4358 2269
v 6999 1774 949
v 7000 1752 896
v 7001 213 110
v 7002 765 401
v 7003 607 331
v 7004 205 97
v 7005 2643 1386
v 7006 463 231
v 7007 424 215
v 7008 1113 628
v 7009 1856 980
v 7010 697 394
v 7011 1262 705
v 7012 1048 550
v 7013 2259 1229
v 7014 544 260
v 7015 150 75
v 7016 3113 1527
v 7017 2331 1214
v 7018 1106 596
v 7019 730 407
v 7020 1125 640
v 7021 1273 681
v 7022 858 452
v 7023 929 500
v 7024 1130 575
v 7025 680 316
v 7026 871 473
v 7031 1282 672
v 7032 589 325
v 7033 1236 621
v 7035 1994 1076
v 7038 795 409
v 7040 1918 988
v 7041 817 434
v 7043 850 440
v 7047 1784 846
v 7048 1165 619
v 7049 652 376
v 7050 433 234
v 7057 586 331
v 7067 269 153
v 7197 1166 561
v 7198 1106 483
v 7199 677 329
v 7200 475 206
v 7201 198 88
v 7202 267 146
v 7203 1397 678
v 7204 1032 494
v 7205 394 200
v 7206 102 48
v 7207 594 340
v 7208 426 209
v 7209 491 258
v 7210 891 388
v 7211 385 194
v 7212 921 446
v 7213 250 125
v 7214 261 140
v 7215 495 245
v 7216 756 348
v 7217 896 376
v 7218 263 123
v 7219 176 82
v 7220 104 41
v 7221 653 376
v 7222 964 496
v 7223 291 141
v 7224 298 151
v 7225 157 69
v 7226 148 75
v 7227 259 139
v 7228 510 278
v 7229 125 57
v 7230 669 310
v 7231 382 200
v 7232 588 304
v 7233 41 30
v 7234 18 7
v 7235 567 267
v 7236 645 341
v 7237 313 149
v 7238 444 238
v 7239 1079 486
v 7240 210 112
v 7241 157 81
v 7242 1224 597
v 7243 716 323
v 7244 741 326
v 7245 75 39
v 7246 99 42
v 7247 92 52
v 7248 157 84
v 7249 327 146
v 7250 96 44
v 7251 230 131
v 7252 1113 511
v 7253 943 492
v 7254 1393 678
v 7255 595 303
v 7256 800 380
v 7257 81 30
v 7258 272 147
v 7259 211 115
v 7260 71 36
v 7261 984 476
v 7262 182 92
v 7263 203 95
v 7264 479 247
v 7265 692 341
v 7266 303 179
v 7267 487 259
v 7268 346 180
v 7269 778 398
v 7270 162 74
v 7271 63 38
v 7272 1245 579
v 7273 776 361
v 7274 425 200
v 7275 246 117
v 7276 455 227
v 7277 455 259
v 7278 272 116
v 7279 305 171
v 7280 313 149
v 7281 243 107
v 7282 345 182
v 7287 436 215
v 7288 213 113
v 7289 424 187
v 7291 634 316
v 7294 242 125
v 7296 645 351
v 7297 285 135
v 7299 300 144
v 7303 645 311
v 7304 388 207
v 7305 247 134
v 7306 151 72
v 7313 224 114
v 7323 78 46
v 7454 2545 1205
v 7455 1730 783
v 7456 726 318
v 7457 582 273
v 7458 699 338
v 7459 3125 1495
v 7460 2797 1312
v 7461 923 466
v 7462 246 124
v 7463 1462 791
v 7464 1028 509
v 7465 1038 521
v 7466 2099 987
v 7467 988 498
v 7468 1910 954
v 7469 610 275
v 7470 664 371
v 7471 1356 660
v 7472 1667 812
v 7473 2183 981
v 7474 728 331
v 7475 404 203
v 7476 314 135
v 7477 1501 820
v 7478 2434 1065
v 7479 749 345
v 7480 603 275
v 7481 302 136
v 7482 372 194
v 7483 541 295
v 7484 1238 562
v 7485 288 161
v 7486 1025 485
v 7487 723 351
v 7488 1276 679
v 7489 117 52
v 7490 66 32
v 7491 1398 650
v 7492 1447 683
v 7493 878 445
v 7494 1270 651
v 7495 2747 1326
v 7496 550 293
v 7497 369 186
v 7498 2800 1356
v 7499 1646 860
v 7500 2001 867
v 7501 190 97
v 7502 343 159
v 7503 243 130
v 7504 363 172
v 7505 647 338
v 7506 216 101
v 7507 456 238
v 7508 2730 1318
v 7509 2377 1136
v 7510 3482 1671
v 7511 1429 695
v 7512 1840 825
v 7513 130 71
v 7514 590 319
v 7515 510 225
v 7516 175 82
v 7517 2868 1355
v 7518 357 185
v 7519 338 175
v 7520 1092 557
v 7521 1777 871
v 7522 812 417
v 7523 1045 547
v 7524 863 425
v 7525 1903 983
v 7526 439 191
v 7527 133 55
v 7528 3010 1422
v 7529 1819 855
v 7530 995 511
v 7531 642 324
v 7532 1107 565
v 7533 993 575
v 7534 717 335
v 7535 797 408
v 7536 1006 486
v 7537 595 274
v 7538 726 353
v 7543 1111 513
v 7544 503 263
v 7545 990 437
v 7547 1637 839
v 7550 627 305
v 7552 1515 702
v 7553 686 349
v 7555 739 376
v 7559 1613 712
v 7560 1018 534
v 7561 692 348
v 7562 347 152
v 7569 460 243
v 7579 220 99
v 7711 1941 953
v 7712 928 452
v 7713 592 294
v 7714 668 363
v 7715 3603 1839
v 7716 2748 1415
v 7717 1094 571
v 7718 271 147
v 7719 1452 836
v 7720 1143 627
v 7721 1416 724
v 7722 2192 1051
v 7723 1070 595
v 7724 2343 1161
v 7725 717 379
v 7726 736 405
v 7727 1292 723
v 7728 1873 961
v 7729 1916 1000
v 7730 834 402
v 7731 459 262
v 7732 323 157
v 7733 1614 959
v 7734 2284 1196
v 7735 708 384
v 7736 706 390
v 7737 336 170
v 7738 367 213
v 7739 576 326
v 7740 1258 637
v 7741 352 181
v 7742 1051 498
v 7743 857 466
v 7744 1479 794
v 7745 113 60
v 7746 67 34
v 7747 1486 736
v 7748 1704 837
v 7749 793 454
v 7750 1201 626
v 7751 2899 1484
v 7752 534 291
v 7753 381 211
v 7754 3253 1690
v 7755 1849 954
v 7756 1867 899
v 7757 211 110
v 7758 308 135
v 7759 301 188
v 7760 432 247
v 7761 718 344
v 7762 213 100
v 7763 558 323
v 7764 3147 1639
v 7765 2645 1376
v 7766 3725 1928
v 7767 1587 809
v 7768 1746 850
v 7769 170 89
v 7770 694 369
v 7771 582 308
v 7772 210 96
v 7773 2276 1176
v 7774 463 243
v 7775 437 222
v 7776 962 568
v 7777 1736 902
v 7778 590 338
v 7779 1142 579
v 7780 898 528
v 7781 2133 1113
v 7782 498 266
v 7783 130 50
v 7784 3106 1545
v 7785 2145 1104
v 7786 1001 540
v 7787 645 339
v 7788 1020 540
v 7789 1106 654
v 7790 799 406
v 7791 961 521
v 7792 1068 572
v 7793 666 336
v 7794 780 441
v 7799 1119 595
v 7800 477 267
v 7801 1113 568
v 7803 1897 1027
v 7806 666 358
v 7808 1609 854
v 7809 738 414
v 7811 791 425
v 7815 1552 754
v 7816 1143 648
v 7817 660 375
v 7818 376 204
v 7825 613 338
v 7835 215 114
v 7968 538 273
v 7969 381 177
v 7970 442 241
v 7971 2104 1083
v 7972 1633 855
v 7973 618 321
v 7974 167 78
v 7975 984 524
v 7976 737 382
v 7977 745 402
v 7978 1352 647
v 7979 636 345
v 7980 1340 683
v 7981 403 190
v 7982 485 269
v 7983 834 445
v 7984 1190 637
v 7985 1323 640
v 7986 472 224
v 7987 290 157
v 7988 209 95
v 7989 974 566
v 7990 1459 758
v 7991 448 228
v 7992 425 210
v 7993 191 95
v 7994 214 125
v 7995 357 233
v 7996 799 401
v 7997 164 91
v 7998 659 324
v 7999 507 274
v 8000 920 502
v 8001 75 39
v 8002 35 20
v 8003 943 457
v 8004 991 504
v 8005 560 284
v 8006 685 360
v 8007 1798 963
v 8008 340 196
v 8009 210 122
v 8010 1999 996
v 8011 1074 566
v 8012 1302 630
v 8013 107 61
v 8014 208 99
v 8015 157 92
v 8016 279 137
v 8017 382 202
v 8018 127 51
v 8019 295 173
v 8020 1867 977
v 8021 1601 824
v 8022 2402 1235
v 8023 1046 557
v 8024 1090 533
v 8025 86 56
v 8026 457 252
v 8027 361 191
v 8028 122 59
v 8029 1462 791
v 8030 234 122
v 8031 264 140
v 8032 612 340
v 8033 1133 598
v 8034 409 232
v 8035 643 328
v 8036 555 304
v 8037 1284 694
v 8038 270 158
v 8039 80 38
v 8040 1772 926
v 8041 1215 627
v 8042 675 350
v 8043 423 213
v 8044 656 352
v 8045 597 356
v 8046 528 264
v 8047 608 311
v 8048 679 358
v 8049 408 201
v 8050 476 269
v 8055 777 386
v 8056 334 180
v 8057 669 330
v 8059 1219 673
v 8062 409 206
v 8064 1122 593
v 8065 413 236
v 8067 493 250
v 8071 995 473
v 8072 680 394
v 8073 393 217
v 8074 236 122
v 8081 341 183
v 8091 148 78
v 8225 174 93
v 8226 214 103
v 8227 1136 576
v 8228 833 439
v 8229 340 181
v 8230 70 39
v 8231 502 277
v 8232 358 201
v 8233 453 268
v 8234 731 328
v 8235 324 170
v 8236 717 380
v 8237 227 119
v 8238 233 143
v 8239 406 228
v 8240 550 270
v 8241 646 318
v 8242 225 120
v 8243 119 72
v 8244 102 50
v 8245 515 323
v 8246 690 359
v 8247 254 132
v 8248 266 145
v 8249 80 38
v 8250 113 70
v 8251 200 113
v 8252 347 183
v 8253 78 37
v 8254 342 176
v 8255 286 165
v 8256 401 210
v 8257 24 15
v 8258 23 12
v 8259 488 224
v 8260 492 250
v 8261 276 130
v 8262 329 186
v 8263 861 439
v 8264 187 110
v 8265 129 68
v 8266 961 530
v 8267 580 292
v 8268 588 297
v 8269 40 21
v 8270 83 38
v 8271 88 55
v 8272 132 70
v 8273 221 106
v 8274 79 30
v 8275 139 84
v 8276 912 450
v 8277 684 380
v 8278 1077 570
v 8279 444 217
v 8280 598 324
v 8281 48 23
v 8282 209 115
v 8283 152 84
v 8284 61 34
v 8285 775 436
v 8286 126 64
v 8287 146 61
v 8288 323 167
v 8289 466 249
v 8290 183 99
v 8291 301 158
v 8292 247 142
v 8293 665 377
v 8294 153 88
v 8295 46 21
v 8296 941 463
v 8297 512 241
v 8298 291 149
v 8299 174 93
v 8300 307 155
v 8301 290 163
v 8302 206 117
v 8303 266 143
v 8304 266 140
v 8305 187 95
v 8306 257 141
v 8311 355 182
v 8312 137 88
v 8313 271 146
v 8315 520 264
v 8318 194 107
v 8320 480 252
v 8321 203 114
v 8323 208 119
v 8327 414 211
v 8328 257 143
v 8329 163 82
v 8330 130 71
v 8337 159 95
v 8347 65 36
v 8482 178 76
v 8483 600 287
v 8484 518 255
v 8485 194 100
v 8486 59 42
v 8487 261 148
v 8488 206 96
v 8489 289 148
v 8490 432 175
v 8491 190 109
v 8492 437 221
v 8493 139 71
v 8494 151 85
v 8495 235 113
v 8496 412 202
v 8497 436 244
v 8498 172 86
v 8499 88 51
v 8500 71 36
v 8501 335 198
v 8502 444 241
v 8503 159 81
v 8504 151 80
v 8505 77 43
v 8506 83 46
v 8507 122 74
v 8508 235 126
v 8509 75 45
v 8510 222 119
v 8511 151 93
v 8512 271 142
v 8513 25 14
v 8514 20 16
v 8515 350 149
v 8516 315 162
v 8517 197 110
v 8518 212 118
v 8519 582 279
v 8520 201 113
v 8521 74 42
v 8522 677 344
v 8523 457 230
v 8524 427 199
v 8525 45 28
v 8526 81 31
v 8527 71 39
v 8528 94 47
v 8529 139 71
v 8530 47 23
v 8531 100 52
v 8532 546 282
v 8533 514 255
v 8534 712 331
v 8535 290 141
v 8536 346 184
v 8537 45 23
v 8538 146 75
v 8539 148 79
v 8540 46 25
v 8541 410 230
v 8542 100 52
v 8543 83 39
v 8544 191 105
v 8545 391 227
v 8546 128 66
v 8547 213 94
v 8548 208 104
v 8549 383 204
v 8550 82 44
v 8551 25 10
v 8552 595 274
v 8553 460 250
v 8554 222 110
v 8555 136 74
v 8556 179 104
v 8557 217 120
v 8558 166 82
v 8559 191 97
v 8560 218 107
v 8561 137 63
v 8562 171 98
v 8567 267 148
v 8568 128 73
v 8569 220 110
v 8571 365 186
v 8574 127 64
v 8576 338 175
v 8577 128 81
v 8579 200 104
v 8583 386 180
v 8584 246 138
v 8585 132 73
v 8586 68 32
v 8593 132 81
v 8603 51 29
v 8739 790 394
v 8740 651 317
v 8741 232 105
v 8742 93 48
v 8743 366 193
v 8744 244 125
v 8745 336 161
v 8746 481 203
v 8747 247 122
v 8748 518 247
v 8749 184 87
v 8750 212 131
v 8751 265 124
v 8752 560 266
v 8753 538 244
v 8754 232 106
v 8755 110 56
v 8756 111 44
v 8757 397 208
v 8758 598 268
v 8759 176 100
v 8760 187 81
v 8761 96 40
v 8762 98 59
v 8763 167 85
v 8764 322 157
v 8765 110 41
v 8766 311 154
v 8767 231 131
v 8768 282 151
v 8769 43 21
v 8770 24 14
v 8771 453 228
v 8772 371 171
v 8773 214 104
v 8774 300 148
v 8775 702 304
v 8776 136 76
v 8777 118 63
v 8778 1026 476
v 8779 374 176
v 8780 563 260
v 8781 76 41
v 8782 84 39
v 8783 87 63
v 8784 133 61
v 8785 201 81
v 8786 88 37
v 8787 133 61
v 8788 758 362
v 8789 659 310
v 8790 984 473
v 8791 328 158
v 8792 392 177
v 8793 55 32
v 8794 219 111
v 8795 204 90
v 8796 68 31
v 8797 568 290
v 8798 93 54
v 8799 83 45
v 8800 227 117
v 8801 461 234
v 8802 197 110
v 8803 259 127
v 8804 235 123
v 8805 468 218
v 8806 123 54
v 8807 38 22
v 8808 766 365
v 8809 614 300
v 8810 281 143
v 8811 175 80
v 8812 236 112
v 8813 319 176
v 8814 207 102
v 8815 299 147
v 8816 309 153
v 8817 252 101
v 8818 194 101
v 8823 354 172
v 8824 145 72
v 8825 285 131
v 8827 544 265
v 8830 200 98
v 8832 424 221
v 8833 185 96
v 8835 232 114
v 8839 402 178
v 8840 311 154
v 8841 196 97
v 8842 96 49
v 8849 168 85
v 8859 67 33
v 8996 3263 1688
v 8997 1254 651
v 8998 303 168
v 8999 2060 1082
v 9000 1504 796
v 9001 1760 912
v 9002 2623 1202
v 9003 1290 720
v 9004 3365 1600
v 9005 848 435
v 9006 873 503
v 9007 1848 981
v 9008 2076 988
v 9009 2487 1183
v 9010 948 494
v 9011 544 248
v 9012 349 182
v 9013 2152 1169
v 9014 2605 1213
v 9015 757 364
v 9016 872 401
v 9017 443 226
v 9018 421 213
v 9019 735 405
v 9020 1269 624
v 9021 350 162
v 9022 1218 551
v 9023 1093 545
v 9024 1735 930
v 9025 121 64
v 9026 68 34
v 9027 2730 1150
v 9028 1927 913
v 9029 935 482
v 9030 1413 736
v 9031 3094 1486
v 9032 735 412
v 9033 506 265
v 9034 3694 1774
v 9035 2200 1137
v 9036 2576 1191
v 9037 241 111
v 9038 324 136
v 9039 365 212
v 9040 473 250
v 9041 967 435
v 9042 312 132
v 9043 583 302
v 9044 3955 1920
v 9045 3079 1604
v 9046 4342 2231
v 9047 1795 950
v 9048 1838 838
v 9049 201 102
v 9050 811 414
v 9051 586 309
v 9052 239 111
v 9053 2861 1407
v 9054 397 214
v 9055 470 224
v 9056 1394 672
v 9057 1945 1002
v 9058 800 436
v 9059 1392 705
v 9060 946 487
v 9061 2538 1286
v 9062 552 272
v 9063 162 84
v 9064 3593 1662
v 9065 2312 1109
v 9066 1153 567
v 9067 659 312
v 9068 1295 696
v 9069 1057 636
v 9070 923 443
v 9071 936 490
v 9072 1186 614
v 9073 687 302
v 9074 960 516
v 9079 1356 698
v 9080 602 303
v 9081 1187 564
v 9083 1977 1050
v 9086 800 396
v 9088 1904 922
v 9089 828 422
v 9091 855 430
v 9095 1648 765
v 9096 1160 582
v 9097 739 361
v 9098 481 241
v 9105 638 359
v 9115 239 110
v 9253 935 460
v 9254 251 148
v 9255 1600 870
v 9256 1009 491
v 9257 1199 630
v 9258 2103 1026
v 9259 961 503
v 9260 2025 963
v 9261 654 288
v 9262 699 393
v 9263 1327 624
v 9264 1790 904
v 9265 2147 1104
v 9266 620 327
v 9267 440 248
v 9268 353 161
v 9269 1634 924
v 9270 2277 1128
v 9271 645 316
v 9272 728 395
v 9273 330 166
v 9274 396 229
v 9275 628 356
v 9276 1065 527
v 9277 251 136
v 9278 1048 505
v 9279 790 434
v 9280 1271 663
v 9281 111 72
v 9282 61 31
v 9283 1495 726
v 9284 1199 522
v 9285 879 440
v 9286 1053 581
v 9287 3006 1511
v 9288 588 320
v 9289 370 193
v 9290 2848 1428
v 9291 1586 758
v 9292 1898 880
v 9293 184 103
v 9294 250 117
v 9295 278 156
v 9296 411 232
v 9297 701 352
v 9298 244 110
v 9299 485 282
v 9300 2895 1448
v 9301 2409 1242
v 9302 3464 1703
v 9303 1367 683
v 9304 1726 798
v 9305 159 102
v 9306 613 301
v 9307 498 238
v 9308 199 89
v 9309 2228 1206
v 9310 386 187
v 9311 339 155
v 9312 1041 546
v 9313 1654 849
v 9314 645 391
v 9315 1018 550
v 9316 853 451
v 9317 1669 779
v 9318 428 218
v 9319 103 53
v 9320 2845 1360
v 9321 1765 924
v 9322 1060 539
v 9323 653 345
v 9324 1033 537
v 9325 981 547
v 9326 695 345
v 9327 675 342
v 9328 1008 576
v 9329 557 243
v 9330 713 423
v 9335 1071 529
v 9336 453 233
v 9337 862 409
v 9339 1604 870
v 9342 635 334
v 9344 1574 787
v 9345 692 386
v 9347 683 345
v 9351 1386 668
v 9352 1048 562
v 9353 623 325
v 9354 878 445
v 9361 514 293
v 9371 212 109
v 9510 90 49
v 9511 522 261
v 9512 440 220
v 9513 435 215
v 9514 732 358
v 9515 370 205
v 9516 891 417
v 9517 247 120
v 9518 206 108
v 9519 492 249
v 9520 673 321
v 9521 727 338
v 9522 261 141
v 9523 169 95
v 9524 104 57
v 9525 554 300
v 9526 812 393
v 9527 256 126
v 9528 222 102
v 9529 125 56
v 9530 119 63
v 9531 223 114
v 9532 404 195
v 9533 111 65
v 9534 376 177
v 9535 297 156
v 9536 497 256
v 9537 49 21
v 9538 18 9
v 9539 514 265
v 9540 558 253
v 9541 286 154
v 9542 440 227
v 9543 973 448
v 9544 201 119
v 9545 157 82
v 9546 1049 499
v 9547 635 326
v 9548 680 305
v 9549 77 47
v 9550 112 59
v 9551 80 49
v 9552 151 71
v 9553 248 133
v 9554 87 39
v 9555 161 93
v 9556 1138 605
v 9557 871 440
v 9558 1235 622
v 9559 501 250
v 9560 546 251
v 9561 49 29
v 9562 244 119
v 9563 185 85
v 9564 60 30
v 9565 807 385
v 9566 167 86
v 9567 177 82
v 9568 327 160
v 9569 579 289
v 9570 248 120
v 9571 423 221
v 9572 280 142
v 9573 706 359
v 9574 167 85
v 9575 40 20
v 9576 994 474
v 9577 715 369
v 9578 350 190
v 9579 212 96
v 9580 331 162
v 9581 347 216
v 9582 286 116
v 9583 313 147
v 9584 369 188
v 9585 220 97
v 9586 286 136
v 9591 372 187
v 9592 157 78
v 9593 341 159
v 9595 610 327
v 9598 203 107
v 9600 551 283
v 9601 212 103
v 9603 257 146
v 9607 518 240
v 9608 366 184
v 9609 208 99
v 9610 134 67
v 9617 215 112
v 9627 73 43
v 9767 141 66
v 9768 92 36
v 9769 106 56
v 9770 198 80
v 9771 80 44
v 9772 209 92
v 9773 62 25
v 9774 85 48
v 9775 116 54
v 9776 193 94
v 9777 200 85
v 9778 81 38
v 9779 47 28
v 9780 47 18
v 9781 179 92
v 9782 224 96
v 9783 63 27
v 9784 74 30
v 9785 38 23
v 9786 35 23
v 9787 67 34
v 9788 119 56
v 9789 51 32
v 9790 101 53
v 9791 79 31
v 9792 118 51
v 9793 14 6
v 9794 4 2
v 9795 144 63
v 9796 147 55
v 9797 96 47
v 9798 107 54
v 9799 311 135
v 9800 54 26
v 9801 49 30
v 9802 371 164
v 9803 180 72
v 9804 187 84
v 9805 27 13
v 9806 27 13
v 9807 32 19
v 9808 46 19
v 9809 61 22
v 9810 24 12
v 9811 55 27
v 9812 265 124
v 9813 237 101
v 9814 320 135
v 9815 165 66
v 9816 170 74
v 9817 25 9
v 9818 63 30
v 9819 70 37
v 9820 28 12
v 9821 213 100
v 9822 39 17
v 9823 34 13
v 9824 99 52
v 9825 166 82
v 9826 94 56
v 9827 118 60
v 9828 107 45
v 9829 203 92
v 9830 53 22
v 9831 15 9
v 9832 265 111
v 9833 195 89
v 9834 104 47
v 9835 58 22
v 9836 85 35
v 9837 117 65
v 9838 73 28
v 9839 89 35
v 9840 103 40
v 9841 85 40
v 9842 61 41
v 9847 120 58
v 9848 63 34
v 9849 106 46
v 9851 190 99
v 9854 65 27
v 9856 136 53
v 9857 67 31
v 9859 70 33
v 9863 175 77
v 9864 109 52
v 9865 70 34
v 9866 37 14
v 9873 51 26
v 9883 22 12
v 10024 656 325
v 10025 715 334
v 10026 1165 508
v 10027 582 285
v 10028 1101 505
v 10029 342 144
v 10030 403 192
v 10031 795 375
v 10032 929 413
v 10033 1235 538
v 10034 402 184
v 10035 260 100
v 10036 160 78
v 10037 957 505
v 10038 1270 565
v 10039 402 194
v 10040 356 164
v 10041 193 94
v 10042 211 105
v 10043 351 180
v 10044 581 249
v 10045 126 65
v 10046 609 257
v 10047 410 196
v 10048 722 352
v 10049 53 32
v 10050 24 13
v 10051 785 334
v 10052 856 393
v 10053 474 227
v 10054 567 260
v 10055 1556 702
v 10056 335 169
v 10057 204 99
v 10058 1666 756
v 10059 942 442
v 10060 1168 476
v 10061 98 47
v 10062 159 81
v 10063 153 90
v 10064 234 124
v 10065 386 175
v 10066 142 51
v 10067 262 127
v 10068 1555 718
v 10069 1360 645
v 10070 1962 942
v 10071 794 355
v 10072 970 424
v 10073 77 43
v 10074 364 196
v 10075 249 125
v 10076 99 38
v 10077 1465 696
v 10078 202 92
v 10079 212 91
v 10080 547 273
v 10081 944 438
v 10082 379 205
v 10083 491 234
v 10084 496 236
v 10085 1021 468
v 10086 226 105
v 10087 69 21
v 10088 1528 651
v 10089 1009 459
v 10090 652 284
v 10091 367 156
v 10092 588 301
v 10093 547 285
v 10094 396 166
v 10095 432 214
v 10096 598 286
v 10097 305 142
v 10098 443 234
v 10103 612 285
v 10104 302 149
v 10105 485 230
v 10107 989 528
v 10110 367 169
v 10112 883 448
v 10113 376 204
v 10115 339 156
v 10119 825 351
v 10120 535 280
v 10121 319 177
v 10122 198 99
v 10129 286 145
v 10139 106 47
v 10281 516 262
v 10282 845 384
v 10283 386 201
v 10284 855 412
v 10285 297 145
v 10286 266 146
v 10287 553 278
v 10288 646 316
v 10289 753 370
v 10290 303 151
v 10291 167 86
v 10292 119 56
v 10293 703 394
v 10294 967 483
v 10295 284 121
v 10296 317 164
v 10297 148 70
v 10298 139 78
v 10299 247 126
v 10300 448 226
v 10301 121 53
v 10302 426 205
v 10303 402 215
v 10304 587 291
v 10305 46 26
v 10306 25 13
v 10307 601 279
v 10308 639 324
v 10309 312 171
v 10310 384 215
v 10311 1114 564
v 10312 232 131
v 10313 163 97
v 10314 1087 519
v 10315 732 369
v 10316 749 342
v 10317 66 40
v 10318 107 59
v 10319 100 46
v 10320 125 58
v 10321 320 169
v 10322 92 56
v 10323 181 98
v 10324 1256 593
v 10325 988 527
v 10326 1328 658
v 10327 559 285
v 10328 657 314
v 10329 78 29
v 10330 276 160
v 10331 176 100
v 10332 62 33
v 10333 1061 503
v 10334 167 79
v 10335 176 82
v 10336 449 242
v 10337 640 300
v 10338 240 114
v 10339 484 255
v 10340 332 184
v 10341 815 391
v 10342 221 95
v 10343 46 25
v 10344 1274 520
v 10345 778 383
v 10346 376 196
v 10347 241 116
v 10348 450 213
v 10349 365 198
v 10350 323 168
v 10351 302 145
v 10352 380 197
v 10353 237 102
v 10354 283 155
v 10359 466 238
v 10360 181 97
v 10361 409 193
v 10363 677 371
v 10366 229 112
v 10368 631 322
v 10369 239 122
v 10371 245 123
v 10375 540 246
v 10376 358 189
v 10377 255 130
v 10378 146 69
v 10385 204 117
v 10395 88 46
v 10538 1073 450
v 10539 459 231
v 10540 1182 565
v 10541 304 161
v 10542 321 184
v 10543 641 325
v 10544 813 405
v 10545 895 442
v 10546 318 150
v 10547 218 111
v 10548 141 77
v 10549 780 449
v 10550 1141 548
v 10551 353 191
v 10552 300 146
v 10553 179 87
v 10554 153 84
v 10555 273 142
v 10556 503 220
v 10557 151 65
v 10558 470 219
v 10559 509 291
v 10560 679 352
v 10561 56 29
v 10562 27 16
v 10563 759 351
v 10564 682 327
v 10565 411 208
v 10566 607 295
v 10567 1460 666
v 10568 282 152
v 10569 208 102
v 10570 1272 617
v 10571 713 348
v 10572 970 456
v 10573 70 34
v 10574 115 58
v 10575 129 64
v 10576 201 92
v 10577 392 167
v 10578 101 46
v 10579 222 115
v 10580 1346 635
v 10581 1100 531
v 10582 1563 771
v 10583 652 319
v 10584 801 392
v 10585 70 32
v 10586 295 152
v 10587 253 134
v 10588 98 49
v 10589 1322 647
v 10590 166 77
v 10591 219 96
v 10592 486 236
v 10593 816 393
v 10594 339 184
v 10595 488 237
v 10596 435 225
v 10597 875 418
v 10598 223 113
v 10599 63 33
v 10600 1387 611
v 10601 905 446
v 10602 488 230
v 10603 278 147
v 10604 489 261
v 10605 474 242
v 10606 327 156
v 10607 370 182
v 10608 476 208
v 10609 274 115
v 10610 367 192
v 10615 539 275
v 10616 225 109
v 10617 433 210
v 10619 749 412
v 10622 325 162
v 10624 740 350
v 10625 396 220
v 10627 293 139
v 10631 662 307
v 10632 489 255
v 10633 296 171
v 10634 192 85
v 10641 265 134
v 10651 108 62
v 10795 789 458
v 10796 1677 890
v 10797 497 280
v 10798 551 334
v 10799 1002 573
v 10800 1370 768
v 10801 1630 856
v 10802 519 263
v 10803 307 186
v 10804 244 128
v 10805 1185 744
v 10806 1816 937
v 10807 493 247
v 10808 541 308
v 10809 251 129
v 10810 262 146
v 10811 475 307
v 10812 943 508
v 10813 212 112
v 10814 822 416
v 10815 661 381
v 10816 998 523
v 10817 85 52
v 10818 48 24
v 10819 1257 642
v 10820 1308 719
v 10821 776 482
v 10822 864 523
v 10823 2271 1232
v 10824 487 288
v 10825 320 174
v 10826 2090 1124
v 10827 1360 765
v 10828 1453 801
v 10829 158 89
v 10830 219 111
v 10831 220 136
v 10832 294 180
v 10833 601 316
v 10834 191 87
v 10835 355 215
v 10836 2346 1299
v 10837 1797 906
v 10838 2592 1405
v 10839 1148 669
v 10840 1383 769
v 10841 134 75
v 10842 475 240
v 10843 351 201
v 10844 133 67
v 10845 1870 1005
v 10846 351 208
v 10847 305 175
v 10848 852 488
v 10849 1298 768
v 10850 531 301
v 10851 861 465
v 10852 581 346
v 10853 1563 907
v 10854 340 180
v 10855 102 48
v 10856 2686 1503
v 10857 1615 901
v 10858 758 423
v 10859 453 254
v 10860 851 454
v 10861 781 482
v 10862 524 262
v 10863 581 308
v 10864 704 382
v 10865 471 243
v 10866 577 349
v 10871 857 464
v 10872 387 200
v 10873 741 433
v 10875 1278 761
v 10878 491 289
v 10880 1218 670
v 10881 481 283
v 10883 527 287
v 10887 1144 600
v 10888 774 475
v 10889 469 283
v 10890 246 143
v 10897 384 242
v 10907 136 69
v 11052 758 373
v 11053 245 120
v 11054 245 121
v 11055 505 266
v 11056 636 277
v 11057 763 359
v 11058 262 119
v 11059 153 77
v 11060 114 50
v 11061 550 296
v 11062 842 409
v 11063 248 133
v 11064 268 116
v 11065 138 67
v 11066 113 58
v 11067 249 132
v 11068 385 164
v 11069 107 47
v 11070 396 160
v 11071 291 149
v 11072 507 273
v 11073 37 21
v 11074 16 8
v 11075 533 228
v 11076 512 232
v 11077 330 165
v 11078 407 201
v 11079 953 419
v 11080 197 108
v 11081 150 86
v 11082 1114 484
v 11083 626 288
v 11084 720 334
v 11085 77 32
v 11086 116 52
v 11087 99 54
v 11088 135 76
v 11089 261 111
v 11090 71 32
v 11091 199 93
v 11092 1059 525
v 11093 853 389
v 11094 1218 585
v 11095 538 275
v 11096 655 298
v 11097 67 26
v 11098 240 113
v 11099 167 80
v 11100 63 26
v 11101 807 385
v 11102 144 67
v 11103 140 67
v 11104 374 189
v 11105 596 285
v 11106 272 142
v 11107 389 181
v 11108 303 149
v 11109 690 348
v 11110 164 78
v 11111 39 20
v 11112 1021 456
v 11113 681 336
v 11114 365 201
v 11115 230 117
v 11116 345 193
v 11117 385 199
v 11118 295 140
v 11119 301 147
v 11120 384 189
v 11121 215 91
v 11122 273 140
v 11127 391 189
v 11128 173 97
v 11129 370 180
v 11131 579 304
v 11134 221 113
v 11136 584 277
v 11137 243 119
v 11139 224 119
v 11143 523 222
v 11144 369 175
v 11145 223 112
v 11146 150 69
v 11153 174 99
v 11163 84 46
v 11309 509 244
v 11310 596 318
v 11311 1020 532
v 11312 1526 728
v 11313 1552 751
v 11314 588 299
v 11315 350 181
v 11316 250 121
v 11317 1463 881
v 11318 1890 923
v 11319 518 271
v 11320 579 315
v 11321 256 128
v 11322 290 172
v 11323 525 321
v 11324 898 478
v 11325 293 160
v 11326 793 367
v 11327 770 401
v 11328 1120 601
v 11329 115 69
v 11330 41 23
v 11331 1306 653
v 11332 1315 658
v 11333 577 299
v 11334 995 525
v 11335 2147 1002
v 11336 491 286
v 11337 316 184
v 11338 2343 1189
v 11339 1316 680
v 11340 1376 649
v 11341 140 67
v 11342 192 93
v 11343 236 134
v 11344 338 201
v 11345 692 355
v 11346 183 81
v 11347 442 245
v 11348 2262 1077
v 11349 1919 993
v 11350 2754 1424
v 11351 1124 585
v 11352 1135 531
v 11353 126 62
v 11354 527 264
v 11355 409 209
v 11356 166 77
v 11357 1832 892
v 11358 319 168
v 11359 413 202
v 11360 777 403
v 11361 1206 618
v 11362 523 299
v 11363 976 503
v 11364 663 351
v 11365 1637 873
v 11366 351 188
v 11367 89 49
v 11368 2321 1090
v 11369 1386 687
v 11370 732 361
v 11371 397 182
v 11372 807 449
v 11373 812 445
v 11374 476 223
v 11375 609 336
v 11376 781 392
v 11377 511 258
v 11378 658 358
v 11383 844 416
v 11384 324 172
v 11385 766 378
v 11387 1288 693
v 11390 474 256
v 11392 1176 629
v 11393 518 277
v 11395 552 291
v 11399 1080 476
v 11400 803 436
v 11401 439 225
v 11402 335 175
v 11409 414 247
v 11419 150 78
v 11566 205 111
v 11567 295 165
v 11568 512 269
v 11569 498 248
v 11570 190 96
v 11571 104 50
v 11572 93 54
v 11573 390 225
v 11574 558 274
v 11575 140 65
v 11576 174 92
v 11577 76 33
v 11578 84 48
v 11579 155 75
v 11580 308 142
v 11581 84 36
v 11582 257 121
v 11583 202 107
v 11584 334 165
v 11585 24 13
v 11586 11 5
v 11587 365 149
v 11588 368 180
v 11589 206 102
v 11590 252 119
v 11591 649 293
v 11592 161 94
v 11593 72 40
v 11594 727 353
v 11595 430 213
v 11596 478 239
v 11597 37 24
v 11598 84 47
v 11599 83 48
v 11600 99 54
v 11601 179 91
v 11602 65 28
v 11603 107 59
v 11604 719 358
v 11605 589 308
v 11606 881 485
v 11607 347 186
v 11608 397 182
v 11609 38 20
v 11610 154 82
v 11611 145 64
v 11612 57 19
v 11613 535 290
v 11614 120 66
v 11615 94 42
v 11616 265 145
v 11617 394 193
v 11618 169 108
v 11619 250 123
v 11620 207 103
v 11621 574 285
v 11622 116 63
v 11623 37 15
v 11624 694 365
v 11625 458 228
v 11626 250 131
v 11627 157 79
v 11628 248 131
v 11629 210 118
v 11630 190 95
v 11631 216 112
v 11632 239 130
v 11633 143 66
v 11634 165 81
v 11639 252 143
v 11640 132 73
v 11641 243 120
v 11643 418 224
v 11646 162 90
v 11648 378 175
v 11649 160 79
v 11651 191 85
v 11655 346 142
v 11656 242 124
v 11657 160 81
v 11658 220 107
v 11665 147 85
v 11675 45 22
v 11823 346 161
v 11824 638 269
v 11825 583 242
v 11826 214 93
v 11827 123 62
v 11828 88 50
v 11829 465 247
v 11830 698 305
v 11831 196 75
v 11832 168 65
v 11833 85 36
v 11834 67 32
v 11835 166 83
v 11836 335 181
v 11837 116 62
v 11838 277 121
v 11839 248 132
v 11840 362 176
v 11841 46 24
v 11842 15 6
v 11843 434 144
v 11844 414 176
v 11845 219 103
v 11846 317 146
v 11847 738 316
v 11848 150 79
v 11849 102 54
v 11850 973 433
v 11851 431 195
v 11852 503 219
v 11853 44 15
v 11854 78 36
v 11855 81 46
v 11856 126 55
v 11857 162 70
v 11858 90 37
v 11859 130 53
v 11860 744 351
v 11861 716 316
v 11862 1001 503
v 11863 386 169
v 11864 544 239
v 11865 63 32
v 11866 224 115
v 11867 185 94
v 11868 73 29
v 11869 551 237
v 11870 92 47
v 11871 107 49
v 11872 262 129
v 11873 518 244
v 11874 191 106
v 11875 292 141
v 11876 275 129
v 11877 590 292
v 11878 123 56
v 11879 38 19
v 11880 821 354
v 11881 727 354
v 11882 306 155
v 11883 164 81
v 11884 240 112
v 11885 362 180
v 11886 218 98
v 11887 266 136
v 11888 295 134
v 11889 207 73
v 11890 212 108
v 11895 271 121
v 11896 142 71
v 11897 291 128
v 11899 449 215
v 11902 192 95
v 11904 460 217
v 11905 186 91
v 11907 208 95
v 11911 398 174
v 11912 356 180
v 11913 192 95
v 11914 97 54
v 11921 166 73
v 11931 61 28
v 12080 856 395
v 12081 991 504
v 12082 310 151
v 12083 175 84
v 12084 140 68
v 12085 796 436
v 12086 1030 520
v 12087 283 122
v 12088 362 158
v 12089 162 77
v 12090 188 108
v 12091 419 256
v 12092 512 240
v 12093 107 56
v 12094 484 210
v 12095 447 221
v 12096 722 402
v 12097 70 39
v 12098 30 15
v 12099 704 325
v 12100 715 319
v 12101 365 186
v 12102 462 220
v 12103 1317 587
v 12104 293 154
v 12105 205 117
v 12106 1245 559
v 12107 818 411
v 12108 1018 456
v 12109 79 39
v 12110 120 55
v 12111 120 51
v 12112 171 79
v 12113 360 141
v 12114 103 48
v 12115 220 112
v 12116 1450 709
v 12117 1187 559
v 12118 1603 787
v 12119 679 349
v 12120 784 347
v 12121 83 35
v 12122 282 139
v 12123 212 119
v 12124 91 39
v 12125 1039 553
v 12126 216 99
v 12127 234 121
v 12128 493 235
v 12129 622 319
v 12130 338 194
v 12131 751 412
v 12132 333 186
v 12133 938 481
v 12134 206 86
v 12135 56 28
v 12136 1262 553
v 12137 797 394
v 12138 399 218
v 12139 268 121
v 12140 492 233
v 12141 465 241
v 12142 327 148
v 12143 301 158
v 12144 469 233
v 12145 292 119
v 12146 367 200
v 12151 484 258
v 12152 201 98
v 12153 394 183
v 12155 714 371
v 12158 257 122
v 12160 707 353
v 12161 271 143
v 12163 298 141
v 12167 579 255
v 12168 424 246
v 12169 262 135
v 12170 165 90
v 12177 237 121
v 12187 90 58
v 12337 1459 688
v 12338 575 291
v 12339 303 163
v 12340 253 125
v 12341 1096 628
v 12342 1815 841
v 12343 492 226
v 12344 503 256
v 12345 265 130
v 12346 257 131
v 12347 409 225
v 12348 903 450
v 12349 255 130
v 12350 799 372
v 12351 544 303
v 12352 855 443
v 12353 78 48
v 12354 43 21
v 12355 1092 534
v 12356 1035 497
v 12357 526 276
v 12358 804 405
v 12359 1920 909
v 12360 397 215
v 12361 267 164
v 12362 2306 1104
v 12363 1071 549
v 12364 1389 679
v 12365 178 93
v 12366 274 118
v 12367 211 117
v 12368 326 179
v 12369 527 249
v 12370 179 71
v 12371 365 198
v 12372 1843 911
v 12373 1906 1025
v 12374 2384 1226
v 12375 959 498
v 12376 1096 521
v 12377 150 75
v 12378 496 236
v 12379 506 285
v 12380 172 88
v 12381 1665 861
v 12382 299 144
v 12383 275 124
v 12384 639 359
v 12385 1285 679
v 12386 509 289
v 12387 634 341
v 12388 638 346
v 12389 1201 607
v 12390 307 143
v 12391 87 43
v 12392 1988 970
v 12393 1483 724
v 12394 783 424
v 12395 496 258
v 12396 587 303
v 12397 1057 599
v 12398 577 279
v 12399 654 339
v 12400 833 428
v 12401 542 253
v 12402 540 288
v 12407 780 409
v 12408 418 241
v 12409 840 421
v 12411 1294 677
v 12414 500 259
v 12416 1243 640
v 12417 457 246
v 12419 641 348
v 12423 1188 583
v 12424 801 432
v 12425 502 255
v 12426 273 163
v 12433 436 245
v 12443 161 81
v 12594 561 293
v 12595 313 163
v 12596 243 112
v 12597 1224 702
v 12598 1897 943
v 12599 600 294
v 12600 516 273
v 12601 272 145
v 12602 261 153
v 12603 496 281
v 12604 1042 545
v 12605 234 140
v 12606 854 436
v 12607 630 361
v 12608 994 534
v 12609 103 61
v 12610 46 29
v 12611 1171 544
v 12612 1085 554
v 12613 695 370
v 12614 862 473
v 12615 2094 1015
v 12616 436 221
v 12617 261 146
v 12618 2376 1208
v 12619 1337 693
v 12620 1627 781
v 12621 153 90
v 12622 267 135
v 12623 224 142
v 12624 291 170
v 12625 531 281
v 12626 184 95
v 12627 325 195
v 12628 2117 1101
v 12629 1797 930
v 12630 2783 1459
v 12631 1216 627
v 12632 1463 744
v 12633 111 70
v 12634 518 265
v 12635 383 204
v 12636 161 69
v 12637 1919 1026
v 12638 317 181
v 12639 285 147
v 12640 844 467
v 12641 1329 705
v 12642 629 337
v 12643 773 424
v 12644 652 351
v 12645 1501 806
v 12646 330 168
v 12647 121 59
v 12648 2394 1234
v 12649 1500 811
v 12650 824 447
v 12651 526 289
v 12652 797 436
v 12653 874 519
v 12654 625 303
v 12655 624 337
v 12656 835 460
v 12657 466 220
v 12658 615 360
v 12663 885 476
v 12664 418 222
v 12665 796 408
v 12667 1394 774
v 12670 509 272
v 12672 1279 666
v 12673 501 276
v 12675 602 328
v 12679 1268 633
v 12680 801 445
v 12681 489 285
v 12682 316 174
v 12689 440 281
v 12699 186 94
v 12851 124 62
v 12852 116 46
v 12853 452 258
v 12854 599 312
v 12855 185 103
v 12856 147 88
v 12857 91 43
v 12858 88 45
v 12859 164 94
v 12860 383 210
v 12861 116 58
v 12862 290 133
v 12863 228 126
v 12864 393 201
v 12865 32 18
v 12866 26 13
v 12867 460 220
v 12868 475 229
v 12869 205 108
v 12870 281 132
v 12871 754 357
v 12872 159 87
v 12873 111 64
v 12874 893 452
v 12875 433 212
v 12876 543 263
v 12877 61 28
v 12878 91 47
v 12879 89 47
v 12880 119 75
v 12881 177 78
v 12882 76 39
v 12883 122 70
v 12884 771 372
v 12885 695 356
v 12886 931 497
v 12887 388 189
v 12888 467 241
v 12889 50 32
v 12890 248 122
v 12891 212 105
v 12892 58 26
v 12893 591 281
v 12894 84 43
v 12895 107 55
v 12896 234 133
v 12897 472 236
v 12898 181 106
v 12899 276 153
v 12900 266 137
v 12901 569 298
v 12902 127 67
v 12903 29 18
v 12904 668 338
v 12905 607 311
v 12906 260 145
v 12907 193 99
v 12908 228 127
v 12909 370 215
v 12910 220 114
v 12911 253 140
v 12912 329 168
v 12913 219 104
v 12914 201 113
v 12919 323 164
v 12920 141 79
v 12921 315 163
v 12923 543 312
v 12926 212 108
v 12928 458 228
v 12929 158 83
v 12931 232 129
v 12935 434 220
v 12936 323 168
v 12937 204 119
v 12938 102 58
v 12945 162 99
v 12955 62 32
v 13108 52 20
v 13109 230 132
v 13110 391 198
v 13111 100 53
v 13112 112 58
v 13113 51 25
v 13114 66 33
v 13115 91 45
v 13116 187 79
v 13117 43 16
v 13118 158 72
v 13119 122 56
v 13120 224 107
v 13121 18 11
v 13122 13 8
v 13123 247 98
v 13124 279 122
v 13125 144 71
v 13126 199 107
v 13127 525 247
v 13128 84 35
v 13129 71 30
v 13130 501 238
v 13131 256 130
v 13132 349 149
v 13133 29 8
v 13134 53 31
v 13135 39 18
v 13136 65 34
v 13137 121 53
v 13138 48 19
v 13139 86 46
v 13140 512 255
v 13141 338 154
v 13142 620 308
v 13143 231 125
v 13144 288 128
v 13145 23 14
v 13146 108 61
v 13147 79 35
v 13148 24 10
v 13149 383 211
v 13150 46 27
v 13151 55 24
v 13152 197 96
v 13153 257 133
v 13154 137 69
v 13155 147 90
v 13156 164 88
v 13157 286 142
v 13158 66 28
v 13159 18 10
v 13160 473 206
v 13161 299 142
v 13162 163 85
v 13163 113 58
v 13164 183 92
v 13165 175 101
v 13166 107 52
v 13167 134 81
v 13168 167 71
v 13169 82 31
v 13170 150 70
v 13175 156 80
v 13176 75 40
v 13177 166 79
v 13179 273 158
v 13182 122 62
v 13184 229 113
v 13185 111 52
v 13187 117 55
v 13191 234 105
v 13192 153 83
v 13193 71 43
v 13194 69 35
v 13201 79 44
v 13211 39 19
v 13365 215 120
v 13366 277 148
v 13367 87 47
v 13368 75 41
v 13369 39 16
v 13370 50 29
v 13371 80 41
v 13372 138 65
v 13373 33 20
v 13374 156 71
v 13375 88 46
v 13376 141 70
v 13377 16 9
v 13378 9 5
v 13379 160 84
v 13380 167 79
v 13381 128 68
v 13382 118 69
v 13383 342 180
v 13384 56 37
v 13385 46 23
v 13386 382 206
v 13387 180 98
v 13388 253 116
v 13389 31 14
v 13390 52 26
v 13391 39 26
v 13392 47 26
v 13393 90 47
v 13394 37 22
v 13395 60 44
v 13396 320 153
v 13397 280 157
v 13398 414 216
v 13399 157 78
v 13400 199 93
v 13401 22 12
v 13402 78 45
v 13403 52 26
v 13404 23 9
v 13405 349 189
v 13406 47 29
v 13407 41 28
v 13408 102 61
v 13409 207 105
v 13410 107 63
v 13411 128 67
v 13412 115 70
v 13413 206 93
v 13414 49 27
v 13415 18 7
v 13416 352 173
v 13417 259 131
v 13418 143 72
v 13419 93 52
v 13420 120 58
v 13421 139 78
v 13422 83 35
v 13423 113 68
v 13424 140 78
v 13425 68 31
v 13426 76 36
v 13431 140 64
v 13432 65 43
v 13433 128 69
v 13435 227 129
v 13438 70 32
v 13440 225 117
v 13441 82 43
v 13443 93 49
v 13447 187 98
v 13448 122 67
v 13449 82 57
v 13450 37 24
v 13457 73 41
v 13467 34 21
v 13622 1387 601
v 13623 426 177
v 13624 422 178
v 13625 195 85
v 13626 206 95
v 13627 365 179
v 13628 664 276
v 13629 167 69
v 13630 637 259
v 13631 518 239
v 13632 899 389
v 13633 61 31
v 13634 40 16
v 13635 1018 391
v 13636 944 409
v 13637 467 215
v 13638 721 326
v 13639 1554 636
v 13640 350 170
v 13641 282 130
v 13642 1904 806
v 13643 985 455
v 13644 1115 476
v 13645 126 49
v 13646 181 77
v 13647 166 71
v 13648 248 123
v 13649 418 171
v 13650 143 64
v 13651 266 121
v 13652 1703 699
v 13653 1483 611
v 13654 2208 960
v 13655 932 433
v 13656 1055 417
v 13657 101 45
v 13658 403 171
v 13659 284 118
v 13660 91 36
v 13661 1398 573
v 13662 213 93
v 13663 244 103
v 13664 586 266
v 13665 990 430
v 13666 471 202
v 13667 628 273
v 13668 510 199
v 13669 1141 518
v 13670 252 118
v 13671 62 26
v 13672 1755 683
v 13673 1281 538
v 13674 610 261
v 13675 384 167
v 13676 625 301
v 13677 616 304
v 13678 440 183
v 13679 435 204
v 13680 560 232
v 13681 310 114
v 13682 526 245
v 13687 689 307
v 13688 331 151
v 13689 565 257
v 13691 981 447
v 13694 374 152
v 13696 962 442
v 13697 420 174
v 13699 418 181
v 13703 945 348
v 13704 595 267
v 13705 359 163
v 13706 256 118
v 13713 337 154
v 13723 141 52
v 13879 562 302
v 13880 573 292
v 13881 243 112
v 13882 317 167
v 13883 509 317
v 13884 951 454
v 13885 238 125
v 13886 895 446
v 13887 662 363
v 13888 1265 690
v 13889 90 44
v 13890 35 16
v 13891 1520 747
v 13892 1138 564
v 13893 741 356
v 13894 1103 574
v 13895 2345 1144
v 13896 468 254
v 13897 349 217
v 13898 2915 1542
v 13899 1357 690
v 13900 1700 827
v 13901 166 93
v 13902 296 151
v 13903 237 123
v 13904 352 184
v 13905 559 261
v 13906 186 90
v 13907 384 210
v 13908 2615 1358
v 13909 2108 1130
v 13910 3058 1627
v 13911 1383 743
v 13912 1573 788
v 13913 152 83
v 13914 651 345
v 13915 492 258
v 13916 168 81
v 13917 2245 1203
v 13918 371 187
v 13919 372 192
v 13920 1107 652
v 13921 1493 755
v 13922 620 351
v 13923 789 407
v 13924 784 403
v 13925 1582 793
v 13926 360 178
v 13927 96 49
v 13928 2590 1344
v 13929 2050 1089
v 13930 864 492
v 13931 649 339
v 13932 1004 562
v 13933 1049 610
v 13934 785 414
v 13935 691 362
v 13936 832 425
v 13937 514 240
v 13938 747 422
v 13943 1044 554
v 13944 447 246
v 13945 861 423
v 13947 1452 831
v 13950 553 265
v 13952 1393 767
v 13953 646 351
v 13955 671 358
v 13959 1270 625
v 13960 855 454
v 13961 583 340
v 13962 348 184
v 13969 493 263
v 13979 196 120
v 14136 186 80
v 14137 92 44
v 14138 101 55
v 14139 148 89
v 14140 326 163
v 14141 93 51
v 14142 282 142
v 14143 199 97
v 14144 314 172
v 14145 31 12
v 14146 12 8
v 14147 329 160
v 14148 387 196
v 14149 248 125
v 14150 253 127
v 14151 662 313
v 14152 138 74
v 14153 93 50
v 14154 796 361
v 14155 430 234
v 14156 521 229
v 14157 66 29
v 14158 83 35
v 14159 77 39
v 14160 125 59
v 14161 165 83
v 14162 63 29
v 14163 109 67
v 14164 662 339
v 14165 614 322
v 14166 958 484
v 14167 404 191
v 14168 419 200
v 14169 35 18
v 14170 174 88
v 14171 160 83
v 14172 66 35
v 14173 604 322
v 14174 80 48
v 14175 87 37
v 14176 238 125
v 14177 509 261
v 14178 196 111
v 14179 220 99
v 14180 236 128
v 14181 485 232
v 14182 109 61
v 14183 40 17
v 14184 799 376
v 14185 522 249
v 14186 319 161
v 14187 196 100
v 14188 303 170
v 14189 307 184
v 14190 214 112
v 14191 196 85
v 14192 333 172
v 14193 160 76
v 14194 177 97
v 14199 304 153
v 14200 143 84
v 14201 283 140
v 14203 482 253
v 14206 202 101
v 14208 471 234
v 14209 181 89
v 14211 241 109
v 14215 454 200
v 14216 285 155
v 14217 162 91
v 14218 81 51
v 14225 164 79
v 14235 69 33
v 14393 83 39
v 14394 111 58
v 14395 155 85
v 14396 300 149
v 14397 81 30
v 14398 213 89
v 14399 223 124
v 14400 358 182
v 14401 26 14
v 14402 14 8
v 14403 378 186
v 14404 405 213
v 14405 219 118
v 14406 274 143
v 14407 629 286
v 14408 133 72
v 14409 107 58
v 14410 708 375
v 14411 457 219
v 14412 511 258
v 14413 57 27
v 14414 67 26
v 14415 78 39
v 14416 106 58
v 14417 170 77
v 14418 61 27
v 14419 104 54
v 14420 729 353
v 14421 674 357
v 14422 831 459
v 14423 343 175
v 14424 444 234
v 14425 50 29
v 14426 197 98
v 14427 120 58
v 14428 41 15
v 14429 573 270
v 14430 83 47
v 14431 109 47
v 14432 229 131
v 14433 376 206
v 14434 182 103
v 14435 269 134
v 14436 191 101
v 14437 494 264
v 14438 114 53
v 14439 27 8
v 14440 693 321
v 14441 434 217
v 14442 257 126
v 14443 148 79
v 14444 238 128
v 14445 268 152
v 14446 203 113
v 14447 217 123
v 14448 228 123
v 14449 153 80
v 14450 187 106
v 14455 297 159
v 14456 123 77
v 14457 274 129
v 14459 439 227
v 14462 156 73
v 14464 380 225
v 14465 146 75
v 14467 175 90
v 14471 360 170
v 14472 258 125
v 14473 178 102
v 14474 82 43
v 14481 140 78
v 14491 48 23
v 14650 31 20
v 14651 83 46
v 14652 146 75
v 14653 52 24
v 14654 139 71
v 14655 107 58
v 14656 165 84
v 14657 28 19
v 14658 15 9
v 14659 203 93
v 14660 183 92
v 14661 105 52
v 14662 144 80
v 14663 349 162
v 14664 53 26
v 14665 56 31
v 14666 414 205
v 14667 188 92
v 14668 245 113
v 14669 25 12
v 14670 35 17
v 14671 42 32
v 14672 55 27
v 14673 91 46
v 14674 28 12
v 14675 40 20
v 14676 352 162
v 14677 296 152
v 14678 439 215
v 14679 197 101
v 14680 195 103
v 14681 20 11
v 14682 92 54
v 14683 69 34
v 14684 26 12
v 14685 285 160
v 14686 52 29
v 14687 43 26
v 14688 109 48
v 14689 214 126
v 14690 85 45
v 14691 141 74
v 14692 112 62
v 14693 229 115
v 14694 56 30
v 14695 24 14
v 14696 322 169
v 14697 279 144
v 14698 122 64
v 14699 65 34
v 14700 110 65
v 14701 146 73
v 14702 111 51
v 14703 119 58
v 14704 123 62
v 14705 74 34
v 14706 94 56
v 14711 146 78
v 14712 66 32
v 14713 128 68
v 14715 205 111
v 14718 79 38
v 14720 187 92
v 14721 81 48
v 14723 95 54
v 14727 188 96
v 14728 137 88
v 14729 79 49
v 14730 64 28
v 14737 62 37
v 14747 21 15
v 14907 98 53
v 14908 131 54
v 14909 58 23
v 14910 158 64
v 14911 123 55
v 14912 179 80
v 14913 16 7
v 14914 12 3
v 14915 196 83
v 14916 201 86
v 14917 129 61
v 14918 143 68
v 14919 342 164
v 14920 73 39
v 14921 47 20
v 14922 379 171
v 14923 242 118
v 14924 249 114
v 14925 27 14
v 14926 30 12
v 14927 37 18
v 14928 50 26
v 14929 106 51
v 14930 33 11
v 14931 59 26
v 14932 341 152
v 14933 310 149
v 14934 402 196
v 14935 184 95
v 14936 205 77
v 14937 25 11
v 14938 83 41
v 14939 62 22
v 14940 32 16
v 14941 294 137
v 14942 66 30
v 14943 73 22
v 14944 120 51
v 14945 218 104
v 14946 126 60
v 14947 144 75
v 14948 109 59
v 14949 275 129
v 14950 64 26
v 14951 33 11
v 14952 355 162
v 14953 256 102
v 14954 141 72
v 14955 95 39
v 14956 117 54
v 14957 141 71
v 14958 105 45
v 14959 97 42
v 14960 139 70
v 14961 88 31
v 14962 88 48
v 14967 164 78
v 14968 64 36
v 14969 120 61
v 14971 249 115
v 14974 76 39
v 14976 170 82
v 14977 74 30
v 14979 101 45
v 14983 185 75
v 14984 171 69
v 14985 132 55
v 14986 66 29
v 14993 73 45
v 15003 38 22
v 15164 283 129
v 15165 81 32
v 15166 229 93
v 15167 213 88
v 15168 275 129
v 15169 23 16
v 15170 15 8
v 15171 303 115
v 15172 278 105
v 15173 170 82
v 15174 265 129
v 15175 605 252
v 15176 112 53
v 15177 97 48
v 15178 647 277
v 15179 383 159
v 15180 486 200
v 15181 50 26
v 15182 68 30
v 15183 58 28
v 15184 120 52
v 15185 187 67
v 15186 70 28
v 15187 128 73
v 15188 664 268
v 15189 524 244
v 15190 790 369
v 15191 302 139
v 15192 362 153
v 15193 40 17
v 15194 149 72
v 15195 132 66
v 15196 51 21
v 15197 469 232
v 15198 100 42
v 15199 115 50
v 15200 232 106
v 15201 327 154
v 15202 180 93
v 15203 268 126
v 15204 186 86
v 15205 452 193
v 15206 106 51
v 15207 35 13
v 15208 628 257
v 15209 491 197
v 15210 215 115
v 15211 113 54
v 15212 203 88
v 15213 247 110
v 15214 140 71
v 15215 184 81
v 15216 231 95
v 15217 150 51
v 15218 176 78
v 15223 228 103
v 15224 106 63
v 15225 205 91
v 15227 342 167
v 15230 149 67
v 15232 308 148
v 15233 137 64
v 15235 156 76
v 15239 320 144
v 15240 230 106
v 15241 135 70
v 15242 77 38
v 15249 133 66
v 15259 42 20
v 15421 148 53
v 15422 402 189
v 15423 329 175
v 15424 566 307
v 15425 43 26
v 15426 13 7
v 15427 687 313
v 15428 745 395
v 15429 417 241
v 15430 518 264
v 15431 1043 460
v 15432 235 132
v 15433 153 87
v 15434 1420 712
v 15435 723 387
v 15436 823 408
v 15437 111 53
v 15438 165 86
v 15439 128 77
v 15440 201 120
v 15441 319 157
v 15442 106 46
v 15443 206 105
v 15444 1054 511
v 15445 1063 576
v 15446 1702 904
v 15447 710 352
v 15448 767 388
v 15449 81 33
v 15450 288 146
v 15451 251 119
v 15452 91 32
v 15453 938 528
v 15454 166 86
v 15455 199 97
v 15456 452 247
v 15457 777 392
v 15458 330 181
v 15459 439 229
v 15460 392 209
v 15461 825 449
v 15462 181 87
v 15463 51 18
v 15464 1323 664
v 15465 869 434
v 15466 446 232
v 15467 266 139
v 15468 426 221
v 15469 537 288
v 15470 335 161
v 15471 496 278
v 15472 483 259
v 15473 305 146
v 15474 369 184
v 15479 478 239
v 15480 265 159
v 15481 502 266
v 15483 736 420
v 15486 320 168
v 15488 753 392
v 15489 308 157
v 15491 364 187
v 15495 710 306
v 15496 429 219
v 15497 302 150
v 15498 159 91
v 15505 240 136
v 15515 113 65
v 15678 151 76
v 15679 88 49
v 15680 118 57
v 15681 19 9
v 15682 15 7
v 15683 145 75
v 15684 167 81
v 15685 66 40
v 15686 139 76
v 15687 249 97
v 15688 55 28
v 15689 51 25
v 15690 452 225
v 15691 155 74
v 15692 209 100
v 15693 34 16
v 15694 45 24
v 15695 48 33
v 15696 48 28
v 15697 68 39
v 15698 42 19
v 15699 72 39
v 15700 287 143
v 15701 268 120
v 15702 342 172
v 15703 128 63
v 15704 185 81
v 15705 28 15
v 15706 114 55
v 15707 110 48
v 15708 41 17
v 15709 200 93
v 15710 40 17
v 15711 38 13
v 15712 104 50
v 15713 184 87
v 15714 84 52
v 15715 132 73
v 15716 97 46
v 15717 246 130
v 15718 62 31
v 15719 18 9
v 15720 353 140
v 15721 257 116
v 15722 106 55
v 15723 65 33
v 15724 62 32
v 15725 149 73
v 15726 65 30
v 15727 117 64
v 15728 122 60
v 15729 137 75
v 15730 77 45
v 15735 124 59
v 15736 54 24
v 15737 122 53
v 15739 214 103
v 15742 55 26
v 15744 133 71
v 15745 58 32
v 15747 105 55
v 15751 185 93
v 15752 160 90
v 15753 84 42
v 15754 37 21
v 15761 68 34
v 15771 22 14
v 15935 272 160
v 15936 484 266
v 15937 50 29
v 15938 24 11
v 15939 591 326
v 15940 568 302
v 15941 338 200
v 15942 419 213
v 15943 1129 551
v 15944 263 146
v 15945 167 85
v 15946 1247 662
v 15947 636 351
v 15948 823 407
v 15949 85 48
v 15950 132 70
v 15951 113 66
v 15952 150 93
v 15953 262 113
v 15954 97 43
v 15955 185 101
v 15956 1074 549
v 15957 996 533
v 15958 1333 694
v 15959 582 295
v 15960 808 447
v 15961 74 43
v 15962 252 144
v 15963 237 125
v 15964 97 44
v 15965 1158 588
v 15966 160 84
v 15967 185 75
v 15968 382 224
v 15969 663 370
v 15970 251 150
v 15971 340 191
v 15972 316 162
v 15973 778 401
v 15974 203 108
v 15975 57 28
v 15976 1124 559
v 15977 847 419
v 15978 440 257
v 15979 255 133
v 15980 402 223
v 15981 476 294
v 15982 324 176
v 15983 352 198
v 15984 459 247
v 15985 250 118
v 15986 305 179
v 15991 463 238
v 15992 229 143
v 15993 406 219
v 15995 721 405
v 15998 271 132
v 16000 662 340
v 16001 269 148
v 16003 276 156
v 16007 592 292
v 16008 419 207
v 16009 246 133
v 16010 159 87
v 16017 229 137
v 16027 95 55
v 16192 471 229
v 16193 42 23
v 16194 19 8
v 16195 431 184
v 16196 481 216
v 16197 242 116
v 16198 363 185
v 16199 827 381
v 16200 165 79
v 16201 132 62
v 16202 905 428
v 16203 462 225
v 16204 563 244
v 16205 57 31
v 16206 101 41
v 16207 97 52
v 16208 128 60
v 16209 233 97
v 16210 75 31
v 16211 140 71
v 16212 946 415
v 16213 776 394
v 16214 1029 440
v 16215 386 178
v 16216 460 205
v 16217 49 24
v 16218 195 105
v 16219 151 83
v 16220 62 22
v 16221 764 378
v 16222 132 63
v 16223 127 62
v 16224 325 169
v 16225 498 251
v 16226 203 105
v 16227 345 166
v 16228 318 167
v 16229 568 260
v 16230 129 59
v 16231 43 23
v 16232 903 388
v 16233 531 240
v 16234 299 138
v 16235 183 92
v 16236 303 144
v 16237 306 151
v 16238 213 101
v 16239 232 122
v 16240 289 147
v 16241 177 75
v 16242 238 118
v 16247 281 132
v 16248 120 55
v 16249 309 135
v 16251 509 265
v 16254 181 80
v 16256 492 235
v 16257 214 100
v 16259 194 97
v 16263 415 167
v 16264 329 169
v 16265 167 90
v 16266 110 61
v 16273 156 76
v 16283 70 38
v 16449 54 32
v 16450 27 12
v 16451 689 303
v 16452 782 351
v 16453 438 228
v 16454 550 276
v 16455 1366 624
v 16456 333 179
v 16457 199 113
v 16458 1502 734
v 16459 879 418
v 16460 964 422
v 16461 74 33
v 16462 141 65
v 16463 125 65
v 16464 193 97
v 16465 355 171
v 16466 92 45
v 16467 248 132
v 16468 1480 681
v 16469 1296 618
v 16470 1814 818
v 16471 773 369
v 16472 809 372
v 16473 77 42
v 16474 288 137
v 16475 245 118
v 16476 108 57
v 16477 1218 597
v 16478 205 102
v 16479 224 103
v 16480 533 263
v 16481 844 415
v 16482 347 194
v 16483 539 257
v 16484 451 241
v 16485 1009 520
v 16486 214 89
v 16487 59 30
v 16488 1529 666
v 16489 931 443
v 16490 460 231
v 16491 291 129
v 16492 548 264
v 16493 493 265
v 16494 367 159
v 16495 413 212
v 16496 450 233
v 16497 252 126
v 16498 364 200
v 16503 552 292
v 16504 240 127
v 16505 479 213
v 16507 758 411
v 16510 351 174
v 16512 789 386
v 16513 354 171
v 16515 367 159
v 16519 669 302
v 16520 515 293
v 16521 261 124
v 16522 184 89
v 16529 243 127
v 16539 102 48
v 16706 2 1
v 16707 66 30
v 16708 60 27
v 16709 38 20
v 16710 47 21
v 16711 110 47
v 16712 22 12
v 16713 13 5
v 16714 127 44
v 16715 59 22
v 16716 68 31
v 16717 7 4
v 16718 14 5
v 16719 16 6
v 16720 24 15
v 16721 31 16
v 16722 8 3
v 16723 16 9
v 16724 118 49
v 16725 101 48
v 16726 155 77
v 16727 67 29
v 16728 86 36
v 16729 6 4
v 16730 33 18
v 16731 27 10
v 16732 7 4
v 16733 75 34
v 16734 12 2
v 16735 9 6
v 16736 38 16
v 16737 75 27
v 16738 32 18
v 16739 36 13
v 16740 43 21
v 16741 83 35
v 16742 14 7
v 16743 10 2
v 16744 123 46
v 16745 101 50
v 16746 54 19
v 16747 30 14
v 16748 37 14
v 16749 42 26
v 16750 43 28
v 16751 31 11
v 16752 53 24
v 16753 23 11
v 16754 31 18
v 16759 46 25
v 16760 26 7
v 16761 41 21
v 16763 79 35
v 16766 36 17
v 16768 68 34
v 16769 37 20
v 16771 35 15
v 16775 54 28
v 16776 71 35
v 16777 30 22
v 16778 19 6
v 16785 34 14
v 16795 13 5
v 16963 27 15
v 16964 29 13
v 16965 21 14
v 16966 22 12
v 16967 51 26
v 16968 18 10
v 16969 14 5
v 16970 52 19
v 16971 39 24
v 16972 42 19
v 16974 10 5
v 16975 8 5
v 16976 9 7
v 16977 12 4
v 16978 4 3
v 16979 13 10
v 16980 53 24
v 16981 49 24
v 16982 84 41
v 16983 26 12
v 16984 30 16
v 16985 2 2
v 16986 14 7
v 16987 15 7
v 16988 3 0
v 16989 42 19
v 16990 5 1
v 16991 7 4
v 16992 19 9
v 16993 34 16
v 16994 11 4
v 16995 30 15
v 16996 16 7
v 16997 39 16
v 16998 8 4
v 16999 3 2
v 17000 62 28
v 17001 52 28
v 17002 15 11
v 17003 16 7
v 17004 19 8
v 17005 28 16
v 17006 13 8
v 17007 11 7
v 17008 24 13
v 17009 27 11
v 17010 17 9
v 17015 16 8
v 17016 12 8
v 17017 18 9
v 17019 39 20
v 17022 15 7
v 17024 33 17
v 17025 12 5
v 17027 25 12
v 17031 29 13
v 17032 17 4
v 17033 13 7
v 17034 8 4
v 17041 17 8
v 17051 2 0
v 17220 1022 569
v 17221 473 283
v 17222 617 366
v 17223 1585 814
v 17224 294 168
v 17225 209 123
v 17226 1441 722
v 17227 1072 591
v 17228 1106 560
v 17229 91 42
v 17230 177 88
v 17231 158 97
v 17232 227 109
v 17233 383 208
v 17234 131 48
v 17235 257 143
v 17236 1538 819
v 17237 1126 543
v 17238 1937 1038
v 17239 877 469
v 17240 958 470
v 17241 91 44
v 17242 388 195
v 17243 256 139
v 17244 106 55
v 17245 1368 697
v 17246 267 123
v 17247 216 107
v 17248 530 269
v 17249 968 538
v 17250 365 200
v 17251 512 275
v 17252 520 291
v 17253 1203 630
v 17254 192 92
v 17255 53 33
v 17256 1740 901
v 17257 1060 552
v 17258 534 292
v 17259 309 167
v 17260 583 308
v 17261 563 327
v 17262 385 184
v 17263 504 282
v 17264 653 345
v 17265 351 185
v 17266 421 246
v 17271 585 310
v 17272 283 150
v 17273 589 316
v 17275 962 538
v 17278 365 204
v 17280 902 485
v 17281 345 205
v 17283 400 212
v 17287 850 411
v 17288 579 308
v 17289 324 170
v 17290 202 112
v 17297 286 160
v 17307 101 56
v 17477 464 245
v 17478 659 323
v 17479 1526 737
v 17480 330 188
v 17481 227 122
v 17482 1607 806
v 17483 977 495
v 17484 1158 555
v 17485 132 67
v 17486 165 75
v 17487 163 98
v 17488 240 128
v 17489 431 228
v 17490 120 58
v 17491 264 162
v 17492 1716 856
v 17493 1414 766
v 17494 2075 1071
v 17495 851 432
v 17496 952 485
v 17497 82 43
v 17498 313 157
v 17499 306 157
v 17500 109 55
v 17501 1121 604
v 17502 289 144
v 17503 200 101
v 17504 488 260
v 17505 955 505
v 17506 306 171
v 17507 543 307
v 17508 475 254
v 17509 1069 535
v 17510 281 148
v 17511 76 39
v 17512 1654 791
v 17513 1027 527
v 17514 607 317
v 17515 343 187
v 17516 630 325
v 17517 562 328
v 17518 471 230
v 17519 519 254
v 17520 579 301
v 17521 312 146
v 17522 394 221
v 17527 604 312
v 17528 295 161
v 17529 519 264
v 17531 918 505
v 17534 399 210
v 17536 987 473
v 17537 375 202
v 17539 438 223
v 17543 786 390
v 17544 583 302
v 17545 332 192
v 17546 212 114
v 17553 316 185
v 17563 104 55
v 17734 328 174
v 17735 845 402
v 17736 177 92
v 17737 138 69
v 17738 937 449
v 17739 515 253
v 17740 661 286
v 17741 36 14
v 17742 121 55
v 17743 87 45
v 17744 150 65
v 17745 199 92
v 17746 76 29
v 17747 137 69
v 17748 872 417
v 17749 766 392
v 17750 1054 508
v 17751 517 234
v 17752 602 267
v 17753 45 18
v 17754 183 89
v 17755 182 89
v 17756 62 19
v 17757 761 372
v 17758 184 78
v 17759 100 42
v 17760 359 178
v 17761 526 259
v 17762 242 131
v 17763 262 122
v 17764 257 126
v 17765 621 319
v 17766 181 95
v 17767 28 10
v 17768 925 422
v 17769 557 263
v 17770 329 158
v 17771 228 103
v 17772 349 180
v 17773 317 162
v 17774 256 109
v 17775 260 119
v 17776 345 154
v 17777 167 65
v 17778 250 126
v 17783 361 157
v 17784 186 99
v 17785 319 147
v 17787 537 298
v 17790 217 114
v 17792 536 246
v 17793 217 110
v 17795 245 122
v 17799 466 211
v 17800 295 146
v 17801 192 101
v 17802 101 53
v 17809 157 82
v 17819 88 49
v 17991 1247 565
v 17992 242 126
v 17993 187 96
v 17994 1308 618
v 17995 722 333
v 17996 778 357
v 17997 59 35
v 17998 117 48
v 17999 141 78
v 18000 189 103
v 18001 313 130
v 18002 114 46
v 18003 190 103
v 18004 1169 525
v 18005 1077 515
v 18006 1484 754
v 18007 550 266
v 18008 678 321
v 18009 68 36
v 18010 268 140
v 18011 218 111
v 18012 76 29
v 18013 1008 503
v 18014 142 76
v 18015 211 110
v 18016 460 246
v 18017 835 430
v 18018 389 231
v 18019 485 237
v 18020 440 218
v 18021 720 351
v 18022 169 72
v 18023 65 23
v 18024 1342 636
v 18025 836 359
v 18026 418 207
v 18027 285 145
v 18028 376 192
v 18029 405 225
v 18030 448 205
v 18031 348 161
v 18032 396 206
v 18033 257 105
v 18034 384 194
v 18039 428 223
v 18040 234 124
v 18041 402 182
v 18043 681 352
v 18046 288 152
v 18048 768 389
v 18049 352 163
v 18051 315 157
v 18055 576 281
v 18056 465 238
v 18057 247 130
v 18058 165 81
v 18065 222 113
v 18075 92 45
v 18248 607 348
v 18249 433 235
v 18250 3097 1539
v 18251 1639 862
v 18252 2101 998
v 18253 168 78
v 18254 307 151
v 18255 310 182
v 18256 410 221
v 18257 755 402
v 18258 265 130
v 18259 486 276
v 18260 3078 1557
v 18261 2448 1293
v 18262 3786 2006
v 18263 1531 765
v 18264 1818 873
v 18265 167 86
v 18266 622 338
v 18267 528 271
v 18268 213 109
v 18269 2500 1297
v 18270 390 208
v 18271 442 211
v 18272 982 535
v 18273 1770 950
v 18274 919 516
v 18275 1058 595
v 18276 917 490
v 18277 1967 1053
v 18278 439 233
v 18279 115 54
v 18280 2856 1433
v 18281 2049 1060
v 18282 1145 590
v 18283 664 350
v 18284 1277 651
v 18285 1046 599
v 18286 824 410
v 18287 817 441
v 18288 990 513
v 18289 624 310
v 18290 823 469
v 18295 1174 602
v 18296 527 313
v 18297 1014 499
v 18299 1843 1065
v 18302 698 377
v 18304 1604 836
v 18305 830 439
v 18307 752 421
v 18311 1511 700
v 18312 1067 607
v 18313 638 342
v 18314 402 214
v 18321 558 330
v 18331 249 127
v 18505 102 55
v 18506 611 260
v 18507 350 171
v 18508 401 161
v 18509 33 17
v 18510 62 19
v 18511 76 32
v 18512 89 48
v 18513 152 60
v 18514 37 20
v 18515 101 52
v 18516 609 284
v 18517 554 265
v 18518 784 350
v 18519 334 148
v 18520 391 183
v 18521 31 12
v 18522 114 61
v 18523 91 53
v 18524 32 16
v 18525 572 248
v 18526 88 54
v 18527 93 43
v 18528 224 117
v 18529 394 193
v 18530 155 79
v 18531 221 107
v 18532 200 100
v 18533 398 171
v 18534 110 45
v 18535 21 7
v 18536 588 240
v 18537 369 166
v 18538 235 110
v 18539 140 58
v 18540 220 100
v 18541 209 104
v 18542 163 75
v 18543 144 57
v 18544 216 108
v 18545 101 36
v 18546 162 75
v 18551 260 122
v 18552 121 59
v 18553 226 114
v 18555 310 161
v 18558 152 77
v 18560 324 158
v 18561 159 72
v 18563 145 60
v 18567 303 128
v 18568 200 89
v 18569 109 56
v 18570 107 41
v 18577 96 45
v 18587 47 27
v 18762 442 200
v 18763 262 117
v 18764 262 112
v 18765 23 16
v 18766 44 25
v 18767 40 21
v 18768 77 39
v 18769 119 70
v 18770 37 14
v 18771 91 50
v 18772 429 199
v 18773 348 170
v 18774 573 279
v 18775 210 95
v 18776 232 108
v 18777 23 8
v 18778 100 51
v 18779 77 42
v 18780 34 9
v 18781 374 174
v 18782 54 29
v 18783 60 28
v 18784 169 78
v 18785 279 133
v 18786 100 48
v 18787 146 67
v 18788 132 67
v 18789 284 126
v 18790 67 27
v 18791 16 9
v 18792 448 196
v 18793 281 126
v 18794 158 79
v 18795 106 49
v 18796 138 68
v 18797 152 74
v 18798 116 48
v 18799 109 63
v 18800 156 66
v 18801 93 44
v 18802 135 69
v 18807 154 72
v 18808 76 40
v 18809 127 63
v 18811 222 105
v 18814 97 58
v 18816 240 115
v 18817 106 57
v 18819 96 44
v 18823 177 76
v 18824 153 77
v 18825 89 48
v 18826 52 24
v 18833 76 40
v 18843 37 15
v 19019 1774 904
v 19020 2322 1105
v 19021 203 104
v 19022 409 208
v 19023 344 200
v 19024 536 304
v 19025 705 354
v 19026 327 158
v 19027 582 320
v 19028 2964 1521
v 19029 2708 1360
v 19030 4377 2255
v 19031 1611 828
v 19032 1872 890
v 19033 191 89
v 19034 893 448
v 19035 799 420
v 19036 260 120
v 19037 2506 1364
v 19038 356 191
v 19039 376 206
v 19040 1033 551
v 19041 2107 1096
v 19042 746 395
v 19043 1016 544
v 19044 1095 566
v 19045 2122 1050
v 19046 481 239
v 19047 138 60
v 19048 3230 1567
v 19049 2448 1285
v 19050 1267 667
v 19051 867 434
v 19052 1075 569
v 19053 1274 768
v 19054 1012 470
v 19055 1031 514
v 19056 1240 611
v 19057 874 415
v 19058 825 475
v 19063 1276 664
v 19064 803 417
v 19065 1262 619
v 19067 2078 1089
v 19070 991 477
v 19072 1997 1032
v 19073 846 444
v 19075 937 502
v 19079 1823 839
v 19080 1350 725
v 19081 728 381
v 19082 409 236
v 19089 708 396
v 19099 284 149
v 19276 1200 577
v 19277 124 55
v 19278 186 87
v 19279 186 92
v 19280 242 118
v 19281 430 207
v 19282 120 57
v 19283 259 128
v 19284 1888 894
v 19285 1460 765
v 19286 2300 1186
v 19287 955 489
v 19288 1126 522
v 19289 115 56
v 19290 351 169
v 19291 300 169
v 19292 90 41
v 19293 1470 723
v 19294 271 138
v 19295 244 120
v 19296 644 361
v 19297 1022 493
v 19298 377 221
v 19299 635 358
v 19300 458 258
v 19301 1330 668
v 19302 308 144
v 19303 66 30
v 19304 1780 784
v 19305 1089 512
v 19306 564 277
v 19307 341 172
v 19308 689 339
v 19309 638 373
v 19310 440 217
v 19311 502 261
v 19312 583 294
v 19313 367 169
v 19314 500 269
v 19319 710 348
v 19320 302 167
v 19321 575 316
v 19323 962 496
v 19326 429 215
v 19328 949 514
v 19329 372 200
v 19331 420 224
v 19335 823 405
v 19336 593 332
v 19337 343 190
v 19338 229 115
v 19345 303 169
v 19355 108 58
v 19533 141 75
v 19534 264 128
v 19535 214 125
v 19536 276 163
v 19537 473 225
v 19538 149 84
v 19539 335 207
v 19540 1996 1044
v 19541 1746 922
v 19542 2437 1280
v 19543 1117 617
v 19544 1491 700
v 19545 109 58
v 19546 495 253
v 19547 390 220
v 19548 144 62
v 19549 1664 967
v 19550 273 135
v 19551 255 152
v 19552 715 419
v 19553 1228 652
v 19554 531 323
v 19555 660 359
v 19556 638 375
v 19557 1343 728
v 19558 371 201
v 19559 100 48
v 19560 2306 1222
v 19561 1416 711
v 19562 702 404
v 19563 458 240
v 19564 733 410
v 19565 786 469
v 19566 531 270
v 19567 661 368
v 19568 765 438
v 19569 492 237
v 19570 491 290
v 19575 842 453
v 19576 372 199
v 19577 794 399
v 19579 1252 736
v 19582 450 262
v 19584 1180 645
v 19585 472 273
v 19587 602 340
v 19591 1090 577
v 19592 781 415
v 19593 446 261
v 19594 261 139
v 19601 383 221
v 19611 175 107
v 19790 33 19
v 19791 20 11
v 19792 32 19
v 19793 46 24
v 19794 28 16
v 19795 20 11
v 19796 165 80
v 19797 177 91
v 19798 268 145
v 19799 111 56
v 19800 107 53
v 19801 27 11
v 19802 61 31
v 19803 49 25
v 19804 16 7
v 19805 143 63
v 19806 16 6
v 19807 38 16
v 19808 63 25
v 19809 112 63
v 19810 55 30
v 19811 56 28
v 19812 44 20
v 19813 147 73
v 19814 34 19
v 19815 10 6
v 19816 163 73
v 19817 167 68
v 19818 76 31
v 19819 32 19
v 19820 67 33
v 19821 87 53
v 19822 55 21
v 19823 64 31
v 19824 65 30
v 19825 57 35
v 19826 46 29
v 19831 77 42
v 19832 39 25
v 19833 80 41
v 19835 126 58
v 19838 38 17
v 19840 105 55
v 19841 47 29
v 19843 47 31
v 19847 102 45
v 19848 75 42
v 19849 50 27
v 19850 31 15
v 19857 33 22
v 19867 13 6
v 20047 29 16
v 20048 56 32
v 20049 62 40
v 20050 26 11
v 20051 50 28
v 20052 244 126
v 20053 298 159
v 20054 445 235
v 20055 147 75
v 20056 204 102
v 20057 17 11
v 20058 73 30
v 20059 83 44
v 20060 31 15
v 20061 251 133
v 20062 47 22
v 20063 37 13
v 20064 95 47
v 20065 222 127
v 20066 95 53
v 20067 82 43
v 20068 109 62
v 20069 241 124
v 20070 47 24
v 20071 20 12
v 20072 325 165
v 20073 237 120
v 20074 158 75
v 20075 90 42
v 20076 93 51
v 20077 136 76
v 20078 97 55
v 20079 126 64
v 20080 141 73
v 20081 79 46
v 20082 86 46
v 20087 139 74
v 20088 68 39
v 20089 145 81
v 20091 210 118
v 20094 92 37
v 20096 197 105
v 20097 93 50
v 20099 104 53
v 20103 205 106
v 20104 118 65
v 20105 67 35
v 20106 41 20
v 20113 67 36
v 20123 32 16
v 20304 52 21
v 20305 71 25
v 20306 28 11
v 20307 53 22
v 20308 266 105
v 20309 229 81
v 20310 353 147
v 20311 168 68
v 20312 167 69
v 20313 21 8
v 20314 81 36
v 20315 76 34
v 20316 18 8
v 20317 220 96
v 20318 42 22
v 20319 55 19
v 20320 123 46
v 20321 187 83
v 20322 85 36
v 20323 104 49
v 20324 104 35
v 20325 219 93
v 20326 51 28
v 20327 24 10
v 20328 357 148
v 20329 234 95
v 20330 110 41
v 20331 70 28
v 20332 95 37
v 20333 118 49
v 20334 89 38
v 20335 99 43
v 20336 138 69
v 20337 44 17
v 20338 83 41
v 20343 109 46
v 20344 60 32
v 20345 111 46
v 20347 206 91
v 20350 73 36
v 20352 175 72
v 20353 88 41
v 20355 105 42
v 20359 147 52
v 20360 119 55
v 20361 86 39
v 20362 48 21
v 20369 71 32
v 20379 22 13
v 20561 99 41
v 20562 39 16
v 20563 81 39
v 20564 422 178
v 20565 359 175
v 20566 548 280
v 20567 217 110
v 20568 247 102
v 20569 33 21
v 20570 109 47
v 20571 86 38
v 20572 33 14
v 20573 378 181
v 20574 51 25
v 20575 54 18
v 20576 167 87
v 20577 272 132
v 20578 113 60
v 20579 149 70
v 20580 135 60
v 20581 305 168
v 20582 74 38
v 20583 19 8
v 20584 436 204
v 20585 324 157
v 20586 168 83
v 20587 109 56
v 20588 129 54
v 20589 184 88
v 20590 136 73
v 20591 145 79
v 20592 168 69
v 20593 109 52
v 20594 117 51
v 20599 173 78
v 20600 95 45
v 20601 160 77
v 20603 245 126
v 20606 88 46
v 20608 243 121
v 20609 113 62
v 20611 117 59
v 20615 228 102
v 20616 178 94
v 20617 108 62
v 20618 48 23
v 20625 103 55
v 20635 29 14
v 20818 71 34
v 20819 140 78
v 20820 823 472
v 20821 629 325
v 20822 823 453
v 20823 399 184
v 20824 412 192
v 20825 57 26
v 20826 165 79
v 20827 149 81
v 20828 47 21
v 20829 518 270
v 20830 115 69
v 20831 125 58
v 20832 285 161
v 20833 388 212
v 20834 171 79
v 20835 369 213
v 20836 183 97
v 20837 550 299
v 20838 110 57
v 20839 41 23
v 20840 865 432
v 20841 472 232
v 20842 254 133
v 20843 134 62
v 20844 273 145
v 20845 250 133
v 20846 177 85
v 20847 209 126
v 20848 214 109
v 20849 146 74
v 20850 226 113
v 20855 275 133
v 20856 118 64
v 20857 241 129
v 20859 413 213
v 20862 159 90
v 20864 374 196
v 20865 158 83
v 20867 168 79
v 20871 348 146
v 20872 256 150
v 20873 162 103
v 20874 99 61
v 20881 142 86
v 20891 53 32
v 21075 57 30
v 21076 251 135
v 21077 264 154
v 21078 349 192
v 21079 107 50
v 21080 163 91
v 21081 22 11
v 21082 84 43
v 21083 89 52
v 21084 23 9
v 21085 170 100
v 21086 35 16
v 21087 27 11
v 21088 79 45
v 21089 159 91
v 21090 63 32
v 21091 89 46
v 21092 64 34
v 21093 172 104
v 21094 54 33
v 21095 7 5
v 21096 273 150
v 21097 173 92
v 21098 97 61
v 21099 51 23
v 21100 59 32
v 21101 136 71
v 21102 76 31
v 21103 84 54
v 21104 63 27
v 21105 82 51
v 21106 61 33
v 21111 85 47
v 21112 35 16
v 21113 101 55
v 21115 161 93
v 21118 55 31
v 21120 130 73
v 21121 48 34
v 21123 84 44
v 21127 115 50
v 21128 112 57
v 21129 63 35
v 21130 38 14
v 21137 67 34
v 21147 33 16
v 21332 464 202
v 21333 420 200
v 21334 614 285
v 21335 262 117
v 21336 262 127
v 21337 38 19
v 21338 146 69
v 21339 109 43
v 21340 30 14
v 21341 396 190
v 21342 69 40
v 21343 78 32
v 21344 163 72
v 21345 308 150
v 21346 219 106
v 21347 160 70
v 21348 151 77
v 21349 330 153
v 21350 78 35
v 21351 22 13
v 21352 486 212
v 21353 385 184
v 21354 172 88
v 21355 101 51
v 21356 190 91
v 21357 220 117
v 21358 139 55
v 21359 169 89
v 21360 196 86
v 21361 124 50
v 21362 122 54
v 21367 206 96
v 21368 82 32
v 21369 200 77
v 21371 332 171
v 21374 111 40
v 21376 284 125
v 21377 123 44
v 21379 120 42
v 21383 290 125
v 21384 213 102
v 21385 129 65
v 21386 70 31
v 21393 118 58
v 21403 32 24
v 21589 2614 1283
v 21590 3756 1911
v 21591 1557 809
v 21592 1746 837
v 21593 169 93
v 21594 664 348
v 21595 513 269
v 21596 188 82
v 21597 2691 1347
v 21598 425 231
v 21599 447 251
v 21600 1046 556
v 21601 1771 909
v 21602 842 466
v 21603 1209 667
v 21604 861 422
v 21605 2141 1117
v 21606 500 245
v 21607 140 58
v 21608 3159 1495
v 21609 1985 935
v 21610 1003 522
v 21611 609 306
v 21612 1178 600
v 21613 1076 598
v 21614 774 372
v 21615 781 418
v 21616 1022 514
v 21617 581 265
v 21618 800 447
v 21623 1226 617
v 21624 498 292
v 21625 993 471
v 21627 1718 976
v 21630 621 303
v 21632 1688 869
v 21633 699 392
v 21635 701 372
v 21639 1477 728
v 21640 1040 547
v 21641 555 292
v 21642 396 198
v 21649 485 269
v 21659 226 116
v 21846 3248 1553
v 21847 1335 711
v 21848 1548 712
v 21849 160 70
v 21850 636 310
v 21851 541 281
v 21852 177 90
v 21853 2053 1006
v 21854 429 186
v 21855 359 178
v 21856 892 455
v 21857 1497 736
v 21858 857 462
v 21859 924 497
v 21860 766 386
v 21861 1712 860
v 21862 391 224
v 21863 110 54
v 21864 2658 1223
v 21865 1789 881
v 21866 846 401
v 21867 511 267
v 21868 906 480
v 21869 1004 580
v 21870 761 385
v 21871 790 435
v 21872 967 497
v 21873 613 282
v 21874 679 354
v 21879 1047 514
v 21880 444 224
v 21881 952 466
v 21883 1534 825
v 21886 567 293
v 21888 2126 1086
v 21889 578 314
v 21891 679 327
v 21895 1344 609
v 21896 1007 518
v 21897 535 275
v 21898 369 193
v 21905 500 250
v 21915 194 105
v 22103 2059 1057
v 22104 2321 1079
v 22105 192 105
v 22106 864 401
v 22107 712 352
v 22108 254 128
v 22109 3172 1594
v 22110 470 244
v 22111 487 240
v 22112 1293 652
v 22113 2360 1274
v 22114 917 529
v 22115 1124 560
v 22116 1260 615
v 22117 2495 1253
v 22118 559 274
v 22119 154 68
v 22120 3782 1701
v 22121 2647 1310
v 22122 1538 748
v 22123 965 480
v 22124 1233 746
v 22125 1418 801
v 22126 1068 474
v 22127 1117 560
v 22128 1417 677
v 22129 746 359
v 22130 1084 585
v 22135 1478 728
v 22136 746 385
v 22137 1361 672
v 22139 2301 1148
v 22142 936 472
v 22144 2385 1227
v 22145 972 504
v 22147 1043 559
v 22151 2008 901
v 22152 1316 682
v 22153 781 405
v 22154 502 276
v 22161 722 378
v 22171 317 166
v 22360 955 475
v 22361 79 37
v 22362 315 161
v 22363 269 140
v 22364 85 34
v 22365 1135 642
v 22366 220 106
v 22367 203 95
v 22368 550 269
v 22369 915 489
v 22370 367 211
v 22371 475 250
v 22372 562 316
v 22373 1026 518
v 22374 235 109
v 22375 66 41
v 22376 1545 708
v 22377 997 499
v 22378 581 297
v 22379 343 185
v 22380 597 309
v 22381 542 307
v 22382 428 198
v 22383 435 205
v 22384 542 267
v 22385 267 127
v 22386 414 222
v 22391 669 316
v 22392 328 171
v 22393 616 292
v 22395 882 476
v 22398 419 225
v 22400 914 470
v 22401 392 227
v 22403 433 221
v 22407 785 388
v 22408 521 272
v 22409 294 177
v 22410 175 82
v 22417 280 153
v 22427 105 60
v 22617 87 49
v 22618 397 203
v 22619 306 170
v 22620 118 60
v 22621 1670 917
v 22622 201 118
v 22623 218 110
v 22624 689 364
v 22625 1118 561
v 22626 400 238
v 22627 550 328
v 22628 529 292
v 22629 1307 676
v 22630 253 133
v 22631 69 32
v 22632 1835 870
v 22633 1275 704
v 22634 733 368
v 22635 479 259
v 22636 697 385
v 22637 642 396
v 22638 486 251
v 22639 532 295
v 22640 648 333
v 22641 327 160
v 22642 509 302
v 22647 809 446
v 22648 347 172
v 22649 638 305
v 22651 1092 614
v 22654 432 252
v 22656 990 523
v 22657 424 228
v 22659 472 258
v 22663 909 484
v 22664 653 343
v 22665 394 224
v 22666 225 128
v 22673 325 189
v 22683 119 59
v 22874 54 18
v 22875 46 22
v 22876 21 11
v 22877 130 65
v 22878 26 15
v 22879 21 10
v 22880 44 19
v 22881 99 61
v 22882 40 19
v 22883 72 34
v 22884 44 28
v 22885 125 58
v 22886 39 19
v 22887 8 4
v 22888 154 69
v 22889 132 56
v 22890 75 37
v 22891 32 18
v 22892 49 19
v 22893 89 50
v 22894 41 16
v 22895 48 23
v 22896 69 41
v 22897 60 23
v 22898 49 27
v 22903 65 34
v 22904 27 18
v 22905 49 23
v 22907 108 51
v 22910 36 18
v 22912 84 36
v 22913 27 13
v 22915 49 28
v 22919 86 32
v 22920 64 31
v 22921 35 19
v 22922 23 10
v 22929 44 23
v 22939 9 5
v 23131 192 100
v 23132 69 27
v 23133 480 222
v 23134 91 47
v 23135 91 46
v 23136 193 98
v 23137 417 197
v 23138 168 90
v 23139 263 134
v 23140 226 107
v 23141 497 227
v 23142 112 56
v 23143 39 22
v 23144 718 333
v 23145 555 290
v 23146 294 153
v 23147 156 74
v 23148 223 114
v 23149 304 176
v 23150 220 111
v 23151 233 110
v 23152 302 145
v 23153 214 101
v 23154 170 90
v 23159 279 149
v 23160 125 65
v 23161 250 120
v 23163 483 266
v 23166 168 75
v 23168 406 189
v 23169 168 98
v 23171 209 107
v 23175 378 194
v 23176 300 145
v 23177 176 95
v 23178 78 43
v 23185 155 88
v 23195 49 29
v 23388 59 23
v 23389 382 179
v 23390 92 53
v 23391 64 30
v 23392 164 90
v 23393 375 183
v 23394 164 85
v 23395 201 107
v 23396 212 109
v 23397 385 195
v 23398 93 43
v 23399 27 17
v 23400 605 261
v 23401 522 260
v 23402 228 118
v 23403 157 81
v 23404 139 64
v 23405 318 182
v 23406 174 79
v 23407 198 93
v 23408 246 119
v 23409 204 94
v 23410 134 70
v 23415 197 100
v 23416 111 54
v 23417 268 128
v 23419 463 228
v 23422 145 69
v 23424 344 174
v 23425 138 74
v 23427 208 98
v 23431 339 155
v 23432 263 136
v 23433 151 80
v 23434 78 45
v 23441 143 70
v 23451 54 34
v 23645 119 68
v 23646 41 16
v 23647 32 12
v 23648 68 39
v 23649 146 90
v 23650 50 28
v 23651 57 36
v 23652 57 28
v 23653 165 89
v 23654 29 15
v 23655 12 7
v 23656 238 110
v 23657 147 88
v 23658 72 37
v 23659 51 30
v 23660 62 30
v 23661 113 65
v 23662 60 35
v 23663 74 39
v 23664 74 44
v 23665 62 32
v 23666 53 28
v 23671 78 37
v 23672 46 29
v 23673 93 42
v 23675 137 81
v 23678 60 32
v 23680 104 68
v 23681 46 25
v 23683 78 40
v 23687 125 66
v 23688 86 45
v 23689 49 27
v 23690 25 15
v 23697 45 23
v 23707 18 12
v 23902 319 187
v 23903 363 185
v 23904 920 485
v 23905 1413 693
v 23906 666 349
v 23907 1022 602
v 23908 802 399
v 23909 1542 725
v 23910 404 207
v 23911 98 43
v 23912 2352 1077
v 23913 1377 605
v 23914 1055 593
v 23915 611 323
v 23916 870 458
v 23917 825 470
v 23918 585 265
v 23919 691 346
v 23920 890 449
v 23921 440 213
v 23922 737 415
v 23927 948 453
v 23928 481 253
v 23929 777 327
v 23931 1387 736
v 23934 622 343
v 23936 1423 683
v 23937 613 300
v 23939 597 289
v 23943 1139 482
v 23944 829 423
v 23945 509 255
v 23946 326 158
v 23953 443 241
v 23963 204 102
v 24159 68 27
v 24160 136 61
v 24161 194 101
v 24162 109 56
v 24163 158 83
v 24164 99 49
v 24165 277 146
v 24166 73 35
v 24167 13 5
v 24168 479 216
v 24169 300 153
v 24170 156 73
v 24171 88 42
v 24172 128 66
v 24173 186 104
v 24174 120 50
v 24175 123 75
v 24176 150 74
v 24177 90 38
v 24178 117 48
v 24183 162 72
v 24184 67 35
v 24185 119 54
v 24187 222 128
v 24190 87 44
v 24192 215 103
v 24193 64 43
v 24195 91 45
v 24199 217 95
v 24200 135 74
v 24201 92 43
v 24202 52 27
v 24209 71 41
v 24219 26 11
v 24416 150 76
v 24417 225 102
v 24418 94 49
v 24419 218 110
v 24420 121 66
v 24421 253 111
v 24422 76 41
v 24423 17 8
v 24424 583 300
v 24425 234 117
v 24426 152 82
v 24427 93 50
v 24428 145 82
v 24429 137 75
v 24430 112 58
v 24431 98 43
v 24432 128 58
v 24433 99 50
v 24434 133 73
v 24439 156 78
v 24440 72 38
v 24441 133 69
v 24443 217 121
v 24446 94 50
v 24448 216 116
v 24449 99 53
v 24451 100 56
v 24455 201 104
v 24456 185 110
v 24457 89 50
v 24458 58 27
v 24465 88 61
v 24475 23 11
v 24673 587 288
v 24674 261 138
v 24675 406 180
v 24676 333 171
v 24677 726 377
v 24678 177 83
v 24679 48 22
v 24680 1232 576
v 24681 711 343
v 24682 365 176
v 24683 239 114
v 24684 465 216
v 24685 358 195
v 24686 284 133
v 24687 283 132
v 24688 352 171
v 24689 156 69
v 24690 328 182
v 24695 387 185
v 24696 178 86
v 24697 354 148
v 24699 543 269
v 24702 232 113
v 24704 618 311
v 24705 265 136
v 24707 268 130
v 24711 539 235
v 24712 366 188
v 24713 206 99
v 24714 123 63
v 24721 198 109
v 24731 97 50
v 24930 494 257
v 24931 518 268
v 24932 595 304
v 24933 1055 526
v 24934 275 138
v 24935 81 38
v 24936 1876 904
v 24937 1205 565
v 24938 720 333
v 24939 483 250
v 24940 618 329
v 24941 698 389
v 24942 518 243
v 24943 587 322
v 24944 664 316
v 24945 369 174
v 24946 479 259
v 24951 714 351
v 24952 341 177
v 24953 725 317
v 24955 1122 600
v 24958 468 235
v 24960 1117 572
v 24961 511 241
v 24963 522 272
v 24967 1012 481
v 24968 717 389
v 24969 387 212
v 24970 223 114
v 24977 375 190
v 24987 166 84
v 25187 289 151
v 25188 303 141
v 25189 456 194
v 25190 113 50
v 25191 52 20
v 25192 797 364
v 25193 479 208
v 25194 299 141
v 25195 204 116
v 25196 247 116
v 25197 294 161
v 25198 194 87
v 25199 194 89
v 25200 282 148
v 25201 159 72
v 25202 198 103
v 25207 261 132
v 25208 123 68
v 25209 181 58
v 25211 491 272
v 25214 168 82
v 25216 463 212
v 25217 197 98
v 25219 222 108
v 25223 389 176
v 25224 283 127
v 25225 161 68
v 25226 115 48
v 25233 141 69
v 25243 69 32
v 25444 281 151
v 25445 796 424
v 25446 178 75
v 25447 39 18
v 25448 1194 499
v 25449 781 412
v 25450 321 162
v 25451 187 95
v 25452 390 182
v 25453 375 199
v 25454 268 120
v 25455 280 139
v 25456 351 184
v 25457 207 95
v 25458 330 167
v 25463 390 168
v 25464 166 100
v 25465 361 174
v 25467 586 257
v 25470 208 110
v 25472 532 290
v 25473 225 113
v 25475 257 127
v 25479 479 235
v 25480 402 202
v 25481 249 113
v 25482 170 90
v 25489 178 90
v 25499 82 41
v 25701 649 315
v 25702 149 76
v 25703 43 24
v 25704 966 471
v 25705 718 346
v 25706 363 177
v 25707 273 131
v 25708 283 135
v 25709 412 221
v 25710 293 125
v 25711 279 147
v 25712 332 152
v 25713 189 94
v 25714 299 140
v 25719 405 203
v 25720 224 119
v 25721 362 161
v 25723 517 263
v 25726 275 135
v 25728 644 324
v 25729 305 155
v 25731 288 148
v 25735 572 253
v 25736 351 179
v 25737 183 86
v 25738 138 70
v 25745 186 104
v 25755 84 32
v 25958 348 174
v 25959 67 36
v 25960 1990 928
v 25961 1423 700
v 25962 662 355
v 25963 469 243
v 25964 691 390
v 25965 705 399
v 25966 529 252
v 25967 564 286
v 25968 659 312
v 25969 451 219
v 25970 539 287
v 25975 793 413
v 25976 393 197
v 25977 705 333
v 25979 1223 664
v 25982 423 209
v 25984 1160 571
v 25985 476 242
v 25987 491 255
v 25991 1065 498
v 25992 723 357
v 25993 479 278
v 25994 228 131
v 26001 381 198
v 26011 139 75
v 26215 19 13
v 26216 477 221
v 26217 331 162
v 26218 175 103
v 26219 92 50
v 26220 158 77
v 26221 188 97
v 26222 126 66
v 26223 119 57
v 26224 167 78
v 26225 92 47
v 26226 145 82
v 26231 133 58
v 26232 101 54
v 26233 145 65
v 26235 261 130
v 26238 109 64
v 26240 248 125
v 26241 122 72
v 26243 137 88
v 26247 255 115
v 26248 156 85
v 26249 98 46
v 26250 54 28
v 26257 76 47
v 26267 27 17
v 26472 130 58
v 26473 95 51
v 26474 48 25
v 26475 19 8
v 26476 45 24
v 26477 53 24
v 26478 41 25
v 26479 43 24
v 26480 52 27
v 26481 28 13
v 26482 35 24
v 26487 48 25
v 26488 19 11
v 26489 40 24
v 26491 78 41
v 26494 24 16
v 26496 76 40
v 26497 37 19
v 26499 37 25
v 26503 76 37
v 26504 41 19
v 26505 19 9
v 26506 21 11
v 26513 34 17
v 26523 16 7
v 26729 1974 983
v 26730 1017 594
v 26731 704 376
v 26732 1070 615
v 26733 1128 684
v 26734 913 472
v 26735 754 398
v 26736 934 432
v 26737 701 345
v 26738 964 520
v 26743 1180 662
v 26744 543 319
v 26745 1069 544
v 26747 1812 993
v 26750 676 359
v 26752 1747 881
v 26753 804 436
v 26755 650 333
v 26759 1816 854
v 26760 1141 624
v 26761 656 372
v 26762 367 204
v 26769 561 329
v 26779 227 129
v 26986 819 423
v 26987 457 232
v 26988 597 328
v 26989 880 535
v 26990 604 286
v 26991 750 377
v 26992 876 467
v 26993 601 289
v 26994 524 275
v 26999 783 426
v 27000 403 216
v 27001 778 372
v 27003 1441 798
v 27006 498 273
v 27008 1103 576
v 27009 477 255
v 27011 597 326
v 27015 1126 556
v 27016 840 498
v 27017 497 261
v 27018 252 126
v 27025 437 246
v 27035 151 78
v 27243 337 185
v 27244 435 227
v 27245 446 264
v 27246 286 129
v 27247 282 116
v 27248 440 204
v 27249 259 123
v 27250 374 182
v 27255 461 213
v 27256 261 147
v 27257 376 175
v 27259 703 390
v 27262 290 152
v 27264 661 323
v 27265 280 150
v 27267 368 193
v 27271 634 302
v 27272 450 236
v 27273 237 121
v 27274 139 66
v 27281 210 110
v 27291 93 45
v 27500 253 131
v 27501 289 159
v 27502 216 106
v 27503 224 109
v 27504 267 122
v 27505 153 73
v 27506 228 116
v 27511 295 133
v 27512 142 79
v 27513 262 143
v 27515 446 239
v 27518 187 93
v 27520 464 225
v 27521 173 87
v 27523 186 89
v 27527 402 186
v 27528 275 152
v 27529 172 90
v 27530 77 47
v 27537 159 83
v 27547 83 40
v 27757 326 189
v 27758 270 122
v 27759 267 131
v 27760 356 164
v 27761 175 91
v 27762 269 143
v 27767 436 204
v 27768 209 115
v 27769 352 159
v 27771 584 288
v 27774 245 120
v 27776 585 299
v 27777 269 141
v 27779 234 117
v 27783 545 261
v 27784 310 157
v 27785 215 109
v 27786 133 66
v 27793 185 87
v 27803 80 43
v 28014 322 123
v 28015 392 158
v 28016 373 157
v 28017 314 130
v 28018 293 160
v 28023 454 200
v 28024 227 115
v 28025 419 171
v 28027 732 341
v 28030 268 122
v 28032 656 304
v 28033 252 108
v 28035 356 149
v 28039 646 264
v 28040 509 245
v 28041 293 151
v 28042 168 71
v 28049 256 128
v 28059 100 49
v 28271 247 121
v 28272 353 209
v 28273 203 94
v 28274 190 115
v 28279 299 162
v 28280 143 78
v 28281 312 148
v 28283 520 272
v 28286 181 87
v 28288 795 389
v 28289 189 104
v 28291 240 112
v 28295 486 263
v 28296 348 177
v 28297 182 111
v 28298 105 57
v 28305 144 88
v 28315 87 53
v 28528 380 190
v 28529 247 121
v 28530 219 124
v 28535 351 174
v 28536 183 86
v 28537 377 195
v 28539 613 325
v 28542 244 121
v 28544 504 248
v 28545 188 91
v 28547 254 117
v 28551 510 226
v 28552 382 180
v 28553 212 110
v 28554 119 67
v 28561 176 83
v 28571 78 39
v 28785 239 119
v 28786 276 142
v 28791 464 236
v 28792 195 106
v 28793 430 216
v 28795 675 339
v 28798 259 124
v 28800 640 326
v 28801 242 131
v 28803 308 161
v 28807 588 303
v 28808 404 232
v 28809 258 127
v 28810 198 99
v 28817 209 112
v 28827 95 49
v 29042 152 92
v 29047 268 141
v 29048 122 78
v 29049 265 150
v 29051 442 269
v 29054 180 86
v 29056 411 210
v 29057 146 78
v 29059 216 119
v 29063 347 192
v 29064 326 155
v 29065 175 102
v 29066 84 54
v 29073 149 77
v 29083 56 27
v 29303 321 151
v 29304 162 96
v 29305 291 130
v 29307 461 225
v 29310 206 106
v 29312 494 229
v 29313 207 103
v 29315 207 99
v 29319 387 168
v 29320 343 159
v 29321 183 93
v 29322 123 49
v 29329 190 98
v 29339 65 33
v 30584 256 124
v 30585 468 222
v 30587 730 393
v 30590 288 160
v 30592 669 336
v 30593 279 144
v 30595 311 146
v 30599 640 304
v 30600 408 221
v 30601 279 156
v 30602 132 69
v 30609 231 132
v 30619 115 53
v 30841 209 94
v 30843 364 180
v 30846 160 88
v 30848 393 179
v 30849 153 75
v 30851 180 89
v 30855 341 151
v 30856 206 101
v 30857 135 68
v 30858 64 28
v 30865 103 56
v 30875 66 27
v 31099 699 370
v 31102 252 130
v 31104 684 353
v 31105 259 134
v 31107 348 172
v 31111 593 282
v 31112 450 245
v 31113 281 173
v 31114 136 61
v 31121 217 128
v 31131 77 45
v 31614 446 198
v 31616 1048 497
v 31617 453 219
v 31619 553 251
v 31623 1071 451
v 31624 772 384
v 31625 428 190
v 31626 217 115
v 31633 365 191
v 31643 155 73
v 32384 427 206
v 32385 210 120
v 32387 245 119
v 32391 423 179
v 32392 249 112
v 32393 157 77
v 32394 94 47
v 32401 163 90
v 32411 57 28
v 32897 517 266
v 32899 487 251
v 32903 1040 512
v 32904 643 335
v 32905 402 203
v 32906 226 128
v 32913 338 197
v 32923 171 90
v 33155 232 112
v 33159 417 193
v 33160 226 111
v 33161 158 77
v 33162 113 52
v 33169 152 74
v 33179 62 34
v 33671 490 231
v 33672 315 163
v 33673 217 122
v 33674 119 64
v 33681 168 90
v 33691 67 35
v 34696 609 345
v 34697 399 223
v 34698 192 104
v 34705 331 184
v 34715 151 88
v 34953 292 148
v 34954 140 64
v 34961 231 120
v 34971 79 37
v 35210 80 45
v 35217 167 82
v 35227 54 25
v 35473 83 44
v 35483 30 14
v 37275 54 27
s 258 2429 1263
s 259 370 190
s 260 164 83
s 261 2040 1045
s 262 439 200
s 263 2053 1059
s 264 250 121
s 265 1549 802
s 266 87 42
s 267 940 429
s 268 173 84
s 269 346 170
s 270 3937 2028
s 271 724 388
s 272 514 249
s 273 678 322
s 274 217 122
s 275 764 329
s 276 1057 563
s 277 2102 1010
s 278 1785 872
s 279 583 312
s 281 2155 1027
s 282 3595 1832
s 283 2596 1360
s 284 897 438
s 285 2088 1065
s 286 2394 1295
s 287 1450 767
s 288 448 225
s 289 484 249
s 290 617 287
s 291 2432 1248
s 292 2060 1049
s 293 875 445
s 294 227 104
s 295 1228 580
s 296 953 492
s 297 127 63
s 298 1321 737
s 299 787 413
s 300 292 150
s 301 548 310
s 302 233 102
s 303 954 479
s 304 277 141
s 305 1673 896
s 306 736 413
s 307 343 184
s 308 239 124
s 309 989 434
s 310 328 164
s 311 544 276
s 312 325 180
s 313 276 164
s 314 296 133
s 315 497 220
s 316 974 501
s 317 269 153
s 318 887 484
s 319 456 222
s 320 1104 541
s 321 124 47
s 322 39 20
s 323 172 86
s 324 1244 666
s 325 638 303
s 326 218 97
s 327 2378 1271
s 328 354 163
s 329 251 119
s 330 2579 1325
s 331 1423 715
s 332 1500 827
s 333 177 85
s 334 271 138
s 335 246 118
s 336 175 91
s 337 539 290
s 338 205 115
s 339 414 201
s 340 2206 1101
s 341 2077 1036
s 342 2922 1474
s 343 1210 630
s 344 1428 751
s 345 37 18
s 346 569 306
s 347 411 210
s 348 206 119
s 349 566 288
s 350 103 52
s 351 90 44
s 352 780 382
s 353 1349 670
s 354 556 250
s 355 861 418
s 356 665 327
s 357 1612 855
s 358 306 161
s 359 88 39
s 360 2436 1270
s 361 1839 960
s 362 844 417
s 363 522 268
s 364 748 382
s 365 109 44
s 366 649 338
s 367 796 396
s 368 914 473
s 369 549 304
s 370 345 153
s 375 912 473
s 376 414 215
s 377 856 453
s 379 1504 718
s 382 525 242
s 384 1306 662
s 385 567 291
s 387 676 333
s 391 1177 659
s 392 865 397
s 393 565 265
s 394 131 61
s 401 250 123
s 411 161 73
s 515 418 198
s 516 505 261
s 517 2599 1343
s 518 3284 1460
s 519 1647 787
s 520 3133 1690
s 521 1897 993
s 522 574 288
s 523 1569 681
s 524 2112 1149
s 525 465 217
s 526 3691 1875
s 527 561 275
s 528 252 122
s 529 876 399
s 530 1519 797
s 531 757 317
s 532 1528 805
s 533 2784 1319
s 534 2218 1103
s 535 374 167
s 537 2692 1205
s 538 4524 2182
s 539 3223 1635
s 540 206 101
s 541 394 178
s 542 3121 1660
s 543 1860 993
s 544 800 404
s 545 332 167
s 546 716 371
s 547 3448 1704
s 548 1867 954
s 549 1068 501
s 550 89 41
s 551 1542 732
s 552 1173 579
s 553 1227 560
s 554 783 443
s 555 664 312
s 556 2294 1191
s 557 695 374
s 558 764 369
s 559 942 443
s 560 1972 990
s 561 843 467
s 562 945 522
s 563 331 152
s 564 315 192
s 565 1613 721
s 566 2312 1253
s 567 157 87
s 568 726 381
s 569 207 108
s 570 340 170
s 571 480 227
s 572 152 80
s 573 320 167
s 574 1024 550
s 575 859 425
s 576 1422 677
s 577 84 41
s 578 53 24
s 579 1524 859
s 580 1579 846
s 581 151 71
s 582 1115 529
s 583 2254 1200
s 584 597 277
s 585 337 168
s 586 3238 1633
s 587 1761 883
s 588 1918 1065
s 589 46 21
s 590 47 26
s 591 307 135
s 592 372 176
s 593 244 123
s 594 236 129
s 595 457 197
s 596 2446 1308
s 597 1850 939
s 598 3654 1799
s 599 1523 747
s 600 1526 793
s 601 163 80
s 602 670 336
s 603 514 244
s 604 138 81
s 605 2301 1146
s 606 396 210
s 607 399 205
s 608 119 49
s 609 925 409
s 610 136 58
s 611 128 65
s 612 765 379
s 613 2151 1096
s 614 314 168
s 615 74 39
s 616 527 257
s 617 1929 949
s 618 1003 488
s 619 542 270
s 620 167 75
s 621 1112 488
s 622 680 340
s 623 885 427
s 624 985 484
s 625 671 368
s 626 773 341
s 631 1152 571
s 632 352 137
s 633 1081 557
s 635 1896 865
s 638 609 281
s 640 1650 823
s 641 113 48
s 643 758 385
s 647 248 134
s 648 901 437
s 649 165 79
s 650 401 207
s 657 520 224
s 667 102 50
s 772 72 38
s 773 138 70
s 774 393 195
s 775 312 161
s 776 399 211
s 777 191 101
s 778 83 42
s 779 226 105
s 780 294 158
s 781 65 35
s 782 492 255
s 783 125 55
s 784 72 33
s 785 123 67
s 786 257 132
s 787 155 67
s 788 156 74
s 789 292 142
s 790 199 112
s 791 93 51
s 793 321 148
s 794 339 170
s 795 195 93
s 796 135 78
s 797 371 175
s 798 195 106
s 799 115 61
s 800 89 47
s 801 51 30
s 802 93 39
s 803 370 206
s 804 313 153
s 805 60 32
s 806 30 15
s 807 154 79
s 808 72 36
s 809 174 79
s 810 270 156
s 811 129 59
s 812 273 134
s 813 65 31
s 814 102 48
s 815 146 67
s 816 318 172
s 817 290 157
s 818 56 32
s 819 40 22
s 820 39 24
s 821 178 81
s 822 352 189
s 823 91 51
s 824 96 54
s 825 41 23
s 826 53 19
s 827 73 26
s 828 176 100
s 829 55 21
s 830 108 60
s 831 79 36
s 832 107 61
s 833 13 6
s 834 7 4
s 835 220 130
s 836 114 58
s 837 110 42
s 838 164 77
s 839 244 131
s 840 48 22
s 841 45 18
s 842 433 216
s 843 135 68
s 844 287 154
s 845 29 17
s 846 52 27
s 847 26 7
s 848 55 28
s 849 95 49
s 850 47 30
s 851 39 17
s 852 250 132
s 853 238 123
s 854 324 166
s 855 98 49
s 856 144 84
s 857 22 10
s 858 92 45
s 859 61 32
s 860 44 29
s 861 301 156
s 862 54 28
s 863 52 27
s 864 115 69
s 865 194 84
s 866 95 37
s 867 152 67
s 868 86 45
s 869 159 89
s 870 53 26
s 871 21 13
s 872 385 202
s 873 194 99
s 874 136 63
s 875 83 51
s 876 130 74
s 877 162 80
s 878 84 49
s 879 60 23
s 880 83 41
s 881 92 43
s 882 106 47
s 887 100 54
s 888 60 33
s 889 114 50
s 891 145 77
s 894 82 44
s 896 159 83
s 897 119 60
s 899 59 30
s 903 214 120
s 904 135 63
s 905 122 57
s 906 57 24
s 913 98 50
s 923 24 13
s 1029 497 275
s 1030 287 139
s 1031 381 198
s 1032 288 165
s 1033 336 182
s 1034 47 28
s 1035 195 82
s 1036 162 94
s 1037 53 21
s 1038 865 464
s 1039 188 93
s 1040 130 73
s 1041 128 55
s 1042 146 97
s 1043 164 83
s 1044 294 149
s 1045 473 232
s 1046 448 244
s 1047 115 59
s 1049 413 193
s 1050 812 411
s 1051 642 371
s 1052 184 91
s 1053 447 204
s 1054 566 324
s 1055 346 199
s 1056 117 69
s 1057 99 54
s 1058 108 54
s 1059 569 300
s 1060 424 240
s 1061 198 97
s 1062 46 24
s 1063 222 105
s 1064 229 119
s 1065 115 51
s 1066 305 180
s 1067 156 81
s 1068 246 126
s 1069 132 65
s 1070 92 42
s 1071 222 109
s 1072 183 103
s 1073 314 188
s 1074 135 69
s 1075 89 37
s 1076 59 33
s 1077 257 106
s 1078 180 98
s 1079 99 55
s 1080 90 47
s 1081 65 39
s 1082 49 28
s 1083 113 50
s 1084 167 94
s 1085 59 32
s 1086 167 70
s 1087 121 53
s 1088 289 163
s 1089 21 7
s 1090 15 9
s 1091 139 84
s 1092 271 160
s 1093 136 64
s 1094 102 46
s 1095 488 279
s 1096 80 33
s 1097 57 23
s 1098 486 272
s 1099 298 146
s 1100 269 134
s 1101 18 8
s 1102 43 26
s 1103 54 27
s 1104 40 21
s 1105 130 68
s 1106 31 19
s 1107 92 39
s 1108 547 299
s 1109 418 210
s 1110 581 291
s 1111 250 110
s 1112 253 146
s 1113 17 10
s 1114 99 55
s 1115 87 45
s 1116 18 9
s 1117 240 131
s 1118 50 31
s 1119 63 31
s 1120 168 81
s 1121 224 124
s 1122 144 65
s 1123 212 110
s 1124 163 84
s 1125 387 198
s 1126 77 46
s 1127 27 14
s 1128 490 269
s 1129 398 210
s 1130 129 73
s 1131 99 47
s 1132 164 96
s 1133 81 37
s 1134 145 73
s 1135 153 76
s 1136 180 96
s 1137 102 62
s 1138 97 51
s 1143 189 88
s 1144 82 37
s 1145 178 95
s 1147 277 131
s 1150 97 57
s 1152 276 142
s 1153 118 59
s 1155 116 62
s 1159 210 109
s 1160 155 81
s 1161 98 62
s 1162 40 19
s 1169 65 31
s 1179 34 13
s 1286 2595 1229
s 1287 1911 1010
s 1288 3133 1724
s 1289 1082 567
s 1290 432 226
s 1291 1267 568
s 1292 1686 959
s 1293 412 207
s 1294 3211 1741
s 1295 1000 512
s 1296 459 234
s 1297 748 369
s 1298 1415 753
s 1299 834 363
s 1300 935 517
s 1301 2032 1048
s 1302 1463 753
s 1303 615 304
s 1305 2083 1025
s 1306 1917 976
s 1307 1133 568
s 1308 1006 515
s 1309 2248 1149
s 1310 1108 604
s 1311 635 316
s 1312 794 439
s 1313 371 184
s 1314 553 260
s 1315 2890 1496
s 1316 2271 1170
s 1317 382 190
s 1318 249 108
s 1319 1240 607
s 1320 554 264
s 1321 1119 551
s 1322 2022 1127
s 1323 882 447
s 1324 1939 1003
s 1325 329 170
s 1326 616 274
s 1327 1149 560
s 1328 1463 757
s 1329 1791 951
s 1330 290 155
s 1331 263 127
s 1332 220 126
s 1333 1179 485
s 1334 2014 1064
s 1335 514 266
s 1336 621 314
s 1337 188 86
s 1338 217 104
s 1339 494 230
s 1340 1012 546
s 1341 257 124
s 1342 616 318
s 1343 621 299
s 1344 577 292
s 1345 83 45
s 1346 14 7
s 1347 1399 776
s 1348 712 380
s 1349 783 409
s 1350 1030 517
s 1351 1759 957
s 1352 385 167
s 1353 322 146
s 1354 2208 1181
s 1355 979 535
s 1356 1721 928
s 1357 157 86
s 1358 251 133
s 1359 106 47
s 1360 351 184
s 1361 657 336
s 1362 186 111
s 1363 208 100
s 1364 1770 907
s 1365 1592 811
s 1366 2061 1078
s 1367 503 246
s 1368 1100 565
s 1369 140 72
s 1370 421 225
s 1371 240 116
s 1372 146 81
s 1373 2185 1158
s 1374 371 194
s 1375 347 195
s 1376 948 465
s 1377 1266 639
s 1378 560 291
s 1379 1010 504
s 1380 509 266
s 1381 1156 595
s 1382 259 143
s 1383 83 46
s 1384 2456 1348
s 1385 908 489
s 1386 892 457
s 1387 477 239
s 1388 915 465
s 1389 916 401
s 1390 479 257
s 1391 280 133
s 1392 345 161
s 1393 474 247
s 1394 701 319
s 1399 519 257
s 1400 432 201
s 1401 382 209
s 1403 798 366
s 1406 573 289
s 1408 945 498
s 1409 645 302
s 1411 270 134
s 1415 1255 723
s 1416 727 357
s 1417 514 237
s 1418 323 166
s 1425 451 197
s 1435 122 54
s 1543 2742 1210
s 1544 455 207
s 1545 2013 956
s 1546 89 39
s 1547 1050 407
s 1548 238 109
s 1549 444 178
s 1550 5585 2655
s 1551 995 458
s 1552 587 268
s 1553 884 390
s 1554 330 154
s 1555 977 351
s 1556 1529 751
s 1557 2526 1113
s 1558 2270 995
s 1559 798 352
s 1561 2558 1023
s 1562 4294 1890
s 1563 3271 1574
s 1564 1281 564
s 1565 3291 1498
s 1566 2942 1430
s 1567 1824 863
s 1568 647 320
s 1569 544 250
s 1570 718 313
s 1571 2663 1208
s 1572 2691 1289
s 1573 1061 495
s 1574 271 118
s 1575 1588 652
s 1576 1188 552
s 1577 257 110
s 1578 1957 1024
s 1579 1046 445
s 1580 433 182
s 1581 685 326
s 1582 267 108
s 1583 1261 559
s 1584 296 116
s 1585 2290 1124
s 1586 841 389
s 1587 601 263
s 1588 311 147
s 1589 1169 451
s 1590 439 200
s 1591 771 346
s 1592 401 192
s 1593 402 221
s 1594 367 157
s 1595 624 260
s 1596 1270 561
s 1597 284 116
s 1598 1176 573
s 1599 541 233
s 1600 1484 667
s 1601 106 55
s 1602 68 30
s 1603 261 129
s 1604 1668 770
s 1605 936 413
s 1606 320 143
s 1607 3105 1528
s 1608 459 197
s 1609 333 140
s 1610 3101 1408
s 1611 1814 836
s 1612 2154 1075
s 1613 204 89
s 1614 352 169
s 1615 300 118
s 1616 176 71
s 1617 699 363
s 1618 215 103
s 1619 682 308
s 1620 3480 1600
s 1621 3220 1467
s 1622 3735 1644
s 1623 1475 666
s 1624 2064 964
s 1625 59 22
s 1626 686 299
s 1627 556 255
s 1628 222 104
s 1629 837 396
s 1630 127 64
s 1631 153 72
s 1632 1250 568
s 1633 1845 793
s 1634 727 306
s 1635 1132 498
s 1636 1150 489
s 1637 2027 877
s 1638 527 249
s 1639 145 69
s 1640 3077 1514
s 1641 2039 969
s 1642 1214 569
s 1643 766 339
s 1644 1229 548
s 1645 151 49
s 1646 808 383
s 1647 951 433
s 1648 1115 520
s 1649 651 326
s 1650 487 192
s 1655 1226 551
s 1656 563 234
s 1657 1029 488
s 1659 1836 753
s 1662 688 299
s 1664 1664 715
s 1665 680 281
s 1667 808 347
s 1671 1669 830
s 1672 1184 532
s 1673 685 279
s 1674 147 61
s 1681 303 135
s 1691 261 113
s 1800 2625 1432
s 1801 1409 706
s 1802 483 249
s 1803 1166 483
s 1804 2348 1260
s 1805 337 162
s 1806 3148 1596
s 1807 879 475
s 1808 368 167
s 1809 599 278
s 1810 1353 683
s 1811 798 341
s 1812 1219 621
s 1813 2337 1117
s 1814 1631 798
s 1815 471 237
s 1817 1802 843
s 1818 3251 1550
s 1819 2431 1251
s 1820 676 324
s 1821 1485 703
s 1822 2134 1161
s 1823 1293 610
s 1824 682 375
s 1825 435 217
s 1826 510 249
s 1827 2489 1218
s 1828 1994 1029
s 1829 724 343
s 1830 163 82
s 1831 1093 501
s 1832 766 359
s 1833 1099 519
s 1834 1394 783
s 1835 701 344
s 1836 1795 928
s 1837 475 246
s 1838 623 290
s 1839 936 440
s 1840 1672 870
s 1841 1431 759
s 1842 572 289
s 1843 281 135
s 1844 205 93
s 1845 1277 550
s 1846 2110 1081
s 1847 542 275
s 1848 510 269
s 1849 238 145
s 1850 276 131
s 1851 443 206
s 1852 710 390
s 1853 322 162
s 1854 716 394
s 1855 717 351
s 1856 993 458
s 1857 80 39
s 1858 47 23
s 1859 1343 699
s 1860 1148 566
s 1861 550 271
s 1862 1028 507
s 1863 1678 897
s 1864 457 209
s 1865 292 152
s 1866 2110 1037
s 1867 1281 625
s 1868 1372 738
s 1869 120 56
s 1870 212 120
s 1871 222 99
s 1872 312 157
s 1873 492 255
s 1874 195 111
s 1875 318 162
s 1876 1985 1012
s 1877 1686 862
s 1878 2677 1333
s 1879 1119 556
s 1880 1103 580
s 1881 164 83
s 1882 438 198
s 1883 418 200
s 1884 108 61
s 1885 1898 917
s 1886 392 193
s 1887 350 189
s 1888 595 282
s 1889 1200 585
s 1890 488 229
s 1891 633 317
s 1892 603 292
s 1893 1462 753
s 1894 337 173
s 1895 95 50
s 1896 1818 988
s 1897 1455 706
s 1898 736 346
s 1899 414 211
s 1900 650 312
s 1901 1049 480
s 1902 598 342
s 1903 649 320
s 1904 781 386
s 1905 409 210
s 1906 618 306
s 1911 776 385
s 1912 364 166
s 1913 690 352
s 1915 1230 580
s 1918 486 260
s 1920 1182 586
s 1921 455 207
s 1923 593 282
s 1927 918 482
s 1928 739 356
s 1929 386 176
s 1930 323 147
s 1937 459 223
s 1947 167 78
s 2057 2245 1244
s 2058 79 37
s 2059 1028 481
s 2060 127 72
s 2061 507 264
s 2062 5112 2806
s 2063 1085 580
s 2064 660 361
s 2065 956 495
s 2066 257 107
s 2067 936 431
s 2068 1449 790
s 2069 2861 1464
s 2070 2424 1274
s 2071 810 473
s 2073 2902 1470
s 2074 4983 2615
s 2075 3712 2064
s 2076 1280 680
s 2077 2952 1555
s 2078 3214 1745
s 2079 2122 1226
s 2080 619 368
s 2081 576 327
s 2082 733 383
s 2083 3307 1699
s 2084 2817 1445
s 2085 1031 518
s 2086 270 131
s 2087 1853 947
s 2088 1315 713
s 2089 166 69
s 2090 1738 1005
s 2091 1135 573
s 2092 313 148
s 2093 703 364
s 2094 251 127
s 2095 1345 764
s 2096 227 114
s 2097 2193 1185
s 2098 752 388
s 2099 442 225
s 2100 306 164
s 2101 1272 548
s 2102 305 150
s 2103 755 414
s 2104 432 231
s 2105 318 160
s 2106 369 197
s 2107 642 305
s 2108 1237 688
s 2109 253 122
s 2110 1145 653
s 2111 546 282
s 2112 1583 800
s 2113 112 65
s 2114 41 19
s 2115 163 80
s 2116 1773 955
s 2117 1020 545
s 2118 232 98
s 2119 3119 1701
s 2120 520 286
s 2121 368 189
s 2122 3071 1687
s 2123 1926 1023
s 2124 2287 1330
s 2125 176 84
s 2126 325 185
s 2127 310 147
s 2128 174 73
s 2129 658 349
s 2130 220 117
s 2131 489 242
s 2132 3273 1802
s 2133 2582 1404
s 2134 3912 2155
s 2135 1689 902
s 2136 2045 1166
s 2137 43 19
s 2138 657 352
s 2139 376 185
s 2140 192 114
s 2141 663 334
s 2142 125 57
s 2143 120 54
s 2144 1195 645
s 2145 1997 1121
s 2146 836 395
s 2147 1087 583
s 2148 848 463
s 2149 2207 1141
s 2150 437 233
s 2151 144 76
s 2152 3134 1737
s 2153 2011 1079
s 2154 1118 612
s 2155 694 377
s 2156 1262 627
s 2157 90 39
s 2158 806 445
s 2159 903 434
s 2160 1056 570
s 2161 550 303
s 2162 453 208
s 2167 1320 692
s 2168 528 264
s 2169 1189 631
s 2171 1797 925
s 2174 682 368
s 2176 1754 904
s 2177 704 341
s 2179 785 408
s 2183 1506 828
s 2184 937 479
s 2185 644 311
s 2186 161 80
s 2193 245 123
s 2203 206 108
s 2314 333 153
s 2315 870 369
s 2316 1215 660
s 2317 335 175
s 2318 2282 1166
s 2319 709 342
s 2320 350 168
s 2321 548 290
s 2322 1299 741
s 2323 709 309
s 2324 816 411
s 2325 1600 763
s 2326 1044 515
s 2327 518 253
s 2329 1568 728
s 2330 1824 965
s 2331 1351 727
s 2332 786 413
s 2333 1880 957
s 2334 1156 581
s 2335 710 377
s 2336 531 265
s 2337 278 159
s 2338 407 211
s 2339 1913 947
s 2340 1823 959
s 2341 416 206
s 2342 170 83
s 2343 1003 492
s 2344 470 242
s 2345 869 453
s 2346 1519 861
s 2347 610 301
s 2348 1299 703
s 2349 279 139
s 2350 463 218
s 2351 819 408
s 2352 1186 638
s 2353 1655 916
s 2354 268 146
s 2355 238 115
s 2356 206 116
s 2357 904 407
s 2358 1776 964
s 2359 480 254
s 2360 432 209
s 2361 172 81
s 2362 193 94
s 2363 388 171
s 2364 791 416
s 2365 166 78
s 2366 398 206
s 2367 413 185
s 2368 558 281
s 2369 59 30
s 2370 14 7
s 2371 1160 620
s 2372 600 297
s 2373 676 331
s 2374 718 356
s 2375 1130 582
s 2376 289 124
s 2377 246 122
s 2378 1667 874
s 2379 725 363
s 2380 1515 854
s 2381 138 76
s 2382 218 111
s 2383 167 84
s 2384 255 120
s 2385 463 238
s 2386 153 87
s 2387 214 98
s 2388 1350 706
s 2389 1152 530
s 2390 1530 785
s 2391 712 366
s 2392 821 423
s 2393 95 51
s 2394 324 161
s 2395 241 123
s 2396 108 60
s 2397 1654 838
s 2398 260 142
s 2399 246 132
s 2400 765 372
s 2401 983 519
s 2402 483 221
s 2403 603 294
s 2404 399 198
s 2405 771 376
s 2406 231 128
s 2407 57 41
s 2408 1790 968
s 2409 748 398
s 2410 749 385
s 2411 377 215
s 2412 792 392
s 2413 627 269
s 2414 343 169
s 2415 349 179
s 2416 456 250
s 2417 354 190
s 2418 457 194
s 2423 461 213
s 2424 358 180
s 2425 358 188
s 2427 691 325
s 2430 443 218
s 2432 767 399
s 2433 406 198
s 2435 318 167
s 2439 1022 531
s 2440 575 285
s 2441 404 206
s 2442 257 116
s 2449 401 188
s 2459 107 55
s 2571 216 91
s 2572 53 34
s 2573 81 35
s 2574 894 448
s 2575 145 70
s 2576 104 56
s 2577 172 86
s 2578 67 30
s 2579 152 65
s 2580 263 138
s 2581 446 205
s 2582 386 173
s 2583 141 66
s 2585 432 208
s 2586 818 387
s 2587 578 278
s 2588 189 87
s 2589 493 226
s 2590 568 287
s 2591 313 175
s 2592 98 51
s 2593 108 62
s 2594 181 89
s 2595 439 210
s 2596 421 211
s 2597 167 84
s 2598 63 26
s 2599 255 111
s 2600 204 91
s 2601 41 16
s 2602 298 155
s 2603 168 82
s 2604 97 42
s 2605 117 54
s 2606 67 33
s 2607 205 96
s 2608 54 28
s 2609 356 176
s 2610 187 94
s 2611 63 34
s 2612 57 24
s 2613 228 76
s 2614 88 41
s 2615 138 70
s 2616 68 36
s 2617 50 18
s 2618 69 30
s 2619 114 62
s 2620 216 118
s 2621 66 29
s 2622 235 125
s 2623 89 46
s 2624 247 110
s 2625 14 8
s 2626 10 5
s 2627 41 23
s 2628 295 156
s 2629 194 94
s 2630 60 26
s 2631 520 274
s 2632 76 31
s 2633 50 24
s 2634 602 290
s 2635 282 132
s 2636 343 186
s 2637 33 20
s 2638 67 35
s 2639 54 27
s 2640 42 15
s 2641 108 57
s 2642 53 34
s 2643 110 46
s 2644 485 262
s 2645 466 224
s 2646 683 359
s 2647 279 141
s 2648 333 171
s 2649 7 2
s 2650 136 70
s 2651 102 50
s 2652 48 30
s 2653 148 76
s 2654 16 5
s 2655 21 8
s 2656 182 78
s 2657 316 147
s 2658 175 74
s 2659 182 78
s 2660 189 100
s 2661 365 180
s 2662 69 34
s 2663 36 20
s 2664 569 310
s 2665 461 218
s 2666 190 76
s 2667 128 49
s 2668 161 79
s 2669 37 16
s 2670 163 81
s 2671 187 78
s 2672 211 97
s 2673 142 72
s 2674 86 40
s 2679 197 85
s 2680 116 48
s 2681 200 94
s 2683 356 161
s 2686 124 54
s 2688 348 173
s 2689 111 49
s 2691 148 77
s 2695 310 165
s 2696 239 117
s 2697 140 55
s 2698 26 10
s 2705 65 29
s 2715 53 28
s 2828 792 355
s 2829 115 44
s 2830 2447 1099
s 2831 402 178
s 2832 274 122
s 2833 202 81
s 2834 664 309
s 2835 513 188
s 2836 805 383
s 2837 1154 474
s 2838 899 375
s 2839 315 132
s 2841 734 292
s 2842 2256 992
s 2843 1700 799
s 2844 589 275
s 2845 1422 614
s 2846 1425 629
s 2847 824 383
s 2848 312 143
s 2849 348 155
s 2850 211 80
s 2851 1012 444
s 2852 931 400
s 2853 536 231
s 2854 133 49
s 2855 430 153
s 2856 533 216
s 2857 453 210
s 2858 976 492
s 2859 337 133
s 2860 809 364
s 2861 326 140
s 2862 245 100
s 2863 476 184
s 2864 723 307
s 2865 872 385
s 2866 435 197
s 2867 242 92
s 2868 105 50
s 2869 657 225
s 2870 910 446
s 2871 368 151
s 2872 199 89
s 2873 165 79
s 2874 149 68
s 2875 260 105
s 2876 591 275
s 2877 127 46
s 2878 597 273
s 2879 358 136
s 2880 678 293
s 2881 52 20
s 2882 31 18
s 2883 582 254
s 2884 731 339
s 2885 389 165
s 2886 438 180
s 2887 1560 723
s 2888 256 112
s 2889 197 75
s 2890 1007 389
s 2891 768 340
s 2892 428 188
s 2893 77 28
s 2894 165 76
s 2895 155 67
s 2896 169 77
s 2897 374 156
s 2898 71 39
s 2899 300 114
s 2900 1522 671
s 2901 1298 531
s 2902 1737 742
s 2903 710 306
s 2904 783 351
s 2905 100 30
s 2906 260 112
s 2907 281 113
s 2908 83 40
s 2909 771 337
s 2910 133 58
s 2911 125 63
s 2912 507 220
s 2913 996 400
s 2914 341 124
s 2915 537 238
s 2916 547 247
s 2917 891 374
s 2918 243 108
s 2919 64 28
s 2920 1547 744
s 2921 1152 472
s 2922 234 89
s 2923 256 109
s 2924 492 172
s 2925 465 183
s 2926 364 167
s 2927 413 176
s 2928 493 220
s 2929 171 68
s 2930 318 120
s 2935 548 234
s 2936 204 84
s 2937 486 226
s 2939 903 371
s 2942 188 77
s 2944 746 302
s 2945 411 163
s 2947 416 168
s 2951 754 346
s 2952 464 169
s 2953 334 129
s 2954 159 62
s 2961 165 67
s 2971 103 34
s 3085 296 155
s 3086 3111 1597
s 3087 530 288
s 3088 351 182
s 3089 598 296
s 3090 137 68
s 3091 534 244
s 3092 862 439
s 3093 1721 860
s 3094 1425 772
s 3095 492 247
s 3097 1757 892
s 3098 2932 1572
s 3099 1965 1068
s 3100 662 341
s 3101 1819 972
s 3102 1966 1100
s 3103 1136 656
s 3104 322 175
s 3105 452 269
s 3106 600 320
s 3107 1869 984
s 3108 1610 874
s 3109 709 375
s 3110 192 80
s 3111 899 438
s 3112 708 366
s 3113 86 51
s 3114 1005 610
s 3115 602 299
s 3116 169 79
s 3117 470 262
s 3118 167 81
s 3119 795 405
s 3120 130 66
s 3121 1263 697
s 3122 561 292
s 3123 271 137
s 3124 181 92
s 3125 754 355
s 3126 155 63
s 3127 463 227
s 3128 246 138
s 3129 246 136
s 3130 237 122
s 3131 370 168
s 3132 820 416
s 3133 242 116
s 3134 760 428
s 3135 341 175
s 3136 842 429
s 3137 76 34
s 3138 39 24
s 3139 88 37
s 3140 1075 637
s 3141 517 268
s 3142 120 67
s 3143 1894 1050
s 3144 288 153
s 3145 197 99
s 3146 2208 1233
s 3147 1110 564
s 3148 1282 724
s 3149 119 57
s 3150 208 116
s 3151 207 97
s 3152 140 77
s 3153 337 179
s 3154 169 84
s 3155 322 152
s 3156 1749 934
s 3157 1774 954
s 3158 2473 1367
s 3159 958 491
s 3160 1117 618
s 3161 25 9
s 3162 603 344
s 3163 320 153
s 3164 156 90
s 3165 360 173
s 3166 66 33
s 3167 56 35
s 3168 636 299
s 3169 1058 546
s 3170 494 249
s 3171 741 370
s 3172 500 243
s 3173 1360 760
s 3174 285 154
s 3175 75 46
s 3176 1873 1074
s 3177 1562 859
s 3178 715 390
s 3179 445 234
s 3180 628 327
s 3181 52 23
s 3182 585 327
s 3183 627 324
s 3184 744 423
s 3185 495 291
s 3186 269 132
s 3191 817 414
s 3192 350 168
s 3193 791 430
s 3195 1250 608
s 3198 427 220
s 3200 1103 598
s 3201 407 217
s 3203 589 327
s 3207 1010 541
s 3208 746 386
s 3209 533 293
s 3210 87 50
s 3217 193 92
s 3227 149 76
s 3342 623 286
s 3343 112 55
s 3344 75 33
s 3345 13 3
s 3346 281 134
s 3347 176 61
s 3348 232 108
s 3349 334 144
s 3350 209 108
s 3351 82 36
s 3353 116 53
s 3354 656 292
s 3355 475 231
s 3356 139 71
s 3357 414 180
s 3358 410 202
s 3359 299 146
s 3360 73 42
s 3361 79 36
s 3362 14 7
s 3363 208 90
s 3364 249 125
s 3365 133 73
s 3366 43 10
s 3367 64 26
s 3368 149 67
s 3369 179 77
s 3370 327 158
s 3371 79 39
s 3372 264 130
s 3373 82 38
s 3374 104 50
s 3375 96 39
s 3376 306 140
s 3377 244 114
s 3378 126 59
s 3379 72 28
s 3380 25 13
s 3381 220 94
s 3382 399 194
s 3383 126 60
s 3384 64 28
s 3385 51 23
s 3386 54 25
s 3387 46 14
s 3388 209 94
s 3389 14 7
s 3390 212 104
s 3391 117 50
s 3392 182 88
s 3393 19 8
s 3394 11 6
s 3395 248 107
s 3396 236 108
s 3397 151 57
s 3398 188 97
s 3399 411 201
s 3400 93 38
s 3401 53 23
s 3402 167 76
s 3403 208 86
s 3404 23 10
s 3405 36 17
s 3406 67 37
s 3407 51 17
s 3408 63 27
s 3409 93 46
s 3410 9 6
s 3411 71 31
s 3412 352 154
s 3413 356 145
s 3414 505 231
s 3415 233 106
s 3416 216 105
s 3417 15 8
s 3418 37 21
s 3419 73 32
s 3420 19 13
s 3421 374 180
s 3422 47 21
s 3423 55 27
s 3424 180 82
s 3425 250 115
s 3426 105 45
s 3427 141 52
s 3428 148 73
s 3429 267 114
s 3430 63 27
s 3431 15 7
s 3432 408 205
s 3433 258 127
s 3434 16 4
s 3435 78 36
s 3436 184 68
s 3437 197 82
s 3438 100 47
s 3439 131 64
s 3440 176 71
s 3441 16 3
s 3442 92 40
s 3447 200 96
s 3448 43 20
s 3449 170 70
s 3451 307 142
s 3454 34 11
s 3456 196 84
s 3457 135 67
s 3459 139 73
s 3463 254 124
s 3464 127 53
s 3465 73 36
s 3466 53 21
s 3473 72 28
s 3483 36 20
s 3599 1629 815
s 3600 833 407
s 3601 1275 602
s 3602 2658 1430
s 3603 1470 640
s 3604 2241 1198
s 3605 4158 2073
s 3606 2877 1469
s 3607 1006 509
s 3609 3924 1974
s 3610 5686 2785
s 3611 3890 2126
s 3612 1560 756
s 3613 3441 1714
s 3614 3545 1909
s 3615 2295 1241
s 3616 1258 680
s 3617 804 430
s 3618 1124 530
s 3619 5074 2661
s 3620 3957 2096
s 3621 1226 665
s 3622 388 166
s 3623 2115 1011
s 3624 1407 745
s 3625 2076 1052
s 3626 2968 1664
s 3627 1506 712
s 3628 3573 1893
s 3629 928 518
s 3630 1276 591
s 3631 2005 1017
s 3632 3243 1710
s 3633 3000 1593
s 3634 1027 568
s 3635 475 224
s 3636 492 263
s 3637 2395 1089
s 3638 3675 1988
s 3639 1023 517
s 3640 1097 531
s 3641 446 245
s 3642 468 210
s 3643 835 388
s 3644 1571 788
s 3645 464 234
s 3646 1166 601
s 3647 1206 590
s 3648 1771 942
s 3649 168 82
s 3650 66 33
s 3651 2534 1348
s 3652 2149 1150
s 3653 1142 543
s 3654 1691 854
s 3655 3039 1568
s 3656 740 347
s 3657 557 271
s 3658 4288 2350
s 3659 2349 1225
s 3660 2966 1631
s 3661 264 129
s 3662 401 207
s 3663 359 166
s 3664 649 295
s 3665 1033 551
s 3666 376 200
s 3667 580 261
s 3668 3395 1752
s 3669 2851 1415
s 3670 4655 2403
s 3671 1868 954
s 3672 2138 1119
s 3673 249 118
s 3674 998 540
s 3675 713 330
s 3676 302 161
s 3677 3657 1799
s 3678 659 336
s 3679 644 362
s 3680 1326 676
s 3681 2114 1053
s 3682 910 414
s 3683 1386 681
s 3684 951 437
s 3685 2642 1366
s 3686 616 324
s 3687 157 77
s 3688 3796 2023
s 3689 2474 1325
s 3690 1593 804
s 3691 834 420
s 3692 1344 664
s 3693 1856 830
s 3694 1046 581
s 3695 1089 548
s 3696 1339 681
s 3697 1000 533
s 3698 1245 579
s 3703 1505 761
s 3704 767 352
s 3705 1388 740
s 3707 2129 1027
s 3710 957 439
s 3712 2228 1152
s 3713 856 423
s 3715 921 440
s 3719 2012 1085
s 3720 1430 672
s 3721 859 405
s 3722 661 360
s 3729 891 408
s 3739 329 156
s 3856 180 86
s 3857 234 119
s 3858 615 320
s 3859 383 175
s 3860 563 293
s 3861 923 474
s 3862 777 372
s 3863 190 98
s 3865 757 330
s 3866 1498 769
s 3867 1140 575
s 3868 213 102
s 3869 508 234
s 3870 1028 541
s 3871 669 332
s 3872 297 162
s 3873 152 75
s 3874 181 85
s 3875 1010 486
s 3876 700 338
s 3877 364 169
s 3878 51 22
s 3879 512 230
s 3880 447 231
s 3881 479 236
s 3882 555 293
s 3883 290 133
s 3884 709 378
s 3885 203 98
s 3886 211 75
s 3887 383 174
s 3888 536 271
s 3889 552 296
s 3890 240 122
s 3891 184 94
s 3892 82 38
s 3893 520 238
s 3894 769 401
s 3895 147 71
s 3896 213 106
s 3897 102 55
s 3898 143 74
s 3899 174 80
s 3900 214 113
s 3901 84 38
s 3902 442 249
s 3903 237 112
s 3904 491 219
s 3905 28 12
s 3906 17 5
s 3907 533 288
s 3908 556 281
s 3909 180 92
s 3910 350 150
s 3911 1079 562
s 3912 221 102
s 3913 122 58
s 3914 834 428
s 3915 622 343
s 3916 565 310
s 3917 38 13
s 3918 54 35
s 3919 102 44
s 3920 110 56
s 3921 186 95
s 3922 59 35
s 3923 196 89
s 3924 1142 611
s 3925 818 407
s 3926 1182 599
s 3927 568 285
s 3928 661 367
s 3929 42 20
s 3930 181 100
s 3931 190 102
s 3932 57 29
s 3933 809 410
s 3934 129 60
s 3935 118 58
s 3936 250 122
s 3937 464 225
s 3938 122 49
s 3939 210 96
s 3940 328 170
s 3941 698 326
s 3942 131 73
s 3943 37 23
s 3944 536 290
s 3945 658 328
s 3946 317 166
s 3947 216 114
s 3948 250 143
s 3949 282 126
s 3950 218 123
s 3951 294 146
s 3952 333 180
s 3953 146 81
s 3954 270 124
s 3959 456 223
s 3960 115 65
s 3961 325 156
s 3963 589 271
s 3966 173 90
s 3968 487 228
s 3969 124 60
s 3971 221 103
s 3975 260 146
s 3976 286 114
s 3977 118 65
s 3978 119 57
s 3985 179 79
s 3995 63 30
s 4113 122 52
s 4114 342 179
s 4115 175 72
s 4116 296 150
s 4117 531 237
s 4118 424 215
s 4119 102 57
s 4121 436 205
s 4122 793 370
s 4123 607 310
s 4124 84 36
s 4125 224 107
s 4126 568 297
s 4127 338 175
s 4128 133 62
s 4129 86 36
s 4130 116 55
s 4131 649 300
s 4132 396 186
s 4133 200 93
s 4134 29 14
s 4135 234 114
s 4136 243 122
s 4137 287 128
s 4138 281 168
s 4139 136 63
s 4140 512 254
s 4141 113 53
s 4142 163 73
s 4143 212 95
s 4144 382 192
s 4145 252 118
s 4146 143 80
s 4147 96 44
s 4148 52 34
s 4149 335 138
s 4150 430 225
s 4151 79 39
s 4152 124 65
s 4153 51 24
s 4154 71 27
s 4155 120 55
s 4156 105 43
s 4157 58 35
s 4158 165 84
s 4159 188 96
s 4160 276 140
s 4161 15 7
s 4162 10 5
s 4163 311 168
s 4164 285 154
s 4165 81 37
s 4166 229 112
s 4167 473 249
s 4168 111 47
s 4169 77 40
s 4170 521 247
s 4171 355 166
s 4172 288 147
s 4173 25 10
s 4174 24 16
s 4175 61 26
s 4176 67 26
s 4177 101 59
s 4178 26 13
s 4179 99 38
s 4180 508 260
s 4181 382 192
s 4182 653 333
s 4183 296 140
s 4184 280 142
s 4185 33 12
s 4186 113 46
s 4187 90 46
s 4188 25 10
s 4189 486 240
s 4190 91 46
s 4191 88 41
s 4192 93 44
s 4193 232 111
s 4194 61 21
s 4195 109 53
s 4196 161 69
s 4197 342 157
s 4198 62 31
s 4199 23 11
s 4200 289 148
s 4201 374 191
s 4202 164 79
s 4203 107 47
s 4204 104 42
s 4205 215 91
s 4206 110 55
s 4207 161 75
s 4208 176 63
s 4209 94 55
s 4210 129 52
s 4215 217 104
s 4216 58 24
s 4217 184 99
s 4219 336 164
s 4222 124 64
s 4224 289 144
s 4225 79 36
s 4227 158 71
s 4231 122 62
s 4232 174 74
s 4233 52 28
s 4234 77 37
s 4241 105 54
s 4251 39 15
s 4370 504 255
s 4371 302 124
s 4372 366 179
s 4373 669 310
s 4374 357 167
s 4375 152 73
s 4377 199 84
s 4378 1170 556
s 4379 848 403
s 4380 298 134
s 4381 871 402
s 4382 804 403
s 4383 525 255
s 4384 133 56
s 4385 164 87
s 4386 28 14
s 4387 391 178
s 4388 408 204
s 4389 255 111
s 4390 70 26
s 4391 113 42
s 4392 329 163
s 4393 318 142
s 4394 629 319
s 4395 137 57
s 4396 583 304
s 4397 157 75
s 4398 144 72
s 4399 216 107
s 4400 547 246
s 4401 429 226
s 4402 210 97
s 4403 161 83
s 4404 45 21
s 4405 408 167
s 4406 708 355
s 4407 229 113
s 4408 140 75
s 4409 77 42
s 4410 81 29
s 4411 82 25
s 4412 344 169
s 4413 23 11
s 4414 333 180
s 4415 203 82
s 4416 361 172
s 4417 20 13
s 4418 12 6
s 4419 439 219
s 4420 437 229
s 4421 287 121
s 4422 293 123
s 4423 852 409
s 4424 174 77
s 4425 77 38
s 4426 321 152
s 4427 463 218
s 4428 45 18
s 4429 57 22
s 4430 94 48
s 4431 89 37
s 4432 90 42
s 4433 160 87
s 4434 19 8
s 4435 146 66
s 4436 778 346
s 4437 702 345
s 4438 908 433
s 4439 430 196
s 4440 472 242
s 4441 42 18
s 4442 121 54
s 4443 137 61
s 4444 40 18
s 4445 609 271
s 4446 92 45
s 4447 120 56
s 4448 304 143
s 4449 389 200
s 4450 181 79
s 4451 315 148
s 4452 238 108
s 4453 513 230
s 4454 120 64
s 4455 39 22
s 4456 777 398
s 4457 561 257
s 4458 44 14
s 4459 115 52
s 4460 291 136
s 4461 338 134
s 4462 195 91
s 4463 259 117
s 4464 299 136
s 4465 27 5
s 4466 156 67
s 4471 376 174
s 4472 73 28
s 4473 314 153
s 4475 552 262
s 4478 43 16
s 4480 399 185
s 4481 172 72
s 4483 226 124
s 4487 444 245
s 4488 217 87
s 4489 165 81
s 4490 91 34
s 4497 142 62
s 4507 74 31
s 4627 484 223
s 4628 800 418
s 4629 1618 860
s 4630 1378 705
s 4631 400 201
s 4633 1510 729
s 4634 2517 1274
s 4635 1801 998
s 4636 634 340
s 4637 1504 770
s 4638 1608 869
s 4639 1105 608
s 4640 368 214
s 4641 369 191
s 4642 424 203
s 4643 1805 909
s 4644 1495 817
s 4645 558 269
s 4646 159 83
s 4647 957 481
s 4648 690 354
s 4649 129 70
s 4650 841 491
s 4651 600 282
s 4652 256 133
s 4653 375 194
s 4654 179 90
s 4655 717 379
s 4656 181 79
s 4657 1156 642
s 4658 432 240
s 4659 255 132
s 4660 153 83
s 4661 692 304
s 4662 214 105
s 4663 486 255
s 4664 230 117
s 4665 210 123
s 4666 229 101
s 4667 334 161
s 4668 685 386
s 4669 140 67
s 4670 741 428
s 4671 333 162
s 4672 771 399
s 4673 53 21
s 4674 42 20
s 4675 144 71
s 4676 945 496
s 4677 508 251
s 4678 160 81
s 4679 1586 879
s 4680 276 126
s 4681 144 75
s 4682 1827 976
s 4683 1005 551
s 4684 1230 713
s 4685 115 64
s 4686 201 106
s 4687 181 92
s 4688 116 54
s 4689 302 170
s 4690 120 76
s 4691 263 138
s 4692 1659 879
s 4693 1431 766
s 4694 2190 1156
s 4695 914 496
s 4696 986 553
s 4697 24 14
s 4698 426 208
s 4699 339 182
s 4700 107 55
s 4701 417 222
s 4702 81 37
s 4703 85 39
s 4704 588 312
s 4705 1103 570
s 4706 373 190
s 4707 541 271
s 4708 440 216
s 4709 1183 633
s 4710 228 130
s 4711 76 50
s 4712 1490 848
s 4713 1129 602
s 4714 592 322
s 4715 402 201
s 4716 518 251
s 4717 88 28
s 4718 497 289
s 4719 528 285
s 4720 652 317
s 4721 369 220
s 4722 236 113
s 4727 717 364
s 4728 350 172
s 4729 659 389
s 4731 1033 507
s 4734 388 198
s 4736 927 471
s 4737 376 191
s 4739 465 255
s 4743 837 470
s 4744 551 281
s 4745 348 174
s 4746 88 42
s 4753 170 94
s 4763 129 67
s 4884 600 286
s 4885 1026 402
s 4886 740 302
s 4887 188 71
s 4889 946 394
s 4890 1540 623
s 4891 1154 497
s 4892 307 128
s 4893 722 332
s 4894 976 444
s 4895 606 262
s 4896 266 126
s 4897 196 81
s 4898 243 110
s 4899 1181 507
s 4900 880 437
s 4901 317 139
s 4902 94 35
s 4903 540 209
s 4904 363 152
s 4905 364 158
s 4906 536 274
s 4907 359 146
s 4908 686 309
s 4909 242 114
s 4910 283 108
s 4911 409 183
s 4912 617 277
s 4913 583 283
s 4914 255 100
s 4915 147 59
s 4916 125 52
s 4917 596 216
s 4918 648 313
s 4919 244 105
s 4920 218 93
s 4921 94 44
s 4922 121 50
s 4923 194 79
s 4924 336 152
s 4925 99 45
s 4926 349 171
s 4927 297 115
s 4928 475 193
s 4929 45 17
s 4930 21 6
s 4931 419 184
s 4932 548 265
s 4933 269 116
s 4934 374 164
s 4935 844 384
s 4936 227 83
s 4937 131 46
s 4938 1087 438
s 4939 534 237
s 4940 636 288
s 4941 81 36
s 4942 92 46
s 4943 109 29
s 4944 129 55
s 4945 206 101
s 4946 92 43
s 4947 175 68
s 4948 969 434
s 4949 804 348
s 4950 1295 543
s 4951 545 248
s 4952 551 236
s 4953 54 29
s 4954 258 113
s 4955 211 96
s 4956 65 32
s 4957 735 304
s 4958 132 65
s 4959 130 51
s 4960 245 88
s 4961 662 319
s 4962 220 90
s 4963 256 102
s 4964 347 147
s 4965 669 274
s 4966 127 60
s 4967 40 22
s 4968 810 354
s 4969 680 299
s 4970 376 169
s 4971 204 81
s 4972 278 115
s 4973 336 130
s 4974 250 104
s 4975 346 129
s 4976 367 170
s 4977 205 101
s 4978 270 109
s 4983 420 192
s 4984 197 85
s 4985 371 161
s 4987 638 262
s 4990 234 107
s 4992 611 269
s 4993 233 88
s 4995 265 114
s 4999 454 219
s 5000 372 143
s 5001 188 75
s 5002 131 70
s 5009 180 76
s 5019 85 36
s 5141 1314 657
s 5142 1020 530
s 5143 366 198
s 5145 1356 641
s 5146 1651 830
s 5147 1163 608
s 5148 611 317
s 5149 1390 682
s 5150 1129 601
s 5151 691 376
s 5152 435 240
s 5153 231 126
s 5154 364 184
s 5155 1749 945
s 5156 1300 674
s 5157 390 209
s 5158 137 77
s 5159 713 358
s 5160 428 211
s 5161 620 297
s 5162 1198 699
s 5163 490 231
s 5164 1110 601
s 5165 256 131
s 5166 361 175
s 5167 678 326
s 5168 916 480
s 5169 1113 655
s 5170 267 146
s 5171 192 94
s 5172 137 61
s 5173 736 327
s 5174 1106 560
s 5175 341 167
s 5176 360 203
s 5177 168 92
s 5178 145 70
s 5179 304 138
s 5180 658 352
s 5181 151 74
s 5182 458 242
s 5183 378 203
s 5184 563 268
s 5185 48 21
s 5186 24 12
s 5187 724 402
s 5188 624 351
s 5189 410 195
s 5190 549 256
s 5191 1174 656
s 5192 252 138
s 5193 195 91
s 5194 1504 790
s 5195 726 380
s 5196 1017 533
s 5197 93 51
s 5198 148 77
s 5199 118 55
s 5200 181 95
s 5201 397 224
s 5202 120 68
s 5203 210 109
s 5204 1262 693
s 5205 1199 603
s 5206 1519 794
s 5207 548 293
s 5208 766 403
s 5209 84 45
s 5210 276 138
s 5211 245 123
s 5212 103 53
s 5213 1042 538
s 5214 204 113
s 5215 233 121
s 5216 496 251
s 5217 825 426
s 5218 377 172
s 5219 602 282
s 5220 394 205
s 5221 835 428
s 5222 210 120
s 5223 64 33
s 5224 1522 824
s 5225 833 436
s 5226 541 269
s 5227 336 175
s 5228 536 264
s 5229 529 239
s 5230 367 190
s 5231 315 154
s 5232 361 189
s 5233 292 157
s 5234 416 193
s 5239 434 216
s 5240 244 116
s 5241 372 224
s 5243 678 328
s 5246 351 180
s 5248 730 381
s 5249 385 204
s 5251 298 163
s 5255 850 476
s 5256 482 255
s 5257 309 137
s 5258 173 92
s 5265 261 126
s 5275 112 61
s 5398 1679 785
s 5399 684 321
s 5401 1893 837
s 5402 3556 1652
s 5403 2555 1250
s 5404 1081 510
s 5405 2498 1199
s 5406 2375 1230
s 5407 1412 729
s 5408 774 393
s 5409 451 216
s 5410 514 227
s 5411 2433 1158
s 5412 2225 1116
s 5413 833 423
s 5414 240 110
s 5415 1192 519
s 5416 879 409
s 5417 1176 570
s 5418 2066 1096
s 5419 789 352
s 5420 1941 913
s 5421 494 240
s 5422 633 283
s 5423 1039 482
s 5424 1540 757
s 5425 1970 1006
s 5426 605 322
s 5427 396 188
s 5428 270 153
s 5429 1395 557
s 5430 2363 1183
s 5431 611 300
s 5432 552 265
s 5433 288 143
s 5434 306 146
s 5435 486 196
s 5436 1162 601
s 5437 228 115
s 5438 863 438
s 5439 671 284
s 5440 1137 503
s 5441 98 41
s 5442 47 23
s 5443 1470 773
s 5444 1264 655
s 5445 823 367
s 5446 1044 495
s 5447 2295 1124
s 5448 491 198
s 5449 320 140
s 5450 2317 1160
s 5451 1368 678
s 5452 1504 743
s 5453 156 74
s 5454 292 141
s 5455 243 106
s 5456 343 171
s 5457 718 350
s 5458 185 109
s 5459 397 171
s 5460 2513 1243
s 5461 2163 1063
s 5462 2839 1324
s 5463 1297 669
s 5464 1437 745
s 5465 159 72
s 5466 486 242
s 5467 471 226
s 5468 149 67
s 5469 2213 1036
s 5470 307 144
s 5471 384 169
s 5472 994 479
s 5473 1460 669
s 5474 684 304
s 5475 977 444
s 5476 849 396
s 5477 1539 731
s 5478 413 194
s 5479 93 51
s 5480 2783 1395
s 5481 1520 753
s 5482 894 448
s 5483 555 271
s 5484 1022 446
s 5485 921 372
s 5486 597 287
s 5487 731 342
s 5488 928 440
s 5489 454 233
s 5490 674 308
s 5495 882 437
s 5496 472 203
s 5497 761 380
s 5499 1320 588
s 5502 556 259
s 5504 1302 633
s 5505 671 307
s 5507 614 266
s 5511 1403 748
s 5512 807 375
s 5513 577 251
s 5514 325 144
s 5521 478 207
s 5531 191 95
s 5655 542 264
s 5657 1292 616
s 5658 2482 1238
s 5659 1814 914
s 5660 876 432
s 5661 2036 982
s 5662 1615 826
s 5663 1007 512
s 5664 616 323
s 5665 316 168
s 5666 368 194
s 5667 1972 981
s 5668 1737 845
s 5669 549 262
s 5670 183 75
s 5671 823 410
s 5672 657 289
s 5673 1060 533
s 5674 1746 965
s 5675 544 246
s 5676 1700 883
s 5677 340 172
s 5678 514 255
s 5679 768 368
s 5680 1364 708
s 5681 1533 820
s 5682 432 217
s 5683 247 117
s 5684 163 79
s 5685 1054 459
s 5686 1959 1013
s 5687 468 233
s 5688 483 262
s 5689 213 111
s 5690 205 98
s 5691 393 171
s 5692 890 458
s 5693 169 78
s 5694 545 293
s 5695 571 284
s 5696 796 354
s 5697 64 27
s 5698 41 19
s 5699 1369 764
s 5700 815 422
s 5701 654 295
s 5702 894 408
s 5703 1711 916
s 5704 374 156
s 5705 278 131
s 5706 1522 770
s 5707 950 453
s 5708 984 538
s 5709 143 76
s 5710 184 92
s 5711 178 79
s 5712 294 143
s 5713 613 303
s 5714 145 76
s 5715 266 118
s 5716 1856 946
s 5717 1528 749
s 5718 1975 960
s 5719 902 451
s 5720 987 525
s 5721 107 51
s 5722 338 162
s 5723 278 128
s 5724 105 61
s 5725 1810 853
s 5726 296 150
s 5727 342 181
s 5728 776 350
s 5729 1111 561
s 5730 516 246
s 5731 855 410
s 5732 484 223
s 5733 989 497
s 5734 272 130
s 5735 77 36
s 5736 2319 1256
s 5737 985 525
s 5738 540 265
s 5739 345 162
s 5740 798 395
s 5741 719 300
s 5742 392 194
s 5743 457 196
s 5744 580 286
s 5745 301 165
s 5746 534 238
s 5751 566 272
s 5752 320 139
s 5753 529 282
s 5755 899 398
s 5758 359 165
s 5760 891 419
s 5761 548 242
s 5763 389 192
s 5767 1040 574
s 5768 639 295
s 5769 395 177
s 5770 256 122
s 5777 346 165
s 5787 135 49
s 5913 533 234
s 5914 1172 576
s 5915 867 442
s 5916 152 68
s 5917 313 143
s 5918 781 421
s 5919 432 229
s 5920 194 107
s 5921 122 58
s 5922 133 62
s 5923 770 377
s 5924 492 243
s 5925 259 122
s 5926 33 14
s 5927 314 140
s 5928 289 146
s 5929 350 156
s 5930 356 204
s 5931 180 84
s 5932 618 330
s 5933 168 83
s 5934 177 74
s 5935 257 129
s 5936 501 261
s 5937 300 154
s 5938 194 104
s 5939 120 63
s 5940 72 32
s 5941 433 205
s 5942 578 311
s 5943 95 59
s 5944 157 80
s 5945 76 37
s 5946 79 37
s 5947 109 46
s 5948 159 83
s 5949 50 28
s 5950 239 107
s 5951 216 103
s 5952 370 185
s 5953 21 11
s 5954 14 7
s 5955 403 227
s 5956 427 236
s 5957 108 54
s 5958 297 132
s 5959 644 343
s 5960 154 75
s 5961 94 46
s 5962 636 309
s 5963 405 216
s 5964 341 173
s 5965 25 14
s 5966 35 17
s 5967 96 49
s 5968 115 48
s 5969 120 72
s 5970 55 26
s 5971 130 64
s 5972 696 367
s 5973 573 295
s 5974 960 468
s 5975 421 217
s 5976 383 216
s 5977 37 14
s 5978 122 53
s 5979 112 50
s 5980 33 21
s 5981 640 316
s 5982 101 50
s 5983 109 48
s 5984 123 54
s 5985 343 160
s 5986 111 49
s 5987 128 60
s 5988 250 121
s 5989 490 254
s 5990 101 54
s 5991 32 16
s 5992 385 192
s 5993 484 231
s 5994 197 92
s 5995 123 62
s 5996 119 56
s 5997 284 124
s 5998 183 97
s 5999 216 107
s 6000 241 122
s 6001 105 58
s 6002 184 85
s 6007 252 127
s 6008 92 41
s 6009 283 153
s 6011 445 199
s 6014 122 54
s 6016 428 231
s 6017 117 60
s 6019 190 92
s 6023 200 103
s 6024 218 109
s 6025 76 35
s 6026 105 56
s 6033 131 63
s 6043 40 19
s 6426 3501 1610
s 6427 2719 1316
s 6428 947 420
s 6429 2352 1086
s 6430 2514 1200
s 6431 1544 762
s 6432 585 277
s 6433 475 221
s 6434 187 78
s 6435 1534 670
s 6436 1466 701
s 6437 867 427
s 6438 214 87
s 6439 528 221
s 6440 885 422
s 6441 1142 542
s 6442 2010 1036
s 6443 558 232
s 6444 1993 957
s 6445 526 247
s 6446 539 240
s 6447 680 311
s 6448 1698 810
s 6449 1518 769
s 6450 656 312
s 6451 354 152
s 6452 151 89
s 6453 1155 458
s 6454 2273 1156
s 6455 615 298
s 6456 393 179
s 6457 297 138
s 6458 283 106
s 6459 330 137
s 6460 1101 547
s 6461 121 58
s 6462 904 473
s 6463 700 294
s 6464 1135 525
s 6465 79 27
s 6466 50 26
s 6467 1400 736
s 6468 1258 600
s 6469 744 340
s 6470 1040 443
s 6471 2292 1157
s 6472 469 188
s 6473 295 129
s 6474 1250 585
s 6475 1269 601
s 6476 432 201
s 6477 148 65
s 6478 274 128
s 6479 227 89
s 6480 305 138
s 6481 671 340
s 6482 94 50
s 6483 406 191
s 6484 2358 1085
s 6485 2169 1013
s 6486 2632 1220
s 6487 1251 604
s 6488 1219 588
s 6489 163 84
s 6490 343 152
s 6491 473 207
s 6492 133 65
s 6493 1869 874
s 6494 350 152
s 6495 308 160
s 6496 945 423
s 6497 1340 625
s 6498 612 249
s 6499 945 435
s 6500 723 319
s 6501 1477 666
s 6502 408 161
s 6503 104 56
s 6504 2704 1341
s 6505 1597 770
s 6506 256 110
s 6507 366 157
s 6508 973 421
s 6509 1003 402
s 6510 541 232
s 6511 695 323
s 6512 903 428
s 6513 174 74
s 6514 553 231
s 6519 926 417
s 6520 218 91
s 6521 901 426
s 6523 1496 641
s 6526 214 90
s 6528 1205 547
s 6529 610 284
s 6531 650 287
s 6535 1320 690
s 6536 649 299
s 6537 525 220
s 6538 285 128
s 6545 367 136
s 6555 199 96
s 6683 2557 1223
s 6684 1656 830
s 6685 3809 1805
s 6686 2389 1244
s 6687 1354 677
s 6688 1205 591
s 6689 675 373
s 6690 1002 449
s 6691 4431 2216
s 6692 3803 1870
s 6693 841 411
s 6694 392 174
s 6695 1999 917
s 6696 1092 558
s 6697 2076 1003
s 6698 3330 1831
s 6699 1289 610
s 6700 3397 1732
s 6701 699 331
s 6702 1149 526
s 6703 1731 834
s 6704 2860 1495
s 6705 2897 1419
s 6706 644 328
s 6707 411 204
s 6708 404 209
s 6709 2088 876
s 6710 3721 1938
s 6711 964 481
s 6712 953 473
s 6713 388 197
s 6714 358 167
s 6715 857 371
s 6716 1772 892
s 6717 400 189
s 6718 1128 567
s 6719 1153 562
s 6720 1206 552
s 6721 151 72
s 6722 53 29
s 6723 2324 1212
s 6724 1383 690
s 6725 1289 618
s 6726 1994 982
s 6727 3180 1637
s 6728 730 339
s 6729 575 269
s 6730 4031 1977
s 6731 1829 939
s 6732 2667 1358
s 6733 258 138
s 6734 460 243
s 6735 269 119
s 6736 637 302
s 6737 1098 559
s 6738 325 168
s 6739 444 208
s 6740 3190 1615
s 6741 2760 1381
s 6742 3715 1871
s 6743 1230 617
s 6744 1893 972
s 6745 227 112
s 6746 789 390
s 6747 565 264
s 6748 273 148
s 6749 3712 1787
s 6750 628 315
s 6751 637 338
s 6752 1555 715
s 6753 2257 1104
s 6754 1204 559
s 6755 1632 815
s 6756 1019 469
s 6757 2072 1016
s 6758 513 242
s 6759 129 69
s 6760 4647 2354
s 6761 2012 973
s 6762 1376 679
s 6763 817 394
s 6764 1532 755
s 6765 1729 737
s 6766 971 533
s 6767 703 368
s 6768 897 421
s 6769 855 451
s 6770 1182 551
s 6775 947 445
s 6776 769 371
s 6777 1034 538
s 6779 1582 723
s 6782 958 454
s 6784 1944 952
s 6785 1106 516
s 6787 639 332
s 6791 2389 1291
s 6792 1275 602
s 6793 958 441
s 6794 562 262
s 6801 767 332
s 6811 269 121
s 6940 1295 649
s 6941 2755 1425
s 6942 1511 841
s 6943 828 458
s 6944 849 470
s 6945 440 241
s 6946 771 407
s 6947 3659 1957
s 6948 2699 1383
s 6949 568 284
s 6950 294 150
s 6951 1604 809
s 6952 709 373
s 6953 1447 733
s 6954 2246 1308
s 6955 1026 496
s 6956 2457 1288
s 6957 462 252
s 6958 840 401
s 6959 1383 700
s 6960 2010 1120
s 6961 2312 1263
s 6962 330 166
s 6963 317 167
s 6964 308 176
s 6965 1563 718
s 6966 2540 1372
s 6967 604 331
s 6968 740 394
s 6969 278 145
s 6970 246 118
s 6971 629 289
s 6972 1225 639
s 6973 360 188
s 6974 741 421
s 6975 887 425
s 6976 793 418
s 6977 90 39
s 6978 26 11
s 6979 1602 843
s 6980 934 509
s 6981 907 454
s 6982 1781 906
s 6983 2227 1153
s 6984 513 238
s 6985 422 201
s 6986 3020 1601
s 6987 1267 638
s 6988 2056 1125
s 6989 204 103
s 6990 339 190
s 6991 159 67
s 6992 446 208
s 6993 830 454
s 6994 244 152
s 6995 250 126
s 6996 2194 1134
s 6997 1893 992
s 6998 2533 1349
s 6999 693 336
s 7000 1318 719
s 7001 173 93
s 7002 620 314
s 7003 301 154
s 7004 151 88
s 7005 2786 1370
s 7006 414 210
s 7007 470 251
s 7008 1099 562
s 7009 1647 872
s 7010 830 403
s 7011 1249 623
s 7012 697 352
s 7013 1447 751
s 7014 361 188
s 7015 83 49
s 7016 3256 1742
s 7017 1325 682
s 7018 1057 546
s 7019 573 283
s 7020 1096 557
s 7021 1223 560
s 7022 697 403
s 7023 470 254
s 7024 528 283
s 7025 657 365
s 7026 879 453
s 7031 664 336
s 7032 531 270
s 7033 544 305
s 7035 972 485
s 7038 702 337
s 7040 1318 688
s 7041 784 397
s 7043 405 217
s 7047 1741 979
s 7048 989 519
s 7049 629 308
s 7050 420 212
s 7057 585 280
s 7067 174 83
s 7197 238 114
s 7198 1104 574
s 7199 679 348
s 7200 314 173
s 7201 157 80
s 7202 250 103
s 7203 1359 682
s 7204 694 334
s 7205 401 210
s 7206 34 19
s 7207 507 226
s 7208 433 217
s 7209 484 240
s 7210 350 202
s 7211 280 139
s 7212 903 458
s 7213 237 103
s 7214 346 157
s 7215 363 172
s 7216 686 352
s 7217 421 216
s 7218 317 174
s 7219 140 64
s 7220 103 50
s 7221 601 259
s 7222 945 463
s 7223 91 44
s 7224 305 167
s 7225 75 33
s 7226 128 62
s 7227 196 88
s 7228 109 51
s 7229 76 39
s 7230 380 186
s 7231 325 141
s 7232 525 240
s 7233 36 16
s 7234 24 11
s 7235 524 280
s 7236 548 265
s 7237 53 24
s 7238 444 217
s 7239 815 400
s 7240 212 91
s 7241 127 64
s 7242 1150 589
s 7243 666 328
s 7244 646 336
s 7245 17 10
s 7246 33 11
s 7247 120 57
s 7248 128 53
s 7249 122 63
s 7250 80 41
s 7251 185 78
s 7252 973 511
s 7253 748 369
s 7254 1359 670
s 7255 615 311
s 7256 580 315
s 7257 50 18
s 7258 251 120
s 7259 235 112
s 7260 49 25
s 7261 849 380
s 7262 142 73
s 7263 189 104
s 7264 104 54
s 7265 345 165
s 7266 73 33
s 7267 107 60
s 7268 328 161
s 7269 753 368
s 7270 112 56
s 7271 45 26
s 7272 264 151
s 7273 737 374
s 7274 363 171
s 7275 226 107
s 7276 122 54
s 7277 380 144
s 7278 236 123
s 7279 330 160
s 7280 379 179
s 7281 221 117
s 7282 292 140
s 7287 472 230
s 7288 158 77
s 7289 383 184
s 7291 683 335
s 7294 245 112
s 7296 629 304
s 7297 45 23
s 7299 281 131
s 7303 135 78
s 7304 353 163
s 7305 61 26
s 7306 149 78
s 7313 198 82
s 7323 61 28
s 7454 2603 1371
s 7455 1735 857
s 7456 686 358
s 7457 293 132
s 7458 606 287
s 7459 3076 1509
s 7460 1620 782
s 7461 904 444
s 7462 103 45
s 7463 1385 645
s 7464 1051 524
s 7465 1052 495
s 7466 822 474
s 7467 645 328
s 7468 1855 948
s 7469 662 325
s 7470 689 301
s 7471 826 391
s 7472 1713 839
s 7473 823 432
s 7474 670 347
s 7475 358 156
s 7476 308 145
s 7477 1385 571
s 7478 2200 1179
s 7479 193 84
s 7480 622 315
s 7481 178 85
s 7482 317 140
s 7483 411 173
s 7484 172 85
s 7485 233 118
s 7486 950 490
s 7487 692 333
s 7488 1196 564
s 7489 89 38
s 7490 58 31
s 7491 1422 728
s 7492 1516 768
s 7493 163 80
s 7494 909 457
s 7495 2097 1116
s 7496 497 222
s 7497 301 128
s 7498 3131 1556
s 7499 1599 799
s 7500 1968 1025
s 7501 41 25
s 7502 59 28
s 7503 301 115
s 7504 356 160
s 7505 243 111
s 7506 192 101
s 7507 413 197
s 7508 2087 1003
s 7509 1845 954
s 7510 3334 1593
s 7511 1395 693
s 7512 1642 878
s 7513 129 58
s 7514 617 336
s 7515 495 237
s 7516 127 66
s 7517 1997 957
s 7518 369 182
s 7519 336 170
s 7520 138 55
s 7521 804 389
s 7522 254 55
s 7523 162 74
s 7524 687 341
s 7525 1671 805
s 7526 296 131
s 7527 76 34
s 7528 529 263
s 7529 1753 839
s 7530 976 473
s 7531 533 267
s 7532 161 62
s 7533 1070 455
s 7534 678 374
s 7535 823 394
s 7536 924 421
s 7537 562 308
s 7538 697 331
s 7543 1031 480
s 7544 344 170
s 7545 931 490
s 7547 1654 784
s 7550 590 296
s 7552 1505 733
s 7553 76 30
s 7555 670 328
s 7559 264 128
s 7560 837 393
s 7561 160 70
s 7562 375 174
s 7569 493 233
s 7579 117 53
s 7711 839 455
s 7712 816 465
s 7713 427 219
s 7714 683 328
s 7715 3289 1689
s 7716 2557 1365
s 7717 500 283
s 7718 263 140
s 7719 1389 697
s 7720 646 331
s 7721 1362 690
s 7722 2287 1311
s 7723 930 441
s 7724 2316 1279
s 7725 435 247
s 7726 796 410
s 7727 1218 642
s 7728 1927 999
s 7729 2175 1205
s 7730 365 187
s 7731 327 163
s 7732 268 162
s 7733 1356 614
s 7734 2516 1347
s 7735 574 292
s 7736 695 378
s 7737 249 131
s 7738 225 111
s 7739 561 259
s 7740 1162 648
s 7741 312 152
s 7742 720 413
s 7743 791 386
s 7744 712 366
s 7745 85 41
s 7746 31 20
s 7747 1735 988
s 7748 817 439
s 7749 821 438
s 7750 1103 558
s 7751 2027 1128
s 7752 407 188
s 7753 337 165
s 7754 2695 1441
s 7755 1118 576
s 7756 1890 1035
s 7757 172 85
s 7758 325 173
s 7759 133 66
s 7760 392 192
s 7761 775 417
s 7762 237 136
s 7763 266 129
s 7764 1992 1088
s 7765 1779 940
s 7766 2250 1133
s 7767 652 345
s 7768 1160 664
s 7769 172 97
s 7770 541 291
s 7771 299 162
s 7772 163 89
s 7773 2221 1186
s 7774 394 188
s 7775 391 203
s 7776 1011 499
s 7777 1464 760
s 7778 712 340
s 7779 1043 513
s 7780 597 293
s 7781 1267 660
s 7782 316 159
s 7783 83 36
s 7784 2969 1654
s 7785 1178 615
s 7786 961 482
s 7787 527 269
s 7788 999 514
s 7789 1030 471
s 7790 630 346
s 7791 368 169
s 7792 475 263
s 7793 653 397
s 7794 712 359
s 7799 589 295
s 7800 526 250
s 7801 564 296
s 7803 952 477
s 7806 636 360
s 7808 1116 566
s 7809 696 322
s 7811 366 212
s 7815 1532 872
s 7816 877 461
s 7817 609 313
s 7818 369 187
s 7825 514 251
s 7835 142 62
s 7968 523 273
s 7969 256 135
s 7970 379 172
s 7971 1900 992
s 7972 1562 800
s 7973 283 151
s 7974 176 85
s 7975 893 428
s 7976 333 167
s 7977 832 426
s 7978 1387 833
s 7979 560 268
s 7980 1391 762
s 7981 235 126
s 7982 436 192
s 7983 721 361
s 7984 1157 612
s 7985 1304 731
s 7986 195 93
s 7987 162 83
s 7988 204 115
s 7989 813 386
s 7990 1604 869
s 7991 461 247
s 7992 419 219
s 7993 166 98
s 7994 130 74
s 7995 334 173
s 7996 740 397
s 7997 153 75
s 7998 515 283
s 7999 432 206
s 8000 425 209
s 8001 61 33
s 8002 14 6
s 8003 999 574
s 8004 488 261
s 8005 507 242
s 8006 726 371
s 8007 1251 692
s 8008 248 107
s 8009 208 101
s 8010 1625 847
s 8011 638 332
s 8012 1306 732
s 8013 112 61
s 8014 200 107
s 8015 87 35
s 8016 265 139
s 8017 456 248
s 8018 130 71
s 8019 173 82
s 8020 1203 646
s 8021 1117 584
s 8022 1475 774
s 8023 424 244
s 8024 824 444
s 8025 75 44
s 8026 286 136
s 8027 203 96
s 8028 108 62
s 8029 1506 785
s 8030 194 104
s 8031 246 137
s 8032 690 338
s 8033 1008 523
s 8034 441 210
s 8035 591 299
s 8036 355 192
s 8037 730 385
s 8038 226 132
s 8039 73 42
s 8040 1796 1002
s 8041 696 379
s 8042 646 325
s 8043 330 179
s 8044 632 306
s 8045 712 320
s 8046 358 195
s 8047 188 90
s 8048 248 121
s 8049 391 218
s 8050 483 247
s 8055 442 246
s 8056 326 158
s 8057 741 424
s 8059 586 299
s 8062 468 260
s 8064 736 380
s 8065 465 246
s 8067 220 97
s 8071 1018 587
s 8072 562 282
s 8073 381 207
s 8074 172 99
s 8081 357 161
s 8091 106 53
s 8225 141 83
s 8226 124 59
s 8227 830 438
s 8228 703 384
s 8229 304 168
s 8230 59 24
s 8231 338 164
s 8232 350 208
s 8233 211 108
s 8234 576 340
s 8235 230 120
s 8236 422 224
s 8237 185 98
s 8238 149 65
s 8239 360 173
s 8240 336 175
s 8241 524 288
s 8242 222 135
s 8243 125 61
s 8244 83 50
s 8245 418 188
s 8246 473 262
s 8247 193 113
s 8248 139 57
s 8249 84 48
s 8250 109 47
s 8251 170 72
s 8252 277 145
s 8253 41 18
s 8254 261 140
s 8255 181 85
s 8256 430 237
s 8257 27 10
s 8258 15 10
s 8259 323 186
s 8260 445 234
s 8261 247 124
s 8262 197 94
s 8263 728 408
s 8264 134 64
s 8265 102 44
s 8266 581 293
s 8267 543 294
s 8268 390 221
s 8269 52 28
s 8270 66 45
s 8271 73 33
s 8272 67 40
s 8273 216 116
s 8274 56 29
s 8275 123 53
s 8276 812 434
s 8277 669 362
s 8278 910 457
s 8279 393 216
s 8280 415 204
s 8281 35 23
s 8282 135 72
s 8283 110 60
s 8284 45 21
s 8285 454 219
s 8286 105 59
s 8287 102 58
s 8288 337 171
s 8289 389 205
s 8290 171 80
s 8291 327 176
s 8292 205 106
s 8293 522 289
s 8294 121 62
s 8295 36 20
s 8296 761 390
s 8297 509 262
s 8298 186 88
s 8299 134 76
s 8300 322 169
s 8301 193 102
s 8302 198 111
s 8303 179 99
s 8304 277 162
s 8305 120 70
s 8306 162 81
s 8311 320 180
s 8312 96 47
s 8313 269 143
s 8315 463 230
s 8318 124 54
s 8320 399 203
s 8321 171 75
s 8323 170 77
s 8327 440 234
s 8328 245 130
s 8329 150 73
s 8330 85 35
s 8337 96 52
s 8347 53 31
s 8482 159 80
s 8483 588 297
s 8484 419 231
s 8485 149 71
s 8486 46 17
s 8487 233 110
s 8488 148 78
s 8489 247 120
s 8490 307 181
s 8491 160 83
s 8492 418 209
s 8493 89 53
s 8494 185 84
s 8495 173 81
s 8496 402 216
s 8497 292 157
s 8498 117 54
s 8499 75 44
s 8500 70 33
s 8501 277 123
s 8502 456 231
s 8503 113 43
s 8504 126 76
s 8505 50 31
s 8506 61 32
s 8507 97 43
s 8508 140 83
s 8509 53 27
s 8510 213 116
s 8511 129 48
s 8512 214 109
s 8513 11 4
s 8514 14 9
s 8515 307 167
s 8516 234 127
s 8517 94 53
s 8518 244 129
s 8519 404 236
s 8520 102 49
s 8521 61 21
s 8522 656 351
s 8523 280 152
s 8524 363 218
s 8525 23 11
s 8526 32 15
s 8527 42 17
s 8528 101 46
s 8529 98 50
s 8530 61 28
s 8531 90 38
s 8532 410 216
s 8533 359 189
s 8534 631 350
s 8535 254 146
s 8536 307 167
s 8537 32 18
s 8538 132 66
s 8539 112 59
s 8540 45 26
s 8541 469 233
s 8542 81 49
s 8543 88 40
s 8544 96 45
s 8545 271 127
s 8546 107 47
s 8547 123 57
s 8548 194 90
s 8549 243 123
s 8550 68 38
s 8551 24 7
s 8552 339 187
s 8553 331 183
s 8554 196 101
s 8555 118 65
s 8556 111 56
s 8557 259 108
s 8558 110 61
s 8559 134 70
s 8560 191 104
s 8561 126 71
s 8562 162 81
s 8567 182 92
s 8568 103 49
s 8569 147 77
s 8571 249 117
s 8574 147 75
s 8576 282 154
s 8577 102 55
s 8579 141 76
s 8583 174 98
s 8584 200 104
s 8585 100 45
s 8586 66 30
s 8593 121 56
s 8603 40 19
s 8739 340 151
s 8740 348 157
s 8741 229 111
s 8742 79 37
s 8743 87 31
s 8744 238 109
s 8745 297 130
s 8746 484 265
s 8747 137 67
s 8748 476 244
s 8749 146 64
s 8750 185 93
s 8751 166 80
s 8752 610 311
s 8753 389 194
s 8754 210 97
s 8755 105 53
s 8756 40 20
s 8757 331 130
s 8758 621 333
s 8759 173 81
s 8760 122 60
s 8761 88 43
s 8762 69 31
s 8763 101 31
s 8764 312 156
s 8765 35 15
s 8766 297 151
s 8767 158 76
s 8768 287 138
s 8769 20 13
s 8770 21 7
s 8771 345 179
s 8772 321 157
s 8773 176 72
s 8774 325 157
s 8775 751 406
s 8776 134 72
s 8777 92 38
s 8778 333 163
s 8779 330 154
s 8780 59 29
s 8781 44 26
s 8782 103 41
s 8783 73 33
s 8784 104 45
s 8785 169 89
s 8786 20 6
s 8787 108 47
s 8788 551 261
s 8789 601 316
s 8790 815 388
s 8791 325 157
s 8792 350 179
s 8793 45 17
s 8794 93 47
s 8795 171 67
s 8796 34 22
s 8797 436 191
s 8798 76 33
s 8799 87 46
s 8800 247 118
s 8801 384 179
s 8802 180 77
s 8803 264 127
s 8804 239 103
s 8805 384 191
s 8806 105 49
s 8807 35 18
s 8808 749 394
s 8809 577 306
s 8810 37 20
s 8811 119 59
s 8812 217 108
s 8813 382 159
s 8814 190 104
s 8815 239 117
s 8816 259 132
s 8817 47 23
s 8818 143 51
s 8823 253 130
s 8824 53 25
s 8825 298 148
s 8827 486 238
s 8830 34 19
s 8832 368 183
s 8833 169 78
s 8835 232 109
s 8839 398 213
s 8840 202 86
s 8841 165 69
s 8842 84 44
s 8849 109 39
s 8859 59 29
s 8996 2248 1117
s 8997 1149 559
s 8998 263 127
s 8999 899 384
s 9000 1305 681
s 9001 1607 764
s 9002 2659 1511
s 9003 767 371
s 9004 2327 1210
s 9005 658 340
s 9006 648 300
s 9007 1035 476
s 9008 1655 857
s 9009 2036 1072
s 9010 744 341
s 9011 504 249
s 9012 210 109
s 9013 1437 592
s 9014 2666 1390
s 9015 708 343
s 9016 551 275
s 9017 403 215
s 9018 330 150
s 9019 502 203
s 9020 1296 685
s 9021 197 105
s 9022 1068 559
s 9023 874 420
s 9024 1530 747
s 9025 113 58
s 9026 53 27
s 9027 1707 923
s 9028 1637 836
s 9029 925 462
s 9030 1308 628
s 9031 3228 1702
s 9032 596 281
s 9033 392 182
s 9034 1908 914
s 9035 1733 874
s 9036 895 488
s 9037 177 86
s 9038 308 160
s 9039 277 125
s 9040 361 175
s 9041 938 522
s 9042 130 75
s 9043 546 241
s 9044 3420 1784
s 9045 2837 1449
s 9046 3273 1603
s 9047 1627 801
s 9048 1607 843
s 9049 154 69
s 9050 455 210
s 9051 486 232
s 9052 112 56
s 9053 2571 1296
s 9054 397 190
s 9055 478 238
s 9056 1380 657
s 9057 1543 721
s 9058 732 359
s 9059 1417 687
s 9060 957 472
s 9061 1925 948
s 9062 547 286
s 9063 117 60
s 9064 3347 1705
s 9065 1821 908
s 9066 457 212
s 9067 490 254
s 9068 1275 612
s 9069 973 376
s 9070 713 351
s 9071 793 382
s 9072 1026 500
s 9073 289 158
s 9074 772 328
s 9079 1087 530
s 9080 356 160
s 9081 984 504
s 9083 1571 732
s 9086 362 180
s 9088 1362 699
s 9089 794 382
s 9091 672 309
s 9095 1495 775
s 9096 905 412
s 9097 590 266
s 9098 353 165
s 9105 384 171
s 9115 213 88
s 9253 844 425
s 9254 149 66
s 9255 864 431
s 9256 1052 498
s 9257 1182 600
s 9258 1456 777
s 9259 552 245
s 9260 1903 979
s 9261 568 290
s 9262 584 278
s 9263 811 388
s 9264 1493 754
s 9265 1341 715
s 9266 661 346
s 9267 391 189
s 9268 180 94
s 9269 1319 577
s 9270 2028 1010
s 9271 424 190
s 9272 468 259
s 9273 262 143
s 9274 247 121
s 9275 371 171
s 9276 670 356
s 9277 166 72
s 9278 1018 537
s 9279 690 339
s 9280 1169 566
s 9281 93 42
s 9282 34 19
s 9283 1283 690
s 9284 1454 766
s 9285 533 239
s 9286 1009 510
s 9287 2555 1440
s 9288 549 260
s 9289 300 135
s 9290 1869 985
s 9291 1485 743
s 9292 971 566
s 9293 83 40
s 9294 187 101
s 9295 251 119
s 9296 327 154
s 9297 493 246
s 9298 150 77
s 9299 449 195
s 9300 2623 1361
s 9301 2049 995
s 9302 3002 1539
s 9303 1399 742
s 9304 1554 806
s 9305 157 75
s 9306 400 186
s 9307 401 188
s 9308 118 60
s 9309 2192 1129
s 9310 305 158
s 9311 342 161
s 9312 653 306
s 9313 1154 585
s 9314 446 194
s 9315 623 319
s 9316 785 388
s 9317 1594 781
s 9318 370 195
s 9319 115 55
s 9320 1816 1019
s 9321 1620 854
s 9322 524 255
s 9323 454 215
s 9324 687 326
s 9325 900 410
s 9326 558 295
s 9327 737 375
s 9328 941 501
s 9329 308 150
s 9330 636 290
s 9335 998 542
s 9336 308 135
s 9337 940 498
s 9339 1482 716
s 9342 332 172
s 9344 1205 619
s 9345 404 213
s 9347 672 335
s 9351 936 513
s 9352 693 326
s 9353 358 170
s 9354 266 128
s 9361 357 167
s 9371 160 92
s 9510 83 35
s 9511 467 226
s 9512 205 92
s 9513 480 230
s 9514 788 462
s 9515 310 153
s 9516 825 446
s 9517 144 76
s 9518 222 112
s 9519 477 240
s 9520 632 312
s 9521 751 414
s 9522 115 51
s 9523 98 43
s 9524 89 39
s 9525 445 197
s 9526 839 415
s 9527 211 100
s 9528 233 102
s 9529 87 49
s 9530 77 33
s 9531 172 83
s 9532 408 213
s 9533 101 44
s 9534 219 113
s 9535 260 126
s 9536 247 121
s 9537 33 14
s 9538 10 6
s 9539 611 355
s 9540 309 163
s 9541 279 147
s 9542 374 183
s 9543 650 346
s 9544 159 65
s 9545 135 65
s 9546 930 450
s 9547 355 187
s 9548 697 384
s 9549 78 40
s 9550 98 49
s 9551 48 20
s 9552 136 51
s 9553 276 153
s 9554 76 35
s 9555 102 44
s 9556 664 361
s 9557 592 285
s 9558 742 378
s 9559 234 129
s 9560 430 241
s 9561 59 29
s 9562 176 78
s 9563 114 41
s 9564 68 40
s 9565 777 405
s 9566 165 83
s 9567 136 65
s 9568 341 158
s 9569 491 238
s 9570 228 100
s 9571 402 189
s 9572 187 89
s 9573 389 202
s 9574 102 55
s 9575 24 10
s 9576 1001 547
s 9577 385 193
s 9578 333 171
s 9579 170 95
s 9580 377 165
s 9581 357 139
s 9582 189 99
s 9583 113 53
s 9584 133 61
s 9585 196 97
s 9586 263 115
s 9591 224 107
s 9592 147 55
s 9593 179 87
s 9595 342 161
s 9598 220 102
s 9600 379 178
s 9601 240 120
s 9603 108 51
s 9607 459 246
s 9608 310 153
s 9609 174 78
s 9610 121 54
s 9617 187 91
s 9627 49 26
s 9767 98 45
s 9768 82 37
s 9769 104 51
s 9770 91 42
s 9771 76 31
s 9772 192 74
s 9773 71 29
s 9774 79 42
s 9775 69 32
s 9776 189 90
s 9777 83 44
s 9778 95 46
s 9779 46 23
s 9780 30 16
s 9781 146 61
s 9782 233 112
s 9783 27 13
s 9784 52 24
s 9785 38 12
s 9786 32 15
s 9787 43 19
s 9788 33 13
s 9789 32 15
s 9790 96 49
s 9791 65 36
s 9792 138 64
s 9793 20 7
s 9794 9 5
s 9795 113 59
s 9796 119 54
s 9797 26 10
s 9798 105 44
s 9799 218 100
s 9800 48 23
s 9801 42 16
s 9802 258 132
s 9803 165 76
s 9804 155 78
s 9805 5 2
s 9806 12 5
s 9807 31 10
s 9808 37 16
s 9809 36 16
s 9810 25 14
s 9811 39 11
s 9812 221 100
s 9813 171 81
s 9814 334 170
s 9815 110 42
s 9816 114 48
s 9817 26 14
s 9818 87 28
s 9819 51 24
s 9820 20 12
s 9821 199 102
s 9822 33 18
s 9823 31 15
s 9824 29 13
s 9825 94 40
s 9826 27 12
s 9827 33 16
s 9828 95 38
s 9829 162 78
s 9830 34 18
s 9831 25 14
s 9832 108 56
s 9833 224 99
s 9834 75 34
s 9835 53 25
s 9836 28 10
s 9837 124 39
s 9838 51 22
s 9839 87 41
s 9840 107 47
s 9841 70 35
s 9842 77 34
s 9847 107 38
s 9848 33 18
s 9849 108 58
s 9851 172 56
s 9854 49 17
s 9856 139 64
s 9857 19 5
s 9859 83 37
s 9863 52 21
s 9864 98 36
s 9865 40 20
s 9866 31 14
s 9873 59 29
s 9883 18 10
s 10024 551 250
s 10025 674 317
s 10026 1184 621
s 10027 280 114
s 10028 1042 514
s 10029 289 143
s 10030 262 102
s 10031 423 210
s 10032 879 424
s 10033 855 435
s 10034 324 153
s 10035 226 107
s 10036 78 33
s 10037 713 272
s 10038 1338 652
s 10039 344 164
s 10040 264 122
s 10041 148 71
s 10042 149 59
s 10043 183 81
s 10044 597 309
s 10045 47 21
s 10046 542 284
s 10047 353 158
s 10048 659 301
s 10049 49 22
s 10050 25 9
s 10051 862 426
s 10052 712 335
s 10053 496 238
s 10054 532 257
s 10055 1326 642
s 10056 317 134
s 10057 180 77
s 10058 608 274
s 10059 767 378
s 10060 226 109
s 10061 84 41
s 10062 153 81
s 10063 124 48
s 10064 170 76
s 10065 338 163
s 10066 46 23
s 10067 230 114
s 10068 1395 659
s 10069 1248 573
s 10070 1592 736
s 10071 779 340
s 10072 761 400
s 10073 78 35
s 10074 182 82
s 10075 203 97
s 10076 61 30
s 10077 1118 528
s 10078 173 84
s 10079 199 86
s 10080 556 241
s 10081 737 336
s 10082 378 182
s 10083 521 205
s 10084 415 190
s 10085 827 398
s 10086 231 111
s 10087 54 28
s 10088 1434 740
s 10089 889 408
s 10090 125 56
s 10091 221 91
s 10092 551 234
s 10093 542 230
s 10094 329 189
s 10095 368 161
s 10096 494 215
s 10097 84 32
s 10098 330 142
s 10103 621 281
s 10104 127 56
s 10105 459 241
s 10107 818 347
s 10110 120 47
s 10112 686 296
s 10113 352 158
s 10115 337 160
s 10119 718 371
s 10120 350 141
s 10121 263 116
s 10122 179 83
s 10129 227 97
s 10139 116 44
s 10281 569 295
s 10282 828 463
s 10283 362 184
s 10284 864 446
s 10285 161 76
s 10286 242 109
s 10287 875 392
s 10288 654 309
s 10289 799 412
s 10290 157 79
s 10291 113 59
s 10292 108 59
s 10293 501 217
s 10294 905 446
s 10295 212 110
s 10296 272 146
s 10297 92 49
s 10298 101 47
s 10299 251 116
s 10300 451 246
s 10301 89 39
s 10302 196 100
s 10303 261 125
s 10304 321 140
s 10305 32 14
s 10306 11 3
s 10307 651 377
s 10308 329 172
s 10309 317 134
s 10310 433 202
s 10311 708 358
s 10312 155 82
s 10313 142 65
s 10314 963 499
s 10315 402 199
s 10316 751 412
s 10317 64 37
s 10318 88 42
s 10319 64 32
s 10320 169 80
s 10321 295 168
s 10322 95 56
s 10323 88 43
s 10324 823 400
s 10325 695 347
s 10326 800 394
s 10327 302 148
s 10328 510 271
s 10329 41 21
s 10330 193 83
s 10331 118 65
s 10332 65 31
s 10333 926 460
s 10334 169 81
s 10335 147 72
s 10336 380 197
s 10337 568 278
s 10338 240 110
s 10339 415 191
s 10340 209 91
s 10341 463 210
s 10342 124 64
s 10343 31 16
s 10344 1050 598
s 10345 406 199
s 10346 392 193
s 10347 198 95
s 10348 352 168
s 10349 394 164
s 10350 186 99
s 10351 164 94
s 10352 198 104
s 10353 216 117
s 10354 300 144
s 10359 245 130
s 10360 170 82
s 10361 214 110
s 10363 346 171
s 10366 219 114
s 10368 391 180
s 10369 233 110
s 10371 142 79
s 10375 496 246
s 10376 300 127
s 10377 216 89
s 10378 122 52
s 10385 167 78
s 10395 53 21
s 10538 701 380
s 10539 491 239
s 10540 208 96
s 10541 316 176
s 10542 119 48
s 10543 548 281
s 10544 150 74
s 10545 803 416
s 10546 314 164
s 10547 201 102
s 10548 132 68
s 10549 624 252
s 10550 168 83
s 10551 305 140
s 10552 227 115
s 10553 131 63
s 10554 160 83
s 10555 257 118
s 10556 465 206
s 10557 95 37
s 10558 485 249
s 10559 274 138
s 10560 688 322
s 10561 50 16
s 10562 22 12
s 10563 92 45
s 10564 822 400
s 10565 361 171
s 10566 120 53
s 10567 1176 562
s 10568 213 97
s 10569 166 74
s 10570 2211 1119
s 10571 805 359
s 10572 814 458
s 10573 65 33
s 10574 130 64
s 10575 139 68
s 10576 69 29
s 10577 278 141
s 10578 66 39
s 10579 198 88
s 10580 1385 671
s 10581 1069 528
s 10582 1613 812
s 10583 730 359
s 10584 725 388
s 10585 17 7
s 10586 251 117
s 10587 167 81
s 10588 69 37
s 10589 287 151
s 10590 65 38
s 10591 55 20
s 10592 460 196
s 10593 703 322
s 10594 306 140
s 10595 543 259
s 10596 378 182
s 10597 1009 491
s 10598 175 91
s 10599 53 35
s 10600 1235 639
s 10601 814 418
s 10602 408 184
s 10603 224 116
s 10604 510 235
s 10605 63 31
s 10606 379 191
s 10607 367 167
s 10608 419 200
s 10609 233 121
s 10610 197 89
s 10615 510 250
s 10616 194 81
s 10617 391 205
s 10619 714 332
s 10622 265 134
s 10624 969 479
s 10625 303 145
s 10627 337 161
s 10631 660 351
s 10632 408 184
s 10633 230 105
s 10634 70 31
s 10641 120 52
s 10651 108 49
s 10795 629 342
s 10796 1264 708
s 10797 508 298
s 10798 422 200
s 10799 806 417
s 10800 1068 613
s 10801 878 509
s 10802 539 293
s 10803 294 156
s 10804 230 145
s 10805 1139 542
s 10806 1104 600
s 10807 221 110
s 10808 499 314
s 10809 192 101
s 10810 280 140
s 10811 356 183
s 10812 340 187
s 10813 196 107
s 10814 813 501
s 10815 539 265
s 10816 1057 557
s 10817 62 31
s 10818 39 18
s 10819 826 476
s 10820 1210 687
s 10821 261 132
s 10822 595 335
s 10823 1830 1069
s 10824 401 217
s 10825 252 128
s 10826 2156 1247
s 10827 1403 785
s 10828 1508 882
s 10829 55 24
s 10830 81 40
s 10831 207 110
s 10832 235 132
s 10833 245 139
s 10834 140 77
s 10835 293 144
s 10836 1989 1119
s 10837 1541 838
s 10838 2621 1434
s 10839 1161 665
s 10840 1260 762
s 10841 98 59
s 10842 469 237
s 10843 365 193
s 10844 123 79
s 10845 1424 761
s 10846 262 125
s 10847 249 139
s 10848 325 189
s 10849 809 437
s 10850 231 118
s 10851 320 166
s 10852 503 266
s 10853 1498 840
s 10854 249 146
s 10855 68 40
s 10856 880 508
s 10857 1256 708
s 10858 707 364
s 10859 384 215
s 10860 334 187
s 10861 575 279
s 10862 523 308
s 10863 646 349
s 10864 755 399
s 10865 407 225
s 10866 458 246
s 10871 876 506
s 10872 260 150
s 10873 708 417
s 10875 1220 615
s 10878 448 279
s 10880 1114 634
s 10881 208 109
s 10883 538 309
s 10887 438 250
s 10888 619 331
s 10889 190 100
s 10890 238 137
s 10897 339 188
s 10907 108 56
s 11052 778 384
s 11053 195 98
s 11054 221 105
s 11055 273 120
s 11056 650 322
s 11057 517 268
s 11058 248 131
s 11059 155 80
s 11060 48 25
s 11061 484 214
s 11062 841 414
s 11063 132 66
s 11064 199 89
s 11065 96 50
s 11066 104 49
s 11067 136 69
s 11068 267 116
s 11069 75 36
s 11070 373 201
s 11071 224 103
s 11072 428 207
s 11073 33 17
s 11074 18 8
s 11075 540 275
s 11076 494 252
s 11077 209 106
s 11078 353 156
s 11079 871 453
s 11080 179 77
s 11081 124 50
s 11082 619 306
s 11083 502 228
s 11084 328 174
s 11085 40 23
s 11086 76 38
s 11087 92 41
s 11088 145 71
s 11089 190 101
s 11090 54 28
s 11091 174 78
s 11092 949 486
s 11093 778 349
s 11094 1046 519
s 11095 464 232
s 11096 548 276
s 11097 59 32
s 11098 183 83
s 11099 149 62
s 11100 36 22
s 11101 781 359
s 11102 107 45
s 11103 132 67
s 11104 260 110
s 11105 440 215
s 11106 140 59
s 11107 253 112
s 11108 256 124
s 11109 582 273
s 11110 145 80
s 11111 30 17
s 11112 700 347
s 11113 550 253
s 11114 194 81
s 11115 174 92
s 11116 269 128
s 11117 351 142
s 11118 188 91
s 11119 264 127
s 11120 350 168
s 11121 103 47
s 11122 209 100
s 11127 358 170
s 11128 105 41
s 11129 317 135
s 11131 546 230
s 11134 136 68
s 11136 438 217
s 11137 177 94
s 11139 237 118
s 11143 343 172
s 11144 300 148
s 11145 147 64
s 11146 130 61
s 11153 158 70
s 11163 68 32
s 11309 514 260
s 11310 230 103
s 11311 1019 509
s 11312 287 138
s 11313 1368 723
s 11314 640 325
s 11315 298 148
s 11316 200 93
s 11317 902 374
s 11318 319 156
s 11319 446 210
s 11320 335 164
s 11321 252 127
s 11322 275 123
s 11323 476 224
s 11324 839 433
s 11325 183 101
s 11326 741 381
s 11327 425 205
s 11328 1150 535
s 11329 97 47
s 11330 41 24
s 11331 183 102
s 11332 1156 618
s 11333 578 272
s 11334 231 97
s 11335 2136 1150
s 11336 354 169
s 11337 250 126
s 11338 2220 1192
s 11339 1341 709
s 11340 1294 697
s 11341 133 69
s 11342 211 111
s 11343 198 85
s 11344 140 64
s 11345 524 284
s 11346 149 85
s 11347 356 163
s 11348 2411 1272
s 11349 1841 952
s 11350 2558 1288
s 11351 1106 585
s 11352 1114 588
s 11353 29 16
s 11354 485 232
s 11355 275 120
s 11356 146 89
s 11357 524 278
s 11358 117 58
s 11359 116 54
s 11360 755 356
s 11361 1354 723
s 11362 500 229
s 11363 989 504
s 11364 606 292
s 11365 1554 797
s 11366 336 171
s 11367 95 46
s 11368 2173 1153
s 11369 1506 808
s 11370 665 335
s 11371 411 202
s 11372 758 368
s 11373 135 55
s 11374 555 291
s 11375 624 323
s 11376 714 359
s 11377 415 218
s 11378 274 132
s 11383 817 419
s 11384 328 145
s 11385 766 395
s 11387 1257 607
s 11390 493 252
s 11392 1218 637
s 11393 531 263
s 11395 509 259
s 11399 1081 615
s 11400 714 355
s 11401 426 201
s 11402 139 67
s 11409 194 87
s 11419 153 68
s 11566 152 62
s 11567 255 129
s 11568 432 219
s 11569 489 284
s 11570 100 46
s 11571 79 33
s 11572 63 37
s 11573 298 127
s 11574 556 301
s 11575 139 71
s 11576 156 81
s 11577 47 26
s 11578 125 29
s 11579 123 52
s 11580 244 126
s 11581 71 31
s 11582 151 86
s 11583 164 80
s 11584 257 119
s 11585 22 11
s 11586 7 6
s 11587 387 211
s 11588 207 118
s 11589 186 89
s 11590 316 136
s 11591 475 263
s 11592 113 50
s 11593 93 43
s 11594 566 308
s 11595 255 119
s 11596 429 210
s 11597 45 21
s 11598 79 40
s 11599 110 21
s 11600 101 60
s 11601 201 114
s 11602 61 42
s 11603 78 40
s 11604 521 280
s 11605 442 219
s 11606 520 279
s 11607 209 93
s 11608 317 181
s 11609 48 23
s 11610 119 58
s 11611 90 41
s 11612 43 27
s 11613 490 224
s 11614 74 41
s 11615 94 47
s 11616 231 122
s 11617 360 199
s 11618 156 69
s 11619 250 111
s 11620 121 66
s 11621 270 129
s 11622 61 33
s 11623 17 8
s 11624 672 351
s 11625 261 138
s 11626 232 113
s 11627 108 66
s 11628 218 119
s 11629 238 94
s 11630 138 73
s 11631 129 61
s 11632 146 84
s 11633 122 65
s 11634 190 86
s 11639 154 81
s 11640 94 39
s 11641 161 80
s 11643 233 107
s 11646 134 59
s 11648 240 136
s 11649 154 84
s 11651 106 46
s 11655 331 164
s 11656 193 86
s 11657 116 56
s 11658 106 54
s 11665 118 50
s 11675 43 24
s 11823 256 107
s 11824 185 78
s 11825 502 262
s 11826 239 108
s 11827 126 58
s 11828 86 45
s 11829 332 130
s 11830 252 119
s 11831 196 104
s 11832 97 37
s 11833 94 44
s 11834 106 40
s 11835 147 63
s 11836 347 150
s 11837 64 29
s 11838 290 128
s 11839 162 69
s 11840 367 173
s 11841 30 15
s 11842 22 8
s 11843 147 74
s 11844 380 185
s 11845 218 104
s 11846 133 67
s 11847 744 370
s 11848 127 52
s 11849 62 20
s 11850 718 345
s 11851 388 185
s 11852 352 157
s 11853 62 25
s 11854 86 46
s 11855 68 25
s 11856 71 42
s 11857 151 81
s 11858 51 24
s 11859 147 65
s 11860 781 355
s 11861 695 335
s 11862 928 434
s 11863 384 199
s 11864 377 180
s 11865 27 11
s 11866 210 96
s 11867 147 60
s 11868 70 31
s 11869 302 130
s 11870 24 11
s 11871 56 25
s 11872 261 124
s 11873 447 192
s 11874 213 88
s 11875 259 113
s 11876 294 134
s 11877 501 244
s 11878 107 45
s 11879 44 21
s 11880 735 368
s 11881 592 290
s 11882 242 104
s 11883 174 87
s 11884 222 113
s 11885 128 58
s 11886 213 102
s 11887 233 96
s 11888 323 139
s 11889 157 73
s 11890 140 53
s 11895 299 136
s 11896 142 67
s 11897 292 139
s 11899 492 205
s 11902 148 73
s 11904 430 220
s 11905 179 73
s 11907 224 100
s 11911 409 192
s 11912 276 109
s 11913 198 79
s 11914 38 16
s 11921 73 28
s 11931 63 22
s 12080 662 324
s 12081 644 344
s 12082 294 135
s 12083 182 88
s 12084 93 52
s 12085 627 254
s 12086 1016 513
s 12087 204 89
s 12088 260 111
s 12089 147 75
s 12090 156 76
s 12091 215 103
s 12092 346 178
s 12093 67 36
s 12094 432 218
s 12095 369 168
s 12096 593 266
s 12097 37 14
s 12098 20 11
s 12099 687 368
s 12100 639 309
s 12101 286 134
s 12102 470 220
s 12103 1156 589
s 12104 234 106
s 12105 167 89
s 12106 774 401
s 12107 625 294
s 12108 493 245
s 12109 42 24
s 12110 88 40
s 12111 98 41
s 12112 152 70
s 12113 285 140
s 12114 55 31
s 12115 207 95
s 12116 1316 677
s 12117 1054 540
s 12118 1253 613
s 12119 605 280
s 12120 658 339
s 12121 62 28
s 12122 211 98
s 12123 198 95
s 12124 54 27
s 12125 1022 479
s 12126 190 87
s 12127 176 81
s 12128 345 164
s 12129 470 226
s 12130 201 107
s 12131 387 185
s 12132 321 149
s 12133 774 373
s 12134 207 100
s 12135 42 23
s 12136 941 506
s 12137 709 360
s 12138 264 133
s 12139 202 96
s 12140 388 178
s 12141 407 170
s 12142 223 112
s 12143 306 151
s 12144 405 217
s 12145 137 82
s 12146 283 120
s 12151 421 196
s 12152 122 56
s 12153 350 168
s 12155 643 273
s 12158 143 62
s 12160 520 252
s 12161 201 81
s 12163 261 118
s 12167 444 227
s 12168 372 181
s 12169 152 76
s 12170 158 70
s 12177 169 74
s 12187 69 32
s 12337 1358 703
s 12338 585 318
s 12339 302 151
s 12340 210 117
s 12341 802 361
s 12342 244 114
s 12343 543 286
s 12344 257 142
s 12345 235 123
s 12346 212 105
s 12347 411 197
s 12348 925 533
s 12349 292 150
s 12350 775 405
s 12351 376 178
s 12352 884 412
s 12353 86 39
s 12354 54 26
s 12355 158 74
s 12356 948 481
s 12357 545 270
s 12358 186 99
s 12359 1980 1128
s 12360 259 129
s 12361 216 104
s 12362 2208 1116
s 12363 1042 485
s 12364 1270 699
s 12365 152 86
s 12366 224 124
s 12367 234 102
s 12368 133 64
s 12369 376 183
s 12370 185 107
s 12371 389 161
s 12372 1830 928
s 12373 1759 872
s 12374 2440 1199
s 12375 990 518
s 12376 1214 643
s 12377 30 13
s 12378 572 270
s 12379 501 259
s 12380 151 100
s 12381 497 261
s 12382 61 28
s 12383 77 39
s 12384 608 279
s 12385 1247 643
s 12386 508 227
s 12387 625 293
s 12388 681 367
s 12389 1307 649
s 12390 323 165
s 12391 94 55
s 12392 1952 1061
s 12393 1582 827
s 12394 699 351
s 12395 491 269
s 12396 578 287
s 12397 96 38
s 12398 645 349
s 12399 628 327
s 12400 733 375
s 12401 557 308
s 12402 297 140
s 12407 769 395
s 12408 379 182
s 12409 725 396
s 12411 1307 620
s 12414 459 248
s 12416 1118 552
s 12417 504 258
s 12419 641 309
s 12423 1111 601
s 12424 851 421
s 12425 500 232
s 12426 89 40
s 12433 231 113
s 12443 166 91
s 12594 561 298
s 12595 282 140
s 12596 207 116
s 12597 1055 476
s 12598 1578 859
s 12599 297 166
s 12600 459 227
s 12601 187 94
s 12602 238 116
s 12603 272 125
s 12604 421 221
s 12605 141 63
s 12606 843 471
s 12607 554 315
s 12608 1001 481
s 12609 72 37
s 12610 46 27
s 12611 1111 675
s 12612 1241 640
s 12613 305 147
s 12614 767 392
s 12615 1778 963
s 12616 467 212
s 12617 222 112
s 12618 1739 922
s 12619 1161 591
s 12620 1109 635
s 12621 75 39
s 12622 115 69
s 12623 187 87
s 12624 266 135
s 12625 252 140
s 12626 119 65
s 12627 334 154
s 12628 1787 950
s 12629 1630 848
s 12630 2603 1351
s 12631 1122 587
s 12632 1152 644
s 12633 99 53
s 12634 434 234
s 12635 398 206
s 12636 105 63
s 12637 1548 825
s 12638 273 137
s 12639 277 152
s 12640 326 169
s 12641 843 455
s 12642 237 115
s 12643 290 140
s 12644 547 271
s 12645 1378 725
s 12646 249 144
s 12647 73 37
s 12648 848 476
s 12649 1456 792
s 12650 559 285
s 12651 384 206
s 12652 350 189
s 12653 713 336
s 12654 509 310
s 12655 655 344
s 12656 823 453
s 12657 311 160
s 12658 490 234
s 12663 932 496
s 12664 237 114
s 12665 777 431
s 12667 1343 677
s 12670 384 176
s 12672 1106 590
s 12673 197 102
s 12675 619 310
s 12679 530 313
s 12680 594 287
s 12681 221 111
s 12682 294 134
s 12689 342 179
s 12699 159 100
s 12851 78 29
s 12852 82 50
s 12853 416 175
s 12854 667 359
s 12855 179 86
s 12856 184 91
s 12857 80 38
s 12858 54 30
s 12859 194 96
s 12860 328 170
s 12861 115 59
s 12862 214 103
s 12863 180 85
s 12864 161 81
s 12865 30 17
s 12866 12 7
s 12867 426 241
s 12868 197 107
s 12869 207 108
s 12870 307 170
s 12871 581 313
s 12872 117 57
s 12873 84 38
s 12874 861 473
s 12875 252 149
s 12876 566 315
s 12877 64 39
s 12878 106 59
s 12879 28 10
s 12880 107 52
s 12881 170 100
s 12882 82 56
s 12883 65 27
s 12884 448 231
s 12885 443 220
s 12886 695 369
s 12887 152 74
s 12888 374 233
s 12889 61 41
s 12890 209 113
s 12891 110 60
s 12892 64 33
s 12893 585 289
s 12894 92 42
s 12895 86 45
s 12896 251 122
s 12897 381 197
s 12898 213 107
s 12899 324 168
s 12900 149 76
s 12901 334 178
s 12902 87 47
s 12903 26 9
s 12904 827 457
s 12905 388 209
s 12906 282 127
s 12907 151 90
s 12908 204 108
s 12909 324 148
s 12910 144 71
s 12911 78 33
s 12912 138 87
s 12913 232 123
s 12914 197 102
s 12919 164 80
s 12920 134 76
s 12921 145 76
s 12923 311 143
s 12926 181 93
s 12928 338 175
s 12929 170 80
s 12931 122 50
s 12935 467 227
s 12936 280 141
s 12937 190 91
s 12938 94 52
s 12945 194 92
s 12955 40 17
s 13108 49 26
s 13109 244 103
s 13110 363 179
s 13111 124 62
s 13112 125 60
s 13113 41 22
s 13114 49 23
s 13115 78 39
s 13116 154 69
s 13117 34 15
s 13118 104 55
s 13119 134 53
s 13120 145 68
s 13121 9 4
s 13122 6 6
s 13123 220 114
s 13124 173 87
s 13125 125 57
s 13126 179 84
s 13127 250 121
s 13128 68 36
s 13129 50 24
s 13130 433 229
s 13131 203 102
s 13132 311 152
s 13133 14 8
s 13134 49 22
s 13135 30 11
s 13136 59 24
s 13137 81 46
s 13138 21 12
s 13139 48 22
s 13140 280 144
s 13141 263 130
s 13142 421 201
s 13143 155 73
s 13144 180 93
s 13145 17 9
s 13146 91 44
s 13147 53 23
s 13148 37 17
s 13149 356 167
s 13150 60 35
s 13151 42 20
s 13152 139 65
s 13153 181 83
s 13154 113 53
s 13155 117 58
s 13156 79 43
s 13157 232 114
s 13158 32 16
s 13159 18 10
s 13160 340 179
s 13161 206 106
s 13162 177 83
s 13163 80 41
s 13164 131 64
s 13165 150 70
s 13166 96 47
s 13167 84 40
s 13168 92 40
s 13169 92 45
s 13170 110 51
s 13175 146 66
s 13176 91 44
s 13177 72 32
s 13179 173 76
s 13182 106 50
s 13184 210 103
s 13185 91 42
s 13187 86 49
s 13191 185 108
s 13192 120 52
s 13193 72 40
s 13194 60 19
s 13201 80 33
s 13211 25 8
s 13365 125 68
s 13366 219 138
s 13367 76 42
s 13368 51 27
s 13369 44 25
s 13370 33 21
s 13371 49 24
s 13372 127 68
s 13373 28 11
s 13374 131 73
s 13375 72 28
s 13376 125 63
s 13377 10 5
s 13378 10 4
s 13379 148 83
s 13380 154 81
s 13381 83 42
s 13382 111 48
s 13383 278 152
s 13384 57 27
s 13385 27 9
s 13386 195 99
s 13387 155 80
s 13388 92 59
s 13389 21 13
s 13390 44 24
s 13391 29 14
s 13392 42 18
s 13393 71 39
s 13394 25 18
s 13395 54 24
s 13396 248 134
s 13397 221 127
s 13398 357 182
s 13399 160 75
s 13400 176 94
s 13401 18 9
s 13402 63 31
s 13403 592 353
s 13404 26 17
s 13405 261 117
s 13406 36 14
s 13407 45 23
s 13408 100 55
s 13409 159 80
s 13410 71 24
s 13411 89 46
s 13412 90 45
s 13413 162 88
s 13414 45 25
s 13415 10 7
s 13416 301 155
s 13417 197 118
s 13418 37 19
s 13419 57 27
s 13420 93 47
s 13421 117 55
s 13422 78 47
s 13423 90 50
s 13424 109 58
s 13425 37 21
s 13426 67 27
s 13431 126 60
s 13432 36 15
s 13433 99 49
s 13435 192 91
s 13438 34 15
s 13440 153 69
s 13441 78 45
s 13443 85 45
s 13447 183 108
s 13448 85 42
s 13449 67 35
s 13450 28 12
s 13457 42 19
s 13467 41 23
s 13622 1028 444
s 13623 390 173
s 13624 243 100
s 13625 170 79
s 13626 169 65
s 13627 329 127
s 13628 654 320
s 13629 131 59
s 13630 509 249
s 13631 383 159
s 13632 686 296
s 13633 67 25
s 13634 32 12
s 13635 729 358
s 13636 699 305
s 13637 509 216
s 13638 498 210
s 13639 1561 734
s 13640 265 114
s 13641 220 92
s 13642 1401 603
s 13643 767 315
s 13644 840 402
s 13645 118 51
s 13646 174 86
s 13647 143 63
s 13648 190 70
s 13649 411 180
s 13650 128 55
s 13651 241 90
s 13652 1473 653
s 13653 1212 526
s 13654 1703 735
s 13655 744 326
s 13656 856 401
s 13657 80 40
s 13658 300 127
s 13659 196 73
s 13660 71 33
s 13661 1096 472
s 13662 160 54
s 13663 220 106
s 13664 521 207
s 13665 840 351
s 13666 408 164
s 13667 634 242
s 13668 482 212
s 13669 880 357
s 13670 233 100
s 13671 75 34
s 13672 1554 714
s 13673 917 403
s 13674 511 222
s 13675 332 143
s 13676 624 247
s 13677 443 178
s 13678 345 168
s 13679 390 160
s 13680 522 214
s 13681 281 122
s 13682 386 146
s 13687 531 246
s 13688 288 121
s 13689 399 179
s 13691 821 334
s 13694 343 152
s 13696 784 327
s 13697 380 171
s 13699 327 141
s 13703 784 356
s 13704 458 192
s 13705 316 113
s 13706 158 71
s 13713 243 88
s 13723 109 47
s 13879 636 344
s 13880 336 150
s 13881 256 129
s 13882 257 130
s 13883 477 221
s 13884 1027 567
s 13885 212 109
s 13886 999 572
s 13887 466 219
s 13888 1186 603
s 13889 86 47
s 13890 54 27
s 13891 153 74
s 13892 1357 759
s 13893 722 364
s 13894 200 98
s 13895 2601 1434
s 13896 375 178
s 13897 219 119
s 13898 2635 1444
s 13899 1493 776
s 13900 1743 995
s 13901 162 94
s 13902 261 146
s 13903 222 101
s 13904 164 84
s 13905 435 234
s 13906 163 87
s 13907 397 189
s 13908 2349 1261
s 13909 1935 983
s 13910 3258 1744
s 13911 1366 729
s 13912 1535 867
s 13913 41 19
s 13914 553 300
s 13915 413 205
s 13916 196 90
s 13917 632 324
s 13918 95 37
s 13919 97 52
s 13920 818 426
s 13921 1451 741
s 13922 568 289
s 13923 725 361
s 13924 703 349
s 13925 1746 925
s 13926 314 179
s 13927 91 47
s 13928 2392 1339
s 13929 1681 914
s 13930 952 475
s 13931 578 319
s 13932 861 450
s 13933 113 41
s 13934 666 362
s 13935 728 368
s 13936 956 514
s 13937 506 274
s 13938 345 169
s 13943 1019 529
s 13944 462 223
s 13945 983 568
s 13947 1611 822
s 13950 623 322
s 13952 1503 819
s 13953 544 292
s 13955 685 359
s 13959 1250 677
s 13960 848 429
s 13961 512 267
s 13962 126 60
s 13969 226 104
s 13979 175 87
s 14136 161 90
s 14137 47 21
s 14138 92 30
s 14139 119 53
s 14140 58 29
s 14141 56 28
s 14142 550 326
s 14143 156 67
s 14144 330 148
s 14145 15 6
s 14146 16 6
s 14147 398 220
s 14148 336 160
s 14149 67 26
s 14150 273 145
s 14151 834 448
s 14152 142 58
s 14153 96 44
s 14154 752 375
s 14155 377 199
s 14156 541 292
s 14157 22 10
s 14158 20 10
s 14159 81 31
s 14160 91 46
s 14161 75 31
s 14162 53 31
s 14163 111 46
s 14164 512 252
s 14165 432 201
s 14166 835 442
s 14167 333 188
s 14168 509 293
s 14169 42 16
s 14170 160 79
s 14171 134 74
s 14172 38 24
s 14173 591 317
s 14174 87 43
s 14175 82 44
s 14176 44 21
s 14177 246 111
s 14178 71 26
s 14179 60 32
s 14180 219 96
s 14181 391 207
s 14182 86 38
s 14183 24 15
s 14184 160 95
s 14185 486 250
s 14186 330 166
s 14187 161 84
s 14188 68 38
s 14189 290 124
s 14190 173 87
s 14191 200 103
s 14192 299 147
s 14193 156 90
s 14194 193 84
s 14199 256 134
s 14200 113 56
s 14201 260 137
s 14203 397 190
s 14206 174 98
s 14208 359 168
s 14209 39 17
s 14211 200 105
s 14215 97 48
s 14216 257 126
s 14217 65 32
s 14218 108 54
s 14225 135 64
s 14235 49 38
s 14393 93 50
s 14394 78 43
s 14395 101 45
s 14396 275 152
s 14397 63 33
s 14398 215 102
s 14399 147 57
s 14400 284 145
s 14401 30 13
s 14402 15 5
s 14403 236 132
s 14404 297 137
s 14405 192 79
s 14406 166 70
s 14407 628 329
s 14408 121 62
s 14409 63 29
s 14410 504 255
s 14411 375 204
s 14412 270 151
s 14413 47 27
s 14414 74 44
s 14415 68 37
s 14416 65 31
s 14417 174 91
s 14418 40 20
s 14419 150 76
s 14420 714 378
s 14421 607 284
s 14422 705 343
s 14423 347 180
s 14424 366 211
s 14425 18 12
s 14426 137 56
s 14427 117 61
s 14428 32 20
s 14429 312 156
s 14430 72 33
s 14431 67 36
s 14432 255 119
s 14433 311 168
s 14434 146 73
s 14435 306 135
s 14436 189 97
s 14437 418 241
s 14438 107 59
s 14439 34 16
s 14440 656 357
s 14441 399 216
s 14442 160 78
s 14443 126 63
s 14444 229 103
s 14445 115 52
s 14446 148 83
s 14447 194 112
s 14448 234 120
s 14449 96 52
s 14450 114 56
s 14455 255 123
s 14456 90 40
s 14457 200 106
s 14459 423 201
s 14462 113 58
s 14464 324 160
s 14465 159 80
s 14467 167 76
s 14471 335 178
s 14472 200 96
s 14473 150 69
s 14474 54 28
s 14481 68 28
s 14491 65 27
s 14650 32 12
s 14651 63 24
s 14652 87 45
s 14653 34 15
s 14654 96 50
s 14655 82 34
s 14656 135 76
s 14657 18 9
s 14658 7 3
s 14659 191 101
s 14660 158 86
s 14661 65 35
s 14662 125 68
s 14663 225 114
s 14664 68 36
s 14665 55 28
s 14666 331 177
s 14667 136 78
s 14668 224 127
s 14669 11 5
s 14670 18 11
s 14671 26 9
s 14672 56 34
s 14673 67 35
s 14674 21 11
s 14675 55 24
s 14676 239 128
s 14677 220 118
s 14678 365 211
s 14679 125 67
s 14680 148 80
s 14681 24 10
s 14682 95 46
s 14683 41 20
s 14684 18 6
s 14685 284 151
s 14686 41 20
s 14687 43 26
s 14688 78 38
s 14689 142 69
s 14690 54 25
s 14691 87 47
s 14692 80 37
s 14693 172 86
s 14694 45 22
s 14695 23 11
s 14696 232 142
s 14697 179 99
s 14698 112 52
s 14699 59 27
s 14700 64 28
s 14701 147 67
s 14702 79 47
s 14703 77 36
s 14704 103 50
s 14705 69 37
s 14706 93 51
s 14711 88 47
s 14712 48 22
s 14713 87 56
s 14715 163 73
s 14718 68 35
s 14720 162 88
s 14721 55 27
s 14723 70 43
s 14727 120 65
s 14728 104 50
s 14729 54 29
s 14730 38 15
s 14737 71 38
s 14747 21 9
s 14907 78 33
s 14908 147 63
s 14909 44 22
s 14910 95 47
s 14911 105 52
s 14912 96 48
s 14913 15 6
s 14914 3 2
s 14915 205 111
s 14916 125 69
s 14917 91 40
s 14918 184 55
s 14919 273 133
s 14920 53 22
s 14921 51 17
s 14922 304 139
s 14923 134 61
s 14924 291 117
s 14925 26 11
s 14926 32 17
s 14927 102 15
s 14928 46 27
s 14929 96 42
s 14930 36 18
s 14931 49 21
s 14932 261 124
s 14933 207 109
s 14934 276 140
s 14935 100 54
s 14936 168 83
s 14937 18 6
s 14938 76 38
s 14939 47 19
s 14940 28 11
s 14941 282 128
s 14942 59 22
s 14943 54 28
s 14944 135 71
s 14945 145 69
s 14946 91 25
s 14947 129 61
s 14948 67 32
s 14949 143 72
s 14950 48 22
s 14951 12 7
s 14952 309 155
s 14953 146 66
s 14954 115 54
s 14955 73 36
s 14956 105 43
s 14957 145 71
s 14958 69 35
s 14959 71 33
s 14960 94 39
s 14961 75 36
s 14962 88 41
s 14967 85 40
s 14968 66 32
s 14969 72 32
s 14971 129 64
s 14974 76 33
s 14976 136 61
s 14977 74 43
s 14979 56 25
s 14983 158 67
s 14984 95 45
s 14985 65 31
s 14986 39 19
s 14993 69 24
s 15003 20 6
s 15164 165 73
s 15165 45 17
s 15166 221 108
s 15167 169 61
s 15168 238 97
s 15169 15 6
s 15170 7 3
s 15171 271 122
s 15172 301 143
s 15173 111 51
s 15174 233 97
s 15175 516 226
s 15176 124 40
s 15177 85 33
s 15178 396 182
s 15179 309 118
s 15180 180 79
s 15181 33 11
s 15182 52 25
s 15183 54 21
s 15184 80 33
s 15185 132 60
s 15186 35 16
s 15187 95 44
s 15188 563 257
s 15189 451 201
s 15190 597 270
s 15191 280 117
s 15192 302 140
s 15193 40 20
s 15194 101 46
s 15195 128 57
s 15196 29 17
s 15197 465 198
s 15198 79 33
s 15199 103 54
s 15200 153 76
s 15201 246 116
s 15202 140 52
s 15203 182 71
s 15204 160 64
s 15205 347 151
s 15206 82 35
s 15207 36 18
s 15208 396 194
s 15209 381 199
s 15210 104 35
s 15211 102 42
s 15212 153 61
s 15213 218 92
s 15214 126 60
s 15215 177 77
s 15216 198 99
s 15217 65 27
s 15218 141 49
s 15223 211 87
s 15224 46 14
s 15225 172 83
s 15227 363 145
s 15230 65 25
s 15232 248 115
s 15233 110 60
s 15235 160 86
s 15239 226 111
s 15240 172 67
s 15241 91 48
s 15242 65 23
s 15249 100 45
s 15259 47 17
s 15421 99 51
s 15422 438 247
s 15423 301 139
s 15424 629 320
s 15425 42 18
s 15426 14 8
s 15427 617 349
s 15428 631 328
s 15429 63 31
s 15430 449 212
s 15431 998 560
s 15432 224 109
s 15433 125 62
s 15434 1270 697
s 15435 647 314
s 15436 836 475
s 15437 18 9
s 15438 25 11
s 15439 115 67
s 15440 184 89
s 15441 105 60
s 15442 98 64
s 15443 191 93
s 15444 979 513
s 15445 790 426
s 15446 1521 767
s 15447 640 312
s 15448 670 357
s 15449 69 35
s 15450 309 164
s 15451 303 156
s 15452 71 35
s 15453 924 479
s 15454 145 76
s 15455 155 89
s 15456 64 24
s 15457 379 201
s 15458 59 29
s 15459 89 38
s 15460 375 196
s 15461 779 394
s 15462 117 54
s 15463 39 26
s 15464 223 113
s 15465 851 463
s 15466 470 245
s 15467 251 147
s 15468 75 39
s 15469 458 201
s 15470 223 110
s 15471 363 171
s 15472 514 283
s 15473 275 142
s 15474 280 128
s 15479 502 258
s 15480 155 77
s 15481 508 260
s 15483 855 429
s 15486 259 124
s 15488 700 343
s 15489 37 19
s 15491 369 191
s 15495 83 36
s 15496 422 201
s 15497 81 44
s 15498 141 70
s 15505 205 83
s 15515 62 32
s 15678 122 61
s 15679 69 33
s 15680 128 61
s 15681 15 8
s 15682 5 3
s 15683 136 65
s 15684 136 64
s 15685 66 33
s 15686 115 55
s 15687 288 170
s 15688 33 13
s 15689 45 21
s 15690 168 86
s 15691 125 63
s 15692 68 28
s 15693 37 16
s 15694 31 16
s 15695 22 6
s 15696 43 26
s 15697 56 28
s 15698 14 6
s 15699 62 30
s 15700 246 116
s 15701 264 146
s 15702 280 127
s 15703 122 56
s 15704 140 71
s 15705 39 19
s 15706 65 29
s 15707 89 43
s 15708 27 15
s 15709 129 59
s 15710 32 15
s 15711 36 20
s 15712 66 37
s 15713 132 67
s 15714 67 34
s 15715 110 50
s 15716 99 40
s 15717 194 93
s 15718 43 19
s 15719 13 7
s 15720 263 133
s 15721 293 146
s 15722 34 17
s 15723 54 24
s 15724 68 31
s 15725 177 85
s 15726 83 43
s 15727 100 53
s 15728 109 51
s 15729 39 15
s 15730 53 30
s 15735 116 50
s 15736 21 10
s 15737 120 52
s 15739 224 110
s 15742 28 10
s 15744 131 58
s 15745 54 23
s 15747 106 50
s 15751 144 72
s 15752 121 62
s 15753 69 38
s 15754 37 18
s 15761 52 25
s 15771 26 9
s 15935 216 99
s 15936 340 163
s 15937 46 24
s 15938 18 10
s 15939 611 326
s 15940 335 190
s 15941 317 166
s 15942 390 210
s 15943 503 264
s 15944 141 69
s 15945 138 71
s 15946 1001 576
s 15947 393 192
s 15948 822 482
s 15949 78 40
s 15950 121 71
s 15951 74 34
s 15952 184 94
s 15953 222 120
s 15954 88 46
s 15955 108 46
s 15956 672 346
s 15957 591 303
s 15958 845 443
s 15959 453 257
s 15960 366 197
s 15961 60 32
s 15962 238 125
s 15963 185 101
s 15964 95 46
s 15965 851 426
s 15966 157 72
s 15967 137 80
s 15968 370 180
s 15969 514 271
s 15970 279 121
s 15971 348 168
s 15972 172 81
s 15973 429 226
s 15974 121 63
s 15975 37 21
s 15976 1005 588
s 15977 408 225
s 15978 439 244
s 15979 211 112
s 15980 363 178
s 15981 416 201
s 15982 217 125
s 15983 247 136
s 15984 343 192
s 15985 251 153
s 15986 272 134
s 15991 258 130
s 15992 216 115
s 15993 248 154
s 15995 351 165
s 15998 257 126
s 16000 447 227
s 16001 187 104
s 16003 213 114
s 16007 637 385
s 16008 316 155
s 16009 252 117
s 16010 120 67
s 16017 220 108
s 16027 61 35
s 16192 373 184
s 16193 33 10
s 16194 17 6
s 16195 283 138
s 16196 381 188
s 16197 195 90
s 16198 249 121
s 16199 703 352
s 16200 155 66
s 16201 127 57
s 16202 733 350
s 16203 428 199
s 16204 463 252
s 16205 48 18
s 16206 89 57
s 16207 70 35
s 16208 102 35
s 16209 235 122
s 16210 57 30
s 16211 127 58
s 16212 820 418
s 16213 692 294
s 16214 817 385
s 16215 388 168
s 16216 339 151
s 16217 35 18
s 16218 183 74
s 16219 116 51
s 16220 46 16
s 16221 452 209
s 16222 99 44
s 16223 115 56
s 16224 319 143
s 16225 372 178
s 16226 201 79
s 16227 338 146
s 16228 209 93
s 16229 448 219
s 16230 132 55
s 16231 30 15
s 16232 796 402
s 16233 468 221
s 16234 259 116
s 16235 154 73
s 16236 290 136
s 16237 203 83
s 16238 167 78
s 16239 210 113
s 16240 248 115
s 16241 142 71
s 16242 158 74
s 16247 271 126
s 16248 144 67
s 16249 238 109
s 16251 353 166
s 16254 153 76
s 16256 404 185
s 16257 195 79
s 16259 167 81
s 16263 398 205
s 16264 235 99
s 16265 162 73
s 16266 81 34
s 16273 120 54
s 16283 69 21
s 16449 44 23
s 16450 19 7
s 16451 777 386
s 16452 400 197
s 16453 382 171
s 16454 596 284
s 16455 982 516
s 16456 217 93
s 16457 182 89
s 16458 1260 632
s 16459 530 269
s 16460 880 485
s 16461 69 40
s 16462 141 61
s 16463 72 35
s 16464 187 91
s 16465 376 194
s 16466 115 59
s 16467 131 56
s 16468 1061 508
s 16469 848 404
s 16470 1095 541
s 16471 355 183
s 16472 564 271
s 16473 75 37
s 16474 229 103
s 16475 159 73
s 16476 65 33
s 16477 1148 575
s 16478 206 106
s 16479 181 89
s 16480 560 267
s 16481 762 361
s 16482 346 156
s 16483 497 247
s 16484 319 137
s 16485 641 310
s 16486 164 74
s 16487 53 26
s 16488 1396 712
s 16489 554 271
s 16490 434 201
s 16491 255 125
s 16492 532 249
s 16493 445 181
s 16494 252 118
s 16495 186 88
s 16496 216 97
s 16497 251 127
s 16498 366 159
s 16503 302 137
s 16504 248 117
s 16505 238 114
s 16507 475 210
s 16510 301 156
s 16512 592 265
s 16513 343 150
s 16515 167 77
s 16519 626 322
s 16520 376 165
s 16521 259 118
s 16522 160 66
s 16529 256 109
s 16539 65 32
s 16706 4 3
s 16707 59 28
s 16708 47 21
s 16709 19 8
s 16710 50 18
s 16711 111 51
s 16712 24 10
s 16713 12 7
s 16714 98 52
s 16715 42 13
s 16716 51 25
s 16717 15 6
s 16718 7 3
s 16719 8 1
s 16720 16 7
s 16721 20 7
s 16722 12 4
s 16723 18 7
s 16724 91 41
s 16725 82 34
s 16726 92 44
s 16727 49 12
s 16728 65 30
s 16729 6 4
s 16730 32 13
s 16731 31 11
s 16732 11 5
s 16733 99 46
s 16734 20 7
s 16735 20 11
s 16736 36 14
s 16737 56 23
s 16738 24 10
s 16739 28 13
s 16740 33 12
s 16741 49 22
s 16742 14 7
s 16743 2 1
s 16744 84 42
s 16745 63 27
s 16746 33 13
s 16747 16 9
s 16748 27 12
s 16749 52 22
s 16750 26 14
s 16751 26 15
s 16752 43 19
s 16753 27 14
s 16754 32 9
s 16759 35 11
s 16760 23 10
s 16761 40 23
s 16763 55 27
s 16766 21 8
s 16768 61 31
s 16769 19 10
s 16771 25 10
s 16775 65 34
s 16776 42 20
s 16777 20 8
s 16778 20 9
s 16785 14 6
s 16795 6 3
s 16963 35 18
s 16964 17 9
s 16965 31 12
s 16966 27 13
s 16967 44 19
s 16968 7 2
s 16969 6 3
s 16970 70 44
s 16971 18 7
s 16972 40 20
s 16973 2 1
s 16974 8 5
s 16975 2 1
s 16976 13 5
s 16977 15 9
s 16978 13 6
s 16979 10 4
s 16980 31 18
s 16981 31 9
s 16982 44 24
s 16983 14 5
s 16984 30 17
s 16985 2 1
s 16986 12 7
s 16987 10 3
s 16988 4 3
s 16989 41 19
s 16990 5 1
s 16991 8 4
s 16992 13 6
s 16993 25 19
s 16994 18 10
s 16995 21 9
s 16996 16 10
s 16997 21 10
s 16998 4 2
s 16999 4 2
s 17000 65 40
s 17001 27 11
s 17002 28 16
s 17003 14 8
s 17004 22 11
s 17005 26 12
s 17006 8 4
s 17007 6 5
s 17008 6 2
s 17009 14 8
s 17010 13 5
s 17015 16 9
s 17016 14 3
s 17017 12 7
s 17019 25 10
s 17022 17 8
s 17024 18 7
s 17025 18 7
s 17027 10 2
s 17031 31 13
s 17032 14 8
s 17033 13 3
s 17034 7 4
s 17041 12 6
s 17051 1 1
s 17220 909 505
s 17221 453 250
s 17222 129 67
s 17223 1541 852
s 17224 232 108
s 17225 142 57
s 17226 1588 877
s 17227 1032 582
s 17228 1073 591
s 17229 102 47
s 17230 155 80
s 17231 165 67
s 17232 83 40
s 17233 321 187
s 17234 103 57
s 17235 273 119
s 17236 1493 838
s 17237 1328 701
s 17238 1902 1021
s 17239 803 422
s 17240 980 539
s 17241 14 5
s 17242 410 228
s 17243 225 113
s 17244 117 70
s 17245 341 174
s 17246 49 25
s 17247 54 22
s 17248 585 307
s 17249 826 439
s 17250 326 167
s 17251 508 256
s 17252 364 178
s 17253 1145 620
s 17254 227 123
s 17255 77 44
s 17256 1538 849
s 17257 1059 578
s 17258 559 319
s 17259 345 187
s 17260 601 321
s 17261 51 21
s 17262 435 247
s 17263 504 267
s 17264 609 332
s 17265 340 193
s 17266 192 93
s 17271 614 311
s 17272 240 123
s 17273 533 297
s 17275 947 494
s 17278 385 195
s 17280 890 462
s 17281 342 171
s 17283 418 202
s 17287 871 509
s 17288 539 288
s 17289 369 189
s 17290 109 52
s 17297 176 80
s 17307 107 49
s 17477 457 218
s 17478 572 289
s 17479 1118 593
s 17480 219 96
s 17481 190 93
s 17482 1481 789
s 17483 520 275
s 17484 991 516
s 17485 84 44
s 17486 170 96
s 17487 80 33
s 17488 219 112
s 17489 425 223
s 17490 127 73
s 17491 182 80
s 17492 1166 596
s 17493 987 505
s 17494 1227 624
s 17495 414 211
s 17496 741 399
s 17497 73 34
s 17498 257 128
s 17499 181 91
s 17500 97 46
s 17501 1253 633
s 17502 226 117
s 17503 227 132
s 17504 617 320
s 17505 810 410
s 17506 372 184
s 17507 545 277
s 17508 286 134
s 17509 623 319
s 17510 176 100
s 17511 63 24
s 17512 1631 870
s 17513 636 342
s 17514 553 295
s 17515 284 154
s 17516 579 293
s 17517 578 271
s 17518 297 148
s 17519 217 111
s 17520 275 149
s 17521 302 158
s 17522 413 207
s 17527 354 166
s 17528 241 112
s 17529 255 135
s 17531 499 226
s 17534 365 186
s 17536 586 290
s 17537 361 170
s 17539 195 92
s 17543 776 417
s 17544 478 250
s 17545 355 177
s 17546 183 90
s 17553 323 146
s 17563 86 40
s 17734 299 146
s 17735 701 364
s 17736 162 70
s 17737 101 43
s 17738 853 415
s 17739 515 245
s 17740 660 349
s 17741 18 10
s 17742 20 10
s 17743 94 35
s 17744 111 51
s 17745 62 30
s 17746 54 32
s 17747 117 49
s 17748 728 370
s 17749 482 240
s 17750 1184 583
s 17751 463 219
s 17752 533 263
s 17753 37 17
s 17754 179 87
s 17755 118 60
s 17756 43 18
s 17757 751 367
s 17758 104 53
s 17759 95 39
s 17760 33 13
s 17761 302 141
s 17762 53 15
s 17763 45 27
s 17764 219 97
s 17765 576 225
s 17766 104 56
s 17767 23 9
s 17768 153 76
s 17769 546 292
s 17770 338 176
s 17771 182 85
s 17772 70 26
s 17773 305 137
s 17774 180 87
s 17775 245 118
s 17776 332 174
s 17777 173 94
s 17778 232 107
s 17783 346 170
s 17784 110 41
s 17785 439 215
s 17787 530 237
s 17790 191 96
s 17792 447 235
s 17793 30 10
s 17795 232 109
s 17799 76 42
s 17800 236 106
s 17801 63 30
s 17802 124 63
s 17809 133 43
s 17819 46 18
s 17991 1115 548
s 17992 199 93
s 17993 131 70
s 17994 1314 673
s 17995 621 300
s 17996 743 393
s 17997 84 46
s 17998 119 70
s 17999 169 44
s 18000 87 36
s 18001 213 98
s 18002 88 46
s 18003 163 80
s 18004 1148 565
s 18005 863 434
s 18006 1498 758
s 18007 686 328
s 18008 640 341
s 18009 18 11
s 18010 255 125
s 18011 218 94
s 18012 65 35
s 18013 301 142
s 18014 52 27
s 18015 71 30
s 18016 412 195
s 18017 683 319
s 18018 328 137
s 18019 390 190
s 18020 408 208
s 18021 789 376
s 18022 169 76
s 18023 37 19
s 18024 1108 582
s 18025 783 379
s 18026 373 180
s 18027 277 125
s 18028 366 181
s 18029 72 32
s 18030 342 183
s 18031 331 176
s 18032 387 209
s 18033 199 111
s 18034 185 82
s 18039 444 211
s 18040 215 95
s 18041 430 218
s 18043 661 298
s 18046 269 132
s 18048 714 357
s 18049 315 144
s 18051 313 147
s 18055 644 350
s 18056 363 168
s 18057 212 98
s 18058 70 35
s 18065 114 42
s 18075 87 46
s 18248 421 215
s 18249 332 157
s 18250 2598 1420
s 18251 1230 653
s 18252 1802 1062
s 18253 165 86
s 18254 247 136
s 18255 197 83
s 18256 394 202
s 18257 554 292
s 18258 228 133
s 18259 298 124
s 18260 1905 994
s 18261 1661 861
s 18262 2368 1243
s 18263 1105 591
s 18264 1041 569
s 18265 150 72
s 18266 586 317
s 18267 527 282
s 18268 161 87
s 18269 2275 1139
s 18270 382 189
s 18271 405 210
s 18272 799 406
s 18273 1208 604
s 18274 555 264
s 18275 903 439
s 18276 527 249
s 18277 1244 665
s 18278 322 179
s 18279 86 43
s 18280 2356 1228
s 18281 1285 682
s 18282 940 495
s 18283 455 234
s 18284 816 413
s 18285 1028 463
s 18286 601 338
s 18287 680 342
s 18288 797 415
s 18289 586 324
s 18290 733 364
s 18295 674 363
s 18296 461 227
s 18297 688 388
s 18299 1051 497
s 18302 640 348
s 18304 1234 646
s 18305 548 294
s 18307 487 267
s 18311 1368 786
s 18312 771 390
s 18313 470 249
s 18314 389 191
s 18321 527 262
s 18331 160 75
s 18505 67 21
s 18506 515 247
s 18507 270 120
s 18508 374 191
s 18509 32 13
s 18510 52 24
s 18511 39 20
s 18512 60 19
s 18513 147 77
s 18514 33 16
s 18515 71 27
s 18516 526 228
s 18517 399 171
s 18518 548 253
s 18519 268 119
s 18520 250 125
s 18521 20 7
s 18522 102 44
s 18523 108 47
s 18524 27 15
s 18525 436 211
s 18526 73 35
s 18527 64 31
s 18528 206 84
s 18529 337 143
s 18530 164 62
s 18531 202 96
s 18532 163 80
s 18533 263 111
s 18534 80 38
s 18535 20 10
s 18536 504 255
s 18537 271 122
s 18538 220 102
s 18539 112 50
s 18540 233 94
s 18541 161 67
s 18542 123 66
s 18543 121 61
s 18544 153 72
s 18545 82 45
s 18546 114 57
s 18551 169 70
s 18552 130 54
s 18553 143 56
s 18555 233 88
s 18558 148 66
s 18560 274 117
s 18561 150 82
s 18563 119 54
s 18567 309 162
s 18568 174 66
s 18569 118 62
s 18570 58 33
s 18577 86 35
s 18587 56 20
s 18762 328 152
s 18763 206 94
s 18764 207 120
s 18765 20 10
s 18766 32 16
s 18767 42 19
s 18768 74 39
s 18769 88 36
s 18770 30 17
s 18771 56 22
s 18772 355 158
s 18773 263 128
s 18774 430 206
s 18775 194 90
s 18776 197 97
s 18777 20 13
s 18778 95 39
s 18779 62 32
s 18780 21 14
s 18781 299 148
s 18782 44 20
s 18783 32 18
s 18784 109 52
s 18785 178 92
s 18786 103 45
s 18787 131 60
s 18788 103 42
s 18789 219 105
s 18790 52 22
s 18791 12 3
s 18792 327 168
s 18793 245 118
s 18794 110 48
s 18795 78 35
s 18796 113 49
s 18797 108 54
s 18798 74 32
s 18799 101 45
s 18800 106 45
s 18801 63 31
s 18802 106 50
s 18807 139 68
s 18808 64 26
s 18809 89 43
s 18811 209 85
s 18814 61 29
s 18816 182 95
s 18817 85 45
s 18819 72 35
s 18823 149 80
s 18824 109 47
s 18825 60 29
s 18826 45 19
s 18833 80 30
s 18843 29 13
s 19019 1419 775
s 19020 647 344
s 19021 205 103
s 19022 364 192
s 19023 281 119
s 19024 414 217
s 19025 698 362
s 19026 137 86
s 19027 480 220
s 19028 2579 1292
s 19029 2514 1342
s 19030 3273 1648
s 19031 1438 730
s 19032 1467 802
s 19033 210 124
s 19034 427 199
s 19035 543 287
s 19036 161 88
s 19037 2289 1138
s 19038 397 207
s 19039 362 181
s 19040 963 441
s 19041 1817 889
s 19042 738 346
s 19043 990 501
s 19044 879 460
s 19045 1630 852
s 19046 459 250
s 19047 113 56
s 19048 3422 1887
s 19049 1978 1056
s 19050 431 200
s 19051 511 258
s 19052 1023 495
s 19053 1278 591
s 19054 682 373
s 19055 870 410
s 19056 1061 538
s 19057 307 143
s 19058 650 325
s 19063 1051 528
s 19064 327 146
s 19065 1007 527
s 19067 1736 827
s 19070 296 159
s 19072 1406 731
s 19073 814 391
s 19075 861 421
s 19079 1659 913
s 19080 888 410
s 19081 587 281
s 19082 395 197
s 19089 486 210
s 19099 234 100
s 19276 982 533
s 19277 84 44
s 19278 197 95
s 19279 110 50
s 19280 220 118
s 19281 455 236
s 19282 111 63
s 19283 170 84
s 19284 1372 700
s 19285 1039 513
s 19286 1292 607
s 19287 505 256
s 19288 756 393
s 19289 101 49
s 19290 282 134
s 19291 163 92
s 19292 98 53
s 19293 1484 734
s 19294 266 128
s 19295 256 136
s 19296 641 314
s 19297 804 422
s 19298 374 166
s 19299 615 274
s 19300 317 166
s 19301 743 350
s 19302 198 98
s 19303 54 34
s 19304 1595 877
s 19305 647 332
s 19306 507 251
s 19307 289 145
s 19308 576 290
s 19309 575 245
s 19310 300 157
s 19311 289 139
s 19312 328 165
s 19313 279 152
s 19314 393 177
s 19319 396 199
s 19320 318 154
s 19321 302 157
s 19323 584 257
s 19326 304 143
s 19328 684 342
s 19329 380 172
s 19331 257 132
s 19335 888 466
s 19336 466 241
s 19337 312 144
s 19338 206 105
s 19345 257 107
s 19355 95 50
s 19533 130 67
s 19534 216 115
s 19535 249 85
s 19536 209 107
s 19537 441 246
s 19538 59 36
s 19539 352 204
s 19540 1757 1003
s 19541 1743 934
s 19542 2272 1216
s 19543 1108 615
s 19544 1135 668
s 19545 89 48
s 19546 204 97
s 19547 379 225
s 19548 100 59
s 19549 1459 782
s 19550 248 142
s 19551 229 149
s 19552 711 371
s 19553 969 531
s 19554 427 212
s 19555 604 299
s 19556 507 259
s 19557 1082 573
s 19558 314 175
s 19559 90 51
s 19560 1698 960
s 19561 1208 660
s 19562 75 32
s 19563 289 139
s 19564 741 388
s 19565 754 322
s 19566 448 249
s 19567 586 300
s 19568 696 394
s 19569 70 35
s 19570 367 170
s 19575 828 463
s 19576 156 84
s 19577 728 399
s 19579 1275 651
s 19582 82 43
s 19584 805 436
s 19585 436 225
s 19587 554 286
s 19591 1107 613
s 19592 463 228
s 19593 352 166
s 19594 200 98
s 19601 287 132
s 19611 143 82
s 19790 5 5
s 19791 25 9
s 19792 34 12
s 19793 16 7
s 19794 18 8
s 19795 40 17
s 19796 168 70
s 19797 119 54
s 19798 236 109
s 19799 89 52
s 19800 112 61
s 19801 14 9
s 19802 51 21
s 19803 36 17
s 19804 34 18
s 19805 125 64
s 19806 23 8
s 19807 25 14
s 19808 13 7
s 19809 65 27
s 19810 8 4
s 19811 13 8
s 19812 49 19
s 19813 124 62
s 19814 30 8
s 19815 9 3
s 19816 48 27
s 19817 168 92
s 19818 65 38
s 19819 34 19
s 19820 24 12
s 19821 81 34
s 19822 44 24
s 19823 71 38
s 19824 95 48
s 19825 50 28
s 19826 41 20
s 19831 92 49
s 19832 30 13
s 19833 75 43
s 19835 117 55
s 19838 38 17
s 19840 93 48
s 19841 7 6
s 19843 73 36
s 19847 29 11
s 19848 71 31
s 19849 23 10
s 19850 16 8
s 19857 51 22
s 19867 12 2
s 20047 29 13
s 20048 43 19
s 20049 28 11
s 20050 25 17
s 20051 50 25
s 20052 235 114
s 20053 212 117
s 20054 456 235
s 20055 164 86
s 20056 182 108
s 20057 24 12
s 20058 91 42
s 20059 73 36
s 20060 25 17
s 20061 269 130
s 20062 39 19
s 20063 24 11
s 20064 28 15
s 20065 105 53
s 20066 12 8
s 20067 19 12
s 20068 86 46
s 20069 187 99
s 20070 36 19
s 20071 16 9
s 20072 53 24
s 20073 219 117
s 20074 123 70
s 20075 73 46
s 20076 28 14
s 20077 130 68
s 20078 92 54
s 20079 129 56
s 20080 140 75
s 20081 84 47
s 20082 79 36
s 20087 156 87
s 20088 56 29
s 20089 115 58
s 20091 213 90
s 20094 79 37
s 20096 191 98
s 20097 17 7
s 20099 128 73
s 20103 43 23
s 20104 109 55
s 20105 23 12
s 20106 32 13
s 20113 88 51
s 20123 15 9
s 20304 50 21
s 20305 75 40
s 20306 22 10
s 20307 29 14
s 20308 166 73
s 20309 191 89
s 20310 234 109
s 20311 67 28
s 20312 117 53
s 20313 15 9
s 20314 66 34
s 20315 34 13
s 20316 17 9
s 20317 213 93
s 20318 38 19
s 20319 33 14
s 20320 111 52
s 20321 173 75
s 20322 95 34
s 20323 87 35
s 20324 71 18
s 20325 110 58
s 20326 38 10
s 20327 5 4
s 20328 267 118
s 20329 120 54
s 20330 103 53
s 20331 59 25
s 20332 99 44
s 20333 118 55
s 20334 59 20
s 20335 40 15
s 20336 65 33
s 20337 56 28
s 20338 74 28
s 20343 57 29
s 20344 77 39
s 20345 56 20
s 20347 103 40
s 20350 63 20
s 20352 130 57
s 20353 72 33
s 20355 36 14
s 20359 164 71
s 20360 87 33
s 20361 58 28
s 20362 36 19
s 20369 64 26
s 20379 21 14
s 20561 93 45
s 20562 33 18
s 20563 66 35
s 20564 390 212
s 20565 326 147
s 20566 499 236
s 20567 217 98
s 20568 244 132
s 20569 13 4
s 20570 100 45
s 20571 81 38
s 20572 31 14
s 20573 153 72
s 20574 28 11
s 20575 28 11
s 20576 140 63
s 20577 234 104
s 20578 101 38
s 20579 124 67
s 20580 181 78
s 20581 268 135
s 20582 51 24
s 20583 13 6
s 20584 388 192
s 20585 385 198
s 20586 131 64
s 20587 91 45
s 20588 132 59
s 20589 76 35
s 20590 113 55
s 20591 132 66
s 20592 176 98
s 20593 75 46
s 20594 52 25
s 20599 175 95
s 20600 79 33
s 20601 155 74
s 20603 258 125
s 20606 91 47
s 20608 248 119
s 20609 100 51
s 20611 114 50
s 20615 224 119
s 20616 148 67
s 20617 91 29
s 20618 27 10
s 20625 55 24
s 20635 40 18
s 20818 56 36
s 20819 121 64
s 20820 663 330
s 20821 501 248
s 20822 795 432
s 20823 386 209
s 20824 356 182
s 20825 24 8
s 20826 159 80
s 20827 131 67
s 20828 32 16
s 20829 484 254
s 20830 93 52
s 20831 90 53
s 20832 101 59
s 20833 258 132
s 20834 77 45
s 20835 116 58
s 20836 184 94
s 20837 502 252
s 20838 84 46
s 20839 24 15
s 20840 266 151
s 20841 493 255
s 20842 203 106
s 20843 115 43
s 20844 112 47
s 20845 201 91
s 20846 146 81
s 20847 186 94
s 20848 244 114
s 20849 137 77
s 20850 183 102
s 20855 272 139
s 20856 95 41
s 20857 271 155
s 20859 376 183
s 20862 159 82
s 20864 375 210
s 20865 55 26
s 20867 155 75
s 20871 127 63
s 20872 214 108
s 20873 65 30
s 20874 87 37
s 20881 104 51
s 20891 32 16
s 21075 38 22
s 21076 227 123
s 21077 222 111
s 21078 266 144
s 21079 122 64
s 21080 136 79
s 21081 16 8
s 21082 41 19
s 21083 45 20
s 21084 13 5
s 21085 151 83
s 21086 20 10
s 21087 25 11
s 21088 74 40
s 21089 133 72
s 21090 69 30
s 21091 77 46
s 21092 60 26
s 21093 146 89
s 21094 38 22
s 21095 10 8
s 21096 234 136
s 21097 186 91
s 21098 19 13
s 21099 35 19
s 21100 61 31
s 21101 84 42
s 21102 69 34
s 21103 83 40
s 21104 91 46
s 21105 24 15
s 21106 37 24
s 21111 99 55
s 21112 20 8
s 21113 97 57
s 21115 148 77
s 21118 13 7
s 21120 119 59
s 21121 58 28
s 21123 65 36
s 21127 145 78
s 21128 72 37
s 21129 34 14
s 21130 24 16
s 21137 32 19
s 21147 17 8
s 21332 336 175
s 21333 290 126
s 21334 404 195
s 21335 134 75
s 21336 201 104
s 21337 34 16
s 21338 103 56
s 21339 62 31
s 21340 33 18
s 21341 334 149
s 21342 77 33
s 21343 71 30
s 21344 153 74
s 21345 232 97
s 21346 118 45
s 21347 184 90
s 21348 94 43
s 21349 188 70
s 21350 56 29
s 21351 20 9
s 21352 482 226
s 21353 210 95
s 21354 202 91
s 21355 94 43
s 21356 144 68
s 21357 207 83
s 21358 124 54
s 21359 82 39
s 21360 96 44
s 21361 113 65
s 21362 133 55
s 21367 124 52
s 21368 100 47
s 21369 101 49
s 21371 201 85
s 21374 118 45
s 21376 214 103
s 21377 113 47
s 21379 74 36
s 21383 264 123
s 21384 169 83
s 21385 111 41
s 21386 65 29
s 21393 102 56
s 21403 37 11
s 21589 1687 898
s 21590 2582 1288
s 21591 976 497
s 21592 1233 643
s 21593 151 70
s 21594 561 291
s 21595 352 157
s 21596 139 65
s 21597 2315 1154
s 21598 457 258
s 21599 410 210
s 21600 863 419
s 21601 1294 669
s 21602 575 267
s 21603 966 475
s 21604 576 282
s 21605 1469 721
s 21606 341 171
s 21607 78 40
s 21608 2502 1278
s 21609 1320 728
s 21610 868 427
s 21611 465 240
s 21612 876 450
s 21613 983 450
s 21614 557 287
s 21615 505 255
s 21616 643 313
s 21617 525 281
s 21618 819 395
s 21623 741 385
s 21624 425 209
s 21625 722 367
s 21627 1119 546
s 21630 592 293
s 21632 1194 590
s 21633 601 304
s 21635 448 228
s 21639 1201 665
s 21640 808 367
s 21641 505 245
s 21642 447 232
s 21649 493 230
s 21659 145 66
s 21846 2450 1184
s 21847 966 495
s 21848 1082 582
s 21849 149 77
s 21850 600 313
s 21851 369 167
s 21852 179 102
s 21853 1895 955
s 21854 375 175
s 21855 327 172
s 21856 607 274
s 21857 1175 568
s 21858 440 206
s 21859 612 272
s 21860 538 271
s 21861 1191 605
s 21862 256 134
s 21863 92 52
s 21864 1868 961
s 21865 1234 627
s 21866 923 449
s 21867 507 244
s 21868 614 289
s 21869 948 422
s 21870 576 294
s 21871 511 247
s 21872 621 325
s 21873 559 314
s 21874 576 244
s 21879 734 346
s 21880 411 187
s 21881 613 332
s 21883 1078 511
s 21886 595 320
s 21888 1134 561
s 21889 422 207
s 21891 464 223
s 21895 1006 530
s 21896 759 349
s 21897 443 222
s 21898 347 169
s 21905 475 206
s 21915 146 69
s 22103 1333 652
s 22104 1503 786
s 22105 188 89
s 22106 602 308
s 22107 502 260
s 22108 215 118
s 22109 2927 1394
s 22110 484 247
s 22111 489 230
s 22112 1334 660
s 22113 2094 1031
s 22114 1006 499
s 22115 1133 516
s 22116 896 428
s 22117 1492 709
s 22118 523 255
s 22119 123 60
s 22120 3469 1812
s 22121 1590 799
s 22122 1203 605
s 22123 711 339
s 22124 1424 683
s 22125 1400 632
s 22126 787 393
s 22127 750 364
s 22128 945 473
s 22129 663 373
s 22130 954 428
s 22135 877 449
s 22136 676 325
s 22137 858 470
s 22139 1333 602
s 22142 786 380
s 22144 1541 753
s 22145 971 474
s 22147 707 341
s 22151 1988 1061
s 22152 1076 486
s 22153 791 374
s 22154 478 210
s 22161 697 321
s 22171 230 113
s 22360 668 355
s 22361 67 29
s 22362 243 132
s 22363 134 60
s 22364 85 53
s 22365 1410 696
s 22366 214 103
s 22367 207 91
s 22368 585 294
s 22369 854 403
s 22370 369 185
s 22371 521 250
s 22372 330 171
s 22373 608 298
s 22374 165 85
s 22375 55 26
s 22376 1394 748
s 22377 523 264
s 22378 577 263
s 22379 278 140
s 22380 590 269
s 22381 582 267
s 22382 333 168
s 22383 166 74
s 22384 231 116
s 22385 254 137
s 22386 424 211
s 22391 300 158
s 22392 289 138
s 22393 219 111
s 22395 489 211
s 22398 345 168
s 22400 709 344
s 22401 424 187
s 22403 194 92
s 22407 860 462
s 22408 412 189
s 22409 325 153
s 22410 178 89
s 22417 277 134
s 22427 109 57
s 22617 98 43
s 22618 296 159
s 22619 243 125
s 22620 97 54
s 22621 1463 766
s 22622 251 132
s 22623 210 110
s 22624 558 299
s 22625 788 431
s 22626 413 206
s 22627 525 271
s 22628 321 168
s 22629 826 393
s 22630 204 102
s 22631 59 28
s 22632 1710 943
s 22633 778 427
s 22634 541 289
s 22635 306 156
s 22636 581 303
s 22637 661 324
s 22638 329 201
s 22639 417 210
s 22640 508 259
s 22641 294 169
s 22642 448 230
s 22647 527 263
s 22648 301 154
s 22649 453 251
s 22651 668 327
s 22654 307 159
s 22656 739 366
s 22657 373 190
s 22659 335 181
s 22663 878 491
s 22664 504 272
s 22665 377 175
s 22666 223 129
s 22673 320 154
s 22683 109 55
s 22874 58 35
s 22875 26 12
s 22876 15 8
s 22877 47 22
s 22878 8 3
s 22879 7 3
s 22880 56 24
s 22881 71 29
s 22882 35 20
s 22883 65 25
s 22884 38 16
s 22885 126 59
s 22886 23 9
s 22887 6 3
s 22888 153 75
s 22889 163 87
s 22890 53 24
s 22891 43 21
s 22892 50 24
s 22893 19 7
s 22894 46 22
s 22895 57 26
s 22896 56 35
s 22897 56 32
s 22898 41 18
s 22903 75 41
s 22904 22 11
s 22905 56 26
s 22907 115 55
s 22910 31 14
s 22912 74 29
s 22913 34 13
s 22915 45 25
s 22919 79 47
s 22920 77 33
s 22921 46 22
s 22922 5 3
s 22929 31 12
s 22939 11 4
s 23131 139 71
s 23132 55 26
s 23133 504 241
s 23134 101 50
s 23135 85 46
s 23136 188 81
s 23137 358 176
s 23138 188 97
s 23139 285 139
s 23140 186 89
s 23141 327 153
s 23142 101 48
s 23143 27 14
s 23144 680 349
s 23145 504 242
s 23146 133 62
s 23147 109 59
s 23148 180 90
s 23149 341 161
s 23150 178 94
s 23151 205 90
s 23152 234 120
s 23153 91 51
s 23154 183 84
s 23159 219 96
s 23160 74 44
s 23161 204 111
s 23163 384 190
s 23166 90 49
s 23168 266 121
s 23169 143 63
s 23171 185 96
s 23175 372 206
s 23176 206 96
s 23177 168 80
s 23178 77 32
s 23185 117 58
s 23195 55 33
s 23388 53 35
s 23389 439 215
s 23390 74 20
s 23391 66 46
s 23392 180 79
s 23393 324 138
s 23394 127 59
s 23395 227 114
s 23396 131 61
s 23397 294 145
s 23398 72 29
s 23399 14 9
s 23400 549 277
s 23401 365 190
s 23402 207 97
s 23403 130 66
s 23404 137 72
s 23405 229 102
s 23406 122 72
s 23407 131 60
s 23408 132 79
s 23409 157 101
s 23410 115 53
s 23415 153 72
s 23416 92 38
s 23417 134 75
s 23419 301 141
s 23422 96 46
s 23424 231 113
s 23425 121 50
s 23427 94 35
s 23431 316 172
s 23432 445 221
s 23433 158 75
s 23434 84 40
s 23441 111 53
s 23451 77 42
s 23645 131 65
s 23646 32 16
s 23647 26 16
s 23648 44 24
s 23649 96 42
s 23650 37 14
s 23651 51 28
s 23652 51 27
s 23653 100 67
s 23654 28 13
s 23655 11 5
s 23656 144 83
s 23657 154 78
s 23658 67 35
s 23659 51 32
s 23660 36 17
s 23661 97 39
s 23662 52 32
s 23663 86 39
s 23664 77 47
s 23665 44 25
s 23666 34 20
s 23671 89 50
s 23672 32 10
s 23673 86 50
s 23675 111 71
s 23678 28 15
s 23680 97 58
s 23681 34 14
s 23683 71 39
s 23687 68 39
s 23688 63 36
s 23689 38 23
s 23690 22 10
s 23697 36 13
s 23707 10 6
s 23902 157 75
s 23903 147 75
s 23904 857 387
s 23905 1296 617
s 23906 602 264
s 23907 764 378
s 23908 711 322
s 23909 1582 774
s 23910 354 179
s 23911 106 57
s 23912 2234 1174
s 23913 1504 751
s 23914 698 351
s 23915 544 269
s 23916 928 426
s 23917 242 93
s 23918 589 301
s 23919 640 310
s 23920 865 438
s 23921 343 177
s 23922 398 197
s 23927 960 486
s 23928 397 197
s 23929 873 463
s 23931 1364 611
s 23934 487 245
s 23936 1417 708
s 23937 564 272
s 23939 621 284
s 23943 1191 624
s 23944 736 319
s 23945 427 187
s 23946 147 63
s 23953 216 107
s 23963 178 81
s 24159 19 10
s 24160 155 71
s 24161 215 105
s 24162 78 32
s 24163 147 63
s 24164 97 44
s 24165 244 115
s 24166 62 33
s 24167 23 11
s 24168 348 182
s 24169 277 158
s 24170 125 53
s 24171 78 44
s 24172 159 79
s 24173 24 11
s 24174 109 57
s 24175 109 50
s 24176 124 58
s 24177 69 38
s 24178 58 26
s 24183 182 83
s 24184 62 27
s 24185 139 65
s 24187 249 121
s 24190 81 34
s 24192 193 91
s 24193 81 38
s 24195 111 52
s 24199 208 105
s 24200 132 57
s 24201 79 36
s 24202 22 7
s 24209 29 15
s 24219 35 14
s 24416 140 78
s 24417 217 108
s 24418 83 36
s 24419 185 88
s 24420 135 66
s 24421 265 148
s 24422 59 34
s 24423 16 10
s 24424 384 212
s 24425 238 125
s 24426 122 62
s 24427 92 46
s 24428 150 75
s 24429 34 13
s 24430 89 51
s 24431 108 56
s 24432 137 68
s 24433 63 33
s 24434 67 32
s 24439 158 83
s 24440 67 32
s 24441 130 65
s 24443 222 102
s 24446 71 37
s 24448 191 99
s 24449 99 51
s 24451 101 53
s 24455 188 109
s 24456 123 63
s 24457 61 34
s 24458 27 10
s 24465 37 18
s 24475 37 11
s 24673 313 155
s 24674 44 17
s 24675 71 31
s 24676 275 121
s 24677 709 336
s 24678 102 55
s 24679 29 20
s 24680 192 97
s 24681 635 328
s 24682 316 166
s 24683 192 97
s 24684 54 23
s 24685 333 143
s 24686 238 104
s 24687 299 129
s 24688 399 204
s 24689 172 99
s 24690 272 119
s 24695 411 199
s 24696 138 57
s 24697 337 183
s 24699 557 247
s 24702 230 92
s 24704 544 267
s 24705 33 18
s 24707 266 134
s 24711 80 33
s 24712 299 133
s 24713 52 18
s 24714 136 61
s 24721 178 70
s 24731 50 22
s 24930 276 125
s 24931 272 127
s 24932 480 229
s 24933 899 446
s 24934 210 100
s 24935 43 21
s 24936 968 511
s 24937 1611 821
s 24938 558 246
s 24939 354 157
s 24940 330 151
s 24941 677 276
s 24942 445 234
s 24943 484 249
s 24944 603 298
s 24945 332 169
s 24946 445 200
s 24951 586 295
s 24952 255 116
s 24953 495 274
s 24955 875 377
s 24958 343 163
s 24960 1016 484
s 24961 239 116
s 24963 440 219
s 24967 589 330
s 24968 548 256
s 24969 249 111
s 24970 246 121
s 24977 322 145
s 24987 112 57
s 25187 49 20
s 25188 240 107
s 25189 501 225
s 25190 98 39
s 25191 31 13
s 25192 166 83
s 25193 507 258
s 25194 239 114
s 25195 115 51
s 25196 49 24
s 25197 296 125
s 25198 184 80
s 25199 263 123
s 25200 279 135
s 25201 164 82
s 25202 221 95
s 25207 304 130
s 25208 122 55
s 25209 278 134
s 25211 443 182
s 25214 173 71
s 25216 399 174
s 25217 51 22
s 25219 216 90
s 25223 92 47
s 25224 254 113
s 25225 61 24
s 25226 105 38
s 25233 152 73
s 25243 40 15
s 25444 253 115
s 25445 706 329
s 25446 100 46
s 25447 21 14
s 25448 242 126
s 25449 653 307
s 25450 295 139
s 25451 174 89
s 25452 73 34
s 25453 370 161
s 25454 191 99
s 25455 246 114
s 25456 323 159
s 25457 269 133
s 25458 280 128
s 25463 429 205
s 25464 113 48
s 25465 316 170
s 25467 632 296
s 25470 196 79
s 25472 480 241
s 25473 49 22
s 25475 229 102
s 25479 73 28
s 25480 298 134
s 25481 54 26
s 25482 159 78
s 25489 175 70
s 25499 55 22
s 25701 398 186
s 25702 81 42
s 25703 26 12
s 25704 783 393
s 25705 454 202
s 25706 317 141
s 25707 195 87
s 25708 267 132
s 25709 382 159
s 25710 205 103
s 25711 189 91
s 25712 209 92
s 25713 189 97
s 25714 241 116
s 25719 205 99
s 25720 174 82
s 25721 188 94
s 25723 378 171
s 25726 234 113
s 25728 470 238
s 25729 244 133
s 25731 183 100
s 25735 534 286
s 25736 242 112
s 25737 162 74
s 25738 114 60
s 25745 182 73
s 25755 60 31
s 25958 210 105
s 25959 71 32
s 25960 3014 1593
s 25961 844 428
s 25962 624 299
s 25963 353 188
s 25964 643 300
s 25965 672 288
s 25966 363 182
s 25967 368 187
s 25968 401 210
s 25969 372 176
s 25970 538 234
s 25975 497 239
s 25976 300 139
s 25977 403 183
s 25979 739 351
s 25982 392 189
s 25984 745 361
s 25985 454 219
s 25987 320 158
s 25991 930 475
s 25992 574 263
s 25993 376 185
s 25994 246 113
s 26001 360 150
s 26011 119 62
s 26215 17 10
s 26216 333 198
s 26217 241 128
s 26218 138 65
s 26219 96 50
s 26220 103 44
s 26221 160 75
s 26222 93 49
s 26223 97 39
s 26224 114 56
s 26225 101 57
s 26226 108 54
s 26231 125 68
s 26232 70 32
s 26233 118 59
s 26235 222 110
s 26238 97 47
s 26240 200 87
s 26241 79 44
s 26243 84 39
s 26247 154 75
s 26248 135 68
s 26249 96 48
s 26250 59 34
s 26257 76 37
s 26267 28 12
s 26472 84 43
s 26473 67 31
s 26474 44 29
s 26475 17 5
s 26476 25 7
s 26477 55 32
s 26478 22 14
s 26479 36 23
s 26480 28 12
s 26481 28 18
s 26482 32 15
s 26487 47 24
s 26488 19 8
s 26489 30 14
s 26491 58 28
s 26494 33 19
s 26496 51 30
s 26497 22 9
s 26499 37 20
s 26503 40 25
s 26504 28 16
s 26505 23 10
s 26506 17 9
s 26513 28 20
s 26523 10 8
s 26729 2068 1140
s 26730 895 460
s 26731 485 238
s 26732 231 118
s 26733 1077 502
s 26734 653 359
s 26735 914 479
s 26736 961 499
s 26737 644 378
s 26738 703 338
s 26743 1087 574
s 26744 331 172
s 26745 1027 538
s 26747 1861 975
s 26750 618 326
s 26752 1650 883
s 26753 142 59
s 26755 799 425
s 26759 309 166
s 26760 930 459
s 26761 204 101
s 26762 375 193
s 26769 525 251
s 26779 154 88
s 26986 737 389
s 26987 379 169
s 26988 576 269
s 26989 898 401
s 26990 398 204
s 26991 397 203
s 26992 476 240
s 26993 572 305
s 26994 467 222
s 26999 474 249
s 27000 373 177
s 27001 432 237
s 27003 792 380
s 27006 476 253
s 27008 778 394
s 27009 474 219
s 27011 363 179
s 27015 1069 581
s 27016 710 346
s 27017 504 255
s 27018 245 127
s 27025 394 184
s 27035 129 63
s 27243 166 82
s 27244 388 178
s 27245 422 180
s 27246 283 129
s 27247 356 172
s 27248 408 213
s 27249 46 26
s 27250 198 81
s 27255 436 210
s 27256 92 43
s 27257 440 232
s 27259 733 340
s 27262 41 15
s 27264 516 259
s 27265 254 111
s 27267 318 150
s 27271 649 342
s 27272 255 126
s 27273 211 82
s 27274 128 61
s 27281 135 57
s 27291 104 59
s 27500 198 87
s 27501 269 123
s 27502 151 76
s 27503 210 94
s 27504 229 118
s 27505 100 50
s 27506 149 63
s 27511 211 104
s 27512 92 38
s 27513 202 106
s 27515 361 149
s 27518 112 63
s 27520 299 153
s 27521 161 80
s 27523 166 89
s 27527 379 192
s 27528 177 87
s 27529 130 61
s 27530 70 38
s 27537 136 61
s 27547 38 19
s 27757 315 136
s 27758 206 98
s 27759 243 116
s 27760 342 161
s 27761 167 75
s 27762 258 126
s 27767 436 203
s 27768 116 57
s 27769 304 149
s 27771 562 253
s 27774 226 97
s 27776 576 263
s 27777 63 33
s 27779 233 96
s 27783 123 64
s 27784 260 132
s 27785 60 26
s 27786 126 68
s 27793 180 69
s 27803 55 22
s 28014 324 149
s 28015 430 193
s 28016 497 226
s 28017 326 158
s 28018 163 74
s 28023 430 197
s 28024 219 95
s 28025 420 193
s 28027 786 318
s 28030 289 120
s 28032 612 255
s 28033 307 130
s 28035 348 155
s 28039 646 294
s 28040 427 178
s 28041 306 124
s 28042 48 28
s 28049 121 51
s 28059 108 42
s 28271 206 102
s 28272 216 116
s 28273 186 121
s 28274 199 94
s 28279 240 118
s 28280 143 70
s 28281 273 147
s 28283 370 161
s 28286 170 91
s 28288 359 192
s 28289 164 90
s 28291 165 71
s 28295 360 204
s 28296 272 133
s 28297 153 74
s 28298 91 43
s 28305 145 71
s 28315 57 28
s 28528 147 59
s 28529 271 142
s 28530 195 89
s 28535 212 101
s 28536 198 79
s 28537 161 80
s 28539 346 167
s 28542 216 99
s 28544 348 160
s 28545 193 90
s 28547 112 48
s 28551 496 264
s 28552 335 156
s 28553 248 122
s 28554 116 44
s 28561 197 99
s 28571 53 23
s 28785 238 121
s 28786 298 156
s 28791 259 135
s 28792 221 100
s 28793 167 78
s 28795 376 183
s 28798 282 135
s 28800 443 218
s 28801 262 145
s 28803 161 86
s 28807 618 337
s 28808 321 147
s 28809 217 97
s 28810 156 57
s 28817 223 91
s 28827 63 31
s 29042 108 53
s 29047 222 122
s 29048 51 33
s 29049 257 141
s 29051 487 242
s 29054 29 14
s 29056 262 140
s 29057 138 72
s 29059 197 97
s 29063 401 236
s 29064 211 105
s 29065 155 83
s 29066 80 44
s 29073 103 52
s 29083 40 18
s 29303 332 150
s 29304 126 54
s 29305 244 106
s 29307 459 214
s 29310 154 80
s 29312 423 192
s 29313 204 81
s 29315 185 82
s 29319 382 203
s 29320 230 92
s 29321 146 74
s 29322 68 29
s 29329 81 38
s 29339 53 20
s 30584 218 111
s 30585 221 114
s 30587 415 182
s 30590 291 132
s 30592 485 233
s 30593 296 146
s 30595 168 78
s 30599 651 338
s 30600 322 176
s 30601 277 125
s 30602 136 74
s 30609 237 108
s 30619 68 30
s 30841 219 112
s 30843 368 172
s 30846 58 24
s 30848 290 123
s 30849 78 33
s 30851 173 84
s 30855 245 108
s 30856 143 66
s 30857 83 38
s 30858 65 35
s 30865 82 30
s 30875 47 22
s 31099 366 178
s 31102 248 134
s 31104 381 214
s 31105 252 125
s 31107 148 68
s 31111 556 303
s 31112 383 205
s 31113 334 182
s 31114 111 53
s 31121 249 114
s 31131 63 27
s 31614 458 217
s 31616 751 371
s 31617 388 155
s 31619 277 116
s 31623 946 466
s 31624 613 260
s 31625 482 204
s 31626 225 107
s 31633 368 142
s 31643 121 53
s 32384 329 171
s 32385 163 79
s 32387 194 98
s 32391 363 183
s 32392 177 75
s 32393 142 72
s 32394 87 46
s 32401 93 33
s 32411 49 17
s 32897 526 241
s 32899 326 156
s 32903 812 424
s 32904 498 224
s 32905 365 161
s 32906 200 89
s 32913 316 157
s 32923 125 57
s 33155 222 111
s 33159 94 58
s 33160 184 75
s 33161 53 25
s 33162 104 44
s 33169 124 55
s 33179 40 17
s 33671 445 220
s 33672 273 140
s 33673 179 77
s 33674 92 37
s 33681 183 85
s 33691 52 24
s 34696 507 265
s 34697 116 63
s 34698 198 95
s 34705 292 127
s 34715 85 44
s 34953 257 111
s 34954 151 66
s 34961 171 72
s 34971 82 34
s 35210 71 33
s 35217 113 49
s 35227 45 18
s 35473 38 13
s 35483 30 15
s 37275 56 30
