n 100000
b 1 13892 7039
b 2 17065 8496
b 3 2330 1170
b 4 3073 1609
b 5 15015 7686
b 6 19534 8875
b 7 15301 7716
b 8 19362 10354
b 9 12675 6468
b 10 3101 1465
b 11 8674 3746
b 12 11412 6027
b 13 2818 1319
b 14 28939 14777
b 15 6931 3474
b 16 3448 1650
b 17 5429 2606
b 18 10445 5574
b 19 6847 2871
b 20 9503 4869
b 21 17653 8510
b 22 13684 6826
b 23 4292 2155
b 25 15578 7248
b 26 24895 12157
b 27 18191 9406
b 28 6876 3351
b 29 16827 8238
b 30 16260 8581
b 31 10474 5565
b 32 5182 2745
b 33 3203 1628
b 34 4169 1980
b 35 19940 9975
b 36 16467 8396
b 37 5834 2936
b 38 1564 703
b 39 9683 4571
b 40 6865 3367
b 41 7597 3741
b 42 13239 7292
b 43 6024 2903
b 44 12258 6302
b 45 3915 1935
b 46 4231 1922
b 47 7831 3839
b 48 11293 5732
b 49 13083 6897
b 50 4413 2288
b 51 2574 1231
b 52 1825 982
b 53 10085 4382
b 54 14808 7778
b 55 4510 2288
b 56 4099 2077
b 57 1858 971
b 58 2245 1057
b 59 3650 1590
b 60 7084 3661
b 61 1695 822
b 62 7008 3727
b 63 4660 2162
b 64 7964 3836
b 65 656 290
b 66 334 181
b 67 9532 5079
b 68 9375 4836
b 69 5519 2686
b 70 6271 3029
b 71 16292 8526
b 72 3541 1635
b 73 2403 1106
b 74 17460 8895
b 75 10817 5429
b 76 12540 6777
b 77 1204 586
b 78 1905 977
b 79 1720 764
b 80 2523 1214
b 81 4287 2225
b 82 1488 821
b 83 2854 1312
b 84 17202 8739
b 85 14907 7480
b 86 21200 10723
b 87 8926 4473
b 88 11465 6044
b 89 986 475
b 90 4109 2035
b 91 3131 1461
b 92 1185 644
b 93 14452 7154
b 94 2458 1209
b 95 2250 1162
b 96 6357 3055
b 97 9715 4865
b 98 4139 1873
b 99 5800 2762
b 100 4617 2184
b 101 11556 5752
b 102 2706 1344
b 103 708 374
b 104 16956 8973
b 105 11398 5867
b 106 6637 3286
b 107 3936 1969
b 108 6659 3213
b 109 6601 2863
b 110 4465 2330
b 111 5105 2490
b 112 6228 3144
b 113 3618 1905
b 114 4636 2130
b 119 6967 3443
b 120 3160 1447
b 121 5770 2990
b 123 10550 4932
b 126 3983 1929
b 128 9493 4740
b 129 3734 1807
b 131 4356 2164
b 135 8791 4691
b 136 6292 2954
b 137 3802 1772
b 138 2347 1120
b 145 3196 1482
b 155 1350 639
v 258 1014 431
v 259 171 85
v 260 296 138
v 261 1095 512
v 262 1416 737
v 263 990 464
v 264 1386 646
v 265 811 401
v 266 255 125
v 267 609 337
v 268 905 442
v 269 214 126
v 270 1886 942
v 271 490 270
v 272 231 135
v 273 411 226
v 274 714 327
v 275 428 266
v 276 678 354
v 277 1140 596
v 278 1131 580
v 279 288 136
v 281 1084 602
v 282 1810 919
v 283 1236 601
v 284 442 220
v 285 1111 588
v 286 1163 564
v 287 815 414
v 288 374 186
v 289 186 103
v 290 429 239
v 291 1275 628
v 292 1223 648
v 293 412 208
v 294 105 57
v 295 645 347
v 296 476 231
v 297 629 329
v 298 1064 552
v 299 429 227
v 300 985 436
v 301 302 163
v 302 322 178
v 303 506 236
v 304 896 420
v 305 841 415
v 306 345 169
v 307 154 88
v 308 111 55
v 309 690 391
v 310 1062 529
v 311 325 166
v 312 285 144
v 313 132 57
v 314 132 57
v 315 260 120
v 316 417 202
v 317 131 71
v 318 436 216
v 319 317 165
v 320 513 269
v 321 56 24
v 322 31 11
v 323 685 354
v 324 686 353
v 325 396 204
v 326 429 218
v 327 1018 455
v 328 232 135
v 329 171 92
v 330 1419 732
v 331 791 422
v 332 913 450
v 333 90 52
v 334 142 81
v 335 117 71
v 336 174 93
v 337 264 126
v 338 149 53
v 339 166 89
v 340 1404 753
v 341 975 503
v 342 1553 795
v 343 570 279
v 344 737 332
v 345 83 41
v 346 367 189
v 347 241 138
v 348 74 39
v 349 1032 513
v 350 233 142
v 351 148 68
v 352 361 170
v 353 613 297
v 354 255 145
v 355 375 219
v 356 304 164
v 357 1038 566
v 358 205 107
v 359 38 19
v 360 1119 499
v 361 799 403
v 362 456 236
v 363 242 119
v 364 392 195
v 365 563 345
v 366 285 133
v 367 421 219
v 368 482 254
v 369 271 133
v 370 318 159
v 375 435 213
v 376 233 132
v 377 432 203
v 379 685 341
v 382 292 157
v 384 581 281
v 385 248 137
v 387 293 152
v 391 610 295
v 392 381 193
v 393 285 153
v 394 155 83
v 401 222 124
v 411 96 56
v 515 190 92
v 516 235 117
v 517 1203 568
v 518 1689 913
v 519 1352 672
v 520 1648 806
v 521 1040 504
v 522 221 122
v 523 785 430
v 524 723 364
v 525 253 138
v 526 2517 1168
v 527 635 321
v 528 317 151
v 529 433 230
v 530 895 388
v 531 579 334
v 532 860 386
v 533 1574 852
v 534 1178 595
v 535 400 204
v 537 1352 765
v 538 2177 1160
v 539 1597 759
v 540 675 328
v 541 1585 806
v 542 1354 605
v 543 902 397
v 544 462 218
v 545 301 152
v 546 332 185
v 547 1770 890
v 548 1555 730
v 549 493 247
v 550 136 73
v 551 850 423
v 552 531 243
v 553 676 338
v 554 1277 576
v 555 513 268
v 556 1012 534
v 557 320 159
v 558 405 230
v 559 690 351
v 560 984 453
v 561 1138 533
v 562 584 290
v 563 222 119
v 564 152 69
v 565 886 511
v 566 1587 703
v 567 353 178
v 568 388 203
v 569 169 79
v 570 192 103
v 571 330 206
v 572 637 297
v 573 132 70
v 574 570 236
v 575 400 225
v 576 702 356
v 577 50 21
v 578 33 13
v 579 848 356
v 580 782 374
v 581 491 240
v 582 645 326
v 583 1393 660
v 584 269 136
v 585 194 104
v 586 1453 681
v 587 873 430
v 588 1089 476
v 589 120 70
v 590 183 95
v 591 152 84
v 592 239 98
v 593 405 190
v 594 113 55
v 595 259 146
v 596 1471 709
v 597 1298 643
v 598 1823 935
v 599 684 357
v 600 1013 481
v 601 64 38
v 602 339 173
v 603 273 149
v 604 105 49
v 605 1175 595
v 606 240 122
v 607 181 99
v 608 557 270
v 609 822 435
v 610 440 223
v 611 527 274
v 612 386 213
v 613 915 445
v 614 205 101
v 615 59 28
v 616 1669 757
v 617 957 462
v 618 554 258
v 619 309 145
v 620 598 301
v 621 508 301
v 622 353 161
v 623 532 275
v 624 540 270
v 625 283 142
v 626 464 262
v 631 588 313
v 632 260 136
v 633 461 227
v 635 833 458
v 638 348 202
v 640 777 389
v 641 321 159
v 643 351 185
v 647 820 375
v 648 547 293
v 649 371 191
v 650 159 91
v 657 297 154
v 667 125 73
v 772 27 15
v 773 172 80
v 774 233 134
v 775 179 79
v 776 190 84
v 777 135 58
v 778 46 30
v 779 98 50
v 780 185 81
v 781 28 13
v 782 388 179
v 783 90 51
v 784 47 27
v 785 52 26
v 786 110 57
v 787 94 54
v 788 114 53
v 789 177 91
v 790 140 67
v 791 48 22
v 793 199 106
v 794 322 165
v 795 228 110
v 796 70 33
v 797 222 101
v 798 180 94
v 799 122 55
v 800 59 28
v 801 42 22
v 802 51 29
v 803 233 115
v 804 192 94
v 805 54 30
v 806 20 10
v 807 100 48
v 808 73 40
v 809 84 43
v 810 174 75
v 811 74 48
v 812 129 69
v 813 39 17
v 814 51 23
v 815 65 39
v 816 133 62
v 817 156 81
v 818 52 26
v 819 23 9
v 820 25 13
v 821 113 70
v 822 137 67
v 823 42 19
v 824 55 34
v 825 29 13
v 826 18 7
v 827 36 19
v 828 79 38
v 829 22 13
v 830 70 38
v 831 61 31
v 832 92 52
v 833 12 7
v 834 5 3
v 835 107 47
v 836 109 58
v 837 61 34
v 838 78 36
v 839 194 94
v 840 46 30
v 841 25 12
v 842 203 89
v 843 125 61
v 844 137 65
v 845 14 10
v 846 28 13
v 847 28 13
v 848 26 15
v 849 46 21
v 850 23 10
v 851 35 18
v 852 196 84
v 853 166 82
v 854 227 109
v 855 105 49
v 856 141 63
v 857 14 8
v 858 44 19
v 859 58 35
v 860 17 8
v 861 145 60
v 862 34 21
v 863 19 8
v 864 59 33
v 865 113 67
v 866 44 25
v 867 57 28
v 868 46 31
v 869 143 69
v 870 35 14
v 871 12 8
v 872 184 103
v 873 134 77
v 874 66 34
v 875 50 25
v 876 71 31
v 877 100 59
v 878 46 26
v 879 79 43
v 880 81 35
v 881 58 30
v 882 43 21
v 887 86 48
v 888 36 19
v 889 75 27
v 891 135 77
v 894 58 35
v 896 112 59
v 897 32 22
v 899 60 32
v 903 100 48
v 904 85 50
v 905 52 29
v 906 21 12
v 913 50 22
v 923 19 8
v 1029 239 120
v 1030 266 150
v 1031 230 113
v 1032 275 128
v 1033 182 93
v 1034 55 29
v 1035 138 81
v 1036 208 111
v 1037 48 30
v 1038 403 192
v 1039 115 63
v 1040 72 41
v 1041 97 58
v 1042 134 73
v 1043 99 56
v 1044 155 73
v 1045 309 172
v 1046 195 99
v 1047 67 28
v 1049 268 131
v 1050 408 214
v 1051 289 141
v 1052 115 59
v 1053 223 130
v 1054 220 102
v 1055 161 80
v 1056 102 50
v 1057 45 31
v 1058 70 30
v 1059 324 181
v 1060 238 133
v 1061 93 56
v 1062 19 13
v 1063 130 74
v 1064 102 50
v 1065 110 64
v 1066 214 102
v 1067 96 53
v 1068 212 95
v 1069 60 35
v 1070 58 36
v 1071 127 66
v 1072 160 84
v 1073 167 94
v 1074 52 21
v 1075 46 23
v 1076 24 15
v 1077 149 84
v 1078 227 119
v 1079 80 39
v 1080 78 41
v 1081 24 14
v 1082 38 23
v 1083 51 27
v 1084 111 51
v 1085 39 22
v 1086 124 61
v 1087 103 59
v 1088 132 68
v 1089 9 8
v 1090 2 0
v 1091 140 75
v 1092 114 56
v 1093 67 38
v 1094 99 57
v 1095 308 152
v 1096 47 21
v 1097 39 21
v 1098 260 129
v 1099 183 95
v 1100 155 69
v 1101 16 7
v 1102 24 15
v 1103 19 12
v 1104 37 21
v 1105 63 25
v 1106 24 9
v 1107 33 22
v 1108 282 138
v 1109 250 138
v 1110 272 153
v 1111 106 54
v 1112 164 78
v 1113 19 10
v 1114 78 43
v 1115 46 25
v 1116 20 10
v 1117 361 199
v 1118 50 20
v 1119 48 26
v 1120 108 69
v 1121 138 77
v 1122 55 38
v 1123 114 56
v 1124 58 36
v 1125 177 82
v 1126 47 25
v 1127 16 11
v 1128 252 128
v 1129 169 80
v 1130 90 52
v 1131 70 37
v 1132 105 52
v 1133 87 49
v 1134 75 40
v 1135 76 38
v 1136 83 40
v 1137 46 24
v 1138 63 31
v 1143 83 43
v 1144 69 43
v 1145 84 41
v 1147 169 94
v 1150 63 33
v 1152 142 77
v 1153 51 25
v 1155 56 30
v 1159 123 65
v 1160 74 43
v 1161 51 32
v 1162 32 16
v 1169 50 28
v 1179 20 15
v 1286 1532 829
v 1287 1178 574
v 1288 1634 753
v 1289 1030 530
v 1290 225 128
v 1291 658 372
v 1292 748 396
v 1293 201 102
v 1294 2343 1093
v 1295 568 293
v 1296 263 143
v 1297 396 215
v 1298 770 351
v 1299 539 319
v 1300 801 408
v 1301 1348 712
v 1302 1093 564
v 1303 335 158
v 1305 1174 625
v 1306 2007 1065
v 1307 1490 747
v 1308 535 275
v 1309 1228 670
v 1310 1257 591
v 1311 881 430
v 1312 446 219
v 1313 239 103
v 1314 279 152
v 1315 1553 784
v 1316 1223 650
v 1317 450 239
v 1318 127 73
v 1319 782 427
v 1320 534 264
v 1321 589 301
v 1322 1007 471
v 1323 433 242
v 1324 916 459
v 1325 283 146
v 1326 298 170
v 1327 569 299
v 1328 811 405
v 1329 910 440
v 1330 310 163
v 1331 172 97
v 1332 156 71
v 1333 762 447
v 1334 1131 567
v 1335 336 181
v 1336 314 151
v 1337 111 61
v 1338 182 106
v 1339 292 163
v 1340 530 257
v 1341 106 59
v 1342 537 279
v 1343 329 177
v 1344 652 340
v 1345 46 26
v 1346 22 9
v 1347 666 355
v 1348 714 365
v 1349 399 217
v 1350 413 226
v 1351 1220 567
v 1352 277 159
v 1353 186 98
v 1354 1249 651
v 1355 929 486
v 1356 935 443
v 1357 75 36
v 1358 132 59
v 1359 131 68
v 1360 203 95
v 1361 334 183
v 1362 104 52
v 1363 242 123
v 1364 1354 675
v 1365 1165 572
v 1366 1654 784
v 1367 739 363
v 1368 959 470
v 1369 64 30
v 1370 299 148
v 1371 210 114
v 1372 81 51
v 1373 1070 556
v 1374 171 94
v 1375 146 83
v 1376 501 271
v 1377 730 369
v 1378 263 166
v 1379 422 224
v 1380 354 183
v 1381 947 499
v 1382 206 95
v 1383 56 28
v 1384 1316 616
v 1385 877 453
v 1386 452 238
v 1387 266 124
v 1388 543 289
v 1389 464 272
v 1390 296 142
v 1391 389 224
v 1392 458 248
v 1393 243 112
v 1394 312 171
v 1399 549 268
v 1400 238 122
v 1401 447 214
v 1403 770 424
v 1406 277 154
v 1408 680 342
v 1409 250 141
v 1411 311 152
v 1415 685 318
v 1416 445 234
v 1417 283 158
v 1418 186 101
v 1425 244 129
v 1435 114 56
v 1543 1427 650
v 1544 2267 975
v 1545 1343 613
v 1546 280 148
v 1547 871 459
v 1548 1206 518
v 1549 265 133
v 1550 2731 1192
v 1551 724 319
v 1552 283 126
v 1553 566 265
v 1554 1090 431
v 1555 684 350
v 1556 939 436
v 1557 1809 863
v 1558 1372 602
v 1559 366 180
v 1561 1554 770
v 1562 2397 1155
v 1563 1681 760
v 1564 661 327
v 1565 1750 771
v 1566 1660 700
v 1567 1103 464
v 1568 499 233
v 1569 306 135
v 1570 377 189
v 1571 2033 873
v 1572 1699 828
v 1573 587 277
v 1574 159 88
v 1575 989 473
v 1576 693 329
v 1577 823 379
v 1578 1321 506
v 1579 635 323
v 1580 1404 648
v 1581 386 172
v 1582 407 192
v 1583 834 392
v 1584 1197 562
v 1585 1312 528
v 1586 420 191
v 1587 208 87
v 1588 166 69
v 1589 983 496
v 1590 1587 717
v 1591 452 201
v 1592 433 178
v 1593 181 86
v 1594 242 112
v 1595 364 190
v 1596 700 311
v 1597 177 86
v 1598 685 311
v 1599 473 236
v 1600 743 358
v 1601 67 39
v 1602 29 9
v 1603 1295 510
v 1604 884 387
v 1605 523 231
v 1606 595 279
v 1607 1543 664
v 1608 324 159
v 1609 239 116
v 1610 1680 741
v 1611 1032 464
v 1612 1245 477
v 1613 112 52
v 1614 169 70
v 1615 160 76
v 1616 256 136
v 1617 405 185
v 1618 142 57
v 1619 258 137
v 1620 1589 682
v 1621 1489 629
v 1622 2099 953
v 1623 844 379
v 1624 1089 481
v 1625 103 57
v 1626 384 179
v 1627 291 148
v 1628 106 49
v 1629 1477 711
v 1630 228 105
v 1631 200 96
v 1632 659 291
v 1633 912 371
v 1634 465 247
v 1635 662 332
v 1636 359 172
v 1637 1098 506
v 1638 255 112
v 1639 67 28
v 1640 1548 667
v 1641 1102 528
v 1642 603 270
v 1643 350 151
v 1644 712 327
v 1645 733 383
v 1646 462 194
v 1647 504 254
v 1648 639 280
v 1649 372 159
v 1650 463 224
v 1655 718 308
v 1656 283 159
v 1657 583 237
v 1659 1078 507
v 1662 376 176
v 1664 928 405
v 1665 327 145
v 1667 444 195
v 1671 848 352
v 1672 584 290
v 1673 350 174
v 1674 247 122
v 1681 312 152
v 1691 130 63
v 1800 1529 690
v 1801 1010 483
v 1802 205 111
v 1803 678 392
v 1804 903 482
v 1805 234 127
v 1806 2121 1102
v 1807 504 264
v 1808 287 154
v 1809 417 237
v 1810 872 419
v 1811 549 344
v 1812 749 364
v 1813 1360 713
v 1814 1030 497
v 1815 330 176
v 1817 1220 648
v 1818 1922 982
v 1819 1524 737
v 1820 537 289
v 1821 1266 593
v 1822 1318 653
v 1823 802 370
v 1824 383 196
v 1825 276 153
v 1826 348 192
v 1827 1564 747
v 1828 1300 631
v 1829 444 224
v 1830 123 84
v 1831 745 379
v 1832 493 251
v 1833 611 315
v 1834 1023 461
v 1835 477 248
v 1836 969 448
v 1837 287 149
v 1838 347 181
v 1839 604 309
v 1840 883 453
v 1841 1028 491
v 1842 298 137
v 1843 204 109
v 1844 138 62
v 1845 883 475
v 1846 1242 574
v 1847 319 179
v 1848 302 147
v 1849 138 59
v 1850 156 86
v 1851 284 147
v 1852 544 254
v 1853 135 83
v 1854 543 266
v 1855 357 212
v 1856 649 336
v 1857 47 31
v 1858 30 12
v 1859 713 313
v 1860 753 373
v 1861 456 237
v 1862 456 230
v 1863 1281 633
v 1864 290 161
v 1865 187 97
v 1866 1372 696
v 1867 909 433
v 1868 938 407
v 1869 89 51
v 1870 163 76
v 1871 152 81
v 1872 179 99
v 1873 346 166
v 1874 123 61
v 1875 184 95
v 1876 1306 668
v 1877 1181 589
v 1878 1805 894
v 1879 725 353
v 1880 888 421
v 1881 61 37
v 1882 302 164
v 1883 209 122
v 1884 97 46
v 1885 1109 574
v 1886 198 105
v 1887 160 91
v 1888 519 263
v 1889 814 412
v 1890 354 183
v 1891 415 228
v 1892 361 191
v 1893 862 427
v 1894 177 98
v 1895 52 27
v 1896 1282 623
v 1897 829 403
v 1898 533 272
v 1899 307 151
v 1900 562 290
v 1901 435 237
v 1902 310 156
v 1903 375 190
v 1904 443 212
v 1905 248 109
v 1906 366 204
v 1911 560 292
v 1912 215 120
v 1913 453 188
v 1915 844 414
v 1918 315 162
v 1920 750 373
v 1921 300 157
v 1923 361 189
v 1927 698 340
v 1928 478 286
v 1929 262 142
v 1930 163 92
v 1937 233 113
v 1947 100 51
v 2057 1288 674
v 2058 325 170
v 2059 767 470
v 2060 1100 542
v 2061 271 161
v 2062 2789 1407
v 2063 753 383
v 2064 358 201
v 2065 501 283
v 2066 1036 523
v 2067 638 395
v 2068 989 502
v 2069 1751 959
v 2070 1411 750
v 2071 425 238
v 2073 1465 825
v 2074 2317 1253
v 2075 1561 770
v 2076 682 372
v 2077 1673 942
v 2078 1497 739
v 2079 1014 539
v 2080 545 249
v 2081 293 164
v 2082 339 215
v 2083 1992 1065
v 2084 1665 853
v 2085 555 284
v 2086 150 78
v 2087 989 536
v 2088 718 406
v 2089 835 433
v 2090 1447 696
v 2091 597 315
v 2092 1349 710
v 2093 310 165
v 2094 405 213
v 2095 815 475
v 2096 1037 561
v 2097 1245 651
v 2098 367 184
v 2099 288 163
v 2100 158 87
v 2101 1049 642
v 2102 1710 876
v 2103 478 241
v 2104 422 213
v 2105 151 80
v 2106 216 122
v 2107 332 186
v 2108 665 327
v 2109 135 78
v 2110 658 325
v 2111 438 258
v 2112 824 472
v 2113 63 38
v 2114 23 12
v 2115 1012 518
v 2116 956 483
v 2117 564 328
v 2118 692 368
v 2119 1538 757
v 2120 369 214
v 2121 224 127
v 2122 1588 866
v 2123 1195 647
v 2124 1239 612
v 2125 100 59
v 2126 174 102
v 2127 142 87
v 2128 257 131
v 2129 401 212
v 2130 119 59
v 2131 282 164
v 2132 1756 930
v 2133 1389 747
v 2134 2029 1091
v 2135 926 503
v 2136 1206 607
v 2137 75 39
v 2138 391 231
v 2139 262 134
v 2140 97 44
v 2141 1792 990
v 2142 263 141
v 2143 253 126
v 2144 661 343
v 2145 931 530
v 2146 359 204
v 2147 544 324
v 2148 355 192
v 2149 1169 638
v 2150 262 136
v 2151 64 34
v 2152 1585 775
v 2153 1162 600
v 2154 628 343
v 2155 377 208
v 2156 757 460
v 2157 622 361
v 2158 467 245
v 2159 414 207
v 2160 522 274
v 2161 305 168
v 2162 462 270
v 2167 684 391
v 2168 296 164
v 2169 493 264
v 2171 1012 588
v 2174 412 196
v 2176 959 506
v 2177 378 203
v 2179 383 194
v 2183 834 415
v 2184 615 339
v 2185 342 183
v 2186 252 142
v 2193 295 165
v 2203 115 73
v 2314 189 105
v 2315 533 315
v 2316 699 339
v 2317 196 110
v 2318 1991 1014
v 2319 462 244
v 2320 233 128
v 2321 388 201
v 2322 657 315
v 2323 431 252
v 2324 588 302
v 2325 1205 649
v 2326 967 471
v 2327 240 127
v 2329 1018 551
v 2330 1674 859
v 2331 1116 574
v 2332 485 253
v 2333 1075 534
v 2334 1008 500
v 2335 672 309
v 2336 342 172
v 2337 178 93
v 2338 253 125
v 2339 1194 614
v 2340 1133 548
v 2341 373 185
v 2342 78 41
v 2343 660 354
v 2344 465 253
v 2345 472 259
v 2346 833 388
v 2347 374 209
v 2348 713 369
v 2349 253 146
v 2350 249 138
v 2351 498 259
v 2352 708 360
v 2353 862 420
v 2354 233 122
v 2355 167 92
v 2356 114 53
v 2357 673 372
v 2358 901 426
v 2359 329 156
v 2360 257 113
v 2361 128 60
v 2362 158 84
v 2363 187 109
v 2364 437 210
v 2365 89 44
v 2366 523 241
v 2367 302 150
v 2368 492 250
v 2369 45 20
v 2370 16 5
v 2371 603 315
v 2372 620 306
v 2373 374 185
v 2374 325 156
v 2375 1099 524
v 2376 233 130
v 2377 156 87
v 2378 1058 524
v 2379 724 388
v 2380 856 390
v 2381 60 30
v 2382 104 57
v 2383 107 60
v 2384 142 70
v 2385 242 112
v 2386 84 38
v 2387 190 102
v 2388 1150 574
v 2389 903 449
v 2390 1477 741
v 2391 551 272
v 2392 796 373
v 2393 61 31
v 2394 209 107
v 2395 157 78
v 2396 74 36
v 2397 1025 555
v 2398 159 80
v 2399 139 70
v 2400 433 220
v 2401 635 318
v 2402 255 148
v 2403 313 176
v 2404 277 143
v 2405 760 383
v 2406 164 87
v 2407 35 16
v 2408 1060 515
v 2409 733 370
v 2410 473 242
v 2411 289 152
v 2412 472 241
v 2413 423 228
v 2414 302 152
v 2415 313 171
v 2416 409 206
v 2417 176 93
v 2418 305 171
v 2423 472 273
v 2424 168 99
v 2425 355 176
v 2427 624 345
v 2430 240 128
v 2432 605 326
v 2433 229 123
v 2435 257 131
v 2439 510 243
v 2440 384 204
v 2441 230 116
v 2442 160 70
v 2449 188 109
v 2459 93 50
v 2571 162 87
v 2572 172 70
v 2573 48 24
v 2574 480 216
v 2575 121 67
v 2576 51 25
v 2577 64 31
v 2578 122 61
v 2579 93 53
v 2580 144 69
v 2581 267 125
v 2582 160 77
v 2583 68 31
v 2585 223 111
v 2586 303 147
v 2587 266 131
v 2588 97 43
v 2589 266 134
v 2590 284 148
v 2591 172 75
v 2592 79 30
v 2593 57 22
v 2594 92 40
v 2595 309 160
v 2596 216 98
v 2597 88 37
v 2598 26 16
v 2599 158 79
v 2600 97 41
v 2601 116 48
v 2602 196 83
v 2603 80 42
v 2604 178 76
v 2605 63 35
v 2606 67 33
v 2607 89 59
v 2608 205 95
v 2609 201 90
v 2610 100 44
v 2611 46 23
v 2612 21 8
v 2613 189 118
v 2614 285 124
v 2615 69 38
v 2616 69 40
v 2617 37 17
v 2618 38 15
v 2619 71 27
v 2620 96 37
v 2621 45 18
v 2622 99 37
v 2623 74 29
v 2624 122 48
v 2625 12 11
v 2626 7 5
v 2627 130 59
v 2628 94 36
v 2629 73 30
v 2630 85 36
v 2631 283 132
v 2632 65 38
v 2633 38 20
v 2634 279 137
v 2635 137 61
v 2636 177 72
v 2637 22 6
v 2638 26 11
v 2639 36 23
v 2640 43 23
v 2641 70 35
v 2642 27 9
v 2643 45 22
v 2644 239 110
v 2645 241 132
v 2646 312 134
v 2647 132 67
v 2648 141 63
v 2649 19 6
v 2650 77 43
v 2651 63 30
v 2652 19 9
v 2653 239 103
v 2654 29 13
v 2655 30 20
v 2656 92 51
v 2657 170 86
v 2658 77 36
v 2659 84 51
v 2660 81 42
v 2661 172 76
v 2662 45 18
v 2663 13 6
v 2664 245 111
v 2665 179 78
v 2666 117 59
v 2667 69 38
v 2668 104 47
v 2669 121 63
v 2670 99 44
v 2671 100 50
v 2672 109 47
v 2673 65 19
v 2674 87 45
v 2679 120 55
v 2680 59 35
v 2681 82 31
v 2683 179 87
v 2686 76 40
v 2688 139 68
v 2689 64 28
v 2691 81 42
v 2695 152 68
v 2696 112 53
v 2697 62 31
v 2698 45 28
v 2705 53 19
v 2715 20 12
v 2828 532 213
v 2829 103 40
v 2830 1233 524
v 2831 281 116
v 2832 143 80
v 2833 204 88
v 2834 448 180
v 2835 284 140
v 2836 426 190
v 2837 792 356
v 2838 579 259
v 2839 186 94
v 2841 708 315
v 2842 1106 489
v 2843 786 332
v 2844 268 116
v 2845 739 312
v 2846 767 330
v 2847 491 182
v 2848 221 98
v 2849 141 50
v 2850 208 99
v 2851 912 362
v 2852 764 301
v 2853 245 116
v 2854 62 34
v 2855 395 175
v 2856 303 120
v 2857 309 143
v 2858 514 180
v 2859 276 124
v 2860 560 245
v 2861 166 68
v 2862 225 99
v 2863 352 156
v 2864 550 226
v 2865 560 235
v 2866 223 92
v 2867 105 53
v 2868 87 36
v 2869 468 250
v 2870 665 251
v 2871 197 86
v 2872 170 78
v 2873 91 36
v 2874 85 41
v 2875 164 88
v 2876 295 114
v 2877 81 32
v 2878 298 123
v 2879 220 100
v 2880 329 163
v 2881 28 14
v 2882 13 4
v 2883 412 172
v 2884 379 159
v 2885 205 92
v 2886 312 135
v 2887 648 262
v 2888 135 62
v 2889 109 50
v 2890 809 360
v 2891 433 193
v 2892 539 216
v 2893 42 20
v 2894 72 29
v 2895 71 30
v 2896 113 50
v 2897 204 99
v 2898 66 28
v 2899 118 55
v 2900 718 308
v 2901 712 295
v 2902 932 403
v 2903 349 151
v 2904 470 202
v 2905 42 15
v 2906 193 73
v 2907 155 67
v 2908 57 24
v 2909 598 278
v 2910 123 53
v 2911 78 36
v 2912 251 122
v 2913 395 171
v 2914 198 103
v 2915 309 137
v 2916 197 93
v 2917 505 218
v 2918 115 47
v 2919 27 12
v 2920 728 300
v 2921 573 235
v 2922 275 130
v 2923 168 71
v 2924 262 112
v 2925 337 164
v 2926 204 84
v 2927 238 101
v 2928 260 96
v 2929 217 84
v 2930 207 102
v 2935 285 135
v 2936 118 70
v 2937 267 107
v 2939 421 191
v 2942 176 74
v 2944 403 153
v 2945 148 67
v 2947 178 75
v 2951 384 147
v 2952 299 146
v 2953 174 69
v 2954 93 38
v 2961 150 78
v 2971 57 27
v 3085 149 84
v 3086 1606 835
v 3087 364 203
v 3088 217 102
v 3089 275 150
v 3090 1125 496
v 3091 383 241
v 3092 542 295
v 3093 991 553
v 3094 725 383
v 3095 236 117
v 3097 845 497
v 3098 1381 740
v 3099 1131 618
v 3100 385 215
v 3101 836 414
v 3102 967 483
v 3103 585 284
v 3104 248 106
v 3105 180 97
v 3106 227 126
v 3107 1126 628
v 3108 894 424
v 3109 316 146
v 3110 102 60
v 3111 530 287
v 3112 378 219
v 3113 405 223
v 3114 837 405
v 3115 328 193
v 3116 688 370
v 3117 226 113
v 3118 252 151
v 3119 433 265
v 3120 856 433
v 3121 767 380
v 3122 289 147
v 3123 139 76
v 3124 153 64
v 3125 613 363
v 3126 803 428
v 3127 240 113
v 3128 241 126
v 3129 113 53
v 3130 117 64
v 3131 194 125
v 3132 407 217
v 3133 92 52
v 3134 455 245
v 3135 266 167
v 3136 428 233
v 3137 46 27
v 3138 18 7
v 3139 531 277
v 3140 519 295
v 3141 323 155
v 3142 341 196
v 3143 934 480
v 3144 188 99
v 3145 119 63
v 3146 1052 568
v 3147 654 372
v 3148 644 321
v 3149 88 51
v 3150 111 64
v 3151 101 67
v 3152 137 70
v 3153 287 149
v 3154 87 35
v 3155 209 126
v 3156 996 547
v 3157 911 489
v 3158 1133 560
v 3159 489 246
v 3160 648 327
v 3161 66 34
v 3162 262 139
v 3163 202 90
v 3164 75 39
v 3165 721 373
v 3166 242 117
v 3167 136 77
v 3168 329 176
v 3169 559 298
v 3170 207 114
v 3171 296 177
v 3172 302 156
v 3173 618 320
v 3174 163 85
v 3175 40 19
v 3176 1011 480
v 3177 690 360
v 3178 405 206
v 3179 223 105
v 3180 311 146
v 3181 427 280
v 3182 269 132
v 3183 330 178
v 3184 377 206
v 3185 272 144
v 3186 226 143
v 3191 398 227
v 3192 160 96
v 3193 346 181
v 3195 632 353
v 3198 208 109
v 3200 521 253
v 3201 226 129
v 3203 247 148
v 3207 505 241
v 3208 403 233
v 3209 223 121
v 3210 106 55
v 3217 207 126
v 3227 86 46
v 3342 360 190
v 3343 97 43
v 3344 59 31
v 3345 102 51
v 3346 185 78
v 3347 106 54
v 3348 158 80
v 3349 259 135
v 3350 178 87
v 3351 58 26
v 3353 248 118
v 3354 305 138
v 3355 236 110
v 3356 92 47
v 3357 225 99
v 3358 225 102
v 3359 146 60
v 3360 66 29
v 3361 56 23
v 3362 66 37
v 3363 251 119
v 3364 215 99
v 3365 84 40
v 3366 17 9
v 3367 194 109
v 3368 81 39
v 3369 106 51
v 3370 137 58
v 3371 75 45
v 3372 146 72
v 3373 40 21
v 3374 56 23
v 3375 100 43
v 3376 160 64
v 3377 168 75
v 3378 60 28
v 3379 41 22
v 3380 21 7
v 3381 156 71
v 3382 192 91
v 3383 85 33
v 3384 50 22
v 3385 28 13
v 3386 29 16
v 3387 49 26
v 3388 86 40
v 3389 20 7
v 3390 105 53
v 3391 57 35
v 3392 112 38
v 3393 10 6
v 3394 2 1
v 3395 105 48
v 3396 149 73
v 3397 91 45
v 3398 100 56
v 3399 258 112
v 3400 55 27
v 3401 33 12
v 3402 324 166
v 3403 121 56
v 3404 163 68
v 3405 13 6
v 3406 46 22
v 3407 26 13
v 3408 35 20
v 3409 57 33
v 3410 18 6
v 3411 38 18
v 3412 211 102
v 3413 193 96
v 3414 329 133
v 3415 131 40
v 3416 148 57
v 3417 12 7
v 3418 50 19
v 3419 43 19
v 3420 14 7
v 3421 191 89
v 3422 23 11
v 3423 38 17
v 3424 87 50
v 3425 170 76
v 3426 63 35
v 3427 82 43
v 3428 88 41
v 3429 150 73
v 3430 39 19
v 3431 11 5
v 3432 211 84
v 3433 175 81
v 3434 121 56
v 3435 45 16
v 3436 98 49
v 3437 94 56
v 3438 55 23
v 3439 98 34
v 3440 114 44
v 3441 31 16
v 3442 63 33
v 3447 97 50
v 3448 46 21
v 3449 70 33
v 3451 167 78
v 3454 87 46
v 3456 144 76
v 3457 51 21
v 3459 71 36
v 3463 136 64
v 3464 100 60
v 3465 49 23
v 3466 23 12
v 3473 45 16
v 3483 24 11
v 3599 1008 511
v 3600 476 252
v 3601 785 409
v 3602 1625 725
v 3603 991 560
v 3604 1399 682
v 3605 2602 1377
v 3606 1951 993
v 3607 582 298
v 3609 2201 1217
v 3610 3800 1960
v 3611 2893 1439
v 3612 994 514
v 3613 2574 1355
v 3614 2572 1237
v 3615 1634 786
v 3616 727 344
v 3617 474 234
v 3618 618 347
v 3619 2660 1430
v 3620 2500 1299
v 3621 936 450
v 3622 243 127
v 3623 1462 778
v 3624 1051 545
v 3625 1042 576
v 3626 2060 895
v 3627 871 458
v 3628 1640 838
v 3629 539 300
v 3630 554 309
v 3631 1091 573
v 3632 1645 856
v 3633 1855 882
v 3634 704 340
v 3635 391 204
v 3636 296 128
v 3637 1432 808
v 3638 2362 1129
v 3639 709 354
v 3640 603 326
v 3641 250 120
v 3642 372 196
v 3643 531 307
v 3644 964 466
v 3645 234 128
v 3646 1073 518
v 3647 714 364
v 3648 1197 675
v 3649 95 55
v 3650 51 21
v 3651 1279 651
v 3652 1399 696
v 3653 810 413
v 3654 1028 485
v 3655 2373 1203
v 3656 522 279
v 3657 323 189
v 3658 2709 1362
v 3659 1535 732
v 3660 1899 886
v 3661 184 94
v 3662 309 174
v 3663 260 147
v 3664 370 189
v 3665 680 320
v 3666 197 86
v 3667 393 205
v 3668 2596 1294
v 3669 2426 1195
v 3670 3329 1658
v 3671 1377 656
v 3672 1632 794
v 3673 159 84
v 3674 640 328
v 3675 548 298
v 3676 200 93
v 3677 2266 1166
v 3678 344 184
v 3679 355 156
v 3680 944 511
v 3681 1443 709
v 3682 776 440
v 3683 889 475
v 3684 621 332
v 3685 1715 878
v 3686 404 201
v 3687 108 54
v 3688 2395 1187
v 3689 1734 844
v 3690 970 492
v 3691 612 306
v 3692 959 534
v 3693 1080 625
v 3694 679 341
v 3695 788 413
v 3696 991 511
v 3697 546 273
v 3698 731 389
v 3703 1108 601
v 3704 474 248
v 3705 897 408
v 3707 1732 927
v 3710 593 315
v 3712 1353 688
v 3713 486 248
v 3715 678 353
v 3719 1422 672
v 3720 982 542
v 3721 573 311
v 3722 312 173
v 3729 506 280
v 3739 171 98
v 3856 119 63
v 3857 202 102
v 3858 361 171
v 3859 235 135
v 3860 327 168
v 3861 641 331
v 3862 514 249
v 3863 143 65
v 3865 513 271
v 3866 847 445
v 3867 564 271
v 3868 269 146
v 3869 649 358
v 3870 519 234
v 3871 357 188
v 3872 237 115
v 3873 78 43
v 3874 98 48
v 3875 753 379
v 3876 615 305
v 3877 192 103
v 3878 42 28
v 3879 421 211
v 3880 252 114
v 3881 309 146
v 3882 519 222
v 3883 229 122
v 3884 390 188
v 3885 126 59
v 3886 128 68
v 3887 326 167
v 3888 352 177
v 3889 475 209
v 3890 124 66
v 3891 88 48
v 3892 46 17
v 3893 369 198
v 3894 552 277
v 3895 143 70
v 3896 158 76
v 3897 48 24
v 3898 91 48
v 3899 102 68
v 3900 252 107
v 3901 39 16
v 3902 254 120
v 3903 204 97
v 3904 293 155
v 3905 32 16
v 3906 15 7
v 3907 335 145
v 3908 357 185
v 3909 186 94
v 3910 179 96
v 3911 565 269
v 3912 142 72
v 3913 91 46
v 3914 547 278
v 3915 434 232
v 3916 470 221
v 3917 31 12
v 3918 66 28
v 3919 68 39
v 3920 79 50
v 3921 156 80
v 3922 37 13
v 3923 101 58
v 3924 645 317
v 3925 538 276
v 3926 724 369
v 3927 312 160
v 3928 424 200
v 3929 26 12
v 3930 116 56
v 3931 74 48
v 3932 37 19
v 3933 495 266
v 3934 74 38
v 3935 83 46
v 3936 257 140
v 3937 331 152
v 3938 131 68
v 3939 195 94
v 3940 141 82
v 3941 403 211
v 3942 86 51
v 3943 29 10
v 3944 626 300
v 3945 329 158
v 3946 251 119
v 3947 114 58
v 3948 283 154
v 3949 163 87
v 3950 130 60
v 3951 149 88
v 3952 203 99
v 3953 98 50
v 3954 159 78
v 3959 216 109
v 3960 100 59
v 3961 193 90
v 3963 329 175
v 3966 130 52
v 3968 332 170
v 3969 120 55
v 3971 124 61
v 3975 264 125
v 3976 227 131
v 3977 112 66
v 3978 89 47
v 3985 91 50
v 3995 34 21
v 4113 108 50
v 4114 173 78
v 4115 108 65
v 4116 171 93
v 4117 298 173
v 4118 259 117
v 4119 78 28
v 4121 287 141
v 4122 450 224
v 4123 293 139
v 4124 128 69
v 4125 264 121
v 4126 295 128
v 4127 161 69
v 4128 85 42
v 4129 56 26
v 4130 65 35
v 4131 365 196
v 4132 297 147
v 4133 115 59
v 4134 23 12
v 4135 146 82
v 4136 139 72
v 4137 123 59
v 4138 243 101
v 4139 91 37
v 4140 245 110
v 4141 70 33
v 4142 77 48
v 4143 128 53
v 4144 182 85
v 4145 205 88
v 4146 63 32
v 4147 37 18
v 4148 26 11
v 4149 200 112
v 4150 247 101
v 4151 87 32
v 4152 73 36
v 4153 29 14
v 4154 35 16
v 4155 70 35
v 4156 119 43
v 4157 32 13
v 4158 105 43
v 4159 72 38
v 4160 144 70
v 4161 9 3
v 4162 5 3
v 4163 166 62
v 4164 156 74
v 4165 100 43
v 4166 120 61
v 4167 299 140
v 4168 61 38
v 4169 45 27
v 4170 308 145
v 4171 166 72
v 4172 208 100
v 4173 18 10
v 4174 30 13
v 4175 30 16
v 4176 40 28
v 4177 73 37
v 4178 21 6
v 4179 57 34
v 4180 319 138
v 4181 238 116
v 4182 370 174
v 4183 160 82
v 4184 189 80
v 4185 14 6
v 4186 71 37
v 4187 47 24
v 4188 14 8
v 4189 246 127
v 4190 52 24
v 4191 43 21
v 4192 119 54
v 4193 173 79
v 4194 60 32
v 4195 120 57
v 4196 73 34
v 4197 218 98
v 4198 43 18
v 4199 17 10
v 4200 306 137
v 4201 191 90
v 4202 106 61
v 4203 66 35
v 4204 137 68
v 4205 109 61
v 4206 64 31
v 4207 100 45
v 4208 128 52
v 4209 59 28
v 4210 72 32
v 4215 107 55
v 4216 61 30
v 4217 78 35
v 4219 177 96
v 4222 57 24
v 4224 148 73
v 4225 58 28
v 4227 79 35
v 4231 142 62
v 4232 106 63
v 4233 56 31
v 4234 35 15
v 4241 56 33
v 4251 21 8
v 4370 273 127
v 4371 191 105
v 4372 252 131
v 4373 509 241
v 4374 427 213
v 4375 123 49
v 4377 447 231
v 4378 620 309
v 4379 437 202
v 4380 161 70
v 4381 433 207
v 4382 439 188
v 4383 293 129
v 4384 128 49
v 4385 100 48
v 4386 124 59
v 4387 653 340
v 4388 414 202
v 4389 153 70
v 4390 48 21
v 4391 291 156
v 4392 228 117
v 4393 236 103
v 4394 351 155
v 4395 168 89
v 4396 321 149
v 4397 89 47
v 4398 97 49
v 4399 209 112
v 4400 314 154
v 4401 318 139
v 4402 113 46
v 4403 78 46
v 4404 53 25
v 4405 307 170
v 4406 412 203
v 4407 134 62
v 4408 135 60
v 4409 53 17
v 4410 68 28
v 4411 88 48
v 4412 187 78
v 4413 38 20
v 4414 209 104
v 4415 133 72
v 4416 202 94
v 4417 24 14
v 4418 7 3
v 4419 278 124
v 4420 318 159
v 4421 152 74
v 4422 150 78
v 4423 460 194
v 4424 98 55
v 4425 65 37
v 4426 497 259
v 4427 233 95
v 4428 319 141
v 4429 27 10
v 4430 58 27
v 4431 54 29
v 4432 78 38
v 4433 101 42
v 4434 36 12
v 4435 74 29
v 4436 440 214
v 4437 393 191
v 4438 599 294
v 4439 216 103
v 4440 273 126
v 4441 20 10
v 4442 124 66
v 4443 88 41
v 4444 33 11
v 4445 400 192
v 4446 69 37
v 4447 54 24
v 4448 186 89
v 4449 280 132
v 4450 107 48
v 4451 150 83
v 4452 142 72
v 4453 272 133
v 4454 80 40
v 4455 23 13
v 4456 476 223
v 4457 308 136
v 4458 183 85
v 4459 102 52
v 4460 193 91
v 4461 168 82
v 4462 107 53
v 4463 150 65
v 4464 175 74
v 4465 100 50
v 4466 128 64
v 4471 190 103
v 4472 91 47
v 4473 137 59
v 4475 292 151
v 4478 109 51
v 4480 290 142
v 4481 108 55
v 4483 133 72
v 4487 232 105
v 4488 175 82
v 4489 97 56
v 4490 53 22
v 4497 85 39
v 4507 27 19
v 4627 340 209
v 4628 440 222
v 4629 928 511
v 4630 692 391
v 4631 204 109
v 4633 804 449
v 4634 1322 718
v 4635 878 444
v 4636 373 179
v 4637 805 437
v 4638 811 414
v 4639 538 273
v 4640 269 163
v 4641 157 85
v 4642 193 106
v 4643 1018 554
v 4644 878 473
v 4645 312 172
v 4646 98 66
v 4647 523 284
v 4648 335 202
v 4649 360 204
v 4650 661 322
v 4651 315 182
v 4652 622 296
v 4653 177 92
v 4654 207 118
v 4655 387 210
v 4656 575 313
v 4657 668 345
v 4658 208 99
v 4659 138 77
v 4660 93 49
v 4661 529 328
v 4662 841 406
v 4663 287 167
v 4664 216 109
v 4665 96 49
v 4666 114 65
v 4667 224 121
v 4668 401 208
v 4669 90 50
v 4670 346 159
v 4671 246 137
v 4672 411 230
v 4673 38 19
v 4674 31 21
v 4675 462 237
v 4676 500 254
v 4677 288 147
v 4678 360 188
v 4679 892 441
v 4680 193 103
v 4681 127 64
v 4682 920 469
v 4683 509 245
v 4684 656 320
v 4685 74 37
v 4686 112 56
v 4687 87 48
v 4688 103 56
v 4689 321 183
v 4690 107 59
v 4691 132 70
v 4692 848 414
v 4693 746 393
v 4694 1117 608
v 4695 504 275
v 4696 683 353
v 4697 40 18
v 4698 208 113
v 4699 171 92
v 4700 79 33
v 4701 808 421
v 4702 111 65
v 4703 137 59
v 4704 329 198
v 4705 508 290
v 4706 224 111
v 4707 303 160
v 4708 231 126
v 4709 641 357
v 4710 137 81
v 4711 41 17
v 4712 903 431
v 4713 576 291
v 4714 362 175
v 4715 219 125
v 4716 344 187
v 4717 352 198
v 4718 181 87
v 4719 250 132
v 4720 284 139
v 4721 185 93
v 4722 239 124
v 4727 340 185
v 4728 161 80
v 4729 279 150
v 4731 533 315
v 4734 211 118
v 4736 482 265
v 4737 185 115
v 4739 252 132
v 4743 472 244
v 4744 340 188
v 4745 208 118
v 4746 133 68
v 4753 157 84
v 4763 79 38
v 4884 358 135
v 4885 631 263
v 4886 433 197
v 4887 132 53
v 4889 479 229
v 4890 912 387
v 4891 639 276
v 4892 255 106
v 4893 548 226
v 4894 561 213
v 4895 360 150
v 4896 174 66
v 4897 124 51
v 4898 148 54
v 4899 706 297
v 4900 555 236
v 4901 198 88
v 4902 51 23
v 4903 323 142
v 4904 226 80
v 4905 247 115
v 4906 413 152
v 4907 210 87
v 4908 413 186
v 4909 119 53
v 4910 147 65
v 4911 241 107
v 4912 405 170
v 4913 488 179
v 4914 138 55
v 4915 94 43
v 4916 61 22
v 4917 330 153
v 4918 573 206
v 4919 148 56
v 4920 149 65
v 4921 70 31
v 4922 73 36
v 4923 98 42
v 4924 231 86
v 4925 51 24
v 4926 223 75
v 4927 139 63
v 4928 261 130
v 4929 30 14
v 4930 8 1
v 4931 312 127
v 4932 328 125
v 4933 172 73
v 4934 233 113
v 4935 583 235
v 4936 138 63
v 4937 81 37
v 4938 635 272
v 4939 361 146
v 4940 426 167
v 4941 44 19
v 4942 65 31
v 4943 66 30
v 4944 94 42
v 4945 161 72
v 4946 44 8
v 4947 88 48
v 4948 567 238
v 4949 477 200
v 4950 759 324
v 4951 318 131
v 4952 401 154
v 4953 33 12
v 4954 128 49
v 4955 114 50
v 4956 38 16
v 4957 505 208
v 4958 76 37
v 4959 76 28
v 4960 225 105
v 4961 352 145
v 4962 192 90
v 4963 205 94
v 4964 171 85
v 4965 412 169
v 4966 98 46
v 4967 32 12
v 4968 540 194
v 4969 403 159
v 4970 261 109
v 4971 134 48
v 4972 244 101
v 4973 254 136
v 4974 170 71
v 4975 172 75
v 4976 219 85
v 4977 125 54
v 4978 172 79
v 4983 235 104
v 4984 118 50
v 4985 197 71
v 4987 349 155
v 4990 145 75
v 4992 331 136
v 4993 139 64
v 4995 176 81
v 4999 277 111
v 5000 246 111
v 5001 143 71
v 5002 78 26
v 5009 103 39
v 5019 49 21
v 5141 820 412
v 5142 650 333
v 5143 208 110
v 5145 729 420
v 5146 1227 648
v 5147 889 431
v 5148 328 186
v 5149 766 391
v 5150 750 372
v 5151 520 242
v 5152 265 137
v 5153 153 65
v 5154 192 107
v 5155 1003 540
v 5156 795 376
v 5157 281 156
v 5158 75 42
v 5159 462 246
v 5160 295 162
v 5161 378 194
v 5162 654 304
v 5163 294 155
v 5164 615 317
v 5165 170 94
v 5166 187 104
v 5167 395 202
v 5168 474 235
v 5169 627 307
v 5170 230 113
v 5171 124 72
v 5172 74 31
v 5173 475 277
v 5174 705 331
v 5175 227 111
v 5176 199 112
v 5177 88 40
v 5178 108 60
v 5179 168 107
v 5180 326 166
v 5181 86 48
v 5182 292 153
v 5183 234 124
v 5184 389 197
v 5185 39 24
v 5186 22 10
v 5187 467 201
v 5188 466 223
v 5189 272 136
v 5190 278 151
v 5191 852 415
v 5192 160 97
v 5193 116 61
v 5194 857 446
v 5195 528 272
v 5196 567 282
v 5197 50 26
v 5198 78 39
v 5199 65 46
v 5200 114 73
v 5201 205 98
v 5202 76 37
v 5203 135 71
v 5204 781 397
v 5205 699 353
v 5206 1016 491
v 5207 426 209
v 5208 556 275
v 5209 55 26
v 5210 196 99
v 5211 149 90
v 5212 51 26
v 5213 731 385
v 5214 103 56
v 5215 122 76
v 5216 290 158
v 5217 499 270
v 5218 172 97
v 5219 295 153
v 5220 213 118
v 5221 540 288
v 5222 121 61
v 5223 35 18
v 5224 840 397
v 5225 556 274
v 5226 335 173
v 5227 176 87
v 5228 303 152
v 5229 309 185
v 5230 188 95
v 5231 235 133
v 5232 287 129
v 5233 187 83
v 5234 223 115
v 5239 322 150
v 5240 142 76
v 5241 278 130
v 5243 526 299
v 5246 197 102
v 5248 429 211
v 5249 171 87
v 5251 178 98
v 5255 424 207
v 5256 293 164
v 5257 174 99
v 5258 98 43
v 5265 159 92
v 5275 71 33
v 5398 1325 633
v 5399 399 201
v 5401 1484 794
v 5402 2292 1105
v 5403 1679 742
v 5404 554 265
v 5405 1507 741
v 5406 1392 655
v 5407 928 410
v 5408 448 209
v 5409 277 118
v 5410 369 171
v 5411 1932 932
v 5412 1547 709
v 5413 522 241
v 5414 152 81
v 5415 953 469
v 5416 610 327
v 5417 708 346
v 5418 1190 521
v 5419 546 270
v 5420 1076 473
v 5421 346 172
v 5422 386 206
v 5423 747 389
v 5424 1008 508
v 5425 1195 529
v 5426 378 173
v 5427 238 114
v 5428 175 85
v 5429 938 500
v 5430 1269 604
v 5431 414 211
v 5432 366 181
v 5433 143 62
v 5434 199 102
v 5435 330 187
v 5436 582 274
v 5437 145 71
v 5438 656 301
v 5439 423 215
v 5440 668 354
v 5441 44 19
v 5442 22 9
v 5443 833 375
v 5444 860 418
v 5445 490 247
v 5446 515 267
v 5447 1512 684
v 5448 338 180
v 5449 193 103
v 5450 1597 749
v 5451 942 471
v 5452 1110 484
v 5453 81 40
v 5454 188 82
v 5455 159 86
v 5456 256 127
v 5457 355 177
v 5458 108 48
v 5459 239 125
v 5460 1519 715
v 5461 1287 649
v 5462 1991 937
v 5463 825 400
v 5464 1066 468
v 5465 76 32
v 5466 379 183
v 5467 250 127
v 5468 92 41
v 5469 1310 646
v 5470 207 105
v 5471 215 109
v 5472 650 305
v 5473 897 444
v 5474 324 172
v 5475 459 227
v 5476 417 210
v 5477 1069 521
v 5478 216 98
v 5479 72 36
v 5480 1482 696
v 5481 1003 452
v 5482 651 304
v 5483 325 143
v 5484 602 304
v 5485 578 314
v 5486 423 196
v 5487 452 200
v 5488 523 276
v 5489 274 134
v 5490 381 203
v 5495 611 301
v 5496 308 167
v 5497 475 212
v 5499 928 489
v 5502 401 190
v 5504 829 406
v 5505 331 164
v 5507 365 191
v 5511 762 358
v 5512 559 288
v 5513 330 169
v 5514 239 116
v 5521 249 116
v 5531 114 67
v 5655 302 155
v 5657 1118 573
v 5658 1800 928
v 5659 1256 579
v 5660 497 265
v 5661 1102 556
v 5662 1136 511
v 5663 733 329
v 5664 361 180
v 5665 202 99
v 5666 251 136
v 5667 1587 816
v 5668 1147 554
v 5669 388 196
v 5670 89 50
v 5671 721 389
v 5672 545 285
v 5673 569 292
v 5674 907 373
v 5675 415 199
v 5676 868 407
v 5677 279 159
v 5678 291 166
v 5679 619 303
v 5680 726 356
v 5681 908 455
v 5682 290 149
v 5683 184 92
v 5684 116 55
v 5685 731 427
v 5686 970 421
v 5687 292 155
v 5688 274 139
v 5689 126 49
v 5690 138 66
v 5691 253 139
v 5692 488 229
v 5693 94 48
v 5694 545 241
v 5695 358 210
v 5696 566 279
v 5697 33 21
v 5698 21 15
v 5699 718 321
v 5700 655 344
v 5701 422 228
v 5702 390 208
v 5703 1134 545
v 5704 265 133
v 5705 178 99
v 5706 1192 567
v 5707 844 406
v 5708 887 395
v 5709 79 41
v 5710 124 61
v 5711 123 67
v 5712 172 75
v 5713 311 142
v 5714 97 38
v 5715 210 115
v 5716 1245 604
v 5717 973 472
v 5718 1519 756
v 5719 622 292
v 5720 841 412
v 5721 62 32
v 5722 254 133
v 5723 174 92
v 5724 61 31
v 5725 976 519
v 5726 162 75
v 5727 162 84
v 5728 453 235
v 5729 661 309
v 5730 242 145
v 5731 358 178
v 5732 316 163
v 5733 874 451
v 5734 172 95
v 5735 34 13
v 5736 1147 556
v 5737 751 387
v 5738 468 244
v 5739 244 107
v 5740 488 252
v 5741 400 238
v 5742 268 121
v 5743 269 142
v 5744 394 208
v 5745 210 96
v 5746 321 188
v 5751 508 244
v 5752 206 104
v 5753 372 180
v 5755 660 358
v 5758 270 137
v 5760 615 300
v 5761 258 118
v 5763 276 138
v 5767 552 247
v 5768 377 199
v 5769 240 138
v 5770 139 76
v 5777 228 129
v 5787 91 48
v 5913 343 181
v 5914 563 289
v 5915 386 196
v 5916 165 89
v 5917 380 202
v 5918 371 184
v 5919 222 102
v 5920 104 42
v 5921 88 40
v 5922 70 41
v 5923 429 208
v 5924 366 189
v 5925 119 55
v 5926 32 28
v 5927 205 111
v 5928 148 75
v 5929 173 85
v 5930 273 135
v 5931 140 77
v 5932 268 141
v 5933 93 54
v 5934 114 66
v 5935 143 69
v 5936 249 128
v 5937 280 130
v 5938 102 51
v 5939 38 23
v 5940 42 16
v 5941 207 124
v 5942 330 141
v 5943 117 63
v 5944 77 32
v 5945 35 16
v 5946 46 26
v 5947 79 41
v 5948 146 66
v 5949 44 21
v 5950 134 65
v 5951 99 55
v 5952 186 86
v 5953 11 7
v 5954 5 1
v 5955 178 88
v 5956 215 105
v 5957 109 56
v 5958 156 81
v 5959 371 160
v 5960 81 50
v 5961 65 40
v 5962 412 206
v 5963 204 107
v 5964 275 112
v 5965 19 9
v 5966 30 17
v 5967 33 18
v 5968 54 23
v 5969 87 41
v 5970 22 8
v 5971 65 41
v 5972 379 185
v 5973 327 164
v 5974 425 210
v 5975 226 131
v 5976 263 131
v 5977 22 8
v 5978 99 44
v 5979 54 29
v 5980 31 16
v 5981 324 170
v 5982 53 32
v 5983 59 27
v 5984 126 63
v 5985 225 106
v 5986 98 54
v 5987 133 63
v 5988 123 72
v 5989 226 116
v 5990 59 27
v 5991 16 7
v 5992 391 201
v 5993 246 120
v 5994 129 69
v 5995 84 42
v 5996 134 64
v 5997 154 101
v 5998 83 43
v 5999 107 51
v 6000 116 54
v 6001 86 40
v 6002 110 62
v 6007 156 73
v 6008 81 45
v 6009 106 40
v 6011 188 85
v 6014 82 32
v 6016 185 98
v 6017 78 36
v 6019 91 41
v 6023 203 102
v 6024 153 86
v 6025 66 32
v 6026 45 29
v 6033 65 31
v 6043 37 17
v 6426 2037 941
v 6427 1477 689
v 6428 527 244
v 6429 1307 613
v 6430 1295 572
v 6431 787 337
v 6432 415 172
v 6433 252 102
v 6434 340 173
v 6435 1832 840
v 6436 1487 699
v 6437 423 194
v 6438 122 72
v 6439 740 360
v 6440 561 260
v 6441 639 295
v 6442 1068 445
v 6443 515 234
v 6444 1026 451
v 6445 334 162
v 6446 352 171
v 6447 725 361
v 6448 891 420
v 6449 1042 451
v 6450 320 137
v 6451 210 107
v 6452 122 53
v 6453 765 411
v 6454 1169 523
v 6455 319 146
v 6456 323 148
v 6457 141 67
v 6458 171 78
v 6459 260 142
v 6460 544 246
v 6461 129 68
v 6462 527 228
v 6463 380 195
v 6464 650 315
v 6465 59 31
v 6466 27 13
v 6467 770 331
v 6468 736 357
v 6469 447 250
v 6470 458 226
v 6471 1200 521
v 6472 277 141
v 6473 192 80
v 6474 1494 631
v 6475 850 365
v 6476 1097 456
v 6477 90 45
v 6478 145 70
v 6479 127 62
v 6480 174 93
v 6481 362 174
v 6482 81 36
v 6483 236 111
v 6484 1294 564
v 6485 1206 575
v 6486 1651 810
v 6487 717 341
v 6488 866 392
v 6489 81 41
v 6490 336 155
v 6491 235 109
v 6492 94 44
v 6493 1047 514
v 6494 199 89
v 6495 168 71
v 6496 483 240
v 6497 740 332
v 6498 295 163
v 6499 448 219
v 6500 351 166
v 6501 952 449
v 6502 198 88
v 6503 54 24
v 6504 1296 555
v 6505 914 450
v 6506 518 262
v 6507 285 142
v 6508 560 282
v 6509 512 267
v 6510 369 167
v 6511 362 170
v 6512 460 203
v 6513 291 136
v 6514 341 177
v 6519 565 268
v 6520 245 126
v 6521 470 219
v 6523 805 378
v 6526 337 156
v 6528 770 356
v 6529 288 137
v 6531 307 133
v 6535 690 316
v 6536 490 242
v 6537 302 146
v 6538 157 94
v 6545 219 111
v 6555 113 53
v 6683 2446 1121
v 6684 868 447
v 6685 2087 979
v 6686 2167 1058
v 6687 1384 609
v 6688 690 316
v 6689 407 203
v 6690 523 263
v 6691 2606 1282
v 6692 1902 924
v 6693 751 351
v 6694 176 98
v 6695 1168 620
v 6696 928 467
v 6697 950 506
v 6698 1651 673
v 6699 753 372
v 6700 1577 771
v 6701 581 266
v 6702 594 312
v 6703 946 483
v 6704 1395 683
v 6705 1586 687
v 6706 626 280
v 6707 373 173
v 6708 222 98
v 6709 1311 734
v 6710 1953 906
v 6711 550 271
v 6712 460 209
v 6713 244 115
v 6714 264 122
v 6715 439 246
v 6716 906 434
v 6717 228 121
v 6718 859 406
v 6719 634 348
v 6720 1043 532
v 6721 82 45
v 6722 50 19
v 6723 1161 519
v 6724 1258 593
v 6725 644 326
v 6726 769 400
v 6727 2143 999
v 6728 499 267
v 6729 308 168
v 6730 2343 1138
v 6731 1412 685
v 6732 1503 635
v 6733 161 73
v 6734 212 109
v 6735 212 101
v 6736 328 161
v 6737 539 241
v 6738 177 83
v 6739 374 192
v 6740 2255 1107
v 6741 1884 935
v 6742 2936 1401
v 6743 1145 570
v 6744 1508 719
v 6745 111 54
v 6746 581 279
v 6747 393 211
v 6748 167 67
v 6749 1763 881
v 6750 240 116
v 6751 249 115
v 6752 797 395
v 6753 1246 596
v 6754 462 249
v 6755 671 338
v 6756 612 308
v 6757 1495 751
v 6758 332 155
v 6759 85 39
v 6760 2092 1031
v 6761 1485 712
v 6762 820 382
v 6763 489 245
v 6764 821 411
v 6765 781 406
v 6766 539 245
v 6767 651 337
v 6768 813 379
v 6769 493 222
v 6770 603 319
v 6775 868 428
v 6776 408 212
v 6777 778 359
v 6779 1407 749
v 6782 479 261
v 6784 1252 643
v 6785 529 269
v 6787 578 276
v 6791 1134 500
v 6792 799 399
v 6793 453 247
v 6794 273 148
v 6801 421 232
v 6811 155 88
v 6940 542 303
v 6941 1573 815
v 6942 1631 772
v 6943 955 471
v 6944 460 237
v 6945 326 166
v 6946 368 209
v 6947 1898 978
v 6948 1626 800
v 6949 565 269
v 6950 158 100
v 6951 812 435
v 6952 625 336
v 6953 675 383
v 6954 1251 557
v 6955 551 290
v 6956 1113 567
v 6957 379 192
v 6958 376 228
v 6959 671 351
v 6960 1051 518
v 6961 1158 560
v 6962 442 212
v 6963 240 131
v 6964 170 68
v 6965 1016 604
v 6966 1324 618
v 6967 416 198
v 6968 372 199
v 6969 168 78
v 6970 191 97
v 6971 314 179
v 6972 629 317
v 6973 138 79
v 6974 631 328
v 6975 408 237
v 6976 837 431
v 6977 65 33
v 6978 24 15
v 6979 957 458
v 6980 855 443
v 6981 465 227
v 6982 545 311
v 6983 1513 751
v 6984 322 184
v 6985 229 127
v 6986 1705 851
v 6987 1024 505
v 6988 1039 541
v 6989 102 51
v 6990 189 90
v 6991 140 72
v 6992 239 127
v 6993 363 175
v 6994 146 69
v 6995 246 135
v 6996 1676 856
v 6997 1321 685
v 6998 2162 1104
v 6999 882 488
v 7000 982 492
v 7001 108 56
v 7002 412 222
v 7003 273 147
v 7004 106 53
v 7005 1309 694
v 7006 233 116
v 7007 188 102
v 7008 576 324
v 7009 895 452
v 7010 340 187
v 7011 555 321
v 7012 433 242
v 7013 1071 566
v 7014 266 132
v 7015 70 38
v 7016 1458 708
v 7017 1141 583
v 7018 571 289
v 7019 363 212
v 7020 599 330
v 7021 671 358
v 7022 400 206
v 7023 483 254
v 7024 555 286
v 7025 322 153
v 7026 417 227
v 7031 638 356
v 7032 290 162
v 7033 553 277
v 7035 1021 535
v 7038 372 192
v 7040 897 451
v 7041 346 184
v 7043 378 192
v 7047 856 417
v 7048 595 314
v 7049 331 197
v 7050 219 117
v 7057 289 150
v 7067 126 66
v 7197 652 322
v 7198 522 219
v 7199 362 170
v 7200 253 99
v 7201 88 39
v 7202 122 63
v 7203 744 345
v 7204 543 255
v 7205 199 103
v 7206 38 14
v 7207 333 188
v 7208 224 106
v 7209 249 121
v 7210 487 222
v 7211 207 109
v 7212 485 229
v 7213 138 67
v 7214 122 73
v 7215 261 125
v 7216 373 160
v 7217 500 217
v 7218 133 59
v 7219 88 47
v 7220 49 22
v 7221 334 200
v 7222 497 258
v 7223 142 64
v 7224 155 80
v 7225 78 34
v 7226 81 42
v 7227 119 62
v 7228 250 131
v 7229 54 22
v 7230 362 164
v 7231 187 98
v 7232 312 164
v 7233 16 16
v 7234 8 3
v 7235 310 142
v 7236 343 168
v 7237 174 83
v 7238 220 109
v 7239 531 230
v 7240 110 64
v 7241 72 33
v 7242 593 303
v 7243 367 165
v 7244 409 177
v 7245 40 20
v 7246 43 16
v 7247 35 16
v 7248 84 46
v 7249 173 86
v 7250 47 20
v 7251 110 63
v 7252 550 262
v 7253 500 246
v 7254 725 354
v 7255 303 144
v 7256 464 230
v 7257 33 9
v 7258 143 75
v 7259 97 57
v 7260 32 17
v 7261 532 248
v 7262 102 51
v 7263 106 48
v 7264 260 130
v 7265 351 173
v 7266 147 85
v 7267 248 136
v 7268 137 73
v 7269 406 214
v 7270 83 39
v 7271 28 15
v 7272 624 281
v 7273 395 173
v 7274 226 103
v 7275 121 53
v 7276 250 129
v 7277 211 124
v 7278 123 49
v 7279 149 75
v 7280 166 87
v 7281 122 54
v 7282 169 78
v 7287 212 110
v 7288 115 60
v 7289 218 100
v 7291 338 165
v 7294 118 62
v 7296 304 167
v 7297 121 54
v 7299 128 62
v 7303 325 163
v 7304 198 111
v 7305 123 66
v 7306 90 44
v 7313 116 58
v 7323 38 23
v 7454 1303 628
v 7455 913 418
v 7456 394 167
v 7457 285 136
v 7458 342 165
v 7459 1659 786
v 7460 1532 695
v 7461 507 250
v 7462 121 58
v 7463 844 456
v 7464 565 269
v 7465 549 276
v 7466 1146 535
v 7467 537 250
v 7468 946 467
v 7469 307 154
v 7470 321 179
v 7471 753 366
v 7472 897 446
v 7473 1204 520
v 7474 385 178
v 7475 203 102
v 7476 150 66
v 7477 792 440
v 7478 1298 570
v 7479 422 185
v 7480 323 145
v 7481 145 58
v 7482 201 98
v 7483 292 163
v 7484 665 311
v 7485 139 79
v 7486 587 279
v 7487 374 187
v 7488 649 348
v 7489 55 26
v 7490 27 12
v 7491 764 370
v 7492 789 383
v 7493 518 267
v 7494 648 332
v 7495 1451 684
v 7496 293 154
v 7497 198 109
v 7498 1404 679
v 7499 952 497
v 7500 1150 488
v 7501 110 59
v 7502 171 87
v 7503 133 65
v 7504 199 97
v 7505 367 194
v 7506 111 45
v 7507 221 111
v 7508 1453 692
v 7509 1234 568
v 7510 1866 893
v 7511 758 383
v 7512 1066 480
v 7513 70 39
v 7514 304 162
v 7515 247 115
v 7516 89 43
v 7517 1549 733
v 7518 185 90
v 7519 156 87
v 7520 605 308
v 7521 868 416
v 7522 423 226
v 7523 513 277
v 7524 391 192
v 7525 993 512
v 7526 251 116
v 7527 67 32
v 7528 1611 790
v 7529 910 421
v 7530 539 275
v 7531 340 170
v 7532 652 330
v 7533 541 313
v 7534 345 157
v 7535 424 218
v 7536 518 246
v 7537 302 141
v 7538 383 185
v 7543 617 279
v 7544 277 149
v 7545 492 221
v 7547 875 443
v 7550 320 163
v 7552 778 368
v 7553 329 159
v 7555 381 190
v 7559 814 369
v 7560 546 289
v 7561 387 191
v 7562 180 84
v 7569 215 111
v 7579 114 46
v 7711 937 463
v 7712 429 209
v 7713 278 146
v 7714 307 168
v 7715 1696 889
v 7716 1381 700
v 7717 503 259
v 7718 123 68
v 7719 742 419
v 7720 550 320
v 7721 663 339
v 7722 1085 531
v 7723 520 301
v 7724 1020 509
v 7725 338 188
v 7726 329 188
v 7727 591 324
v 7728 871 450
v 7729 944 506
v 7730 374 186
v 7731 204 124
v 7732 145 64
v 7733 793 463
v 7734 1142 596
v 7735 352 191
v 7736 327 188
v 7737 159 79
v 7738 186 103
v 7739 295 178
v 7740 610 302
v 7741 162 90
v 7742 554 265
v 7743 375 213
v 7744 735 394
v 7745 49 25
v 7746 31 17
v 7747 733 361
v 7748 836 412
v 7749 392 233
v 7750 534 283
v 7751 1360 704
v 7752 276 157
v 7753 185 97
v 7754 1485 775
v 7755 958 493
v 7756 930 446
v 7757 111 64
v 7758 156 76
v 7759 138 79
v 7760 200 115
v 7761 361 167
v 7762 98 43
v 7763 261 153
v 7764 1499 804
v 7765 1291 680
v 7766 1805 921
v 7767 741 398
v 7768 908 434
v 7769 84 42
v 7770 325 178
v 7771 258 150
v 7772 100 42
v 7773 1125 592
v 7774 236 121
v 7775 188 101
v 7776 466 275
v 7777 776 411
v 7778 293 164
v 7779 510 272
v 7780 387 220
v 7781 1019 534
v 7782 249 137
v 7783 62 24
v 7784 1475 727
v 7785 1011 510
v 7786 505 272
v 7787 302 160
v 7788 529 272
v 7789 553 331
v 7790 381 191
v 7791 479 275
v 7792 520 286
v 7793 326 167
v 7794 370 208
v 7799 538 291
v 7800 222 131
v 7801 516 259
v 7803 914 499
v 7806 297 163
v 7808 756 389
v 7809 323 179
v 7811 374 199
v 7815 708 332
v 7816 535 299
v 7817 293 170
v 7818 185 102
v 7825 291 157
v 7835 97 55
v 7968 266 140
v 7969 172 91
v 7970 220 117
v 7971 996 529
v 7972 868 448
v 7973 317 173
v 7974 75 42
v 7975 519 271
v 7976 393 212
v 7977 346 189
v 7978 687 329
v 7979 334 175
v 7980 608 327
v 7981 191 88
v 7982 223 135
v 7983 451 240
v 7984 560 311
v 7985 700 334
v 7986 214 106
v 7987 146 84
v 7988 91 43
v 7989 500 294
v 7990 764 402
v 7991 230 120
v 7992 216 113
v 7993 80 38
v 7994 98 54
v 7995 169 111
v 7996 366 189
v 7997 83 48
v 7998 357 164
v 7999 252 141
v 8000 447 245
v 8001 34 18
v 8002 14 7
v 8003 473 233
v 8004 476 242
v 8005 333 179
v 8006 292 152
v 8007 892 485
v 8008 171 99
v 8009 101 59
v 8010 865 458
v 8011 575 296
v 8012 672 328
v 8013 54 30
v 8014 104 45
v 8015 82 48
v 8016 135 69
v 8017 199 107
v 8018 62 23
v 8019 149 87
v 8020 934 494
v 8021 788 412
v 8022 1177 603
v 8023 508 263
v 8024 604 296
v 8025 37 22
v 8026 222 112
v 8027 186 102
v 8028 47 24
v 8029 746 418
v 8030 111 49
v 8031 125 71
v 8032 290 161
v 8033 525 286
v 8034 194 109
v 8035 285 149
v 8036 234 132
v 8037 622 340
v 8038 122 76
v 8039 30 15
v 8040 877 477
v 8041 575 293
v 8042 357 187
v 8043 210 104
v 8044 362 197
v 8045 284 164
v 8046 244 118
v 8047 304 153
v 8048 334 171
v 8049 194 96
v 8050 214 125
v 8055 413 202
v 8056 156 89
v 8057 318 164
v 8059 612 344
v 8062 196 103
v 8064 536 296
v 8065 171 111
v 8067 243 125
v 8071 485 230
v 8072 369 212
v 8073 181 105
v 8074 123 73
v 8081 173 95
v 8091 80 44
v 8225 74 36
v 8226 86 43
v 8227 565 278
v 8228 444 224
v 8229 182 100
v 8230 33 18
v 8231 300 170
v 8232 185 102
v 8233 232 132
v 8234 377 163
v 8235 174 87
v 8236 360 189
v 8237 120 64
v 8238 95 58
v 8239 216 133
v 8240 268 135
v 8241 354 166
v 8242 99 49
v 8243 58 37
v 8244 46 19
v 8245 270 171
v 8246 363 182
v 8247 134 72
v 8248 117 68
v 8249 28 13
v 8250 69 46
v 8251 105 59
v 8252 173 89
v 8253 33 17
v 8254 186 99
v 8255 132 79
v 8256 199 102
v 8257 15 11
v 8258 11 5
v 8259 251 127
v 8260 247 122
v 8261 165 82
v 8262 136 78
v 8263 446 225
v 8264 90 56
v 8265 78 39
v 8266 459 258
v 8267 310 159
v 8268 348 182
v 8269 19 11
v 8270 48 22
v 8271 47 31
v 8272 64 34
v 8273 108 53
v 8274 43 19
v 8275 66 43
v 8276 464 231
v 8277 328 186
v 8278 520 280
v 8279 227 109
v 8280 340 185
v 8281 28 12
v 8282 99 52
v 8283 73 39
v 8284 29 19
v 8285 401 234
v 8286 58 25
v 8287 61 18
v 8288 174 101
v 8289 232 126
v 8290 89 44
v 8291 125 62
v 8292 108 69
v 8293 323 180
v 8294 84 52
v 8295 21 11
v 8296 468 241
v 8297 217 107
v 8298 149 75
v 8299 99 53
v 8300 162 87
v 8301 142 74
v 8302 101 58
v 8303 118 67
v 8304 118 63
v 8305 101 55
v 8306 122 70
v 8311 170 83
v 8312 69 46
v 8313 145 75
v 8315 278 133
v 8318 97 57
v 8320 234 122
v 8321 89 46
v 8323 102 63
v 8327 202 104
v 8328 125 80
v 8329 78 46
v 8330 71 34
v 8337 75 45
v 8347 35 19
v 8482 75 33
v 8483 278 129
v 8484 245 121
v 8485 86 42
v 8486 26 17
v 8487 120 69
v 8488 102 50
v 8489 137 63
v 8490 200 86
v 8491 93 55
v 8492 189 91
v 8493 66 33
v 8494 61 34
v 8495 106 46
v 8496 191 90
v 8497 216 120
v 8498 70 31
v 8499 35 16
v 8500 29 12
v 8501 146 86
v 8502 215 115
v 8503 86 43
v 8504 71 40
v 8505 36 20
v 8506 43 26
v 8507 58 40
v 8508 113 55
v 8509 31 18
v 8510 110 59
v 8511 59 35
v 8512 126 62
v 8513 11 4
v 8514 12 10
v 8515 180 79
v 8516 127 68
v 8517 91 48
v 8518 82 42
v 8519 264 124
v 8520 101 62
v 8521 32 20
v 8522 284 141
v 8523 221 104
v 8524 200 93
v 8525 29 19
v 8526 35 14
v 8527 31 15
v 8528 45 22
v 8529 54 20
v 8530 23 10
v 8531 43 21
v 8532 266 136
v 8533 244 108
v 8534 330 140
v 8535 126 57
v 8536 185 98
v 8537 23 12
v 8538 60 32
v 8539 67 41
v 8540 21 12
v 8541 195 113
v 8542 50 22
v 8543 36 13
v 8544 87 45
v 8545 166 94
v 8546 56 30
v 8547 88 39
v 8548 105 51
v 8549 177 99
v 8550 33 19
v 8551 11 4
v 8552 280 124
v 8553 188 102
v 8554 111 59
v 8555 60 34
v 8556 85 49
v 8557 116 71
v 8558 77 35
v 8559 94 55
v 8560 106 51
v 8561 60 26
v 8562 63 42
v 8567 140 82
v 8568 51 30
v 8569 89 47
v 8571 167 85
v 8574 64 30
v 8576 181 89
v 8577 55 36
v 8579 94 51
v 8583 169 70
v 8584 98 55
v 8585 62 31
v 8586 34 16
v 8593 47 25
v 8603 23 12
v 8739 345 160
v 8740 315 142
v 8741 122 58
v 8742 51 27
v 8743 182 104
v 8744 122 58
v 8745 147 63
v 8746 244 93
v 8747 127 63
v 8748 221 108
v 8749 76 39
v 8750 103 62
v 8751 129 67
v 8752 258 120
v 8753 268 127
v 8754 109 54
v 8755 36 18
v 8756 52 25
v 8757 199 102
v 8758 292 125
v 8759 93 54
v 8760 93 41
v 8761 39 14
v 8762 53 31
v 8763 89 38
v 8764 161 80
v 8765 63 24
v 8766 158 75
v 8767 101 49
v 8768 124 60
v 8769 16 10
v 8770 10 6
v 8771 215 116
v 8772 177 82
v 8773 114 50
v 8774 133 65
v 8775 319 125
v 8776 58 31
v 8777 65 32
v 8778 469 205
v 8779 172 76
v 8780 292 134
v 8781 37 21
v 8782 40 20
v 8783 33 24
v 8784 70 27
v 8785 100 37
v 8786 49 21
v 8787 66 30
v 8788 361 178
v 8789 329 156
v 8790 475 223
v 8791 151 67
v 8792 192 90
v 8793 35 24
v 8794 108 61
v 8795 102 50
v 8796 37 18
v 8797 257 129
v 8798 38 22
v 8799 36 22
v 8800 101 51
v 8801 202 89
v 8802 82 50
v 8803 111 58
v 8804 103 54
v 8805 224 95
v 8806 61 31
v 8807 17 11
v 8808 373 178
v 8809 289 145
v 8810 124 60
v 8811 80 36
v 8812 121 53
v 8813 156 87
v 8814 99 45
v 8815 140 62
v 8816 159 75
v 8817 109 50
v 8818 85 38
v 8823 178 85
v 8824 68 33
v 8825 127 54
v 8827 271 142
v 8830 99 47
v 8832 199 99
v 8833 68 35
v 8835 103 47
v 8839 185 75
v 8840 145 67
v 8841 98 50
v 8842 48 23
v 8849 75 38
v 8859 35 18
v 8996 1659 866
v 8997 618 321
v 8998 139 81
v 8999 1096 576
v 9000 795 439
v 9001 866 446
v 9002 1313 616
v 9003 662 370
v 9004 1649 786
v 9005 425 228
v 9006 405 232
v 9007 934 484
v 9008 1041 507
v 9009 1253 588
v 9010 484 255
v 9011 275 124
v 9012 165 88
v 9013 1070 569
v 9014 1294 598
v 9015 410 193
v 9016 429 188
v 9017 223 125
v 9018 213 113
v 9019 355 209
v 9020 638 318
v 9021 147 77
v 9022 638 274
v 9023 503 258
v 9024 845 457
v 9025 55 30
v 9026 39 17
v 9027 1440 612
v 9028 960 435
v 9029 501 256
v 9030 626 333
v 9031 1496 717
v 9032 376 208
v 9033 238 133
v 9034 1716 820
v 9035 1199 627
v 9036 1374 608
v 9037 123 60
v 9038 151 72
v 9039 184 109
v 9040 243 123
v 9041 490 217
v 9042 151 66
v 9043 285 145
v 9044 2035 1007
v 9045 1565 832
v 9046 2126 1070
v 9047 861 453
v 9048 1033 487
v 9049 105 54
v 9050 384 190
v 9051 267 147
v 9052 111 56
v 9053 1389 680
v 9054 214 118
v 9055 210 98
v 9056 719 349
v 9057 928 467
v 9058 370 215
v 9059 651 340
v 9060 397 220
v 9061 1257 646
v 9062 305 141
v 9063 79 42
v 9064 1704 779
v 9065 1145 540
v 9066 630 304
v 9067 331 150
v 9068 672 354
v 9069 533 322
v 9070 431 204
v 9071 446 225
v 9072 601 303
v 9073 319 148
v 9074 465 259
v 9079 691 365
v 9080 310 156
v 9081 542 272
v 9083 1023 541
v 9086 370 182
v 9088 916 450
v 9089 367 181
v 9091 401 206
v 9095 787 361
v 9096 540 288
v 9097 367 179
v 9098 244 117
v 9105 292 160
v 9115 115 56
v 9253 519 257
v 9254 130 77
v 9255 905 484
v 9256 525 255
v 9257 609 306
v 9258 1121 565
v 9259 508 274
v 9260 999 467
v 9261 321 151
v 9262 319 179
v 9263 694 314
v 9264 904 468
v 9265 1191 601
v 9266 291 155
v 9267 215 122
v 9268 165 71
v 9269 888 520
v 9270 1162 580
v 9271 360 172
v 9272 375 202
v 9273 144 72
v 9274 220 125
v 9275 331 193
v 9276 544 270
v 9277 108 59
v 9278 607 301
v 9279 373 205
v 9280 639 324
v 9281 45 28
v 9282 35 18
v 9283 821 402
v 9284 636 279
v 9285 498 246
v 9286 479 272
v 9287 1570 810
v 9288 299 169
v 9289 187 100
v 9290 1362 706
v 9291 870 414
v 9292 1035 481
v 9293 102 58
v 9294 124 60
v 9295 136 74
v 9296 203 110
v 9297 355 176
v 9298 114 49
v 9299 230 131
v 9300 1519 773
v 9301 1225 637
v 9302 1742 864
v 9303 715 355
v 9304 989 447
v 9305 68 44
v 9306 296 145
v 9307 256 129
v 9308 107 47
v 9309 1178 637
v 9310 211 100
v 9311 151 75
v 9312 574 302
v 9313 819 424
v 9314 308 189
v 9315 499 278
v 9316 374 200
v 9317 870 387
v 9318 228 123
v 9319 58 30
v 9320 1504 714
v 9321 895 449
v 9322 568 289
v 9323 334 179
v 9324 586 302
v 9325 511 288
v 9326 348 177
v 9327 344 170
v 9328 515 310
v 9329 263 121
v 9330 388 228
v 9335 560 287
v 9336 248 133
v 9337 400 202
v 9339 854 470
v 9342 310 156
v 9344 796 395
v 9345 315 170
v 9347 338 161
v 9351 694 325
v 9352 526 275
v 9353 320 164
v 9354 449 230
v 9361 278 160
v 9371 103 55
v 9510 44 25
v 9511 288 145
v 9512 221 117
v 9513 203 100
v 9514 376 181
v 9515 170 91
v 9516 419 185
v 9517 133 70
v 9518 106 61
v 9519 253 127
v 9520 328 164
v 9521 359 164
v 9522 125 70
v 9523 89 52
v 9524 54 28
v 9525 275 155
v 9526 403 196
v 9527 140 77
v 9528 117 54
v 9529 57 26
v 9530 55 28
v 9531 115 57
v 9532 205 106
v 9533 50 23
v 9534 206 106
v 9535 126 65
v 9536 232 121
v 9537 23 10
v 9538 8 3
v 9539 264 138
v 9540 276 130
v 9541 158 84
v 9542 206 111
v 9543 479 232
v 9544 109 61
v 9545 75 35
v 9546 478 244
v 9547 332 167
v 9548 372 159
v 9549 39 24
v 9550 51 25
v 9551 38 21
v 9552 75 38
v 9553 110 63
v 9554 38 15
v 9555 69 44
v 9556 571 300
v 9557 463 235
v 9558 613 318
v 9559 232 113
v 9560 289 131
v 9561 29 15
v 9562 130 61
v 9563 104 47
v 9564 32 15
v 9565 429 203
v 9566 89 49
v 9567 77 33
v 9568 160 80
v 9569 266 130
v 9570 108 61
v 9571 190 98
v 9572 120 60
v 9573 355 179
v 9574 81 44
v 9575 18 7
v 9576 472 231
v 9577 364 180
v 9578 181 99
v 9579 102 50
v 9580 172 82
v 9581 176 111
v 9582 149 63
v 9583 137 72
v 9584 186 94
v 9585 108 48
v 9586 143 73
v 9591 192 96
v 9592 78 41
v 9593 168 78
v 9595 310 172
v 9598 110 64
v 9600 258 138
v 9601 103 46
v 9603 119 65
v 9607 254 113
v 9608 180 94
v 9609 107 49
v 9610 67 33
v 9617 93 43
v 9627 34 22
v 9767 78 34
v 9768 39 19
v 9769 49 24
v 9770 97 40
v 9771 32 18
v 9772 98 48
v 9773 34 14
v 9774 38 22
v 9775 56 27
v 9776 94 44
v 9777 100 39
v 9778 37 20
v 9779 22 13
v 9780 21 9
v 9781 90 47
v 9782 103 43
v 9783 34 19
v 9784 34 12
v 9785 16 9
v 9786 22 12
v 9787 34 16
v 9788 62 26
v 9789 18 13
v 9790 52 24
v 9791 34 16
v 9792 48 19
v 9793 6 3
v 9794 1 0
v 9795 69 27
v 9796 65 21
v 9797 41 22
v 9798 51 25
v 9799 153 70
v 9800 24 12
v 9801 25 17
v 9802 175 74
v 9803 95 37
v 9804 90 40
v 9805 15 8
v 9806 15 8
v 9807 15 8
v 9808 30 12
v 9809 33 16
v 9810 8 4
v 9811 36 20
v 9812 127 68
v 9813 113 49
v 9814 146 62
v 9815 73 23
v 9816 92 38
v 9817 12 4
v 9818 34 18
v 9819 31 18
v 9820 16 7
v 9821 93 42
v 9822 16 7
v 9823 20 7
v 9824 50 27
v 9825 76 40
v 9826 37 22
v 9827 56 27
v 9828 40 16
v 9829 84 33
v 9830 25 11
v 9831 5 3
v 9832 124 49
v 9833 87 41
v 9834 51 26
v 9835 27 10
v 9836 39 13
v 9837 56 31
v 9838 27 10
v 9839 44 18
v 9840 52 23
v 9841 50 28
v 9842 28 18
v 9847 57 26
v 9848 23 11
v 9849 46 25
v 9851 87 45
v 9854 40 15
v 9856 53 23
v 9857 41 19
v 9859 23 12
v 9863 77 29
v 9864 61 30
v 9865 31 17
v 9866 15 5
v 9873 20 10
v 9883 13 6
v 10024 371 186
v 10025 378 180
v 10026 659 305
v 10027 321 159
v 10028 572 260
v 10029 188 82
v 10030 194 88
v 10031 429 202
v 10032 452 209
v 10033 708 312
v 10034 209 97
v 10035 135 51
v 10036 82 46
v 10037 509 280
v 10038 696 308
v 10039 231 112
v 10040 179 76
v 10041 96 51
v 10042 112 58
v 10043 178 96
v 10044 312 126
v 10045 63 32
v 10046 353 139
v 10047 202 103
v 10048 350 173
v 10049 22 11
v 10050 8 4
v 10051 429 181
v 10052 459 204
v 10053 261 120
v 10054 284 139
v 10055 826 369
v 10056 183 90
v 10057 101 52
v 10058 826 381
v 10059 567 274
v 10060 670 276
v 10061 61 30
v 10062 86 40
v 10063 76 45
v 10064 125 68
v 10065 203 96
v 10066 81 29
v 10067 131 66
v 10068 851 414
v 10069 724 334
v 10070 1025 494
v 10071 448 206
v 10072 578 254
v 10073 39 22
v 10074 197 100
v 10075 123 54
v 10076 49 18
v 10077 815 389
v 10078 94 40
v 10079 103 43
v 10080 309 150
v 10081 482 229
v 10082 191 101
v 10083 241 120
v 10084 217 105
v 10085 555 250
v 10086 112 57
v 10087 37 8
v 10088 801 331
v 10089 495 216
v 10090 365 163
v 10091 213 96
v 10092 354 178
v 10093 284 151
v 10094 215 88
v 10095 201 94
v 10096 327 154
v 10097 146 65
v 10098 236 128
v 10103 343 164
v 10104 158 85
v 10105 254 116
v 10107 544 303
v 10110 186 94
v 10112 416 218
v 10113 176 88
v 10115 177 84
v 10119 419 180
v 10120 270 132
v 10121 146 88
v 10122 113 58
v 10129 151 71
v 10139 56 25
v 10281 279 138
v 10282 470 201
v 10283 204 113
v 10284 425 200
v 10285 152 71
v 10286 133 74
v 10287 273 129
v 10288 341 160
v 10289 420 197
v 10290 145 80
v 10291 77 38
v 10292 58 24
v 10293 373 212
v 10294 547 276
v 10295 168 78
v 10296 165 88
v 10297 70 32
v 10298 81 42
v 10299 121 62
v 10300 234 112
v 10301 65 29
v 10302 234 111
v 10303 195 104
v 10304 283 148
v 10305 22 15
v 10306 12 6
v 10307 308 144
v 10308 311 150
v 10309 169 89
v 10310 170 96
v 10311 572 275
v 10312 127 70
v 10313 81 43
v 10314 513 254
v 10315 426 225
v 10316 410 191
v 10317 39 26
v 10318 53 24
v 10319 50 25
v 10320 62 31
v 10321 157 84
v 10322 48 30
v 10323 88 44
v 10324 680 330
v 10325 510 271
v 10326 709 336
v 10327 298 151
v 10328 380 169
v 10329 30 8
v 10330 142 81
v 10331 89 57
v 10332 35 16
v 10333 581 275
v 10334 87 41
v 10335 75 31
v 10336 245 132
v 10337 301 134
v 10338 120 53
v 10339 237 126
v 10340 148 83
v 10341 438 207
v 10342 136 59
v 10343 26 10
v 10344 651 259
v 10345 400 198
v 10346 213 104
v 10347 123 59
v 10348 246 116
v 10349 183 99
v 10350 171 88
v 10351 151 72
v 10352 180 89
v 10353 118 51
v 10354 168 90
v 10359 232 111
v 10360 89 51
v 10361 207 98
v 10363 355 191
v 10366 119 52
v 10368 307 156
v 10369 110 52
v 10371 117 52
v 10375 280 141
v 10376 171 93
v 10377 126 62
v 10378 73 32
v 10385 101 59
v 10395 57 31
v 10538 554 237
v 10539 216 106
v 10540 552 265
v 10541 143 80
v 10542 126 77
v 10543 326 161
v 10544 393 190
v 10545 472 232
v 10546 124 58
v 10547 101 57
v 10548 58 28
v 10549 399 233
v 10550 537 271
v 10551 190 103
v 10552 138 64
v 10553 87 37
v 10554 72 42
v 10555 131 74
v 10556 238 101
v 10557 73 33
v 10558 248 118
v 10559 218 133
v 10560 333 181
v 10561 26 13
v 10562 7 2
v 10563 394 189
v 10564 351 166
v 10565 216 103
v 10566 265 141
v 10567 674 315
v 10568 138 73
v 10569 97 51
v 10570 579 282
v 10571 392 189
v 10572 506 232
v 10573 34 16
v 10574 64 33
v 10575 62 32
v 10576 106 49
v 10577 191 79
v 10578 42 21
v 10579 113 60
v 10580 669 311
v 10581 540 251
v 10582 754 354
v 10583 328 160
v 10584 443 223
v 10585 37 15
v 10586 145 72
v 10587 101 57
v 10588 55 31
v 10589 670 321
v 10590 84 38
v 10591 100 44
v 10592 242 122
v 10593 362 184
v 10594 150 92
v 10595 222 111
v 10596 174 100
v 10597 418 208
v 10598 107 55
v 10599 27 14
v 10600 615 257
v 10601 438 220
v 10602 254 118
v 10603 141 64
v 10604 273 151
v 10605 215 112
v 10606 144 72
v 10607 171 87
v 10608 231 105
v 10609 118 54
v 10610 190 102
v 10615 267 141
v 10616 104 52
v 10617 202 102
v 10619 376 204
v 10622 156 82
v 10624 324 154
v 10625 157 93
v 10627 145 71
v 10631 302 137
v 10632 242 119
v 10633 171 105
v 10634 88 40
v 10641 115 71
v 10651 51 28
v 10795 414 228
v 10796 772 399
v 10797 242 136
v 10798 267 165
v 10799 504 282
v 10800 693 380
v 10801 889 469
v 10802 233 115
v 10803 155 98
v 10804 121 63
v 10805 641 398
v 10806 985 505
v 10807 258 130
v 10808 254 136
v 10809 107 53
v 10810 137 77
v 10811 228 148
v 10812 479 255
v 10813 95 53
v 10814 448 234
v 10815 321 176
v 10816 517 260
v 10817 43 26
v 10818 27 15
v 10819 666 335
v 10820 705 381
v 10821 448 277
v 10822 371 236
v 10823 1165 639
v 10824 257 147
v 10825 151 78
v 10826 1007 551
v 10827 751 421
v 10828 812 452
v 10829 96 52
v 10830 111 58
v 10831 109 64
v 10832 158 90
v 10833 310 169
v 10834 109 52
v 10835 191 116
v 10836 1220 669
v 10837 978 478
v 10838 1352 693
v 10839 593 346
v 10840 805 452
v 10841 63 37
v 10842 244 114
v 10843 178 102
v 10844 68 35
v 10845 1013 541
v 10846 192 110
v 10847 157 87
v 10848 476 268
v 10849 640 389
v 10850 251 145
v 10851 418 236
v 10852 287 169
v 10853 820 471
v 10854 193 93
v 10855 48 16
v 10856 1357 763
v 10857 769 432
v 10858 415 221
v 10859 230 123
v 10860 501 275
v 10861 429 261
v 10862 265 131
v 10863 292 164
v 10864 369 191
v 10865 212 110
v 10866 302 183
v 10871 475 245
v 10872 196 101
v 10873 368 216
v 10875 684 399
v 10878 261 158
v 10880 610 332
v 10881 229 127
v 10883 270 142
v 10887 598 312
v 10888 391 240
v 10889 234 146
v 10890 141 74
v 10897 186 120
v 10907 67 35
v 11052 370 193
v 11053 120 57
v 11054 126 66
v 11055 253 131
v 11056 296 135
v 11057 412 198
v 11058 124 60
v 11059 77 38
v 11060 55 22
v 11061 283 147
v 11062 417 211
v 11063 132 68
v 11064 143 54
v 11065 71 31
v 11066 60 31
v 11067 126 68
v 11068 207 88
v 11069 51 24
v 11070 222 91
v 11071 140 71
v 11072 245 140
v 11073 16 9
v 11074 9 3
v 11075 277 115
v 11076 262 109
v 11077 195 97
v 11078 181 89
v 11079 473 214
v 11080 109 63
v 11081 84 52
v 11082 558 257
v 11083 336 156
v 11084 386 184
v 11085 40 15
v 11086 54 26
v 11087 51 26
v 11088 60 32
v 11089 122 49
v 11090 39 21
v 11091 79 36
v 11092 564 268
v 11093 431 183
v 11094 608 285
v 11095 261 131
v 11096 391 181
v 11097 33 14
v 11098 124 59
v 11099 78 40
v 11100 34 16
v 11101 415 198
v 11102 73 33
v 11103 73 34
v 11104 202 106
v 11105 279 127
v 11106 141 80
v 11107 187 90
v 11108 146 78
v 11109 336 160
v 11110 85 39
v 11111 19 11
v 11112 508 226
v 11113 330 172
v 11114 198 110
v 11115 117 57
v 11116 181 106
v 11117 201 111
v 11118 146 75
v 11119 161 79
v 11120 203 100
v 11121 100 38
v 11122 140 70
v 11127 191 107
v 11128 80 46
v 11129 181 89
v 11131 282 147
v 11134 110 55
v 11136 266 134
v 11137 109 49
v 11139 115 59
v 11143 234 98
v 11144 195 101
v 11145 123 64
v 11146 75 39
v 11153 87 53
v 11163 42 24
v 11309 240 124
v 11310 264 139
v 11311 502 259
v 11312 729 361
v 11313 761 384
v 11314 283 140
v 11315 157 78
v 11316 104 47
v 11317 714 429
v 11318 907 448
v 11319 237 133
v 11320 287 162
v 11321 103 50
v 11322 128 77
v 11323 267 172
v 11324 423 218
v 11325 126 68
v 11326 418 182
v 11327 361 185
v 11328 509 279
v 11329 59 38
v 11330 15 7
v 11331 649 326
v 11332 631 302
v 11333 299 140
v 11334 441 230
v 11335 952 450
v 11336 225 134
v 11337 146 88
v 11338 1043 521
v 11339 680 354
v 11340 722 345
v 11341 73 35
v 11342 89 43
v 11343 114 60
v 11344 157 86
v 11345 309 154
v 11346 85 38
v 11347 228 129
v 11348 1080 531
v 11349 880 452
v 11350 1340 700
v 11351 528 290
v 11352 620 306
v 11353 69 38
v 11354 253 123
v 11355 174 98
v 11356 67 26
v 11357 850 406
v 11358 149 85
v 11359 185 91
v 11360 379 199
v 11361 510 244
v 11362 254 137
v 11363 413 214
v 11364 272 158
v 11365 787 407
v 11366 185 101
v 11367 44 22
v 11368 1066 495
v 11369 606 297
v 11370 371 180
v 11371 199 94
v 11372 409 228
v 11373 384 209
v 11374 204 93
v 11375 285 154
v 11376 387 198
v 11377 231 118
v 11378 293 171
v 11383 396 202
v 11384 155 87
v 11385 324 165
v 11387 634 350
v 11390 218 120
v 11392 552 301
v 11393 211 109
v 11395 234 125
v 11399 477 227
v 11400 396 216
v 11401 219 122
v 11402 173 93
v 11409 198 108
v 11419 72 33
v 11566 91 52
v 11567 145 74
v 11568 247 123
v 11569 254 124
v 11570 84 43
v 11571 50 24
v 11572 48 28
v 11573 197 115
v 11574 294 139
v 11575 77 34
v 11576 91 49
v 11577 34 13
v 11578 46 25
v 11579 84 46
v 11580 150 68
v 11581 38 16
v 11582 132 57
v 11583 102 55
v 11584 149 79
v 11585 8 4
v 11586 3 0
v 11587 176 69
v 11588 174 88
v 11589 97 44
v 11590 103 48
v 11591 317 144
v 11592 92 48
v 11593 37 17
v 11594 336 153
v 11595 212 106
v 11596 244 124
v 11597 24 15
v 11598 46 26
v 11599 45 30
v 11600 51 26
v 11601 76 37
v 11602 33 12
v 11603 55 26
v 11604 340 167
v 11605 279 131
v 11606 444 238
v 11607 168 92
v 11608 208 95
v 11609 22 12
v 11610 78 45
v 11611 70 31
v 11612 28 8
v 11613 251 129
v 11614 57 33
v 11615 43 21
v 11616 136 75
v 11617 199 94
v 11618 77 46
v 11619 106 51
v 11620 91 46
v 11621 260 130
v 11622 63 31
v 11623 15 5
v 11624 346 181
v 11625 203 92
v 11626 134 78
v 11627 75 41
v 11628 127 68
v 11629 108 51
v 11630 76 34
v 11631 113 54
v 11632 115 60
v 11633 60 31
v 11634 69 33
v 11639 125 69
v 11640 56 28
v 11641 127 64
v 11643 195 104
v 11646 77 42
v 11648 172 69
v 11649 64 29
v 11651 87 36
v 11655 174 73
v 11656 111 61
v 11657 80 43
v 11658 118 58
v 11665 88 50
v 11675 27 12
v 11823 156 82
v 11824 297 125
v 11825 270 114
v 11826 92 38
v 11827 64 33
v 11828 43 23
v 11829 245 128
v 11830 332 144
v 11831 90 35
v 11832 80 25
v 11833 35 13
v 11834 28 15
v 11835 68 33
v 11836 144 82
v 11837 55 34
v 11838 137 59
v 11839 108 55
v 11840 169 84
v 11841 25 13
v 11842 5 2
v 11843 207 73
v 11844 193 87
v 11845 97 46
v 11846 137 66
v 11847 337 143
v 11848 75 40
v 11849 39 21
v 11850 408 179
v 11851 209 93
v 11852 237 101
v 11853 17 6
v 11854 35 15
v 11855 32 18
v 11856 59 21
v 11857 71 35
v 11858 48 15
v 11859 54 23
v 11860 348 160
v 11861 345 142
v 11862 459 230
v 11863 167 75
v 11864 264 118
v 11865 29 17
v 11866 105 59
v 11867 80 44
v 11868 31 10
v 11869 246 103
v 11870 43 18
v 11871 43 20
v 11872 112 49
v 11873 257 115
v 11874 77 42
v 11875 122 63
v 11876 117 48
v 11877 265 122
v 11878 56 27
v 11879 18 10
v 11880 363 144
v 11881 321 147
v 11882 141 68
v 11883 82 40
v 11884 107 46
v 11885 173 91
v 11886 101 50
v 11887 120 57
v 11888 139 61
v 11889 109 37
v 11890 98 44
v 11895 131 54
v 11896 56 29
v 11897 111 54
v 11899 215 101
v 11902 88 43
v 11904 198 92
v 11905 71 32
v 11907 98 42
v 11911 185 84
v 11912 153 75
v 11913 81 43
v 11914 52 26
v 11921 72 29
v 11931 33 16
v 12080 414 191
v 12081 536 284
v 12082 144 70
v 12083 81 39
v 12084 63 32
v 12085 423 229
v 12086 536 269
v 12087 154 73
v 12088 181 79
v 12089 71 31
v 12090 111 65
v 12091 232 146
v 12092 267 126
v 12093 39 19
v 12094 239 108
v 12095 209 118
v 12096 361 203
v 12097 36 14
v 12098 17 8
v 12099 381 173
v 12100 404 181
v 12101 207 102
v 12102 213 101
v 12103 672 317
v 12104 146 78
v 12105 116 67
v 12106 617 268
v 12107 456 222
v 12108 555 242
v 12109 42 19
v 12110 65 30
v 12111 63 24
v 12112 87 47
v 12113 170 80
v 12114 51 26
v 12115 112 55
v 12116 762 369
v 12117 626 299
v 12118 833 414
v 12119 339 185
v 12120 453 197
v 12121 35 15
v 12122 139 63
v 12123 93 54
v 12124 46 20
v 12125 566 307
v 12126 120 55
v 12127 117 61
v 12128 260 128
v 12129 306 155
v 12130 192 109
v 12131 347 199
v 12132 134 73
v 12133 467 237
v 12134 114 52
v 12135 27 10
v 12136 635 295
v 12137 394 194
v 12138 222 108
v 12139 139 63
v 12140 271 125
v 12141 221 118
v 12142 147 66
v 12143 140 72
v 12144 248 125
v 12145 147 56
v 12146 203 115
v 12151 248 138
v 12152 108 52
v 12153 180 79
v 12155 388 208
v 12158 140 65
v 12160 362 168
v 12161 126 61
v 12163 161 72
v 12167 273 108
v 12168 227 125
v 12169 137 64
v 12170 95 52
v 12177 110 63
v 12187 44 25
v 12337 753 342
v 12338 300 150
v 12339 133 81
v 12340 114 55
v 12341 553 308
v 12342 927 441
v 12343 235 109
v 12344 245 128
v 12345 126 66
v 12346 138 73
v 12347 201 115
v 12348 425 211
v 12349 121 64
v 12350 416 185
v 12351 256 142
v 12352 413 213
v 12353 29 17
v 12354 26 13
v 12355 559 281
v 12356 519 252
v 12357 249 131
v 12358 362 171
v 12359 922 441
v 12360 189 98
v 12361 131 82
v 12362 1057 517
v 12363 564 288
v 12364 687 361
v 12365 91 47
v 12366 126 53
v 12367 92 49
v 12368 144 75
v 12369 271 127
v 12370 87 32
v 12371 173 87
v 12372 895 450
v 12373 915 514
v 12374 1120 556
v 12375 456 245
v 12376 559 269
v 12377 80 41
v 12378 226 112
v 12379 238 141
v 12380 97 47
v 12381 821 425
v 12382 135 63
v 12383 129 51
v 12384 313 176
v 12385 582 290
v 12386 252 146
v 12387 320 161
v 12388 281 148
v 12389 557 286
v 12390 153 73
v 12391 36 13
v 12392 941 450
v 12393 700 336
v 12394 383 194
v 12395 223 122
v 12396 305 157
v 12397 519 289
v 12398 265 122
v 12399 331 176
v 12400 405 203
v 12401 284 143
v 12402 257 145
v 12407 388 196
v 12408 196 109
v 12409 406 211
v 12411 651 340
v 12414 237 116
v 12416 577 301
v 12417 194 103
v 12419 298 162
v 12423 557 266
v 12424 402 223
v 12425 251 118
v 12426 130 74
v 12433 197 108
v 12443 75 40
v 12594 262 127
v 12595 171 93
v 12596 105 45
v 12597 684 387
v 12598 996 508
v 12599 332 167
v 12600 267 139
v 12601 138 73
v 12602 154 92
v 12603 268 157
v 12604 547 290
v 12605 112 77
v 12606 458 243
v 12607 294 169
v 12608 497 267
v 12609 53 34
v 12610 22 11
v 12611 630 291
v 12612 556 277
v 12613 410 217
v 12614 403 234
v 12615 1065 524
v 12616 224 102
v 12617 135 79
v 12618 1147 573
v 12619 727 367
v 12620 887 436
v 12621 80 44
v 12622 145 72
v 12623 110 74
v 12624 141 83
v 12625 281 148
v 12626 92 47
v 12627 160 98
v 12628 1130 575
v 12629 919 472
v 12630 1442 742
v 12631 659 353
v 12632 844 417
v 12633 50 32
v 12634 265 144
v 12635 179 87
v 12636 73 32
v 12637 1012 527
v 12638 172 97
v 12639 133 63
v 12640 443 242
v 12641 635 326
v 12642 321 170
v 12643 376 195
v 12644 305 161
v 12645 797 410
v 12646 155 76
v 12647 59 30
v 12648 1238 630
v 12649 723 368
v 12650 436 226
v 12651 275 149
v 12652 451 245
v 12653 431 263
v 12654 314 154
v 12655 310 175
v 12656 450 247
v 12657 225 111
v 12658 327 192
v 12663 477 262
v 12664 217 118
v 12665 382 204
v 12667 737 406
v 12670 275 154
v 12672 630 322
v 12673 245 129
v 12675 284 151
v 12679 635 333
v 12680 409 234
v 12681 223 143
v 12682 166 98
v 12689 220 137
v 12699 89 46
v 12851 66 36
v 12852 48 14
v 12853 223 128
v 12854 301 155
v 12855 104 58
v 12856 62 36
v 12857 36 16
v 12858 39 19
v 12859 80 50
v 12860 174 103
v 12861 51 24
v 12862 150 60
v 12863 107 61
v 12864 180 106
v 12865 14 7
v 12866 13 5
v 12867 208 101
v 12868 244 124
v 12869 95 50
v 12870 134 60
v 12871 362 166
v 12872 74 39
v 12873 63 34
v 12874 423 210
v 12875 228 117
v 12876 287 143
v 12877 26 14
v 12878 35 18
v 12879 43 26
v 12880 59 40
v 12881 96 42
v 12882 40 23
v 12883 47 27
v 12884 374 191
v 12885 346 181
v 12886 420 232
v 12887 190 91
v 12888 245 123
v 12889 22 16
v 12890 126 67
v 12891 100 49
v 12892 28 16
v 12893 298 139
v 12894 37 18
v 12895 49 27
v 12896 123 64
v 12897 207 104
v 12898 76 47
v 12899 126 62
v 12900 110 61
v 12901 259 140
v 12902 57 28
v 12903 14 9
v 12904 312 156
v 12905 281 148
v 12906 134 77
v 12907 87 39
v 12908 116 70
v 12909 185 107
v 12910 80 42
v 12911 130 72
v 12912 172 87
v 12913 98 45
v 12914 94 53
v 12919 149 82
v 12920 65 33
v 12921 147 67
v 12923 244 140
v 12926 87 46
v 12928 210 106
v 12929 68 36
v 12931 114 61
v 12935 179 91
v 12936 152 74
v 12937 106 61
v 12938 46 27
v 12945 70 45
v 12955 28 14
v 13108 22 9
v 13109 118 69
v 13110 182 92
v 13111 51 26
v 13112 50 26
v 13113 25 12
v 13114 41 19
v 13115 43 21
v 13116 96 38
v 13117 22 6
v 13118 87 36
v 13119 55 28
v 13120 101 43
v 13121 7 5
v 13122 5 3
v 13123 118 44
v 13124 145 63
v 13125 87 41
v 13126 91 51
v 13127 263 113
v 13128 43 16
v 13129 33 13
v 13130 219 100
v 13131 130 65
v 13132 177 77
v 13133 14 4
v 13134 26 19
v 13135 17 7
v 13136 35 19
v 13137 57 25
v 13138 23 10
v 13139 36 24
v 13140 253 124
v 13141 163 68
v 13142 301 147
v 13143 115 59
v 13144 158 67
v 13145 13 9
v 13146 46 20
v 13147 38 20
v 13148 12 3
v 13149 198 104
v 13150 24 17
v 13151 26 14
v 13152 97 42
v 13153 127 59
v 13154 72 40
v 13155 71 41
v 13156 72 39
v 13157 125 67
v 13158 28 13
v 13159 8 3
v 13160 222 101
v 13161 138 70
v 13162 81 43
v 13163 45 23
v 13164 84 41
v 13165 92 55
v 13166 50 29
v 13167 55 34
v 13168 73 35
v 13169 41 15
v 13170 61 25
v 13175 82 39
v 13176 35 19
v 13177 63 29
v 13179 134 77
v 13182 58 30
v 13184 105 47
v 13185 44 19
v 13187 42 16
v 13191 105 48
v 13192 68 36
v 13193 43 24
v 13194 37 16
v 13201 40 25
v 13211 20 7
v 13365 100 54
v 13366 138 76
v 13367 46 26
v 13368 34 17
v 13369 13 5
v 13370 29 19
v 13371 47 23
v 13372 61 30
v 13373 17 10
v 13374 75 34
v 13375 39 19
v 13376 58 24
v 13377 9 6
v 13378 6 3
v 13379 84 46
v 13380 86 45
v 13381 59 30
v 13382 57 38
v 13383 145 75
v 13384 19 13
v 13385 23 11
v 13386 168 94
v 13387 94 55
v 13388 120 60
v 13389 19 8
v 13390 24 12
v 13391 21 11
v 13392 26 13
v 13393 42 20
v 13394 20 15
v 13395 22 15
v 13396 149 71
v 13397 125 72
v 13398 178 87
v 13399 66 31
v 13400 108 48
v 13401 7 4
v 13402 37 24
v 13403 19 10
v 13404 10 3
v 13405 170 96
v 13406 24 13
v 13407 14 9
v 13408 51 28
v 13409 86 46
v 13410 50 31
v 13411 53 29
v 13412 46 28
v 13413 92 43
v 13414 20 9
v 13415 6 0
v 13416 154 69
v 13417 97 46
v 13418 60 36
v 13419 46 24
v 13420 53 25
v 13421 67 38
v 13422 35 17
v 13423 53 32
v 13424 73 40
v 13425 30 15
v 13426 30 17
v 13431 73 35
v 13432 27 17
v 13433 51 27
v 13435 106 63
v 13438 34 20
v 13440 95 48
v 13441 35 19
v 13443 49 28
v 13447 83 43
v 13448 54 35
v 13449 35 28
v 13450 11 7
v 13457 40 24
v 13467 12 8
v 13622 694 332
v 13623 221 88
v 13624 223 90
v 13625 94 42
v 13626 102 51
v 13627 181 96
v 13628 344 151
v 13629 73 28
v 13630 342 143
v 13631 231 105
v 13632 418 187
v 13633 30 15
v 13634 23 9
v 13635 533 204
v 13636 480 208
v 13637 242 111
v 13638 337 163
v 13639 759 307
v 13640 183 85
v 13641 140 65
v 13642 939 390
v 13643 520 234
v 13644 582 245
v 13645 57 26
v 13646 77 26
v 13647 86 32
v 13648 119 62
v 13649 214 89
v 13650 70 33
v 13651 134 65
v 13652 880 350
v 13653 783 329
v 13654 1117 482
v 13655 469 219
v 13656 571 223
v 13657 55 26
v 13658 194 75
v 13659 134 61
v 13660 45 17
v 13661 729 301
v 13662 102 44
v 13663 109 50
v 13664 299 142
v 13665 469 208
v 13666 225 106
v 13667 287 120
v 13668 217 85
v 13669 592 273
v 13670 124 61
v 13671 28 11
v 13672 882 353
v 13673 612 255
v 13674 318 141
v 13675 206 92
v 13676 357 173
v 13677 327 165
v 13678 203 88
v 13679 215 106
v 13680 295 118
v 13681 159 58
v 13682 258 120
v 13687 371 173
v 13688 170 77
v 13689 274 128
v 13691 526 244
v 13694 178 70
v 13696 449 211
v 13697 187 85
v 13699 211 91
v 13703 467 168
v 13704 289 134
v 13705 188 81
v 13706 123 57
v 13713 171 84
v 13723 69 30
v 13879 281 150
v 13880 300 160
v 13881 109 53
v 13882 166 79
v 13883 235 152
v 13884 460 226
v 13885 125 64
v 13886 488 250
v 13887 288 154
v 13888 633 338
v 13889 43 25
v 13890 15 7
v 13891 781 373
v 13892 592 301
v 13893 420 191
v 13894 513 276
v 13895 1180 581
v 13896 241 128
v 13897 171 112
v 13898 1443 765
v 13899 751 383
v 13900 956 455
v 13901 81 44
v 13902 168 91
v 13903 125 63
v 13904 165 87
v 13905 300 141
v 13906 93 47
v 13907 180 93
v 13908 1346 699
v 13909 1076 576
v 13910 1503 792
v 13911 739 392
v 13912 874 439
v 13913 83 47
v 13914 338 186
v 13915 223 122
v 13916 75 39
v 13917 1172 641
v 13918 198 107
v 13919 183 94
v 13920 588 355
v 13921 731 370
v 13922 286 163
v 13923 385 197
v 13924 330 184
v 13925 808 405
v 13926 168 87
v 13927 50 28
v 13928 1283 658
v 13929 993 522
v 13930 437 249
v 13931 320 167
v 13932 555 314
v 13933 552 332
v 13934 384 212
v 13935 345 186
v 13936 445 225
v 13937 249 117
v 13938 389 220
v 13943 547 286
v 13944 233 128
v 13945 427 212
v 13947 755 437
v 13950 272 137
v 13952 682 392
v 13953 280 148
v 13955 309 164
v 13959 629 311
v 13960 431 233
v 13961 300 182
v 13962 180 98
v 13969 226 106
v 13979 100 62
v 14136 91 41
v 14137 48 27
v 14138 53 28
v 14139 83 49
v 14140 171 85
v 14141 41 22
v 14142 165 82
v 14143 97 48
v 14144 175 104
v 14145 18 8
v 14146 6 2
v 14147 182 94
v 14148 197 95
v 14149 144 72
v 14150 127 71
v 14151 334 159
v 14152 77 45
v 14153 47 27
v 14154 390 186
v 14155 239 127
v 14156 285 123
v 14157 41 16
v 14158 42 18
v 14159 41 21
v 14160 58 28
v 14161 96 52
v 14162 31 14
v 14163 50 30
v 14164 356 179
v 14165 322 172
v 14166 488 243
v 14167 207 100
v 14168 229 109
v 14169 19 9
v 14170 85 46
v 14171 76 38
v 14172 35 19
v 14173 331 174
v 14174 45 24
v 14175 38 16
v 14176 121 59
v 14177 237 130
v 14178 91 58
v 14179 115 57
v 14180 116 66
v 14181 265 126
v 14182 47 24
v 14183 24 10
v 14184 407 196
v 14185 258 118
v 14186 172 86
v 14187 102 50
v 14188 179 97
v 14189 175 103
v 14190 105 57
v 14191 101 41
v 14192 176 98
v 14193 75 36
v 14194 90 52
v 14199 153 72
v 14200 77 46
v 14201 129 64
v 14203 243 133
v 14206 111 64
v 14208 236 128
v 14209 89 41
v 14211 112 49
v 14215 225 102
v 14216 147 90
v 14217 86 44
v 14218 44 27
v 14225 79 41
v 14235 45 20
v 14393 32 13
v 14394 52 22
v 14395 71 29
v 14396 139 56
v 14397 38 14
v 14398 110 47
v 14399 107 56
v 14400 186 89
v 14401 18 11
v 14402 6 3
v 14403 175 96
v 14404 191 98
v 14405 122 66
v 14406 119 57
v 14407 312 143
v 14408 72 35
v 14409 44 28
v 14410 327 184
v 14411 249 114
v 14412 266 134
v 14413 27 12
v 14414 30 12
v 14415 45 19
v 14416 52 30
v 14417 90 40
v 14418 26 11
v 14419 47 25
v 14420 361 180
v 14421 330 171
v 14422 410 209
v 14423 182 95
v 14424 247 135
v 14425 26 16
v 14426 108 52
v 14427 59 29
v 14428 20 8
v 14429 297 132
v 14430 44 24
v 14431 46 20
v 14432 118 67
v 14433 168 88
v 14434 84 45
v 14435 131 67
v 14436 80 44
v 14437 252 138
v 14438 62 28
v 14439 15 5
v 14440 331 167
v 14441 205 103
v 14442 129 65
v 14443 74 40
v 14444 124 62
v 14445 130 70
v 14446 98 54
v 14447 114 63
v 14448 117 58
v 14449 81 40
v 14450 100 56
v 14455 162 83
v 14456 56 31
v 14457 130 60
v 14459 206 114
v 14462 79 37
v 14464 171 99
v 14465 66 31
v 14467 87 45
v 14471 171 85
v 14472 117 55
v 14473 82 50
v 14474 55 32
v 14481 74 40
v 14491 27 15
v 14650 11 7
v 14651 37 21
v 14652 63 31
v 14653 19 11
v 14654 69 32
v 14655 49 28
v 14656 70 30
v 14657 10 9
v 14658 6 2
v 14659 101 51
v 14660 90 42
v 14661 62 32
v 14662 65 34
v 14663 159 77
v 14664 23 11
v 14665 28 15
v 14666 192 103
v 14667 84 42
v 14668 126 55
v 14669 11 10
v 14670 17 10
v 14671 17 12
v 14672 23 12
v 14673 45 19
v 14674 10 3
v 14675 23 10
v 14676 143 71
v 14677 134 70
v 14678 203 95
v 14679 86 39
v 14680 88 47
v 14681 11 8
v 14682 46 27
v 14683 27 14
v 14684 13 5
v 14685 143 76
v 14686 26 10
v 14687 21 10
v 14688 46 23
v 14689 90 47
v 14690 31 13
v 14691 64 35
v 14692 46 26
v 14693 104 43
v 14694 18 8
v 14695 11 6
v 14696 142 69
v 14697 131 71
v 14698 53 35
v 14699 28 18
v 14700 54 34
v 14701 63 36
v 14702 45 18
v 14703 53 25
v 14704 65 33
v 14705 34 14
v 14706 46 28
v 14711 63 30
v 14712 30 16
v 14713 64 40
v 14715 99 58
v 14718 38 19
v 14720 80 37
v 14721 35 20
v 14723 43 25
v 14727 89 50
v 14728 63 43
v 14729 33 19
v 14730 28 12
v 14737 20 12
v 14747 7 4
v 14907 49 31
v 14908 82 39
v 14909 30 17
v 14910 81 35
v 14911 55 24
v 14912 86 35
v 14913 7 3
v 14914 7 2
v 14915 101 41
v 14916 104 46
v 14917 75 39
v 14918 66 30
v 14919 172 83
v 14920 41 21
v 14921 26 12
v 14922 184 83
v 14923 138 71
v 14924 123 59
v 14925 14 8
v 14926 14 6
v 14927 19 8
v 14928 26 13
v 14929 60 33
v 14930 22 8
v 14931 28 10
v 14932 186 83
v 14933 156 77
v 14934 200 86
v 14935 99 49
v 14936 130 45
v 14937 12 5
v 14938 44 25
v 14939 26 12
v 14940 17 8
v 14941 153 68
v 14942 41 18
v 14943 40 11
v 14944 52 21
v 14945 121 59
v 14946 64 27
v 14947 61 35
v 14948 47 28
v 14949 154 76
v 14950 33 14
v 14951 11 3
v 14952 179 89
v 14953 140 59
v 14954 77 43
v 14955 55 22
v 14956 60 27
v 14957 59 31
v 14958 40 13
v 14959 47 23
v 14960 71 35
v 14961 40 14
v 14962 47 25
v 14967 88 44
v 14968 39 23
v 14969 59 29
v 14971 134 61
v 14974 41 22
v 14976 79 40
v 14977 29 8
v 14979 54 20
v 14983 99 48
v 14984 96 40
v 14985 73 32
v 14986 33 15
v 14993 40 25
v 15003 15 11
v 15164 129 56
v 15165 26 11
v 15166 112 43
v 15167 100 41
v 15168 137 59
v 15169 8 6
v 15170 8 4
v 15171 160 53
v 15172 136 49
v 15173 81 38
v 15174 128 57
v 15175 294 109
v 15176 63 29
v 15177 48 21
v 15178 299 128
v 15179 200 84
v 15180 277 114
v 15181 22 12
v 15182 33 14
v 15183 32 14
v 15184 58 26
v 15185 98 38
v 15186 36 16
v 15187 66 37
v 15188 336 131
v 15189 295 131
v 15190 375 164
v 15191 166 74
v 15192 210 86
v 15193 14 5
v 15194 79 41
v 15195 55 35
v 15196 27 11
v 15197 242 117
v 15198 45 17
v 15199 60 23
v 15200 116 47
v 15201 170 84
v 15202 85 45
v 15203 131 54
v 15204 81 37
v 15205 226 105
v 15206 53 26
v 15207 18 4
v 15208 335 143
v 15209 242 98
v 15210 112 59
v 15211 57 26
v 15212 116 56
v 15213 126 58
v 15214 61 30
v 15215 98 41
v 15216 116 48
v 15217 81 28
v 15218 87 42
v 15223 117 50
v 15224 48 29
v 15225 85 40
v 15227 175 85
v 15230 73 31
v 15232 146 65
v 15233 61 29
v 15235 82 42
v 15239 146 69
v 15240 114 49
v 15241 55 27
v 15242 35 18
v 15249 60 27
v 15259 25 12
v 15421 63 23
v 15422 190 86
v 15423 149 77
v 15424 294 159
v 15425 21 11
v 15426 9 4
v 15427 355 163
v 15428 407 231
v 15429 227 129
v 15430 260 126
v 15431 498 214
v 15432 114 59
v 15433 80 47
v 15434 662 339
v 15435 366 199
v 15436 412 199
v 15437 63 35
v 15438 88 47
v 15439 59 32
v 15440 91 51
v 15441 168 84
v 15442 55 21
v 15443 114 62
v 15444 513 251
v 15445 523 279
v 15446 862 461
v 15447 342 154
v 15448 416 215
v 15449 42 21
v 15450 146 66
v 15451 119 59
v 15452 46 17
v 15453 485 263
v 15454 78 38
v 15455 105 50
v 15456 223 122
v 15457 374 194
v 15458 152 75
v 15459 217 111
v 15460 171 90
v 15461 425 239
v 15462 89 42
v 15463 20 7
v 15464 652 314
v 15465 421 214
v 15466 206 98
v 15467 129 54
v 15468 214 114
v 15469 277 149
v 15470 155 81
v 15471 241 135
v 15472 252 138
v 15473 148 77
v 15474 170 81
v 15479 250 130
v 15480 130 75
v 15481 228 120
v 15483 355 208
v 15486 161 83
v 15488 374 195
v 15489 140 74
v 15491 163 86
v 15495 347 147
v 15496 202 99
v 15497 161 78
v 15498 76 43
v 15505 104 60
v 15515 60 33
v 15678 79 47
v 15679 41 21
v 15680 56 25
v 15681 7 3
v 15682 9 4
v 15683 68 37
v 15684 82 41
v 15685 30 15
v 15686 62 32
v 15687 120 49
v 15688 24 13
v 15689 23 10
v 15690 195 92
v 15691 72 32
v 15692 95 50
v 15693 21 10
v 15694 22 10
v 15695 18 13
v 15696 17 8
v 15697 32 19
v 15698 19 7
v 15699 35 15
v 15700 104 53
v 15701 135 61
v 15702 173 86
v 15703 66 31
v 15704 89 43
v 15705 11 5
v 15706 58 27
v 15707 41 21
v 15708 18 8
v 15709 96 46
v 15710 20 10
v 15711 17 4
v 15712 52 26
v 15713 80 40
v 15714 36 21
v 15715 59 35
v 15716 43 22
v 15717 113 60
v 15718 30 15
v 15719 11 4
v 15720 151 66
v 15721 114 51
v 15722 51 23
v 15723 27 12
v 15724 25 10
v 15725 62 31
v 15726 26 12
v 15727 57 30
v 15728 65 34
v 15729 54 29
v 15730 35 21
v 15735 52 26
v 15736 23 12
v 15737 59 24
v 15739 96 45
v 15742 26 13
v 15744 57 29
v 15745 28 13
v 15747 58 25
v 15751 85 47
v 15752 76 41
v 15753 31 19
v 15754 13 9
v 15761 31 17
v 15771 11 8
v 15935 141 81
v 15936 278 151
v 15937 28 19
v 15938 15 8
v 15939 329 177
v 15940 313 161
v 15941 180 108
v 15942 211 111
v 15943 632 313
v 15944 141 73
v 15945 82 39
v 15946 643 342
v 15947 364 199
v 15948 457 217
v 15949 58 38
v 15950 72 39
v 15951 55 33
v 15952 84 53
v 15953 141 64
v 15954 45 18
v 15955 95 47
v 15956 559 295
v 15957 515 273
v 15958 705 372
v 15959 308 152
v 15960 457 240
v 15961 39 24
v 15962 123 72
v 15963 118 71
v 15964 45 18
v 15965 638 317
v 15966 95 52
v 15967 87 40
v 15968 229 131
v 15969 319 163
v 15970 136 86
v 15971 192 111
v 15972 157 81
v 15973 415 219
v 15974 110 66
v 15975 21 10
v 15976 565 280
v 15977 407 203
v 15978 242 137
v 15979 135 67
v 15980 217 115
v 15981 261 166
v 15982 182 103
v 15983 188 110
v 15984 222 128
v 15985 136 66
v 15986 172 108
v 15991 246 125
v 15992 119 82
v 15993 198 112
v 15995 392 230
v 15998 144 77
v 16000 339 176
v 16001 138 79
v 16003 158 88
v 16007 303 142
v 16008 222 105
v 16009 144 79
v 16010 89 52
v 16017 121 75
v 16027 41 23
v 16192 209 96
v 16193 16 7
v 16194 11 4
v 16195 201 82
v 16196 224 101
v 16197 134 64
v 16198 146 67
v 16199 378 184
v 16200 80 35
v 16201 57 29
v 16202 407 183
v 16203 223 108
v 16204 300 134
v 16205 33 21
v 16206 50 18
v 16207 41 16
v 16208 64 30
v 16209 110 48
v 16210 30 13
v 16211 71 38
v 16212 452 195
v 16213 379 184
v 16214 467 197
v 16215 183 86
v 16216 234 95
v 16217 30 14
v 16218 91 49
v 16219 64 42
v 16220 30 11
v 16221 341 170
v 16222 62 27
v 16223 52 24
v 16224 160 76
v 16225 229 113
v 16226 78 39
v 16227 146 64
v 16228 134 73
v 16229 258 115
v 16230 64 30
v 16231 11 8
v 16232 421 176
v 16233 222 83
v 16234 139 55
v 16235 73 32
v 16236 127 60
v 16237 143 71
v 16238 83 37
v 16239 109 60
v 16240 123 57
v 16241 84 34
v 16242 106 58
v 16247 133 64
v 16248 59 34
v 16249 128 55
v 16251 244 139
v 16254 87 38
v 16256 210 105
v 16257 85 41
v 16259 74 35
v 16263 180 67
v 16264 167 87
v 16265 78 41
v 16266 52 27
v 16273 74 26
v 16283 27 15
v 16449 27 14
v 16450 11 5
v 16451 356 156
v 16452 394 174
v 16453 229 107
v 16454 242 118
v 16455 646 294
v 16456 160 93
v 16457 96 58
v 16458 675 319
v 16459 480 236
v 16460 510 228
v 16461 35 17
v 16462 63 26
v 16463 52 28
v 16464 93 48
v 16465 166 85
v 16466 47 25
v 16467 115 61
v 16468 714 338
v 16469 637 311
v 16470 890 394
v 16471 372 180
v 16472 448 205
v 16473 32 17
v 16474 147 69
v 16475 98 52
v 16476 55 30
v 16477 596 285
v 16478 98 47
v 16479 91 45
v 16480 256 135
v 16481 390 191
v 16482 146 91
v 16483 257 121
v 16484 187 104
v 16485 494 241
v 16486 113 47
v 16487 25 11
v 16488 737 316
v 16489 429 200
v 16490 234 120
v 16491 130 62
v 16492 293 139
v 16493 226 128
v 16494 163 71
v 16495 186 99
v 16496 234 130
v 16497 126 66
v 16498 179 101
v 16503 284 149
v 16504 117 63
v 16505 222 95
v 16507 381 206
v 16510 156 68
v 16512 341 165
v 16513 161 78
v 16515 164 71
v 16519 292 128
v 16520 243 147
v 16521 127 53
v 16522 95 46
v 16529 105 46
v 16539 52 27
v 16707 28 10
v 16708 25 14
v 16709 15 9
v 16710 19 11
v 16711 47 21
v 16712 10 6
v 16713 8 3
v 16714 54 16
v 16715 34 11
v 16716 37 18
v 16717 1 0
v 16718 7 3
v 16719 10 4
v 16720 15 7
v 16721 12 5
v 16722 4 1
v 16723 7 4
v 16724 43 17
v 16725 42 15
v 16726 70 33
v 16727 35 15
v 16728 37 15
v 16729 4 2
v 16730 14 8
v 16731 8 3
v 16732 5 2
v 16733 35 15
v 16734 5 1
v 16735 3 2
v 16736 19 9
v 16737 31 13
v 16738 13 5
v 16739 21 7
v 16740 21 12
v 16741 38 20
v 16742 8 5
v 16743 5 1
v 16744 56 20
v 16745 45 23
v 16746 24 10
v 16747 14 5
v 16748 19 7
v 16749 17 9
v 16750 19 12
v 16751 15 3
v 16752 22 7
v 16753 9 6
v 16754 12 4
v 16759 22 8
v 16760 10 2
v 16761 13 7
v 16763 36 16
v 16766 19 8
v 16768 27 13
v 16769 14 6
v 16771 15 7
v 16775 23 11
v 16776 34 15
v 16777 19 16
v 16778 8 4
v 16785 14 3
v 16795 5 3
v 16963 14 10
v 16964 17 6
v 16965 8 5
v 16966 8 5
v 16967 20 10
v 16968 9 5
v 16969 5 2
v 16970 23 10
v 16971 19 11
v 16972 17 9
v 16974 4 2
v 16975 3 3
v 16976 3 2
v 16977 5 3
v 16978 4 3
v 16979 5 5
v 16980 22 13
v 16981 27 13
v 16982 33 21
v 16983 16 9
v 16984 16 8
v 16986 8 5
v 16987 6 4
v 16988 2 0
v 16989 15 6
v 16990 2 1
v 16991 4 3
v 16992 7 5
v 16993 15 5
v 16994 1 0
v 16995 16 9
v 16996 8 5
v 16997 19 7
v 16998 5 2
v 16999 2 1
v 17000 28 11
v 17001 24 16
v 17002 5 4
v 17003 6 3
v 17004 10 4
v 17005 16 11
v 17006 6 3
v 17007 10 7
v 17008 12 7
v 17009 16 9
v 17010 10 7
v 17015 9 5
v 17016 6 5
v 17017 10 6
v 17019 19 9
v 17022 7 3
v 17024 18 8
v 17025 7 4
v 17027 9 4
v 17031 16 8
v 17032 7 3
v 17033 5 3
v 17034 3 2
v 17041 6 2
v 17051 1 0
v 17220 544 311
v 17221 254 151
v 17222 260 170
v 17223 829 432
v 17224 151 92
v 17225 113 71
v 17226 666 321
v 17227 602 345
v 17228 573 296
v 17229 44 20
v 17230 97 47
v 17231 72 44
v 17232 114 59
v 17233 181 96
v 17234 69 26
v 17235 137 77
v 17236 819 427
v 17237 605 283
v 17238 975 504
v 17239 460 245
v 17240 557 275
v 17241 47 22
v 17242 196 95
v 17243 125 72
v 17244 48 22
v 17245 740 380
v 17246 137 64
v 17247 97 49
v 17248 293 155
v 17249 468 258
v 17250 188 109
v 17251 243 126
v 17252 238 133
v 17253 606 312
v 17254 98 49
v 17255 22 12
v 17256 861 445
v 17257 502 252
v 17258 302 167
v 17259 154 81
v 17260 317 170
v 17261 264 158
v 17262 177 86
v 17263 241 139
v 17264 317 164
v 17265 161 84
v 17266 217 122
v 17271 289 163
v 17272 130 66
v 17273 271 144
v 17275 499 270
v 17278 177 104
v 17280 454 249
v 17281 163 98
v 17283 198 101
v 17287 411 206
v 17288 279 142
v 17289 160 82
v 17290 114 63
v 17297 129 70
v 17307 52 26
v 17477 249 133
v 17478 306 144
v 17479 769 388
v 17480 150 84
v 17481 121 65
v 17482 764 411
v 17483 566 291
v 17484 639 297
v 17485 77 41
v 17486 81 38
v 17487 71 45
v 17488 120 69
v 17489 215 109
v 17490 56 27
v 17491 138 91
v 17492 913 452
v 17493 715 380
v 17494 1068 568
v 17495 415 202
v 17496 535 276
v 17497 36 17
v 17498 151 72
v 17499 143 79
v 17500 50 24
v 17501 576 313
v 17502 157 82
v 17503 102 52
v 17504 258 130
v 17505 439 234
v 17506 136 79
v 17507 246 131
v 17508 208 108
v 17509 546 291
v 17510 135 70
v 17511 34 18
v 17512 793 387
v 17513 517 278
v 17514 345 179
v 17515 173 99
v 17516 354 187
v 17517 289 166
v 17518 219 110
v 17519 258 124
v 17520 310 164
v 17521 146 66
v 17522 185 104
v 17527 312 162
v 17528 153 86
v 17529 250 130
v 17531 474 252
v 17534 195 105
v 17536 506 237
v 17537 169 91
v 17539 215 105
v 17543 418 215
v 17544 289 154
v 17545 168 93
v 17546 109 60
v 17553 158 98
v 17563 55 30
v 17734 158 89
v 17735 459 226
v 17736 96 52
v 17737 80 45
v 17738 460 220
v 17739 309 156
v 17740 384 166
v 17741 20 10
v 17742 68 29
v 17743 48 25
v 17744 67 35
v 17745 100 52
v 17746 38 13
v 17747 73 36
v 17748 453 222
v 17749 405 214
v 17750 542 257
v 17751 294 142
v 17752 346 159
v 17753 21 10
v 17754 96 49
v 17755 83 41
v 17756 32 10
v 17757 429 203
v 17758 95 37
v 17759 55 22
v 17760 211 99
v 17761 263 118
v 17762 119 69
v 17763 125 62
v 17764 106 50
v 17765 331 170
v 17766 106 52
v 17767 12 4
v 17768 475 210
v 17769 291 138
v 17770 195 97
v 17771 128 60
v 17772 199 111
v 17773 166 83
v 17774 134 61
v 17775 141 67
v 17776 185 83
v 17777 75 30
v 17778 132 72
v 17783 202 83
v 17784 96 48
v 17785 158 81
v 17787 309 172
v 17790 117 65
v 17792 281 131
v 17793 104 63
v 17795 130 62
v 17799 248 99
v 17800 147 68
v 17801 100 49
v 17802 47 22
v 17809 81 41
v 17819 44 21
v 17991 529 251
v 17992 114 66
v 17993 89 46
v 17994 568 269
v 17995 371 174
v 17996 377 174
v 17997 31 18
v 17998 48 20
v 17999 68 38
v 18000 93 46
v 18001 147 52
v 18002 62 29
v 18003 93 51
v 18004 498 207
v 18005 485 230
v 18006 629 309
v 18007 243 112
v 18008 321 150
v 18009 28 15
v 18010 137 77
v 18011 112 62
v 18012 36 14
v 18013 445 200
v 18014 59 33
v 18015 93 50
v 18016 219 113
v 18017 334 164
v 18018 160 95
v 18019 218 106
v 18020 172 83
v 18021 303 148
v 18022 64 31
v 18023 31 10
v 18024 597 281
v 18025 385 154
v 18026 183 96
v 18027 134 75
v 18028 184 100
v 18029 189 107
v 18030 195 91
v 18031 170 77
v 18032 167 84
v 18033 97 38
v 18034 162 83
v 18039 190 95
v 18040 118 63
v 18041 178 70
v 18043 317 159
v 18046 103 53
v 18048 344 171
v 18049 135 70
v 18051 137 67
v 18055 241 121
v 18056 214 123
v 18057 101 47
v 18058 78 39
v 18065 119 63
v 18075 43 25
v 18248 286 157
v 18249 205 119
v 18250 1408 700
v 18251 869 450
v 18252 1093 524
v 18253 83 35
v 18254 150 69
v 18255 150 91
v 18256 198 109
v 18257 356 193
v 18258 143 79
v 18259 225 129
v 18260 1493 771
v 18261 1207 627
v 18262 1820 941
v 18263 783 385
v 18264 973 475
v 18265 88 47
v 18266 283 155
v 18267 226 121
v 18268 102 59
v 18269 1243 639
v 18270 210 99
v 18271 205 90
v 18272 495 286
v 18273 795 415
v 18274 410 229
v 18275 476 268
v 18276 383 199
v 18277 929 500
v 18278 228 129
v 18279 55 24
v 18280 1352 666
v 18281 977 506
v 18282 586 306
v 18283 314 150
v 18284 680 330
v 18285 523 301
v 18286 389 187
v 18287 394 211
v 18288 493 261
v 18289 282 141
v 18290 412 235
v 18295 619 316
v 18296 256 153
v 18297 468 235
v 18299 883 503
v 18302 304 161
v 18304 727 380
v 18305 338 185
v 18307 346 185
v 18311 695 333
v 18312 509 298
v 18313 298 162
v 18314 205 116
v 18321 262 159
v 18331 121 60
v 18505 46 29
v 18506 309 129
v 18507 202 95
v 18508 227 91
v 18509 19 10
v 18510 34 9
v 18511 38 17
v 18512 42 22
v 18513 77 30
v 18514 16 12
v 18515 49 26
v 18516 313 152
v 18517 299 144
v 18518 393 174
v 18519 178 89
v 18520 212 103
v 18521 17 7
v 18522 64 32
v 18523 38 24
v 18524 19 10
v 18525 300 127
v 18526 54 34
v 18527 42 22
v 18528 128 65
v 18529 192 95
v 18530 65 31
v 18531 112 56
v 18532 80 41
v 18533 189 81
v 18534 47 18
v 18535 7 3
v 18536 280 115
v 18537 156 63
v 18538 131 64
v 18539 70 28
v 18540 127 56
v 18541 107 59
v 18542 76 42
v 18543 68 21
v 18544 99 45
v 18545 42 16
v 18546 71 31
v 18551 131 63
v 18552 56 33
v 18553 97 45
v 18555 156 85
v 18558 70 34
v 18560 148 76
v 18561 69 32
v 18563 56 21
v 18567 140 60
v 18568 95 44
v 18569 63 39
v 18570 55 22
v 18577 42 23
v 18587 23 17
v 18762 214 98
v 18763 149 67
v 18764 129 46
v 18765 11 6
v 18766 26 14
v 18767 26 14
v 18768 38 15
v 18769 53 37
v 18770 23 9
v 18771 42 23
v 18772 204 87
v 18773 170 84
v 18774 272 123
v 18775 102 46
v 18776 123 61
v 18777 16 6
v 18778 49 24
v 18779 34 22
v 18780 18 7
v 18781 205 101
v 18782 26 15
v 18783 29 14
v 18784 86 41
v 18785 118 58
v 18786 49 21
v 18787 71 29
v 18788 59 27
v 18789 147 63
v 18790 34 10
v 18791 3 2
v 18792 216 89
v 18793 136 59
v 18794 70 38
v 18795 47 24
v 18796 69 29
v 18797 64 33
v 18798 62 25
v 18799 51 29
v 18800 81 33
v 18801 47 18
v 18802 62 33
v 18807 83 35
v 18808 37 20
v 18809 63 30
v 18811 110 48
v 18814 46 25
v 18816 123 58
v 18817 48 27
v 18819 45 23
v 18823 86 34
v 18824 73 36
v 18825 49 24
v 18826 28 10
v 18833 39 20
v 18843 19 7
v 19019 900 460
v 19020 1110 540
v 19021 105 58
v 19022 177 90
v 19023 148 80
v 19024 255 143
v 19025 337 157
v 19026 158 75
v 19027 275 159
v 19028 1406 710
v 19029 1307 668
v 19030 1986 988
v 19031 750 383
v 19032 938 448
v 19033 82 39
v 19034 437 210
v 19035 361 208
v 19036 116 55
v 19037 1200 661
v 19038 178 100
v 19039 149 73
v 19040 493 262
v 19041 903 457
v 19042 328 177
v 19043 461 236
v 19044 466 248
v 19045 938 459
v 19046 229 109
v 19047 57 24
v 19048 1465 708
v 19049 1109 594
v 19050 611 315
v 19051 380 187
v 19052 523 268
v 19053 617 374
v 19054 449 216
v 19055 487 254
v 19056 583 275
v 19057 388 185
v 19058 364 220
v 19063 607 309
v 19064 378 208
v 19065 560 278
v 19067 990 523
v 19070 449 216
v 19072 864 452
v 19073 369 176
v 19075 433 217
v 19079 829 400
v 19080 622 312
v 19081 355 180
v 19082 196 108
v 19089 304 174
v 19099 143 78
v 19276 678 317
v 19277 63 31
v 19278 107 55
v 19279 87 44
v 19280 124 64
v 19281 214 96
v 19282 60 31
v 19283 138 65
v 19284 1017 477
v 19285 775 387
v 19286 1239 612
v 19287 490 251
v 19288 655 305
v 19289 64 34
v 19290 184 81
v 19291 143 79
v 19292 50 24
v 19293 825 402
v 19294 147 77
v 19295 117 60
v 19296 364 201
v 19297 506 247
v 19298 166 99
v 19299 306 171
v 19300 206 124
v 19301 665 335
v 19302 184 88
v 19303 34 19
v 19304 935 419
v 19305 573 265
v 19306 319 154
v 19307 186 92
v 19308 426 210
v 19309 336 201
v 19310 217 101
v 19311 269 124
v 19312 336 176
v 19313 179 91
v 19314 267 150
v 19319 387 198
v 19320 160 89
v 19321 304 175
v 19323 546 276
v 19326 225 116
v 19328 493 266
v 19329 176 96
v 19331 223 116
v 19335 398 199
v 19336 317 179
v 19337 178 102
v 19338 141 71
v 19345 153 91
v 19355 55 31
v 19533 83 44
v 19534 132 69
v 19535 115 70
v 19536 147 91
v 19537 261 123
v 19538 80 41
v 19539 173 113
v 19540 1102 581
v 19541 933 474
v 19542 1281 669
v 19543 616 342
v 19544 862 397
v 19545 54 26
v 19546 261 136
v 19547 184 106
v 19548 71 25
v 19549 945 548
v 19550 153 77
v 19551 127 77
v 19552 380 225
v 19553 616 328
v 19554 260 156
v 19555 324 175
v 19556 294 177
v 19557 733 396
v 19558 177 95
v 19559 52 26
v 19560 1186 612
v 19561 690 354
v 19562 368 223
v 19563 237 130
v 19564 443 254
v 19565 427 268
v 19566 283 140
v 19567 350 190
v 19568 375 210
v 19569 258 121
v 19570 246 145
v 19575 454 236
v 19576 179 106
v 19577 387 184
v 19579 661 388
v 19582 230 140
v 19584 614 332
v 19585 251 149
v 19587 295 159
v 19591 565 297
v 19592 404 225
v 19593 241 138
v 19594 133 72
v 19601 204 115
v 19611 92 56
v 19790 15 9
v 19791 7 5
v 19792 13 5
v 19793 25 12
v 19794 22 12
v 19795 11 5
v 19796 93 43
v 19797 108 58
v 19798 147 80
v 19799 65 29
v 19800 68 35
v 19801 14 4
v 19802 35 19
v 19803 28 12
v 19804 6 4
v 19805 79 35
v 19806 8 4
v 19807 18 7
v 19808 33 13
v 19809 55 27
v 19810 25 13
v 19811 30 16
v 19812 23 10
v 19813 73 33
v 19814 18 10
v 19815 5 2
v 19816 74 36
v 19817 82 33
v 19818 35 12
v 19819 19 11
v 19820 34 19
v 19821 43 24
v 19822 24 9
v 19823 30 16
v 19824 46 24
v 19825 27 17
v 19826 22 14
v 19831 43 26
v 19832 13 7
v 19833 36 17
v 19835 62 30
v 19838 21 8
v 19840 58 29
v 19841 23 12
v 19843 27 16
v 19847 44 20
v 19848 38 21
v 19849 21 11
v 19850 15 8
v 19857 19 13
v 19867 4 3
v 20047 14 8
v 20048 35 18
v 20049 28 19
v 20050 12 7
v 20051 20 9
v 20052 133 67
v 20053 162 82
v 20054 214 110
v 20055 77 38
v 20056 106 45
v 20057 6 4
v 20058 37 15
v 20059 39 21
v 20060 16 8
v 20061 125 69
v 20062 23 11
v 20063 17 8
v 20064 48 25
v 20065 92 49
v 20066 44 25
v 20067 46 26
v 20068 44 24
v 20069 111 57
v 20070 16 8
v 20071 6 6
v 20072 161 79
v 20073 119 60
v 20074 92 45
v 20075 46 23
v 20076 48 23
v 20077 64 33
v 20078 51 27
v 20079 54 26
v 20080 66 33
v 20081 42 24
v 20082 50 33
v 20087 84 47
v 20088 33 20
v 20089 63 35
v 20091 106 60
v 20094 43 21
v 20096 104 51
v 20097 45 21
v 20099 41 22
v 20103 102 41
v 20104 54 28
v 20105 32 17
v 20106 16 9
v 20113 29 17
v 20123 10 8
v 20304 22 6
v 20305 31 11
v 20306 11 4
v 20307 22 10
v 20308 131 42
v 20309 113 37
v 20310 165 74
v 20311 78 31
v 20312 96 39
v 20313 11 7
v 20314 38 21
v 20315 42 19
v 20316 8 1
v 20317 115 49
v 20318 19 7
v 20319 33 11
v 20320 65 24
v 20321 91 41
v 20322 39 16
v 20323 40 19
v 20324 50 22
v 20325 125 51
v 20326 21 12
v 20327 10 5
v 20328 171 73
v 20329 99 46
v 20330 53 26
v 20331 35 16
v 20332 42 15
v 20333 48 22
v 20334 49 22
v 20335 52 24
v 20336 66 30
v 20337 20 8
v 20338 43 22
v 20343 56 21
v 20344 27 14
v 20345 48 21
v 20347 99 52
v 20350 33 15
v 20352 84 31
v 20353 38 15
v 20355 50 19
v 20359 76 29
v 20360 60 29
v 20361 42 21
v 20362 26 12
v 20369 27 9
v 20379 10 5
v 20561 52 21
v 20562 17 8
v 20563 43 23
v 20564 227 97
v 20565 180 88
v 20566 271 137
v 20567 107 58
v 20568 140 58
v 20569 17 10
v 20570 62 25
v 20571 44 21
v 20572 12 4
v 20573 180 86
v 20574 28 11
v 20575 27 7
v 20576 91 46
v 20577 119 55
v 20578 64 35
v 20579 74 35
v 20580 63 32
v 20581 166 92
v 20582 31 15
v 20583 9 3
v 20584 211 105
v 20585 157 77
v 20586 82 42
v 20587 57 31
v 20588 67 28
v 20589 95 47
v 20590 68 34
v 20591 71 37
v 20592 81 37
v 20593 45 17
v 20594 52 19
v 20599 85 37
v 20600 45 18
v 20601 71 33
v 20603 117 66
v 20606 45 23
v 20608 104 50
v 20609 53 30
v 20611 62 26
v 20615 101 39
v 20616 91 50
v 20617 49 33
v 20618 23 12
v 20625 49 24
v 20635 14 7
v 20818 35 18
v 20819 62 32
v 20820 400 233
v 20821 311 167
v 20822 386 208
v 20823 195 86
v 20824 238 107
v 20825 31 13
v 20826 83 35
v 20827 63 34
v 20828 25 12
v 20829 274 142
v 20830 62 36
v 20831 62 29
v 20832 156 90
v 20833 174 94
v 20834 81 32
v 20835 158 90
v 20836 79 43
v 20837 262 143
v 20838 58 33
v 20839 25 14
v 20840 430 212
v 20841 228 116
v 20842 139 77
v 20843 69 33
v 20844 150 80
v 20845 138 77
v 20846 73 38
v 20847 101 59
v 20848 115 60
v 20849 69 31
v 20850 121 62
v 20855 141 67
v 20856 61 34
v 20857 105 50
v 20859 212 104
v 20862 67 39
v 20864 162 92
v 20865 61 34
v 20867 79 38
v 20871 178 85
v 20872 128 73
v 20873 84 54
v 20874 53 32
v 20881 64 36
v 20891 29 20
v 21075 34 18
v 21076 127 61
v 21077 147 82
v 21078 178 102
v 21079 53 23
v 21080 92 57
v 21081 13 8
v 21082 40 24
v 21083 37 22
v 21084 14 6
v 21085 102 59
v 21086 18 8
v 21087 8 1
v 21088 39 23
v 21089 70 38
v 21090 30 14
v 21091 41 25
v 21092 33 17
v 21093 87 59
v 21094 31 22
v 21095 5 3
v 21096 145 82
v 21097 95 53
v 21098 47 27
v 21099 27 12
v 21100 26 14
v 21101 78 36
v 21102 36 13
v 21103 48 29
v 21104 37 19
v 21105 39 25
v 21106 31 17
v 21111 42 27
v 21112 22 12
v 21113 46 25
v 21115 84 52
v 21118 26 13
v 21120 66 37
v 21121 20 15
v 21123 44 24
v 21127 64 32
v 21128 49 27
v 21129 37 21
v 21130 17 4
v 21137 29 15
v 21147 22 10
v 21332 242 104
v 21333 201 90
v 21334 298 138
v 21335 120 53
v 21336 136 61
v 21337 16 7
v 21338 63 33
v 21339 49 18
v 21340 20 10
v 21341 195 91
v 21342 36 22
v 21343 31 13
v 21344 71 29
v 21345 133 62
v 21346 98 46
v 21347 70 32
v 21348 60 32
v 21349 162 79
v 21350 36 11
v 21351 8 6
v 21352 246 119
v 21353 180 89
v 21354 85 46
v 21355 54 24
v 21356 113 50
v 21357 119 62
v 21358 60 23
v 21359 90 48
v 21360 84 35
v 21361 56 23
v 21362 59 25
v 21367 107 54
v 21368 40 14
v 21369 95 34
v 21371 163 84
v 21374 56 21
v 21376 141 61
v 21377 62 25
v 21379 63 21
v 21383 130 64
v 21384 103 45
v 21385 69 31
v 21386 36 15
v 21393 53 27
v 21403 22 18
v 21589 1343 657
v 21590 1865 937
v 21591 766 406
v 21592 1010 487
v 21593 78 42
v 21594 339 180
v 21595 253 141
v 21596 91 40
v 21597 1336 678
v 21598 221 126
v 21599 230 121
v 21600 560 297
v 21601 862 427
v 21602 391 202
v 21603 577 324
v 21604 355 174
v 21605 1073 533
v 21606 249 118
v 21607 60 25
v 21608 1528 725
v 21609 950 427
v 21610 520 265
v 21611 292 154
v 21612 673 355
v 21613 554 304
v 21614 373 179
v 21615 387 197
v 21616 519 255
v 21617 269 132
v 21618 401 221
v 21623 592 297
v 21624 241 143
v 21625 460 237
v 21627 881 505
v 21630 315 143
v 21632 809 414
v 21633 302 160
v 21635 332 185
v 21639 734 363
v 21640 487 273
v 21641 279 153
v 21642 195 98
v 21649 221 105
v 21659 121 60
v 21846 1622 746
v 21847 691 374
v 21848 861 397
v 21849 78 40
v 21850 335 176
v 21851 264 134
v 21852 81 38
v 21853 1046 505
v 21854 208 88
v 21855 167 85
v 21856 482 253
v 21857 709 346
v 21858 410 218
v 21859 436 238
v 21860 340 172
v 21861 843 430
v 21862 209 124
v 21863 44 21
v 21864 1346 614
v 21865 885 437
v 21866 433 203
v 21867 264 137
v 21868 474 254
v 21869 521 305
v 21870 351 163
v 21871 420 234
v 21872 497 253
v 21873 284 133
v 21874 318 164
v 21879 522 260
v 21880 199 107
v 21881 447 220
v 21883 793 439
v 21886 275 143
v 21888 1044 531
v 21889 264 139
v 21891 335 167
v 21895 625 288
v 21896 517 260
v 21897 275 147
v 21898 204 112
v 21905 247 124
v 21915 100 51
v 22103 1034 540
v 22104 1231 558
v 22105 86 54
v 22106 391 189
v 22107 296 159
v 22108 125 62
v 22109 1584 792
v 22110 237 123
v 22111 204 98
v 22112 650 333
v 22113 1100 592
v 22114 433 249
v 22115 542 274
v 22116 498 261
v 22117 1209 607
v 22118 296 148
v 22119 74 32
v 22120 1827 855
v 22121 1253 620
v 22122 813 396
v 22123 489 241
v 22124 678 407
v 22125 712 416
v 22126 478 225
v 22127 549 265
v 22128 701 330
v 22129 352 172
v 22130 487 266
v 22135 746 378
v 22136 353 194
v 22137 639 312
v 22139 1136 571
v 22142 461 239
v 22144 1115 571
v 22145 429 228
v 22147 488 258
v 22151 948 434
v 22152 643 352
v 22153 372 189
v 22154 257 142
v 22161 330 170
v 22171 154 82
v 22360 520 261
v 22361 38 19
v 22362 164 81
v 22363 138 70
v 22364 35 13
v 22365 597 336
v 22366 128 61
v 22367 86 39
v 22368 283 134
v 22369 420 211
v 22370 163 93
v 22371 222 115
v 22372 246 145
v 22373 509 252
v 22374 118 61
v 22375 31 14
v 22376 776 368
v 22377 497 236
v 22378 310 157
v 22379 172 88
v 22380 299 166
v 22381 277 169
v 22382 211 89
v 22383 228 103
v 22384 288 137
v 22385 125 63
v 22386 207 119
v 22391 354 171
v 22392 177 92
v 22393 277 141
v 22395 447 228
v 22398 212 115
v 22400 458 237
v 22401 175 104
v 22403 224 120
v 22407 385 187
v 22408 236 115
v 22409 147 91
v 22410 99 48
v 22417 125 72
v 22427 47 26
v 22617 44 23
v 22618 215 107
v 22619 146 89
v 22620 67 35
v 22621 945 514
v 22622 116 68
v 22623 115 65
v 22624 396 207
v 22625 582 278
v 22626 208 115
v 22627 304 191
v 22628 247 133
v 22629 758 390
v 22630 138 79
v 22631 38 17
v 22632 1012 479
v 22633 677 366
v 22634 433 216
v 22635 260 146
v 22636 442 247
v 22637 336 209
v 22638 244 121
v 22639 289 153
v 22640 369 191
v 22641 169 89
v 22642 268 161
v 22647 454 242
v 22648 180 92
v 22649 326 160
v 22651 607 332
v 22654 233 138
v 22656 551 286
v 22657 232 122
v 22659 219 115
v 22663 479 248
v 22664 323 174
v 22665 201 114
v 22666 119 64
v 22673 157 95
v 22683 58 26
v 22874 25 10
v 22875 22 8
v 22876 10 5
v 22877 58 26
v 22878 13 9
v 22879 10 5
v 22880 19 8
v 22881 43 25
v 22882 15 8
v 22883 35 16
v 22884 27 18
v 22885 66 29
v 22886 19 8
v 22887 3 1
v 22888 70 35
v 22889 72 27
v 22890 35 18
v 22891 14 10
v 22892 31 12
v 22893 39 21
v 22894 20 8
v 22895 28 17
v 22896 36 19
v 22897 30 9
v 22898 20 10
v 22903 31 16
v 22904 14 7
v 22905 29 14
v 22907 56 24
v 22910 17 6
v 22912 43 16
v 22913 19 10
v 22915 24 14
v 22919 49 15
v 22920 32 16
v 22921 20 9
v 22922 6 2
v 22929 21 11
v 22939 3 1
v 23131 91 49
v 23132 32 14
v 23133 250 110
v 23134 50 25
v 23135 42 19
v 23136 99 52
v 23137 200 92
v 23138 90 47
v 23139 135 79
v 23140 74 35
v 23141 231 108
v 23142 50 25
v 23143 16 9
v 23144 367 164
v 23145 269 142
v 23146 159 76
v 23147 84 44
v 23148 107 57
v 23149 151 94
v 23150 98 45
v 23151 117 55
v 23152 131 60
v 23153 122 63
v 23154 69 31
v 23159 156 83
v 23160 59 31
v 23161 105 52
v 23163 238 130
v 23166 80 40
v 23168 209 88
v 23169 69 40
v 23171 106 59
v 23175 186 92
v 23176 133 63
v 23177 90 42
v 23178 40 21
v 23185 75 40
v 23195 28 16
v 23388 28 10
v 23389 180 77
v 23390 43 23
v 23391 27 9
v 23392 77 33
v 23393 159 63
v 23394 66 36
v 23395 100 52
v 23396 66 34
v 23397 174 84
v 23398 38 14
v 23399 9 6
v 23400 279 118
v 23401 218 96
v 23402 113 59
v 23403 74 36
v 23404 66 24
v 23405 149 79
v 23406 69 35
v 23407 88 48
v 23408 108 54
v 23409 87 42
v 23410 49 24
v 23415 102 49
v 23416 59 26
v 23417 124 54
v 23419 226 107
v 23422 62 31
v 23424 148 60
v 23425 63 30
v 23427 91 45
v 23431 149 64
v 23432 116 54
v 23433 75 37
v 23434 36 21
v 23441 71 32
v 23451 23 16
v 23645 62 33
v 23646 19 8
v 23647 8 5
v 23648 33 17
v 23649 62 39
v 23650 30 16
v 23651 23 18
v 23652 28 12
v 23653 69 37
v 23654 16 9
v 23655 1 1
v 23656 102 46
v 23657 72 44
v 23658 34 19
v 23659 28 19
v 23660 36 20
v 23661 65 39
v 23662 25 15
v 23663 38 23
v 23664 25 18
v 23665 25 17
v 23666 22 10
v 23671 41 22
v 23672 23 14
v 23673 41 24
v 23675 69 44
v 23678 25 15
v 23680 48 27
v 23681 14 8
v 23683 32 19
v 23687 61 33
v 23688 46 26
v 23689 25 16
v 23690 11 7
v 23697 19 13
v 23707 9 4
v 23902 166 102
v 23903 161 77
v 23904 475 248
v 23905 695 341
v 23906 300 159
v 23907 456 271
v 23908 362 188
v 23909 808 377
v 23910 206 113
v 23911 45 24
v 23912 1176 542
v 23913 684 302
v 23914 569 339
v 23915 308 167
v 23916 492 255
v 23917 390 224
v 23918 281 127
v 23919 334 173
v 23920 434 223
v 23921 207 106
v 23922 360 192
v 23927 493 242
v 23928 247 140
v 23929 361 151
v 23931 745 409
v 23934 314 184
v 23936 683 325
v 23937 280 132
v 23939 295 142
v 23943 539 230
v 23944 410 213
v 23945 266 128
v 23946 172 83
v 23953 233 130
v 23963 89 48
v 24159 32 15
v 24160 58 26
v 24161 107 50
v 24162 54 26
v 24163 81 41
v 24164 39 16
v 24165 127 62
v 24166 43 23
v 24167 6 4
v 24168 242 104
v 24169 137 74
v 24170 84 38
v 24171 42 18
v 24172 63 27
v 24173 97 60
v 24174 53 25
v 24175 65 35
v 24176 80 43
v 24177 47 19
v 24178 60 26
v 24183 76 33
v 24184 29 14
v 24185 54 27
v 24187 120 68
v 24190 47 22
v 24192 103 49
v 24193 28 21
v 24195 38 19
v 24199 104 50
v 24200 59 36
v 24201 51 26
v 24202 25 13
v 24209 38 23
v 24219 12 6
v 24416 71 37
v 24417 107 52
v 24418 34 20
v 24419 100 50
v 24420 41 25
v 24421 117 55
v 24422 29 14
v 24423 7 4
v 24424 272 140
v 24425 116 62
v 24426 81 43
v 24427 43 26
v 24428 72 41
v 24429 65 38
v 24430 50 30
v 24431 48 23
v 24432 55 22
v 24433 46 27
v 24434 67 43
v 24439 68 37
v 24440 29 13
v 24441 56 29
v 24443 111 63
v 24446 34 18
v 24448 93 50
v 24449 41 17
v 24451 31 18
v 24455 94 52
v 24456 92 50
v 24457 42 29
v 24458 31 15
v 24465 47 32
v 24475 10 4
v 24673 278 132
v 24674 134 66
v 24675 201 88
v 24676 160 85
v 24677 360 197
v 24678 99 48
v 24679 26 14
v 24680 620 288
v 24681 344 168
v 24682 212 100
v 24683 114 63
v 24684 254 119
v 24685 190 102
v 24686 148 67
v 24687 153 66
v 24688 184 83
v 24689 73 31
v 24690 163 89
v 24695 205 97
v 24696 99 50
v 24697 178 77
v 24699 285 138
v 24702 124 63
v 24704 322 162
v 24705 116 55
v 24707 128 58
v 24711 273 113
v 24712 183 95
v 24713 111 52
v 24714 62 33
v 24721 94 53
v 24731 47 24
v 24930 237 132
v 24931 253 133
v 24932 220 113
v 24933 501 244
v 24934 127 76
v 24935 33 15
v 24936 867 425
v 24937 528 250
v 24938 354 161
v 24939 228 119
v 24940 295 151
v 24941 324 188
v 24942 230 106
v 24943 272 155
v 24944 319 139
v 24945 146 70
v 24946 208 114
v 24951 352 167
v 24952 144 69
v 24953 307 129
v 24955 522 294
v 24958 215 113
v 24960 513 261
v 24961 212 106
v 24963 236 114
v 24967 471 222
v 24968 346 184
v 24969 186 106
v 24970 108 59
v 24977 190 90
v 24987 81 38
v 25187 131 63
v 25188 120 50
v 25189 209 81
v 25190 65 32
v 25191 27 14
v 25192 358 155
v 25193 219 91
v 25194 147 70
v 25195 94 48
v 25196 140 67
v 25197 133 74
v 25198 86 36
v 25199 92 40
v 25200 139 74
v 25201 79 36
v 25202 90 44
v 25207 119 58
v 25208 56 35
v 25209 74 21
v 25211 238 127
v 25214 72 39
v 25216 219 96
v 25217 92 39
v 25219 106 49
v 25223 181 82
v 25224 119 57
v 25225 80 30
v 25226 58 28
v 25233 76 36
v 25243 32 13
v 25444 126 64
v 25445 364 199
v 25446 80 36
v 25447 18 8
v 25448 512 205
v 25449 344 182
v 25450 165 81
v 25451 78 38
v 25452 219 100
v 25453 183 96
v 25454 128 60
v 25455 121 58
v 25456 160 80
v 25457 101 51
v 25458 160 84
v 25463 199 83
v 25464 77 47
v 25465 174 81
v 25467 292 132
v 25470 98 51
v 25472 224 119
v 25473 102 50
v 25475 126 69
v 25479 220 101
v 25480 191 96
v 25481 123 60
v 25482 77 43
v 25489 81 42
v 25499 42 23
v 25701 267 120
v 25702 60 32
v 25703 21 13
v 25704 400 166
v 25705 295 128
v 25706 160 76
v 25707 123 62
v 25708 131 56
v 25709 176 97
v 25710 124 45
v 25711 118 64
v 25712 138 64
v 25713 82 39
v 25714 113 54
v 25719 185 97
v 25720 95 51
v 25721 156 69
v 25723 243 126
v 25726 111 61
v 25728 248 119
v 25729 120 62
v 25731 114 63
v 25735 239 92
v 25736 148 79
v 25737 81 35
v 25738 49 24
v 25745 89 54
v 25755 40 16
v 25958 170 87
v 25959 35 22
v 25960 974 450
v 25961 651 331
v 25962 361 196
v 25963 259 137
v 25964 364 209
v 25965 329 188
v 25966 243 118
v 25967 290 156
v 25968 319 138
v 25969 199 95
v 25970 251 135
v 25975 430 217
v 25976 186 98
v 25977 323 159
v 25979 640 331
v 25982 203 105
v 25984 533 261
v 25985 224 110
v 25987 209 113
v 25991 500 243
v 25992 343 160
v 25993 236 134
v 25994 100 62
v 26001 171 88
v 26011 68 36
v 26215 9 7
v 26216 238 106
v 26217 158 74
v 26218 97 53
v 26219 52 29
v 26220 80 35
v 26221 97 49
v 26222 67 35
v 26223 65 28
v 26224 75 33
v 26225 43 21
v 26226 67 34
v 26231 68 28
v 26232 50 30
v 26233 62 24
v 26235 129 57
v 26238 56 34
v 26240 118 55
v 26241 58 33
v 26243 63 40
v 26247 123 58
v 26248 75 39
v 26249 38 17
v 26250 27 13
v 26257 39 20
v 26267 11 6
v 26472 52 25
v 26473 51 30
v 26474 20 8
v 26475 9 3
v 26476 23 16
v 26477 29 13
v 26478 19 12
v 26479 15 10
v 26480 25 12
v 26481 13 5
v 26482 15 11
v 26487 25 13
v 26488 6 2
v 26489 11 9
v 26491 43 26
v 26494 11 9
v 26496 42 22
v 26497 18 10
v 26499 15 11
v 26503 26 11
v 26504 17 6
v 26505 9 5
v 26506 11 4
v 26513 11 6
v 26523 8 3
v 26729 898 445
v 26730 540 302
v 26731 342 196
v 26732 533 306
v 26733 552 332
v 26734 443 240
v 26735 388 211
v 26736 475 218
v 26737 324 167
v 26738 466 240
v 26743 569 315
v 26744 268 156
v 26745 496 249
v 26747 869 474
v 26750 309 172
v 26752 808 404
v 26753 320 170
v 26755 293 154
v 26759 816 381
v 26760 547 293
v 26761 308 175
v 26762 174 103
v 26769 266 155
v 26779 108 67
v 26986 371 195
v 26987 215 114
v 26988 302 164
v 26989 402 252
v 26990 268 135
v 26991 356 176
v 26992 426 234
v 26993 283 136
v 26994 254 129
v 26999 361 200
v 27000 195 106
v 27001 327 169
v 27003 692 397
v 27006 224 125
v 27008 464 254
v 27009 217 116
v 27011 272 138
v 27015 513 252
v 27016 404 244
v 27017 251 139
v 27018 113 59
v 27025 174 91
v 27035 62 34
v 27243 180 98
v 27244 265 138
v 27245 221 128
v 27246 141 63
v 27247 137 51
v 27248 231 110
v 27249 120 62
v 27250 195 93
v 27255 253 117
v 27256 138 78
v 27257 177 90
v 27259 345 199
v 27262 143 76
v 27264 333 168
v 27265 145 83
v 27267 169 85
v 27271 312 147
v 27272 219 117
v 27273 126 66
v 27274 64 30
v 27281 117 58
v 27291 55 19
v 27500 152 82
v 27501 139 79
v 27502 89 50
v 27503 118 54
v 27504 125 57
v 27505 57 26
v 27506 122 67
v 27511 162 72
v 27512 75 47
v 27513 124 65
v 27515 224 119
v 27518 92 52
v 27520 222 111
v 27521 87 45
v 27523 89 50
v 27527 192 86
v 27528 148 86
v 27529 91 47
v 27530 33 19
v 27537 74 39
v 27547 36 19
v 27757 163 96
v 27758 133 63
v 27759 150 78
v 27760 182 80
v 27761 86 50
v 27762 153 88
v 27767 232 113
v 27768 104 56
v 27769 171 76
v 27771 316 154
v 27774 130 66
v 27776 286 135
v 27777 136 78
v 27779 120 53
v 27783 301 148
v 27784 165 81
v 27785 136 69
v 27786 75 33
v 27793 109 54
v 27803 42 22
v 28014 143 54
v 28015 201 81
v 28016 185 80
v 28017 162 67
v 28018 137 71
v 28023 255 113
v 28024 112 60
v 28025 206 81
v 28027 378 182
v 28030 127 71
v 28032 321 155
v 28033 118 52
v 28035 172 75
v 28039 345 140
v 28040 240 119
v 28041 148 76
v 28042 79 37
v 28049 121 61
v 28059 44 19
v 28271 110 51
v 28272 159 101
v 28273 92 42
v 28274 72 43
v 28279 135 74
v 28280 68 38
v 28281 135 64
v 28283 250 118
v 28286 87 42
v 28288 377 186
v 28289 97 55
v 28291 102 48
v 28295 222 128
v 28296 175 93
v 28297 91 59
v 28298 48 22
v 28305 65 37
v 28315 31 18
v 28528 176 87
v 28529 127 61
v 28530 113 63
v 28535 171 89
v 28536 92 46
v 28537 185 92
v 28539 307 152
v 28542 118 54
v 28544 241 119
v 28545 82 39
v 28547 111 52
v 28551 257 106
v 28552 185 97
v 28553 117 55
v 28554 61 32
v 28561 86 40
v 28571 36 16
v 28785 118 59
v 28786 132 68
v 28791 233 113
v 28792 84 43
v 28793 214 117
v 28795 331 179
v 28798 121 57
v 28800 297 144
v 28801 107 60
v 28803 118 58
v 28807 280 146
v 28808 206 108
v 28809 134 74
v 28810 87 43
v 28817 99 52
v 28827 50 25
v 29042 73 49
v 29047 134 68
v 29048 64 41
v 29049 107 63
v 29051 203 123
v 29054 72 39
v 29056 181 97
v 29057 74 38
v 29059 98 55
v 29063 144 75
v 29064 166 80
v 29065 81 49
v 29066 27 17
v 29073 72 35
v 29083 25 14
v 29303 168 83
v 29304 76 45
v 29305 126 60
v 29307 233 109
v 29310 94 52
v 29312 226 113
v 29313 82 42
v 29315 95 40
v 29319 172 68
v 29320 177 76
v 29321 82 44
v 29322 58 24
v 29329 70 34
v 29339 38 15
v 30584 129 57
v 30585 211 100
v 30587 362 199
v 30590 137 74
v 30592 331 169
v 30593 115 55
v 30595 150 73
v 30599 332 154
v 30600 189 95
v 30601 133 82
v 30602 73 41
v 30609 111 62
v 30619 58 25
v 30841 117 55
v 30843 184 95
v 30846 71 42
v 30848 183 77
v 30849 70 32
v 30851 82 40
v 30855 158 70
v 30856 93 45
v 30857 61 28
v 30858 28 13
v 30865 45 23
v 30875 34 11
v 31099 334 181
v 31102 111 50
v 31104 299 148
v 31105 113 56
v 31107 161 74
v 31111 252 128
v 31112 212 110
v 31113 134 79
v 31114 60 29
v 31121 89 51
v 31131 34 20
v 31614 225 100
v 31616 494 228
v 31617 191 98
v 31619 261 127
v 31623 540 229
v 31624 401 205
v 31625 210 86
v 31626 102 59
v 31633 181 101
v 31643 77 41
v 32384 184 84
v 32385 76 47
v 32387 117 62
v 32391 190 80
v 32392 127 61
v 32393 77 38
v 32394 39 21
v 32401 73 39
v 32411 29 16
v 32897 212 106
v 32899 217 107
v 32903 474 228
v 32904 299 156
v 32905 204 112
v 32906 104 63
v 32913 138 82
v 32923 76 43
v 33155 106 57
v 33159 178 74
v 33160 101 55
v 33161 66 33
v 33162 44 22
v 33169 57 33
v 33179 31 17
v 33671 232 106
v 33672 143 81
v 33673 104 58
v 33674 55 30
v 33681 80 39
v 33691 33 19
v 34696 308 174
v 34697 196 105
v 34698 87 48
v 34705 162 86
v 34715 72 42
v 34953 138 71
v 34954 74 36
v 34961 97 48
v 34971 37 17
v 35210 44 23
v 35217 78 37
v 35227 23 10
v 35473 41 19
v 35483 16 7
v 37275 30 17
s 258 1145 597
s 259 172 86
s 260 76 37
s 261 1026 505
s 262 222 92
s 263 1003 522
s 264 120 61
s 265 812 424
s 266 47 19
s 267 404 175
s 268 80 36
s 269 178 87
s 270 1988 1016
s 271 389 207
s 272 243 120
s 273 345 162
s 274 102 57
s 275 398 167
s 276 519 273
s 277 1052 513
s 278 913 447
s 279 276 138
s 281 1059 507
s 282 1719 884
s 283 1217 640
s 284 466 222
s 285 1105 570
s 286 1145 614
s 287 682 372
s 288 237 121
s 289 229 117
s 290 310 147
s 291 1201 627
s 292 1032 522
s 293 420 206
s 294 111 47
s 295 641 310
s 296 470 247
s 297 65 33
s 298 669 364
s 299 375 203
s 300 128 61
s 301 246 135
s 302 97 46
s 303 489 244
s 304 122 61
s 305 875 466
s 306 355 202
s 307 155 82
s 308 119 64
s 309 488 215
s 310 172 79
s 311 292 150
s 312 155 81
s 313 137 79
s 314 154 67
s 315 247 114
s 316 480 240
s 317 130 78
s 318 483 256
s 319 225 103
s 320 543 246
s 321 55 17
s 322 18 11
s 323 83 38
s 324 657 345
s 325 336 162
s 326 96 44
s 327 1156 616
s 328 181 86
s 329 134 70
s 330 1192 604
s 331 743 365
s 332 767 401
s 333 94 48
s 334 130 66
s 335 106 51
s 336 91 47
s 337 268 154
s 338 109 63
s 339 193 93
s 340 1133 550
s 341 1018 502
s 342 1426 734
s 343 622 319
s 344 745 408
s 345 22 11
s 346 267 152
s 347 190 89
s 348 101 64
s 349 266 130
s 350 60 28
s 351 38 18
s 352 382 182
s 353 633 320
s 354 254 112
s 355 401 199
s 356 274 116
s 357 790 401
s 358 172 88
s 359 37 21
s 360 1142 590
s 361 929 491
s 362 438 208
s 363 253 124
s 364 392 202
s 365 47 18
s 366 306 164
s 367 402 205
s 368 464 228
s 369 263 144
s 370 182 76
s 375 464 256
s 376 204 108
s 377 401 212
s 379 727 353
s 382 253 115
s 384 605 307
s 385 250 138
s 387 312 153
s 391 544 301
s 392 429 198
s 393 287 140
s 394 76 37
s 401 119 58
s 411 84 42
s 515 194 86
s 516 239 122
s 517 1301 641
s 518 1677 738
s 519 841 407
s 520 1621 865
s 521 1035 556
s 522 282 133
s 523 714 298
s 524 1067 571
s 525 220 99
s 526 1873 938
s 527 287 136
s 528 123 60
s 529 456 211
s 530 803 443
s 531 373 154
s 532 727 384
s 533 1362 624
s 534 1132 559
s 535 176 73
s 537 1291 561
s 538 2120 990
s 539 1527 791
s 540 101 46
s 541 212 98
s 542 1477 797
s 543 902 487
s 544 408 208
s 545 154 77
s 546 347 183
s 547 1666 814
s 548 962 495
s 549 512 239
s 550 36 11
s 551 816 392
s 552 621 291
s 553 573 269
s 554 395 223
s 555 324 159
s 556 1000 521
s 557 332 173
s 558 348 167
s 559 453 217
s 560 971 465
s 561 455 247
s 562 447 255
s 563 165 69
s 564 145 92
s 565 806 376
s 566 1200 650
s 567 83 47
s 568 352 183
s 569 91 47
s 570 172 92
s 571 239 108
s 572 79 40
s 573 156 86
s 574 549 285
s 575 390 183
s 576 704 336
s 577 38 19
s 578 31 15
s 579 795 462
s 580 788 410
s 581 87 43
s 582 495 236
s 583 1062 542
s 584 296 139
s 585 155 77
s 586 1492 741
s 587 902 461
s 588 1003 566
s 589 26 12
s 590 22 15
s 591 138 65
s 592 189 94
s 593 105 44
s 594 127 67
s 595 217 95
s 596 1197 639
s 597 923 456
s 598 1758 889
s 599 739 358
s 600 844 428
s 601 72 32
s 602 342 174
s 603 238 109
s 604 66 36
s 605 1136 554
s 606 190 108
s 607 175 93
s 608 66 24
s 609 428 193
s 610 55 20
s 611 65 35
s 612 310 145
s 613 1046 520
s 614 162 92
s 615 29 18
s 616 203 103
s 617 928 467
s 618 537 262
s 619 247 123
s 620 86 34
s 621 555 244
s 622 310 156
s 623 433 210
s 624 487 243
s 625 311 168
s 626 346 162
s 631 578 296
s 632 175 63
s 633 508 273
s 635 946 431
s 638 288 128
s 640 762 373
s 641 64 27
s 643 339 181
s 647 120 63
s 648 435 209
s 649 88 44
s 650 195 102
s 657 224 103
s 667 57 28
s 772 40 25
s 773 66 27
s 774 213 110
s 775 152 78
s 776 199 104
s 777 98 49
s 778 39 22
s 779 110 45
s 780 136 70
s 781 30 20
s 782 249 124
s 783 69 28
s 784 39 19
s 785 61 33
s 786 143 76
s 787 81 34
s 788 80 35
s 789 140 64
s 790 97 49
s 791 51 27
s 793 145 64
s 794 153 80
s 795 96 43
s 796 67 38
s 797 176 82
s 798 98 54
s 799 57 30
s 800 40 21
s 801 23 11
s 802 45 17
s 803 207 112
s 804 166 84
s 805 26 14
s 806 12 8
s 807 82 44
s 808 40 17
s 809 87 43
s 810 141 79
s 811 67 33
s 812 134 66
s 813 29 19
s 814 42 18
s 815 80 39
s 816 166 89
s 817 140 66
s 818 23 13
s 819 22 8
s 820 15 7
s 821 84 37
s 822 178 92
s 823 39 24
s 824 54 32
s 825 20 11
s 826 24 10
s 827 33 10
s 828 92 58
s 829 26 9
s 830 58 27
s 831 35 15
s 832 49 27
s 833 2 2
s 834 2 1
s 835 106 60
s 836 49 27
s 837 58 20
s 838 81 45
s 839 121 66
s 840 26 12
s 841 21 8
s 842 199 99
s 843 73 38
s 844 148 78
s 845 18 9
s 846 23 10
s 847 9 2
s 848 25 12
s 849 42 22
s 850 24 16
s 851 16 7
s 852 143 79
s 853 124 64
s 854 170 85
s 855 45 23
s 856 73 43
s 857 9 5
s 858 49 25
s 859 20 12
s 860 18 12
s 861 144 74
s 862 27 13
s 863 24 12
s 864 55 31
s 865 89 38
s 866 45 17
s 867 73 33
s 868 39 19
s 869 74 42
s 870 26 13
s 871 8 4
s 872 206 106
s 873 98 58
s 874 66 26
s 875 38 21
s 876 73 40
s 877 78 38
s 878 38 22
s 879 41 16
s 880 39 21
s 881 45 15
s 882 49 19
s 887 43 22
s 888 33 15
s 889 54 28
s 891 77 41
s 894 42 23
s 896 75 36
s 897 56 28
s 899 28 12
s 903 110 60
s 904 70 29
s 905 57 30
s 906 24 6
s 913 41 23
s 923 11 5
s 1029 223 117
s 1030 158 74
s 1031 196 108
s 1032 141 79
s 1033 175 95
s 1034 24 9
s 1035 92 41
s 1036 86 52
s 1037 28 10
s 1038 440 220
s 1039 96 50
s 1040 52 32
s 1041 70 30
s 1042 73 50
s 1043 79 42
s 1044 136 69
s 1045 220 107
s 1046 216 117
s 1047 45 22
s 1049 174 73
s 1050 364 199
s 1051 277 157
s 1052 84 38
s 1053 221 99
s 1054 255 150
s 1055 160 88
s 1056 57 32
s 1057 53 24
s 1058 54 25
s 1059 274 136
s 1060 195 110
s 1061 93 47
s 1062 21 9
s 1063 105 45
s 1064 117 62
s 1065 59 26
s 1066 162 101
s 1067 80 45
s 1068 100 50
s 1069 57 28
s 1070 43 19
s 1071 105 51
s 1072 93 55
s 1073 151 82
s 1074 56 29
s 1075 45 18
s 1076 23 12
s 1077 131 58
s 1078 88 47
s 1079 49 26
s 1080 44 22
s 1081 31 18
s 1082 24 14
s 1083 52 24
s 1084 80 49
s 1085 29 16
s 1086 95 41
s 1087 55 24
s 1088 126 73
s 1089 11 5
s 1090 10 8
s 1091 69 42
s 1092 135 77
s 1093 63 30
s 1094 40 21
s 1095 212 128
s 1096 40 15
s 1097 26 11
s 1098 230 137
s 1099 146 76
s 1100 126 66
s 1101 9 6
s 1102 25 16
s 1103 21 11
s 1104 13 9
s 1105 65 36
s 1106 15 8
s 1107 41 17
s 1108 255 139
s 1109 209 102
s 1110 291 138
s 1111 118 56
s 1112 134 77
s 1113 8 6
s 1114 51 23
s 1115 45 23
s 1116 4 2
s 1117 116 67
s 1118 28 20
s 1119 27 11
s 1120 77 34
s 1121 91 54
s 1122 57 21
s 1123 86 38
s 1124 65 39
s 1125 178 92
s 1126 39 23
s 1127 11 6
s 1128 232 129
s 1129 183 100
s 1130 67 43
s 1131 53 29
s 1132 77 46
s 1133 43 20
s 1134 51 30
s 1135 79 37
s 1136 88 49
s 1137 57 35
s 1138 42 22
s 1143 91 45
s 1144 38 16
s 1145 82 39
s 1147 138 62
s 1150 47 25
s 1152 145 77
s 1153 49 30
s 1155 58 31
s 1159 101 51
s 1160 78 41
s 1161 47 30
s 1162 18 9
s 1169 39 14
s 1179 15 6
s 1286 1395 653
s 1287 973 517
s 1288 1654 904
s 1289 593 321
s 1290 208 105
s 1291 591 261
s 1292 902 513
s 1293 216 109
s 1294 1723 919
s 1295 563 283
s 1296 236 112
s 1297 402 205
s 1298 750 407
s 1299 429 176
s 1300 486 266
s 1301 1063 549
s 1302 753 389
s 1303 294 147
s 1305 1074 526
s 1306 980 501
s 1307 541 263
s 1308 518 264
s 1309 1222 625
s 1310 527 281
s 1311 304 155
s 1312 415 233
s 1313 184 99
s 1314 270 124
s 1315 1439 743
s 1316 1201 623
s 1317 164 75
s 1318 118 51
s 1319 695 340
s 1320 293 128
s 1321 559 271
s 1322 1028 577
s 1323 441 225
s 1324 927 486
s 1325 176 91
s 1326 287 119
s 1327 603 296
s 1328 749 368
s 1329 980 526
s 1330 155 89
s 1331 122 60
s 1332 103 58
s 1333 624 262
s 1334 1048 559
s 1335 270 138
s 1336 330 164
s 1337 80 38
s 1338 111 56
s 1339 245 105
s 1340 511 281
s 1341 122 62
s 1342 342 172
s 1343 276 119
s 1344 291 136
s 1345 39 21
s 1346 7 4
s 1347 736 419
s 1348 355 188
s 1349 468 248
s 1350 477 232
s 1351 865 462
s 1352 188 86
s 1353 162 69
s 1354 1049 568
s 1355 517 288
s 1356 939 527
s 1357 87 45
s 1358 133 67
s 1359 55 22
s 1360 185 91
s 1361 331 169
s 1362 105 63
s 1363 103 45
s 1364 918 471
s 1365 827 416
s 1366 1060 558
s 1367 269 132
s 1368 635 327
s 1369 75 33
s 1370 216 117
s 1371 118 59
s 1372 66 33
s 1373 1173 629
s 1374 204 110
s 1375 146 81
s 1376 517 258
s 1377 600 295
s 1378 277 141
s 1379 491 239
s 1380 230 117
s 1381 594 309
s 1382 127 70
s 1383 34 19
s 1384 1225 682
s 1385 444 239
s 1386 506 256
s 1387 243 126
s 1388 484 247
s 1389 446 187
s 1390 226 122
s 1391 130 63
s 1392 173 87
s 1393 237 127
s 1394 342 151
s 1399 285 135
s 1400 240 103
s 1401 187 98
s 1403 410 186
s 1406 287 152
s 1408 462 247
s 1409 314 146
s 1411 119 60
s 1415 640 357
s 1416 383 175
s 1417 269 129
s 1418 167 89
s 1425 221 103
s 1435 70 34
s 1543 1486 673
s 1544 235 108
s 1545 1159 554
s 1546 46 21
s 1547 489 187
s 1548 124 62
s 1549 237 96
s 1550 3028 1443
s 1551 573 263
s 1552 313 131
s 1553 505 216
s 1554 172 92
s 1555 542 190
s 1556 768 367
s 1557 1319 580
s 1558 1194 528
s 1559 402 170
s 1561 1316 521
s 1562 2154 929
s 1563 1749 809
s 1564 713 318
s 1565 1858 831
s 1566 1515 749
s 1567 955 449
s 1568 345 170
s 1569 245 116
s 1570 370 162
s 1571 1378 628
s 1572 1483 710
s 1573 560 274
s 1574 132 59
s 1575 877 361
s 1576 662 290
s 1577 140 64
s 1578 1072 573
s 1579 537 209
s 1580 228 92
s 1581 368 176
s 1582 124 46
s 1583 688 319
s 1584 136 50
s 1585 1296 645
s 1586 384 164
s 1587 313 137
s 1588 159 80
s 1589 645 259
s 1590 207 100
s 1591 418 193
s 1592 204 92
s 1593 189 105
s 1594 197 88
s 1595 324 120
s 1596 647 297
s 1597 125 55
s 1598 642 312
s 1599 250 102
s 1600 785 352
s 1601 45 22
s 1602 30 19
s 1603 139 63
s 1604 894 421
s 1605 544 250
s 1606 163 66
s 1607 1628 801
s 1608 275 110
s 1609 186 72
s 1610 1508 700
s 1611 1049 496
s 1612 1190 594
s 1613 110 48
s 1614 189 88
s 1615 175 68
s 1616 76 35
s 1617 368 194
s 1618 111 53
s 1619 355 157
s 1620 1886 874
s 1621 1672 775
s 1622 1935 864
s 1623 802 354
s 1624 1243 573
s 1625 29 8
s 1626 348 144
s 1627 283 117
s 1628 91 47
s 1629 438 208
s 1630 75 42
s 1631 79 38
s 1632 738 340
s 1633 919 386
s 1634 362 146
s 1635 570 246
s 1636 551 247
s 1637 1052 434
s 1638 294 141
s 1639 58 25
s 1640 1574 762
s 1641 1010 479
s 1642 667 318
s 1643 415 185
s 1644 697 321
s 1645 82 26
s 1646 416 199
s 1647 492 233
s 1648 572 258
s 1649 332 164
s 1650 265 110
s 1655 649 280
s 1656 304 120
s 1657 507 240
s 1659 947 382
s 1662 370 156
s 1664 868 361
s 1665 330 135
s 1667 386 169
s 1671 848 431
s 1672 620 271
s 1673 351 140
s 1674 68 26
s 1681 145 68
s 1691 114 46
s 1800 1387 787
s 1801 803 414
s 1802 222 115
s 1803 558 234
s 1804 1208 661
s 1805 188 84
s 1806 1568 799
s 1807 532 299
s 1808 181 88
s 1809 322 159
s 1810 728 375
s 1811 419 191
s 1812 605 311
s 1813 1210 609
s 1814 854 431
s 1815 237 122
s 1817 916 426
s 1818 1561 737
s 1819 1175 583
s 1820 396 190
s 1821 803 385
s 1822 990 558
s 1823 659 323
s 1824 352 201
s 1825 201 100
s 1826 245 118
s 1827 1277 641
s 1828 1123 577
s 1829 366 189
s 1830 84 39
s 1831 573 265
s 1832 418 186
s 1833 546 258
s 1834 759 412
s 1835 371 184
s 1836 855 455
s 1837 218 106
s 1838 296 142
s 1839 495 237
s 1840 811 426
s 1841 813 435
s 1842 251 119
s 1843 138 73
s 1844 91 40
s 1845 667 293
s 1846 1035 529
s 1847 298 160
s 1848 254 131
s 1849 106 63
s 1850 149 70
s 1851 218 100
s 1852 355 191
s 1853 142 64
s 1854 384 226
s 1855 340 160
s 1856 505 227
s 1857 34 17
s 1858 25 11
s 1859 687 356
s 1860 574 293
s 1861 306 146
s 1862 465 234
s 1863 775 430
s 1864 225 100
s 1865 143 74
s 1866 996 501
s 1867 681 346
s 1868 757 403
s 1869 62 27
s 1870 105 57
s 1871 115 57
s 1872 160 80
s 1873 248 127
s 1874 107 68
s 1875 166 85
s 1876 1037 551
s 1877 869 460
s 1878 1282 650
s 1879 564 285
s 1880 624 337
s 1881 85 44
s 1882 214 96
s 1883 184 80
s 1884 61 36
s 1885 976 460
s 1886 199 91
s 1887 173 97
s 1888 326 145
s 1889 593 286
s 1890 241 114
s 1891 314 167
s 1892 253 123
s 1893 699 369
s 1894 169 90
s 1895 44 24
s 1896 910 507
s 1897 675 326
s 1898 386 187
s 1899 216 110
s 1900 374 175
s 1901 514 238
s 1902 294 164
s 1903 316 165
s 1904 410 201
s 1905 190 95
s 1906 304 148
s 1911 383 193
s 1912 193 87
s 1913 302 151
s 1915 588 284
s 1918 232 122
s 1920 543 259
s 1921 208 88
s 1923 277 136
s 1927 440 237
s 1928 355 169
s 1929 193 88
s 1930 156 67
s 1937 212 109
s 1947 86 38
s 2057 1321 723
s 2058 37 15
s 2059 495 209
s 2060 65 41
s 2061 253 123
s 2062 2776 1524
s 2063 613 331
s 2064 353 191
s 2065 527 283
s 2066 143 63
s 2067 484 214
s 2068 711 383
s 2069 1506 784
s 2070 1284 678
s 2071 417 235
s 2073 1501 768
s 2074 2506 1315
s 2075 1789 1013
s 2076 657 365
s 2077 1631 851
s 2078 1593 875
s 2079 1121 649
s 2080 376 215
s 2081 277 156
s 2082 361 196
s 2083 1733 890
s 2084 1509 769
s 2085 548 266
s 2086 126 61
s 2087 1027 525
s 2088 712 380
s 2089 84 33
s 2090 970 565
s 2091 608 321
s 2092 150 77
s 2093 373 186
s 2094 109 54
s 2095 721 412
s 2096 115 58
s 2097 1170 649
s 2098 376 199
s 2099 216 111
s 2100 145 81
s 2101 665 281
s 2102 150 76
s 2103 417 230
s 2104 223 116
s 2105 152 76
s 2106 204 105
s 2107 331 155
s 2108 636 360
s 2109 119 53
s 2110 660 372
s 2111 236 126
s 2112 796 399
s 2113 55 29
s 2114 17 7
s 2115 91 42
s 2116 928 512
s 2117 559 304
s 2118 120 46
s 2119 1580 863
s 2120 291 159
s 2121 190 94
s 2122 1530 853
s 2123 1022 532
s 2124 1295 747
s 2125 94 40
s 2126 164 93
s 2127 171 83
s 2128 87 36
s 2129 345 185
s 2130 107 58
s 2131 251 124
s 2132 1683 938
s 2133 1331 730
s 2134 1984 1103
s 2135 898 490
s 2136 1187 672
s 2137 17 10
s 2138 341 185
s 2139 179 81
s 2140 102 64
s 2141 353 175
s 2142 70 35
s 2143 63 30
s 2144 643 339
s 2145 976 563
s 2146 403 189
s 2147 509 295
s 2148 363 188
s 2149 1130 607
s 2150 218 120
s 2151 77 44
s 2152 1620 894
s 2153 1012 552
s 2154 622 346
s 2155 338 193
s 2156 714 355
s 2157 46 19
s 2158 396 220
s 2159 435 211
s 2160 535 298
s 2161 265 143
s 2162 223 103
s 2167 725 369
s 2168 274 131
s 2169 578 309
s 2171 984 512
s 2174 322 177
s 2176 881 460
s 2177 305 154
s 2179 388 202
s 2183 762 422
s 2184 488 257
s 2185 350 164
s 2186 95 39
s 2193 129 71
s 2203 102 56
s 2314 200 88
s 2315 459 188
s 2316 650 355
s 2317 200 103
s 2318 1245 655
s 2319 432 210
s 2320 186 91
s 2321 322 179
s 2322 723 427
s 2323 367 161
s 2324 460 229
s 2325 901 423
s 2326 605 307
s 2327 257 121
s 2329 865 399
s 2330 936 486
s 2331 719 398
s 2332 441 221
s 2333 1097 541
s 2334 606 296
s 2335 365 196
s 2336 301 152
s 2337 137 76
s 2338 197 99
s 2339 1039 512
s 2340 1077 557
s 2341 223 111
s 2342 92 46
s 2343 610 300
s 2344 276 144
s 2345 482 255
s 2346 865 487
s 2347 319 166
s 2348 681 373
s 2349 149 67
s 2350 231 107
s 2351 439 223
s 2352 591 327
s 2353 930 507
s 2354 116 65
s 2355 129 63
s 2356 122 74
s 2357 529 232
s 2358 993 541
s 2359 290 155
s 2360 234 107
s 2361 84 39
s 2362 99 49
s 2363 212 94
s 2364 440 220
s 2365 77 34
s 2366 235 115
s 2367 221 94
s 2368 298 150
s 2369 25 12
s 2370 6 3
s 2371 640 327
s 2372 313 141
s 2373 374 186
s 2374 361 185
s 2375 642 335
s 2376 155 69
s 2377 141 71
s 2378 837 439
s 2379 379 188
s 2380 850 505
s 2381 76 41
s 2382 112 61
s 2383 88 49
s 2384 142 67
s 2385 273 137
s 2386 84 45
s 2387 122 59
s 2388 762 397
s 2389 657 309
s 2390 852 444
s 2391 382 190
s 2392 500 247
s 2393 43 26
s 2394 171 90
s 2395 122 59
s 2396 57 34
s 2397 935 461
s 2398 133 72
s 2399 122 57
s 2400 446 204
s 2401 524 277
s 2402 271 117
s 2403 310 147
s 2404 206 99
s 2405 436 217
s 2406 124 60
s 2407 26 23
s 2408 934 508
s 2409 375 187
s 2410 418 213
s 2411 205 123
s 2412 461 221
s 2413 325 144
s 2414 172 96
s 2415 200 96
s 2416 259 149
s 2417 156 78
s 2418 258 110
s 2423 257 126
s 2424 213 109
s 2425 180 95
s 2427 399 194
s 2430 246 123
s 2432 412 218
s 2433 181 88
s 2435 158 83
s 2439 543 270
s 2440 295 147
s 2441 213 110
s 2442 137 59
s 2449 208 96
s 2459 46 28
s 2571 111 48
s 2572 19 16
s 2573 43 17
s 2574 456 225
s 2575 70 35
s 2576 55 31
s 2577 90 46
s 2578 35 11
s 2579 71 29
s 2580 134 68
s 2581 222 101
s 2582 182 77
s 2583 73 35
s 2585 201 97
s 2586 389 179
s 2587 280 123
s 2588 91 41
s 2589 260 123
s 2590 272 123
s 2591 147 84
s 2592 44 22
s 2593 45 29
s 2594 77 37
s 2595 195 87
s 2596 203 101
s 2597 96 48
s 2598 30 15
s 2599 137 54
s 2600 102 44
s 2601 21 9
s 2602 158 76
s 2603 92 46
s 2604 37 15
s 2605 53 28
s 2606 27 14
s 2607 99 41
s 2608 31 12
s 2609 188 94
s 2610 77 39
s 2611 25 13
s 2612 25 9
s 2613 115 42
s 2614 40 19
s 2615 72 35
s 2616 30 14
s 2617 11 2
s 2618 37 18
s 2619 51 27
s 2620 98 54
s 2621 28 14
s 2622 134 68
s 2623 42 23
s 2624 107 46
s 2625 4 2
s 2626 8 4
s 2627 17 7
s 2628 145 74
s 2629 99 49
s 2630 31 10
s 2631 232 118
s 2632 34 18
s 2633 25 10
s 2634 281 134
s 2635 151 75
s 2636 172 85
s 2637 19 11
s 2638 34 17
s 2639 24 13
s 2640 20 8
s 2641 45 22
s 2642 30 19
s 2643 45 19
s 2644 218 119
s 2645 229 110
s 2646 317 158
s 2647 131 67
s 2648 171 90
s 2649 5 2
s 2650 66 34
s 2651 53 23
s 2652 25 16
s 2653 72 36
s 2654 8 3
s 2655 8 2
s 2656 82 34
s 2657 136 53
s 2658 72 30
s 2659 84 29
s 2660 72 35
s 2661 170 73
s 2662 27 13
s 2663 18 11
s 2664 259 135
s 2665 200 89
s 2666 89 34
s 2667 58 25
s 2668 78 40
s 2669 21 10
s 2670 71 34
s 2671 92 35
s 2672 106 44
s 2673 57 25
s 2674 43 23
s 2679 102 38
s 2680 54 23
s 2681 96 38
s 2683 164 71
s 2686 46 21
s 2688 165 84
s 2689 40 16
s 2691 65 31
s 2695 159 74
s 2696 111 51
s 2697 51 24
s 2698 10 4
s 2705 30 17
s 2715 24 10
s 2828 380 169
s 2829 71 29
s 2830 1228 573
s 2831 190 94
s 2832 128 63
s 2833 114 46
s 2834 311 145
s 2835 254 80
s 2836 395 184
s 2837 549 232
s 2838 458 198
s 2839 137 59
s 2841 370 156
s 2842 1036 440
s 2843 818 389
s 2844 286 134
s 2845 717 310
s 2846 655 288
s 2847 376 187
s 2848 160 75
s 2849 154 73
s 2850 90 27
s 2851 500 222
s 2852 463 202
s 2853 286 122
s 2854 59 27
s 2855 222 84
s 2856 244 100
s 2857 214 104
s 2858 491 244
s 2859 153 57
s 2860 363 165
s 2861 167 72
s 2862 114 42
s 2863 217 77
s 2864 346 162
s 2865 433 188
s 2866 193 91
s 2867 118 48
s 2868 40 20
s 2869 300 111
s 2870 428 213
s 2871 179 78
s 2872 105 49
s 2873 72 31
s 2874 71 31
s 2875 137 54
s 2876 277 133
s 2877 51 17
s 2878 309 131
s 2879 159 61
s 2880 328 143
s 2881 23 11
s 2882 17 10
s 2883 289 128
s 2884 355 168
s 2885 196 80
s 2886 167 66
s 2887 732 338
s 2888 119 56
s 2889 98 35
s 2890 448 161
s 2891 377 164
s 2892 233 101
s 2893 35 14
s 2894 80 33
s 2895 65 29
s 2896 83 42
s 2897 172 79
s 2898 29 19
s 2899 136 59
s 2900 747 325
s 2901 645 262
s 2902 812 348
s 2903 344 155
s 2904 410 179
s 2905 46 12
s 2906 121 53
s 2907 122 44
s 2908 34 18
s 2909 368 170
s 2910 50 25
s 2911 56 25
s 2912 254 109
s 2913 431 171
s 2914 143 54
s 2915 244 113
s 2916 218 85
s 2917 418 181
s 2918 130 49
s 2919 27 12
s 2920 712 340
s 2921 542 225
s 2922 112 48
s 2923 122 54
s 2924 256 79
s 2925 212 83
s 2926 150 63
s 2927 188 80
s 2928 242 109
s 2929 65 19
s 2930 143 52
s 2935 269 115
s 2936 96 38
s 2937 232 104
s 2939 438 177
s 2942 82 37
s 2944 339 134
s 2945 175 79
s 2947 192 75
s 2951 367 175
s 2952 202 69
s 2953 162 58
s 2954 64 26
s 2961 70 29
s 2971 51 17
s 3085 154 95
s 3086 1595 811
s 3087 285 150
s 3088 143 66
s 3089 312 153
s 3090 69 32
s 3091 262 118
s 3092 426 202
s 3093 865 411
s 3094 739 402
s 3095 237 117
s 3097 863 440
s 3098 1416 727
s 3099 967 508
s 3100 356 181
s 3101 930 493
s 3102 936 530
s 3103 530 314
s 3104 170 94
s 3105 200 122
s 3106 297 160
s 3107 914 471
s 3108 837 451
s 3109 356 194
s 3110 101 42
s 3111 466 232
s 3112 363 180
s 3113 42 25
s 3114 548 327
s 3115 299 146
s 3116 84 38
s 3117 230 125
s 3118 70 33
s 3119 399 207
s 3120 61 32
s 3121 627 343
s 3122 276 146
s 3123 137 72
s 3124 86 43
s 3125 363 175
s 3126 77 27
s 3127 257 126
s 3128 118 64
s 3129 123 67
s 3130 115 52
s 3131 183 85
s 3132 413 210
s 3133 101 49
s 3134 398 223
s 3135 151 83
s 3136 406 207
s 3137 41 21
s 3138 19 11
s 3139 40 16
s 3140 570 341
s 3141 265 140
s 3142 52 31
s 3143 919 511
s 3144 144 72
s 3145 97 49
s 3146 1047 566
s 3147 594 314
s 3148 685 387
s 3149 70 30
s 3150 100 57
s 3151 93 42
s 3152 73 40
s 3153 170 79
s 3154 89 48
s 3155 178 86
s 3156 892 471
s 3157 895 487
s 3158 1224 674
s 3159 476 245
s 3160 602 323
s 3161 15 4
s 3162 305 173
s 3163 147 67
s 3164 84 46
s 3165 178 81
s 3166 36 17
s 3167 26 14
s 3168 310 152
s 3169 511 274
s 3170 224 115
s 3171 341 162
s 3172 215 103
s 3173 671 369
s 3174 142 72
s 3175 35 19
s 3176 930 539
s 3177 744 412
s 3178 361 186
s 3179 211 107
s 3180 342 182
s 3181 27 13
s 3182 279 147
s 3183 322 163
s 3184 370 218
s 3185 242 137
s 3186 127 59
s 3191 405 206
s 3192 171 83
s 3193 344 193
s 3195 587 268
s 3198 201 92
s 3200 526 293
s 3201 198 104
s 3203 294 164
s 3207 481 247
s 3208 362 183
s 3209 267 144
s 3210 50 29
s 3217 91 48
s 3227 71 35
s 3342 326 156
s 3343 62 34
s 3344 37 17
s 3345 5 1
s 3346 151 77
s 3347 90 33
s 3348 120 55
s 3349 178 84
s 3350 119 62
s 3351 38 18
s 3353 46 20
s 3354 334 142
s 3355 234 125
s 3356 85 39
s 3357 237 107
s 3358 214 99
s 3359 153 76
s 3360 36 21
s 3361 37 18
s 3362 4 2
s 3363 99 39
s 3364 123 66
s 3365 72 40
s 3366 25 7
s 3367 32 13
s 3368 94 40
s 3369 90 38
s 3370 157 80
s 3371 40 18
s 3372 126 59
s 3373 40 16
s 3374 49 24
s 3375 44 18
s 3376 148 71
s 3377 122 62
s 3378 62 29
s 3379 37 11
s 3380 9 5
s 3381 117 54
s 3382 225 108
s 3383 66 35
s 3384 37 14
s 3385 23 11
s 3386 29 14
s 3387 21 7
s 3388 100 46
s 3389 6 2
s 3390 115 61
s 3391 52 14
s 3392 99 49
s 3393 10 5
s 3394 5 3
s 3395 140 64
s 3396 126 57
s 3397 88 28
s 3398 93 47
s 3399 194 96
s 3400 60 24
s 3401 26 13
s 3402 73 35
s 3403 108 51
s 3404 12 6
s 3405 27 13
s 3406 36 21
s 3407 27 9
s 3408 35 13
s 3409 46 26
s 3410 1 1
s 3411 38 16
s 3412 193 85
s 3413 174 69
s 3414 264 124
s 3415 126 57
s 3416 131 64
s 3417 7 3
s 3418 21 13
s 3419 37 18
s 3420 8 5
s 3421 174 90
s 3422 21 9
s 3423 25 14
s 3424 93 43
s 3425 123 58
s 3426 56 27
s 3427 77 27
s 3428 72 41
s 3429 128 54
s 3430 38 15
s 3431 3 2
s 3432 202 105
s 3433 140 65
s 3434 9 1
s 3435 35 18
s 3436 102 39
s 3437 96 34
s 3438 47 23
s 3439 64 37
s 3440 69 27
s 3441 7 2
s 3442 53 22
s 3447 116 50
s 3448 27 12
s 3449 88 32
s 3451 153 77
s 3454 19 5
s 3456 94 47
s 3457 63 33
s 3459 68 38
s 3463 134 68
s 3464 67 27
s 3465 38 23
s 3466 27 9
s 3473 34 13
s 3483 21 14
s 3599 915 463
s 3600 428 217
s 3601 710 341
s 3602 1379 713
s 3603 759 304
s 3604 1160 618
s 3605 2167 1085
s 3606 1552 787
s 3607 491 252
s 3609 1979 984
s 3610 2775 1369
s 3611 1953 1060
s 3612 844 408
s 3613 1896 960
s 3614 1732 940
s 3615 1162 641
s 3616 682 363
s 3617 374 194
s 3618 559 274
s 3619 2545 1364
s 3620 2154 1138
s 3621 597 307
s 3622 184 80
s 3623 1176 585
s 3624 736 381
s 3625 1027 530
s 3626 1548 846
s 3627 806 375
s 3628 1702 904
s 3629 459 250
s 3630 615 269
s 3631 1048 542
s 3632 1602 851
s 3633 1656 850
s 3634 497 268
s 3635 224 103
s 3636 214 116
s 3637 1259 580
s 3638 1907 1054
s 3639 517 260
s 3640 563 287
s 3641 218 123
s 3642 240 121
s 3643 430 202
s 3644 779 377
s 3645 211 97
s 3646 608 319
s 3647 585 288
s 3648 876 469
s 3649 79 36
s 3650 31 15
s 3651 1328 721
s 3652 1126 603
s 3653 650 322
s 3654 762 376
s 3655 1518 742
s 3656 391 189
s 3657 296 153
s 3658 2118 1185
s 3659 1285 658
s 3660 1590 874
s 3661 143 70
s 3662 190 89
s 3663 166 82
s 3664 340 157
s 3665 524 272
s 3666 200 105
s 3667 270 113
s 3668 1742 907
s 3669 1459 749
s 3670 2359 1250
s 3671 982 493
s 3672 1206 621
s 3673 128 57
s 3674 531 287
s 3675 304 132
s 3676 149 85
s 3677 1913 928
s 3678 346 172
s 3679 310 169
s 3680 693 348
s 3681 1012 531
s 3682 454 211
s 3683 689 344
s 3684 420 190
s 3685 1318 665
s 3686 313 166
s 3687 76 37
s 3688 1884 1024
s 3689 1208 655
s 3690 859 442
s 3691 398 200
s 3692 774 385
s 3693 969 423
s 3694 486 270
s 3695 536 266
s 3696 672 339
s 3697 491 254
s 3698 631 285
s 3703 763 387
s 3704 376 173
s 3705 655 337
s 3707 1107 511
s 3710 462 206
s 3712 1085 577
s 3713 399 192
s 3715 465 226
s 3719 969 516
s 3720 744 346
s 3721 423 184
s 3722 377 198
s 3729 456 219
s 3739 161 77
s 3856 97 41
s 3857 128 61
s 3858 346 180
s 3859 210 93
s 3860 307 160
s 3861 497 244
s 3862 430 193
s 3863 94 46
s 3865 397 172
s 3866 786 402
s 3867 582 295
s 3868 120 54
s 3869 280 136
s 3870 508 270
s 3871 375 195
s 3872 162 88
s 3873 75 32
s 3874 85 33
s 3875 523 251
s 3876 393 190
s 3877 194 86
s 3878 22 10
s 3879 294 141
s 3880 251 126
s 3881 264 131
s 3882 305 166
s 3883 145 70
s 3884 351 179
s 3885 99 52
s 3886 115 36
s 3887 192 87
s 3888 283 143
s 3889 303 153
s 3890 112 60
s 3891 113 53
s 3892 50 25
s 3893 280 135
s 3894 418 209
s 3895 83 36
s 3896 115 54
s 3897 56 26
s 3898 83 42
s 3899 89 40
s 3900 102 56
s 3901 36 15
s 3902 245 130
s 3903 112 55
s 3904 277 131
s 3905 9 2
s 3906 10 2
s 3907 301 157
s 3908 315 159
s 3909 99 50
s 3910 170 65
s 3911 567 310
s 3912 117 52
s 3913 60 23
s 3914 424 223
s 3915 360 197
s 3916 337 186
s 3917 16 6
s 3918 26 16
s 3919 46 20
s 3920 45 23
s 3921 91 47
s 3922 30 22
s 3923 95 41
s 3924 630 340
s 3925 429 224
s 3926 659 342
s 3927 319 166
s 3928 394 206
s 3929 18 9
s 3930 95 49
s 3931 94 54
s 3932 34 19
s 3933 462 241
s 3934 72 32
s 3935 62 33
s 3936 132 69
s 3937 243 122
s 3938 56 24
s 3939 96 44
s 3940 159 78
s 3941 367 167
s 3942 73 39
s 3943 22 14
s 3944 277 159
s 3945 340 165
s 3946 167 84
s 3947 121 58
s 3948 142 80
s 3949 149 73
s 3950 111 60
s 3951 148 76
s 3952 167 88
s 3953 66 35
s 3954 156 73
s 3959 258 123
s 3960 58 29
s 3961 161 86
s 3963 326 146
s 3966 93 46
s 3968 275 121
s 3969 51 27
s 3971 113 52
s 3975 124 75
s 3976 151 71
s 3977 69 34
s 3978 74 35
s 3985 105 51
s 3995 28 10
s 4113 68 26
s 4114 174 83
s 4115 83 36
s 4116 133 67
s 4117 266 117
s 4118 217 107
s 4119 48 23
s 4121 201 98
s 4122 363 161
s 4123 286 145
s 4124 51 21
s 4125 117 54
s 4126 265 132
s 4127 158 81
s 4128 70 32
s 4129 42 15
s 4130 56 25
s 4131 314 140
s 4132 209 86
s 4133 90 41
s 4134 10 4
s 4135 117 51
s 4136 133 70
s 4137 128 49
s 4138 143 88
s 4139 66 28
s 4140 269 127
s 4141 55 26
s 4142 77 33
s 4143 116 51
s 4144 186 98
s 4145 132 62
s 4146 69 42
s 4147 54 22
s 4148 25 17
s 4149 158 64
s 4150 217 119
s 4151 40 19
s 4152 56 30
s 4153 26 10
s 4154 40 15
s 4155 48 19
s 4156 47 19
s 4157 26 13
s 4158 78 34
s 4159 74 33
s 4160 122 60
s 4161 3 1
s 4162 4 2
s 4163 167 93
s 4164 139 78
s 4165 41 22
s 4166 102 54
s 4167 222 122
s 4168 56 27
s 4169 30 10
s 4170 245 109
s 4171 186 90
s 4172 148 77
s 4173 13 4
s 4174 14 7
s 4175 27 11
s 4176 40 14
s 4177 39 25
s 4178 14 7
s 4179 43 16
s 4180 270 142
s 4181 198 104
s 4182 305 153
s 4183 145 64
s 4184 155 76
s 4185 15 3
s 4186 51 18
s 4187 46 24
s 4188 7 2
s 4189 233 115
s 4190 48 26
s 4191 42 15
s 4192 48 20
s 4193 110 47
s 4194 23 11
s 4195 53 26
s 4196 62 24
s 4197 180 81
s 4198 37 19
s 4199 12 6
s 4200 140 75
s 4201 165 81
s 4202 80 40
s 4203 56 18
s 4204 51 21
s 4205 102 37
s 4206 47 27
s 4207 71 39
s 4208 93 34
s 4209 42 24
s 4210 61 21
s 4215 126 59
s 4216 30 14
s 4217 90 38
s 4219 168 85
s 4222 62 31
s 4224 136 73
s 4225 33 11
s 4227 62 27
s 4231 61 29
s 4232 88 36
s 4233 25 15
s 4234 31 16
s 4241 43 23
s 4251 19 9
s 4370 310 154
s 4371 160 64
s 4372 203 98
s 4373 356 166
s 4374 203 101
s 4375 85 42
s 4377 100 41
s 4378 577 268
s 4379 447 204
s 4380 162 79
s 4381 486 226
s 4382 431 213
s 4383 289 156
s 4384 69 25
s 4385 83 44
s 4386 13 5
s 4387 191 88
s 4388 228 123
s 4389 132 62
s 4390 40 19
s 4391 65 24
s 4392 180 89
s 4393 151 66
s 4394 341 163
s 4395 63 28
s 4396 303 160
s 4397 80 37
s 4398 70 35
s 4399 130 63
s 4400 266 127
s 4401 251 135
s 4402 110 58
s 4403 94 49
s 4404 24 9
s 4405 218 99
s 4406 384 192
s 4407 129 66
s 4408 75 41
s 4409 39 23
s 4410 36 11
s 4411 42 13
s 4412 176 90
s 4413 9 6
s 4414 201 109
s 4415 99 40
s 4416 180 95
s 4417 12 8
s 4418 6 3
s 4419 255 131
s 4420 236 122
s 4421 164 68
s 4422 150 64
s 4423 450 221
s 4424 103 45
s 4425 35 17
s 4426 154 72
s 4427 265 127
s 4428 19 6
s 4429 31 12
s 4430 59 29
s 4431 40 19
s 4432 43 19
s 4433 81 44
s 4434 11 6
s 4435 80 33
s 4436 419 183
s 4437 378 177
s 4438 452 235
s 4439 230 97
s 4440 291 155
s 4441 19 7
s 4442 68 31
s 4443 59 25
s 4444 19 8
s 4445 347 158
s 4446 42 22
s 4447 63 28
s 4448 171 80
s 4449 190 94
s 4450 90 42
s 4451 168 67
s 4452 104 49
s 4453 285 126
s 4454 70 36
s 4455 23 16
s 4456 410 208
s 4457 290 133
s 4458 19 6
s 4459 57 31
s 4460 159 79
s 4461 172 76
s 4462 109 51
s 4463 130 56
s 4464 136 60
s 4465 14 2
s 4466 89 38
s 4471 223 106
s 4472 39 13
s 4473 159 73
s 4475 309 153
s 4478 22 9
s 4480 204 96
s 4481 93 46
s 4483 110 65
s 4487 228 135
s 4488 121 41
s 4489 76 38
s 4490 40 17
s 4497 64 32
s 4507 43 20
s 4627 246 111
s 4628 378 197
s 4629 860 466
s 4630 730 381
s 4631 196 110
s 4633 793 392
s 4634 1279 662
s 4635 906 529
s 4636 321 174
s 4637 806 411
s 4638 809 463
s 4639 575 328
s 4640 188 110
s 4641 193 96
s 4642 200 93
s 4643 933 461
s 4644 841 478
s 4645 291 143
s 4646 84 38
s 4647 541 283
s 4648 361 175
s 4649 68 40
s 4650 477 291
s 4651 313 147
s 4652 120 63
s 4653 196 103
s 4654 82 33
s 4655 375 199
s 4656 96 42
s 4657 605 326
s 4658 223 129
s 4659 126 65
s 4660 78 50
s 4661 365 167
s 4662 104 47
s 4663 264 150
s 4664 121 62
s 4665 100 53
s 4666 130 58
s 4667 165 77
s 4668 332 182
s 4669 62 30
s 4670 398 243
s 4671 148 81
s 4672 378 188
s 4673 24 9
s 4674 24 13
s 4675 73 39
s 4676 487 261
s 4677 279 143
s 4678 64 34
s 4679 826 469
s 4680 145 65
s 4681 71 34
s 4682 841 466
s 4683 593 334
s 4684 674 399
s 4685 55 32
s 4686 104 54
s 4687 81 40
s 4688 57 28
s 4689 166 94
s 4690 63 35
s 4691 137 72
s 4692 877 470
s 4693 750 413
s 4694 1104 605
s 4695 502 279
s 4696 561 332
s 4697 13 5
s 4698 225 107
s 4699 150 75
s 4700 50 28
s 4701 232 122
s 4702 41 24
s 4703 41 18
s 4704 306 159
s 4705 530 267
s 4706 201 107
s 4707 273 136
s 4708 206 96
s 4709 626 349
s 4710 120 66
s 4711 36 28
s 4712 790 435
s 4713 567 312
s 4714 315 175
s 4715 201 100
s 4716 303 156
s 4717 45 18
s 4718 243 152
s 4719 270 145
s 4720 310 148
s 4721 176 102
s 4722 129 57
s 4727 357 179
s 4728 177 81
s 4729 325 199
s 4731 553 280
s 4734 183 93
s 4736 464 230
s 4737 186 99
s 4739 237 133
s 4743 411 238
s 4744 278 138
s 4745 179 90
s 4746 47 23
s 4753 87 51
s 4763 70 43
s 4884 298 145
s 4885 511 194
s 4886 407 154
s 4887 99 40
s 4889 455 188
s 4890 726 278
s 4891 613 267
s 4892 157 71
s 4893 382 163
s 4894 479 209
s 4895 304 122
s 4896 139 70
s 4897 99 35
s 4898 108 51
s 4899 620 257
s 4900 467 228
s 4901 159 70
s 4902 43 16
s 4903 308 119
s 4904 209 78
s 4905 183 80
s 4906 270 129
s 4907 180 73
s 4908 315 128
s 4909 127 60
s 4910 130 44
s 4911 207 85
s 4912 289 141
s 4913 298 148
s 4914 129 47
s 4915 69 29
s 4916 68 24
s 4917 322 112
s 4918 329 158
s 4919 137 57
s 4920 123 48
s 4921 37 22
s 4922 64 23
s 4923 96 44
s 4924 170 78
s 4925 49 19
s 4926 187 88
s 4927 145 50
s 4928 237 83
s 4929 18 6
s 4930 10 2
s 4931 228 95
s 4932 278 132
s 4933 141 59
s 4934 161 68
s 4935 417 184
s 4936 124 43
s 4937 62 20
s 4938 533 199
s 4939 269 129
s 4940 337 145
s 4941 47 22
s 4942 47 21
s 4943 47 16
s 4944 67 27
s 4945 105 47
s 4946 50 23
s 4947 83 34
s 4948 468 204
s 4949 429 187
s 4950 616 245
s 4951 267 117
s 4952 304 142
s 4953 23 14
s 4954 140 57
s 4955 93 32
s 4956 32 15
s 4957 377 152
s 4958 70 33
s 4959 64 25
s 4960 140 48
s 4961 314 154
s 4962 108 38
s 4963 118 50
s 4964 155 57
s 4965 325 137
s 4966 61 31
s 4967 23 15
s 4968 400 165
s 4969 313 132
s 4970 193 83
s 4971 96 39
s 4972 148 55
s 4973 154 53
s 4974 113 34
s 4975 176 74
s 4976 192 90
s 4977 92 49
s 4978 135 54
s 4983 217 101
s 4984 109 53
s 4985 182 71
s 4987 315 130
s 4990 108 48
s 4992 308 131
s 4993 106 36
s 4995 132 51
s 4999 213 102
s 5000 194 71
s 5001 97 31
s 5002 60 32
s 5009 89 38
s 5019 44 14
s 5141 654 318
s 5142 527 272
s 5143 147 85
s 5145 668 315
s 5146 776 372
s 5147 578 296
s 5148 295 148
s 5149 753 363
s 5150 556 299
s 5151 357 187
s 5152 221 125
s 5153 108 54
s 5154 158 85
s 5155 861 452
s 5156 701 373
s 5157 190 103
s 5158 72 41
s 5159 379 184
s 5160 237 111
s 5161 309 141
s 5162 605 354
s 5163 242 112
s 5164 510 273
s 5165 142 65
s 5166 165 74
s 5167 353 170
s 5168 436 223
s 5169 571 332
s 5170 117 59
s 5171 103 47
s 5172 59 27
s 5173 399 176
s 5174 546 283
s 5175 180 86
s 5176 178 106
s 5177 75 40
s 5178 77 37
s 5179 147 72
s 5180 319 174
s 5181 75 35
s 5182 248 130
s 5183 186 104
s 5184 275 123
s 5185 21 8
s 5186 8 4
s 5187 359 201
s 5188 309 169
s 5189 227 106
s 5190 228 102
s 5191 578 316
s 5192 132 66
s 5193 92 39
s 5194 710 373
s 5195 377 205
s 5196 527 276
s 5197 51 27
s 5198 73 39
s 5199 55 28
s 5200 92 47
s 5201 181 106
s 5202 60 33
s 5203 97 57
s 5204 645 354
s 5205 587 301
s 5206 780 402
s 5207 261 145
s 5208 395 193
s 5209 39 21
s 5210 133 66
s 5211 97 45
s 5212 49 28
s 5213 519 279
s 5214 95 47
s 5215 106 55
s 5216 264 131
s 5217 390 204
s 5218 191 86
s 5219 293 130
s 5220 173 94
s 5221 392 190
s 5222 102 58
s 5223 34 17
s 5224 741 401
s 5225 376 192
s 5226 273 136
s 5227 167 86
s 5228 293 139
s 5229 252 115
s 5230 175 93
s 5231 162 81
s 5232 179 88
s 5233 139 76
s 5234 191 86
s 5239 225 110
s 5240 115 43
s 5241 179 116
s 5243 359 167
s 5246 174 84
s 5248 346 182
s 5249 191 99
s 5251 141 73
s 5255 386 209
s 5256 231 131
s 5257 141 65
s 5258 82 45
s 5265 116 49
s 5275 55 25
s 5398 891 407
s 5399 327 161
s 5401 963 417
s 5402 1678 739
s 5403 1241 610
s 5404 547 259
s 5405 1330 657
s 5406 1178 602
s 5407 735 395
s 5408 398 206
s 5409 222 94
s 5410 235 93
s 5411 1183 564
s 5412 1196 609
s 5413 412 205
s 5414 105 39
s 5415 666 301
s 5416 465 213
s 5417 592 287
s 5418 1032 536
s 5419 422 193
s 5420 916 444
s 5421 250 112
s 5422 271 124
s 5423 545 251
s 5424 763 370
s 5425 1048 540
s 5426 305 158
s 5427 194 90
s 5428 134 72
s 5429 724 295
s 5430 1189 615
s 5431 323 163
s 5432 281 124
s 5433 139 76
s 5434 168 86
s 5435 259 96
s 5436 601 319
s 5437 114 55
s 5438 465 242
s 5439 329 122
s 5440 556 263
s 5441 52 22
s 5442 21 11
s 5443 747 384
s 5444 658 341
s 5445 439 200
s 5446 474 223
s 5447 1186 584
s 5448 236 104
s 5449 165 70
s 5450 1090 548
s 5451 736 363
s 5452 824 411
s 5453 83 39
s 5454 144 69
s 5455 125 55
s 5456 175 85
s 5457 383 179
s 5458 85 52
s 5459 193 89
s 5460 1319 653
s 5461 1135 574
s 5462 1446 681
s 5463 648 329
s 5464 777 408
s 5465 80 32
s 5466 235 113
s 5467 238 118
s 5468 74 33
s 5469 1091 525
s 5470 159 73
s 5471 183 79
s 5472 514 250
s 5473 694 333
s 5474 341 146
s 5475 459 194
s 5476 357 170
s 5477 769 365
s 5478 212 100
s 5479 38 21
s 5480 1400 716
s 5481 716 357
s 5482 483 241
s 5483 281 131
s 5484 582 253
s 5485 508 203
s 5486 268 137
s 5487 371 176
s 5488 456 216
s 5489 219 111
s 5490 343 151
s 5495 471 236
s 5496 261 104
s 5497 369 180
s 5499 680 311
s 5502 269 121
s 5504 642 315
s 5505 299 142
s 5507 284 137
s 5511 693 385
s 5512 373 173
s 5513 282 125
s 5514 151 69
s 5521 252 113
s 5531 84 36
s 5655 263 137
s 5657 697 331
s 5658 1259 640
s 5659 932 494
s 5660 472 245
s 5661 1135 559
s 5662 791 419
s 5663 509 257
s 5664 318 163
s 5665 149 87
s 5666 188 92
s 5667 991 496
s 5668 923 453
s 5669 284 133
s 5670 79 37
s 5671 446 224
s 5672 363 153
s 5673 547 270
s 5674 957 515
s 5675 292 134
s 5676 863 456
s 5677 162 82
s 5678 249 138
s 5679 381 183
s 5680 690 356
s 5681 862 467
s 5682 195 104
s 5683 131 62
s 5684 87 44
s 5685 558 239
s 5686 1051 545
s 5687 262 130
s 5688 255 138
s 5689 97 52
s 5690 114 49
s 5691 208 98
s 5692 460 241
s 5693 79 37
s 5694 330 172
s 5695 287 142
s 5696 379 167
s 5697 34 13
s 5698 18 11
s 5699 758 422
s 5700 440 234
s 5701 343 167
s 5702 414 194
s 5703 867 453
s 5704 187 79
s 5705 146 70
s 5706 721 372
s 5707 540 249
s 5708 560 316
s 5709 76 37
s 5710 93 48
s 5711 99 46
s 5712 156 75
s 5713 319 164
s 5714 68 41
s 5715 149 68
s 5716 999 511
s 5717 818 411
s 5718 1053 514
s 5719 454 236
s 5720 584 304
s 5721 51 26
s 5722 172 79
s 5723 119 59
s 5724 50 26
s 5725 967 462
s 5726 158 80
s 5727 173 92
s 5728 415 183
s 5729 562 297
s 5730 256 117
s 5731 431 198
s 5732 212 100
s 5733 499 248
s 5734 150 74
s 5735 40 21
s 5736 1168 630
s 5737 479 263
s 5738 312 158
s 5739 185 81
s 5740 443 234
s 5741 380 157
s 5742 180 92
s 5743 220 92
s 5744 286 142
s 5745 152 76
s 5746 274 123
s 5751 299 152
s 5752 156 68
s 5753 256 131
s 5755 486 227
s 5758 185 80
s 5760 446 213
s 5761 243 101
s 5763 192 93
s 5767 534 292
s 5768 327 154
s 5769 218 96
s 5770 132 60
s 5777 166 80
s 5787 68 25
s 5913 246 112
s 5914 486 243
s 5915 381 196
s 5916 67 27
s 5917 151 74
s 5918 355 201
s 5919 204 102
s 5920 89 49
s 5921 45 27
s 5922 60 25
s 5923 357 194
s 5924 258 124
s 5925 132 58
s 5926 12 5
s 5927 136 58
s 5928 143 81
s 5929 169 85
s 5930 161 93
s 5931 82 35
s 5932 261 135
s 5933 78 35
s 5934 78 34
s 5935 126 59
s 5936 212 116
s 5937 143 73
s 5938 96 53
s 5939 55 29
s 5940 37 15
s 5941 186 95
s 5942 281 154
s 5943 48 32
s 5944 70 34
s 5945 33 14
s 5946 41 19
s 5947 60 25
s 5948 67 34
s 5949 20 14
s 5950 118 53
s 5951 86 38
s 5952 155 79
s 5953 7 2
s 5954 6 3
s 5955 196 103
s 5956 199 114
s 5957 52 30
s 5958 108 49
s 5959 280 145
s 5960 58 24
s 5961 37 16
s 5962 278 141
s 5963 216 116
s 5964 174 92
s 5965 12 8
s 5966 15 6
s 5967 47 22
s 5968 59 24
s 5969 57 32
s 5970 28 16
s 5971 51 26
s 5972 344 179
s 5973 275 137
s 5974 455 213
s 5975 200 106
s 5976 201 118
s 5977 25 8
s 5978 66 26
s 5979 42 20
s 5980 13 9
s 5981 287 151
s 5982 48 21
s 5983 47 24
s 5984 56 22
s 5985 156 68
s 5986 48 21
s 5987 61 26
s 5988 101 54
s 5989 213 110
s 5990 54 29
s 5991 13 7
s 5992 186 94
s 5993 196 97
s 5994 99 48
s 5995 57 32
s 5996 62 32
s 5997 142 59
s 5998 91 51
s 5999 106 50
s 6000 124 61
s 6001 45 28
s 6002 81 42
s 6007 116 57
s 6008 39 21
s 6009 121 71
s 6011 200 91
s 6014 59 26
s 6016 205 109
s 6017 37 16
s 6019 89 39
s 6023 77 37
s 6024 101 49
s 6025 44 20
s 6026 47 26
s 6033 62 26
s 6043 22 11
s 6426 1653 739
s 6427 1367 649
s 6428 486 215
s 6429 1268 592
s 6430 1189 566
s 6431 770 390
s 6432 268 134
s 6433 219 100
s 6434 74 32
s 6435 722 305
s 6436 707 326
s 6437 428 224
s 6438 92 37
s 6439 255 110
s 6440 493 226
s 6441 580 271
s 6442 1059 542
s 6443 272 102
s 6444 964 455
s 6445 263 118
s 6446 253 110
s 6447 352 173
s 6448 812 387
s 6449 759 376
s 6450 308 146
s 6451 173 68
s 6452 62 35
s 6453 571 226
s 6454 1145 586
s 6455 325 159
s 6456 196 93
s 6457 145 72
s 6458 156 64
s 6459 159 68
s 6460 525 267
s 6461 60 32
s 6462 516 276
s 6463 326 143
s 6464 564 264
s 6465 43 16
s 6466 24 14
s 6467 704 365
s 6468 639 310
s 6469 403 189
s 6470 445 190
s 6471 1128 575
s 6472 241 106
s 6473 135 50
s 6474 584 270
s 6475 665 309
s 6476 217 110
s 6477 81 34
s 6478 134 58
s 6479 125 55
s 6480 155 71
s 6481 319 160
s 6482 50 29
s 6483 202 109
s 6484 1158 532
s 6485 1075 492
s 6486 1334 613
s 6487 610 292
s 6488 656 318
s 6489 74 40
s 6490 176 73
s 6491 226 95
s 6492 59 26
s 6493 971 439
s 6494 181 79
s 6495 135 74
s 6496 486 227
s 6497 609 285
s 6498 300 115
s 6499 431 192
s 6500 310 123
s 6501 707 311
s 6502 222 80
s 6503 49 26
s 6504 1294 611
s 6505 766 377
s 6506 119 49
s 6507 176 70
s 6508 530 238
s 6509 503 196
s 6510 248 101
s 6511 357 166
s 6512 438 208
s 6513 82 34
s 6514 256 103
s 6519 469 212
s 6520 104 42
s 6521 426 204
s 6523 777 330
s 6526 102 42
s 6528 573 265
s 6529 266 126
s 6531 283 124
s 6535 629 327
s 6536 313 139
s 6537 258 102
s 6538 139 66
s 6545 177 68
s 6555 108 54
s 6683 1153 542
s 6684 811 404
s 6685 2017 953
s 6686 1130 596
s 6687 619 312
s 6688 590 296
s 6689 304 165
s 6690 472 210
s 6691 2197 1110
s 6692 1917 933
s 6693 418 206
s 6694 189 80
s 6695 1018 456
s 6696 528 256
s 6697 981 479
s 6698 1673 900
s 6699 641 301
s 6700 1547 787
s 6701 330 149
s 6702 501 229
s 6703 846 408
s 6704 1372 723
s 6705 1433 694
s 6706 310 154
s 6707 170 80
s 6708 194 91
s 6709 1034 425
s 6710 1818 929
s 6711 469 230
s 6712 474 238
s 6713 163 80
s 6714 180 87
s 6715 402 173
s 6716 839 421
s 6717 175 79
s 6718 593 299
s 6719 503 243
s 6720 556 238
s 6721 68 31
s 6722 30 16
s 6723 1154 588
s 6724 685 341
s 6725 650 307
s 6726 912 450
s 6727 1512 782
s 6728 348 160
s 6729 283 126
s 6730 1782 869
s 6731 947 498
s 6732 1388 680
s 6733 141 70
s 6734 241 126
s 6735 136 60
s 6736 317 148
s 6737 509 260
s 6738 165 88
s 6739 201 97
s 6740 1473 753
s 6741 1364 695
s 6742 1712 885
s 6743 610 296
s 6744 1071 544
s 6745 124 54
s 6746 360 180
s 6747 260 108
s 6748 130 64
s 6749 1837 888
s 6750 334 166
s 6751 269 136
s 6752 795 357
s 6753 1013 509
s 6754 538 242
s 6755 739 377
s 6756 395 173
s 6757 1036 516
s 6758 236 105
s 6759 54 29
s 6760 2173 1116
s 6761 899 433
s 6762 743 379
s 6763 389 194
s 6764 834 427
s 6765 848 358
s 6766 430 235
s 6767 314 161
s 6768 440 203
s 6769 385 191
s 6770 548 268
s 6775 439 205
s 6776 370 173
s 6777 484 248
s 6779 798 361
s 6782 452 218
s 6784 875 421
s 6785 487 233
s 6787 279 147
s 6791 1103 592
s 6792 642 292
s 6793 474 222
s 6794 269 127
s 6801 361 156
s 6811 132 56
s 6940 630 306
s 6941 1435 714
s 6942 684 376
s 6943 395 211
s 6944 419 226
s 6945 195 112
s 6946 394 201
s 6947 1744 913
s 6948 1363 695
s 6949 276 130
s 6950 137 70
s 6951 826 424
s 6952 349 184
s 6953 671 352
s 6954 1164 686
s 6955 507 256
s 6956 1139 617
s 6957 225 122
s 6958 383 182
s 6959 700 343
s 6960 997 548
s 6961 1217 654
s 6962 166 81
s 6963 144 72
s 6964 141 86
s 6965 762 347
s 6966 1252 663
s 6967 322 168
s 6968 385 203
s 6969 136 72
s 6970 130 63
s 6971 308 128
s 6972 617 308
s 6973 168 88
s 6974 371 208
s 6975 389 180
s 6976 384 200
s 6977 34 14
s 6978 12 6
s 6979 831 437
s 6980 477 260
s 6981 444 221
s 6982 776 392
s 6983 1011 548
s 6984 257 125
s 6985 191 82
s 6986 1449 773
s 6987 645 325
s 6988 1067 610
s 6989 105 54
s 6990 168 84
s 6991 79 31
s 6992 199 94
s 6993 404 217
s 6994 124 76
s 6995 122 65
s 6996 1088 563
s 6997 950 497
s 6998 1219 678
s 6999 374 186
s 7000 699 361
s 7001 82 47
s 7002 296 137
s 7003 158 75
s 7004 74 51
s 7005 1390 709
s 7006 219 112
s 7007 211 115
s 7008 553 289
s 7009 774 397
s 7010 393 199
s 7011 545 273
s 7012 278 143
s 7013 708 355
s 7014 181 95
s 7015 50 30
s 7016 1555 834
s 7017 638 332
s 7018 542 272
s 7019 281 128
s 7020 579 296
s 7021 640 274
s 7022 306 174
s 7023 253 144
s 7024 264 131
s 7025 303 171
s 7026 395 211
s 7031 321 161
s 7032 257 137
s 7033 261 146
s 7035 480 248
s 7038 355 161
s 7040 591 307
s 7041 335 190
s 7043 198 111
s 7047 822 460
s 7048 493 255
s 7049 317 158
s 7050 208 107
s 7057 290 135
s 7067 90 37
s 7197 140 70
s 7198 522 261
s 7199 329 168
s 7200 175 95
s 7201 76 37
s 7202 127 48
s 7203 687 330
s 7204 387 193
s 7205 212 108
s 7206 18 9
s 7207 288 125
s 7208 228 111
s 7209 227 105
s 7210 167 94
s 7211 154 72
s 7212 445 234
s 7213 123 52
s 7214 167 85
s 7215 187 97
s 7216 340 161
s 7217 206 100
s 7218 155 92
s 7219 73 31
s 7220 46 20
s 7221 325 140
s 7222 524 258
s 7223 54 25
s 7224 167 94
s 7225 34 16
s 7226 71 29
s 7227 110 49
s 7228 60 29
s 7229 28 14
s 7230 200 103
s 7231 145 65
s 7232 271 126
s 7233 19 8
s 7234 14 7
s 7235 290 149
s 7236 304 146
s 7237 25 13
s 7238 205 88
s 7239 418 200
s 7240 107 41
s 7241 75 40
s 7242 525 246
s 7243 377 188
s 7244 349 176
s 7245 10 4
s 7246 17 9
s 7247 59 32
s 7248 62 29
s 7249 66 29
s 7250 41 20
s 7251 95 39
s 7252 498 261
s 7253 380 195
s 7254 676 337
s 7255 344 172
s 7256 333 175
s 7257 23 7
s 7258 135 62
s 7259 98 38
s 7260 27 16
s 7261 445 199
s 7262 82 40
s 7263 82 43
s 7264 60 33
s 7265 157 76
s 7266 34 16
s 7267 64 35
s 7268 145 73
s 7269 375 178
s 7270 60 28
s 7271 22 13
s 7272 146 80
s 7273 364 189
s 7274 206 98
s 7275 113 58
s 7276 62 31
s 7277 199 68
s 7278 113 62
s 7279 157 73
s 7280 174 85
s 7281 111 58
s 7282 151 71
s 7287 239 119
s 7288 82 37
s 7289 183 88
s 7291 381 181
s 7294 118 50
s 7296 288 144
s 7297 21 10
s 7299 122 60
s 7303 56 33
s 7304 180 83
s 7305 36 15
s 7306 79 39
s 7313 100 41
s 7323 33 16
s 7454 1350 703
s 7455 915 457
s 7456 392 201
s 7457 140 63
s 7458 280 124
s 7459 1706 849
s 7460 925 428
s 7461 488 248
s 7462 54 22
s 7463 788 370
s 7464 585 292
s 7465 537 255
s 7466 425 229
s 7467 373 183
s 7468 972 497
s 7469 335 165
s 7470 319 142
s 7471 451 215
s 7472 886 438
s 7473 469 244
s 7474 352 185
s 7475 178 79
s 7476 166 75
s 7477 734 304
s 7478 1148 617
s 7479 95 43
s 7480 330 167
s 7481 69 34
s 7482 162 73
s 7483 244 103
s 7484 93 46
s 7485 104 53
s 7486 536 292
s 7487 344 171
s 7488 624 313
s 7489 47 17
s 7490 31 19
s 7491 801 402
s 7492 801 387
s 7493 86 45
s 7494 438 226
s 7495 1064 580
s 7496 269 125
s 7497 172 69
s 7498 1544 763
s 7499 917 422
s 7500 1082 578
s 7501 25 13
s 7502 30 14
s 7503 146 61
s 7504 165 78
s 7505 127 59
s 7506 103 54
s 7507 211 100
s 7508 1135 557
s 7509 1007 534
s 7510 1745 828
s 7511 751 361
s 7512 953 511
s 7513 73 34
s 7514 315 171
s 7515 246 110
s 7516 71 36
s 7517 1085 527
s 7518 211 101
s 7519 178 95
s 7520 67 27
s 7521 416 207
s 7522 121 24
s 7523 89 39
s 7524 326 175
s 7525 903 432
s 7526 154 59
s 7527 41 14
s 7528 268 131
s 7529 829 403
s 7530 548 257
s 7531 267 131
s 7532 96 33
s 7533 570 236
s 7534 347 199
s 7535 432 207
s 7536 486 228
s 7537 272 141
s 7538 357 168
s 7543 570 254
s 7544 169 77
s 7545 453 243
s 7547 879 408
s 7550 304 162
s 7552 773 380
s 7553 38 14
s 7555 334 178
s 7559 138 67
s 7560 406 187
s 7561 75 37
s 7562 202 94
s 7569 255 112
s 7579 60 24
s 7711 397 212
s 7712 386 224
s 7713 196 92
s 7714 348 167
s 7715 1606 807
s 7716 1253 689
s 7717 241 149
s 7718 119 65
s 7719 689 358
s 7720 324 177
s 7721 627 326
s 7722 1121 639
s 7723 457 212
s 7724 1032 556
s 7725 195 117
s 7726 353 194
s 7727 606 320
s 7728 913 466
s 7729 1069 617
s 7730 184 100
s 7731 157 83
s 7732 124 74
s 7733 655 296
s 7734 1284 692
s 7735 293 151
s 7736 324 186
s 7737 100 56
s 7738 109 52
s 7739 278 128
s 7740 549 309
s 7741 132 63
s 7742 372 215
s 7743 353 170
s 7744 318 177
s 7745 39 18
s 7746 18 14
s 7747 852 500
s 7748 384 210
s 7749 435 232
s 7750 479 232
s 7751 932 539
s 7752 193 87
s 7753 167 80
s 7754 1218 658
s 7755 568 292
s 7756 945 512
s 7757 80 35
s 7758 147 69
s 7759 49 28
s 7760 194 99
s 7761 340 182
s 7762 127 76
s 7763 114 55
s 7764 969 520
s 7765 847 436
s 7766 1045 548
s 7767 303 168
s 7768 618 354
s 7769 90 50
s 7770 272 139
s 7771 128 68
s 7772 85 43
s 7773 1068 561
s 7774 183 82
s 7775 169 90
s 7776 516 265
s 7777 682 366
s 7778 334 154
s 7779 458 226
s 7780 243 112
s 7781 587 316
s 7782 155 76
s 7783 42 19
s 7784 1400 794
s 7785 525 273
s 7786 494 248
s 7787 265 141
s 7788 482 259
s 7789 530 235
s 7790 266 155
s 7791 192 90
s 7792 239 132
s 7793 315 190
s 7794 358 177
s 7799 279 142
s 7800 245 117
s 7801 237 121
s 7803 474 241
s 7806 301 164
s 7808 518 257
s 7809 285 127
s 7811 168 101
s 7815 740 422
s 7816 433 231
s 7817 295 145
s 7818 177 88
s 7825 246 126
s 7835 75 34
s 7968 249 136
s 7969 124 63
s 7970 184 87
s 7971 946 522
s 7972 786 410
s 7973 138 79
s 7974 88 46
s 7975 451 227
s 7976 158 91
s 7977 401 207
s 7978 719 430
s 7979 280 140
s 7980 641 358
s 7981 111 59
s 7982 195 98
s 7983 367 187
s 7984 557 291
s 7985 692 398
s 7986 95 52
s 7987 80 43
s 7988 108 65
s 7989 413 193
s 7990 816 443
s 7991 237 125
s 7992 203 106
s 7993 73 43
s 7994 65 42
s 7995 158 81
s 7996 375 207
s 7997 63 33
s 7998 265 152
s 7999 181 88
s 8000 203 97
s 8001 33 20
s 8002 10 5
s 8003 537 311
s 8004 249 125
s 8005 273 138
s 8006 323 163
s 8007 648 368
s 8008 137 63
s 8009 106 56
s 8010 765 395
s 8011 337 167
s 8012 699 400
s 8013 56 31
s 8014 95 50
s 8015 46 15
s 8016 145 88
s 8017 209 123
s 8018 60 30
s 8019 70 29
s 8020 604 318
s 8021 552 294
s 8022 707 374
s 8023 200 117
s 8024 460 249
s 8025 36 19
s 8026 154 71
s 8027 81 31
s 8028 42 19
s 8029 773 413
s 8030 97 52
s 8031 125 78
s 8032 361 173
s 8033 453 249
s 8034 211 94
s 8035 269 136
s 8036 169 92
s 8037 355 193
s 8038 119 67
s 8039 31 17
s 8040 880 495
s 8041 328 185
s 8042 337 174
s 8043 148 86
s 8044 330 166
s 8045 359 163
s 8046 154 77
s 8047 95 46
s 8048 122 61
s 8049 181 107
s 8050 261 137
s 8055 244 139
s 8056 160 86
s 8057 338 202
s 8059 296 153
s 8062 225 116
s 8064 348 177
s 8065 213 112
s 8067 92 50
s 8071 484 273
s 8072 282 145
s 8073 201 105
s 8074 87 51
s 8081 155 74
s 8091 53 24
s 8225 58 33
s 8226 63 30
s 8227 400 220
s 8228 340 187
s 8229 162 90
s 8230 27 11
s 8231 187 92
s 8232 179 106
s 8233 105 55
s 8234 305 179
s 8235 117 59
s 8236 217 116
s 8237 75 34
s 8238 57 24
s 8239 176 84
s 8240 178 97
s 8241 275 146
s 8242 106 64
s 8243 54 24
s 8244 36 25
s 8245 224 97
s 8246 248 138
s 8247 100 62
s 8248 80 33
s 8249 35 19
s 8250 52 23
s 8251 84 36
s 8252 124 67
s 8253 15 5
s 8254 141 80
s 8255 84 38
s 8256 210 116
s 8257 12 4
s 8258 5 3
s 8259 180 107
s 8260 241 132
s 8261 129 64
s 8262 93 48
s 8263 376 216
s 8264 68 36
s 8265 51 27
s 8266 265 130
s 8267 290 162
s 8268 206 113
s 8269 30 17
s 8270 24 16
s 8271 41 17
s 8272 35 24
s 8273 115 64
s 8274 32 20
s 8275 55 21
s 8276 409 219
s 8277 338 178
s 8278 479 240
s 8279 191 102
s 8280 225 109
s 8281 21 13
s 8282 68 38
s 8283 47 23
s 8284 19 9
s 8285 253 124
s 8286 57 32
s 8287 39 23
s 8288 183 96
s 8289 174 85
s 8290 66 35
s 8291 139 74
s 8292 84 44
s 8293 274 161
s 8294 68 40
s 8295 20 12
s 8296 375 195
s 8297 245 140
s 8298 98 45
s 8299 69 35
s 8300 178 101
s 8301 100 53
s 8302 88 47
s 8303 95 48
s 8304 141 83
s 8305 59 38
s 8306 82 46
s 8311 183 105
s 8312 42 23
s 8313 124 65
s 8315 240 122
s 8318 65 25
s 8320 181 95
s 8321 80 34
s 8323 81 34
s 8327 219 107
s 8328 123 65
s 8329 75 37
s 8330 45 18
s 8337 46 28
s 8347 22 15
s 8482 76 32
s 8483 270 143
s 8484 220 116
s 8485 65 30
s 8486 24 10
s 8487 116 52
s 8488 82 39
s 8489 107 44
s 8490 130 69
s 8491 78 43
s 8492 188 85
s 8493 33 17
s 8494 80 39
s 8495 90 46
s 8496 171 93
s 8497 145 74
s 8498 48 30
s 8499 37 21
s 8500 34 18
s 8501 135 64
s 8502 237 120
s 8503 53 20
s 8504 60 37
s 8505 20 12
s 8506 32 15
s 8507 45 24
s 8508 79 47
s 8509 18 7
s 8510 111 61
s 8511 52 21
s 8512 98 52
s 8513 4 2
s 8514 6 5
s 8515 150 83
s 8516 115 65
s 8517 49 25
s 8518 109 58
s 8519 180 97
s 8520 40 18
s 8521 24 9
s 8522 292 146
s 8523 137 76
s 8524 173 100
s 8525 9 3
s 8526 14 5
s 8527 18 7
s 8528 41 18
s 8529 42 19
s 8530 34 13
s 8531 40 15
s 8532 197 104
s 8533 155 86
s 8534 312 167
s 8535 121 67
s 8536 142 80
s 8537 12 5
s 8538 75 43
s 8539 44 24
s 8540 16 8
s 8541 212 99
s 8542 45 27
s 8543 50 27
s 8544 46 19
s 8545 126 56
s 8546 48 20
s 8547 55 25
s 8548 93 42
s 8549 110 59
s 8550 32 19
s 8551 12 3
s 8552 131 67
s 8553 144 75
s 8554 96 51
s 8555 49 26
s 8556 46 25
s 8557 111 39
s 8558 47 22
s 8559 68 31
s 8560 88 56
s 8561 58 29
s 8562 81 36
s 8567 78 36
s 8568 42 20
s 8569 74 33
s 8571 120 54
s 8574 68 35
s 8576 120 73
s 8577 41 27
s 8579 59 32
s 8583 84 41
s 8584 92 48
s 8585 55 22
s 8586 31 15
s 8593 52 23
s 8603 22 10
s 8739 164 79
s 8740 162 81
s 8741 117 55
s 8742 40 19
s 8743 40 12
s 8744 118 52
s 8745 126 56
s 8746 255 145
s 8747 68 32
s 8748 226 113
s 8749 72 32
s 8750 98 55
s 8751 70 32
s 8752 259 122
s 8753 175 79
s 8754 109 49
s 8755 56 31
s 8756 13 5
s 8757 155 69
s 8758 299 163
s 8759 92 39
s 8760 53 29
s 8761 38 20
s 8762 40 18
s 8763 55 13
s 8764 145 77
s 8765 15 7
s 8766 150 76
s 8767 70 33
s 8768 138 61
s 8769 5 4
s 8770 6 0
s 8771 164 79
s 8772 162 79
s 8773 93 35
s 8774 151 63
s 8775 347 175
s 8776 65 34
s 8777 44 11
s 8778 155 71
s 8779 176 83
s 8780 25 9
s 8781 24 12
s 8782 47 17
s 8783 31 12
s 8784 49 18
s 8785 83 42
s 8786 10 1
s 8787 49 23
s 8788 257 124
s 8789 286 155
s 8790 368 165
s 8791 143 65
s 8792 179 91
s 8793 22 9
s 8794 42 21
s 8795 76 24
s 8796 10 8
s 8797 213 95
s 8798 34 12
s 8799 32 16
s 8800 112 49
s 8801 180 86
s 8802 86 33
s 8803 127 65
s 8804 100 49
s 8805 180 92
s 8806 52 27
s 8807 16 8
s 8808 350 184
s 8809 266 132
s 8810 14 10
s 8811 59 28
s 8812 110 52
s 8813 182 76
s 8814 86 48
s 8815 103 50
s 8816 120 53
s 8817 21 9
s 8818 76 25
s 8823 107 56
s 8824 20 9
s 8825 133 65
s 8827 246 122
s 8830 16 9
s 8832 161 76
s 8833 69 35
s 8835 104 50
s 8839 186 96
s 8840 95 38
s 8841 67 22
s 8842 49 25
s 8849 44 18
s 8859 26 12
s 8996 1175 606
s 8997 547 276
s 8998 138 67
s 8999 460 196
s 9000 678 362
s 9001 788 375
s 9002 1429 809
s 9003 375 190
s 9004 1118 576
s 9005 330 171
s 9006 286 124
s 9007 495 224
s 9008 818 413
s 9009 1086 567
s 9010 352 152
s 9011 231 111
s 9012 87 47
s 9013 712 291
s 9014 1358 728
s 9015 363 184
s 9016 256 128
s 9017 181 101
s 9018 171 78
s 9019 242 93
s 9020 653 346
s 9021 86 50
s 9022 563 301
s 9023 396 183
s 9024 736 361
s 9025 50 27
s 9026 29 16
s 9027 891 493
s 9028 837 437
s 9029 485 243
s 9030 595 285
s 9031 1605 842
s 9032 284 136
s 9033 192 89
s 9034 880 431
s 9035 925 477
s 9036 473 259
s 9037 93 53
s 9038 159 78
s 9039 144 65
s 9040 177 76
s 9041 464 253
s 9042 72 37
s 9043 258 114
s 9044 1685 867
s 9045 1413 733
s 9046 1612 800
s 9047 850 417
s 9048 871 449
s 9049 80 38
s 9050 211 102
s 9051 233 107
s 9052 54 32
s 9053 1305 659
s 9054 175 83
s 9055 237 113
s 9056 719 327
s 9057 731 351
s 9058 333 170
s 9059 695 362
s 9060 425 208
s 9061 934 468
s 9062 262 146
s 9063 58 29
s 9064 1621 817
s 9065 879 437
s 9066 239 111
s 9067 256 138
s 9068 675 335
s 9069 465 184
s 9070 327 160
s 9071 399 179
s 9072 548 268
s 9073 147 85
s 9074 373 164
s 9079 544 262
s 9080 161 68
s 9081 450 236
s 9083 779 361
s 9086 164 83
s 9088 652 329
s 9089 362 169
s 9091 314 152
s 9095 709 349
s 9096 441 214
s 9097 305 134
s 9098 183 83
s 9105 186 90
s 9115 93 43
s 9253 417 207
s 9254 64 28
s 9255 483 242
s 9256 563 262
s 9257 599 309
s 9258 743 393
s 9259 288 135
s 9260 939 460
s 9261 302 156
s 9262 276 116
s 9263 414 202
s 9264 735 371
s 9265 711 373
s 9266 319 166
s 9267 209 99
s 9268 79 44
s 9269 660 298
s 9270 1085 566
s 9271 233 100
s 9272 250 136
s 9273 121 62
s 9274 126 61
s 9275 187 83
s 9276 363 197
s 9277 73 31
s 9278 569 303
s 9279 333 163
s 9280 601 285
s 9281 45 23
s 9282 15 12
s 9283 674 372
s 9284 759 399
s 9285 301 137
s 9286 479 253
s 9287 1314 744
s 9288 291 140
s 9289 159 73
s 9290 924 483
s 9291 800 387
s 9292 509 313
s 9293 47 25
s 9294 100 53
s 9295 131 62
s 9296 160 79
s 9297 242 131
s 9298 79 41
s 9299 229 101
s 9300 1383 734
s 9301 1060 518
s 9302 1535 827
s 9303 711 381
s 9304 862 446
s 9305 81 38
s 9306 206 97
s 9307 183 76
s 9308 61 31
s 9309 1171 606
s 9310 173 91
s 9311 163 84
s 9312 354 169
s 9313 551 279
s 9314 207 82
s 9315 302 151
s 9316 321 156
s 9317 832 403
s 9318 190 96
s 9319 52 24
s 9320 930 548
s 9321 773 413
s 9322 286 143
s 9323 243 116
s 9324 402 192
s 9325 473 219
s 9326 288 152
s 9327 393 209
s 9328 500 272
s 9329 152 71
s 9330 341 150
s 9335 547 300
s 9336 153 61
s 9337 453 247
s 9339 807 392
s 9342 172 89
s 9344 611 320
s 9345 206 104
s 9347 353 185
s 9351 451 243
s 9352 351 165
s 9353 193 96
s 9354 155 76
s 9361 174 81
s 9371 84 42
s 9510 46 17
s 9511 255 123
s 9512 95 40
s 9513 245 121
s 9514 433 267
s 9515 171 80
s 9516 370 212
s 9517 73 37
s 9518 116 55
s 9519 230 124
s 9520 296 145
s 9521 406 221
s 9522 65 31
s 9523 48 21
s 9524 39 16
s 9525 236 107
s 9526 422 223
s 9527 112 53
s 9528 114 51
s 9529 29 11
s 9530 41 17
s 9531 95 37
s 9532 194 102
s 9533 43 19
s 9534 105 57
s 9535 130 66
s 9536 132 66
s 9537 16 9
s 9538 3 3
s 9539 314 175
s 9540 168 86
s 9541 142 75
s 9542 164 72
s 9543 312 174
s 9544 67 28
s 9545 70 31
s 9546 473 228
s 9547 191 102
s 9548 339 173
s 9549 39 16
s 9550 49 26
s 9551 29 13
s 9552 66 26
s 9553 144 85
s 9554 38 20
s 9555 53 30
s 9556 302 171
s 9557 308 143
s 9558 354 191
s 9559 121 64
s 9560 222 128
s 9561 33 15
s 9562 84 40
s 9563 56 18
s 9564 41 28
s 9565 394 214
s 9566 82 39
s 9567 61 30
s 9568 177 83
s 9569 215 115
s 9570 119 53
s 9571 191 98
s 9572 70 33
s 9573 180 87
s 9574 49 27
s 9575 14 7
s 9576 482 262
s 9577 216 108
s 9578 169 88
s 9579 88 55
s 9580 205 86
s 9581 186 76
s 9582 85 47
s 9583 60 27
s 9584 70 29
s 9585 96 54
s 9586 122 48
s 9591 104 49
s 9592 68 22
s 9593 90 44
s 9595 186 88
s 9598 116 55
s 9600 178 81
s 9601 106 50
s 9603 53 22
s 9607 235 135
s 9608 155 85
s 9609 96 42
s 9610 63 29
s 9617 76 38
s 9627 28 14
s 9767 57 24
s 9768 41 15
s 9769 50 21
s 9770 41 20
s 9771 36 16
s 9772 83 34
s 9773 27 11
s 9774 42 24
s 9775 35 16
s 9776 93 38
s 9777 51 25
s 9778 58 30
s 9779 18 6
s 9780 12 5
s 9781 79 37
s 9782 112 61
s 9783 13 7
s 9784 22 9
s 9785 14 4
s 9786 20 12
s 9787 25 10
s 9788 18 5
s 9789 12 7
s 9790 48 20
s 9791 37 21
s 9792 61 30
s 9793 7 1
s 9794 4 1
s 9795 47 23
s 9796 57 22
s 9797 10 3
s 9798 43 21
s 9799 98 43
s 9800 25 13
s 9801 23 8
s 9802 121 55
s 9803 85 39
s 9804 76 41
s 9805 3 2
s 9806 5 2
s 9807 18 5
s 9808 19 8
s 9809 18 5
s 9810 16 9
s 9811 22 8
s 9812 96 41
s 9813 77 37
s 9814 158 74
s 9815 55 21
s 9816 55 23
s 9817 16 8
s 9818 36 8
s 9819 22 8
s 9820 10 7
s 9821 102 53
s 9822 15 5
s 9823 13 5
s 9824 11 6
s 9825 44 17
s 9826 15 7
s 9827 12 7
s 9828 43 21
s 9829 65 34
s 9830 16 10
s 9831 11 6
s 9832 42 20
s 9833 117 52
s 9834 40 18
s 9835 25 13
s 9836 17 6
s 9837 61 16
s 9838 24 14
s 9839 40 19
s 9840 43 23
s 9841 30 12
s 9842 31 12
s 9847 47 17
s 9848 14 9
s 9849 51 30
s 9851 89 28
s 9854 25 6
s 9856 69 31
s 9857 7 3
s 9859 43 19
s 9863 23 9
s 9864 47 16
s 9865 16 9
s 9866 13 6
s 9873 26 13
s 9883 8 4
s 10024 297 137
s 10025 370 172
s 10026 664 350
s 10027 139 57
s 10028 522 274
s 10029 144 65
s 10030 132 52
s 10031 237 119
s 10032 449 219
s 10033 459 234
s 10034 164 76
s 10035 118 52
s 10036 25 10
s 10037 404 160
s 10038 747 355
s 10039 209 107
s 10040 148 68
s 10041 75 29
s 10042 78 36
s 10043 88 35
s 10044 332 186
s 10045 21 9
s 10046 328 180
s 10047 173 74
s 10048 338 154
s 10049 29 14
s 10050 17 7
s 10051 485 239
s 10052 395 178
s 10053 281 132
s 10054 256 121
s 10055 707 349
s 10056 162 73
s 10057 103 46
s 10058 301 133
s 10059 435 208
s 10060 133 64
s 10061 48 25
s 10062 87 48
s 10063 62 24
s 10064 87 37
s 10065 180 82
s 10066 24 13
s 10067 118 53
s 10068 777 370
s 10069 693 313
s 10070 866 408
s 10071 419 184
s 10072 465 256
s 10073 39 17
s 10074 103 53
s 10075 98 43
s 10076 30 16
s 10077 592 277
s 10078 82 41
s 10079 85 29
s 10080 316 138
s 10081 369 164
s 10082 196 103
s 10083 251 95
s 10084 194 86
s 10085 456 217
s 10086 126 61
s 10087 30 17
s 10088 737 393
s 10089 450 222
s 10090 74 33
s 10091 106 44
s 10092 349 148
s 10093 279 119
s 10094 153 81
s 10095 202 88
s 10096 259 118
s 10097 37 14
s 10098 166 71
s 10103 355 162
s 10104 59 25
s 10105 211 103
s 10107 449 190
s 10110 60 22
s 10112 378 156
s 10113 187 87
s 10115 180 85
s 10119 371 191
s 10120 168 72
s 10121 142 57
s 10122 101 45
s 10129 116 47
s 10139 61 21
s 10281 285 142
s 10282 468 245
s 10283 186 86
s 10284 428 219
s 10285 83 36
s 10286 120 55
s 10287 395 184
s 10288 342 160
s 10289 420 212
s 10290 87 42
s 10291 54 27
s 10292 54 28
s 10293 268 125
s 10294 473 238
s 10295 104 53
s 10296 144 78
s 10297 42 23
s 10298 53 24
s 10299 134 55
s 10300 223 130
s 10301 37 17
s 10302 110 59
s 10303 125 60
s 10304 181 75
s 10305 19 8
s 10306 6 2
s 10307 337 204
s 10308 180 101
s 10309 186 76
s 10310 197 87
s 10311 361 185
s 10312 84 49
s 10313 65 27
s 10314 469 242
s 10315 235 115
s 10316 410 224
s 10317 39 22
s 10318 44 18
s 10319 36 21
s 10320 82 38
s 10321 161 92
s 10322 51 32
s 10323 44 20
s 10324 421 205
s 10325 375 193
s 10326 395 193
s 10327 160 74
s 10328 279 143
s 10329 23 12
s 10330 97 42
s 10331 52 25
s 10332 32 15
s 10333 511 255
s 10334 101 45
s 10335 81 40
s 10336 218 112
s 10337 273 147
s 10338 109 44
s 10339 200 84
s 10340 97 43
s 10341 238 105
s 10342 60 31
s 10343 18 10
s 10344 526 305
s 10345 188 87
s 10346 213 96
s 10347 102 52
s 10348 218 107
s 10349 220 86
s 10350 76 41
s 10351 91 49
s 10352 104 52
s 10353 115 58
s 10354 144 67
s 10359 119 58
s 10360 104 43
s 10361 109 55
s 10363 186 86
s 10366 104 57
s 10368 195 89
s 10369 120 55
s 10371 61 32
s 10375 243 114
s 10376 162 69
s 10377 103 45
s 10378 73 28
s 10385 90 38
s 10395 24 9
s 10538 364 207
s 10539 248 121
s 10540 98 51
s 10541 145 77
s 10542 64 29
s 10543 292 155
s 10544 69 30
s 10545 411 226
s 10546 151 85
s 10547 86 41
s 10548 59 30
s 10549 295 117
s 10550 71 35
s 10551 152 74
s 10552 113 59
s 10553 57 30
s 10554 79 38
s 10555 122 51
s 10556 234 94
s 10557 41 16
s 10558 266 143
s 10559 126 60
s 10560 323 154
s 10561 18 7
s 10562 10 7
s 10563 42 22
s 10564 410 199
s 10565 197 96
s 10566 51 19
s 10567 560 262
s 10568 114 54
s 10569 78 32
s 10570 1011 517
s 10571 416 196
s 10572 425 237
s 10573 39 19
s 10574 74 31
s 10575 67 32
s 10576 30 16
s 10577 138 63
s 10578 27 14
s 10579 89 42
s 10580 672 324
s 10581 512 259
s 10582 784 414
s 10583 357 175
s 10584 374 199
s 10585 7 4
s 10586 132 64
s 10587 85 42
s 10588 25 9
s 10589 132 75
s 10590 42 24
s 10591 28 10
s 10592 230 100
s 10593 323 165
s 10594 140 71
s 10595 223 103
s 10596 153 74
s 10597 510 256
s 10598 96 47
s 10599 21 13
s 10600 572 302
s 10601 368 189
s 10602 200 91
s 10603 107 51
s 10604 284 124
s 10605 27 13
s 10606 182 90
s 10607 174 84
s 10608 190 92
s 10609 115 60
s 10610 92 43
s 10615 284 139
s 10616 82 35
s 10617 173 97
s 10619 328 153
s 10622 117 56
s 10624 450 225
s 10625 130 68
s 10627 154 76
s 10631 310 161
s 10632 201 95
s 10633 103 48
s 10634 29 13
s 10641 56 23
s 10651 53 23
s 10795 322 178
s 10796 674 376
s 10797 270 153
s 10798 214 97
s 10799 427 220
s 10800 552 332
s 10801 471 277
s 10802 252 145
s 10803 151 78
s 10804 114 73
s 10805 591 276
s 10806 596 322
s 10807 109 50
s 10808 273 170
s 10809 89 49
s 10810 157 73
s 10811 170 91
s 10812 163 83
s 10813 95 54
s 10814 463 273
s 10815 255 126
s 10816 541 279
s 10817 38 16
s 10818 17 10
s 10819 453 266
s 10820 629 369
s 10821 129 65
s 10822 278 144
s 10823 926 536
s 10824 225 120
s 10825 133 65
s 10826 1094 623
s 10827 795 436
s 10828 853 500
s 10829 33 13
s 10830 47 23
s 10831 108 50
s 10832 124 67
s 10833 115 65
s 10834 70 42
s 10835 144 69
s 10836 1043 591
s 10837 779 418
s 10838 1340 734
s 10839 607 352
s 10840 745 450
s 10841 52 32
s 10842 244 125
s 10843 163 83
s 10844 71 48
s 10845 798 412
s 10846 137 62
s 10847 130 75
s 10848 162 94
s 10849 362 206
s 10850 106 54
s 10851 143 66
s 10852 207 105
s 10853 764 422
s 10854 129 70
s 10855 37 23
s 10856 456 279
s 10857 615 344
s 10858 410 202
s 10859 210 118
s 10860 187 107
s 10861 320 149
s 10862 275 159
s 10863 328 175
s 10864 407 216
s 10865 207 113
s 10866 227 105
s 10871 490 287
s 10872 126 65
s 10873 339 190
s 10875 675 337
s 10878 234 152
s 10880 543 297
s 10881 95 42
s 10883 263 150
s 10887 199 116
s 10888 323 170
s 10889 81 42
s 10890 129 70
s 10897 169 88
s 10907 55 26
s 11052 370 186
s 11053 93 48
s 11054 95 41
s 11055 134 57
s 11056 330 156
s 11057 270 146
s 11058 132 65
s 11059 77 38
s 11060 21 9
s 11061 268 115
s 11062 465 231
s 11063 73 35
s 11064 104 53
s 11065 39 22
s 11066 52 25
s 11067 69 36
s 11068 129 57
s 11069 36 19
s 11070 197 107
s 11071 110 47
s 11072 222 116
s 11073 18 11
s 11074 5 0
s 11075 277 139
s 11076 267 145
s 11077 117 62
s 11078 158 72
s 11079 460 232
s 11080 85 38
s 11081 61 31
s 11082 306 152
s 11083 266 124
s 11084 177 93
s 11085 22 14
s 11086 37 17
s 11087 43 19
s 11088 86 41
s 11089 87 51
s 11090 26 17
s 11091 93 42
s 11092 497 254
s 11093 405 190
s 11094 537 267
s 11095 223 114
s 11096 308 158
s 11097 31 18
s 11098 81 38
s 11099 68 31
s 11100 22 12
s 11101 409 180
s 11102 59 29
s 11103 67 39
s 11104 130 51
s 11105 225 112
s 11106 74 34
s 11107 131 58
s 11108 118 49
s 11109 294 146
s 11110 78 47
s 11111 17 9
s 11112 375 193
s 11113 266 120
s 11114 103 41
s 11115 80 43
s 11116 149 69
s 11117 182 73
s 11118 94 45
s 11119 126 60
s 11120 182 92
s 11121 50 23
s 11122 102 52
s 11127 178 77
s 11128 53 23
s 11129 163 68
s 11131 272 108
s 11134 56 31
s 11136 202 98
s 11137 79 47
s 11139 118 57
s 11143 167 84
s 11144 162 80
s 11145 82 30
s 11146 67 36
s 11153 75 33
s 11163 33 14
s 11309 223 106
s 11310 86 42
s 11311 483 250
s 11312 132 62
s 11313 676 343
s 11314 284 145
s 11315 143 66
s 11316 85 40
s 11317 442 196
s 11318 150 63
s 11319 220 103
s 11320 142 73
s 11321 108 51
s 11322 144 65
s 11323 234 104
s 11324 403 212
s 11325 79 42
s 11326 369 185
s 11327 169 82
s 11328 510 247
s 11329 50 20
s 11330 21 13
s 11331 92 49
s 11332 549 289
s 11333 309 146
s 11334 90 39
s 11335 962 519
s 11336 180 93
s 11337 123 62
s 11338 983 538
s 11339 684 364
s 11340 646 352
s 11341 68 31
s 11342 101 63
s 11343 100 48
s 11344 66 30
s 11345 246 130
s 11346 70 40
s 11347 166 74
s 11348 1144 598
s 11349 867 443
s 11350 1246 660
s 11351 557 292
s 11352 598 325
s 11353 17 8
s 11354 229 106
s 11355 125 54
s 11356 70 46
s 11357 277 140
s 11358 61 31
s 11359 51 23
s 11360 355 181
s 11361 630 357
s 11362 222 102
s 11363 448 244
s 11364 253 119
s 11365 703 368
s 11366 149 66
s 11367 39 17
s 11368 1049 552
s 11369 708 369
s 11370 354 190
s 11371 200 101
s 11372 409 195
s 11373 72 32
s 11374 256 137
s 11375 289 140
s 11376 337 168
s 11377 190 105
s 11378 140 65
s 11383 401 209
s 11384 144 65
s 11385 349 187
s 11387 582 278
s 11390 235 122
s 11392 561 295
s 11393 234 119
s 11395 233 131
s 11399 515 299
s 11400 337 165
s 11401 196 89
s 11402 64 32
s 11409 88 45
s 11419 64 28
s 11566 75 26
s 11567 115 53
s 11568 198 95
s 11569 248 143
s 11570 50 26
s 11571 36 12
s 11572 29 17
s 11573 156 67
s 11574 279 144
s 11575 69 35
s 11576 81 37
s 11577 16 9
s 11578 48 15
s 11579 78 31
s 11580 111 58
s 11581 29 13
s 11582 76 43
s 11583 74 30
s 11584 121 56
s 11585 9 6
s 11586 6 5
s 11587 208 104
s 11588 94 55
s 11589 104 46
s 11590 138 57
s 11591 221 115
s 11592 58 27
s 11593 46 24
s 11594 251 138
s 11595 121 51
s 11596 194 99
s 11597 20 8
s 11598 40 19
s 11599 47 13
s 11600 48 28
s 11601 106 57
s 11602 35 21
s 11603 41 18
s 11604 267 132
s 11605 200 107
s 11606 263 140
s 11607 111 45
s 11608 159 92
s 11609 23 12
s 11610 63 30
s 11611 44 21
s 11612 24 15
s 11613 245 118
s 11614 44 24
s 11615 42 22
s 11616 135 69
s 11617 169 94
s 11618 76 37
s 11619 105 49
s 11620 56 28
s 11621 141 70
s 11622 30 14
s 11623 9 3
s 11624 330 155
s 11625 121 64
s 11626 117 54
s 11627 56 35
s 11628 118 60
s 11629 124 46
s 11630 65 35
s 11631 60 23
s 11632 60 35
s 11633 61 34
s 11634 100 46
s 11639 70 34
s 11640 43 13
s 11641 69 36
s 11643 104 50
s 11646 75 29
s 11648 107 56
s 11649 80 46
s 11651 54 22
s 11655 157 63
s 11656 86 32
s 11657 58 26
s 11658 47 22
s 11665 55 20
s 11675 23 12
s 11823 122 52
s 11824 76 36
s 11825 242 127
s 11826 109 42
s 11827 56 25
s 11828 37 21
s 11829 148 56
s 11830 112 48
s 11831 94 58
s 11832 53 23
s 11833 41 17
s 11834 55 26
s 11835 72 34
s 11836 165 70
s 11837 31 13
s 11838 157 65
s 11839 74 28
s 11840 158 76
s 11841 14 6
s 11842 9 3
s 11843 70 34
s 11844 186 90
s 11845 105 49
s 11846 57 28
s 11847 297 139
s 11848 59 21
s 11849 23 6
s 11850 345 169
s 11851 206 91
s 11852 157 69
s 11853 26 7
s 11854 43 22
s 11855 40 17
s 11856 30 15
s 11857 68 39
s 11858 32 17
s 11859 57 23
s 11860 349 150
s 11861 335 159
s 11862 397 173
s 11863 178 87
s 11864 183 78
s 11865 20 7
s 11866 102 46
s 11867 63 24
s 11868 30 13
s 11869 130 65
s 11870 15 8
s 11871 21 9
s 11872 135 61
s 11873 198 84
s 11874 90 35
s 11875 111 50
s 11876 107 46
s 11877 205 103
s 11878 50 15
s 11879 21 10
s 11880 327 160
s 11881 268 133
s 11882 111 53
s 11883 75 42
s 11884 102 58
s 11885 62 26
s 11886 90 43
s 11887 119 48
s 11888 154 66
s 11889 69 30
s 11890 67 23
s 11895 151 67
s 11896 67 28
s 11897 133 64
s 11899 233 97
s 11902 70 32
s 11904 189 96
s 11905 70 25
s 11907 99 45
s 11911 207 96
s 11912 118 36
s 11913 97 39
s 11914 16 6
s 11921 36 11
s 11931 27 9
s 12080 325 149
s 12081 331 180
s 12082 141 65
s 12083 103 53
s 12084 44 25
s 12085 320 129
s 12086 572 296
s 12087 121 48
s 12088 128 56
s 12089 74 37
s 12090 80 37
s 12091 112 51
s 12092 178 85
s 12093 34 19
s 12094 239 123
s 12095 175 85
s 12096 308 131
s 12097 25 10
s 12098 10 5
s 12099 359 199
s 12100 345 161
s 12101 166 77
s 12102 211 96
s 12103 576 293
s 12104 138 57
s 12105 96 53
s 12106 383 199
s 12107 374 178
s 12108 265 141
s 12109 18 10
s 12110 37 16
s 12111 43 20
s 12112 74 31
s 12113 147 73
s 12114 29 19
s 12115 92 42
s 12116 673 356
s 12117 550 273
s 12118 641 324
s 12119 321 152
s 12120 392 196
s 12121 36 15
s 12122 104 53
s 12123 87 41
s 12124 25 14
s 12125 577 265
s 12126 95 43
s 12127 84 38
s 12128 182 80
s 12129 230 117
s 12130 101 53
s 12131 177 95
s 12132 145 62
s 12133 388 198
s 12134 94 50
s 12135 22 12
s 12136 450 234
s 12137 352 185
s 12138 151 79
s 12139 102 51
s 12140 208 101
s 12141 183 67
s 12142 112 55
s 12143 149 74
s 12144 213 112
s 12145 63 32
s 12146 140 67
s 12151 218 96
s 12152 62 31
s 12153 168 87
s 12155 354 137
s 12158 72 29
s 12160 256 133
s 12161 102 50
s 12163 132 62
s 12167 229 127
s 12168 207 103
s 12169 82 45
s 12170 79 33
s 12177 82 35
s 12187 32 13
s 12337 701 371
s 12338 263 152
s 12339 142 73
s 12340 95 53
s 12341 390 183
s 12342 117 45
s 12343 280 139
s 12344 113 60
s 12345 118 67
s 12346 101 55
s 12347 188 100
s 12348 481 280
s 12349 141 74
s 12350 400 211
s 12351 185 81
s 12352 423 201
s 12353 35 15
s 12354 26 12
s 12355 79 33
s 12356 477 248
s 12357 283 134
s 12358 80 45
s 12359 960 539
s 12360 126 68
s 12361 94 46
s 12362 1028 508
s 12363 558 263
s 12364 657 364
s 12365 75 40
s 12366 105 53
s 12367 112 45
s 12368 69 30
s 12369 183 97
s 12370 97 52
s 12371 190 82
s 12372 898 446
s 12373 881 433
s 12374 1154 583
s 12375 473 237
s 12376 629 327
s 12377 17 6
s 12378 290 134
s 12379 233 114
s 12380 70 44
s 12381 239 121
s 12382 33 15
s 12383 39 19
s 12384 285 128
s 12385 609 309
s 12386 238 101
s 12387 294 136
s 12388 290 149
s 12389 649 331
s 12390 136 72
s 12391 49 26
s 12392 938 506
s 12393 766 397
s 12394 359 173
s 12395 242 133
s 12396 322 150
s 12397 53 21
s 12398 302 161
s 12399 330 173
s 12400 359 181
s 12401 270 153
s 12402 143 64
s 12407 371 171
s 12408 170 83
s 12409 322 179
s 12411 638 310
s 12414 215 108
s 12416 519 266
s 12417 220 116
s 12419 302 143
s 12423 547 300
s 12424 382 193
s 12425 237 111
s 12426 30 11
s 12433 114 56
s 12443 80 44
s 12594 267 143
s 12595 145 72
s 12596 104 60
s 12597 575 250
s 12598 839 455
s 12599 157 94
s 12600 234 122
s 12601 99 50
s 12602 118 58
s 12603 150 60
s 12604 214 119
s 12605 70 36
s 12606 476 267
s 12607 272 146
s 12608 524 256
s 12609 34 20
s 12610 24 14
s 12611 596 363
s 12612 655 352
s 12613 167 84
s 12614 374 189
s 12615 902 486
s 12616 236 97
s 12617 120 59
s 12618 822 418
s 12619 612 304
s 12620 589 324
s 12621 38 19
s 12622 50 28
s 12623 105 50
s 12624 153 77
s 12625 128 78
s 12626 64 39
s 12627 171 74
s 12628 959 499
s 12629 805 417
s 12630 1336 703
s 12631 587 307
s 12632 631 349
s 12633 48 26
s 12634 211 116
s 12635 196 100
s 12636 56 38
s 12637 795 434
s 12638 129 68
s 12639 134 78
s 12640 177 99
s 12641 412 215
s 12642 113 54
s 12643 150 71
s 12644 255 135
s 12645 681 351
s 12646 140 78
s 12647 37 17
s 12648 424 248
s 12649 706 402
s 12650 281 144
s 12651 195 107
s 12652 211 112
s 12653 370 175
s 12654 252 150
s 12655 342 187
s 12656 403 227
s 12657 149 73
s 12658 244 126
s 12663 466 240
s 12664 126 58
s 12665 377 207
s 12667 695 355
s 12670 192 87
s 12672 534 287
s 12673 79 48
s 12675 301 157
s 12679 259 155
s 12680 304 144
s 12681 108 56
s 12682 164 67
s 12689 162 88
s 12699 80 47
s 12851 34 12
s 12852 43 27
s 12853 205 88
s 12854 332 177
s 12855 86 41
s 12856 70 30
s 12857 41 17
s 12858 29 16
s 12859 88 40
s 12860 154 73
s 12861 48 26
s 12862 106 53
s 12863 76 36
s 12864 89 44
s 12865 13 7
s 12866 7 4
s 12867 211 117
s 12868 85 51
s 12869 94 47
s 12870 133 80
s 12871 254 137
s 12872 43 21
s 12873 40 18
s 12874 393 219
s 12875 119 68
s 12876 279 147
s 12877 32 17
s 12878 49 30
s 12879 13 3
s 12880 70 32
s 12881 85 50
s 12882 45 28
s 12883 39 16
s 12884 203 104
s 12885 190 93
s 12886 335 177
s 12887 84 41
s 12888 204 129
s 12889 28 19
s 12890 101 56
s 12891 53 27
s 12892 31 13
s 12893 261 136
s 12894 46 23
s 12895 35 20
s 12896 124 54
s 12897 169 89
s 12898 107 55
s 12899 144 70
s 12900 57 33
s 12901 151 71
s 12902 32 17
s 12903 10 6
s 12904 383 212
s 12905 170 91
s 12906 142 66
s 12907 68 42
s 12908 100 54
s 12909 157 72
s 12910 57 31
s 12911 38 12
s 12912 61 41
s 12913 114 71
s 12914 91 47
s 12919 81 46
s 12920 64 36
s 12921 76 43
s 12923 155 74
s 12926 88 40
s 12928 162 88
s 12929 72 35
s 12931 56 25
s 12935 227 102
s 12936 136 68
s 12937 86 38
s 12938 38 24
s 12945 87 42
s 12955 22 11
s 13108 23 14
s 13109 127 59
s 13110 197 88
s 13111 60 35
s 13112 56 23
s 13113 20 10
s 13114 29 16
s 13115 37 17
s 13116 69 29
s 13117 13 7
s 13118 51 26
s 13119 65 27
s 13120 69 30
s 13121 5 3
s 13122 1 1
s 13123 113 63
s 13124 88 44
s 13125 75 34
s 13126 77 29
s 13127 103 49
s 13128 30 19
s 13129 22 11
s 13130 195 96
s 13131 98 52
s 13132 150 70
s 13133 6 4
s 13134 22 8
s 13135 17 5
s 13136 30 15
s 13137 38 19
s 13138 8 4
s 13139 22 11
s 13140 130 66
s 13141 123 59
s 13142 204 101
s 13143 70 29
s 13144 91 49
s 13145 9 5
s 13146 36 20
s 13147 25 12
s 13148 17 9
s 13149 177 82
s 13150 32 20
s 13151 18 8
s 13152 70 35
s 13153 90 39
s 13154 53 30
s 13155 69 33
s 13156 28 15
s 13157 111 48
s 13158 10 6
s 13159 6 2
s 13160 162 84
s 13161 88 48
s 13162 79 40
s 13163 49 25
s 13164 80 41
s 13165 60 25
s 13166 39 18
s 13167 35 19
s 13168 46 19
s 13169 38 18
s 13170 55 31
s 13175 76 33
s 13176 42 20
s 13177 34 13
s 13179 72 25
s 13182 51 16
s 13184 104 56
s 13185 35 16
s 13187 45 25
s 13191 86 48
s 13192 58 29
s 13193 40 23
s 13194 32 12
s 13201 37 18
s 13211 10 4
s 13365 58 36
s 13366 119 71
s 13367 38 25
s 13368 16 8
s 13369 19 12
s 13370 20 15
s 13371 16 11
s 13372 56 30
s 13373 12 3
s 13374 66 34
s 13375 26 11
s 13376 57 32
s 13377 4 2
s 13378 6 3
s 13379 67 34
s 13380 66 33
s 13381 41 21
s 13382 47 25
s 13383 121 68
s 13384 28 15
s 13385 12 4
s 13386 80 40
s 13387 95 50
s 13388 34 25
s 13389 8 4
s 13390 22 11
s 13391 11 6
s 13392 21 12
s 13393 39 22
s 13394 11 11
s 13395 27 13
s 13396 130 70
s 13397 120 70
s 13398 153 76
s 13399 70 39
s 13400 85 50
s 13401 7 5
s 13402 24 12
s 13403 212 135
s 13404 15 11
s 13405 125 54
s 13406 16 9
s 13407 16 6
s 13408 40 25
s 13409 59 32
s 13410 37 10
s 13411 34 19
s 13412 39 18
s 13413 65 33
s 13414 23 14
s 13415 5 2
s 13416 133 72
s 13417 95 56
s 13418 12 6
s 13419 28 14
s 13420 47 26
s 13421 50 22
s 13422 34 15
s 13423 39 24
s 13424 62 38
s 13425 16 10
s 13426 28 12
s 13431 57 24
s 13432 14 3
s 13433 38 22
s 13435 73 37
s 13438 13 5
s 13440 65 33
s 13441 30 17
s 13443 39 21
s 13447 71 40
s 13448 34 17
s 13449 26 14
s 13450 12 4
s 13457 16 10
s 13467 18 12
s 13622 572 255
s 13623 206 93
s 13624 133 55
s 13625 78 40
s 13626 97 39
s 13627 168 61
s 13628 325 154
s 13629 56 23
s 13630 287 141
s 13631 171 69
s 13632 366 161
s 13633 31 10
s 13634 13 5
s 13635 376 174
s 13636 370 163
s 13637 283 126
s 13638 216 97
s 13639 772 365
s 13640 137 59
s 13641 109 43
s 13642 650 274
s 13643 419 176
s 13644 462 208
s 13645 56 29
s 13646 89 47
s 13647 79 36
s 13648 93 36
s 13649 208 91
s 13650 72 33
s 13651 127 43
s 13652 796 347
s 13653 614 273
s 13654 895 400
s 13655 362 141
s 13656 491 223
s 13657 37 21
s 13658 152 55
s 13659 93 40
s 13660 46 24
s 13661 560 239
s 13662 88 27
s 13663 100 47
s 13664 302 109
s 13665 410 172
s 13666 199 80
s 13667 286 100
s 13668 235 110
s 13669 440 191
s 13670 133 64
s 13671 34 17
s 13672 737 335
s 13673 461 213
s 13674 273 119
s 13675 168 71
s 13676 355 142
s 13677 236 105
s 13678 171 79
s 13679 198 85
s 13680 287 123
s 13681 143 57
s 13682 161 61
s 13687 290 136
s 13688 158 70
s 13689 179 75
s 13691 419 165
s 13694 160 67
s 13696 348 152
s 13697 174 78
s 13699 162 72
s 13703 376 174
s 13704 224 97
s 13705 167 58
s 13706 89 41
s 13713 107 40
s 13723 58 19
s 13879 363 191
s 13880 162 78
s 13881 122 66
s 13882 144 80
s 13883 245 110
s 13884 524 286
s 13885 100 55
s 13886 558 323
s 13887 210 98
s 13888 602 296
s 13889 36 18
s 13890 20 9
s 13891 75 40
s 13892 674 377
s 13893 406 201
s 13894 78 38
s 13895 1327 713
s 13896 209 98
s 13897 119 66
s 13898 1239 674
s 13899 833 434
s 13900 903 519
s 13901 91 51
s 13902 123 69
s 13903 121 57
s 13904 93 42
s 13905 200 111
s 13906 82 44
s 13907 190 80
s 13908 1165 625
s 13909 994 512
s 13910 1662 900
s 13911 649 352
s 13912 888 515
s 13913 19 9
s 13914 285 151
s 13915 202 101
s 13916 102 47
s 13917 334 178
s 13918 45 19
s 13919 43 25
s 13920 449 230
s 13921 704 372
s 13922 267 133
s 13923 357 172
s 13924 262 133
s 13925 896 477
s 13926 156 86
s 13927 40 22
s 13928 1196 688
s 13929 821 454
s 13930 509 258
s 13931 312 165
s 13932 465 245
s 13933 47 15
s 13934 323 176
s 13935 372 192
s 13936 477 257
s 13937 256 134
s 13938 162 84
s 13943 545 282
s 13944 244 118
s 13945 483 265
s 13947 855 434
s 13950 282 147
s 13952 730 393
s 13953 236 124
s 13955 345 184
s 13959 588 318
s 13960 414 206
s 13961 273 145
s 13962 63 29
s 13969 110 46
s 13979 100 44
s 14136 92 52
s 14137 22 10
s 14138 48 22
s 14139 66 24
s 14140 26 12
s 14141 28 14
s 14142 300 190
s 14143 81 37
s 14144 168 78
s 14145 3 1
s 14146 8 3
s 14147 192 95
s 14148 171 79
s 14149 28 11
s 14150 126 67
s 14151 455 235
s 14152 66 31
s 14153 53 24
s 14154 377 189
s 14155 213 118
s 14156 306 169
s 14157 10 5
s 14158 10 7
s 14159 44 16
s 14160 54 29
s 14161 39 13
s 14162 28 16
s 14163 53 22
s 14164 261 137
s 14165 226 104
s 14166 439 238
s 14167 179 105
s 14168 292 165
s 14169 20 10
s 14170 80 33
s 14171 70 33
s 14172 15 8
s 14173 320 170
s 14174 44 23
s 14175 39 23
s 14176 25 12
s 14177 138 59
s 14178 36 16
s 14179 27 11
s 14180 107 48
s 14181 222 121
s 14182 37 20
s 14183 12 9
s 14184 84 47
s 14185 238 133
s 14186 182 101
s 14187 81 40
s 14188 36 18
s 14189 149 61
s 14190 87 40
s 14191 113 52
s 14192 161 85
s 14193 76 46
s 14194 100 45
s 14199 146 82
s 14200 58 29
s 14201 131 73
s 14203 214 96
s 14206 86 49
s 14208 183 77
s 14209 15 7
s 14211 95 50
s 14215 44 23
s 14216 121 54
s 14217 22 12
s 14218 61 30
s 14225 61 26
s 14235 25 19
s 14393 45 21
s 14394 38 21
s 14395 57 24
s 14396 140 78
s 14397 28 19
s 14398 92 42
s 14399 77 30
s 14400 143 80
s 14401 15 7
s 14402 7 2
s 14403 119 66
s 14404 164 67
s 14405 103 45
s 14406 62 27
s 14407 309 163
s 14408 53 29
s 14409 37 15
s 14410 236 120
s 14411 199 104
s 14412 133 78
s 14413 30 18
s 14414 40 23
s 14415 30 16
s 14416 36 19
s 14417 90 50
s 14418 24 12
s 14419 74 41
s 14420 346 182
s 14421 280 140
s 14422 355 167
s 14423 169 95
s 14424 206 113
s 14425 9 6
s 14426 66 29
s 14427 47 26
s 14428 15 7
s 14429 146 76
s 14430 39 15
s 14431 32 14
s 14432 130 54
s 14433 147 74
s 14434 56 27
s 14435 136 64
s 14436 81 39
s 14437 204 117
s 14438 53 27
s 14439 14 3
s 14440 344 187
s 14441 184 96
s 14442 82 40
s 14443 64 35
s 14444 140 68
s 14445 61 28
s 14446 65 37
s 14447 98 52
s 14448 130 68
s 14449 39 24
s 14450 52 24
s 14455 135 60
s 14456 48 16
s 14457 87 42
s 14459 222 114
s 14462 52 26
s 14464 153 72
s 14465 75 37
s 14467 80 38
s 14471 144 73
s 14472 104 54
s 14473 75 34
s 14474 24 14
s 14481 34 15
s 14491 39 14
s 14650 18 7
s 14651 30 8
s 14652 38 19
s 14653 15 7
s 14654 50 25
s 14655 28 14
s 14656 53 28
s 14657 9 4
s 14658 3 1
s 14659 80 41
s 14660 65 38
s 14661 27 15
s 14662 42 20
s 14663 106 56
s 14664 35 19
s 14665 26 14
s 14666 157 88
s 14667 67 41
s 14668 105 57
s 14669 6 2
s 14670 11 9
s 14671 5 2
s 14672 24 14
s 14673 30 14
s 14674 11 8
s 14675 23 11
s 14676 109 53
s 14677 94 56
s 14678 177 97
s 14679 52 29
s 14680 79 42
s 14681 12 6
s 14682 50 24
s 14683 20 8
s 14684 8 3
s 14685 126 77
s 14686 18 9
s 14687 19 11
s 14688 36 18
s 14689 60 33
s 14690 22 10
s 14691 38 21
s 14692 42 20
s 14693 79 38
s 14694 21 11
s 14695 12 5
s 14696 101 60
s 14697 85 43
s 14698 56 32
s 14699 23 9
s 14700 36 17
s 14701 78 35
s 14702 35 22
s 14703 41 20
s 14704 42 25
s 14705 33 17
s 14706 47 24
s 14711 40 21
s 14712 23 12
s 14713 27 16
s 14715 83 37
s 14718 26 12
s 14720 63 35
s 14721 25 10
s 14723 34 23
s 14727 52 29
s 14728 43 18
s 14729 29 14
s 14730 25 8
s 14737 36 20
s 14747 9 4
s 14907 45 17
s 14908 73 31
s 14909 20 8
s 14910 55 27
s 14911 58 26
s 14912 41 19
s 14913 8 3
s 14914 1 1
s 14915 111 58
s 14916 78 38
s 14917 49 21
s 14918 63 16
s 14919 152 81
s 14920 24 11
s 14921 32 10
s 14922 143 66
s 14923 72 32
s 14924 140 70
s 14925 16 8
s 14926 19 11
s 14927 34 8
s 14928 29 16
s 14929 48 15
s 14930 15 9
s 14931 25 9
s 14932 138 63
s 14933 96 55
s 14934 135 66
s 14935 54 29
s 14936 108 52
s 14937 7 1
s 14938 39 17
s 14939 31 12
s 14940 16 7
s 14941 147 69
s 14942 25 11
s 14943 29 16
s 14944 67 36
s 14945 79 35
s 14946 46 14
s 14947 62 30
s 14948 36 15
s 14949 72 36
s 14950 23 11
s 14951 8 6
s 14952 159 84
s 14953 82 37
s 14954 63 34
s 14955 30 13
s 14956 68 28
s 14957 79 43
s 14958 34 18
s 14959 37 17
s 14960 55 19
s 14961 35 15
s 14962 47 23
s 14967 39 19
s 14968 38 20
s 14969 30 13
s 14971 75 30
s 14974 47 21
s 14976 73 37
s 14977 41 24
s 14979 26 14
s 14983 78 33
s 14984 44 16
s 14985 30 16
s 14986 27 13
s 14993 39 15
s 15003 13 5
s 15164 85 38
s 15165 16 7
s 15166 120 53
s 15167 70 19
s 15168 123 44
s 15169 8 4
s 15171 148 61
s 15172 154 75
s 15173 56 28
s 15174 101 35
s 15175 244 109
s 15176 61 17
s 15177 41 15
s 15178 171 79
s 15179 163 66
s 15180 92 41
s 15181 16 4
s 15182 21 8
s 15183 28 10
s 15184 39 19
s 15185 63 35
s 15186 18 9
s 15187 48 19
s 15188 297 129
s 15189 227 100
s 15190 289 131
s 15191 153 62
s 15192 171 72
s 15193 19 10
s 15194 55 24
s 15195 62 27
s 15196 14 11
s 15197 240 101
s 15198 45 21
s 15199 52 28
s 15200 84 40
s 15201 108 48
s 15202 62 22
s 15203 96 36
s 15204 66 23
s 15205 176 76
s 15206 42 15
s 15207 19 13
s 15208 199 90
s 15209 170 95
s 15210 56 16
s 15211 50 22
s 15212 76 27
s 15213 100 38
s 15214 60 30
s 15215 101 43
s 15216 91 45
s 15217 32 17
s 15218 83 31
s 15223 115 48
s 15224 19 6
s 15225 78 41
s 15227 187 72
s 15230 32 11
s 15232 124 51
s 15233 48 22
s 15235 75 46
s 15239 114 54
s 15240 81 32
s 15241 46 22
s 15242 32 9
s 15249 42 23
s 15259 28 10
s 15421 55 25
s 15422 231 132
s 15423 143 71
s 15424 285 142
s 15425 15 6
s 15426 7 6
s 15427 304 169
s 15428 307 151
s 15429 40 18
s 15430 196 93
s 15431 478 271
s 15432 107 55
s 15433 58 27
s 15434 613 336
s 15435 339 167
s 15436 435 241
s 15437 9 5
s 15438 14 9
s 15439 54 36
s 15440 95 41
s 15441 51 26
s 15442 45 25
s 15443 99 46
s 15444 498 249
s 15445 406 209
s 15446 742 382
s 15447 315 149
s 15448 347 185
s 15449 36 19
s 15450 163 89
s 15451 149 79
s 15452 35 17
s 15453 467 244
s 15454 79 40
s 15455 68 45
s 15456 29 8
s 15457 173 92
s 15458 28 12
s 15459 53 26
s 15460 142 70
s 15461 388 199
s 15462 56 27
s 15463 22 14
s 15464 115 59
s 15465 436 229
s 15466 239 124
s 15467 134 83
s 15468 36 19
s 15469 222 98
s 15470 107 49
s 15471 209 94
s 15472 261 144
s 15473 133 64
s 15474 122 55
s 15479 245 116
s 15480 76 44
s 15481 250 125
s 15483 446 237
s 15486 118 52
s 15488 344 173
s 15489 15 7
s 15491 183 97
s 15495 39 20
s 15496 182 90
s 15497 41 21
s 15498 67 33
s 15505 97 40
s 15515 25 17
s 15678 55 29
s 15679 34 20
s 15680 51 25
s 15681 9 4
s 15682 4 2
s 15683 62 30
s 15684 55 23
s 15685 25 14
s 15686 55 26
s 15687 133 74
s 15688 18 9
s 15689 21 8
s 15690 67 39
s 15691 67 37
s 15692 34 14
s 15693 15 5
s 15694 18 8
s 15695 9 2
s 15696 18 12
s 15697 25 14
s 15698 8 4
s 15699 27 13
s 15700 121 53
s 15701 118 65
s 15702 120 57
s 15703 53 25
s 15704 64 34
s 15705 24 13
s 15706 30 12
s 15707 37 15
s 15708 13 5
s 15709 69 29
s 15710 14 6
s 15711 21 9
s 15712 28 11
s 15713 56 28
s 15714 44 21
s 15715 47 19
s 15716 45 16
s 15717 86 41
s 15718 20 10
s 15719 7 5
s 15720 120 61
s 15721 138 65
s 15722 15 7
s 15723 21 10
s 15724 38 13
s 15725 78 34
s 15726 40 22
s 15727 52 29
s 15728 54 23
s 15729 17 8
s 15730 20 8
s 15735 52 20
s 15736 8 3
s 15737 48 18
s 15739 99 54
s 15742 9 2
s 15744 68 31
s 15745 27 12
s 15747 56 25
s 15751 70 35
s 15752 55 27
s 15753 32 17
s 15754 12 8
s 15761 26 12
s 15771 8 4
s 15935 124 59
s 15936 168 75
s 15937 16 6
s 15938 10 7
s 15939 342 177
s 15940 171 101
s 15941 187 100
s 15942 192 103
s 15943 256 130
s 15944 77 34
s 15945 79 38
s 15946 518 293
s 15947 230 122
s 15948 461 266
s 15949 32 12
s 15950 64 36
s 15951 38 21
s 15952 106 53
s 15953 120 70
s 15954 46 21
s 15955 63 25
s 15956 371 190
s 15957 314 164
s 15958 446 246
s 15959 221 133
s 15960 213 116
s 15961 29 16
s 15962 115 61
s 15963 87 41
s 15964 48 21
s 15965 462 241
s 15966 74 34
s 15967 67 35
s 15968 212 105
s 15969 274 148
s 15970 143 59
s 15971 181 88
s 15972 72 32
s 15973 245 135
s 15974 69 32
s 15975 16 10
s 15976 501 293
s 15977 217 125
s 15978 232 129
s 15979 114 63
s 15980 205 97
s 15981 219 107
s 15982 105 63
s 15983 135 71
s 15984 167 96
s 15985 128 75
s 15986 151 75
s 15991 149 70
s 15992 132 67
s 15993 140 95
s 15995 174 79
s 15998 135 63
s 16000 225 117
s 16001 95 50
s 16003 115 66
s 16007 356 220
s 16008 156 79
s 16009 133 60
s 16010 60 31
s 16017 120 56
s 16027 35 22
s 16192 171 85
s 16193 22 7
s 16194 9 4
s 16195 137 61
s 16196 173 79
s 16197 92 46
s 16198 99 46
s 16199 322 159
s 16200 68 30
s 16201 64 28
s 16202 302 140
s 16203 208 89
s 16204 228 125
s 16205 27 11
s 16206 42 25
s 16207 32 16
s 16208 40 14
s 16209 120 58
s 16210 25 17
s 16211 47 24
s 16212 381 196
s 16213 316 135
s 16214 373 181
s 16215 175 75
s 16216 183 75
s 16217 16 9
s 16218 86 33
s 16219 64 27
s 16220 26 8
s 16221 219 109
s 16222 50 22
s 16223 54 29
s 16224 152 68
s 16225 143 71
s 16226 86 34
s 16227 140 57
s 16228 97 43
s 16229 209 97
s 16230 78 27
s 16231 19 7
s 16232 360 180
s 16233 221 109
s 16234 121 51
s 16235 78 35
s 16236 138 58
s 16237 102 36
s 16238 87 42
s 16239 97 54
s 16240 117 52
s 16241 68 33
s 16242 72 30
s 16247 127 57
s 16248 64 34
s 16249 110 53
s 16251 149 66
s 16254 72 38
s 16256 167 76
s 16257 88 30
s 16259 82 41
s 16263 180 91
s 16264 110 48
s 16265 79 30
s 16266 36 18
s 16273 56 26
s 16283 37 12
s 16449 18 12
s 16450 6 2
s 16451 391 192
s 16452 202 98
s 16453 207 86
s 16454 244 117
s 16455 451 235
s 16456 114 53
s 16457 87 41
s 16458 564 282
s 16459 269 131
s 16460 457 254
s 16461 45 24
s 16462 68 25
s 16463 40 21
s 16464 91 48
s 16465 184 86
s 16466 50 25
s 16467 66 31
s 16468 499 253
s 16469 408 195
s 16470 518 272
s 16471 164 98
s 16472 283 134
s 16473 46 25
s 16474 119 50
s 16475 76 34
s 16476 23 14
s 16477 555 300
s 16478 112 52
s 16479 86 44
s 16480 286 135
s 16481 344 158
s 16482 159 69
s 16483 224 107
s 16484 140 56
s 16485 316 151
s 16486 82 36
s 16487 15 11
s 16488 629 335
s 16489 252 118
s 16490 241 108
s 16491 130 62
s 16492 289 132
s 16493 225 84
s 16494 113 48
s 16495 96 47
s 16496 97 40
s 16497 126 67
s 16498 183 78
s 16503 146 65
s 16504 125 55
s 16505 119 52
s 16507 230 106
s 16510 130 62
s 16512 266 119
s 16513 140 59
s 16515 87 39
s 16519 272 145
s 16520 185 79
s 16521 126 63
s 16522 76 29
s 16529 125 61
s 16539 36 15
s 16706 1 1
s 16707 29 13
s 16708 24 10
s 16709 11 5
s 16710 13 4
s 16711 45 18
s 16712 12 5
s 16713 6 3
s 16714 39 20
s 16715 19 2
s 16716 24 12
s 16717 10 4
s 16718 3 1
s 16719 3 0
s 16720 11 6
s 16721 10 4
s 16722 3 2
s 16723 7 4
s 16724 42 16
s 16725 35 14
s 16726 43 22
s 16727 24 6
s 16728 35 13
s 16729 2 1
s 16730 13 4
s 16731 16 8
s 16732 5 3
s 16733 51 22
s 16734 10 2
s 16735 14 9
s 16736 13 7
s 16737 21 10
s 16738 10 4
s 16739 12 5
s 16740 11 4
s 16741 23 9
s 16742 5 3
s 16744 36 19
s 16745 27 10
s 16746 20 4
s 16747 8 5
s 16748 14 7
s 16749 22 9
s 16750 13 7
s 16751 12 8
s 16752 23 10
s 16753 14 8
s 16754 11 7
s 16759 23 4
s 16760 8 2
s 16761 13 8
s 16763 26 10
s 16766 11 3
s 16768 25 11
s 16769 4 1
s 16771 12 5
s 16775 31 14
s 16776 23 12
s 16777 9 2
s 16778 9 2
s 16785 8 4
s 16795 3 1
s 16963 18 11
s 16964 9 6
s 16965 17 10
s 16966 12 7
s 16967 23 10
s 16968 4 0
s 16969 3 1
s 16970 32 24
s 16971 10 5
s 16972 14 6
s 16973 1 0
s 16974 5 3
s 16975 1 1
s 16976 7 3
s 16977 8 6
s 16978 7 6
s 16979 3 1
s 16980 12 6
s 16981 11 3
s 16982 23 12
s 16983 7 3
s 16984 18 11
s 16985 1 1
s 16986 6 4
s 16987 2 0
s 16988 3 2
s 16989 22 11
s 16990 2 1
s 16991 1 1
s 16992 7 4
s 16993 12 9
s 16994 6 3
s 16995 8 4
s 16996 7 4
s 16997 8 4
s 16998 1 1
s 16999 2 1
s 17000 31 20
s 17001 15 8
s 17002 15 11
s 17003 10 4
s 17004 10 7
s 17005 15 6
s 17006 6 2
s 17007 4 4
s 17008 1 1
s 17009 7 3
s 17010 6 2
s 17015 7 5
s 17016 8 2
s 17017 8 5
s 17019 10 6
s 17022 5 3
s 17024 6 4
s 17025 6 4
s 17027 4 1
s 17031 13 7
s 17032 6 3
s 17033 7 2
s 17034 3 2
s 17041 5 3
s 17051 1 1
s 17220 467 250
s 17221 238 139
s 17222 59 32
s 17223 757 421
s 17224 117 57
s 17225 68 24
s 17226 765 399
s 17227 582 320
s 17228 567 302
s 17229 49 21
s 17230 81 39
s 17231 84 36
s 17232 43 21
s 17233 169 100
s 17234 59 32
s 17235 141 62
s 17236 777 440
s 17237 679 365
s 17238 981 522
s 17239 390 206
s 17240 564 308
s 17241 7 2
s 17242 196 114
s 17243 113 54
s 17244 57 35
s 17245 180 89
s 17246 27 16
s 17247 25 9
s 17248 326 167
s 17249 381 207
s 17250 183 92
s 17251 235 115
s 17252 169 74
s 17253 565 309
s 17254 117 62
s 17255 39 21
s 17256 758 416
s 17257 516 286
s 17258 294 170
s 17259 163 90
s 17260 330 171
s 17261 22 8
s 17262 202 111
s 17263 243 132
s 17264 322 182
s 17265 150 88
s 17266 87 40
s 17271 318 163
s 17272 122 60
s 17273 244 139
s 17275 481 247
s 17278 183 87
s 17280 416 215
s 17281 163 83
s 17283 196 97
s 17287 418 244
s 17288 259 141
s 17289 181 89
s 17290 48 18
s 17297 92 42
s 17307 57 27
s 17477 245 121
s 17478 254 130
s 17479 542 286
s 17480 117 57
s 17481 89 48
s 17482 710 386
s 17483 253 136
s 17484 524 274
s 17485 46 25
s 17486 77 40
s 17487 36 17
s 17488 105 54
s 17489 201 111
s 17490 51 28
s 17491 91 43
s 17492 577 291
s 17493 507 263
s 17494 609 301
s 17495 213 105
s 17496 427 229
s 17497 35 15
s 17498 123 63
s 17499 88 46
s 17500 46 22
s 17501 639 305
s 17502 126 65
s 17503 102 62
s 17504 329 181
s 17505 373 192
s 17506 159 74
s 17507 283 148
s 17508 121 52
s 17509 327 178
s 17510 96 49
s 17511 24 12
s 17512 848 457
s 17513 314 166
s 17514 288 155
s 17515 148 87
s 17516 320 151
s 17517 298 138
s 17518 146 68
s 17519 109 47
s 17520 152 89
s 17521 149 73
s 17522 223 112
s 17527 185 90
s 17528 128 60
s 17529 115 56
s 17531 264 119
s 17534 186 91
s 17536 281 151
s 17537 157 74
s 17539 95 47
s 17543 392 216
s 17544 237 133
s 17545 171 79
s 17546 95 47
s 17553 148 70
s 17563 42 23
s 17734 147 78
s 17735 387 202
s 17736 90 41
s 17737 48 19
s 17738 412 205
s 17739 301 141
s 17740 386 206
s 17741 9 5
s 17742 7 3
s 17743 52 20
s 17744 65 28
s 17745 32 15
s 17746 30 20
s 17747 64 24
s 17748 423 217
s 17749 269 134
s 17750 642 324
s 17751 267 137
s 17752 327 160
s 17753 16 6
s 17754 93 43
s 17755 56 30
s 17756 13 5
s 17757 423 206
s 17758 68 37
s 17759 44 13
s 17760 18 8
s 17761 152 73
s 17762 29 8
s 17763 19 14
s 17764 115 55
s 17765 325 120
s 17766 46 25
s 17767 9 2
s 17768 90 50
s 17769 283 151
s 17770 190 92
s 17771 96 46
s 17772 39 13
s 17773 173 79
s 17774 94 46
s 17775 129 61
s 17776 172 94
s 17777 81 50
s 17778 116 50
s 17783 196 90
s 17784 61 25
s 17785 233 118
s 17787 269 124
s 17790 101 48
s 17792 237 128
s 17793 10 3
s 17795 117 56
s 17799 41 22
s 17800 121 57
s 17801 32 14
s 17802 73 38
s 17809 50 22
s 17819 17 8
s 17991 472 233
s 17992 96 50
s 17993 54 25
s 17994 559 289
s 17995 306 139
s 17996 335 190
s 17997 43 21
s 17998 56 30
s 17999 66 19
s 18000 47 17
s 18001 101 47
s 18002 44 26
s 18003 66 29
s 18004 508 258
s 18005 420 207
s 18006 701 368
s 18007 311 148
s 18008 319 170
s 18009 9 5
s 18010 132 62
s 18011 90 44
s 18012 23 9
s 18013 139 69
s 18014 27 15
s 18015 28 13
s 18016 198 76
s 18017 278 125
s 18018 152 63
s 18019 167 79
s 18020 169 88
s 18021 332 161
s 18022 79 31
s 18023 18 10
s 18024 503 257
s 18025 316 145
s 18026 178 88
s 18027 133 54
s 18028 175 92
s 18029 27 16
s 18030 136 65
s 18031 154 75
s 18032 188 107
s 18033 95 52
s 18034 92 40
s 18039 196 85
s 18040 103 41
s 18041 178 86
s 18043 308 139
s 18046 127 61
s 18048 296 152
s 18049 123 56
s 18051 134 58
s 18055 292 152
s 18056 168 76
s 18057 96 45
s 18058 33 14
s 18065 52 20
s 18075 44 24
s 18248 217 109
s 18249 151 70
s 18250 1211 652
s 18251 692 360
s 18252 932 548
s 18253 86 50
s 18254 106 59
s 18255 98 38
s 18256 188 91
s 18257 252 121
s 18258 119 68
s 18259 141 52
s 18260 932 476
s 18261 812 411
s 18262 1121 603
s 18263 552 296
s 18264 593 317
s 18265 73 36
s 18266 274 155
s 18267 241 125
s 18268 70 43
s 18269 1148 576
s 18270 198 98
s 18271 176 93
s 18272 400 207
s 18273 589 301
s 18274 262 122
s 18275 411 190
s 18276 219 95
s 18277 624 332
s 18278 157 87
s 18279 31 16
s 18280 1142 574
s 18281 602 321
s 18282 505 262
s 18283 227 108
s 18284 447 232
s 18285 510 222
s 18286 280 160
s 18287 334 168
s 18288 371 197
s 18289 278 151
s 18290 341 171
s 18295 331 173
s 18296 225 100
s 18297 300 171
s 18299 508 244
s 18302 295 155
s 18304 577 293
s 18305 242 136
s 18307 209 125
s 18311 611 355
s 18312 383 187
s 18313 224 128
s 18314 187 94
s 18321 273 133
s 18331 75 42
s 18505 40 13
s 18506 255 127
s 18507 149 72
s 18508 179 88
s 18509 15 5
s 18510 27 13
s 18511 20 8
s 18512 26 11
s 18513 71 39
s 18514 16 7
s 18515 33 11
s 18516 259 110
s 18517 198 82
s 18518 257 118
s 18519 128 50
s 18520 138 64
s 18521 11 5
s 18522 48 18
s 18523 46 21
s 18524 15 9
s 18525 227 107
s 18526 44 19
s 18527 26 13
s 18528 103 41
s 18529 193 89
s 18530 77 28
s 18531 106 48
s 18532 71 36
s 18533 116 46
s 18534 35 12
s 18535 9 4
s 18536 244 129
s 18537 127 51
s 18538 113 48
s 18539 60 27
s 18540 119 54
s 18541 69 32
s 18542 56 31
s 18543 62 29
s 18544 79 38
s 18545 36 21
s 18546 61 29
s 18551 90 38
s 18552 59 25
s 18553 61 22
s 18555 108 39
s 18558 69 35
s 18560 149 66
s 18561 71 37
s 18563 51 27
s 18567 139 75
s 18568 81 27
s 18569 59 33
s 18570 33 17
s 18577 37 17
s 18587 28 11
s 18762 145 61
s 18763 114 55
s 18764 118 73
s 18765 12 4
s 18766 7 3
s 18767 26 11
s 18768 37 18
s 18769 37 15
s 18770 10 5
s 18771 33 11
s 18772 168 64
s 18773 141 66
s 18774 209 105
s 18775 86 41
s 18776 112 56
s 18777 15 12
s 18778 50 21
s 18779 34 16
s 18780 11 8
s 18781 159 75
s 18782 20 10
s 18783 16 8
s 18784 54 24
s 18785 84 43
s 18786 40 19
s 18787 53 22
s 18788 44 17
s 18789 108 49
s 18790 30 10
s 18791 6 2
s 18792 165 83
s 18793 107 52
s 18794 57 29
s 18795 41 17
s 18796 61 30
s 18797 52 30
s 18798 28 13
s 18799 63 27
s 18800 50 21
s 18801 30 13
s 18802 50 27
s 18807 64 27
s 18808 32 11
s 18809 36 12
s 18811 103 44
s 18814 24 10
s 18816 80 48
s 18817 40 20
s 18819 38 17
s 18823 73 40
s 18824 58 28
s 18825 27 11
s 18826 17 4
s 18833 37 11
s 18843 9 3
s 19019 716 395
s 19020 319 169
s 19021 107 53
s 19022 183 92
s 19023 116 43
s 19024 204 109
s 19025 337 175
s 19026 69 42
s 19027 228 101
s 19028 1200 588
s 19029 1199 640
s 19030 1505 764
s 19031 666 335
s 19032 758 406
s 19033 101 57
s 19034 223 105
s 19035 245 116
s 19036 77 43
s 19037 1062 539
s 19038 183 102
s 19039 161 78
s 19040 444 203
s 19041 810 415
s 19042 327 148
s 19043 424 218
s 19044 347 183
s 19045 735 384
s 19046 212 115
s 19047 52 25
s 19048 1586 886
s 19049 911 507
s 19050 218 103
s 19051 263 122
s 19052 508 240
s 19053 610 276
s 19054 300 165
s 19055 420 183
s 19056 511 250
s 19057 140 67
s 19058 269 128
s 19063 475 244
s 19064 145 57
s 19065 414 208
s 19067 844 382
s 19070 132 64
s 19072 606 317
s 19073 359 157
s 19075 392 191
s 19079 723 397
s 19080 377 142
s 19081 315 148
s 19082 185 90
s 19089 230 95
s 19099 98 39
s 19276 558 308
s 19277 46 26
s 19278 111 53
s 19279 59 24
s 19280 104 52
s 19281 258 138
s 19282 64 34
s 19283 80 43
s 19284 742 359
s 19285 562 273
s 19286 695 339
s 19287 259 135
s 19288 482 260
s 19289 49 24
s 19290 144 77
s 19291 79 43
s 19292 54 31
s 19293 853 401
s 19294 126 61
s 19295 131 66
s 19296 373 179
s 19297 432 225
s 19298 190 90
s 19299 324 136
s 19300 137 71
s 19301 399 192
s 19302 115 62
s 19303 37 22
s 19304 846 463
s 19305 348 176
s 19306 291 151
s 19307 151 67
s 19308 352 179
s 19309 294 129
s 19310 151 78
s 19311 160 78
s 19312 167 87
s 19313 147 82
s 19314 219 100
s 19319 224 114
s 19320 172 86
s 19321 148 86
s 19323 315 128
s 19326 157 73
s 19328 363 178
s 19329 174 85
s 19331 122 60
s 19335 440 218
s 19336 237 124
s 19337 169 77
s 19338 108 56
s 19345 130 55
s 19355 56 31
s 19533 72 33
s 19534 130 64
s 19535 121 45
s 19536 103 58
s 19537 238 131
s 19538 39 21
s 19539 180 104
s 19540 955 560
s 19541 903 471
s 19542 1209 645
s 19543 605 341
s 19544 678 394
s 19545 35 19
s 19546 116 51
s 19547 173 100
s 19548 43 23
s 19549 802 442
s 19550 123 66
s 19551 131 87
s 19552 417 221
s 19553 486 278
s 19554 227 112
s 19555 294 148
s 19556 241 130
s 19557 582 313
s 19558 166 95
s 19559 37 20
s 19560 902 513
s 19561 619 323
s 19562 38 13
s 19563 151 72
s 19564 415 216
s 19565 411 168
s 19566 229 118
s 19567 302 155
s 19568 370 211
s 19569 27 13
s 19570 207 97
s 19575 469 265
s 19576 79 38
s 19577 373 202
s 19579 660 337
s 19582 44 22
s 19584 409 219
s 19585 199 106
s 19587 260 137
s 19591 545 302
s 19592 239 119
s 19593 183 89
s 19594 102 41
s 19601 151 70
s 19611 74 41
s 19790 3 3
s 19791 14 5
s 19792 15 4
s 19793 9 3
s 19794 7 3
s 19795 18 7
s 19796 91 39
s 19797 65 28
s 19798 122 50
s 19799 48 29
s 19800 70 41
s 19801 6 3
s 19802 30 11
s 19803 18 8
s 19804 14 7
s 19805 71 36
s 19806 11 3
s 19807 11 7
s 19808 9 6
s 19809 23 9
s 19810 4 2
s 19811 2 0
s 19812 23 9
s 19813 70 34
s 19814 16 2
s 19815 4 0
s 19816 26 15
s 19817 78 49
s 19818 32 17
s 19819 15 7
s 19820 14 9
s 19821 37 20
s 19822 21 12
s 19823 38 24
s 19824 49 25
s 19825 26 14
s 19826 20 6
s 19831 51 25
s 19832 20 9
s 19833 39 24
s 19835 61 24
s 19838 20 6
s 19840 44 25
s 19841 2 2
s 19843 37 20
s 19847 12 4
s 19848 36 16
s 19849 8 3
s 19850 7 2
s 19857 24 11
s 19867 7 2
s 20047 18 9
s 20048 20 11
s 20049 16 6
s 20050 13 9
s 20051 21 11
s 20052 128 62
s 20053 95 49
s 20054 226 127
s 20055 77 41
s 20056 104 62
s 20057 13 6
s 20058 44 19
s 20059 35 12
s 20060 12 8
s 20061 140 72
s 20062 16 5
s 20063 13 7
s 20064 10 4
s 20065 57 32
s 20066 7 5
s 20067 7 5
s 20068 37 19
s 20069 103 57
s 20070 13 7
s 20071 10 8
s 20072 24 11
s 20073 111 62
s 20074 65 36
s 20075 36 22
s 20076 14 8
s 20077 64 38
s 20078 46 22
s 20079 71 34
s 20080 74 38
s 20081 39 20
s 20082 41 16
s 20087 82 43
s 20088 25 13
s 20089 53 30
s 20091 101 40
s 20094 34 15
s 20096 90 44
s 20097 5 4
s 20099 53 32
s 20103 20 10
s 20104 45 24
s 20105 7 4
s 20106 14 7
s 20113 44 26
s 20123 6 3
s 20304 25 11
s 20305 40 24
s 20306 8 4
s 20307 8 4
s 20308 83 34
s 20309 110 52
s 20310 118 63
s 20311 31 13
s 20312 64 31
s 20313 6 3
s 20314 27 15
s 20315 13 5
s 20316 7 2
s 20317 101 41
s 20318 17 9
s 20319 13 5
s 20320 62 32
s 20321 72 33
s 20322 48 17
s 20323 32 15
s 20324 28 8
s 20325 61 31
s 20326 17 4
s 20327 1 0
s 20328 134 54
s 20329 51 22
s 20330 50 23
s 20331 26 10
s 20332 58 26
s 20333 60 33
s 20334 30 12
s 20335 20 7
s 20336 34 17
s 20337 26 11
s 20338 34 12
s 20343 27 17
s 20344 26 10
s 20345 25 7
s 20347 49 14
s 20350 33 12
s 20352 62 28
s 20353 38 17
s 20355 17 8
s 20359 75 35
s 20360 36 16
s 20361 23 13
s 20362 17 7
s 20369 24 11
s 20379 9 5
s 20561 44 24
s 20562 16 9
s 20563 31 12
s 20564 181 99
s 20565 158 72
s 20566 240 114
s 20567 107 51
s 20568 127 68
s 20569 6 0
s 20570 46 23
s 20571 39 14
s 20572 19 8
s 20573 80 36
s 20574 11 2
s 20575 17 7
s 20576 76 38
s 20577 104 51
s 20578 50 18
s 20579 59 33
s 20580 78 31
s 20581 126 68
s 20582 23 9
s 20583 7 5
s 20584 191 96
s 20585 197 99
s 20586 57 29
s 20587 46 25
s 20588 79 37
s 20589 31 12
s 20590 53 28
s 20591 50 22
s 20592 98 50
s 20593 33 13
s 20594 25 13
s 20599 85 47
s 20600 37 15
s 20601 71 34
s 20603 131 64
s 20606 54 28
s 20608 116 53
s 20609 43 28
s 20611 51 18
s 20615 103 54
s 20616 68 29
s 20617 42 10
s 20618 14 6
s 20625 27 10
s 20635 20 9
s 20818 22 16
s 20819 66 32
s 20820 326 164
s 20821 267 123
s 20822 384 199
s 20823 178 93
s 20824 194 110
s 20825 11 3
s 20826 79 45
s 20827 66 31
s 20828 20 9
s 20829 236 118
s 20830 44 26
s 20831 40 25
s 20832 51 29
s 20833 123 69
s 20834 43 20
s 20835 48 28
s 20836 83 42
s 20837 243 127
s 20838 36 19
s 20839 12 5
s 20840 120 70
s 20841 248 127
s 20842 115 59
s 20843 64 26
s 20844 63 26
s 20845 110 47
s 20846 64 36
s 20847 92 46
s 20848 132 60
s 20849 76 44
s 20850 94 53
s 20855 134 62
s 20856 45 16
s 20857 117 63
s 20859 202 107
s 20862 85 46
s 20864 178 107
s 20865 21 13
s 20867 80 39
s 20871 58 27
s 20872 115 57
s 20873 33 15
s 20874 40 18
s 20881 45 20
s 20891 17 10
s 21075 20 15
s 21076 120 66
s 21077 113 59
s 21078 139 79
s 21079 59 33
s 21080 68 39
s 21081 5 3
s 21082 25 15
s 21083 20 5
s 21084 6 1
s 21085 71 35
s 21086 12 8
s 21087 6 2
s 21088 43 23
s 21089 65 32
s 21090 30 14
s 21091 37 21
s 21092 27 7
s 21093 60 39
s 21094 20 13
s 21095 4 4
s 21096 94 56
s 21097 101 53
s 21098 10 7
s 21099 18 10
s 21100 29 13
s 21101 45 21
s 21102 37 19
s 21103 39 21
s 21104 42 23
s 21105 12 7
s 21106 18 12
s 21111 42 23
s 21112 9 4
s 21113 46 30
s 21115 82 40
s 21118 5 3
s 21120 61 33
s 21121 23 9
s 21123 33 17
s 21127 77 38
s 21128 38 20
s 21129 16 5
s 21130 11 8
s 21137 15 9
s 21147 11 4
s 21332 154 76
s 21333 140 56
s 21334 204 101
s 21335 67 41
s 21336 108 59
s 21337 14 5
s 21338 58 31
s 21339 25 13
s 21340 17 12
s 21341 159 66
s 21342 40 17
s 21343 40 18
s 21344 70 37
s 21345 112 50
s 21346 60 18
s 21347 92 46
s 21348 47 21
s 21349 93 34
s 21350 32 18
s 21351 5 3
s 21352 218 116
s 21353 92 49
s 21354 96 41
s 21355 48 23
s 21356 76 35
s 21357 99 41
s 21358 59 20
s 21359 44 19
s 21360 43 21
s 21361 47 27
s 21362 65 29
s 21367 55 25
s 21368 49 25
s 21369 46 24
s 21371 99 39
s 21374 59 21
s 21376 98 42
s 21377 47 20
s 21379 32 16
s 21383 121 63
s 21384 83 40
s 21385 61 18
s 21386 31 13
s 21393 47 28
s 21403 18 5
s 21589 845 451
s 21590 1244 656
s 21591 498 249
s 21592 634 329
s 21593 71 35
s 21594 301 147
s 21595 162 71
s 21596 64 30
s 21597 1189 587
s 21598 233 131
s 21599 190 101
s 21600 441 208
s 21601 598 325
s 21602 287 129
s 21603 470 222
s 21604 237 110
s 21605 739 370
s 21606 165 75
s 21607 36 21
s 21608 1224 622
s 21609 640 350
s 21610 466 237
s 21611 219 117
s 21612 447 226
s 21613 519 228
s 21614 270 134
s 21615 245 131
s 21616 318 163
s 21617 253 139
s 21618 387 178
s 21623 390 194
s 21624 213 102
s 21625 336 163
s 21627 553 274
s 21630 284 135
s 21632 538 267
s 21633 253 126
s 21635 226 112
s 21639 575 327
s 21640 398 178
s 21641 249 119
s 21642 246 137
s 21649 244 117
s 21659 57 21
s 21846 1252 613
s 21847 493 253
s 21848 609 338
s 21849 78 43
s 21850 303 157
s 21851 175 72
s 21852 97 57
s 21853 957 497
s 21854 187 89
s 21855 142 73
s 21856 306 143
s 21857 556 260
s 21858 211 113
s 21859 280 119
s 21860 235 125
s 21861 578 301
s 21862 114 57
s 21863 33 16
s 21864 912 476
s 21865 577 294
s 21866 472 227
s 21867 258 121
s 21868 335 168
s 21869 487 223
s 21870 291 139
s 21871 248 128
s 21872 330 170
s 21873 289 151
s 21874 292 133
s 21879 360 173
s 21880 218 96
s 21881 267 146
s 21883 567 265
s 21886 288 167
s 21888 512 262
s 21889 212 109
s 21891 216 110
s 21895 491 268
s 21896 395 167
s 21897 231 109
s 21898 178 87
s 21905 220 101
s 21915 76 38
s 22103 670 340
s 22104 823 447
s 22105 80 38
s 22106 313 156
s 22107 227 103
s 22108 107 52
s 22109 1493 724
s 22110 247 136
s 22111 215 115
s 22112 686 351
s 22113 975 500
s 22114 457 219
s 22115 505 228
s 22116 383 192
s 22117 732 346
s 22118 259 118
s 22119 62 27
s 22120 1664 884
s 22121 741 382
s 22122 612 318
s 22123 347 169
s 22124 785 384
s 22125 714 296
s 22126 369 195
s 22127 357 178
s 22128 456 218
s 22129 308 164
s 22130 435 200
s 22135 436 223
s 22136 315 156
s 22137 392 231
s 22139 652 288
s 22142 387 186
s 22144 746 355
s 22145 427 217
s 22147 342 161
s 22151 934 511
s 22152 476 220
s 22153 398 189
s 22154 243 104
s 22161 323 149
s 22171 121 71
s 22360 376 203
s 22361 29 14
s 22362 118 65
s 22363 57 23
s 22364 41 26
s 22365 692 336
s 22366 106 55
s 22367 108 47
s 22368 302 149
s 22369 422 203
s 22370 186 90
s 22371 239 118
s 22372 133 62
s 22373 316 156
s 22374 88 41
s 22375 25 8
s 22376 660 360
s 22377 242 125
s 22378 312 149
s 22379 133 65
s 22380 294 131
s 22381 295 129
s 22382 160 83
s 22383 82 34
s 22384 94 45
s 22385 111 55
s 22386 205 105
s 22391 158 73
s 22392 144 64
s 22393 95 48
s 22395 254 108
s 22398 159 76
s 22400 331 167
s 22401 200 88
s 22403 87 38
s 22407 413 220
s 22408 198 88
s 22409 154 71
s 22410 98 50
s 22417 121 52
s 22427 59 33
s 22617 53 21
s 22618 146 82
s 22619 128 69
s 22620 50 24
s 22621 848 441
s 22622 135 63
s 22623 99 55
s 22624 301 164
s 22625 394 210
s 22626 211 106
s 22627 256 129
s 22628 161 82
s 22629 485 233
s 22630 114 56
s 22631 27 12
s 22632 933 497
s 22633 418 245
s 22634 288 150
s 22635 160 84
s 22636 340 181
s 22637 340 166
s 22638 178 110
s 22639 232 120
s 22640 259 130
s 22641 129 76
s 22642 235 121
s 22647 321 165
s 22648 156 81
s 22649 250 135
s 22651 374 187
s 22654 161 87
s 22656 390 193
s 22657 191 99
s 22659 173 85
s 22663 501 287
s 22664 270 135
s 22665 206 105
s 22666 130 77
s 22673 154 81
s 22683 54 29
s 22874 26 14
s 22875 17 8
s 22876 9 4
s 22877 20 9
s 22878 3 1
s 22879 1 1
s 22880 27 13
s 22881 32 12
s 22882 18 13
s 22883 28 9
s 22884 11 5
s 22885 57 26
s 22886 15 5
s 22887 4 1
s 22888 79 34
s 22889 78 40
s 22890 24 13
s 22891 25 12
s 22892 26 14
s 22893 9 4
s 22894 24 13
s 22895 32 12
s 22896 30 15
s 22897 26 15
s 22898 22 9
s 22903 36 22
s 22904 12 6
s 22905 20 8
s 22907 53 28
s 22910 17 8
s 22912 35 10
s 22913 15 6
s 22915 17 9
s 22919 35 22
s 22920 39 17
s 22921 25 9
s 22922 3 2
s 22929 19 6
s 22939 7 2
s 23131 71 35
s 23132 25 12
s 23133 251 128
s 23134 47 19
s 23135 36 20
s 23136 93 38
s 23137 156 75
s 23138 89 47
s 23139 140 66
s 23140 79 34
s 23141 160 82
s 23142 45 19
s 23143 15 9
s 23144 329 168
s 23145 235 106
s 23146 73 31
s 23147 46 24
s 23148 87 39
s 23149 179 82
s 23150 85 46
s 23151 98 46
s 23152 110 59
s 23153 34 19
s 23154 81 39
s 23159 96 37
s 23160 31 19
s 23161 101 57
s 23163 176 85
s 23166 43 25
s 23168 124 67
s 23169 65 32
s 23171 86 43
s 23175 193 112
s 23176 103 51
s 23177 85 46
s 23178 46 20
s 23185 50 26
s 23195 24 13
s 23388 20 13
s 23389 214 99
s 23390 38 9
s 23391 23 15
s 23392 92 44
s 23393 147 64
s 23394 54 23
s 23395 96 45
s 23396 63 26
s 23397 130 59
s 23398 32 12
s 23399 3 3
s 23400 258 130
s 23401 168 82
s 23402 86 35
s 23403 53 25
s 23404 65 35
s 23405 117 43
s 23406 59 29
s 23407 62 30
s 23408 52 30
s 23409 69 41
s 23410 49 23
s 23415 58 24
s 23416 38 11
s 23417 58 31
s 23419 138 71
s 23422 39 12
s 23424 111 58
s 23425 48 19
s 23427 39 14
s 23431 143 70
s 23432 201 100
s 23433 72 33
s 23434 31 10
s 23441 46 21
s 23451 36 18
s 23645 60 29
s 23646 17 11
s 23647 14 8
s 23648 24 13
s 23649 38 15
s 23650 10 3
s 23651 21 12
s 23652 20 10
s 23653 45 33
s 23654 9 5
s 23655 6 4
s 23656 75 45
s 23657 67 34
s 23658 37 20
s 23659 26 18
s 23660 17 10
s 23661 49 22
s 23662 28 13
s 23663 42 20
s 23664 33 22
s 23665 13 5
s 23666 17 8
s 23671 53 31
s 23672 12 4
s 23673 37 21
s 23675 49 26
s 23678 13 9
s 23680 54 29
s 23681 13 5
s 23683 34 16
s 23687 31 16
s 23688 22 12
s 23689 22 15
s 23690 11 3
s 23697 19 8
s 23707 5 4
s 23902 88 41
s 23903 68 40
s 23904 478 213
s 23905 626 307
s 23906 291 126
s 23907 398 196
s 23908 318 146
s 23909 810 397
s 23910 196 97
s 23911 51 30
s 23912 1074 570
s 23913 715 376
s 23914 370 189
s 23915 275 130
s 23916 536 249
s 23917 124 48
s 23918 299 162
s 23919 318 161
s 23920 440 234
s 23921 163 82
s 23922 190 93
s 23927 508 263
s 23928 200 93
s 23929 425 221
s 23931 707 316
s 23934 242 125
s 23936 696 360
s 23937 227 113
s 23939 304 137
s 23943 605 310
s 23944 381 161
s 23945 230 96
s 23946 70 34
s 23953 112 57
s 23963 97 46
s 24159 10 4
s 24160 89 40
s 24161 93 36
s 24162 35 17
s 24163 69 27
s 24164 42 16
s 24165 117 54
s 24166 31 18
s 24167 13 7
s 24168 179 94
s 24169 138 77
s 24170 61 23
s 24171 37 22
s 24172 85 37
s 24173 15 5
s 24174 53 28
s 24175 42 19
s 24176 62 28
s 24177 35 19
s 24178 32 14
s 24183 92 48
s 24184 34 14
s 24185 66 28
s 24187 128 69
s 24190 39 19
s 24192 99 51
s 24193 38 19
s 24195 54 27
s 24199 97 48
s 24200 65 32
s 24201 40 18
s 24202 13 2
s 24209 14 7
s 24219 16 7
s 24416 67 38
s 24417 98 53
s 24418 35 16
s 24419 80 35
s 24420 49 24
s 24421 113 67
s 24422 28 16
s 24423 10 7
s 24424 170 89
s 24425 104 58
s 24426 55 26
s 24427 52 25
s 24428 67 31
s 24429 15 3
s 24430 39 22
s 24431 51 25
s 24432 69 33
s 24433 33 16
s 24434 38 19
s 24439 77 39
s 24440 25 12
s 24441 62 31
s 24443 107 50
s 24446 38 20
s 24448 79 45
s 24449 34 20
s 24451 43 22
s 24455 78 42
s 24456 58 31
s 24457 23 14
s 24458 9 2
s 24465 14 8
s 24475 21 6
s 24673 152 76
s 24674 20 9
s 24675 38 14
s 24676 114 56
s 24677 361 178
s 24678 56 30
s 24679 16 11
s 24680 83 43
s 24681 306 168
s 24682 169 85
s 24683 109 60
s 24684 31 11
s 24685 156 75
s 24686 125 56
s 24687 145 58
s 24688 208 106
s 24689 84 53
s 24690 142 58
s 24695 219 110
s 24696 77 32
s 24697 168 92
s 24699 279 124
s 24702 105 44
s 24704 269 132
s 24705 16 9
s 24707 141 73
s 24711 38 18
s 24712 154 68
s 24713 23 9
s 24714 76 35
s 24721 85 35
s 24731 27 13
s 24930 125 55
s 24931 99 45
s 24932 190 86
s 24933 447 223
s 24934 100 48
s 24935 22 11
s 24936 457 249
s 24937 706 372
s 24938 268 123
s 24939 181 75
s 24940 153 75
s 24941 344 151
s 24942 219 102
s 24943 218 122
s 24944 288 137
s 24945 146 76
s 24946 187 88
s 24951 265 139
s 24952 111 48
s 24953 229 121
s 24955 407 173
s 24958 167 85
s 24960 453 237
s 24961 91 47
s 24963 194 90
s 24967 312 176
s 24968 265 119
s 24969 116 59
s 24970 120 66
s 24977 138 67
s 24987 54 33
s 25187 19 7
s 25188 106 52
s 25189 233 106
s 25190 44 20
s 25191 10 6
s 25192 66 36
s 25193 251 125
s 25194 114 57
s 25195 56 28
s 25196 20 11
s 25197 140 60
s 25198 83 34
s 25199 128 58
s 25200 123 53
s 25201 73 30
s 25202 99 42
s 25207 135 62
s 25208 56 20
s 25209 112 45
s 25211 210 88
s 25214 74 26
s 25216 183 84
s 25217 26 11
s 25219 105 39
s 25223 45 23
s 25224 115 49
s 25225 31 11
s 25226 47 20
s 25233 62 32
s 25243 14 4
s 25444 89 42
s 25445 310 141
s 25446 58 23
s 25447 4 2
s 25448 103 51
s 25449 325 152
s 25450 152 70
s 25451 79 44
s 25452 39 20
s 25453 177 71
s 25454 85 44
s 25455 108 47
s 25456 150 76
s 25457 125 58
s 25458 131 64
s 25463 207 100
s 25464 61 22
s 25465 122 63
s 25467 292 136
s 25470 86 40
s 25472 200 107
s 25473 16 9
s 25475 94 41
s 25479 24 9
s 25480 137 60
s 25481 27 15
s 25482 81 37
s 25489 83 33
s 25499 35 15
s 25701 165 79
s 25702 33 14
s 25703 10 5
s 25704 360 166
s 25705 204 81
s 25706 150 64
s 25707 89 39
s 25708 105 52
s 25709 166 62
s 25710 85 43
s 25711 66 32
s 25712 93 34
s 25713 79 36
s 25714 111 49
s 25719 83 37
s 25720 67 35
s 25721 82 42
s 25723 168 75
s 25726 109 54
s 25728 208 97
s 25729 82 41
s 25731 69 42
s 25735 209 113
s 25736 104 45
s 25737 71 29
s 25738 52 30
s 25745 76 33
s 25755 25 13
s 25958 110 50
s 25959 33 13
s 25960 1430 774
s 25961 402 212
s 25962 349 166
s 25963 190 106
s 25964 365 171
s 25965 321 144
s 25966 175 84
s 25967 164 84
s 25968 184 92
s 25969 161 66
s 25970 268 113
s 25975 246 116
s 25976 151 70
s 25977 179 75
s 25979 353 179
s 25982 190 98
s 25984 358 184
s 25985 184 81
s 25987 170 86
s 25991 423 208
s 25992 290 126
s 25993 183 95
s 25994 117 55
s 26001 176 81
s 26011 59 32
s 26215 7 6
s 26216 158 90
s 26217 111 58
s 26218 67 32
s 26219 48 23
s 26220 53 22
s 26221 92 40
s 26222 40 19
s 26223 45 22
s 26224 59 33
s 26225 52 29
s 26226 53 27
s 26231 63 37
s 26232 29 12
s 26233 57 29
s 26235 102 46
s 26238 47 17
s 26240 90 40
s 26241 34 19
s 26243 48 21
s 26247 78 37
s 26248 61 27
s 26249 56 28
s 26250 32 19
s 26257 38 19
s 26267 12 3
s 26472 34 18
s 26473 26 8
s 26474 23 14
s 26475 7 1
s 26476 15 5
s 26477 28 16
s 26478 11 7
s 26479 12 8
s 26480 19 10
s 26481 14 8
s 26482 11 3
s 26487 26 11
s 26488 11 3
s 26489 13 8
s 26491 26 11
s 26494 15 7
s 26496 22 13
s 26497 4 1
s 26499 14 9
s 26503 15 11
s 26504 17 9
s 26505 14 5
s 26506 5 1
s 26513 17 11
s 26523 4 3
s 26729 1012 545
s 26730 470 237
s 26731 245 125
s 26732 121 63
s 26733 528 255
s 26734 275 141
s 26735 440 219
s 26736 491 264
s 26737 304 176
s 26738 334 158
s 26743 559 290
s 26744 162 86
s 26745 457 239
s 26747 937 497
s 26750 286 146
s 26752 771 399
s 26753 56 24
s 26755 369 188
s 26759 141 82
s 26760 464 210
s 26761 104 47
s 26762 177 85
s 26769 241 113
s 26779 75 47
s 26986 369 190
s 26987 186 81
s 26988 295 139
s 26989 438 189
s 26990 180 92
s 26991 185 98
s 26992 219 117
s 26993 275 145
s 26994 197 96
s 26999 232 118
s 27000 161 74
s 27001 200 103
s 27003 393 197
s 27006 207 115
s 27008 352 201
s 27009 214 101
s 27011 155 73
s 27015 501 270
s 27016 331 170
s 27017 246 129
s 27018 111 58
s 27025 172 88
s 27035 59 27
s 27243 79 44
s 27244 223 108
s 27245 218 97
s 27246 132 68
s 27247 172 81
s 27248 203 104
s 27249 20 10
s 27250 94 37
s 27255 228 114
s 27256 48 24
s 27257 195 108
s 27259 364 168
s 27262 19 6
s 27264 250 130
s 27265 110 50
s 27267 138 65
s 27271 320 167
s 27272 135 67
s 27273 109 47
s 27274 67 29
s 27281 67 26
s 27291 54 29
s 27500 113 47
s 27501 133 67
s 27502 70 35
s 27503 92 37
s 27504 119 62
s 27505 46 26
s 27506 54 27
s 27511 112 56
s 27512 39 15
s 27513 96 49
s 27515 180 83
s 27518 56 29
s 27520 141 77
s 27521 74 39
s 27523 91 50
s 27527 174 91
s 27528 67 37
s 27529 57 30
s 27530 37 17
s 27537 68 35
s 27547 15 8
s 27757 161 74
s 27758 104 47
s 27759 135 68
s 27760 180 88
s 27761 75 36
s 27762 130 61
s 27767 257 115
s 27768 55 30
s 27769 168 83
s 27771 330 145
s 27774 122 50
s 27776 301 135
s 27777 28 14
s 27779 116 45
s 27783 61 35
s 27784 142 73
s 27785 29 13
s 27786 72 39
s 27793 96 36
s 27803 29 12
s 28014 154 75
s 28015 216 94
s 28016 253 120
s 28017 149 74
s 28018 81 40
s 28023 189 102
s 28024 128 60
s 28025 197 86
s 28027 400 167
s 28030 154 62
s 28032 296 124
s 28033 139 54
s 28035 163 73
s 28039 310 146
s 28040 221 92
s 28041 155 57
s 28042 23 14
s 28049 58 23
s 28059 57 23
s 28271 87 45
s 28272 98 61
s 28273 85 55
s 28274 88 37
s 28279 120 60
s 28280 71 39
s 28281 109 52
s 28283 177 77
s 28286 70 41
s 28288 176 98
s 28289 71 43
s 28291 86 40
s 28295 161 100
s 28296 119 54
s 28297 68 34
s 28298 40 19
s 28305 65 34
s 28315 23 10
s 28528 67 28
s 28529 136 69
s 28530 89 36
s 28535 108 54
s 28536 99 46
s 28537 71 29
s 28539 177 88
s 28542 92 35
s 28544 156 71
s 28545 99 44
s 28547 52 22
s 28551 232 122
s 28552 168 82
s 28553 119 59
s 28554 57 23
s 28561 95 57
s 28571 22 10
s 28785 115 59
s 28786 135 76
s 28791 129 64
s 28792 123 54
s 28793 85 37
s 28795 199 107
s 28798 150 70
s 28800 224 106
s 28801 112 57
s 28803 77 45
s 28807 302 165
s 28808 160 73
s 28809 108 48
s 28810 88 34
s 28817 110 46
s 28827 32 18
s 29042 49 20
s 29047 96 51
s 29048 18 15
s 29049 112 60
s 29051 223 108
s 29054 12 5
s 29056 124 67
s 29057 48 26
s 29059 86 40
s 29063 188 115
s 29064 88 40
s 29065 66 29
s 29066 36 20
s 29073 36 16
s 29083 20 13
s 29303 151 61
s 29304 63 25
s 29305 127 52
s 29307 245 106
s 29310 75 42
s 29312 195 80
s 29313 91 34
s 29315 85 33
s 29319 175 93
s 29320 114 49
s 29321 65 28
s 29322 36 11
s 29329 44 20
s 29339 25 8
s 30584 106 55
s 30585 109 56
s 30587 208 97
s 30590 148 63
s 30592 231 109
s 30593 147 75
s 30595 77 39
s 30599 313 165
s 30600 161 92
s 30601 160 74
s 30602 67 34
s 30609 106 52
s 30619 32 15
s 30841 91 50
s 30843 179 79
s 30846 29 7
s 30848 128 51
s 30849 29 15
s 30851 68 34
s 30855 117 51
s 30856 67 31
s 30857 43 21
s 30858 28 16
s 30865 31 9
s 30875 25 12
s 31099 179 82
s 31102 111 65
s 31104 176 105
s 31105 103 56
s 31107 68 36
s 31111 262 141
s 31112 158 85
s 31113 158 77
s 31114 59 22
s 31121 108 47
s 31131 34 15
s 31614 218 104
s 31616 361 189
s 31617 177 78
s 31619 119 51
s 31623 427 214
s 31624 305 137
s 31625 251 107
s 31626 117 56
s 31633 182 71
s 31643 54 19
s 32384 157 84
s 32385 71 30
s 32387 97 53
s 32391 174 86
s 32392 101 39
s 32393 69 35
s 32394 51 30
s 32401 43 14
s 32411 27 11
s 32897 205 93
s 32899 149 69
s 32903 342 175
s 32904 248 99
s 32905 172 78
s 32906 87 39
s 32913 140 70
s 32923 63 32
s 33155 99 50
s 33159 39 25
s 33160 87 35
s 33161 25 12
s 33162 44 17
s 33169 51 23
s 33179 15 7
s 33671 217 108
s 33672 122 66
s 33673 85 41
s 33674 38 18
s 33681 86 39
s 33691 23 10
s 34696 251 127
s 34697 57 29
s 34698 88 42
s 34705 121 52
s 34715 42 23
s 34953 141 55
s 34954 76 34
s 34961 85 36
s 34971 45 15
s 35210 38 20
s 35217 59 29
s 35227 21 6
s 35473 20 7
s 35483 15 8
s 37275 23 13
