n 50000
b 1 7276 3679
b 2 8525 4270
b 3 1219 608
b 4 1462 764
b 5 7341 3746
b 6 9953 4554
b 7 7563 3824
b 8 9391 5037
b 9 6415 3287
b 10 1651 774
b 11 4481 1929
b 12 6125 3262
b 13 1370 649
b 14 14539 7406
b 15 3195 1590
b 16 1652 787
b 17 2755 1307
b 18 5279 2832
b 19 3341 1403
b 20 4695 2421
b 21 8680 4228
b 22 6610 3282
b 23 2002 1009
b 25 7741 3601
b 26 12243 5928
b 27 8835 4601
b 28 3486 1703
b 29 8435 4145
b 30 8143 4332
b 31 5185 2746
b 32 2564 1367
b 33 1602 806
b 34 2288 1090
b 35 9585 4800
b 36 8068 4090
b 37 2937 1459
b 38 814 377
b 39 4775 2225
b 40 3386 1684
b 41 3547 1739
b 42 6564 3601
b 43 2929 1422
b 44 5858 3012
b 45 1953 976
b 46 2181 970
b 47 3787 1891
b 48 6052 3049
b 49 6702 3538
b 50 2411 1252
b 51 1170 566
b 52 908 505
b 53 4805 2061
b 54 7581 3957
b 55 2299 1169
b 56 2096 1036
b 57 913 485
b 58 1145 546
b 59 1778 776
b 60 3712 1917
b 61 1044 502
b 62 3659 1949
b 63 2106 985
b 64 3700 1768
b 65 333 143
b 66 181 88
b 67 4882 2573
b 68 4626 2409
b 69 2730 1311
b 70 2854 1371
b 71 8014 4181
b 72 1605 763
b 73 1137 538
b 74 8819 4520
b 75 5317 2659
b 76 6502 3465
b 77 646 310
b 78 968 497
b 79 862 372
b 80 1356 647
b 81 2076 1073
b 82 880 503
b 83 1486 695
b 84 8326 4147
b 85 7518 3707
b 86 10423 5289
b 87 4144 2076
b 88 5907 3171
b 89 542 266
b 90 2327 1169
b 91 1792 845
b 92 678 365
b 93 6780 3318
b 94 1236 619
b 95 1046 538
b 96 3000 1457
b 97 4787 2430
b 98 2057 926
b 99 2795 1361
b 100 2122 999
b 101 5754 2855
b 102 1329 662
b 103 358 181
b 104 8380 4468
b 105 6176 3153
b 106 3447 1709
b 107 2057 1062
b 108 3099 1500
b 109 3708 1619
b 110 2302 1217
b 111 2758 1358
b 112 3263 1632
b 113 2139 1131
b 114 2222 979
b 119 3553 1714
b 120 1538 708
b 121 3022 1591
b 123 5566 2615
b 126 1959 938
b 128 4576 2252
b 129 1593 770
b 131 2290 1116
b 135 4463 2419
b 136 3498 1625
b 137 2134 988
b 138 1126 541
b 145 1774 810
b 155 655 312
v 258 533 211
v 259 90 44
v 260 147 70
v 261 559 257
v 262 775 392
v 263 540 241
v 264 683 315
v 265 421 210
v 266 132 69
v 267 336 188
v 268 502 229
v 269 98 54
v 270 974 477
v 271 242 136
v 272 100 60
v 273 223 125
v 274 353 160
v 275 212 132
v 276 337 171
v 277 595 316
v 278 572 293
v 279 143 63
v 281 577 319
v 282 932 481
v 283 649 300
v 284 227 119
v 285 587 310
v 286 605 291
v 287 464 238
v 288 189 99
v 289 99 53
v 290 252 148
v 291 627 299
v 292 627 328
v 293 217 109
v 294 59 39
v 295 340 184
v 296 223 106
v 297 297 149
v 298 536 277
v 299 228 123
v 300 506 230
v 301 158 86
v 302 188 101
v 303 251 114
v 304 511 236
v 305 447 215
v 306 183 94
v 307 78 45
v 308 61 30
v 309 339 189
v 310 594 305
v 311 183 95
v 312 159 84
v 313 60 25
v 314 73 28
v 315 125 54
v 316 220 105
v 317 80 43
v 318 230 117
v 319 156 78
v 320 242 131
v 321 33 12
v 322 18 9
v 323 371 189
v 324 358 188
v 325 214 117
v 326 195 100
v 327 523 234
v 328 112 66
v 329 92 49
v 330 751 384
v 331 405 219
v 332 503 259
v 333 44 32
v 334 77 47
v 335 67 45
v 336 102 55
v 337 137 61
v 338 95 34
v 339 94 46
v 340 722 386
v 341 522 271
v 342 811 419
v 343 296 142
v 344 390 164
v 345 46 20
v 346 214 119
v 347 144 83
v 348 41 23
v 349 523 260
v 350 121 72
v 351 72 34
v 352 172 75
v 353 305 152
v 354 151 86
v 355 180 102
v 356 153 88
v 357 532 276
v 358 104 58
v 359 20 11
v 360 559 250
v 361 468 238
v 362 244 126
v 363 143 62
v 364 186 93
v 365 328 203
v 366 141 68
v 367 228 117
v 368 259 140
v 369 161 83
v 370 154 79
v 375 224 118
v 376 124 68
v 377 247 121
v 379 385 192
v 382 156 84
v 384 293 131
v 385 115 67
v 387 158 85
v 391 332 164
v 392 202 101
v 393 160 87
v 394 81 43
v 401 130 72
v 411 46 26
v 515 107 55
v 516 104 57
v 517 583 271
v 518 881 465
v 519 670 334
v 520 795 387
v 521 541 272
v 522 126 68
v 523 398 213
v 524 407 210
v 525 133 72
v 526 1278 594
v 527 283 144
v 528 158 72
v 529 207 114
v 530 453 208
v 531 273 166
v 532 408 184
v 533 768 414
v 534 591 303
v 535 193 94
v 537 690 395
v 538 1072 574
v 539 765 358
v 540 358 166
v 541 808 413
v 542 685 303
v 543 418 181
v 544 245 116
v 545 144 72
v 546 179 103
v 547 841 411
v 548 773 389
v 549 238 122
v 550 78 40
v 551 428 224
v 552 262 117
v 553 328 168
v 554 629 288
v 555 236 127
v 556 451 246
v 557 155 79
v 558 212 131
v 559 327 172
v 560 533 249
v 561 579 262
v 562 334 164
v 563 95 56
v 564 75 27
v 565 407 236
v 566 828 379
v 567 180 90
v 568 208 108
v 569 80 37
v 570 95 57
v 571 156 90
v 572 359 169
v 573 79 43
v 574 312 127
v 575 181 107
v 576 341 178
v 577 25 14
v 578 14 8
v 579 429 190
v 580 393 186
v 581 225 114
v 582 282 134
v 583 693 322
v 584 114 53
v 585 99 54
v 586 723 328
v 587 434 206
v 588 563 265
v 589 67 38
v 590 90 46
v 591 82 47
v 592 128 52
v 593 209 98
v 594 57 25
v 595 120 63
v 596 714 351
v 597 645 327
v 598 923 487
v 599 317 170
v 600 510 237
v 601 39 22
v 602 206 108
v 603 164 90
v 604 54 26
v 605 535 272
v 606 125 59
v 607 74 34
v 608 246 118
v 609 427 230
v 610 204 101
v 611 272 139
v 612 173 102
v 613 458 224
v 614 94 46
v 615 29 15
v 616 792 356
v 617 523 250
v 618 289 140
v 619 158 68
v 620 276 134
v 621 285 165
v 622 189 83
v 623 282 132
v 624 267 141
v 625 174 93
v 626 244 141
v 631 279 156
v 632 126 60
v 633 232 124
v 635 424 230
v 638 160 102
v 640 391 190
v 641 124 55
v 643 174 96
v 647 420 198
v 648 308 176
v 649 191 99
v 650 73 40
v 657 169 86
v 667 65 41
v 772 14 8
v 773 96 44
v 774 115 63
v 775 84 35
v 776 98 46
v 777 63 21
v 778 25 17
v 779 49 24
v 780 103 47
v 781 14 9
v 782 211 98
v 783 43 19
v 784 32 16
v 785 24 11
v 786 63 35
v 787 45 30
v 788 67 31
v 789 93 49
v 790 69 28
v 791 20 9
v 793 89 47
v 794 167 87
v 795 110 51
v 796 36 18
v 797 117 61
v 798 91 42
v 799 54 23
v 800 25 11
v 801 17 12
v 802 33 19
v 803 122 62
v 804 100 46
v 805 31 19
v 806 15 8
v 807 53 24
v 808 40 20
v 809 44 23
v 810 97 35
v 811 42 24
v 812 62 29
v 813 21 8
v 814 32 14
v 815 31 20
v 816 72 38
v 817 79 45
v 818 29 16
v 819 10 5
v 820 13 5
v 821 54 32
v 822 75 30
v 823 21 9
v 824 30 18
v 825 15 5
v 826 11 4
v 827 19 11
v 828 43 22
v 829 14 10
v 830 33 16
v 831 25 14
v 832 53 31
v 833 8 5
v 834 2 0
v 835 61 26
v 836 54 30
v 837 33 18
v 838 33 13
v 839 95 47
v 840 18 10
v 841 13 7
v 842 115 49
v 843 68 34
v 844 84 43
v 845 8 4
v 846 15 9
v 847 21 9
v 848 16 8
v 849 25 11
v 850 15 6
v 851 18 9
v 852 82 39
v 853 83 37
v 854 115 54
v 855 50 25
v 856 68 29
v 857 8 3
v 858 24 9
v 859 33 23
v 860 10 7
v 861 77 31
v 862 18 12
v 863 5 1
v 864 33 17
v 865 54 35
v 866 19 10
v 867 28 11
v 868 26 17
v 869 74 37
v 870 17 5
v 871 8 5
v 872 105 58
v 873 79 46
v 874 36 18
v 875 28 13
v 876 37 17
v 877 56 33
v 878 25 13
v 879 43 23
v 880 50 20
v 881 25 14
v 882 22 13
v 887 53 30
v 888 17 12
v 889 36 13
v 891 74 44
v 894 29 17
v 896 65 38
v 897 11 7
v 899 38 21
v 903 50 23
v 904 58 33
v 905 27 17
v 906 9 5
v 913 31 12
v 923 7 3
v 1029 101 52
v 1030 121 60
v 1031 109 53
v 1032 121 62
v 1033 80 45
v 1034 31 19
v 1035 73 42
v 1036 111 56
v 1037 17 7
v 1038 198 100
v 1039 55 27
v 1040 35 22
v 1041 55 37
v 1042 60 34
v 1043 39 26
v 1044 76 29
v 1045 135 73
v 1046 92 45
v 1047 33 16
v 1049 123 70
v 1050 198 103
v 1051 126 65
v 1052 54 31
v 1053 108 63
v 1054 106 48
v 1055 78 40
v 1056 43 21
v 1057 24 13
v 1058 33 16
v 1059 136 74
v 1060 121 72
v 1061 39 24
v 1062 8 6
v 1063 65 35
v 1064 51 19
v 1065 56 33
v 1066 95 52
v 1067 40 20
v 1068 96 44
v 1069 33 20
v 1070 34 21
v 1071 58 30
v 1072 83 41
v 1073 83 47
v 1074 30 12
v 1075 18 10
v 1076 12 6
v 1077 84 45
v 1078 119 59
v 1079 42 21
v 1080 42 18
v 1081 11 6
v 1082 19 14
v 1083 21 11
v 1084 67 27
v 1085 22 13
v 1086 57 32
v 1087 41 22
v 1088 48 25
v 1089 4 4
v 1090 1 0
v 1091 68 37
v 1092 54 28
v 1093 29 17
v 1094 45 29
v 1095 135 65
v 1096 17 8
v 1097 25 12
v 1098 123 66
v 1099 90 48
v 1100 79 36
v 1101 8 3
v 1102 12 5
v 1103 11 8
v 1104 19 13
v 1105 26 10
v 1106 17 6
v 1107 14 9
v 1108 131 57
v 1109 126 75
v 1110 128 66
v 1111 43 19
v 1112 83 35
v 1113 11 5
v 1114 38 20
v 1115 32 19
v 1116 9 3
v 1117 166 90
v 1118 17 7
v 1119 18 11
v 1120 53 30
v 1121 57 29
v 1122 28 19
v 1123 50 24
v 1124 26 18
v 1125 88 38
v 1126 15 8
v 1127 7 6
v 1128 113 56
v 1129 88 47
v 1130 43 25
v 1131 38 20
v 1132 42 19
v 1133 44 22
v 1134 42 23
v 1135 37 19
v 1136 41 23
v 1137 28 14
v 1138 31 16
v 1143 38 20
v 1144 28 17
v 1145 45 23
v 1147 90 49
v 1150 31 17
v 1152 66 35
v 1153 15 8
v 1155 33 19
v 1159 53 29
v 1160 41 21
v 1161 34 20
v 1162 14 8
v 1169 31 16
v 1179 10 7
v 1286 760 397
v 1287 584 273
v 1288 789 363
v 1289 524 275
v 1290 124 78
v 1291 330 192
v 1292 411 219
v 1293 99 53
v 1294 1137 539
v 1295 276 153
v 1296 130 68
v 1297 203 109
v 1298 359 175
v 1299 235 131
v 1300 404 202
v 1301 653 324
v 1302 509 258
v 1303 143 63
v 1305 561 295
v 1306 961 531
v 1307 721 349
v 1308 265 131
v 1309 593 318
v 1310 622 280
v 1311 454 222
v 1312 227 104
v 1313 111 52
v 1314 162 89
v 1315 754 383
v 1316 546 292
v 1317 227 118
v 1318 64 35
v 1319 397 238
v 1320 257 126
v 1321 271 144
v 1322 511 253
v 1323 203 104
v 1324 414 203
v 1325 144 69
v 1326 150 85
v 1327 258 136
v 1328 431 206
v 1329 465 220
v 1330 149 80
v 1331 70 39
v 1332 82 37
v 1333 354 201
v 1334 559 271
v 1335 162 83
v 1336 158 79
v 1337 58 29
v 1338 89 50
v 1339 135 71
v 1340 272 132
v 1341 72 41
v 1342 269 137
v 1343 150 82
v 1344 293 155
v 1345 20 14
v 1346 10 7
v 1347 347 193
v 1348 349 178
v 1349 189 109
v 1350 186 103
v 1351 597 282
v 1352 123 76
v 1353 90 47
v 1354 584 300
v 1355 450 236
v 1356 458 216
v 1357 38 17
v 1358 65 35
v 1359 66 31
v 1360 106 48
v 1361 150 85
v 1362 57 27
v 1363 133 61
v 1364 653 324
v 1365 577 278
v 1366 779 378
v 1367 330 171
v 1368 503 242
v 1369 42 21
v 1370 163 78
v 1371 113 61
v 1372 48 34
v 1373 514 266
v 1374 81 47
v 1375 72 42
v 1376 219 119
v 1377 348 181
v 1378 135 84
v 1379 201 103
v 1380 148 75
v 1381 464 250
v 1382 88 40
v 1383 32 14
v 1384 622 294
v 1385 470 235
v 1386 221 114
v 1387 123 60
v 1388 247 127
v 1389 250 147
v 1390 141 65
v 1391 202 115
v 1392 231 122
v 1393 142 60
v 1394 162 85
v 1399 260 123
v 1400 107 50
v 1401 235 116
v 1403 400 216
v 1406 139 75
v 1408 323 162
v 1409 111 57
v 1411 145 70
v 1415 324 147
v 1416 247 133
v 1417 139 81
v 1418 92 48
v 1425 133 70
v 1435 61 28
v 1543 726 346
v 1544 1137 472
v 1545 679 296
v 1546 160 80
v 1547 461 250
v 1548 646 284
v 1549 132 66
v 1550 1374 612
v 1551 334 150
v 1552 146 67
v 1553 293 138
v 1554 570 236
v 1555 360 188
v 1556 451 201
v 1557 896 411
v 1558 663 306
v 1559 179 86
v 1561 797 387
v 1562 1222 597
v 1563 846 374
v 1564 330 169
v 1565 937 405
v 1566 860 366
v 1567 528 234
v 1568 222 94
v 1569 159 79
v 1570 204 104
v 1571 982 427
v 1572 808 414
v 1573 290 131
v 1574 84 43
v 1575 504 236
v 1576 334 155
v 1577 418 203
v 1578 656 252
v 1579 317 160
v 1580 697 317
v 1581 180 83
v 1582 214 97
v 1583 396 187
v 1584 647 313
v 1585 694 291
v 1586 246 115
v 1587 100 42
v 1588 91 32
v 1589 468 239
v 1590 825 392
v 1591 231 104
v 1592 226 92
v 1593 92 45
v 1594 107 52
v 1595 172 92
v 1596 379 174
v 1597 110 50
v 1598 356 165
v 1599 228 109
v 1600 380 188
v 1601 28 14
v 1602 16 4
v 1603 653 256
v 1604 441 186
v 1605 279 121
v 1606 301 147
v 1607 779 345
v 1608 144 70
v 1609 124 56
v 1610 910 402
v 1611 527 244
v 1612 631 231
v 1613 64 28
v 1614 80 34
v 1615 83 40
v 1616 137 72
v 1617 177 75
v 1618 83 33
v 1619 134 67
v 1620 786 329
v 1621 735 316
v 1622 1052 492
v 1623 414 197
v 1624 596 266
v 1625 52 30
v 1626 204 77
v 1627 173 92
v 1628 51 23
v 1629 692 337
v 1630 116 49
v 1631 89 42
v 1632 305 135
v 1633 463 191
v 1634 235 127
v 1635 337 171
v 1636 185 94
v 1637 584 269
v 1638 127 58
v 1639 42 16
v 1640 774 342
v 1641 626 301
v 1642 337 152
v 1643 195 84
v 1644 338 144
v 1645 394 193
v 1646 244 102
v 1647 269 137
v 1648 332 145
v 1649 222 96
v 1650 231 117
v 1655 369 173
v 1656 138 79
v 1657 320 129
v 1659 565 273
v 1662 186 89
v 1664 477 211
v 1665 140 55
v 1667 229 98
v 1671 455 189
v 1672 322 168
v 1673 211 105
v 1674 113 57
v 1681 184 91
v 1691 69 31
v 1800 723 328
v 1801 508 231
v 1802 103 53
v 1803 336 205
v 1804 476 252
v 1805 118 60
v 1806 1049 550
v 1807 229 115
v 1808 126 66
v 1809 218 123
v 1810 441 227
v 1811 262 170
v 1812 369 178
v 1813 637 331
v 1814 492 256
v 1815 154 82
v 1817 618 325
v 1818 943 492
v 1819 764 366
v 1820 243 136
v 1821 624 273
v 1822 643 305
v 1823 380 180
v 1824 184 91
v 1825 131 75
v 1826 185 106
v 1827 745 350
v 1828 644 306
v 1829 211 109
v 1830 69 44
v 1831 357 183
v 1832 243 121
v 1833 300 148
v 1834 515 237
v 1835 233 121
v 1836 453 204
v 1837 141 69
v 1838 173 92
v 1839 307 152
v 1840 469 247
v 1841 511 254
v 1842 165 81
v 1843 73 46
v 1844 66 28
v 1845 423 239
v 1846 652 303
v 1847 164 95
v 1848 148 75
v 1849 61 23
v 1850 71 43
v 1851 135 70
v 1852 290 140
v 1853 84 55
v 1854 281 144
v 1855 163 102
v 1856 290 149
v 1857 31 21
v 1858 19 9
v 1859 352 155
v 1860 374 191
v 1861 222 116
v 1862 198 105
v 1863 653 321
v 1864 121 70
v 1865 95 46
v 1866 657 316
v 1867 437 218
v 1868 486 216
v 1869 50 23
v 1870 93 45
v 1871 74 38
v 1872 95 51
v 1873 172 80
v 1874 75 33
v 1875 101 51
v 1876 635 325
v 1877 575 288
v 1878 860 423
v 1879 337 157
v 1880 440 208
v 1881 37 23
v 1882 171 94
v 1883 118 68
v 1884 59 29
v 1885 509 268
v 1886 105 54
v 1887 69 41
v 1888 251 130
v 1889 377 191
v 1890 184 97
v 1891 191 100
v 1892 167 89
v 1893 435 215
v 1894 90 49
v 1895 24 12
v 1896 622 315
v 1897 443 212
v 1898 284 139
v 1899 146 76
v 1900 253 121
v 1901 217 119
v 1902 147 80
v 1903 212 111
v 1904 235 109
v 1905 150 68
v 1906 175 101
v 1911 264 139
v 1912 100 55
v 1913 254 107
v 1915 436 211
v 1918 145 70
v 1920 375 181
v 1921 122 67
v 1923 175 95
v 1927 344 167
v 1928 271 162
v 1929 156 84
v 1930 71 40
v 1937 127 65
v 1947 46 23
v 2057 598 321
v 2058 164 86
v 2059 363 227
v 2060 568 280
v 2061 134 76
v 2062 1354 697
v 2063 330 167
v 2064 162 89
v 2065 256 148
v 2066 496 245
v 2067 303 180
v 2068 477 245
v 2069 845 471
v 2070 668 351
v 2071 189 105
v 2073 726 403
v 2074 1126 618
v 2075 736 373
v 2076 356 200
v 2077 787 437
v 2078 668 346
v 2079 509 265
v 2080 275 133
v 2081 145 86
v 2082 170 106
v 2083 914 480
v 2084 806 419
v 2085 273 144
v 2086 74 37
v 2087 461 249
v 2088 373 227
v 2089 394 208
v 2090 709 348
v 2091 288 154
v 2092 642 331
v 2093 158 81
v 2094 183 100
v 2095 372 214
v 2096 556 309
v 2097 625 319
v 2098 203 104
v 2099 131 79
v 2100 84 46
v 2101 515 326
v 2102 844 434
v 2103 232 110
v 2104 203 111
v 2105 66 32
v 2106 121 69
v 2107 163 84
v 2108 330 156
v 2109 75 47
v 2110 338 164
v 2111 189 113
v 2112 358 202
v 2113 28 21
v 2114 9 5
v 2115 510 269
v 2116 463 235
v 2117 280 155
v 2118 281 146
v 2119 747 351
v 2120 169 92
v 2121 92 48
v 2122 779 427
v 2123 564 308
v 2124 614 314
v 2125 54 35
v 2126 85 51
v 2127 72 43
v 2128 132 61
v 2129 170 92
v 2130 76 35
v 2131 128 77
v 2132 833 456
v 2133 682 375
v 2134 935 503
v 2135 407 208
v 2136 618 307
v 2137 35 17
v 2138 213 119
v 2139 147 72
v 2140 56 27
v 2141 856 463
v 2142 115 63
v 2143 102 55
v 2144 310 154
v 2145 441 244
v 2146 176 97
v 2147 235 147
v 2148 158 87
v 2149 556 303
v 2150 125 64
v 2151 32 21
v 2152 777 376
v 2153 608 306
v 2154 320 176
v 2155 174 91
v 2156 357 225
v 2157 355 203
v 2158 237 128
v 2159 221 110
v 2160 279 156
v 2161 173 89
v 2162 197 120
v 2167 336 193
v 2168 144 79
v 2169 250 128
v 2171 559 326
v 2174 194 100
v 2176 465 251
v 2177 158 92
v 2179 190 94
v 2183 413 206
v 2184 346 193
v 2185 170 87
v 2186 108 62
v 2193 151 87
v 2203 57 35
v 2314 96 54
v 2315 284 160
v 2316 395 188
v 2317 81 43
v 2318 1040 534
v 2319 224 122
v 2320 113 64
v 2321 196 97
v 2322 338 165
v 2323 213 125
v 2324 303 162
v 2325 578 306
v 2326 485 238
v 2327 116 61
v 2329 502 274
v 2330 871 457
v 2331 556 289
v 2332 238 120
v 2333 541 261
v 2334 520 249
v 2335 329 138
v 2336 165 86
v 2337 83 41
v 2338 131 64
v 2339 579 292
v 2340 569 294
v 2341 188 97
v 2342 31 17
v 2343 336 183
v 2344 237 127
v 2345 228 126
v 2346 414 193
v 2347 174 101
v 2348 335 177
v 2349 135 69
v 2350 126 66
v 2351 247 129
v 2352 397 216
v 2353 461 217
v 2354 130 65
v 2355 81 47
v 2356 51 19
v 2357 323 187
v 2358 477 219
v 2359 171 84
v 2360 143 66
v 2361 81 39
v 2362 73 39
v 2363 91 54
v 2364 223 102
v 2365 48 23
v 2366 274 124
v 2367 133 69
v 2368 244 117
v 2369 24 11
v 2370 7 2
v 2371 321 166
v 2372 290 153
v 2373 177 91
v 2374 158 79
v 2375 566 283
v 2376 107 63
v 2377 74 37
v 2378 547 274
v 2379 371 199
v 2380 443 220
v 2381 38 22
v 2382 55 31
v 2383 54 33
v 2384 82 38
v 2385 106 52
v 2386 46 25
v 2387 100 54
v 2388 566 276
v 2389 458 237
v 2390 755 378
v 2391 249 120
v 2392 398 188
v 2393 33 17
v 2394 126 70
v 2395 85 38
v 2396 42 19
v 2397 490 269
v 2398 81 37
v 2399 61 30
v 2400 202 108
v 2401 326 168
v 2402 121 66
v 2403 146 77
v 2404 130 74
v 2405 384 205
v 2406 85 41
v 2407 18 9
v 2408 538 260
v 2409 406 210
v 2410 255 125
v 2411 149 84
v 2412 244 122
v 2413 241 123
v 2414 156 72
v 2415 162 81
v 2416 213 117
v 2417 105 50
v 2418 158 96
v 2423 249 156
v 2424 94 53
v 2425 187 98
v 2427 311 174
v 2430 117 69
v 2432 295 154
v 2433 110 65
v 2435 125 60
v 2439 272 122
v 2440 211 115
v 2441 121 62
v 2442 86 33
v 2449 97 55
v 2459 39 20
v 2571 96 56
v 2572 97 40
v 2573 24 11
v 2574 258 115
v 2575 61 37
v 2576 28 8
v 2577 29 14
v 2578 69 29
v 2579 50 29
v 2580 78 36
v 2581 143 63
v 2582 88 44
v 2583 35 16
v 2585 119 63
v 2586 154 74
v 2587 139 73
v 2588 46 19
v 2589 143 75
v 2590 158 78
v 2591 92 40
v 2592 45 17
v 2593 31 12
v 2594 56 22
v 2595 152 77
v 2596 115 55
v 2597 48 23
v 2598 12 4
v 2599 83 42
v 2600 50 19
v 2601 55 24
v 2602 109 49
v 2603 44 24
v 2604 89 37
v 2605 37 20
v 2606 37 19
v 2607 50 31
v 2608 116 55
v 2609 105 49
v 2610 62 29
v 2611 25 13
v 2612 11 4
v 2613 106 64
v 2614 142 59
v 2615 26 12
v 2616 30 20
v 2617 19 6
v 2618 13 6
v 2619 40 16
v 2620 52 22
v 2621 23 9
v 2622 57 21
v 2623 39 16
v 2624 59 20
v 2625 5 5
v 2626 5 3
v 2627 76 31
v 2628 45 17
v 2629 38 19
v 2630 46 22
v 2631 155 73
v 2632 27 13
v 2633 15 6
v 2634 150 72
v 2635 70 29
v 2636 89 34
v 2637 12 3
v 2638 14 5
v 2639 18 11
v 2640 25 14
v 2641 35 18
v 2642 16 2
v 2643 23 12
v 2644 117 52
v 2645 133 71
v 2646 158 79
v 2647 54 27
v 2648 81 35
v 2649 13 5
v 2650 48 28
v 2651 41 19
v 2652 9 3
v 2653 123 51
v 2654 17 8
v 2655 14 11
v 2656 46 28
v 2657 85 40
v 2658 38 17
v 2659 48 25
v 2660 39 18
v 2661 91 40
v 2662 22 9
v 2663 5 2
v 2664 132 55
v 2665 106 43
v 2666 65 35
v 2667 34 20
v 2668 53 24
v 2669 75 35
v 2670 57 22
v 2671 63 30
v 2672 58 27
v 2673 34 9
v 2674 44 22
v 2679 54 25
v 2680 32 17
v 2681 52 19
v 2683 92 51
v 2686 40 21
v 2688 75 40
v 2689 31 15
v 2691 50 27
v 2695 85 42
v 2696 58 27
v 2697 41 20
v 2698 27 16
v 2705 36 14
v 2715 9 4
v 2828 280 113
v 2829 54 19
v 2830 653 280
v 2831 146 60
v 2832 65 34
v 2833 109 54
v 2834 233 92
v 2835 155 76
v 2836 201 84
v 2837 391 163
v 2838 293 125
v 2839 87 43
v 2841 383 168
v 2842 555 245
v 2843 385 156
v 2844 148 69
v 2845 374 161
v 2846 378 154
v 2847 261 113
v 2848 113 49
v 2849 74 31
v 2850 113 52
v 2851 466 190
v 2852 398 167
v 2853 123 54
v 2854 30 14
v 2855 206 93
v 2856 150 58
v 2857 152 70
v 2858 265 89
v 2859 151 62
v 2860 266 117
v 2861 77 31
v 2862 130 56
v 2863 171 77
v 2864 306 122
v 2865 268 116
v 2866 130 51
v 2867 56 26
v 2868 52 23
v 2869 232 123
v 2870 350 135
v 2871 104 48
v 2872 91 45
v 2873 49 15
v 2874 41 15
v 2875 88 46
v 2876 162 61
v 2877 46 21
v 2878 154 65
v 2879 120 55
v 2880 142 71
v 2881 21 11
v 2882 8 4
v 2883 224 95
v 2884 199 86
v 2885 109 51
v 2886 163 71
v 2887 359 143
v 2888 66 27
v 2889 59 27
v 2890 419 195
v 2891 195 81
v 2892 295 133
v 2893 30 12
v 2894 32 13
v 2895 31 15
v 2896 76 34
v 2897 103 49
v 2898 39 12
v 2899 66 33
v 2900 356 158
v 2901 364 149
v 2902 465 188
v 2903 170 72
v 2904 238 97
v 2905 19 5
v 2906 113 43
v 2907 94 43
v 2908 41 19
v 2909 277 127
v 2910 66 26
v 2911 41 16
v 2912 121 60
v 2913 207 85
v 2914 84 44
v 2915 151 64
v 2916 94 47
v 2917 253 111
v 2918 59 22
v 2919 12 7
v 2920 378 162
v 2921 311 122
v 2922 152 72
v 2923 104 44
v 2924 128 50
v 2925 201 97
v 2926 113 47
v 2927 139 59
v 2928 135 60
v 2929 139 50
v 2930 104 53
v 2935 146 72
v 2936 53 32
v 2937 138 58
v 2939 240 116
v 2942 101 47
v 2944 186 70
v 2945 64 30
v 2947 90 39
v 2951 196 66
v 2952 166 81
v 2953 91 38
v 2954 46 18
v 2961 81 47
v 2971 31 14
v 3085 70 37
v 3086 871 456
v 3087 168 103
v 3088 115 57
v 3089 133 74
v 3090 656 276
v 3091 201 134
v 3092 287 154
v 3093 523 291
v 3094 376 197
v 3095 127 71
v 3097 445 253
v 3098 765 425
v 3099 606 321
v 3100 196 107
v 3101 450 230
v 3102 516 255
v 3103 300 150
v 3104 124 47
v 3105 103 58
v 3106 135 84
v 3107 601 346
v 3108 479 227
v 3109 180 78
v 3110 50 27
v 3111 268 149
v 3112 193 97
v 3113 192 110
v 3114 432 204
v 3115 182 106
v 3116 352 187
v 3117 128 54
v 3118 155 97
v 3119 241 146
v 3120 501 256
v 3121 419 217
v 3122 151 73
v 3123 69 37
v 3124 70 32
v 3125 309 184
v 3126 443 242
v 3127 131 67
v 3128 128 66
v 3129 68 39
v 3130 50 20
v 3131 99 68
v 3132 227 125
v 3133 63 36
v 3134 253 146
v 3135 123 90
v 3136 224 124
v 3137 22 12
v 3138 7 3
v 3139 274 142
v 3140 267 147
v 3141 150 78
v 3142 159 93
v 3143 496 261
v 3144 92 46
v 3145 60 36
v 3146 562 310
v 3147 346 199
v 3148 350 171
v 3149 46 26
v 3150 63 41
v 3151 51 35
v 3152 85 44
v 3153 161 82
v 3154 52 21
v 3155 123 72
v 3156 533 311
v 3157 515 293
v 3158 589 298
v 3159 243 122
v 3160 344 174
v 3161 43 22
v 3162 168 87
v 3163 102 49
v 3164 43 27
v 3165 344 182
v 3166 138 68
v 3167 76 42
v 3168 157 86
v 3169 299 151
v 3170 108 58
v 3171 156 95
v 3172 145 77
v 3173 343 184
v 3174 86 39
v 3175 25 10
v 3176 582 287
v 3177 399 206
v 3178 215 104
v 3179 120 53
v 3180 141 63
v 3181 252 169
v 3182 151 83
v 3183 189 96
v 3184 205 119
v 3185 168 86
v 3186 117 82
v 3191 208 115
v 3192 82 46
v 3193 197 104
v 3195 356 193
v 3198 101 60
v 3200 258 127
v 3201 102 59
v 3203 155 94
v 3207 267 122
v 3208 234 136
v 3209 143 77
v 3210 53 29
v 3217 117 74
v 3227 46 24
v 3342 158 82
v 3343 45 18
v 3344 23 13
v 3345 51 27
v 3346 85 40
v 3347 55 28
v 3348 73 38
v 3349 116 56
v 3350 96 50
v 3351 25 10
v 3353 124 61
v 3354 125 57
v 3355 106 46
v 3356 50 27
v 3357 110 52
v 3358 101 50
v 3359 70 29
v 3360 32 13
v 3361 26 10
v 3362 37 21
v 3363 124 58
v 3364 103 52
v 3365 46 22
v 3366 9 6
v 3367 102 57
v 3368 46 23
v 3369 45 23
v 3370 61 28
v 3371 35 22
v 3372 73 38
v 3373 22 12
v 3374 25 9
v 3375 41 15
v 3376 86 32
v 3377 81 34
v 3378 27 12
v 3379 21 11
v 3380 8 3
v 3381 65 29
v 3382 110 50
v 3383 45 17
v 3384 30 15
v 3385 19 10
v 3386 20 9
v 3387 29 15
v 3388 48 18
v 3389 12 5
v 3390 47 23
v 3391 31 15
v 3392 55 17
v 3393 4 1
v 3394 1 1
v 3395 59 30
v 3396 70 37
v 3397 42 23
v 3398 46 20
v 3399 139 63
v 3400 26 11
v 3401 16 6
v 3402 159 73
v 3403 60 31
v 3404 84 35
v 3405 8 3
v 3406 24 11
v 3407 12 5
v 3408 14 6
v 3409 25 16
v 3410 8 3
v 3411 24 12
v 3412 104 50
v 3413 98 49
v 3414 175 68
v 3415 56 19
v 3416 71 27
v 3417 8 5
v 3418 28 12
v 3419 24 13
v 3420 7 3
v 3421 95 43
v 3422 13 7
v 3423 20 7
v 3424 29 16
v 3425 91 40
v 3426 26 11
v 3427 39 19
v 3428 35 15
v 3429 74 35
v 3430 19 11
v 3431 6 2
v 3432 87 36
v 3433 89 46
v 3434 62 29
v 3435 23 6
v 3436 49 29
v 3437 49 32
v 3438 22 11
v 3439 53 21
v 3440 55 20
v 3441 18 10
v 3442 28 18
v 3447 43 22
v 3448 25 11
v 3449 41 21
v 3451 71 30
v 3454 43 24
v 3456 65 38
v 3457 23 9
v 3459 35 19
v 3463 54 29
v 3464 53 37
v 3465 31 14
v 3466 10 5
v 3473 20 7
v 3483 14 7
v 3599 439 226
v 3600 232 122
v 3601 404 212
v 3602 813 367
v 3603 482 261
v 3604 711 356
v 3605 1295 680
v 3606 955 492
v 3607 287 156
v 3609 1091 598
v 3610 1853 969
v 3611 1423 699
v 3612 521 259
v 3613 1321 691
v 3614 1303 638
v 3615 835 398
v 3616 371 179
v 3617 253 127
v 3618 343 180
v 3619 1274 689
v 3620 1189 626
v 3621 453 211
v 3622 126 69
v 3623 720 379
v 3624 531 269
v 3625 483 270
v 3626 1048 466
v 3627 428 222
v 3628 793 404
v 3629 274 161
v 3630 309 169
v 3631 515 279
v 3632 867 457
v 3633 954 438
v 3634 368 178
v 3635 178 85
v 3636 138 66
v 3637 708 417
v 3638 1255 600
v 3639 370 176
v 3640 300 170
v 3641 132 61
v 3642 189 98
v 3643 263 150
v 3644 480 226
v 3645 144 81
v 3646 551 259
v 3647 324 158
v 3648 567 313
v 3649 47 26
v 3650 25 11
v 3651 635 314
v 3652 663 341
v 3653 387 199
v 3654 485 216
v 3655 1148 575
v 3656 242 118
v 3657 149 87
v 3658 1443 723
v 3659 784 397
v 3660 994 462
v 3661 96 56
v 3662 163 87
v 3663 133 81
v 3664 202 107
v 3665 327 154
v 3666 126 46
v 3667 196 100
v 3668 1288 661
v 3669 1172 590
v 3670 1628 796
v 3671 640 293
v 3672 849 403
v 3673 83 42
v 3674 342 176
v 3675 312 165
v 3676 108 46
v 3677 1053 561
v 3678 176 94
v 3679 157 72
v 3680 426 221
v 3681 693 321
v 3682 402 226
v 3683 419 214
v 3684 299 162
v 3685 853 428
v 3686 180 99
v 3687 61 34
v 3688 1254 607
v 3689 951 460
v 3690 525 263
v 3691 335 170
v 3692 445 241
v 3693 616 343
v 3694 371 183
v 3695 428 224
v 3696 544 291
v 3697 319 156
v 3698 343 194
v 3703 541 306
v 3704 229 114
v 3705 495 208
v 3707 923 490
v 3710 297 152
v 3712 649 345
v 3713 206 109
v 3715 356 195
v 3719 722 350
v 3720 508 293
v 3721 328 176
v 3722 142 82
v 3729 278 152
v 3739 86 44
v 3856 56 30
v 3857 91 42
v 3858 167 77
v 3859 112 63
v 3860 142 72
v 3861 282 156
v 3862 231 113
v 3863 68 30
v 3865 234 122
v 3866 386 192
v 3867 278 135
v 3868 113 60
v 3869 309 169
v 3870 252 112
v 3871 161 79
v 3872 109 56
v 3873 38 22
v 3874 59 29
v 3875 346 173
v 3876 278 136
v 3877 88 53
v 3878 21 14
v 3879 181 89
v 3880 121 52
v 3881 120 57
v 3882 243 106
v 3883 93 49
v 3884 161 72
v 3885 64 32
v 3886 55 28
v 3887 136 61
v 3888 177 84
v 3889 237 107
v 3890 62 27
v 3891 40 19
v 3892 17 6
v 3893 162 90
v 3894 266 123
v 3895 66 31
v 3896 80 40
v 3897 13 4
v 3898 36 17
v 3899 50 34
v 3900 123 53
v 3901 24 10
v 3902 120 51
v 3903 89 41
v 3904 122 69
v 3905 16 9
v 3906 12 5
v 3907 157 74
v 3908 161 86
v 3909 102 51
v 3910 82 43
v 3911 250 120
v 3912 56 26
v 3913 43 25
v 3914 264 134
v 3915 183 101
v 3916 231 109
v 3917 13 6
v 3918 33 15
v 3919 33 19
v 3920 38 24
v 3921 69 39
v 3922 18 5
v 3923 49 28
v 3924 261 128
v 3925 258 131
v 3926 334 171
v 3927 126 70
v 3928 210 102
v 3929 16 6
v 3930 69 29
v 3931 39 25
v 3932 24 12
v 3933 231 121
v 3934 38 23
v 3935 42 27
v 3936 93 42
v 3937 161 75
v 3938 67 27
v 3939 76 36
v 3940 58 35
v 3941 193 100
v 3942 46 27
v 3943 9 5
v 3944 281 134
v 3945 159 77
v 3946 122 52
v 3947 62 28
v 3948 118 62
v 3949 81 46
v 3950 60 22
v 3951 76 45
v 3952 91 44
v 3953 51 24
v 3954 73 39
v 3959 104 53
v 3960 47 33
v 3961 91 42
v 3963 163 82
v 3966 64 29
v 3968 137 73
v 3969 44 21
v 3971 56 35
v 3975 130 59
v 3976 103 60
v 3977 52 34
v 3978 30 21
v 3985 49 28
v 3995 16 11
v 4113 62 31
v 4114 85 34
v 4115 48 31
v 4116 81 49
v 4117 126 75
v 4118 119 52
v 4119 34 11
v 4121 136 72
v 4122 213 102
v 4123 137 65
v 4124 60 32
v 4125 133 64
v 4126 136 52
v 4127 81 28
v 4128 44 18
v 4129 28 14
v 4130 33 20
v 4131 166 96
v 4132 150 78
v 4133 56 31
v 4134 13 7
v 4135 74 43
v 4136 61 31
v 4137 46 23
v 4138 119 47
v 4139 48 24
v 4140 110 48
v 4141 32 14
v 4142 37 26
v 4143 44 20
v 4144 100 39
v 4145 104 46
v 4146 32 18
v 4147 19 9
v 4148 12 4
v 4149 88 43
v 4150 126 57
v 4151 36 9
v 4152 42 19
v 4153 10 4
v 4154 20 7
v 4155 32 16
v 4156 61 21
v 4157 20 6
v 4158 50 18
v 4159 30 14
v 4160 67 34
v 4161 2 0
v 4162 2 2
v 4163 85 35
v 4164 74 33
v 4165 50 21
v 4166 57 25
v 4167 149 70
v 4168 23 12
v 4169 12 6
v 4170 150 66
v 4171 82 35
v 4172 114 52
v 4173 10 6
v 4174 15 8
v 4175 19 12
v 4176 22 16
v 4177 34 16
v 4178 14 5
v 4179 25 14
v 4180 127 54
v 4181 108 58
v 4182 177 80
v 4183 72 38
v 4184 98 47
v 4185 6 1
v 4186 36 17
v 4187 31 16
v 4188 8 5
v 4189 112 57
v 4190 25 13
v 4191 28 16
v 4192 61 22
v 4193 62 27
v 4194 35 19
v 4195 62 26
v 4196 31 12
v 4197 98 44
v 4198 25 11
v 4199 7 5
v 4200 136 59
v 4201 106 46
v 4202 46 23
v 4203 27 14
v 4204 52 25
v 4205 59 34
v 4206 35 15
v 4207 49 22
v 4208 70 27
v 4209 39 20
v 4210 31 15
v 4215 52 29
v 4216 31 17
v 4217 44 15
v 4219 94 55
v 4222 30 13
v 4224 67 33
v 4225 24 13
v 4227 43 22
v 4231 69 28
v 4232 49 30
v 4233 25 14
v 4234 15 10
v 4241 28 15
v 4251 9 4
v 4370 145 69
v 4371 92 57
v 4372 126 61
v 4373 241 112
v 4374 191 89
v 4375 56 22
v 4377 234 124
v 4378 313 148
v 4379 217 99
v 4380 89 39
v 4381 214 95
v 4382 221 97
v 4383 156 68
v 4384 63 20
v 4385 55 28
v 4386 63 32
v 4387 303 164
v 4388 183 82
v 4389 68 27
v 4390 28 12
v 4391 152 78
v 4392 101 49
v 4393 123 50
v 4394 164 75
v 4395 86 42
v 4396 160 72
v 4397 45 18
v 4398 49 26
v 4399 113 54
v 4400 172 81
v 4401 163 70
v 4402 62 30
v 4403 35 22
v 4404 24 10
v 4405 144 84
v 4406 220 105
v 4407 73 40
v 4408 66 32
v 4409 32 11
v 4410 29 11
v 4411 42 20
v 4412 99 43
v 4413 23 11
v 4414 107 55
v 4415 56 29
v 4416 102 49
v 4417 14 10
v 4418 5 2
v 4419 127 56
v 4420 167 77
v 4421 73 39
v 4422 56 33
v 4423 237 91
v 4424 52 28
v 4425 28 15
v 4426 261 139
v 4427 125 49
v 4428 180 80
v 4429 12 5
v 4430 28 12
v 4431 25 15
v 4432 38 18
v 4433 50 21
v 4434 24 8
v 4435 43 16
v 4436 218 105
v 4437 188 86
v 4438 314 155
v 4439 99 48
v 4440 154 62
v 4441 15 8
v 4442 59 33
v 4443 42 21
v 4444 18 6
v 4445 204 104
v 4446 37 22
v 4447 28 12
v 4448 99 50
v 4449 144 67
v 4450 59 23
v 4451 73 38
v 4452 65 29
v 4453 134 77
v 4454 39 22
v 4455 11 8
v 4456 232 104
v 4457 180 81
v 4458 101 54
v 4459 48 26
v 4460 94 46
v 4461 103 47
v 4462 60 22
v 4463 87 35
v 4464 94 42
v 4465 59 28
v 4466 57 35
v 4471 92 49
v 4472 46 26
v 4473 75 36
v 4475 155 72
v 4478 49 25
v 4480 149 71
v 4481 55 28
v 4483 72 38
v 4487 128 51
v 4488 93 45
v 4489 52 31
v 4490 26 10
v 4497 50 20
v 4507 19 13
v 4627 174 105
v 4628 231 118
v 4629 460 248
v 4630 333 177
v 4631 113 59
v 4633 410 237
v 4634 636 339
v 4635 451 222
v 4636 190 99
v 4637 403 220
v 4638 411 209
v 4639 285 151
v 4640 133 81
v 4641 85 48
v 4642 97 51
v 4643 492 268
v 4644 438 246
v 4645 181 96
v 4646 58 37
v 4647 261 137
v 4648 163 96
v 4649 157 91
v 4650 324 152
v 4651 160 89
v 4652 300 141
v 4653 89 42
v 4654 106 66
v 4655 201 109
v 4656 292 152
v 4657 329 174
v 4658 116 56
v 4659 60 33
v 4660 44 23
v 4661 249 146
v 4662 435 213
v 4663 141 78
v 4664 112 61
v 4665 41 18
v 4666 59 36
v 4667 113 66
v 4668 212 115
v 4669 50 28
v 4670 176 79
v 4671 109 61
v 4672 184 108
v 4673 25 12
v 4674 20 15
v 4675 247 129
v 4676 262 146
v 4677 141 72
v 4678 180 92
v 4679 434 217
v 4680 79 47
v 4681 57 26
v 4682 462 248
v 4683 272 131
v 4684 348 175
v 4685 36 17
v 4686 58 27
v 4687 42 22
v 4688 55 31
v 4689 140 88
v 4690 66 37
v 4691 66 38
v 4692 416 215
v 4693 392 219
v 4694 569 325
v 4695 240 138
v 4696 358 181
v 4697 26 11
v 4698 118 66
v 4699 97 49
v 4700 48 22
v 4701 377 203
v 4702 49 28
v 4703 62 28
v 4704 154 99
v 4705 255 155
v 4706 117 59
v 4707 157 75
v 4708 118 60
v 4709 305 164
v 4710 57 35
v 4711 19 8
v 4712 448 214
v 4713 299 157
v 4714 188 95
v 4715 126 73
v 4716 165 91
v 4717 196 111
v 4718 90 41
v 4719 137 77
v 4720 150 80
v 4721 116 62
v 4722 106 50
v 4727 180 104
v 4728 73 32
v 4729 140 72
v 4731 283 170
v 4734 115 61
v 4736 244 139
v 4737 83 53
v 4739 139 80
v 4743 242 122
v 4744 195 110
v 4745 123 71
v 4746 63 30
v 4753 87 44
v 4763 33 13
v 4884 172 63
v 4885 315 133
v 4886 216 103
v 4887 66 23
v 4889 229 112
v 4890 436 179
v 4891 309 133
v 4892 139 55
v 4893 260 112
v 4894 264 99
v 4895 170 70
v 4896 68 31
v 4897 67 26
v 4898 86 31
v 4899 331 135
v 4900 260 103
v 4901 96 43
v 4902 28 11
v 4903 160 71
v 4904 92 32
v 4905 104 45
v 4906 211 83
v 4907 102 41
v 4908 189 89
v 4909 57 20
v 4910 65 30
v 4911 120 53
v 4912 217 98
v 4913 257 104
v 4914 80 30
v 4915 40 17
v 4916 27 7
v 4917 143 64
v 4918 295 107
v 4919 74 35
v 4920 66 32
v 4921 36 17
v 4922 40 18
v 4923 46 24
v 4924 125 42
v 4925 33 17
v 4926 108 37
v 4927 67 33
v 4928 106 60
v 4929 12 6
v 4930 2 1
v 4931 151 63
v 4932 168 67
v 4933 88 45
v 4934 85 36
v 4935 291 123
v 4936 66 35
v 4937 45 23
v 4938 302 124
v 4939 195 79
v 4940 217 84
v 4941 24 10
v 4942 36 18
v 4943 35 12
v 4944 56 24
v 4945 75 33
v 4946 20 4
v 4947 41 21
v 4948 267 110
v 4949 250 103
v 4950 370 141
v 4951 141 59
v 4952 219 84
v 4953 16 5
v 4954 78 33
v 4955 59 26
v 4956 24 11
v 4957 215 90
v 4958 41 18
v 4959 33 12
v 4960 97 50
v 4961 165 63
v 4962 96 40
v 4963 98 44
v 4964 74 35
v 4965 196 90
v 4966 50 22
v 4967 19 5
v 4968 261 96
v 4969 211 87
v 4970 131 56
v 4971 72 21
v 4972 120 56
v 4973 142 86
v 4974 79 31
v 4975 88 35
v 4976 121 43
v 4977 81 32
v 4978 79 39
v 4983 111 53
v 4984 48 23
v 4985 97 38
v 4987 168 81
v 4990 61 27
v 4992 148 64
v 4993 47 19
v 4995 82 39
v 4999 133 50
v 5000 137 64
v 5001 74 39
v 5002 35 13
v 5009 53 17
v 5019 26 10
v 5141 399 199
v 5142 322 175
v 5143 90 46
v 5145 348 194
v 5146 581 302
v 5147 406 198
v 5148 174 95
v 5149 380 199
v 5150 349 171
v 5151 246 117
v 5152 137 69
v 5153 77 35
v 5154 103 58
v 5155 473 250
v 5156 386 192
v 5157 153 92
v 5158 38 21
v 5159 218 113
v 5160 155 84
v 5161 184 101
v 5162 321 151
v 5163 141 77
v 5164 283 145
v 5165 92 54
v 5166 102 61
v 5167 188 89
v 5168 250 122
v 5169 311 155
v 5170 132 69
v 5171 57 36
v 5172 36 15
v 5173 221 142
v 5174 364 164
v 5175 115 54
v 5176 86 55
v 5177 42 17
v 5178 55 31
v 5179 90 61
v 5180 166 76
v 5181 51 31
v 5182 139 75
v 5183 103 59
v 5184 180 95
v 5185 20 14
v 5186 15 7
v 5187 243 100
v 5188 233 105
v 5189 129 66
v 5190 132 70
v 5191 422 209
v 5192 69 40
v 5193 53 26
v 5194 441 221
v 5195 256 128
v 5196 299 165
v 5197 22 10
v 5198 35 15
v 5199 30 22
v 5200 58 37
v 5201 101 55
v 5202 44 20
v 5203 65 34
v 5204 403 211
v 5205 363 191
v 5206 482 229
v 5207 202 101
v 5208 282 134
v 5209 28 12
v 5210 109 55
v 5211 74 48
v 5212 23 13
v 5213 343 177
v 5214 55 30
v 5215 57 34
v 5216 130 68
v 5217 265 143
v 5218 85 56
v 5219 142 73
v 5220 90 44
v 5221 267 154
v 5222 60 29
v 5223 17 9
v 5224 392 190
v 5225 278 140
v 5226 173 91
v 5227 89 45
v 5228 159 80
v 5229 182 110
v 5230 88 44
v 5231 112 64
v 5232 144 67
v 5233 116 50
v 5234 95 49
v 5239 162 77
v 5240 71 39
v 5241 142 68
v 5243 265 148
v 5246 92 52
v 5248 191 94
v 5249 68 32
v 5251 93 52
v 5255 220 101
v 5256 175 99
v 5257 110 64
v 5258 54 21
v 5265 84 51
v 5275 38 17
v 5398 634 307
v 5399 180 95
v 5401 714 389
v 5402 1110 540
v 5403 824 371
v 5404 270 138
v 5405 762 379
v 5406 715 335
v 5407 438 192
v 5408 213 102
v 5409 143 61
v 5410 191 80
v 5411 926 459
v 5412 757 345
v 5413 267 123
v 5414 84 43
v 5415 463 231
v 5416 275 142
v 5417 336 169
v 5418 576 267
v 5419 277 142
v 5420 505 226
v 5421 186 93
v 5422 177 99
v 5423 371 202
v 5424 514 285
v 5425 590 272
v 5426 210 96
v 5427 120 50
v 5428 86 42
v 5429 462 258
v 5430 647 305
v 5431 228 121
v 5432 174 79
v 5433 63 28
v 5434 103 52
v 5435 154 96
v 5436 308 146
v 5437 87 44
v 5438 351 160
v 5439 190 99
v 5440 310 162
v 5441 18 8
v 5442 9 5
v 5443 430 191
v 5444 408 183
v 5445 237 115
v 5446 233 117
v 5447 731 345
v 5448 138 67
v 5449 92 49
v 5450 797 380
v 5451 487 254
v 5452 572 250
v 5453 44 22
v 5454 86 35
v 5455 73 41
v 5456 130 65
v 5457 167 90
v 5458 63 28
v 5459 111 59
v 5460 740 348
v 5461 644 335
v 5462 949 428
v 5463 410 191
v 5464 530 233
v 5465 40 17
v 5466 199 98
v 5467 137 79
v 5468 45 18
v 5469 620 312
v 5470 100 54
v 5471 117 60
v 5472 314 144
v 5473 455 231
v 5474 160 76
v 5475 212 110
v 5476 179 96
v 5477 541 262
v 5478 104 43
v 5479 39 18
v 5480 717 331
v 5481 509 235
v 5482 315 141
v 5483 173 75
v 5484 271 136
v 5485 312 166
v 5486 206 95
v 5487 247 117
v 5488 253 131
v 5489 161 78
v 5490 186 99
v 5495 305 157
v 5496 161 80
v 5497 234 104
v 5499 481 259
v 5502 193 96
v 5504 401 203
v 5505 126 59
v 5507 184 106
v 5511 361 170
v 5512 297 157
v 5513 174 89
v 5514 112 59
v 5521 129 64
v 5531 49 31
v 5655 144 80
v 5657 553 293
v 5658 882 444
v 5659 590 279
v 5660 239 131
v 5661 551 285
v 5662 541 236
v 5663 344 146
v 5664 165 80
v 5665 87 43
v 5666 123 66
v 5667 747 380
v 5668 564 272
v 5669 186 90
v 5670 45 26
v 5671 350 199
v 5672 254 137
v 5673 259 125
v 5674 437 178
v 5675 195 96
v 5676 409 178
v 5677 130 77
v 5678 138 82
v 5679 295 141
v 5680 371 180
v 5681 442 217
v 5682 161 81
v 5683 84 43
v 5684 64 28
v 5685 337 195
v 5686 480 213
v 5687 138 69
v 5688 128 71
v 5689 69 26
v 5690 72 31
v 5691 103 52
v 5692 242 124
v 5693 52 22
v 5694 262 122
v 5695 157 90
v 5696 238 125
v 5697 13 10
v 5698 10 8
v 5699 353 157
v 5700 308 158
v 5701 213 114
v 5702 183 96
v 5703 542 265
v 5704 117 52
v 5705 87 48
v 5706 586 287
v 5707 404 194
v 5708 428 189
v 5709 35 19
v 5710 56 27
v 5711 61 35
v 5712 84 31
v 5713 149 61
v 5714 57 19
v 5715 94 46
v 5716 578 295
v 5717 460 220
v 5718 744 364
v 5719 281 139
v 5720 396 173
v 5721 32 18
v 5722 132 67
v 5723 86 48
v 5724 30 13
v 5725 443 232
v 5726 65 33
v 5727 81 42
v 5728 205 96
v 5729 303 139
v 5730 116 74
v 5731 166 77
v 5732 152 75
v 5733 437 230
v 5734 83 44
v 5735 21 8
v 5736 552 284
v 5737 395 195
v 5738 226 115
v 5739 133 49
v 5740 218 109
v 5741 211 126
v 5742 135 59
v 5743 145 78
v 5744 200 112
v 5745 114 57
v 5746 156 95
v 5751 265 126
v 5752 106 58
v 5753 180 85
v 5755 328 162
v 5758 128 67
v 5760 274 144
v 5761 107 49
v 5763 146 75
v 5767 263 110
v 5768 189 97
v 5769 139 81
v 5770 65 36
v 5777 125 72
v 5787 36 20
v 5913 150 81
v 5914 240 124
v 5915 168 90
v 5916 72 35
v 5917 181 90
v 5918 171 87
v 5919 109 53
v 5920 50 21
v 5921 37 18
v 5922 29 18
v 5923 188 94
v 5924 177 90
v 5925 53 24
v 5926 12 11
v 5927 92 49
v 5928 75 33
v 5929 70 33
v 5930 130 71
v 5931 65 36
v 5932 103 56
v 5933 45 23
v 5934 51 29
v 5935 54 32
v 5936 126 68
v 5937 152 71
v 5938 56 31
v 5939 12 7
v 5940 25 6
v 5941 97 63
v 5942 146 61
v 5943 53 33
v 5944 39 17
v 5945 18 8
v 5946 19 9
v 5947 42 21
v 5948 67 34
v 5949 29 17
v 5950 70 29
v 5951 40 19
v 5952 91 41
v 5953 5 4
v 5954 3 0
v 5955 84 38
v 5956 91 49
v 5957 57 32
v 5958 59 28
v 5959 170 77
v 5960 38 24
v 5961 34 20
v 5962 192 100
v 5963 102 46
v 5964 129 52
v 5965 8 5
v 5966 13 7
v 5967 15 9
v 5968 20 12
v 5969 42 21
v 5970 19 7
v 5971 30 22
v 5972 171 81
v 5973 155 79
v 5974 177 90
v 5975 91 54
v 5976 129 72
v 5977 13 6
v 5978 46 22
v 5979 28 15
v 5980 21 8
v 5981 143 74
v 5982 27 17
v 5983 27 11
v 5984 56 26
v 5985 106 45
v 5986 41 22
v 5987 53 24
v 5988 56 38
v 5989 108 50
v 5990 23 10
v 5991 10 4
v 5992 168 89
v 5993 119 60
v 5994 67 35
v 5995 46 28
v 5996 49 27
v 5997 83 56
v 5998 46 26
v 5999 52 25
v 6000 53 20
v 6001 47 21
v 6002 42 24
v 6007 89 42
v 6008 39 20
v 6009 61 24
v 6011 90 43
v 6014 43 14
v 6016 76 40
v 6017 26 15
v 6019 51 23
v 6023 99 45
v 6024 74 35
v 6025 37 17
v 6026 25 15
v 6033 35 19
v 6043 15 7
v 6426 1013 473
v 6427 722 326
v 6428 263 118
v 6429 646 306
v 6430 618 274
v 6431 368 159
v 6432 191 73
v 6433 121 45
v 6434 184 89
v 6435 878 403
v 6436 708 350
v 6437 221 102
v 6438 68 40
v 6439 374 173
v 6440 278 136
v 6441 281 129
v 6442 522 208
v 6443 256 111
v 6444 502 235
v 6445 162 77
v 6446 182 90
v 6447 386 191
v 6448 485 219
v 6449 518 227
v 6450 173 79
v 6451 85 42
v 6452 58 24
v 6453 389 222
v 6454 581 274
v 6455 167 73
v 6456 165 82
v 6457 61 28
v 6458 90 39
v 6459 139 83
v 6460 294 133
v 6461 77 38
v 6462 278 119
v 6463 157 75
v 6464 283 143
v 6465 34 21
v 6466 15 7
v 6467 386 160
v 6468 367 180
v 6469 203 100
v 6470 198 96
v 6471 562 228
v 6472 132 67
v 6473 91 36
v 6474 761 321
v 6475 406 168
v 6476 583 253
v 6477 52 30
v 6478 59 27
v 6479 73 37
v 6480 92 53
v 6481 186 98
v 6482 54 27
v 6483 122 53
v 6484 609 274
v 6485 602 294
v 6486 790 383
v 6487 332 146
v 6488 451 203
v 6489 44 24
v 6490 209 91
v 6491 137 65
v 6492 61 25
v 6493 503 257
v 6494 97 43
v 6495 67 31
v 6496 221 112
v 6497 350 153
v 6498 161 98
v 6499 202 91
v 6500 163 85
v 6501 450 206
v 6502 106 42
v 6503 27 10
v 6504 624 262
v 6505 498 253
v 6506 258 118
v 6507 139 67
v 6508 238 116
v 6509 281 138
v 6510 190 85
v 6511 186 79
v 6512 236 103
v 6513 178 84
v 6514 158 87
v 6519 298 141
v 6520 125 65
v 6521 245 108
v 6523 447 216
v 6526 154 77
v 6528 383 186
v 6529 118 61
v 6531 161 71
v 6535 348 163
v 6536 254 129
v 6537 182 90
v 6538 69 37
v 6545 128 73
v 6555 52 22
v 6683 1140 517
v 6684 449 237
v 6685 1036 478
v 6686 1028 485
v 6687 682 302
v 6688 335 151
v 6689 197 99
v 6690 292 141
v 6691 1192 588
v 6692 928 450
v 6693 376 180
v 6694 85 45
v 6695 568 313
v 6696 455 221
v 6697 427 221
v 6698 820 339
v 6699 346 164
v 6700 710 335
v 6701 283 122
v 6702 317 170
v 6703 466 239
v 6704 730 354
v 6705 828 357
v 6706 337 149
v 6707 174 78
v 6708 99 49
v 6709 603 342
v 6710 968 456
v 6711 284 141
v 6712 237 105
v 6713 118 61
v 6714 128 62
v 6715 207 117
v 6716 458 214
v 6717 139 77
v 6718 450 212
v 6719 280 149
v 6720 475 245
v 6721 39 21
v 6722 29 13
v 6723 594 276
v 6724 621 288
v 6725 297 147
v 6726 328 173
v 6727 1055 500
v 6728 220 116
v 6729 133 65
v 6730 1145 537
v 6731 676 325
v 6732 781 340
v 6733 98 43
v 6734 99 56
v 6735 97 45
v 6736 174 85
v 6737 255 108
v 6738 105 42
v 6739 198 103
v 6740 1076 515
v 6741 922 463
v 6742 1390 652
v 6743 507 240
v 6744 761 368
v 6745 60 30
v 6746 327 143
v 6747 233 123
v 6748 86 34
v 6749 813 406
v 6750 126 57
v 6751 122 49
v 6752 339 161
v 6753 607 283
v 6754 218 124
v 6755 318 155
v 6756 260 124
v 6757 757 372
v 6758 172 84
v 6759 39 19
v 6760 1016 495
v 6761 800 372
v 6762 424 195
v 6763 253 124
v 6764 391 194
v 6765 428 217
v 6766 269 125
v 6767 353 183
v 6768 421 202
v 6769 286 117
v 6770 267 139
v 6775 435 226
v 6776 201 105
v 6777 403 183
v 6779 730 378
v 6782 249 141
v 6784 591 306
v 6785 218 98
v 6787 313 157
v 6791 559 234
v 6792 439 215
v 6793 265 145
v 6794 118 62
v 6801 232 128
v 6811 76 48
v 6940 272 148
v 6941 754 387
v 6942 781 371
v 6943 462 218
v 6944 216 113
v 6945 156 80
v 6946 206 115
v 6947 879 453
v 6948 813 405
v 6949 281 135
v 6950 81 46
v 6951 374 203
v 6952 286 152
v 6953 290 160
v 6954 588 259
v 6955 239 124
v 6956 498 253
v 6957 178 93
v 6958 193 123
v 6959 305 156
v 6960 538 267
v 6961 570 271
v 6962 235 111
v 6963 109 54
v 6964 91 37
v 6965 437 267
v 6966 641 297
v 6967 197 98
v 6968 194 107
v 6969 74 35
v 6970 95 45
v 6971 150 89
v 6972 302 147
v 6973 86 51
v 6974 312 164
v 6975 181 107
v 6976 402 210
v 6977 28 15
v 6978 12 9
v 6979 455 232
v 6980 405 211
v 6981 225 113
v 6982 201 124
v 6983 740 378
v 6984 148 88
v 6985 116 64
v 6986 833 392
v 6987 513 248
v 6988 515 282
v 6989 46 22
v 6990 91 45
v 6991 70 38
v 6992 136 75
v 6993 148 70
v 6994 87 42
v 6995 132 75
v 6996 785 410
v 6997 647 349
v 6998 1013 502
v 6999 373 212
v 7000 482 242
v 7001 64 31
v 7002 232 123
v 7003 154 80
v 7004 68 35
v 7005 605 333
v 7006 116 51
v 7007 80 42
v 7008 271 156
v 7009 408 208
v 7010 168 91
v 7011 263 147
v 7012 171 93
v 7013 531 294
v 7014 138 74
v 7015 38 21
v 7016 709 342
v 7017 617 324
v 7018 277 141
v 7019 189 109
v 7020 251 140
v 7021 393 217
v 7022 207 101
v 7023 247 130
v 7024 272 155
v 7025 204 101
v 7026 192 104
v 7031 307 176
v 7032 125 75
v 7033 284 138
v 7035 525 289
v 7038 151 83
v 7040 406 205
v 7041 147 82
v 7043 211 106
v 7047 435 209
v 7048 334 184
v 7049 194 124
v 7050 115 63
v 7057 176 89
v 7067 59 31
v 7197 336 162
v 7198 258 103
v 7199 170 88
v 7200 129 50
v 7201 45 20
v 7202 61 34
v 7203 344 158
v 7204 262 124
v 7205 93 46
v 7206 26 9
v 7207 187 110
v 7208 103 47
v 7209 130 68
v 7210 229 113
v 7211 102 55
v 7212 256 120
v 7213 73 34
v 7214 62 39
v 7215 128 59
v 7216 202 94
v 7217 260 111
v 7218 79 31
v 7219 40 21
v 7220 30 14
v 7221 163 98
v 7222 271 141
v 7223 71 31
v 7224 66 29
v 7225 31 10
v 7226 38 19
v 7227 50 21
v 7228 124 66
v 7229 30 13
v 7230 203 85
v 7231 91 53
v 7232 154 84
v 7233 10 10
v 7234 6 3
v 7235 160 84
v 7236 173 83
v 7237 82 43
v 7238 90 40
v 7239 256 109
v 7240 43 23
v 7241 39 18
v 7242 291 156
v 7243 195 87
v 7244 231 98
v 7245 19 6
v 7246 24 9
v 7247 18 8
v 7248 45 27
v 7249 90 43
v 7250 26 11
v 7251 55 32
v 7252 276 141
v 7253 263 137
v 7254 349 168
v 7255 146 64
v 7256 249 122
v 7257 22 8
v 7258 82 45
v 7259 56 34
v 7260 17 9
v 7261 264 124
v 7262 52 25
v 7263 57 27
v 7264 124 69
v 7265 173 78
v 7266 72 44
v 7267 123 67
v 7268 64 35
v 7269 198 103
v 7270 41 24
v 7271 9 5
v 7272 311 141
v 7273 234 97
v 7274 126 60
v 7275 63 28
v 7276 122 64
v 7277 120 70
v 7278 63 29
v 7279 81 44
v 7280 92 55
v 7281 71 32
v 7282 72 38
v 7287 112 57
v 7288 55 28
v 7289 120 49
v 7291 180 82
v 7294 59 29
v 7296 158 92
v 7297 46 20
v 7299 68 30
v 7303 176 88
v 7304 114 66
v 7305 78 38
v 7306 43 17
v 7313 68 35
v 7323 13 7
v 7454 666 320
v 7455 465 216
v 7456 181 69
v 7457 140 67
v 7458 192 94
v 7459 806 391
v 7460 752 347
v 7461 274 129
v 7462 62 29
v 7463 392 209
v 7464 274 128
v 7465 266 132
v 7466 562 264
v 7467 269 129
v 7468 440 209
v 7469 154 79
v 7470 160 84
v 7471 345 160
v 7472 488 245
v 7473 614 271
v 7474 206 94
v 7475 89 51
v 7476 82 39
v 7477 371 213
v 7478 645 282
v 7479 219 95
v 7480 174 80
v 7481 79 34
v 7482 111 53
v 7483 142 80
v 7484 368 169
v 7485 89 50
v 7486 310 145
v 7487 167 82
v 7488 293 172
v 7489 32 17
v 7490 14 8
v 7491 385 182
v 7492 386 188
v 7493 216 100
v 7494 310 165
v 7495 712 345
v 7496 130 65
v 7497 97 55
v 7498 706 342
v 7499 479 243
v 7500 574 253
v 7501 59 30
v 7502 77 40
v 7503 54 29
v 7504 120 52
v 7505 181 96
v 7506 63 26
v 7507 108 52
v 7508 704 343
v 7509 619 280
v 7510 949 465
v 7511 334 175
v 7512 558 232
v 7513 36 20
v 7514 168 91
v 7515 146 70
v 7516 45 21
v 7517 739 349
v 7518 88 40
v 7519 71 41
v 7520 301 156
v 7521 434 214
v 7522 215 117
v 7523 241 127
v 7524 176 92
v 7525 509 257
v 7526 129 58
v 7527 35 20
v 7528 792 391
v 7529 497 228
v 7530 257 130
v 7531 183 94
v 7532 306 164
v 7533 316 181
v 7534 169 82
v 7535 234 110
v 7536 262 125
v 7537 181 93
v 7538 178 86
v 7543 317 143
v 7544 146 80
v 7545 253 105
v 7547 465 231
v 7550 175 88
v 7552 382 196
v 7553 145 69
v 7555 207 102
v 7559 416 182
v 7560 304 166
v 7561 221 110
v 7562 75 38
v 7569 125 71
v 7579 57 24
v 7711 475 244
v 7712 230 109
v 7713 141 78
v 7714 178 100
v 7715 817 437
v 7716 673 340
v 7717 251 122
v 7718 71 42
v 7719 368 207
v 7720 268 152
v 7721 304 153
v 7722 521 261
v 7723 251 150
v 7724 521 268
v 7725 179 98
v 7726 161 97
v 7727 291 153
v 7728 471 248
v 7729 494 265
v 7730 220 114
v 7731 95 56
v 7732 75 28
v 7733 378 224
v 7734 581 298
v 7735 182 93
v 7736 180 106
v 7737 76 40
v 7738 89 45
v 7739 155 92
v 7740 307 154
v 7741 100 55
v 7742 306 146
v 7743 169 94
v 7744 323 176
v 7745 23 13
v 7746 23 14
v 7747 397 198
v 7748 412 198
v 7749 206 129
v 7750 255 134
v 7751 694 365
v 7752 130 64
v 7753 93 47
v 7754 768 405
v 7755 458 242
v 7756 520 253
v 7757 65 38
v 7758 83 38
v 7759 75 45
v 7760 102 56
v 7761 183 84
v 7762 54 20
v 7763 124 74
v 7764 735 393
v 7765 653 347
v 7766 880 476
v 7767 347 189
v 7768 463 225
v 7769 48 19
v 7770 189 101
v 7771 150 92
v 7772 61 26
v 7773 520 290
v 7774 120 68
v 7775 80 49
v 7776 221 128
v 7777 364 186
v 7778 138 77
v 7779 260 138
v 7780 166 102
v 7781 487 263
v 7782 110 60
v 7783 29 13
v 7784 755 378
v 7785 538 280
v 7786 268 149
v 7787 154 71
v 7788 243 123
v 7789 318 178
v 7790 176 88
v 7791 264 159
v 7792 280 162
v 7793 184 100
v 7794 179 104
v 7799 288 141
v 7800 118 74
v 7801 291 147
v 7803 476 266
v 7806 138 78
v 7808 351 172
v 7809 135 84
v 7811 194 107
v 7815 355 160
v 7816 311 183
v 7817 159 90
v 7818 91 52
v 7825 151 78
v 7835 44 21
v 7968 130 61
v 7969 86 48
v 7970 131 67
v 7971 463 251
v 7972 441 209
v 7973 179 93
v 7974 45 25
v 7975 260 134
v 7976 198 105
v 7977 156 93
v 7978 322 164
v 7979 151 73
v 7980 281 153
v 7981 99 43
v 7982 116 70
v 7983 234 123
v 7984 288 163
v 7985 344 170
v 7986 103 43
v 7987 59 37
v 7988 50 22
v 7989 225 131
v 7990 383 211
v 7991 107 53
v 7992 107 58
v 7993 33 16
v 7994 61 32
v 7995 84 52
v 7996 200 101
v 7997 45 31
v 7998 190 90
v 7999 125 72
v 8000 215 120
v 8001 19 9
v 8002 6 5
v 8003 208 106
v 8004 224 118
v 8005 160 87
v 8006 137 68
v 8007 437 230
v 8008 83 47
v 8009 38 25
v 8010 438 230
v 8011 287 145
v 8012 344 179
v 8013 31 18
v 8014 50 22
v 8015 38 19
v 8016 68 37
v 8017 102 55
v 8018 36 15
v 8019 86 49
v 8020 443 223
v 8021 402 213
v 8022 557 287
v 8023 255 137
v 8024 296 148
v 8025 22 13
v 8026 115 57
v 8027 103 55
v 8028 30 17
v 8029 355 202
v 8030 52 23
v 8031 51 28
v 8032 148 80
v 8033 235 126
v 8034 95 56
v 8035 135 71
v 8036 99 55
v 8037 297 157
v 8038 53 31
v 8039 16 7
v 8040 403 208
v 8041 322 164
v 8042 173 90
v 8043 100 41
v 8044 162 94
v 8045 169 100
v 8046 118 60
v 8047 170 92
v 8048 182 96
v 8049 110 56
v 8050 98 59
v 8055 214 108
v 8056 70 38
v 8057 150 70
v 8059 325 186
v 8062 105 52
v 8064 255 136
v 8065 82 56
v 8067 123 57
v 8071 257 123
v 8072 205 118
v 8073 93 53
v 8074 65 39
v 8081 89 48
v 8091 39 20
v 8225 37 17
v 8226 48 22
v 8227 269 126
v 8228 227 111
v 8229 92 47
v 8230 13 8
v 8231 153 86
v 8232 85 49
v 8233 104 66
v 8234 183 89
v 8235 77 36
v 8236 180 102
v 8237 57 30
v 8238 52 31
v 8239 95 61
v 8240 141 75
v 8241 185 82
v 8242 55 25
v 8243 26 18
v 8244 24 10
v 8245 140 86
v 8246 179 94
v 8247 61 33
v 8248 64 39
v 8249 8 2
v 8250 28 15
v 8251 50 21
v 8252 96 48
v 8253 24 11
v 8254 97 56
v 8255 64 40
v 8256 103 57
v 8257 7 4
v 8258 5 3
v 8259 138 64
v 8260 110 50
v 8261 87 40
v 8262 59 41
v 8263 219 114
v 8264 39 24
v 8265 38 22
v 8266 225 130
v 8267 145 76
v 8268 177 97
v 8269 6 4
v 8270 24 12
v 8271 25 15
v 8272 31 15
v 8273 56 26
v 8274 22 8
v 8275 34 21
v 8276 222 105
v 8277 163 98
v 8278 260 135
v 8279 103 49
v 8280 176 89
v 8281 18 8
v 8282 56 27
v 8283 42 24
v 8284 16 11
v 8285 174 99
v 8286 27 8
v 8287 33 14
v 8288 80 49
v 8289 119 68
v 8290 52 27
v 8291 64 33
v 8292 53 32
v 8293 167 95
v 8294 46 28
v 8295 10 6
v 8296 213 98
v 8297 111 57
v 8298 73 36
v 8299 53 28
v 8300 78 48
v 8301 87 45
v 8302 52 32
v 8303 61 34
v 8304 64 37
v 8305 62 33
v 8306 64 38
v 8311 88 45
v 8312 41 30
v 8313 78 42
v 8315 142 65
v 8318 47 29
v 8320 121 68
v 8321 28 13
v 8323 50 30
v 8327 104 55
v 8328 66 42
v 8329 39 25
v 8330 31 15
v 8337 47 25
v 8347 21 11
v 8482 42 19
v 8483 141 62
v 8484 130 57
v 8485 46 21
v 8486 10 6
v 8487 52 32
v 8488 50 21
v 8489 68 28
v 8490 97 38
v 8491 39 21
v 8492 90 47
v 8493 32 16
v 8494 36 20
v 8495 52 19
v 8496 96 48
v 8497 114 67
v 8498 37 15
v 8499 18 9
v 8500 14 5
v 8501 75 47
v 8502 106 60
v 8503 39 22
v 8504 36 20
v 8505 24 13
v 8506 19 11
v 8507 21 11
v 8508 60 31
v 8509 19 13
v 8510 57 31
v 8511 27 16
v 8512 53 25
v 8513 5 1
v 8514 8 7
v 8515 91 41
v 8516 71 40
v 8517 36 23
v 8518 40 20
v 8519 142 68
v 8520 49 30
v 8521 16 11
v 8522 132 67
v 8523 111 53
v 8524 101 51
v 8525 16 14
v 8526 12 5
v 8527 12 4
v 8528 22 11
v 8529 29 9
v 8530 14 2
v 8531 27 17
v 8532 128 71
v 8533 113 51
v 8534 156 60
v 8535 59 27
v 8536 83 49
v 8537 10 7
v 8538 27 14
v 8539 33 19
v 8540 13 7
v 8541 78 48
v 8542 22 7
v 8543 18 9
v 8544 40 16
v 8545 87 50
v 8546 28 18
v 8547 44 16
v 8548 52 21
v 8549 91 57
v 8550 19 11
v 8551 7 1
v 8552 130 54
v 8553 108 52
v 8554 68 35
v 8555 33 18
v 8556 45 27
v 8557 64 36
v 8558 42 17
v 8559 56 32
v 8560 58 29
v 8561 34 14
v 8562 27 19
v 8567 67 42
v 8568 23 14
v 8569 46 28
v 8571 94 49
v 8574 26 11
v 8576 90 48
v 8577 26 17
v 8579 53 25
v 8583 81 31
v 8584 60 29
v 8585 36 18
v 8586 23 11
v 8593 28 14
v 8603 10 6
v 8739 184 84
v 8740 167 70
v 8741 72 34
v 8742 25 12
v 8743 104 62
v 8744 67 28
v 8745 70 34
v 8746 143 53
v 8747 80 38
v 8748 133 60
v 8749 46 21
v 8750 64 39
v 8751 62 33
v 8752 155 81
v 8753 153 79
v 8754 57 23
v 8755 21 12
v 8756 23 11
v 8757 116 60
v 8758 152 68
v 8759 54 28
v 8760 54 25
v 8761 18 6
v 8762 34 20
v 8763 47 19
v 8764 80 38
v 8765 38 16
v 8766 87 36
v 8767 52 26
v 8768 65 32
v 8769 7 5
v 8770 6 5
v 8771 127 71
v 8772 103 48
v 8773 60 29
v 8774 74 34
v 8775 172 63
v 8776 30 16
v 8777 39 21
v 8778 242 110
v 8779 90 39
v 8780 161 71
v 8781 23 16
v 8782 16 10
v 8783 21 16
v 8784 43 18
v 8785 49 13
v 8786 32 10
v 8787 41 17
v 8788 185 97
v 8789 183 92
v 8790 260 117
v 8791 70 25
v 8792 108 49
v 8793 22 16
v 8794 67 40
v 8795 53 28
v 8796 20 11
v 8797 130 64
v 8798 17 8
v 8799 16 11
v 8800 50 22
v 8801 106 54
v 8802 42 27
v 8803 65 31
v 8804 64 32
v 8805 111 47
v 8806 32 19
v 8807 3 2
v 8808 214 105
v 8809 167 86
v 8810 69 36
v 8811 44 19
v 8812 69 29
v 8813 93 52
v 8814 57 23
v 8815 86 36
v 8816 85 33
v 8817 73 31
v 8818 41 20
v 8823 98 52
v 8824 33 16
v 8825 68 31
v 8827 158 85
v 8830 57 28
v 8832 97 51
v 8833 29 13
v 8835 54 25
v 8839 97 40
v 8840 93 40
v 8841 59 31
v 8842 21 12
v 8849 44 23
v 8859 20 10
v 8996 803 427
v 8997 279 152
v 8998 67 42
v 8999 540 289
v 9000 379 208
v 9001 426 221
v 9002 615 288
v 9003 280 167
v 9004 714 335
v 9005 192 102
v 9006 208 125
v 9007 425 211
v 9008 553 272
v 9009 603 279
v 9010 257 133
v 9011 128 57
v 9012 75 39
v 9013 470 255
v 9014 649 311
v 9015 189 92
v 9016 220 98
v 9017 106 61
v 9018 101 60
v 9019 163 94
v 9020 329 155
v 9021 87 45
v 9022 324 143
v 9023 236 115
v 9024 391 208
v 9025 31 16
v 9026 20 11
v 9027 684 308
v 9028 471 210
v 9029 251 126
v 9030 282 154
v 9031 687 323
v 9032 173 93
v 9033 117 58
v 9034 832 381
v 9035 562 287
v 9036 683 307
v 9037 66 34
v 9038 84 35
v 9039 91 53
v 9040 128 64
v 9041 235 104
v 9042 78 27
v 9043 138 64
v 9044 941 477
v 9045 758 424
v 9046 1018 506
v 9047 399 200
v 9048 500 231
v 9049 48 25
v 9050 201 101
v 9051 145 77
v 9052 61 28
v 9053 630 307
v 9054 107 64
v 9055 104 44
v 9056 342 163
v 9057 474 239
v 9058 186 112
v 9059 322 164
v 9060 169 94
v 9061 632 349
v 9062 152 73
v 9063 38 21
v 9064 808 371
v 9065 584 278
v 9066 322 162
v 9067 163 67
v 9068 299 145
v 9069 278 170
v 9070 205 94
v 9071 223 116
v 9072 292 145
v 9073 168 75
v 9074 219 129
v 9079 369 198
v 9080 146 76
v 9081 271 132
v 9083 529 272
v 9086 179 94
v 9088 420 207
v 9089 130 64
v 9091 208 110
v 9095 367 171
v 9096 289 150
v 9097 192 99
v 9098 124 60
v 9105 161 90
v 9115 68 35
v 9253 257 124
v 9254 71 40
v 9255 437 235
v 9256 248 123
v 9257 270 139
v 9258 553 284
v 9259 243 138
v 9260 481 225
v 9261 149 64
v 9262 148 86
v 9263 336 154
v 9264 470 264
v 9265 592 300
v 9266 169 89
v 9267 97 57
v 9268 68 34
v 9269 407 235
v 9270 582 298
v 9271 186 88
v 9272 201 110
v 9273 63 27
v 9274 110 71
v 9275 153 86
v 9276 293 140
v 9277 66 32
v 9278 308 143
v 9279 174 90
v 9280 298 146
v 9281 15 7
v 9282 24 14
v 9283 428 221
v 9284 314 129
v 9285 246 134
v 9286 206 120
v 9287 793 420
v 9288 132 73
v 9289 99 49
v 9290 665 332
v 9291 432 212
v 9292 520 250
v 9293 54 30
v 9294 53 24
v 9295 63 35
v 9296 105 53
v 9297 153 86
v 9298 64 28
v 9299 134 75
v 9300 673 350
v 9301 583 303
v 9302 870 427
v 9303 326 161
v 9304 509 235
v 9305 32 22
v 9306 158 73
v 9307 138 72
v 9308 56 27
v 9309 552 299
v 9310 107 49
v 9311 65 29
v 9312 273 147
v 9313 387 193
v 9314 155 102
v 9315 249 127
v 9316 174 90
v 9317 423 190
v 9318 112 51
v 9319 28 15
v 9320 699 324
v 9321 473 239
v 9322 295 146
v 9323 175 93
v 9324 278 126
v 9325 273 147
v 9326 169 85
v 9327 170 76
v 9328 278 161
v 9329 155 72
v 9330 185 109
v 9335 266 142
v 9336 114 59
v 9337 194 92
v 9339 435 235
v 9342 143 73
v 9344 370 192
v 9345 121 65
v 9347 170 86
v 9351 347 159
v 9352 266 137
v 9353 187 99
v 9354 195 93
v 9361 155 83
v 9371 52 27
v 9510 19 12
v 9511 141 67
v 9512 98 51
v 9513 99 47
v 9514 181 89
v 9515 82 44
v 9516 204 86
v 9517 63 33
v 9518 51 28
v 9519 114 49
v 9520 163 84
v 9521 170 74
v 9522 69 35
v 9523 39 21
v 9524 28 13
v 9525 131 75
v 9526 194 80
v 9527 75 37
v 9528 55 23
v 9529 28 14
v 9530 29 16
v 9531 55 27
v 9532 126 64
v 9533 29 11
v 9534 104 52
v 9535 57 27
v 9536 107 50
v 9537 12 6
v 9538 4 2
v 9539 136 73
v 9540 141 63
v 9541 76 42
v 9542 101 58
v 9543 236 107
v 9544 46 25
v 9545 37 13
v 9546 240 119
v 9547 167 81
v 9548 184 75
v 9549 20 14
v 9550 27 15
v 9551 17 9
v 9552 40 16
v 9553 51 27
v 9554 22 9
v 9555 28 16
v 9556 285 145
v 9557 226 111
v 9558 323 165
v 9559 119 62
v 9560 171 74
v 9561 15 6
v 9562 74 33
v 9563 56 24
v 9564 21 8
v 9565 196 90
v 9566 36 17
v 9567 36 12
v 9568 79 35
v 9569 142 65
v 9570 60 30
v 9571 85 37
v 9572 57 29
v 9573 172 86
v 9574 46 20
v 9575 8 2
v 9576 253 124
v 9577 193 98
v 9578 104 58
v 9579 58 25
v 9580 75 37
v 9581 101 64
v 9582 78 31
v 9583 74 40
v 9584 98 48
v 9585 59 27
v 9586 65 40
v 9591 102 54
v 9592 38 17
v 9593 85 39
v 9595 146 83
v 9598 64 40
v 9600 135 76
v 9601 50 23
v 9603 73 39
v 9607 142 69
v 9608 98 52
v 9609 60 26
v 9610 31 10
v 9617 54 27
v 9627 13 10
v 9767 43 20
v 9768 30 14
v 9769 27 16
v 9770 44 18
v 9771 16 9
v 9772 48 26
v 9773 15 9
v 9774 17 11
v 9775 33 13
v 9776 53 25
v 9777 50 20
v 9778 16 12
v 9779 9 6
v 9780 13 6
v 9781 42 25
v 9782 51 17
v 9783 16 11
v 9784 18 9
v 9785 6 3
v 9786 10 6
v 9787 9 4
v 9788 34 14
v 9789 13 11
v 9790 32 16
v 9791 16 9
v 9792 20 11
v 9793 4 2
v 9794 1 0
v 9795 34 14
v 9796 25 4
v 9797 19 9
v 9798 19 7
v 9799 79 38
v 9800 11 7
v 9801 12 7
v 9802 97 45
v 9803 51 21
v 9804 47 26
v 9805 9 5
v 9806 10 4
v 9807 4 4
v 9808 16 8
v 9809 13 6
v 9810 4 3
v 9811 19 11
v 9812 62 33
v 9813 57 29
v 9814 80 38
v 9815 38 11
v 9816 52 20
v 9817 6 2
v 9818 24 14
v 9819 19 8
v 9820 7 1
v 9821 45 22
v 9822 9 4
v 9823 10 4
v 9824 25 12
v 9825 45 28
v 9826 18 11
v 9827 24 11
v 9828 17 7
v 9829 37 11
v 9830 13 7
v 9831 2 1
v 9832 64 25
v 9833 44 22
v 9834 22 11
v 9835 13 5
v 9836 19 4
v 9837 40 22
v 9838 15 4
v 9839 25 11
v 9840 27 9
v 9841 29 17
v 9842 18 10
v 9847 33 17
v 9848 11 5
v 9849 24 14
v 9851 56 29
v 9854 21 9
v 9856 30 15
v 9857 22 11
v 9859 15 8
v 9863 36 12
v 9864 35 16
v 9865 19 10
v 9866 12 4
v 9873 11 5
v 9883 5 2
v 10024 186 97
v 10025 181 87
v 10026 314 141
v 10027 151 66
v 10028 267 109
v 10029 98 38
v 10030 103 49
v 10031 197 87
v 10032 249 109
v 10033 362 153
v 10034 124 55
v 10035 55 22
v 10036 42 21
v 10037 225 127
v 10038 364 160
v 10039 116 56
v 10040 77 33
v 10041 53 31
v 10042 60 32
v 10043 88 47
v 10044 160 69
v 10045 41 21
v 10046 196 79
v 10047 84 44
v 10048 162 84
v 10049 11 5
v 10050 3 1
v 10051 228 101
v 10052 212 89
v 10053 125 57
v 10054 140 71
v 10055 384 165
v 10056 75 38
v 10057 43 19
v 10058 395 166
v 10059 265 122
v 10060 320 135
v 10061 28 13
v 10062 43 22
v 10063 44 24
v 10064 54 31
v 10065 112 53
v 10066 49 19
v 10067 65 36
v 10068 430 216
v 10069 358 165
v 10070 476 219
v 10071 215 105
v 10072 305 127
v 10073 25 14
v 10074 120 63
v 10075 65 29
v 10076 27 8
v 10077 375 173
v 10078 50 22
v 10079 38 14
v 10080 142 58
v 10081 252 115
v 10082 92 51
v 10083 108 54
v 10084 98 43
v 10085 278 121
v 10086 52 26
v 10087 14 2
v 10088 401 157
v 10089 254 106
v 10090 175 76
v 10091 114 47
v 10092 159 83
v 10093 159 79
v 10094 106 48
v 10095 106 51
v 10096 150 68
v 10097 85 37
v 10098 118 62
v 10103 179 86
v 10104 64 36
v 10105 133 70
v 10107 276 159
v 10110 90 46
v 10112 202 93
v 10113 83 39
v 10115 86 38
v 10119 220 97
v 10120 157 78
v 10121 80 51
v 10122 53 25
v 10129 66 33
v 10139 24 13
v 10281 139 68
v 10282 230 93
v 10283 102 52
v 10284 210 101
v 10285 77 35
v 10286 65 35
v 10287 131 57
v 10288 188 86
v 10289 210 100
v 10290 87 44
v 10291 33 15
v 10292 32 16
v 10293 186 105
v 10294 266 135
v 10295 76 34
v 10296 88 50
v 10297 40 19
v 10298 40 22
v 10299 52 25
v 10300 121 57
v 10301 42 19
v 10302 120 56
v 10303 73 39
v 10304 129 68
v 10305 11 8
v 10306 5 3
v 10307 147 66
v 10308 170 74
v 10309 77 40
v 10310 72 45
v 10311 293 140
v 10312 73 43
v 10313 42 21
v 10314 244 137
v 10315 209 121
v 10316 212 105
v 10317 25 19
v 10318 28 9
v 10319 31 16
v 10320 32 17
v 10321 62 36
v 10322 26 17
v 10323 43 21
v 10324 332 169
v 10325 252 140
v 10326 334 154
v 10327 143 71
v 10328 209 83
v 10329 14 3
v 10330 84 43
v 10331 50 31
v 10332 21 11
v 10333 292 141
v 10334 41 19
v 10335 30 15
v 10336 110 64
v 10337 129 58
v 10338 62 29
v 10339 112 56
v 10340 74 44
v 10341 192 85
v 10342 72 37
v 10343 12 6
v 10344 319 131
v 10345 208 110
v 10346 97 47
v 10347 63 29
v 10348 120 58
v 10349 105 61
v 10350 99 47
v 10351 69 31
v 10352 95 48
v 10353 59 26
v 10354 84 49
v 10359 109 51
v 10360 50 30
v 10361 97 43
v 10363 181 99
v 10366 53 28
v 10368 154 88
v 10369 55 31
v 10371 58 29
v 10375 164 78
v 10376 93 50
v 10377 77 41
v 10378 35 16
v 10385 58 36
v 10395 32 15
v 10538 276 122
v 10539 100 54
v 10540 243 106
v 10541 79 50
v 10542 54 38
v 10543 128 61
v 10544 187 97
v 10545 225 107
v 10546 62 24
v 10547 42 24
v 10548 23 12
v 10549 172 97
v 10550 267 132
v 10551 90 50
v 10552 66 32
v 10553 26 9
v 10554 38 24
v 10555 54 26
v 10556 113 48
v 10557 44 20
v 10558 127 62
v 10559 84 51
v 10560 141 78
v 10561 12 5
v 10562 4 2
v 10563 207 88
v 10564 157 68
v 10565 94 42
v 10566 93 50
v 10567 317 151
v 10568 66 36
v 10569 47 21
v 10570 256 128
v 10571 196 99
v 10572 244 112
v 10573 15 6
v 10574 19 10
v 10575 25 14
v 10576 53 24
v 10577 93 42
v 10578 29 15
v 10579 45 22
v 10580 316 150
v 10581 254 122
v 10582 337 164
v 10583 140 71
v 10584 213 105
v 10585 18 7
v 10586 81 38
v 10587 60 38
v 10588 31 17
v 10589 281 141
v 10590 36 16
v 10591 45 18
v 10592 105 55
v 10593 150 77
v 10594 63 42
v 10595 97 43
v 10596 71 40
v 10597 188 90
v 10598 42 24
v 10599 13 8
v 10600 273 110
v 10601 220 111
v 10602 120 58
v 10603 74 30
v 10604 130 68
v 10605 124 68
v 10606 60 33
v 10607 93 53
v 10608 116 44
v 10609 75 36
v 10610 87 55
v 10615 133 72
v 10616 51 27
v 10617 103 51
v 10619 181 92
v 10622 68 35
v 10624 147 69
v 10625 67 37
v 10627 70 28
v 10631 147 64
v 10632 131 64
v 10633 78 49
v 10634 38 15
v 10641 61 37
v 10651 34 19
v 10795 203 106
v 10796 355 180
v 10797 121 65
v 10798 134 83
v 10799 250 141
v 10800 380 216
v 10801 419 226
v 10802 121 56
v 10803 68 44
v 10804 57 30
v 10805 293 179
v 10806 484 237
v 10807 130 61
v 10808 119 63
v 10809 51 23
v 10810 67 35
v 10811 104 67
v 10812 243 130
v 10813 58 32
v 10814 243 133
v 10815 141 76
v 10816 245 131
v 10817 25 16
v 10818 15 8
v 10819 332 175
v 10820 346 183
v 10821 230 138
v 10822 175 107
v 10823 556 309
v 10824 117 66
v 10825 66 31
v 10826 525 286
v 10827 368 215
v 10828 423 243
v 10829 49 30
v 10830 66 37
v 10831 57 37
v 10832 83 48
v 10833 163 93
v 10834 62 27
v 10835 112 66
v 10836 599 346
v 10837 495 249
v 10838 620 322
v 10839 279 161
v 10840 398 217
v 10841 30 16
v 10842 152 75
v 10843 95 57
v 10844 40 19
v 10845 476 255
v 10846 100 61
v 10847 77 45
v 10848 222 127
v 10849 308 182
v 10850 133 73
v 10851 215 113
v 10852 147 81
v 10853 409 234
v 10854 87 43
v 10855 27 10
v 10856 655 364
v 10857 416 239
v 10858 208 108
v 10859 118 57
v 10860 240 131
v 10861 256 152
v 10862 149 67
v 10863 140 80
v 10864 180 97
v 10865 118 65
v 10866 169 110
v 10871 242 121
v 10872 98 48
v 10873 176 99
v 10875 352 204
v 10878 122 72
v 10880 289 154
v 10881 101 59
v 10883 143 74
v 10887 299 159
v 10888 231 141
v 10889 130 84
v 10890 74 39
v 10897 111 70
v 10907 36 18
v 11052 181 93
v 11053 64 27
v 11054 61 31
v 11055 110 52
v 11056 147 72
v 11057 205 103
v 11058 71 35
v 11059 37 18
v 11060 35 13
v 11061 136 71
v 11062 193 106
v 11063 65 32
v 11064 77 29
v 11065 31 13
v 11066 33 19
v 11067 55 35
v 11068 113 52
v 11069 34 16
v 11070 107 46
v 11071 64 29
v 11072 119 61
v 11073 9 4
v 11074 7 2
v 11075 134 55
v 11076 145 60
v 11077 95 47
v 11078 77 34
v 11079 221 102
v 11080 54 29
v 11081 35 19
v 11082 272 126
v 11083 167 76
v 11084 180 87
v 11085 15 5
v 11086 35 15
v 11087 25 10
v 11088 33 16
v 11089 55 22
v 11090 24 11
v 11091 30 14
v 11092 273 138
v 11093 212 89
v 11094 292 140
v 11095 124 63
v 11096 187 76
v 11097 19 8
v 11098 73 35
v 11099 45 18
v 11100 21 11
v 11101 178 89
v 11102 32 11
v 11103 35 16
v 11104 92 47
v 11105 130 54
v 11106 66 39
v 11107 77 37
v 11108 68 34
v 11109 150 78
v 11110 40 15
v 11111 14 9
v 11112 247 110
v 11113 181 93
v 11114 103 69
v 11115 56 27
v 11116 82 48
v 11117 106 60
v 11118 77 38
v 11119 91 44
v 11120 108 59
v 11121 62 26
v 11122 65 36
v 11127 87 52
v 11128 40 21
v 11129 96 44
v 11131 151 84
v 11134 51 28
v 11136 116 64
v 11137 41 18
v 11139 64 30
v 11143 124 58
v 11144 104 58
v 11145 54 31
v 11146 29 17
v 11153 47 30
v 11163 29 19
v 11309 101 50
v 11310 128 66
v 11311 231 116
v 11312 359 168
v 11313 369 182
v 11314 160 77
v 11315 66 33
v 11316 48 20
v 11317 334 202
v 11318 434 214
v 11319 109 66
v 11320 151 86
v 11321 52 19
v 11322 64 38
v 11323 109 70
v 11324 214 114
v 11325 75 40
v 11326 215 90
v 11327 149 80
v 11328 210 120
v 11329 29 20
v 11330 7 3
v 11331 334 169
v 11332 297 139
v 11333 138 74
v 11334 178 95
v 11335 466 222
v 11336 101 60
v 11337 57 35
v 11338 541 263
v 11339 331 161
v 11340 373 182
v 11341 38 19
v 11342 39 22
v 11343 59 32
v 11344 82 43
v 11345 140 73
v 11346 46 20
v 11347 112 64
v 11348 500 250
v 11349 426 216
v 11350 644 342
v 11351 225 123
v 11352 296 138
v 11353 34 17
v 11354 145 63
v 11355 95 49
v 11356 36 11
v 11357 396 189
v 11358 82 44
v 11359 86 44
v 11360 173 91
v 11361 240 103
v 11362 121 64
v 11363 193 100
v 11364 129 70
v 11365 375 198
v 11366 88 45
v 11367 23 13
v 11368 538 248
v 11369 315 161
v 11370 197 98
v 11371 99 47
v 11372 167 95
v 11373 206 111
v 11374 94 45
v 11375 147 83
v 11376 180 84
v 11377 128 70
v 11378 140 86
v 11383 187 96
v 11384 76 42
v 11385 153 82
v 11387 310 172
v 11390 105 54
v 11392 236 127
v 11393 90 43
v 11395 119 65
v 11399 228 109
v 11400 216 112
v 11401 123 68
v 11402 82 43
v 11409 111 59
v 11419 27 14
v 11566 47 29
v 11567 72 35
v 11568 132 63
v 11569 122 57
v 11570 50 23
v 11571 20 7
v 11572 21 8
v 11573 103 60
v 11574 155 79
v 11575 48 22
v 11576 45 25
v 11577 20 9
v 11578 21 9
v 11579 41 23
v 11580 82 38
v 11581 27 13
v 11582 61 27
v 11583 43 23
v 11584 66 33
v 11585 7 3
v 11586 3 0
v 11587 103 40
v 11588 83 40
v 11589 55 26
v 11590 45 16
v 11591 156 76
v 11592 36 22
v 11593 17 8
v 11594 165 72
v 11595 111 53
v 11596 108 50
v 11597 11 10
v 11598 21 8
v 11599 21 13
v 11600 27 14
v 11601 43 19
v 11602 16 5
v 11603 31 14
v 11604 153 82
v 11605 145 65
v 11606 214 119
v 11607 75 43
v 11608 103 47
v 11609 13 9
v 11610 48 25
v 11611 45 18
v 11612 12 4
v 11613 116 62
v 11614 25 16
v 11615 26 14
v 11616 70 37
v 11617 89 40
v 11618 34 21
v 11619 44 19
v 11620 40 22
v 11621 143 65
v 11622 34 16
v 11623 8 2
v 11624 176 100
v 11625 103 48
v 11626 73 47
v 11627 30 16
v 11628 51 26
v 11629 62 29
v 11630 35 17
v 11631 60 31
v 11632 52 30
v 11633 39 19
v 11634 32 17
v 11639 55 31
v 11640 24 13
v 11641 64 33
v 11643 100 53
v 11646 34 21
v 11648 89 38
v 11649 30 18
v 11651 39 15
v 11655 96 41
v 11656 68 35
v 11657 38 21
v 11658 54 23
v 11665 49 29
v 11675 15 7
v 11823 68 35
v 11824 171 71
v 11825 145 64
v 11826 53 23
v 11827 35 15
v 11828 23 12
v 11829 116 60
v 11830 182 76
v 11831 45 16
v 11832 39 13
v 11833 18 7
v 11834 11 3
v 11835 33 15
v 11836 80 48
v 11837 35 21
v 11838 70 32
v 11839 51 24
v 11840 78 40
v 11841 18 11
v 11842 2 1
v 11843 107 42
v 11844 89 35
v 11845 37 20
v 11846 62 30
v 11847 175 71
v 11848 38 20
v 11849 26 12
v 11850 201 85
v 11851 91 45
v 11852 115 47
v 11853 10 3
v 11854 16 8
v 11855 16 7
v 11856 33 10
v 11857 39 18
v 11858 27 8
v 11859 30 12
v 11860 160 71
v 11861 185 79
v 11862 215 104
v 11863 91 39
v 11864 140 53
v 11865 13 11
v 11866 60 34
v 11867 47 28
v 11868 20 4
v 11869 124 46
v 11870 27 10
v 11871 20 11
v 11872 54 20
v 11873 139 59
v 11874 34 19
v 11875 56 29
v 11876 53 26
v 11877 130 59
v 11878 29 15
v 11879 4 3
v 11880 182 69
v 11881 192 94
v 11882 79 33
v 11883 49 26
v 11884 61 27
v 11885 103 53
v 11886 51 25
v 11887 69 32
v 11888 79 35
v 11889 61 20
v 11890 54 22
v 11895 81 33
v 11896 27 15
v 11897 61 28
v 11899 111 52
v 11902 40 22
v 11904 97 41
v 11905 31 16
v 11907 59 25
v 11911 99 38
v 11912 91 43
v 11913 43 21
v 11914 31 16
v 11921 46 18
v 11931 15 7
v 12080 223 108
v 12081 270 141
v 12082 70 30
v 12083 34 18
v 12084 30 16
v 12085 201 111
v 12086 259 137
v 12087 85 41
v 12088 85 41
v 12089 33 14
v 12090 52 28
v 12091 91 66
v 12092 133 60
v 12093 25 11
v 12094 129 61
v 12095 101 56
v 12096 164 96
v 12097 20 8
v 12098 8 4
v 12099 193 84
v 12100 198 94
v 12101 116 61
v 12102 88 44
v 12103 322 158
v 12104 68 39
v 12105 59 33
v 12106 300 122
v 12107 219 112
v 12108 279 123
v 12109 21 9
v 12110 32 19
v 12111 27 10
v 12112 49 31
v 12113 83 41
v 12114 30 16
v 12115 60 33
v 12116 346 174
v 12117 281 128
v 12118 391 205
v 12119 169 86
v 12120 224 95
v 12121 19 6
v 12122 69 33
v 12123 50 28
v 12124 27 13
v 12125 273 160
v 12126 64 26
v 12127 52 30
v 12128 124 60
v 12129 152 79
v 12130 84 45
v 12131 163 97
v 12132 50 30
v 12133 231 121
v 12134 59 28
v 12135 12 6
v 12136 305 149
v 12137 204 108
v 12138 117 60
v 12139 69 32
v 12140 125 56
v 12141 122 59
v 12142 69 30
v 12143 79 42
v 12144 131 64
v 12145 84 26
v 12146 90 56
v 12151 117 62
v 12152 48 26
v 12153 87 43
v 12155 187 105
v 12158 80 36
v 12160 182 93
v 12161 48 27
v 12163 85 37
v 12167 125 44
v 12168 121 71
v 12169 74 37
v 12170 46 28
v 12177 70 43
v 12187 27 17
v 12337 412 183
v 12338 166 83
v 12339 52 30
v 12340 63 29
v 12341 269 155
v 12342 528 248
v 12343 129 60
v 12344 143 78
v 12345 67 31
v 12346 81 43
v 12347 102 57
v 12348 240 118
v 12349 73 41
v 12350 226 97
v 12351 119 66
v 12352 203 112
v 12353 15 9
v 12354 14 9
v 12355 296 161
v 12356 253 129
v 12357 132 68
v 12358 169 79
v 12359 484 240
v 12360 104 49
v 12361 64 39
v 12362 562 265
v 12363 292 153
v 12364 390 199
v 12365 60 30
v 12366 86 34
v 12367 48 28
v 12368 82 47
v 12369 147 64
v 12370 58 22
v 12371 93 41
v 12372 474 236
v 12373 508 288
v 12374 586 272
v 12375 227 123
v 12376 301 142
v 12377 44 23
v 12378 136 68
v 12379 137 78
v 12380 56 27
v 12381 391 191
v 12382 75 33
v 12383 67 19
v 12384 155 83
v 12385 311 155
v 12386 127 78
v 12387 164 78
v 12388 137 71
v 12389 291 149
v 12390 76 39
v 12391 17 4
v 12392 506 256
v 12393 413 212
v 12394 200 100
v 12395 123 66
v 12396 147 73
v 12397 311 175
v 12398 156 69
v 12399 181 94
v 12400 228 115
v 12401 173 87
v 12402 147 88
v 12407 204 100
v 12408 109 54
v 12409 237 123
v 12411 360 176
v 12414 117 58
v 12416 301 158
v 12417 88 55
v 12419 175 94
v 12423 297 145
v 12424 247 140
v 12425 146 73
v 12426 61 37
v 12433 126 70
v 12443 42 25
v 12594 140 69
v 12595 86 45
v 12596 45 20
v 12597 342 193
v 12598 512 264
v 12599 161 81
v 12600 145 79
v 12601 77 42
v 12602 76 46
v 12603 122 73
v 12604 279 147
v 12605 69 44
v 12606 238 122
v 12607 152 83
v 12608 239 128
v 12609 25 17
v 12610 13 6
v 12611 340 162
v 12612 288 142
v 12613 218 116
v 12614 193 116
v 12615 519 262
v 12616 95 43
v 12617 72 44
v 12618 611 301
v 12619 357 186
v 12620 460 227
v 12621 41 24
v 12622 79 37
v 12623 51 36
v 12624 87 49
v 12625 137 64
v 12626 54 23
v 12627 92 61
v 12628 554 283
v 12629 497 263
v 12630 765 383
v 12631 322 174
v 12632 458 212
v 12633 24 17
v 12634 149 82
v 12635 87 47
v 12636 40 19
v 12637 483 259
v 12638 85 48
v 12639 67 36
v 12640 222 121
v 12641 314 158
v 12642 172 88
v 12643 168 87
v 12644 150 82
v 12645 413 205
v 12646 73 36
v 12647 33 20
v 12648 641 343
v 12649 403 207
v 12650 232 121
v 12651 146 76
v 12652 232 116
v 12653 260 162
v 12654 172 79
v 12655 181 105
v 12656 254 142
v 12657 133 66
v 12658 154 97
v 12663 253 141
v 12664 122 63
v 12665 206 102
v 12667 391 224
v 12670 139 78
v 12672 315 162
v 12673 110 58
v 12675 135 73
v 12679 317 171
v 12680 223 131
v 12681 132 83
v 12682 97 55
v 12689 126 72
v 12699 55 30
v 12851 31 14
v 12852 36 9
v 12853 110 61
v 12854 165 91
v 12855 52 31
v 12856 38 21
v 12857 17 9
v 12858 25 12
v 12859 50 32
v 12860 86 45
v 12861 36 17
v 12862 85 31
v 12863 53 34
v 12864 94 55
v 12865 5 3
v 12866 9 3
v 12867 110 55
v 12868 131 66
v 12869 58 33
v 12870 63 29
v 12871 180 81
v 12872 33 15
v 12873 30 17
v 12874 249 118
v 12875 103 53
v 12876 155 78
v 12877 17 9
v 12878 20 11
v 12879 28 15
v 12880 29 22
v 12881 49 21
v 12882 26 16
v 12883 25 12
v 12884 199 106
v 12885 202 116
v 12886 228 118
v 12887 95 49
v 12888 141 71
v 12889 13 8
v 12890 79 42
v 12891 64 26
v 12892 20 10
v 12893 155 72
v 12894 24 9
v 12895 28 14
v 12896 63 35
v 12897 107 50
v 12898 40 23
v 12899 56 28
v 12900 50 27
v 12901 147 84
v 12902 29 13
v 12903 5 3
v 12904 172 84
v 12905 164 87
v 12906 76 40
v 12907 45 21
v 12908 46 24
v 12909 101 52
v 12910 53 28
v 12911 77 46
v 12912 108 55
v 12913 55 23
v 12914 48 29
v 12919 87 52
v 12920 37 16
v 12921 91 40
v 12923 145 84
v 12926 36 19
v 12928 104 53
v 12929 35 18
v 12931 70 34
v 12935 108 58
v 12936 86 39
v 12937 55 34
v 12938 24 16
v 12945 43 30
v 12955 11 4
v 13108 9 2
v 13109 50 34
v 13110 86 51
v 13111 26 12
v 13112 27 16
v 13113 8 5
v 13114 18 7
v 13115 22 11
v 13116 43 17
v 13117 8 3
v 13118 47 17
v 13119 17 10
v 13120 41 22
v 13121 3 3
v 13122 3 2
v 13123 62 17
v 13124 64 26
v 13125 50 26
v 13126 41 25
v 13127 131 65
v 13128 19 7
v 13129 15 5
v 13130 102 43
v 13131 69 31
v 13132 80 33
v 13133 6 2
v 13134 8 6
v 13135 12 5
v 13136 15 8
v 13137 26 13
v 13138 10 3
v 13139 13 10
v 13140 98 50
v 13141 80 35
v 13142 145 68
v 13143 45 21
v 13144 79 32
v 13145 7 6
v 13146 20 8
v 13147 21 12
v 13148 4 1
v 13149 80 49
v 13150 14 9
v 13151 11 4
v 13152 39 15
v 13153 46 23
v 13154 41 22
v 13155 28 17
v 13156 27 15
v 13157 50 26
v 13158 13 7
v 13159 5 2
v 13160 103 48
v 13161 66 32
v 13162 31 17
v 13163 21 11
v 13164 38 22
v 13165 42 27
v 13166 26 17
v 13167 27 18
v 13168 33 16
v 13169 25 11
v 13170 26 9
v 13175 41 21
v 13176 14 6
v 13177 31 13
v 13179 68 37
v 13182 28 18
v 13184 49 24
v 13185 19 11
v 13187 17 6
v 13191 48 17
v 13192 33 20
v 13193 23 13
v 13194 11 4
v 13201 21 13
v 13211 5 1
v 13365 55 31
v 13366 67 40
v 13367 21 11
v 13368 12 8
v 13369 9 4
v 13370 19 13
v 13371 22 10
v 13372 35 19
v 13373 7 4
v 13374 41 21
v 13375 14 7
v 13376 26 10
v 13377 2 1
v 13378 3 2
v 13379 45 23
v 13380 44 20
v 13381 33 16
v 13382 28 21
v 13383 67 38
v 13384 7 6
v 13385 12 7
v 13386 74 42
v 13387 46 24
v 13388 62 34
v 13389 11 4
v 13390 10 5
v 13391 14 10
v 13392 15 8
v 13393 18 11
v 13394 15 11
v 13395 8 5
v 13396 67 36
v 13397 62 35
v 13398 91 43
v 13399 31 15
v 13400 57 24
v 13401 3 2
v 13402 19 15
v 13403 10 6
v 13404 5 2
v 13405 82 47
v 13406 11 5
v 13407 6 4
v 13408 28 15
v 13409 38 18
v 13410 29 16
v 13411 21 12
v 13412 24 17
v 13413 40 22
v 13414 8 4
v 13415 1 0
v 13416 75 37
v 13417 52 23
v 13418 30 19
v 13419 24 13
v 13420 28 15
v 13421 40 26
v 13422 19 11
v 13423 23 15
v 13424 36 22
v 13425 20 10
v 13426 12 7
v 13431 29 16
v 13432 15 11
v 13433 25 12
v 13435 59 38
v 13438 20 11
v 13440 54 34
v 13441 13 9
v 13443 25 15
v 13447 40 20
v 13448 28 15
v 13449 21 18
v 13450 5 3
v 13457 25 13
v 13467 4 3
v 13622 349 165
v 13623 110 41
v 13624 111 46
v 13625 39 16
v 13626 58 25
v 13627 71 40
v 13628 166 77
v 13629 47 18
v 13630 190 75
v 13631 91 37
v 13632 189 87
v 13633 15 10
v 13634 15 7
v 13635 251 88
v 13636 228 99
v 13637 119 54
v 13638 141 63
v 13639 373 151
v 13640 81 34
v 13641 67 33
v 13642 472 199
v 13643 247 116
v 13644 281 121
v 13645 28 10
v 13646 40 11
v 13647 42 17
v 13648 59 31
v 13649 109 44
v 13650 37 18
v 13651 69 27
v 13652 390 154
v 13653 372 149
v 13654 519 215
v 13655 204 99
v 13656 287 120
v 13657 29 13
v 13658 106 42
v 13659 80 36
v 13660 28 12
v 13661 317 135
v 13662 42 18
v 13663 49 23
v 13664 132 52
v 13665 222 94
v 13666 94 44
v 13667 149 55
v 13668 84 35
v 13669 273 124
v 13670 64 31
v 13671 12 6
v 13672 395 164
v 13673 332 139
v 13674 153 68
v 13675 109 47
v 13676 147 75
v 13677 169 87
v 13678 84 34
v 13679 96 46
v 13680 140 59
v 13681 91 31
v 13682 120 52
v 13687 186 95
v 13688 75 37
v 13689 140 64
v 13691 256 117
v 13694 90 33
v 13696 188 96
v 13697 83 36
v 13699 116 52
v 13703 228 76
v 13704 158 78
v 13705 114 50
v 13706 56 25
v 13713 99 52
v 13723 23 8
v 13879 144 77
v 13880 150 80
v 13881 56 28
v 13882 95 44
v 13883 129 84
v 13884 233 108
v 13885 86 41
v 13886 252 117
v 13887 147 77
v 13888 324 185
v 13889 28 16
v 13890 10 6
v 13891 413 209
v 13892 302 153
v 13893 212 94
v 13894 236 126
v 13895 593 285
v 13896 116 65
v 13897 71 42
v 13898 725 381
v 13899 357 169
v 13900 520 251
v 13901 44 19
v 13902 84 41
v 13903 57 26
v 13904 86 45
v 13905 140 71
v 13906 50 27
v 13907 100 49
v 13908 658 342
v 13909 561 285
v 13910 749 399
v 13911 326 175
v 13912 447 232
v 13913 43 24
v 13914 209 111
v 13915 140 75
v 13916 38 22
v 13917 566 304
v 13918 108 59
v 13919 90 45
v 13920 283 173
v 13921 358 179
v 13922 145 85
v 13923 201 103
v 13924 150 82
v 13925 406 203
v 13926 88 46
v 13927 24 14
v 13928 667 328
v 13929 560 290
v 13930 233 134
v 13931 154 78
v 13932 259 151
v 13933 331 201
v 13934 206 111
v 13935 199 102
v 13936 242 124
v 13937 148 66
v 13938 180 101
v 13943 307 159
v 13944 116 66
v 13945 231 109
v 13947 397 233
v 13950 146 76
v 13952 334 187
v 13953 127 64
v 13955 166 91
v 13959 327 147
v 13960 251 149
v 13961 184 115
v 13962 89 46
v 13969 112 55
v 13979 43 30
v 14136 52 22
v 14137 28 16
v 14138 29 17
v 14139 49 29
v 14140 96 48
v 14141 22 14
v 14142 89 42
v 14143 43 18
v 14144 89 57
v 14145 10 4
v 14146 3 0
v 14147 96 51
v 14148 105 48
v 14149 72 35
v 14150 66 36
v 14151 161 79
v 14152 35 20
v 14153 22 12
v 14154 214 102
v 14155 119 64
v 14156 143 68
v 14157 19 7
v 14158 25 11
v 14159 25 12
v 14160 31 17
v 14161 48 28
v 14162 22 9
v 14163 14 6
v 14164 190 97
v 14165 158 88
v 14166 261 128
v 14167 105 50
v 14168 120 57
v 14169 8 4
v 14170 44 23
v 14171 45 22
v 14172 20 13
v 14173 151 84
v 14174 18 10
v 14175 16 6
v 14176 56 23
v 14177 114 63
v 14178 44 27
v 14179 63 33
v 14180 57 33
v 14181 140 61
v 14182 21 12
v 14183 12 7
v 14184 210 92
v 14185 128 66
v 14186 98 49
v 14187 55 28
v 14188 87 49
v 14189 107 59
v 14190 69 38
v 14191 45 16
v 14192 106 64
v 14193 44 25
v 14194 39 24
v 14199 74 38
v 14200 44 24
v 14201 70 28
v 14203 123 60
v 14206 54 35
v 14208 124 62
v 14209 39 17
v 14211 55 29
v 14215 117 49
v 14216 72 40
v 14217 43 20
v 14218 22 14
v 14225 44 28
v 14235 16 5
v 14393 20 7
v 14394 26 12
v 14395 34 12
v 14396 68 26
v 14397 24 9
v 14398 49 21
v 14399 43 20
v 14400 91 39
v 14401 7 6
v 14402 1 0
v 14403 102 54
v 14404 101 44
v 14405 52 28
v 14406 59 27
v 14407 160 73
v 14408 32 16
v 14409 26 17
v 14410 153 90
v 14411 122 48
v 14412 151 83
v 14413 16 8
v 14414 18 7
v 14415 25 9
v 14416 29 17
v 14417 43 17
v 14418 15 5
v 14419 32 14
v 14420 174 84
v 14421 185 99
v 14422 201 99
v 14423 78 44
v 14424 135 70
v 14425 13 7
v 14426 58 29
v 14427 32 16
v 14428 15 6
v 14429 153 68
v 14430 19 13
v 14431 24 13
v 14432 57 31
v 14433 84 38
v 14434 44 23
v 14435 63 27
v 14436 39 20
v 14437 141 75
v 14438 35 20
v 14439 9 3
v 14440 165 78
v 14441 103 55
v 14442 68 34
v 14443 34 20
v 14444 59 32
v 14445 77 43
v 14446 56 28
v 14447 61 30
v 14448 60 31
v 14449 45 18
v 14450 56 34
v 14455 89 46
v 14456 25 14
v 14457 61 30
v 14459 109 55
v 14462 45 21
v 14464 91 55
v 14465 28 11
v 14467 47 29
v 14471 71 27
v 14472 66 28
v 14473 45 24
v 14474 29 15
v 14481 36 20
v 14491 11 9
v 14650 7 4
v 14651 14 10
v 14652 34 13
v 14653 11 7
v 14654 36 22
v 14655 17 9
v 14656 29 12
v 14657 1 0
v 14658 4 2
v 14659 46 20
v 14660 39 18
v 14661 34 17
v 14662 33 17
v 14663 75 36
v 14664 12 5
v 14665 8 5
v 14666 94 51
v 14667 47 18
v 14668 67 30
v 14669 4 4
v 14670 8 4
v 14671 5 5
v 14672 13 6
v 14673 20 9
v 14674 7 2
v 14675 9 4
v 14676 63 32
v 14677 63 39
v 14678 93 47
v 14679 41 23
v 14680 45 22
v 14681 4 3
v 14682 24 19
v 14683 18 11
v 14684 9 4
v 14685 66 34
v 14686 17 8
v 14687 12 5
v 14688 22 13
v 14689 40 26
v 14690 16 6
v 14691 25 11
v 14692 22 10
v 14693 57 24
v 14694 12 5
v 14695 6 4
v 14696 69 36
v 14697 60 31
v 14698 30 21
v 14699 16 10
v 14700 27 20
v 14701 39 23
v 14702 18 5
v 14703 32 13
v 14704 36 17
v 14705 19 8
v 14706 27 18
v 14711 32 16
v 14712 14 4
v 14713 34 23
v 14715 62 38
v 14718 17 8
v 14720 38 15
v 14721 18 12
v 14723 23 11
v 14727 44 23
v 14728 32 22
v 14729 21 12
v 14730 10 4
v 14737 10 8
v 14747 3 3
v 14907 25 15
v 14908 33 20
v 14909 23 12
v 14910 43 19
v 14911 25 10
v 14912 35 13
v 14913 4 2
v 14914 4 0
v 14915 50 22
v 14916 43 22
v 14917 40 23
v 14918 35 12
v 14919 96 47
v 14920 21 9
v 14921 11 5
v 14922 89 39
v 14923 76 38
v 14924 54 29
v 14925 8 4
v 14926 6 4
v 14927 8 4
v 14928 14 9
v 14929 28 16
v 14930 15 7
v 14931 17 6
v 14932 97 41
v 14933 76 39
v 14934 94 45
v 14935 47 25
v 14936 70 24
v 14937 5 3
v 14938 24 15
v 14939 17 9
v 14940 10 6
v 14941 76 30
v 14942 21 9
v 14943 21 8
v 14944 27 11
v 14945 65 35
v 14946 32 15
v 14947 32 18
v 14948 17 13
v 14949 82 37
v 14950 24 11
v 14951 5 1
v 14952 92 43
v 14953 87 34
v 14954 44 22
v 14955 22 8
v 14956 35 18
v 14957 34 16
v 14958 29 10
v 14959 24 11
v 14960 30 13
v 14961 25 7
v 14962 30 14
v 14967 53 28
v 14968 22 14
v 14969 34 17
v 14971 69 32
v 14974 25 15
v 14976 30 15
v 14977 12 4
v 14979 29 12
v 14983 47 23
v 14984 53 22
v 14985 40 16
v 14986 17 8
v 14993 24 17
v 15003 5 4
v 15164 68 31
v 15165 16 5
v 15166 54 21
v 15167 47 21
v 15168 65 28
v 15169 3 3
v 15170 4 3
v 15171 93 29
v 15172 66 23
v 15173 36 16
v 15174 58 27
v 15175 149 55
v 15176 22 10
v 15177 19 10
v 15178 156 78
v 15179 90 28
v 15180 149 64
v 15181 12 7
v 15182 15 8
v 15183 16 8
v 15184 25 12
v 15185 46 15
v 15186 16 6
v 15187 33 19
v 15188 150 60
v 15189 153 65
v 15190 204 87
v 15191 82 40
v 15192 114 52
v 15193 7 1
v 15194 43 22
v 15195 32 24
v 15196 13 4
v 15197 104 47
v 15198 22 7
v 15199 28 8
v 15200 62 23
v 15201 83 39
v 15202 41 22
v 15203 62 24
v 15204 33 13
v 15205 105 50
v 15206 22 12
v 15207 11 0
v 15208 167 73
v 15209 127 52
v 15210 60 33
v 15211 30 14
v 15212 69 33
v 15213 77 38
v 15214 27 12
v 15215 40 18
v 15216 54 23
v 15217 50 14
v 15218 44 24
v 15223 55 25
v 15224 18 11
v 15225 42 18
v 15227 101 45
v 15230 35 15
v 15232 71 34
v 15233 29 13
v 15235 49 24
v 15239 81 39
v 15240 62 21
v 15241 24 15
v 15242 11 5
v 15249 30 14
v 15259 8 5
v 15421 40 11
v 15422 101 50
v 15423 79 37
v 15424 145 80
v 15425 7 6
v 15426 2 1
v 15427 187 84
v 15428 199 111
v 15429 122 67
v 15430 133 57
v 15431 246 97
v 15432 49 26
v 15433 38 23
v 15434 340 174
v 15435 197 111
v 15436 238 117
v 15437 39 21
v 15438 50 28
v 15439 30 17
v 15440 53 28
v 15441 82 38
v 15442 35 15
v 15443 59 29
v 15444 274 137
v 15445 273 139
v 15446 451 236
v 15447 155 64
v 15448 217 114
v 15449 29 15
v 15450 86 40
v 15451 68 30
v 15452 23 8
v 15453 256 142
v 15454 51 24
v 15455 54 21
v 15456 108 58
v 15457 174 84
v 15458 74 36
v 15459 116 67
v 15460 82 41
v 15461 235 139
v 15462 48 23
v 15463 10 2
v 15464 356 175
v 15465 253 129
v 15466 125 54
v 15467 66 33
v 15468 100 56
v 15469 155 77
v 15470 93 53
v 15471 142 82
v 15472 136 70
v 15473 95 50
v 15474 83 40
v 15479 132 67
v 15480 56 31
v 15481 118 55
v 15483 195 118
v 15486 82 42
v 15488 188 98
v 15489 69 37
v 15491 85 45
v 15495 181 73
v 15496 123 63
v 15497 88 43
v 15498 34 22
v 15505 61 36
v 15515 23 14
v 15678 55 32
v 15679 22 11
v 15680 33 17
v 15681 3 2
v 15682 5 1
v 15683 49 27
v 15684 51 22
v 15685 16 8
v 15686 34 15
v 15687 65 22
v 15688 9 4
v 15689 8 2
v 15690 115 49
v 15691 45 21
v 15692 61 34
v 15693 12 5
v 15694 15 6
v 15695 9 8
v 15696 11 6
v 15697 17 8
v 15698 16 7
v 15699 25 12
v 15700 62 31
v 15701 85 42
v 15702 113 57
v 15703 38 16
v 15704 61 26
v 15705 6 3
v 15706 37 17
v 15707 23 12
v 15708 12 5
v 15709 56 27
v 15710 14 6
v 15711 10 2
v 15712 30 12
v 15713 50 27
v 15714 24 13
v 15715 42 24
v 15716 18 9
v 15717 75 42
v 15718 22 9
v 15719 8 3
v 15720 91 39
v 15721 83 38
v 15722 37 15
v 15723 21 9
v 15724 11 7
v 15725 49 24
v 15726 14 7
v 15727 34 22
v 15728 35 18
v 15729 31 15
v 15730 18 13
v 15735 27 13
v 15736 11 6
v 15737 41 16
v 15739 55 28
v 15742 15 6
v 15744 37 19
v 15745 17 10
v 15747 42 19
v 15751 49 28
v 15752 55 32
v 15753 22 11
v 15754 10 6
v 15761 22 13
v 15771 5 4
v 15935 56 30
v 15936 136 76
v 15937 15 10
v 15938 10 7
v 15939 176 83
v 15940 161 90
v 15941 93 53
v 15942 106 58
v 15943 329 160
v 15944 81 41
v 15945 39 18
v 15946 320 173
v 15947 197 108
v 15948 245 115
v 15949 32 20
v 15950 42 23
v 15951 33 20
v 15952 43 27
v 15953 68 24
v 15954 27 11
v 15955 50 27
v 15956 279 151
v 15957 258 148
v 15958 380 193
v 15959 153 77
v 15960 233 121
v 15961 19 10
v 15962 67 41
v 15963 63 38
v 15964 27 12
v 15965 304 156
v 15966 50 25
v 15967 50 22
v 15968 113 62
v 15969 165 77
v 15970 70 48
v 15971 90 57
v 15972 82 48
v 15973 218 115
v 15974 58 35
v 15975 9 6
v 15976 299 144
v 15977 224 107
v 15978 130 71
v 15979 72 32
v 15980 108 56
v 15981 160 101
v 15982 107 59
v 15983 109 66
v 15984 112 62
v 15985 86 47
v 15986 85 59
v 15991 127 61
v 15992 56 40
v 15993 108 68
v 15995 214 123
v 15998 85 44
v 16000 176 91
v 16001 56 28
v 16003 91 56
v 16007 158 71
v 16008 128 57
v 16009 84 52
v 16010 45 25
v 16017 83 48
v 16027 18 11
v 16192 84 35
v 16193 6 5
v 16194 5 3
v 16195 88 34
v 16196 90 39
v 16197 56 28
v 16198 56 22
v 16199 180 87
v 16200 23 10
v 16201 23 11
v 16202 191 74
v 16203 107 45
v 16204 160 76
v 16205 14 11
v 16206 24 7
v 16207 22 9
v 16208 30 19
v 16209 51 29
v 16210 15 5
v 16211 38 17
v 16212 179 87
v 16213 176 84
v 16214 196 80
v 16215 78 36
v 16216 107 43
v 16217 15 8
v 16218 50 31
v 16219 33 19
v 16220 14 5
v 16221 135 77
v 16222 26 13
v 16223 18 8
v 16224 65 27
v 16225 91 43
v 16226 38 21
v 16227 60 25
v 16228 50 29
v 16229 107 45
v 16230 33 17
v 16231 8 6
v 16232 179 68
v 16233 106 37
v 16234 65 29
v 16235 40 15
v 16236 56 24
v 16237 72 41
v 16238 44 18
v 16239 59 33
v 16240 60 29
v 16241 48 21
v 16242 53 29
v 16247 66 37
v 16248 26 17
v 16249 62 32
v 16251 116 68
v 16254 40 14
v 16256 94 51
v 16257 31 17
v 16259 34 15
v 16263 83 32
v 16264 90 44
v 16265 43 22
v 16266 23 13
v 16273 32 9
v 16283 11 7
v 16449 14 8
v 16450 4 3
v 16451 179 86
v 16452 161 64
v 16453 111 58
v 16454 97 48
v 16455 300 135
v 16456 75 42
v 16457 41 22
v 16458 327 166
v 16459 220 107
v 16460 255 111
v 16461 19 9
v 16462 28 12
v 16463 26 14
v 16464 51 30
v 16465 68 38
v 16466 29 16
v 16467 57 28
v 16468 313 161
v 16469 294 139
v 16470 388 169
v 16471 171 84
v 16472 218 96
v 16473 23 12
v 16474 81 37
v 16475 56 28
v 16476 26 15
v 16477 251 121
v 16478 50 23
v 16479 34 17
v 16480 118 57
v 16481 191 95
v 16482 69 45
v 16483 110 55
v 16484 74 42
v 16485 216 110
v 16486 47 19
v 16487 6 2
v 16488 325 140
v 16489 212 97
v 16490 110 57
v 16491 65 25
v 16492 113 48
v 16493 130 69
v 16494 80 34
v 16495 97 45
v 16496 114 64
v 16497 74 39
v 16498 91 56
v 16503 128 70
v 16504 54 31
v 16505 96 40
v 16507 200 116
v 16510 75 34
v 16512 149 75
v 16513 55 26
v 16515 68 27
v 16519 144 66
v 16520 120 65
v 16521 66 28
v 16522 42 20
v 16529 53 26
v 16539 26 13
v 16707 18 6
v 16708 10 5
v 16709 6 3
v 16710 7 4
v 16711 26 13
v 16712 3 2
v 16713 4 1
v 16714 25 8
v 16715 23 8
v 16716 19 9
v 16718 2 2
v 16719 2 1
v 16720 10 5
v 16721 7 3
v 16722 1 0
v 16723 1 0
v 16724 23 10
v 16725 18 4
v 16726 34 18
v 16727 19 11
v 16728 24 10
v 16729 2 1
v 16730 9 5
v 16731 6 2
v 16732 4 1
v 16733 20 8
v 16734 3 1
v 16736 7 4
v 16737 18 7
v 16738 9 4
v 16739 8 4
v 16740 9 7
v 16741 23 9
v 16742 1 1
v 16743 2 0
v 16744 30 9
v 16745 23 12
v 16746 13 4
v 16747 9 4
v 16748 7 0
v 16749 12 6
v 16750 10 6
v 16751 10 3
v 16752 10 2
v 16753 6 4
v 16754 6 1
v 16759 10 4
v 16760 4 1
v 16761 9 4
v 16763 18 11
v 16766 11 4
v 16768 13 6
v 16769 8 5
v 16771 7 5
v 16775 11 5
v 16776 12 5
v 16777 13 11
v 16778 5 3
v 16785 6 1
v 16795 3 2
v 16963 9 5
v 16964 10 1
v 16965 5 4
v 16966 6 4
v 16967 8 3
v 16968 8 4
v 16969 3 1
v 16970 8 2
v 16971 8 4
v 16972 14 6
v 16974 3 1
v 16975 2 2
v 16976 2 1
v 16977 1 1
v 16978 3 2
v 16979 4 4
v 16980 12 7
v 16981 16 8
v 16982 18 10
v 16983 9 4
v 16984 11 4
v 16986 3 2
v 16987 3 1
v 16988 1 0
v 16989 8 2
v 16990 2 1
v 16991 2 2
v 16992 2 2
v 16993 7 3
v 16995 4 2
v 16996 4 3
v 16997 8 2
v 16998 1 1
v 17000 18 9
v 17001 16 10
v 17002 5 4
v 17004 5 1
v 17005 11 8
v 17006 5 2
v 17007 1 1
v 17008 4 1
v 17009 12 6
v 17010 8 6
v 17015 6 3
v 17016 3 2
v 17017 2 2
v 17019 11 4
v 17022 3 1
v 17024 8 4
v 17025 2 0
v 17027 4 3
v 17031 6 1
v 17032 4 2
v 17033 2 2
v 17034 3 2
v 17041 4 2
v 17051 1 0
v 17220 296 166
v 17221 125 78
v 17222 136 88
v 17223 410 203
v 17224 72 43
v 17225 55 35
v 17226 346 165
v 17227 303 173
v 17228 286 150
v 17229 26 13
v 17230 47 24
v 17231 40 23
v 17232 68 32
v 17233 92 55
v 17234 29 10
v 17235 65 38
v 17236 407 229
v 17237 324 159
v 17238 504 247
v 17239 209 107
v 17240 282 129
v 17241 30 14
v 17242 126 63
v 17243 68 37
v 17244 28 15
v 17245 355 181
v 17246 67 31
v 17247 49 22
v 17248 147 73
v 17249 239 131
v 17250 94 52
v 17251 125 70
v 17252 110 59
v 17253 323 165
v 17254 52 21
v 17255 9 8
v 17256 453 232
v 17257 277 137
v 17258 153 85
v 17259 87 44
v 17260 142 75
v 17261 151 86
v 17262 101 45
v 17263 140 78
v 17264 168 89
v 17265 87 43
v 17266 114 64
v 17271 146 82
v 17272 66 36
v 17273 138 67
v 17275 263 146
v 17278 90 52
v 17280 215 118
v 17281 81 45
v 17283 95 47
v 17287 229 99
v 17288 157 81
v 17289 79 47
v 17290 56 35
v 17297 68 35
v 17307 35 15
v 17477 115 64
v 17478 143 74
v 17479 368 177
v 17480 66 42
v 17481 51 28
v 17482 384 211
v 17483 271 143
v 17484 342 156
v 17485 43 21
v 17486 38 15
v 17487 35 27
v 17488 60 37
v 17489 108 56
v 17490 39 19
v 17491 73 46
v 17492 446 226
v 17493 337 183
v 17494 545 309
v 17495 186 91
v 17496 263 137
v 17497 21 13
v 17498 88 44
v 17499 74 39
v 17500 29 16
v 17501 277 162
v 17502 74 41
v 17503 47 23
v 17504 124 60
v 17505 213 113
v 17506 72 47
v 17507 113 58
v 17508 106 52
v 17509 272 146
v 17510 54 26
v 17511 15 8
v 17512 384 186
v 17513 293 159
v 17514 181 99
v 17515 84 40
v 17516 160 89
v 17517 151 84
v 17518 97 45
v 17519 141 62
v 17520 152 82
v 17521 87 40
v 17522 94 53
v 17527 171 92
v 17528 72 38
v 17529 130 68
v 17531 246 127
v 17534 95 52
v 17536 245 120
v 17537 76 38
v 17539 112 54
v 17543 210 106
v 17544 162 91
v 17545 80 40
v 17546 46 29
v 17553 91 57
v 17563 24 17
v 17734 84 54
v 17735 218 100
v 17736 46 25
v 17737 37 19
v 17738 237 107
v 17739 145 85
v 17740 202 93
v 17741 9 4
v 17742 35 12
v 17743 21 10
v 17744 37 19
v 17745 50 25
v 17746 21 8
v 17747 41 16
v 17748 226 108
v 17749 209 115
v 17750 265 122
v 17751 146 68
v 17752 172 76
v 17753 11 5
v 17754 50 26
v 17755 52 28
v 17756 19 7
v 17757 224 107
v 17758 46 16
v 17759 21 8
v 17760 97 41
v 17761 147 63
v 17762 49 30
v 17763 59 27
v 17764 48 19
v 17765 173 85
v 17766 48 20
v 17767 7 2
v 17768 228 94
v 17769 143 62
v 17770 101 46
v 17771 70 30
v 17772 85 45
v 17773 86 43
v 17774 68 33
v 17775 66 30
v 17776 102 48
v 17777 38 16
v 17778 55 32
v 17783 107 45
v 17784 46 26
v 17785 78 41
v 17787 163 91
v 17790 58 31
v 17792 133 64
v 17793 51 29
v 17795 70 34
v 17799 124 51
v 17800 76 38
v 17801 55 26
v 17802 25 13
v 17809 45 25
v 17819 25 11
v 17991 247 117
v 17992 47 25
v 17993 40 18
v 17994 252 121
v 17995 141 68
v 17996 177 84
v 17997 15 9
v 17998 20 6
v 17999 24 11
v 18000 54 26
v 18001 66 20
v 18002 37 16
v 18003 45 24
v 18004 204 86
v 18005 225 100
v 18006 268 118
v 18007 103 46
v 18008 140 64
v 18009 11 8
v 18010 75 39
v 18011 64 30
v 18012 20 6
v 18013 176 72
v 18014 33 20
v 18015 36 18
v 18016 100 47
v 18017 154 80
v 18018 68 39
v 18019 82 35
v 18020 68 35
v 18021 132 71
v 18022 32 13
v 18023 20 9
v 18024 268 131
v 18025 205 79
v 18026 87 43
v 18027 62 32
v 18028 69 35
v 18029 96 54
v 18030 93 45
v 18031 89 38
v 18032 80 45
v 18033 58 22
v 18034 74 35
v 18039 95 50
v 18040 56 31
v 18041 87 30
v 18043 150 82
v 18046 47 20
v 18048 157 83
v 18049 59 30
v 18051 63 31
v 18055 114 56
v 18056 112 68
v 18057 57 22
v 18058 35 14
v 18065 62 34
v 18075 20 11
v 18248 125 66
v 18249 91 52
v 18250 678 340
v 18251 420 210
v 18252 559 262
v 18253 45 19
v 18254 71 33
v 18255 72 42
v 18256 96 56
v 18257 152 92
v 18258 85 48
v 18259 117 68
v 18260 721 374
v 18261 580 293
v 18262 911 467
v 18263 337 163
v 18264 488 226
v 18265 53 30
v 18266 155 84
v 18267 134 68
v 18268 62 35
v 18269 571 291
v 18270 100 44
v 18271 97 48
v 18272 241 148
v 18273 370 191
v 18274 208 123
v 18275 230 127
v 18276 176 88
v 18277 441 240
v 18278 98 58
v 18279 27 10
v 18280 634 302
v 18281 502 260
v 18282 314 165
v 18283 154 71
v 18284 302 149
v 18285 289 160
v 18286 194 88
v 18287 198 104
v 18288 271 151
v 18289 158 76
v 18290 203 119
v 18295 310 164
v 18296 134 81
v 18297 241 122
v 18299 448 251
v 18302 141 70
v 18304 328 171
v 18305 142 71
v 18307 177 103
v 18311 342 161
v 18312 258 151
v 18313 170 89
v 18314 87 46
v 18321 135 77
v 18331 57 27
v 18505 17 12
v 18506 130 54
v 18507 100 44
v 18508 108 47
v 18509 11 5
v 18510 18 3
v 18511 18 9
v 18512 13 9
v 18513 34 12
v 18514 11 8
v 18515 27 12
v 18516 132 66
v 18517 135 76
v 18518 180 78
v 18519 77 40
v 18520 101 54
v 18521 11 4
v 18522 30 16
v 18523 18 14
v 18524 11 7
v 18525 120 57
v 18526 26 17
v 18527 16 10
v 18528 51 27
v 18529 99 53
v 18530 31 14
v 18531 49 24
v 18532 32 17
v 18533 80 34
v 18534 25 7
v 18535 6 2
v 18536 132 59
v 18537 70 27
v 18538 63 34
v 18539 37 14
v 18540 50 21
v 18541 47 28
v 18542 36 19
v 18543 31 9
v 18544 44 22
v 18545 26 7
v 18546 33 16
v 18551 64 38
v 18552 23 12
v 18553 45 23
v 18555 65 37
v 18558 32 18
v 18560 68 41
v 18561 27 11
v 18563 24 10
v 18567 61 24
v 18568 44 24
v 18569 33 18
v 18570 26 10
v 18577 23 13
v 18587 13 11
v 18762 81 40
v 18763 62 27
v 18764 63 23
v 18765 7 5
v 18766 9 3
v 18767 15 8
v 18768 21 9
v 18769 18 13
v 18770 13 4
v 18771 23 15
v 18772 92 36
v 18773 76 33
v 18774 115 53
v 18775 46 20
v 18776 60 31
v 18777 10 5
v 18778 26 14
v 18779 19 12
v 18780 13 6
v 18781 97 39
v 18782 14 8
v 18783 12 6
v 18784 34 17
v 18785 63 30
v 18786 19 10
v 18787 35 15
v 18788 24 13
v 18789 62 30
v 18790 14 4
v 18791 2 2
v 18792 91 43
v 18793 80 38
v 18794 36 16
v 18795 19 11
v 18796 35 16
v 18797 37 19
v 18798 28 11
v 18799 26 16
v 18800 36 15
v 18801 26 11
v 18802 28 18
v 18807 43 20
v 18808 17 10
v 18809 35 18
v 18811 62 23
v 18814 18 9
v 18816 56 26
v 18817 16 10
v 18819 22 10
v 18823 43 18
v 18824 44 21
v 18825 24 11
v 18826 14 7
v 18833 20 8
v 18843 9 3
v 19019 450 224
v 19020 588 284
v 19021 60 31
v 19022 92 45
v 19023 75 43
v 19024 144 85
v 19025 174 81
v 19026 99 42
v 19027 139 83
v 19028 680 368
v 19029 684 350
v 19030 986 498
v 19031 357 191
v 19032 504 236
v 19033 43 17
v 19034 255 125
v 19035 209 122
v 19036 72 39
v 19037 557 326
v 19038 88 53
v 19039 61 32
v 19040 227 115
v 19041 438 225
v 19042 163 92
v 19043 235 115
v 19044 207 106
v 19045 489 229
v 19046 107 54
v 19047 23 12
v 19048 739 341
v 19049 592 318
v 19050 321 151
v 19051 206 90
v 19052 267 144
v 19053 337 212
v 19054 234 116
v 19055 275 142
v 19056 312 149
v 19057 222 104
v 19058 167 102
v 19063 299 156
v 19064 177 97
v 19065 285 132
v 19067 542 288
v 19070 218 109
v 19072 414 232
v 19073 152 70
v 19075 242 127
v 19079 412 201
v 19080 367 191
v 19081 212 106
v 19082 90 48
v 19089 165 99
v 19099 56 29
v 19276 353 157
v 19277 37 16
v 19278 49 26
v 19279 50 30
v 19280 58 27
v 19281 108 50
v 19282 30 12
v 19283 66 33
v 19284 485 224
v 19285 394 201
v 19286 600 300
v 19287 211 107
v 19288 318 145
v 19289 35 21
v 19290 98 39
v 19291 74 43
v 19292 29 13
v 19293 398 193
v 19294 77 36
v 19295 53 26
v 19296 167 82
v 19297 241 113
v 19298 83 49
v 19299 148 77
v 19300 84 54
v 19301 308 148
v 19302 96 47
v 19303 12 9
v 19304 446 180
v 19305 302 140
v 19306 162 76
v 19307 102 53
v 19308 191 103
v 19309 181 105
v 19310 115 46
v 19311 139 65
v 19312 183 97
v 19313 101 57
v 19314 117 75
v 19319 184 90
v 19320 74 45
v 19321 147 75
v 19323 286 147
v 19326 109 55
v 19328 225 122
v 19329 82 46
v 19331 119 65
v 19335 184 87
v 19336 161 93
v 19337 95 55
v 19338 70 35
v 19345 79 45
v 19355 19 13
v 19533 41 21
v 19534 79 45
v 19535 51 35
v 19536 73 45
v 19537 119 58
v 19538 50 24
v 19539 98 66
v 19540 555 293
v 19541 498 252
v 19542 646 332
v 19543 291 159
v 19544 475 213
v 19545 32 14
v 19546 145 77
v 19547 125 69
v 19548 35 10
v 19549 454 272
v 19550 80 39
v 19551 59 39
v 19552 204 123
v 19553 294 144
v 19554 144 87
v 19555 176 92
v 19556 144 89
v 19557 371 196
v 19558 83 46
v 19559 29 11
v 19560 585 306
v 19561 410 207
v 19562 185 116
v 19563 125 71
v 19564 225 124
v 19565 243 143
v 19566 154 70
v 19567 202 108
v 19568 204 120
v 19569 162 77
v 19570 133 75
v 19575 229 113
v 19576 90 50
v 19577 187 87
v 19579 356 207
v 19582 113 75
v 19584 322 168
v 19585 118 76
v 19587 155 80
v 19591 299 153
v 19592 234 134
v 19593 147 88
v 19594 72 36
v 19601 111 62
v 19611 50 31
v 19790 6 4
v 19791 4 2
v 19792 11 3
v 19793 11 5
v 19794 14 7
v 19795 8 4
v 19796 43 15
v 19797 57 32
v 19798 75 41
v 19799 32 14
v 19800 36 19
v 19801 10 3
v 19802 23 11
v 19803 12 4
v 19804 2 1
v 19805 37 13
v 19806 3 2
v 19807 9 3
v 19808 21 6
v 19809 31 14
v 19810 12 7
v 19811 21 10
v 19812 10 6
v 19813 39 20
v 19814 11 5
v 19815 2 1
v 19816 44 25
v 19817 46 17
v 19818 19 8
v 19819 9 3
v 19820 20 12
v 19821 23 13
v 19822 11 3
v 19823 17 10
v 19824 22 10
v 19825 17 10
v 19826 7 3
v 19831 19 9
v 19832 7 5
v 19833 19 10
v 19835 31 14
v 19838 13 4
v 19840 30 14
v 19841 11 5
v 19843 18 10
v 19847 23 10
v 19848 23 15
v 19849 15 9
v 19850 8 4
v 19857 17 13
v 19867 2 1
v 20047 6 5
v 20048 16 8
v 20049 16 10
v 20050 9 6
v 20051 15 7
v 20052 59 35
v 20053 95 46
v 20054 96 54
v 20055 41 18
v 20056 62 28
v 20057 3 3
v 20058 20 7
v 20059 17 8
v 20060 11 5
v 20061 54 29
v 20062 10 3
v 20063 9 3
v 20064 27 13
v 20065 41 23
v 20066 21 13
v 20067 25 13
v 20068 22 12
v 20069 62 30
v 20070 7 2
v 20071 4 4
v 20072 85 43
v 20073 56 32
v 20074 52 27
v 20075 17 10
v 20076 26 11
v 20077 35 20
v 20078 31 16
v 20079 29 15
v 20080 39 16
v 20081 21 12
v 20082 26 15
v 20087 46 25
v 20088 20 10
v 20089 32 20
v 20091 68 36
v 20094 18 11
v 20096 51 24
v 20097 17 6
v 20099 19 11
v 20103 54 25
v 20104 35 17
v 20105 19 9
v 20106 13 6
v 20113 16 7
v 20123 4 3
v 20304 9 3
v 20305 18 3
v 20306 8 4
v 20307 12 5
v 20308 64 18
v 20309 57 17
v 20310 71 34
v 20311 36 12
v 20312 46 16
v 20313 3 1
v 20314 21 15
v 20315 29 15
v 20316 4 0
v 20317 53 25
v 20318 9 4
v 20319 18 5
v 20320 36 14
v 20321 47 19
v 20322 19 7
v 20323 24 9
v 20324 19 9
v 20325 57 19
v 20326 8 4
v 20327 8 3
v 20328 82 31
v 20329 56 24
v 20330 19 10
v 20331 19 12
v 20332 23 7
v 20333 32 13
v 20334 30 11
v 20335 30 13
v 20336 40 17
v 20337 15 7
v 20338 24 11
v 20343 22 9
v 20344 10 5
v 20345 21 12
v 20347 49 27
v 20350 11 8
v 20352 42 16
v 20353 19 7
v 20355 23 6
v 20359 36 13
v 20360 32 15
v 20361 27 13
v 20362 13 4
v 20369 17 7
v 20379 5 3
v 20561 33 12
v 20562 7 2
v 20563 24 9
v 20564 109 50
v 20565 89 43
v 20566 147 76
v 20567 50 31
v 20568 75 34
v 20569 11 6
v 20570 37 18
v 20571 28 11
v 20572 5 3
v 20573 91 44
v 20574 13 4
v 20575 21 6
v 20576 39 16
v 20577 61 32
v 20578 36 22
v 20579 36 19
v 20580 30 14
v 20581 82 44
v 20582 19 9
v 20583 8 3
v 20584 126 53
v 20585 95 47
v 20586 46 20
v 20587 34 16
v 20588 34 13
v 20589 59 29
v 20590 42 18
v 20591 41 21
v 20592 48 22
v 20593 33 11
v 20594 28 7
v 20599 41 20
v 20600 28 9
v 20601 50 21
v 20603 70 38
v 20606 17 7
v 20608 55 32
v 20609 28 15
v 20611 39 16
v 20615 56 21
v 20616 52 28
v 20617 29 18
v 20618 9 4
v 20625 29 16
v 20635 7 3
v 20818 24 11
v 20819 27 11
v 20820 191 118
v 20821 157 82
v 20822 196 108
v 20823 98 39
v 20824 99 47
v 20825 16 8
v 20826 47 17
v 20827 38 22
v 20828 19 9
v 20829 133 68
v 20830 33 15
v 20831 31 17
v 20832 60 36
v 20833 93 48
v 20834 39 14
v 20835 72 38
v 20836 35 18
v 20837 137 76
v 20838 28 15
v 20839 14 9
v 20840 208 99
v 20841 127 69
v 20842 75 40
v 20843 31 16
v 20844 66 38
v 20845 81 44
v 20846 37 20
v 20847 48 27
v 20848 55 29
v 20849 43 17
v 20850 57 28
v 20855 70 33
v 20856 29 17
v 20857 43 18
v 20859 116 56
v 20862 33 21
v 20864 75 44
v 20865 24 13
v 20867 48 24
v 20871 78 39
v 20872 61 30
v 20873 43 33
v 20874 25 16
v 20881 34 21
v 20891 11 7
v 21075 23 13
v 21076 75 42
v 21077 92 56
v 21078 100 57
v 21079 35 16
v 21080 53 33
v 21081 9 6
v 21082 25 14
v 21083 23 11
v 21084 9 5
v 21085 49 35
v 21086 11 3
v 21087 5 1
v 21088 21 12
v 21089 41 23
v 21090 18 6
v 21091 27 17
v 21092 20 10
v 21093 52 33
v 21094 14 12
v 21095 2 2
v 21096 82 48
v 21097 58 32
v 21098 31 20
v 21099 17 9
v 21100 10 6
v 21101 50 26
v 21102 25 11
v 21103 28 17
v 21104 25 13
v 21105 24 15
v 21106 19 11
v 21111 18 13
v 21112 13 6
v 21113 24 11
v 21115 55 36
v 21118 12 5
v 21120 41 23
v 21121 12 10
v 21123 30 18
v 21127 42 21
v 21128 32 17
v 21129 27 13
v 21130 10 3
v 21137 16 10
v 21147 11 5
v 21332 134 65
v 21333 120 47
v 21334 159 73
v 21335 61 30
v 21336 77 35
v 21337 10 4
v 21338 32 18
v 21339 31 10
v 21340 14 7
v 21341 87 34
v 21342 20 13
v 21343 16 8
v 21344 35 14
v 21345 71 30
v 21346 46 23
v 21347 41 20
v 21348 28 12
v 21349 82 37
v 21350 21 6
v 21351 5 4
v 21352 130 67
v 21353 102 57
v 21354 49 27
v 21355 27 10
v 21356 60 26
v 21357 78 42
v 21358 35 13
v 21359 51 30
v 21360 41 17
v 21361 33 16
v 21362 28 10
v 21367 48 22
v 21368 21 7
v 21369 45 13
v 21371 85 46
v 21374 32 11
v 21376 66 30
v 21377 22 10
v 21379 36 13
v 21383 77 40
v 21384 62 26
v 21385 39 13
v 21386 14 7
v 21393 33 16
v 21403 12 8
v 21589 669 324
v 21590 858 397
v 21591 337 178
v 21592 503 233
v 21593 43 27
v 21594 191 103
v 21595 149 76
v 21596 62 26
v 21597 604 302
v 21598 104 61
v 21599 102 51
v 21600 274 138
v 21601 400 189
v 21602 199 95
v 21603 279 145
v 21604 148 71
v 21605 517 256
v 21606 122 54
v 21607 31 14
v 21608 716 337
v 21609 511 225
v 21610 272 143
v 21611 139 65
v 21612 306 155
v 21613 294 161
v 21614 180 89
v 21615 193 102
v 21616 261 116
v 21617 160 74
v 21618 190 105
v 21623 316 163
v 21624 111 63
v 21625 238 117
v 21627 445 265
v 21630 162 74
v 21632 380 195
v 21633 110 47
v 21635 169 89
v 21639 362 173
v 21640 284 158
v 21641 150 84
v 21642 87 41
v 21649 129 63
v 21659 60 31
v 21846 800 346
v 21847 329 174
v 21848 452 197
v 21849 29 15
v 21850 179 88
v 21851 164 85
v 21852 48 24
v 21853 480 226
v 21854 115 46
v 21855 81 41
v 21856 248 123
v 21857 342 162
v 21858 218 114
v 21859 197 99
v 21860 153 78
v 21861 406 207
v 21862 104 59
v 21863 22 11
v 21864 694 297
v 21865 492 242
v 21866 238 109
v 21867 147 74
v 21868 226 122
v 21869 290 174
v 21870 192 89
v 21871 230 119
v 21872 264 126
v 21873 178 82
v 21874 148 78
v 21879 270 130
v 21880 101 53
v 21881 232 106
v 21883 427 235
v 21886 137 68
v 21888 479 221
v 21889 129 67
v 21891 178 90
v 21895 314 146
v 21896 290 142
v 21897 156 85
v 21898 99 55
v 21905 119 61
v 21915 56 28
v 22103 466 249
v 22104 647 271
v 22105 51 28
v 22106 227 105
v 22107 181 98
v 22108 71 38
v 22109 723 361
v 22110 113 62
v 22111 87 51
v 22112 304 149
v 22113 542 289
v 22114 212 121
v 22115 259 127
v 22116 227 121
v 22117 594 304
v 22118 142 70
v 22119 38 21
v 22120 871 401
v 22121 657 346
v 22122 423 206
v 22123 239 111
v 22124 302 185
v 22125 370 214
v 22126 227 99
v 22127 281 134
v 22128 387 179
v 22129 207 94
v 22130 243 132
v 22135 402 212
v 22136 164 86
v 22137 326 152
v 22139 606 293
v 22142 217 111
v 22144 540 273
v 22145 173 88
v 22147 247 132
v 22151 446 204
v 22152 353 197
v 22153 211 108
v 22154 130 70
v 22161 183 102
v 22171 81 45
v 22360 248 125
v 22361 19 8
v 22362 92 46
v 22363 78 38
v 22364 13 3
v 22365 253 134
v 22366 61 25
v 22367 34 13
v 22368 134 66
v 22369 191 95
v 22370 68 39
v 22371 92 50
v 22372 101 58
v 22373 228 108
v 22374 58 32
v 22375 16 6
v 22376 348 151
v 22377 224 110
v 22378 165 85
v 22379 87 46
v 22380 135 72
v 22381 145 95
v 22382 109 48
v 22383 101 44
v 22384 158 76
v 22385 65 33
v 22386 77 51
v 22391 173 88
v 22392 80 40
v 22393 139 73
v 22395 222 118
v 22398 102 54
v 22400 185 95
v 22401 60 36
v 22403 115 67
v 22407 193 87
v 22408 120 53
v 22409 81 48
v 22410 40 21
v 22417 73 43
v 22427 26 12
v 22617 29 13
v 22618 123 63
v 22619 81 50
v 22620 42 21
v 22621 442 240
v 22622 65 42
v 22623 65 35
v 22624 202 107
v 22625 307 149
v 22626 116 63
v 22627 160 106
v 22628 140 69
v 22629 409 214
v 22630 62 41
v 22631 18 9
v 22632 529 253
v 22633 363 208
v 22634 227 113
v 22635 126 63
v 22636 225 126
v 22637 184 121
v 22638 131 64
v 22639 171 91
v 22640 197 106
v 22641 106 54
v 22642 126 80
v 22647 232 141
v 22648 84 43
v 22649 181 86
v 22651 331 186
v 22654 119 71
v 22656 271 144
v 22657 101 57
v 22659 126 63
v 22663 253 123
v 22664 188 104
v 22665 103 60
v 22666 61 31
v 22673 85 58
v 22683 29 11
v 22874 15 5
v 22875 16 5
v 22876 8 3
v 22877 30 15
v 22878 6 4
v 22879 6 2
v 22880 13 5
v 22881 21 14
v 22882 5 2
v 22883 18 9
v 22884 14 9
v 22885 36 18
v 22886 10 4
v 22887 1 1
v 22888 41 21
v 22889 37 15
v 22890 24 13
v 22891 9 7
v 22892 13 5
v 22893 25 14
v 22894 10 4
v 22895 11 8
v 22896 23 12
v 22897 16 5
v 22898 18 8
v 22903 23 12
v 22904 5 3
v 22905 18 10
v 22907 31 14
v 22910 8 3
v 22912 26 10
v 22913 9 4
v 22915 11 8
v 22919 26 11
v 22920 18 10
v 22921 11 4
v 22922 3 2
v 22929 16 9
v 22939 2 1
v 23131 62 32
v 23132 18 8
v 23133 126 59
v 23134 30 16
v 23135 23 8
v 23136 55 30
v 23137 118 52
v 23138 42 21
v 23139 74 46
v 23140 42 24
v 23141 128 59
v 23142 31 15
v 23143 6 5
v 23144 204 100
v 23145 162 88
v 23146 92 48
v 23147 44 24
v 23148 61 33
v 23149 103 65
v 23150 62 30
v 23151 62 30
v 23152 85 41
v 23153 80 43
v 23154 34 13
v 23159 95 54
v 23160 30 14
v 23161 59 30
v 23163 139 77
v 23166 37 20
v 23168 111 52
v 23169 41 21
v 23171 68 37
v 23175 101 52
v 23176 88 42
v 23177 56 30
v 23178 22 14
v 23185 41 23
v 23195 14 8
v 23388 17 5
v 23389 100 41
v 23390 23 15
v 23391 14 5
v 23392 41 16
v 23393 89 40
v 23394 35 20
v 23395 46 27
v 23396 35 21
v 23397 102 52
v 23398 21 10
v 23399 6 4
v 23400 152 61
v 23401 127 56
v 23402 65 32
v 23403 40 20
v 23404 34 16
v 23405 99 53
v 23406 39 21
v 23407 62 33
v 23408 63 36
v 23409 58 29
v 23410 27 15
v 23415 56 28
v 23416 34 17
v 23417 84 37
v 23419 130 55
v 23422 38 23
v 23424 92 35
v 23425 24 10
v 23427 54 28
v 23431 93 42
v 23432 72 35
v 23433 46 24
v 23434 21 12
v 23441 34 16
v 23451 14 10
v 23645 30 16
v 23646 13 5
v 23647 6 4
v 23648 20 11
v 23649 31 20
v 23650 17 9
v 23651 18 14
v 23652 15 5
v 23653 42 24
v 23654 13 7
v 23656 55 24
v 23657 42 27
v 23658 19 11
v 23659 16 9
v 23660 16 5
v 23661 39 23
v 23662 15 11
v 23663 25 12
v 23664 18 12
v 23665 15 10
v 23666 10 5
v 23671 22 14
v 23672 10 6
v 23673 25 13
v 23675 35 23
v 23678 17 10
v 23680 25 14
v 23681 9 4
v 23683 20 11
v 23687 38 21
v 23688 28 17
v 23689 16 10
v 23690 9 5
v 23697 14 9
v 23707 5 1
v 23902 77 41
v 23903 69 31
v 23904 211 108
v 23905 337 156
v 23906 138 70
v 23907 207 118
v 23908 153 77
v 23909 388 180
v 23910 91 45
v 23911 19 9
v 23912 527 220
v 23913 336 149
v 23914 281 164
v 23915 154 75
v 23916 230 116
v 23917 196 105
v 23918 139 62
v 23919 169 94
v 23920 210 107
v 23921 115 59
v 23922 166 90
v 23927 269 137
v 23928 105 62
v 23929 185 72
v 23931 375 201
v 23934 142 86
v 23936 318 155
v 23937 111 54
v 23939 133 60
v 23943 242 88
v 23944 214 106
v 23945 135 65
v 23946 75 37
v 23953 120 65
v 23963 31 25
v 24159 11 7
v 24160 25 12
v 24161 53 23
v 24162 29 15
v 24163 43 21
v 24164 16 6
v 24165 61 38
v 24166 28 15
v 24167 1 1
v 24168 114 47
v 24169 67 43
v 24170 41 18
v 24171 27 10
v 24172 27 14
v 24173 52 30
v 24174 27 8
v 24175 35 17
v 24176 43 22
v 24177 31 15
v 24178 27 15
v 24183 34 18
v 24184 18 8
v 24185 28 13
v 24187 59 36
v 24190 22 8
v 24192 57 30
v 24193 14 10
v 24195 25 12
v 24199 50 27
v 24200 29 17
v 24201 28 13
v 24202 14 8
v 24209 16 10
v 24219 6 3
v 24416 25 13
v 24417 46 19
v 24418 17 11
v 24419 44 23
v 24420 14 5
v 24421 56 30
v 24422 13 8
v 24423 5 2
v 24424 118 57
v 24425 63 35
v 24426 40 23
v 24427 19 12
v 24428 24 15
v 24429 31 20
v 24430 27 16
v 24431 24 11
v 24432 25 11
v 24433 29 15
v 24434 27 19
v 24439 39 19
v 24440 9 4
v 24441 25 11
v 24443 47 19
v 24446 18 8
v 24448 44 24
v 24449 18 7
v 24451 12 7
v 24455 48 29
v 24456 51 26
v 24457 23 18
v 24458 15 7
v 24465 22 14
v 24475 3 0
v 24673 121 48
v 24674 62 33
v 24675 91 37
v 24676 64 33
v 24677 176 101
v 24678 49 26
v 24679 12 6
v 24680 294 127
v 24681 160 79
v 24682 110 49
v 24683 52 26
v 24684 124 56
v 24685 113 56
v 24686 70 27
v 24687 85 36
v 24688 89 39
v 24689 39 17
v 24690 79 46
v 24695 91 41
v 24696 48 24
v 24697 84 32
v 24699 156 75
v 24702 54 28
v 24704 148 68
v 24705 39 12
v 24707 63 26
v 24711 125 52
v 24712 97 51
v 24713 57 28
v 24714 27 16
v 24721 47 25
v 24731 17 6
v 24930 106 57
v 24931 119 59
v 24932 102 51
v 24933 238 114
v 24934 68 38
v 24935 18 10
v 24936 444 217
v 24937 306 157
v 24938 184 84
v 24939 132 68
v 24940 128 74
v 24941 177 104
v 24942 119 62
v 24943 144 83
v 24944 150 68
v 24945 92 43
v 24946 89 51
v 24951 182 93
v 24952 70 32
v 24953 166 66
v 24955 284 159
v 24958 99 54
v 24960 236 123
v 24961 90 43
v 24963 134 64
v 24967 239 115
v 24968 191 106
v 24969 93 48
v 24970 48 23
v 24977 116 54
v 24987 43 19
v 25187 61 28
v 25188 52 22
v 25189 97 42
v 25190 29 14
v 25191 15 6
v 25192 174 70
v 25193 116 47
v 25194 67 31
v 25195 46 21
v 25196 69 33
v 25197 85 50
v 25198 38 16
v 25199 42 19
v 25200 70 40
v 25201 49 21
v 25202 36 18
v 25207 57 30
v 25208 22 13
v 25209 40 12
v 25211 130 71
v 25214 35 20
v 25216 99 45
v 25217 41 19
v 25219 55 26
v 25223 90 38
v 25224 64 26
v 25225 40 15
v 25226 31 12
v 25233 40 18
v 25243 16 5
v 25444 52 26
v 25445 172 93
v 25446 37 14
v 25447 7 4
v 25448 246 92
v 25449 188 108
v 25450 90 45
v 25451 41 17
v 25452 92 40
v 25453 91 52
v 25454 48 16
v 25455 62 31
v 25456 75 37
v 25457 53 27
v 25458 68 29
v 25463 104 41
v 25464 39 28
v 25465 94 44
v 25467 160 67
v 25470 44 26
v 25472 108 62
v 25473 38 19
v 25475 57 33
v 25479 107 42
v 25480 113 60
v 25481 71 34
v 25482 34 19
v 25489 43 26
v 25499 21 12
v 25701 121 57
v 25702 30 14
v 25703 13 8
v 25704 186 72
v 25705 156 70
v 25706 69 28
v 25707 63 29
v 25708 64 26
v 25709 92 53
v 25710 60 23
v 25711 68 37
v 25712 76 29
v 25713 45 22
v 25714 51 24
v 25719 92 47
v 25720 44 24
v 25721 72 30
v 25723 104 53
v 25726 46 25
v 25728 114 59
v 25729 46 24
v 25731 62 33
v 25735 113 44
v 25736 76 38
v 25737 49 21
v 25738 28 12
v 25745 41 25
v 25755 13 6
v 25958 89 40
v 25959 12 10
v 25960 467 223
v 25961 331 169
v 25962 189 97
v 25963 139 68
v 25964 154 93
v 25965 174 97
v 25966 125 56
v 25967 177 99
v 25968 162 63
v 25969 108 56
v 25970 114 62
v 25975 218 112
v 25976 97 54
v 25977 174 89
v 25979 321 165
v 25982 102 51
v 25984 266 133
v 25985 100 48
v 25987 101 58
v 25991 259 117
v 25992 181 92
v 25993 139 79
v 25994 52 30
v 26001 103 59
v 26011 30 15
v 26215 5 4
v 26216 114 50
v 26217 88 39
v 26218 46 26
v 26219 27 14
v 26220 39 15
v 26221 56 25
v 26222 33 16
v 26223 33 14
v 26224 40 18
v 26225 22 9
v 26226 32 18
v 26231 33 16
v 26232 26 17
v 26233 36 12
v 26235 65 30
v 26238 25 16
v 26240 60 25
v 26241 24 12
v 26243 32 19
v 26247 60 28
v 26248 36 17
v 26249 20 12
v 26250 14 8
v 26257 18 9
v 26267 2 1
v 26472 31 16
v 26473 32 20
v 26474 12 5
v 26475 5 1
v 26476 11 9
v 26477 16 6
v 26478 9 5
v 26479 7 4
v 26480 15 6
v 26481 7 1
v 26482 6 4
v 26487 13 7
v 26488 1 0
v 26489 9 7
v 26491 20 15
v 26494 9 7
v 26496 21 9
v 26497 7 1
v 26499 9 8
v 26503 13 5
v 26504 10 2
v 26505 3 2
v 26506 2 0
v 26513 7 3
v 26523 5 1
v 26729 462 227
v 26730 278 159
v 26731 188 104
v 26732 251 142
v 26733 297 176
v 26734 214 115
v 26735 226 120
v 26736 260 128
v 26737 175 88
v 26738 225 126
v 26743 287 167
v 26744 129 82
v 26745 252 125
v 26747 459 256
v 26750 152 88
v 26752 377 194
v 26753 139 86
v 26755 157 84
v 26759 424 197
v 26760 298 171
v 26761 171 99
v 26762 81 44
v 26769 140 75
v 26779 47 29
v 26986 207 116
v 26987 125 62
v 26988 140 74
v 26989 228 145
v 26990 150 80
v 26991 228 97
v 26992 235 120
v 26993 175 86
v 26994 134 67
v 26999 202 114
v 27000 97 48
v 27001 196 105
v 27003 419 231
v 27006 114 63
v 27008 240 138
v 27009 105 55
v 27011 163 84
v 27015 280 136
v 27016 243 150
v 27017 157 82
v 27018 56 31
v 27025 102 57
v 27035 36 19
v 27243 100 57
v 27244 131 68
v 27245 126 65
v 27246 75 33
v 27247 73 28
v 27248 118 54
v 27249 75 42
v 27250 77 39
v 27255 137 72
v 27256 76 39
v 27257 104 52
v 27259 183 97
v 27262 68 34
v 27264 183 93
v 27265 61 30
v 27267 80 44
v 27271 164 80
v 27272 127 65
v 27273 65 32
v 27274 29 12
v 27281 64 32
v 27291 24 5
v 27500 80 44
v 27501 81 48
v 27502 50 24
v 27503 68 29
v 27504 73 29
v 27505 37 15
v 27506 65 39
v 27511 89 41
v 27512 37 27
v 27513 61 32
v 27515 123 62
v 27518 49 28
v 27520 102 51
v 27521 33 17
v 27523 48 31
v 27527 106 48
v 27528 90 54
v 27529 56 28
v 27530 18 11
v 27537 48 24
v 27547 16 8
v 27757 93 51
v 27758 63 28
v 27759 64 32
v 27760 95 38
v 27761 48 28
v 27762 73 40
v 27767 115 58
v 27768 43 23
v 27769 86 38
v 27771 155 75
v 27774 69 33
v 27776 122 59
v 27777 52 28
v 27779 50 22
v 27783 138 64
v 27784 80 39
v 27785 70 35
v 27786 38 17
v 27793 48 25
v 27803 19 9
v 28014 82 26
v 28015 127 50
v 28016 103 43
v 28017 104 41
v 28018 75 36
v 28023 136 58
v 28024 62 33
v 28025 125 46
v 28027 237 109
v 28030 65 32
v 28032 155 82
v 28033 54 23
v 28035 99 50
v 28039 190 75
v 28040 150 69
v 28041 85 42
v 28042 50 21
v 28049 69 37
v 28059 26 10
v 28271 69 33
v 28272 78 49
v 28273 58 26
v 28274 30 21
v 28279 64 34
v 28280 35 19
v 28281 71 33
v 28283 137 57
v 28286 41 21
v 28288 175 96
v 28289 52 28
v 28291 55 25
v 28295 109 65
v 28296 121 63
v 28297 55 35
v 28298 28 14
v 28305 35 20
v 28315 19 8
v 28528 94 49
v 28529 82 43
v 28530 59 36
v 28535 95 51
v 28536 44 22
v 28537 96 48
v 28539 186 99
v 28542 54 23
v 28544 124 56
v 28545 36 15
v 28547 62 31
v 28551 142 60
v 28552 127 66
v 28553 66 32
v 28554 20 14
v 28561 53 24
v 28571 19 10
v 28785 68 32
v 28786 73 39
v 28791 128 58
v 28792 39 19
v 28793 112 62
v 28795 176 88
v 28798 64 28
v 28800 156 77
v 28801 45 26
v 28803 64 31
v 28807 143 77
v 28808 128 65
v 28809 83 49
v 28810 50 23
v 28817 60 37
v 28827 21 12
v 29042 44 29
v 29047 78 39
v 29048 38 22
v 29049 65 37
v 29051 137 83
v 29054 43 24
v 29056 97 53
v 29057 38 19
v 29059 64 33
v 29063 90 43
v 29064 107 54
v 29065 53 35
v 29066 12 9
v 29073 39 18
v 29083 15 8
v 29303 91 46
v 29304 39 19
v 29305 61 29
v 29307 114 47
v 29310 47 22
v 29312 91 45
v 29313 32 16
v 29315 49 22
v 29319 85 31
v 29320 93 36
v 29321 35 19
v 29322 22 9
v 29329 40 22
v 29339 17 5
v 30584 59 26
v 30585 105 51
v 30587 181 89
v 30590 66 34
v 30592 171 85
v 30593 62 30
v 30595 61 28
v 30599 168 77
v 30600 110 63
v 30601 76 41
v 30602 38 23
v 30609 67 38
v 30619 32 14
v 30841 62 28
v 30843 100 52
v 30846 34 21
v 30848 88 32
v 30849 21 9
v 30851 38 22
v 30855 73 35
v 30856 49 26
v 30857 33 16
v 30858 12 3
v 30865 23 13
v 30875 12 2
v 31099 190 100
v 31102 65 31
v 31104 148 76
v 31105 48 27
v 31107 99 46
v 31111 138 69
v 31112 128 67
v 31113 72 40
v 31114 30 16
v 31121 47 29
v 31131 14 9
v 31614 113 50
v 31616 252 126
v 31617 88 48
v 31619 129 69
v 31623 285 113
v 31624 231 117
v 31625 130 52
v 31626 51 32
v 31633 110 62
v 31643 43 22
v 32384 90 46
v 32385 27 22
v 32387 67 39
v 32391 103 36
v 32392 69 32
v 32393 38 18
v 32394 23 13
v 32401 43 25
v 32411 13 7
v 32897 76 41
v 32899 112 60
v 32903 249 111
v 32904 152 82
v 32905 115 62
v 32906 52 33
v 32913 77 41
v 32923 38 20
v 33155 47 24
v 33159 77 28
v 33160 52 30
v 33161 43 21
v 33162 20 11
v 33169 29 19
v 33179 13 7
v 33671 122 52
v 33672 90 51
v 33673 64 33
v 33674 28 16
v 33681 43 22
v 33691 16 10
v 34696 168 94
v 34697 108 58
v 34698 48 26
v 34705 99 51
v 34715 39 24
v 34953 94 46
v 34954 38 17
v 34961 51 22
v 34971 19 10
v 35210 27 13
v 35217 46 20
v 35227 13 6
v 35473 26 14
v 35483 9 3
v 37275 13 6
s 258 592 317
s 259 97 49
s 260 37 16
s 261 509 247
s 262 106 38
s 263 520 269
s 264 60 29
s 265 405 220
s 266 21 4
s 267 227 93
s 268 44 19
s 269 92 43
s 270 1016 522
s 271 192 101
s 272 116 50
s 273 193 91
s 274 50 28
s 275 218 85
s 276 286 155
s 277 524 252
s 278 449 213
s 279 120 58
s 281 553 271
s 282 926 463
s 283 607 313
s 284 236 112
s 285 583 285
s 286 610 336
s 287 354 199
s 288 125 65
s 289 112 58
s 290 201 99
s 291 621 315
s 292 523 253
s 293 231 118
s 294 63 26
s 295 331 150
s 296 264 143
s 297 35 15
s 298 364 199
s 299 196 118
s 300 57 30
s 301 125 71
s 302 45 19
s 303 265 137
s 304 67 32
s 305 496 264
s 306 208 119
s 307 77 41
s 308 63 30
s 309 242 104
s 310 82 35
s 311 161 90
s 312 74 37
s 313 71 37
s 314 71 29
s 315 121 54
s 316 248 120
s 317 85 47
s 318 270 145
s 319 105 53
s 320 281 128
s 321 33 9
s 322 6 2
s 323 47 25
s 324 332 172
s 325 161 80
s 326 44 21
s 327 592 313
s 328 82 38
s 329 67 40
s 330 644 343
s 331 353 168
s 332 413 212
s 333 55 30
s 334 64 35
s 335 57 27
s 336 48 28
s 337 146 86
s 338 61 36
s 339 105 55
s 340 560 258
s 341 528 250
s 342 737 379
s 343 299 158
s 344 403 221
s 345 10 6
s 346 163 91
s 347 114 48
s 348 56 35
s 349 128 67
s 350 27 12
s 351 13 6
s 352 208 98
s 353 316 171
s 354 122 57
s 355 206 105
s 356 124 57
s 357 422 220
s 358 80 45
s 359 17 10
s 360 607 311
s 361 531 286
s 362 222 99
s 363 125 64
s 364 185 95
s 365 28 9
s 366 166 88
s 367 246 134
s 368 249 122
s 369 163 89
s 370 98 44
s 375 254 146
s 376 105 56
s 377 224 118
s 379 418 197
s 382 144 60
s 384 309 143
s 385 122 62
s 387 174 85
s 391 302 167
s 392 256 116
s 393 159 80
s 394 42 20
s 401 68 32
s 411 41 20
s 515 113 46
s 516 113 61
s 517 643 321
s 518 858 390
s 519 426 211
s 520 787 425
s 521 505 274
s 522 149 65
s 523 369 153
s 524 575 305
s 525 106 50
s 526 914 457
s 527 126 54
s 528 58 28
s 529 241 108
s 530 435 251
s 531 166 66
s 532 344 190
s 533 677 324
s 534 537 268
s 535 75 28
s 537 621 270
s 538 1031 498
s 539 743 388
s 540 42 25
s 541 84 38
s 542 753 416
s 543 450 260
s 544 206 105
s 545 82 37
s 546 194 101
s 547 814 386
s 548 467 254
s 549 249 114
s 550 15 5
s 551 401 186
s 552 306 148
s 553 269 133
s 554 174 101
s 555 168 78
s 556 497 259
s 557 162 83
s 558 173 81
s 559 213 107
s 560 541 252
s 561 242 129
s 562 261 150
s 563 74 30
s 564 80 52
s 565 386 177
s 566 600 343
s 567 34 18
s 568 176 91
s 569 44 23
s 570 102 56
s 571 114 54
s 572 31 12
s 573 99 57
s 574 289 148
s 575 167 78
s 576 327 160
s 577 24 12
s 578 19 8
s 579 408 227
s 580 399 203
s 581 44 22
s 582 215 109
s 583 526 265
s 584 142 66
s 585 68 33
s 586 754 381
s 587 453 230
s 588 502 274
s 589 15 7
s 590 11 8
s 591 66 25
s 592 100 50
s 593 42 16
s 594 78 44
s 595 123 56
s 596 570 288
s 597 464 241
s 598 830 428
s 599 337 162
s 600 451 225
s 601 44 21
s 602 198 97
s 603 135 63
s 604 43 25
s 605 543 252
s 606 103 58
s 607 85 48
s 608 34 11
s 609 192 95
s 610 28 11
s 611 31 18
s 612 129 60
s 613 526 264
s 614 76 40
s 615 20 12
s 616 84 48
s 617 517 254
s 618 269 147
s 619 131 73
s 620 48 19
s 621 306 128
s 622 156 73
s 623 242 123
s 624 247 125
s 625 180 110
s 626 152 68
s 631 310 148
s 632 77 25
s 633 264 145
s 635 497 218
s 638 144 66
s 640 372 177
s 641 20 11
s 643 194 96
s 647 48 27
s 648 225 104
s 649 56 28
s 650 94 47
s 657 119 54
s 667 30 16
s 772 23 14
s 773 29 16
s 774 107 55
s 775 81 42
s 776 106 56
s 777 61 30
s 778 23 15
s 779 51 19
s 780 79 40
s 781 18 12
s 782 132 69
s 783 27 11
s 784 26 14
s 785 28 16
s 786 70 33
s 787 40 15
s 788 41 18
s 789 72 37
s 790 48 22
s 791 25 13
s 793 70 35
s 794 80 34
s 795 51 23
s 796 36 18
s 797 85 35
s 798 51 30
s 799 27 13
s 800 22 10
s 801 10 5
s 802 32 11
s 803 96 52
s 804 91 44
s 805 13 7
s 806 5 4
s 807 47 26
s 808 20 6
s 809 45 23
s 810 74 44
s 811 29 11
s 812 68 31
s 813 11 8
s 814 20 10
s 815 39 21
s 816 95 50
s 817 70 32
s 818 15 8
s 819 10 5
s 820 7 3
s 821 37 19
s 822 90 49
s 823 19 10
s 824 32 18
s 825 12 8
s 826 13 5
s 827 11 3
s 828 48 28
s 829 14 4
s 830 27 11
s 831 19 8
s 832 28 13
s 833 1 1
s 834 1 0
s 835 52 28
s 836 23 12
s 837 27 8
s 838 37 22
s 839 68 38
s 840 14 8
s 841 8 6
s 842 110 54
s 843 37 22
s 844 74 36
s 845 9 5
s 846 11 4
s 847 1 0
s 848 14 8
s 849 25 14
s 850 14 11
s 851 10 5
s 852 70 39
s 853 60 33
s 854 90 48
s 855 25 9
s 856 45 27
s 857 7 3
s 858 29 16
s 859 14 9
s 860 7 4
s 861 78 34
s 862 14 7
s 863 12 5
s 864 27 12
s 865 43 20
s 866 21 9
s 867 35 19
s 868 22 10
s 869 38 18
s 870 13 7
s 871 3 1
s 872 114 58
s 873 59 34
s 874 33 12
s 875 17 8
s 876 34 21
s 877 51 27
s 878 21 12
s 879 19 6
s 880 22 11
s 881 30 10
s 882 27 13
s 887 26 14
s 888 14 7
s 889 25 15
s 891 42 23
s 894 20 10
s 896 30 12
s 897 34 21
s 899 15 6
s 903 63 33
s 904 44 16
s 905 37 17
s 906 13 3
s 913 27 13
s 923 4 1
s 1029 92 50
s 1030 94 38
s 1031 93 53
s 1032 60 36
s 1033 98 54
s 1034 12 5
s 1035 51 23
s 1036 43 29
s 1037 20 8
s 1038 204 110
s 1039 36 15
s 1040 28 15
s 1041 22 11
s 1042 33 23
s 1043 38 21
s 1044 66 36
s 1045 103 45
s 1046 92 44
s 1047 14 8
s 1049 91 42
s 1050 173 89
s 1051 119 65
s 1052 45 20
s 1053 120 57
s 1054 117 63
s 1055 76 44
s 1056 31 18
s 1057 25 13
s 1058 30 16
s 1059 115 57
s 1060 84 49
s 1061 43 16
s 1062 11 6
s 1063 47 22
s 1064 50 24
s 1065 21 6
s 1066 74 40
s 1067 36 21
s 1068 41 19
s 1069 28 17
s 1070 20 6
s 1071 50 22
s 1072 44 28
s 1073 76 39
s 1074 27 12
s 1075 14 5
s 1076 8 5
s 1077 45 22
s 1078 43 25
s 1079 26 15
s 1080 20 10
s 1081 12 7
s 1082 13 9
s 1083 24 9
s 1084 35 22
s 1085 19 11
s 1086 52 26
s 1087 21 8
s 1088 59 36
s 1089 5 3
s 1090 5 4
s 1091 37 19
s 1092 47 29
s 1093 31 14
s 1094 20 9
s 1095 100 54
s 1096 19 8
s 1097 13 6
s 1098 107 62
s 1099 74 39
s 1100 75 37
s 1101 7 5
s 1102 11 10
s 1103 12 6
s 1104 9 7
s 1105 32 16
s 1106 9 6
s 1107 22 8
s 1108 123 66
s 1109 98 45
s 1110 130 60
s 1111 47 27
s 1112 62 34
s 1113 2 1
s 1114 34 18
s 1115 27 14
s 1116 1 1
s 1117 49 31
s 1118 9 7
s 1119 9 3
s 1120 26 14
s 1121 48 30
s 1122 31 11
s 1123 42 18
s 1124 26 14
s 1125 88 45
s 1126 24 16
s 1127 7 5
s 1128 107 57
s 1129 103 60
s 1130 34 22
s 1131 28 19
s 1132 33 19
s 1133 23 12
s 1134 30 20
s 1135 48 26
s 1136 41 22
s 1137 33 22
s 1138 23 13
s 1143 43 20
s 1144 19 8
s 1145 45 22
s 1147 77 34
s 1150 21 12
s 1152 67 34
s 1153 16 6
s 1155 27 15
s 1159 50 25
s 1160 37 17
s 1161 25 16
s 1162 12 6
s 1169 25 8
s 1179 6 3
s 1286 705 344
s 1287 478 263
s 1288 800 434
s 1289 290 153
s 1290 115 57
s 1291 297 133
s 1292 450 248
s 1293 92 46
s 1294 857 467
s 1295 245 117
s 1296 103 45
s 1297 201 101
s 1298 372 204
s 1299 202 85
s 1300 248 139
s 1301 531 265
s 1302 335 169
s 1303 139 73
s 1305 505 247
s 1306 484 255
s 1307 265 122
s 1308 259 136
s 1309 603 305
s 1310 258 130
s 1311 149 80
s 1312 220 126
s 1313 91 51
s 1314 134 61
s 1315 685 360
s 1316 622 328
s 1317 79 39
s 1318 53 26
s 1319 340 168
s 1320 143 63
s 1321 268 128
s 1322 495 288
s 1323 218 114
s 1324 436 228
s 1325 89 48
s 1326 152 62
s 1327 294 142
s 1328 402 199
s 1329 491 245
s 1330 83 45
s 1331 51 23
s 1332 43 21
s 1333 287 116
s 1334 554 303
s 1335 130 64
s 1336 161 75
s 1337 36 18
s 1338 43 20
s 1339 117 48
s 1340 251 139
s 1341 65 36
s 1342 171 89
s 1343 116 48
s 1344 137 66
s 1345 19 11
s 1346 5 2
s 1347 355 196
s 1348 181 89
s 1349 250 119
s 1350 205 99
s 1351 394 205
s 1352 83 36
s 1353 75 33
s 1354 520 285
s 1355 259 148
s 1356 480 268
s 1357 53 29
s 1358 65 38
s 1359 28 10
s 1360 101 49
s 1361 159 71
s 1362 69 40
s 1363 46 20
s 1364 440 219
s 1365 406 198
s 1366 505 266
s 1367 121 57
s 1368 300 156
s 1369 44 18
s 1370 125 65
s 1371 67 35
s 1372 39 19
s 1373 534 280
s 1374 91 48
s 1375 66 31
s 1376 237 122
s 1377 276 140
s 1378 133 71
s 1379 244 123
s 1380 96 47
s 1381 272 140
s 1382 60 34
s 1383 22 11
s 1384 610 337
s 1385 230 117
s 1386 253 120
s 1387 134 78
s 1388 207 99
s 1389 242 110
s 1390 112 62
s 1391 63 28
s 1392 91 44
s 1393 131 75
s 1394 148 66
s 1399 149 66
s 1400 102 45
s 1401 101 50
s 1403 210 102
s 1406 140 69
s 1408 215 109
s 1409 111 56
s 1411 59 33
s 1415 321 177
s 1416 211 91
s 1417 159 70
s 1418 76 41
s 1425 117 55
s 1435 34 17
s 1543 745 325
s 1544 111 52
s 1545 589 290
s 1546 22 11
s 1547 260 109
s 1548 65 35
s 1549 112 50
s 1550 1553 729
s 1551 278 123
s 1552 150 72
s 1553 246 104
s 1554 82 40
s 1555 266 92
s 1556 410 202
s 1557 680 299
s 1558 598 264
s 1559 202 84
s 1561 696 268
s 1562 1046 463
s 1563 899 436
s 1564 374 171
s 1565 900 417
s 1566 779 396
s 1567 462 220
s 1568 163 79
s 1569 125 54
s 1570 207 95
s 1571 704 344
s 1572 770 359
s 1573 288 143
s 1574 72 30
s 1575 462 183
s 1576 317 155
s 1577 75 34
s 1578 539 289
s 1579 281 120
s 1580 98 39
s 1581 177 86
s 1582 70 23
s 1583 353 165
s 1584 65 26
s 1585 676 336
s 1586 206 82
s 1587 133 61
s 1588 79 37
s 1589 318 135
s 1590 104 51
s 1591 231 109
s 1592 105 53
s 1593 107 65
s 1594 106 55
s 1595 158 59
s 1596 350 155
s 1597 82 32
s 1598 348 171
s 1599 121 51
s 1600 382 166
s 1601 25 10
s 1602 17 8
s 1603 63 31
s 1604 451 217
s 1605 259 117
s 1606 77 30
s 1607 802 390
s 1608 133 54
s 1609 93 36
s 1610 770 354
s 1611 544 250
s 1612 608 306
s 1613 64 26
s 1614 91 44
s 1615 95 40
s 1616 37 17
s 1617 194 100
s 1618 66 25
s 1619 197 87
s 1620 939 440
s 1621 886 417
s 1622 933 427
s 1623 396 181
s 1624 618 277
s 1625 10 1
s 1626 198 80
s 1627 158 63
s 1628 58 32
s 1629 185 87
s 1630 33 18
s 1631 40 17
s 1632 383 184
s 1633 473 198
s 1634 167 67
s 1635 266 125
s 1636 277 121
s 1637 510 204
s 1638 145 74
s 1639 34 9
s 1640 805 389
s 1641 565 269
s 1642 351 178
s 1643 226 109
s 1644 337 150
s 1645 40 14
s 1646 221 109
s 1647 275 125
s 1648 310 136
s 1649 190 83
s 1650 136 49
s 1655 348 143
s 1656 160 64
s 1657 261 127
s 1659 503 210
s 1662 187 84
s 1664 459 193
s 1665 142 61
s 1667 193 73
s 1671 439 237
s 1672 356 158
s 1673 179 69
s 1674 35 15
s 1681 73 25
s 1691 59 23
s 1800 638 364
s 1801 422 220
s 1802 116 59
s 1803 282 115
s 1804 688 389
s 1805 94 43
s 1806 808 416
s 1807 253 155
s 1808 81 35
s 1809 163 81
s 1810 330 169
s 1811 192 90
s 1812 302 165
s 1813 601 306
s 1814 384 183
s 1815 112 59
s 1817 450 196
s 1818 746 353
s 1819 575 278
s 1820 184 88
s 1821 418 192
s 1822 495 268
s 1823 314 157
s 1824 169 96
s 1825 98 50
s 1826 135 62
s 1827 608 308
s 1828 503 265
s 1829 191 99
s 1830 44 21
s 1831 277 121
s 1832 218 98
s 1833 257 125
s 1834 357 187
s 1835 174 82
s 1836 405 209
s 1837 111 54
s 1838 139 60
s 1839 224 110
s 1840 397 201
s 1841 403 226
s 1842 153 68
s 1843 66 32
s 1844 46 21
s 1845 305 133
s 1846 512 280
s 1847 152 87
s 1848 129 60
s 1849 47 29
s 1850 75 37
s 1851 102 41
s 1852 195 103
s 1853 88 40
s 1854 215 131
s 1855 169 83
s 1856 257 118
s 1857 18 9
s 1858 17 6
s 1859 355 186
s 1860 280 148
s 1861 151 72
s 1862 209 104
s 1863 377 214
s 1864 105 52
s 1865 71 38
s 1866 501 270
s 1867 315 159
s 1868 352 192
s 1869 41 19
s 1870 52 23
s 1871 54 21
s 1872 81 42
s 1873 108 52
s 1874 54 37
s 1875 92 46
s 1876 490 264
s 1877 439 220
s 1878 606 303
s 1879 259 124
s 1880 314 164
s 1881 50 24
s 1882 116 54
s 1883 106 41
s 1884 36 23
s 1885 449 209
s 1886 97 47
s 1887 76 39
s 1888 151 63
s 1889 277 142
s 1890 116 56
s 1891 154 86
s 1892 125 56
s 1893 358 201
s 1894 93 44
s 1895 24 14
s 1896 444 263
s 1897 362 176
s 1898 188 87
s 1899 118 60
s 1900 165 78
s 1901 301 145
s 1902 147 81
s 1903 169 94
s 1904 219 108
s 1905 120 63
s 1906 164 80
s 1911 197 94
s 1912 85 37
s 1913 159 84
s 1915 302 155
s 1918 107 55
s 1920 254 119
s 1921 100 35
s 1923 151 78
s 1927 184 102
s 1928 215 104
s 1929 102 46
s 1930 73 33
s 1937 111 57
s 1947 34 17
s 2057 671 375
s 2058 16 7
s 2059 226 94
s 2060 27 15
s 2061 117 58
s 2062 1370 757
s 2063 288 153
s 2064 167 87
s 2065 274 145
s 2066 76 32
s 2067 237 101
s 2068 319 176
s 2069 707 382
s 2070 598 313
s 2071 181 103
s 2073 744 381
s 2074 1208 634
s 2075 867 482
s 2076 341 187
s 2077 804 397
s 2078 781 432
s 2079 533 304
s 2080 181 104
s 2081 140 77
s 2082 201 100
s 2083 803 421
s 2084 730 368
s 2085 283 131
s 2086 59 27
s 2087 485 247
s 2088 345 188
s 2089 38 15
s 2090 450 279
s 2091 300 164
s 2092 62 34
s 2093 186 97
s 2094 50 24
s 2095 326 192
s 2096 48 28
s 2097 599 335
s 2098 192 112
s 2099 96 46
s 2100 67 40
s 2101 314 137
s 2102 78 38
s 2103 203 112
s 2104 108 53
s 2105 65 36
s 2106 89 47
s 2107 149 69
s 2108 335 177
s 2109 72 30
s 2110 347 193
s 2111 96 54
s 2112 356 179
s 2113 28 14
s 2114 8 3
s 2115 45 19
s 2116 453 247
s 2117 282 147
s 2118 61 24
s 2119 734 396
s 2120 141 78
s 2121 96 47
s 2122 738 420
s 2123 472 252
s 2124 657 375
s 2125 43 19
s 2126 80 47
s 2127 75 41
s 2128 39 12
s 2129 170 85
s 2130 60 37
s 2131 120 61
s 2132 778 429
s 2133 655 360
s 2134 969 526
s 2135 396 215
s 2136 560 333
s 2137 8 3
s 2138 184 102
s 2139 101 50
s 2140 49 35
s 2141 182 92
s 2142 35 19
s 2143 29 15
s 2144 312 170
s 2145 450 267
s 2146 197 93
s 2147 229 139
s 2148 135 69
s 2149 575 308
s 2150 104 60
s 2151 36 19
s 2152 793 448
s 2153 530 281
s 2154 324 175
s 2155 185 108
s 2156 321 164
s 2157 26 12
s 2158 177 100
s 2159 224 117
s 2160 292 162
s 2161 154 82
s 2162 113 51
s 2167 372 184
s 2168 128 60
s 2169 294 162
s 2171 498 266
s 2174 154 86
s 2176 402 213
s 2177 131 66
s 2179 205 109
s 2183 376 213
s 2184 269 135
s 2185 179 76
s 2186 40 17
s 2193 73 41
s 2203 51 27
s 2314 110 46
s 2315 232 88
s 2316 351 195
s 2317 98 54
s 2318 613 329
s 2319 178 87
s 2320 91 45
s 2321 164 94
s 2322 382 225
s 2323 191 82
s 2324 210 111
s 2325 474 237
s 2326 288 139
s 2327 129 60
s 2329 405 197
s 2330 464 244
s 2331 363 203
s 2332 219 108
s 2333 565 277
s 2334 314 153
s 2335 194 107
s 2336 153 87
s 2337 59 33
s 2338 92 48
s 2339 496 242
s 2340 540 282
s 2341 116 57
s 2342 48 26
s 2343 333 154
s 2344 131 74
s 2345 245 135
s 2346 431 240
s 2347 159 96
s 2348 297 166
s 2349 75 31
s 2350 126 58
s 2351 213 106
s 2352 325 171
s 2353 475 257
s 2354 63 34
s 2355 53 26
s 2356 54 34
s 2357 245 96
s 2358 543 296
s 2359 159 87
s 2360 120 56
s 2361 42 23
s 2362 46 23
s 2363 97 51
s 2364 239 117
s 2365 47 21
s 2366 129 67
s 2367 109 47
s 2368 145 73
s 2369 9 2
s 2370 6 3
s 2371 329 149
s 2372 145 71
s 2373 181 96
s 2374 188 99
s 2375 295 158
s 2376 78 39
s 2377 62 33
s 2378 432 231
s 2379 195 91
s 2380 446 260
s 2381 43 23
s 2382 51 32
s 2383 41 29
s 2384 66 36
s 2385 136 67
s 2386 47 26
s 2387 58 32
s 2388 379 179
s 2389 329 139
s 2390 439 235
s 2391 181 80
s 2392 266 142
s 2393 19 12
s 2394 89 43
s 2395 67 29
s 2396 30 18
s 2397 485 237
s 2398 78 39
s 2399 58 30
s 2400 231 101
s 2401 272 138
s 2402 128 51
s 2403 158 84
s 2404 104 54
s 2405 200 92
s 2406 59 21
s 2407 6 6
s 2408 476 263
s 2409 201 97
s 2410 222 113
s 2411 108 65
s 2412 210 101
s 2413 175 72
s 2414 86 46
s 2415 106 51
s 2416 153 91
s 2417 85 47
s 2418 118 47
s 2423 138 73
s 2424 118 63
s 2425 102 56
s 2427 206 98
s 2430 124 63
s 2432 211 107
s 2433 94 49
s 2435 84 41
s 2439 277 140
s 2440 161 76
s 2441 127 68
s 2442 64 30
s 2449 117 56
s 2459 30 17
s 2571 66 26
s 2572 7 6
s 2573 19 9
s 2574 247 125
s 2575 36 16
s 2576 27 16
s 2577 55 28
s 2578 16 1
s 2579 36 11
s 2580 74 38
s 2581 103 45
s 2582 86 31
s 2583 39 20
s 2585 104 50
s 2586 213 106
s 2587 143 63
s 2588 41 18
s 2589 138 73
s 2590 134 61
s 2591 75 38
s 2592 28 15
s 2593 24 16
s 2594 46 22
s 2595 112 49
s 2596 111 48
s 2597 59 27
s 2598 15 9
s 2599 63 27
s 2600 54 22
s 2601 10 2
s 2602 81 39
s 2603 53 25
s 2604 17 5
s 2605 27 15
s 2606 20 10
s 2607 43 18
s 2608 20 10
s 2609 101 54
s 2610 46 26
s 2611 11 7
s 2612 11 4
s 2613 62 18
s 2614 22 10
s 2615 37 21
s 2616 19 8
s 2617 5 1
s 2618 22 10
s 2619 30 13
s 2620 53 23
s 2621 18 9
s 2622 70 35
s 2623 20 14
s 2624 58 23
s 2625 4 2
s 2626 5 3
s 2627 8 3
s 2628 76 39
s 2629 52 25
s 2630 11 1
s 2631 122 59
s 2632 12 7
s 2633 14 7
s 2634 161 84
s 2635 80 39
s 2636 83 41
s 2637 11 5
s 2638 18 10
s 2639 12 6
s 2640 16 5
s 2641 28 15
s 2642 17 11
s 2643 28 12
s 2644 113 57
s 2645 121 59
s 2646 157 80
s 2647 65 29
s 2648 94 47
s 2649 2 1
s 2650 39 19
s 2651 28 12
s 2652 17 11
s 2653 43 22
s 2654 4 2
s 2655 6 1
s 2656 40 13
s 2657 75 34
s 2658 39 15
s 2659 47 18
s 2660 34 20
s 2661 88 40
s 2662 12 6
s 2663 7 5
s 2664 138 71
s 2665 116 49
s 2666 47 19
s 2667 39 18
s 2668 37 16
s 2669 13 6
s 2670 43 20
s 2671 53 20
s 2672 55 23
s 2673 41 20
s 2674 23 13
s 2679 49 20
s 2680 27 11
s 2681 52 19
s 2683 98 40
s 2686 27 14
s 2688 89 50
s 2689 15 4
s 2691 39 22
s 2695 83 39
s 2696 55 21
s 2697 31 14
s 2698 4 0
s 2705 22 12
s 2715 8 5
s 2828 210 93
s 2829 38 16
s 2830 639 314
s 2831 88 41
s 2832 67 32
s 2833 69 25
s 2834 168 79
s 2835 131 41
s 2836 210 96
s 2837 271 121
s 2838 241 103
s 2839 63 26
s 2841 185 77
s 2842 535 212
s 2843 426 202
s 2844 147 70
s 2845 386 167
s 2846 340 158
s 2847 190 91
s 2848 84 42
s 2849 88 39
s 2850 40 15
s 2851 253 108
s 2852 228 97
s 2853 134 61
s 2854 32 17
s 2855 106 41
s 2856 120 45
s 2857 90 48
s 2858 255 129
s 2859 83 28
s 2860 190 88
s 2861 88 38
s 2862 70 27
s 2863 102 37
s 2864 186 90
s 2865 230 105
s 2866 116 51
s 2867 57 22
s 2868 24 12
s 2869 155 56
s 2870 218 108
s 2871 97 42
s 2872 48 18
s 2873 35 18
s 2874 37 19
s 2875 65 26
s 2876 140 64
s 2877 27 8
s 2878 167 71
s 2879 67 28
s 2880 160 67
s 2881 10 5
s 2882 8 6
s 2883 168 72
s 2884 180 91
s 2885 102 40
s 2886 87 33
s 2887 370 163
s 2888 60 30
s 2889 44 16
s 2890 232 83
s 2891 197 90
s 2892 111 44
s 2893 15 6
s 2894 40 20
s 2895 35 14
s 2896 47 25
s 2897 84 37
s 2898 17 11
s 2899 75 33
s 2900 387 168
s 2901 344 153
s 2902 418 180
s 2903 163 71
s 2904 208 91
s 2905 23 4
s 2906 71 29
s 2907 70 27
s 2908 20 11
s 2909 184 81
s 2910 27 13
s 2911 34 12
s 2912 113 40
s 2913 221 90
s 2914 73 30
s 2915 125 62
s 2916 103 38
s 2917 233 102
s 2918 76 27
s 2919 14 8
s 2920 367 181
s 2921 294 118
s 2922 56 24
s 2923 66 32
s 2924 125 32
s 2925 126 45
s 2926 73 33
s 2927 109 48
s 2928 128 57
s 2929 38 8
s 2930 68 20
s 2935 141 58
s 2936 39 16
s 2937 131 53
s 2939 238 100
s 2942 39 18
s 2944 179 68
s 2945 73 31
s 2947 104 44
s 2951 181 82
s 2952 107 41
s 2953 93 32
s 2954 38 13
s 2961 36 13
s 2971 29 11
s 3085 89 53
s 3086 840 428
s 3087 129 72
s 3088 70 35
s 3089 176 86
s 3090 40 18
s 3091 134 62
s 3092 215 106
s 3093 469 238
s 3094 372 210
s 3095 122 68
s 3097 469 239
s 3098 751 384
s 3099 510 272
s 3100 200 111
s 3101 482 239
s 3102 504 287
s 3103 282 177
s 3104 99 54
s 3105 109 65
s 3106 166 94
s 3107 480 239
s 3108 451 257
s 3109 193 108
s 3110 56 28
s 3111 240 123
s 3112 194 99
s 3113 13 5
s 3114 306 179
s 3115 152 71
s 3116 35 14
s 3117 129 71
s 3118 41 15
s 3119 197 113
s 3120 21 12
s 3121 322 187
s 3122 160 83
s 3123 65 35
s 3124 33 19
s 3125 187 88
s 3126 42 10
s 3127 139 70
s 3128 62 34
s 3129 62 30
s 3130 68 32
s 3131 93 40
s 3132 220 110
s 3133 62 32
s 3134 211 117
s 3135 81 42
s 3136 211 108
s 3137 23 10
s 3138 10 6
s 3139 23 12
s 3140 286 172
s 3141 152 79
s 3142 25 14
s 3143 505 287
s 3144 79 41
s 3145 52 28
s 3146 579 314
s 3147 321 166
s 3148 371 211
s 3149 42 17
s 3150 50 28
s 3151 53 24
s 3152 40 24
s 3153 92 38
s 3154 58 32
s 3155 104 49
s 3156 473 245
s 3157 489 276
s 3158 647 377
s 3159 226 113
s 3160 329 169
s 3161 6 2
s 3162 162 99
s 3163 104 45
s 3164 57 34
s 3165 101 44
s 3166 11 4
s 3167 10 6
s 3168 167 81
s 3169 260 143
s 3170 132 69
s 3171 179 79
s 3172 118 60
s 3173 365 199
s 3174 72 40
s 3175 17 9
s 3176 514 296
s 3177 425 233
s 3178 199 105
s 3179 129 66
s 3180 149 83
s 3181 17 9
s 3182 140 78
s 3183 174 91
s 3184 204 121
s 3185 149 84
s 3186 70 33
s 3191 223 113
s 3192 88 46
s 3193 194 108
s 3195 328 143
s 3198 119 53
s 3200 264 151
s 3201 108 62
s 3203 166 88
s 3207 278 151
s 3208 209 107
s 3209 161 82
s 3210 21 9
s 3217 52 29
s 3227 36 18
s 3342 166 83
s 3343 29 20
s 3344 23 12
s 3346 69 39
s 3347 48 20
s 3348 57 28
s 3349 85 43
s 3350 42 19
s 3351 15 7
s 3353 19 7
s 3354 167 72
s 3355 115 63
s 3356 40 17
s 3357 106 51
s 3358 115 56
s 3359 70 31
s 3360 20 9
s 3361 14 7
s 3363 40 14
s 3364 60 35
s 3365 37 23
s 3366 15 6
s 3367 18 8
s 3368 49 21
s 3369 43 17
s 3370 73 41
s 3371 17 7
s 3372 59 27
s 3373 21 8
s 3374 27 14
s 3375 23 9
s 3376 78 35
s 3377 61 30
s 3378 33 14
s 3379 12 4
s 3380 5 4
s 3381 46 20
s 3382 113 50
s 3383 38 18
s 3384 15 3
s 3385 13 7
s 3386 12 6
s 3387 10 0
s 3388 56 28
s 3389 4 2
s 3390 48 27
s 3391 22 5
s 3392 55 24
s 3393 6 4
s 3394 5 3
s 3395 69 35
s 3396 51 25
s 3397 40 13
s 3398 35 19
s 3399 95 41
s 3400 24 9
s 3401 9 4
s 3402 34 18
s 3403 50 24
s 3404 7 4
s 3405 12 5
s 3406 18 11
s 3407 13 5
s 3408 19 6
s 3409 21 13
s 3410 1 1
s 3411 18 9
s 3412 86 36
s 3413 88 39
s 3414 124 57
s 3415 54 25
s 3416 80 43
s 3417 7 3
s 3418 8 3
s 3419 24 12
s 3420 5 3
s 3421 68 36
s 3422 9 6
s 3423 16 9
s 3424 38 15
s 3425 60 24
s 3426 27 11
s 3427 37 14
s 3428 31 20
s 3429 76 33
s 3430 16 6
s 3431 2 1
s 3432 89 48
s 3433 71 34
s 3434 4 0
s 3435 19 12
s 3436 48 16
s 3437 59 25
s 3438 27 16
s 3439 35 21
s 3440 33 13
s 3441 2 1
s 3442 29 13
s 3447 54 23
s 3448 11 5
s 3449 44 8
s 3451 73 35
s 3454 8 2
s 3456 41 19
s 3457 33 19
s 3459 37 19
s 3463 76 38
s 3464 41 17
s 3465 17 11
s 3466 14 7
s 3473 22 8
s 3483 12 8
s 3599 416 196
s 3600 199 105
s 3601 352 158
s 3602 707 348
s 3603 367 144
s 3604 575 309
s 3605 1085 548
s 3606 755 384
s 3607 234 115
s 3609 987 477
s 3610 1376 664
s 3611 972 532
s 3612 436 191
s 3613 939 467
s 3614 829 443
s 3615 571 314
s 3616 361 195
s 3617 180 105
s 3618 304 144
s 3619 1221 655
s 3620 1072 562
s 3621 304 151
s 3622 96 41
s 3623 591 286
s 3624 332 174
s 3625 477 255
s 3626 756 417
s 3627 366 178
s 3628 824 453
s 3629 235 122
s 3630 320 129
s 3631 514 275
s 3632 870 459
s 3633 880 442
s 3634 272 155
s 3635 101 38
s 3636 102 53
s 3637 622 279
s 3638 963 518
s 3639 247 120
s 3640 305 153
s 3641 100 58
s 3642 124 68
s 3643 224 95
s 3644 422 205
s 3645 129 58
s 3646 336 183
s 3647 253 117
s 3648 403 218
s 3649 33 12
s 3650 20 7
s 3651 696 372
s 3652 566 316
s 3653 335 162
s 3654 345 151
s 3655 742 363
s 3656 187 90
s 3657 130 69
s 3658 1040 600
s 3659 618 311
s 3660 819 442
s 3661 69 27
s 3662 95 45
s 3663 89 45
s 3664 182 92
s 3665 267 145
s 3666 119 60
s 3667 151 54
s 3668 799 409
s 3669 750 366
s 3670 1220 661
s 3671 456 230
s 3672 612 310
s 3673 83 39
s 3674 328 182
s 3675 184 77
s 3676 87 50
s 3677 923 451
s 3678 165 91
s 3679 153 83
s 3680 331 170
s 3681 516 282
s 3682 240 106
s 3683 355 184
s 3684 198 97
s 3685 662 340
s 3686 162 86
s 3687 36 17
s 3688 915 502
s 3689 622 344
s 3690 450 231
s 3691 207 112
s 3692 366 178
s 3693 542 242
s 3694 244 128
s 3695 307 152
s 3696 351 178
s 3697 289 155
s 3698 310 140
s 3703 394 197
s 3704 188 85
s 3705 318 169
s 3707 589 267
s 3710 231 103
s 3712 537 281
s 3713 164 83
s 3715 243 118
s 3719 467 255
s 3720 426 191
s 3721 237 101
s 3722 184 95
s 3729 267 127
s 3739 80 34
s 3856 44 18
s 3857 53 24
s 3858 165 88
s 3859 106 50
s 3860 137 67
s 3861 252 124
s 3862 200 85
s 3863 44 20
s 3865 174 70
s 3866 366 183
s 3867 258 137
s 3868 53 23
s 3869 128 60
s 3870 228 128
s 3871 170 88
s 3872 79 37
s 3873 33 13
s 3874 37 18
s 3875 226 106
s 3876 196 91
s 3877 90 35
s 3878 8 3
s 3879 134 63
s 3880 119 59
s 3881 109 60
s 3882 137 74
s 3883 66 39
s 3884 148 69
s 3885 42 23
s 3886 59 18
s 3887 90 43
s 3888 135 60
s 3889 151 85
s 3890 55 25
s 3891 51 22
s 3892 23 15
s 3893 131 63
s 3894 196 102
s 3895 33 16
s 3896 55 23
s 3897 24 11
s 3898 35 18
s 3899 44 22
s 3900 43 25
s 3901 18 7
s 3902 130 68
s 3903 45 22
s 3904 107 51
s 3905 4 1
s 3906 7 2
s 3907 141 75
s 3908 158 74
s 3909 39 18
s 3910 79 31
s 3911 243 144
s 3912 49 20
s 3913 24 11
s 3914 192 99
s 3915 162 88
s 3916 179 94
s 3917 5 2
s 3918 19 10
s 3919 21 8
s 3920 29 17
s 3921 45 21
s 3922 18 13
s 3923 45 17
s 3924 276 142
s 3925 185 101
s 3926 308 161
s 3927 149 78
s 3928 193 106
s 3929 6 2
s 3930 49 23
s 3931 42 22
s 3932 19 10
s 3933 209 117
s 3934 33 18
s 3935 29 14
s 3936 59 32
s 3937 100 55
s 3938 22 9
s 3939 48 22
s 3940 65 34
s 3941 156 66
s 3942 42 23
s 3943 12 7
s 3944 108 60
s 3945 184 91
s 3946 79 40
s 3947 60 30
s 3948 58 35
s 3949 74 38
s 3950 50 28
s 3951 78 39
s 3952 82 41
s 3953 36 18
s 3954 75 32
s 3959 120 51
s 3960 21 13
s 3961 81 42
s 3963 167 74
s 3966 42 22
s 3968 118 52
s 3969 16 5
s 3971 62 26
s 3975 50 31
s 3976 75 30
s 3977 30 15
s 3978 31 13
s 3985 56 28
s 3995 18 7
s 4113 27 10
s 4114 80 42
s 4115 36 15
s 4116 69 34
s 4117 124 60
s 4118 105 54
s 4119 24 10
s 4121 89 41
s 4122 171 79
s 4123 122 67
s 4124 26 9
s 4125 57 26
s 4126 126 61
s 4127 76 40
s 4128 28 13
s 4129 19 8
s 4130 38 15
s 4131 135 51
s 4132 99 47
s 4133 58 24
s 4134 6 1
s 4135 64 31
s 4136 65 37
s 4137 52 16
s 4138 66 44
s 4139 29 12
s 4140 135 57
s 4141 23 13
s 4142 42 19
s 4143 57 30
s 4144 84 41
s 4145 72 31
s 4146 36 19
s 4147 30 12
s 4148 12 11
s 4149 84 28
s 4150 114 62
s 4151 23 11
s 4152 26 15
s 4153 13 4
s 4154 18 5
s 4155 28 9
s 4156 18 9
s 4157 17 8
s 4158 29 11
s 4159 28 11
s 4160 59 29
s 4161 1 0
s 4162 1 0
s 4163 89 48
s 4164 68 39
s 4165 19 11
s 4166 47 29
s 4167 100 52
s 4168 24 12
s 4169 17 5
s 4170 110 46
s 4171 87 41
s 4172 70 34
s 4173 7 3
s 4174 4 1
s 4175 16 5
s 4176 24 9
s 4177 19 11
s 4178 5 2
s 4179 21 9
s 4180 139 71
s 4181 99 53
s 4182 139 69
s 4183 60 29
s 4184 75 42
s 4185 10 1
s 4186 28 12
s 4187 23 12
s 4188 3 1
s 4189 102 49
s 4190 19 13
s 4191 20 7
s 4192 22 8
s 4193 53 23
s 4194 9 3
s 4195 20 12
s 4196 32 10
s 4197 98 42
s 4198 15 7
s 4199 6 2
s 4200 59 34
s 4201 82 40
s 4202 41 23
s 4203 28 11
s 4204 26 10
s 4205 48 15
s 4206 26 17
s 4207 37 22
s 4208 53 22
s 4209 26 13
s 4210 27 9
s 4215 56 26
s 4216 16 5
s 4217 50 22
s 4219 82 41
s 4222 26 11
s 4224 65 31
s 4225 13 6
s 4227 29 13
s 4231 28 13
s 4232 47 17
s 4233 7 4
s 4234 13 9
s 4241 22 14
s 4251 11 6
s 4370 156 79
s 4371 84 34
s 4372 97 43
s 4373 186 90
s 4374 103 50
s 4375 40 16
s 4377 54 24
s 4378 289 127
s 4379 228 107
s 4380 88 43
s 4381 256 122
s 4382 208 99
s 4383 150 77
s 4384 33 11
s 4385 41 19
s 4386 7 2
s 4387 102 47
s 4388 115 58
s 4389 70 31
s 4390 21 12
s 4391 27 6
s 4392 85 45
s 4393 78 36
s 4394 178 81
s 4395 26 10
s 4396 146 81
s 4397 43 21
s 4398 40 19
s 4399 56 28
s 4400 144 66
s 4401 128 66
s 4402 60 28
s 4403 48 24
s 4404 12 4
s 4405 107 45
s 4406 193 94
s 4407 71 34
s 4408 39 22
s 4409 21 14
s 4410 20 6
s 4411 15 3
s 4412 94 54
s 4413 6 3
s 4414 101 56
s 4415 46 19
s 4416 83 41
s 4417 5 3
s 4418 4 1
s 4419 142 72
s 4420 119 61
s 4421 86 41
s 4422 77 33
s 4423 208 103
s 4424 49 25
s 4425 19 9
s 4426 69 30
s 4427 141 66
s 4428 7 1
s 4429 16 5
s 4430 34 15
s 4431 23 12
s 4432 24 11
s 4433 36 21
s 4434 3 2
s 4435 39 14
s 4436 202 84
s 4437 175 81
s 4438 219 111
s 4439 114 51
s 4440 150 80
s 4441 10 4
s 4442 40 22
s 4443 38 18
s 4444 12 5
s 4445 156 67
s 4446 22 10
s 4447 27 13
s 4448 76 34
s 4449 98 48
s 4450 39 18
s 4451 74 29
s 4452 46 20
s 4453 138 65
s 4454 32 18
s 4455 15 10
s 4456 213 108
s 4457 170 75
s 4458 7 0
s 4459 29 13
s 4460 79 39
s 4461 92 42
s 4462 64 31
s 4463 68 32
s 4464 78 35
s 4465 8 1
s 4466 47 16
s 4471 113 52
s 4472 25 9
s 4473 90 38
s 4475 188 102
s 4478 11 3
s 4480 97 46
s 4481 33 16
s 4483 60 33
s 4487 118 68
s 4488 69 25
s 4489 44 21
s 4490 20 8
s 4497 34 14
s 4507 20 9
s 4627 114 54
s 4628 188 104
s 4629 439 234
s 4630 344 177
s 4631 95 47
s 4633 400 200
s 4634 655 363
s 4635 442 263
s 4636 160 81
s 4637 413 227
s 4638 408 232
s 4639 276 165
s 4640 100 52
s 4641 97 51
s 4642 106 49
s 4643 460 227
s 4644 408 236
s 4645 145 72
s 4646 47 24
s 4647 276 153
s 4648 175 82
s 4649 28 17
s 4650 248 154
s 4651 149 75
s 4652 59 32
s 4653 103 55
s 4654 36 16
s 4655 195 100
s 4656 47 21
s 4657 321 167
s 4658 120 70
s 4659 62 32
s 4660 35 24
s 4661 175 80
s 4662 50 24
s 4663 120 72
s 4664 56 28
s 4665 47 24
s 4666 72 38
s 4667 82 40
s 4668 183 101
s 4669 42 19
s 4670 203 125
s 4671 70 42
s 4672 191 99
s 4673 11 6
s 4674 15 7
s 4675 32 17
s 4676 253 139
s 4677 132 65
s 4678 23 10
s 4679 400 231
s 4680 66 31
s 4681 34 17
s 4682 441 238
s 4683 296 171
s 4684 328 189
s 4685 27 17
s 4686 60 29
s 4687 39 23
s 4688 25 13
s 4689 85 52
s 4690 42 25
s 4691 79 40
s 4692 436 226
s 4693 372 210
s 4694 574 317
s 4695 227 122
s 4696 293 174
s 4697 4 1
s 4698 140 74
s 4699 91 41
s 4700 34 19
s 4701 92 49
s 4702 22 12
s 4703 21 11
s 4704 147 74
s 4705 276 150
s 4706 105 54
s 4707 129 61
s 4708 105 45
s 4709 327 183
s 4710 58 33
s 4711 19 18
s 4712 402 213
s 4713 307 164
s 4714 164 94
s 4715 102 56
s 4716 144 76
s 4717 25 7
s 4718 132 79
s 4719 139 74
s 4720 159 80
s 4721 106 58
s 4722 62 26
s 4727 175 84
s 4728 90 37
s 4729 184 115
s 4731 304 151
s 4734 88 43
s 4736 239 120
s 4737 79 45
s 4739 126 76
s 4743 205 111
s 4744 155 75
s 4745 103 57
s 4746 23 9
s 4753 42 23
s 4763 28 14
s 4884 143 67
s 4885 233 88
s 4886 194 71
s 4887 42 17
s 4889 221 92
s 4890 357 130
s 4891 282 116
s 4892 70 33
s 4893 187 85
s 4894 263 111
s 4895 156 57
s 4896 61 33
s 4897 41 16
s 4898 59 31
s 4899 287 119
s 4900 222 117
s 4901 70 28
s 4902 25 8
s 4903 157 57
s 4904 112 49
s 4905 81 36
s 4906 121 54
s 4907 87 37
s 4908 133 52
s 4909 55 30
s 4910 73 25
s 4911 103 46
s 4912 147 75
s 4913 144 72
s 4914 61 21
s 4915 34 14
s 4916 29 12
s 4917 151 60
s 4918 164 73
s 4919 69 30
s 4920 70 28
s 4921 17 8
s 4922 35 14
s 4923 45 21
s 4924 87 48
s 4925 37 15
s 4926 99 48
s 4927 63 21
s 4928 110 37
s 4929 10 4
s 4930 5 1
s 4931 118 53
s 4932 130 63
s 4933 70 32
s 4934 72 32
s 4935 211 87
s 4936 54 25
s 4937 28 11
s 4938 247 95
s 4939 148 71
s 4940 173 70
s 4941 27 11
s 4942 25 12
s 4943 24 10
s 4944 40 14
s 4945 45 26
s 4946 27 14
s 4947 43 22
s 4948 208 90
s 4949 225 102
s 4950 291 111
s 4951 130 60
s 4952 150 74
s 4953 10 6
s 4954 75 30
s 4955 52 20
s 4956 21 8
s 4957 169 72
s 4958 32 17
s 4959 31 10
s 4960 59 13
s 4961 154 79
s 4962 52 19
s 4963 47 25
s 4964 73 20
s 4965 166 73
s 4966 28 13
s 4967 15 9
s 4968 193 82
s 4969 168 63
s 4970 94 44
s 4971 45 17
s 4972 57 18
s 4973 83 24
s 4974 53 15
s 4975 85 31
s 4976 100 50
s 4977 48 26
s 4978 68 29
s 4983 101 51
s 4984 51 24
s 4985 96 36
s 4987 155 72
s 4990 47 22
s 4992 155 61
s 4993 50 15
s 4995 76 23
s 4999 102 47
s 5000 107 35
s 5001 54 17
s 5002 22 13
s 5009 46 18
s 5019 20 5
s 5141 333 163
s 5142 226 121
s 5143 82 47
s 5145 324 156
s 5146 387 187
s 5147 281 145
s 5148 147 68
s 5149 387 191
s 5150 266 157
s 5151 178 85
s 5152 105 56
s 5153 54 32
s 5154 79 45
s 5155 410 228
s 5156 327 158
s 5157 82 45
s 5158 38 26
s 5159 193 98
s 5160 119 56
s 5161 150 66
s 5162 306 170
s 5163 113 58
s 5164 229 122
s 5165 71 29
s 5166 75 37
s 5167 186 91
s 5168 242 124
s 5169 271 157
s 5170 66 38
s 5171 55 29
s 5172 32 17
s 5173 187 84
s 5174 277 139
s 5175 80 45
s 5176 95 53
s 5177 34 15
s 5178 33 13
s 5179 67 36
s 5180 167 93
s 5181 46 20
s 5182 131 60
s 5183 82 49
s 5184 123 51
s 5185 9 3
s 5186 7 3
s 5187 192 107
s 5188 148 76
s 5189 116 54
s 5190 100 41
s 5191 287 167
s 5192 60 31
s 5193 38 18
s 5194 378 203
s 5195 193 114
s 5196 280 142
s 5197 25 12
s 5198 35 21
s 5199 31 15
s 5200 55 31
s 5201 93 53
s 5202 37 20
s 5203 48 28
s 5204 288 148
s 5205 292 148
s 5206 375 192
s 5207 118 60
s 5208 208 102
s 5209 22 11
s 5210 69 38
s 5211 52 23
s 5212 24 13
s 5213 259 143
s 5214 42 22
s 5215 47 22
s 5216 123 63
s 5217 187 98
s 5218 94 47
s 5219 143 66
s 5220 87 46
s 5221 194 97
s 5222 49 36
s 5223 11 3
s 5224 345 188
s 5225 189 102
s 5226 147 70
s 5227 76 42
s 5228 126 64
s 5229 137 56
s 5230 86 47
s 5231 91 45
s 5232 93 41
s 5233 81 44
s 5234 97 39
s 5239 118 53
s 5240 51 17
s 5241 90 63
s 5243 185 79
s 5246 96 48
s 5248 168 81
s 5249 73 34
s 5251 75 33
s 5255 178 106
s 5256 124 75
s 5257 81 41
s 5258 39 19
s 5265 61 22
s 5275 30 14
s 5398 415 185
s 5399 146 73
s 5401 433 183
s 5402 794 364
s 5403 577 290
s 5404 290 140
s 5405 649 334
s 5406 611 321
s 5407 355 192
s 5408 194 103
s 5409 102 41
s 5410 126 45
s 5411 555 264
s 5412 590 302
s 5413 203 98
s 5414 43 12
s 5415 334 160
s 5416 230 109
s 5417 279 131
s 5418 518 264
s 5419 203 97
s 5420 424 206
s 5421 126 56
s 5422 113 50
s 5423 257 126
s 5424 399 191
s 5425 538 287
s 5426 145 73
s 5427 96 46
s 5428 69 36
s 5429 362 139
s 5430 586 305
s 5431 169 83
s 5432 148 66
s 5433 68 40
s 5434 82 39
s 5435 120 41
s 5436 321 168
s 5437 66 34
s 5438 243 128
s 5439 139 55
s 5440 278 129
s 5441 24 11
s 5442 13 7
s 5443 367 190
s 5444 317 168
s 5445 205 94
s 5446 203 92
s 5447 557 264
s 5448 103 43
s 5449 74 39
s 5450 546 287
s 5451 371 194
s 5452 412 197
s 5453 43 18
s 5454 69 28
s 5455 72 31
s 5456 90 39
s 5457 181 81
s 5458 49 32
s 5459 101 48
s 5460 617 305
s 5461 558 260
s 5462 700 328
s 5463 292 139
s 5464 392 216
s 5465 37 19
s 5466 136 70
s 5467 131 64
s 5468 41 20
s 5469 523 259
s 5470 72 38
s 5471 81 38
s 5472 257 133
s 5473 314 155
s 5474 169 65
s 5475 204 83
s 5476 178 88
s 5477 385 201
s 5478 106 52
s 5479 23 13
s 5480 648 342
s 5481 372 181
s 5482 250 130
s 5483 143 69
s 5484 255 117
s 5485 286 115
s 5486 123 59
s 5487 194 107
s 5488 230 116
s 5489 123 61
s 5490 173 76
s 5495 243 119
s 5496 117 49
s 5497 165 84
s 5499 358 176
s 5502 128 58
s 5504 277 130
s 5505 131 63
s 5507 163 81
s 5511 374 202
s 5512 205 87
s 5513 139 56
s 5514 72 33
s 5521 146 65
s 5531 47 20
s 5655 119 59
s 5657 350 165
s 5658 582 298
s 5659 435 243
s 5660 233 121
s 5661 569 283
s 5662 389 190
s 5663 236 119
s 5664 157 76
s 5665 65 33
s 5666 94 47
s 5667 483 225
s 5668 434 207
s 5669 135 56
s 5670 39 15
s 5671 210 100
s 5672 156 62
s 5673 258 123
s 5674 455 233
s 5675 140 59
s 5676 404 215
s 5677 66 39
s 5678 125 66
s 5679 174 79
s 5680 367 193
s 5681 441 240
s 5682 107 56
s 5683 61 31
s 5684 40 21
s 5685 274 110
s 5686 509 265
s 5687 121 59
s 5688 150 84
s 5689 45 24
s 5690 56 18
s 5691 99 54
s 5692 225 123
s 5693 44 20
s 5694 152 89
s 5695 122 59
s 5696 181 78
s 5697 14 8
s 5698 10 7
s 5699 368 193
s 5700 216 114
s 5701 148 75
s 5702 185 88
s 5703 421 232
s 5704 90 38
s 5705 63 31
s 5706 366 190
s 5707 267 125
s 5708 293 166
s 5709 39 21
s 5710 45 23
s 5711 46 17
s 5712 75 37
s 5713 159 87
s 5714 47 31
s 5715 80 31
s 5716 448 218
s 5717 389 193
s 5718 501 261
s 5719 192 104
s 5720 304 169
s 5721 30 17
s 5722 88 43
s 5723 72 37
s 5724 22 13
s 5725 449 219
s 5726 73 40
s 5727 89 49
s 5728 207 97
s 5729 279 150
s 5730 139 58
s 5731 196 95
s 5732 99 46
s 5733 245 114
s 5734 78 37
s 5735 17 10
s 5736 573 314
s 5737 239 133
s 5738 167 88
s 5739 89 40
s 5740 211 102
s 5741 215 91
s 5742 95 53
s 5743 108 42
s 5744 134 64
s 5745 93 47
s 5746 119 43
s 5751 137 68
s 5752 77 35
s 5753 137 75
s 5755 244 113
s 5758 91 40
s 5760 217 101
s 5761 107 44
s 5763 93 47
s 5767 253 135
s 5768 174 90
s 5769 118 52
s 5770 66 33
s 5777 84 36
s 5787 36 16
s 5913 113 59
s 5914 194 96
s 5915 164 88
s 5916 37 19
s 5917 57 30
s 5918 173 105
s 5919 91 47
s 5920 37 22
s 5921 24 15
s 5922 37 14
s 5923 156 82
s 5924 124 61
s 5925 58 21
s 5926 5 3
s 5927 64 27
s 5928 59 37
s 5929 68 36
s 5930 76 43
s 5931 33 11
s 5932 121 59
s 5933 37 13
s 5934 35 15
s 5935 51 25
s 5936 109 54
s 5937 53 28
s 5938 57 33
s 5939 21 9
s 5940 16 9
s 5941 92 44
s 5942 139 74
s 5943 23 12
s 5944 40 20
s 5945 16 9
s 5946 19 7
s 5947 28 10
s 5948 30 17
s 5949 14 10
s 5950 66 32
s 5951 35 16
s 5952 73 38
s 5953 3 1
s 5954 4 2
s 5955 96 55
s 5956 96 59
s 5957 25 13
s 5958 43 22
s 5959 134 67
s 5960 28 16
s 5961 14 5
s 5962 122 63
s 5963 113 62
s 5964 98 51
s 5965 6 6
s 5966 8 4
s 5967 16 6
s 5968 36 18
s 5969 18 12
s 5970 14 10
s 5971 24 13
s 5972 149 77
s 5973 129 69
s 5974 222 107
s 5975 85 46
s 5976 98 64
s 5977 13 6
s 5978 32 14
s 5979 32 16
s 5980 6 3
s 5981 130 67
s 5982 26 11
s 5983 23 12
s 5984 16 9
s 5985 77 32
s 5986 19 9
s 5987 29 13
s 5988 35 19
s 5989 99 57
s 5990 24 14
s 5991 4 3
s 5992 85 45
s 5993 92 39
s 5994 48 23
s 5995 28 13
s 5996 25 14
s 5997 78 30
s 5998 49 28
s 5999 55 20
s 6000 60 30
s 6001 25 16
s 6002 34 18
s 6007 52 22
s 6008 12 6
s 6009 55 31
s 6011 101 43
s 6014 30 13
s 6016 86 40
s 6017 19 9
s 6019 42 17
s 6023 33 17
s 6024 59 28
s 6025 25 11
s 6026 18 8
s 6033 34 15
s 6043 10 6
s 6426 827 372
s 6427 644 302
s 6428 231 97
s 6429 611 285
s 6430 573 282
s 6431 428 220
s 6432 134 69
s 6433 112 51
s 6434 37 13
s 6435 363 153
s 6436 339 170
s 6437 209 112
s 6438 46 20
s 6439 132 47
s 6440 264 124
s 6441 244 115
s 6442 544 265
s 6443 141 55
s 6444 452 217
s 6445 129 53
s 6446 135 60
s 6447 173 81
s 6448 420 200
s 6449 388 203
s 6450 172 85
s 6451 82 32
s 6452 33 18
s 6453 268 107
s 6454 603 309
s 6455 182 94
s 6456 99 42
s 6457 73 36
s 6458 79 34
s 6459 75 33
s 6460 252 120
s 6461 30 18
s 6462 275 154
s 6463 166 76
s 6464 260 123
s 6465 25 10
s 6466 13 5
s 6467 359 191
s 6468 293 145
s 6469 198 94
s 6470 192 71
s 6471 567 300
s 6472 115 53
s 6473 66 27
s 6474 278 128
s 6475 311 136
s 6476 105 57
s 6477 43 16
s 6478 62 27
s 6479 48 20
s 6480 79 40
s 6481 150 80
s 6482 26 18
s 6483 107 60
s 6484 574 258
s 6485 539 234
s 6486 648 301
s 6487 303 150
s 6488 320 151
s 6489 46 25
s 6490 96 39
s 6491 134 57
s 6492 34 16
s 6493 421 196
s 6494 99 40
s 6495 51 28
s 6496 232 104
s 6497 313 145
s 6498 152 64
s 6499 214 96
s 6500 133 50
s 6501 363 160
s 6502 116 49
s 6503 23 8
s 6504 635 300
s 6505 404 189
s 6506 60 21
s 6507 92 38
s 6508 245 106
s 6509 288 106
s 6510 130 59
s 6511 185 85
s 6512 222 105
s 6513 50 23
s 6514 116 43
s 6519 245 105
s 6520 52 21
s 6521 236 115
s 6523 427 181
s 6526 50 23
s 6528 290 128
s 6529 116 52
s 6531 153 67
s 6535 325 180
s 6536 168 74
s 6537 136 50
s 6538 65 28
s 6545 87 34
s 6555 57 28
s 6683 541 242
s 6684 410 203
s 6685 983 447
s 6686 551 282
s 6687 312 146
s 6688 263 133
s 6689 148 87
s 6690 264 118
s 6691 1019 495
s 6692 930 448
s 6693 208 102
s 6694 87 38
s 6695 500 236
s 6696 264 124
s 6697 446 218
s 6698 833 444
s 6699 299 148
s 6700 758 376
s 6701 173 84
s 6702 256 104
s 6703 403 200
s 6704 724 369
s 6705 710 354
s 6706 171 94
s 6707 55 23
s 6708 99 47
s 6709 481 194
s 6710 892 427
s 6711 226 101
s 6712 250 117
s 6713 82 40
s 6714 85 38
s 6715 196 80
s 6716 454 220
s 6717 121 52
s 6718 301 145
s 6719 225 111
s 6720 239 105
s 6721 31 13
s 6722 12 4
s 6723 591 292
s 6724 347 180
s 6725 318 142
s 6726 386 192
s 6727 732 375
s 6728 163 78
s 6729 125 58
s 6730 884 431
s 6731 450 225
s 6732 718 349
s 6733 69 33
s 6734 130 70
s 6735 74 35
s 6736 173 82
s 6737 243 126
s 6738 108 62
s 6739 100 47
s 6740 693 332
s 6741 673 327
s 6742 784 399
s 6743 273 127
s 6744 545 285
s 6745 65 28
s 6746 193 98
s 6747 127 57
s 6748 78 33
s 6749 825 407
s 6750 171 85
s 6751 110 57
s 6752 372 174
s 6753 489 252
s 6754 252 120
s 6755 354 176
s 6756 160 66
s 6757 515 254
s 6758 109 44
s 6759 33 15
s 6760 1048 524
s 6761 462 225
s 6762 394 203
s 6763 200 99
s 6764 369 183
s 6765 471 201
s 6766 217 121
s 6767 171 86
s 6768 230 109
s 6769 234 118
s 6770 255 110
s 6775 218 93
s 6776 183 84
s 6777 248 133
s 6779 441 205
s 6782 211 104
s 6784 419 197
s 6785 208 100
s 6787 144 70
s 6791 562 302
s 6792 371 157
s 6793 268 130
s 6794 130 62
s 6801 198 79
s 6811 64 25
s 6940 312 156
s 6941 699 360
s 6942 324 184
s 6943 195 93
s 6944 205 113
s 6945 99 57
s 6946 206 108
s 6947 795 419
s 6948 651 335
s 6949 139 74
s 6950 72 41
s 6951 383 199
s 6952 160 85
s 6953 306 171
s 6954 562 320
s 6955 234 123
s 6956 520 289
s 6957 112 67
s 6958 187 83
s 6959 334 168
s 6960 513 287
s 6961 624 339
s 6962 101 51
s 6963 61 31
s 6964 64 40
s 6965 375 170
s 6966 620 314
s 6967 182 99
s 6968 198 105
s 6969 81 44
s 6970 70 42
s 6971 141 59
s 6972 315 157
s 6973 110 61
s 6974 188 106
s 6975 161 76
s 6976 161 91
s 6977 15 5
s 6978 6 4
s 6979 442 245
s 6980 208 121
s 6981 207 105
s 6982 357 177
s 6983 501 264
s 6984 103 54
s 6985 84 35
s 6986 680 355
s 6987 311 166
s 6988 528 308
s 6989 61 33
s 6990 77 38
s 6991 34 10
s 6992 97 48
s 6993 183 96
s 6994 76 51
s 6995 62 35
s 6996 497 243
s 6997 457 228
s 6998 602 329
s 6999 166 90
s 7000 350 182
s 7001 47 27
s 7002 175 83
s 7003 89 43
s 7004 43 28
s 7005 617 305
s 7006 116 59
s 7007 92 51
s 7008 249 132
s 7009 382 190
s 7010 191 95
s 7011 259 127
s 7012 107 54
s 7013 348 170
s 7014 78 42
s 7015 23 13
s 7016 702 378
s 7017 341 182
s 7018 286 148
s 7019 125 57
s 7020 277 153
s 7021 364 153
s 7022 182 106
s 7023 124 71
s 7024 125 60
s 7025 185 108
s 7026 166 85
s 7031 147 76
s 7032 113 59
s 7033 139 80
s 7035 249 125
s 7038 138 71
s 7040 262 138
s 7041 129 72
s 7043 102 56
s 7047 419 240
s 7048 273 149
s 7049 181 90
s 7050 102 56
s 7057 155 70
s 7067 45 21
s 7197 65 29
s 7198 292 160
s 7199 159 67
s 7200 90 54
s 7201 32 15
s 7202 70 25
s 7203 319 167
s 7204 214 106
s 7205 110 57
s 7206 10 2
s 7207 140 63
s 7208 123 64
s 7209 112 54
s 7210 73 42
s 7211 68 31
s 7212 214 114
s 7213 67 30
s 7214 98 46
s 7215 85 46
s 7216 175 86
s 7217 103 51
s 7218 79 43
s 7219 31 14
s 7220 26 9
s 7221 157 70
s 7222 283 133
s 7223 25 10
s 7224 85 51
s 7225 13 7
s 7226 35 14
s 7227 46 18
s 7228 34 17
s 7229 18 8
s 7230 98 54
s 7231 72 34
s 7232 117 55
s 7233 10 5
s 7234 6 1
s 7235 154 76
s 7236 160 74
s 7237 14 7
s 7238 95 39
s 7239 217 105
s 7240 55 23
s 7241 33 20
s 7242 294 135
s 7243 203 109
s 7244 183 88
s 7245 5 2
s 7246 5 2
s 7247 26 16
s 7248 40 18
s 7249 26 14
s 7250 25 14
s 7251 46 21
s 7252 230 119
s 7253 208 109
s 7254 329 162
s 7255 160 76
s 7256 167 94
s 7257 12 4
s 7258 65 29
s 7259 62 21
s 7260 13 7
s 7261 208 93
s 7262 45 23
s 7263 38 22
s 7264 34 17
s 7265 84 44
s 7266 14 6
s 7267 32 18
s 7268 62 36
s 7269 183 84
s 7270 28 14
s 7271 8 5
s 7272 70 44
s 7273 189 92
s 7274 111 58
s 7275 59 28
s 7276 31 17
s 7277 123 46
s 7278 69 35
s 7279 84 40
s 7280 91 47
s 7281 66 37
s 7282 71 34
s 7287 121 57
s 7288 42 20
s 7289 105 52
s 7291 206 98
s 7294 57 18
s 7296 138 66
s 7297 6 3
s 7299 65 29
s 7303 29 19
s 7304 112 55
s 7305 25 10
s 7306 32 18
s 7313 55 18
s 7323 13 8
s 7454 693 358
s 7455 464 224
s 7456 179 92
s 7457 68 28
s 7458 157 77
s 7459 810 409
s 7460 458 213
s 7461 247 127
s 7462 22 10
s 7463 416 202
s 7464 274 139
s 7465 247 120
s 7466 213 115
s 7467 168 83
s 7468 468 248
s 7469 159 78
s 7470 168 70
s 7471 233 114
s 7472 487 241
s 7473 240 120
s 7474 203 110
s 7475 77 35
s 7476 71 39
s 7477 375 156
s 7478 618 329
s 7479 51 29
s 7480 168 82
s 7481 37 19
s 7482 89 46
s 7483 128 56
s 7484 44 23
s 7485 52 29
s 7486 304 161
s 7487 167 83
s 7488 297 148
s 7489 21 6
s 7490 13 9
s 7491 400 200
s 7492 399 196
s 7493 34 18
s 7494 208 107
s 7495 507 271
s 7496 114 52
s 7497 80 29
s 7498 779 401
s 7499 437 193
s 7500 583 308
s 7501 12 6
s 7502 15 6
s 7503 72 29
s 7504 89 41
s 7505 51 23
s 7506 57 29
s 7507 98 47
s 7508 567 280
s 7509 523 286
s 7510 853 409
s 7511 328 159
s 7512 492 280
s 7513 37 13
s 7514 176 92
s 7515 140 61
s 7516 36 22
s 7517 529 262
s 7518 103 46
s 7519 92 45
s 7520 25 12
s 7521 213 108
s 7522 52 9
s 7523 34 12
s 7524 162 87
s 7525 428 204
s 7526 81 27
s 7527 20 6
s 7528 116 52
s 7529 450 206
s 7530 271 129
s 7531 137 70
s 7532 49 23
s 7533 309 128
s 7534 181 111
s 7535 245 122
s 7536 255 126
s 7537 157 82
s 7538 167 71
s 7543 295 129
s 7544 87 42
s 7545 234 131
s 7547 460 225
s 7550 173 92
s 7552 388 186
s 7553 17 6
s 7555 183 98
s 7559 62 29
s 7560 208 96
s 7561 38 18
s 7562 105 53
s 7569 138 58
s 7579 29 14
s 7711 198 105
s 7712 195 117
s 7713 99 47
s 7714 198 98
s 7715 780 389
s 7716 625 344
s 7717 125 76
s 7718 64 41
s 7719 346 179
s 7720 165 95
s 7721 306 164
s 7722 558 315
s 7723 225 99
s 7724 515 283
s 7725 94 56
s 7726 188 101
s 7727 273 137
s 7728 472 233
s 7729 541 304
s 7730 90 47
s 7731 69 39
s 7732 70 44
s 7733 317 142
s 7734 668 363
s 7735 153 79
s 7736 160 82
s 7737 53 31
s 7738 48 24
s 7739 142 72
s 7740 289 164
s 7741 78 40
s 7742 192 111
s 7743 160 80
s 7744 140 76
s 7745 28 14
s 7746 2 1
s 7747 429 242
s 7748 183 105
s 7749 208 109
s 7750 221 115
s 7751 474 276
s 7752 81 40
s 7753 78 41
s 7754 621 344
s 7755 269 138
s 7756 489 266
s 7757 42 17
s 7758 74 38
s 7759 24 13
s 7760 107 51
s 7761 163 98
s 7762 74 47
s 7763 56 30
s 7764 464 250
s 7765 442 230
s 7766 510 278
s 7767 133 79
s 7768 328 189
s 7769 50 32
s 7770 152 78
s 7771 85 49
s 7772 43 22
s 7773 474 250
s 7774 77 33
s 7775 76 46
s 7776 229 114
s 7777 338 179
s 7778 171 77
s 7779 198 95
s 7780 109 54
s 7781 273 142
s 7782 79 43
s 7783 19 6
s 7784 709 408
s 7785 283 140
s 7786 251 128
s 7787 148 86
s 7788 238 127
s 7789 302 131
s 7790 140 87
s 7791 112 52
s 7792 107 53
s 7793 191 121
s 7794 168 77
s 7799 146 73
s 7800 111 58
s 7801 124 65
s 7803 271 145
s 7806 135 74
s 7808 245 125
s 7809 116 52
s 7811 94 55
s 7815 380 227
s 7816 238 136
s 7817 168 80
s 7818 77 41
s 7825 130 67
s 7835 34 13
s 7968 113 51
s 7969 64 34
s 7970 88 37
s 7971 448 260
s 7972 383 191
s 7973 76 42
s 7974 44 23
s 7975 207 108
s 7976 80 45
s 7977 183 100
s 7978 348 201
s 7979 141 62
s 7980 296 159
s 7981 48 27
s 7982 113 54
s 7983 174 85
s 7984 317 167
s 7985 370 210
s 7986 52 27
s 7987 27 11
s 7988 53 29
s 7989 195 104
s 7990 404 222
s 7991 124 69
s 7992 106 52
s 7993 32 19
s 7994 34 22
s 7995 71 38
s 7996 199 111
s 7997 37 19
s 7998 116 73
s 7999 71 37
s 8000 84 35
s 8001 14 8
s 8002 5 4
s 8003 261 147
s 8004 117 58
s 8005 136 73
s 8006 149 72
s 8007 320 199
s 8008 49 24
s 8009 51 25
s 8010 390 193
s 8011 174 79
s 8012 376 214
s 8013 29 15
s 8014 43 20
s 8015 22 8
s 8016 77 45
s 8017 98 50
s 8018 28 15
s 8019 26 11
s 8020 324 163
s 8021 280 150
s 8022 357 190
s 8023 86 56
s 8024 243 136
s 8025 22 14
s 8026 93 46
s 8027 42 13
s 8028 25 9
s 8029 356 196
s 8030 46 24
s 8031 47 30
s 8032 168 86
s 8033 208 123
s 8034 102 45
s 8035 125 71
s 8036 76 42
s 8037 180 103
s 8038 58 30
s 8039 15 8
s 8040 445 247
s 8041 186 103
s 8042 174 87
s 8043 76 45
s 8044 155 78
s 8045 196 85
s 8046 74 38
s 8047 53 24
s 8048 57 25
s 8049 115 68
s 8050 134 62
s 8055 113 66
s 8056 74 42
s 8057 177 107
s 8059 140 71
s 8062 108 59
s 8064 159 86
s 8065 89 44
s 8067 44 26
s 8071 227 126
s 8072 155 69
s 8073 126 65
s 8074 37 20
s 8081 88 47
s 8091 31 15
s 8225 26 18
s 8226 34 16
s 8227 197 104
s 8228 165 89
s 8229 80 39
s 8230 16 5
s 8231 97 44
s 8232 91 57
s 8233 46 26
s 8234 173 95
s 8235 53 25
s 8236 100 54
s 8237 38 19
s 8238 26 10
s 8239 87 38
s 8240 88 52
s 8241 123 71
s 8242 55 33
s 8243 21 11
s 8244 20 16
s 8245 103 38
s 8246 133 74
s 8247 61 37
s 8248 38 14
s 8249 14 9
s 8250 25 10
s 8251 38 17
s 8252 60 37
s 8253 11 5
s 8254 72 47
s 8255 39 20
s 8256 99 55
s 8257 8 3
s 8258 1 1
s 8259 89 51
s 8260 116 71
s 8261 69 38
s 8262 34 20
s 8263 202 116
s 8264 38 19
s 8265 22 11
s 8266 127 63
s 8267 145 78
s 8268 100 59
s 8269 15 7
s 8270 15 11
s 8271 14 7
s 8272 20 11
s 8273 59 30
s 8274 18 12
s 8275 37 14
s 8276 188 99
s 8277 168 80
s 8278 235 122
s 8279 91 48
s 8280 116 62
s 8281 13 8
s 8282 38 20
s 8283 24 14
s 8284 8 4
s 8285 136 61
s 8286 27 15
s 8287 17 10
s 8288 80 42
s 8289 81 44
s 8290 34 15
s 8291 72 40
s 8292 37 24
s 8293 131 80
s 8294 26 16
s 8295 9 5
s 8296 194 109
s 8297 142 75
s 8298 45 22
s 8299 30 19
s 8300 92 62
s 8301 57 30
s 8302 41 22
s 8303 47 26
s 8304 72 41
s 8305 36 24
s 8306 34 16
s 8311 93 53
s 8312 19 13
s 8313 56 30
s 8315 127 59
s 8318 36 16
s 8320 88 44
s 8321 35 14
s 8323 31 14
s 8327 105 45
s 8328 57 32
s 8329 40 19
s 8330 22 10
s 8337 24 14
s 8347 9 6
s 8482 44 18
s 8483 132 67
s 8484 93 50
s 8485 33 16
s 8486 12 4
s 8487 53 22
s 8488 44 26
s 8489 46 17
s 8490 62 31
s 8491 35 20
s 8492 88 36
s 8493 13 4
s 8494 35 17
s 8495 49 27
s 8496 103 57
s 8497 77 42
s 8498 23 15
s 8499 13 8
s 8500 19 11
s 8501 69 37
s 8502 115 61
s 8503 33 11
s 8504 36 19
s 8505 7 4
s 8506 17 8
s 8507 21 12
s 8508 38 19
s 8509 9 3
s 8510 59 31
s 8511 23 8
s 8512 55 27
s 8513 1 0
s 8514 2 2
s 8515 77 38
s 8516 56 26
s 8517 28 13
s 8518 43 22
s 8519 97 54
s 8520 17 6
s 8521 8 4
s 8522 160 81
s 8523 62 34
s 8524 95 51
s 8525 5 1
s 8526 5 1
s 8527 11 3
s 8528 15 7
s 8529 22 10
s 8530 17 7
s 8531 20 8
s 8532 97 49
s 8533 74 38
s 8534 161 89
s 8535 65 30
s 8536 70 40
s 8537 7 3
s 8538 39 23
s 8539 19 10
s 8540 8 3
s 8541 107 45
s 8542 25 16
s 8543 25 15
s 8544 18 7
s 8545 63 25
s 8546 29 12
s 8547 24 13
s 8548 41 18
s 8549 54 29
s 8550 15 9
s 8551 8 2
s 8552 69 33
s 8553 80 40
s 8554 51 27
s 8555 28 13
s 8556 19 11
s 8557 64 22
s 8558 31 14
s 8559 30 13
s 8560 49 28
s 8561 43 20
s 8562 33 17
s 8567 44 18
s 8568 22 10
s 8569 38 20
s 8571 63 32
s 8574 33 16
s 8576 53 31
s 8577 21 13
s 8579 33 16
s 8583 43 25
s 8584 58 28
s 8585 30 10
s 8586 8 5
s 8593 27 11
s 8603 11 4
s 8739 87 45
s 8740 77 37
s 8741 75 39
s 8742 20 10
s 8743 20 7
s 8744 62 29
s 8745 55 23
s 8746 125 66
s 8747 38 21
s 8748 107 53
s 8749 46 23
s 8750 57 33
s 8751 36 17
s 8752 164 83
s 8753 97 41
s 8754 67 29
s 8755 23 14
s 8756 8 4
s 8757 83 35
s 8758 161 81
s 8759 51 22
s 8760 26 10
s 8761 21 7
s 8762 27 12
s 8763 36 8
s 8764 88 51
s 8765 10 5
s 8766 87 43
s 8767 38 21
s 8768 76 37
s 8769 3 2
s 8770 4 0
s 8771 94 48
s 8772 94 44
s 8773 50 16
s 8774 92 38
s 8775 205 105
s 8776 29 13
s 8777 27 7
s 8778 82 37
s 8779 93 49
s 8780 10 3
s 8781 12 7
s 8782 24 10
s 8783 25 8
s 8784 30 11
s 8785 49 26
s 8786 4 0
s 8787 36 18
s 8788 151 75
s 8789 154 74
s 8790 187 85
s 8791 71 32
s 8792 98 49
s 8793 10 2
s 8794 27 15
s 8795 51 16
s 8796 5 3
s 8797 112 45
s 8798 20 8
s 8799 16 7
s 8800 69 33
s 8801 91 40
s 8802 52 20
s 8803 67 33
s 8804 42 19
s 8805 90 47
s 8806 29 14
s 8807 8 2
s 8808 190 96
s 8809 166 85
s 8810 5 4
s 8811 22 13
s 8812 54 33
s 8813 112 52
s 8814 46 26
s 8815 56 25
s 8816 74 30
s 8817 11 5
s 8818 33 13
s 8823 57 28
s 8824 11 4
s 8825 77 43
s 8827 142 76
s 8830 7 6
s 8832 92 41
s 8833 33 15
s 8835 65 35
s 8839 93 53
s 8840 52 23
s 8841 49 17
s 8842 23 12
s 8849 23 9
s 8859 15 5
s 8996 569 304
s 8997 271 142
s 8998 69 36
s 8999 208 83
s 9000 317 163
s 9001 357 166
s 9002 691 383
s 9003 181 98
s 9004 530 281
s 9005 173 89
s 9006 145 64
s 9007 231 111
s 9008 403 199
s 9009 522 283
s 9010 195 90
s 9011 108 56
s 9012 49 30
s 9013 340 144
s 9014 690 356
s 9015 175 81
s 9016 137 68
s 9017 84 52
s 9018 86 44
s 9019 117 46
s 9020 332 187
s 9021 42 27
s 9022 302 164
s 9023 165 79
s 9024 308 146
s 9025 25 12
s 9026 14 9
s 9027 479 265
s 9028 385 206
s 9029 240 115
s 9030 247 121
s 9031 726 392
s 9032 117 60
s 9033 82 38
s 9034 429 204
s 9035 457 231
s 9036 245 136
s 9037 54 28
s 9038 73 31
s 9039 65 26
s 9040 86 39
s 9041 217 118
s 9042 43 26
s 9043 119 63
s 9044 805 410
s 9045 669 337
s 9046 776 375
s 9047 361 181
s 9048 448 240
s 9049 47 20
s 9050 106 54
s 9051 116 51
s 9052 33 19
s 9053 554 283
s 9054 98 51
s 9055 109 49
s 9056 326 145
s 9057 353 176
s 9058 159 83
s 9059 314 168
s 9060 166 87
s 9061 441 211
s 9062 140 79
s 9063 31 14
s 9064 803 423
s 9065 468 232
s 9066 110 47
s 9067 138 67
s 9068 300 153
s 9069 271 109
s 9070 163 70
s 9071 217 101
s 9072 279 139
s 9073 80 43
s 9074 166 73
s 9079 262 125
s 9080 79 36
s 9081 209 111
s 9083 403 173
s 9086 77 30
s 9088 306 148
s 9089 150 64
s 9091 157 81
s 9095 328 164
s 9096 230 110
s 9097 167 74
s 9098 84 40
s 9105 95 43
s 9115 34 12
s 9253 196 90
s 9254 34 14
s 9255 234 116
s 9256 273 130
s 9257 285 139
s 9258 363 183
s 9259 136 58
s 9260 450 203
s 9261 158 91
s 9262 142 60
s 9263 204 97
s 9264 364 182
s 9265 341 177
s 9266 174 93
s 9267 100 46
s 9268 42 25
s 9269 332 150
s 9270 540 277
s 9271 105 44
s 9272 123 66
s 9273 56 30
s 9274 66 32
s 9275 91 36
s 9276 185 96
s 9277 41 18
s 9278 295 152
s 9279 152 71
s 9280 266 122
s 9281 30 13
s 9282 8 6
s 9283 326 186
s 9284 362 186
s 9285 144 65
s 9286 224 128
s 9287 628 355
s 9288 138 66
s 9289 72 30
s 9290 422 207
s 9291 375 175
s 9292 250 155
s 9293 24 12
s 9294 42 27
s 9295 59 27
s 9296 80 37
s 9297 111 64
s 9298 46 21
s 9299 104 45
s 9300 693 364
s 9301 531 249
s 9302 712 367
s 9303 325 176
s 9304 414 215
s 9305 49 23
s 9306 117 49
s 9307 96 44
s 9308 33 16
s 9309 543 280
s 9310 83 44
s 9311 84 40
s 9312 171 87
s 9313 237 117
s 9314 109 49
s 9315 151 75
s 9316 154 81
s 9317 399 199
s 9318 91 49
s 9319 28 13
s 9320 449 269
s 9321 410 222
s 9322 143 75
s 9323 114 52
s 9324 189 90
s 9325 253 120
s 9326 158 84
s 9327 211 112
s 9328 244 130
s 9329 83 40
s 9330 158 68
s 9335 273 145
s 9336 86 35
s 9337 248 140
s 9339 425 206
s 9342 80 38
s 9344 293 156
s 9345 96 52
s 9347 157 78
s 9351 225 111
s 9352 202 94
s 9353 97 46
s 9354 70 38
s 9361 83 37
s 9371 41 17
s 9510 26 11
s 9511 114 58
s 9512 38 14
s 9513 118 62
s 9514 217 132
s 9515 85 36
s 9516 173 102
s 9517 35 16
s 9518 65 29
s 9519 113 59
s 9520 173 81
s 9521 205 104
s 9522 35 15
s 9523 22 9
s 9524 25 12
s 9525 106 44
s 9526 209 103
s 9527 68 33
s 9528 62 25
s 9529 10 4
s 9530 22 10
s 9531 49 23
s 9532 99 52
s 9533 24 11
s 9534 57 30
s 9535 63 35
s 9536 79 43
s 9537 10 5
s 9538 1 1
s 9539 151 73
s 9540 78 38
s 9541 79 41
s 9542 83 36
s 9543 166 96
s 9544 26 8
s 9545 40 20
s 9546 250 114
s 9547 100 52
s 9548 160 76
s 9549 18 7
s 9550 24 12
s 9551 18 8
s 9552 34 15
s 9553 64 33
s 9554 27 18
s 9555 37 21
s 9556 141 85
s 9557 134 66
s 9558 179 96
s 9559 58 35
s 9560 112 65
s 9561 17 6
s 9562 46 22
s 9563 29 6
s 9564 23 18
s 9565 197 102
s 9566 44 18
s 9567 25 11
s 9568 79 36
s 9569 114 60
s 9570 62 24
s 9571 79 42
s 9572 37 21
s 9573 101 46
s 9574 18 9
s 9575 8 3
s 9576 245 128
s 9577 119 58
s 9578 95 50
s 9579 50 33
s 9580 88 40
s 9581 103 43
s 9582 40 24
s 9583 36 16
s 9584 41 18
s 9585 58 33
s 9586 59 24
s 9591 50 20
s 9592 31 10
s 9593 44 20
s 9595 81 34
s 9598 57 25
s 9600 85 34
s 9601 51 21
s 9603 21 9
s 9607 125 69
s 9608 88 47
s 9609 50 26
s 9610 28 14
s 9617 31 16
s 9627 11 6
s 9767 32 12
s 9768 20 10
s 9769 18 8
s 9770 23 12
s 9771 19 8
s 9772 43 17
s 9773 9 5
s 9774 27 15
s 9775 15 7
s 9776 53 24
s 9777 31 15
s 9778 27 13
s 9779 10 3
s 9780 4 4
s 9781 40 21
s 9782 58 30
s 9783 6 4
s 9784 12 5
s 9785 6 1
s 9786 11 6
s 9787 12 6
s 9788 13 4
s 9789 9 6
s 9790 21 8
s 9791 21 11
s 9792 37 20
s 9793 3 0
s 9794 3 1
s 9795 22 9
s 9796 31 13
s 9797 6 2
s 9798 24 12
s 9799 58 21
s 9800 12 5
s 9801 14 5
s 9802 53 27
s 9803 39 16
s 9804 38 20
s 9805 1 0
s 9806 2 1
s 9807 12 2
s 9808 12 6
s 9809 5 2
s 9810 10 5
s 9811 12 7
s 9812 44 20
s 9813 51 23
s 9814 78 39
s 9815 29 12
s 9816 23 8
s 9817 10 7
s 9818 24 5
s 9819 11 5
s 9820 6 5
s 9821 57 30
s 9822 6 4
s 9823 5 2
s 9824 4 1
s 9825 24 12
s 9826 8 4
s 9827 7 5
s 9828 20 13
s 9829 35 18
s 9830 10 7
s 9831 8 5
s 9832 24 12
s 9833 76 33
s 9834 22 11
s 9835 12 5
s 9836 7 3
s 9837 34 9
s 9838 15 9
s 9839 21 11
s 9840 22 11
s 9841 14 7
s 9842 19 7
s 9847 22 9
s 9848 5 3
s 9849 36 21
s 9851 50 14
s 9854 12 1
s 9856 37 14
s 9857 3 2
s 9859 30 12
s 9863 6 2
s 9864 27 14
s 9865 11 7
s 9866 6 2
s 9873 11 3
s 9883 2 1
s 10024 143 69
s 10025 169 76
s 10026 306 165
s 10027 58 25
s 10028 262 134
s 10029 66 30
s 10030 70 26
s 10031 114 57
s 10032 232 111
s 10033 235 118
s 10034 78 37
s 10035 53 25
s 10036 14 5
s 10037 182 68
s 10038 380 175
s 10039 104 45
s 10040 80 37
s 10041 40 12
s 10042 35 19
s 10043 40 15
s 10044 170 95
s 10045 12 5
s 10046 166 86
s 10047 94 38
s 10048 163 72
s 10049 14 7
s 10050 9 2
s 10051 235 110
s 10052 201 91
s 10053 132 60
s 10054 104 50
s 10055 360 177
s 10056 77 31
s 10057 49 26
s 10058 141 62
s 10059 213 109
s 10060 76 37
s 10061 24 15
s 10062 48 28
s 10063 24 9
s 10064 40 12
s 10065 89 41
s 10066 14 7
s 10067 67 32
s 10068 383 177
s 10069 328 141
s 10070 442 211
s 10071 203 78
s 10072 215 114
s 10073 26 13
s 10074 59 30
s 10075 54 26
s 10076 19 11
s 10077 270 126
s 10078 45 26
s 10079 39 15
s 10080 154 67
s 10081 168 81
s 10082 105 55
s 10083 129 49
s 10084 97 42
s 10085 238 106
s 10086 51 26
s 10087 17 8
s 10088 326 179
s 10089 239 118
s 10090 33 9
s 10091 55 25
s 10092 170 71
s 10093 145 63
s 10094 72 32
s 10095 117 45
s 10096 131 57
s 10097 20 9
s 10098 68 26
s 10103 194 87
s 10104 26 10
s 10105 103 48
s 10107 231 92
s 10110 30 7
s 10112 175 70
s 10113 78 31
s 10115 86 42
s 10119 188 95
s 10120 92 33
s 10121 84 30
s 10122 44 23
s 10129 59 22
s 10139 27 10
s 10281 141 71
s 10282 230 132
s 10283 95 39
s 10284 192 93
s 10285 38 18
s 10286 65 34
s 10287 208 96
s 10288 188 94
s 10289 220 117
s 10290 51 23
s 10291 27 15
s 10292 30 13
s 10293 134 63
s 10294 243 119
s 10295 54 28
s 10296 77 40
s 10297 24 14
s 10298 27 15
s 10299 67 34
s 10300 113 60
s 10301 23 12
s 10302 58 31
s 10303 54 25
s 10304 85 37
s 10305 11 4
s 10306 2 1
s 10307 157 97
s 10308 86 50
s 10309 88 35
s 10310 90 41
s 10311 176 86
s 10312 34 17
s 10313 23 10
s 10314 234 128
s 10315 106 51
s 10316 206 111
s 10317 21 12
s 10318 24 11
s 10319 19 12
s 10320 42 19
s 10321 75 45
s 10322 30 22
s 10323 22 11
s 10324 199 96
s 10325 174 87
s 10326 173 84
s 10327 75 35
s 10328 140 75
s 10329 14 8
s 10330 52 20
s 10331 34 18
s 10332 19 8
s 10333 237 120
s 10334 54 24
s 10335 37 19
s 10336 100 51
s 10337 138 83
s 10338 57 22
s 10339 87 34
s 10340 40 21
s 10341 118 54
s 10342 29 15
s 10343 13 8
s 10344 258 156
s 10345 111 49
s 10346 117 50
s 10347 51 26
s 10348 115 58
s 10349 133 50
s 10350 41 22
s 10351 55 29
s 10352 61 33
s 10353 62 30
s 10354 66 30
s 10359 64 33
s 10360 51 21
s 10361 67 33
s 10363 97 39
s 10366 46 28
s 10368 93 44
s 10369 37 18
s 10371 33 15
s 10375 108 46
s 10376 78 31
s 10377 51 24
s 10378 31 10
s 10385 48 21
s 10395 9 2
s 10538 167 99
s 10539 109 55
s 10540 42 20
s 10541 55 26
s 10542 30 16
s 10543 136 71
s 10544 28 8
s 10545 197 112
s 10546 64 31
s 10547 34 20
s 10548 29 15
s 10549 125 46
s 10550 36 18
s 10551 82 37
s 10552 59 31
s 10553 29 16
s 10554 36 21
s 10555 61 22
s 10556 120 47
s 10557 25 7
s 10558 127 67
s 10559 48 23
s 10560 152 70
s 10561 7 1
s 10562 5 3
s 10563 20 9
s 10564 202 89
s 10565 95 48
s 10566 22 9
s 10567 252 125
s 10568 54 29
s 10569 38 15
s 10570 472 240
s 10571 187 85
s 10572 208 113
s 10573 25 11
s 10574 43 18
s 10575 36 16
s 10576 13 7
s 10577 62 29
s 10578 11 6
s 10579 46 17
s 10580 298 137
s 10581 234 116
s 10582 347 183
s 10583 155 78
s 10584 196 100
s 10585 3 1
s 10586 75 41
s 10587 41 21
s 10588 14 3
s 10589 50 25
s 10590 22 12
s 10591 13 3
s 10592 106 50
s 10593 146 74
s 10594 70 36
s 10595 105 51
s 10596 54 30
s 10597 238 104
s 10598 42 17
s 10599 11 6
s 10600 271 128
s 10601 178 89
s 10602 100 44
s 10603 45 19
s 10604 127 58
s 10605 12 8
s 10606 91 44
s 10607 93 47
s 10608 90 46
s 10609 57 36
s 10610 50 22
s 10615 144 70
s 10616 38 17
s 10617 88 48
s 10619 167 77
s 10622 49 21
s 10624 215 102
s 10625 49 33
s 10627 76 34
s 10631 141 76
s 10632 98 48
s 10633 62 31
s 10634 13 6
s 10641 30 11
s 10651 27 13
s 10795 145 73
s 10796 321 167
s 10797 147 79
s 10798 115 44
s 10799 205 103
s 10800 310 189
s 10801 222 130
s 10802 131 74
s 10803 75 45
s 10804 58 39
s 10805 270 125
s 10806 313 166
s 10807 49 20
s 10808 124 75
s 10809 42 28
s 10810 76 35
s 10811 86 48
s 10812 80 36
s 10813 65 38
s 10814 233 142
s 10815 107 59
s 10816 250 133
s 10817 17 9
s 10818 7 3
s 10819 239 142
s 10820 312 186
s 10821 64 31
s 10822 134 73
s 10823 460 265
s 10824 122 69
s 10825 64 32
s 10826 549 320
s 10827 382 210
s 10828 426 240
s 10829 15 6
s 10830 22 10
s 10831 57 24
s 10832 69 32
s 10833 54 31
s 10834 42 26
s 10835 66 35
s 10836 503 271
s 10837 408 213
s 10838 642 358
s 10839 290 175
s 10840 386 236
s 10841 30 19
s 10842 130 65
s 10843 99 54
s 10844 46 28
s 10845 379 206
s 10846 76 29
s 10847 60 36
s 10848 59 32
s 10849 185 108
s 10850 45 22
s 10851 59 23
s 10852 98 45
s 10853 388 214
s 10854 63 38
s 10855 23 13
s 10856 211 130
s 10857 326 181
s 10858 237 123
s 10859 99 66
s 10860 74 43
s 10861 181 84
s 10862 126 75
s 10863 175 91
s 10864 219 114
s 10865 126 79
s 10866 107 52
s 10871 254 146
s 10872 51 28
s 10873 165 94
s 10875 346 171
s 10878 111 65
s 10880 264 141
s 10881 31 10
s 10883 133 79
s 10887 92 52
s 10888 179 93
s 10889 46 24
s 10890 60 37
s 10897 102 53
s 10907 25 7
s 11052 157 76
s 11053 46 21
s 11054 56 22
s 11055 65 31
s 11056 174 80
s 11057 132 71
s 11058 65 35
s 11059 41 23
s 11060 14 8
s 11061 134 52
s 11062 230 107
s 11063 24 10
s 11064 54 25
s 11065 14 8
s 11066 25 13
s 11067 31 15
s 11068 61 26
s 11069 17 10
s 11070 100 59
s 11071 43 18
s 11072 100 46
s 11073 7 3
s 11074 4 0
s 11075 144 67
s 11076 107 57
s 11077 54 26
s 11078 77 38
s 11079 227 120
s 11080 33 12
s 11081 31 20
s 11082 160 72
s 11083 124 56
s 11084 87 47
s 11085 8 5
s 11086 22 12
s 11087 21 7
s 11088 45 22
s 11089 41 21
s 11090 14 7
s 11091 48 19
s 11092 218 105
s 11093 210 102
s 11094 273 134
s 11095 101 56
s 11096 172 92
s 11097 12 7
s 11098 49 27
s 11099 45 24
s 11100 10 7
s 11101 198 90
s 11102 25 14
s 11103 21 9
s 11104 54 20
s 11105 105 54
s 11106 27 16
s 11107 59 31
s 11108 52 24
s 11109 154 75
s 11110 34 19
s 11111 11 4
s 11112 213 114
s 11113 141 57
s 11114 48 18
s 11115 40 23
s 11116 75 40
s 11117 94 39
s 11118 49 25
s 11119 66 31
s 11120 101 49
s 11121 26 12
s 11122 41 22
s 11127 80 33
s 11128 28 13
s 11129 80 37
s 11131 127 55
s 11134 31 19
s 11136 97 50
s 11137 31 20
s 11139 64 35
s 11143 75 39
s 11144 99 49
s 11145 52 24
s 11146 33 15
s 11153 39 16
s 11163 11 6
s 11309 102 48
s 11310 32 15
s 11311 212 105
s 11312 58 31
s 11313 317 161
s 11314 154 83
s 11315 54 28
s 11316 43 19
s 11317 176 80
s 11318 73 35
s 11319 95 36
s 11320 76 37
s 11321 52 24
s 11322 76 33
s 11323 99 38
s 11324 208 111
s 11325 57 28
s 11326 196 94
s 11327 75 36
s 11328 216 108
s 11329 25 10
s 11330 10 6
s 11331 46 23
s 11332 276 160
s 11333 160 72
s 11334 30 10
s 11335 458 238
s 11336 70 40
s 11337 52 30
s 11338 479 253
s 11339 325 164
s 11340 330 182
s 11341 42 18
s 11342 60 40
s 11343 48 24
s 11344 41 18
s 11345 112 63
s 11346 35 20
s 11347 88 46
s 11348 526 265
s 11349 442 221
s 11350 622 336
s 11351 257 128
s 11352 306 166
s 11353 8 4
s 11354 128 55
s 11355 58 29
s 11356 43 27
s 11357 114 56
s 11358 29 15
s 11359 23 16
s 11360 164 96
s 11361 305 176
s 11362 111 49
s 11363 196 105
s 11364 102 50
s 11365 328 164
s 11366 79 38
s 11367 21 9
s 11368 479 257
s 11369 377 199
s 11370 170 93
s 11371 105 59
s 11372 173 84
s 11373 40 20
s 11374 129 74
s 11375 160 71
s 11376 159 84
s 11377 113 64
s 11378 70 30
s 11383 203 101
s 11384 69 36
s 11385 165 89
s 11387 294 141
s 11390 115 58
s 11392 243 126
s 11393 95 48
s 11395 124 71
s 11399 249 156
s 11400 179 87
s 11401 106 47
s 11402 31 17
s 11409 55 28
s 11419 36 19
s 11566 36 9
s 11567 59 27
s 11568 93 45
s 11569 125 71
s 11570 28 18
s 11571 18 7
s 11572 11 6
s 11573 72 29
s 11574 150 72
s 11575 35 17
s 11576 46 22
s 11577 8 7
s 11578 25 8
s 11579 38 12
s 11580 58 31
s 11581 21 10
s 11582 39 23
s 11583 29 10
s 11584 60 24
s 11585 5 3
s 11586 1 1
s 11587 91 49
s 11588 51 29
s 11589 56 24
s 11590 63 25
s 11591 110 59
s 11592 22 12
s 11593 16 8
s 11594 118 63
s 11595 53 21
s 11596 107 60
s 11597 10 5
s 11598 22 11
s 11599 27 5
s 11600 23 11
s 11601 46 24
s 11602 20 15
s 11603 24 10
s 11604 137 69
s 11605 98 55
s 11606 120 63
s 11607 57 28
s 11608 78 44
s 11609 12 5
s 11610 40 21
s 11611 19 8
s 11612 16 10
s 11613 119 57
s 11614 23 12
s 11615 23 12
s 11616 53 27
s 11617 85 47
s 11618 37 17
s 11619 49 27
s 11620 24 15
s 11621 60 27
s 11622 12 7
s 11623 5 2
s 11624 173 85
s 11625 64 35
s 11626 66 36
s 11627 30 19
s 11628 64 36
s 11629 78 31
s 11630 34 21
s 11631 25 7
s 11632 38 21
s 11633 37 22
s 11634 50 19
s 11639 38 15
s 11640 25 6
s 11641 40 22
s 11643 49 25
s 11646 42 18
s 11648 51 29
s 11649 28 17
s 11651 31 15
s 11655 84 33
s 11656 43 16
s 11657 32 16
s 11658 24 13
s 11665 37 15
s 11675 8 4
s 11823 64 29
s 11824 46 18
s 11825 118 63
s 11826 56 23
s 11827 23 8
s 11828 19 13
s 11829 78 31
s 11830 62 31
s 11831 49 32
s 11832 20 7
s 11833 21 10
s 11834 30 12
s 11835 40 18
s 11836 83 36
s 11837 17 9
s 11838 84 35
s 11839 40 13
s 11840 75 34
s 11841 8 2
s 11842 7 2
s 11843 33 15
s 11844 89 39
s 11845 55 21
s 11846 26 9
s 11847 147 75
s 11848 26 11
s 11849 9 1
s 11850 184 94
s 11851 101 48
s 11852 68 25
s 11853 19 7
s 11854 30 14
s 11855 21 8
s 11856 14 5
s 11857 33 19
s 11858 25 13
s 11859 35 12
s 11860 166 67
s 11861 164 75
s 11862 213 97
s 11863 83 38
s 11864 97 50
s 11865 13 4
s 11866 56 24
s 11867 35 13
s 11868 18 6
s 11869 64 31
s 11870 6 3
s 11871 8 4
s 11872 64 32
s 11873 106 46
s 11874 41 14
s 11875 48 26
s 11876 50 21
s 11877 106 56
s 11878 26 7
s 11879 9 3
s 11880 163 76
s 11881 146 78
s 11882 71 33
s 11883 40 22
s 11884 44 24
s 11885 37 14
s 11886 46 22
s 11887 63 25
s 11888 81 31
s 11889 38 18
s 11890 37 15
s 11895 83 34
s 11896 32 11
s 11897 75 37
s 11899 129 54
s 11902 34 16
s 11904 101 49
s 11905 32 11
s 11907 53 21
s 11911 109 55
s 11912 71 20
s 11913 53 23
s 11914 7 3
s 11921 23 9
s 11931 11 5
s 12080 166 79
s 12081 161 94
s 12082 79 34
s 12083 48 28
s 12084 24 14
s 12085 147 58
s 12086 276 151
s 12087 57 24
s 12088 72 24
s 12089 35 20
s 12090 41 19
s 12091 50 24
s 12092 88 45
s 12093 21 14
s 12094 112 55
s 12095 74 37
s 12096 130 47
s 12097 14 4
s 12098 6 2
s 12099 199 112
s 12100 161 72
s 12101 86 36
s 12102 91 44
s 12103 277 145
s 12104 64 29
s 12105 46 28
s 12106 184 98
s 12107 179 94
s 12108 133 67
s 12109 9 3
s 12110 18 6
s 12111 20 10
s 12112 32 12
s 12113 70 35
s 12114 22 15
s 12115 47 22
s 12116 315 171
s 12117 266 131
s 12118 295 152
s 12119 159 81
s 12120 203 104
s 12121 14 7
s 12122 65 32
s 12123 44 22
s 12124 10 7
s 12125 266 121
s 12126 40 21
s 12127 44 20
s 12128 70 37
s 12129 115 64
s 12130 46 22
s 12131 67 39
s 12132 59 27
s 12133 190 104
s 12134 49 27
s 12135 14 8
s 12136 206 114
s 12137 177 96
s 12138 70 34
s 12139 55 25
s 12140 97 46
s 12141 103 33
s 12142 51 30
s 12143 76 41
s 12144 105 58
s 12145 31 17
s 12146 68 36
s 12151 114 48
s 12152 33 15
s 12153 86 47
s 12155 171 69
s 12158 37 15
s 12160 131 67
s 12161 52 26
s 12163 58 28
s 12167 119 69
s 12168 104 56
s 12169 45 27
s 12170 33 12
s 12177 43 21
s 12187 15 8
s 12337 392 215
s 12338 155 85
s 12339 80 43
s 12340 49 31
s 12341 203 96
s 12342 58 23
s 12343 146 72
s 12344 62 37
s 12345 66 37
s 12346 50 27
s 12347 104 56
s 12348 259 149
s 12349 89 52
s 12350 221 119
s 12351 90 37
s 12352 220 96
s 12353 17 7
s 12354 13 4
s 12355 43 14
s 12356 256 145
s 12357 139 55
s 12358 24 10
s 12359 529 284
s 12360 66 34
s 12361 50 26
s 12362 584 285
s 12363 286 132
s 12364 383 196
s 12365 40 21
s 12366 58 26
s 12367 59 22
s 12368 44 19
s 12369 89 52
s 12370 66 35
s 12371 106 48
s 12372 466 225
s 12373 485 231
s 12374 628 314
s 12375 231 105
s 12376 339 187
s 12377 12 6
s 12378 172 84
s 12379 135 65
s 12380 44 26
s 12381 110 54
s 12382 15 4
s 12383 20 10
s 12384 141 58
s 12385 313 155
s 12386 135 56
s 12387 155 75
s 12388 134 68
s 12389 356 175
s 12390 67 38
s 12391 27 14
s 12392 480 258
s 12393 443 247
s 12394 193 95
s 12395 137 74
s 12396 175 80
s 12397 25 12
s 12398 163 85
s 12399 191 104
s 12400 191 96
s 12401 172 99
s 12402 78 31
s 12407 193 85
s 12408 85 41
s 12409 173 94
s 12411 358 174
s 12414 130 59
s 12416 265 134
s 12417 103 52
s 12419 167 77
s 12423 306 168
s 12424 237 120
s 12425 148 73
s 12426 20 7
s 12433 66 36
s 12443 44 21
s 12594 151 78
s 12595 73 33
s 12596 60 34
s 12597 250 104
s 12598 440 233
s 12599 91 56
s 12600 114 65
s 12601 56 24
s 12602 67 33
s 12603 71 28
s 12604 114 62
s 12605 44 19
s 12606 247 138
s 12607 132 69
s 12608 242 131
s 12609 18 12
s 12610 13 8
s 12611 305 171
s 12612 320 181
s 12613 83 45
s 12614 184 85
s 12615 453 232
s 12616 120 54
s 12617 61 26
s 12618 426 217
s 12619 307 158
s 12620 322 170
s 12621 28 16
s 12622 27 18
s 12623 55 29
s 12624 91 46
s 12625 64 40
s 12626 33 23
s 12627 95 42
s 12628 485 242
s 12629 431 228
s 12630 686 358
s 12631 295 149
s 12632 349 203
s 12633 25 15
s 12634 118 71
s 12635 106 61
s 12636 28 20
s 12637 380 203
s 12638 69 41
s 12639 68 45
s 12640 90 54
s 12641 210 115
s 12642 52 26
s 12643 79 37
s 12644 118 60
s 12645 341 182
s 12646 70 39
s 12647 20 10
s 12648 219 120
s 12649 410 226
s 12650 147 75
s 12651 89 52
s 12652 101 51
s 12653 210 96
s 12654 141 84
s 12655 177 101
s 12656 216 125
s 12657 82 39
s 12658 119 60
s 12663 235 113
s 12664 68 28
s 12665 205 116
s 12667 367 190
s 12670 100 43
s 12672 248 138
s 12673 35 20
s 12675 145 69
s 12679 126 67
s 12680 157 71
s 12681 69 39
s 12682 93 37
s 12689 92 49
s 12699 48 24
s 12851 19 5
s 12852 30 20
s 12853 105 42
s 12854 184 105
s 12855 45 20
s 12856 36 17
s 12857 16 7
s 12858 11 5
s 12859 45 21
s 12860 87 41
s 12861 33 18
s 12862 65 33
s 12863 35 11
s 12864 43 20
s 12865 6 4
s 12866 4 2
s 12867 121 65
s 12868 47 30
s 12869 53 26
s 12870 76 46
s 12871 140 81
s 12872 17 9
s 12873 23 10
s 12874 209 115
s 12875 63 40
s 12876 162 89
s 12877 19 10
s 12878 31 17
s 12879 5 1
s 12880 41 19
s 12881 45 28
s 12882 34 23
s 12883 19 9
s 12884 100 48
s 12885 106 53
s 12886 183 94
s 12887 45 20
s 12888 105 66
s 12889 18 13
s 12890 57 27
s 12891 30 17
s 12892 16 7
s 12893 120 60
s 12894 28 14
s 12895 17 10
s 12896 70 30
s 12897 89 48
s 12898 60 28
s 12899 77 40
s 12900 30 16
s 12901 83 41
s 12902 17 10
s 12903 7 5
s 12904 211 122
s 12905 94 54
s 12906 76 34
s 12907 42 28
s 12908 47 26
s 12909 94 43
s 12910 33 17
s 12911 23 6
s 12912 29 18
s 12913 76 44
s 12914 51 25
s 12919 50 24
s 12920 36 20
s 12921 39 25
s 12923 84 37
s 12926 46 25
s 12928 81 48
s 12929 30 16
s 12931 29 11
s 12935 127 55
s 12936 88 46
s 12937 47 21
s 12938 20 11
s 12945 53 21
s 12955 13 7
s 13108 10 5
s 13109 59 27
s 13110 98 42
s 13111 25 12
s 13112 23 8
s 13113 10 4
s 13114 9 4
s 13115 14 6
s 13116 25 9
s 13117 10 5
s 13118 22 13
s 13119 31 14
s 13120 19 9
s 13121 3 2
s 13123 47 26
s 13124 43 21
s 13125 35 17
s 13126 34 13
s 13127 35 22
s 13128 13 9
s 13129 14 7
s 13130 83 42
s 13131 49 28
s 13132 64 29
s 13133 4 2
s 13134 11 6
s 13135 9 3
s 13136 14 6
s 13137 15 5
s 13138 3 3
s 13139 12 5
s 13140 57 27
s 13141 50 21
s 13142 92 45
s 13143 30 11
s 13144 46 25
s 13145 4 3
s 13146 18 9
s 13147 13 6
s 13148 7 3
s 13149 71 36
s 13150 14 8
s 13151 7 3
s 13152 37 21
s 13153 46 21
s 13154 19 11
s 13155 27 14
s 13156 11 6
s 13157 48 22
s 13158 6 3
s 13159 3 1
s 13160 81 41
s 13161 46 29
s 13162 40 19
s 13163 20 14
s 13164 43 19
s 13165 38 16
s 13166 16 11
s 13167 19 11
s 13168 19 8
s 13169 19 8
s 13170 24 13
s 13175 35 15
s 13176 19 11
s 13177 15 6
s 13179 30 13
s 13182 30 10
s 13184 49 26
s 13185 16 8
s 13187 21 13
s 13191 40 23
s 13192 32 15
s 13193 20 11
s 13194 16 8
s 13201 17 9
s 13211 4 1
s 13365 21 14
s 13366 60 40
s 13367 19 14
s 13368 7 1
s 13369 7 3
s 13370 11 9
s 13371 9 6
s 13372 32 15
s 13373 6 2
s 13374 39 19
s 13375 12 5
s 13376 22 13
s 13378 2 1
s 13379 33 15
s 13380 31 15
s 13381 21 9
s 13382 22 10
s 13383 66 39
s 13384 9 5
s 13385 7 1
s 13386 39 23
s 13387 44 26
s 13388 21 16
s 13389 5 3
s 13390 10 6
s 13391 4 2
s 13392 6 4
s 13393 15 8
s 13394 6 6
s 13395 16 8
s 13396 57 34
s 13397 55 32
s 13398 80 42
s 13399 28 15
s 13400 42 26
s 13401 5 4
s 13402 11 6
s 13403 136 89
s 13404 6 4
s 13405 61 24
s 13406 10 7
s 13407 5 1
s 13408 17 12
s 13409 31 18
s 13410 21 7
s 13411 24 14
s 13412 10 3
s 13413 27 11
s 13414 6 3
s 13415 4 2
s 13416 63 38
s 13417 54 34
s 13418 5 1
s 13419 19 10
s 13420 22 12
s 13421 22 10
s 13422 19 8
s 13423 21 13
s 13424 29 17
s 13425 7 5
s 13426 13 7
s 13431 32 16
s 13432 7 2
s 13433 15 8
s 13435 41 21
s 13438 6 3
s 13440 26 11
s 13441 13 10
s 13443 17 9
s 13447 41 28
s 13448 17 11
s 13449 17 9
s 13450 6 0
s 13457 10 5
s 13467 8 6
s 13622 276 121
s 13623 95 33
s 13624 61 23
s 13625 39 17
s 13626 54 24
s 13627 80 30
s 13628 170 86
s 13629 35 13
s 13630 126 59
s 13631 67 27
s 13632 154 73
s 13633 16 3
s 13634 9 3
s 13635 192 91
s 13636 180 79
s 13637 140 59
s 13638 92 43
s 13639 347 140
s 13640 64 31
s 13641 50 19
s 13642 316 132
s 13643 194 76
s 13644 234 98
s 13645 30 12
s 13646 35 18
s 13647 38 24
s 13648 46 18
s 13649 99 42
s 13650 41 21
s 13651 52 18
s 13652 385 171
s 13653 296 128
s 13654 402 183
s 13655 163 68
s 13656 243 106
s 13657 19 12
s 13658 72 30
s 13659 54 23
s 13660 22 11
s 13661 242 102
s 13662 44 12
s 13663 51 21
s 13664 136 51
s 13665 201 80
s 13666 99 42
s 13667 144 52
s 13668 93 42
s 13669 204 89
s 13670 67 30
s 13671 14 6
s 13672 333 147
s 13673 219 92
s 13674 143 62
s 13675 84 35
s 13676 168 67
s 13677 132 53
s 13678 83 42
s 13679 101 44
s 13680 140 53
s 13681 88 40
s 13682 73 28
s 13687 154 68
s 13688 67 38
s 13689 82 35
s 13691 208 78
s 13694 70 27
s 13696 151 67
s 13697 58 26
s 13699 75 33
s 13703 180 91
s 13704 104 45
s 13705 87 28
s 13706 45 21
s 13713 55 22
s 13723 26 10
s 13879 186 89
s 13880 88 41
s 13881 65 36
s 13882 81 46
s 13883 128 63
s 13884 297 169
s 13885 53 27
s 13886 272 164
s 13887 100 46
s 13888 282 137
s 13889 20 10
s 13890 12 4
s 13891 33 17
s 13892 337 194
s 13893 194 105
s 13894 36 16
s 13895 672 355
s 13896 98 45
s 13897 54 30
s 13898 631 340
s 13899 437 223
s 13900 497 287
s 13901 48 23
s 13902 77 37
s 13903 60 24
s 13904 51 22
s 13905 110 58
s 13906 52 32
s 13907 108 46
s 13908 562 294
s 13909 515 256
s 13910 843 468
s 13911 310 161
s 13912 466 272
s 13913 10 5
s 13914 170 94
s 13915 124 65
s 13916 58 24
s 13917 170 77
s 13918 21 9
s 13919 23 9
s 13920 205 105
s 13921 358 185
s 13922 139 68
s 13923 168 93
s 13924 134 64
s 13925 458 249
s 13926 79 40
s 13927 22 10
s 13928 587 344
s 13929 448 241
s 13930 259 130
s 13931 175 90
s 13932 231 119
s 13933 27 9
s 13934 163 98
s 13935 201 107
s 13936 276 146
s 13937 156 83
s 13938 85 46
s 13943 270 131
s 13944 119 57
s 13945 254 140
s 13947 473 241
s 13950 134 82
s 13952 359 187
s 13953 104 57
s 13955 176 81
s 13959 314 167
s 13960 238 123
s 13961 154 81
s 13962 33 15
s 13969 66 29
s 13979 43 19
s 14136 55 33
s 14137 12 5
s 14138 26 13
s 14139 35 17
s 14140 13 7
s 14141 12 9
s 14142 167 107
s 14143 36 18
s 14144 72 34
s 14145 2 1
s 14146 4 1
s 14147 89 41
s 14148 79 35
s 14149 11 5
s 14150 60 29
s 14151 234 115
s 14152 32 18
s 14153 27 14
s 14154 204 102
s 14155 108 60
s 14156 166 81
s 14157 8 5
s 14158 2 1
s 14159 21 8
s 14160 30 19
s 14161 18 6
s 14162 14 7
s 14163 32 14
s 14164 112 61
s 14165 106 43
s 14166 224 130
s 14167 83 46
s 14168 168 97
s 14169 8 5
s 14170 49 20
s 14171 38 19
s 14172 5 2
s 14173 147 80
s 14174 24 15
s 14175 18 10
s 14176 12 7
s 14177 74 33
s 14178 16 5
s 14179 11 3
s 14180 49 24
s 14181 133 74
s 14182 23 14
s 14183 5 4
s 14184 39 22
s 14185 127 77
s 14186 99 53
s 14187 47 21
s 14188 18 8
s 14189 87 42
s 14190 44 22
s 14191 64 26
s 14192 79 45
s 14193 41 29
s 14194 55 26
s 14199 82 47
s 14200 22 10
s 14201 76 40
s 14203 106 42
s 14206 36 23
s 14208 93 42
s 14209 5 3
s 14211 56 29
s 14215 18 10
s 14216 69 36
s 14217 12 7
s 14218 29 14
s 14225 28 14
s 14235 10 8
s 14393 25 9
s 14394 23 9
s 14395 26 13
s 14396 77 43
s 14397 20 14
s 14398 43 19
s 14399 42 15
s 14400 66 33
s 14401 9 6
s 14402 6 2
s 14403 71 35
s 14404 80 38
s 14405 57 23
s 14406 23 7
s 14407 158 77
s 14408 24 13
s 14409 20 7
s 14410 138 67
s 14411 103 47
s 14412 63 42
s 14413 15 11
s 14414 25 13
s 14415 12 5
s 14416 21 8
s 14417 47 23
s 14418 14 8
s 14419 30 13
s 14420 171 87
s 14421 127 69
s 14422 179 87
s 14423 81 49
s 14424 109 64
s 14425 6 3
s 14426 32 15
s 14427 26 13
s 14428 8 3
s 14429 69 34
s 14430 16 5
s 14431 16 8
s 14432 67 28
s 14433 73 31
s 14434 32 14
s 14435 60 29
s 14436 41 21
s 14437 93 52
s 14438 29 18
s 14439 6 2
s 14440 174 96
s 14441 98 47
s 14442 38 20
s 14443 33 17
s 14444 69 35
s 14445 35 17
s 14446 33 18
s 14447 49 26
s 14448 71 33
s 14449 26 18
s 14450 31 15
s 14455 68 29
s 14456 26 6
s 14457 47 20
s 14459 108 56
s 14462 21 12
s 14464 72 40
s 14465 37 21
s 14467 48 25
s 14471 74 35
s 14472 57 21
s 14473 32 14
s 14474 14 7
s 14481 21 9
s 14491 16 6
s 14650 8 3
s 14651 14 4
s 14652 21 13
s 14653 9 5
s 14654 28 14
s 14655 6 3
s 14656 27 14
s 14657 6 2
s 14658 3 1
s 14659 40 19
s 14660 26 17
s 14661 17 10
s 14662 24 10
s 14663 56 29
s 14664 12 10
s 14665 15 7
s 14666 85 46
s 14667 24 14
s 14668 54 34
s 14669 3 2
s 14670 7 7
s 14671 2 2
s 14672 13 7
s 14673 10 5
s 14674 7 7
s 14675 6 3
s 14676 59 29
s 14677 47 26
s 14678 90 48
s 14679 22 11
s 14680 43 25
s 14681 5 3
s 14682 23 14
s 14683 11 5
s 14684 6 2
s 14685 56 30
s 14686 11 6
s 14687 10 7
s 14688 18 8
s 14689 24 13
s 14690 11 4
s 14691 18 11
s 14692 15 8
s 14693 31 16
s 14694 13 7
s 14695 2 2
s 14696 56 33
s 14697 41 21
s 14698 30 16
s 14699 10 3
s 14700 18 8
s 14701 40 22
s 14702 18 12
s 14703 20 9
s 14704 23 14
s 14705 17 8
s 14706 20 11
s 14711 18 9
s 14712 12 6
s 14713 12 6
s 14715 43 15
s 14718 11 5
s 14720 32 21
s 14721 7 4
s 14723 20 12
s 14727 23 15
s 14728 26 13
s 14729 18 9
s 14730 8 2
s 14737 20 7
s 14747 5 3
s 14907 23 7
s 14908 39 17
s 14909 13 4
s 14910 34 17
s 14911 29 11
s 14912 19 9
s 14913 3 1
s 14914 1 1
s 14915 63 31
s 14916 38 21
s 14917 26 12
s 14918 36 9
s 14919 80 39
s 14920 12 8
s 14921 15 3
s 14922 72 32
s 14923 38 16
s 14924 77 38
s 14925 8 5
s 14926 9 4
s 14927 21 3
s 14928 15 9
s 14929 23 6
s 14930 7 5
s 14931 10 5
s 14932 74 33
s 14933 41 24
s 14934 68 38
s 14935 37 18
s 14936 49 25
s 14937 3 0
s 14938 23 9
s 14939 19 7
s 14940 7 5
s 14941 55 26
s 14942 14 6
s 14943 13 6
s 14944 30 15
s 14945 46 22
s 14946 22 6
s 14947 28 14
s 14948 21 7
s 14949 36 18
s 14950 11 8
s 14951 4 2
s 14952 68 36
s 14953 42 21
s 14954 38 21
s 14955 17 8
s 14956 36 13
s 14957 46 27
s 14958 19 12
s 14959 18 5
s 14960 23 8
s 14961 25 12
s 14962 30 13
s 14967 22 12
s 14968 19 7
s 14969 17 7
s 14971 38 19
s 14974 25 11
s 14976 43 20
s 14977 17 11
s 14979 13 5
s 14983 41 21
s 14984 27 9
s 14985 15 7
s 14986 11 5
s 14993 16 6
s 15003 6 2
s 15164 40 19
s 15165 9 4
s 15166 54 24
s 15167 34 11
s 15168 61 24
s 15169 5 2
s 15171 69 30
s 15172 70 34
s 15173 32 16
s 15174 50 15
s 15175 121 56
s 15176 25 6
s 15177 16 5
s 15178 84 36
s 15179 78 27
s 15180 47 22
s 15181 9 3
s 15182 9 2
s 15183 15 6
s 15184 26 11
s 15185 25 15
s 15186 11 8
s 15187 25 11
s 15188 165 70
s 15189 115 45
s 15190 147 65
s 15191 75 29
s 15192 94 41
s 15193 12 7
s 15194 24 10
s 15195 32 16
s 15196 9 6
s 15197 115 50
s 15198 18 9
s 15199 23 13
s 15200 38 20
s 15201 48 17
s 15202 34 10
s 15203 42 20
s 15204 27 12
s 15205 75 33
s 15206 27 8
s 15207 9 6
s 15208 92 43
s 15209 97 49
s 15210 28 9
s 15211 22 13
s 15212 36 14
s 15213 49 19
s 15214 30 14
s 15215 52 23
s 15216 38 19
s 15217 24 12
s 15218 38 14
s 15223 45 19
s 15224 11 3
s 15225 32 15
s 15227 100 40
s 15230 14 6
s 15232 52 22
s 15233 19 10
s 15235 39 21
s 15239 51 28
s 15240 46 19
s 15241 33 15
s 15242 15 4
s 15249 25 15
s 15259 13 5
s 15421 40 17
s 15422 131 76
s 15423 69 35
s 15424 130 67
s 15425 7 2
s 15426 2 1
s 15427 165 93
s 15428 168 85
s 15429 15 9
s 15430 87 37
s 15431 233 134
s 15432 47 24
s 15433 35 17
s 15434 332 180
s 15435 182 87
s 15436 240 135
s 15437 6 4
s 15438 8 5
s 15439 29 20
s 15440 58 25
s 15441 26 14
s 15442 24 14
s 15443 59 29
s 15444 244 119
s 15445 200 101
s 15446 388 206
s 15447 146 72
s 15448 183 100
s 15449 16 10
s 15450 102 58
s 15451 88 44
s 15452 24 13
s 15453 231 124
s 15454 39 18
s 15455 27 19
s 15456 11 1
s 15457 90 50
s 15458 13 5
s 15459 20 8
s 15460 85 43
s 15461 195 101
s 15462 31 16
s 15463 6 4
s 15464 38 18
s 15465 274 157
s 15466 129 64
s 15467 84 50
s 15468 16 9
s 15469 138 66
s 15470 62 32
s 15471 130 57
s 15472 145 79
s 15473 78 32
s 15474 59 26
s 15479 133 58
s 15480 37 23
s 15481 136 68
s 15483 235 120
s 15486 59 25
s 15488 174 89
s 15489 5 2
s 15491 103 51
s 15495 18 9
s 15496 97 40
s 15497 27 13
s 15498 27 13
s 15505 50 21
s 15515 14 8
s 15678 35 19
s 15679 20 10
s 15680 37 17
s 15681 7 3
s 15682 4 2
s 15683 40 22
s 15684 29 13
s 15685 15 9
s 15686 32 17
s 15687 78 40
s 15688 11 4
s 15689 12 5
s 15690 34 19
s 15691 41 21
s 15692 22 10
s 15693 8 2
s 15694 10 4
s 15695 5 1
s 15696 8 5
s 15697 16 11
s 15698 5 3
s 15699 18 8
s 15700 72 33
s 15701 69 38
s 15702 72 32
s 15703 32 17
s 15704 40 23
s 15705 17 8
s 15706 16 8
s 15707 24 7
s 15708 9 4
s 15709 45 18
s 15710 12 6
s 15711 7 4
s 15712 19 8
s 15713 40 17
s 15714 29 10
s 15715 26 9
s 15716 29 7
s 15717 50 27
s 15718 14 9
s 15719 2 1
s 15720 76 39
s 15721 72 30
s 15722 12 6
s 15723 18 9
s 15724 22 6
s 15725 52 24
s 15726 25 13
s 15727 31 16
s 15728 34 15
s 15729 9 3
s 15730 15 5
s 15735 32 10
s 15736 6 3
s 15737 32 11
s 15739 60 31
s 15742 9 2
s 15744 41 14
s 15745 19 8
s 15747 40 18
s 15751 47 24
s 15752 35 16
s 15753 24 11
s 15754 7 5
s 15761 17 8
s 15771 6 3
s 15935 64 32
s 15936 79 35
s 15937 6 2
s 15938 6 5
s 15939 178 90
s 15940 95 56
s 15941 87 43
s 15942 104 52
s 15943 133 67
s 15944 39 15
s 15945 41 22
s 15946 300 167
s 15947 113 53
s 15948 247 131
s 15949 14 5
s 15950 32 19
s 15951 18 11
s 15952 59 26
s 15953 58 36
s 15954 25 11
s 15955 29 9
s 15956 205 106
s 15957 166 83
s 15958 224 128
s 15959 91 59
s 15960 111 63
s 15961 15 8
s 15962 64 33
s 15963 52 24
s 15964 29 13
s 15965 244 126
s 15966 42 18
s 15967 29 17
s 15968 114 57
s 15969 140 84
s 15970 76 33
s 15971 89 42
s 15972 43 16
s 15973 120 70
s 15974 40 19
s 15975 9 6
s 15976 268 157
s 15977 124 67
s 15978 121 69
s 15979 53 34
s 15980 88 41
s 15981 119 60
s 15982 55 32
s 15983 73 38
s 15984 88 47
s 15985 75 43
s 15986 71 36
s 15991 69 32
s 15992 60 28
s 15993 74 51
s 15995 94 40
s 15998 77 38
s 16000 121 56
s 16001 48 24
s 16003 62 31
s 16007 191 122
s 16008 86 43
s 16009 76 34
s 16010 26 13
s 16017 67 33
s 16027 20 12
s 16192 59 30
s 16193 11 4
s 16194 3 1
s 16195 65 31
s 16196 72 32
s 16197 45 29
s 16198 34 19
s 16199 131 67
s 16200 27 13
s 16201 25 9
s 16202 140 71
s 16203 102 39
s 16204 114 62
s 16205 17 7
s 16206 23 13
s 16207 14 5
s 16208 22 7
s 16209 52 22
s 16210 10 8
s 16211 19 13
s 16212 160 78
s 16213 132 55
s 16214 161 78
s 16215 77 40
s 16216 89 38
s 16217 9 5
s 16218 52 21
s 16219 38 15
s 16220 15 3
s 16221 94 52
s 16222 19 7
s 16223 25 13
s 16224 57 28
s 16225 67 36
s 16226 36 16
s 16227 58 23
s 16228 41 21
s 16229 89 35
s 16230 39 12
s 16231 5 1
s 16232 157 78
s 16233 107 52
s 16234 63 28
s 16235 35 18
s 16236 63 27
s 16237 56 23
s 16238 34 19
s 16239 48 31
s 16240 44 15
s 16241 40 17
s 16242 38 13
s 16247 58 28
s 16248 35 18
s 16249 48 23
s 16251 73 36
s 16254 27 12
s 16256 69 28
s 16257 34 13
s 16259 40 18
s 16263 86 46
s 16264 56 24
s 16265 47 15
s 16266 14 6
s 16273 31 13
s 16283 23 5
s 16449 6 4
s 16450 2 1
s 16451 174 95
s 16452 95 44
s 16453 93 40
s 16454 96 47
s 16455 191 105
s 16456 46 23
s 16457 36 13
s 16458 271 137
s 16459 124 57
s 16460 221 121
s 16461 22 12
s 16462 35 11
s 16463 18 8
s 16464 44 23
s 16465 91 36
s 16466 21 12
s 16467 35 17
s 16468 230 119
s 16469 198 93
s 16470 233 126
s 16471 70 36
s 16472 159 72
s 16473 24 14
s 16474 64 27
s 16475 43 20
s 16476 13 6
s 16477 241 126
s 16478 49 20
s 16479 39 20
s 16480 124 58
s 16481 152 68
s 16482 77 31
s 16483 105 58
s 16484 56 21
s 16485 135 56
s 16486 42 15
s 16487 6 4
s 16488 272 141
s 16489 137 60
s 16490 108 42
s 16491 65 32
s 16492 126 53
s 16493 117 52
s 16494 48 17
s 16495 44 23
s 16496 47 21
s 16497 66 38
s 16498 84 31
s 16503 68 29
s 16504 58 21
s 16505 56 27
s 16507 116 57
s 16510 61 25
s 16512 116 51
s 16513 51 21
s 16515 38 18
s 16519 120 63
s 16520 101 47
s 16521 64 29
s 16522 35 15
s 16529 58 27
s 16539 18 8
s 16707 15 7
s 16708 13 6
s 16709 4 2
s 16710 5 1
s 16711 20 9
s 16712 2 1
s 16713 3 1
s 16714 18 9
s 16715 13 2
s 16716 11 3
s 16717 6 3
s 16718 2 1
s 16719 2 0
s 16720 7 4
s 16721 5 1
s 16722 2 2
s 16723 6 3
s 16724 20 4
s 16725 23 10
s 16726 19 9
s 16727 10 2
s 16728 20 8
s 16729 2 1
s 16730 5 2
s 16731 6 3
s 16732 4 3
s 16733 26 11
s 16734 5 0
s 16735 6 4
s 16736 6 3
s 16737 10 6
s 16738 4 3
s 16739 3 2
s 16740 4 1
s 16741 11 4
s 16742 3 2
s 16744 20 9
s 16745 19 9
s 16746 8 1
s 16747 3 2
s 16748 7 4
s 16749 16 8
s 16750 7 4
s 16751 8 5
s 16752 16 7
s 16753 7 5
s 16754 6 4
s 16759 17 3
s 16760 4 2
s 16761 6 4
s 16763 14 6
s 16766 2 0
s 16768 9 2
s 16769 1 0
s 16771 7 3
s 16775 18 8
s 16776 10 4
s 16777 4 1
s 16778 5 1
s 16785 3 1
s 16795 1 1
s 16963 9 5
s 16964 5 3
s 16965 11 7
s 16966 4 3
s 16967 13 5
s 16968 2 0
s 16969 2 1
s 16970 23 17
s 16971 8 4
s 16972 11 5
s 16973 1 0
s 16974 2 2
s 16975 1 1
s 16976 2 0
s 16977 5 3
s 16978 4 3
s 16979 2 1
s 16980 5 1
s 16981 5 1
s 16982 13 7
s 16983 2 0
s 16984 9 4
s 16985 1 1
s 16986 1 1
s 16987 2 0
s 16988 2 1
s 16989 15 9
s 16990 2 1
s 16991 1 1
s 16992 4 2
s 16993 7 5
s 16994 4 1
s 16995 3 2
s 16996 3 1
s 16997 3 0
s 16998 1 1
s 16999 1 1
s 17000 18 9
s 17001 4 3
s 17002 5 4
s 17003 8 2
s 17004 5 3
s 17005 6 2
s 17006 3 1
s 17007 3 3
s 17008 1 1
s 17009 3 2
s 17010 6 2
s 17015 3 1
s 17016 5 2
s 17017 5 3
s 17019 6 4
s 17022 1 0
s 17024 2 1
s 17025 5 3
s 17027 2 0
s 17031 9 5
s 17032 4 2
s 17033 4 1
s 17034 1 1
s 17041 3 1
s 17220 238 132
s 17221 107 67
s 17222 20 7
s 17223 371 200
s 17224 58 25
s 17225 30 11
s 17226 376 206
s 17227 289 163
s 17228 291 154
s 17229 22 12
s 17230 31 17
s 17231 46 16
s 17232 29 13
s 17233 84 48
s 17234 39 22
s 17235 76 33
s 17236 397 225
s 17237 350 170
s 17238 486 248
s 17239 182 92
s 17240 315 173
s 17241 4 2
s 17242 119 66
s 17243 61 30
s 17244 25 13
s 17245 78 34
s 17246 13 7
s 17247 10 6
s 17248 162 86
s 17249 199 110
s 17250 102 54
s 17251 130 62
s 17252 83 32
s 17253 311 172
s 17254 55 29
s 17255 20 11
s 17256 361 199
s 17257 266 142
s 17258 166 90
s 17259 97 58
s 17260 164 88
s 17261 9 2
s 17262 105 63
s 17263 140 74
s 17264 158 95
s 17265 90 52
s 17266 40 20
s 17271 177 93
s 17272 57 28
s 17273 144 86
s 17275 266 140
s 17278 101 42
s 17280 212 107
s 17281 70 35
s 17283 105 48
s 17287 220 129
s 17288 158 81
s 17289 106 53
s 17290 23 10
s 17297 58 26
s 17307 36 14
s 17477 102 51
s 17478 117 60
s 17479 263 147
s 17480 59 30
s 17481 46 24
s 17482 351 193
s 17483 125 67
s 17484 271 138
s 17485 29 18
s 17486 45 26
s 17487 17 6
s 17488 60 28
s 17489 95 50
s 17490 34 21
s 17491 48 20
s 17492 267 146
s 17493 249 130
s 17494 303 149
s 17495 92 48
s 17496 219 112
s 17497 24 10
s 17498 64 38
s 17499 55 27
s 17500 33 17
s 17501 297 133
s 17502 60 29
s 17503 47 30
s 17504 168 95
s 17505 176 95
s 17506 75 35
s 17507 151 85
s 17508 51 21
s 17509 148 79
s 17510 50 23
s 17511 11 6
s 17512 416 218
s 17513 173 85
s 17514 150 80
s 17515 84 52
s 17516 144 70
s 17517 161 75
s 17518 73 32
s 17519 50 24
s 17520 83 50
s 17521 80 42
s 17522 99 45
s 17527 90 45
s 17528 62 25
s 17529 61 26
s 17531 147 65
s 17534 87 41
s 17536 136 68
s 17537 66 34
s 17539 55 27
s 17543 208 115
s 17544 125 75
s 17545 91 42
s 17546 54 31
s 17553 78 31
s 17563 18 10
s 17734 68 39
s 17735 194 94
s 17736 42 16
s 17737 24 11
s 17738 221 111
s 17739 148 65
s 17740 195 99
s 17741 5 3
s 17742 3 1
s 17743 30 9
s 17744 33 10
s 17745 13 6
s 17746 17 10
s 17747 29 9
s 17748 204 104
s 17749 136 68
s 17750 298 151
s 17751 138 71
s 17752 152 79
s 17753 13 4
s 17754 54 23
s 17755 22 16
s 17756 7 3
s 17757 195 92
s 17758 31 22
s 17759 21 4
s 17760 7 4
s 17761 74 36
s 17762 9 1
s 17763 7 6
s 17764 45 19
s 17765 159 59
s 17766 24 16
s 17767 5 1
s 17768 36 20
s 17769 147 81
s 17770 87 37
s 17771 51 25
s 17772 22 8
s 17773 106 45
s 17774 51 23
s 17775 79 38
s 17776 95 47
s 17777 43 26
s 17778 68 28
s 17783 89 37
s 17784 38 15
s 17785 132 69
s 17787 121 56
s 17790 63 30
s 17792 117 63
s 17795 63 30
s 17799 20 10
s 17800 64 27
s 17801 20 8
s 17802 38 19
s 17809 25 10
s 17819 7 3
s 17991 195 100
s 17992 45 23
s 17993 22 11
s 17994 258 136
s 17995 135 60
s 17996 188 105
s 17997 28 14
s 17998 19 12
s 17999 44 11
s 18000 25 10
s 18001 45 26
s 18002 26 15
s 18003 29 12
s 18004 231 111
s 18005 197 93
s 18006 317 175
s 18007 122 59
s 18008 154 81
s 18009 6 3
s 18010 74 35
s 18011 51 29
s 18012 11 4
s 18013 68 28
s 18014 13 7
s 18015 13 8
s 18016 83 27
s 18017 105 48
s 18018 58 22
s 18019 68 32
s 18020 60 29
s 18021 141 65
s 18022 32 9
s 18023 7 4
s 18024 220 116
s 18025 154 75
s 18026 96 49
s 18027 53 19
s 18028 65 34
s 18029 14 9
s 18030 70 32
s 18031 78 36
s 18032 100 57
s 18033 56 31
s 18034 38 16
s 18039 81 36
s 18040 50 23
s 18041 89 45
s 18043 144 62
s 18046 56 27
s 18048 119 60
s 18049 49 26
s 18051 70 28
s 18055 138 81
s 18056 92 40
s 18057 53 22
s 18058 10 3
s 18065 26 6
s 18075 17 10
s 18248 87 46
s 18249 71 36
s 18250 618 331
s 18251 329 158
s 18252 496 283
s 18253 39 23
s 18254 49 26
s 18255 43 15
s 18256 99 46
s 18257 118 64
s 18258 76 44
s 18259 74 29
s 18260 437 218
s 18261 400 204
s 18262 519 258
s 18263 247 135
s 18264 303 170
s 18265 40 16
s 18266 157 90
s 18267 142 75
s 18268 37 20
s 18269 535 253
s 18270 98 50
s 18271 80 47
s 18272 166 83
s 18273 276 134
s 18274 140 59
s 18275 194 91
s 18276 97 40
s 18277 296 160
s 18278 76 44
s 18279 19 11
s 18280 561 293
s 18281 314 163
s 18282 274 138
s 18283 112 60
s 18284 182 98
s 18285 277 133
s 18286 156 85
s 18287 187 89
s 18288 203 111
s 18289 167 87
s 18290 161 82
s 18295 156 83
s 18296 105 47
s 18297 148 77
s 18299 275 133
s 18302 137 70
s 18304 274 133
s 18305 101 60
s 18307 107 64
s 18311 309 188
s 18312 222 112
s 18313 123 73
s 18314 89 45
s 18321 159 74
s 18331 36 18
s 18505 16 6
s 18506 123 64
s 18507 68 31
s 18508 81 39
s 18509 6 3
s 18510 9 4
s 18511 8 4
s 18512 14 7
s 18513 30 13
s 18514 7 3
s 18515 16 5
s 18516 104 50
s 18517 89 38
s 18518 104 46
s 18519 52 16
s 18520 63 27
s 18521 4 3
s 18522 26 9
s 18523 20 10
s 18524 9 6
s 18525 106 50
s 18526 17 10
s 18527 10 4
s 18528 43 18
s 18529 87 47
s 18530 36 14
s 18531 35 18
s 18532 30 16
s 18533 57 24
s 18534 13 4
s 18535 4 2
s 18536 118 68
s 18537 62 24
s 18538 48 25
s 18539 27 11
s 18540 52 22
s 18541 37 19
s 18542 30 16
s 18543 33 19
s 18544 37 20
s 18545 23 14
s 18546 19 5
s 18551 41 18
s 18552 30 16
s 18553 24 6
s 18555 44 19
s 18558 25 14
s 18560 59 25
s 18561 24 12
s 18563 30 15
s 18567 59 35
s 18568 35 10
s 18569 30 16
s 18570 14 6
s 18577 22 11
s 18587 12 5
s 18762 72 31
s 18763 55 25
s 18764 53 31
s 18765 6 2
s 18766 2 0
s 18767 9 3
s 18768 24 11
s 18769 17 9
s 18770 7 4
s 18771 14 4
s 18772 78 29
s 18773 70 33
s 18774 107 58
s 18775 35 18
s 18776 58 34
s 18777 9 7
s 18778 27 13
s 18779 15 8
s 18780 7 6
s 18781 65 33
s 18782 8 4
s 18783 10 6
s 18784 22 10
s 18785 42 20
s 18786 21 9
s 18787 24 11
s 18788 19 7
s 18789 44 20
s 18790 14 3
s 18791 2 0
s 18792 80 42
s 18793 66 32
s 18794 33 18
s 18795 22 12
s 18796 32 15
s 18797 22 13
s 18798 13 6
s 18799 35 13
s 18800 23 10
s 18801 18 7
s 18802 17 9
s 18807 31 15
s 18808 17 9
s 18809 10 3
s 18811 50 18
s 18814 17 7
s 18816 35 20
s 18817 14 5
s 18819 22 12
s 18823 37 20
s 18824 34 17
s 18825 13 6
s 18826 7 2
s 18833 25 8
s 18843 1 0
s 19019 342 208
s 19020 153 84
s 19021 60 27
s 19022 95 54
s 19023 56 18
s 19024 115 67
s 19025 168 84
s 19026 34 23
s 19027 130 53
s 19028 577 289
s 19029 617 334
s 19030 740 386
s 19031 283 146
s 19032 371 203
s 19033 49 29
s 19034 124 57
s 19035 144 70
s 19036 36 22
s 19037 491 225
s 19038 101 56
s 19039 76 34
s 19040 202 95
s 19041 405 217
s 19042 181 78
s 19043 215 115
s 19044 161 87
s 19045 374 176
s 19046 101 49
s 19047 29 16
s 19048 766 421
s 19049 512 282
s 19050 101 49
s 19051 141 69
s 19052 248 106
s 19053 339 153
s 19054 155 88
s 19055 254 123
s 19056 283 150
s 19057 78 38
s 19058 134 60
s 19063 238 117
s 19064 66 29
s 19065 250 136
s 19067 461 208
s 19070 52 25
s 19072 299 148
s 19073 156 58
s 19075 210 104
s 19079 360 213
s 19080 217 79
s 19081 186 88
s 19082 94 48
s 19089 132 59
s 19099 43 18
s 19276 269 146
s 19277 19 11
s 19278 61 29
s 19279 27 8
s 19280 58 30
s 19281 139 78
s 19282 36 19
s 19283 26 14
s 19284 359 169
s 19285 291 152
s 19286 326 155
s 19287 115 63
s 19288 248 129
s 19289 27 15
s 19290 88 50
s 19291 46 26
s 19292 30 14
s 19293 406 192
s 19294 66 29
s 19295 51 25
s 19296 175 92
s 19297 201 104
s 19298 89 47
s 19299 164 68
s 19300 64 30
s 19301 202 93
s 19302 60 29
s 19303 18 11
s 19304 401 220
s 19305 196 99
s 19306 137 78
s 19307 77 40
s 19308 162 83
s 19309 149 63
s 19310 73 39
s 19311 84 43
s 19312 77 38
s 19313 79 41
s 19314 113 52
s 19319 116 59
s 19320 77 39
s 19321 72 39
s 19323 160 68
s 19326 72 38
s 19328 184 92
s 19329 73 36
s 19331 55 25
s 19335 219 112
s 19336 124 64
s 19337 99 42
s 19338 61 31
s 19345 71 27
s 19355 29 13
s 19533 38 18
s 19534 77 39
s 19535 66 23
s 19536 57 32
s 19537 112 61
s 19538 22 13
s 19539 104 56
s 19540 469 256
s 19541 483 249
s 19542 629 327
s 19543 300 165
s 19544 359 199
s 19545 20 11
s 19546 69 32
s 19547 98 57
s 19548 22 13
s 19549 412 222
s 19550 69 34
s 19551 66 44
s 19552 205 114
s 19553 263 148
s 19554 109 65
s 19555 139 67
s 19556 127 69
s 19557 311 161
s 19558 91 49
s 19559 19 10
s 19560 467 272
s 19561 348 174
s 19562 14 4
s 19563 84 40
s 19564 191 101
s 19565 230 90
s 19566 107 51
s 19567 160 86
s 19568 201 113
s 19569 18 8
s 19570 101 50
s 19575 245 139
s 19576 38 21
s 19577 205 114
s 19579 353 174
s 19582 26 12
s 19584 208 116
s 19585 93 44
s 19587 137 67
s 19591 314 180
s 19592 123 61
s 19593 111 56
s 19594 60 25
s 19601 95 45
s 19611 31 17
s 19790 2 2
s 19791 7 3
s 19792 9 3
s 19793 4 1
s 19794 5 2
s 19795 13 6
s 19796 47 20
s 19797 37 16
s 19798 66 24
s 19799 23 16
s 19800 37 22
s 19801 1 1
s 19802 21 5
s 19803 12 3
s 19804 8 3
s 19805 30 19
s 19806 2 0
s 19807 3 2
s 19808 7 5
s 19809 12 3
s 19810 4 2
s 19812 11 4
s 19813 36 15
s 19814 6 2
s 19815 4 0
s 19816 11 7
s 19817 40 21
s 19818 22 11
s 19819 10 4
s 19820 6 4
s 19821 22 11
s 19822 15 7
s 19823 19 12
s 19824 30 16
s 19825 16 6
s 19826 12 4
s 19831 32 18
s 19832 9 5
s 19833 21 13
s 19835 32 12
s 19838 11 4
s 19840 20 10
s 19841 2 2
s 19843 24 15
s 19847 5 1
s 19848 16 7
s 19849 4 2
s 19850 2 1
s 19857 13 6
s 19867 3 1
s 20047 11 5
s 20048 11 5
s 20049 5 1
s 20050 10 7
s 20051 11 6
s 20052 67 29
s 20053 43 24
s 20054 120 67
s 20055 36 23
s 20056 57 36
s 20057 9 5
s 20058 20 7
s 20059 20 7
s 20060 6 3
s 20061 67 29
s 20062 5 2
s 20063 4 3
s 20064 3 3
s 20065 29 13
s 20066 4 3
s 20067 2 1
s 20068 16 10
s 20069 55 29
s 20070 4 2
s 20071 4 3
s 20072 7 4
s 20073 63 38
s 20074 35 18
s 20075 22 13
s 20076 4 2
s 20077 38 21
s 20078 29 11
s 20079 44 22
s 20080 41 16
s 20081 21 10
s 20082 23 8
s 20087 38 16
s 20088 10 4
s 20089 29 15
s 20091 52 22
s 20094 18 8
s 20096 47 23
s 20097 3 2
s 20099 25 14
s 20103 8 5
s 20104 23 11
s 20105 4 3
s 20106 4 2
s 20113 20 12
s 20123 3 3
s 20304 15 5
s 20305 17 10
s 20306 5 3
s 20307 6 4
s 20308 37 15
s 20309 58 27
s 20310 59 30
s 20311 13 8
s 20312 27 14
s 20313 4 2
s 20314 15 9
s 20315 8 2
s 20316 2 1
s 20317 41 16
s 20318 9 4
s 20319 7 3
s 20320 22 11
s 20321 38 17
s 20322 21 9
s 20323 17 8
s 20324 11 3
s 20325 29 12
s 20326 7 3
s 20327 1 0
s 20328 72 26
s 20329 28 14
s 20330 27 14
s 20331 18 7
s 20332 25 12
s 20333 38 22
s 20334 15 6
s 20335 14 5
s 20336 17 6
s 20337 14 6
s 20338 17 7
s 20343 10 6
s 20344 14 4
s 20345 14 4
s 20347 24 8
s 20350 15 8
s 20352 35 12
s 20353 16 4
s 20355 12 5
s 20359 42 20
s 20360 18 9
s 20361 18 10
s 20362 7 3
s 20369 16 8
s 20379 5 3
s 20561 19 11
s 20562 11 6
s 20563 20 7
s 20564 98 55
s 20565 82 37
s 20566 127 57
s 20567 55 25
s 20568 67 35
s 20569 3 0
s 20570 30 14
s 20571 27 10
s 20572 13 5
s 20573 43 17
s 20574 5 1
s 20575 8 2
s 20576 34 16
s 20577 57 30
s 20578 25 8
s 20579 36 20
s 20580 48 18
s 20581 75 41
s 20582 13 5
s 20583 2 2
s 20584 101 50
s 20585 108 54
s 20586 25 12
s 20587 30 16
s 20588 38 19
s 20589 19 7
s 20590 32 18
s 20591 24 9
s 20592 52 27
s 20593 20 9
s 20594 14 6
s 20599 48 27
s 20600 14 6
s 20601 42 20
s 20603 74 36
s 20606 21 13
s 20608 56 29
s 20609 18 10
s 20611 28 8
s 20615 60 30
s 20616 45 20
s 20617 23 4
s 20618 8 3
s 20625 17 6
s 20635 7 3
s 20818 14 10
s 20819 32 18
s 20820 150 74
s 20821 141 64
s 20822 186 84
s 20823 78 44
s 20824 109 67
s 20825 3 1
s 20826 44 25
s 20827 33 17
s 20828 7 3
s 20829 97 50
s 20830 22 11
s 20831 20 13
s 20832 24 12
s 20833 56 27
s 20834 14 6
s 20835 21 15
s 20836 43 23
s 20837 114 54
s 20838 17 8
s 20839 7 3
s 20840 51 31
s 20841 126 65
s 20842 59 25
s 20843 36 13
s 20844 17 4
s 20845 60 25
s 20846 35 21
s 20847 43 23
s 20848 59 19
s 20849 52 32
s 20850 43 24
s 20855 65 33
s 20856 27 11
s 20857 60 37
s 20859 110 63
s 20862 43 23
s 20864 85 49
s 20865 7 4
s 20867 48 22
s 20871 26 10
s 20872 62 26
s 20873 12 5
s 20874 18 8
s 20881 30 15
s 20891 11 5
s 21075 14 11
s 21076 73 39
s 21077 71 39
s 21078 77 44
s 21079 31 18
s 21080 37 17
s 21081 4 2
s 21082 19 12
s 21083 12 3
s 21084 4 1
s 21085 36 18
s 21086 7 5
s 21087 3 2
s 21088 27 17
s 21089 44 22
s 21090 18 9
s 21091 20 12
s 21092 11 2
s 21093 32 20
s 21094 14 8
s 21095 3 3
s 21096 55 34
s 21097 64 35
s 21098 3 2
s 21099 13 7
s 21100 16 8
s 21101 31 14
s 21102 15 8
s 21103 26 14
s 21104 21 10
s 21105 7 4
s 21106 12 7
s 21111 23 11
s 21112 5 3
s 21113 32 20
s 21115 48 21
s 21118 4 2
s 21120 35 19
s 21121 10 4
s 21123 22 10
s 21127 44 24
s 21128 28 16
s 21129 15 4
s 21130 8 5
s 21137 14 9
s 21147 6 2
s 21332 72 38
s 21333 75 31
s 21334 115 54
s 21335 33 20
s 21336 61 33
s 21337 6 4
s 21338 35 21
s 21339 11 5
s 21340 12 9
s 21341 69 27
s 21342 19 8
s 21343 18 8
s 21344 39 21
s 21345 55 25
s 21346 33 10
s 21347 39 19
s 21348 23 11
s 21349 48 16
s 21350 14 10
s 21352 115 64
s 21353 50 26
s 21354 48 20
s 21355 23 13
s 21356 37 18
s 21357 47 15
s 21358 31 13
s 21359 25 10
s 21360 27 17
s 21361 28 18
s 21362 26 12
s 21367 26 14
s 21368 24 13
s 21369 28 14
s 21371 51 22
s 21374 36 13
s 21376 49 22
s 21377 27 11
s 21379 16 8
s 21383 63 35
s 21384 46 23
s 21385 38 14
s 21386 17 7
s 21393 29 18
s 21403 7 1
s 21589 396 203
s 21590 603 311
s 21591 213 107
s 21592 350 168
s 21593 39 17
s 21594 174 76
s 21595 98 43
s 21596 35 15
s 21597 547 262
s 21598 121 67
s 21599 83 42
s 21600 214 93
s 21601 289 163
s 21602 149 74
s 21603 223 111
s 21604 104 44
s 21605 351 181
s 21606 68 33
s 21607 19 11
s 21608 545 283
s 21609 344 189
s 21610 229 118
s 21611 108 58
s 21612 213 116
s 21613 275 122
s 21614 128 67
s 21615 116 57
s 21616 158 78
s 21617 142 79
s 21618 181 87
s 21623 204 94
s 21624 114 53
s 21625 168 85
s 21627 287 135
s 21630 144 67
s 21632 232 116
s 21633 120 57
s 21635 126 59
s 21639 277 145
s 21640 224 95
s 21641 133 59
s 21642 117 62
s 21649 138 67
s 21659 26 8
s 21846 622 306
s 21847 216 108
s 21848 303 166
s 21849 43 23
s 21850 179 89
s 21851 107 41
s 21852 61 38
s 21853 464 230
s 21854 94 45
s 21855 64 32
s 21856 150 69
s 21857 264 108
s 21858 96 47
s 21859 149 69
s 21860 93 53
s 21861 305 153
s 21862 50 26
s 21863 15 8
s 21864 458 235
s 21865 308 149
s 21866 227 109
s 21867 130 62
s 21868 149 71
s 21869 282 123
s 21870 144 67
s 21871 138 72
s 21872 176 94
s 21873 160 78
s 21874 156 63
s 21879 182 81
s 21880 110 48
s 21881 131 77
s 21883 284 122
s 21886 152 80
s 21888 246 120
s 21889 92 42
s 21891 119 59
s 21895 281 158
s 21896 224 89
s 21897 137 64
s 21898 79 42
s 21905 129 55
s 21915 43 23
s 22103 311 158
s 22104 403 237
s 22105 43 21
s 22106 171 87
s 22107 116 55
s 22108 58 27
s 22109 679 321
s 22110 129 66
s 22111 105 55
s 22112 321 165
s 22113 481 250
s 22114 201 100
s 22115 232 104
s 22116 173 88
s 22117 360 177
s 22118 119 50
s 22119 32 12
s 22120 803 430
s 22121 398 192
s 22122 318 164
s 22123 191 96
s 22124 397 192
s 22125 393 167
s 22126 189 108
s 22127 199 100
s 22128 245 103
s 22129 167 77
s 22130 207 91
s 22135 220 111
s 22136 138 67
s 22137 204 122
s 22139 325 143
s 22142 183 81
s 22144 331 160
s 22145 172 86
s 22147 179 88
s 22151 480 270
s 22152 264 137
s 22153 205 98
s 22154 100 44
s 22161 192 92
s 22171 50 33
s 22360 186 99
s 22361 20 12
s 22362 60 34
s 22363 35 16
s 22364 23 14
s 22365 292 145
s 22366 56 31
s 22367 47 23
s 22368 130 67
s 22369 189 86
s 22370 94 41
s 22371 106 55
s 22372 47 25
s 22373 177 91
s 22374 40 17
s 22375 10 3
s 22376 323 177
s 22377 128 55
s 22378 155 81
s 22379 62 32
s 22380 124 50
s 22381 148 72
s 22382 68 37
s 22383 42 19
s 22384 42 17
s 22385 64 29
s 22386 104 48
s 22391 76 33
s 22392 67 26
s 22393 51 29
s 22395 126 60
s 22398 85 39
s 22400 139 72
s 22401 86 41
s 22403 42 23
s 22407 194 98
s 22408 96 41
s 22409 89 39
s 22410 44 25
s 22417 55 20
s 22427 30 16
s 22617 29 14
s 22618 81 48
s 22619 71 39
s 22620 27 11
s 22621 432 227
s 22622 76 37
s 22623 49 26
s 22624 158 90
s 22625 192 108
s 22626 105 50
s 22627 135 64
s 22628 68 35
s 22629 247 126
s 22630 60 28
s 22631 14 8
s 22632 503 279
s 22633 229 141
s 22634 153 82
s 22635 85 47
s 22636 163 90
s 22637 197 95
s 22638 101 59
s 22639 126 69
s 22640 140 75
s 22641 80 49
s 22642 128 72
s 22647 160 82
s 22648 80 42
s 22649 122 74
s 22651 196 109
s 22654 75 47
s 22656 194 101
s 22657 90 51
s 22659 89 36
s 22663 251 140
s 22664 156 80
s 22665 115 57
s 22666 72 45
s 22673 86 47
s 22683 26 15
s 22874 12 6
s 22875 11 5
s 22876 6 2
s 22877 9 5
s 22878 2 1
s 22879 1 1
s 22880 9 7
s 22881 18 9
s 22882 11 7
s 22883 16 4
s 22884 7 4
s 22885 29 12
s 22886 6 2
s 22888 43 22
s 22889 44 20
s 22890 16 7
s 22891 12 4
s 22892 12 6
s 22893 4 3
s 22894 11 5
s 22895 22 9
s 22896 18 9
s 22897 12 6
s 22898 12 7
s 22903 21 13
s 22904 4 1
s 22905 11 4
s 22907 29 14
s 22910 9 6
s 22912 19 6
s 22913 8 2
s 22915 11 6
s 22919 22 15
s 22920 23 11
s 22921 20 8
s 22922 1 1
s 22929 12 3
s 22939 3 1
s 23131 44 22
s 23132 16 6
s 23133 122 64
s 23134 27 14
s 23135 23 12
s 23136 47 21
s 23137 85 40
s 23138 46 24
s 23139 84 42
s 23140 42 18
s 23141 84 45
s 23142 25 9
s 23143 10 6
s 23144 195 99
s 23145 147 70
s 23146 38 16
s 23147 26 15
s 23148 46 21
s 23149 120 55
s 23150 53 32
s 23151 62 32
s 23152 64 32
s 23153 22 13
s 23154 38 14
s 23159 54 19
s 23160 15 9
s 23161 63 37
s 23163 99 52
s 23166 26 13
s 23168 74 46
s 23169 34 18
s 23171 54 26
s 23175 110 66
s 23176 54 26
s 23177 55 33
s 23178 27 11
s 23185 27 14
s 23195 12 7
s 23388 12 5
s 23389 108 49
s 23390 13 2
s 23391 15 10
s 23392 50 26
s 23393 75 30
s 23394 27 12
s 23395 59 33
s 23396 36 16
s 23397 67 33
s 23398 22 9
s 23399 2 2
s 23400 159 84
s 23401 104 49
s 23402 46 18
s 23403 38 17
s 23404 39 20
s 23405 70 29
s 23406 28 13
s 23407 35 21
s 23408 29 16
s 23409 39 23
s 23410 33 14
s 23415 26 11
s 23416 19 6
s 23417 36 16
s 23419 76 37
s 23422 25 8
s 23424 73 37
s 23425 22 12
s 23427 24 10
s 23431 87 39
s 23432 133 64
s 23433 55 23
s 23434 18 6
s 23441 28 13
s 23451 18 12
s 23645 29 14
s 23646 10 6
s 23647 8 4
s 23648 12 7
s 23649 24 10
s 23650 6 2
s 23651 14 10
s 23652 12 7
s 23653 25 20
s 23654 7 4
s 23655 5 3
s 23656 47 30
s 23657 42 16
s 23658 14 5
s 23659 13 8
s 23660 7 4
s 23661 35 15
s 23662 20 12
s 23663 20 11
s 23664 18 11
s 23665 7 3
s 23666 6 3
s 23671 30 19
s 23672 4 1
s 23673 24 12
s 23675 29 17
s 23678 8 6
s 23680 33 20
s 23681 9 4
s 23683 25 12
s 23687 18 10
s 23688 16 8
s 23689 17 11
s 23690 8 3
s 23697 17 7
s 23707 4 3
s 23902 40 21
s 23903 31 16
s 23904 210 90
s 23905 301 146
s 23906 136 53
s 23907 181 91
s 23908 156 63
s 23909 370 175
s 23910 93 42
s 23911 19 10
s 23912 498 265
s 23913 326 175
s 23914 193 95
s 23915 129 64
s 23916 239 104
s 23917 66 25
s 23918 150 87
s 23919 156 76
s 23920 224 110
s 23921 104 53
s 23922 85 37
s 23927 257 132
s 23928 98 47
s 23929 222 116
s 23931 345 156
s 23934 103 48
s 23936 306 151
s 23937 88 44
s 23939 147 68
s 23943 289 148
s 23944 194 84
s 23945 123 49
s 23946 44 22
s 23953 60 29
s 23963 53 31
s 24159 3 1
s 24160 40 19
s 24161 53 22
s 24162 19 8
s 24163 41 20
s 24164 21 8
s 24165 54 27
s 24166 14 9
s 24167 6 3
s 24168 93 47
s 24169 78 44
s 24170 36 16
s 24171 13 10
s 24172 44 20
s 24173 7 1
s 24174 28 15
s 24175 21 8
s 24176 34 15
s 24177 18 10
s 24178 14 8
s 24183 56 32
s 24184 17 4
s 24185 35 17
s 24187 76 46
s 24190 20 10
s 24192 53 29
s 24193 14 5
s 24195 27 14
s 24199 48 24
s 24200 30 17
s 24201 21 10
s 24202 7 1
s 24209 8 4
s 24219 6 3
s 24416 16 8
s 24417 42 19
s 24418 16 8
s 24419 40 18
s 24420 24 11
s 24421 53 27
s 24422 13 7
s 24423 6 4
s 24424 66 34
s 24425 66 35
s 24426 30 16
s 24427 31 16
s 24428 31 15
s 24429 8 1
s 24430 24 15
s 24431 22 9
s 24432 36 14
s 24433 19 9
s 24434 17 11
s 24439 29 13
s 24440 11 7
s 24441 29 15
s 24443 56 29
s 24446 20 10
s 24448 33 17
s 24449 13 10
s 24451 17 8
s 24455 38 23
s 24456 30 14
s 24457 11 7
s 24458 5 2
s 24465 9 3
s 24475 12 5
s 24673 63 27
s 24674 9 4
s 24675 13 3
s 24676 56 25
s 24677 159 78
s 24678 25 14
s 24679 7 5
s 24680 29 15
s 24681 153 87
s 24682 72 36
s 24683 51 27
s 24684 15 7
s 24685 80 43
s 24686 60 27
s 24687 82 36
s 24688 93 43
s 24689 51 32
s 24690 66 21
s 24695 107 51
s 24696 42 17
s 24697 86 46
s 24699 148 69
s 24702 48 17
s 24704 133 74
s 24705 4 1
s 24707 69 37
s 24711 16 10
s 24712 71 32
s 24713 14 7
s 24714 38 20
s 24721 46 17
s 24731 8 4
s 24930 60 26
s 24931 50 22
s 24932 85 40
s 24933 208 105
s 24934 50 21
s 24935 9 4
s 24936 197 107
s 24937 375 207
s 24938 152 66
s 24939 103 43
s 24940 75 37
s 24941 189 85
s 24942 104 53
s 24943 122 67
s 24944 151 77
s 24945 82 40
s 24946 85 40
s 24951 125 68
s 24952 66 31
s 24953 105 56
s 24955 211 88
s 24958 76 34
s 24960 231 126
s 24961 30 18
s 24963 91 44
s 24967 164 93
s 24968 146 67
s 24969 70 35
s 24970 57 31
s 24977 78 41
s 24987 27 18
s 25187 6 1
s 25188 52 23
s 25189 124 59
s 25190 20 8
s 25191 4 1
s 25192 28 17
s 25193 136 69
s 25194 55 29
s 25195 29 14
s 25196 7 4
s 25197 74 34
s 25198 44 17
s 25199 71 35
s 25200 63 30
s 25201 44 17
s 25202 44 19
s 25207 63 36
s 25208 32 12
s 25209 56 25
s 25211 112 45
s 25214 33 8
s 25216 78 35
s 25217 10 4
s 25219 53 13
s 25223 22 12
s 25224 64 25
s 25225 13 4
s 25226 24 11
s 25233 38 17
s 25243 8 2
s 25444 37 17
s 25445 141 62
s 25446 30 14
s 25447 3 1
s 25448 50 29
s 25449 176 76
s 25450 78 31
s 25451 44 24
s 25452 17 8
s 25453 104 42
s 25454 38 19
s 25455 48 23
s 25456 75 35
s 25457 75 35
s 25458 54 27
s 25463 95 40
s 25464 29 11
s 25465 58 33
s 25467 145 70
s 25470 45 20
s 25472 94 51
s 25473 6 3
s 25475 49 22
s 25479 10 3
s 25480 72 29
s 25481 12 8
s 25482 50 25
s 25489 49 18
s 25499 21 9
s 25701 79 37
s 25702 12 5
s 25703 6 2
s 25704 152 63
s 25705 113 44
s 25706 78 38
s 25707 48 20
s 25708 55 30
s 25709 89 33
s 25710 45 24
s 25711 40 18
s 25712 46 10
s 25713 55 25
s 25714 42 17
s 25719 40 13
s 25720 21 10
s 25721 39 19
s 25723 86 35
s 25726 49 22
s 25728 72 35
s 25729 23 12
s 25731 36 22
s 25735 109 59
s 25736 62 32
s 25737 37 17
s 25738 22 12
s 25745 41 19
s 25755 10 6
s 25958 50 25
s 25959 13 5
s 25960 743 398
s 25961 219 118
s 25962 202 102
s 25963 97 60
s 25964 151 67
s 25965 166 79
s 25966 89 38
s 25967 84 45
s 25968 86 40
s 25969 99 40
s 25970 130 46
s 25975 120 54
s 25976 73 32
s 25977 99 39
s 25979 194 94
s 25982 92 47
s 25984 174 88
s 25985 85 35
s 25987 85 42
s 25991 206 106
s 25992 154 61
s 25993 101 53
s 25994 47 22
s 26001 93 52
s 26011 29 18
s 26215 7 6
s 26216 72 43
s 26217 55 30
s 26218 38 19
s 26219 20 10
s 26220 19 9
s 26221 52 19
s 26222 26 7
s 26223 21 7
s 26224 27 14
s 26225 28 17
s 26226 22 8
s 26231 34 20
s 26232 14 7
s 26233 35 21
s 26235 54 28
s 26238 16 6
s 26240 33 14
s 26241 12 8
s 26243 25 12
s 26247 43 25
s 26248 37 13
s 26249 27 15
s 26250 14 9
s 26257 15 8
s 26267 3 0
s 26472 21 7
s 26473 11 3
s 26474 8 4
s 26475 3 0
s 26476 7 1
s 26477 15 7
s 26478 8 5
s 26479 5 3
s 26480 10 6
s 26481 9 5
s 26482 7 3
s 26487 12 4
s 26488 8 3
s 26489 6 5
s 26491 17 9
s 26494 7 5
s 26496 10 5
s 26499 8 4
s 26503 8 7
s 26504 9 4
s 26505 5 0
s 26506 2 0
s 26513 9 7
s 26523 1 1
s 26729 502 275
s 26730 264 128
s 26731 132 72
s 26732 45 27
s 26733 319 158
s 26734 136 67
s 26735 229 115
s 26736 269 140
s 26737 185 102
s 26738 144 62
s 26743 274 149
s 26744 89 49
s 26745 234 119
s 26747 518 284
s 26750 139 74
s 26752 393 204
s 26753 20 7
s 26755 186 96
s 26759 74 45
s 26760 264 126
s 26761 50 26
s 26762 80 41
s 26769 137 65
s 26779 34 21
s 26986 221 114
s 26987 107 45
s 26988 170 82
s 26989 272 116
s 26990 99 51
s 26991 100 54
s 26992 120 63
s 26993 187 96
s 26994 103 52
s 26999 134 62
s 27000 73 31
s 27001 125 64
s 27003 232 124
s 27006 112 62
s 27008 187 105
s 27009 107 51
s 27011 80 38
s 27015 279 154
s 27016 197 98
s 27017 139 72
s 27018 49 23
s 27025 97 45
s 27035 23 16
s 27243 42 26
s 27244 115 57
s 27245 120 51
s 27246 66 35
s 27247 99 43
s 27248 102 53
s 27249 11 7
s 27250 55 23
s 27255 118 52
s 27256 29 17
s 27257 112 61
s 27259 184 90
s 27262 12 4
s 27264 138 68
s 27265 46 24
s 27267 68 30
s 27271 168 81
s 27272 71 39
s 27273 64 27
s 27274 36 15
s 27281 37 12
s 27291 26 14
s 27500 46 16
s 27501 70 34
s 27502 42 22
s 27503 47 21
s 27504 70 39
s 27505 27 14
s 27506 23 10
s 27511 65 27
s 27512 15 6
s 27513 55 26
s 27515 92 42
s 27518 25 14
s 27520 67 39
s 27521 33 17
s 27523 49 23
s 27527 105 61
s 27528 39 21
s 27529 36 19
s 27530 19 10
s 27537 36 18
s 27547 9 4
s 27757 77 35
s 27758 53 26
s 27759 66 35
s 27760 86 46
s 27761 45 22
s 27762 62 25
s 27767 133 59
s 27768 29 19
s 27769 74 42
s 27771 145 61
s 27774 59 26
s 27776 133 56
s 27777 11 8
s 27779 54 16
s 27783 21 13
s 27784 74 40
s 27785 9 5
s 27786 27 17
s 27793 44 16
s 27803 14 7
s 28014 98 48
s 28015 119 56
s 28016 154 67
s 28017 95 46
s 28018 50 27
s 28023 104 49
s 28024 64 28
s 28025 114 52
s 28027 236 103
s 28030 89 33
s 28032 166 71
s 28033 68 29
s 28035 101 44
s 28039 162 75
s 28040 138 63
s 28041 98 38
s 28042 12 6
s 28049 37 14
s 28059 30 14
s 28271 50 23
s 28272 51 33
s 28273 54 36
s 28274 40 14
s 28279 63 26
s 28280 41 25
s 28281 55 27
s 28283 103 49
s 28286 35 23
s 28288 89 49
s 28289 29 19
s 28291 46 24
s 28295 81 51
s 28296 63 30
s 28297 38 18
s 28298 25 13
s 28305 34 15
s 28315 11 3
s 28528 39 19
s 28529 79 39
s 28530 39 12
s 28535 54 32
s 28536 47 26
s 28537 37 11
s 28539 100 51
s 28542 43 16
s 28544 81 31
s 28545 39 18
s 28547 26 10
s 28551 127 68
s 28552 90 43
s 28553 71 33
s 28554 30 10
s 28561 59 34
s 28571 14 8
s 28785 66 28
s 28786 60 32
s 28791 68 39
s 28792 66 25
s 28793 54 24
s 28795 103 53
s 28798 77 32
s 28800 122 55
s 28801 58 29
s 28803 50 31
s 28807 170 92
s 28808 96 39
s 28809 58 25
s 28810 46 19
s 28817 61 28
s 28827 18 12
s 29042 28 12
s 29047 56 30
s 29048 7 6
s 29049 66 33
s 29051 133 71
s 29054 7 3
s 29056 76 40
s 29057 28 14
s 29059 51 27
s 29063 118 71
s 29064 56 22
s 29065 44 18
s 29066 21 12
s 29073 23 10
s 29083 11 8
s 29303 73 32
s 29304 31 10
s 29305 56 21
s 29307 113 41
s 29310 38 15
s 29312 83 33
s 29313 43 14
s 29315 37 14
s 29319 77 44
s 29320 64 24
s 29321 34 11
s 29322 16 4
s 29329 27 15
s 29339 11 2
s 30584 55 28
s 30585 49 23
s 30587 120 56
s 30590 86 37
s 30592 106 49
s 30593 60 29
s 30595 51 25
s 30599 169 91
s 30600 86 51
s 30601 96 43
s 30602 38 19
s 30609 65 30
s 30619 15 7
s 30841 49 27
s 30843 99 44
s 30846 13 4
s 30848 59 22
s 30849 11 7
s 30851 33 15
s 30855 50 21
s 30856 36 18
s 30857 24 10
s 30858 13 7
s 30865 15 6
s 30875 14 6
s 31099 104 48
s 31102 58 38
s 31104 84 50
s 31105 47 24
s 31107 36 20
s 31111 135 77
s 31112 92 47
s 31113 83 46
s 31114 22 7
s 31121 64 33
s 31131 16 8
s 31614 115 51
s 31616 172 89
s 31617 72 33
s 31619 59 23
s 31623 216 111
s 31624 187 79
s 31625 147 63
s 31626 62 30
s 31633 106 42
s 31643 26 11
s 32384 64 34
s 32385 21 10
s 32387 51 26
s 32391 79 48
s 32392 60 21
s 32393 37 18
s 32394 19 13
s 32401 29 9
s 32411 16 7
s 32897 83 35
s 32899 73 33
s 32903 152 85
s 32904 138 49
s 32905 87 39
s 32906 42 16
s 32913 71 37
s 32923 31 13
s 33155 42 22
s 33159 13 7
s 33160 42 17
s 33161 11 7
s 33162 17 8
s 33169 26 14
s 33179 4 1
s 33671 115 58
s 33672 69 40
s 33673 48 24
s 33674 21 8
s 33681 50 22
s 33691 7 2
s 34696 153 79
s 34697 29 14
s 34698 49 16
s 34705 73 31
s 34715 22 10
s 34953 78 28
s 34954 37 13
s 34961 51 19
s 34971 24 9
s 35210 17 9
s 35217 42 20
s 35227 12 4
s 35473 9 2
s 35483 3 2
s 37275 10 6
