n 100000
b 1 13044 6624
b 2 15924 7866
b 3 2696 1404
b 4 1845 944
b 5 12356 6288
b 6 17156 7588
b 7 15885 7985
b 8 16674 8924
b 9 13244 6759
b 10 3843 1916
b 11 8047 3328
b 12 11599 6221
b 13 3451 1620
b 14 26695 13387
b 15 5520 2771
b 16 2827 1377
b 17 5701 2749
b 18 11114 5841
b 19 7589 3295
b 20 8525 4333
b 21 18079 8668
b 22 11228 5520
b 23 4571 2281
b 25 14754 6955
b 26 24183 11765
b 27 15478 7934
b 28 5643 2691
b 29 16462 7915
b 30 13905 7164
b 31 12015 6266
b 32 3991 2088
b 33 4072 2244
b 34 5116 2566
b 35 12945 6238
b 36 14251 7089
b 37 4514 2172
b 38 1802 879
b 39 8987 4148
b 40 4659 2250
b 41 6088 3023
b 42 9663 5206
b 43 5439 2626
b 44 7599 3787
b 45 3849 2021
b 46 4535 2138
b 47 5444 2693
b 48 14060 7190
b 49 15418 8177
b 50 4961 2650
b 51 3184 1515
b 52 2512 1329
b 53 8701 3805
b 54 15495 8241
b 55 6191 3167
b 56 3383 1716
b 57 2054 1054
b 58 2006 948
b 59 3244 1458
b 60 9450 4990
b 61 1676 863
b 62 8207 4526
b 63 3837 1795
b 64 6474 3042
b 65 758 368
b 66 384 184
b 67 7824 4152
b 68 8336 4142
b 69 6363 3075
b 70 7239 3628
b 71 16237 8555
b 72 3496 1656
b 73 2018 927
b 74 21902 11283
b 75 8001 4002
b 76 14137 7655
b 77 1489 753
b 78 2946 1575
b 79 2023 918
b 80 2760 1345
b 81 2448 1234
b 82 1408 789
b 83 2572 1127
b 84 11988 5941
b 85 14455 7105
b 86 26409 13291
b 87 10495 5356
b 88 11948 6387
b 89 655 356
b 90 4471 2301
b 91 4443 2256
b 92 1664 937
b 93 15095 7500
b 94 1829 911
b 95 1730 899
b 96 5563 2700
b 97 13183 6525
b 98 5191 2453
b 99 2827 1321
b 100 7564 3796
b 101 9935 4826
b 102 2494 1258
b 103 895 483
b 104 15226 7930
b 105 12872 6507
b 106 8969 4502
b 107 5764 2892
b 108 5634 2666
b 109 7593 3318
b 110 6381 3424
b 111 6703 3363
b 112 8448 4306
b 113 4075 2177
b 114 4683 2161
b 119 7963 4001
b 120 4893 2337
b 121 8195 4320
b 123 11763 5557
b 126 5545 2743
b 128 12596 6223
b 129 5324 2540
b 131 6596 3279
b 135 12123 6458
b 136 6927 3354
b 137 4351 2100
b 138 2275 1078
b 145 4100 1829
b 155 1966 952
v 258 793 346
v 259 204 103
v 260 138 69
v 261 864 408
v 262 1152 632
v 263 934 437
v 264 1179 574
v 265 772 369
v 266 300 165
v 267 486 269
v 268 818 400
v 269 264 138
v 270 1518 766
v 271 369 202
v 272 195 103
v 273 416 210
v 274 709 311
v 275 441 253
v 276 552 276
v 277 1122 601
v 278 975 510
v 279 276 126
v 281 1028 563
v 282 1634 805
v 283 968 489
v 284 363 194
v 285 1103 599
v 286 897 459
v 287 911 426
v 288 254 131
v 289 222 99
v 290 444 261
v 291 806 394
v 292 941 529
v 293 287 150
v 294 130 66
v 295 549 297
v 296 288 147
v 297 492 257
v 298 742 362
v 299 352 185
v 300 594 272
v 301 303 162
v 302 322 156
v 303 314 150
v 304 1036 484
v 305 969 486
v 306 339 170
v 307 177 108
v 308 189 98
v 309 561 334
v 310 1048 532
v 311 432 222
v 312 219 107
v 313 126 56
v 314 102 47
v 315 246 119
v 316 517 236
v 317 110 56
v 318 448 208
v 319 263 140
v 320 422 211
v 321 44 26
v 322 17 6
v 323 515 274
v 324 612 318
v 325 458 228
v 326 506 238
v 327 849 400
v 328 209 116
v 329 120 71
v 330 1621 821
v 331 566 288
v 332 1073 534
v 333 89 43
v 334 219 124
v 335 143 73
v 336 196 99
v 337 140 74
v 338 140 64
v 339 125 73
v 340 995 538
v 341 876 464
v 342 1861 968
v 343 614 280
v 344 698 313
v 345 35 20
v 346 361 191
v 347 326 163
v 348 93 40
v 349 1077 546
v 350 136 78
v 351 129 55
v 352 314 165
v 353 831 388
v 354 340 184
v 355 168 102
v 356 445 223
v 357 929 528
v 358 171 92
v 359 38 17
v 360 882 395
v 361 840 423
v 362 483 239
v 363 353 178
v 364 355 183
v 365 563 347
v 366 337 148
v 367 550 272
v 368 677 353
v 369 282 144
v 370 272 128
v 375 468 245
v 376 311 174
v 377 586 290
v 379 651 343
v 382 390 201
v 384 727 355
v 385 380 205
v 387 385 206
v 391 816 376
v 392 373 196
v 393 267 143
v 394 160 90
v 401 272 152
v 411 136 74
v 515 200 87
v 516 145 68
v 517 982 469
v 518 1370 758
v 519 1304 644
v 520 1242 603
v 521 996 484
v 522 246 135
v 523 666 382
v 524 711 365
v 525 256 146
v 526 1975 947
v 527 481 234
v 528 271 141
v 529 425 220
v 530 863 376
v 531 655 357
v 532 725 327
v 533 1541 839
v 534 926 448
v 535 401 191
v 537 1117 624
v 538 1979 1027
v 539 1280 620
v 540 475 237
v 541 1424 735
v 542 993 464
v 543 937 444
v 544 329 143
v 545 310 120
v 546 380 192
v 547 1064 564
v 548 1281 602
v 549 362 204
v 550 128 68
v 551 729 365
v 552 341 167
v 553 480 247
v 554 890 402
v 555 446 224
v 556 565 315
v 557 266 122
v 558 376 194
v 559 448 224
v 560 1085 511
v 561 1277 556
v 562 824 386
v 563 255 129
v 564 174 82
v 565 759 437
v 566 1577 697
v 567 505 255
v 568 285 134
v 569 152 79
v 570 170 79
v 571 217 128
v 572 825 376
v 573 112 56
v 574 648 259
v 575 320 164
v 576 484 241
v 577 61 26
v 578 37 16
v 579 718 288
v 580 629 317
v 581 504 258
v 582 767 385
v 583 1254 585
v 584 277 157
v 585 160 86
v 586 1792 874
v 587 601 302
v 588 1160 508
v 589 115 55
v 590 274 126
v 591 143 62
v 592 223 102
v 593 212 106
v 594 98 38
v 595 190 112
v 596 975 475
v 597 1174 580
v 598 2125 1072
v 599 748 391
v 600 996 436
v 601 41 22
v 602 321 151
v 603 375 190
v 604 131 59
v 605 1111 555
v 606 167 80
v 607 114 53
v 608 498 233
v 609 1144 566
v 610 520 261
v 611 250 147
v 612 602 292
v 613 737 363
v 614 183 99
v 615 67 34
v 616 1349 614
v 617 940 442
v 618 738 358
v 619 450 214
v 620 475 263
v 621 540 312
v 622 509 218
v 623 699 334
v 624 637 318
v 625 299 145
v 626 480 257
v 631 613 318
v 632 350 169
v 633 591 294
v 635 880 455
v 638 507 271
v 640 971 490
v 641 467 227
v 643 501 243
v 647 1064 485
v 648 580 343
v 649 405 207
v 650 140 91
v 657 340 169
v 667 158 90
v 772 28 12
v 773 163 85
v 774 234 130
v 775 213 111
v 776 178 83
v 777 184 95
v 778 48 31
v 779 95 54
v 780 203 93
v 781 47 26
v 782 418 205
v 783 67 36
v 784 30 15
v 785 76 41
v 786 159 79
v 787 110 59
v 788 105 57
v 789 225 125
v 790 128 70
v 791 74 43
v 793 199 107
v 794 314 166
v 795 206 111
v 796 74 44
v 797 244 121
v 798 190 91
v 799 156 85
v 800 56 20
v 801 49 23
v 802 62 30
v 803 162 87
v 804 175 91
v 805 47 24
v 806 33 13
v 807 92 52
v 808 58 36
v 809 60 37
v 810 126 60
v 811 74 44
v 812 96 52
v 813 49 26
v 814 56 25
v 815 67 37
v 816 193 105
v 817 204 94
v 818 62 25
v 819 40 22
v 820 40 20
v 821 98 50
v 822 161 91
v 823 85 48
v 824 40 27
v 825 34 16
v 826 25 10
v 827 33 20
v 828 137 68
v 829 19 10
v 830 116 61
v 831 50 26
v 832 93 56
v 833 12 9
v 834 4 4
v 835 127 70
v 836 113 68
v 837 76 49
v 838 111 58
v 839 223 94
v 840 47 28
v 841 29 19
v 842 302 148
v 843 130 65
v 844 200 112
v 845 28 8
v 846 41 14
v 847 42 24
v 848 41 20
v 849 38 17
v 850 34 15
v 851 30 17
v 852 146 76
v 853 189 92
v 854 358 185
v 855 133 69
v 856 162 70
v 857 8 3
v 858 73 37
v 859 69 36
v 860 29 7
v 861 199 96
v 862 29 19
v 863 14 3
v 864 68 40
v 865 194 107
v 866 49 24
v 867 29 16
v 868 110 57
v 869 151 77
v 870 40 22
v 871 9 4
v 872 174 94
v 873 178 99
v 874 120 58
v 875 80 38
v 876 76 36
v 877 136 68
v 878 73 41
v 879 106 58
v 880 151 71
v 881 79 43
v 882 57 32
v 887 106 57
v 888 60 36
v 889 118 62
v 891 171 88
v 894 81 50
v 896 162 84
v 897 55 34
v 899 103 55
v 903 178 97
v 904 90 52
v 905 57 33
v 906 37 20
v 913 54 28
v 923 27 12
v 1029 120 59
v 1030 132 72
v 1031 151 78
v 1032 167 71
v 1033 113 57
v 1034 36 24
v 1035 72 47
v 1036 109 44
v 1037 30 20
v 1038 213 106
v 1039 56 31
v 1040 30 17
v 1041 46 27
v 1042 76 40
v 1043 59 29
v 1044 74 40
v 1045 194 107
v 1046 115 65
v 1047 48 25
v 1049 134 69
v 1050 217 126
v 1051 162 83
v 1052 63 29
v 1053 131 77
v 1054 113 53
v 1055 109 52
v 1056 55 26
v 1057 42 15
v 1058 45 17
v 1059 122 61
v 1060 119 63
v 1061 30 16
v 1062 11 6
v 1063 72 43
v 1064 47 27
v 1065 47 21
v 1066 90 40
v 1067 58 27
v 1068 63 27
v 1069 36 12
v 1070 31 14
v 1071 47 22
v 1072 105 45
v 1073 107 61
v 1074 43 20
v 1075 28 15
v 1076 19 10
v 1077 80 43
v 1078 148 79
v 1079 81 41
v 1080 27 10
v 1081 16 6
v 1082 19 7
v 1083 17 9
v 1084 112 55
v 1085 12 6
v 1086 97 46
v 1087 62 33
v 1088 63 34
v 1089 6 5
v 1090 4 2
v 1091 65 38
v 1092 50 25
v 1093 40 22
v 1094 73 43
v 1095 179 78
v 1096 33 20
v 1097 24 12
v 1098 181 82
v 1099 75 39
v 1100 123 64
v 1101 22 11
v 1102 18 8
v 1103 21 13
v 1104 23 11
v 1105 20 10
v 1106 11 6
v 1107 24 14
v 1108 105 50
v 1109 144 69
v 1110 229 123
v 1111 108 54
v 1112 98 37
v 1113 5 1
v 1114 35 19
v 1115 27 12
v 1116 20 9
v 1117 316 172
v 1118 30 12
v 1119 19 11
v 1120 59 29
v 1121 130 65
v 1122 53 32
v 1123 30 17
v 1124 66 38
v 1125 86 47
v 1126 27 18
v 1127 6 3
v 1128 140 67
v 1129 103 49
v 1130 71 35
v 1131 56 26
v 1132 60 35
v 1133 59 39
v 1134 50 31
v 1135 39 19
v 1136 78 38
v 1137 33 14
v 1138 50 24
v 1143 54 23
v 1144 99 65
v 1145 56 31
v 1147 107 49
v 1150 57 23
v 1152 115 61
v 1153 48 25
v 1155 61 36
v 1159 107 47
v 1160 55 28
v 1161 42 30
v 1162 14 7
v 1169 30 16
v 1179 24 14
v 1286 1124 631
v 1287 1015 495
v 1288 1198 545
v 1289 833 406
v 1290 244 121
v 1291 507 280
v 1292 577 301
v 1293 226 119
v 1294 1804 833
v 1295 377 181
v 1296 182 104
v 1297 331 187
v 1298 679 340
v 1299 473 277
v 1300 544 272
v 1301 1169 622
v 1302 719 373
v 1303 266 133
v 1305 901 467
v 1306 1646 836
v 1307 1062 549
v 1308 344 187
v 1309 1020 524
v 1310 892 443
v 1311 805 407
v 1312 283 127
v 1313 244 100
v 1314 322 154
v 1315 825 444
v 1316 877 454
v 1317 280 143
v 1318 99 58
v 1319 566 312
v 1320 319 171
v 1321 404 202
v 1322 563 268
v 1323 355 189
v 1324 448 242
v 1325 221 110
v 1326 257 149
v 1327 356 194
v 1328 847 420
v 1329 843 394
v 1330 261 129
v 1331 175 96
v 1332 168 73
v 1333 552 308
v 1334 1032 478
v 1335 369 201
v 1336 209 101
v 1337 119 63
v 1338 139 79
v 1339 207 114
v 1340 610 287
v 1341 93 47
v 1342 504 240
v 1343 228 120
v 1344 385 194
v 1345 59 27
v 1346 22 13
v 1347 398 194
v 1348 549 284
v 1349 387 211
v 1350 402 200
v 1351 1001 477
v 1352 244 130
v 1353 126 64
v 1354 1326 658
v 1355 523 259
v 1356 890 437
v 1357 68 29
v 1358 171 79
v 1359 115 60
v 1360 161 74
v 1361 142 78
v 1362 73 38
v 1363 154 89
v 1364 787 403
v 1365 923 485
v 1366 1796 890
v 1367 726 361
v 1368 798 354
v 1369 42 20
v 1370 250 123
v 1371 242 135
v 1372 103 48
v 1373 960 479
v 1374 101 65
v 1375 96 52
v 1376 341 194
v 1377 767 406
v 1378 244 143
v 1379 176 93
v 1380 461 237
v 1381 646 343
v 1382 159 76
v 1383 51 20
v 1384 1082 515
v 1385 760 399
v 1386 494 261
v 1387 365 172
v 1388 342 172
v 1389 420 256
v 1390 366 161
v 1391 400 213
v 1392 484 269
v 1393 217 106
v 1394 285 154
v 1399 506 255
v 1400 320 166
v 1401 518 220
v 1403 767 449
v 1406 336 180
v 1408 717 386
v 1409 314 198
v 1411 398 191
v 1415 760 355
v 1416 401 206
v 1417 261 136
v 1418 152 71
v 1425 257 139
v 1435 151 80
v 1543 1352 596
v 1544 1616 672
v 1545 1183 520
v 1546 337 157
v 1547 690 378
v 1548 1096 440
v 1549 304 138
v 1550 2140 887
v 1551 527 234
v 1552 234 95
v 1553 511 227
v 1554 1006 395
v 1555 666 329
v 1556 757 326
v 1557 1710 807
v 1558 950 408
v 1559 376 166
v 1561 1306 612
v 1562 2098 957
v 1563 1283 589
v 1564 455 216
v 1565 1531 663
v 1566 1248 520
v 1567 1127 456
v 1568 337 150
v 1569 318 125
v 1570 426 196
v 1571 1238 516
v 1572 1227 583
v 1573 387 179
v 1574 150 76
v 1575 788 378
v 1576 427 187
v 1577 552 236
v 1578 784 327
v 1579 517 247
v 1580 739 353
v 1581 352 160
v 1582 364 188
v 1583 518 237
v 1584 1318 592
v 1585 1405 566
v 1586 442 198
v 1587 239 109
v 1588 196 72
v 1589 775 390
v 1590 1457 610
v 1591 551 207
v 1592 327 152
v 1593 189 76
v 1594 199 100
v 1595 298 158
v 1596 791 324
v 1597 129 56
v 1598 688 281
v 1599 302 153
v 1600 564 251
v 1601 64 30
v 1602 24 11
v 1603 1079 418
v 1604 752 332
v 1605 521 268
v 1606 601 273
v 1607 1282 539
v 1608 291 145
v 1609 165 77
v 1610 1791 744
v 1611 686 314
v 1612 1241 489
v 1613 124 54
v 1614 241 85
v 1615 172 74
v 1616 251 119
v 1617 206 94
v 1618 134 53
v 1619 209 112
v 1620 963 424
v 1621 1253 536
v 1622 2328 1034
v 1623 850 374
v 1624 976 408
v 1625 59 29
v 1626 367 149
v 1627 409 185
v 1628 135 54
v 1629 1328 650
v 1630 139 59
v 1631 121 62
v 1632 491 208
v 1633 1068 461
v 1634 447 220
v 1635 263 122
v 1636 521 236
v 1637 840 389
v 1638 221 97
v 1639 64 27
v 1640 1224 558
v 1641 1077 485
v 1642 748 327
v 1643 443 181
v 1644 537 250
v 1645 774 397
v 1646 588 238
v 1647 610 272
v 1648 728 309
v 1649 368 132
v 1650 385 194
v 1655 691 292
v 1656 403 204
v 1657 752 316
v 1659 1107 520
v 1662 479 218
v 1664 1050 475
v 1665 400 171
v 1667 576 261
v 1671 1002 411
v 1672 580 273
v 1673 350 140
v 1674 203 97
v 1681 365 188
v 1691 154 66
v 1800 1342 606
v 1801 1060 508
v 1802 287 135
v 1803 620 375
v 1804 966 484
v 1805 292 163
v 1806 1992 1009
v 1807 421 219
v 1808 237 122
v 1809 404 210
v 1810 980 464
v 1811 643 351
v 1812 692 339
v 1813 1407 733
v 1814 888 435
v 1815 366 176
v 1817 1174 637
v 1818 2005 1034
v 1819 1270 622
v 1820 466 245
v 1821 1309 658
v 1822 1202 599
v 1823 937 458
v 1824 291 159
v 1825 326 150
v 1826 446 233
v 1827 1064 533
v 1828 1224 621
v 1829 380 190
v 1830 147 89
v 1831 708 383
v 1832 343 189
v 1833 558 276
v 1834 758 354
v 1835 408 201
v 1836 607 306
v 1837 273 132
v 1838 368 189
v 1839 394 190
v 1840 1099 540
v 1841 1262 590
v 1842 342 157
v 1843 251 124
v 1844 220 100
v 1845 727 400
v 1846 1347 601
v 1847 467 245
v 1848 261 128
v 1849 172 78
v 1850 147 73
v 1851 278 137
v 1852 792 364
v 1853 138 83
v 1854 623 302
v 1855 301 165
v 1856 506 256
v 1857 72 34
v 1858 42 27
v 1859 623 276
v 1860 701 357
v 1861 512 265
v 1862 587 288
v 1863 1338 642
v 1864 304 161
v 1865 168 93
v 1866 1821 907
v 1867 621 297
v 1868 1131 527
v 1869 117 56
v 1870 253 127
v 1871 162 82
v 1872 209 119
v 1873 197 93
v 1874 117 53
v 1875 217 113
v 1876 928 466
v 1877 1206 628
v 1878 2236 1099
v 1879 834 407
v 1880 939 458
v 1881 39 19
v 1882 376 188
v 1883 350 178
v 1884 141 67
v 1885 1165 597
v 1886 178 89
v 1887 133 76
v 1888 468 226
v 1889 1118 589
v 1890 437 229
v 1891 237 130
v 1892 632 351
v 1893 747 370
v 1894 208 111
v 1895 69 28
v 1896 1248 621
v 1897 989 497
v 1898 793 386
v 1899 486 248
v 1900 481 255
v 1901 532 309
v 1902 516 244
v 1903 536 266
v 1904 700 326
v 1905 306 144
v 1906 379 201
v 1911 684 347
v 1912 378 190
v 1913 682 319
v 1915 1006 494
v 1918 400 218
v 1920 1048 543
v 1921 490 263
v 1923 556 276
v 1927 950 436
v 1928 519 289
v 1929 329 178
v 1930 156 81
v 1937 321 170
v 1947 150 73
v 2057 1101 569
v 2058 300 146
v 2059 656 420
v 2060 911 437
v 2061 285 161
v 2062 2175 1179
v 2063 479 251
v 2064 233 133
v 2065 482 268
v 2066 960 496
v 2067 661 402
v 2068 736 386
v 2069 1566 879
v 2070 955 506
v 2071 406 231
v 2073 1193 644
v 2074 1970 1067
v 2075 1129 550
v 2076 494 296
v 2077 1411 842
v 2078 1179 612
v 2079 971 518
v 2080 409 189
v 2081 284 129
v 2082 373 214
v 2083 1097 639
v 2084 1282 687
v 2085 348 179
v 2086 137 66
v 2087 841 480
v 2088 463 275
v 2089 578 294
v 2090 932 470
v 2091 493 261
v 2092 725 392
v 2093 278 136
v 2094 398 207
v 2095 476 255
v 2096 1241 655
v 2097 1244 652
v 2098 325 165
v 2099 275 149
v 2100 176 91
v 2101 806 484
v 2102 1490 745
v 2103 533 275
v 2104 306 146
v 2105 128 61
v 2106 164 93
v 2107 279 146
v 2108 730 335
v 2109 107 53
v 2110 677 343
v 2111 267 159
v 2112 586 348
v 2113 51 22
v 2114 23 9
v 2115 722 363
v 2116 737 376
v 2117 533 296
v 2118 663 331
v 2119 1290 635
v 2120 299 178
v 2121 176 98
v 2122 1912 1023
v 2123 788 420
v 2124 1149 555
v 2125 114 61
v 2126 198 113
v 2127 130 85
v 2128 233 115
v 2129 221 122
v 2130 97 49
v 2131 207 122
v 2132 1039 562
v 2133 1208 645
v 2134 2205 1176
v 2135 1005 544
v 2136 1127 563
v 2137 51 28
v 2138 365 176
v 2139 312 154
v 2140 122 52
v 2141 1568 839
v 2142 149 81
v 2143 167 89
v 2144 478 270
v 2145 1100 621
v 2146 401 220
v 2147 221 135
v 2148 540 287
v 2149 795 438
v 2150 205 97
v 2151 59 36
v 2152 1217 611
v 2153 1315 731
v 2154 687 369
v 2155 476 253
v 2156 543 313
v 2157 608 353
v 2158 701 364
v 2159 457 243
v 2160 478 222
v 2161 323 178
v 2162 425 238
v 2167 719 385
v 2168 387 224
v 2169 598 303
v 2171 1029 589
v 2174 511 261
v 2176 1084 566
v 2177 478 250
v 2179 441 238
v 2183 1013 500
v 2184 537 305
v 2185 338 179
v 2186 209 112
v 2193 352 221
v 2203 161 92
v 2314 254 141
v 2315 497 305
v 2316 822 375
v 2317 262 144
v 2318 1985 1033
v 2319 396 213
v 2320 186 105
v 2321 450 247
v 2322 755 367
v 2323 474 278
v 2324 581 289
v 2325 1299 687
v 2326 839 416
v 2327 310 152
v 2329 974 552
v 2330 1701 892
v 2331 994 523
v 2332 465 252
v 2333 1105 577
v 2334 961 461
v 2335 796 401
v 2336 281 146
v 2337 259 109
v 2338 312 146
v 2339 822 436
v 2340 1027 499
v 2341 296 140
v 2342 106 46
v 2343 644 342
v 2344 342 189
v 2345 393 199
v 2346 604 271
v 2347 359 191
v 2348 520 284
v 2349 252 123
v 2350 272 140
v 2351 370 191
v 2352 929 490
v 2353 1032 514
v 2354 321 161
v 2355 221 115
v 2356 187 79
v 2357 549 323
v 2358 945 444
v 2359 448 220
v 2360 233 108
v 2361 123 64
v 2362 127 73
v 2363 192 104
v 2364 636 313
v 2365 105 47
v 2366 629 271
v 2367 242 133
v 2368 428 236
v 2369 49 24
v 2370 17 6
v 2371 526 268
v 2372 588 301
v 2373 438 229
v 2374 396 185
v 2375 1108 502
v 2376 221 121
v 2377 133 83
v 2378 1387 696
v 2379 573 311
v 2380 982 462
v 2381 83 35
v 2382 188 91
v 2383 121 77
v 2384 186 87
v 2385 144 74
v 2386 98 39
v 2387 173 87
v 2388 838 428
v 2389 920 470
v 2390 1859 923
v 2391 701 346
v 2392 855 390
v 2393 58 17
v 2394 262 120
v 2395 289 128
v 2396 110 52
v 2397 1091 579
v 2398 134 64
v 2399 100 47
v 2400 378 191
v 2401 838 442
v 2402 336 191
v 2403 162 95
v 2404 467 244
v 2405 685 358
v 2406 142 69
v 2407 51 25
v 2408 1062 505
v 2409 877 456
v 2410 672 349
v 2411 419 215
v 2412 392 203
v 2413 520 281
v 2414 420 214
v 2415 411 202
v 2416 585 287
v 2417 253 120
v 2418 293 173
v 2423 576 300
v 2424 285 159
v 2425 531 243
v 2427 843 466
v 2430 326 171
v 2432 768 404
v 2433 338 170
v 2435 421 219
v 2439 726 365
v 2440 446 216
v 2441 269 138
v 2442 144 70
v 2449 249 146
v 2459 153 75
v 2571 154 87
v 2572 182 87
v 2573 68 38
v 2574 568 284
v 2575 131 77
v 2576 50 23
v 2577 91 45
v 2578 193 90
v 2579 142 91
v 2580 157 87
v 2581 342 170
v 2582 172 98
v 2583 109 60
v 2585 260 120
v 2586 370 196
v 2587 271 131
v 2588 109 53
v 2589 330 175
v 2590 291 138
v 2591 255 123
v 2592 76 36
v 2593 89 32
v 2594 99 48
v 2595 265 141
v 2596 247 135
v 2597 106 51
v 2598 28 13
v 2599 181 100
v 2600 90 46
v 2601 97 45
v 2602 200 89
v 2603 90 50
v 2604 180 90
v 2605 71 38
v 2606 101 50
v 2607 89 57
v 2608 351 166
v 2609 291 120
v 2610 112 53
v 2611 62 34
v 2612 36 15
v 2613 157 96
v 2614 330 174
v 2615 132 61
v 2616 72 42
v 2617 36 17
v 2618 40 21
v 2619 68 33
v 2620 161 75
v 2621 42 17
v 2622 155 57
v 2623 74 33
v 2624 147 70
v 2625 21 17
v 2626 9 7
v 2627 134 62
v 2628 102 47
v 2629 101 47
v 2630 144 80
v 2631 381 183
v 2632 84 43
v 2633 50 22
v 2634 407 202
v 2635 138 74
v 2636 259 118
v 2637 34 15
v 2638 55 22
v 2639 44 23
v 2640 55 29
v 2641 46 21
v 2642 29 11
v 2643 59 38
v 2644 211 107
v 2645 301 159
v 2646 488 236
v 2647 199 91
v 2648 141 64
v 2649 17 6
v 2650 104 48
v 2651 106 59
v 2652 37 14
v 2653 302 135
v 2654 32 15
v 2655 24 14
v 2656 88 43
v 2657 265 140
v 2658 81 51
v 2659 54 32
v 2660 153 76
v 2661 141 57
v 2662 61 28
v 2663 18 8
v 2664 260 126
v 2665 209 94
v 2666 199 103
v 2667 103 56
v 2668 115 62
v 2669 175 93
v 2670 140 69
v 2671 164 89
v 2672 194 93
v 2673 93 44
v 2674 96 46
v 2679 159 77
v 2680 92 52
v 2681 129 58
v 2683 235 124
v 2686 104 63
v 2688 264 128
v 2689 120 62
v 2691 130 68
v 2695 272 129
v 2696 170 87
v 2697 77 44
v 2698 38 22
v 2705 83 51
v 2715 47 21
v 2828 452 164
v 2829 130 50
v 2830 1015 399
v 2831 222 91
v 2832 116 60
v 2833 229 100
v 2834 440 184
v 2835 263 134
v 2836 340 134
v 2837 746 322
v 2838 440 199
v 2839 197 78
v 2841 700 323
v 2842 1008 431
v 2843 609 239
v 2844 212 85
v 2845 715 300
v 2846 581 236
v 2847 493 185
v 2848 169 75
v 2849 169 66
v 2850 238 108
v 2851 573 251
v 2852 632 260
v 2853 183 76
v 2854 57 33
v 2855 344 160
v 2856 167 66
v 2857 241 110
v 2858 365 140
v 2859 228 95
v 2860 297 113
v 2861 154 58
v 2862 218 90
v 2863 223 89
v 2864 592 214
v 2865 613 241
v 2866 196 68
v 2867 127 58
v 2868 89 43
v 2869 352 187
v 2870 652 256
v 2871 231 98
v 2872 126 52
v 2873 88 37
v 2874 72 32
v 2875 118 49
v 2876 389 159
v 2877 73 31
v 2878 282 101
v 2879 179 80
v 2880 274 130
v 2881 34 12
v 2882 11 8
v 2883 330 133
v 2884 380 155
v 2885 234 108
v 2886 305 125
v 2887 558 212
v 2888 138 66
v 2889 78 35
v 2890 963 346
v 2891 314 124
v 2892 585 198
v 2893 42 15
v 2894 116 40
v 2895 63 20
v 2896 109 43
v 2897 104 43
v 2898 41 14
v 2899 85 42
v 2900 494 217
v 2901 603 249
v 2902 1113 502
v 2903 400 162
v 2904 449 172
v 2905 29 11
v 2906 207 88
v 2907 210 86
v 2908 70 26
v 2909 612 266
v 2910 69 22
v 2911 59 23
v 2912 230 117
v 2913 502 207
v 2914 217 105
v 2915 130 55
v 2916 298 123
v 2917 413 163
v 2918 92 41
v 2919 45 19
v 2920 620 244
v 2921 522 217
v 2922 381 170
v 2923 215 84
v 2924 223 92
v 2925 362 182
v 2926 295 109
v 2927 298 117
v 2928 317 111
v 2929 191 60
v 2930 197 97
v 2935 295 126
v 2936 191 91
v 2937 360 133
v 2939 403 164
v 2942 216 82
v 2944 521 200
v 2945 220 106
v 2947 272 112
v 2951 498 184
v 2952 296 135
v 2953 183 67
v 2954 111 47
v 2961 171 87
v 2971 83 44
v 3085 178 93
v 3086 1394 711
v 3087 268 147
v 3088 178 86
v 3089 307 167
v 3090 1394 678
v 3091 396 238
v 3092 602 340
v 3093 1022 576
v 3094 568 315
v 3095 251 136
v 3097 758 439
v 3098 1360 750
v 3099 1056 595
v 3100 321 208
v 3101 843 418
v 3102 780 408
v 3103 683 353
v 3104 205 91
v 3105 236 132
v 3106 268 146
v 3107 706 426
v 3108 850 450
v 3109 246 136
v 3110 114 64
v 3111 522 316
v 3112 292 157
v 3113 329 163
v 3114 637 372
v 3115 270 150
v 3116 433 213
v 3117 176 86
v 3118 256 156
v 3119 269 169
v 3120 1095 569
v 3121 981 489
v 3122 324 149
v 3123 197 107
v 3124 250 122
v 3125 450 265
v 3126 826 441
v 3127 328 154
v 3128 177 106
v 3129 123 64
v 3130 103 61
v 3131 194 104
v 3132 574 309
v 3133 104 53
v 3134 547 260
v 3135 233 142
v 3136 353 199
v 3137 42 22
v 3138 25 12
v 3139 407 221
v 3140 497 305
v 3141 382 191
v 3142 367 193
v 3143 888 441
v 3144 223 124
v 3145 111 55
v 3146 1305 707
v 3147 509 293
v 3148 771 399
v 3149 106 72
v 3150 201 114
v 3151 120 74
v 3152 139 58
v 3153 144 80
v 3154 85 34
v 3155 165 93
v 3156 741 432
v 3157 903 494
v 3158 1505 767
v 3159 624 314
v 3160 691 340
v 3161 36 18
v 3162 268 142
v 3163 279 136
v 3164 124 60
v 3165 781 400
v 3166 233 113
v 3167 79 42
v 3168 299 149
v 3169 789 430
v 3170 263 137
v 3171 160 89
v 3172 486 256
v 3173 566 301
v 3174 124 65
v 3175 57 32
v 3176 885 430
v 3177 763 404
v 3178 590 315
v 3179 318 159
v 3180 286 147
v 3181 469 324
v 3182 372 189
v 3183 428 233
v 3184 555 281
v 3185 271 143
v 3186 243 146
v 3191 470 258
v 3192 252 151
v 3193 507 271
v 3195 735 419
v 3198 271 150
v 3200 718 377
v 3201 278 175
v 3203 396 223
v 3207 684 346
v 3208 441 230
v 3209 253 140
v 3210 106 66
v 3217 222 126
v 3227 113 61
v 3342 479 238
v 3343 105 44
v 3344 39 17
v 3345 110 60
v 3346 205 86
v 3347 127 64
v 3348 190 86
v 3349 312 162
v 3350 170 77
v 3351 78 40
v 3353 283 138
v 3354 306 136
v 3355 218 100
v 3356 90 42
v 3357 284 137
v 3358 239 120
v 3359 218 96
v 3360 71 30
v 3361 72 28
v 3362 95 41
v 3363 189 89
v 3364 201 106
v 3365 73 36
v 3366 29 13
v 3367 239 122
v 3368 71 35
v 3369 116 58
v 3370 165 67
v 3371 95 52
v 3372 127 59
v 3373 68 29
v 3374 54 24
v 3375 96 33
v 3376 209 91
v 3377 220 90
v 3378 114 60
v 3379 59 31
v 3380 53 27
v 3381 189 96
v 3382 257 119
v 3383 133 63
v 3384 48 18
v 3385 44 26
v 3386 37 16
v 3387 52 26
v 3388 115 39
v 3389 23 12
v 3390 147 69
v 3391 77 40
v 3392 110 47
v 3393 20 13
v 3394 6 2
v 3395 133 51
v 3396 167 93
v 3397 124 56
v 3398 120 60
v 3399 344 145
v 3400 55 24
v 3401 28 14
v 3402 483 240
v 3403 118 58
v 3404 215 89
v 3405 22 11
v 3406 69 41
v 3407 38 15
v 3408 42 28
v 3409 31 17
v 3410 25 10
v 3411 40 26
v 3412 177 88
v 3413 225 95
v 3414 453 198
v 3415 186 75
v 3416 165 73
v 3417 11 3
v 3418 79 31
v 3419 67 37
v 3420 19 10
v 3421 272 129
v 3422 29 13
v 3423 33 11
v 3424 97 52
v 3425 236 110
v 3426 97 57
v 3427 41 27
v 3428 156 74
v 3429 132 64
v 3430 54 24
v 3431 15 5
v 3432 232 99
v 3433 240 122
v 3434 171 84
v 3435 84 33
v 3436 91 48
v 3437 128 69
v 3438 115 53
v 3439 158 66
v 3440 167 76
v 3441 62 28
v 3442 74 33
v 3447 146 66
v 3448 72 30
v 3449 125 54
v 3451 204 92
v 3454 117 65
v 3456 231 111
v 3457 97 46
v 3459 119 63
v 3463 221 99
v 3464 116 60
v 3465 73 33
v 3466 30 11
v 3473 71 31
v 3483 44 18
v 3599 788 404
v 3600 325 173
v 3601 800 424
v 3602 1591 723
v 3603 895 484
v 3604 1142 546
v 3605 2390 1236
v 3606 1373 745
v 3607 565 277
v 3609 1981 1059
v 3610 3298 1681
v 3611 2155 1085
v 3612 834 405
v 3613 2455 1268
v 3614 1938 982
v 3615 1822 882
v 3616 480 252
v 3617 534 243
v 3618 695 359
v 3619 1407 756
v 3620 1998 1068
v 3621 701 359
v 3622 236 112
v 3623 1270 646
v 3624 617 331
v 3625 742 391
v 3626 1344 579
v 3627 763 396
v 3628 876 467
v 3629 513 267
v 3630 504 266
v 3631 749 391
v 3632 1835 908
v 3633 2153 1034
v 3634 726 338
v 3635 421 222
v 3636 362 155
v 3637 1103 630
v 3638 2385 1128
v 3639 924 447
v 3640 443 212
v 3641 253 127
v 3642 287 149
v 3643 409 227
v 3644 1164 540
v 3645 220 106
v 3646 1278 582
v 3647 573 293
v 3648 889 501
v 3649 93 51
v 3650 74 38
v 3651 955 478
v 3652 1100 548
v 3653 907 456
v 3654 1162 546
v 3655 2148 1060
v 3656 446 229
v 3657 249 153
v 3658 3081 1487
v 3659 989 465
v 3660 2035 944
v 3661 230 117
v 3662 450 222
v 3663 264 150
v 3664 370 192
v 3665 357 195
v 3666 194 70
v 3667 323 183
v 3668 1590 816
v 3669 2187 1090
v 3670 3789 1863
v 3671 1531 741
v 3672 1541 724
v 3673 87 33
v 3674 671 324
v 3675 706 314
v 3676 243 104
v 3677 2272 1109
v 3678 248 121
v 3679 230 106
v 3680 773 408
v 3681 1659 804
v 3682 1073 579
v 3683 406 212
v 3684 977 485
v 3685 1485 739
v 3686 360 169
v 3687 126 51
v 3688 1858 931
v 3689 1777 889
v 3690 1205 606
v 3691 824 420
v 3692 778 413
v 3693 1132 626
v 3694 936 454
v 3695 946 477
v 3696 1273 633
v 3697 553 252
v 3698 733 398
v 3703 1253 629
v 3704 677 331
v 3705 1214 549
v 3707 1690 881
v 3710 742 362
v 3712 1571 780
v 3713 608 313
v 3715 989 486
v 3719 1807 808
v 3720 949 488
v 3721 583 288
v 3722 251 142
v 3729 596 335
v 3739 267 133
v 3856 73 37
v 3857 200 94
v 3858 264 129
v 3859 209 121
v 3860 231 120
v 3861 508 267
v 3862 351 181
v 3863 114 59
v 3865 410 223
v 3866 667 364
v 3867 382 163
v 3868 172 80
v 3869 496 263
v 3870 326 158
v 3871 324 161
v 3872 116 54
v 3873 81 32
v 3874 113 55
v 3875 383 179
v 3876 429 214
v 3877 122 49
v 3878 38 21
v 3879 331 164
v 3880 121 61
v 3881 199 102
v 3882 298 141
v 3883 158 79
v 3884 192 99
v 3885 110 50
v 3886 86 48
v 3887 167 85
v 3888 328 172
v 3889 425 202
v 3890 118 55
v 3891 87 47
v 3892 65 31
v 3893 278 128
v 3894 516 255
v 3895 151 84
v 3896 105 52
v 3897 46 25
v 3898 59 35
v 3899 96 61
v 3900 267 123
v 3901 28 13
v 3902 237 103
v 3903 119 67
v 3904 194 109
v 3905 20 11
v 3906 9 7
v 3907 209 94
v 3908 238 129
v 3909 194 104
v 3910 164 93
v 3911 490 245
v 3912 96 51
v 3913 57 30
v 3914 556 269
v 3915 246 135
v 3916 417 201
v 3917 27 16
v 3918 70 31
v 3919 53 27
v 3920 73 38
v 3921 64 25
v 3922 35 16
v 3923 73 41
v 3924 378 190
v 3925 376 200
v 3926 760 397
v 3927 282 127
v 3928 364 161
v 3929 13 4
v 3930 110 46
v 3931 84 40
v 3932 44 19
v 3933 431 224
v 3934 42 22
v 3935 44 22
v 3936 151 84
v 3937 369 176
v 3938 137 68
v 3939 71 28
v 3940 190 96
v 3941 276 159
v 3942 86 48
v 3943 32 13
v 3944 497 262
v 3945 283 135
v 3946 273 126
v 3947 142 64
v 3948 170 92
v 3949 175 92
v 3950 144 67
v 3951 153 92
v 3952 219 109
v 3953 94 43
v 3954 136 65
v 3959 243 111
v 3960 121 70
v 3961 214 110
v 3963 309 165
v 3966 146 64
v 3968 349 179
v 3969 126 76
v 3971 158 74
v 3975 308 129
v 3976 200 109
v 3977 117 67
v 3978 51 34
v 3985 123 70
v 3995 41 25
v 4113 71 39
v 4114 147 74
v 4115 103 58
v 4116 125 64
v 4117 238 110
v 4118 136 76
v 4119 72 34
v 4121 221 99
v 4122 368 190
v 4123 253 121
v 4124 96 47
v 4125 212 120
v 4126 219 100
v 4127 183 87
v 4128 72 39
v 4129 56 33
v 4130 64 28
v 4131 164 87
v 4132 216 109
v 4133 71 42
v 4134 34 15
v 4135 122 54
v 4136 73 36
v 4137 87 41
v 4138 150 65
v 4139 94 39
v 4140 112 58
v 4141 62 25
v 4142 75 40
v 4143 70 42
v 4144 190 86
v 4145 201 97
v 4146 61 30
v 4147 45 27
v 4148 30 19
v 4149 136 72
v 4150 228 102
v 4151 91 41
v 4152 52 24
v 4153 32 15
v 4154 24 11
v 4155 49 22
v 4156 118 43
v 4157 22 7
v 4158 99 42
v 4159 48 18
v 4160 101 48
v 4161 9 6
v 4162 8 5
v 4163 126 54
v 4164 114 59
v 4165 92 47
v 4166 115 60
v 4167 204 104
v 4168 45 28
v 4169 36 17
v 4170 312 155
v 4171 87 44
v 4172 207 105
v 4173 25 17
v 4174 34 14
v 4175 33 18
v 4176 37 18
v 4177 46 31
v 4178 24 8
v 4179 32 16
v 4180 162 73
v 4181 195 96
v 4182 395 199
v 4183 140 71
v 4184 179 76
v 4185 5 2
v 4186 53 23
v 4187 56 26
v 4188 15 6
v 4189 205 101
v 4190 27 13
v 4191 30 7
v 4192 62 26
v 4193 203 90
v 4194 63 23
v 4195 44 25
v 4196 90 44
v 4197 136 74
v 4198 34 15
v 4199 12 4
v 4200 254 119
v 4201 173 73
v 4202 126 67
v 4203 83 40
v 4204 83 47
v 4205 121 70
v 4206 83 33
v 4207 88 43
v 4208 121 64
v 4209 51 20
v 4210 71 39
v 4215 108 55
v 4216 75 44
v 4217 102 46
v 4219 155 68
v 4222 88 40
v 4224 185 97
v 4225 72 33
v 4227 92 42
v 4231 169 73
v 4232 88 50
v 4233 61 36
v 4234 27 12
v 4241 68 40
v 4251 27 10
v 4370 337 155
v 4371 200 96
v 4372 287 145
v 4373 525 254
v 4374 370 181
v 4375 117 45
v 4377 431 201
v 4378 556 271
v 4379 363 160
v 4380 158 80
v 4381 462 241
v 4382 403 189
v 4383 343 148
v 4384 88 38
v 4385 124 60
v 4386 210 89
v 4387 440 237
v 4388 405 202
v 4389 142 76
v 4390 49 30
v 4391 276 154
v 4392 191 108
v 4393 186 95
v 4394 277 109
v 4395 154 70
v 4396 209 100
v 4397 91 52
v 4398 110 51
v 4399 148 74
v 4400 383 170
v 4401 413 187
v 4402 130 55
v 4403 93 54
v 4404 70 28
v 4405 306 181
v 4406 459 198
v 4407 220 109
v 4408 109 54
v 4409 62 20
v 4410 56 25
v 4411 86 49
v 4412 244 102
v 4413 40 17
v 4414 279 133
v 4415 122 65
v 4416 179 92
v 4417 26 9
v 4418 15 8
v 4419 226 96
v 4420 287 143
v 4421 186 75
v 4422 204 102
v 4423 467 210
v 4424 128 75
v 4425 55 28
v 4426 635 303
v 4427 163 77
v 4428 374 168
v 4429 26 12
v 4430 85 39
v 4431 86 51
v 4432 83 45
v 4433 68 31
v 4434 33 10
v 4435 62 27
v 4436 333 156
v 4437 439 198
v 4438 773 380
v 4439 224 117
v 4440 267 113
v 4441 17 8
v 4442 164 80
v 4443 133 56
v 4444 46 15
v 4445 404 191
v 4446 47 20
v 4447 51 26
v 4448 174 84
v 4449 390 188
v 4450 154 70
v 4451 73 37
v 4452 226 122
v 4453 221 117
v 4454 67 34
v 4455 32 19
v 4456 403 189
v 4457 368 165
v 4458 282 121
v 4459 168 84
v 4460 165 95
v 4461 207 103
v 4462 182 85
v 4463 201 94
v 4464 288 139
v 4465 109 52
v 4466 143 69
v 4471 223 124
v 4472 140 77
v 4473 202 87
v 4475 364 189
v 4478 166 79
v 4480 354 188
v 4481 165 90
v 4483 195 99
v 4487 355 169
v 4488 191 96
v 4489 117 63
v 4490 56 28
v 4497 115 57
v 4507 50 30
v 4627 381 224
v 4628 402 199
v 4629 966 533
v 4630 579 324
v 4631 222 118
v 4633 800 441
v 4634 1386 736
v 4635 763 392
v 4636 283 141
v 4637 799 435
v 4638 785 404
v 4639 661 334
v 4640 212 117
v 4641 229 124
v 4642 251 116
v 4643 682 374
v 4644 767 420
v 4645 274 157
v 4646 116 65
v 4647 536 291
v 4648 219 123
v 4649 335 190
v 4650 563 246
v 4651 321 183
v 4652 364 199
v 4653 210 101
v 4654 256 128
v 4655 314 153
v 4656 762 384
v 4657 848 407
v 4658 242 128
v 4659 195 107
v 4660 126 72
v 4661 470 288
v 4662 891 431
v 4663 451 256
v 4664 180 91
v 4665 110 60
v 4666 101 52
v 4667 179 101
v 4668 602 286
v 4669 125 63
v 4670 456 212
v 4671 203 106
v 4672 326 182
v 4673 36 19
v 4674 28 21
v 4675 351 170
v 4676 456 241
v 4677 365 189
v 4678 450 222
v 4679 949 445
v 4680 201 102
v 4681 114 61
v 4682 1124 588
v 4683 403 197
v 4684 807 375
v 4685 102 51
v 4686 217 105
v 4687 113 62
v 4688 143 71
v 4689 169 91
v 4690 93 50
v 4691 126 68
v 4692 602 290
v 4693 745 397
v 4694 1477 748
v 4695 653 327
v 4696 736 365
v 4697 52 23
v 4698 240 126
v 4699 270 135
v 4700 108 41
v 4701 908 492
v 4702 94 54
v 4703 110 50
v 4704 268 157
v 4705 672 355
v 4706 306 170
v 4707 147 77
v 4708 404 207
v 4709 639 360
v 4710 157 88
v 4711 72 27
v 4712 915 474
v 4713 667 336
v 4714 546 287
v 4715 326 193
v 4716 311 180
v 4717 396 216
v 4718 268 121
v 4719 331 178
v 4720 391 181
v 4721 220 111
v 4722 238 126
v 4727 430 226
v 4728 281 137
v 4729 467 249
v 4731 666 373
v 4734 296 170
v 4736 735 393
v 4737 271 163
v 4739 409 235
v 4743 680 345
v 4744 387 216
v 4745 253 147
v 4746 123 66
v 4753 229 132
v 4763 126 68
v 4884 348 150
v 4885 715 326
v 4886 422 177
v 4887 167 70
v 4889 562 255
v 4890 1024 451
v 4891 589 224
v 4892 225 93
v 4893 625 280
v 4894 550 231
v 4895 444 182
v 4896 145 61
v 4897 178 73
v 4898 202 76
v 4899 466 221
v 4900 593 250
v 4901 162 70
v 4902 88 40
v 4903 323 158
v 4904 174 66
v 4905 226 107
v 4906 335 125
v 4907 203 88
v 4908 274 116
v 4909 171 69
v 4910 162 73
v 4911 207 84
v 4912 529 220
v 4913 552 210
v 4914 152 53
v 4915 127 59
v 4916 97 42
v 4917 333 145
v 4918 673 261
v 4919 225 100
v 4920 122 58
v 4921 70 33
v 4922 75 34
v 4923 127 58
v 4924 353 152
v 4925 57 28
v 4926 309 108
v 4927 129 62
v 4928 243 123
v 4929 30 17
v 4930 16 5
v 4931 311 120
v 4932 345 136
v 4933 261 122
v 4934 321 146
v 4935 689 281
v 4936 162 66
v 4937 71 31
v 4938 930 392
v 4939 293 129
v 4940 540 205
v 4941 63 27
v 4942 97 42
v 4943 83 40
v 4944 98 47
v 4945 116 55
v 4946 52 17
v 4947 101 51
v 4948 415 195
v 4949 486 203
v 4950 1028 460
v 4951 402 174
v 4952 449 185
v 4953 26 9
v 4954 166 70
v 4955 149 64
v 4956 66 29
v 4957 582 281
v 4958 62 30
v 4959 62 26
v 4960 204 79
v 4961 513 245
v 4962 274 123
v 4963 109 57
v 4964 315 138
v 4965 399 178
v 4966 99 40
v 4967 35 10
v 4968 581 232
v 4969 502 229
v 4970 372 159
v 4971 177 73
v 4972 218 90
v 4973 304 152
v 4974 221 90
v 4975 235 109
v 4976 281 107
v 4977 150 56
v 4978 189 91
v 4983 274 129
v 4984 200 84
v 4985 304 108
v 4987 431 220
v 4990 229 104
v 4992 531 245
v 4993 209 107
v 4995 280 120
v 4999 425 182
v 5000 255 121
v 5001 179 87
v 5002 92 39
v 5009 158 74
v 5019 77 27
v 5141 758 404
v 5142 468 242
v 5143 207 110
v 5145 630 359
v 5146 1071 570
v 5147 682 314
v 5148 250 147
v 5149 685 340
v 5150 621 307
v 5151 526 259
v 5152 167 83
v 5153 188 75
v 5154 189 98
v 5155 587 318
v 5156 636 316
v 5157 201 102
v 5158 83 41
v 5159 368 221
v 5160 170 82
v 5161 256 137
v 5162 395 174
v 5163 249 133
v 5164 361 184
v 5165 161 81
v 5166 189 98
v 5167 237 117
v 5168 583 283
v 5169 678 300
v 5170 225 113
v 5171 160 84
v 5172 91 48
v 5173 372 210
v 5174 618 286
v 5175 273 126
v 5176 135 85
v 5177 79 33
v 5178 73 43
v 5179 122 83
v 5180 376 189
v 5181 69 30
v 5182 338 172
v 5183 167 91
v 5184 286 146
v 5185 36 17
v 5186 18 9
v 5187 361 171
v 5188 430 222
v 5189 294 149
v 5190 260 137
v 5191 722 356
v 5192 142 75
v 5193 78 46
v 5194 961 489
v 5195 353 177
v 5196 579 276
v 5197 61 30
v 5198 105 48
v 5199 74 45
v 5200 124 70
v 5201 96 48
v 5202 50 25
v 5203 114 63
v 5204 510 262
v 5205 593 304
v 5206 1193 579
v 5207 512 242
v 5208 505 244
v 5209 33 15
v 5210 179 83
v 5211 161 83
v 5212 66 26
v 5213 717 377
v 5214 68 36
v 5215 73 34
v 5216 229 125
v 5217 607 324
v 5218 204 113
v 5219 112 53
v 5220 320 168
v 5221 400 217
v 5222 90 50
v 5223 33 19
v 5224 618 300
v 5225 536 267
v 5226 374 189
v 5227 221 111
v 5228 257 127
v 5229 322 175
v 5230 243 112
v 5231 298 160
v 5232 349 162
v 5233 168 67
v 5234 211 104
v 5239 314 164
v 5240 211 112
v 5241 336 165
v 5243 488 277
v 5246 238 112
v 5248 543 261
v 5249 243 123
v 5251 266 135
v 5255 552 265
v 5256 290 141
v 5257 166 90
v 5258 100 58
v 5265 177 98
v 5275 71 42
v 5398 1084 512
v 5399 404 207
v 5401 1457 772
v 5402 2330 1114
v 5403 1467 656
v 5404 496 239
v 5405 1492 709
v 5406 1251 574
v 5407 1070 463
v 5408 398 175
v 5409 417 163
v 5410 462 232
v 5411 1263 622
v 5412 1412 680
v 5413 388 197
v 5414 167 80
v 5415 906 452
v 5416 437 219
v 5417 624 288
v 5418 891 398
v 5419 510 289
v 5420 686 321
v 5421 355 160
v 5422 396 199
v 5423 555 283
v 5424 1372 643
v 5425 1445 652
v 5426 425 191
v 5427 307 153
v 5428 239 120
v 5429 827 440
v 5430 1304 586
v 5431 602 297
v 5432 287 136
v 5433 171 82
v 5434 223 123
v 5435 287 155
v 5436 836 377
v 5437 145 64
v 5438 795 344
v 5439 365 188
v 5440 556 298
v 5441 50 26
v 5442 22 8
v 5443 720 316
v 5444 750 376
v 5445 601 301
v 5446 597 287
v 5447 1514 664
v 5448 333 189
v 5449 198 110
v 5450 2004 940
v 5451 728 357
v 5452 1267 550
v 5453 108 47
v 5454 272 118
v 5455 190 108
v 5456 248 124
v 5457 200 102
v 5458 114 45
v 5459 242 144
v 5460 1094 490
v 5461 1288 682
v 5462 2498 1195
v 5463 1013 498
v 5464 1168 492
v 5465 59 35
v 5466 383 187
v 5467 378 172
v 5468 125 48
v 5469 1362 675
v 5470 148 74
v 5471 163 77
v 5472 654 318
v 5473 1171 577
v 5474 428 221
v 5475 236 117
v 5476 680 330
v 5477 925 470
v 5478 231 113
v 5479 83 34
v 5480 1365 628
v 5481 1153 543
v 5482 845 377
v 5483 494 222
v 5484 495 264
v 5485 636 310
v 5486 604 264
v 5487 579 273
v 5488 746 374
v 5489 326 138
v 5490 420 231
v 5495 734 345
v 5496 470 234
v 5497 712 315
v 5499 1042 557
v 5502 524 240
v 5504 1131 556
v 5505 477 227
v 5507 540 275
v 5511 1088 530
v 5512 690 339
v 5513 412 210
v 5514 247 133
v 5521 384 196
v 5531 177 94
v 5655 238 122
v 5657 853 438
v 5658 1400 735
v 5659 905 453
v 5660 326 186
v 5661 919 446
v 5662 789 356
v 5663 690 299
v 5664 244 132
v 5665 221 97
v 5666 288 130
v 5667 829 431
v 5668 774 381
v 5669 245 123
v 5670 90 40
v 5671 578 324
v 5672 316 160
v 5673 365 169
v 5674 565 241
v 5675 309 159
v 5676 452 215
v 5677 235 105
v 5678 255 123
v 5679 348 169
v 5680 714 367
v 5681 833 368
v 5682 256 113
v 5683 186 90
v 5684 133 64
v 5685 498 293
v 5686 884 367
v 5687 323 153
v 5688 178 99
v 5689 111 42
v 5690 109 47
v 5691 162 93
v 5692 569 271
v 5693 100 48
v 5694 531 226
v 5695 215 120
v 5696 380 186
v 5697 33 11
v 5698 23 14
v 5699 517 259
v 5700 476 233
v 5701 389 204
v 5702 372 194
v 5703 985 451
v 5704 214 109
v 5705 103 54
v 5706 1269 611
v 5707 465 223
v 5708 822 376
v 5709 85 43
v 5710 156 79
v 5711 109 57
v 5712 156 77
v 5713 140 64
v 5714 98 43
v 5715 165 88
v 5716 732 383
v 5717 778 398
v 5718 1538 778
v 5719 659 315
v 5720 715 343
v 5721 36 19
v 5722 242 110
v 5723 217 104
v 5724 88 36
v 5725 798 405
v 5726 102 42
v 5727 102 49
v 5728 302 153
v 5729 696 342
v 5730 275 149
v 5731 154 77
v 5732 440 217
v 5733 611 316
v 5734 139 54
v 5735 47 20
v 5736 857 413
v 5737 686 350
v 5738 527 256
v 5739 305 131
v 5740 316 178
v 5741 394 217
v 5742 326 162
v 5743 336 159
v 5744 426 194
v 5745 230 102
v 5746 249 144
v 5751 460 218
v 5752 243 120
v 5753 427 200
v 5755 634 347
v 5758 347 159
v 5760 716 371
v 5761 303 143
v 5763 332 164
v 5767 672 295
v 5768 367 164
v 5769 230 109
v 5770 116 68
v 5777 250 137
v 5787 99 48
v 5913 332 175
v 5914 594 309
v 5915 374 191
v 5916 145 72
v 5917 360 191
v 5918 317 162
v 5919 281 131
v 5920 88 46
v 5921 90 36
v 5922 110 59
v 5923 310 168
v 5924 370 181
v 5925 98 53
v 5926 36 16
v 5927 209 118
v 5928 94 50
v 5929 163 80
v 5930 240 129
v 5931 129 69
v 5932 192 100
v 5933 98 46
v 5934 121 75
v 5935 113 48
v 5936 305 150
v 5937 344 152
v 5938 106 45
v 5939 83 52
v 5940 51 26
v 5941 185 113
v 5942 377 166
v 5943 132 64
v 5944 69 33
v 5945 36 18
v 5946 55 31
v 5947 84 43
v 5948 210 101
v 5949 35 17
v 5950 162 70
v 5951 95 59
v 5952 156 84
v 5953 15 7
v 5954 6 2
v 5955 187 86
v 5956 175 80
v 5957 144 66
v 5958 178 90
v 5959 404 167
v 5960 83 36
v 5961 50 34
v 5962 564 286
v 5963 175 111
v 5964 326 134
v 5965 30 13
v 5966 56 26
v 5967 47 27
v 5968 44 20
v 5969 56 29
v 5970 33 18
v 5971 65 34
v 5972 287 143
v 5973 299 153
v 5974 599 289
v 5975 293 144
v 5976 295 138
v 5977 10 5
v 5978 84 37
v 5979 86 54
v 5980 46 27
v 5981 381 191
v 5982 38 18
v 5983 42 18
v 5984 116 58
v 5985 316 153
v 5986 132 69
v 5987 74 34
v 5988 199 101
v 5989 242 127
v 5990 63 29
v 5991 18 8
v 5992 396 187
v 5993 280 138
v 5994 197 91
v 5995 135 69
v 5996 137 67
v 5997 190 116
v 5998 118 55
v 5999 127 53
v 6000 175 82
v 6001 78 40
v 6002 114 60
v 6007 147 69
v 6008 104 58
v 6009 173 76
v 6011 240 118
v 6014 130 56
v 6016 280 134
v 6017 143 74
v 6019 148 70
v 6023 255 122
v 6024 149 69
v 6025 84 46
v 6026 47 26
v 6033 90 46
v 6043 47 27
v 6426 1797 837
v 6427 1157 567
v 6428 386 184
v 6429 1218 580
v 6430 1132 505
v 6431 887 393
v 6432 273 124
v 6433 317 117
v 6434 381 171
v 6435 1154 534
v 6436 1236 592
v 6437 336 172
v 6438 120 51
v 6439 674 354
v 6440 336 156
v 6441 493 241
v 6442 703 324
v 6443 477 255
v 6444 578 289
v 6445 297 133
v 6446 368 192
v 6447 438 223
v 6448 1107 505
v 6449 1211 532
v 6450 366 147
v 6451 220 120
v 6452 174 77
v 6453 585 296
v 6454 1091 471
v 6455 439 206
v 6456 247 108
v 6457 142 64
v 6458 161 73
v 6459 231 123
v 6460 652 286
v 6461 116 54
v 6462 546 232
v 6463 291 136
v 6464 473 228
v 6465 54 26
v 6466 24 18
v 6467 579 240
v 6468 628 307
v 6469 474 262
v 6470 528 231
v 6471 1074 462
v 6472 267 131
v 6473 171 77
v 6474 1783 768
v 6475 561 258
v 6476 1268 553
v 6477 122 58
v 6478 187 87
v 6479 142 75
v 6480 183 96
v 6481 193 83
v 6482 73 25
v 6483 175 102
v 6484 919 440
v 6485 1126 550
v 6486 2026 1003
v 6487 803 387
v 6488 843 400
v 6489 45 21
v 6490 355 168
v 6491 338 158
v 6492 126 50
v 6493 1028 514
v 6494 156 70
v 6495 129 59
v 6496 420 208
v 6497 971 447
v 6498 351 173
v 6499 204 113
v 6500 513 227
v 6501 736 351
v 6502 177 87
v 6503 60 26
v 6504 1097 500
v 6505 1011 502
v 6506 632 316
v 6507 395 180
v 6508 444 224
v 6509 550 287
v 6510 519 234
v 6511 448 212
v 6512 621 284
v 6513 352 153
v 6514 318 176
v 6519 617 292
v 6520 368 189
v 6521 637 284
v 6523 856 444
v 6526 421 174
v 6528 945 432
v 6529 394 193
v 6531 473 230
v 6535 925 415
v 6536 526 241
v 6537 308 164
v 6538 160 81
v 6545 290 147
v 6555 137 71
v 6683 1999 950
v 6684 695 335
v 6685 2045 984
v 6686 1767 862
v 6687 1547 698
v 6688 480 221
v 6689 476 225
v 6690 624 302
v 6691 1720 872
v 6692 1545 767
v 6693 585 298
v 6694 200 108
v 6695 1063 572
v 6696 591 285
v 6697 741 392
v 6698 1189 498
v 6699 656 322
v 6700 996 466
v 6701 513 231
v 6702 622 307
v 6703 676 336
v 6704 1657 785
v 6705 1884 853
v 6706 611 262
v 6707 407 225
v 6708 299 149
v 6709 1173 663
v 6710 1932 897
v 6711 699 334
v 6712 385 184
v 6713 267 117
v 6714 231 122
v 6715 406 225
v 6716 1134 523
v 6717 214 111
v 6718 944 412
v 6719 482 266
v 6720 847 434
v 6721 80 33
v 6722 45 17
v 6723 1016 437
v 6724 1059 510
v 6725 665 319
v 6726 884 434
v 6727 2095 987
v 6728 481 241
v 6729 257 127
v 6730 2854 1356
v 6731 1067 533
v 6732 1623 731
v 6733 172 81
v 6734 297 143
v 6735 263 126
v 6736 355 178
v 6737 278 122
v 6738 147 62
v 6739 351 185
v 6740 1597 792
v 6741 1791 889
v 6742 3615 1632
v 6743 1352 652
v 6744 1525 715
v 6745 74 35
v 6746 567 253
v 6747 519 252
v 6748 200 79
v 6749 1765 847
v 6750 183 87
v 6751 190 87
v 6752 703 322
v 6753 1690 842
v 6754 524 298
v 6755 333 165
v 6756 1032 496
v 6757 1239 626
v 6758 312 145
v 6759 112 53
v 6760 1880 931
v 6761 1597 766
v 6762 1058 464
v 6763 713 361
v 6764 719 380
v 6765 864 482
v 6766 761 344
v 6767 829 401
v 6768 1006 446
v 6769 496 201
v 6770 592 305
v 6775 993 498
v 6776 599 301
v 6777 1003 473
v 6779 1482 770
v 6782 684 352
v 6784 1690 857
v 6785 751 374
v 6787 788 392
v 6791 1459 661
v 6792 821 409
v 6793 483 247
v 6794 268 146
v 6801 452 258
v 6811 214 106
v 6940 383 227
v 6941 1344 717
v 6942 1180 606
v 6943 952 451
v 6944 298 166
v 6945 324 142
v 6946 382 205
v 6947 1080 578
v 6948 1227 624
v 6949 395 203
v 6950 138 72
v 6951 678 388
v 6952 348 188
v 6953 412 230
v 6954 893 413
v 6955 446 230
v 6956 572 293
v 6957 278 125
v 6958 331 199
v 6959 406 213
v 6960 1060 486
v 6961 1129 528
v 6962 406 194
v 6963 258 135
v 6964 177 78
v 6965 743 426
v 6966 1235 599
v 6967 474 209
v 6968 246 118
v 6969 174 82
v 6970 148 79
v 6971 256 148
v 6972 692 321
v 6973 96 52
v 6974 575 273
v 6975 284 154
v 6976 552 294
v 6977 62 34
v 6978 42 25
v 6979 725 350
v 6980 707 359
v 6981 442 217
v 6982 543 314
v 6983 1317 627
v 6984 285 167
v 6985 162 80
v 6986 1829 911
v 6987 690 325
v 6988 1002 467
v 6989 132 68
v 6990 235 114
v 6991 157 93
v 6992 218 113
v 6993 214 98
v 6994 129 57
v 6995 221 116
v 6996 1029 517
v 6997 1133 627
v 6998 2256 1192
v 6999 854 390
v 7000 887 444
v 7001 53 24
v 7002 332 179
v 7003 293 154
v 7004 112 50
v 7005 1151 592
v 7006 140 70
v 7007 123 70
v 7008 410 231
v 7009 1068 560
v 7010 321 171
v 7011 204 117
v 7012 642 332
v 7013 773 404
v 7014 238 127
v 7015 71 36
v 7016 1183 587
v 7017 1040 543
v 7018 669 347
v 7019 424 230
v 7020 464 244
v 7021 634 344
v 7022 481 247
v 7023 460 246
v 7024 637 329
v 7025 305 131
v 7026 356 186
v 7031 607 307
v 7032 413 232
v 7033 626 303
v 7035 934 488
v 7038 441 229
v 7040 988 506
v 7041 416 208
v 7043 506 265
v 7047 987 475
v 7048 527 291
v 7049 321 180
v 7050 169 94
v 7057 290 186
v 7067 141 84
v 7197 492 243
v 7198 392 175
v 7199 302 139
v 7200 182 78
v 7201 111 56
v 7202 138 61
v 7203 375 177
v 7204 402 190
v 7205 140 70
v 7206 47 13
v 7207 251 129
v 7208 124 63
v 7209 147 86
v 7210 263 122
v 7211 134 54
v 7212 232 115
v 7213 95 38
v 7214 96 53
v 7215 132 67
v 7216 409 170
v 7217 462 198
v 7218 118 48
v 7219 89 46
v 7220 60 25
v 7221 243 131
v 7222 414 192
v 7223 176 78
v 7224 97 56
v 7225 57 22
v 7226 43 15
v 7227 82 42
v 7228 268 122
v 7229 39 17
v 7230 402 171
v 7231 147 81
v 7232 196 100
v 7233 9 3
v 7234 16 9
v 7235 208 101
v 7236 278 133
v 7237 177 83
v 7238 182 80
v 7239 431 191
v 7240 100 45
v 7241 48 22
v 7242 615 278
v 7243 235 119
v 7244 367 163
v 7245 46 21
v 7246 71 33
v 7247 44 26
v 7248 85 43
v 7249 73 33
v 7250 38 15
v 7251 78 43
v 7252 314 146
v 7253 398 217
v 7254 781 384
v 7255 298 141
v 7256 417 193
v 7257 19 8
v 7258 120 65
v 7259 114 55
v 7260 50 20
v 7261 433 217
v 7262 63 33
v 7263 52 23
v 7264 171 81
v 7265 371 174
v 7266 153 85
v 7267 83 40
v 7268 217 108
v 7269 284 142
v 7270 65 29
v 7271 33 19
v 7272 460 219
v 7273 322 143
v 7274 275 127
v 7275 162 80
v 7276 184 86
v 7277 240 129
v 7278 147 68
v 7279 177 89
v 7280 174 81
v 7281 103 45
v 7282 117 58
v 7287 191 96
v 7288 137 68
v 7289 212 87
v 7291 305 141
v 7294 142 68
v 7296 358 178
v 7297 155 66
v 7299 185 90
v 7303 362 158
v 7304 186 98
v 7305 120 51
v 7306 62 30
v 7313 113 52
v 7323 52 27
v 7454 1139 523
v 7455 1012 453
v 7456 301 142
v 7457 353 147
v 7458 424 192
v 7459 1097 542
v 7460 1298 622
v 7461 377 192
v 7462 122 59
v 7463 758 390
v 7464 403 194
v 7465 426 224
v 7466 785 375
v 7467 469 213
v 7468 592 295
v 7469 301 126
v 7470 330 188
v 7471 557 250
v 7472 1110 565
v 7473 1338 580
v 7474 410 175
v 7475 254 120
v 7476 201 83
v 7477 671 349
v 7478 1348 528
v 7479 548 251
v 7480 273 125
v 7481 159 69
v 7482 168 78
v 7483 262 127
v 7484 820 369
v 7485 163 84
v 7486 647 299
v 7487 310 146
v 7488 486 245
v 7489 67 38
v 7490 23 12
v 7491 593 282
v 7492 712 354
v 7493 542 275
v 7494 750 354
v 7495 1434 677
v 7496 254 123
v 7497 150 73
v 7498 1726 801
v 7499 686 350
v 7500 1233 539
v 7501 130 68
v 7502 284 119
v 7503 144 70
v 7504 220 97
v 7505 171 87
v 7506 103 51
v 7507 192 94
v 7508 978 489
v 7509 1188 603
v 7510 2064 976
v 7511 848 372
v 7512 1080 467
v 7513 39 18
v 7514 340 176
v 7515 328 135
v 7516 115 52
v 7517 1662 734
v 7518 105 53
v 7519 121 62
v 7520 500 242
v 7521 1159 575
v 7522 546 272
v 7523 254 129
v 7524 654 315
v 7525 875 452
v 7526 196 84
v 7527 62 28
v 7528 1369 652
v 7529 1056 521
v 7530 678 349
v 7531 449 235
v 7532 486 241
v 7533 575 321
v 7534 490 206
v 7535 540 262
v 7536 682 320
v 7537 340 162
v 7538 358 188
v 7543 663 296
v 7544 375 182
v 7545 699 284
v 7547 940 457
v 7550 419 205
v 7552 963 460
v 7553 456 224
v 7555 563 285
v 7559 1083 491
v 7560 570 286
v 7561 433 198
v 7562 190 88
v 7569 289 168
v 7579 150 65
v 7711 916 452
v 7712 280 136
v 7713 315 137
v 7714 330 165
v 7715 926 487
v 7716 1070 555
v 7717 313 167
v 7718 132 65
v 7719 603 338
v 7720 354 187
v 7721 489 248
v 7722 672 323
v 7723 388 212
v 7724 550 288
v 7725 284 139
v 7726 330 173
v 7727 380 209
v 7728 937 466
v 7729 961 503
v 7730 375 165
v 7731 222 121
v 7732 180 88
v 7733 578 313
v 7734 1010 526
v 7735 441 225
v 7736 238 115
v 7737 141 84
v 7738 150 85
v 7739 196 105
v 7740 702 359
v 7741 120 58
v 7742 564 266
v 7743 246 115
v 7744 477 255
v 7745 49 27
v 7746 26 14
v 7747 496 259
v 7748 621 303
v 7749 406 224
v 7750 486 242
v 7751 1133 569
v 7752 216 112
v 7753 139 79
v 7754 1579 782
v 7755 624 316
v 7756 947 440
v 7757 97 53
v 7758 203 82
v 7759 121 76
v 7760 198 109
v 7761 179 97
v 7762 79 32
v 7763 164 88
v 7764 897 454
v 7765 1033 547
v 7766 1906 991
v 7767 788 375
v 7768 800 383
v 7769 37 19
v 7770 317 162
v 7771 290 141
v 7772 119 50
v 7773 1039 542
v 7774 156 70
v 7775 115 57
v 7776 358 207
v 7777 967 511
v 7778 260 133
v 7779 203 118
v 7780 508 273
v 7781 688 352
v 7782 175 95
v 7783 64 26
v 7784 1100 544
v 7785 917 473
v 7786 631 326
v 7787 418 219
v 7788 336 179
v 7789 510 268
v 7790 427 216
v 7791 543 299
v 7792 603 319
v 7793 310 161
v 7794 335 186
v 7799 547 280
v 7800 302 163
v 7801 595 308
v 7803 866 439
v 7806 371 189
v 7808 851 466
v 7809 382 204
v 7811 467 225
v 7815 884 413
v 7816 482 264
v 7817 329 183
v 7818 166 79
v 7825 294 167
v 7835 131 73
v 7968 213 114
v 7969 251 114
v 7970 305 159
v 7971 823 438
v 7972 807 427
v 7973 268 155
v 7974 99 41
v 7975 517 276
v 7976 273 146
v 7977 363 187
v 7978 588 278
v 7979 337 181
v 7980 467 246
v 7981 226 98
v 7982 268 152
v 7983 311 155
v 7984 863 412
v 7985 916 461
v 7986 317 149
v 7987 186 93
v 7988 142 63
v 7989 466 279
v 7990 916 459
v 7991 374 199
v 7992 203 100
v 7993 123 67
v 7994 124 68
v 7995 194 122
v 7996 592 277
v 7997 100 40
v 7998 470 218
v 7999 226 109
v 8000 394 214
v 8001 44 23
v 8002 15 11
v 8003 460 233
v 8004 520 269
v 8005 398 213
v 8006 361 174
v 8007 1017 541
v 8008 197 114
v 8009 115 64
v 8010 1367 667
v 8011 475 262
v 8012 918 411
v 8013 91 48
v 8014 176 73
v 8015 117 53
v 8016 173 94
v 8017 126 74
v 8018 64 31
v 8019 156 91
v 8020 754 384
v 8021 882 482
v 8022 1676 863
v 8023 653 339
v 8024 745 367
v 8025 37 19
v 8026 270 144
v 8027 264 152
v 8028 101 48
v 8029 890 477
v 8030 96 51
v 8031 124 65
v 8032 334 167
v 8033 823 454
v 8034 278 141
v 8035 167 86
v 8036 455 235
v 8037 612 319
v 8038 154 94
v 8039 60 24
v 8040 883 471
v 8041 827 422
v 8042 534 268
v 8043 321 163
v 8044 340 198
v 8045 410 248
v 8046 375 165
v 8047 437 215
v 8048 517 271
v 8049 242 117
v 8050 260 149
v 8055 526 259
v 8056 264 138
v 8057 499 242
v 8059 740 409
v 8062 315 164
v 8064 781 421
v 8065 313 177
v 8067 405 199
v 8071 704 339
v 8072 399 230
v 8073 257 134
v 8074 124 65
v 8081 231 122
v 8091 126 68
v 8225 77 40
v 8226 94 48
v 8227 271 144
v 8228 280 144
v 8229 96 55
v 8230 24 12
v 8231 187 118
v 8232 110 69
v 8233 138 83
v 8234 238 115
v 8235 115 58
v 8236 171 77
v 8237 72 37
v 8238 104 61
v 8239 104 63
v 8240 263 135
v 8241 321 157
v 8242 103 52
v 8243 60 34
v 8244 56 29
v 8245 171 103
v 8246 305 154
v 8247 126 63
v 8248 70 38
v 8249 31 14
v 8250 35 24
v 8251 55 34
v 8252 183 93
v 8253 34 12
v 8254 131 60
v 8255 79 47
v 8256 115 60
v 8257 15 9
v 8258 9 3
v 8259 168 88
v 8260 175 96
v 8261 138 66
v 8262 131 73
v 8263 326 169
v 8264 66 34
v 8265 40 24
v 8266 490 278
v 8267 181 88
v 8268 300 154
v 8269 29 16
v 8270 56 28
v 8271 54 32
v 8272 49 25
v 8273 40 21
v 8274 24 9
v 8275 54 30
v 8276 230 127
v 8277 267 147
v 8278 552 273
v 8279 231 111
v 8280 293 152
v 8281 9 3
v 8282 105 63
v 8283 79 36
v 8284 28 12
v 8285 334 174
v 8286 31 18
v 8287 30 10
v 8288 110 57
v 8289 237 121
v 8290 77 43
v 8291 51 27
v 8292 133 77
v 8293 239 138
v 8294 54 34
v 8295 19 10
v 8296 319 176
v 8297 223 100
v 8298 168 94
v 8299 124 69
v 8300 107 48
v 8301 131 67
v 8302 136 70
v 8303 172 90
v 8304 157 88
v 8305 86 42
v 8306 83 48
v 8311 163 86
v 8312 87 44
v 8313 149 74
v 8315 211 111
v 8318 92 46
v 8320 219 111
v 8321 118 56
v 8323 106 59
v 8327 243 113
v 8328 104 58
v 8329 70 41
v 8330 48 25
v 8337 81 47
v 8347 32 16
v 8482 109 59
v 8483 220 109
v 8484 284 157
v 8485 89 49
v 8486 54 31
v 8487 151 99
v 8488 66 38
v 8489 119 62
v 8490 201 88
v 8491 90 54
v 8492 142 79
v 8493 72 38
v 8494 109 62
v 8495 84 44
v 8496 308 169
v 8497 307 179
v 8498 113 56
v 8499 61 35
v 8500 64 33
v 8501 162 93
v 8502 238 126
v 8503 136 70
v 8504 68 40
v 8505 52 26
v 8506 42 21
v 8507 60 36
v 8508 175 92
v 8509 32 19
v 8510 163 91
v 8511 75 48
v 8512 109 59
v 8513 15 8
v 8514 16 12
v 8515 161 81
v 8516 165 99
v 8517 169 95
v 8518 128 75
v 8519 334 177
v 8520 180 110
v 8521 51 27
v 8522 436 232
v 8523 246 136
v 8524 306 161
v 8525 32 18
v 8526 72 39
v 8527 61 32
v 8528 57 34
v 8529 41 24
v 8530 30 18
v 8531 41 22
v 8532 258 146
v 8533 323 177
v 8534 416 205
v 8535 224 122
v 8536 234 125
v 8537 19 9
v 8538 110 54
v 8539 103 57
v 8540 38 24
v 8541 234 133
v 8542 57 30
v 8543 34 13
v 8544 108 59
v 8545 278 155
v 8546 94 50
v 8547 50 27
v 8548 155 86
v 8549 199 109
v 8550 36 16
v 8551 18 9
v 8552 320 151
v 8553 321 187
v 8554 178 99
v 8555 107 64
v 8556 93 56
v 8557 146 83
v 8558 132 64
v 8559 180 99
v 8560 145 71
v 8561 85 37
v 8562 78 51
v 8567 184 106
v 8568 126 75
v 8569 167 79
v 8571 258 139
v 8574 116 67
v 8576 256 144
v 8577 98 63
v 8579 157 82
v 8583 328 161
v 8584 159 94
v 8585 93 52
v 8586 37 16
v 8593 115 70
v 8603 35 22
v 8739 314 168
v 8740 301 166
v 8741 112 54
v 8742 48 25
v 8743 217 114
v 8744 126 71
v 8745 152 76
v 8746 210 87
v 8747 135 70
v 8748 197 98
v 8749 109 50
v 8750 126 77
v 8751 129 65
v 8752 375 194
v 8753 415 200
v 8754 144 67
v 8755 80 38
v 8756 63 26
v 8757 204 113
v 8758 375 176
v 8759 150 75
v 8760 90 37
v 8761 52 20
v 8762 49 22
v 8763 89 50
v 8764 245 119
v 8765 43 20
v 8766 211 100
v 8767 101 60
v 8768 155 83
v 8769 25 14
v 8770 24 16
v 8771 269 138
v 8772 200 102
v 8773 165 81
v 8774 168 92
v 8775 385 163
v 8776 78 42
v 8777 62 31
v 8778 634 297
v 8779 171 83
v 8780 360 172
v 8781 50 28
v 8782 78 32
v 8783 64 42
v 8784 82 38
v 8785 73 41
v 8786 27 11
v 8787 64 33
v 8788 294 150
v 8789 357 176
v 8790 714 355
v 8791 250 119
v 8792 288 128
v 8793 21 7
v 8794 111 56
v 8795 137 59
v 8796 51 26
v 8797 363 183
v 8798 48 24
v 8799 29 13
v 8800 123 68
v 8801 358 185
v 8802 136 76
v 8803 81 48
v 8804 200 97
v 8805 238 119
v 8806 55 29
v 8807 31 16
v 8808 381 197
v 8809 355 177
v 8810 214 110
v 8811 156 67
v 8812 139 75
v 8813 204 112
v 8814 161 79
v 8815 213 105
v 8816 220 122
v 8817 139 57
v 8818 110 56
v 8823 215 114
v 8824 123 55
v 8825 220 99
v 8827 310 155
v 8830 145 83
v 8832 336 175
v 8833 139 66
v 8835 197 101
v 8839 315 151
v 8840 179 85
v 8841 116 61
v 8842 65 38
v 8849 109 58
v 8859 57 30
v 8996 947 498
v 8997 327 170
v 8998 104 53
v 8999 616 311
v 9000 368 196
v 9001 449 227
v 9002 617 279
v 9003 385 207
v 9004 609 283
v 9005 236 116
v 9006 276 145
v 9007 457 230
v 9008 844 391
v 9009 924 405
v 9010 303 147
v 9011 205 99
v 9012 156 71
v 9013 568 286
v 9014 925 385
v 9015 359 170
v 9016 203 95
v 9017 151 74
v 9018 107 44
v 9019 224 125
v 9020 519 252
v 9021 91 45
v 9022 448 174
v 9023 241 112
v 9024 441 237
v 9025 45 18
v 9026 26 10
v 9027 744 293
v 9028 575 254
v 9029 451 221
v 9030 460 213
v 9031 881 423
v 9032 211 118
v 9033 137 68
v 9034 1501 708
v 9035 622 298
v 9036 1108 500
v 9037 96 40
v 9038 155 52
v 9039 138 78
v 9040 153 82
v 9041 170 78
v 9042 87 33
v 9043 171 95
v 9044 844 395
v 9045 1049 545
v 9046 1930 952
v 9047 703 343
v 9048 687 290
v 9049 42 21
v 9050 255 123
v 9051 237 105
v 9052 92 39
v 9053 955 487
v 9054 88 45
v 9055 123 57
v 9056 382 177
v 9057 838 408
v 9058 307 155
v 9059 191 93
v 9060 428 199
v 9061 718 379
v 9062 188 93
v 9063 70 38
v 9064 976 417
v 9065 770 373
v 9066 542 250
v 9067 308 143
v 9068 375 207
v 9069 414 255
v 9070 433 201
v 9071 436 225
v 9072 486 227
v 9073 270 112
v 9074 266 139
v 9079 495 241
v 9080 303 157
v 9081 560 240
v 9083 697 372
v 9086 369 179
v 9088 816 391
v 9089 387 187
v 9091 435 201
v 9095 792 338
v 9096 402 181
v 9097 295 135
v 9098 150 76
v 9105 233 117
v 9115 113 52
v 9253 360 182
v 9254 120 55
v 9255 705 370
v 9256 288 141
v 9257 469 233
v 9258 767 375
v 9259 399 204
v 9260 536 250
v 9261 299 117
v 9262 316 161
v 9263 421 191
v 9264 969 492
v 9265 1146 586
v 9266 255 130
v 9267 248 140
v 9268 213 89
v 9269 653 374
v 9270 1044 529
v 9271 420 192
v 9272 270 147
v 9273 156 82
v 9274 181 106
v 9275 239 140
v 9276 646 309
v 9277 95 47
v 9278 616 273
v 9279 306 172
v 9280 482 256
v 9281 68 35
v 9282 26 12
v 9283 545 269
v 9284 383 166
v 9285 485 238
v 9286 450 221
v 9287 1398 716
v 9288 261 122
v 9289 126 65
v 9290 1443 716
v 9291 548 268
v 9292 1006 464
v 9293 105 55
v 9294 188 83
v 9295 137 65
v 9296 214 107
v 9297 180 95
v 9298 95 36
v 9299 184 113
v 9300 885 439
v 9301 1087 541
v 9302 1923 920
v 9303 713 347
v 9304 822 359
v 9305 50 26
v 9306 297 141
v 9307 290 156
v 9308 122 43
v 9309 1065 577
v 9310 134 60
v 9311 113 46
v 9312 444 235
v 9313 986 485
v 9314 335 191
v 9315 207 109
v 9316 565 289
v 9317 574 276
v 9318 184 92
v 9319 65 30
v 9320 1126 543
v 9321 850 439
v 9322 675 335
v 9323 426 223
v 9324 414 215
v 9325 518 287
v 9326 422 190
v 9327 322 146
v 9328 656 351
v 9329 261 126
v 9330 342 206
v 9335 585 269
v 9336 312 160
v 9337 468 203
v 9339 796 407
v 9342 394 207
v 9344 911 452
v 9345 393 216
v 9347 446 218
v 9351 830 408
v 9352 548 274
v 9353 302 141
v 9354 448 219
v 9361 282 155
v 9371 126 67
v 9510 37 17
v 9511 209 110
v 9512 101 51
v 9513 152 75
v 9514 207 95
v 9515 119 57
v 9516 199 88
v 9517 86 39
v 9518 87 47
v 9519 127 66
v 9520 325 143
v 9521 336 161
v 9522 106 56
v 9523 76 40
v 9524 46 26
v 9525 213 119
v 9526 350 153
v 9527 126 56
v 9528 80 32
v 9529 65 30
v 9530 39 24
v 9531 79 41
v 9532 195 88
v 9533 43 21
v 9534 161 72
v 9535 85 35
v 9536 156 77
v 9537 19 9
v 9538 10 2
v 9539 168 85
v 9540 214 109
v 9541 150 76
v 9542 194 87
v 9543 353 152
v 9544 80 41
v 9545 47 32
v 9546 445 226
v 9547 175 85
v 9548 298 112
v 9549 39 17
v 9550 61 31
v 9551 41 19
v 9552 74 35
v 9553 37 20
v 9554 41 15
v 9555 49 30
v 9556 267 134
v 9557 308 147
v 9558 624 305
v 9559 229 112
v 9560 259 108
v 9561 11 3
v 9562 115 56
v 9563 98 50
v 9564 33 14
v 9565 365 158
v 9566 36 18
v 9567 40 14
v 9568 109 54
v 9569 291 142
v 9570 120 59
v 9571 74 38
v 9572 157 73
v 9573 206 112
v 9574 60 26
v 9575 18 8
v 9576 356 165
v 9577 279 135
v 9578 191 88
v 9579 125 58
v 9580 135 60
v 9581 146 92
v 9582 144 46
v 9583 145 72
v 9584 196 75
v 9585 93 42
v 9586 104 45
v 9591 150 76
v 9592 82 42
v 9593 205 102
v 9595 276 143
v 9598 115 68
v 9600 304 141
v 9601 101 47
v 9603 143 73
v 9607 281 133
v 9608 163 74
v 9609 91 42
v 9610 43 20
v 9617 108 55
v 9627 47 25
v 9767 90 53
v 9768 36 17
v 9769 43 22
v 9770 82 34
v 9771 40 22
v 9772 53 22
v 9773 28 8
v 9774 37 24
v 9775 37 19
v 9776 137 61
v 9777 153 74
v 9778 48 22
v 9779 34 22
v 9780 27 9
v 9781 81 39
v 9782 134 58
v 9783 69 35
v 9784 43 20
v 9785 19 10
v 9786 16 11
v 9787 24 14
v 9788 100 45
v 9789 26 19
v 9790 65 32
v 9791 37 19
v 9792 41 16
v 9793 7 2
v 9795 69 40
v 9796 69 26
v 9797 72 43
v 9798 59 29
v 9799 158 68
v 9800 41 19
v 9801 17 11
v 9802 235 119
v 9803 77 38
v 9804 140 63
v 9805 10 4
v 9806 27 11
v 9807 20 11
v 9808 25 13
v 9809 17 9
v 9810 10 4
v 9811 32 15
v 9812 122 66
v 9813 141 62
v 9814 232 97
v 9815 99 42
v 9816 121 61
v 9817 6 1
v 9818 40 18
v 9819 51 24
v 9820 21 11
v 9821 143 71
v 9822 21 6
v 9823 18 5
v 9824 45 22
v 9825 116 55
v 9826 43 25
v 9827 31 16
v 9828 70 37
v 9829 104 52
v 9830 26 10
v 9831 8 4
v 9832 121 51
v 9833 108 57
v 9834 84 36
v 9835 58 24
v 9836 44 13
v 9837 72 46
v 9838 60 24
v 9839 59 25
v 9840 75 34
v 9841 33 19
v 9842 30 19
v 9847 74 38
v 9848 47 25
v 9849 79 38
v 9851 95 48
v 9854 56 27
v 9856 103 50
v 9857 48 18
v 9859 65 33
v 9863 121 57
v 9864 59 29
v 9865 41 25
v 9866 25 15
v 9873 38 21
v 9883 21 8
v 10024 269 138
v 10025 253 111
v 10026 476 207
v 10027 258 122
v 10028 332 161
v 10029 167 60
v 10030 202 88
v 10031 284 136
v 10032 570 252
v 10033 725 323
v 10034 203 84
v 10035 159 65
v 10036 120 56
v 10037 436 240
v 10038 677 296
v 10039 270 125
v 10040 153 71
v 10041 90 40
v 10042 102 55
v 10043 154 75
v 10044 365 151
v 10045 63 37
v 10046 390 148
v 10047 150 70
v 10048 288 143
v 10049 40 22
v 10050 12 7
v 10051 308 123
v 10052 430 206
v 10053 314 150
v 10054 309 147
v 10055 752 346
v 10056 147 71
v 10057 87 40
v 10058 1000 444
v 10059 341 145
v 10060 671 260
v 10061 68 29
v 10062 137 59
v 10063 80 53
v 10064 129 61
v 10065 128 66
v 10066 75 29
v 10067 97 45
v 10068 536 240
v 10069 583 273
v 10070 1217 574
v 10071 439 186
v 10072 522 213
v 10073 31 13
v 10074 217 104
v 10075 192 98
v 10076 66 28
v 10077 746 354
v 10078 73 31
v 10079 78 36
v 10080 224 109
v 10081 600 268
v 10082 231 111
v 10083 117 48
v 10084 364 156
v 10085 398 188
v 10086 102 47
v 10087 44 18
v 10088 658 288
v 10089 552 235
v 10090 481 200
v 10091 280 117
v 10092 258 146
v 10093 331 167
v 10094 272 112
v 10095 262 117
v 10096 388 172
v 10097 174 81
v 10098 215 121
v 10103 361 176
v 10104 198 90
v 10105 303 140
v 10107 534 277
v 10110 227 101
v 10112 562 280
v 10113 239 116
v 10115 237 109
v 10119 548 224
v 10120 329 160
v 10121 194 109
v 10122 106 61
v 10129 168 90
v 10139 84 40
v 10281 123 63
v 10282 248 117
v 10283 131 67
v 10284 177 82
v 10285 104 42
v 10286 85 41
v 10287 139 70
v 10288 282 141
v 10289 274 128
v 10290 89 33
v 10291 65 38
v 10292 43 19
v 10293 229 124
v 10294 379 186
v 10295 160 70
v 10296 96 39
v 10297 54 21
v 10298 57 28
v 10299 64 35
v 10300 199 87
v 10301 39 15
v 10302 202 80
v 10303 91 54
v 10304 168 97
v 10305 19 11
v 10306 9 8
v 10307 164 74
v 10308 207 101
v 10309 128 71
v 10310 134 68
v 10311 373 173
v 10312 84 41
v 10313 46 24
v 10314 479 216
v 10315 193 98
v 10316 324 137
v 10317 32 19
v 10318 51 21
v 10319 39 21
v 10320 47 28
v 10321 70 33
v 10322 26 15
v 10323 58 33
v 10324 290 138
v 10325 332 167
v 10326 619 292
v 10327 233 114
v 10328 297 136
v 10329 19 7
v 10330 94 49
v 10331 95 49
v 10332 30 18
v 10333 451 198
v 10334 50 20
v 10335 44 20
v 10336 132 61
v 10337 319 156
v 10338 105 49
v 10339 77 48
v 10340 164 89
v 10341 242 119
v 10342 80 37
v 10343 22 12
v 10344 465 202
v 10345 292 134
v 10346 185 88
v 10347 111 45
v 10348 141 77
v 10349 148 80
v 10350 154 76
v 10351 156 75
v 10352 155 84
v 10353 99 45
v 10354 86 44
v 10359 220 100
v 10360 106 50
v 10361 179 88
v 10363 265 138
v 10366 110 50
v 10368 293 153
v 10369 107 54
v 10371 149 75
v 10375 292 125
v 10376 148 75
v 10377 93 47
v 10378 52 26
v 10385 104 58
v 10395 56 28
v 10538 324 146
v 10539 178 95
v 10540 250 124
v 10541 111 55
v 10542 109 60
v 10543 161 78
v 10544 355 178
v 10545 416 233
v 10546 129 67
v 10547 118 63
v 10548 65 31
v 10549 306 163
v 10550 559 273
v 10551 221 116
v 10552 95 46
v 10553 69 32
v 10554 66 33
v 10555 95 54
v 10556 285 126
v 10557 44 24
v 10558 236 117
v 10559 159 84
v 10560 203 112
v 10561 23 8
v 10562 9 5
v 10563 238 118
v 10564 253 126
v 10565 189 96
v 10566 252 116
v 10567 616 303
v 10568 106 52
v 10569 62 30
v 10570 606 295
v 10571 219 101
v 10572 429 194
v 10573 39 13
v 10574 88 43
v 10575 50 21
v 10576 98 49
v 10577 78 36
v 10578 35 15
v 10579 62 35
v 10580 358 166
v 10581 415 212
v 10582 754 376
v 10583 240 120
v 10584 384 191
v 10585 13 7
v 10586 137 67
v 10587 128 63
v 10588 53 31
v 10589 539 250
v 10590 38 16
v 10591 67 37
v 10592 163 89
v 10593 419 232
v 10594 160 82
v 10595 88 46
v 10596 276 144
v 10597 303 142
v 10598 80 44
v 10599 31 16
v 10600 449 199
v 10601 349 172
v 10602 257 120
v 10603 191 110
v 10604 178 99
v 10605 216 124
v 10606 170 77
v 10607 185 82
v 10608 222 110
v 10609 102 45
v 10610 148 65
v 10615 230 113
v 10616 149 68
v 10617 222 103
v 10619 343 195
v 10622 175 84
v 10624 397 203
v 10625 209 114
v 10627 175 82
v 10631 358 168
v 10632 210 101
v 10633 124 71
v 10634 67 36
v 10641 111 52
v 10651 52 31
v 10795 296 160
v 10796 380 208
v 10797 179 102
v 10798 207 116
v 10799 251 133
v 10800 648 368
v 10801 710 365
v 10802 206 97
v 10803 138 76
v 10804 110 53
v 10805 399 233
v 10806 712 362
v 10807 260 128
v 10808 170 92
v 10809 79 41
v 10810 103 54
v 10811 148 88
v 10812 535 286
v 10813 66 34
v 10814 342 171
v 10815 170 89
v 10816 302 179
v 10817 41 31
v 10818 12 4
v 10819 378 203
v 10820 501 254
v 10821 413 244
v 10822 334 209
v 10823 878 451
v 10824 148 83
v 10825 112 60
v 10826 993 491
v 10827 439 235
v 10828 635 326
v 10829 82 42
v 10830 114 56
v 10831 103 66
v 10832 124 74
v 10833 125 62
v 10834 77 30
v 10835 112 75
v 10836 626 354
v 10837 606 312
v 10838 1210 638
v 10839 524 284
v 10840 637 360
v 10841 32 14
v 10842 174 85
v 10843 172 95
v 10844 70 37
v 10845 765 389
v 10846 100 63
v 10847 86 52
v 10848 309 167
v 10849 649 364
v 10850 249 122
v 10851 146 76
v 10852 319 170
v 10853 555 324
v 10854 123 62
v 10855 42 24
v 10856 932 513
v 10857 668 338
v 10858 433 230
v 10859 271 149
v 10860 274 144
v 10861 299 165
v 10862 257 109
v 10863 293 158
v 10864 366 195
v 10865 202 95
v 10866 201 119
v 10871 378 196
v 10872 261 134
v 10873 391 197
v 10875 537 298
v 10878 256 158
v 10880 571 279
v 10881 236 132
v 10883 290 158
v 10887 574 279
v 10888 307 178
v 10889 180 109
v 10890 93 48
v 10897 180 121
v 10907 62 33
v 11052 178 93
v 11053 102 52
v 11054 120 57
v 11055 155 88
v 11056 379 176
v 11057 430 201
v 11058 131 55
v 11059 84 41
v 11060 76 36
v 11061 236 123
v 11062 428 226
v 11063 156 71
v 11064 119 54
v 11065 74 34
v 11066 56 33
v 11067 87 46
v 11068 262 115
v 11069 40 18
v 11070 225 95
v 11071 76 42
v 11072 157 88
v 11073 22 14
v 11074 7 2
v 11075 185 82
v 11076 173 78
v 11077 207 103
v 11078 190 94
v 11079 411 178
v 11080 89 47
v 11081 51 31
v 11082 596 265
v 11083 227 112
v 11084 401 182
v 11085 34 13
v 11086 83 33
v 11087 62 30
v 11088 70 37
v 11089 70 31
v 11090 27 13
v 11091 68 32
v 11092 329 171
v 11093 397 179
v 11094 704 332
v 11095 321 161
v 11096 342 156
v 11097 16 4
v 11098 123 48
v 11099 91 45
v 11100 44 15
v 11101 378 189
v 11102 43 18
v 11103 55 30
v 11104 177 89
v 11105 363 172
v 11106 143 73
v 11107 71 32
v 11108 211 92
v 11109 265 143
v 11110 78 37
v 11111 20 14
v 11112 400 172
v 11113 306 146
v 11114 229 114
v 11115 167 88
v 11116 141 68
v 11117 186 88
v 11118 188 81
v 11119 171 78
v 11120 241 121
v 11121 106 47
v 11122 131 63
v 11127 188 91
v 11128 137 77
v 11129 233 106
v 11131 314 163
v 11134 144 77
v 11136 367 177
v 11137 137 67
v 11139 178 105
v 11143 307 141
v 11144 176 79
v 11145 110 56
v 11146 71 32
v 11153 113 63
v 11163 51 25
v 11309 144 73
v 11310 174 86
v 11311 205 93
v 11312 544 235
v 11313 559 257
v 11314 202 74
v 11315 129 76
v 11316 101 48
v 11317 381 223
v 11318 670 312
v 11319 235 111
v 11320 129 60
v 11321 51 25
v 11322 61 33
v 11323 119 77
v 11324 367 177
v 11325 58 27
v 11326 294 137
v 11327 166 89
v 11328 276 148
v 11329 39 21
v 11330 25 17
v 11331 308 163
v 11332 348 182
v 11333 200 104
v 11334 277 135
v 11335 665 296
v 11336 159 87
v 11337 70 37
v 11338 882 436
v 11339 314 148
v 11340 514 247
v 11341 45 21
v 11342 108 54
v 11343 83 45
v 11344 101 48
v 11345 98 52
v 11346 47 18
v 11347 107 63
v 11348 446 211
v 11349 550 296
v 11350 1095 566
v 11351 441 235
v 11352 349 160
v 11353 26 14
v 11354 181 89
v 11355 166 86
v 11356 65 28
v 11357 554 264
v 11358 71 38
v 11359 73 37
v 11360 199 99
v 11361 494 251
v 11362 185 87
v 11363 121 66
v 11364 300 159
v 11365 410 209
v 11366 91 47
v 11367 34 12
v 11368 547 271
v 11369 417 197
v 11370 354 159
v 11371 198 93
v 11372 228 134
v 11373 263 148
v 11374 177 79
v 11375 272 140
v 11376 333 158
v 11377 164 86
v 11378 179 105
v 11383 264 113
v 11384 157 78
v 11385 328 172
v 11387 444 221
v 11390 202 100
v 11392 449 233
v 11393 216 110
v 11395 247 120
v 11399 461 184
v 11400 236 123
v 11401 133 67
v 11402 88 45
v 11409 148 91
v 11419 61 30
v 11566 94 40
v 11567 108 64
v 11568 290 150
v 11569 295 155
v 11570 122 63
v 11571 65 28
v 11572 54 31
v 11573 184 114
v 11574 260 141
v 11575 106 47
v 11576 61 30
v 11577 39 21
v 11578 39 17
v 11579 65 32
v 11580 206 87
v 11581 39 18
v 11582 153 73
v 11583 70 43
v 11584 118 60
v 11585 10 5
v 11586 4 3
v 11587 160 69
v 11588 150 70
v 11589 142 75
v 11590 134 61
v 11591 296 135
v 11592 73 50
v 11593 29 16
v 11594 422 213
v 11595 169 85
v 11596 295 143
v 11597 22 13
v 11598 73 38
v 11599 46 30
v 11600 54 29
v 11601 41 15
v 11602 29 14
v 11603 55 24
v 11604 246 134
v 11605 258 141
v 11606 542 281
v 11607 220 126
v 11608 230 112
v 11609 8 6
v 11610 90 47
v 11611 82 43
v 11612 36 13
v 11613 256 136
v 11614 59 33
v 11615 30 19
v 11616 112 62
v 11617 233 119
v 11618 83 52
v 11619 56 37
v 11620 131 65
v 11621 260 139
v 11622 50 32
v 11623 13 6
v 11624 266 141
v 11625 259 135
v 11626 174 83
v 11627 105 54
v 11628 120 72
v 11629 126 73
v 11630 115 48
v 11631 128 69
v 11632 155 88
v 11633 75 37
v 11634 75 43
v 11639 149 80
v 11640 87 53
v 11641 161 87
v 11643 239 137
v 11646 113 57
v 11648 241 120
v 11649 99 45
v 11651 127 63
v 11655 219 100
v 11656 114 67
v 11657 90 44
v 11658 124 66
v 11665 77 41
v 11675 32 18
v 11823 121 61
v 11824 374 162
v 11825 350 141
v 11826 119 49
v 11827 74 36
v 11828 52 31
v 11829 188 103
v 11830 378 167
v 11831 138 60
v 11832 76 27
v 11833 50 21
v 11834 30 19
v 11835 82 42
v 11836 224 117
v 11837 40 22
v 11838 169 74
v 11839 104 49
v 11840 134 61
v 11841 24 12
v 11842 11 7
v 11843 184 72
v 11844 209 88
v 11845 142 80
v 11846 171 81
v 11847 365 164
v 11848 73 32
v 11849 39 21
v 11850 532 248
v 11851 189 86
v 11852 300 145
v 11853 29 13
v 11854 57 21
v 11855 42 21
v 11856 52 22
v 11857 51 23
v 11858 33 11
v 11859 51 28
v 11860 244 105
v 11861 324 172
v 11862 600 292
v 11863 243 112
v 11864 349 160
v 11865 25 15
v 11866 109 49
v 11867 113 59
v 11868 41 18
v 11869 320 132
v 11870 35 15
v 11871 34 14
v 11872 127 54
v 11873 330 158
v 11874 111 59
v 11875 61 32
v 11876 181 91
v 11877 268 130
v 11878 36 18
v 11879 20 10
v 11880 407 189
v 11881 414 199
v 11882 208 96
v 11883 121 52
v 11884 111 46
v 11885 173 85
v 11886 135 61
v 11887 167 74
v 11888 183 90
v 11889 105 50
v 11890 95 44
v 11895 189 79
v 11896 100 51
v 11897 185 81
v 11899 251 118
v 11902 122 55
v 11904 277 144
v 11905 106 53
v 11907 141 63
v 11911 271 113
v 11912 175 84
v 11913 102 48
v 11914 48 28
v 11921 98 46
v 11931 45 23
v 12080 363 153
v 12081 433 224
v 12082 122 57
v 12083 80 48
v 12084 66 33
v 12085 261 137
v 12086 406 190
v 12087 134 54
v 12088 134 53
v 12089 48 25
v 12090 73 41
v 12091 145 89
v 12092 249 120
v 12093 44 18
v 12094 249 98
v 12095 106 47
v 12096 184 99
v 12097 18 9
v 12098 12 7
v 12099 223 97
v 12100 221 94
v 12101 165 84
v 12102 200 97
v 12103 448 222
v 12104 106 56
v 12105 41 22
v 12106 574 286
v 12107 222 123
v 12108 472 218
v 12109 40 21
v 12110 75 36
v 12111 50 24
v 12112 69 34
v 12113 69 30
v 12114 35 17
v 12115 53 28
v 12116 322 169
v 12117 394 197
v 12118 725 354
v 12119 276 146
v 12120 349 155
v 12121 14 4
v 12122 106 52
v 12123 125 62
v 12124 27 10
v 12125 393 221
v 12126 32 14
v 12127 48 24
v 12128 185 90
v 12129 322 180
v 12130 178 91
v 12131 91 46
v 12132 175 98
v 12133 307 161
v 12134 75 27
v 12135 25 11
v 12136 409 188
v 12137 323 146
v 12138 206 105
v 12139 154 60
v 12140 171 93
v 12141 202 112
v 12142 178 81
v 12143 173 84
v 12144 217 104
v 12145 104 34
v 12146 119 64
v 12151 216 117
v 12152 110 51
v 12153 200 103
v 12155 288 150
v 12158 135 62
v 12160 346 168
v 12161 134 63
v 12163 149 75
v 12167 289 139
v 12168 159 88
v 12169 102 51
v 12170 53 32
v 12177 104 48
v 12187 62 34
v 12337 1152 528
v 12338 388 181
v 12339 235 120
v 12340 193 94
v 12341 574 315
v 12342 1174 510
v 12343 430 207
v 12344 241 124
v 12345 185 92
v 12346 155 74
v 12347 208 124
v 12348 688 329
v 12349 153 68
v 12350 593 257
v 12351 264 146
v 12352 437 227
v 12353 62 32
v 12354 23 12
v 12355 551 265
v 12356 596 298
v 12357 413 226
v 12358 503 255
v 12359 1127 510
v 12360 226 119
v 12361 135 90
v 12362 1605 769
v 12363 510 272
v 12364 1018 468
v 12365 118 53
v 12366 244 117
v 12367 147 83
v 12368 215 120
v 12369 195 95
v 12370 102 39
v 12371 200 110
v 12372 717 360
v 12373 1115 597
v 12374 1751 883
v 12375 696 351
v 12376 787 366
v 12377 59 22
v 12378 332 159
v 12379 373 193
v 12380 133 62
v 12381 1087 516
v 12382 157 84
v 12383 121 52
v 12384 376 199
v 12385 948 509
v 12386 358 208
v 12387 199 126
v 12388 533 281
v 12389 620 323
v 12390 168 93
v 12391 63 35
v 12392 979 475
v 12393 912 455
v 12394 648 331
v 12395 440 236
v 12396 321 190
v 12397 718 403
v 12398 466 234
v 12399 479 244
v 12400 705 370
v 12401 325 151
v 12402 318 173
v 12407 560 286
v 12408 341 187
v 12409 668 347
v 12411 867 463
v 12414 379 203
v 12416 882 471
v 12417 329 173
v 12419 538 290
v 12423 985 486
v 12424 565 307
v 12425 340 167
v 12426 160 89
v 12433 317 184
v 12443 135 71
v 12594 371 189
v 12595 224 124
v 12596 200 101
v 12597 628 359
v 12598 1230 604
v 12599 548 263
v 12600 270 147
v 12601 168 86
v 12602 146 74
v 12603 256 159
v 12604 851 448
v 12605 141 89
v 12606 666 325
v 12607 308 179
v 12608 471 255
v 12609 64 34
v 12610 38 25
v 12611 589 287
v 12612 585 304
v 12613 502 274
v 12614 544 287
v 12615 1290 607
v 12616 229 122
v 12617 141 82
v 12618 1726 898
v 12619 658 335
v 12620 1151 545
v 12621 118 70
v 12622 240 119
v 12623 175 104
v 12624 207 109
v 12625 169 91
v 12626 114 55
v 12627 184 108
v 12628 870 452
v 12629 1066 561
v 12630 2034 1055
v 12631 883 469
v 12632 1020 520
v 12633 43 19
v 12634 370 181
v 12635 334 179
v 12636 156 71
v 12637 1309 705
v 12638 143 69
v 12639 106 52
v 12640 401 214
v 12641 1046 584
v 12642 502 278
v 12643 179 100
v 12644 562 295
v 12645 784 438
v 12646 188 90
v 12647 91 45
v 12648 1288 664
v 12649 1049 599
v 12650 718 373
v 12651 453 246
v 12652 431 247
v 12653 632 376
v 12654 476 235
v 12655 500 262
v 12656 694 364
v 12657 338 155
v 12658 372 216
v 12663 681 372
v 12664 372 219
v 12665 685 357
v 12667 964 524
v 12670 392 203
v 12672 925 507
v 12673 405 220
v 12675 562 310
v 12679 1004 501
v 12680 594 320
v 12681 354 206
v 12682 180 109
v 12689 351 211
v 12699 194 101
v 12851 90 47
v 12852 77 28
v 12853 208 122
v 12854 349 178
v 12855 134 72
v 12856 88 57
v 12857 57 31
v 12858 44 26
v 12859 66 34
v 12860 282 154
v 12861 52 25
v 12862 187 89
v 12863 117 60
v 12864 171 85
v 12865 13 5
v 12866 10 7
v 12867 230 116
v 12868 239 125
v 12869 149 75
v 12870 157 84
v 12871 381 192
v 12872 80 47
v 12873 44 31
v 12874 503 252
v 12875 174 94
v 12876 401 203
v 12877 49 21
v 12878 75 38
v 12879 57 30
v 12880 73 40
v 12881 54 30
v 12882 43 26
v 12883 67 45
v 12884 281 157
v 12885 386 187
v 12886 614 333
v 12887 250 134
v 12888 260 139
v 12889 13 11
v 12890 136 63
v 12891 143 62
v 12892 42 20
v 12893 368 189
v 12894 49 23
v 12895 47 25
v 12896 106 59
v 12897 320 173
v 12898 111 68
v 12899 67 34
v 12900 198 111
v 12901 259 140
v 12902 74 39
v 12903 22 16
v 12904 257 136
v 12905 367 200
v 12906 214 113
v 12907 131 73
v 12908 94 49
v 12909 216 131
v 12910 170 83
v 12911 183 91
v 12912 247 128
v 12913 139 64
v 12914 98 52
v 12919 192 98
v 12920 100 64
v 12921 216 110
v 12923 299 175
v 12926 136 69
v 12928 302 153
v 12929 114 62
v 12931 183 101
v 12935 290 148
v 12936 164 87
v 12937 119 70
v 12938 51 38
v 12945 103 54
v 12955 50 27
v 13108 45 18
v 13109 137 78
v 13110 256 112
v 13111 95 43
v 13112 55 25
v 13113 31 14
v 13114 28 15
v 13115 45 18
v 13116 135 67
v 13117 38 12
v 13118 117 46
v 13119 45 17
v 13120 112 69
v 13121 12 4
v 13122 9 6
v 13123 112 46
v 13124 130 56
v 13125 110 59
v 13126 113 60
v 13127 296 136
v 13128 56 22
v 13129 39 19
v 13130 352 159
v 13131 122 62
v 13132 243 108
v 13133 20 6
v 13134 44 25
v 13135 30 14
v 13136 47 25
v 13137 37 11
v 13138 27 8
v 13139 53 24
v 13140 185 94
v 13141 221 103
v 13142 433 211
v 13143 159 73
v 13144 180 78
v 13145 6 2
v 13146 82 44
v 13147 64 25
v 13148 29 10
v 13149 219 113
v 13150 17 7
v 13151 26 10
v 13152 90 39
v 13153 202 99
v 13154 96 42
v 13155 46 27
v 13156 133 69
v 13157 158 72
v 13158 33 15
v 13159 16 8
v 13160 254 113
v 13161 190 79
v 13162 161 84
v 13163 92 44
v 13164 116 62
v 13165 136 78
v 13166 93 41
v 13167 97 48
v 13168 155 64
v 13169 60 27
v 13170 85 41
v 13175 99 49
v 13176 66 35
v 13177 135 56
v 13179 209 120
v 13182 90 41
v 13184 195 103
v 13185 72 33
v 13187 92 46
v 13191 180 86
v 13192 102 51
v 13193 50 26
v 13194 40 21
v 13201 67 42
v 13211 27 11
v 13365 128 66
v 13366 165 90
v 13367 81 41
v 13368 40 22
v 13369 27 9
v 13370 20 13
v 13371 26 17
v 13372 107 51
v 13373 31 14
v 13374 126 52
v 13375 44 23
v 13376 60 32
v 13377 10 6
v 13378 4 1
v 13379 83 46
v 13380 102 55
v 13381 107 58
v 13382 68 37
v 13383 190 100
v 13384 39 23
v 13385 25 14
v 13386 287 165
v 13387 85 45
v 13388 182 78
v 13389 18 10
v 13390 41 21
v 13391 23 14
v 13392 29 19
v 13393 29 19
v 13394 20 11
v 13395 30 19
v 13396 139 73
v 13397 175 94
v 13398 305 161
v 13399 128 61
v 13400 120 44
v 13401 10 7
v 13402 51 22
v 13403 60 35
v 13404 26 13
v 13405 231 128
v 13406 24 12
v 13407 22 9
v 13408 73 41
v 13409 175 90
v 13410 60 37
v 13411 24 10
v 13412 108 60
v 13413 103 40
v 13414 27 13
v 13415 10 4
v 13416 176 89
v 13417 188 102
v 13418 126 69
v 13419 83 52
v 13420 73 41
v 13421 96 48
v 13422 83 38
v 13423 85 49
v 13424 118 63
v 13425 49 24
v 13426 49 25
v 13431 121 58
v 13432 60 38
v 13433 124 73
v 13435 160 87
v 13438 65 31
v 13440 149 88
v 13441 63 32
v 13443 85 36
v 13447 152 81
v 13448 78 41
v 13449 54 36
v 13450 25 15
v 13457 50 29
v 13467 29 16
v 13622 646 278
v 13623 252 106
v 13624 129 54
v 13625 80 35
v 13626 81 43
v 13627 150 75
v 13628 373 137
v 13629 74 29
v 13630 376 146
v 13631 174 86
v 13632 290 136
v 13633 32 10
v 13634 18 5
v 13635 393 146
v 13636 361 157
v 13637 279 124
v 13638 361 171
v 13639 597 254
v 13640 159 71
v 13641 105 53
v 13642 1021 431
v 13643 319 155
v 13644 585 247
v 13645 68 27
v 13646 107 36
v 13647 96 42
v 13648 109 51
v 13649 105 49
v 13650 74 34
v 13651 96 54
v 13652 504 212
v 13653 608 258
v 13654 1260 550
v 13655 473 227
v 13656 555 210
v 13657 24 9
v 13658 172 82
v 13659 185 85
v 13660 55 21
v 13661 651 258
v 13662 51 26
v 13663 68 30
v 13664 241 111
v 13665 612 258
v 13666 268 114
v 13667 116 58
v 13668 334 140
v 13669 431 193
v 13670 103 48
v 13671 35 12
v 13672 674 285
v 13673 567 243
v 13674 392 174
v 13675 260 106
v 13676 255 115
v 13677 325 147
v 13678 267 112
v 13679 279 122
v 13680 332 156
v 13681 161 58
v 13682 232 107
v 13687 350 164
v 13688 208 80
v 13689 337 152
v 13691 508 217
v 13694 234 105
v 13696 564 259
v 13697 232 102
v 13699 275 113
v 13703 595 211
v 13704 286 116
v 13705 177 90
v 13706 102 51
v 13713 178 88
v 13723 90 36
v 13879 379 221
v 13880 289 154
v 13881 138 65
v 13882 156 93
v 13883 217 125
v 13884 662 307
v 13885 134 72
v 13886 568 279
v 13887 279 153
v 13888 570 323
v 13889 43 24
v 13890 23 12
v 13891 693 336
v 13892 515 273
v 13893 444 218
v 13894 631 339
v 13895 1178 582
v 13896 251 130
v 13897 158 100
v 13898 1860 980
v 13899 562 280
v 13900 1062 506
v 13901 109 64
v 13902 238 118
v 13903 138 82
v 13904 217 114
v 13905 194 86
v 13906 95 46
v 13907 211 118
v 13908 1000 543
v 13909 1089 590
v 13910 1828 1001
v 13911 861 440
v 13912 996 492
v 13913 53 31
v 13914 349 189
v 13915 328 165
v 13916 102 45
v 13917 1287 681
v 13918 156 77
v 13919 169 83
v 13920 555 337
v 13921 964 479
v 13922 385 215
v 13923 205 108
v 13924 566 294
v 13925 720 363
v 13926 181 88
v 13927 52 17
v 13928 1255 644
v 13929 1224 677
v 13930 629 340
v 13931 493 257
v 13932 538 298
v 13933 652 381
v 13934 591 308
v 13935 451 221
v 13936 603 315
v 13937 292 138
v 13938 407 228
v 13943 703 380
v 13944 385 205
v 13945 616 298
v 13947 887 506
v 13950 374 196
v 13952 929 532
v 13953 428 248
v 13955 490 257
v 13959 937 489
v 13960 504 276
v 13961 375 219
v 13962 165 95
v 13969 307 166
v 13979 169 107
v 14136 119 57
v 14137 66 29
v 14138 60 33
v 14139 96 55
v 14140 309 140
v 14141 54 27
v 14142 248 120
v 14143 128 62
v 14144 185 96
v 14145 23 10
v 14146 8 5
v 14147 198 101
v 14148 240 117
v 14149 203 94
v 14150 197 102
v 14151 453 221
v 14152 91 52
v 14153 57 31
v 14154 715 338
v 14155 254 123
v 14156 431 201
v 14157 57 29
v 14158 99 43
v 14159 49 22
v 14160 100 47
v 14161 72 43
v 14162 35 17
v 14163 67 39
v 14164 335 181
v 14165 426 232
v 14166 818 397
v 14167 298 149
v 14168 340 152
v 14169 18 9
v 14170 158 85
v 14171 160 80
v 14172 62 29
v 14173 459 254
v 14174 27 18
v 14175 49 24
v 14176 169 85
v 14177 402 204
v 14178 153 82
v 14179 81 36
v 14180 232 126
v 14181 275 147
v 14182 80 45
v 14183 26 13
v 14184 504 259
v 14185 423 229
v 14186 315 164
v 14187 188 94
v 14188 180 107
v 14189 247 149
v 14190 212 100
v 14191 180 78
v 14192 325 169
v 14193 139 71
v 14194 122 74
v 14199 268 146
v 14200 127 68
v 14201 267 140
v 14203 430 222
v 14206 175 96
v 14208 413 205
v 14209 157 79
v 14211 234 108
v 14215 400 182
v 14216 211 109
v 14217 141 74
v 14218 63 38
v 14225 148 72
v 14235 81 42
v 14393 31 15
v 14394 44 27
v 14395 52 27
v 14396 185 97
v 14397 30 12
v 14398 91 25
v 14399 67 42
v 14400 111 63
v 14401 14 11
v 14402 7 2
v 14403 118 65
v 14404 179 98
v 14405 132 64
v 14406 120 55
v 14407 235 102
v 14408 62 33
v 14409 39 19
v 14410 352 172
v 14411 142 65
v 14412 251 123
v 14413 22 14
v 14414 51 21
v 14415 39 13
v 14416 54 29
v 14417 46 22
v 14418 25 10
v 14419 52 30
v 14420 208 102
v 14421 260 143
v 14422 446 228
v 14423 165 79
v 14424 225 106
v 14425 10 7
v 14426 80 42
v 14427 83 35
v 14428 24 13
v 14429 256 122
v 14430 20 10
v 14431 21 10
v 14432 92 48
v 14433 197 111
v 14434 83 44
v 14435 49 26
v 14436 107 57
v 14437 206 114
v 14438 43 21
v 14439 19 3
v 14440 241 113
v 14441 197 98
v 14442 159 78
v 14443 103 54
v 14444 99 55
v 14445 131 69
v 14446 117 49
v 14447 120 59
v 14448 127 67
v 14449 66 29
v 14450 72 40
v 14455 135 70
v 14456 83 45
v 14457 134 61
v 14459 186 102
v 14462 103 40
v 14464 195 109
v 14465 68 30
v 14467 110 57
v 14471 203 110
v 14472 106 53
v 14473 89 49
v 14474 32 17
v 14481 74 48
v 14491 33 16
v 14650 23 11
v 14651 37 19
v 14652 96 47
v 14653 23 11
v 14654 79 39
v 14655 36 22
v 14656 52 29
v 14657 12 8
v 14658 4 2
v 14659 82 34
v 14660 72 40
v 14661 82 38
v 14662 80 43
v 14663 165 79
v 14664 26 14
v 14665 21 12
v 14666 249 125
v 14667 60 34
v 14668 147 69
v 14669 14 8
v 14670 32 14
v 14671 31 22
v 14672 35 12
v 14673 16 9
v 14674 14 3
v 14675 20 13
v 14676 116 53
v 14677 137 75
v 14678 266 124
v 14679 114 54
v 14680 114 61
v 14681 6 2
v 14682 49 23
v 14683 45 19
v 14684 18 9
v 14685 141 70
v 14686 23 12
v 14687 19 12
v 14688 54 28
v 14689 141 79
v 14690 48 25
v 14691 31 12
v 14692 100 49
v 14693 104 49
v 14694 37 21
v 14695 9 6
v 14696 146 78
v 14697 166 85
v 14698 91 48
v 14699 53 26
v 14700 44 21
v 14701 86 38
v 14702 57 24
v 14703 72 40
v 14704 94 39
v 14705 47 26
v 14706 42 20
v 14711 70 36
v 14712 58 27
v 14713 92 39
v 14715 126 66
v 14718 61 33
v 14720 137 66
v 14721 53 29
v 14723 74 37
v 14727 138 64
v 14728 79 54
v 14729 53 31
v 14730 44 22
v 14737 46 25
v 14747 15 5
v 14907 36 20
v 14908 84 37
v 14909 20 11
v 14910 103 37
v 14911 35 15
v 14912 64 31
v 14913 6 4
v 14914 8 4
v 14915 67 30
v 14916 78 40
v 14917 79 37
v 14918 75 35
v 14919 155 66
v 14920 30 19
v 14921 20 7
v 14922 227 102
v 14923 83 45
v 14924 143 62
v 14925 10 6
v 14926 27 13
v 14927 28 20
v 14928 21 12
v 14929 28 17
v 14930 16 7
v 14931 21 8
v 14932 121 60
v 14933 141 65
v 14934 267 124
v 14935 103 55
v 14936 117 47
v 14937 5 1
v 14938 50 20
v 14939 46 20
v 14940 22 12
v 14941 158 68
v 14942 19 10
v 14943 21 7
v 14944 44 22
v 14945 132 72
v 14946 59 27
v 14947 26 14
v 14948 85 48
v 14949 94 44
v 14950 22 8
v 14951 15 5
v 14952 144 63
v 14953 112 53
v 14954 82 42
v 14955 62 24
v 14956 45 20
v 14957 66 38
v 14958 71 29
v 14959 63 31
v 14960 64 27
v 14961 39 15
v 14962 36 23
v 14967 86 38
v 14968 63 31
v 14969 92 46
v 14971 139 67
v 14974 46 26
v 14976 106 49
v 14977 49 14
v 14979 59 27
v 14983 123 48
v 14984 75 34
v 14985 63 27
v 14986 17 9
v 14993 50 24
v 15003 23 12
v 15164 170 86
v 15165 20 9
v 15166 132 43
v 15167 57 23
v 15168 100 53
v 15169 11 7
v 15170 6 2
v 15171 111 47
v 15172 88 34
v 15173 88 39
v 15174 110 50
v 15175 259 109
v 15176 67 29
v 15177 30 13
v 15178 326 140
v 15179 161 72
v 15180 286 113
v 15181 32 21
v 15182 64 27
v 15183 29 21
v 15184 49 23
v 15185 42 20
v 15186 26 8
v 15187 61 29
v 15188 212 98
v 15189 241 132
v 15190 482 215
v 15191 168 71
v 15192 189 76
v 15193 8 3
v 15194 74 39
v 15195 83 36
v 15196 25 10
v 15197 232 105
v 15198 32 17
v 15199 37 11
v 15200 93 41
v 15201 211 94
v 15202 100 44
v 15203 41 17
v 15204 124 53
v 15205 171 83
v 15206 44 17
v 15207 16 8
v 15208 247 101
v 15209 215 88
v 15210 167 84
v 15211 98 47
v 15212 91 43
v 15213 133 57
v 15214 89 37
v 15215 104 41
v 15216 164 71
v 15217 60 22
v 15218 80 35
v 15223 140 64
v 15224 77 44
v 15225 140 49
v 15227 167 79
v 15230 93 43
v 15232 184 96
v 15233 85 40
v 15235 110 57
v 15239 209 94
v 15240 111 46
v 15241 67 30
v 15242 29 15
v 15249 71 36
v 15259 36 20
v 15421 110 41
v 15422 289 135
v 15423 187 94
v 15424 299 174
v 15425 26 15
v 15426 11 7
v 15427 416 192
v 15428 480 266
v 15429 338 197
v 15430 329 171
v 15431 698 308
v 15432 135 73
v 15433 95 50
v 15434 1067 539
v 15435 420 222
v 15436 671 348
v 15437 87 41
v 15438 149 71
v 15439 96 55
v 15440 141 86
v 15441 127 63
v 15442 65 25
v 15443 115 66
v 15444 481 257
v 15445 657 350
v 15446 1428 792
v 15447 501 244
v 15448 623 298
v 15449 51 21
v 15450 207 111
v 15451 198 103
v 15452 82 41
v 15453 620 343
v 15454 92 47
v 15455 103 42
v 15456 249 136
v 15457 678 371
v 15458 232 125
v 15459 156 73
v 15460 327 173
v 15461 491 265
v 15462 98 54
v 15463 33 13
v 15464 774 388
v 15465 589 302
v 15466 389 208
v 15467 257 131
v 15468 290 151
v 15469 395 221
v 15470 273 131
v 15471 469 266
v 15472 488 272
v 15473 194 100
v 15474 235 136
v 15479 397 190
v 15480 229 138
v 15481 441 235
v 15483 573 329
v 15486 254 137
v 15488 577 303
v 15489 244 129
v 15491 345 186
v 15495 584 263
v 15496 289 151
v 15497 229 125
v 15498 85 48
v 15505 217 123
v 15515 90 49
v 15678 81 44
v 15679 33 22
v 15680 54 29
v 15681 4 3
v 15682 3 0
v 15683 68 38
v 15684 65 34
v 15685 41 29
v 15686 53 27
v 15687 118 47
v 15688 29 17
v 15689 17 10
v 15690 228 126
v 15691 73 41
v 15692 114 54
v 15693 20 9
v 15694 29 15
v 15695 27 16
v 15696 32 16
v 15697 22 12
v 15698 16 6
v 15699 24 16
v 15700 83 52
v 15701 94 51
v 15702 218 108
v 15703 79 38
v 15704 97 44
v 15705 5 1
v 15706 55 23
v 15707 61 30
v 15708 27 15
v 15709 108 51
v 15710 19 12
v 15711 13 7
v 15712 27 13
v 15713 102 63
v 15714 45 23
v 15715 23 15
v 15716 59 29
v 15717 93 47
v 15718 22 12
v 15719 6 6
v 15720 137 67
v 15721 108 52
v 15722 58 26
v 15723 52 28
v 15724 36 18
v 15725 72 43
v 15726 58 21
v 15727 82 46
v 15728 64 31
v 15729 68 39
v 15730 34 19
v 15735 66 34
v 15736 35 20
v 15737 68 29
v 15739 102 52
v 15742 46 17
v 15744 100 48
v 15745 30 17
v 15747 65 29
v 15751 94 45
v 15752 79 47
v 15753 34 17
v 15754 23 9
v 15761 36 20
v 15771 13 9
v 15935 149 96
v 15936 253 150
v 15937 28 16
v 15938 12 5
v 15939 272 162
v 15940 301 172
v 15941 280 171
v 15942 293 159
v 15943 708 348
v 15944 162 90
v 15945 84 44
v 15946 859 471
v 15947 311 171
v 15948 626 334
v 15949 63 29
v 15950 128 66
v 15951 75 46
v 15952 107 63
v 15953 113 58
v 15954 59 19
v 15955 117 73
v 15956 500 262
v 15957 584 322
v 15958 1052 589
v 15959 398 203
v 15960 560 296
v 15961 38 19
v 15962 198 117
v 15963 193 100
v 15964 82 34
v 15965 787 405
v 15966 73 38
v 15967 99 47
v 15968 214 127
v 15969 522 278
v 15970 177 106
v 15971 104 57
v 15972 296 167
v 15973 427 242
v 15974 116 66
v 15975 41 22
v 15976 637 346
v 15977 589 322
v 15978 392 229
v 15979 253 136
v 15980 232 134
v 15981 332 223
v 15982 247 146
v 15983 274 156
v 15984 399 213
v 15985 148 73
v 15986 192 112
v 15991 363 195
v 15992 212 128
v 15993 328 177
v 15995 515 300
v 15998 224 110
v 16000 550 296
v 16001 211 125
v 16003 252 140
v 16007 490 260
v 16008 272 144
v 16009 188 99
v 16010 93 49
v 16017 192 115
v 16027 85 51
v 16192 125 58
v 16193 22 11
v 16194 6 2
v 16195 144 63
v 16196 174 70
v 16197 126 55
v 16198 130 59
v 16199 308 140
v 16200 79 45
v 16201 40 21
v 16202 398 201
v 16203 151 71
v 16204 243 85
v 16205 19 9
v 16206 65 27
v 16207 46 25
v 16208 53 25
v 16209 55 23
v 16210 32 13
v 16211 52 28
v 16212 247 111
v 16213 303 158
v 16214 524 212
v 16215 200 92
v 16216 222 90
v 16217 17 5
v 16218 89 46
v 16219 86 39
v 16220 32 10
v 16221 308 147
v 16222 38 19
v 16223 28 16
v 16224 118 59
v 16225 276 133
v 16226 82 42
v 16227 53 28
v 16228 164 80
v 16229 174 76
v 16230 49 23
v 16231 13 8
v 16232 283 107
v 16233 237 93
v 16234 174 91
v 16235 101 46
v 16236 124 65
v 16237 136 74
v 16238 112 47
v 16239 114 62
v 16240 159 81
v 16241 71 35
v 16242 106 52
v 16247 110 46
v 16248 81 35
v 16249 170 76
v 16251 222 112
v 16254 119 52
v 16256 235 113
v 16257 101 47
v 16259 125 58
v 16263 208 91
v 16264 143 78
v 16265 77 36
v 16266 38 18
v 16273 58 23
v 16283 31 17
v 16449 24 11
v 16450 11 6
v 16451 219 87
v 16452 250 128
v 16453 214 106
v 16454 226 103
v 16455 540 236
v 16456 119 54
v 16457 59 35
v 16458 719 330
v 16459 270 120
v 16460 482 209
v 16461 43 15
v 16462 84 36
v 16463 71 38
v 16464 79 30
v 16465 97 52
v 16466 32 12
v 16467 82 47
v 16468 394 190
v 16469 525 269
v 16470 940 405
v 16471 354 177
v 16472 414 174
v 16473 15 7
v 16474 132 61
v 16475 124 57
v 16476 63 32
v 16477 477 233
v 16478 53 24
v 16479 60 25
v 16480 189 94
v 16481 451 207
v 16482 144 79
v 16483 90 47
v 16484 240 122
v 16485 334 163
v 16486 86 38
v 16487 26 10
v 16488 585 229
v 16489 415 179
v 16490 262 118
v 16491 178 73
v 16492 183 84
v 16493 237 126
v 16494 190 81
v 16495 229 106
v 16496 239 113
v 16497 120 59
v 16498 141 65
v 16503 236 115
v 16504 157 70
v 16505 249 109
v 16507 359 190
v 16510 183 90
v 16512 446 221
v 16513 167 77
v 16515 222 108
v 16519 376 176
v 16520 234 124
v 16521 137 61
v 16522 66 32
v 16529 137 70
v 16539 57 29
v 16706 1 0
v 16707 28 14
v 16708 32 18
v 16709 27 18
v 16710 31 15
v 16711 61 26
v 16712 11 6
v 16713 3 2
v 16714 82 30
v 16715 22 8
v 16716 52 28
v 16717 5 3
v 16718 11 7
v 16719 15 6
v 16720 16 9
v 16721 5 3
v 16722 4 2
v 16723 12 10
v 16724 52 29
v 16725 44 17
v 16726 99 49
v 16727 35 12
v 16728 45 16
v 16730 18 7
v 16731 17 6
v 16732 9 4
v 16733 55 28
v 16734 9 2
v 16735 7 5
v 16736 25 17
v 16737 52 20
v 16738 19 11
v 16739 8 5
v 16740 34 17
v 16741 35 19
v 16742 5 2
v 16743 4 0
v 16744 54 23
v 16745 42 20
v 16746 39 14
v 16747 27 10
v 16748 18 6
v 16749 33 17
v 16750 30 15
v 16751 19 8
v 16752 41 18
v 16753 16 8
v 16754 19 15
v 16759 29 14
v 16760 24 11
v 16761 36 14
v 16763 54 28
v 16766 21 12
v 16768 41 23
v 16769 22 14
v 16771 23 12
v 16775 43 24
v 16776 39 18
v 16777 18 12
v 16778 5 3
v 16785 14 5
v 16795 9 5
v 16963 18 8
v 16964 20 9
v 16965 20 15
v 16966 11 6
v 16967 34 13
v 16968 12 6
v 16969 5 2
v 16970 42 23
v 16971 14 7
v 16972 18 5
v 16974 8 4
v 16975 3 3
v 16976 8 2
v 16977 1 0
v 16978 3 3
v 16979 2 1
v 16980 19 8
v 16981 31 12
v 16982 52 22
v 16983 18 11
v 16984 16 7
v 16986 11 4
v 16987 14 8
v 16988 3 1
v 16989 26 10
v 16990 2 0
v 16991 4 1
v 16992 11 6
v 16993 26 12
v 16994 10 4
v 16995 7 4
v 16996 12 4
v 16997 21 10
v 16998 4 3
v 16999 2 2
v 17000 28 10
v 17001 31 20
v 17002 13 7
v 17003 12 4
v 17004 12 6
v 17005 15 10
v 17006 16 9
v 17007 12 7
v 17008 19 11
v 17009 12 6
v 17010 7 2
v 17015 10 5
v 17016 11 9
v 17017 13 5
v 17019 16 7
v 17022 7 3
v 17024 29 16
v 17025 10 7
v 17027 18 10
v 17031 20 12
v 17032 13 5
v 17033 6 3
v 17034 4 2
v 17041 10 6
v 17051 3 1
v 17220 385 226
v 17221 249 145
v 17222 281 176
v 17223 665 349
v 17224 122 63
v 17225 64 37
v 17226 721 338
v 17227 359 208
v 17228 569 287
v 17229 50 24
v 17230 107 51
v 17231 71 44
v 17232 90 44
v 17233 95 47
v 17234 53 14
v 17235 94 58
v 17236 432 247
v 17237 442 211
v 17238 1060 564
v 17239 477 240
v 17240 428 204
v 17241 22 8
v 17242 160 86
v 17243 117 67
v 17244 68 30
v 17245 590 297
v 17246 72 37
v 17247 73 33
v 17248 225 104
v 17249 535 291
v 17250 171 92
v 17251 87 44
v 17252 315 160
v 17253 400 208
v 17254 71 32
v 17255 25 13
v 17256 656 341
v 17257 446 233
v 17258 350 174
v 17259 183 89
v 17260 196 98
v 17261 272 151
v 17262 187 86
v 17263 284 161
v 17264 438 242
v 17265 161 77
v 17266 162 96
v 17271 284 155
v 17272 186 101
v 17273 354 190
v 17275 444 256
v 17278 226 129
v 17280 493 280
v 17281 182 110
v 17283 249 126
v 17287 434 211
v 17288 254 128
v 17289 175 90
v 17290 81 45
v 17297 140 78
v 17307 57 33
v 17477 265 130
v 17478 317 145
v 17479 659 288
v 17480 128 58
v 17481 77 32
v 17482 923 440
v 17483 325 178
v 17484 601 265
v 17485 86 43
v 17486 117 55
v 17487 90 48
v 17488 123 56
v 17489 107 51
v 17490 50 19
v 17491 114 72
v 17492 544 278
v 17493 613 314
v 17494 1104 548
v 17495 433 208
v 17496 464 236
v 17497 24 12
v 17498 184 82
v 17499 206 99
v 17500 74 34
v 17501 467 239
v 17502 132 66
v 17503 60 33
v 17504 202 101
v 17505 597 298
v 17506 156 74
v 17507 96 44
v 17508 308 153
v 17509 383 184
v 17510 107 53
v 17511 43 21
v 17512 686 328
v 17513 532 252
v 17514 374 202
v 17515 251 130
v 17516 207 106
v 17517 284 163
v 17518 302 144
v 17519 327 153
v 17520 360 186
v 17521 189 80
v 17522 169 90
v 17527 340 161
v 17528 218 117
v 17529 345 164
v 17531 437 241
v 17534 239 113
v 17536 565 278
v 17537 232 114
v 17539 276 137
v 17543 443 203
v 17544 288 146
v 17545 180 87
v 17546 87 46
v 17553 172 98
v 17563 60 27
v 17734 184 93
v 17735 471 227
v 17736 106 52
v 17737 80 42
v 17738 650 299
v 17739 243 126
v 17740 462 202
v 17741 45 16
v 17742 117 54
v 17743 63 29
v 17744 98 50
v 17745 74 32
v 17746 44 18
v 17747 80 46
v 17748 362 178
v 17749 457 232
v 17750 723 356
v 17751 372 188
v 17752 431 202
v 17753 19 6
v 17754 128 59
v 17755 166 77
v 17756 51 12
v 17757 481 237
v 17758 115 51
v 17759 51 26
v 17760 183 95
v 17761 387 175
v 17762 182 99
v 17763 71 30
v 17764 205 95
v 17765 325 163
v 17766 101 55
v 17767 12 2
v 17768 527 257
v 17769 366 179
v 17770 276 139
v 17771 197 94
v 17772 169 92
v 17773 230 109
v 17774 217 98
v 17775 216 101
v 17776 279 119
v 17777 116 50
v 17778 155 82
v 17783 279 115
v 17784 172 76
v 17785 221 96
v 17787 379 192
v 17790 179 94
v 17792 396 200
v 17793 171 89
v 17795 226 108
v 17799 372 162
v 17800 205 90
v 17801 137 72
v 17802 68 34
v 17809 123 70
v 17819 75 41
v 17991 642 305
v 17992 116 58
v 17993 77 53
v 17994 776 373
v 17995 306 135
v 17996 465 213
v 17997 38 22
v 17998 87 33
v 17999 91 52
v 18000 109 58
v 18001 87 47
v 18002 47 19
v 18003 85 42
v 18004 397 180
v 18005 609 292
v 18006 971 498
v 18007 330 161
v 18008 425 205
v 18009 28 12
v 18010 145 71
v 18011 162 73
v 18012 56 21
v 18013 566 288
v 18014 66 34
v 18015 75 47
v 18016 201 114
v 18017 570 290
v 18018 215 132
v 18019 111 53
v 18020 284 133
v 18021 290 151
v 18022 75 35
v 18023 37 17
v 18024 587 283
v 18025 473 223
v 18026 318 153
v 18027 210 118
v 18028 190 105
v 18029 260 146
v 18030 327 154
v 18031 270 132
v 18032 248 128
v 18033 137 67
v 18034 191 97
v 18039 255 130
v 18040 179 103
v 18041 276 121
v 18043 380 207
v 18046 199 106
v 18048 524 273
v 18049 220 102
v 18051 249 123
v 18055 399 188
v 18056 277 141
v 18057 162 82
v 18058 92 51
v 18065 154 79
v 18075 75 42
v 18248 305 163
v 18249 169 97
v 18250 1818 888
v 18251 594 324
v 18252 1260 610
v 18253 105 58
v 18254 218 118
v 18255 176 102
v 18256 221 127
v 18257 213 116
v 18258 119 52
v 18259 208 125
v 18260 1075 547
v 18261 1195 633
v 18262 2286 1170
v 18263 843 438
v 18264 1031 480
v 18265 53 27
v 18266 339 171
v 18267 346 177
v 18268 128 59
v 18269 1283 678
v 18270 163 91
v 18271 164 81
v 18272 414 215
v 18273 1090 596
v 18274 565 287
v 18275 236 127
v 18276 612 318
v 18277 877 487
v 18278 179 92
v 18279 81 41
v 18280 1193 626
v 18281 1113 587
v 18282 819 416
v 18283 476 256
v 18284 667 342
v 18285 631 344
v 18286 549 262
v 18287 518 268
v 18288 698 345
v 18289 319 152
v 18290 377 216
v 18295 670 339
v 18296 359 222
v 18297 660 323
v 18299 975 542
v 18302 484 260
v 18304 985 525
v 18305 514 278
v 18307 582 322
v 18311 1002 475
v 18312 545 318
v 18313 326 183
v 18314 196 104
v 18321 346 206
v 18331 178 83
v 18505 41 16
v 18506 378 183
v 18507 142 64
v 18508 248 100
v 18509 24 9
v 18510 56 23
v 18511 46 26
v 18512 40 23
v 18513 30 13
v 18514 26 12
v 18515 56 36
v 18516 217 106
v 18517 265 134
v 18518 480 216
v 18519 168 66
v 18520 216 102
v 18521 15 6
v 18522 72 34
v 18523 75 44
v 18524 13 5
v 18525 262 110
v 18526 29 19
v 18527 38 17
v 18528 83 38
v 18529 232 117
v 18530 86 47
v 18531 46 20
v 18532 141 64
v 18533 164 78
v 18534 52 23
v 18535 16 6
v 18536 291 137
v 18537 206 95
v 18538 144 64
v 18539 97 45
v 18540 103 61
v 18541 127 63
v 18542 96 41
v 18543 99 42
v 18544 141 75
v 18545 50 16
v 18546 97 47
v 18551 145 60
v 18552 86 38
v 18553 138 67
v 18555 200 106
v 18558 112 57
v 18560 195 91
v 18561 105 55
v 18563 117 48
v 18567 194 94
v 18568 131 62
v 18569 71 35
v 18570 53 24
v 18577 81 45
v 18587 27 15
v 18762 223 101
v 18763 83 40
v 18764 140 51
v 18765 11 6
v 18766 32 15
v 18767 19 9
v 18768 20 12
v 18769 29 19
v 18770 13 3
v 18771 36 23
v 18772 112 49
v 18773 126 59
v 18774 302 142
v 18775 105 47
v 18776 105 47
v 18777 5 2
v 18778 49 27
v 18779 41 17
v 18780 15 2
v 18781 163 71
v 18782 19 7
v 18783 24 5
v 18784 60 33
v 18785 150 75
v 18786 62 27
v 18787 30 14
v 18788 83 39
v 18789 96 43
v 18790 34 15
v 18791 9 5
v 18792 171 76
v 18793 130 55
v 18794 94 44
v 18795 62 28
v 18796 52 24
v 18797 84 40
v 18798 67 27
v 18799 69 38
v 18800 86 34
v 18801 41 17
v 18802 53 25
v 18807 70 34
v 18808 55 26
v 18809 70 28
v 18811 120 55
v 18814 62 35
v 18816 136 69
v 18817 61 29
v 18819 61 28
v 18823 107 40
v 18824 56 24
v 18825 40 18
v 18826 28 9
v 18833 33 19
v 18843 23 11
v 19019 805 402
v 19020 1633 733
v 19021 149 72
v 19022 325 153
v 19023 207 105
v 19024 350 184
v 19025 249 129
v 19026 167 70
v 19027 315 183
v 19028 1295 693
v 19029 1572 786
v 19030 3012 1566
v 19031 1119 573
v 19032 1255 610
v 19033 67 32
v 19034 489 236
v 19035 529 264
v 19036 187 87
v 19037 1576 829
v 19038 161 84
v 19039 176 97
v 19040 597 324
v 19041 1511 777
v 19042 520 271
v 19043 313 161
v 19044 843 416
v 19045 1059 560
v 19046 284 133
v 19047 103 42
v 19048 1681 818
v 19049 1531 823
v 19050 1032 560
v 19051 653 345
v 19052 577 326
v 19053 810 494
v 19054 763 358
v 19055 760 363
v 19056 964 493
v 19057 490 241
v 19058 506 290
v 19063 850 452
v 19064 678 353
v 19065 990 495
v 19067 1292 686
v 19070 827 398
v 19072 1467 761
v 19073 601 323
v 19075 728 395
v 19079 1354 639
v 19080 827 454
v 19081 471 261
v 19082 213 125
v 19089 504 292
v 19099 218 117
v 19276 560 269
v 19277 74 41
v 19278 121 44
v 19279 76 41
v 19280 91 49
v 19281 102 50
v 19282 37 19
v 19283 101 55
v 19284 493 263
v 19285 541 283
v 19286 1203 597
v 19287 490 242
v 19288 499 221
v 19289 27 11
v 19290 143 79
v 19291 134 73
v 19292 52 22
v 19293 683 298
v 19294 66 32
v 19295 77 33
v 19296 209 110
v 19297 533 257
v 19298 169 95
v 19299 114 73
v 19300 293 153
v 19301 440 224
v 19302 113 56
v 19303 36 13
v 19304 632 289
v 19305 475 235
v 19306 338 167
v 19307 200 105
v 19308 259 135
v 19309 296 174
v 19310 260 115
v 19311 278 135
v 19312 315 144
v 19313 165 71
v 19314 212 117
v 19319 326 165
v 19320 198 106
v 19321 304 160
v 19323 440 233
v 19326 234 112
v 19328 503 266
v 19329 211 120
v 19331 245 128
v 19335 441 219
v 19336 246 127
v 19337 182 109
v 19338 89 40
v 19345 140 82
v 19355 76 40
v 19533 113 56
v 19534 226 118
v 19535 149 90
v 19536 188 109
v 19537 159 71
v 19538 93 48
v 19539 183 113
v 19540 852 451
v 19541 979 524
v 19542 1625 859
v 19543 775 428
v 19544 929 413
v 19545 49 28
v 19546 326 158
v 19547 294 147
v 19548 132 64
v 19549 1048 601
v 19550 116 65
v 19551 117 75
v 19552 378 211
v 19553 917 488
v 19554 392 240
v 19555 210 120
v 19556 488 275
v 19557 697 407
v 19558 210 124
v 19559 71 30
v 19560 1201 648
v 19561 917 485
v 19562 588 324
v 19563 376 201
v 19564 393 227
v 19565 519 304
v 19566 453 229
v 19567 488 259
v 19568 679 360
v 19569 317 150
v 19570 325 202
v 19575 592 317
v 19576 328 165
v 19577 576 274
v 19579 836 500
v 19582 332 195
v 19584 926 523
v 19585 315 197
v 19587 491 262
v 19591 841 416
v 19592 499 250
v 19593 308 166
v 19594 148 87
v 19601 274 152
v 19611 133 79
v 19790 29 15
v 19791 13 7
v 19792 23 12
v 19793 16 9
v 19794 16 7
v 19795 14 7
v 19796 88 48
v 19797 124 64
v 19798 227 114
v 19799 96 42
v 19800 77 36
v 19801 15 6
v 19802 47 23
v 19803 33 15
v 19804 14 4
v 19805 117 54
v 19806 10 7
v 19807 21 11
v 19808 33 16
v 19809 87 42
v 19810 30 21
v 19811 19 11
v 19812 33 12
v 19813 77 38
v 19814 13 5
v 19815 6 2
v 19816 106 53
v 19817 110 50
v 19818 64 27
v 19819 32 19
v 19820 40 20
v 19821 61 30
v 19822 41 22
v 19823 63 29
v 19824 65 38
v 19825 49 28
v 19826 31 13
v 19831 56 28
v 19832 28 17
v 19833 72 34
v 19835 85 41
v 19838 28 16
v 19840 84 46
v 19841 44 24
v 19843 51 33
v 19847 91 43
v 19848 51 29
v 19849 27 15
v 19850 16 7
v 19857 31 19
v 19867 11 5
v 20047 23 16
v 20048 39 24
v 20049 23 17
v 20050 22 10
v 20051 34 21
v 20052 160 86
v 20053 213 119
v 20054 392 205
v 20055 151 79
v 20056 181 92
v 20057 10 5
v 20058 61 25
v 20059 75 42
v 20060 35 16
v 20061 199 108
v 20062 31 15
v 20063 20 8
v 20064 68 35
v 20065 184 106
v 20066 78 44
v 20067 31 22
v 20068 117 63
v 20069 154 88
v 20070 40 24
v 20071 19 13
v 20072 213 115
v 20073 194 107
v 20074 143 77
v 20075 89 42
v 20076 73 40
v 20077 117 58
v 20078 82 41
v 20079 119 62
v 20080 142 66
v 20081 62 32
v 20082 64 37
v 20087 136 70
v 20088 81 45
v 20089 142 74
v 20091 170 99
v 20094 82 34
v 20096 202 121
v 20097 68 37
v 20099 91 45
v 20103 188 100
v 20104 114 64
v 20105 48 24
v 20106 32 18
v 20113 56 27
v 20123 29 17
v 20304 34 17
v 20305 30 13
v 20306 18 10
v 20307 25 16
v 20308 112 46
v 20309 122 57
v 20310 261 116
v 20311 112 48
v 20312 111 44
v 20313 6 2
v 20314 47 19
v 20315 46 21
v 20316 16 5
v 20317 139 73
v 20318 23 9
v 20319 16 4
v 20320 79 29
v 20321 153 75
v 20322 45 19
v 20323 25 16
v 20324 92 43
v 20325 95 46
v 20326 21 12
v 20327 6 4
v 20328 155 73
v 20329 150 71
v 20330 78 28
v 20331 58 24
v 20332 63 24
v 20333 74 33
v 20334 64 24
v 20335 63 31
v 20336 117 55
v 20337 33 13
v 20338 38 15
v 20343 67 33
v 20344 50 24
v 20345 91 43
v 20347 118 62
v 20350 46 21
v 20352 137 59
v 20353 59 26
v 20355 75 24
v 20359 125 49
v 20360 66 34
v 20361 46 20
v 20362 32 14
v 20369 35 15
v 20379 18 9
v 20561 33 9
v 20562 21 11
v 20563 45 24
v 20564 138 62
v 20565 204 95
v 20566 370 174
v 20567 154 82
v 20568 159 83
v 20569 13 6
v 20570 71 34
v 20571 52 24
v 20572 21 7
v 20573 223 103
v 20574 15 6
v 20575 34 15
v 20576 76 40
v 20577 191 100
v 20578 69 31
v 20579 38 21
v 20580 105 50
v 20581 142 79
v 20582 30 16
v 20583 14 9
v 20584 193 95
v 20585 181 93
v 20586 130 54
v 20587 72 45
v 20588 74 30
v 20589 129 63
v 20590 80 32
v 20591 96 49
v 20592 115 48
v 20593 51 24
v 20594 65 28
v 20599 109 57
v 20600 63 27
v 20601 112 54
v 20603 155 69
v 20606 64 35
v 20608 180 86
v 20609 74 40
v 20611 105 50
v 20615 157 66
v 20616 91 55
v 20617 75 45
v 20618 26 11
v 20625 65 33
v 20635 28 12
v 20818 19 11
v 20819 28 18
v 20820 158 88
v 20821 179 108
v 20822 324 175
v 20823 141 65
v 20824 172 80
v 20825 7 2
v 20826 44 16
v 20827 59 29
v 20828 20 10
v 20829 185 76
v 20830 29 16
v 20831 26 12
v 20832 72 39
v 20833 157 86
v 20834 63 25
v 20835 36 19
v 20836 77 35
v 20837 134 79
v 20838 27 10
v 20839 18 8
v 20840 210 108
v 20841 159 74
v 20842 103 57
v 20843 52 26
v 20844 75 42
v 20845 77 45
v 20846 67 31
v 20847 85 47
v 20848 79 39
v 20849 52 25
v 20850 49 26
v 20855 101 48
v 20856 56 31
v 20857 100 55
v 20859 135 67
v 20862 54 29
v 20864 140 69
v 20865 62 31
v 20867 89 43
v 20871 155 61
v 20872 80 41
v 20873 43 22
v 20874 38 23
v 20881 47 30
v 20891 24 16
v 21075 22 11
v 21076 65 43
v 21077 127 68
v 21078 216 116
v 21079 56 21
v 21080 90 49
v 21081 6 2
v 21082 36 19
v 21083 41 18
v 21084 17 6
v 21085 102 63
v 21086 22 9
v 21087 16 5
v 21088 32 13
v 21089 98 60
v 21090 33 18
v 21091 17 9
v 21092 56 26
v 21093 73 46
v 21094 28 16
v 21095 6 2
v 21096 106 54
v 21097 98 56
v 21098 72 39
v 21099 36 15
v 21100 37 16
v 21101 54 32
v 21102 46 25
v 21103 62 40
v 21104 38 19
v 21105 45 29
v 21106 30 13
v 21111 45 25
v 21112 34 19
v 21113 53 24
v 21115 103 56
v 21118 31 20
v 21120 80 40
v 21121 32 23
v 21123 53 29
v 21127 75 36
v 21128 55 30
v 21129 42 22
v 21130 18 5
v 21137 35 18
v 21147 15 8
v 21332 148 61
v 21333 154 73
v 21334 350 147
v 21335 122 61
v 21336 141 59
v 21337 10 4
v 21338 72 26
v 21339 60 21
v 21340 25 12
v 21341 188 88
v 21342 17 5
v 21343 33 15
v 21344 59 26
v 21345 195 83
v 21346 144 73
v 21347 35 8
v 21348 102 52
v 21349 113 62
v 21350 32 14
v 21351 8 2
v 21352 204 77
v 21353 187 82
v 21354 98 44
v 21355 71 34
v 21356 74 38
v 21357 125 65
v 21358 80 24
v 21359 101 47
v 21360 116 40
v 21361 52 21
v 21362 60 28
v 21367 100 47
v 21368 62 26
v 21369 105 43
v 21371 132 55
v 21374 66 25
v 21376 149 70
v 21377 75 25
v 21379 86 33
v 21383 145 61
v 21384 100 48
v 21385 62 23
v 21386 30 15
v 21393 61 33
v 21403 29 18
v 21589 899 452
v 21590 1659 825
v 21591 658 333
v 21592 703 330
v 21593 33 16
v 21594 243 118
v 21595 239 121
v 21596 89 38
v 21597 1022 487
v 21598 90 51
v 21599 96 52
v 21600 372 186
v 21601 864 446
v 21602 383 215
v 21603 185 90
v 21604 469 224
v 21605 639 329
v 21606 167 86
v 21607 49 26
v 21608 1060 476
v 21609 732 338
v 21610 521 267
v 21611 324 155
v 21612 341 173
v 21613 462 256
v 21614 349 155
v 21615 384 181
v 21616 460 219
v 21617 243 103
v 21618 278 147
v 21623 473 231
v 21624 327 180
v 21625 460 205
v 21627 651 327
v 21630 320 160
v 21632 789 394
v 21633 309 173
v 21635 342 174
v 21639 690 323
v 21640 424 207
v 21641 244 124
v 21642 149 75
v 21649 202 116
v 21659 148 73
v 21846 1992 972
v 21847 765 391
v 21848 849 381
v 21849 50 17
v 21850 320 146
v 21851 348 162
v 21852 111 46
v 21853 1025 501
v 21854 171 68
v 21855 128 56
v 21856 388 207
v 21857 973 467
v 21858 542 276
v 21859 205 105
v 21860 544 275
v 21861 693 357
v 21862 169 94
v 21863 69 31
v 21864 1120 517
v 21865 997 487
v 21866 588 271
v 21867 405 215
v 21868 402 205
v 21869 584 328
v 21870 519 254
v 21871 503 259
v 21872 677 343
v 21873 294 146
v 21874 335 171
v 21879 566 275
v 21880 375 195
v 21881 644 308
v 21883 842 438
v 21886 358 174
v 21888 1366 696
v 21889 359 197
v 21891 477 229
v 21895 862 395
v 21896 572 277
v 21897 322 158
v 21898 176 89
v 21905 296 167
v 21915 117 68
v 22103 1453 719
v 22104 1649 780
v 22105 81 40
v 22106 631 291
v 22107 526 247
v 22108 216 93
v 22109 2065 1017
v 22110 216 122
v 22111 221 119
v 22112 761 405
v 22113 1728 927
v 22114 627 357
v 22115 394 219
v 22116 1085 482
v 22117 1328 675
v 22118 342 169
v 22119 117 53
v 22120 2166 1014
v 22121 1809 929
v 22122 1295 624
v 22123 851 416
v 22124 652 410
v 22125 1048 597
v 22126 856 371
v 22127 835 419
v 22128 1141 544
v 22129 494 242
v 22130 698 379
v 22135 1066 508
v 22136 651 344
v 22137 1111 537
v 22139 1611 835
v 22142 726 360
v 22144 1708 872
v 22145 715 403
v 22147 874 479
v 22151 1548 686
v 22152 942 501
v 22153 576 283
v 22154 299 162
v 22161 531 275
v 22171 241 122
v 22360 640 322
v 22361 29 11
v 22362 247 134
v 22363 214 114
v 22364 80 38
v 22365 632 371
v 22366 104 56
v 22367 99 45
v 22368 285 137
v 22369 653 350
v 22370 239 140
v 22371 136 76
v 22372 433 215
v 22373 525 277
v 22374 135 61
v 22375 56 35
v 22376 846 386
v 22377 673 352
v 22378 440 227
v 22379 301 158
v 22380 325 167
v 22381 355 206
v 22382 303 147
v 22383 333 161
v 22384 442 199
v 22385 184 93
v 22386 269 152
v 22391 417 192
v 22392 300 166
v 22393 478 226
v 22395 629 328
v 22398 337 174
v 22400 628 327
v 22401 275 164
v 22403 381 201
v 22407 571 291
v 22408 350 166
v 22409 215 119
v 22410 100 45
v 22417 216 120
v 22427 78 41
v 22617 42 21
v 22618 246 135
v 22619 229 125
v 22620 93 52
v 22621 997 525
v 22622 79 46
v 22623 109 50
v 22624 357 204
v 22625 817 414
v 22626 227 132
v 22627 158 92
v 22628 443 221
v 22629 702 387
v 22630 145 75
v 22631 63 30
v 22632 964 463
v 22633 858 450
v 22634 551 282
v 22635 359 184
v 22636 368 202
v 22637 449 279
v 22638 373 179
v 22639 401 223
v 22640 476 248
v 22641 204 110
v 22642 299 173
v 22647 510 275
v 22648 313 146
v 22649 477 251
v 22651 728 401
v 22654 349 196
v 22656 670 346
v 22657 309 169
v 22659 379 192
v 22663 669 365
v 22664 377 205
v 22665 250 147
v 22666 127 74
v 22673 245 141
v 22683 119 62
v 22874 20 12
v 22875 16 6
v 22876 7 3
v 22877 53 30
v 22878 6 3
v 22879 3 2
v 22880 14 6
v 22881 37 20
v 22882 15 9
v 22883 13 11
v 22884 32 22
v 22885 35 20
v 22886 10 4
v 22887 1 0
v 22888 47 20
v 22889 52 28
v 22890 34 25
v 22891 23 13
v 22892 14 8
v 22893 20 12
v 22894 19 5
v 22895 30 15
v 22896 28 17
v 22897 20 12
v 22898 15 11
v 22903 27 19
v 22904 19 15
v 22905 25 9
v 22907 47 21
v 22910 16 8
v 22912 39 19
v 22913 13 9
v 22915 26 14
v 22919 36 15
v 22920 22 12
v 22921 10 8
v 22922 2 0
v 22929 15 6
v 22939 7 4
v 23131 119 63
v 23132 53 25
v 23133 294 148
v 23134 37 14
v 23135 24 17
v 23136 104 57
v 23137 283 139
v 23138 110 64
v 23139 73 38
v 23140 150 77
v 23141 206 98
v 23142 48 25
v 23143 19 8
v 23144 354 170
v 23145 314 159
v 23146 225 116
v 23147 126 63
v 23148 118 58
v 23149 196 115
v 23150 138 71
v 23151 148 85
v 23152 224 116
v 23153 117 54
v 23154 79 46
v 23159 159 86
v 23160 97 56
v 23161 189 107
v 23163 305 156
v 23166 120 62
v 23168 266 127
v 23169 110 66
v 23171 147 74
v 23175 288 147
v 23176 168 83
v 23177 117 62
v 23178 39 27
v 23185 92 60
v 23195 41 24
v 23388 56 19
v 23389 275 139
v 23390 40 25
v 23391 44 16
v 23392 114 70
v 23393 302 153
v 23394 105 58
v 23395 60 32
v 23396 187 93
v 23397 197 94
v 23398 56 26
v 23399 19 13
v 23400 336 167
v 23401 354 184
v 23402 222 121
v 23403 139 77
v 23404 106 51
v 23405 222 117
v 23406 152 71
v 23407 174 88
v 23408 225 115
v 23409 110 53
v 23410 81 42
v 23415 156 78
v 23416 105 52
v 23417 253 121
v 23419 314 165
v 23422 116 54
v 23424 284 144
v 23425 105 50
v 23427 172 78
v 23431 286 122
v 23432 183 87
v 23433 121 60
v 23434 57 32
v 23441 108 56
v 23451 49 31
v 23645 98 59
v 23646 18 9
v 23647 12 5
v 23648 46 27
v 23649 119 75
v 23650 35 26
v 23651 18 12
v 23652 54 25
v 23653 87 46
v 23654 21 10
v 23655 5 2
v 23656 114 56
v 23657 103 51
v 23658 72 42
v 23659 45 27
v 23660 35 19
v 23661 75 48
v 23662 71 40
v 23663 57 33
v 23664 79 47
v 23665 39 28
v 23666 36 19
v 23671 65 33
v 23672 45 26
v 23673 86 45
v 23675 101 57
v 23678 47 30
v 23680 106 65
v 23681 42 21
v 23683 60 29
v 23687 123 65
v 23688 56 26
v 23689 47 28
v 23690 20 14
v 23697 28 17
v 23707 13 8
v 23902 131 76
v 23903 135 62
v 23904 423 223
v 23905 1000 512
v 23906 419 203
v 23907 279 173
v 23908 584 288
v 23909 683 355
v 23910 199 110
v 23911 79 29
v 23912 1115 524
v 23913 746 293
v 23914 794 430
v 23915 473 245
v 23916 445 227
v 23917 553 323
v 23918 400 181
v 23919 508 253
v 23920 706 351
v 23921 270 129
v 23922 374 211
v 23927 617 298
v 23928 404 198
v 23929 493 184
v 23931 883 449
v 23934 482 260
v 23936 941 451
v 23937 393 201
v 23939 462 226
v 23943 849 377
v 23944 511 247
v 23945 312 156
v 23946 172 82
v 23953 314 172
v 23963 143 62
v 24159 15 5
v 24160 43 19
v 24161 100 58
v 24162 48 25
v 24163 24 13
v 24164 64 28
v 24165 98 60
v 24166 14 6
v 24167 5 3
v 24168 166 71
v 24169 131 69
v 24170 90 38
v 24171 55 28
v 24172 49 22
v 24173 71 34
v 24174 60 29
v 24175 55 34
v 24176 80 36
v 24177 45 17
v 24178 39 17
v 24183 78 41
v 24184 39 19
v 24185 69 28
v 24187 110 58
v 24190 35 19
v 24192 109 56
v 24193 35 20
v 24195 53 27
v 24199 99 44
v 24200 66 31
v 24201 37 20
v 24202 14 7
v 24209 34 17
v 24219 16 10
v 24416 39 17
v 24417 114 52
v 24418 38 23
v 24419 21 13
v 24420 78 36
v 24421 89 43
v 24422 24 10
v 24423 12 6
v 24424 209 107
v 24425 86 50
v 24426 68 39
v 24427 68 39
v 24428 42 26
v 24429 60 38
v 24430 64 29
v 24431 47 23
v 24432 55 27
v 24433 19 8
v 24434 46 24
v 24439 61 34
v 24440 46 24
v 24441 74 38
v 24443 84 42
v 24446 47 25
v 24448 103 63
v 24449 43 18
v 24451 43 21
v 24455 117 50
v 24456 80 48
v 24457 29 17
v 24458 22 13
v 24465 32 26
v 24475 12 5
v 24673 333 159
v 24674 141 73
v 24675 77 39
v 24676 205 100
v 24677 259 135
v 24678 79 34
v 24679 24 9
v 24680 464 219
v 24681 385 194
v 24682 247 121
v 24683 147 66
v 24684 195 82
v 24685 188 104
v 24686 171 78
v 24687 174 91
v 24688 206 103
v 24689 99 47
v 24690 162 82
v 24695 219 100
v 24696 153 80
v 24697 225 100
v 24699 306 151
v 24702 157 78
v 24704 360 167
v 24705 161 84
v 24707 194 94
v 24711 343 163
v 24712 194 86
v 24713 111 56
v 24714 58 28
v 24721 105 61
v 24731 42 21
v 24930 349 177
v 24931 180 100
v 24932 504 266
v 24933 591 303
v 24934 143 78
v 24935 71 28
v 24936 1027 503
v 24937 836 423
v 24938 597 278
v 24939 427 203
v 24940 374 206
v 24941 514 295
v 24942 399 200
v 24943 439 236
v 24944 544 253
v 24945 264 140
v 24946 290 151
v 24951 537 245
v 24952 309 155
v 24953 562 262
v 24955 797 442
v 24958 371 189
v 24960 864 447
v 24961 386 189
v 24963 476 245
v 24967 886 405
v 24968 529 278
v 24969 283 146
v 24970 131 66
v 24977 274 152
v 24987 134 61
v 25187 100 52
v 25188 238 109
v 25189 185 92
v 25190 50 19
v 25191 25 12
v 25192 382 157
v 25193 296 128
v 25194 254 112
v 25195 188 96
v 25196 149 69
v 25197 191 111
v 25198 174 78
v 25199 155 72
v 25200 229 120
v 25201 107 44
v 25202 129 71
v 25207 189 101
v 25208 121 72
v 25209 138 54
v 25211 321 174
v 25214 133 64
v 25216 341 169
v 25217 131 66
v 25219 177 85
v 25223 315 153
v 25224 184 87
v 25225 122 57
v 25226 76 42
v 25233 92 45
v 25243 52 27
v 25444 118 50
v 25445 173 100
v 25446 40 18
v 25447 11 4
v 25448 228 97
v 25449 205 95
v 25450 131 57
v 25451 71 30
v 25452 88 40
v 25453 115 66
v 25454 97 37
v 25455 91 35
v 25456 124 61
v 25457 51 16
v 25458 63 32
v 25463 101 43
v 25464 55 30
v 25465 135 69
v 25467 132 60
v 25470 62 28
v 25472 171 78
v 25473 84 40
v 25475 94 41
v 25479 185 87
v 25480 96 44
v 25481 65 29
v 25482 25 8
v 25489 50 36
v 25499 23 11
v 25701 382 201
v 25702 94 49
v 25703 35 18
v 25704 538 289
v 25705 482 237
v 25706 309 154
v 25707 239 125
v 25708 196 100
v 25709 353 194
v 25710 260 114
v 25711 262 136
v 25712 310 145
v 25713 153 75
v 25714 194 95
v 25719 296 145
v 25720 200 103
v 25721 325 157
v 25723 454 240
v 25726 239 131
v 25728 528 260
v 25729 243 133
v 25731 285 146
v 25735 515 247
v 25736 263 151
v 25737 156 80
v 25738 93 47
v 25745 157 84
v 25755 75 23
v 25958 147 79
v 25959 46 25
v 25960 697 317
v 25961 605 282
v 25962 438 226
v 25963 288 147
v 25964 292 162
v 25965 358 208
v 25966 308 146
v 25967 321 153
v 25968 402 214
v 25969 210 107
v 25970 228 116
v 25975 410 197
v 25976 259 141
v 25977 378 163
v 25979 601 311
v 25982 273 138
v 25984 626 303
v 25985 276 140
v 25987 328 151
v 25991 620 280
v 25992 368 187
v 25993 213 123
v 25994 98 54
v 26001 194 106
v 26011 105 52
v 26215 13 9
v 26216 194 89
v 26217 168 80
v 26218 83 43
v 26219 58 31
v 26220 67 37
v 26221 93 50
v 26222 80 38
v 26223 63 33
v 26224 104 49
v 26225 52 24
v 26226 65 39
v 26231 84 44
v 26232 73 37
v 26233 96 52
v 26235 135 71
v 26238 70 33
v 26240 127 60
v 26241 50 35
v 26243 82 57
v 26247 167 83
v 26248 77 43
v 26249 54 24
v 26250 26 16
v 26257 41 28
v 26267 20 12
v 26472 74 30
v 26473 37 22
v 26474 36 19
v 26475 17 9
v 26476 28 17
v 26477 36 20
v 26478 25 13
v 26479 31 18
v 26480 39 20
v 26481 20 9
v 26482 20 11
v 26487 28 15
v 26488 13 7
v 26489 35 20
v 26491 62 38
v 26494 18 9
v 26496 53 31
v 26497 26 16
v 26499 24 15
v 26503 53 37
v 26504 22 12
v 26505 22 13
v 26506 12 5
v 26513 22 12
v 26523 13 5
v 26729 936 455
v 26730 629 354
v 26731 434 228
v 26732 426 253
v 26733 551 327
v 26734 561 286
v 26735 354 170
v 26736 464 210
v 26737 304 160
v 26738 446 235
v 26743 602 340
v 26744 359 203
v 26745 631 309
v 26747 888 493
v 26750 388 193
v 26752 989 507
v 26753 453 266
v 26755 356 171
v 26759 1080 504
v 26760 528 277
v 26761 326 166
v 26762 158 87
v 26769 331 200
v 26779 137 78
v 26986 620 330
v 26987 379 193
v 26988 314 164
v 26989 488 292
v 26990 423 196
v 26991 523 265
v 26992 631 334
v 26993 297 149
v 26994 250 143
v 26999 477 258
v 27000 348 181
v 27001 586 256
v 27003 838 440
v 27006 337 193
v 27008 763 404
v 27009 319 174
v 27011 512 269
v 27015 810 405
v 27016 443 256
v 27017 298 136
v 27018 125 71
v 27025 261 151
v 27035 130 72
v 27243 309 164
v 27244 247 132
v 27245 348 199
v 27246 250 112
v 27247 239 88
v 27248 417 192
v 27249 158 64
v 27250 252 115
v 27255 368 167
v 27256 273 145
v 27257 332 147
v 27259 547 312
v 27262 272 143
v 27264 557 287
v 27265 233 137
v 27267 326 180
v 27271 548 272
v 27272 352 183
v 27273 195 102
v 27274 91 42
v 27281 186 104
v 27291 101 54
v 27500 168 85
v 27501 229 134
v 27502 176 92
v 27503 200 98
v 27504 240 105
v 27505 117 57
v 27506 173 102
v 27511 242 118
v 27512 149 78
v 27513 226 113
v 27515 338 185
v 27518 172 88
v 27520 382 192
v 27521 147 86
v 27523 180 96
v 27527 349 163
v 27528 227 117
v 27529 141 73
v 27530 57 33
v 27537 143 86
v 27547 80 38
v 27757 193 113
v 27758 170 69
v 27759 156 71
v 27760 202 87
v 27761 93 47
v 27762 130 67
v 27767 200 89
v 27768 148 76
v 27769 234 102
v 27771 297 159
v 27774 169 83
v 27776 359 191
v 27777 176 93
v 27779 146 71
v 27783 334 167
v 27784 169 83
v 27785 108 60
v 27786 63 24
v 27793 93 41
v 27803 50 27
v 28014 236 76
v 28015 317 129
v 28016 263 103
v 28017 181 68
v 28018 170 95
v 28023 277 113
v 28024 184 82
v 28025 301 102
v 28027 436 186
v 28030 206 93
v 28032 480 212
v 28033 199 93
v 28035 316 135
v 28039 489 211
v 28040 297 144
v 28041 181 79
v 28042 103 47
v 28049 179 87
v 28059 69 33
v 28271 211 111
v 28272 323 190
v 28273 126 69
v 28274 125 77
v 28279 244 132
v 28280 135 72
v 28281 251 125
v 28283 382 212
v 28286 157 75
v 28288 693 344
v 28289 142 80
v 28291 209 92
v 28295 382 218
v 28296 244 113
v 28297 147 89
v 28298 83 50
v 28305 123 78
v 28315 54 39
v 28528 310 146
v 28529 151 80
v 28530 155 77
v 28535 259 146
v 28536 196 88
v 28537 300 134
v 28539 428 231
v 28542 189 101
v 28544 409 211
v 28545 143 76
v 28547 224 107
v 28551 444 196
v 28552 251 116
v 28553 144 82
v 28554 62 39
v 28561 139 71
v 28571 72 34
v 28785 186 97
v 28786 167 91
v 28791 357 178
v 28792 200 109
v 28793 392 191
v 28795 518 248
v 28798 221 100
v 28800 539 273
v 28801 193 106
v 28803 278 139
v 28807 506 259
v 28808 277 170
v 28809 220 107
v 28810 149 81
v 28817 174 93
v 28827 90 51
v 29042 78 44
v 29047 153 82
v 29048 103 57
v 29049 199 109
v 29051 241 142
v 29054 117 54
v 29056 264 143
v 29057 100 53
v 29059 168 92
v 29063 246 130
v 29064 156 84
v 29065 95 58
v 29066 38 25
v 29073 90 57
v 29083 44 20
v 29303 170 69
v 29304 128 67
v 29305 179 80
v 29307 252 117
v 29310 151 71
v 29312 308 129
v 29313 135 68
v 29315 137 57
v 29319 243 105
v 29320 196 105
v 29321 111 54
v 29322 57 26
v 29329 90 45
v 29339 43 19
v 30584 225 124
v 30585 353 178
v 30587 545 286
v 30590 225 117
v 30592 478 230
v 30593 183 97
v 30595 259 126
v 30599 493 232
v 30600 245 134
v 30601 161 84
v 30602 75 37
v 30609 155 85
v 30619 91 38
v 30841 171 82
v 30843 298 153
v 30846 129 70
v 30848 338 163
v 30849 126 61
v 30851 157 77
v 30855 320 154
v 30856 167 77
v 30857 117 48
v 30858 41 16
v 30865 98 58
v 30875 64 26
v 31099 529 282
v 31102 216 125
v 31104 554 285
v 31105 224 116
v 31107 293 138
v 31111 477 220
v 31112 288 144
v 31113 209 129
v 31114 72 32
v 31121 195 113
v 31131 65 37
v 31614 358 172
v 31616 718 335
v 31617 341 157
v 31619 437 194
v 31623 745 317
v 31624 462 229
v 31625 267 124
v 31626 130 66
v 31633 254 143
v 31643 131 66
v 32384 347 175
v 32385 171 100
v 32387 198 101
v 32391 357 145
v 32392 174 79
v 32393 112 60
v 32394 58 29
v 32401 132 75
v 32411 61 33
v 32897 417 202
v 32899 407 214
v 32903 781 391
v 32904 446 227
v 32905 245 124
v 32906 145 76
v 32913 227 134
v 32923 139 70
v 33155 181 83
v 33159 360 174
v 33160 168 85
v 33161 106 52
v 33162 56 27
v 33169 116 76
v 33179 64 28
v 33671 423 204
v 33672 218 107
v 33673 160 76
v 33674 81 40
v 33681 138 73
v 33691 67 32
v 34696 436 251
v 34697 279 153
v 34698 113 57
v 34705 258 134
v 34715 131 67
v 34953 161 77
v 34954 58 32
v 34961 140 67
v 34971 70 31
v 35210 56 35
v 35217 109 60
v 35227 42 19
v 35473 47 25
v 35483 25 15
v 37275 46 23
s 258 1092 582
s 259 172 100
s 260 38 19
s 261 777 387
s 262 121 55
s 263 934 493
s 264 67 27
s 265 866 449
s 266 29 12
s 267 395 175
s 268 43 17
s 269 210 105
s 270 1708 861
s 271 274 141
s 272 172 73
s 273 373 186
s 274 50 20
s 275 371 144
s 276 412 210
s 277 1002 468
s 278 684 316
s 279 282 152
s 281 969 442
s 282 1565 757
s 283 1004 512
s 284 354 167
s 285 1061 560
s 286 853 475
s 287 800 436
s 288 178 93
s 289 254 143
s 290 316 148
s 291 743 364
s 292 768 367
s 293 311 150
s 294 127 62
s 295 554 255
s 296 335 178
s 297 34 15
s 298 423 233
s 299 320 156
s 300 56 27
s 301 248 135
s 302 69 34
s 303 356 178
s 304 80 39
s 305 962 508
s 306 362 204
s 307 185 97
s 308 135 69
s 309 304 140
s 310 92 48
s 311 356 188
s 312 75 33
s 313 130 65
s 314 125 54
s 315 211 97
s 316 610 313
s 317 115 71
s 318 521 299
s 319 178 84
s 320 409 192
s 321 58 27
s 322 23 12
s 323 47 20
s 324 548 265
s 325 365 187
s 326 66 29
s 327 1061 572
s 328 170 74
s 329 78 45
s 330 1413 747
s 331 514 264
s 332 866 459
s 333 106 58
s 334 186 96
s 335 130 54
s 336 67 42
s 337 123 57
s 338 79 51
s 339 182 90
s 340 713 348
s 341 1001 514
s 342 1619 848
s 343 691 352
s 344 746 413
s 345 6 3
s 346 291 156
s 347 210 117
s 348 121 60
s 349 256 125
s 350 25 12
s 351 16 6
s 352 339 164
s 353 816 404
s 354 301 132
s 355 169 77
s 356 417 188
s 357 634 299
s 358 166 87
s 359 48 25
s 360 1010 513
s 361 891 462
s 362 527 275
s 363 340 171
s 364 318 162
s 365 42 19
s 366 433 227
s 367 449 238
s 368 616 338
s 369 251 142
s 370 161 81
s 375 516 265
s 376 320 168
s 377 565 311
s 379 800 384
s 382 318 151
s 384 787 390
s 385 336 193
s 387 423 214
s 391 750 428
s 392 445 224
s 393 307 152
s 394 43 21
s 401 118 46
s 411 123 62
s 515 197 89
s 516 130 66
s 517 1004 503
s 518 1447 612
s 519 831 420
s 520 1409 742
s 521 1054 548
s 522 339 179
s 523 643 248
s 524 950 526
s 525 262 118
s 526 1542 765
s 527 220 98
s 528 79 36
s 529 452 193
s 530 827 446
s 531 420 186
s 532 624 310
s 533 1278 604
s 534 924 470
s 535 164 85
s 537 1144 518
s 538 1922 906
s 539 1206 593
s 540 89 40
s 541 136 55
s 542 1243 630
s 543 968 488
s 544 297 151
s 545 112 63
s 546 394 199
s 547 1067 495
s 548 747 350
s 549 393 186
s 550 53 32
s 551 694 311
s 552 370 181
s 553 462 201
s 554 278 145
s 555 261 128
s 556 651 303
s 557 278 144
s 558 357 175
s 559 288 142
s 560 1086 552
s 561 530 271
s 562 512 271
s 563 206 97
s 564 174 98
s 565 687 297
s 566 1180 626
s 567 65 27
s 568 255 135
s 569 97 55
s 570 145 70
s 571 204 97
s 572 86 44
s 573 103 50
s 574 575 321
s 575 304 132
s 576 532 268
s 577 39 18
s 578 23 10
s 579 607 345
s 580 648 325
s 581 67 30
s 582 518 252
s 583 987 490
s 584 299 150
s 585 152 69
s 586 1685 872
s 587 650 340
s 588 1045 547
s 589 25 10
s 590 23 11
s 591 154 71
s 592 158 76
s 593 81 32
s 594 107 59
s 595 191 78
s 596 779 400
s 597 843 431
s 598 2015 998
s 599 853 428
s 600 815 433
s 601 47 26
s 602 333 166
s 603 285 153
s 604 77 46
s 605 1142 554
s 606 133 71
s 607 124 58
s 608 32 18
s 609 491 219
s 610 89 37
s 611 25 12
s 612 459 224
s 613 848 414
s 614 162 81
s 615 45 24
s 616 156 71
s 617 957 456
s 618 623 322
s 619 400 205
s 620 56 24
s 621 580 255
s 622 452 250
s 623 511 261
s 624 612 306
s 625 314 172
s 626 348 158
s 631 596 289
s 632 265 107
s 633 625 329
s 635 955 446
s 638 381 183
s 640 984 485
s 641 55 27
s 643 485 249
s 647 160 82
s 648 416 212
s 649 113 57
s 650 181 90
s 657 299 138
s 667 77 39
s 772 16 8
s 773 59 42
s 774 209 97
s 775 213 103
s 776 219 107
s 777 145 72
s 778 58 28
s 779 115 53
s 780 161 84
s 781 41 21
s 782 285 145
s 783 59 34
s 784 42 25
s 785 79 44
s 786 176 93
s 787 109 42
s 788 70 35
s 789 180 87
s 790 99 54
s 791 56 24
s 793 175 75
s 794 167 89
s 795 85 42
s 796 55 26
s 797 223 129
s 798 86 47
s 799 59 31
s 800 40 19
s 801 42 33
s 802 65 32
s 803 143 82
s 804 164 78
s 805 22 11
s 806 26 8
s 807 91 56
s 808 28 9
s 809 87 41
s 810 114 58
s 811 73 37
s 812 93 52
s 813 18 13
s 814 42 21
s 815 42 22
s 816 215 115
s 817 182 93
s 818 29 18
s 819 31 22
s 820 37 20
s 821 93 39
s 822 215 120
s 823 79 45
s 824 46 26
s 825 21 10
s 826 25 11
s 827 38 17
s 828 145 80
s 829 28 12
s 830 81 49
s 831 30 14
s 832 49 20
s 833 15 3
s 834 5 3
s 835 118 66
s 836 61 31
s 837 86 41
s 838 105 57
s 839 137 74
s 840 30 17
s 841 25 12
s 842 302 162
s 843 45 21
s 844 202 112
s 845 24 13
s 846 53 38
s 847 10 4
s 848 32 13
s 849 31 14
s 850 16 11
s 851 16 4
s 852 106 60
s 853 129 66
s 854 227 114
s 855 55 23
s 856 109 60
s 857 7 6
s 858 71 35
s 859 37 27
s 860 20 14
s 861 181 96
s 862 31 23
s 863 22 12
s 864 72 37
s 865 150 86
s 866 49 20
s 867 33 20
s 868 66 40
s 869 70 40
s 870 21 10
s 871 9 5
s 872 179 101
s 873 113 63
s 874 120 61
s 875 61 33
s 876 75 41
s 877 92 41
s 878 68 34
s 879 46 22
s 880 48 23
s 881 57 30
s 882 51 31
s 887 59 31
s 888 73 32
s 889 77 37
s 891 89 45
s 894 72 37
s 896 109 54
s 897 70 33
s 899 47 27
s 903 184 101
s 904 83 44
s 905 70 38
s 906 35 13
s 913 63 34
s 923 21 11
s 1029 122 77
s 1030 58 32
s 1031 127 65
s 1032 61 33
s 1033 114 54
s 1034 13 7
s 1035 42 21
s 1036 35 20
s 1037 24 9
s 1038 251 124
s 1039 51 18
s 1040 30 18
s 1041 46 17
s 1042 36 22
s 1043 46 20
s 1044 82 43
s 1045 153 61
s 1046 109 62
s 1047 37 22
s 1049 145 57
s 1050 235 121
s 1051 162 89
s 1052 40 21
s 1053 130 51
s 1054 120 56
s 1055 120 65
s 1056 26 16
s 1057 40 24
s 1058 31 22
s 1059 114 58
s 1060 91 46
s 1061 35 17
s 1062 10 5
s 1063 67 23
s 1064 43 23
s 1065 23 9
s 1066 78 48
s 1067 33 16
s 1068 28 11
s 1069 46 23
s 1070 18 5
s 1071 32 16
s 1072 41 20
s 1073 115 65
s 1074 28 13
s 1075 35 15
s 1076 17 10
s 1077 65 26
s 1078 52 31
s 1079 41 22
s 1080 8 2
s 1081 18 13
s 1082 10 5
s 1083 31 14
s 1084 66 34
s 1085 9 6
s 1086 67 39
s 1087 26 12
s 1088 65 35
s 1089 10 4
s 1090 3 2
s 1091 30 18
s 1092 72 40
s 1093 60 30
s 1094 34 19
s 1095 137 91
s 1096 31 11
s 1097 10 6
s 1098 178 92
s 1099 62 26
s 1100 97 54
s 1101 7 3
s 1102 22 14
s 1103 19 11
s 1104 11 7
s 1105 18 8
s 1106 9 4
s 1107 23 7
s 1108 109 51
s 1109 128 63
s 1110 251 119
s 1111 97 47
s 1112 96 52
s 1113 1 1
s 1114 30 13
s 1115 25 14
s 1116 6 2
s 1117 67 41
s 1118 5 3
s 1119 7 6
s 1120 44 25
s 1121 91 55
s 1122 32 13
s 1123 19 7
s 1124 88 46
s 1125 80 39
s 1126 27 15
s 1127 8 4
s 1128 124 69
s 1129 90 46
s 1130 61 30
s 1131 50 21
s 1132 37 20
s 1133 16 11
s 1134 63 32
s 1135 62 31
s 1136 62 33
s 1137 36 21
s 1138 25 12
s 1143 65 39
s 1144 40 18
s 1145 78 47
s 1147 87 39
s 1150 37 22
s 1152 117 64
s 1153 51 30
s 1155 40 22
s 1159 91 45
s 1160 51 27
s 1161 25 15
s 1162 11 5
s 1169 19 6
s 1179 16 6
s 1286 991 454
s 1287 865 444
s 1288 1263 708
s 1289 588 302
s 1290 216 113
s 1291 492 217
s 1292 712 388
s 1293 233 107
s 1294 1313 678
s 1295 370 196
s 1296 170 79
s 1297 370 189
s 1298 685 359
s 1299 393 171
s 1300 355 184
s 1301 929 455
s 1302 565 264
s 1303 282 150
s 1305 792 381
s 1306 679 318
s 1307 363 178
s 1308 348 162
s 1309 972 452
s 1310 341 187
s 1311 241 130
s 1312 237 150
s 1313 204 117
s 1314 256 126
s 1315 790 398
s 1316 905 456
s 1317 106 56
s 1318 116 68
s 1319 545 254
s 1320 158 63
s 1321 396 205
s 1322 648 375
s 1323 339 177
s 1324 491 237
s 1325 127 72
s 1326 259 118
s 1327 344 166
s 1328 706 367
s 1329 885 467
s 1330 94 44
s 1331 118 67
s 1332 131 71
s 1333 454 189
s 1334 899 478
s 1335 324 179
s 1336 204 111
s 1337 77 36
s 1338 67 39
s 1339 186 76
s 1340 573 311
s 1341 92 47
s 1342 363 193
s 1343 177 85
s 1344 176 87
s 1345 49 24
s 1346 6 4
s 1347 500 271
s 1348 215 107
s 1349 418 225
s 1350 457 238
s 1351 775 427
s 1352 167 79
s 1353 116 54
s 1354 1130 603
s 1355 306 170
s 1356 904 514
s 1357 89 43
s 1358 175 97
s 1359 49 23
s 1360 171 94
s 1361 137 70
s 1362 80 45
s 1363 73 24
s 1364 477 235
s 1365 607 307
s 1366 1152 616
s 1367 243 126
s 1368 598 309
s 1369 35 16
s 1370 206 105
s 1371 134 67
s 1372 82 45
s 1373 988 501
s 1374 114 59
s 1375 112 60
s 1376 359 161
s 1377 746 377
s 1378 328 175
s 1379 192 91
s 1380 281 156
s 1381 440 201
s 1382 91 53
s 1383 46 22
s 1384 979 521
s 1385 408 220
s 1386 586 305
s 1387 286 150
s 1388 380 176
s 1389 430 181
s 1390 298 152
s 1391 139 56
s 1392 168 84
s 1393 212 95
s 1394 310 130
s 1399 252 125
s 1400 285 138
s 1401 220 115
s 1403 366 172
s 1406 339 177
s 1408 547 281
s 1409 334 162
s 1411 147 69
s 1415 764 442
s 1416 301 145
s 1417 251 115
s 1418 123 55
s 1425 248 108
s 1435 66 24
s 1543 1333 577
s 1544 45 22
s 1545 1097 535
s 1546 24 6
s 1547 423 148
s 1548 32 16
s 1549 256 103
s 1550 2489 1152
s 1551 394 168
s 1552 246 104
s 1553 466 202
s 1554 52 29
s 1555 464 154
s 1556 658 319
s 1557 1103 447
s 1558 906 395
s 1559 376 171
s 1561 1125 446
s 1562 1871 753
s 1563 1270 591
s 1564 529 221
s 1565 1576 681
s 1566 1137 516
s 1567 922 426
s 1568 218 99
s 1569 335 157
s 1570 424 188
s 1571 785 317
s 1572 1072 492
s 1573 362 164
s 1574 146 74
s 1575 756 307
s 1576 403 184
s 1577 35 14
s 1578 669 332
s 1579 468 196
s 1580 44 18
s 1581 309 143
s 1582 68 28
s 1583 435 175
s 1584 68 29
s 1585 1328 641
s 1586 404 212
s 1587 352 146
s 1588 156 71
s 1589 397 155
s 1590 63 31
s 1591 524 238
s 1592 117 54
s 1593 180 101
s 1594 181 74
s 1595 269 100
s 1596 807 365
s 1597 131 59
s 1598 699 334
s 1599 189 82
s 1600 516 211
s 1601 58 27
s 1602 35 14
s 1603 28 13
s 1604 703 302
s 1605 481 218
s 1606 80 33
s 1607 1458 703
s 1608 217 110
s 1609 131 57
s 1610 1787 811
s 1611 674 303
s 1612 1234 595
s 1613 125 60
s 1614 249 122
s 1615 154 57
s 1616 78 36
s 1617 153 72
s 1618 100 47
s 1619 285 127
s 1620 1188 527
s 1621 1525 657
s 1622 2146 926
s 1623 806 350
s 1624 1119 525
s 1625 9 1
s 1626 365 155
s 1627 306 134
s 1628 147 63
s 1629 341 154
s 1630 14 6
s 1631 17 8
s 1632 542 225
s 1633 1110 469
s 1634 406 178
s 1635 239 109
s 1636 835 363
s 1637 781 330
s 1638 259 117
s 1639 78 34
s 1640 1284 585
s 1641 1040 481
s 1642 767 343
s 1643 506 218
s 1644 503 217
s 1645 38 16
s 1646 489 226
s 1647 549 259
s 1648 665 288
s 1649 339 165
s 1650 212 89
s 1655 676 292
s 1656 393 156
s 1657 565 268
s 1659 899 345
s 1662 451 211
s 1664 1020 440
s 1665 439 185
s 1667 537 205
s 1671 1033 489
s 1672 668 279
s 1673 386 169
s 1674 50 22
s 1681 160 72
s 1691 162 71
s 1800 1217 674
s 1801 775 397
s 1802 310 179
s 1803 527 211
s 1804 1251 671
s 1805 216 103
s 1806 1550 776
s 1807 424 217
s 1808 150 68
s 1809 308 151
s 1810 783 401
s 1811 491 211
s 1812 610 306
s 1813 1254 613
s 1814 656 313
s 1815 231 123
s 1817 831 392
s 1818 1606 763
s 1819 1110 569
s 1820 302 139
s 1821 849 388
s 1822 944 486
s 1823 817 411
s 1824 285 156
s 1825 275 143
s 1826 270 123
s 1827 801 394
s 1828 972 480
s 1829 322 150
s 1830 94 50
s 1831 570 263
s 1832 308 148
s 1833 443 210
s 1834 529 278
s 1835 382 195
s 1836 611 309
s 1837 247 135
s 1838 345 165
s 1839 358 179
s 1840 1116 558
s 1841 881 459
s 1842 342 182
s 1843 185 95
s 1844 133 64
s 1845 652 300
s 1846 1165 614
s 1847 393 200
s 1848 250 135
s 1849 132 77
s 1850 132 59
s 1851 190 73
s 1852 533 286
s 1853 132 80
s 1854 447 255
s 1855 264 121
s 1856 438 201
s 1857 47 26
s 1858 28 16
s 1859 593 318
s 1860 573 287
s 1861 385 185
s 1862 550 284
s 1863 861 478
s 1864 245 122
s 1865 126 62
s 1866 1224 621
s 1867 579 295
s 1868 815 473
s 1869 79 43
s 1870 174 100
s 1871 170 79
s 1872 193 104
s 1873 142 73
s 1874 92 55
s 1875 150 71
s 1876 725 367
s 1877 901 471
s 1878 1736 880
s 1879 753 383
s 1880 684 386
s 1881 50 31
s 1882 251 114
s 1883 300 146
s 1884 85 48
s 1885 1085 552
s 1886 140 76
s 1887 131 73
s 1888 287 142
s 1889 810 379
s 1890 313 153
s 1891 155 82
s 1892 433 227
s 1893 627 313
s 1894 146 72
s 1895 58 33
s 1896 832 430
s 1897 843 413
s 1898 480 240
s 1899 308 156
s 1900 304 148
s 1901 629 276
s 1902 448 257
s 1903 491 255
s 1904 554 273
s 1905 215 120
s 1906 319 150
s 1911 468 233
s 1912 264 125
s 1913 514 259
s 1915 734 356
s 1918 332 169
s 1920 774 384
s 1921 302 127
s 1923 455 229
s 1927 679 358
s 1928 381 186
s 1929 216 96
s 1930 178 84
s 1937 291 142
s 1947 121 53
s 2057 1149 609
s 2058 22 9
s 2059 369 177
s 2060 23 12
s 2061 289 149
s 2062 2195 1175
s 2063 405 224
s 2064 242 131
s 2065 470 248
s 2066 40 18
s 2067 403 182
s 2068 529 293
s 2069 1275 632
s 2070 1005 528
s 2071 371 195
s 2073 1226 631
s 2074 2160 1125
s 2075 1468 808
s 2076 455 234
s 2077 1403 736
s 2078 1174 664
s 2079 1149 658
s 2080 253 153
s 2081 275 160
s 2082 393 211
s 2083 980 508
s 2084 1041 502
s 2085 339 166
s 2086 117 63
s 2087 811 410
s 2088 431 221
s 2089 24 7
s 2090 582 317
s 2091 495 271
s 2092 34 16
s 2093 322 176
s 2094 73 35
s 2095 453 263
s 2096 33 14
s 2097 1168 642
s 2098 340 172
s 2099 249 132
s 2100 181 97
s 2101 405 163
s 2102 26 17
s 2103 496 289
s 2104 111 59
s 2105 124 61
s 2106 175 103
s 2107 253 118
s 2108 781 416
s 2109 114 59
s 2110 677 397
s 2111 185 95
s 2112 558 287
s 2113 61 35
s 2114 17 8
s 2115 23 11
s 2116 692 358
s 2117 583 321
s 2118 59 30
s 2119 1322 732
s 2120 230 130
s 2121 131 70
s 2122 1616 894
s 2123 646 343
s 2124 1233 731
s 2125 102 48
s 2126 217 120
s 2127 161 75
s 2128 60 28
s 2129 159 84
s 2130 98 58
s 2131 173 83
s 2132 1030 555
s 2133 1158 629
s 2134 2228 1243
s 2135 887 486
s 2136 1065 605
s 2137 6 3
s 2138 308 180
s 2139 209 114
s 2140 125 74
s 2141 293 144
s 2142 10 4
s 2143 11 3
s 2144 464 249
s 2145 1239 705
s 2146 432 221
s 2147 227 104
s 2148 523 286
s 2149 919 461
s 2150 165 94
s 2151 84 48
s 2152 1266 700
s 2153 948 521
s 2154 752 396
s 2155 435 245
s 2156 524 246
s 2157 19 7
s 2158 469 263
s 2159 538 269
s 2160 627 342
s 2161 283 174
s 2162 176 80
s 2167 662 360
s 2168 345 171
s 2169 718 384
s 2171 948 507
s 2174 437 221
s 2176 1039 539
s 2177 409 196
s 2179 505 275
s 2183 901 503
s 2184 484 262
s 2185 345 174
s 2186 61 26
s 2193 94 47
s 2203 143 70
s 2314 243 121
s 2315 473 193
s 2316 728 401
s 2317 240 128
s 2318 1245 651
s 2319 348 172
s 2320 168 81
s 2321 380 210
s 2322 795 461
s 2323 443 193
s 2324 422 208
s 2325 939 462
s 2326 496 258
s 2327 285 141
s 2329 859 390
s 2330 987 511
s 2331 648 349
s 2332 368 183
s 2333 1147 571
s 2334 559 283
s 2335 455 245
s 2336 236 117
s 2337 196 119
s 2338 267 146
s 2339 670 321
s 2340 937 485
s 2341 191 97
s 2342 123 61
s 2343 528 246
s 2344 196 98
s 2345 403 206
s 2346 690 379
s 2347 328 141
s 2348 463 258
s 2349 147 74
s 2350 271 121
s 2351 306 156
s 2352 879 455
s 2353 1174 627
s 2354 170 87
s 2355 153 75
s 2356 153 91
s 2357 508 234
s 2358 1080 600
s 2359 381 209
s 2360 197 99
s 2361 83 30
s 2362 102 44
s 2363 198 86
s 2364 617 333
s 2365 67 37
s 2366 284 147
s 2367 172 82
s 2368 243 112
s 2369 46 29
s 2370 8 1
s 2371 538 297
s 2372 270 128
s 2373 476 254
s 2374 457 227
s 2375 608 317
s 2376 129 67
s 2377 110 52
s 2378 1184 595
s 2379 300 145
s 2380 998 563
s 2381 99 47
s 2382 208 110
s 2383 112 51
s 2384 155 72
s 2385 169 91
s 2386 91 51
s 2387 101 38
s 2388 521 266
s 2389 633 301
s 2390 984 519
s 2391 434 224
s 2392 531 275
s 2393 32 18
s 2394 223 119
s 2395 179 88
s 2396 75 41
s 2397 1058 539
s 2398 92 47
s 2399 122 70
s 2400 405 210
s 2401 694 348
s 2402 332 159
s 2403 138 63
s 2404 307 167
s 2405 368 175
s 2406 107 62
s 2407 42 30
s 2408 946 502
s 2409 442 218
s 2410 626 326
s 2411 278 153
s 2412 450 224
s 2413 447 183
s 2414 270 150
s 2415 265 126
s 2416 324 186
s 2417 250 140
s 2418 269 113
s 2423 308 147
s 2424 308 149
s 2425 249 137
s 2427 445 215
s 2430 345 185
s 2432 539 266
s 2433 277 125
s 2435 261 136
s 2439 766 391
s 2440 353 175
s 2441 295 154
s 2442 132 50
s 2449 275 139
s 2459 91 39
s 2571 105 49
s 2572 16 10
s 2573 60 31
s 2574 487 243
s 2575 75 30
s 2576 51 29
s 2577 121 56
s 2578 22 11
s 2579 93 48
s 2580 133 67
s 2581 277 131
s 2582 202 91
s 2583 78 37
s 2585 259 115
s 2586 451 214
s 2587 275 146
s 2588 99 47
s 2589 299 142
s 2590 239 119
s 2591 212 111
s 2592 30 13
s 2593 57 35
s 2594 121 64
s 2595 175 84
s 2596 246 110
s 2597 94 46
s 2598 38 22
s 2599 148 65
s 2600 96 47
s 2601 9 3
s 2602 129 63
s 2603 100 49
s 2604 13 3
s 2605 68 25
s 2606 17 9
s 2607 113 51
s 2608 12 5
s 2609 260 133
s 2610 107 52
s 2611 55 28
s 2612 29 16
s 2613 99 38
s 2614 25 13
s 2615 111 57
s 2616 18 7
s 2617 33 17
s 2618 49 23
s 2619 73 43
s 2620 182 106
s 2621 32 16
s 2622 177 107
s 2623 42 19
s 2624 137 72
s 2625 8 5
s 2626 3 0
s 2627 11 6
s 2628 153 82
s 2629 137 72
s 2630 24 13
s 2631 311 168
s 2632 53 24
s 2633 20 8
s 2634 398 211
s 2635 146 67
s 2636 262 136
s 2637 29 14
s 2638 72 31
s 2639 33 16
s 2640 23 10
s 2641 37 18
s 2642 29 21
s 2643 59 20
s 2644 205 107
s 2645 280 135
s 2646 474 240
s 2647 198 99
s 2648 234 129
s 2649 3 1
s 2650 91 47
s 2651 75 35
s 2652 32 20
s 2653 77 42
s 2654 5 1
s 2655 8 4
s 2656 111 50
s 2657 238 122
s 2658 115 53
s 2659 53 27
s 2660 154 79
s 2661 191 95
s 2662 43 24
s 2663 23 10
s 2664 290 160
s 2665 282 144
s 2666 174 80
s 2667 114 47
s 2668 91 46
s 2669 15 5
s 2670 129 72
s 2671 135 54
s 2672 152 84
s 2673 77 38
s 2674 41 21
s 2679 126 62
s 2680 107 38
s 2681 158 81
s 2683 218 107
s 2686 97 39
s 2688 260 137
s 2689 88 43
s 2691 139 66
s 2695 233 121
s 2696 146 71
s 2697 83 33
s 2698 15 6
s 2705 39 23
s 2715 42 22
s 2828 336 143
s 2829 65 28
s 2830 958 414
s 2831 138 60
s 2832 90 38
s 2833 104 44
s 2834 285 137
s 2835 260 87
s 2836 315 140
s 2837 538 222
s 2838 356 132
s 2839 145 62
s 2841 321 124
s 2842 920 388
s 2843 651 294
s 2844 219 90
s 2845 675 277
s 2846 529 218
s 2847 428 176
s 2848 94 35
s 2849 182 82
s 2850 115 49
s 2851 304 119
s 2852 351 140
s 2853 177 63
s 2854 63 21
s 2855 202 62
s 2856 195 75
s 2857 147 66
s 2858 318 138
s 2859 151 65
s 2860 191 85
s 2861 138 67
s 2862 107 41
s 2863 159 61
s 2864 388 136
s 2865 494 207
s 2866 192 83
s 2867 122 50
s 2868 60 28
s 2869 229 51
s 2870 411 196
s 2871 231 104
s 2872 65 25
s 2873 91 38
s 2874 59 22
s 2875 105 40
s 2876 358 167
s 2877 44 21
s 2878 293 141
s 2879 126 49
s 2880 255 93
s 2881 25 8
s 2882 17 4
s 2883 168 86
s 2884 292 132
s 2885 217 89
s 2886 179 69
s 2887 714 316
s 2888 120 48
s 2889 58 19
s 2890 550 205
s 2891 275 101
s 2892 238 104
s 2893 42 16
s 2894 98 58
s 2895 102 38
s 2896 62 27
s 2897 101 43
s 2898 28 13
s 2899 115 29
s 2900 503 207
s 2901 603 231
s 2902 953 380
s 2903 373 162
s 2904 370 162
s 2905 23 7
s 2906 95 41
s 2907 122 40
s 2908 43 23
s 2909 381 166
s 2910 54 21
s 2911 37 18
s 2912 221 101
s 2913 541 224
s 2914 168 62
s 2915 104 52
s 2916 358 171
s 2917 341 131
s 2918 92 38
s 2919 27 14
s 2920 611 293
s 2921 516 210
s 2922 164 65
s 2923 175 73
s 2924 213 67
s 2925 187 60
s 2926 179 75
s 2927 237 116
s 2928 297 112
s 2929 78 34
s 2930 116 51
s 2935 275 119
s 2936 124 46
s 2937 282 122
s 2939 435 177
s 2942 117 49
s 2944 435 153
s 2945 235 93
s 2947 282 111
s 2951 460 206
s 2952 239 84
s 2953 165 67
s 2954 64 30
s 2961 86 25
s 2971 72 32
s 3085 197 104
s 3086 1524 756
s 3087 241 133
s 3088 154 87
s 3089 285 148
s 3090 20 7
s 3091 293 136
s 3092 342 170
s 3093 816 428
s 3094 614 334
s 3095 254 138
s 3097 828 437
s 3098 1365 722
s 3099 799 451
s 3100 295 146
s 3101 988 516
s 3102 868 497
s 3103 671 374
s 3104 131 71
s 3105 261 161
s 3106 311 159
s 3107 600 309
s 3108 678 349
s 3109 262 132
s 3110 114 58
s 3111 507 251
s 3112 243 125
s 3113 22 14
s 3114 335 186
s 3115 316 163
s 3116 28 12
s 3117 255 149
s 3118 47 26
s 3119 289 168
s 3120 26 13
s 3121 913 519
s 3122 308 167
s 3123 166 80
s 3124 103 51
s 3125 263 108
s 3126 13 4
s 3127 399 193
s 3128 84 43
s 3129 126 63
s 3130 119 59
s 3131 179 88
s 3132 560 322
s 3133 108 58
s 3134 464 285
s 3135 143 76
s 3136 384 187
s 3137 42 18
s 3138 31 24
s 3139 11 2
s 3140 496 291
s 3141 319 166
s 3142 37 25
s 3143 920 507
s 3144 156 83
s 3145 75 48
s 3146 1254 708
s 3147 458 247
s 3148 789 452
s 3149 81 40
s 3150 162 82
s 3151 136 66
s 3152 51 29
s 3153 91 45
s 3154 69 35
s 3155 151 69
s 3156 621 327
s 3157 872 472
s 3158 1561 852
s 3159 595 310
s 3160 615 339
s 3161 3 1
s 3162 324 186
s 3163 158 79
s 3164 106 65
s 3165 164 74
s 3166 6 3
s 3167 12 8
s 3168 308 154
s 3169 692 351
s 3170 309 161
s 3171 162 77
s 3172 339 178
s 3173 572 325
s 3174 127 70
s 3175 48 31
s 3176 830 464
s 3177 877 482
s 3178 522 299
s 3179 349 179
s 3180 325 185
s 3181 19 9
s 3182 415 253
s 3183 413 213
s 3184 554 329
s 3185 246 144
s 3186 120 54
s 3191 449 239
s 3192 285 151
s 3193 549 301
s 3195 679 321
s 3198 269 133
s 3200 712 398
s 3201 257 131
s 3203 450 256
s 3207 684 378
s 3208 375 190
s 3209 263 146
s 3210 32 16
s 3217 90 40
s 3227 111 52
s 3342 397 177
s 3343 79 40
s 3344 33 15
s 3345 4 2
s 3346 191 97
s 3347 124 46
s 3348 119 64
s 3349 248 106
s 3350 121 68
s 3351 46 19
s 3353 61 26
s 3354 428 193
s 3355 255 116
s 3356 82 46
s 3357 257 123
s 3358 247 110
s 3359 211 98
s 3360 41 20
s 3361 52 28
s 3362 8 4
s 3363 65 25
s 3364 125 47
s 3365 79 48
s 3366 35 14
s 3367 28 10
s 3368 73 32
s 3369 90 41
s 3370 159 71
s 3371 50 21
s 3372 104 52
s 3373 51 28
s 3374 77 32
s 3375 43 14
s 3376 238 111
s 3377 179 89
s 3378 79 33
s 3379 51 26
s 3380 10 8
s 3381 139 59
s 3382 260 129
s 3383 98 49
s 3384 47 26
s 3385 30 14
s 3386 33 17
s 3387 22 9
s 3388 171 90
s 3389 8 4
s 3390 151 84
s 3391 64 23
s 3392 84 46
s 3393 8 4
s 3394 3 2
s 3395 133 59
s 3396 124 63
s 3397 111 52
s 3398 119 67
s 3399 257 119
s 3400 50 18
s 3401 32 14
s 3402 112 55
s 3403 116 51
s 3404 17 5
s 3405 30 11
s 3406 53 27
s 3407 29 13
s 3408 49 20
s 3409 41 20
s 3410 6 4
s 3411 37 16
s 3412 174 72
s 3413 224 89
s 3414 375 175
s 3415 182 89
s 3416 153 67
s 3417 13 6
s 3418 24 14
s 3419 49 23
s 3420 17 10
s 3421 243 118
s 3422 28 13
s 3423 29 10
s 3424 102 45
s 3425 188 90
s 3426 76 38
s 3427 42 11
s 3428 119 55
s 3429 133 58
s 3430 39 21
s 3431 7 5
s 3432 223 108
s 3433 206 111
s 3434 6 3
s 3435 70 33
s 3436 94 36
s 3437 130 58
s 3438 81 44
s 3439 84 45
s 3440 149 72
s 3441 7 2
s 3442 59 22
s 3447 155 77
s 3448 37 18
s 3449 122 52
s 3451 224 107
s 3454 24 10
s 3456 161 74
s 3457 104 46
s 3459 122 62
s 3463 203 109
s 3464 68 27
s 3465 53 22
s 3466 36 13
s 3473 68 28
s 3483 34 16
s 3599 700 355
s 3600 314 151
s 3601 713 320
s 3602 1427 760
s 3603 761 326
s 3604 966 452
s 3605 2091 1033
s 3606 1135 569
s 3607 484 245
s 3609 1703 822
s 3610 2474 1195
s 3611 1409 742
s 3612 604 284
s 3613 1697 790
s 3614 1338 677
s 3615 1252 663
s 3616 489 266
s 3617 484 289
s 3618 625 306
s 3619 1571 793
s 3620 1722 869
s 3621 474 233
s 3622 185 89
s 3623 1041 487
s 3624 495 247
s 3625 781 389
s 3626 1040 547
s 3627 684 331
s 3628 1019 487
s 3629 429 234
s 3630 558 283
s 3631 752 385
s 3632 1875 972
s 3633 1760 913
s 3634 505 267
s 3635 258 129
s 3636 340 190
s 3637 1065 474
s 3638 1826 975
s 3639 745 374
s 3640 453 227
s 3641 238 125
s 3642 220 89
s 3643 380 175
s 3644 990 505
s 3645 172 83
s 3646 663 366
s 3647 425 198
s 3648 680 339
s 3649 87 41
s 3650 28 11
s 3651 1014 555
s 3652 960 491
s 3653 721 333
s 3654 813 417
s 3655 1242 628
s 3656 330 161
s 3657 231 99
s 3658 2426 1290
s 3659 897 471
s 3660 1703 970
s 3661 144 75
s 3662 325 178
s 3663 235 111
s 3664 317 134
s 3665 301 150
s 3666 169 95
s 3667 207 78
s 3668 1051 547
s 3669 1233 592
s 3670 2658 1381
s 3671 1088 567
s 3672 1131 593
s 3673 81 41
s 3674 493 282
s 3675 492 249
s 3676 194 110
s 3677 1820 911
s 3678 260 134
s 3679 215 120
s 3680 593 275
s 3681 1284 625
s 3682 500 231
s 3683 302 146
s 3684 621 283
s 3685 1016 520
s 3686 264 126
s 3687 88 42
s 3688 1527 780
s 3689 1205 609
s 3690 1102 543
s 3691 577 286
s 3692 596 278
s 3693 966 426
s 3694 704 397
s 3695 721 376
s 3696 871 444
s 3697 474 250
s 3698 575 275
s 3703 778 382
s 3704 553 237
s 3705 877 464
s 3707 1108 526
s 3710 659 309
s 3712 1385 707
s 3713 491 237
s 3715 625 318
s 3719 1252 664
s 3720 728 347
s 3721 448 204
s 3722 314 165
s 3729 536 221
s 3739 218 103
s 3856 49 23
s 3857 136 68
s 3858 288 137
s 3859 185 84
s 3860 191 85
s 3861 452 237
s 3862 298 140
s 3863 71 40
s 3865 328 138
s 3866 614 330
s 3867 443 225
s 3868 62 25
s 3869 194 93
s 3870 347 172
s 3871 310 151
s 3872 101 55
s 3873 53 25
s 3874 113 54
s 3875 284 131
s 3876 293 132
s 3877 98 40
s 3878 21 9
s 3879 231 105
s 3880 143 60
s 3881 175 93
s 3882 194 113
s 3883 105 41
s 3884 153 88
s 3885 80 42
s 3886 78 32
s 3887 97 53
s 3888 260 123
s 3889 251 133
s 3890 106 55
s 3891 128 60
s 3892 38 20
s 3893 186 95
s 3894 374 196
s 3895 69 33
s 3896 79 42
s 3897 42 24
s 3898 49 22
s 3899 65 35
s 3900 110 59
s 3901 21 11
s 3902 268 145
s 3903 78 37
s 3904 167 69
s 3905 16 6
s 3906 11 5
s 3907 214 121
s 3908 200 101
s 3909 98 47
s 3910 163 74
s 3911 461 248
s 3912 82 34
s 3913 53 25
s 3914 479 252
s 3915 227 119
s 3916 330 180
s 3917 22 11
s 3918 30 23
s 3919 40 14
s 3920 47 29
s 3921 39 20
s 3922 29 20
s 3923 68 23
s 3924 337 168
s 3925 336 162
s 3926 660 332
s 3927 294 156
s 3928 366 203
s 3929 11 7
s 3930 86 44
s 3931 109 61
s 3932 31 18
s 3933 376 201
s 3934 39 19
s 3935 44 21
s 3936 88 44
s 3937 247 128
s 3938 61 22
s 3939 30 16
s 3940 205 112
s 3941 242 117
s 3942 56 30
s 3943 11 7
s 3944 167 88
s 3945 300 158
s 3946 209 111
s 3947 161 81
s 3948 72 37
s 3949 130 64
s 3950 110 60
s 3951 157 80
s 3952 180 103
s 3953 60 36
s 3954 107 55
s 3959 210 104
s 3960 99 57
s 3961 162 78
s 3963 289 132
s 3966 126 70
s 3968 272 123
s 3969 70 27
s 3971 133 67
s 3975 164 89
s 3976 157 60
s 3977 59 35
s 3978 51 24
s 3985 95 37
s 3995 46 22
s 4113 43 25
s 4114 150 80
s 4115 74 27
s 4116 104 50
s 4117 237 107
s 4118 159 83
s 4119 39 19
s 4121 152 78
s 4122 297 139
s 4123 210 112
s 4124 16 7
s 4125 77 33
s 4126 192 100
s 4127 160 81
s 4128 42 21
s 4129 33 17
s 4130 46 22
s 4131 175 75
s 4132 125 61
s 4133 54 22
s 4134 12 6
s 4135 94 41
s 4136 61 29
s 4137 93 48
s 4138 89 52
s 4139 50 25
s 4140 111 58
s 4141 54 29
s 4142 64 30
s 4143 51 29
s 4144 166 78
s 4145 109 58
s 4146 48 27
s 4147 40 17
s 4148 19 10
s 4149 110 55
s 4150 192 102
s 4151 38 21
s 4152 46 28
s 4153 22 12
s 4154 25 9
s 4155 39 21
s 4156 57 30
s 4157 23 12
s 4158 84 40
s 4159 64 29
s 4160 89 39
s 4161 10 6
s 4162 7 3
s 4163 101 47
s 4164 120 52
s 4165 31 15
s 4166 115 57
s 4167 196 114
s 4168 37 12
s 4169 32 16
s 4170 245 113
s 4171 112 50
s 4172 143 71
s 4173 17 8
s 4174 16 10
s 4175 35 14
s 4176 39 13
s 4177 17 8
s 4178 9 5
s 4179 35 7
s 4180 149 63
s 4181 150 76
s 4182 366 173
s 4183 155 81
s 4184 151 81
s 4185 8 5
s 4186 52 21
s 4187 52 23
s 4188 9 7
s 4189 203 108
s 4190 23 14
s 4191 25 11
s 4192 35 20
s 4193 131 57
s 4194 33 16
s 4195 13 9
s 4196 104 50
s 4197 117 51
s 4198 26 15
s 4199 13 7
s 4200 93 50
s 4201 162 89
s 4202 101 44
s 4203 60 20
s 4204 25 14
s 4205 104 46
s 4206 58 26
s 4207 78 42
s 4208 115 52
s 4209 41 29
s 4210 51 22
s 4215 116 53
s 4216 31 13
s 4217 97 52
s 4219 169 83
s 4222 69 34
s 4224 154 71
s 4225 43 16
s 4227 99 54
s 4231 72 36
s 4232 76 35
s 4233 20 11
s 4234 30 16
s 4241 62 27
s 4251 25 12
s 4370 314 158
s 4371 168 60
s 4372 194 88
s 4373 418 193
s 4374 180 81
s 4375 67 35
s 4377 90 43
s 4378 620 293
s 4379 415 215
s 4380 162 74
s 4381 476 231
s 4382 403 202
s 4383 339 159
s 4384 63 35
s 4385 104 64
s 4386 11 4
s 4387 145 60
s 4388 204 92
s 4389 123 50
s 4390 50 25
s 4391 56 28
s 4392 121 67
s 4393 139 60
s 4394 263 140
s 4395 84 40
s 4396 203 107
s 4397 81 47
s 4398 112 61
s 4399 79 38
s 4400 356 177
s 4401 287 147
s 4402 124 67
s 4403 98 47
s 4404 23 12
s 4405 225 94
s 4406 468 251
s 4407 172 87
s 4408 82 44
s 4409 41 20
s 4410 67 30
s 4411 34 12
s 4412 266 135
s 4413 19 7
s 4414 257 142
s 4415 117 50
s 4416 146 62
s 4417 20 15
s 4418 6 4
s 4419 208 102
s 4420 221 109
s 4421 207 89
s 4422 172 72
s 4423 469 238
s 4424 100 47
s 4425 37 18
s 4426 170 83
s 4427 219 102
s 4428 30 11
s 4429 30 12
s 4430 78 41
s 4431 55 24
s 4432 49 22
s 4433 58 26
s 4434 7 5
s 4435 50 22
s 4436 288 132
s 4437 393 206
s 4438 627 298
s 4439 310 143
s 4440 286 138
s 4441 16 6
s 4442 60 31
s 4443 89 39
s 4444 28 15
s 4445 377 173
s 4446 36 14
s 4447 56 29
s 4448 165 69
s 4449 292 160
s 4450 121 53
s 4451 78 35
s 4452 193 100
s 4453 267 108
s 4454 68 36
s 4455 18 11
s 4456 387 196
s 4457 287 133
s 4458 23 15
s 4459 103 52
s 4460 155 82
s 4461 224 82
s 4462 149 78
s 4463 201 88
s 4464 229 99
s 4465 14 3
s 4466 90 43
s 4471 240 111
s 4472 52 22
s 4473 223 111
s 4475 334 162
s 4478 32 20
s 4480 240 106
s 4481 128 64
s 4483 169 88
s 4487 315 183
s 4488 143 59
s 4489 89 37
s 4490 47 24
s 4497 92 39
s 4507 68 24
s 4627 304 148
s 4628 368 178
s 4629 906 456
s 4630 639 319
s 4631 205 102
s 4633 782 376
s 4634 1305 651
s 4635 796 422
s 4636 311 154
s 4637 874 438
s 4638 763 397
s 4639 679 385
s 4640 165 105
s 4641 248 133
s 4642 284 136
s 4643 636 306
s 4644 704 382
s 4645 252 127
s 4646 106 62
s 4647 530 256
s 4648 249 124
s 4649 17 4
s 4650 331 191
s 4651 337 163
s 4652 22 13
s 4653 208 115
s 4654 49 17
s 4655 297 160
s 4656 39 8
s 4657 821 459
s 4658 253 146
s 4659 163 86
s 4660 117 58
s 4661 264 109
s 4662 27 13
s 4663 404 215
s 4664 73 38
s 4665 118 64
s 4666 109 50
s 4667 156 79
s 4668 493 267
s 4669 66 35
s 4670 510 298
s 4671 128 70
s 4672 317 160
s 4673 42 22
s 4674 21 12
s 4675 21 13
s 4676 464 231
s 4677 384 197
s 4678 48 23
s 4679 864 495
s 4680 145 63
s 4681 57 21
s 4682 1207 653
s 4683 449 244
s 4684 773 448
s 4685 95 57
s 4686 177 90
s 4687 101 50
s 4688 53 25
s 4689 87 47
s 4690 66 45
s 4691 127 61
s 4692 654 351
s 4693 762 400
s 4694 1489 784
s 4695 590 329
s 4696 640 365
s 4697 4 3
s 4698 233 122
s 4699 203 112
s 4700 92 58
s 4701 197 105
s 4702 11 7
s 4703 15 7
s 4704 312 161
s 4705 806 402
s 4706 283 144
s 4707 139 66
s 4708 328 182
s 4709 571 302
s 4710 112 65
s 4711 58 37
s 4712 743 407
s 4713 742 396
s 4714 492 273
s 4715 344 170
s 4716 293 144
s 4717 21 5
s 4718 386 220
s 4719 397 216
s 4720 528 287
s 4721 233 140
s 4722 112 54
s 4727 471 243
s 4728 295 142
s 4729 526 287
s 4731 646 324
s 4734 267 124
s 4736 642 330
s 4737 250 128
s 4739 380 208
s 4743 627 355
s 4744 359 187
s 4745 223 113
s 4746 34 11
s 4753 86 43
s 4763 113 47
s 4884 290 129
s 4885 621 241
s 4886 347 130
s 4887 136 56
s 4889 465 177
s 4890 806 331
s 4891 532 232
s 4892 147 49
s 4893 447 187
s 4894 430 200
s 4895 401 186
s 4896 121 54
s 4897 153 63
s 4898 154 80
s 4899 408 169
s 4900 460 225
s 4901 160 66
s 4902 61 30
s 4903 287 121
s 4904 143 60
s 4905 147 65
s 4906 248 131
s 4907 193 79
s 4908 212 94
s 4909 150 65
s 4910 151 63
s 4911 186 77
s 4912 337 148
s 4913 442 216
s 4914 175 71
s 4915 84 36
s 4916 77 36
s 4917 274 112
s 4918 346 175
s 4919 234 111
s 4920 103 44
s 4921 63 28
s 4922 61 32
s 4923 105 42
s 4924 276 125
s 4925 43 22
s 4926 257 124
s 4927 149 63
s 4928 208 88
s 4929 18 5
s 4930 7 3
s 4931 167 74
s 4932 266 117
s 4933 185 79
s 4934 205 91
s 4935 435 196
s 4936 108 52
s 4937 60 25
s 4938 660 314
s 4939 250 120
s 4940 439 212
s 4941 74 35
s 4942 88 43
s 4943 67 20
s 4944 80 32
s 4945 58 26
s 4946 42 22
s 4947 85 32
s 4948 397 192
s 4949 459 195
s 4950 873 364
s 4951 355 153
s 4952 369 159
s 4953 17 8
s 4954 134 55
s 4955 155 64
s 4956 47 25
s 4957 401 172
s 4958 43 17
s 4959 55 23
s 4960 141 46
s 4961 460 203
s 4962 174 78
s 4963 86 35
s 4964 268 129
s 4965 293 109
s 4966 75 37
s 4967 25 15
s 4968 411 198
s 4969 414 166
s 4970 263 113
s 4971 182 78
s 4972 153 66
s 4973 207 89
s 4974 176 80
s 4975 244 112
s 4976 268 119
s 4977 137 69
s 4978 131 62
s 4983 262 121
s 4984 169 80
s 4985 265 117
s 4987 408 156
s 4990 158 63
s 4992 466 197
s 4993 181 67
s 4995 243 94
s 4999 402 198
s 5000 222 93
s 5001 125 48
s 5002 69 34
s 5009 114 47
s 5019 73 38
s 5141 608 307
s 5142 395 188
s 5143 163 84
s 5145 555 264
s 5146 732 377
s 5147 475 230
s 5148 225 119
s 5149 625 319
s 5150 394 191
s 5151 350 200
s 5152 168 89
s 5153 121 65
s 5154 206 97
s 5155 525 281
s 5156 527 272
s 5157 145 79
s 5158 58 33
s 5159 336 163
s 5160 151 64
s 5161 221 100
s 5162 360 211
s 5163 217 113
s 5164 303 150
s 5165 116 62
s 5166 154 84
s 5167 199 110
s 5168 500 271
s 5169 558 329
s 5170 122 71
s 5171 93 43
s 5172 88 49
s 5173 304 133
s 5174 517 255
s 5175 203 99
s 5176 122 68
s 5177 76 51
s 5178 55 30
s 5179 121 52
s 5180 364 209
s 5181 61 30
s 5182 257 133
s 5183 117 68
s 5184 205 103
s 5185 24 14
s 5186 14 4
s 5187 250 134
s 5188 283 144
s 5189 222 94
s 5190 245 118
s 5191 538 278
s 5192 105 46
s 5193 90 41
s 5194 818 417
s 5195 272 139
s 5196 561 296
s 5197 59 29
s 5198 106 56
s 5199 59 31
s 5200 88 49
s 5201 94 50
s 5202 43 23
s 5203 90 44
s 5204 376 204
s 5205 569 289
s 5206 828 437
s 5207 298 153
s 5208 413 225
s 5209 20 12
s 5210 139 68
s 5211 136 62
s 5212 72 38
s 5213 459 230
s 5214 53 23
s 5215 77 34
s 5216 180 90
s 5217 485 248
s 5218 190 90
s 5219 116 57
s 5220 254 131
s 5221 351 170
s 5222 90 46
s 5223 39 17
s 5224 610 324
s 5225 391 210
s 5226 337 170
s 5227 211 121
s 5228 227 99
s 5229 248 115
s 5230 232 131
s 5231 179 91
s 5232 200 94
s 5233 126 69
s 5234 178 80
s 5239 221 118
s 5240 193 96
s 5241 249 139
s 5243 353 169
s 5246 207 101
s 5248 424 233
s 5249 191 94
s 5251 189 98
s 5255 449 238
s 5256 232 115
s 5257 166 68
s 5258 80 43
s 5265 155 70
s 5275 70 38
s 5398 807 364
s 5399 341 158
s 5401 972 442
s 5402 1709 792
s 5403 1060 507
s 5404 499 229
s 5405 1318 618
s 5406 1010 504
s 5407 836 425
s 5408 316 167
s 5409 267 146
s 5410 367 180
s 5411 815 357
s 5412 1071 516
s 5413 342 168
s 5414 144 69
s 5415 668 293
s 5416 277 126
s 5417 445 218
s 5418 792 414
s 5419 366 183
s 5420 573 261
s 5421 238 117
s 5422 336 166
s 5423 418 200
s 5424 940 462
s 5425 1240 630
s 5426 335 195
s 5427 239 105
s 5428 186 102
s 5429 662 256
s 5430 1263 636
s 5431 444 221
s 5432 262 116
s 5433 169 83
s 5434 144 67
s 5435 209 79
s 5436 725 355
s 5437 120 57
s 5438 545 292
s 5439 245 105
s 5440 483 207
s 5441 40 19
s 5442 33 13
s 5443 586 308
s 5444 577 302
s 5445 528 246
s 5446 557 267
s 5447 1195 595
s 5448 252 99
s 5449 155 60
s 5450 1486 723
s 5451 570 287
s 5452 1035 524
s 5453 116 51
s 5454 230 126
s 5455 150 68
s 5456 221 115
s 5457 197 102
s 5458 101 62
s 5459 212 90
s 5460 954 441
s 5461 1117 533
s 5462 1783 847
s 5463 784 391
s 5464 858 445
s 5465 45 29
s 5466 268 136
s 5467 327 171
s 5468 112 59
s 5469 1164 581
s 5470 133 62
s 5471 146 69
s 5472 450 224
s 5473 1013 486
s 5474 411 182
s 5475 248 114
s 5476 630 320
s 5477 653 303
s 5478 221 111
s 5479 53 26
s 5480 1214 618
s 5481 834 392
s 5482 738 360
s 5483 415 208
s 5484 497 209
s 5485 543 200
s 5486 462 241
s 5487 490 235
s 5488 619 288
s 5489 252 127
s 5490 329 139
s 5495 555 267
s 5496 377 164
s 5497 530 261
s 5499 769 340
s 5502 400 185
s 5504 840 391
s 5505 468 227
s 5507 445 188
s 5511 944 504
s 5512 469 220
s 5513 335 149
s 5514 170 88
s 5521 333 137
s 5531 154 69
s 5655 237 121
s 5657 528 251
s 5658 993 491
s 5659 679 336
s 5660 318 145
s 5661 939 431
s 5662 578 315
s 5663 494 249
s 5664 216 117
s 5665 166 93
s 5666 176 83
s 5667 494 231
s 5668 675 305
s 5669 198 90
s 5670 82 38
s 5671 370 189
s 5672 178 75
s 5673 380 198
s 5674 588 320
s 5675 237 114
s 5676 452 235
s 5677 131 69
s 5678 234 113
s 5679 210 105
s 5680 714 361
s 5681 773 394
s 5682 204 111
s 5683 113 56
s 5684 84 40
s 5685 420 196
s 5686 915 479
s 5687 290 149
s 5688 185 89
s 5689 103 53
s 5690 84 42
s 5691 159 63
s 5692 532 271
s 5693 85 43
s 5694 310 171
s 5695 164 77
s 5696 255 105
s 5697 22 13
s 5698 15 9
s 5699 508 271
s 5700 320 158
s 5701 322 155
s 5702 387 179
s 5703 688 350
s 5704 165 77
s 5705 95 45
s 5706 778 416
s 5707 329 157
s 5708 511 290
s 5709 81 43
s 5710 135 69
s 5711 83 40
s 5712 131 58
s 5713 132 66
s 5714 60 32
s 5715 98 53
s 5716 538 264
s 5717 628 281
s 5718 984 513
s 5719 459 232
s 5720 458 236
s 5721 35 19
s 5722 164 82
s 5723 139 68
s 5724 62 34
s 5725 845 412
s 5726 105 50
s 5727 101 57
s 5728 341 156
s 5729 618 311
s 5730 267 134
s 5731 149 77
s 5732 308 139
s 5733 335 161
s 5734 110 49
s 5735 41 20
s 5736 961 487
s 5737 454 226
s 5738 328 170
s 5739 233 108
s 5740 311 153
s 5741 374 148
s 5742 219 114
s 5743 244 114
s 5744 324 159
s 5745 125 66
s 5746 220 93
s 5751 269 125
s 5752 235 107
s 5753 268 148
s 5755 412 163
s 5758 214 102
s 5760 480 224
s 5761 315 143
s 5763 258 125
s 5767 610 344
s 5768 297 142
s 5769 197 95
s 5770 108 60
s 5777 182 84
s 5787 87 31
s 5913 250 113
s 5914 568 282
s 5915 355 187
s 5916 59 28
s 5917 159 68
s 5918 340 180
s 5919 261 134
s 5920 78 43
s 5921 53 20
s 5922 73 41
s 5923 239 108
s 5924 216 119
s 5925 105 48
s 5926 12 7
s 5927 153 73
s 5928 108 59
s 5929 152 74
s 5930 135 71
s 5931 67 32
s 5932 183 100
s 5933 86 44
s 5934 85 29
s 5935 85 46
s 5936 314 156
s 5937 171 80
s 5938 106 66
s 5939 71 30
s 5940 34 16
s 5941 157 78
s 5942 321 176
s 5943 43 22
s 5944 67 38
s 5945 45 24
s 5946 28 14
s 5947 56 23
s 5948 97 53
s 5949 28 19
s 5950 161 82
s 5951 96 52
s 5952 138 71
s 5953 12 5
s 5954 5 3
s 5955 192 112
s 5956 183 104
s 5957 82 41
s 5958 155 72
s 5959 307 170
s 5960 72 35
s 5961 47 17
s 5962 376 192
s 5963 162 85
s 5964 179 86
s 5965 16 8
s 5966 20 9
s 5967 40 17
s 5968 50 23
s 5969 35 18
s 5970 38 18
s 5971 61 21
s 5972 240 138
s 5973 286 135
s 5974 565 271
s 5975 281 139
s 5976 225 137
s 5977 15 10
s 5978 61 31
s 5979 75 38
s 5980 24 13
s 5981 347 181
s 5982 44 28
s 5983 51 24
s 5984 44 19
s 5985 224 98
s 5986 64 30
s 5987 37 15
s 5988 158 73
s 5989 212 93
s 5990 57 31
s 5991 17 5
s 5992 172 93
s 5993 262 123
s 5994 141 62
s 5995 88 47
s 5996 60 27
s 5997 177 69
s 5998 102 53
s 5999 140 79
s 6000 177 81
s 6001 64 34
s 6002 106 46
s 6007 157 83
s 6008 57 24
s 6009 174 86
s 6011 240 106
s 6014 94 38
s 6016 249 119
s 6017 64 32
s 6019 133 68
s 6023 116 54
s 6024 122 57
s 6025 36 18
s 6026 67 32
s 6033 84 46
s 6043 38 17
s 6426 1543 749
s 6427 1039 498
s 6428 375 179
s 6429 1153 539
s 6430 935 470
s 6431 826 391
s 6432 197 105
s 6433 266 141
s 6434 75 35
s 6435 399 176
s 6436 639 293
s 6437 304 163
s 6438 109 43
s 6439 224 93
s 6440 313 143
s 6441 409 199
s 6442 742 381
s 6443 246 107
s 6444 569 273
s 6445 246 124
s 6446 252 106
s 6447 240 114
s 6448 1034 524
s 6449 817 409
s 6450 362 178
s 6451 186 77
s 6452 71 38
s 6453 464 192
s 6454 1131 604
s 6455 411 207
s 6456 170 86
s 6457 147 71
s 6458 123 44
s 6459 99 43
s 6460 734 371
s 6461 53 33
s 6462 596 322
s 6463 265 127
s 6464 441 185
s 6465 36 10
s 6466 25 12
s 6467 566 287
s 6468 514 237
s 6469 444 201
s 6470 506 229
s 6471 1162 592
s 6472 242 104
s 6473 120 47
s 6474 587 277
s 6475 513 239
s 6476 215 98
s 6477 86 43
s 6478 200 97
s 6479 123 55
s 6480 179 77
s 6481 185 78
s 6482 37 17
s 6483 189 81
s 6484 822 383
s 6485 973 436
s 6486 1605 742
s 6487 751 366
s 6488 650 331
s 6489 49 29
s 6490 132 61
s 6491 271 132
s 6492 75 43
s 6493 1012 485
s 6494 125 53
s 6495 121 69
s 6496 397 186
s 6497 829 380
s 6498 326 144
s 6499 193 92
s 6500 517 246
s 6501 594 263
s 6502 175 67
s 6503 60 32
s 6504 1131 568
s 6505 798 386
s 6506 140 47
s 6507 268 124
s 6508 455 189
s 6509 536 199
s 6510 336 160
s 6511 454 218
s 6512 559 269
s 6513 72 33
s 6514 235 97
s 6519 530 252
s 6520 134 61
s 6521 588 281
s 6523 800 373
s 6526 118 49
s 6528 714 340
s 6529 371 180
s 6531 468 202
s 6535 839 421
s 6536 328 162
s 6537 273 114
s 6538 138 56
s 6545 228 84
s 6555 132 63
s 6683 949 446
s 6684 652 304
s 6685 1909 878
s 6686 902 430
s 6687 681 333
s 6688 442 207
s 6689 451 258
s 6690 567 265
s 6691 1359 647
s 6692 1682 781
s 6693 306 143
s 6694 200 80
s 6695 924 403
s 6696 373 170
s 6697 750 379
s 6698 1215 632
s 6699 532 249
s 6700 931 456
s 6701 328 164
s 6702 534 245
s 6703 571 303
s 6704 1670 867
s 6705 1609 805
s 6706 302 146
s 6707 234 112
s 6708 238 121
s 6709 879 372
s 6710 1929 985
s 6711 644 317
s 6712 392 191
s 6713 169 93
s 6714 151 76
s 6715 302 136
s 6716 1137 570
s 6717 134 68
s 6718 682 357
s 6719 373 173
s 6720 421 198
s 6721 81 36
s 6722 29 14
s 6723 952 480
s 6724 588 285
s 6725 768 358
s 6726 977 502
s 6727 1437 741
s 6728 325 145
s 6729 244 115
s 6730 2205 1091
s 6731 715 357
s 6732 1473 777
s 6733 156 91
s 6734 339 185
s 6735 172 71
s 6736 310 155
s 6737 311 152
s 6738 152 72
s 6739 180 76
s 6740 1028 503
s 6741 1250 607
s 6742 2146 1087
s 6743 667 327
s 6744 989 499
s 6745 67 34
s 6746 430 219
s 6747 353 173
s 6748 155 89
s 6749 1833 876
s 6750 228 107
s 6751 242 134
s 6752 693 322
s 6753 1402 665
s 6754 719 349
s 6755 399 195
s 6756 656 321
s 6757 836 382
s 6758 230 108
s 6759 76 44
s 6760 1907 939
s 6761 992 478
s 6762 895 428
s 6763 540 255
s 6764 694 326
s 6765 958 430
s 6766 620 344
s 6767 444 231
s 6768 565 261
s 6769 387 198
s 6770 535 233
s 6775 480 234
s 6776 526 241
s 6777 672 357
s 6779 849 377
s 6782 637 308
s 6784 1095 549
s 6785 676 296
s 6787 448 241
s 6791 1465 798
s 6792 621 296
s 6793 495 251
s 6794 233 108
s 6801 459 198
s 6811 185 89
s 6940 465 233
s 6941 1245 605
s 6942 453 253
s 6943 361 190
s 6944 272 148
s 6945 254 138
s 6946 395 216
s 6947 967 499
s 6948 1109 549
s 6949 164 69
s 6950 122 63
s 6951 686 358
s 6952 209 112
s 6953 506 256
s 6954 706 391
s 6955 374 185
s 6956 619 318
s 6957 225 126
s 6958 350 162
s 6959 396 200
s 6960 951 519
s 6961 1105 593
s 6962 147 82
s 6963 132 58
s 6964 165 88
s 6965 666 299
s 6966 1165 639
s 6967 362 195
s 6968 277 142
s 6969 134 66
s 6970 90 44
s 6971 248 109
s 6972 707 368
s 6973 110 64
s 6974 445 258
s 6975 264 130
s 6976 262 130
s 6977 37 18
s 6978 12 5
s 6979 555 284
s 6980 354 184
s 6981 431 214
s 6982 750 372
s 6983 881 452
s 6984 175 79
s 6985 140 64
s 6986 1476 795
s 6987 413 220
s 6988 1041 570
s 6989 111 63
s 6990 202 110
s 6991 67 27
s 6992 189 88
s 6993 181 94
s 6994 77 48
s 6995 59 26
s 6996 640 301
s 6997 726 374
s 6998 1426 745
s 6999 304 157
s 7000 692 367
s 7001 52 31
s 7002 285 163
s 7003 186 89
s 7004 98 62
s 7005 1247 621
s 7006 130 63
s 7007 143 74
s 7008 453 238
s 7009 916 509
s 7010 484 237
s 7011 221 98
s 7012 395 211
s 7013 514 251
s 7014 125 62
s 7015 38 19
s 7016 1187 593
s 7017 570 299
s 7018 654 340
s 7019 393 201
s 7020 438 235
s 7021 593 278
s 7022 371 202
s 7023 237 126
s 7024 251 139
s 7025 288 154
s 7026 389 197
s 7031 296 153
s 7032 366 187
s 7033 292 167
s 7035 474 226
s 7038 441 213
s 7040 709 354
s 7041 443 222
s 7043 236 125
s 7047 976 535
s 7048 428 228
s 7049 303 155
s 7050 179 83
s 7057 282 130
s 7067 124 64
s 7197 111 52
s 7198 385 182
s 7199 360 189
s 7200 103 52
s 7201 50 28
s 7202 127 56
s 7203 325 152
s 7204 267 130
s 7205 137 67
s 7206 11 8
s 7207 205 77
s 7208 139 62
s 7209 161 71
s 7210 121 69
s 7211 90 41
s 7212 240 122
s 7213 99 49
s 7214 145 63
s 7215 93 37
s 7216 359 184
s 7217 221 108
s 7218 136 80
s 7219 83 37
s 7220 59 24
s 7221 246 112
s 7222 456 225
s 7223 34 17
s 7224 107 55
s 7225 32 14
s 7226 50 31
s 7227 60 22
s 7228 43 17
s 7229 27 11
s 7230 188 100
s 7231 113 47
s 7232 193 88
s 7233 8 4
s 7234 17 7
s 7235 171 89
s 7236 206 84
s 7237 34 16
s 7238 174 96
s 7239 314 148
s 7240 101 42
s 7241 48 23
s 7242 561 252
s 7243 245 116
s 7244 328 172
s 7245 10 4
s 7246 16 5
s 7247 50 26
s 7248 67 23
s 7249 31 19
s 7250 26 13
s 7251 69 22
s 7252 287 138
s 7253 335 149
s 7254 710 357
s 7255 318 155
s 7256 276 162
s 7257 24 12
s 7258 107 49
s 7259 146 67
s 7260 19 10
s 7261 399 180
s 7262 54 30
s 7263 46 20
s 7264 30 12
s 7265 172 82
s 7266 42 20
s 7267 11 4
s 7268 195 104
s 7269 265 120
s 7270 59 33
s 7271 24 11
s 7272 83 46
s 7273 320 154
s 7274 221 104
s 7275 132 58
s 7276 29 10
s 7277 217 79
s 7278 139 69
s 7279 205 97
s 7280 253 122
s 7281 92 49
s 7282 120 63
s 7287 240 117
s 7288 113 53
s 7289 222 120
s 7291 339 160
s 7294 147 68
s 7296 315 155
s 7297 30 16
s 7299 168 81
s 7303 76 46
s 7304 175 80
s 7305 32 13
s 7306 57 29
s 7313 111 52
s 7323 35 16
s 7454 1142 568
s 7455 970 450
s 7456 272 133
s 7457 125 57
s 7458 375 180
s 7459 1042 471
s 7460 725 330
s 7461 344 174
s 7462 29 13
s 7463 716 299
s 7464 361 160
s 7465 439 212
s 7466 345 189
s 7467 284 137
s 7468 602 283
s 7469 342 165
s 7470 383 157
s 7471 274 130
s 7472 1111 532
s 7473 518 275
s 7474 377 220
s 7475 229 92
s 7476 175 97
s 7477 623 245
s 7478 1190 611
s 7479 72 31
s 7480 289 148
s 7481 92 43
s 7482 143 65
s 7483 199 90
s 7484 94 46
s 7485 110 51
s 7486 633 344
s 7487 276 125
s 7488 516 230
s 7489 43 21
s 7490 38 18
s 7491 656 325
s 7492 740 356
s 7493 72 35
s 7494 509 262
s 7495 1031 546
s 7496 247 109
s 7497 151 53
s 7498 2108 1041
s 7499 708 337
s 7500 1178 628
s 7501 19 9
s 7502 38 23
s 7503 181 79
s 7504 215 96
s 7505 86 33
s 7506 88 44
s 7507 203 80
s 7508 770 370
s 7509 953 469
s 7510 2184 1090
s 7511 831 415
s 7512 887 448
s 7513 52 27
s 7514 371 198
s 7515 315 150
s 7516 80 47
s 7517 1121 528
s 7518 173 82
s 7519 132 63
s 7520 43 11
s 7521 494 226
s 7522 79 41
s 7523 28 14
s 7524 495 250
s 7525 799 365
s 7526 152 69
s 7527 51 26
s 7528 164 75
s 7529 1006 497
s 7530 722 353
s 7531 370 181
s 7532 46 17
s 7533 651 272
s 7534 475 254
s 7535 553 264
s 7536 645 310
s 7537 356 179
s 7538 342 152
s 7543 611 268
s 7544 251 122
s 7545 648 335
s 7547 1034 483
s 7550 407 201
s 7552 1040 495
s 7553 54 30
s 7555 499 241
s 7559 164 81
s 7560 467 238
s 7561 96 46
s 7562 185 84
s 7569 326 150
s 7579 58 32
s 7711 368 193
s 7712 267 137
s 7713 237 134
s 7714 345 162
s 7715 896 435
s 7716 923 470
s 7717 130 63
s 7718 131 77
s 7719 565 275
s 7720 202 102
s 7721 420 219
s 7722 773 450
s 7723 348 168
s 7724 597 293
s 7725 184 105
s 7726 314 143
s 7727 352 174
s 7728 967 502
s 7729 1146 649
s 7730 131 74
s 7731 159 87
s 7732 118 65
s 7733 490 212
s 7734 1106 603
s 7735 358 181
s 7736 201 125
s 7737 94 42
s 7738 71 37
s 7739 232 101
s 7740 667 369
s 7741 111 51
s 7742 379 235
s 7743 218 105
s 7744 218 104
s 7745 46 21
s 7746 8 7
s 7747 618 333
s 7748 238 123
s 7749 423 225
s 7750 483 238
s 7751 830 454
s 7752 170 75
s 7753 108 57
s 7754 1357 716
s 7755 327 154
s 7756 927 504
s 7757 88 46
s 7758 213 118
s 7759 76 38
s 7760 174 75
s 7761 167 83
s 7762 108 66
s 7763 74 28
s 7764 497 264
s 7765 708 352
s 7766 1174 598
s 7767 293 159
s 7768 600 344
s 7769 41 25
s 7770 250 135
s 7771 212 105
s 7772 111 63
s 7773 968 508
s 7774 127 67
s 7775 111 51
s 7776 408 212
s 7777 826 418
s 7778 341 167
s 7779 171 71
s 7780 330 164
s 7781 448 230
s 7782 97 47
s 7783 36 17
s 7784 1059 567
s 7785 532 264
s 7786 606 336
s 7787 332 178
s 7788 422 209
s 7789 505 217
s 7790 317 169
s 7791 187 93
s 7792 231 123
s 7793 266 154
s 7794 309 165
s 7799 297 151
s 7800 352 165
s 7801 290 150
s 7803 439 211
s 7806 386 207
s 7808 621 310
s 7809 380 174
s 7811 212 117
s 7815 804 450
s 7816 384 197
s 7817 281 143
s 7818 157 79
s 7825 295 145
s 7835 102 53
s 7968 239 125
s 7969 189 106
s 7970 265 136
s 7971 681 334
s 7972 828 426
s 7973 118 58
s 7974 104 57
s 7975 514 240
s 7976 135 73
s 7977 388 209
s 7978 595 338
s 7979 273 142
s 7980 465 251
s 7981 145 78
s 7982 243 122
s 7983 268 124
s 7984 811 444
s 7985 949 534
s 7986 119 56
s 7987 105 54
s 7988 150 90
s 7989 377 184
s 7990 1013 566
s 7991 385 214
s 7992 178 95
s 7993 102 52
s 7994 78 45
s 7995 179 92
s 7996 573 316
s 7997 85 47
s 7998 366 201
s 7999 184 92
s 8000 155 82
s 8001 33 18
s 8002 3 1
s 8003 483 255
s 8004 204 96
s 8005 361 189
s 8006 480 255
s 8007 716 382
s 8008 127 55
s 8009 91 50
s 8010 1136 603
s 8011 252 139
s 8012 908 499
s 8013 101 48
s 8014 164 78
s 8015 52 26
s 8016 162 84
s 8017 156 85
s 8018 85 47
s 8019 61 22
s 8020 413 209
s 8021 533 257
s 8022 1022 521
s 8023 228 123
s 8024 550 303
s 8025 32 20
s 8026 223 122
s 8027 145 67
s 8028 90 48
s 8029 946 487
s 8030 104 49
s 8031 99 61
s 8032 345 180
s 8033 719 377
s 8034 321 136
s 8035 144 70
s 8036 257 134
s 8037 367 176
s 8038 90 58
s 8039 52 30
s 8040 936 530
s 8041 403 220
s 8042 519 274
s 8043 286 134
s 8044 340 151
s 8045 460 204
s 8046 290 180
s 8047 123 57
s 8048 156 75
s 8049 226 119
s 8050 266 120
s 8055 279 154
s 8056 287 155
s 8057 680 399
s 8059 399 210
s 8062 338 178
s 8064 541 287
s 8065 342 174
s 8067 189 92
s 8071 753 417
s 8072 320 186
s 8073 260 153
s 8074 102 53
s 8081 253 123
s 8091 97 48
s 8225 55 34
s 8226 53 26
s 8227 198 117
s 8228 261 141
s 8229 92 44
s 8230 26 14
s 8231 115 52
s 8232 112 67
s 8233 64 34
s 8234 186 107
s 8235 86 49
s 8236 91 56
s 8237 75 38
s 8238 52 21
s 8239 101 51
s 8240 162 81
s 8241 251 129
s 8242 83 53
s 8243 46 18
s 8244 40 19
s 8245 152 71
s 8246 214 110
s 8247 112 68
s 8248 35 14
s 8249 34 17
s 8250 38 13
s 8251 46 21
s 8252 145 78
s 8253 16 8
s 8254 119 65
s 8255 56 28
s 8256 135 74
s 8257 7 3
s 8258 5 2
s 8259 94 51
s 8260 180 102
s 8261 128 57
s 8262 78 31
s 8263 292 157
s 8264 70 36
s 8265 28 14
s 8266 240 125
s 8267 153 84
s 8268 151 86
s 8269 18 13
s 8270 47 33
s 8271 45 22
s 8272 23 10
s 8273 43 24
s 8274 23 11
s 8275 44 14
s 8276 228 108
s 8277 247 142
s 8278 461 225
s 8279 187 101
s 8280 207 108
s 8281 12 7
s 8282 47 23
s 8283 52 24
s 8284 34 20
s 8285 198 91
s 8286 38 18
s 8287 32 19
s 8288 121 63
s 8289 215 106
s 8290 81 37
s 8291 37 18
s 8292 125 66
s 8293 167 89
s 8294 46 22
s 8295 14 8
s 8296 259 143
s 8297 223 115
s 8298 106 47
s 8299 75 43
s 8300 97 58
s 8301 93 48
s 8302 116 73
s 8303 104 62
s 8304 159 90
s 8305 53 27
s 8306 54 24
s 8311 149 86
s 8312 49 23
s 8313 155 81
s 8315 213 109
s 8318 63 25
s 8320 218 114
s 8321 91 43
s 8323 107 54
s 8327 230 118
s 8328 90 41
s 8329 66 36
s 8330 31 11
s 8337 48 26
s 8347 29 15
s 8482 101 62
s 8483 208 110
s 8484 171 100
s 8485 81 39
s 8486 14 6
s 8487 139 75
s 8488 75 36
s 8489 89 47
s 8490 95 62
s 8491 79 41
s 8492 151 81
s 8493 62 36
s 8494 80 42
s 8495 63 36
s 8496 322 188
s 8497 233 132
s 8498 87 51
s 8499 63 32
s 8500 49 26
s 8501 157 87
s 8502 300 171
s 8503 53 26
s 8504 48 32
s 8505 39 23
s 8506 35 18
s 8507 51 26
s 8508 67 42
s 8509 22 9
s 8510 191 112
s 8511 52 22
s 8512 97 52
s 8513 9 4
s 8514 5 3
s 8515 157 94
s 8516 139 73
s 8517 37 22
s 8518 147 92
s 8519 276 168
s 8520 75 41
s 8521 27 9
s 8522 468 257
s 8523 168 100
s 8524 282 173
s 8525 11 7
s 8526 20 10
s 8527 27 14
s 8528 67 36
s 8529 22 10
s 8530 33 15
s 8531 59 29
s 8532 201 112
s 8533 220 119
s 8534 530 291
s 8535 185 114
s 8536 215 131
s 8537 9 6
s 8538 77 35
s 8539 79 37
s 8540 34 20
s 8541 305 169
s 8542 51 33
s 8543 40 21
s 8544 36 17
s 8545 151 71
s 8546 43 18
s 8547 21 8
s 8548 171 86
s 8549 122 67
s 8550 41 25
s 8551 13 3
s 8552 100 53
s 8553 207 116
s 8554 167 96
s 8555 120 64
s 8556 32 20
s 8557 177 76
s 8558 82 47
s 8559 104 60
s 8560 186 91
s 8561 82 52
s 8562 108 58
s 8567 152 78
s 8568 89 49
s 8569 121 67
s 8571 196 97
s 8574 112 63
s 8576 228 133
s 8577 42 23
s 8579 114 63
s 8583 79 46
s 8584 137 81
s 8585 53 28
s 8586 34 16
s 8593 96 44
s 8603 29 17
s 8739 119 58
s 8740 205 104
s 8741 101 45
s 8742 38 22
s 8743 49 20
s 8744 88 43
s 8745 139 72
s 8746 244 122
s 8747 73 31
s 8748 156 82
s 8749 71 35
s 8750 105 53
s 8751 86 40
s 8752 413 220
s 8753 259 147
s 8754 128 74
s 8755 86 50
s 8756 21 9
s 8757 181 79
s 8758 367 191
s 8759 151 76
s 8760 64 33
s 8761 42 19
s 8762 45 25
s 8763 51 28
s 8764 258 142
s 8765 17 7
s 8766 235 127
s 8767 92 49
s 8768 137 75
s 8769 17 10
s 8770 13 7
s 8771 159 90
s 8772 172 79
s 8773 139 62
s 8774 195 104
s 8775 435 228
s 8776 82 46
s 8777 53 26
s 8778 183 99
s 8779 176 86
s 8780 33 21
s 8781 37 19
s 8782 92 43
s 8783 46 24
s 8784 68 34
s 8785 61 28
s 8786 13 6
s 8787 57 21
s 8788 254 120
s 8789 377 203
s 8790 573 283
s 8791 222 112
s 8792 229 119
s 8793 15 7
s 8794 49 29
s 8795 89 40
s 8796 39 23
s 8797 309 144
s 8798 45 22
s 8799 29 17
s 8800 138 73
s 8801 259 118
s 8802 127 56
s 8803 97 50
s 8804 204 95
s 8805 207 105
s 8806 68 32
s 8807 28 10
s 8808 359 195
s 8809 348 194
s 8810 26 18
s 8811 83 47
s 8812 128 69
s 8813 212 96
s 8814 122 61
s 8815 157 75
s 8816 203 107
s 8817 15 5
s 8818 85 38
s 8823 172 82
s 8824 46 28
s 8825 192 80
s 8827 303 158
s 8830 26 15
s 8832 273 127
s 8833 119 57
s 8835 171 87
s 8839 292 154
s 8840 126 59
s 8841 88 41
s 8842 48 29
s 8849 75 27
s 8859 56 34
s 8996 695 323
s 8997 246 105
s 8998 89 38
s 8999 286 125
s 9000 296 141
s 9001 446 200
s 9002 703 380
s 9003 208 100
s 9004 456 236
s 9005 200 107
s 9006 228 95
s 9007 215 100
s 9008 649 340
s 9009 696 364
s 9010 277 142
s 9011 212 111
s 9012 85 48
s 9013 429 178
s 9014 999 518
s 9015 325 161
s 9016 136 72
s 9017 138 77
s 9018 102 43
s 9019 121 48
s 9020 582 299
s 9021 43 23
s 9022 450 258
s 9023 227 99
s 9024 381 174
s 9025 34 18
s 9026 29 14
s 9027 460 245
s 9028 510 229
s 9029 382 191
s 9030 451 204
s 9031 1022 524
s 9032 211 101
s 9033 105 48
s 9034 707 333
s 9035 457 222
s 9036 267 136
s 9037 71 35
s 9038 171 94
s 9039 119 54
s 9040 122 60
s 9041 140 66
s 9042 44 24
s 9043 163 61
s 9044 769 363
s 9045 830 404
s 9046 1354 641
s 9047 672 338
s 9048 618 337
s 9049 27 15
s 9050 143 59
s 9051 213 103
s 9052 44 21
s 9053 869 415
s 9054 116 61
s 9055 101 45
s 9056 412 197
s 9057 714 324
s 9058 315 151
s 9059 187 78
s 9060 486 240
s 9061 522 254
s 9062 181 79
s 9063 57 28
s 9064 1060 527
s 9065 652 305
s 9066 205 94
s 9067 261 126
s 9068 388 183
s 9069 401 141
s 9070 341 181
s 9071 374 187
s 9072 458 220
s 9073 86 40
s 9074 235 91
s 9079 442 201
s 9080 159 62
s 9081 438 211
s 9083 577 282
s 9086 155 77
s 9088 569 280
s 9089 340 147
s 9091 317 146
s 9095 678 365
s 9096 307 137
s 9097 213 89
s 9098 108 49
s 9105 174 73
s 9115 104 37
s 9253 297 139
s 9254 69 37
s 9255 408 194
s 9256 336 155
s 9257 415 216
s 9258 489 228
s 9259 228 100
s 9260 466 225
s 9261 244 126
s 9262 258 130
s 9263 262 120
s 9264 810 405
s 9265 709 383
s 9266 317 175
s 9267 233 114
s 9268 96 54
s 9269 538 237
s 9270 986 491
s 9271 260 121
s 9272 169 80
s 9273 121 67
s 9274 112 52
s 9275 150 65
s 9276 402 223
s 9277 71 35
s 9278 563 289
s 9279 272 124
s 9280 415 186
s 9281 43 22
s 9282 23 13
s 9283 485 268
s 9284 621 301
s 9285 312 139
s 9286 487 245
s 9287 1092 611
s 9288 265 124
s 9289 104 50
s 9290 1033 543
s 9291 586 285
s 9292 551 316
s 9293 46 20
s 9294 131 73
s 9295 137 63
s 9296 181 96
s 9297 137 70
s 9298 66 34
s 9299 189 85
s 9300 831 400
s 9301 886 412
s 9302 1711 891
s 9303 776 415
s 9304 782 411
s 9305 29 16
s 9306 213 99
s 9307 241 123
s 9308 68 33
s 9309 1025 521
s 9310 99 41
s 9311 123 62
s 9312 272 121
s 9313 644 333
s 9314 244 123
s 9315 114 61
s 9316 519 262
s 9317 638 304
s 9318 173 96
s 9319 64 36
s 9320 673 362
s 9321 792 395
s 9322 362 173
s 9323 332 157
s 9324 265 127
s 9325 436 199
s 9326 337 178
s 9327 450 238
s 9328 495 266
s 9329 148 78
s 9330 302 147
s 9335 495 271
s 9336 227 109
s 9337 544 282
s 9339 774 370
s 9342 237 126
s 9344 684 342
s 9345 232 121
s 9347 411 215
s 9351 551 288
s 9352 383 175
s 9353 170 86
s 9354 129 58
s 9361 221 107
s 9371 118 75
s 9510 32 15
s 9511 185 90
s 9512 60 29
s 9513 156 77
s 9514 234 126
s 9515 121 54
s 9516 174 83
s 9517 35 17
s 9518 93 43
s 9519 113 41
s 9520 328 150
s 9521 338 169
s 9522 34 16
s 9523 47 19
s 9524 32 19
s 9525 169 70
s 9526 358 171
s 9527 125 57
s 9528 77 23
s 9529 29 16
s 9530 26 16
s 9531 62 27
s 9532 229 130
s 9533 37 18
s 9534 114 62
s 9535 76 26
s 9536 56 28
s 9537 9 5
s 9538 5 3
s 9539 209 116
s 9540 72 37
s 9541 130 72
s 9542 169 84
s 9543 273 145
s 9544 62 26
s 9545 37 17
s 9546 452 223
s 9547 110 60
s 9548 337 182
s 9549 40 20
s 9550 60 25
s 9551 22 8
s 9552 59 19
s 9553 48 21
s 9554 28 15
s 9555 27 11
s 9556 158 78
s 9557 212 92
s 9558 392 198
s 9559 78 47
s 9560 206 100
s 9561 15 10
s 9562 73 28
s 9563 54 27
s 9564 32 21
s 9565 344 175
s 9566 43 23
s 9567 41 20
s 9568 123 58
s 9569 284 116
s 9570 109 47
s 9571 75 27
s 9572 100 54
s 9573 135 63
s 9574 26 10
s 9575 7 6
s 9576 347 173
s 9577 183 97
s 9578 192 98
s 9579 105 58
s 9580 128 55
s 9581 165 73
s 9582 103 51
s 9583 50 24
s 9584 65 34
s 9585 98 51
s 9586 102 47
s 9591 105 53
s 9592 107 49
s 9593 87 35
s 9595 128 61
s 9598 115 52
s 9600 192 86
s 9601 151 76
s 9603 49 25
s 9607 248 126
s 9608 121 49
s 9609 86 36
s 9610 40 16
s 9617 101 47
s 9627 28 17
s 9767 58 26
s 9768 36 14
s 9769 50 24
s 9770 37 17
s 9771 33 18
s 9772 62 26
s 9773 35 15
s 9774 38 19
s 9775 23 13
s 9776 153 69
s 9777 58 35
s 9778 56 30
s 9779 23 9
s 9780 15 11
s 9781 84 42
s 9782 120 56
s 9783 18 9
s 9784 30 16
s 9785 13 7
s 9786 10 4
s 9787 19 9
s 9788 22 13
s 9789 15 9
s 9790 77 41
s 9791 40 22
s 9792 67 30
s 9793 12 6
s 9794 7 4
s 9795 65 32
s 9796 67 29
s 9797 14 5
s 9798 67 28
s 9799 130 62
s 9800 25 13
s 9801 15 5
s 9802 156 75
s 9803 70 40
s 9804 87 45
s 9805 7 4
s 9806 7 2
s 9807 19 9
s 9808 18 9
s 9809 5 1
s 9810 12 6
s 9811 13 4
s 9812 76 34
s 9813 109 50
s 9814 237 111
s 9815 74 36
s 9816 79 40
s 9817 6 3
s 9818 52 26
s 9819 43 20
s 9820 9 5
s 9821 117 67
s 9822 12 6
s 9823 13 3
s 9824 8 7
s 9825 69 38
s 9826 16 6
s 9827 12 4
s 9828 72 30
s 9829 73 38
s 9830 19 11
s 9831 9 4
s 9832 44 23
s 9833 129 66
s 9834 63 28
s 9835 35 20
s 9836 8 3
s 9837 78 34
s 9838 39 20
s 9839 59 33
s 9840 81 37
s 9841 30 13
s 9842 47 23
s 9847 78 37
s 9848 34 23
s 9849 82 40
s 9851 120 46
s 9854 40 12
s 9856 97 49
s 9857 10 3
s 9859 67 34
s 9863 43 19
s 9864 61 27
s 9865 27 9
s 9866 25 9
s 9873 40 17
s 9883 11 10
s 10024 220 104
s 10025 275 112
s 10026 471 248
s 10027 136 57
s 10028 331 145
s 10029 146 77
s 10030 153 69
s 10031 162 79
s 10032 504 240
s 10033 462 230
s 10034 174 75
s 10035 151 65
s 10036 39 13
s 10037 328 137
s 10038 721 352
s 10039 250 102
s 10040 115 57
s 10041 68 38
s 10042 84 34
s 10043 76 28
s 10044 404 204
s 10045 28 15
s 10046 313 163
s 10047 144 59
s 10048 259 115
s 10049 20 9
s 10050 17 6
s 10051 363 184
s 10052 331 153
s 10053 282 131
s 10054 308 149
s 10055 665 332
s 10056 144 51
s 10057 77 29
s 10058 334 133
s 10059 319 137
s 10060 135 72
s 10061 54 29
s 10062 125 57
s 10063 77 29
s 10064 92 42
s 10065 99 52
s 10066 20 12
s 10067 123 48
s 10068 488 219
s 10069 619 290
s 10070 973 444
s 10071 444 184
s 10072 437 230
s 10073 27 13
s 10074 69 28
s 10075 135 68
s 10076 41 24
s 10077 600 286
s 10078 71 38
s 10079 74 28
s 10080 246 100
s 10081 439 192
s 10082 204 93
s 10083 118 50
s 10084 296 150
s 10085 391 178
s 10086 96 47
s 10087 41 23
s 10088 643 318
s 10089 447 187
s 10090 87 38
s 10091 162 81
s 10092 269 120
s 10093 328 143
s 10094 207 118
s 10095 260 120
s 10096 308 142
s 10097 41 16
s 10098 174 69
s 10103 357 168
s 10104 96 46
s 10105 319 157
s 10107 475 198
s 10110 80 30
s 10112 419 190
s 10113 215 103
s 10115 239 106
s 10119 482 242
s 10120 182 79
s 10121 128 53
s 10122 79 30
s 10129 134 52
s 10139 68 32
s 10281 159 84
s 10282 228 128
s 10283 117 64
s 10284 170 83
s 10285 40 23
s 10286 77 26
s 10287 248 99
s 10288 306 156
s 10289 380 197
s 10290 51 25
s 10291 47 24
s 10292 61 28
s 10293 133 51
s 10294 365 177
s 10295 109 51
s 10296 70 36
s 10297 27 18
s 10298 29 11
s 10299 79 31
s 10300 219 112
s 10301 38 17
s 10302 82 41
s 10303 64 37
s 10304 80 31
s 10305 16 8
s 10306 5 1
s 10307 181 94
s 10308 96 46
s 10309 152 62
s 10310 177 85
s 10311 234 116
s 10312 49 29
s 10313 43 12
s 10314 435 227
s 10315 100 45
s 10316 326 163
s 10317 31 16
s 10318 47 29
s 10319 33 12
s 10320 68 35
s 10321 60 30
s 10322 30 18
s 10323 42 18
s 10324 199 96
s 10325 232 117
s 10326 353 174
s 10327 120 53
s 10328 205 101
s 10329 14 6
s 10330 65 29
s 10331 65 33
s 10332 35 18
s 10333 369 177
s 10334 33 17
s 10335 39 17
s 10336 116 58
s 10337 252 118
s 10338 101 38
s 10339 65 30
s 10340 107 51
s 10341 131 57
s 10342 38 19
s 10343 24 10
s 10344 346 192
s 10345 151 69
s 10346 199 97
s 10347 107 46
s 10348 125 52
s 10349 149 65
s 10350 85 44
s 10351 79 40
s 10352 88 46
s 10353 77 33
s 10354 123 56
s 10359 103 58
s 10360 94 51
s 10361 106 47
s 10363 151 75
s 10366 113 58
s 10368 168 82
s 10369 115 59
s 10371 70 40
s 10375 223 125
s 10376 116 49
s 10377 87 37
s 10378 38 22
s 10385 63 25
s 10395 33 11
s 10538 209 112
s 10539 169 85
s 10540 22 6
s 10541 124 68
s 10542 27 8
s 10543 133 69
s 10544 46 21
s 10545 344 175
s 10546 110 60
s 10547 99 46
s 10548 63 32
s 10549 193 91
s 10550 23 15
s 10551 165 82
s 10552 52 24
s 10553 47 23
s 10554 62 30
s 10555 78 33
s 10556 232 126
s 10557 25 11
s 10558 233 125
s 10559 70 27
s 10560 206 88
s 10561 23 9
s 10562 6 2
s 10563 21 8
s 10564 317 154
s 10565 184 82
s 10566 27 11
s 10567 405 188
s 10568 88 44
s 10569 52 16
s 10570 1196 641
s 10571 283 135
s 10572 363 213
s 10573 35 19
s 10574 74 45
s 10575 65 39
s 10576 20 8
s 10577 57 29
s 10578 23 14
s 10579 59 21
s 10580 357 192
s 10581 421 215
s 10582 792 403
s 10583 346 158
s 10584 330 168
s 10585 5 2
s 10586 111 52
s 10587 73 37
s 10588 37 25
s 10589 101 54
s 10590 9 7
s 10591 10 4
s 10592 158 69
s 10593 337 160
s 10594 128 59
s 10595 93 46
s 10596 194 108
s 10597 321 155
s 10598 69 32
s 10599 26 16
s 10600 401 199
s 10601 341 186
s 10602 227 102
s 10603 147 62
s 10604 196 96
s 10605 14 5
s 10606 204 105
s 10607 183 95
s 10608 232 114
s 10609 92 48
s 10610 71 32
s 10615 254 133
s 10616 114 57
s 10617 202 118
s 10619 321 144
s 10622 156 74
s 10624 523 265
s 10625 182 89
s 10627 208 100
s 10631 360 204
s 10632 162 70
s 10633 102 56
s 10634 26 12
s 10641 43 15
s 10651 52 22
s 10795 219 121
s 10796 252 128
s 10797 181 106
s 10798 162 76
s 10799 224 121
s 10800 437 240
s 10801 437 252
s 10802 218 132
s 10803 140 67
s 10804 93 57
s 10805 368 167
s 10806 439 246
s 10807 110 50
s 10808 152 88
s 10809 60 29
s 10810 101 50
s 10811 125 63
s 10812 169 96
s 10813 54 29
s 10814 387 238
s 10815 180 85
s 10816 322 154
s 10817 20 7
s 10818 18 8
s 10819 256 136
s 10820 454 236
s 10821 132 66
s 10822 204 123
s 10823 702 390
s 10824 157 87
s 10825 79 27
s 10826 984 574
s 10827 425 205
s 10828 683 386
s 10829 29 17
s 10830 58 36
s 10831 91 54
s 10832 98 53
s 10833 61 29
s 10834 45 28
s 10835 99 36
s 10836 507 267
s 10837 602 321
s 10838 1275 686
s 10839 539 303
s 10840 572 345
s 10841 23 13
s 10842 206 107
s 10843 178 85
s 10844 56 33
s 10845 564 291
s 10846 76 41
s 10847 64 33
s 10848 122 69
s 10849 425 224
s 10850 118 58
s 10851 41 17
s 10852 262 132
s 10853 494 243
s 10854 94 47
s 10855 29 18
s 10856 298 180
s 10857 538 306
s 10858 395 198
s 10859 200 103
s 10860 97 47
s 10861 208 106
s 10862 302 167
s 10863 317 157
s 10864 365 209
s 10865 173 81
s 10866 173 84
s 10871 381 211
s 10872 181 108
s 10873 403 252
s 10875 538 273
s 10878 241 141
s 10880 559 299
s 10881 106 63
s 10883 295 166
s 10887 235 129
s 10888 236 131
s 10889 90 49
s 10890 89 49
s 10897 121 63
s 10907 54 33
s 11052 174 93
s 11053 83 45
s 11054 105 65
s 11055 83 37
s 11056 354 167
s 11057 273 146
s 11058 112 61
s 11059 88 44
s 11060 47 26
s 11061 176 75
s 11062 435 206
s 11063 67 34
s 11064 88 44
s 11065 48 20
s 11066 38 17
s 11067 50 30
s 11068 134 58
s 11069 28 14
s 11070 242 139
s 11071 82 35
s 11072 164 64
s 11073 13 7
s 11074 15 6
s 11075 237 114
s 11076 218 107
s 11077 121 58
s 11078 174 79
s 11079 435 223
s 11080 85 26
s 11081 48 20
s 11082 340 180
s 11083 168 75
s 11084 212 102
s 11085 30 17
s 11086 44 23
s 11087 45 19
s 11088 62 26
s 11089 50 29
s 11090 29 20
s 11091 73 30
s 11092 303 157
s 11093 370 177
s 11094 594 275
s 11095 267 150
s 11096 303 170
s 11097 13 8
s 11098 69 33
s 11099 101 42
s 11100 12 4
s 11101 377 180
s 11102 45 24
s 11103 38 19
s 11104 100 51
s 11105 260 128
s 11106 76 32
s 11107 46 14
s 11108 200 104
s 11109 223 98
s 11110 74 40
s 11111 18 11
s 11112 270 136
s 11113 301 152
s 11114 120 51
s 11115 121 60
s 11116 86 35
s 11117 167 63
s 11118 121 59
s 11119 169 75
s 11120 199 83
s 11121 56 28
s 11122 107 49
s 11127 234 103
s 11128 72 37
s 11129 197 94
s 11131 291 126
s 11134 84 44
s 11136 242 112
s 11137 88 50
s 11139 164 73
s 11143 191 95
s 11144 167 82
s 11145 80 32
s 11146 67 33
s 11153 88 31
s 11163 43 18
s 11309 165 85
s 11310 37 16
s 11311 204 113
s 11312 36 16
s 11313 537 265
s 11314 236 139
s 11315 105 51
s 11316 91 44
s 11317 209 81
s 11318 29 14
s 11319 171 84
s 11320 45 20
s 11321 67 35
s 11322 58 24
s 11323 121 53
s 11324 342 189
s 11325 43 22
s 11326 258 129
s 11327 98 48
s 11328 249 112
s 11329 29 12
s 11330 22 8
s 11331 18 7
s 11332 314 147
s 11333 221 97
s 11334 47 28
s 11335 610 312
s 11336 96 49
s 11337 51 20
s 11338 836 431
s 11339 313 162
s 11340 494 258
s 11341 46 22
s 11342 91 45
s 11343 73 35
s 11344 31 11
s 11345 57 27
s 11346 39 18
s 11347 82 37
s 11348 427 223
s 11349 522 273
s 11350 969 486
s 11351 387 209
s 11352 394 212
s 11353 3 2
s 11354 155 70
s 11355 108 50
s 11356 55 39
s 11357 152 74
s 11358 8 6
s 11359 8 4
s 11360 198 99
s 11361 590 323
s 11362 174 82
s 11363 109 54
s 11364 270 129
s 11365 372 176
s 11366 110 44
s 11367 40 22
s 11368 617 313
s 11369 515 237
s 11370 293 150
s 11371 187 100
s 11372 208 98
s 11373 10 2
s 11374 249 136
s 11375 242 122
s 11376 309 145
s 11377 145 68
s 11378 72 32
s 11383 305 152
s 11384 190 102
s 11385 322 180
s 11387 403 178
s 11390 229 118
s 11392 488 254
s 11393 201 83
s 11395 208 95
s 11399 485 271
s 11400 239 120
s 11401 139 58
s 11402 24 13
s 11409 54 22
s 11419 74 40
s 11566 76 35
s 11567 66 34
s 11568 257 134
s 11569 295 189
s 11570 50 30
s 11571 41 14
s 11572 32 19
s 11573 128 60
s 11574 294 158
s 11575 92 47
s 11576 74 39
s 11577 32 17
s 11578 28 15
s 11579 54 24
s 11580 142 80
s 11581 33 23
s 11582 92 53
s 11583 59 35
s 11584 115 57
s 11585 8 3
s 11586 2 1
s 11587 162 84
s 11588 102 58
s 11589 104 50
s 11590 124 68
s 11591 224 129
s 11592 58 27
s 11593 31 14
s 11594 341 185
s 11595 95 49
s 11596 225 124
s 11597 23 11
s 11598 65 34
s 11599 18 12
s 11600 44 20
s 11601 53 33
s 11602 28 19
s 11603 29 14
s 11604 188 92
s 11605 205 107
s 11606 317 176
s 11607 114 55
s 11608 165 88
s 11609 10 8
s 11610 76 35
s 11611 46 27
s 11612 26 16
s 11613 260 127
s 11614 32 19
s 11615 22 10
s 11616 95 45
s 11617 237 130
s 11618 98 45
s 11619 49 22
s 11620 80 43
s 11621 114 46
s 11622 24 16
s 11623 7 3
s 11624 309 172
s 11625 142 72
s 11626 159 75
s 11627 71 40
s 11628 108 52
s 11629 129 64
s 11630 113 65
s 11631 78 35
s 11632 97 53
s 11633 72 35
s 11634 64 27
s 11639 95 57
s 11640 71 22
s 11641 101 59
s 11643 117 53
s 11646 80 39
s 11648 164 90
s 11649 78 48
s 11651 71 26
s 11655 226 130
s 11656 95 50
s 11657 67 35
s 11658 62 33
s 11665 77 30
s 11675 32 17
s 11823 89 39
s 11824 69 35
s 11825 317 162
s 11826 122 66
s 11827 73 35
s 11828 46 21
s 11829 109 48
s 11830 69 39
s 11831 132 68
s 11832 21 10
s 11833 42 18
s 11834 50 20
s 11835 72 30
s 11836 187 99
s 11837 41 14
s 11838 183 90
s 11839 54 24
s 11840 160 66
s 11841 16 10
s 11842 11 5
s 11843 32 14
s 11844 182 87
s 11845 124 60
s 11846 63 31
s 11847 360 182
s 11848 56 28
s 11849 26 8
s 11850 433 198
s 11851 168 76
s 11852 244 126
s 11853 34 10
s 11854 66 41
s 11855 57 25
s 11856 33 20
s 11857 46 22
s 11858 28 11
s 11859 62 26
s 11860 278 136
s 11861 342 163
s 11862 633 292
s 11863 250 127
s 11864 230 113
s 11865 7 2
s 11866 91 49
s 11867 84 32
s 11868 43 28
s 11869 135 61
s 11870 7 3
s 11871 16 12
s 11872 131 56
s 11873 293 128
s 11874 136 65
s 11875 56 24
s 11876 198 102
s 11877 208 96
s 11878 51 27
s 11879 23 10
s 11880 323 164
s 11881 306 156
s 11882 169 81
s 11883 129 54
s 11884 128 57
s 11885 40 16
s 11886 132 63
s 11887 155 68
s 11888 207 110
s 11889 76 41
s 11890 62 25
s 11895 166 80
s 11896 110 51
s 11897 161 78
s 11899 282 120
s 11902 120 54
s 11904 282 131
s 11905 122 49
s 11907 157 78
s 11911 279 145
s 11912 162 80
s 11913 108 46
s 11914 12 3
s 11921 37 15
s 11931 43 13
s 12080 335 167
s 12081 279 142
s 12082 103 57
s 12083 83 41
s 12084 52 26
s 12085 190 77
s 12086 426 227
s 12087 86 38
s 12088 81 37
s 12089 45 16
s 12090 48 28
s 12091 57 23
s 12092 179 93
s 12093 29 17
s 12094 203 111
s 12095 91 41
s 12096 152 71
s 12097 14 7
s 12098 6 2
s 12099 183 102
s 12100 228 100
s 12101 137 65
s 12102 183 94
s 12103 412 201
s 12104 85 39
s 12105 55 27
s 12106 334 186
s 12107 185 103
s 12108 218 115
s 12109 18 10
s 12110 49 24
s 12111 43 18
s 12112 76 33
s 12113 59 27
s 12114 21 13
s 12115 67 30
s 12116 301 158
s 12117 394 207
s 12118 605 293
s 12119 263 125
s 12120 288 146
s 12121 10 4
s 12122 78 37
s 12123 94 52
s 12124 23 12
s 12125 387 181
s 12126 43 22
s 12127 29 18
s 12128 78 42
s 12129 256 133
s 12130 91 39
s 12131 49 24
s 12132 209 115
s 12133 221 108
s 12134 60 29
s 12135 13 8
s 12136 284 142
s 12137 299 147
s 12138 167 89
s 12139 122 67
s 12140 115 47
s 12141 175 76
s 12142 121 66
s 12143 165 84
s 12144 194 107
s 12145 50 22
s 12146 100 38
s 12151 187 95
s 12152 70 31
s 12153 171 84
s 12155 251 107
s 12158 78 34
s 12160 242 120
s 12161 77 33
s 12163 155 71
s 12167 222 119
s 12168 155 83
s 12169 51 20
s 12170 51 20
s 12177 73 28
s 12187 39 13
s 12337 1064 589
s 12338 372 195
s 12339 239 125
s 12340 134 68
s 12341 317 144
s 12342 56 33
s 12343 429 218
s 12344 92 54
s 12345 176 98
s 12346 128 58
s 12347 227 118
s 12348 754 440
s 12349 152 76
s 12350 597 335
s 12351 183 104
s 12352 409 196
s 12353 65 30
s 12354 26 11
s 12355 24 6
s 12356 561 273
s 12357 426 208
s 12358 63 32
s 12359 1174 644
s 12360 160 77
s 12361 96 38
s 12362 1557 797
s 12363 520 244
s 12364 1003 588
s 12365 121 67
s 12366 225 121
s 12367 158 70
s 12368 62 33
s 12369 118 55
s 12370 115 65
s 12371 212 91
s 12372 849 422
s 12373 1068 523
s 12374 1745 895
s 12375 702 371
s 12376 821 443
s 12377 8 5
s 12378 373 192
s 12379 382 185
s 12380 140 83
s 12381 269 135
s 12382 11 6
s 12383 19 10
s 12384 370 180
s 12385 931 460
s 12386 355 171
s 12387 193 83
s 12388 591 322
s 12389 706 347
s 12390 169 94
s 12391 85 56
s 12392 1106 580
s 12393 978 491
s 12394 619 330
s 12395 377 212
s 12396 339 162
s 12397 31 11
s 12398 493 252
s 12399 509 273
s 12400 611 295
s 12401 327 173
s 12402 156 81
s 12407 510 245
s 12408 328 154
s 12409 567 303
s 12411 885 432
s 12414 383 200
s 12416 844 423
s 12417 374 188
s 12419 516 265
s 12423 862 453
s 12424 511 262
s 12425 356 181
s 12426 46 21
s 12433 122 56
s 12443 115 62
s 12594 397 228
s 12595 222 122
s 12596 153 85
s 12597 565 257
s 12598 1019 576
s 12599 259 142
s 12600 253 133
s 12601 108 53
s 12602 158 72
s 12603 140 72
s 12604 313 187
s 12605 93 54
s 12606 639 345
s 12607 272 148
s 12608 482 232
s 12609 46 24
s 12610 29 15
s 12611 577 351
s 12612 693 358
s 12613 228 109
s 12614 462 253
s 12615 1056 578
s 12616 293 151
s 12617 109 56
s 12618 1230 650
s 12619 542 281
s 12620 749 425
s 12621 66 38
s 12622 112 64
s 12623 148 69
s 12624 194 105
s 12625 103 63
s 12626 72 37
s 12627 213 93
s 12628 766 409
s 12629 1000 543
s 12630 1939 995
s 12631 747 381
s 12632 767 420
s 12633 45 24
s 12634 302 174
s 12635 352 194
s 12636 84 50
s 12637 967 503
s 12638 140 72
s 12639 115 59
s 12640 176 91
s 12641 644 358
s 12642 182 93
s 12643 100 45
s 12644 459 252
s 12645 741 401
s 12646 143 79
s 12647 61 39
s 12648 483 269
s 12649 1025 551
s 12650 457 239
s 12651 332 184
s 12652 178 91
s 12653 584 279
s 12654 424 263
s 12655 560 298
s 12656 699 383
s 12657 198 97
s 12658 265 124
s 12663 676 372
s 12664 211 99
s 12665 693 387
s 12667 943 472
s 12670 288 153
s 12672 840 440
s 12673 159 80
s 12675 561 305
s 12679 480 281
s 12680 393 189
s 12681 170 97
s 12682 178 88
s 12689 246 130
s 12699 124 70
s 12851 52 20
s 12852 61 34
s 12853 219 101
s 12854 371 203
s 12855 165 93
s 12856 81 45
s 12857 42 20
s 12858 25 10
s 12859 81 39
s 12860 255 154
s 12861 70 30
s 12862 162 89
s 12863 56 29
s 12864 55 31
s 12865 17 9
s 12866 7 4
s 12867 202 115
s 12868 83 45
s 12869 126 56
s 12870 184 85
s 12871 320 158
s 12872 51 30
s 12873 45 18
s 12874 570 332
s 12875 84 50
s 12876 342 189
s 12877 46 29
s 12878 85 40
s 12879 20 12
s 12880 78 35
s 12881 41 20
s 12882 43 28
s 12883 20 9
s 12884 164 82
s 12885 214 115
s 12886 490 270
s 12887 95 49
s 12888 284 175
s 12889 18 10
s 12890 113 57
s 12891 71 43
s 12892 40 19
s 12893 363 198
s 12894 38 16
s 12895 31 22
s 12896 137 66
s 12897 269 145
s 12898 131 62
s 12899 67 34
s 12900 107 57
s 12901 154 79
s 12902 25 17
s 12903 14 4
s 12904 359 207
s 12905 211 116
s 12906 199 101
s 12907 126 77
s 12908 112 55
s 12909 208 107
s 12910 123 65
s 12911 48 25
s 12912 85 46
s 12913 122 73
s 12914 124 59
s 12919 106 60
s 12920 133 80
s 12921 104 56
s 12923 173 85
s 12926 120 59
s 12928 211 100
s 12929 117 52
s 12931 77 33
s 12935 293 159
s 12936 158 81
s 12937 110 58
s 12938 56 30
s 12945 107 54
s 12955 32 21
s 13108 32 15
s 13109 136 58
s 13110 202 101
s 13111 118 58
s 13112 62 31
s 13113 19 13
s 13114 22 14
s 13115 51 27
s 13116 136 62
s 13117 18 10
s 13118 60 29
s 13119 59 19
s 13120 64 25
s 13121 8 5
s 13122 7 5
s 13123 121 58
s 13124 91 39
s 13125 91 47
s 13126 105 58
s 13127 142 62
s 13128 41 23
s 13129 22 7
s 13130 302 144
s 13131 100 52
s 13132 240 108
s 13133 18 10
s 13134 44 21
s 13135 20 9
s 13136 42 20
s 13137 27 12
s 13138 14 6
s 13139 19 7
s 13140 109 56
s 13141 143 72
s 13142 282 119
s 13143 97 56
s 13144 129 73
s 13145 6 2
s 13146 52 26
s 13147 48 28
s 13148 34 17
s 13149 218 88
s 13150 27 16
s 13151 24 14
s 13152 76 33
s 13153 141 55
s 13154 73 35
s 13155 42 17
s 13156 59 31
s 13157 121 56
s 13158 21 9
s 13159 12 5
s 13160 182 89
s 13161 130 58
s 13162 136 63
s 13163 60 32
s 13164 92 44
s 13165 131 45
s 13166 76 45
s 13167 54 30
s 13168 65 29
s 13169 59 26
s 13170 74 36
s 13175 96 38
s 13176 71 35
s 13177 60 23
s 13179 112 53
s 13182 105 53
s 13184 166 81
s 13185 70 33
s 13187 54 27
s 13191 156 91
s 13192 82 31
s 13193 63 32
s 13194 39 11
s 13201 61 24
s 13211 22 5
s 13365 70 35
s 13366 142 83
s 13367 82 45
s 13368 34 18
s 13369 28 11
s 13370 11 9
s 13371 29 18
s 13372 107 65
s 13373 11 6
s 13374 126 75
s 13375 30 17
s 13376 54 25
s 13377 6 4
s 13378 5 4
s 13379 75 36
s 13380 81 44
s 13381 66 40
s 13382 55 26
s 13383 183 109
s 13384 31 13
s 13385 15 6
s 13386 136 67
s 13387 99 55
s 13388 61 38
s 13389 22 11
s 13390 39 21
s 13391 22 13
s 13392 20 11
s 13393 28 12
s 13394 13 10
s 13395 19 5
s 13396 116 60
s 13397 151 70
s 13398 257 129
s 13399 106 51
s 13400 118 65
s 13401 5 2
s 13402 40 21
s 13403 529 317
s 13404 27 21
s 13405 167 87
s 13406 17 10
s 13407 20 10
s 13408 57 31
s 13409 116 63
s 13410 62 26
s 13411 32 14
s 13412 92 49
s 13413 100 50
s 13414 26 14
s 13415 8 5
s 13416 154 84
s 13417 135 74
s 13418 32 18
s 13419 61 31
s 13420 61 32
s 13421 79 31
s 13422 63 32
s 13423 71 45
s 13424 96 48
s 13425 23 13
s 13426 38 17
s 13431 92 47
s 13432 36 15
s 13433 60 35
s 13435 113 58
s 13438 32 12
s 13440 123 50
s 13441 68 40
s 13443 82 42
s 13447 156 76
s 13448 67 32
s 13449 43 19
s 13450 15 6
s 13457 27 13
s 13467 32 15
s 13622 430 181
s 13623 252 125
s 13624 80 35
s 13625 87 37
s 13626 86 38
s 13627 119 52
s 13628 374 184
s 13629 45 18
s 13630 300 159
s 13631 130 59
s 13632 250 106
s 13633 23 14
s 13634 15 4
s 13635 220 100
s 13636 280 127
s 13637 295 112
s 13638 189 83
s 13639 746 352
s 13640 119 55
s 13641 64 25
s 13642 734 324
s 13643 284 120
s 13644 435 201
s 13645 59 26
s 13646 119 57
s 13647 72 32
s 13648 73 24
s 13649 110 51
s 13650 50 30
s 13651 85 31
s 13652 489 208
s 13653 530 201
s 13654 973 426
s 13655 425 204
s 13656 466 234
s 13657 22 11
s 13658 138 59
s 13659 111 47
s 13660 54 24
s 13661 471 215
s 13662 49 15
s 13663 66 33
s 13664 227 95
s 13665 470 215
s 13666 199 88
s 13667 122 39
s 13668 342 159
s 13669 310 125
s 13670 92 38
s 13671 45 19
s 13672 631 291
s 13673 470 199
s 13674 313 149
s 13675 248 111
s 13676 247 92
s 13677 177 70
s 13678 195 92
s 13679 231 104
s 13680 297 140
s 13681 138 64
s 13682 168 68
s 13687 277 129
s 13688 194 81
s 13689 214 96
s 13691 430 172
s 13694 240 109
s 13696 468 199
s 13697 239 107
s 13699 234 107
s 13703 480 215
s 13704 216 88
s 13705 150 62
s 13706 71 26
s 13713 116 40
s 13723 76 29
s 13879 494 270
s 13880 91 39
s 13881 141 70
s 13882 149 77
s 13883 242 112
s 13884 749 404
s 13885 90 48
s 13886 669 408
s 13887 209 100
s 13888 484 251
s 13889 63 40
s 13890 28 13
s 13891 21 9
s 13892 704 386
s 13893 509 274
s 13894 67 35
s 13895 1326 749
s 13896 183 104
s 13897 83 43
s 13898 1571 866
s 13899 627 343
s 13900 1082 631
s 13901 93 53
s 13902 217 120
s 13903 151 68
s 13904 59 25
s 13905 131 69
s 13906 82 44
s 13907 188 82
s 13908 906 472
s 13909 1006 525
s 13910 2186 1176
s 13911 809 435
s 13912 966 552
s 13914 335 181
s 13915 260 146
s 13916 122 61
s 13917 275 141
s 13918 12 5
s 13919 19 12
s 13920 403 218
s 13921 971 522
s 13922 403 201
s 13923 215 108
s 13924 527 274
s 13925 836 442
s 13926 167 91
s 13927 52 28
s 13928 1187 659
s 13929 935 516
s 13930 710 346
s 13931 433 241
s 13932 458 225
s 13933 25 9
s 13934 459 260
s 13935 535 259
s 13936 698 383
s 13937 302 176
s 13938 168 86
s 13943 628 322
s 13944 396 197
s 13945 687 390
s 13947 952 505
s 13950 438 222
s 13952 1006 558
s 13953 398 198
s 13955 510 287
s 13959 903 515
s 13960 489 250
s 13961 318 176
s 13962 44 25
s 13969 115 47
s 13979 128 72
s 14136 84 45
s 14137 26 10
s 14138 56 26
s 14139 91 49
s 14140 27 17
s 14141 43 26
s 14142 625 372
s 14143 83 39
s 14144 177 87
s 14145 16 6
s 14146 14 3
s 14147 244 130
s 14148 229 104
s 14149 34 12
s 14150 202 114
s 14151 739 410
s 14152 88 41
s 14153 53 27
s 14154 592 291
s 14155 217 114
s 14156 469 263
s 14157 16 6
s 14158 9 1
s 14159 58 27
s 14160 90 45
s 14161 23 5
s 14162 40 23
s 14163 60 20
s 14164 264 128
s 14165 340 168
s 14166 699 366
s 14167 326 171
s 14168 425 248
s 14169 29 11
s 14170 149 80
s 14171 112 63
s 14172 31 20
s 14173 466 258
s 14174 64 31
s 14175 34 13
s 14176 12 5
s 14177 206 96
s 14178 32 13
s 14179 7 2
s 14180 231 106
s 14181 236 122
s 14182 59 30
s 14183 19 11
s 14184 57 36
s 14185 361 187
s 14186 334 175
s 14187 182 97
s 14188 15 7
s 14189 240 112
s 14190 145 80
s 14191 176 81
s 14192 300 140
s 14193 126 70
s 14194 136 61
s 14199 214 111
s 14200 103 48
s 14201 224 123
s 14203 332 152
s 14206 160 97
s 14208 318 152
s 14209 25 10
s 14211 181 94
s 14215 58 25
s 14216 208 97
s 14217 54 26
s 14218 74 38
s 14225 121 49
s 14235 43 26
s 14393 36 23
s 14394 32 11
s 14395 43 21
s 14396 176 88
s 14397 20 8
s 14398 108 57
s 14399 41 15
s 14400 118 65
s 14401 11 4
s 14402 7 2
s 14403 54 31
s 14404 108 45
s 14405 100 38
s 14406 67 28
s 14407 249 141
s 14408 59 26
s 14409 19 9
s 14410 269 140
s 14411 140 65
s 14412 131 74
s 14413 28 13
s 14414 54 32
s 14415 33 12
s 14416 18 11
s 14417 41 20
s 14418 16 10
s 14419 60 27
s 14420 231 124
s 14421 259 121
s 14422 394 200
s 14423 194 107
s 14424 175 97
s 14425 3 2
s 14426 73 32
s 14427 47 24
s 14428 18 11
s 14429 131 61
s 14430 13 5
s 14431 17 8
s 14432 101 44
s 14433 181 97
s 14434 76 40
s 14435 33 17
s 14436 144 77
s 14437 152 86
s 14438 43 23
s 14439 13 7
s 14440 253 131
s 14441 178 102
s 14442 110 53
s 14443 88 49
s 14444 102 45
s 14445 30 14
s 14446 100 55
s 14447 102 51
s 14448 118 60
s 14449 52 22
s 14450 41 16
s 14455 131 65
s 14456 54 21
s 14457 120 59
s 14459 197 99
s 14462 81 45
s 14464 169 83
s 14465 89 46
s 14467 99 54
s 14471 194 99
s 14472 106 53
s 14473 89 39
s 14474 11 6
s 14481 41 21
s 14491 44 21
s 14650 10 4
s 14651 30 11
s 14652 60 34
s 14653 17 9
s 14654 68 30
s 14655 33 14
s 14656 58 35
s 14657 6 4
s 14658 4 1
s 14659 69 40
s 14660 71 36
s 14661 34 21
s 14662 65 32
s 14663 114 56
s 14664 36 19
s 14665 20 8
s 14666 213 112
s 14667 55 25
s 14668 121 69
s 14669 13 7
s 14670 12 9
s 14671 17 7
s 14672 33 20
s 14673 30 19
s 14674 10 6
s 14675 19 6
s 14676 83 44
s 14677 96 57
s 14678 238 131
s 14679 75 43
s 14680 97 48
s 14681 10 6
s 14682 57 29
s 14683 32 16
s 14684 11 4
s 14685 140 63
s 14686 21 11
s 14687 19 13
s 14688 25 13
s 14689 97 54
s 14690 36 17
s 14691 19 7
s 14692 53 18
s 14693 68 36
s 14694 23 10
s 14695 7 6
s 14696 90 52
s 14697 112 58
s 14698 73 38
s 14699 34 14
s 14700 27 12
s 14701 86 31
s 14702 55 35
s 14703 59 21
s 14704 69 39
s 14705 38 22
s 14706 43 28
s 14711 43 20
s 14712 40 23
s 14713 63 35
s 14715 91 44
s 14718 59 25
s 14720 99 50
s 14721 39 20
s 14723 54 29
s 14727 93 43
s 14728 63 35
s 14729 30 19
s 14730 30 13
s 14737 46 24
s 14747 11 6
s 14907 31 15
s 14908 93 40
s 14909 25 13
s 14910 72 36
s 14911 35 17
s 14912 38 21
s 14913 7 4
s 14914 2 2
s 14915 78 35
s 14916 35 18
s 14917 58 23
s 14918 51 28
s 14919 162 85
s 14920 23 4
s 14921 17 6
s 14922 144 72
s 14923 51 24
s 14924 152 80
s 14925 14 8
s 14926 20 10
s 14927 7 2
s 14928 30 16
s 14929 23 10
s 14930 9 5
s 14931 17 5
s 14932 85 46
s 14933 98 54
s 14934 173 83
s 14935 60 29
s 14936 111 57
s 14937 13 7
s 14938 28 17
s 14939 33 16
s 14940 20 11
s 14941 145 64
s 14942 16 7
s 14943 22 13
s 14944 43 20
s 14945 74 33
s 14946 47 14
s 14947 17 9
s 14948 52 26
s 14949 60 25
s 14950 18 6
s 14951 5 3
s 14952 136 67
s 14953 70 34
s 14954 89 43
s 14955 58 31
s 14956 42 16
s 14957 71 33
s 14958 49 22
s 14959 45 21
s 14960 50 26
s 14961 38 19
s 14962 48 13
s 14967 56 24
s 14968 55 27
s 14969 37 20
s 14971 71 36
s 14974 43 19
s 14976 91 44
s 14977 43 24
s 14979 44 20
s 14983 100 45
s 14984 52 22
s 14985 41 15
s 14986 20 9
s 14993 36 12
s 15003 12 5
s 15164 100 53
s 15165 19 8
s 15166 143 75
s 15167 58 21
s 15168 96 44
s 15169 8 3
s 15170 6 3
s 15171 113 47
s 15172 118 55
s 15173 73 30
s 15174 108 45
s 15175 230 98
s 15176 56 24
s 15177 23 8
s 15178 169 68
s 15179 86 29
s 15180 83 36
s 15181 19 7
s 15182 40 18
s 15183 28 15
s 15184 50 16
s 15185 36 19
s 15186 12 4
s 15187 39 18
s 15188 158 65
s 15189 179 71
s 15190 343 166
s 15191 148 79
s 15192 170 91
s 15193 12 6
s 15194 36 16
s 15195 73 33
s 15196 12 8
s 15197 239 104
s 15198 20 7
s 15199 33 16
s 15200 73 30
s 15201 167 84
s 15202 71 33
s 15203 38 11
s 15204 115 51
s 15205 128 53
s 15206 29 14
s 15207 16 8
s 15208 179 83
s 15209 187 103
s 15210 59 27
s 15211 77 34
s 15212 66 28
s 15213 121 42
s 15214 68 30
s 15215 112 53
s 15216 132 73
s 15217 30 17
s 15218 78 26
s 15223 117 49
s 15224 32 14
s 15225 118 56
s 15227 191 72
s 15230 36 16
s 15232 138 63
s 15233 62 32
s 15235 111 55
s 15239 149 67
s 15240 90 42
s 15241 43 17
s 15242 22 8
s 15249 64 23
s 15259 23 7
s 15421 55 36
s 15422 350 183
s 15423 158 74
s 15424 355 169
s 15425 33 17
s 15426 10 6
s 15427 399 235
s 15428 362 183
s 15429 41 16
s 15430 299 141
s 15431 690 401
s 15432 141 64
s 15433 69 42
s 15434 940 522
s 15435 350 161
s 15436 663 382
s 15437 14 9
s 15438 18 10
s 15439 104 58
s 15440 139 62
s 15441 41 26
s 15442 70 44
s 15443 105 54
s 15444 497 256
s 15445 560 291
s 15446 1160 607
s 15447 461 256
s 15448 504 279
s 15449 27 14
s 15450 212 122
s 15451 264 151
s 15452 50 25
s 15453 648 361
s 15454 70 37
s 15455 66 45
s 15456 20 8
s 15457 295 150
s 15458 40 16
s 15459 19 6
s 15460 314 172
s 15461 444 230
s 15462 98 53
s 15463 35 26
s 15464 79 39
s 15465 623 338
s 15466 433 214
s 15467 243 140
s 15468 25 11
s 15469 338 164
s 15470 141 77
s 15471 295 154
s 15472 454 267
s 15473 194 105
s 15474 203 91
s 15479 391 213
s 15480 144 75
s 15481 413 221
s 15483 614 317
s 15486 206 102
s 15488 491 249
s 15489 26 18
s 15491 344 171
s 15495 62 30
s 15496 291 138
s 15497 67 34
s 15498 109 46
s 15505 168 78
s 15515 45 23
s 15678 72 32
s 15679 29 10
s 15680 52 34
s 15681 4 1
s 15682 3 1
s 15683 39 14
s 15684 60 27
s 15685 33 16
s 15686 44 28
s 15687 138 83
s 15688 20 13
s 15689 18 5
s 15690 85 45
s 15691 50 22
s 15692 55 25
s 15693 12 7
s 15694 23 16
s 15695 15 3
s 15696 20 9
s 15697 21 15
s 15698 6 3
s 15699 28 18
s 15700 98 50
s 15701 132 73
s 15702 172 84
s 15703 83 47
s 15704 71 45
s 15705 11 8
s 15706 29 15
s 15707 54 30
s 15708 16 8
s 15709 75 40
s 15710 10 4
s 15711 12 9
s 15712 29 15
s 15713 90 45
s 15714 29 16
s 15715 16 4
s 15716 82 38
s 15717 65 36
s 15718 18 8
s 15719 10 4
s 15720 89 36
s 15721 145 72
s 15722 24 11
s 15723 40 20
s 15724 31 17
s 15725 61 26
s 15726 53 25
s 15727 51 26
s 15728 78 48
s 15729 24 12
s 15730 21 11
s 15735 59 25
s 15736 17 10
s 15737 73 45
s 15739 99 50
s 15742 17 8
s 15744 87 38
s 15745 27 14
s 15747 68 34
s 15751 103 58
s 15752 49 27
s 15753 41 21
s 15754 23 12
s 15761 31 15
s 15771 15 8
s 15935 91 35
s 15936 176 96
s 15937 36 19
s 15938 13 6
s 15939 343 187
s 15940 197 113
s 15941 259 143
s 15942 249 142
s 15943 252 129
s 15944 85 40
s 15945 54 24
s 15946 722 426
s 15947 204 110
s 15948 588 352
s 15949 61 28
s 15950 104 68
s 15951 47 19
s 15952 128 66
s 15953 76 44
s 15954 59 31
s 15955 74 34
s 15956 266 136
s 15957 351 187
s 15958 560 331
s 15959 341 203
s 15960 224 122
s 15961 23 13
s 15962 170 93
s 15963 141 84
s 15964 78 49
s 15965 564 297
s 15966 67 35
s 15967 54 34
s 15968 208 102
s 15969 356 203
s 15970 214 90
s 15971 105 54
s 15972 133 65
s 15973 237 130
s 15974 68 40
s 15975 25 14
s 15976 577 341
s 15977 258 136
s 15978 369 205
s 15979 166 96
s 15980 198 101
s 15981 302 157
s 15982 180 101
s 15983 205 114
s 15984 310 187
s 15985 144 84
s 15986 159 82
s 15991 176 104
s 15992 204 107
s 15993 186 116
s 15995 226 120
s 15998 195 99
s 16000 336 184
s 16001 169 93
s 16003 162 91
s 16007 522 315
s 16008 201 106
s 16009 157 88
s 16010 91 49
s 16017 151 76
s 16027 48 29
s 16192 94 38
s 16193 13 5
s 16194 6 2
s 16195 100 56
s 16196 132 64
s 16197 90 40
s 16198 99 39
s 16199 241 121
s 16200 62 29
s 16201 36 13
s 16202 379 183
s 16203 106 47
s 16204 247 124
s 16205 23 6
s 16206 53 30
s 16207 33 17
s 16208 38 16
s 16209 43 24
s 16210 21 12
s 16211 33 17
s 16212 211 104
s 16213 234 115
s 16214 392 185
s 16215 169 80
s 16216 157 74
s 16217 12 7
s 16218 65 31
s 16219 63 31
s 16220 23 15
s 16221 200 84
s 16222 29 14
s 16223 22 11
s 16224 111 45
s 16225 218 100
s 16226 94 43
s 16227 48 17
s 16228 104 50
s 16229 119 48
s 16230 40 16
s 16231 13 9
s 16232 267 136
s 16233 169 76
s 16234 181 78
s 16235 95 39
s 16236 97 42
s 16237 113 44
s 16238 94 50
s 16239 105 54
s 16240 115 52
s 16241 69 32
s 16242 78 35
s 16247 123 59
s 16248 80 33
s 16249 108 49
s 16251 150 68
s 16254 98 50
s 16256 202 94
s 16257 83 29
s 16259 91 47
s 16263 238 122
s 16264 119 57
s 16265 76 36
s 16266 32 12
s 16273 62 29
s 16283 30 11
s 16449 20 8
s 16450 7 3
s 16451 275 130
s 16452 128 57
s 16453 183 88
s 16454 270 126
s 16455 399 205
s 16456 91 41
s 16457 55 27
s 16458 661 318
s 16459 157 69
s 16460 400 196
s 16461 34 14
s 16462 88 44
s 16463 33 13
s 16464 80 42
s 16465 80 41
s 16466 50 29
s 16467 44 16
s 16468 277 114
s 16469 321 153
s 16470 599 292
s 16471 129 51
s 16472 272 136
s 16473 21 8
s 16474 106 58
s 16475 103 45
s 16476 40 21
s 16477 476 236
s 16478 59 27
s 16479 53 22
s 16480 189 79
s 16481 394 180
s 16482 155 70
s 16483 97 48
s 16484 183 85
s 16485 206 102
s 16486 56 20
s 16487 17 12
s 16488 503 264
s 16489 228 116
s 16490 251 123
s 16491 156 79
s 16492 170 73
s 16493 234 87
s 16494 151 81
s 16495 87 39
s 16496 97 45
s 16497 118 60
s 16498 148 59
s 16503 130 53
s 16504 146 65
s 16505 118 50
s 16507 245 99
s 16510 167 87
s 16512 298 141
s 16513 208 102
s 16515 93 37
s 16519 366 175
s 16520 142 59
s 16521 114 47
s 16522 57 29
s 16529 124 51
s 16539 40 18
s 16706 2 2
s 16707 28 9
s 16708 19 4
s 16709 17 8
s 16710 27 12
s 16711 48 29
s 16712 15 6
s 16713 8 8
s 16714 64 37
s 16715 18 7
s 16716 33 20
s 16717 6 3
s 16718 5 2
s 16719 3 1
s 16720 7 5
s 16721 6 3
s 16722 4 1
s 16723 5 2
s 16724 45 19
s 16725 52 29
s 16726 62 26
s 16727 36 11
s 16728 44 24
s 16729 4 2
s 16730 12 8
s 16731 18 9
s 16732 3 1
s 16733 58 25
s 16734 5 3
s 16735 5 1
s 16736 12 3
s 16737 29 10
s 16738 11 3
s 16739 5 1
s 16740 26 11
s 16741 24 10
s 16742 8 6
s 16743 2 1
s 16744 28 10
s 16745 46 22
s 16746 23 10
s 16747 15 4
s 16748 13 7
s 16749 29 12
s 16750 20 13
s 16751 21 10
s 16752 37 21
s 16753 13 6
s 16754 11 9
s 16759 23 8
s 16760 15 7
s 16761 33 15
s 16763 34 18
s 16766 14 6
s 16768 44 24
s 16769 10 6
s 16771 18 8
s 16775 31 19
s 16776 30 16
s 16777 13 5
s 16778 4 3
s 16785 11 7
s 16795 7 5
s 16963 19 12
s 16964 8 4
s 16965 16 4
s 16966 10 3
s 16967 27 14
s 16968 4 1
s 16969 2 0
s 16970 45 22
s 16971 6 3
s 16972 20 12
s 16973 6 3
s 16974 6 4
s 16975 1 0
s 16976 6 2
s 16977 6 2
s 16978 6 3
s 16979 3 1
s 16980 18 10
s 16981 20 6
s 16982 30 16
s 16983 9 4
s 16984 27 15
s 16986 4 1
s 16987 8 4
s 16988 5 4
s 16989 17 9
s 16990 1 1
s 16991 4 2
s 16992 9 3
s 16993 18 12
s 16994 10 5
s 16995 6 1
s 16996 8 7
s 16997 12 8
s 16998 1 1
s 16999 3 2
s 17000 29 21
s 17001 12 6
s 17002 17 12
s 17003 13 8
s 17004 8 4
s 17005 21 10
s 17006 5 3
s 17007 3 1
s 17008 6 4
s 17009 9 5
s 17010 6 3
s 17015 10 5
s 17016 15 7
s 17017 5 2
s 17019 17 6
s 17022 14 5
s 17024 18 5
s 17025 8 1
s 17027 6 1
s 17031 22 9
s 17032 9 6
s 17033 5 1
s 17034 5 2
s 17041 9 4
s 17051 2 1
s 17220 322 169
s 17221 251 126
s 17222 29 18
s 17223 664 380
s 17224 105 49
s 17225 44 17
s 17226 825 449
s 17227 361 206
s 17228 542 300
s 17229 45 21
s 17230 101 55
s 17231 97 44
s 17232 25 11
s 17233 71 40
s 17234 37 25
s 17235 92 39
s 17236 433 239
s 17237 503 268
s 17238 992 531
s 17239 424 233
s 17240 492 268
s 17241 6 3
s 17242 201 117
s 17243 89 38
s 17244 54 38
s 17245 138 71
s 17246 9 4
s 17247 10 2
s 17248 198 115
s 17249 474 241
s 17250 179 83
s 17251 105 51
s 17252 213 116
s 17253 393 213
s 17254 86 42
s 17255 38 22
s 17256 612 328
s 17257 479 262
s 17258 339 182
s 17259 208 113
s 17260 240 121
s 17261 14 9
s 17262 256 150
s 17263 291 163
s 17264 338 190
s 17265 152 80
s 17266 80 36
s 17271 324 166
s 17272 199 102
s 17273 324 170
s 17275 469 226
s 17278 212 108
s 17280 467 256
s 17281 193 90
s 17283 256 130
s 17287 475 258
s 17288 239 117
s 17289 176 94
s 17290 25 11
s 17297 67 28
s 17307 61 32
s 17477 246 117
s 17478 290 136
s 17479 508 265
s 17480 92 42
s 17481 68 35
s 17482 835 444
s 17483 163 91
s 17484 540 290
s 17485 40 22
s 17486 133 67
s 17487 35 18
s 17488 105 52
s 17489 121 54
s 17490 56 33
s 17491 74 30
s 17492 363 184
s 17493 405 190
s 17494 727 354
s 17495 204 99
s 17496 381 203
s 17497 23 9
s 17498 140 70
s 17499 117 52
s 17500 63 33
s 17501 644 339
s 17502 69 34
s 17503 76 46
s 17504 241 128
s 17505 509 252
s 17506 189 91
s 17507 114 49
s 17508 173 79
s 17509 236 113
s 17510 68 36
s 17511 39 18
s 17512 636 345
s 17513 296 158
s 17514 345 177
s 17515 183 97
s 17516 224 123
s 17517 301 131
s 17518 169 93
s 17519 128 68
s 17520 126 61
s 17521 167 91
s 17522 187 83
s 17527 191 88
s 17528 187 84
s 17529 166 86
s 17531 295 132
s 17534 219 114
s 17536 344 174
s 17537 224 96
s 17539 108 48
s 17543 448 230
s 17544 228 105
s 17545 217 93
s 17546 72 33
s 17553 158 74
s 17563 68 35
s 17734 192 89
s 17735 395 195
s 17736 95 41
s 17737 69 34
s 17738 597 277
s 17739 244 120
s 17740 456 228
s 17741 14 6
s 17742 5 3
s 17743 57 25
s 17744 84 42
s 17745 29 16
s 17746 29 17
s 17747 67 35
s 17748 308 141
s 17749 306 151
s 17750 913 463
s 17751 345 180
s 17752 353 171
s 17753 19 10
s 17754 105 54
s 17755 104 58
s 17756 36 17
s 17757 479 230
s 17758 50 25
s 17759 45 23
s 17760 17 6
s 17761 204 99
s 17762 31 11
s 17763 10 9
s 17764 192 90
s 17765 298 130
s 17766 63 30
s 17767 27 9
s 17768 64 32
s 17769 385 204
s 17770 303 162
s 17771 174 83
s 17772 21 8
s 17773 235 95
s 17774 131 64
s 17775 185 80
s 17776 274 132
s 17777 128 74
s 17778 130 54
s 17783 257 125
s 17784 116 52
s 17785 425 218
s 17787 387 169
s 17790 154 79
s 17792 343 166
s 17793 28 10
s 17795 188 85
s 17799 67 34
s 17800 164 73
s 17801 49 27
s 17802 77 36
s 17809 105 39
s 17819 31 13
s 17991 557 291
s 17992 102 50
s 17993 50 27
s 17994 800 410
s 17995 263 132
s 17996 455 238
s 17997 59 35
s 17998 113 66
s 17999 72 29
s 18000 37 14
s 18001 60 28
s 18002 38 14
s 18003 82 39
s 18004 433 220
s 18005 440 203
s 18006 954 466
s 18007 440 213
s 18008 402 218
s 18009 2 1
s 18010 138 72
s 18011 122 69
s 18012 56 33
s 18013 151 71
s 18014 15 9
s 18015 14 6
s 18016 193 105
s 18017 485 223
s 18018 199 88
s 18019 110 48
s 18020 276 141
s 18021 365 174
s 18022 86 40
s 18023 23 10
s 18024 549 303
s 18025 446 242
s 18026 274 148
s 18027 210 105
s 18028 189 99
s 18029 28 11
s 18030 237 134
s 18031 261 151
s 18032 282 158
s 18033 115 68
s 18034 87 41
s 18039 252 119
s 18040 168 87
s 18041 315 169
s 18043 396 192
s 18046 182 100
s 18048 489 230
s 18049 213 102
s 18051 228 109
s 18055 465 233
s 18056 234 116
s 18057 127 60
s 18058 32 16
s 18065 64 25
s 18075 69 35
s 18248 189 99
s 18249 149 71
s 18250 1506 820
s 18251 505 259
s 18252 1051 621
s 18253 99 52
s 18254 181 106
s 18255 104 48
s 18256 208 99
s 18257 164 88
s 18258 112 57
s 18259 136 61
s 18260 643 336
s 18261 790 424
s 18262 1321 709
s 18263 702 388
s 18264 504 281
s 18265 61 31
s 18266 297 168
s 18267 371 208
s 18268 132 76
s 18269 1175 579
s 18270 150 79
s 18271 147 85
s 18272 354 173
s 18273 729 361
s 18274 353 187
s 18275 203 93
s 18276 357 184
s 18277 476 250
s 18278 138 83
s 18279 48 29
s 18280 958 512
s 18281 682 352
s 18282 640 340
s 18283 313 159
s 18284 340 172
s 18285 613 272
s 18286 389 218
s 18287 457 252
s 18288 542 310
s 18289 323 183
s 18290 343 168
s 18295 349 198
s 18296 349 189
s 18297 465 264
s 18299 570 240
s 18302 395 207
s 18304 774 410
s 18305 340 169
s 18307 376 212
s 18311 857 505
s 18312 401 205
s 18313 275 148
s 18314 167 80
s 18321 316 149
s 18331 118 57
s 18505 16 7
s 18506 307 154
s 18507 82 42
s 18508 228 113
s 18509 29 16
s 18510 45 22
s 18511 19 8
s 18512 32 14
s 18513 44 26
s 18514 19 11
s 18515 33 15
s 18516 183 82
s 18517 187 84
s 18518 355 166
s 18519 142 67
s 18520 146 84
s 18521 3 2
s 18522 67 33
s 18523 100 44
s 18524 30 18
s 18525 209 104
s 18526 23 8
s 18527 13 11
s 18528 81 32
s 18529 189 83
s 18530 92 41
s 18531 39 12
s 18532 127 62
s 18533 112 44
s 18534 35 21
s 18535 16 8
s 18536 237 123
s 18537 155 73
s 18538 160 67
s 18539 85 33
s 18540 112 54
s 18541 92 44
s 18542 77 45
s 18543 80 41
s 18544 103 53
s 18545 55 26
s 18546 56 27
s 18551 82 36
s 18552 95 44
s 18553 89 43
s 18555 134 60
s 18558 114 54
s 18560 169 70
s 18561 99 50
s 18563 87 38
s 18567 185 104
s 18568 99 40
s 18569 66 37
s 18570 35 14
s 18577 48 20
s 18587 38 17
s 18762 169 70
s 18763 77 35
s 18764 102 57
s 18765 11 8
s 18766 17 9
s 18767 17 11
s 18768 30 10
s 18769 31 13
s 18770 17 11
s 18771 26 10
s 18772 111 53
s 18773 103 46
s 18774 246 106
s 18775 90 44
s 18776 104 47
s 18777 4 2
s 18778 40 22
s 18779 39 17
s 18780 9 6
s 18781 135 63
s 18782 12 5
s 18783 8 3
s 18784 50 32
s 18785 90 40
s 18786 56 30
s 18787 24 13
s 18788 61 23
s 18789 75 32
s 18790 27 11
s 18791 3 2
s 18792 105 56
s 18793 104 45
s 18794 72 29
s 18795 46 21
s 18796 53 22
s 18797 56 25
s 18798 59 31
s 18799 47 24
s 18800 56 23
s 18801 36 17
s 18802 42 17
s 18807 60 31
s 18808 46 20
s 18809 56 26
s 18811 114 58
s 18814 32 16
s 18816 103 53
s 18817 32 19
s 18819 43 18
s 18823 88 45
s 18824 61 31
s 18825 47 19
s 18826 17 8
s 18833 40 23
s 18843 15 5
s 19019 748 418
s 19020 406 216
s 19021 132 74
s 19022 288 162
s 19023 194 91
s 19024 259 136
s 19025 239 120
s 19026 66 44
s 19027 288 137
s 19028 1171 583
s 19029 1464 777
s 19030 2338 1199
s 19031 997 513
s 19032 1025 547
s 19033 86 54
s 19034 236 131
s 19035 380 202
s 19036 116 60
s 19037 1455 710
s 19038 208 123
s 19039 177 93
s 19040 549 269
s 19041 1301 657
s 19042 510 240
s 19043 303 144
s 19044 739 375
s 19045 821 418
s 19046 258 146
s 19047 83 42
s 19048 1775 956
s 19049 1197 644
s 19050 275 130
s 19051 397 205
s 19052 575 276
s 19053 843 394
s 19054 554 315
s 19055 692 337
s 19056 866 450
s 19057 154 78
s 19058 334 147
s 19063 745 402
s 19064 241 115
s 19065 785 420
s 19067 1172 562
s 19070 182 93
s 19072 988 529
s 19073 609 301
s 19075 656 332
s 19079 1235 685
s 19080 552 288
s 19081 381 196
s 19082 247 111
s 19089 316 134
s 19099 198 97
s 19276 455 233
s 19277 39 21
s 19278 108 53
s 19279 49 21
s 19280 104 55
s 19281 99 51
s 19282 44 26
s 19283 56 25
s 19284 343 159
s 19285 397 186
s 19286 651 327
s 19287 220 110
s 19288 331 179
s 19289 30 16
s 19290 114 57
s 19291 86 43
s 19292 57 34
s 19293 615 322
s 19294 77 39
s 19295 68 33
s 19296 227 120
s 19297 432 221
s 19298 178 85
s 19299 92 42
s 19300 192 108
s 19301 233 114
s 19302 59 29
s 19303 21 12
s 19304 576 309
s 19305 268 130
s 19306 301 142
s 19307 171 91
s 19308 215 99
s 19309 252 111
s 19310 164 82
s 19311 129 62
s 19312 172 87
s 19313 125 69
s 19314 174 78
s 19319 183 90
s 19320 187 93
s 19321 167 82
s 19323 252 114
s 19326 170 86
s 19328 355 174
s 19329 204 100
s 19331 126 55
s 19335 455 233
s 19336 216 114
s 19337 157 82
s 19338 81 30
s 19345 126 47
s 19355 55 30
s 19533 96 45
s 19534 231 122
s 19535 132 67
s 19536 132 69
s 19537 148 86
s 19538 32 18
s 19539 200 114
s 19540 773 407
s 19541 1027 531
s 19542 1659 894
s 19543 737 422
s 19544 795 477
s 19545 43 26
s 19546 102 45
s 19547 255 145
s 19548 92 56
s 19549 946 513
s 19550 119 70
s 19551 99 61
s 19552 375 195
s 19553 684 389
s 19554 278 151
s 19555 190 90
s 19556 425 224
s 19557 544 277
s 19558 188 111
s 19559 61 32
s 19560 922 525
s 19561 843 448
s 19562 58 31
s 19563 231 128
s 19564 417 233
s 19565 492 225
s 19566 349 201
s 19567 441 222
s 19568 552 301
s 19569 42 18
s 19570 224 106
s 19575 604 330
s 19576 117 59
s 19577 573 321
s 19579 836 419
s 19582 73 31
s 19584 551 279
s 19585 324 163
s 19587 478 250
s 19591 848 470
s 19592 324 160
s 19593 232 125
s 19594 141 66
s 19601 192 96
s 19611 130 68
s 19790 2 1
s 19791 20 8
s 19792 24 10
s 19793 5 4
s 19794 10 3
s 19795 14 8
s 19796 67 28
s 19797 85 42
s 19798 182 91
s 19799 70 35
s 19800 66 32
s 19801 8 6
s 19802 38 16
s 19803 31 15
s 19804 16 7
s 19805 90 50
s 19806 9 2
s 19807 16 7
s 19808 7 6
s 19809 64 30
s 19810 12 5
s 19811 4 1
s 19812 60 30
s 19813 75 36
s 19814 23 12
s 19815 10 4
s 19816 22 6
s 19817 112 60
s 19818 59 35
s 19819 36 16
s 19820 10 3
s 19821 59 27
s 19822 38 25
s 19823 59 31
s 19824 88 41
s 19825 32 16
s 19826 38 21
s 19831 67 35
s 19832 35 21
s 19833 54 31
s 19835 90 49
s 19838 37 15
s 19840 69 34
s 19841 7 5
s 19843 64 34
s 19847 18 10
s 19848 41 18
s 19849 21 9
s 19850 11 5
s 19857 40 18
s 19867 13 5
s 20047 25 12
s 20048 38 23
s 20049 11 4
s 20050 15 11
s 20051 25 13
s 20052 137 75
s 20053 169 85
s 20054 378 189
s 20055 136 78
s 20056 154 90
s 20057 15 8
s 20058 78 41
s 20059 71 38
s 20060 12 7
s 20061 197 100
s 20062 26 16
s 20063 24 13
s 20064 9 4
s 20065 87 46
s 20066 14 9
s 20067 8 4
s 20068 91 52
s 20069 140 79
s 20070 28 19
s 20071 11 7
s 20072 34 17
s 20073 178 95
s 20074 135 72
s 20075 62 39
s 20076 7 3
s 20077 126 64
s 20078 87 52
s 20079 113 53
s 20080 150 80
s 20081 74 45
s 20082 56 25
s 20087 129 72
s 20088 61 29
s 20089 112 57
s 20091 207 101
s 20094 73 34
s 20096 178 89
s 20097 10 3
s 20099 120 68
s 20103 33 20
s 20104 100 53
s 20105 19 11
s 20106 26 11
s 20113 68 42
s 20123 14 7
s 20304 28 15
s 20305 25 13
s 20306 13 8
s 20307 15 8
s 20308 72 31
s 20309 99 40
s 20310 172 77
s 20311 46 21
s 20312 72 30
s 20313 7 4
s 20314 44 21
s 20315 24 13
s 20316 13 7
s 20317 109 42
s 20318 23 13
s 20319 13 8
s 20320 64 31
s 20321 99 36
s 20322 45 18
s 20323 35 12
s 20324 51 18
s 20325 54 25
s 20326 15 7
s 20327 2 1
s 20328 135 59
s 20329 64 27
s 20330 79 39
s 20331 46 23
s 20332 67 35
s 20333 70 32
s 20334 51 25
s 20335 29 12
s 20336 47 23
s 20337 50 28
s 20338 42 11
s 20343 35 19
s 20344 55 21
s 20345 47 24
s 20347 70 26
s 20350 51 19
s 20352 84 39
s 20353 50 27
s 20355 34 15
s 20359 111 55
s 20360 56 20
s 20361 43 21
s 20362 17 10
s 20369 47 19
s 20379 19 9
s 20561 32 11
s 20562 15 8
s 20563 26 12
s 20564 156 82
s 20565 165 82
s 20566 346 174
s 20567 138 72
s 20568 158 90
s 20569 3 2
s 20570 54 26
s 20571 57 26
s 20572 11 8
s 20573 82 35
s 20574 5 2
s 20575 10 5
s 20576 82 31
s 20577 154 67
s 20578 65 27
s 20579 38 26
s 20580 140 69
s 20581 132 70
s 20582 31 18
s 20583 7 3
s 20584 181 85
s 20585 220 117
s 20586 107 56
s 20587 62 24
s 20588 70 35
s 20589 36 15
s 20590 89 50
s 20591 96 45
s 20592 146 73
s 20593 41 23
s 20594 37 18
s 20599 113 59
s 20600 66 33
s 20601 125 67
s 20603 171 73
s 20606 65 39
s 20608 169 82
s 20609 66 36
s 20611 84 45
s 20615 143 67
s 20616 96 52
s 20617 53 20
s 20618 17 7
s 20625 40 18
s 20635 24 14
s 20818 15 10
s 20819 37 14
s 20820 127 49
s 20821 133 66
s 20822 317 163
s 20823 140 78
s 20824 124 66
s 20825 2 1
s 20826 44 16
s 20827 66 36
s 20828 15 9
s 20829 151 66
s 20830 16 4
s 20831 8 6
s 20832 28 16
s 20833 127 74
s 20834 28 21
s 20835 12 6
s 20836 89 40
s 20837 115 63
s 20838 20 10
s 20839 7 4
s 20840 61 38
s 20841 161 82
s 20842 98 55
s 20843 52 27
s 20844 30 12
s 20845 61 23
s 20846 57 26
s 20847 64 35
s 20848 101 56
s 20849 44 29
s 20850 40 25
s 20855 102 54
s 20856 51 23
s 20857 121 66
s 20859 133 67
s 20862 64 31
s 20864 139 75
s 20865 28 11
s 20867 67 30
s 20871 62 33
s 20872 64 36
s 20873 27 8
s 20874 21 9
s 20881 35 18
s 20891 9 3
s 21075 13 10
s 21076 81 45
s 21077 94 53
s 21078 168 107
s 21079 71 41
s 21080 70 39
s 21081 2 1
s 21082 19 6
s 21083 22 6
s 21084 8 5
s 21085 83 48
s 21086 6 4
s 21087 8 3
s 21088 42 21
s 21089 70 34
s 21090 35 22
s 21091 17 13
s 21092 54 33
s 21093 64 40
s 21094 17 9
s 21095 5 3
s 21096 118 61
s 21097 95 40
s 21098 12 9
s 21099 28 21
s 21100 34 21
s 21101 46 22
s 21102 37 19
s 21103 42 23
s 21104 70 42
s 21105 13 7
s 21106 17 8
s 21111 52 33
s 21112 11 5
s 21113 51 28
s 21115 74 42
s 21118 15 11
s 21120 77 39
s 21121 34 14
s 21123 52 26
s 21127 85 50
s 21128 34 20
s 21129 17 12
s 21130 8 5
s 21137 14 7
s 21147 14 9
s 21332 82 41
s 21333 120 57
s 21334 230 111
s 21335 58 25
s 21336 83 48
s 21337 9 5
s 21338 38 16
s 21339 30 11
s 21340 28 14
s 21341 157 65
s 21342 21 9
s 21343 14 6
s 21344 75 34
s 21345 134 57
s 21346 44 24
s 21347 42 22
s 21348 54 18
s 21349 90 42
s 21350 21 14
s 21351 8 4
s 21352 185 85
s 21353 118 50
s 21354 128 57
s 21355 74 37
s 21356 55 20
s 21357 106 47
s 21358 72 34
s 21359 36 18
s 21360 52 26
s 21361 54 35
s 21362 57 18
s 21367 50 20
s 21368 76 30
s 21369 57 31
s 21371 100 53
s 21374 66 24
s 21376 106 48
s 21377 66 33
s 21379 45 21
s 21383 147 68
s 21384 81 41
s 21385 64 26
s 21386 25 7
s 21393 67 30
s 21403 24 13
s 21589 537 277
s 21590 1160 584
s 21591 384 198
s 21592 503 265
s 21593 32 15
s 21594 230 118
s 21595 177 78
s 21596 74 38
s 21597 842 406
s 21598 130 70
s 21599 100 46
s 21600 291 143
s 21601 622 307
s 21602 254 113
s 21603 177 77
s 21604 289 152
s 21605 435 209
s 21606 105 60
s 21607 22 12
s 21608 823 427
s 21609 517 249
s 21610 447 201
s 21611 266 131
s 21612 291 128
s 21613 405 168
s 21614 274 142
s 21615 232 116
s 21616 281 139
s 21617 230 129
s 21618 276 126
s 21623 302 164
s 21624 230 103
s 21625 335 174
s 21627 467 227
s 21630 300 147
s 21632 588 289
s 21633 266 126
s 21635 225 114
s 21639 589 334
s 21640 307 146
s 21641 206 95
s 21642 144 70
s 21649 238 108
s 21659 77 38
s 21846 1483 717
s 21847 524 282
s 21848 650 335
s 21849 44 23
s 21850 376 199
s 21851 230 110
s 21852 115 61
s 21853 980 462
s 21854 156 68
s 21855 121 62
s 21856 274 147
s 21857 729 358
s 21858 274 127
s 21859 132 58
s 21860 373 159
s 21861 518 229
s 21862 88 45
s 21863 45 26
s 21864 786 388
s 21865 664 322
s 21866 601 275
s 21867 324 152
s 21868 257 115
s 21869 539 214
s 21870 373 191
s 21871 317 153
s 21872 357 182
s 21873 314 177
s 21874 261 113
s 21879 439 195
s 21880 325 151
s 21881 340 177
s 21883 613 306
s 21886 411 230
s 21888 685 333
s 21889 278 145
s 21891 312 148
s 21895 653 320
s 21896 371 184
s 21897 266 146
s 21898 149 73
s 21905 290 111
s 21915 102 44
s 22103 983 504
s 22104 1012 542
s 22105 91 50
s 22106 427 215
s 22107 403 199
s 22108 162 94
s 22109 1888 942
s 22110 238 124
s 22111 256 125
s 22112 756 383
s 22113 1610 824
s 22114 700 370
s 22115 348 157
s 22116 713 358
s 22117 760 362
s 22118 297 143
s 22119 119 70
s 22120 1848 971
s 22121 953 475
s 22122 977 489
s 22123 586 286
s 22124 895 430
s 22125 1005 447
s 22126 596 322
s 22127 605 297
s 22128 803 407
s 22129 441 242
s 22130 587 283
s 22135 637 334
s 22136 638 313
s 22137 664 357
s 22139 832 387
s 22142 648 319
s 22144 1130 540
s 22145 735 382
s 22147 558 267
s 22151 1594 862
s 22152 739 356
s 22153 548 254
s 22154 256 118
s 22161 498 217
s 22171 224 103
s 22360 480 260
s 22361 31 11
s 22362 170 93
s 22363 113 64
s 22364 68 49
s 22365 864 441
s 22366 95 55
s 22367 96 40
s 22368 310 168
s 22369 593 304
s 22370 256 125
s 22371 159 81
s 22372 243 130
s 22373 325 158
s 22374 84 38
s 22375 27 10
s 22376 691 343
s 22377 344 170
s 22378 467 233
s 22379 255 119
s 22380 310 147
s 22381 402 197
s 22382 262 133
s 22383 114 54
s 22384 161 72
s 22385 175 103
s 22386 244 124
s 22391 210 111
s 22392 239 119
s 22393 139 77
s 22395 327 154
s 22398 286 140
s 22400 524 252
s 22401 302 137
s 22403 131 66
s 22407 675 358
s 22408 267 136
s 22409 202 95
s 22410 90 40
s 22417 206 95
s 22427 83 39
s 22617 41 20
s 22618 200 111
s 22619 212 106
s 22620 66 34
s 22621 874 463
s 22622 109 54
s 22623 95 47
s 22624 285 145
s 22625 610 347
s 22626 275 124
s 22627 138 78
s 22628 255 136
s 22629 364 180
s 22630 108 57
s 22631 43 25
s 22632 885 500
s 22633 438 238
s 22634 454 257
s 22635 241 132
s 22636 313 167
s 22637 443 226
s 22638 255 147
s 22639 310 167
s 22640 402 206
s 22641 187 109
s 22642 276 146
s 22647 338 182
s 22648 241 127
s 22649 302 165
s 22651 416 213
s 22654 254 137
s 22656 543 276
s 22657 278 136
s 22659 267 152
s 22663 660 371
s 22664 308 169
s 22665 236 116
s 22666 115 68
s 22673 202 93
s 22683 84 41
s 22874 10 6
s 22875 15 7
s 22876 7 6
s 22877 17 13
s 22878 2 1
s 22880 16 6
s 22881 37 16
s 22882 13 8
s 22883 7 3
s 22884 17 9
s 22885 25 18
s 22886 5 1
s 22887 4 2
s 22888 42 20
s 22889 52 27
s 22890 31 12
s 22891 21 11
s 22892 13 8
s 22893 5 3
s 22894 25 17
s 22895 28 15
s 22896 32 22
s 22897 10 7
s 22898 9 5
s 22903 36 22
s 22904 20 12
s 22905 29 13
s 22907 39 24
s 22910 18 9
s 22912 36 19
s 22913 15 7
s 22915 14 11
s 22919 46 28
s 22920 27 15
s 22921 20 13
s 22929 8 6
s 22939 9 4
s 23131 83 43
s 23132 34 23
s 23133 281 153
s 23134 49 25
s 23135 36 17
s 23136 111 57
s 23137 245 136
s 23138 99 54
s 23139 64 30
s 23140 156 90
s 23141 140 63
s 23142 49 18
s 23143 17 7
s 23144 310 165
s 23145 273 128
s 23146 101 52
s 23147 88 47
s 23148 116 59
s 23149 196 89
s 23150 128 64
s 23151 134 77
s 23152 198 113
s 23153 38 16
s 23154 82 44
s 23159 142 61
s 23160 69 39
s 23161 154 90
s 23163 233 115
s 23166 45 24
s 23168 184 90
s 23169 114 50
s 23171 148 70
s 23175 250 142
s 23176 120 71
s 23177 83 37
s 23178 37 13
s 23185 87 47
s 23195 54 31
s 23388 32 24
s 23389 359 198
s 23390 37 13
s 23391 25 14
s 23392 104 47
s 23393 231 121
s 23394 114 56
s 23395 72 36
s 23396 118 65
s 23397 181 91
s 23398 44 24
s 23399 11 8
s 23400 272 131
s 23401 251 136
s 23402 139 72
s 23403 105 53
s 23404 95 50
s 23405 154 62
s 23406 101 54
s 23407 95 52
s 23408 123 61
s 23409 81 48
s 23410 73 40
s 23415 141 73
s 23416 86 48
s 23417 118 64
s 23419 227 112
s 23422 83 44
s 23424 209 103
s 23425 102 41
s 23427 96 41
s 23431 256 144
s 23432 258 136
s 23433 100 49
s 23434 74 35
s 23441 89 41
s 23451 69 36
s 23645 124 64
s 23646 22 12
s 23647 9 4
s 23648 28 16
s 23649 87 43
s 23650 21 12
s 23651 14 6
s 23652 57 28
s 23653 60 44
s 23654 13 5
s 23655 7 1
s 23656 65 38
s 23657 126 70
s 23658 59 35
s 23659 40 29
s 23660 28 17
s 23661 83 40
s 23662 53 31
s 23663 56 27
s 23664 70 41
s 23665 25 12
s 23666 31 21
s 23671 67 39
s 23672 29 11
s 23673 77 40
s 23675 77 47
s 23678 27 13
s 23680 74 43
s 23681 26 13
s 23683 48 32
s 23687 66 37
s 23688 50 26
s 23689 28 16
s 23690 14 7
s 23697 42 19
s 23707 16 8
s 23902 48 28
s 23903 38 23
s 23904 408 184
s 23905 866 430
s 23906 400 165
s 23907 205 100
s 23908 500 239
s 23909 716 365
s 23910 165 87
s 23911 67 40
s 23912 1061 548
s 23913 905 447
s 23914 557 281
s 23915 395 212
s 23916 426 204
s 23917 148 66
s 23918 465 234
s 23919 453 210
s 23920 644 341
s 23921 223 117
s 23922 190 92
s 23927 620 312
s 23928 314 149
s 23929 630 335
s 23931 861 423
s 23934 359 194
s 23936 907 440
s 23937 367 168
s 23939 456 221
s 23943 843 441
s 23944 458 200
s 23945 305 127
s 23946 66 37
s 23953 145 77
s 23963 132 66
s 24159 3 0
s 24160 47 28
s 24161 116 58
s 24162 40 17
s 24163 29 15
s 24164 64 33
s 24165 88 41
s 24166 28 12
s 24167 6 4
s 24168 121 56
s 24169 128 68
s 24170 73 33
s 24171 54 27
s 24172 40 18
s 24173 8 3
s 24174 67 39
s 24175 56 29
s 24176 61 24
s 24177 33 17
s 24178 17 6
s 24183 83 34
s 24184 42 20
s 24185 59 33
s 24187 107 49
s 24190 39 20
s 24192 102 48
s 24193 43 22
s 24195 67 30
s 24199 94 44
s 24200 64 30
s 24201 35 14
s 24202 5 3
s 24209 12 5
s 24219 19 7
s 24416 39 28
s 24417 121 67
s 24418 44 21
s 24419 33 17
s 24420 75 40
s 24421 80 43
s 24422 17 9
s 24423 5 2
s 24424 129 73
s 24425 111 47
s 24426 55 31
s 24427 57 29
s 24428 53 29
s 24429 7 2
s 24430 52 31
s 24431 56 29
s 24432 73 39
s 24433 27 19
s 24434 13 6
s 24439 71 38
s 24440 37 19
s 24441 64 28
s 24443 95 43
s 24446 40 28
s 24448 92 53
s 24449 46 30
s 24451 65 40
s 24455 95 44
s 24456 43 21
s 24457 24 14
s 24458 5 0
s 24465 8 2
s 24475 18 3
s 24673 193 94
s 24674 23 11
s 24675 8 4
s 24676 175 80
s 24677 288 132
s 24678 46 22
s 24679 13 8
s 24680 42 19
s 24681 303 153
s 24682 221 118
s 24683 134 66
s 24684 9 1
s 24685 214 92
s 24686 144 64
s 24687 169 83
s 24688 222 114
s 24689 106 61
s 24690 129 51
s 24695 218 120
s 24696 99 36
s 24697 229 129
s 24699 302 147
s 24702 133 56
s 24704 293 131
s 24705 17 9
s 24707 176 88
s 24711 49 23
s 24712 171 70
s 24713 32 9
s 24714 52 26
s 24721 113 48
s 24731 32 13
s 24930 192 88
s 24931 109 53
s 24932 394 195
s 24933 515 260
s 24934 127 50
s 24935 36 19
s 24936 514 269
s 24937 1202 616
s 24938 413 198
s 24939 272 123
s 24940 179 73
s 24941 487 202
s 24942 362 196
s 24943 393 190
s 24944 515 245
s 24945 228 102
s 24946 284 131
s 24951 445 223
s 24952 234 113
s 24953 397 235
s 24955 648 278
s 24958 263 126
s 24960 783 373
s 24961 188 87
s 24963 379 188
s 24967 430 235
s 24968 353 163
s 24969 171 80
s 24970 162 85
s 24977 285 125
s 24987 64 36
s 25187 14 9
s 25188 196 96
s 25189 248 108
s 25190 50 19
s 25191 13 10
s 25192 77 38
s 25193 328 159
s 25194 193 94
s 25195 108 55
s 25196 21 11
s 25197 216 96
s 25198 120 60
s 25199 183 95
s 25200 246 120
s 25201 104 52
s 25202 137 57
s 25207 217 108
s 25208 92 42
s 25209 202 95
s 25211 290 132
s 25214 122 56
s 25216 280 133
s 25217 40 18
s 25219 172 77
s 25223 62 31
s 25224 149 64
s 25225 36 12
s 25226 55 21
s 25233 105 47
s 25243 28 12
s 25444 103 50
s 25445 139 61
s 25446 31 15
s 25447 4 2
s 25448 41 22
s 25449 165 82
s 25450 94 46
s 25451 77 39
s 25452 4 1
s 25453 94 33
s 25454 56 30
s 25455 76 36
s 25456 114 58
s 25457 62 30
s 25458 63 25
s 25463 117 58
s 25464 61 27
s 25465 104 66
s 25467 198 84
s 25470 70 34
s 25472 170 81
s 25473 14 7
s 25475 99 40
s 25479 27 9
s 25480 74 36
s 25481 21 12
s 25482 33 13
s 25489 53 29
s 25499 16 9
s 25701 218 110
s 25702 51 29
s 25703 24 11
s 25704 495 247
s 25705 344 183
s 25706 301 139
s 25707 177 79
s 25708 182 95
s 25709 340 162
s 25710 172 94
s 25711 146 75
s 25712 194 104
s 25713 168 89
s 25714 163 76
s 25719 158 76
s 25720 185 85
s 25721 180 94
s 25723 253 119
s 25726 206 95
s 25728 401 195
s 25729 188 99
s 25731 179 103
s 25735 462 259
s 25736 197 97
s 25737 136 62
s 25738 98 50
s 25745 146 56
s 25755 62 33
s 25958 69 34
s 25959 32 16
s 25960 1360 699
s 25961 357 176
s 25962 405 195
s 25963 211 113
s 25964 244 111
s 25965 336 135
s 25966 226 124
s 25967 195 95
s 25968 257 138
s 25969 140 55
s 25970 223 101
s 25975 254 118
s 25976 194 89
s 25977 232 104
s 25979 334 173
s 25982 235 111
s 25984 452 231
s 25985 238 105
s 25987 194 98
s 25991 497 243
s 25992 234 111
s 25993 206 109
s 25994 101 47
s 26001 184 79
s 26011 65 35
s 26215 8 3
s 26216 168 93
s 26217 103 59
s 26218 87 43
s 26219 59 29
s 26220 58 24
s 26221 80 38
s 26222 55 30
s 26223 46 21
s 26224 55 30
s 26225 48 25
s 26226 51 21
s 26231 59 33
s 26232 50 23
s 26233 71 38
s 26235 104 45
s 26238 65 32
s 26240 134 65
s 26241 50 31
s 26243 49 17
s 26247 105 52
s 26248 62 30
s 26249 51 26
s 26250 23 10
s 26257 50 23
s 26267 19 6
s 26472 42 26
s 26473 39 19
s 26474 39 23
s 26475 17 8
s 26476 14 5
s 26477 35 21
s 26478 22 15
s 26479 22 14
s 26480 20 8
s 26481 17 10
s 26482 14 7
s 26487 27 15
s 26488 22 11
s 26489 18 8
s 26491 30 17
s 26494 27 16
s 26496 44 22
s 26497 15 6
s 26499 25 15
s 26503 35 20
s 26504 18 8
s 26505 16 9
s 26506 8 5
s 26513 20 10
s 26523 4 2
s 26729 965 484
s 26730 548 288
s 26731 318 179
s 26732 54 33
s 26733 526 250
s 26734 393 235
s 26735 529 273
s 26736 543 282
s 26737 254 152
s 26738 315 149
s 26743 519 255
s 26744 234 122
s 26745 601 321
s 26747 901 468
s 26750 333 157
s 26752 903 483
s 26753 71 28
s 26755 519 265
s 26759 158 84
s 26760 419 215
s 26761 103 51
s 26762 180 90
s 26769 288 133
s 26779 84 47
s 26986 564 312
s 26987 300 141
s 26988 309 140
s 26989 557 234
s 26990 265 130
s 26991 308 163
s 26992 367 191
s 26993 314 176
s 26994 245 117
s 26999 290 155
s 27000 299 157
s 27001 294 151
s 27003 438 212
s 27006 330 185
s 27008 553 283
s 27009 310 133
s 27011 307 156
s 27015 751 403
s 27016 390 177
s 27017 295 157
s 27018 131 63
s 27025 267 116
s 27035 101 57
s 27243 147 77
s 27244 247 111
s 27245 359 167
s 27246 243 126
s 27247 290 142
s 27248 400 205
s 27249 29 16
s 27250 150 71
s 27255 374 179
s 27256 59 26
s 27257 360 194
s 27259 563 280
s 27262 36 18
s 27264 418 219
s 27265 211 92
s 27267 312 156
s 27271 520 277
s 27272 201 95
s 27273 148 66
s 27274 111 59
s 27281 115 56
s 27291 107 60
s 27500 135 60
s 27501 231 103
s 27502 149 74
s 27503 176 84
s 27504 217 108
s 27505 76 37
s 27506 121 51
s 27511 181 95
s 27512 95 39
s 27513 190 114
s 27515 277 114
s 27518 99 51
s 27520 256 128
s 27521 133 64
s 27523 165 91
s 27527 329 170
s 27528 156 62
s 27529 103 53
s 27530 56 30
s 27537 103 46
s 27547 50 22
s 27757 186 66
s 27758 94 47
s 27759 156 81
s 27760 215 104
s 27761 99 47
s 27762 124 65
s 27767 224 105
s 27768 93 46
s 27769 204 89
s 27771 323 143
s 27774 133 54
s 27776 284 139
s 27777 28 15
s 27779 177 81
s 27783 36 19
s 27784 138 66
s 27785 22 11
s 27786 61 33
s 27793 104 39
s 27803 41 20
s 28014 263 127
s 28015 298 147
s 28016 382 167
s 28017 159 75
s 28018 87 41
s 28023 291 130
s 28024 200 90
s 28025 282 129
s 28027 496 206
s 28030 214 95
s 28032 430 186
s 28033 206 88
s 28035 285 127
s 28039 460 226
s 28040 253 101
s 28041 194 77
s 28042 21 10
s 28049 65 24
s 28059 79 28
s 28271 177 98
s 28272 208 122
s 28273 130 80
s 28274 131 64
s 28279 183 92
s 28280 135 65
s 28281 233 128
s 28283 268 121
s 28286 123 62
s 28288 291 150
s 28289 140 81
s 28291 156 67
s 28295 305 175
s 28296 181 90
s 28297 108 49
s 28298 54 27
s 28305 114 52
s 28315 48 24
s 28528 116 49
s 28529 177 104
s 28530 121 58
s 28535 142 74
s 28536 155 64
s 28537 122 64
s 28539 253 128
s 28542 177 89
s 28544 289 139
s 28545 144 63
s 28547 105 46
s 28551 396 208
s 28552 194 89
s 28553 197 107
s 28554 77 30
s 28561 143 78
s 28571 46 24
s 28785 212 112
s 28786 203 112
s 28791 253 139
s 28792 224 105
s 28793 141 86
s 28795 296 133
s 28798 225 111
s 28800 372 188
s 28801 206 109
s 28803 168 91
s 28807 496 261
s 28808 238 117
s 28809 184 80
s 28810 97 35
s 28817 204 75
s 28827 70 37
s 29042 58 29
s 29047 127 72
s 29048 39 25
s 29049 183 98
s 29051 231 126
s 29054 19 10
s 29056 191 98
s 29057 105 50
s 29059 154 83
s 29063 260 156
s 29064 114 57
s 29065 70 35
s 29066 42 18
s 29073 54 24
s 29083 45 21
s 29303 191 86
s 29304 101 55
s 29305 155 73
s 29307 278 131
s 29310 104 47
s 29312 261 116
s 29313 133 56
s 29315 135 56
s 29319 263 137
s 29320 137 50
s 29321 83 35
s 29322 35 15
s 29329 40 17
s 29339 48 22
s 30584 178 81
s 30585 144 72
s 30587 232 105
s 30590 216 99
s 30592 363 184
s 30593 216 105
s 30595 145 79
s 30599 540 308
s 30600 210 113
s 30601 206 107
s 30602 81 44
s 30609 150 70
s 30619 68 34
s 30841 198 114
s 30843 283 125
s 30846 56 27
s 30848 248 115
s 30849 80 33
s 30851 163 80
s 30855 209 98
s 30856 113 51
s 30857 64 26
s 30858 50 27
s 30865 75 28
s 30875 35 16
s 31099 277 145
s 31102 203 112
s 31104 313 164
s 31105 191 90
s 31107 146 74
s 31111 468 255
s 31112 273 145
s 31113 247 137
s 31114 69 38
s 31121 195 98
s 31131 46 23
s 31614 333 161
s 31616 493 236
s 31617 292 118
s 31619 222 101
s 31623 683 342
s 31624 331 156
s 31625 252 113
s 31626 125 60
s 31633 229 99
s 31643 97 50
s 32384 271 131
s 32385 138 64
s 32387 174 90
s 32391 309 141
s 32392 135 56
s 32393 85 48
s 32394 68 38
s 32401 76 31
s 32411 44 17
s 32897 378 175
s 32899 305 149
s 32903 686 353
s 32904 341 168
s 32905 241 99
s 32906 131 58
s 32913 255 115
s 32923 107 44
s 33155 186 91
s 33159 74 37
s 33160 136 64
s 33161 38 20
s 33162 54 22
s 33169 116 45
s 33179 24 11
s 33671 415 204
s 33672 183 103
s 33673 155 67
s 33674 53 29
s 33681 144 67
s 33691 43 15
s 34696 361 177
s 34697 95 56
s 34698 150 70
s 34705 219 99
s 34715 71 40
s 34953 137 61
s 34954 79 35
s 34961 118 54
s 34971 57 24
s 35210 51 24
s 35217 89 43
s 35227 39 20
s 35473 21 5
s 35483 25 15
s 37275 46 21
