n 50000
b 1 6181 3195
b 2 8075 3936
b 3 1206 636
b 4 974 503
b 5 6717 3435
b 6 8660 3826
b 7 7837 3928
b 8 8992 4824
b 9 7003 3578
b 10 1847 873
b 11 3795 1576
b 12 5375 2832
b 13 1845 867
b 14 13727 6875
b 15 3147 1587
b 16 1475 690
b 17 3009 1452
b 18 5532 2899
b 19 3889 1663
b 20 4243 2144
b 21 9394 4470
b 22 6034 2931
b 23 2318 1177
b 25 7318 3467
b 26 12096 5887
b 27 8121 4187
b 28 2933 1388
b 29 8384 4009
b 30 6716 3492
b 31 5871 3078
b 32 2161 1149
b 33 1959 1066
b 34 2266 1122
b 35 6760 3255
b 36 7605 3801
b 37 2240 1095
b 38 819 377
b 39 4794 2250
b 40 2438 1146
b 41 3219 1599
b 42 5149 2792
b 43 2848 1373
b 44 3681 1826
b 45 1944 989
b 46 2173 1033
b 47 2841 1389
b 48 6353 3233
b 49 7428 3956
b 50 2179 1154
b 51 1651 783
b 52 1189 631
b 53 4782 2113
b 54 7774 4128
b 55 3090 1576
b 56 1719 876
b 57 985 507
b 58 1078 509
b 59 1600 705
b 60 4453 2341
b 61 654 333
b 62 4264 2398
b 63 1957 935
b 64 3240 1541
b 65 372 189
b 66 177 87
b 67 4028 2153
b 68 4126 2052
b 69 3363 1642
b 70 3587 1814
b 71 8157 4340
b 72 1849 855
b 73 1037 502
b 74 10319 5327
b 75 4338 2129
b 76 6992 3836
b 77 676 346
b 78 1447 802
b 79 973 416
b 80 1345 662
b 81 1264 613
b 82 671 363
b 83 1246 558
b 84 6170 3044
b 85 6962 3395
b 86 13346 6717
b 87 5533 2812
b 88 6368 3448
b 89 314 178
b 90 1952 1025
b 91 1860 907
b 92 723 420
b 93 7894 3879
b 94 878 430
b 95 891 447
b 96 2919 1415
b 97 6302 3152
b 98 2626 1211
b 99 1384 644
b 100 3675 1859
b 101 4958 2396
b 102 1241 600
b 103 435 233
b 104 7729 4028
b 105 5728 2965
b 106 4480 2239
b 107 2860 1427
b 108 3081 1450
b 109 3615 1612
b 110 3026 1655
b 111 3000 1525
b 112 3842 1931
b 113 1759 947
b 114 2499 1124
b 119 4037 2022
b 120 2473 1180
b 121 3578 1887
b 123 5701 2701
b 126 2851 1387
b 128 6224 3094
b 129 2731 1344
b 131 3065 1519
b 135 5877 3168
b 136 3345 1641
b 137 2017 971
b 138 1147 540
b 145 1939 885
b 155 991 474
v 258 395 180
v 259 86 40
v 260 66 35
v 261 424 200
v 262 555 303
v 263 433 199
v 264 608 290
v 265 398 191
v 266 128 74
v 267 221 124
v 268 350 165
v 269 138 78
v 270 760 375
v 271 193 102
v 272 105 64
v 273 200 107
v 274 336 156
v 275 205 124
v 276 254 133
v 277 572 319
v 278 506 280
v 279 152 71
v 281 478 271
v 282 749 378
v 283 485 243
v 284 194 109
v 285 546 291
v 286 415 217
v 287 427 204
v 288 139 70
v 289 99 50
v 290 180 111
v 291 407 198
v 292 482 282
v 293 133 72
v 294 47 23
v 295 260 146
v 296 164 85
v 297 246 125
v 298 362 173
v 299 157 90
v 300 284 143
v 301 147 86
v 302 150 79
v 303 167 93
v 304 422 206
v 305 451 223
v 306 156 79
v 307 86 55
v 308 69 38
v 309 287 164
v 310 481 250
v 311 210 108
v 312 103 47
v 313 68 29
v 314 58 23
v 315 114 59
v 316 231 115
v 317 36 20
v 318 205 93
v 319 120 60
v 320 191 98
v 321 21 10
v 322 11 3
v 323 233 124
v 324 273 148
v 325 217 116
v 326 230 117
v 327 411 191
v 328 111 61
v 329 58 35
v 330 760 400
v 331 274 134
v 332 474 235
v 333 37 19
v 334 100 55
v 335 58 33
v 336 87 43
v 337 74 38
v 338 76 33
v 339 55 28
v 340 487 273
v 341 396 226
v 342 879 481
v 343 309 146
v 344 372 182
v 345 16 9
v 346 160 85
v 347 136 76
v 348 39 17
v 349 567 288
v 350 68 42
v 351 63 34
v 352 160 85
v 353 382 178
v 354 141 75
v 355 82 47
v 356 204 101
v 357 417 242
v 358 92 56
v 359 20 8
v 360 421 202
v 361 357 189
v 362 238 117
v 363 170 89
v 364 183 96
v 365 282 170
v 366 152 67
v 367 240 109
v 368 286 151
v 369 124 60
v 370 124 62
v 375 227 121
v 376 149 87
v 377 234 115
v 379 302 162
v 382 202 102
v 384 311 147
v 385 180 95
v 387 171 90
v 391 377 165
v 392 161 82
v 393 110 57
v 394 76 42
v 401 129 73
v 411 58 35
v 515 102 42
v 516 72 35
v 517 518 227
v 518 693 373
v 519 646 317
v 520 676 324
v 521 530 245
v 522 132 81
v 523 327 185
v 524 325 174
v 525 147 85
v 526 1054 497
v 527 279 123
v 528 132 67
v 529 210 104
v 530 453 194
v 531 341 187
v 532 369 176
v 533 825 452
v 534 487 249
v 535 220 104
v 537 569 309
v 538 1006 522
v 539 705 335
v 540 269 124
v 541 710 371
v 542 478 206
v 543 480 218
v 544 185 73
v 545 149 57
v 546 163 88
v 547 574 299
v 548 683 317
v 549 174 96
v 550 58 29
v 551 413 205
v 552 196 96
v 553 268 152
v 554 469 202
v 555 232 115
v 556 267 153
v 557 143 66
v 558 201 105
v 559 227 119
v 560 491 220
v 561 618 271
v 562 369 181
v 563 131 64
v 564 71 37
v 565 398 222
v 566 790 323
v 567 250 128
v 568 151 70
v 569 78 35
v 570 90 40
v 571 111 61
v 572 401 178
v 573 43 23
v 574 337 127
v 575 161 83
v 576 244 120
v 577 30 9
v 578 22 10
v 579 349 142
v 580 322 149
v 581 277 145
v 582 365 174
v 583 636 283
v 584 142 72
v 585 93 52
v 586 842 409
v 587 327 166
v 588 584 237
v 589 60 30
v 590 129 53
v 591 67 37
v 592 106 46
v 593 111 57
v 594 45 19
v 595 95 60
v 596 504 251
v 597 586 287
v 598 1138 585
v 599 418 217
v 600 566 231
v 601 18 10
v 602 138 69
v 603 158 80
v 604 59 25
v 605 611 317
v 606 78 40
v 607 58 28
v 608 249 115
v 609 558 273
v 610 273 136
v 611 118 69
v 612 310 144
v 613 372 191
v 614 93 55
v 615 37 20
v 616 699 310
v 617 435 198
v 618 377 170
v 619 225 99
v 620 272 158
v 621 261 138
v 622 237 99
v 623 309 148
v 624 292 142
v 625 129 66
v 626 242 130
v 631 314 156
v 632 180 87
v 633 233 113
v 635 409 207
v 638 254 140
v 640 481 239
v 641 251 119
v 643 232 117
v 647 517 215
v 648 289 164
v 649 180 95
v 650 74 51
v 657 175 87
v 667 78 43
v 772 17 7
v 773 70 37
v 774 109 59
v 775 114 58
v 776 82 40
v 777 86 40
v 778 27 18
v 779 42 24
v 780 91 43
v 781 19 11
v 782 193 96
v 783 34 18
v 784 14 8
v 785 40 24
v 786 64 36
v 787 53 32
v 788 46 21
v 789 99 58
v 790 67 39
v 791 38 22
v 793 94 53
v 794 137 80
v 795 104 53
v 796 36 23
v 797 104 55
v 798 81 52
v 799 75 39
v 800 28 7
v 801 25 11
v 802 26 15
v 803 83 46
v 804 87 46
v 805 19 12
v 806 14 6
v 807 42 20
v 808 27 17
v 809 28 18
v 810 64 29
v 811 35 21
v 812 40 21
v 813 19 10
v 814 25 10
v 815 26 17
v 816 70 37
v 817 90 43
v 818 23 10
v 819 15 7
v 820 11 6
v 821 48 22
v 822 68 42
v 823 36 15
v 824 19 12
v 825 14 5
v 826 12 5
v 827 11 8
v 828 52 28
v 829 5 3
v 830 52 26
v 831 23 13
v 832 47 26
v 833 7 4
v 834 1 1
v 835 69 35
v 836 46 26
v 837 31 15
v 838 46 31
v 839 92 31
v 840 20 15
v 841 12 7
v 842 129 53
v 843 65 34
v 844 80 43
v 845 8 2
v 846 24 6
v 847 19 11
v 848 12 3
v 849 15 6
v 850 13 8
v 851 11 6
v 852 63 30
v 853 84 40
v 854 159 83
v 855 61 37
v 856 94 43
v 857 1 0
v 858 29 13
v 859 25 12
v 860 14 3
v 861 92 45
v 862 18 14
v 863 7 0
v 864 32 25
v 865 74 40
v 866 23 14
v 867 18 12
v 868 48 29
v 869 68 39
v 870 18 10
v 871 4 2
v 872 80 51
v 873 78 44
v 874 42 26
v 875 38 19
v 876 36 17
v 877 64 31
v 878 23 12
v 879 43 27
v 880 57 20
v 881 41 21
v 882 35 20
v 887 48 26
v 888 31 17
v 889 37 14
v 891 69 37
v 894 37 26
v 896 68 36
v 897 20 13
v 899 45 27
v 903 77 39
v 904 41 25
v 905 27 14
v 906 17 8
v 913 26 11
v 923 10 5
v 1029 70 37
v 1030 75 41
v 1031 78 40
v 1032 85 37
v 1033 50 28
v 1034 14 10
v 1035 42 25
v 1036 55 26
v 1037 20 14
v 1038 128 67
v 1039 32 20
v 1040 11 7
v 1041 25 14
v 1042 43 22
v 1043 36 15
v 1044 37 17
v 1045 106 58
v 1046 67 39
v 1047 24 12
v 1049 71 35
v 1050 113 63
v 1051 79 38
v 1052 42 18
v 1053 70 44
v 1054 58 27
v 1055 53 22
v 1056 28 12
v 1057 19 7
v 1058 17 6
v 1059 78 37
v 1060 62 32
v 1061 13 7
v 1062 5 3
v 1063 49 30
v 1064 28 18
v 1065 21 9
v 1066 48 23
v 1067 25 13
v 1068 31 9
v 1069 20 11
v 1070 20 7
v 1071 25 15
v 1072 44 18
v 1073 49 28
v 1074 24 12
v 1075 18 11
v 1076 9 6
v 1077 40 23
v 1078 74 41
v 1079 49 26
v 1080 15 5
v 1081 5 2
v 1082 10 5
v 1083 8 3
v 1084 52 25
v 1085 5 3
v 1086 47 23
v 1087 30 14
v 1088 36 21
v 1089 2 2
v 1090 3 2
v 1091 32 17
v 1092 27 12
v 1093 27 15
v 1094 39 25
v 1095 98 45
v 1096 22 14
v 1097 16 7
v 1098 86 46
v 1099 44 26
v 1100 61 29
v 1101 8 3
v 1102 11 5
v 1103 9 7
v 1104 10 5
v 1105 13 6
v 1106 8 3
v 1107 13 8
v 1108 61 27
v 1109 87 41
v 1110 119 64
v 1111 52 26
v 1112 48 17
v 1113 2 0
v 1114 18 9
v 1115 14 4
v 1116 6 3
v 1117 188 112
v 1118 16 5
v 1119 9 5
v 1120 38 19
v 1121 65 34
v 1122 25 18
v 1123 16 8
v 1124 34 19
v 1125 48 26
v 1126 19 12
v 1127 2 2
v 1128 73 33
v 1129 49 21
v 1130 43 20
v 1131 29 10
v 1132 35 23
v 1133 36 23
v 1134 24 15
v 1135 22 11
v 1136 33 19
v 1137 15 5
v 1138 24 11
v 1143 30 12
v 1144 53 38
v 1145 23 13
v 1147 57 24
v 1150 30 14
v 1152 61 33
v 1153 25 12
v 1155 32 17
v 1159 58 28
v 1160 28 13
v 1161 16 12
v 1162 6 4
v 1169 14 7
v 1179 15 10
v 1286 605 344
v 1287 553 269
v 1288 720 328
v 1289 492 239
v 1290 120 62
v 1291 274 152
v 1292 275 148
v 1293 139 67
v 1294 983 452
v 1295 245 122
v 1296 106 63
v 1297 186 105
v 1298 373 186
v 1299 247 147
v 1300 301 161
v 1301 644 341
v 1302 421 225
v 1303 134 61
v 1305 479 246
v 1306 919 469
v 1307 613 321
v 1308 181 95
v 1309 552 305
v 1310 456 220
v 1311 455 242
v 1312 183 82
v 1313 129 51
v 1314 141 65
v 1315 472 253
v 1316 516 266
v 1317 133 63
v 1318 47 30
v 1319 340 194
v 1320 172 92
v 1321 229 112
v 1322 330 158
v 1323 207 114
v 1324 244 136
v 1325 119 55
v 1326 128 70
v 1327 190 107
v 1328 429 216
v 1329 439 204
v 1330 132 68
v 1331 99 54
v 1332 91 42
v 1333 328 175
v 1334 573 252
v 1335 211 122
v 1336 110 45
v 1337 59 34
v 1338 84 47
v 1339 101 57
v 1340 336 152
v 1341 40 21
v 1342 281 138
v 1343 114 57
v 1344 211 107
v 1345 31 16
v 1346 10 4
v 1347 211 113
v 1348 302 164
v 1349 230 122
v 1350 217 107
v 1351 573 265
v 1352 141 80
v 1353 61 29
v 1354 702 350
v 1355 300 155
v 1356 476 213
v 1357 27 10
v 1358 84 38
v 1359 55 27
v 1360 81 34
v 1361 84 52
v 1362 45 23
v 1363 77 46
v 1364 449 238
v 1365 482 267
v 1366 1001 482
v 1367 405 200
v 1368 473 224
v 1369 23 10
v 1370 124 64
v 1371 123 77
v 1372 39 23
v 1373 536 275
v 1374 38 27
v 1375 57 32
v 1376 194 106
v 1377 419 212
v 1378 134 90
v 1379 89 47
v 1380 248 131
v 1381 380 201
v 1382 90 38
v 1383 30 14
v 1384 593 273
v 1385 370 192
v 1386 270 151
v 1387 190 95
v 1388 198 102
v 1389 241 142
v 1390 190 92
v 1391 187 103
v 1392 227 134
v 1393 108 51
v 1394 150 83
v 1399 292 144
v 1400 180 98
v 1401 251 113
v 1403 378 220
v 1406 177 92
v 1408 370 190
v 1409 176 108
v 1411 183 86
v 1415 394 173
v 1416 219 109
v 1417 126 73
v 1418 83 38
v 1425 127 69
v 1435 91 48
v 1543 656 292
v 1544 912 384
v 1545 658 282
v 1546 173 90
v 1547 322 174
v 1548 509 196
v 1549 174 76
v 1550 1128 469
v 1551 299 128
v 1552 121 47
v 1553 282 126
v 1554 500 194
v 1555 313 159
v 1556 376 161
v 1557 908 442
v 1558 516 211
v 1559 195 87
v 1561 667 309
v 1562 1043 477
v 1563 678 311
v 1564 231 108
v 1565 785 347
v 1566 611 238
v 1567 562 246
v 1568 189 85
v 1569 152 67
v 1570 185 84
v 1571 649 278
v 1572 673 318
v 1573 185 85
v 1574 77 39
v 1575 434 210
v 1576 224 104
v 1577 296 131
v 1578 430 187
v 1579 291 139
v 1580 366 167
v 1581 172 79
v 1582 174 86
v 1583 263 128
v 1584 577 264
v 1585 680 276
v 1586 201 87
v 1587 129 61
v 1588 89 35
v 1589 438 204
v 1590 781 332
v 1591 277 108
v 1592 193 95
v 1593 99 44
v 1594 107 50
v 1595 161 85
v 1596 372 162
v 1597 54 23
v 1598 386 158
v 1599 141 74
v 1600 295 134
v 1601 25 15
v 1602 9 3
v 1603 548 204
v 1604 364 169
v 1605 299 145
v 1606 279 120
v 1607 670 265
v 1608 148 74
v 1609 78 37
v 1610 821 350
v 1611 357 167
v 1612 600 218
v 1613 57 25
v 1614 121 41
v 1615 75 33
v 1616 120 54
v 1617 105 48
v 1618 74 27
v 1619 104 55
v 1620 524 241
v 1621 620 251
v 1622 1183 522
v 1623 447 197
v 1624 531 212
v 1625 22 10
v 1626 165 69
v 1627 153 72
v 1628 54 21
v 1629 705 350
v 1630 66 32
v 1631 61 32
v 1632 267 111
v 1633 499 209
v 1634 231 119
v 1635 121 57
v 1636 231 102
v 1637 397 186
v 1638 109 51
v 1639 35 17
v 1640 633 280
v 1641 469 220
v 1642 356 147
v 1643 214 88
v 1644 283 129
v 1645 370 188
v 1646 306 121
v 1647 269 121
v 1648 350 155
v 1649 169 61
v 1650 210 99
v 1655 367 154
v 1656 195 108
v 1657 353 133
v 1659 539 250
v 1662 239 115
v 1664 510 230
v 1665 207 84
v 1667 280 123
v 1671 508 192
v 1672 270 126
v 1673 169 71
v 1674 100 51
v 1681 184 85
v 1691 79 38
v 1800 725 322
v 1801 542 256
v 1802 129 63
v 1803 292 170
v 1804 417 208
v 1805 152 83
v 1806 1022 527
v 1807 215 117
v 1808 120 68
v 1809 209 102
v 1810 458 219
v 1811 342 200
v 1812 333 162
v 1813 706 376
v 1814 455 233
v 1815 191 88
v 1817 580 315
v 1818 981 498
v 1819 650 317
v 1820 243 126
v 1821 661 324
v 1822 577 285
v 1823 479 234
v 1824 156 87
v 1825 154 75
v 1826 198 115
v 1827 540 269
v 1828 636 324
v 1829 170 82
v 1830 64 44
v 1831 363 195
v 1832 174 97
v 1833 291 141
v 1834 403 187
v 1835 219 106
v 1836 291 143
v 1837 137 66
v 1838 190 95
v 1839 199 92
v 1840 503 247
v 1841 585 274
v 1842 134 59
v 1843 144 78
v 1844 96 42
v 1845 407 219
v 1846 711 322
v 1847 215 109
v 1848 126 64
v 1849 81 39
v 1850 85 46
v 1851 131 67
v 1852 368 169
v 1853 64 37
v 1854 335 162
v 1855 155 86
v 1856 254 134
v 1857 32 11
v 1858 20 11
v 1859 319 143
v 1860 328 178
v 1861 270 129
v 1862 270 138
v 1863 658 314
v 1864 160 79
v 1865 81 43
v 1866 813 409
v 1867 344 167
v 1868 571 251
v 1869 51 29
v 1870 120 61
v 1871 95 50
v 1872 104 55
v 1873 105 50
v 1874 57 31
v 1875 103 53
v 1876 464 241
v 1877 579 306
v 1878 1151 557
v 1879 455 210
v 1880 480 227
v 1881 18 9
v 1882 166 75
v 1883 133 72
v 1884 58 26
v 1885 624 329
v 1886 94 46
v 1887 63 37
v 1888 255 123
v 1889 550 282
v 1890 217 128
v 1891 111 60
v 1892 305 164
v 1893 365 188
v 1894 98 54
v 1895 33 12
v 1896 623 319
v 1897 429 214
v 1898 388 185
v 1899 226 112
v 1900 275 137
v 1901 239 127
v 1902 235 115
v 1903 238 107
v 1904 295 132
v 1905 131 55
v 1906 194 108
v 1911 338 170
v 1912 189 100
v 1913 284 124
v 1915 494 225
v 1918 198 116
v 1920 513 266
v 1921 247 126
v 1923 259 132
v 1927 463 197
v 1928 243 141
v 1929 140 71
v 1930 79 40
v 1937 132 69
v 1947 75 34
v 2057 641 332
v 2058 169 91
v 2059 315 210
v 2060 456 240
v 2061 147 86
v 2062 1195 634
v 2063 311 169
v 2064 128 73
v 2065 268 147
v 2066 532 272
v 2067 361 222
v 2068 402 201
v 2069 881 511
v 2070 539 282
v 2071 211 114
v 2073 599 345
v 2074 1057 567
v 2075 630 295
v 2076 272 169
v 2077 766 451
v 2078 602 317
v 2079 513 270
v 2080 246 110
v 2081 153 66
v 2082 178 111
v 2083 620 364
v 2084 750 403
v 2085 174 94
v 2086 81 40
v 2087 491 263
v 2088 254 157
v 2089 306 154
v 2090 570 275
v 2091 265 143
v 2092 374 204
v 2093 153 77
v 2094 204 104
v 2095 271 153
v 2096 584 311
v 2097 658 348
v 2098 146 74
v 2099 149 87
v 2100 85 41
v 2101 485 295
v 2102 832 421
v 2103 307 154
v 2104 163 76
v 2105 67 36
v 2106 80 45
v 2107 145 76
v 2108 386 186
v 2109 49 26
v 2110 396 193
v 2111 145 81
v 2112 319 189
v 2113 25 10
v 2114 12 3
v 2115 408 201
v 2116 380 197
v 2117 300 169
v 2118 358 174
v 2119 723 358
v 2120 162 105
v 2121 101 54
v 2122 931 498
v 2123 477 262
v 2124 654 309
v 2125 51 31
v 2126 97 51
v 2127 75 50
v 2128 133 65
v 2129 121 72
v 2130 47 27
v 2131 118 65
v 2132 576 312
v 2133 632 336
v 2134 1206 648
v 2135 558 303
v 2136 646 321
v 2137 25 11
v 2138 173 87
v 2139 149 66
v 2140 66 28
v 2141 888 494
v 2142 73 39
v 2143 96 52
v 2144 256 146
v 2145 558 310
v 2146 216 128
v 2147 114 69
v 2148 267 146
v 2149 451 258
v 2150 99 47
v 2151 29 17
v 2152 647 326
v 2153 646 337
v 2154 397 213
v 2155 262 140
v 2156 336 184
v 2157 311 174
v 2158 342 170
v 2159 212 114
v 2160 235 115
v 2161 133 79
v 2162 236 133
v 2167 373 200
v 2168 209 119
v 2169 289 148
v 2171 531 325
v 2174 281 141
v 2176 582 300
v 2177 239 116
v 2179 233 119
v 2183 533 258
v 2184 266 144
v 2185 165 82
v 2186 107 63
v 2193 170 108
v 2203 85 55
v 2314 138 81
v 2315 266 156
v 2316 399 179
v 2317 138 75
v 2318 1078 568
v 2319 247 127
v 2320 109 64
v 2321 257 139
v 2322 379 193
v 2323 265 164
v 2324 319 161
v 2325 697 369
v 2326 457 234
v 2327 159 82
v 2329 502 279
v 2330 894 462
v 2331 542 284
v 2332 257 137
v 2333 577 293
v 2334 473 227
v 2335 428 215
v 2336 152 78
v 2337 119 51
v 2338 149 70
v 2339 420 221
v 2340 577 279
v 2341 160 79
v 2342 57 29
v 2343 386 211
v 2344 191 113
v 2345 234 124
v 2346 358 149
v 2347 203 106
v 2348 250 144
v 2349 127 70
v 2350 138 74
v 2351 209 111
v 2352 455 229
v 2353 550 277
v 2354 136 72
v 2355 105 59
v 2356 101 42
v 2357 318 172
v 2358 490 235
v 2359 244 124
v 2360 126 57
v 2361 61 31
v 2362 70 41
v 2363 91 55
v 2364 302 157
v 2365 38 19
v 2366 328 132
v 2367 133 70
v 2368 219 111
v 2369 30 16
v 2370 9 2
v 2371 276 146
v 2372 316 158
v 2373 243 131
v 2374 196 101
v 2375 606 281
v 2376 114 68
v 2377 77 49
v 2378 692 345
v 2379 336 184
v 2380 553 254
v 2381 45 19
v 2382 87 39
v 2383 67 43
v 2384 84 39
v 2385 84 43
v 2386 48 21
v 2387 92 48
v 2388 450 235
v 2389 462 238
v 2390 1002 498
v 2391 365 175
v 2392 473 221
v 2393 35 9
v 2394 114 57
v 2395 124 60
v 2396 60 30
v 2397 587 312
v 2398 73 36
v 2399 53 23
v 2400 208 102
v 2401 435 216
v 2402 179 100
v 2403 90 52
v 2404 228 115
v 2405 363 191
v 2406 80 43
v 2407 29 14
v 2408 571 265
v 2409 435 216
v 2410 359 185
v 2411 246 125
v 2412 219 117
v 2413 261 134
v 2414 212 110
v 2415 192 98
v 2416 282 134
v 2417 105 53
v 2418 170 94
v 2423 331 177
v 2424 144 82
v 2425 238 105
v 2427 422 230
v 2430 185 92
v 2432 414 214
v 2433 181 86
v 2435 189 91
v 2439 374 181
v 2440 225 99
v 2441 151 77
v 2442 81 39
v 2449 114 67
v 2459 74 40
v 2571 77 45
v 2572 79 41
v 2573 42 22
v 2574 295 135
v 2575 77 43
v 2576 24 8
v 2577 47 27
v 2578 78 38
v 2579 67 45
v 2580 78 36
v 2581 175 83
v 2582 83 50
v 2583 59 30
v 2585 124 53
v 2586 170 94
v 2587 132 68
v 2588 54 26
v 2589 164 89
v 2590 148 72
v 2591 108 44
v 2592 45 21
v 2593 43 15
v 2594 54 23
v 2595 141 77
v 2596 123 62
v 2597 53 21
v 2598 14 7
v 2599 95 53
v 2600 43 22
v 2601 53 25
v 2602 105 47
v 2603 47 22
v 2604 86 34
v 2605 40 21
v 2606 46 23
v 2607 32 19
v 2608 153 58
v 2609 138 51
v 2610 52 21
v 2611 25 12
v 2612 12 7
v 2613 92 54
v 2614 159 82
v 2615 53 27
v 2616 37 21
v 2617 16 9
v 2618 24 10
v 2619 31 14
v 2620 69 24
v 2621 18 7
v 2622 74 23
v 2623 39 16
v 2624 65 27
v 2625 11 9
v 2626 3 2
v 2627 76 35
v 2628 53 22
v 2629 43 13
v 2630 71 37
v 2631 166 73
v 2632 40 18
v 2633 25 12
v 2634 167 77
v 2635 74 37
v 2636 108 41
v 2637 15 6
v 2638 26 12
v 2639 25 15
v 2640 23 11
v 2641 25 13
v 2642 9 1
v 2643 22 12
v 2644 102 52
v 2645 150 83
v 2646 220 91
v 2647 117 49
v 2648 79 37
v 2649 9 3
v 2650 49 23
v 2651 39 21
v 2652 12 4
v 2653 156 68
v 2654 17 8
v 2655 13 8
v 2656 37 12
v 2657 127 65
v 2658 38 23
v 2659 31 22
v 2660 64 27
v 2661 67 28
v 2662 30 12
v 2663 5 1
v 2664 128 59
v 2665 87 41
v 2666 94 44
v 2667 54 26
v 2668 57 26
v 2669 75 39
v 2670 70 26
v 2671 66 34
v 2672 85 38
v 2673 39 13
v 2674 44 22
v 2679 79 42
v 2680 41 24
v 2681 51 20
v 2683 115 51
v 2686 61 37
v 2688 116 57
v 2689 58 26
v 2691 64 36
v 2695 125 58
v 2696 85 43
v 2697 40 21
v 2698 19 11
v 2705 31 17
v 2715 19 7
v 2828 195 67
v 2829 64 23
v 2830 490 188
v 2831 124 51
v 2832 61 37
v 2833 106 46
v 2834 195 80
v 2835 124 63
v 2836 171 73
v 2837 362 174
v 2838 229 106
v 2839 84 40
v 2841 318 144
v 2842 478 214
v 2843 295 109
v 2844 98 39
v 2845 317 118
v 2846 267 106
v 2847 239 93
v 2848 84 34
v 2849 74 26
v 2850 91 43
v 2851 285 136
v 2852 326 126
v 2853 86 42
v 2854 29 20
v 2855 156 67
v 2856 74 29
v 2857 125 58
v 2858 169 63
v 2859 116 45
v 2860 128 52
v 2861 80 30
v 2862 94 39
v 2863 108 45
v 2864 260 94
v 2865 282 115
v 2866 90 28
v 2867 53 28
v 2868 49 23
v 2869 190 95
v 2870 322 120
v 2871 113 53
v 2872 53 22
v 2873 37 17
v 2874 33 12
v 2875 51 19
v 2876 169 70
v 2877 28 12
v 2878 134 53
v 2879 86 39
v 2880 129 63
v 2881 14 4
v 2882 5 4
v 2883 158 64
v 2884 177 66
v 2885 111 50
v 2886 142 56
v 2887 275 100
v 2888 64 33
v 2889 34 17
v 2890 447 159
v 2891 169 66
v 2892 273 88
v 2893 14 5
v 2894 53 13
v 2895 23 7
v 2896 39 14
v 2897 62 28
v 2898 15 6
v 2899 39 19
v 2900 250 113
v 2901 288 123
v 2902 527 231
v 2903 195 79
v 2904 221 81
v 2905 17 6
v 2906 83 34
v 2907 78 33
v 2908 26 11
v 2909 307 139
v 2910 33 12
v 2911 21 8
v 2912 109 57
v 2913 224 102
v 2914 109 51
v 2915 73 33
v 2916 139 57
v 2917 213 81
v 2918 33 17
v 2919 17 5
v 2920 297 116
v 2921 237 108
v 2922 173 82
v 2923 97 39
v 2924 118 48
v 2925 162 74
v 2926 142 47
v 2927 125 53
v 2928 149 55
v 2929 82 25
v 2930 96 53
v 2935 139 62
v 2936 98 53
v 2937 142 49
v 2939 190 74
v 2942 99 38
v 2944 233 83
v 2945 107 49
v 2947 108 41
v 2951 225 80
v 2952 126 62
v 2953 79 28
v 2954 53 23
v 2961 87 45
v 2971 35 19
v 3085 78 40
v 3086 667 355
v 3087 156 87
v 3088 87 41
v 3089 152 77
v 3090 626 306
v 3091 199 129
v 3092 271 152
v 3093 483 263
v 3094 291 152
v 3095 113 58
v 3097 348 207
v 3098 633 342
v 3099 538 297
v 3100 148 96
v 3101 376 181
v 3102 330 165
v 3103 293 130
v 3104 87 37
v 3105 104 58
v 3106 106 52
v 3107 358 228
v 3108 413 211
v 3109 125 64
v 3110 50 32
v 3111 230 138
v 3112 136 67
v 3113 159 84
v 3114 295 157
v 3115 128 71
v 3116 182 98
v 3117 92 46
v 3118 115 65
v 3119 138 79
v 3120 475 225
v 3121 466 216
v 3122 130 60
v 3123 99 52
v 3124 114 49
v 3125 242 140
v 3126 392 205
v 3127 147 65
v 3128 92 49
v 3129 45 21
v 3130 54 33
v 3131 92 51
v 3132 265 144
v 3133 35 20
v 3134 277 136
v 3135 103 66
v 3136 175 104
v 3137 25 14
v 3138 10 4
v 3139 204 101
v 3140 239 145
v 3141 177 83
v 3142 158 84
v 3143 400 202
v 3144 117 65
v 3145 57 27
v 3146 590 322
v 3147 261 161
v 3148 352 168
v 3149 52 34
v 3150 79 43
v 3151 56 34
v 3152 67 24
v 3153 67 42
v 3154 34 11
v 3155 81 44
v 3156 341 195
v 3157 414 224
v 3158 710 359
v 3159 304 145
v 3160 347 173
v 3161 11 4
v 3162 110 61
v 3163 116 54
v 3164 40 19
v 3165 378 188
v 3166 106 49
v 3167 39 22
v 3168 159 84
v 3169 360 188
v 3170 127 61
v 3171 69 44
v 3172 227 111
v 3173 264 120
v 3174 60 33
v 3175 34 20
v 3176 414 202
v 3177 312 166
v 3178 281 139
v 3179 151 77
v 3180 131 65
v 3181 210 144
v 3182 161 79
v 3183 192 101
v 3184 239 121
v 3185 115 54
v 3186 113 69
v 3191 219 123
v 3192 119 68
v 3193 207 111
v 3195 330 169
v 3198 128 72
v 3200 315 162
v 3201 131 80
v 3203 157 96
v 3207 325 166
v 3208 199 95
v 3209 110 55
v 3210 55 33
v 3217 99 54
v 3227 59 32
v 3342 248 131
v 3343 60 27
v 3344 29 14
v 3345 65 35
v 3346 120 51
v 3347 61 33
v 3348 109 53
v 3349 174 92
v 3350 93 46
v 3351 42 21
v 3353 153 72
v 3354 146 62
v 3355 129 62
v 3356 50 25
v 3357 146 66
v 3358 124 55
v 3359 110 50
v 3360 43 21
v 3361 39 16
v 3362 52 25
v 3363 109 53
v 3364 110 59
v 3365 52 27
v 3366 21 10
v 3367 136 72
v 3368 38 18
v 3369 52 25
v 3370 85 37
v 3371 53 34
v 3372 57 29
v 3373 29 13
v 3374 27 10
v 3375 53 13
v 3376 103 45
v 3377 118 47
v 3378 58 34
v 3379 31 16
v 3380 28 11
v 3381 123 63
v 3382 151 75
v 3383 69 31
v 3384 35 12
v 3385 25 12
v 3386 21 10
v 3387 29 14
v 3388 64 23
v 3389 12 7
v 3390 85 44
v 3391 46 25
v 3392 59 23
v 3393 12 7
v 3394 1 0
v 3395 78 30
v 3396 84 43
v 3397 71 37
v 3398 64 32
v 3399 184 83
v 3400 30 11
v 3401 13 5
v 3402 244 121
v 3403 59 28
v 3404 109 40
v 3405 7 3
v 3406 33 15
v 3407 21 10
v 3408 25 19
v 3409 22 12
v 3410 10 3
v 3411 21 12
v 3412 84 43
v 3413 113 44
v 3414 239 108
v 3415 105 37
v 3416 104 43
v 3417 5 1
v 3418 32 9
v 3419 38 19
v 3420 13 5
v 3421 154 68
v 3422 15 8
v 3423 19 5
v 3424 52 35
v 3425 129 57
v 3426 50 32
v 3427 18 13
v 3428 85 36
v 3429 86 41
v 3430 25 13
v 3431 9 2
v 3432 106 42
v 3433 119 53
v 3434 92 43
v 3435 40 15
v 3436 57 30
v 3437 66 35
v 3438 57 22
v 3439 70 30
v 3440 85 41
v 3441 25 13
v 3442 42 18
v 3447 83 39
v 3448 36 16
v 3449 68 34
v 3451 112 51
v 3454 69 42
v 3456 111 52
v 3457 45 21
v 3459 59 31
v 3463 119 52
v 3464 66 37
v 3465 30 12
v 3466 11 4
v 3473 37 14
v 3483 27 11
v 3599 449 220
v 3600 166 92
v 3601 435 219
v 3602 799 344
v 3603 499 261
v 3604 582 274
v 3605 1292 666
v 3606 773 418
v 3607 287 140
v 3609 1009 543
v 3610 1743 879
v 3611 1178 589
v 3612 427 208
v 3613 1266 671
v 3614 984 496
v 3615 887 438
v 3616 278 141
v 3617 276 132
v 3618 299 163
v 3619 773 422
v 3620 1091 577
v 3621 362 183
v 3622 104 48
v 3623 677 345
v 3624 343 179
v 3625 400 207
v 3626 778 340
v 3627 420 224
v 3628 436 228
v 3629 259 146
v 3630 261 128
v 3631 418 220
v 3632 843 436
v 3633 1055 497
v 3634 341 151
v 3635 237 123
v 3636 178 80
v 3637 605 340
v 3638 1222 576
v 3639 492 235
v 3640 237 109
v 3641 119 60
v 3642 163 83
v 3643 188 108
v 3644 559 269
v 3645 78 34
v 3646 666 306
v 3647 314 164
v 3648 451 262
v 3649 46 22
v 3650 40 20
v 3651 498 242
v 3652 571 271
v 3653 477 234
v 3654 578 263
v 3655 1136 570
v 3656 252 128
v 3657 125 71
v 3658 1465 708
v 3659 550 266
v 3660 1027 475
v 3661 104 54
v 3662 217 106
v 3663 123 72
v 3664 197 111
v 3665 196 109
v 3666 74 30
v 3667 151 81
v 3668 843 424
v 3669 1079 524
v 3670 2004 985
v 3671 823 384
v 3672 874 400
v 3673 42 14
v 3674 288 132
v 3675 300 152
v 3676 105 47
v 3677 1219 606
v 3678 127 64
v 3679 130 63
v 3680 407 222
v 3681 830 388
v 3682 548 297
v 3683 190 103
v 3684 468 230
v 3685 754 389
v 3686 175 74
v 3687 66 27
v 3688 989 497
v 3689 765 361
v 3690 625 321
v 3691 400 196
v 3692 442 240
v 3693 568 314
v 3694 462 216
v 3695 458 227
v 3696 590 302
v 3697 254 109
v 3698 417 232
v 3703 645 328
v 3704 362 176
v 3705 531 226
v 3707 849 438
v 3710 389 198
v 3712 817 416
v 3713 324 161
v 3715 479 240
v 3719 897 391
v 3720 490 257
v 3721 279 136
v 3722 136 78
v 3729 299 165
v 3739 129 71
v 3856 47 24
v 3857 125 58
v 3858 157 80
v 3859 119 65
v 3860 120 63
v 3861 324 169
v 3862 210 108
v 3863 57 25
v 3865 232 123
v 3866 364 190
v 3867 222 95
v 3868 105 53
v 3869 291 158
v 3870 180 86
v 3871 186 97
v 3872 69 30
v 3873 37 15
v 3874 49 23
v 3875 231 115
v 3876 270 136
v 3877 74 31
v 3878 16 9
v 3879 194 90
v 3880 71 35
v 3881 121 63
v 3882 185 90
v 3883 94 48
v 3884 104 53
v 3885 50 21
v 3886 49 29
v 3887 99 51
v 3888 170 91
v 3889 250 115
v 3890 58 31
v 3891 53 29
v 3892 32 8
v 3893 177 77
v 3894 304 152
v 3895 93 54
v 3896 53 25
v 3897 19 12
v 3898 42 24
v 3899 48 33
v 3900 142 59
v 3901 16 7
v 3902 141 60
v 3903 71 44
v 3904 117 62
v 3905 18 10
v 3906 8 6
v 3907 118 54
v 3908 133 72
v 3909 117 64
v 3910 92 54
v 3911 283 134
v 3912 60 32
v 3913 33 15
v 3914 279 144
v 3915 149 86
v 3916 244 110
v 3917 12 6
v 3918 42 19
v 3919 31 18
v 3920 36 21
v 3921 37 17
v 3922 19 7
v 3923 41 21
v 3924 225 115
v 3925 210 104
v 3926 415 212
v 3927 172 80
v 3928 241 113
v 3929 7 1
v 3930 56 23
v 3931 38 19
v 3932 26 13
v 3933 243 129
v 3934 20 14
v 3935 24 14
v 3936 97 53
v 3937 196 90
v 3938 72 34
v 3939 41 18
v 3940 86 47
v 3941 169 98
v 3942 47 29
v 3943 22 8
v 3944 286 155
v 3945 135 68
v 3946 160 72
v 3947 88 38
v 3948 104 56
v 3949 86 41
v 3950 72 37
v 3951 75 48
v 3952 105 56
v 3953 41 18
v 3954 88 46
v 3959 140 65
v 3960 68 39
v 3961 125 67
v 3963 170 91
v 3966 78 37
v 3968 193 102
v 3969 64 36
v 3971 81 36
v 3975 163 68
v 3976 118 67
v 3977 56 34
v 3978 32 21
v 3985 64 36
v 3995 25 14
v 4113 41 21
v 4114 74 39
v 4115 59 33
v 4116 60 32
v 4117 121 53
v 4118 77 46
v 4119 46 22
v 4121 117 53
v 4122 188 89
v 4123 142 68
v 4124 54 28
v 4125 106 53
v 4126 116 51
v 4127 89 40
v 4128 40 18
v 4129 21 13
v 4130 32 14
v 4131 91 51
v 4132 123 61
v 4133 29 14
v 4134 17 6
v 4135 62 24
v 4136 48 24
v 4137 50 19
v 4138 83 32
v 4139 56 21
v 4140 53 22
v 4141 39 18
v 4142 39 19
v 4143 40 22
v 4144 93 39
v 4145 104 44
v 4146 24 10
v 4147 20 14
v 4148 16 7
v 4149 82 42
v 4150 116 46
v 4151 50 21
v 4152 26 13
v 4153 16 10
v 4154 12 6
v 4155 28 12
v 4156 51 16
v 4157 8 3
v 4158 51 17
v 4159 30 11
v 4160 53 22
v 4161 4 2
v 4162 3 2
v 4163 62 23
v 4164 62 30
v 4165 45 20
v 4166 66 34
v 4167 115 59
v 4168 25 17
v 4169 19 9
v 4170 157 75
v 4171 52 28
v 4172 101 58
v 4173 10 7
v 4174 15 5
v 4175 18 8
v 4176 15 9
v 4177 23 17
v 4178 11 2
v 4179 16 10
v 4180 80 35
v 4181 83 42
v 4182 206 101
v 4183 79 38
v 4184 99 40
v 4185 3 1
v 4186 20 6
v 4187 24 11
v 4188 6 3
v 4189 118 49
v 4190 18 9
v 4191 15 5
v 4192 36 13
v 4193 104 50
v 4194 29 12
v 4195 23 14
v 4196 50 21
v 4197 80 42
v 4198 17 6
v 4199 6 3
v 4200 125 61
v 4201 76 32
v 4202 67 35
v 4203 42 17
v 4204 49 25
v 4205 62 36
v 4206 44 16
v 4207 46 20
v 4208 60 30
v 4209 29 8
v 4210 34 18
v 4215 56 31
v 4216 46 25
v 4217 38 11
v 4219 77 37
v 4222 48 22
v 4224 83 39
v 4225 41 16
v 4227 47 18
v 4231 101 37
v 4232 47 28
v 4233 31 20
v 4234 13 6
v 4241 30 19
v 4251 15 5
v 4370 186 86
v 4371 111 52
v 4372 151 70
v 4373 296 156
v 4374 215 107
v 4375 65 22
v 4377 215 104
v 4378 306 149
v 4379 190 87
v 4380 79 37
v 4381 233 126
v 4382 206 98
v 4383 177 79
v 4384 46 22
v 4385 65 31
v 4386 84 30
v 4387 254 140
v 4388 215 110
v 4389 74 38
v 4390 26 14
v 4391 157 92
v 4392 99 53
v 4393 101 46
v 4394 159 67
v 4395 96 48
v 4396 104 50
v 4397 48 31
v 4398 55 27
v 4399 73 35
v 4400 178 79
v 4401 206 87
v 4402 56 22
v 4403 56 31
v 4404 36 17
v 4405 177 110
v 4406 243 108
v 4407 121 59
v 4408 59 29
v 4409 35 12
v 4410 28 10
v 4411 35 20
v 4412 116 42
v 4413 21 11
v 4414 152 70
v 4415 62 29
v 4416 82 38
v 4417 14 7
v 4418 8 3
v 4419 144 61
v 4420 147 73
v 4421 106 45
v 4422 104 46
v 4423 256 111
v 4424 75 47
v 4425 23 14
v 4426 325 153
v 4427 100 48
v 4428 201 85
v 4429 13 7
v 4430 44 19
v 4431 44 27
v 4432 51 28
v 4433 39 20
v 4434 14 5
v 4435 33 12
v 4436 179 89
v 4437 223 107
v 4438 400 196
v 4439 128 67
v 4440 165 65
v 4441 9 5
v 4442 71 33
v 4443 66 25
v 4444 24 7
v 4445 223 111
v 4446 22 10
v 4447 30 16
v 4448 105 50
v 4449 205 96
v 4450 81 38
v 4451 36 16
v 4452 117 58
v 4453 115 65
v 4454 43 19
v 4455 13 8
v 4456 214 110
v 4457 183 76
v 4458 154 65
v 4459 93 48
v 4460 104 59
v 4461 95 43
v 4462 89 45
v 4463 86 34
v 4464 135 64
v 4465 42 21
v 4466 75 41
v 4471 108 64
v 4472 80 42
v 4473 106 45
v 4475 176 91
v 4478 92 42
v 4480 184 90
v 4481 92 43
v 4483 96 43
v 4487 173 77
v 4488 96 47
v 4489 66 34
v 4490 25 14
v 4497 62 33
v 4507 26 19
v 4627 182 104
v 4628 200 103
v 4629 514 276
v 4630 328 178
v 4631 108 51
v 4633 405 225
v 4634 712 380
v 4635 386 194
v 4636 145 71
v 4637 409 219
v 4638 368 192
v 4639 306 163
v 4640 121 68
v 4641 95 50
v 4642 112 57
v 4643 338 191
v 4644 441 247
v 4645 135 75
v 4646 52 34
v 4647 283 149
v 4648 101 59
v 4649 176 97
v 4650 300 127
v 4651 169 100
v 4652 184 99
v 4653 92 42
v 4654 132 62
v 4655 163 79
v 4656 367 190
v 4657 399 198
v 4658 113 58
v 4659 99 51
v 4660 52 28
v 4661 255 159
v 4662 445 225
v 4663 238 138
v 4664 97 46
v 4665 49 28
v 4666 54 28
v 4667 92 55
v 4668 272 135
v 4669 42 18
v 4670 223 95
v 4671 115 63
v 4672 149 81
v 4673 24 11
v 4674 11 10
v 4675 202 96
v 4676 229 119
v 4677 182 95
v 4678 222 109
v 4679 489 235
v 4680 102 49
v 4681 58 28
v 4682 526 273
v 4683 222 106
v 4684 399 191
v 4685 49 25
v 4686 98 41
v 4687 54 30
v 4688 66 30
v 4689 92 49
v 4690 44 25
v 4691 51 27
v 4692 313 155
v 4693 371 211
v 4694 751 382
v 4695 342 181
v 4696 411 193
v 4697 20 6
v 4698 98 48
v 4699 113 60
v 4700 56 21
v 4701 465 242
v 4702 34 20
v 4703 52 23
v 4704 152 93
v 4705 319 174
v 4706 156 82
v 4707 73 43
v 4708 196 101
v 4709 327 185
v 4710 71 42
v 4711 29 11
v 4712 468 233
v 4713 297 139
v 4714 268 132
v 4715 172 97
v 4716 171 96
v 4717 191 96
v 4718 124 54
v 4719 152 85
v 4720 169 69
v 4721 95 43
v 4722 140 76
v 4727 210 114
v 4728 130 58
v 4729 196 113
v 4731 342 199
v 4734 149 84
v 4736 345 183
v 4737 135 85
v 4739 200 109
v 4743 324 165
v 4744 187 93
v 4745 113 62
v 4746 57 29
v 4753 102 58
v 4763 63 36
v 4884 185 83
v 4885 365 155
v 4886 217 95
v 4887 79 33
v 4889 297 140
v 4890 529 235
v 4891 316 109
v 4892 139 60
v 4893 309 128
v 4894 280 104
v 4895 217 82
v 4896 71 27
v 4897 99 38
v 4898 97 39
v 4899 242 108
v 4900 313 139
v 4901 99 42
v 4902 34 18
v 4903 185 93
v 4904 89 30
v 4905 117 61
v 4906 185 69
v 4907 114 50
v 4908 145 68
v 4909 85 37
v 4910 84 45
v 4911 107 48
v 4912 265 109
v 4913 271 101
v 4914 76 28
v 4915 68 30
v 4916 50 24
v 4917 196 86
v 4918 346 140
v 4919 104 47
v 4920 61 31
v 4921 35 18
v 4922 35 15
v 4923 60 31
v 4924 162 61
v 4925 21 14
v 4926 163 54
v 4927 68 28
v 4928 117 58
v 4929 17 8
v 4930 9 2
v 4931 164 58
v 4932 172 64
v 4933 141 55
v 4934 168 76
v 4935 344 130
v 4936 83 34
v 4937 37 11
v 4938 450 178
v 4939 164 71
v 4940 268 95
v 4941 30 13
v 4942 60 27
v 4943 43 24
v 4944 57 28
v 4945 59 29
v 4946 25 7
v 4947 53 25
v 4948 220 107
v 4949 238 95
v 4950 517 233
v 4951 216 91
v 4952 230 90
v 4953 13 5
v 4954 75 23
v 4955 65 27
v 4956 31 17
v 4957 318 154
v 4958 30 17
v 4959 34 14
v 4960 106 47
v 4961 246 116
v 4962 144 70
v 4963 59 35
v 4964 157 76
v 4965 210 95
v 4966 56 20
v 4967 17 4
v 4968 299 112
v 4969 229 98
v 4970 183 80
v 4971 78 31
v 4972 128 52
v 4973 145 70
v 4974 109 45
v 4975 113 52
v 4976 128 46
v 4977 63 23
v 4978 111 51
v 4983 141 69
v 4984 108 44
v 4985 124 44
v 4987 207 105
v 4990 123 58
v 4992 275 119
v 4993 109 52
v 4995 147 66
v 4999 203 88
v 5000 141 66
v 5001 95 45
v 5002 58 20
v 5009 80 34
v 5019 41 14
v 5141 390 212
v 5142 268 143
v 5143 108 54
v 5145 301 159
v 5146 549 301
v 5147 350 162
v 5148 135 80
v 5149 337 169
v 5150 282 138
v 5151 252 121
v 5152 96 50
v 5153 100 39
v 5154 76 41
v 5155 315 173
v 5156 333 158
v 5157 103 54
v 5158 38 22
v 5159 202 114
v 5160 85 46
v 5161 140 75
v 5162 206 96
v 5163 124 67
v 5164 177 93
v 5165 78 35
v 5166 106 54
v 5167 139 69
v 5168 239 111
v 5169 324 151
v 5170 109 55
v 5171 85 50
v 5172 41 26
v 5173 215 122
v 5174 313 137
v 5175 134 54
v 5176 70 45
v 5177 36 16
v 5178 35 21
v 5179 64 39
v 5180 177 94
v 5181 32 18
v 5182 166 87
v 5183 72 37
v 5184 144 66
v 5185 19 10
v 5186 6 4
v 5187 183 74
v 5188 222 116
v 5189 156 73
v 5190 117 65
v 5191 362 172
v 5192 71 39
v 5193 39 25
v 5194 426 224
v 5195 177 93
v 5196 299 134
v 5197 34 18
v 5198 53 24
v 5199 36 22
v 5200 59 40
v 5201 48 23
v 5202 25 14
v 5203 59 28
v 5204 248 134
v 5205 282 141
v 5206 590 279
v 5207 258 114
v 5208 269 129
v 5209 13 8
v 5210 75 33
v 5211 55 30
v 5212 31 12
v 5213 376 196
v 5214 30 13
v 5215 38 16
v 5216 108 61
v 5217 288 152
v 5218 106 59
v 5219 61 28
v 5220 156 81
v 5221 195 102
v 5222 40 24
v 5223 22 13
v 5224 336 165
v 5225 235 119
v 5226 181 91
v 5227 101 50
v 5228 133 64
v 5229 145 73
v 5230 103 47
v 5231 117 66
v 5232 166 81
v 5233 72 34
v 5234 108 49
v 5239 155 74
v 5240 93 48
v 5241 147 69
v 5243 242 137
v 5246 124 56
v 5248 280 128
v 5249 118 57
v 5251 123 60
v 5255 282 128
v 5256 155 73
v 5257 78 45
v 5258 52 29
v 5265 85 42
v 5275 42 26
v 5398 619 296
v 5399 206 102
v 5401 792 397
v 5402 1191 573
v 5403 793 343
v 5404 259 123
v 5405 789 391
v 5406 645 298
v 5407 518 219
v 5408 221 106
v 5409 204 74
v 5410 209 97
v 5411 679 337
v 5412 755 349
v 5413 189 94
v 5414 82 38
v 5415 505 254
v 5416 222 117
v 5417 332 150
v 5418 500 226
v 5419 273 152
v 5420 336 161
v 5421 179 74
v 5422 191 102
v 5423 300 158
v 5424 651 303
v 5425 720 312
v 5426 199 97
v 5427 183 85
v 5428 116 53
v 5429 487 254
v 5430 673 307
v 5431 317 146
v 5432 147 74
v 5433 89 37
v 5434 135 71
v 5435 155 82
v 5436 405 185
v 5437 63 26
v 5438 429 182
v 5439 190 94
v 5440 280 146
v 5441 27 11
v 5442 13 5
v 5443 373 164
v 5444 397 198
v 5445 320 159
v 5446 301 138
v 5447 813 359
v 5448 186 110
v 5449 92 47
v 5450 977 443
v 5451 410 199
v 5452 667 284
v 5453 48 22
v 5454 155 68
v 5455 95 57
v 5456 125 62
v 5457 114 59
v 5458 55 22
v 5459 131 74
v 5460 590 267
v 5461 629 324
v 5462 1303 622
v 5463 554 277
v 5464 623 258
v 5465 23 13
v 5466 163 79
v 5467 171 81
v 5468 57 21
v 5469 746 374
v 5470 79 41
v 5471 95 49
v 5472 356 171
v 5473 572 273
v 5474 226 119
v 5475 109 54
v 5476 336 165
v 5477 492 242
v 5478 115 51
v 5479 39 14
v 5480 718 326
v 5481 563 255
v 5482 427 196
v 5483 248 107
v 5484 277 144
v 5485 312 147
v 5486 310 132
v 5487 268 132
v 5488 350 189
v 5489 144 66
v 5490 246 138
v 5495 388 194
v 5496 242 123
v 5497 308 140
v 5499 520 286
v 5502 286 132
v 5504 593 285
v 5505 259 124
v 5507 253 127
v 5511 539 253
v 5512 339 149
v 5513 216 114
v 5514 134 76
v 5521 193 95
v 5531 98 50
v 5655 128 70
v 5657 477 238
v 5658 740 381
v 5659 502 241
v 5660 176 104
v 5661 494 238
v 5662 409 178
v 5663 361 154
v 5664 142 66
v 5665 113 45
v 5666 143 66
v 5667 462 242
v 5668 446 215
v 5669 141 71
v 5670 53 25
v 5671 321 177
v 5672 174 95
v 5673 213 96
v 5674 316 144
v 5675 160 72
v 5676 228 94
v 5677 141 63
v 5678 134 60
v 5679 184 91
v 5680 341 171
v 5681 411 183
v 5682 108 52
v 5683 103 53
v 5684 71 35
v 5685 281 167
v 5686 461 189
v 5687 173 80
v 5688 94 48
v 5689 67 24
v 5690 55 28
v 5691 84 41
v 5692 317 146
v 5693 36 16
v 5694 289 118
v 5695 125 72
v 5696 202 98
v 5697 14 5
v 5698 13 8
v 5699 288 144
v 5700 251 118
v 5701 227 113
v 5702 202 110
v 5703 515 229
v 5704 119 52
v 5705 58 29
v 5706 654 325
v 5707 260 124
v 5708 435 185
v 5709 43 22
v 5710 78 37
v 5711 61 29
v 5712 82 33
v 5713 78 42
v 5714 40 18
v 5715 94 48
v 5716 408 220
v 5717 426 219
v 5718 848 425
v 5719 391 187
v 5720 393 189
v 5721 19 10
v 5722 118 55
v 5723 94 46
v 5724 39 18
v 5725 456 239
v 5726 59 22
v 5727 57 27
v 5728 173 87
v 5729 365 165
v 5730 136 74
v 5731 82 44
v 5732 243 126
v 5733 332 177
v 5734 71 31
v 5735 23 7
v 5736 473 222
v 5737 329 160
v 5738 284 135
v 5739 151 59
v 5740 184 99
v 5741 213 114
v 5742 156 81
v 5743 156 66
v 5744 220 100
v 5745 100 44
v 5746 155 90
v 5751 254 121
v 5752 128 56
v 5753 215 103
v 5755 327 170
v 5758 187 85
v 5760 373 193
v 5761 184 90
v 5763 159 83
v 5767 342 144
v 5768 181 77
v 5769 118 62
v 5770 58 33
v 5777 133 76
v 5787 51 25
v 5913 162 88
v 5914 316 169
v 5915 194 106
v 5916 75 40
v 5917 176 97
v 5918 157 78
v 5919 151 68
v 5920 45 26
v 5921 50 17
v 5922 55 28
v 5923 165 91
v 5924 196 101
v 5925 49 23
v 5926 18 9
v 5927 121 70
v 5928 50 30
v 5929 90 44
v 5930 124 68
v 5931 67 39
v 5932 97 50
v 5933 53 24
v 5934 65 43
v 5935 60 23
v 5936 144 66
v 5937 172 73
v 5938 52 23
v 5939 39 25
v 5940 34 15
v 5941 101 66
v 5942 186 81
v 5943 69 35
v 5944 25 9
v 5945 20 10
v 5946 25 13
v 5947 37 20
v 5948 105 53
v 5949 10 4
v 5950 88 40
v 5951 48 28
v 5952 79 42
v 5953 7 3
v 5954 5 2
v 5955 89 46
v 5956 95 43
v 5957 74 39
v 5958 114 56
v 5959 206 83
v 5960 41 16
v 5961 29 18
v 5962 270 147
v 5963 84 60
v 5964 168 71
v 5965 13 4
v 5966 24 13
v 5967 23 12
v 5968 16 7
v 5969 28 15
v 5970 15 6
v 5971 30 14
v 5972 158 80
v 5973 140 71
v 5974 298 146
v 5975 159 77
v 5976 164 80
v 5977 2 1
v 5978 42 22
v 5979 44 24
v 5980 24 14
v 5981 188 99
v 5982 18 7
v 5983 22 9
v 5984 60 31
v 5985 167 79
v 5986 66 38
v 5987 32 14
v 5988 108 57
v 5989 120 63
v 5990 32 19
v 5991 11 3
v 5992 207 102
v 5993 125 61
v 5994 99 47
v 5995 66 40
v 5996 70 35
v 5997 87 59
v 5998 55 27
v 5999 63 29
v 6000 77 35
v 6001 30 13
v 6002 59 29
v 6007 75 41
v 6008 59 36
v 6009 72 32
v 6011 115 60
v 6014 63 29
v 6016 139 65
v 6017 70 34
v 6019 66 32
v 6023 129 67
v 6024 76 32
v 6025 39 16
v 6026 27 16
v 6033 38 17
v 6043 22 10
v 6426 865 409
v 6427 578 273
v 6428 199 95
v 6429 618 300
v 6430 518 235
v 6431 402 178
v 6432 143 63
v 6433 156 53
v 6434 176 83
v 6435 575 278
v 6436 689 321
v 6437 151 79
v 6438 52 27
v 6439 343 176
v 6440 175 88
v 6441 261 133
v 6442 368 163
v 6443 256 133
v 6444 286 140
v 6445 140 69
v 6446 164 84
v 6447 230 115
v 6448 482 226
v 6449 585 262
v 6450 168 61
v 6451 122 68
v 6452 84 39
v 6453 304 151
v 6454 552 249
v 6455 213 98
v 6456 128 63
v 6457 61 34
v 6458 84 34
v 6459 124 71
v 6460 307 137
v 6461 40 18
v 6462 296 129
v 6463 145 64
v 6464 251 112
v 6465 24 11
v 6466 11 6
v 6467 313 122
v 6468 320 161
v 6469 259 152
v 6470 276 124
v 6471 543 243
v 6472 141 73
v 6473 94 40
v 6474 838 353
v 6475 295 143
v 6476 605 258
v 6477 56 28
v 6478 87 42
v 6479 62 32
v 6480 101 50
v 6481 90 46
v 6482 27 11
v 6483 94 50
v 6484 465 224
v 6485 536 262
v 6486 1018 519
v 6487 421 207
v 6488 441 216
v 6489 16 7
v 6490 162 75
v 6491 133 63
v 6492 57 22
v 6493 535 279
v 6494 80 39
v 6495 70 36
v 6496 206 97
v 6497 436 191
v 6498 183 96
v 6499 98 56
v 6500 238 104
v 6501 373 168
v 6502 80 42
v 6503 32 14
v 6504 556 260
v 6505 435 214
v 6506 327 169
v 6507 205 96
v 6508 240 114
v 6509 258 139
v 6510 228 94
v 6511 199 98
v 6512 267 111
v 6513 154 59
v 6514 179 101
v 6519 311 152
v 6520 181 93
v 6521 278 117
v 6523 391 188
v 6526 217 88
v 6528 490 228
v 6529 201 91
v 6531 240 115
v 6535 463 213
v 6536 266 125
v 6537 136 74
v 6538 85 46
v 6545 120 59
v 6555 67 37
v 6683 1065 495
v 6684 341 172
v 6685 1042 493
v 6686 847 416
v 6687 732 328
v 6688 256 116
v 6689 242 114
v 6690 272 139
v 6691 895 442
v 6692 784 408
v 6693 270 131
v 6694 89 52
v 6695 554 299
v 6696 292 147
v 6697 391 216
v 6698 626 249
v 6699 331 153
v 6700 471 228
v 6701 282 132
v 6702 324 154
v 6703 335 169
v 6704 726 348
v 6705 918 398
v 6706 275 113
v 6707 217 124
v 6708 124 61
v 6709 645 358
v 6710 971 451
v 6711 360 180
v 6712 196 101
v 6713 131 57
v 6714 126 69
v 6715 198 105
v 6716 551 254
v 6717 89 47
v 6718 469 198
v 6719 230 127
v 6720 443 237
v 6721 39 19
v 6722 22 11
v 6723 530 231
v 6724 534 263
v 6725 352 165
v 6726 476 243
v 6727 1079 505
v 6728 257 137
v 6729 134 60
v 6730 1387 672
v 6731 575 286
v 6732 792 363
v 6733 89 41
v 6734 149 69
v 6735 115 54
v 6736 175 83
v 6737 138 66
v 6738 61 29
v 6739 176 88
v 6740 840 426
v 6741 844 423
v 6742 1852 836
v 6743 718 352
v 6744 814 370
v 6745 29 13
v 6746 260 114
v 6747 196 92
v 6748 102 36
v 6749 932 434
v 6750 76 36
v 6751 104 49
v 6752 373 171
v 6753 832 422
v 6754 274 148
v 6755 158 81
v 6756 520 249
v 6757 598 293
v 6758 148 67
v 6759 47 24
v 6760 949 491
v 6761 699 326
v 6762 539 237
v 6763 361 194
v 6764 383 193
v 6765 412 234
v 6766 355 155
v 6767 341 176
v 6768 456 209
v 6769 219 80
v 6770 316 167
v 6775 471 229
v 6776 319 160
v 6777 457 208
v 6779 714 364
v 6782 349 185
v 6784 852 428
v 6785 394 190
v 6787 379 184
v 6791 700 312
v 6792 406 192
v 6793 218 108
v 6794 133 80
v 6801 212 124
v 6811 110 61
v 6940 217 133
v 6941 703 373
v 6942 607 319
v 6943 481 217
v 6944 160 90
v 6945 179 90
v 6946 178 89
v 6947 594 327
v 6948 696 351
v 6949 199 99
v 6950 55 33
v 6951 357 206
v 6952 205 112
v 6953 224 122
v 6954 481 222
v 6955 232 119
v 6956 283 146
v 6957 152 68
v 6958 177 102
v 6959 209 111
v 6960 520 234
v 6961 549 271
v 6962 193 95
v 6963 152 80
v 6964 89 37
v 6965 443 256
v 6966 652 311
v 6967 243 107
v 6968 130 69
v 6969 84 39
v 6970 84 41
v 6971 140 84
v 6972 345 166
v 6973 38 22
v 6974 323 155
v 6975 154 80
v 6976 285 151
v 6977 35 15
v 6978 14 10
v 6979 384 181
v 6980 347 185
v 6981 251 114
v 6982 282 156
v 6983 690 328
v 6984 168 99
v 6985 94 47
v 6986 885 437
v 6987 390 185
v 6988 523 248
v 6989 56 30
v 6990 134 60
v 6991 82 52
v 6992 117 58
v 6993 118 56
v 6994 57 25
v 6995 101 54
v 6996 558 284
v 6997 554 322
v 6998 1197 635
v 6999 476 223
v 7000 494 248
v 7001 34 17
v 7002 157 75
v 7003 111 59
v 7004 56 21
v 7005 648 342
v 7006 69 30
v 7007 57 35
v 7008 221 119
v 7009 538 287
v 7010 155 94
v 7011 104 56
v 7012 342 176
v 7013 403 217
v 7014 121 63
v 7015 38 19
v 7016 623 310
v 7017 518 275
v 7018 368 193
v 7019 224 122
v 7020 264 145
v 7021 311 165
v 7022 239 124
v 7023 232 114
v 7024 302 157
v 7025 131 55
v 7026 187 97
v 7031 319 165
v 7032 215 115
v 7033 290 145
v 7035 464 233
v 7038 245 135
v 7040 534 269
v 7041 231 111
v 7043 236 115
v 7047 552 265
v 7048 263 147
v 7049 156 91
v 7050 83 45
v 7057 160 101
v 7067 88 51
v 7197 251 117
v 7198 195 80
v 7199 150 73
v 7200 112 49
v 7201 52 27
v 7202 65 23
v 7203 218 100
v 7204 224 104
v 7205 70 28
v 7206 19 6
v 7207 144 73
v 7208 60 25
v 7209 77 46
v 7210 149 70
v 7211 75 30
v 7212 124 66
v 7213 47 20
v 7214 38 20
v 7215 65 33
v 7216 189 80
v 7217 218 88
v 7218 56 18
v 7219 53 28
v 7220 21 9
v 7221 134 70
v 7222 227 103
v 7223 99 41
v 7224 59 35
v 7225 25 10
v 7226 26 8
v 7227 35 18
v 7228 131 61
v 7229 20 11
v 7230 207 81
v 7231 81 45
v 7232 113 58
v 7233 7 2
v 7234 4 1
v 7235 112 53
v 7236 130 66
v 7237 87 38
v 7238 89 37
v 7239 225 89
v 7240 50 24
v 7241 26 11
v 7242 298 138
v 7243 128 65
v 7244 178 77
v 7245 21 12
v 7246 33 11
v 7247 22 11
v 7248 41 21
v 7249 35 16
v 7250 15 3
v 7251 39 20
v 7252 162 74
v 7253 204 115
v 7254 408 196
v 7255 163 75
v 7256 239 104
v 7257 9 4
v 7258 60 32
v 7259 49 27
v 7260 18 8
v 7261 245 123
v 7262 35 16
v 7263 27 13
v 7264 94 48
v 7265 184 84
v 7266 83 45
v 7267 42 18
v 7268 117 54
v 7269 150 78
v 7270 35 16
v 7271 19 12
v 7272 257 124
v 7273 160 76
v 7274 131 57
v 7275 82 44
v 7276 109 51
v 7277 112 63
v 7278 67 30
v 7279 68 39
v 7280 78 41
v 7281 56 25
v 7282 64 36
v 7287 107 57
v 7288 70 31
v 7289 119 47
v 7291 158 67
v 7294 67 36
v 7296 179 101
v 7297 97 41
v 7299 104 45
v 7303 178 82
v 7304 96 49
v 7305 60 29
v 7306 29 13
v 7313 53 23
v 7323 26 15
v 7454 570 263
v 7455 502 217
v 7456 170 71
v 7457 171 74
v 7458 196 91
v 7459 554 274
v 7460 728 356
v 7461 213 117
v 7462 68 36
v 7463 423 220
v 7464 197 100
v 7465 235 118
v 7466 424 198
v 7467 262 120
v 7468 299 149
v 7469 161 73
v 7470 159 94
v 7471 306 143
v 7472 516 260
v 7473 670 273
v 7474 188 86
v 7475 121 62
v 7476 97 44
v 7477 372 194
v 7478 672 264
v 7479 282 129
v 7480 141 54
v 7481 81 31
v 7482 100 42
v 7483 133 71
v 7484 398 175
v 7485 64 31
v 7486 355 150
v 7487 156 68
v 7488 246 129
v 7489 29 13
v 7490 12 6
v 7491 329 156
v 7492 343 174
v 7493 297 150
v 7494 383 180
v 7495 746 348
v 7496 125 67
v 7497 82 38
v 7498 850 389
v 7499 390 190
v 7500 641 257
v 7501 52 24
v 7502 152 63
v 7503 53 26
v 7504 89 37
v 7505 94 51
v 7506 55 27
v 7507 95 43
v 7508 534 258
v 7509 593 303
v 7510 1091 539
v 7511 440 205
v 7512 623 251
v 7513 18 7
v 7514 146 77
v 7515 151 60
v 7516 47 20
v 7517 873 398
v 7518 45 23
v 7519 67 35
v 7520 284 127
v 7521 559 262
v 7522 293 154
v 7523 132 75
v 7524 322 154
v 7525 435 237
v 7526 105 45
v 7527 25 8
v 7528 741 362
v 7529 487 224
v 7530 348 180
v 7531 222 112
v 7532 283 137
v 7533 275 156
v 7534 234 92
v 7535 236 108
v 7536 324 144
v 7537 147 67
v 7538 199 99
v 7543 325 139
v 7544 188 96
v 7545 310 125
v 7547 458 220
v 7550 221 107
v 7552 475 224
v 7553 242 117
v 7555 264 143
v 7559 535 231
v 7560 265 129
v 7561 208 100
v 7562 89 37
v 7569 138 79
v 7579 78 33
v 7711 454 222
v 7712 143 72
v 7713 138 54
v 7714 146 78
v 7715 446 236
v 7716 557 285
v 7717 165 83
v 7718 51 28
v 7719 329 190
v 7720 175 102
v 7721 259 137
v 7722 358 161
v 7723 208 113
v 7724 248 118
v 7725 141 80
v 7726 141 65
v 7727 202 109
v 7728 404 208
v 7729 454 233
v 7730 156 69
v 7731 117 61
v 7732 84 43
v 7733 304 167
v 7734 507 275
v 7735 210 119
v 7736 112 61
v 7737 67 39
v 7738 81 45
v 7739 94 59
v 7740 312 158
v 7741 45 19
v 7742 280 130
v 7743 118 54
v 7744 225 120
v 7745 21 11
v 7746 13 9
v 7747 232 121
v 7748 295 145
v 7749 213 117
v 7750 234 112
v 7751 572 284
v 7752 109 58
v 7753 72 44
v 7754 736 361
v 7755 336 174
v 7756 422 206
v 7757 42 29
v 7758 97 34
v 7759 67 49
v 7760 100 59
v 7761 91 52
v 7762 31 14
v 7763 77 41
v 7764 438 227
v 7765 460 248
v 7766 922 473
v 7767 403 195
v 7768 406 190
v 7769 16 9
v 7770 139 73
v 7771 127 71
v 7772 51 17
v 7773 546 280
v 7774 69 37
v 7775 63 33
v 7776 193 119
v 7777 419 219
v 7778 135 81
v 7779 108 55
v 7780 243 131
v 7781 352 181
v 7782 90 54
v 7783 30 13
v 7784 556 282
v 7785 389 201
v 7786 313 162
v 7787 199 104
v 7788 188 102
v 7789 234 124
v 7790 192 85
v 7791 224 125
v 7792 246 135
v 7793 149 77
v 7794 160 84
v 7799 252 138
v 7800 141 75
v 7801 253 133
v 7803 417 210
v 7806 188 91
v 7808 381 204
v 7809 177 97
v 7811 194 98
v 7815 398 189
v 7816 230 126
v 7817 138 83
v 7818 80 41
v 7825 133 76
v 7835 63 34
v 7968 119 62
v 7969 119 60
v 7970 130 74
v 7971 417 225
v 7972 418 231
v 7973 138 77
v 7974 50 21
v 7975 276 136
v 7976 157 85
v 7977 187 98
v 7978 307 140
v 7979 175 95
v 7980 235 121
v 7981 109 56
v 7982 128 72
v 7983 161 83
v 7984 378 181
v 7985 423 202
v 7986 139 68
v 7987 108 48
v 7988 63 24
v 7989 247 154
v 7990 454 237
v 7991 179 95
v 7992 105 57
v 7993 62 34
v 7994 61 34
v 7995 96 66
v 7996 252 119
v 7997 38 17
v 7998 249 111
v 7999 128 64
v 8000 195 102
v 8001 23 11
v 8002 8 5
v 8003 239 124
v 8004 267 141
v 8005 212 111
v 8006 178 85
v 8007 489 267
v 8008 96 57
v 8009 61 34
v 8010 623 303
v 8011 260 141
v 8012 433 207
v 8013 37 18
v 8014 89 33
v 8015 45 23
v 8016 96 47
v 8017 54 35
v 8018 33 16
v 8019 74 41
v 8020 397 200
v 8021 419 230
v 8022 811 410
v 8023 341 178
v 8024 390 188
v 8025 16 7
v 8026 111 56
v 8027 113 59
v 8028 35 14
v 8029 434 246
v 8030 46 24
v 8031 54 30
v 8032 173 86
v 8033 410 216
v 8034 127 70
v 8035 84 49
v 8036 205 105
v 8037 294 156
v 8038 71 47
v 8039 29 10
v 8040 443 241
v 8041 340 173
v 8042 264 135
v 8043 172 82
v 8044 197 115
v 8045 182 107
v 8046 162 68
v 8047 188 86
v 8048 230 116
v 8049 102 55
v 8050 138 82
v 8055 263 127
v 8056 130 75
v 8057 196 97
v 8059 351 201
v 8062 164 86
v 8064 378 203
v 8065 155 86
v 8067 181 100
v 8071 333 159
v 8072 201 120
v 8073 104 56
v 8074 62 31
v 8081 96 47
v 8091 56 29
v 8225 33 22
v 8226 44 25
v 8227 159 84
v 8228 154 79
v 8229 50 28
v 8230 12 6
v 8231 108 68
v 8232 69 43
v 8233 69 42
v 8234 136 64
v 8235 67 34
v 8236 102 47
v 8237 39 21
v 8238 49 29
v 8239 53 33
v 8240 121 67
v 8241 162 77
v 8242 47 23
v 8243 32 17
v 8244 27 13
v 8245 101 61
v 8246 166 83
v 8247 76 43
v 8248 45 24
v 8249 12 7
v 8250 25 19
v 8251 30 20
v 8252 92 50
v 8253 18 8
v 8254 80 36
v 8255 44 28
v 8256 68 34
v 8257 5 3
v 8258 4 1
v 8259 94 46
v 8260 93 47
v 8261 76 39
v 8262 66 40
v 8263 180 96
v 8264 41 20
v 8265 21 7
v 8266 255 148
v 8267 110 51
v 8268 163 83
v 8269 10 5
v 8270 31 16
v 8271 27 17
v 8272 25 14
v 8273 27 12
v 8274 12 7
v 8275 26 19
v 8276 130 80
v 8277 129 74
v 8278 275 140
v 8279 138 65
v 8280 154 83
v 8281 4 1
v 8282 48 32
v 8283 39 20
v 8284 12 6
v 8285 195 110
v 8286 17 9
v 8287 16 3
v 8288 66 35
v 8289 128 64
v 8290 43 23
v 8291 22 12
v 8292 66 39
v 8293 138 88
v 8294 36 25
v 8295 13 5
v 8296 189 98
v 8297 100 47
v 8298 108 54
v 8299 67 36
v 8300 58 29
v 8301 58 28
v 8302 63 33
v 8303 89 51
v 8304 77 44
v 8305 39 21
v 8306 47 26
v 8311 85 44
v 8312 41 24
v 8313 76 38
v 8315 123 64
v 8318 55 30
v 8320 123 61
v 8321 65 31
v 8323 47 23
v 8327 116 53
v 8328 35 23
v 8329 35 19
v 8330 27 15
v 8337 42 23
v 8347 18 7
v 8482 49 22
v 8483 113 53
v 8484 137 74
v 8485 52 29
v 8486 20 15
v 8487 75 49
v 8488 32 18
v 8489 62 32
v 8490 99 48
v 8491 50 26
v 8492 66 34
v 8493 40 20
v 8494 45 26
v 8495 44 21
v 8496 131 67
v 8497 149 80
v 8498 47 20
v 8499 32 18
v 8500 29 16
v 8501 90 46
v 8502 130 70
v 8503 63 33
v 8504 33 21
v 8505 19 8
v 8506 26 16
v 8507 24 14
v 8508 82 46
v 8509 13 6
v 8510 82 47
v 8511 28 18
v 8512 52 24
v 8513 4 1
v 8514 9 7
v 8515 88 41
v 8516 67 40
v 8517 79 39
v 8518 54 30
v 8519 164 79
v 8520 88 57
v 8521 22 12
v 8522 199 103
v 8523 136 78
v 8524 161 87
v 8525 16 8
v 8526 29 12
v 8527 24 13
v 8528 36 19
v 8529 21 12
v 8530 8 4
v 8531 20 9
v 8532 130 72
v 8533 152 82
v 8534 204 103
v 8535 95 55
v 8536 121 65
v 8537 12 6
v 8538 39 18
v 8539 39 25
v 8540 16 11
v 8541 117 70
v 8542 24 15
v 8543 20 7
v 8544 53 30
v 8545 138 81
v 8546 40 20
v 8547 24 11
v 8548 70 34
v 8549 93 54
v 8550 18 8
v 8551 7 4
v 8552 163 76
v 8553 150 84
v 8554 81 47
v 8555 46 27
v 8556 46 28
v 8557 70 35
v 8558 66 32
v 8559 78 39
v 8560 77 39
v 8561 37 15
v 8562 33 25
v 8567 79 48
v 8568 59 33
v 8569 68 29
v 8571 114 57
v 8574 56 30
v 8576 127 70
v 8577 51 32
v 8579 76 39
v 8583 158 82
v 8584 69 35
v 8585 46 26
v 8586 17 7
v 8593 47 32
v 8603 21 13
v 8739 144 78
v 8740 153 82
v 8741 49 22
v 8742 23 14
v 8743 107 58
v 8744 54 30
v 8745 71 32
v 8746 98 36
v 8747 67 32
v 8748 81 40
v 8749 48 26
v 8750 54 33
v 8751 55 26
v 8752 155 78
v 8753 175 79
v 8754 56 27
v 8755 28 13
v 8756 27 12
v 8757 87 47
v 8758 174 82
v 8759 70 40
v 8760 44 22
v 8761 19 2
v 8762 27 12
v 8763 40 21
v 8764 110 57
v 8765 11 2
v 8766 105 49
v 8767 53 32
v 8768 69 43
v 8769 12 8
v 8770 7 5
v 8771 120 60
v 8772 79 41
v 8773 77 37
v 8774 71 39
v 8775 172 71
v 8776 38 22
v 8777 25 13
v 8778 267 127
v 8779 79 36
v 8780 172 71
v 8781 20 11
v 8782 38 17
v 8783 30 23
v 8784 35 10
v 8785 36 23
v 8786 14 7
v 8787 29 16
v 8788 124 68
v 8789 168 78
v 8790 327 168
v 8791 122 53
v 8792 120 51
v 8793 11 4
v 8794 48 23
v 8795 56 22
v 8796 19 8
v 8797 171 97
v 8798 19 9
v 8799 11 5
v 8800 51 28
v 8801 151 75
v 8802 54 31
v 8803 37 24
v 8804 86 40
v 8805 101 52
v 8806 29 14
v 8807 12 6
v 8808 163 87
v 8809 142 70
v 8810 101 52
v 8811 70 34
v 8812 64 31
v 8813 89 43
v 8814 59 28
v 8815 86 42
v 8816 97 54
v 8817 59 22
v 8818 48 27
v 8823 95 49
v 8824 54 21
v 8825 80 34
v 8827 157 81
v 8830 75 41
v 8832 159 78
v 8833 51 21
v 8835 82 42
v 8839 129 58
v 8840 71 37
v 8841 43 21
v 8842 32 18
v 8849 51 25
v 8859 29 12
v 8996 519 267
v 8997 161 80
v 8998 50 23
v 8999 350 168
v 9000 202 112
v 9001 233 122
v 9002 344 153
v 9003 223 122
v 9004 317 159
v 9005 127 64
v 9006 134 65
v 9007 264 138
v 9008 390 180
v 9009 462 207
v 9010 156 84
v 9011 116 49
v 9012 74 34
v 9013 309 159
v 9014 480 187
v 9015 176 85
v 9016 106 50
v 9017 81 37
v 9018 57 25
v 9019 105 55
v 9020 247 116
v 9021 37 20
v 9022 244 88
v 9023 129 58
v 9024 218 116
v 9025 21 8
v 9026 14 4
v 9027 394 152
v 9028 302 122
v 9029 232 114
v 9030 232 111
v 9031 446 210
v 9032 129 71
v 9033 73 34
v 9034 710 329
v 9035 362 171
v 9036 575 260
v 9037 46 20
v 9038 77 23
v 9039 75 42
v 9040 74 39
v 9041 88 45
v 9042 48 19
v 9043 91 42
v 9044 477 230
v 9045 535 289
v 9046 1005 521
v 9047 397 196
v 9048 390 164
v 9049 18 6
v 9050 132 62
v 9051 107 55
v 9052 49 20
v 9053 540 291
v 9054 47 27
v 9055 62 30
v 9056 231 104
v 9057 438 210
v 9058 176 91
v 9059 99 55
v 9060 218 104
v 9061 371 206
v 9062 99 49
v 9063 41 24
v 9064 483 209
v 9065 386 183
v 9066 286 131
v 9067 167 76
v 9068 214 112
v 9069 186 120
v 9070 222 95
v 9071 198 104
v 9072 241 127
v 9073 113 53
v 9074 156 84
v 9079 259 123
v 9080 174 89
v 9081 236 101
v 9083 352 191
v 9086 188 93
v 9088 405 194
v 9089 201 98
v 9091 197 97
v 9095 380 158
v 9096 218 95
v 9097 134 61
v 9098 81 43
v 9105 129 63
v 9115 61 27
v 9253 185 97
v 9254 51 24
v 9255 414 223
v 9256 163 80
v 9257 251 119
v 9258 437 215
v 9259 216 119
v 9260 260 115
v 9261 163 68
v 9262 139 70
v 9263 252 107
v 9264 464 240
v 9265 598 306
v 9266 122 62
v 9267 133 78
v 9268 115 46
v 9269 374 211
v 9270 554 279
v 9271 205 99
v 9272 149 80
v 9273 72 36
v 9274 99 57
v 9275 125 67
v 9276 339 164
v 9277 33 15
v 9278 345 159
v 9279 174 97
v 9280 256 138
v 9281 28 14
v 9282 10 6
v 9283 315 151
v 9284 205 91
v 9285 262 118
v 9286 247 127
v 9287 751 376
v 9288 147 68
v 9289 72 36
v 9290 706 352
v 9291 304 148
v 9292 561 258
v 9293 57 28
v 9294 102 45
v 9295 64 32
v 9296 121 64
v 9297 99 52
v 9298 48 17
v 9299 89 56
v 9300 457 236
v 9301 563 281
v 9302 1046 509
v 9303 411 201
v 9304 475 206
v 9305 27 15
v 9306 145 69
v 9307 140 72
v 9308 54 19
v 9309 598 332
v 9310 61 31
v 9311 67 24
v 9312 239 130
v 9313 517 251
v 9314 192 115
v 9315 117 64
v 9316 275 141
v 9317 300 149
v 9318 94 52
v 9319 35 17
v 9320 605 295
v 9321 409 224
v 9322 374 188
v 9323 212 109
v 9324 243 132
v 9325 255 133
v 9326 215 102
v 9327 171 75
v 9328 315 177
v 9329 112 56
v 9330 192 118
v 9335 313 137
v 9336 178 89
v 9337 230 102
v 9339 432 216
v 9342 214 117
v 9344 474 233
v 9345 208 114
v 9347 198 92
v 9351 413 214
v 9352 289 139
v 9353 159 71
v 9354 229 125
v 9361 152 86
v 9371 64 33
v 9510 13 5
v 9511 117 60
v 9512 50 29
v 9513 73 34
v 9514 98 47
v 9515 59 29
v 9516 104 49
v 9517 50 24
v 9518 36 21
v 9519 67 34
v 9520 149 67
v 9521 158 76
v 9522 52 28
v 9523 50 27
v 9524 18 12
v 9525 109 60
v 9526 178 85
v 9527 74 38
v 9528 36 18
v 9529 34 16
v 9530 20 15
v 9531 35 16
v 9532 87 42
v 9533 14 6
v 9534 89 45
v 9535 36 14
v 9536 85 43
v 9537 11 4
v 9538 3 1
v 9539 85 44
v 9540 105 56
v 9541 73 35
v 9542 99 45
v 9543 164 70
v 9544 37 19
v 9545 27 15
v 9546 220 111
v 9547 99 48
v 9548 160 53
v 9549 18 8
v 9550 28 12
v 9551 17 8
v 9552 40 20
v 9553 19 10
v 9554 16 3
v 9555 18 10
v 9556 138 71
v 9557 141 70
v 9558 310 154
v 9559 114 55
v 9560 148 58
v 9561 5 0
v 9562 58 31
v 9563 42 18
v 9564 15 6
v 9565 192 83
v 9566 19 10
v 9567 20 7
v 9568 47 19
v 9569 127 62
v 9570 66 33
v 9571 39 21
v 9572 85 41
v 9573 99 50
v 9574 30 14
v 9575 8 5
v 9576 181 85
v 9577 124 59
v 9578 99 56
v 9579 55 25
v 9580 73 35
v 9581 77 43
v 9582 62 21
v 9583 66 36
v 9584 88 35
v 9585 41 17
v 9586 54 27
v 9591 87 48
v 9592 39 23
v 9593 78 38
v 9595 134 71
v 9598 63 42
v 9600 141 68
v 9601 58 25
v 9603 67 35
v 9607 131 63
v 9608 63 29
v 9609 43 21
v 9610 22 13
v 9617 58 28
v 9627 28 16
v 9767 36 19
v 9768 20 9
v 9769 21 9
v 9770 35 13
v 9771 14 9
v 9772 18 8
v 9773 15 4
v 9774 17 9
v 9775 15 9
v 9776 65 32
v 9777 73 28
v 9778 19 9
v 9779 14 8
v 9780 12 3
v 9781 45 18
v 9782 56 24
v 9783 32 15
v 9784 17 8
v 9785 13 8
v 9786 6 5
v 9787 14 7
v 9788 43 16
v 9789 6 5
v 9790 29 15
v 9791 19 7
v 9792 19 6
v 9793 4 1
v 9795 27 15
v 9796 33 9
v 9797 29 14
v 9798 25 11
v 9799 85 36
v 9800 15 6
v 9801 10 7
v 9802 112 53
v 9803 33 11
v 9804 65 24
v 9805 7 3
v 9806 11 6
v 9807 12 6
v 9808 14 6
v 9809 10 5
v 9810 5 1
v 9811 19 9
v 9812 65 39
v 9813 61 23
v 9814 93 38
v 9815 50 15
v 9816 58 28
v 9817 4 1
v 9818 15 6
v 9819 20 13
v 9820 11 6
v 9821 69 31
v 9822 7 3
v 9823 7 0
v 9824 22 14
v 9825 43 21
v 9826 18 11
v 9827 10 5
v 9828 33 13
v 9829 50 22
v 9830 15 5
v 9831 4 1
v 9832 59 22
v 9833 42 20
v 9834 35 16
v 9835 23 9
v 9836 20 7
v 9837 36 23
v 9838 20 7
v 9839 18 5
v 9840 32 16
v 9841 17 10
v 9842 9 6
v 9847 35 19
v 9848 23 10
v 9849 28 15
v 9851 46 22
v 9854 24 13
v 9856 41 22
v 9857 22 10
v 9859 27 11
v 9863 55 25
v 9864 32 15
v 9865 19 11
v 9866 6 4
v 9873 16 10
v 9883 9 4
v 10024 161 86
v 10025 140 61
v 10026 255 108
v 10027 149 69
v 10028 176 79
v 10029 94 35
v 10030 104 43
v 10031 155 73
v 10032 252 122
v 10033 398 177
v 10034 95 37
v 10035 99 41
v 10036 56 30
v 10037 258 135
v 10038 365 166
v 10039 150 70
v 10040 86 44
v 10041 52 27
v 10042 58 31
v 10043 79 41
v 10044 175 75
v 10045 22 14
v 10046 215 77
v 10047 76 37
v 10048 159 83
v 10049 15 7
v 10050 7 4
v 10051 162 64
v 10052 213 106
v 10053 177 82
v 10054 156 74
v 10055 406 188
v 10056 84 40
v 10057 47 22
v 10058 509 234
v 10059 198 90
v 10060 379 142
v 10061 33 15
v 10062 78 31
v 10063 40 27
v 10064 65 30
v 10065 78 43
v 10066 34 12
v 10067 49 22
v 10068 282 130
v 10069 308 148
v 10070 635 299
v 10071 241 102
v 10072 291 123
v 10073 16 8
v 10074 96 53
v 10075 71 37
v 10076 30 14
v 10077 434 216
v 10078 35 15
v 10079 40 21
v 10080 124 55
v 10081 299 139
v 10082 118 67
v 10083 53 22
v 10084 185 83
v 10085 228 102
v 10086 43 20
v 10087 26 13
v 10088 365 161
v 10089 234 98
v 10090 250 106
v 10091 140 56
v 10092 156 90
v 10093 165 90
v 10094 140 62
v 10095 117 62
v 10096 186 87
v 10097 77 38
v 10098 123 75
v 10103 210 101
v 10104 124 55
v 10105 149 72
v 10107 285 161
v 10110 138 68
v 10112 297 149
v 10113 129 68
v 10115 120 60
v 10119 278 119
v 10120 160 79
v 10121 98 55
v 10122 55 34
v 10129 84 45
v 10139 41 20
v 10281 59 31
v 10282 145 70
v 10283 67 34
v 10284 81 33
v 10285 54 23
v 10286 38 17
v 10287 76 44
v 10288 129 60
v 10289 147 65
v 10290 39 13
v 10291 39 24
v 10292 21 7
v 10293 145 71
v 10294 202 102
v 10295 81 32
v 10296 56 18
v 10297 28 12
v 10298 33 17
v 10299 29 17
v 10300 112 53
v 10301 22 9
v 10302 106 41
v 10303 56 32
v 10304 86 44
v 10305 8 5
v 10306 4 3
v 10307 96 42
v 10308 104 51
v 10309 68 43
v 10310 68 33
v 10311 197 85
v 10312 44 20
v 10313 25 14
v 10314 233 110
v 10315 116 64
v 10316 147 62
v 10317 14 8
v 10318 22 11
v 10319 23 10
v 10320 19 10
v 10321 37 19
v 10322 16 11
v 10323 25 13
v 10324 165 75
v 10325 172 92
v 10326 328 152
v 10327 122 53
v 10328 167 70
v 10329 10 5
v 10330 42 20
v 10331 35 21
v 10332 19 9
v 10333 243 107
v 10334 29 11
v 10335 21 7
v 10336 81 30
v 10337 160 82
v 10338 57 24
v 10339 38 22
v 10340 76 43
v 10341 134 61
v 10342 47 25
v 10343 9 5
v 10344 235 87
v 10345 146 61
v 10346 108 50
v 10347 54 21
v 10348 79 37
v 10349 62 37
v 10350 83 40
v 10351 63 28
v 10352 66 37
v 10353 46 22
v 10354 50 27
v 10359 121 57
v 10360 56 26
v 10361 92 43
v 10363 145 74
v 10366 54 24
v 10368 130 62
v 10369 60 26
v 10371 77 41
v 10375 143 56
v 10376 77 36
v 10377 44 22
v 10378 33 13
v 10385 53 27
v 10395 26 13
v 10538 183 80
v 10539 104 59
v 10540 115 49
v 10541 67 31
v 10542 50 33
v 10543 89 50
v 10544 172 85
v 10545 209 121
v 10546 60 31
v 10547 57 27
v 10548 29 13
v 10549 185 97
v 10550 287 138
v 10551 123 72
v 10552 49 22
v 10553 39 14
v 10554 42 22
v 10555 48 30
v 10556 150 63
v 10557 16 10
v 10558 119 57
v 10559 82 47
v 10560 103 61
v 10561 9 5
v 10562 5 3
v 10563 132 68
v 10564 135 70
v 10565 113 59
v 10566 138 63
v 10567 319 152
v 10568 58 31
v 10569 36 14
v 10570 320 149
v 10571 128 63
v 10572 225 102
v 10573 14 4
v 10574 44 23
v 10575 27 8
v 10576 52 32
v 10577 45 22
v 10578 17 8
v 10579 32 16
v 10580 196 86
v 10581 223 110
v 10582 387 179
v 10583 141 76
v 10584 216 107
v 10585 8 5
v 10586 68 33
v 10587 54 27
v 10588 29 19
v 10589 291 135
v 10590 21 9
v 10591 40 25
v 10592 92 48
v 10593 200 98
v 10594 76 40
v 10595 40 19
v 10596 137 73
v 10597 177 81
v 10598 46 27
v 10599 19 10
v 10600 238 109
v 10601 163 89
v 10602 131 67
v 10603 96 58
v 10604 93 55
v 10605 114 63
v 10606 88 41
v 10607 100 43
v 10608 109 49
v 10609 52 24
v 10610 83 31
v 10615 121 63
v 10616 84 39
v 10617 107 52
v 10619 164 96
v 10622 92 48
v 10624 201 101
v 10625 122 64
v 10627 83 38
v 10631 199 92
v 10632 111 56
v 10633 68 43
v 10634 37 21
v 10641 58 28
v 10651 32 21
v 10795 177 100
v 10796 190 93
v 10797 103 67
v 10798 103 62
v 10799 138 75
v 10800 302 168
v 10801 367 190
v 10802 98 47
v 10803 83 46
v 10804 54 27
v 10805 223 137
v 10806 381 190
v 10807 137 65
v 10808 99 54
v 10809 36 21
v 10810 55 30
v 10811 92 59
v 10812 278 147
v 10813 24 14
v 10814 182 85
v 10815 91 39
v 10816 171 96
v 10817 16 13
v 10818 6 3
v 10819 212 115
v 10820 260 128
v 10821 230 145
v 10822 174 112
v 10823 470 239
v 10824 104 57
v 10825 63 34
v 10826 484 225
v 10827 249 138
v 10828 333 176
v 10829 45 24
v 10830 67 34
v 10831 54 32
v 10832 59 34
v 10833 69 42
v 10834 45 21
v 10835 59 38
v 10836 338 188
v 10837 315 161
v 10838 612 309
v 10839 277 157
v 10840 360 211
v 10841 16 5
v 10842 79 33
v 10843 80 47
v 10844 33 13
v 10845 426 219
v 10846 61 35
v 10847 50 28
v 10848 172 97
v 10849 310 184
v 10850 142 73
v 10851 83 40
v 10852 174 91
v 10853 297 180
v 10854 59 32
v 10855 22 12
v 10856 502 276
v 10857 302 148
v 10858 247 136
v 10859 141 84
v 10860 162 83
v 10861 157 84
v 10862 127 51
v 10863 138 73
v 10864 173 93
v 10865 86 40
v 10866 115 68
v 10871 215 106
v 10872 131 66
v 10873 184 101
v 10875 277 158
v 10878 141 85
v 10880 298 144
v 10881 117 59
v 10883 146 73
v 10887 314 153
v 10888 165 102
v 10889 87 53
v 10890 44 23
v 10897 85 60
v 10907 35 20
v 11052 89 45
v 11053 58 34
v 11054 65 33
v 11055 79 43
v 11056 184 91
v 11057 228 109
v 11058 58 23
v 11059 43 20
v 11060 34 18
v 11061 122 66
v 11062 223 123
v 11063 86 44
v 11064 59 24
v 11065 41 23
v 11066 34 21
v 11067 53 28
v 11068 126 53
v 11069 13 6
v 11070 122 51
v 11071 40 20
v 11072 82 45
v 11073 8 5
v 11074 3 1
v 11075 95 44
v 11076 91 41
v 11077 97 48
v 11078 99 46
v 11079 206 78
v 11080 50 28
v 11081 27 18
v 11082 307 132
v 11083 128 61
v 11084 201 93
v 11085 21 8
v 11086 44 18
v 11087 25 14
v 11088 34 19
v 11089 36 14
v 11090 14 7
v 11091 38 16
v 11092 177 88
v 11093 199 90
v 11094 358 170
v 11095 186 89
v 11096 206 93
v 11097 9 1
v 11098 64 24
v 11099 34 21
v 11100 19 6
v 11101 203 95
v 11102 22 10
v 11103 32 20
v 11104 98 55
v 11105 171 73
v 11106 69 30
v 11107 33 14
v 11108 96 41
v 11109 142 81
v 11110 40 20
v 11111 6 6
v 11112 191 82
v 11113 149 69
v 11114 115 60
v 11115 91 48
v 11116 84 48
v 11117 84 42
v 11118 106 43
v 11119 93 41
v 11120 123 59
v 11121 38 14
v 11122 77 39
v 11127 103 51
v 11128 66 37
v 11129 106 44
v 11131 148 72
v 11134 72 36
v 11136 165 81
v 11137 73 32
v 11139 88 54
v 11143 159 79
v 11144 100 46
v 11145 60 31
v 11146 48 20
v 11153 60 36
v 11163 31 16
v 11309 75 40
v 11310 75 36
v 11311 103 48
v 11312 233 98
v 11313 247 120
v 11314 80 34
v 11315 73 41
v 11316 48 23
v 11317 205 121
v 11318 307 149
v 11319 98 48
v 11320 58 28
v 11321 27 11
v 11322 28 17
v 11323 50 37
v 11324 158 85
v 11325 23 10
v 11326 150 67
v 11327 88 49
v 11328 137 68
v 11329 21 13
v 11330 10 5
v 11331 159 79
v 11332 177 82
v 11333 95 47
v 11334 135 64
v 11335 316 138
v 11336 99 54
v 11337 38 18
v 11338 416 203
v 11339 161 79
v 11340 226 107
v 11341 27 12
v 11342 52 27
v 11343 44 23
v 11344 49 24
v 11345 46 24
v 11346 24 13
v 11347 55 34
v 11348 226 108
v 11349 250 130
v 11350 546 278
v 11351 234 120
v 11352 187 80
v 11353 14 9
v 11354 82 39
v 11355 70 41
v 11356 32 12
v 11357 273 129
v 11358 44 22
v 11359 37 20
v 11360 106 49
v 11361 241 117
v 11362 84 46
v 11363 50 26
v 11364 152 82
v 11365 187 95
v 11366 49 27
v 11367 12 4
v 11368 281 130
v 11369 183 82
v 11370 184 80
v 11371 97 46
v 11372 122 71
v 11373 116 60
v 11374 65 27
v 11375 105 47
v 11376 142 59
v 11377 68 36
v 11378 100 61
v 11383 133 57
v 11384 76 37
v 11385 131 68
v 11387 196 95
v 11390 103 51
v 11392 232 117
v 11393 119 65
v 11395 114 62
v 11399 219 74
v 11400 115 52
v 11401 67 31
v 11402 40 16
v 11409 69 42
v 11419 30 15
v 11566 41 17
v 11567 62 35
v 11568 139 74
v 11569 145 72
v 11570 51 25
v 11571 32 14
v 11572 29 17
v 11573 113 67
v 11574 137 69
v 11575 55 22
v 11576 35 17
v 11577 14 5
v 11578 21 9
v 11579 33 17
v 11580 101 41
v 11581 17 7
v 11582 80 36
v 11583 37 21
v 11584 61 29
v 11585 7 3
v 11586 1 1
v 11587 76 28
v 11588 72 36
v 11589 65 35
v 11590 60 30
v 11591 160 67
v 11592 47 33
v 11593 16 9
v 11594 204 104
v 11595 86 48
v 11596 151 76
v 11597 6 5
v 11598 42 23
v 11599 24 16
v 11600 26 13
v 11601 20 6
v 11602 14 7
v 11603 30 13
v 11604 129 69
v 11605 119 67
v 11606 282 147
v 11607 110 64
v 11608 108 53
v 11609 3 2
v 11610 44 24
v 11611 35 19
v 11612 16 2
v 11613 137 74
v 11614 32 20
v 11615 12 7
v 11616 57 33
v 11617 105 49
v 11618 48 29
v 11619 27 16
v 11620 67 34
v 11621 115 61
v 11622 23 15
v 11623 4 4
v 11624 142 75
v 11625 112 52
v 11626 90 42
v 11627 56 26
v 11628 65 39
v 11629 52 26
v 11630 56 21
v 11631 61 33
v 11632 67 32
v 11633 29 12
v 11634 35 20
v 11639 73 42
v 11640 49 30
v 11641 64 34
v 11643 115 58
v 11646 50 20
v 11648 119 56
v 11649 47 18
v 11651 65 30
v 11655 105 43
v 11656 53 28
v 11657 43 23
v 11658 60 28
v 11665 44 20
v 11675 18 10
v 11823 60 32
v 11824 145 67
v 11825 172 69
v 11826 52 21
v 11827 34 18
v 11828 26 19
v 11829 99 57
v 11830 183 82
v 11831 80 30
v 11832 34 9
v 11833 18 13
v 11834 15 11
v 11835 36 16
v 11836 99 61
v 11837 17 10
v 11838 89 40
v 11839 52 31
v 11840 62 28
v 11841 12 6
v 11842 5 3
v 11843 97 36
v 11844 99 43
v 11845 67 37
v 11846 83 34
v 11847 149 67
v 11848 43 19
v 11849 18 10
v 11850 249 104
v 11851 96 42
v 11852 141 67
v 11853 12 5
v 11854 26 12
v 11855 18 12
v 11856 27 11
v 11857 27 14
v 11858 16 8
v 11859 29 17
v 11860 118 53
v 11861 148 76
v 11862 305 140
v 11863 120 55
v 11864 177 79
v 11865 14 10
v 11866 39 13
v 11867 51 26
v 11868 24 10
v 11869 138 60
v 11870 9 2
v 11871 18 9
v 11872 59 22
v 11873 172 84
v 11874 49 28
v 11875 27 14
v 11876 94 49
v 11877 120 55
v 11878 18 9
v 11879 12 7
v 11880 184 83
v 11881 176 84
v 11882 112 54
v 11883 53 22
v 11884 57 22
v 11885 95 46
v 11886 59 33
v 11887 77 36
v 11888 74 36
v 11889 42 20
v 11890 49 22
v 11895 87 36
v 11896 44 20
v 11897 81 37
v 11899 113 50
v 11902 60 29
v 11904 144 76
v 11905 46 24
v 11907 63 26
v 11911 122 51
v 11912 83 41
v 11913 42 23
v 11914 23 16
v 11921 48 17
v 11931 23 11
v 12080 165 72
v 12081 214 114
v 12082 55 27
v 12083 39 23
v 12084 35 16
v 12085 139 72
v 12086 215 99
v 12087 67 30
v 12088 72 30
v 12089 24 13
v 12090 42 25
v 12091 79 50
v 12092 128 60
v 12093 13 6
v 12094 131 52
v 12095 57 26
v 12096 93 48
v 12097 13 6
v 12098 5 3
v 12099 129 55
v 12100 131 50
v 12101 94 52
v 12102 102 42
v 12103 247 125
v 12104 56 29
v 12105 22 14
v 12106 266 122
v 12107 126 73
v 12108 237 113
v 12109 13 8
v 12110 32 15
v 12111 28 13
v 12112 32 15
v 12113 38 16
v 12114 19 9
v 12115 29 13
v 12116 161 86
v 12117 208 104
v 12118 383 182
v 12119 149 78
v 12120 204 83
v 12121 5 0
v 12122 47 22
v 12123 57 31
v 12124 9 5
v 12125 210 123
v 12126 17 5
v 12127 22 11
v 12128 104 46
v 12129 159 90
v 12130 102 55
v 12131 46 25
v 12132 83 51
v 12133 168 85
v 12134 33 12
v 12135 14 8
v 12136 205 90
v 12137 144 56
v 12138 100 49
v 12139 70 27
v 12140 95 42
v 12141 101 56
v 12142 85 42
v 12143 77 39
v 12144 113 56
v 12145 46 17
v 12146 70 41
v 12151 118 61
v 12152 54 24
v 12153 85 38
v 12155 143 77
v 12158 80 40
v 12160 180 81
v 12161 73 34
v 12163 74 34
v 12167 153 73
v 12168 89 50
v 12169 53 23
v 12170 33 21
v 12177 53 22
v 12187 32 21
v 12337 503 222
v 12338 155 71
v 12339 97 52
v 12340 94 45
v 12341 268 148
v 12342 545 235
v 12343 189 81
v 12344 112 53
v 12345 81 34
v 12346 71 31
v 12347 95 53
v 12348 316 147
v 12349 63 32
v 12350 269 101
v 12351 137 73
v 12352 188 91
v 12353 23 11
v 12354 13 8
v 12355 251 125
v 12356 272 128
v 12357 189 98
v 12358 235 118
v 12359 515 237
v 12360 117 63
v 12361 59 39
v 12362 701 340
v 12363 245 140
v 12364 449 210
v 12365 50 19
v 12366 110 51
v 12367 76 43
v 12368 89 47
v 12369 100 41
v 12370 38 14
v 12371 87 50
v 12372 334 163
v 12373 475 257
v 12374 784 398
v 12375 323 156
v 12376 363 172
v 12377 30 9
v 12378 120 55
v 12379 163 96
v 12380 57 25
v 12381 513 250
v 12382 71 37
v 12383 56 22
v 12384 177 100
v 12385 414 210
v 12386 193 105
v 12387 86 54
v 12388 247 127
v 12389 276 148
v 12390 77 44
v 12391 32 21
v 12392 422 203
v 12393 381 186
v 12394 286 148
v 12395 198 103
v 12396 156 90
v 12397 326 175
v 12398 205 96
v 12399 206 101
v 12400 305 164
v 12401 130 59
v 12402 169 94
v 12407 247 126
v 12408 159 88
v 12409 281 148
v 12411 361 177
v 12414 189 99
v 12416 409 225
v 12417 141 75
v 12419 230 122
v 12423 419 213
v 12424 259 143
v 12425 145 71
v 12426 75 45
v 12433 140 86
v 12443 65 30
v 12594 157 78
v 12595 113 62
v 12596 88 44
v 12597 348 200
v 12598 557 283
v 12599 261 119
v 12600 139 73
v 12601 79 37
v 12602 81 41
v 12603 136 92
v 12604 397 200
v 12605 57 37
v 12606 341 165
v 12607 156 92
v 12608 228 124
v 12609 33 20
v 12610 15 12
v 12611 293 138
v 12612 277 138
v 12613 268 148
v 12614 261 138
v 12615 608 277
v 12616 126 65
v 12617 65 36
v 12618 785 395
v 12619 349 175
v 12620 552 257
v 12621 55 35
v 12622 119 53
v 12623 75 51
v 12624 89 49
v 12625 66 35
v 12626 58 32
v 12627 85 52
v 12628 441 224
v 12629 490 271
v 12630 1001 504
v 12631 458 232
v 12632 516 267
v 12633 23 12
v 12634 148 62
v 12635 131 65
v 12636 64 22
v 12637 640 351
v 12638 68 33
v 12639 46 25
v 12640 203 116
v 12641 474 258
v 12642 235 128
v 12643 87 46
v 12644 242 123
v 12645 395 230
v 12646 94 46
v 12647 51 24
v 12648 613 310
v 12649 440 243
v 12650 343 172
v 12651 228 134
v 12652 230 142
v 12653 298 176
v 12654 230 108
v 12655 212 120
v 12656 296 180
v 12657 131 61
v 12658 193 122
v 12663 340 191
v 12664 184 106
v 12665 285 162
v 12667 451 238
v 12670 200 107
v 12672 438 243
v 12673 182 99
v 12675 240 133
v 12679 457 222
v 12680 286 153
v 12681 151 88
v 12682 87 50
v 12689 149 93
v 12699 92 48
v 12851 40 21
v 12852 37 12
v 12853 86 46
v 12854 158 85
v 12855 60 36
v 12856 30 21
v 12857 21 8
v 12858 20 11
v 12859 30 14
v 12860 98 58
v 12861 20 8
v 12862 81 32
v 12863 49 27
v 12864 93 49
v 12865 6 2
v 12866 3 2
v 12867 110 52
v 12868 101 55
v 12869 62 33
v 12870 57 26
v 12871 153 66
v 12872 43 26
v 12873 23 17
v 12874 213 101
v 12875 86 45
v 12876 155 79
v 12877 23 10
v 12878 32 15
v 12879 26 14
v 12880 33 19
v 12881 24 13
v 12882 23 16
v 12883 17 11
v 12884 118 65
v 12885 163 76
v 12886 266 156
v 12887 112 61
v 12888 129 68
v 12889 5 4
v 12890 49 22
v 12891 68 26
v 12892 16 7
v 12893 167 85
v 12894 13 7
v 12895 19 10
v 12896 54 33
v 12897 133 63
v 12898 48 27
v 12899 32 14
v 12900 86 46
v 12901 114 60
v 12902 30 17
v 12903 10 9
v 12904 115 57
v 12905 145 86
v 12906 92 53
v 12907 52 26
v 12908 44 24
v 12909 87 47
v 12910 67 32
v 12911 72 32
v 12912 109 61
v 12913 63 30
v 12914 56 32
v 12919 80 42
v 12920 42 24
v 12921 78 38
v 12923 134 81
v 12926 64 34
v 12928 138 67
v 12929 50 21
v 12931 73 35
v 12935 129 68
v 12936 75 39
v 12937 41 25
v 12938 21 15
v 12945 39 23
v 12955 23 13
v 13108 21 7
v 13109 75 42
v 13110 129 60
v 13111 42 22
v 13112 33 15
v 13113 14 8
v 13114 15 9
v 13115 26 10
v 13116 66 30
v 13117 19 5
v 13118 66 23
v 13119 27 14
v 13120 57 30
v 13121 3 2
v 13122 7 4
v 13123 58 24
v 13124 73 29
v 13125 61 35
v 13126 59 34
v 13127 157 64
v 13128 31 10
v 13129 20 9
v 13130 154 67
v 13131 63 36
v 13132 132 63
v 13133 10 2
v 13134 28 17
v 13135 12 5
v 13136 26 11
v 13137 19 4
v 13138 12 2
v 13139 20 8
v 13140 96 55
v 13141 104 47
v 13142 240 121
v 13143 81 47
v 13144 98 40
v 13145 3 0
v 13146 41 21
v 13147 26 6
v 13148 10 4
v 13149 123 66
v 13150 12 5
v 13151 16 6
v 13152 58 23
v 13153 97 49
v 13154 52 21
v 13155 29 17
v 13156 69 37
v 13157 74 33
v 13158 12 7
v 13159 5 3
v 13160 142 64
v 13161 80 37
v 13162 72 39
v 13163 56 28
v 13164 68 33
v 13165 73 41
v 13166 39 14
v 13167 40 26
v 13168 62 24
v 13169 24 8
v 13170 41 19
v 13175 54 26
v 13176 31 16
v 13177 65 25
v 13179 118 72
v 13182 43 23
v 13184 89 45
v 13185 40 18
v 13187 46 19
v 13191 89 38
v 13192 48 23
v 13193 18 8
v 13194 19 9
v 13201 34 21
v 13211 12 4
v 13365 60 29
v 13366 78 45
v 13367 40 20
v 13368 20 12
v 13369 13 5
v 13370 13 8
v 13371 21 13
v 13372 43 22
v 13373 7 2
v 13374 61 24
v 13375 23 15
v 13376 24 10
v 13377 5 2
v 13378 2 1
v 13379 43 23
v 13380 60 34
v 13381 55 33
v 13382 31 16
v 13383 93 50
v 13384 16 11
v 13385 11 6
v 13386 127 66
v 13387 54 31
v 13388 82 41
v 13389 9 3
v 13390 18 9
v 13391 13 8
v 13392 13 7
v 13393 18 13
v 13394 9 6
v 13395 15 9
v 13396 73 33
v 13397 81 48
v 13398 159 82
v 13399 62 33
v 13400 67 26
v 13401 4 4
v 13402 15 5
v 13403 22 13
v 13404 8 2
v 13405 135 76
v 13406 11 5
v 13407 7 5
v 13408 32 18
v 13409 81 46
v 13410 38 24
v 13411 13 8
v 13412 53 30
v 13413 59 25
v 13414 16 7
v 13415 4 0
v 13416 85 37
v 13417 70 35
v 13418 53 29
v 13419 40 21
v 13420 36 20
v 13421 46 23
v 13422 30 10
v 13423 36 22
v 13424 48 27
v 13425 20 11
v 13426 20 8
v 13431 53 25
v 13432 29 18
v 13433 51 29
v 13435 68 42
v 13438 28 13
v 13440 78 43
v 13441 32 14
v 13443 39 15
v 13447 66 40
v 13448 33 20
v 13449 21 15
v 13450 12 4
v 13457 31 16
v 13467 16 10
v 13622 365 161
v 13623 133 57
v 13624 76 32
v 13625 35 12
v 13626 40 22
v 13627 71 39
v 13628 201 78
v 13629 30 11
v 13630 225 85
v 13631 106 50
v 13632 174 74
v 13633 20 6
v 13634 10 3
v 13635 204 76
v 13636 212 88
v 13637 161 73
v 13638 194 98
v 13639 326 137
v 13640 84 39
v 13641 62 27
v 13642 560 246
v 13643 193 95
v 13644 328 136
v 13645 36 17
v 13646 64 22
v 13647 47 20
v 13648 57 26
v 13649 61 31
v 13650 37 19
v 13651 53 30
v 13652 288 126
v 13653 333 139
v 13654 690 295
v 13655 281 138
v 13656 339 129
v 13657 12 5
v 13658 82 31
v 13659 68 26
v 13660 21 7
v 13661 362 149
v 13662 31 16
v 13663 36 17
v 13664 152 68
v 13665 317 133
v 13666 153 70
v 13667 71 36
v 13668 169 71
v 13669 244 108
v 13670 53 23
v 13671 18 6
v 13672 384 165
v 13673 287 124
v 13674 202 90
v 13675 133 54
v 13676 154 72
v 13677 179 78
v 13678 141 55
v 13679 123 49
v 13680 154 70
v 13681 68 27
v 13682 127 60
v 13687 185 85
v 13688 128 52
v 13689 162 73
v 13691 281 127
v 13694 121 60
v 13696 316 147
v 13697 126 48
v 13699 145 63
v 13703 318 114
v 13704 146 57
v 13705 83 46
v 13706 61 30
v 13713 84 43
v 13723 55 22
v 13879 179 101
v 13880 139 73
v 13881 66 31
v 13882 87 48
v 13883 115 73
v 13884 286 140
v 13885 56 34
v 13886 284 145
v 13887 150 78
v 13888 266 145
v 13889 22 12
v 13890 7 4
v 13891 351 172
v 13892 263 141
v 13893 251 122
v 13894 314 169
v 13895 600 293
v 13896 116 58
v 13897 85 52
v 13898 867 466
v 13899 287 141
v 13900 543 256
v 13901 40 24
v 13902 130 65
v 13903 61 38
v 13904 105 58
v 13905 95 37
v 13906 48 26
v 13907 100 55
v 13908 544 296
v 13909 511 275
v 13910 937 503
v 13911 457 248
v 13912 517 250
v 13913 32 17
v 13914 154 81
v 13915 132 73
v 13916 49 22
v 13917 677 365
v 13918 67 34
v 13919 72 37
v 13920 274 167
v 13921 500 242
v 13922 200 119
v 13923 99 52
v 13924 255 130
v 13925 353 174
v 13926 95 48
v 13927 21 6
v 13928 631 330
v 13929 527 271
v 13930 328 179
v 13931 252 135
v 13932 296 169
v 13933 302 174
v 13934 281 156
v 13935 203 97
v 13936 275 145
v 13937 117 52
v 13938 224 129
v 13943 378 202
v 13944 190 98
v 13945 282 137
v 13947 432 253
v 13950 172 87
v 13952 446 256
v 13953 226 128
v 13955 239 133
v 13959 441 218
v 13960 226 122
v 13961 170 102
v 13962 94 54
v 13969 157 79
v 13979 84 48
v 14136 65 30
v 14137 25 13
v 14138 38 23
v 14139 51 35
v 14140 148 74
v 14141 18 9
v 14142 120 63
v 14143 60 30
v 14144 96 49
v 14145 16 7
v 14146 4 2
v 14147 94 47
v 14148 121 64
v 14149 111 53
v 14150 84 41
v 14151 210 98
v 14152 43 27
v 14153 20 12
v 14154 335 163
v 14155 137 74
v 14156 216 102
v 14157 27 11
v 14158 44 18
v 14159 18 8
v 14160 48 21
v 14161 42 27
v 14162 18 8
v 14163 26 17
v 14164 161 86
v 14165 200 105
v 14166 389 185
v 14167 157 84
v 14168 171 71
v 14169 8 5
v 14170 66 32
v 14171 69 36
v 14172 24 12
v 14173 253 138
v 14174 11 7
v 14175 23 10
v 14176 83 38
v 14177 207 94
v 14178 74 43
v 14179 40 15
v 14180 107 54
v 14181 150 75
v 14182 32 20
v 14183 16 7
v 14184 252 126
v 14185 195 101
v 14186 170 88
v 14187 97 49
v 14188 99 59
v 14189 134 80
v 14190 93 41
v 14191 77 32
v 14192 170 92
v 14193 51 26
v 14194 62 42
v 14199 123 70
v 14200 57 31
v 14201 118 61
v 14203 220 115
v 14206 96 56
v 14208 225 103
v 14209 88 46
v 14211 111 47
v 14215 184 84
v 14216 106 56
v 14217 64 31
v 14218 31 19
v 14225 71 35
v 14235 45 22
v 14393 16 8
v 14394 28 16
v 14395 23 11
v 14396 95 45
v 14397 11 5
v 14398 46 13
v 14399 28 18
v 14400 56 31
v 14401 8 6
v 14402 5 2
v 14403 62 31
v 14404 83 48
v 14405 77 36
v 14406 57 28
v 14407 126 52
v 14408 34 22
v 14409 15 6
v 14410 150 73
v 14411 82 36
v 14412 128 61
v 14413 13 8
v 14414 28 11
v 14415 23 9
v 14416 23 11
v 14417 19 8
v 14418 13 5
v 14419 23 15
v 14420 110 55
v 14421 138 79
v 14422 234 126
v 14423 86 41
v 14424 132 70
v 14425 5 3
v 14426 39 19
v 14427 27 11
v 14428 11 5
v 14429 137 66
v 14430 11 6
v 14431 10 5
v 14432 41 20
v 14433 89 53
v 14434 44 27
v 14435 19 9
v 14436 51 27
v 14437 104 57
v 14438 25 10
v 14439 8 1
v 14440 132 60
v 14441 85 40
v 14442 77 36
v 14443 45 31
v 14444 62 33
v 14445 53 28
v 14446 54 25
v 14447 61 28
v 14448 52 25
v 14449 25 11
v 14450 41 23
v 14455 74 42
v 14456 39 23
v 14457 57 27
v 14459 95 51
v 14462 47 19
v 14464 101 58
v 14465 40 16
v 14467 49 24
v 14471 90 49
v 14472 56 29
v 14473 46 26
v 14474 14 8
v 14481 39 24
v 14491 13 6
v 14650 11 6
v 14651 15 9
v 14652 38 17
v 14653 9 3
v 14654 38 17
v 14655 18 11
v 14656 28 17
v 14657 9 6
v 14658 1 0
v 14659 40 21
v 14660 34 19
v 14661 41 21
v 14662 44 21
v 14663 81 34
v 14664 12 5
v 14665 12 7
v 14666 128 64
v 14667 34 19
v 14668 72 34
v 14669 7 3
v 14670 13 7
v 14671 12 11
v 14672 18 8
v 14673 7 6
v 14674 6 1
v 14675 7 5
v 14676 65 27
v 14677 69 39
v 14678 137 63
v 14679 56 28
v 14680 60 29
v 14681 2 1
v 14682 18 9
v 14683 20 11
v 14684 10 5
v 14685 68 36
v 14686 9 2
v 14687 11 7
v 14688 26 11
v 14689 54 27
v 14690 26 16
v 14691 14 7
v 14692 40 20
v 14693 47 22
v 14694 21 13
v 14695 4 3
v 14696 67 40
v 14697 84 40
v 14698 35 21
v 14699 25 12
v 14700 25 16
v 14701 42 19
v 14702 24 9
v 14703 28 11
v 14704 48 19
v 14705 18 8
v 14706 26 13
v 14711 38 21
v 14712 29 11
v 14713 36 19
v 14715 60 31
v 14718 28 14
v 14720 56 26
v 14721 32 16
v 14723 30 15
v 14727 68 29
v 14728 39 28
v 14729 18 11
v 14730 21 7
v 14737 22 14
v 14747 4 1
v 14907 17 10
v 14908 43 16
v 14909 11 8
v 14910 67 30
v 14911 24 11
v 14912 31 15
v 14913 2 0
v 14914 3 2
v 14915 43 20
v 14916 42 20
v 14917 51 24
v 14918 40 17
v 14919 78 35
v 14920 17 9
v 14921 7 1
v 14922 108 46
v 14923 54 28
v 14924 79 36
v 14925 5 2
v 14926 9 4
v 14927 16 10
v 14928 11 5
v 14929 18 12
v 14930 10 6
v 14931 8 4
v 14932 52 26
v 14933 78 37
v 14934 151 72
v 14935 50 23
v 14936 64 23
v 14937 2 0
v 14938 18 8
v 14939 23 11
v 14940 9 6
v 14941 84 32
v 14942 13 8
v 14943 10 3
v 14944 24 11
v 14945 64 30
v 14946 36 17
v 14947 11 6
v 14948 46 28
v 14949 46 26
v 14950 10 3
v 14951 8 4
v 14952 73 38
v 14953 59 22
v 14954 48 24
v 14955 38 13
v 14956 27 13
v 14957 34 18
v 14958 36 12
v 14959 29 13
v 14960 37 23
v 14961 20 8
v 14962 17 9
v 14967 45 18
v 14968 28 13
v 14969 44 21
v 14971 78 33
v 14974 19 12
v 14976 55 27
v 14977 30 8
v 14979 33 15
v 14983 62 25
v 14984 34 13
v 14985 30 11
v 14986 13 8
v 14993 30 15
v 15003 12 8
v 15164 77 38
v 15165 11 5
v 15166 64 17
v 15167 30 10
v 15168 52 26
v 15169 6 3
v 15170 3 2
v 15171 59 26
v 15172 42 21
v 15173 50 22
v 15174 45 21
v 15175 124 47
v 15176 31 15
v 15177 19 8
v 15178 148 61
v 15179 94 40
v 15180 138 51
v 15181 15 10
v 15182 31 13
v 15183 16 12
v 15184 27 11
v 15185 21 10
v 15186 13 5
v 15187 33 15
v 15188 105 46
v 15189 126 69
v 15190 238 106
v 15191 86 32
v 15192 101 45
v 15193 6 1
v 15194 34 16
v 15195 42 21
v 15196 4 1
v 15197 118 57
v 15198 13 7
v 15199 24 6
v 15200 47 22
v 15201 94 36
v 15202 47 22
v 15203 21 10
v 15204 54 26
v 15205 90 44
v 15206 22 9
v 15207 5 2
v 15208 130 53
v 15209 105 44
v 15210 83 48
v 15211 47 21
v 15212 45 21
v 15213 63 26
v 15214 41 15
v 15215 50 19
v 15216 74 30
v 15217 30 11
v 15218 48 21
v 15223 69 30
v 15224 34 17
v 15225 59 25
v 15227 76 38
v 15230 54 20
v 15232 69 39
v 15233 48 19
v 15235 52 26
v 15239 99 45
v 15240 50 20
v 15241 28 16
v 15242 12 7
v 15249 32 16
v 15259 17 10
v 15421 41 12
v 15422 128 60
v 15423 89 45
v 15424 143 80
v 15425 9 6
v 15426 2 2
v 15427 201 92
v 15428 222 129
v 15429 167 101
v 15430 143 70
v 15431 338 147
v 15432 74 44
v 15433 36 19
v 15434 472 231
v 15435 218 121
v 15436 297 156
v 15437 48 23
v 15438 70 31
v 15439 46 29
v 15440 71 45
v 15441 61 37
v 15442 27 9
v 15443 52 25
v 15444 244 132
v 15445 310 161
v 15446 690 381
v 15447 254 121
v 15448 307 145
v 15449 22 7
v 15450 85 46
v 15451 81 42
v 15452 31 11
v 15453 316 177
v 15454 44 22
v 15455 39 17
v 15456 118 65
v 15457 290 164
v 15458 126 61
v 15459 69 32
v 15460 160 86
v 15461 226 125
v 15462 44 25
v 15463 17 6
v 15464 360 178
v 15465 250 129
v 15466 176 93
v 15467 110 54
v 15468 150 77
v 15469 170 96
v 15470 122 59
v 15471 199 110
v 15472 220 122
v 15473 75 33
v 15474 120 66
v 15479 177 82
v 15480 116 77
v 15481 184 96
v 15483 263 156
v 15486 136 72
v 15488 271 145
v 15489 116 54
v 15491 143 69
v 15495 253 117
v 15496 134 74
v 15497 105 56
v 15498 43 23
v 15505 93 53
v 15515 47 27
v 15678 40 20
v 15679 8 4
v 15680 15 9
v 15681 2 1
v 15682 1 0
v 15683 25 16
v 15684 26 13
v 15685 15 8
v 15686 21 11
v 15687 47 14
v 15688 12 6
v 15689 7 5
v 15690 87 45
v 15691 27 16
v 15692 41 19
v 15693 8 2
v 15694 12 5
v 15695 8 4
v 15696 9 5
v 15697 10 7
v 15698 8 3
v 15699 9 9
v 15700 37 20
v 15701 37 23
v 15702 89 45
v 15703 31 16
v 15704 38 15
v 15705 3 1
v 15706 24 12
v 15707 21 10
v 15708 15 5
v 15709 38 17
v 15710 9 5
v 15711 6 5
v 15712 15 8
v 15713 39 23
v 15714 15 9
v 15715 8 6
v 15716 20 8
v 15717 35 17
v 15718 11 7
v 15719 2 2
v 15720 54 24
v 15721 46 22
v 15722 22 11
v 15723 16 7
v 15724 16 7
v 15725 31 19
v 15726 16 9
v 15727 27 15
v 15728 32 19
v 15729 24 11
v 15730 15 11
v 15735 22 9
v 15736 15 7
v 15737 24 11
v 15739 38 14
v 15742 17 7
v 15744 33 20
v 15745 13 10
v 15747 27 13
v 15751 40 18
v 15752 37 24
v 15753 14 7
v 15754 7 4
v 15761 9 3
v 15771 4 3
v 15935 79 51
v 15936 130 77
v 15937 18 11
v 15938 9 3
v 15939 159 98
v 15940 161 97
v 15941 148 91
v 15942 146 79
v 15943 382 190
v 15944 91 49
v 15945 45 23
v 15946 428 237
v 15947 191 111
v 15948 312 157
v 15949 34 19
v 15950 66 34
v 15951 40 24
v 15952 48 30
v 15953 57 28
v 15954 29 11
v 15955 57 33
v 15956 250 134
v 15957 311 180
v 15958 518 294
v 15959 217 116
v 15960 309 173
v 15961 22 11
v 15962 86 56
v 15963 81 48
v 15964 36 13
v 15965 418 211
v 15966 38 20
v 15967 55 26
v 15968 114 72
v 15969 250 146
v 15970 98 61
v 15971 64 37
v 15972 141 72
v 15973 228 131
v 15974 60 42
v 15975 23 14
v 15976 335 187
v 15977 274 141
v 15978 209 131
v 15979 132 71
v 15980 131 81
v 15981 173 117
v 15982 119 66
v 15983 131 78
v 15984 190 111
v 15985 68 31
v 15986 103 67
v 15991 193 110
v 15992 118 73
v 15993 156 87
v 15995 267 159
v 15998 117 58
v 16000 281 158
v 16001 112 64
v 16003 114 62
v 16007 250 134
v 16008 140 75
v 16009 84 53
v 16010 60 33
v 16017 92 57
v 16027 40 25
v 16192 62 31
v 16193 11 4
v 16194 3 0
v 16195 72 30
v 16196 85 34
v 16197 62 31
v 16198 63 29
v 16199 142 64
v 16200 46 27
v 16201 23 9
v 16202 187 89
v 16203 80 41
v 16204 123 57
v 16205 9 6
v 16206 37 11
v 16207 23 12
v 16208 23 11
v 16209 27 14
v 16210 19 9
v 16211 32 19
v 16212 139 64
v 16213 138 74
v 16214 280 121
v 16215 96 43
v 16216 120 50
v 16217 7 3
v 16218 42 21
v 16219 37 19
v 16220 17 5
v 16221 166 82
v 16222 16 7
v 16223 14 10
v 16224 62 30
v 16225 134 65
v 16226 43 24
v 16227 29 15
v 16228 100 49
v 16229 92 41
v 16230 27 14
v 16231 6 6
v 16232 150 59
v 16233 108 43
v 16234 88 49
v 16235 46 23
v 16236 57 33
v 16237 67 42
v 16238 52 23
v 16239 47 27
v 16240 68 33
v 16241 32 17
v 16242 52 28
v 16247 55 21
v 16248 44 18
v 16249 78 40
v 16251 118 61
v 16254 58 24
v 16256 131 65
v 16257 63 30
v 16259 48 25
v 16263 99 43
v 16264 77 45
v 16265 38 18
v 16266 18 10
v 16273 33 12
v 16283 15 7
v 16449 15 6
v 16450 4 3
v 16451 99 38
v 16452 131 66
v 16453 126 63
v 16454 117 52
v 16455 284 117
v 16456 75 37
v 16457 33 16
v 16458 344 175
v 16459 159 73
v 16460 237 98
v 16461 19 8
v 16462 50 20
v 16463 40 21
v 16464 41 20
v 16465 41 21
v 16466 15 4
v 16467 41 27
v 16468 202 93
v 16469 251 129
v 16470 471 199
v 16471 184 96
v 16472 194 80
v 16473 7 3
v 16474 55 25
v 16475 43 20
v 16476 32 16
v 16477 272 131
v 16478 27 12
v 16479 38 17
v 16480 106 61
v 16481 210 104
v 16482 79 43
v 16483 41 20
v 16484 113 56
v 16485 171 90
v 16486 50 23
v 16487 13 5
v 16488 288 114
v 16489 187 81
v 16490 113 55
v 16491 84 35
v 16492 90 40
v 16493 118 57
v 16494 88 37
v 16495 95 43
v 16496 95 50
v 16497 42 24
v 16498 73 39
v 16503 122 63
v 16504 80 36
v 16505 113 45
v 16507 178 97
v 16510 96 42
v 16512 218 117
v 16513 87 40
v 16515 105 52
v 16519 168 77
v 16520 102 57
v 16521 56 20
v 16522 36 17
v 16529 71 35
v 16539 25 9
v 16707 13 6
v 16708 10 7
v 16709 16 8
v 16710 15 9
v 16711 34 14
v 16712 4 2
v 16713 1 0
v 16714 35 15
v 16715 10 4
v 16716 31 19
v 16717 2 1
v 16718 6 2
v 16719 9 4
v 16720 9 6
v 16721 3 2
v 16722 4 2
v 16723 5 4
v 16724 19 12
v 16725 18 7
v 16726 54 27
v 16727 16 8
v 16728 24 9
v 16730 7 3
v 16731 5 3
v 16732 3 1
v 16733 22 13
v 16734 2 1
v 16735 3 2
v 16736 13 8
v 16737 23 10
v 16738 11 6
v 16739 4 3
v 16740 19 9
v 16741 18 11
v 16742 3 0
v 16743 2 0
v 16744 28 12
v 16745 19 8
v 16746 16 7
v 16747 16 7
v 16748 11 3
v 16749 15 9
v 16750 16 9
v 16751 8 4
v 16752 14 5
v 16753 8 3
v 16754 12 9
v 16759 13 7
v 16760 9 4
v 16761 13 7
v 16763 25 11
v 16766 14 7
v 16768 23 12
v 16769 10 7
v 16771 14 8
v 16775 19 12
v 16776 20 9
v 16777 12 9
v 16778 2 2
v 16785 10 3
v 16795 5 3
v 16963 8 4
v 16964 7 5
v 16965 9 8
v 16966 3 1
v 16967 19 9
v 16968 6 2
v 16969 3 2
v 16970 13 6
v 16971 7 6
v 16972 10 2
v 16974 2 1
v 16975 3 3
v 16976 2 1
v 16977 1 0
v 16978 1 1
v 16979 1 1
v 16980 7 2
v 16981 16 7
v 16982 28 11
v 16983 9 6
v 16984 7 3
v 16986 7 3
v 16987 6 5
v 16988 1 0
v 16989 12 4
v 16990 1 0
v 16991 2 0
v 16992 4 1
v 16993 13 6
v 16994 6 2
v 16995 4 2
v 16996 5 1
v 16997 8 5
v 16998 2 2
v 16999 1 1
v 17000 9 3
v 17001 16 11
v 17002 5 3
v 17003 3 0
v 17004 5 3
v 17005 7 6
v 17006 7 5
v 17007 3 3
v 17008 12 8
v 17009 8 3
v 17010 3 1
v 17015 2 1
v 17016 5 5
v 17017 4 3
v 17019 8 3
v 17022 3 1
v 17024 11 4
v 17025 5 3
v 17027 11 5
v 17031 10 6
v 17032 7 1
v 17033 1 1
v 17034 3 1
v 17041 1 0
v 17051 1 0
v 17220 179 112
v 17221 130 75
v 17222 147 90
v 17223 349 174
v 17224 64 36
v 17225 27 14
v 17226 346 160
v 17227 203 114
v 17228 278 144
v 17229 20 10
v 17230 52 22
v 17231 38 25
v 17232 51 25
v 17233 46 21
v 17234 22 5
v 17235 41 27
v 17236 247 137
v 17237 215 111
v 17238 542 296
v 17239 261 132
v 17240 239 105
v 17241 12 4
v 17242 80 38
v 17243 55 32
v 17244 28 14
v 17245 309 155
v 17246 43 22
v 17247 44 20
v 17248 114 55
v 17249 255 149
v 17250 99 49
v 17251 44 20
v 17252 169 82
v 17253 210 112
v 17254 32 12
v 17255 10 6
v 17256 349 181
v 17257 209 109
v 17258 167 88
v 17259 97 53
v 17260 107 53
v 17261 126 73
v 17262 95 45
v 17263 131 70
v 17264 208 109
v 17265 62 31
v 17266 85 49
v 17271 157 94
v 17272 90 48
v 17273 159 88
v 17275 233 142
v 17278 125 67
v 17280 255 143
v 17281 97 59
v 17283 121 56
v 17287 238 119
v 17288 130 68
v 17289 77 40
v 17290 43 24
v 17297 61 31
v 17307 30 17
v 17477 140 71
v 17478 171 70
v 17479 318 144
v 17480 72 30
v 17481 41 16
v 17482 432 205
v 17483 172 94
v 17484 296 134
v 17485 44 22
v 17486 62 27
v 17487 38 27
v 17488 51 25
v 17489 49 21
v 17490 21 7
v 17491 50 31
v 17492 287 145
v 17493 277 150
v 17494 575 284
v 17495 231 114
v 17496 241 120
v 17497 11 5
v 17498 78 35
v 17499 89 41
v 17500 33 13
v 17501 249 131
v 17502 59 27
v 17503 27 14
v 17504 92 49
v 17505 285 142
v 17506 74 34
v 17507 46 21
v 17508 142 71
v 17509 169 83
v 17510 56 33
v 17511 22 11
v 17512 332 160
v 17513 224 109
v 17514 180 96
v 17515 125 62
v 17516 116 57
v 17517 125 70
v 17518 155 75
v 17519 147 65
v 17520 164 81
v 17521 72 29
v 17522 90 48
v 17527 161 80
v 17528 113 59
v 17529 139 64
v 17531 222 126
v 17534 139 64
v 17536 274 129
v 17537 115 52
v 17539 131 66
v 17543 221 106
v 17544 140 64
v 17545 80 42
v 17546 50 30
v 17553 89 46
v 17563 33 17
v 17734 98 45
v 17735 266 136
v 17736 51 30
v 17737 41 19
v 17738 314 154
v 17739 133 67
v 17740 250 115
v 17741 16 7
v 17742 61 30
v 17743 33 14
v 17744 51 29
v 17745 45 18
v 17746 26 8
v 17747 36 20
v 17748 191 104
v 17749 234 129
v 17750 410 197
v 17751 214 106
v 17752 234 104
v 17753 10 4
v 17754 55 25
v 17755 83 39
v 17756 21 5
v 17757 286 145
v 17758 60 30
v 17759 28 13
v 17760 108 56
v 17761 191 86
v 17762 95 45
v 17763 41 16
v 17764 100 47
v 17765 168 82
v 17766 53 28
v 17767 6 2
v 17768 284 137
v 17769 172 83
v 17770 137 62
v 17771 104 50
v 17772 92 50
v 17773 119 58
v 17774 111 50
v 17775 109 51
v 17776 142 59
v 17777 56 19
v 17778 90 49
v 17783 154 65
v 17784 94 42
v 17785 106 48
v 17787 207 117
v 17790 92 51
v 17792 217 106
v 17793 87 44
v 17795 107 54
v 17799 191 85
v 17800 103 48
v 17801 68 32
v 17802 31 16
v 17809 56 33
v 17819 41 22
v 17991 309 137
v 17992 57 32
v 17993 44 28
v 17994 369 190
v 17995 170 84
v 17996 234 101
v 17997 17 9
v 17998 41 14
v 17999 51 32
v 18000 57 31
v 18001 50 26
v 18002 25 12
v 18003 37 21
v 18004 210 95
v 18005 275 136
v 18006 494 258
v 18007 166 79
v 18008 204 101
v 18009 11 6
v 18010 58 28
v 18011 64 30
v 18012 22 8
v 18013 292 153
v 18014 31 18
v 18015 40 28
v 18016 96 55
v 18017 278 143
v 18018 115 72
v 18019 62 30
v 18020 150 69
v 18021 134 68
v 18022 41 23
v 18023 19 9
v 18024 296 144
v 18025 212 90
v 18026 140 70
v 18027 123 63
v 18028 110 60
v 18029 119 72
v 18030 160 75
v 18031 114 55
v 18032 114 67
v 18033 64 33
v 18034 96 47
v 18039 129 64
v 18040 103 57
v 18041 121 50
v 18043 187 105
v 18046 108 62
v 18048 262 134
v 18049 131 62
v 18051 114 56
v 18055 173 82
v 18056 144 76
v 18057 71 40
v 18058 36 19
v 18065 74 42
v 18075 40 16
v 18248 162 90
v 18249 79 41
v 18250 857 419
v 18251 319 182
v 18252 626 292
v 18253 43 21
v 18254 108 55
v 18255 84 48
v 18256 99 55
v 18257 96 57
v 18258 61 26
v 18259 93 65
v 18260 566 298
v 18261 537 285
v 18262 1171 605
v 18263 446 234
v 18264 549 252
v 18265 24 11
v 18266 131 67
v 18267 149 76
v 18268 54 21
v 18269 662 361
v 18270 76 43
v 18271 84 42
v 18272 233 120
v 18273 508 282
v 18274 295 152
v 18275 119 63
v 18276 299 152
v 18277 441 246
v 18278 89 52
v 18279 40 18
v 18280 594 301
v 18281 495 272
v 18282 402 206
v 18283 255 135
v 18284 377 195
v 18285 303 159
v 18286 258 118
v 18287 246 128
v 18288 309 162
v 18289 134 63
v 18290 203 123
v 18295 331 167
v 18296 173 107
v 18297 288 138
v 18299 490 276
v 18302 252 147
v 18304 484 256
v 18305 255 141
v 18307 256 146
v 18311 480 220
v 18312 239 150
v 18313 156 82
v 18314 100 46
v 18321 156 90
v 18331 103 45
v 18505 20 10
v 18506 172 75
v 18507 78 37
v 18508 129 47
v 18509 10 3
v 18510 26 7
v 18511 23 13
v 18512 20 12
v 18513 19 6
v 18514 9 4
v 18515 29 21
v 18516 107 50
v 18517 137 71
v 18518 271 109
v 18519 97 36
v 18520 123 60
v 18521 7 2
v 18522 34 16
v 18523 32 18
v 18524 7 4
v 18525 152 63
v 18526 23 15
v 18527 21 8
v 18528 47 24
v 18529 130 62
v 18530 48 27
v 18531 27 10
v 18532 80 38
v 18533 76 31
v 18534 26 13
v 18535 6 3
v 18536 154 73
v 18537 94 40
v 18538 80 31
v 18539 46 19
v 18540 51 28
v 18541 65 34
v 18542 44 16
v 18543 53 25
v 18544 70 36
v 18545 24 8
v 18546 47 24
v 18551 73 30
v 18552 53 23
v 18553 72 34
v 18555 104 56
v 18558 64 33
v 18560 94 43
v 18561 57 30
v 18563 51 21
v 18567 97 42
v 18568 74 34
v 18569 32 17
v 18570 24 8
v 18577 29 14
v 18587 12 9
v 18762 117 54
v 18763 43 24
v 18764 84 33
v 18765 6 3
v 18766 19 12
v 18767 6 2
v 18768 11 7
v 18769 14 10
v 18770 9 3
v 18771 16 10
v 18772 60 25
v 18773 67 38
v 18774 164 78
v 18775 64 31
v 18776 58 30
v 18777 3 0
v 18778 23 14
v 18779 12 7
v 18780 7 1
v 18781 85 38
v 18782 10 4
v 18783 9 3
v 18784 33 18
v 18785 77 39
v 18786 32 14
v 18787 13 8
v 18788 40 22
v 18789 49 24
v 18790 15 4
v 18791 2 1
v 18792 83 36
v 18793 53 24
v 18794 45 20
v 18795 28 16
v 18796 32 15
v 18797 40 22
v 18798 40 19
v 18799 33 21
v 18800 34 15
v 18801 22 9
v 18802 31 15
v 18807 43 23
v 18808 32 17
v 18809 26 12
v 18811 62 26
v 18814 33 20
v 18816 78 43
v 18817 29 15
v 18819 31 15
v 18823 53 20
v 18824 27 14
v 18825 20 9
v 18826 10 3
v 18833 17 10
v 18843 13 6
v 19019 409 214
v 19020 694 320
v 19021 61 31
v 19022 153 70
v 19023 83 46
v 19024 161 85
v 19025 116 65
v 19026 76 34
v 19027 149 85
v 19028 620 332
v 19029 721 371
v 19030 1430 732
v 19031 550 287
v 19032 627 293
v 19033 31 14
v 19034 220 102
v 19035 225 119
v 19036 64 26
v 19037 764 420
v 19038 76 42
v 19039 91 47
v 19040 302 165
v 19041 700 341
v 19042 219 106
v 19043 156 85
v 19044 398 191
v 19045 465 249
v 19046 132 68
v 19047 49 20
v 19048 800 396
v 19049 665 361
v 19050 469 253
v 19051 301 155
v 19052 290 162
v 19053 393 237
v 19054 342 160
v 19055 309 143
v 19056 422 217
v 19057 216 105
v 19058 240 144
v 19063 408 221
v 19064 330 182
v 19065 386 198
v 19067 595 307
v 19070 404 195
v 19072 689 361
v 19073 316 158
v 19075 329 178
v 19079 649 310
v 19080 392 217
v 19081 191 99
v 19082 109 66
v 19089 230 130
v 19099 102 55
v 19276 308 148
v 19277 35 17
v 19278 61 23
v 19279 39 21
v 19280 46 24
v 19281 55 27
v 19282 17 11
v 19283 49 24
v 19284 285 137
v 19285 280 146
v 19286 680 332
v 19287 272 138
v 19288 283 111
v 19289 17 7
v 19290 52 22
v 19291 65 41
v 19292 16 9
v 19293 402 183
v 19294 43 17
v 19295 41 17
v 19296 107 61
v 19297 273 124
v 19298 96 53
v 19299 53 33
v 19300 160 89
v 19301 236 126
v 19302 67 33
v 19303 17 5
v 19304 361 151
v 19305 229 104
v 19306 177 77
v 19307 95 49
v 19308 150 78
v 19309 159 93
v 19310 131 54
v 19311 150 73
v 19312 160 76
v 19313 82 36
v 19314 127 69
v 19319 184 89
v 19320 98 52
v 19321 136 72
v 19323 209 100
v 19326 138 69
v 19328 265 142
v 19329 119 68
v 19331 114 61
v 19335 244 118
v 19336 124 62
v 19337 86 50
v 19338 47 22
v 19345 76 45
v 19355 37 20
v 19533 46 22
v 19534 119 61
v 19535 73 48
v 19536 97 61
v 19537 78 36
v 19538 48 27
v 19539 94 63
v 19540 449 240
v 19541 483 267
v 19542 819 452
v 19543 409 226
v 19544 474 216
v 19545 23 11
v 19546 142 69
v 19547 107 57
v 19548 59 28
v 19549 571 323
v 19550 60 30
v 19551 59 42
v 19552 186 104
v 19553 411 213
v 19554 182 112
v 19555 103 61
v 19556 231 135
v 19557 351 205
v 19558 114 72
v 19559 37 18
v 19560 613 341
v 19561 403 213
v 19562 275 158
v 19563 185 95
v 19564 215 125
v 19565 237 137
v 19566 191 85
v 19567 238 123
v 19568 293 167
v 19569 144 65
v 19570 161 96
v 19575 285 155
v 19576 150 78
v 19577 271 122
v 19579 426 257
v 19582 184 113
v 19584 433 240
v 19585 158 99
v 19587 220 119
v 19591 406 196
v 19592 222 116
v 19593 141 85
v 19594 67 37
v 19601 131 73
v 19611 67 39
v 19790 15 10
v 19791 4 4
v 19792 11 7
v 19793 10 5
v 19794 11 5
v 19795 4 3
v 19796 39 23
v 19797 58 28
v 19798 107 59
v 19799 46 22
v 19800 36 15
v 19801 7 1
v 19802 17 11
v 19803 11 6
v 19804 8 3
v 19805 56 26
v 19806 4 4
v 19807 10 6
v 19808 13 4
v 19809 42 22
v 19810 15 12
v 19811 6 2
v 19812 11 6
v 19813 38 17
v 19814 6 3
v 19815 3 2
v 19816 35 19
v 19817 52 23
v 19818 31 15
v 19819 12 8
v 19820 22 11
v 19821 25 15
v 19822 11 4
v 19823 25 12
v 19824 26 17
v 19825 21 14
v 19826 16 9
v 19831 23 14
v 19832 14 8
v 19833 27 12
v 19835 37 16
v 19838 15 9
v 19840 41 24
v 19841 19 10
v 19843 20 13
v 19847 41 18
v 19848 28 16
v 19849 15 9
v 19850 9 4
v 19857 13 8
v 19867 6 4
v 20047 11 8
v 20048 23 16
v 20049 10 8
v 20050 10 5
v 20051 17 10
v 20052 76 40
v 20053 100 64
v 20054 195 100
v 20055 73 36
v 20056 97 53
v 20057 6 3
v 20058 31 15
v 20059 33 17
v 20060 15 10
v 20061 88 53
v 20062 17 8
v 20063 10 3
v 20064 32 18
v 20065 85 52
v 20066 46 24
v 20067 11 10
v 20068 54 32
v 20069 77 46
v 20070 19 11
v 20071 7 5
v 20072 101 57
v 20073 87 48
v 20074 65 41
v 20075 47 23
v 20076 32 19
v 20077 54 29
v 20078 46 27
v 20079 53 30
v 20080 60 25
v 20081 26 15
v 20082 39 25
v 20087 71 40
v 20088 38 25
v 20089 58 34
v 20091 81 50
v 20094 37 13
v 20096 101 61
v 20097 44 21
v 20099 43 22
v 20103 85 42
v 20104 44 26
v 20105 26 11
v 20106 16 8
v 20113 24 11
v 20123 14 8
v 20304 17 7
v 20305 14 8
v 20306 8 5
v 20307 8 4
v 20308 46 17
v 20309 53 24
v 20310 118 48
v 20311 51 20
v 20312 66 23
v 20313 4 2
v 20314 16 7
v 20315 15 9
v 20316 6 3
v 20317 56 25
v 20318 8 2
v 20319 9 2
v 20320 44 16
v 20321 74 32
v 20322 24 8
v 20323 12 7
v 20324 44 18
v 20325 42 16
v 20326 12 6
v 20327 4 3
v 20328 79 36
v 20329 56 26
v 20330 36 12
v 20331 31 14
v 20332 30 12
v 20333 44 17
v 20334 35 10
v 20335 32 11
v 20336 55 26
v 20337 12 3
v 20338 21 8
v 20343 26 7
v 20344 25 13
v 20345 40 18
v 20347 67 33
v 20350 29 14
v 20352 70 29
v 20353 30 11
v 20355 40 14
v 20359 56 19
v 20360 32 17
v 20361 23 10
v 20362 18 9
v 20369 19 9
v 20379 10 5
v 20561 12 2
v 20562 10 5
v 20563 22 12
v 20564 70 36
v 20565 94 43
v 20566 174 96
v 20567 75 39
v 20568 97 44
v 20569 5 3
v 20570 29 11
v 20571 26 11
v 20572 10 3
v 20573 122 60
v 20574 5 2
v 20575 14 5
v 20576 48 26
v 20577 88 41
v 20578 30 13
v 20579 23 13
v 20580 57 27
v 20581 71 45
v 20582 19 7
v 20583 8 3
v 20584 98 48
v 20585 65 34
v 20586 61 26
v 20587 37 24
v 20588 41 17
v 20589 59 29
v 20590 32 14
v 20591 43 22
v 20592 53 25
v 20593 18 7
v 20594 28 13
v 20599 56 28
v 20600 31 17
v 20601 52 28
v 20603 69 30
v 20606 31 20
v 20608 83 36
v 20609 36 21
v 20611 46 19
v 20615 69 33
v 20616 48 30
v 20617 36 22
v 20618 13 5
v 20625 37 20
v 20635 15 7
v 20818 8 6
v 20819 15 9
v 20820 90 51
v 20821 87 56
v 20822 181 92
v 20823 78 37
v 20824 85 35
v 20825 4 1
v 20826 22 8
v 20827 32 17
v 20828 8 4
v 20829 93 34
v 20830 14 9
v 20831 13 6
v 20832 37 19
v 20833 80 41
v 20834 28 11
v 20835 18 9
v 20836 42 18
v 20837 75 43
v 20838 14 4
v 20839 14 8
v 20840 112 47
v 20841 72 28
v 20842 58 32
v 20843 31 14
v 20844 37 19
v 20845 34 15
v 20846 30 14
v 20847 45 23
v 20848 34 18
v 20849 25 14
v 20850 30 15
v 20855 48 20
v 20856 28 16
v 20857 39 25
v 20859 61 28
v 20862 33 17
v 20864 72 37
v 20865 29 15
v 20867 43 17
v 20871 82 27
v 20872 39 22
v 20873 22 12
v 20874 19 12
v 20881 23 12
v 20891 14 10
v 21075 11 4
v 21076 39 22
v 21077 62 33
v 21078 122 65
v 21079 27 10
v 21080 48 25
v 21081 4 1
v 21082 15 8
v 21083 24 10
v 21084 10 4
v 21085 45 30
v 21086 9 4
v 21087 5 0
v 21088 14 7
v 21089 39 23
v 21090 14 7
v 21091 9 4
v 21092 28 13
v 21093 39 25
v 21094 16 10
v 21095 2 1
v 21096 53 24
v 21097 42 22
v 21098 33 24
v 21099 11 4
v 21100 20 9
v 21101 26 16
v 21102 21 10
v 21103 21 10
v 21104 16 8
v 21105 21 15
v 21106 13 5
v 21111 24 14
v 21112 15 8
v 21113 24 11
v 21115 48 28
v 21118 13 7
v 21120 41 17
v 21121 7 5
v 21123 22 10
v 21127 37 16
v 21128 26 9
v 21129 21 11
v 21130 10 4
v 21137 16 6
v 21147 11 5
v 21332 77 30
v 21333 71 37
v 21334 177 71
v 21335 74 40
v 21336 65 31
v 21337 5 2
v 21338 32 17
v 21339 31 12
v 21340 5 2
v 21341 86 39
v 21342 8 1
v 21343 17 9
v 21344 26 13
v 21345 90 42
v 21346 71 38
v 21347 17 3
v 21348 43 24
v 21349 46 28
v 21350 15 7
v 21351 4 2
v 21352 98 33
v 21353 85 33
v 21354 50 22
v 21355 36 16
v 21356 41 20
v 21357 54 30
v 21358 33 9
v 21359 52 27
v 21360 60 24
v 21361 20 7
v 21362 33 19
v 21367 51 23
v 21368 25 7
v 21369 48 19
v 21371 60 26
v 21374 35 13
v 21376 78 37
v 21377 35 12
v 21379 44 14
v 21383 77 30
v 21384 45 21
v 21385 28 10
v 21386 15 9
v 21393 27 17
v 21403 14 12
v 21589 477 227
v 21590 858 431
v 21591 347 182
v 21592 390 180
v 21593 18 8
v 21594 116 60
v 21595 89 55
v 21596 38 16
v 21597 534 269
v 21598 38 23
v 21599 49 28
v 21600 202 100
v 21601 422 223
v 21602 190 104
v 21603 94 46
v 21604 214 94
v 21605 335 173
v 21606 88 49
v 21607 27 14
v 21608 557 241
v 21609 308 131
v 21610 258 133
v 21611 164 75
v 21612 200 99
v 21613 205 116
v 21614 191 76
v 21615 172 78
v 21616 212 101
v 21617 96 48
v 21618 148 79
v 21623 249 120
v 21624 161 92
v 21625 202 93
v 21627 326 166
v 21630 168 86
v 21632 428 216
v 21633 156 89
v 21635 166 91
v 21639 328 162
v 21640 207 99
v 21641 112 53
v 21642 70 31
v 21649 99 51
v 21659 71 32
v 21846 964 474
v 21847 407 213
v 21848 443 185
v 21849 23 7
v 21850 145 65
v 21851 136 66
v 21852 57 24
v 21853 521 247
v 21854 70 30
v 21855 62 26
v 21856 191 107
v 21857 452 201
v 21858 251 126
v 21859 89 46
v 21860 251 130
v 21861 327 163
v 21862 78 47
v 21863 30 11
v 21864 555 250
v 21865 419 199
v 21866 252 113
v 21867 170 94
v 21868 220 116
v 21869 259 142
v 21870 243 128
v 21871 221 115
v 21872 295 146
v 21873 121 64
v 21874 170 90
v 21879 287 141
v 21880 180 92
v 21881 271 130
v 21883 393 203
v 21886 171 83
v 21888 642 326
v 21889 188 103
v 21891 219 98
v 21895 403 188
v 21896 266 129
v 21897 140 74
v 21898 82 52
v 21905 133 69
v 21915 61 31
v 22103 797 395
v 22104 874 392
v 22105 37 17
v 22106 267 123
v 22107 224 112
v 22108 100 47
v 22109 1107 543
v 22110 106 64
v 22111 123 68
v 22112 404 201
v 22113 812 433
v 22114 329 193
v 22115 187 98
v 22116 530 235
v 22117 665 340
v 22118 178 91
v 22119 53 19
v 22120 1096 526
v 22121 805 389
v 22122 639 301
v 22123 438 213
v 22124 350 222
v 22125 501 286
v 22126 414 175
v 22127 381 175
v 22128 519 244
v 22129 201 101
v 22130 371 202
v 22135 531 247
v 22136 330 179
v 22137 487 252
v 22139 791 418
v 22142 363 192
v 22144 879 461
v 22145 357 199
v 22147 395 222
v 22151 753 340
v 22152 455 236
v 22153 263 124
v 22154 154 84
v 22161 258 137
v 22171 137 75
v 22360 344 181
v 22361 16 5
v 22362 99 51
v 22363 96 44
v 22364 36 17
v 22365 341 198
v 22366 51 28
v 22367 49 24
v 22368 152 67
v 22369 323 167
v 22370 130 81
v 22371 68 38
v 22372 236 114
v 22373 287 162
v 22374 71 34
v 22375 31 22
v 22376 465 215
v 22377 320 145
v 22378 245 126
v 22379 155 79
v 22380 174 102
v 22381 181 102
v 22382 153 67
v 22383 156 75
v 22384 201 92
v 22385 79 40
v 22386 143 82
v 22391 238 100
v 22392 165 86
v 22393 217 93
v 22395 304 157
v 22398 206 104
v 22400 326 172
v 22401 154 88
v 22403 191 109
v 22407 294 151
v 22408 176 83
v 22409 106 57
v 22410 42 19
v 22417 114 65
v 22427 47 27
v 22617 13 4
v 22618 117 65
v 22619 95 57
v 22620 41 25
v 22621 561 313
v 22622 43 29
v 22623 57 25
v 22624 198 118
v 22625 405 214
v 22626 123 74
v 22627 82 45
v 22628 223 113
v 22629 386 215
v 22630 71 39
v 22631 28 10
v 22632 501 238
v 22633 414 225
v 22634 294 154
v 22635 196 106
v 22636 229 126
v 22637 197 122
v 22638 193 100
v 22639 206 108
v 22640 233 114
v 22641 83 42
v 22642 172 108
v 22647 287 152
v 22648 158 72
v 22649 220 111
v 22651 374 203
v 22654 180 106
v 22656 346 182
v 22657 173 91
v 22659 191 103
v 22663 341 184
v 22664 210 112
v 22665 133 79
v 22666 64 40
v 22673 117 69
v 22683 60 33
v 22874 12 6
v 22875 5 4
v 22876 4 1
v 22877 26 15
v 22878 2 2
v 22879 1 0
v 22880 4 2
v 22881 18 10
v 22882 6 3
v 22883 4 3
v 22884 17 12
v 22885 18 12
v 22886 5 2
v 22888 22 7
v 22889 23 11
v 22890 19 15
v 22891 10 6
v 22892 7 2
v 22893 10 6
v 22894 6 2
v 22895 13 7
v 22896 13 11
v 22897 10 5
v 22898 10 6
v 22903 12 7
v 22904 14 11
v 22905 12 4
v 22907 29 14
v 22910 8 4
v 22912 16 6
v 22913 8 5
v 22915 11 6
v 22919 20 9
v 22920 12 7
v 22921 5 3
v 22922 1 0
v 22929 4 3
v 22939 2 2
v 23131 44 24
v 23132 17 8
v 23133 140 65
v 23134 14 7
v 23135 9 8
v 23136 42 26
v 23137 121 62
v 23138 55 32
v 23139 37 22
v 23140 55 33
v 23141 94 37
v 23142 23 13
v 23143 6 3
v 23144 166 87
v 23145 127 70
v 23146 102 53
v 23147 51 26
v 23148 56 29
v 23149 84 53
v 23150 61 34
v 23151 66 39
v 23152 85 42
v 23153 44 22
v 23154 36 20
v 23159 82 44
v 23160 41 21
v 23161 72 46
v 23163 142 79
v 23166 46 23
v 23168 115 52
v 23169 46 27
v 23171 58 32
v 23175 115 64
v 23176 68 31
v 23177 46 24
v 23178 18 11
v 23185 34 24
v 23195 13 6
v 23388 25 5
v 23389 119 56
v 23390 15 12
v 23391 14 6
v 23392 39 20
v 23393 120 59
v 23394 49 25
v 23395 27 16
v 23396 76 38
v 23397 90 43
v 23398 22 12
v 23399 5 5
v 23400 142 63
v 23401 129 62
v 23402 96 53
v 23403 54 28
v 23404 41 18
v 23405 105 57
v 23406 55 22
v 23407 58 29
v 23408 86 38
v 23409 51 24
v 23410 34 16
v 23415 72 36
v 23416 44 19
v 23417 100 49
v 23419 132 62
v 23422 47 20
v 23424 114 53
v 23425 48 23
v 23427 85 40
v 23431 117 45
v 23432 82 37
v 23433 44 20
v 23434 25 10
v 23441 42 19
v 23451 23 15
v 23645 36 24
v 23646 9 3
v 23647 8 4
v 23648 21 12
v 23649 56 39
v 23650 13 10
v 23651 7 7
v 23652 21 7
v 23653 35 19
v 23654 8 5
v 23655 3 2
v 23656 55 27
v 23657 32 19
v 23658 28 18
v 23659 21 12
v 23660 18 10
v 23661 34 22
v 23662 22 14
v 23663 27 18
v 23664 29 19
v 23665 17 11
v 23666 17 9
v 23671 26 15
v 23672 23 15
v 23673 39 18
v 23675 43 27
v 23678 25 17
v 23680 38 23
v 23681 18 8
v 23683 26 16
v 23687 52 30
v 23688 18 9
v 23689 19 12
v 23690 7 4
v 23697 10 5
v 23707 7 5
v 23902 65 39
v 23903 76 35
v 23904 233 114
v 23905 454 248
v 23906 219 106
v 23907 136 82
v 23908 304 141
v 23909 368 197
v 23910 107 62
v 23911 35 11
v 23912 592 279
v 23913 371 142
v 23914 402 219
v 23915 237 124
v 23916 248 127
v 23917 263 157
v 23918 195 78
v 23919 238 113
v 23920 340 173
v 23921 127 60
v 23922 190 119
v 23927 321 150
v 23928 205 104
v 23929 221 80
v 23931 431 221
v 23934 252 139
v 23936 494 245
v 23937 215 105
v 23939 202 105
v 23943 417 191
v 23944 244 116
v 23945 151 73
v 23946 93 45
v 23953 134 73
v 23963 71 36
v 24159 6 0
v 24160 21 10
v 24161 40 25
v 24162 24 13
v 24163 10 5
v 24164 27 14
v 24165 43 20
v 24166 7 4
v 24167 2 0
v 24168 81 30
v 24169 63 32
v 24170 44 21
v 24171 23 11
v 24172 27 15
v 24173 40 22
v 24174 28 13
v 24175 30 19
v 24176 38 20
v 24177 18 7
v 24178 16 9
v 24183 43 23
v 24184 19 8
v 24185 30 12
v 24187 46 22
v 24190 19 10
v 24192 51 24
v 24193 11 7
v 24195 15 8
v 24199 49 22
v 24200 34 20
v 24201 16 8
v 24202 3 2
v 24209 16 9
v 24219 8 5
v 24416 25 10
v 24417 57 22
v 24418 16 9
v 24419 15 8
v 24420 35 18
v 24421 40 19
v 24422 10 3
v 24423 8 3
v 24424 115 57
v 24425 42 21
v 24426 33 20
v 24427 27 14
v 24428 23 14
v 24429 29 17
v 24430 27 10
v 24431 24 8
v 24432 31 14
v 24433 10 6
v 24434 31 18
v 24439 28 14
v 24440 26 13
v 24441 35 16
v 24443 51 24
v 24446 29 15
v 24448 52 29
v 24449 24 9
v 24451 19 8
v 24455 63 24
v 24456 42 22
v 24457 17 10
v 24458 16 8
v 24465 13 9
v 24475 6 3
v 24673 171 84
v 24674 74 43
v 24675 46 25
v 24676 105 46
v 24677 137 73
v 24678 46 20
v 24679 11 3
v 24680 245 118
v 24681 192 102
v 24682 135 64
v 24683 73 35
v 24684 112 47
v 24685 96 51
v 24686 75 30
v 24687 91 42
v 24688 93 45
v 24689 45 22
v 24690 98 48
v 24695 113 47
v 24696 78 38
v 24697 97 42
v 24699 152 73
v 24702 81 40
v 24704 181 87
v 24705 88 44
v 24707 91 44
v 24711 173 82
v 24712 100 35
v 24713 61 34
v 24714 30 16
v 24721 50 30
v 24731 26 15
v 24930 163 89
v 24931 75 48
v 24932 229 120
v 24933 271 134
v 24934 65 38
v 24935 32 12
v 24936 511 244
v 24937 364 171
v 24938 274 120
v 24939 190 88
v 24940 189 109
v 24941 244 134
v 24942 184 85
v 24943 199 111
v 24944 244 119
v 24945 111 61
v 24946 156 88
v 24951 262 118
v 24952 150 74
v 24953 249 111
v 24955 375 208
v 24958 180 89
v 24960 427 218
v 24961 178 80
v 24963 202 113
v 24967 389 186
v 24968 247 128
v 24969 126 68
v 24970 67 33
v 24977 135 69
v 24987 73 35
v 25187 45 25
v 25188 125 55
v 25189 98 45
v 25190 25 8
v 25191 12 4
v 25192 197 80
v 25193 130 52
v 25194 134 59
v 25195 93 58
v 25196 80 38
v 25197 83 45
v 25198 80 35
v 25199 71 29
v 25200 97 50
v 25201 52 19
v 25202 70 41
v 25207 93 47
v 25208 52 27
v 25209 49 16
v 25211 171 95
v 25214 76 38
v 25216 179 83
v 25217 67 36
v 25219 90 40
v 25223 146 66
v 25224 87 41
v 25225 66 25
v 25226 35 19
v 25233 41 18
v 25243 26 13
v 25444 53 24
v 25445 90 54
v 25446 14 7
v 25447 5 2
v 25448 110 51
v 25449 80 35
v 25450 69 28
v 25451 32 14
v 25452 47 22
v 25453 51 30
v 25454 55 21
v 25455 36 11
v 25456 55 28
v 25457 17 4
v 25458 30 17
v 25463 47 20
v 25464 31 17
v 25465 69 35
v 25467 55 26
v 25470 30 18
v 25472 80 38
v 25473 42 24
v 25475 43 17
v 25479 97 43
v 25480 49 21
v 25481 34 15
v 25482 13 3
v 25489 24 18
v 25499 12 7
v 25701 190 98
v 25702 49 29
v 25703 14 7
v 25704 285 140
v 25705 221 109
v 25706 145 80
v 25707 112 61
v 25708 98 49
v 25709 175 93
v 25710 123 57
v 25711 121 65
v 25712 139 65
v 25713 71 36
v 25714 96 51
v 25719 167 85
v 25720 106 59
v 25721 135 67
v 25723 182 95
v 25726 123 70
v 25728 267 141
v 25729 122 60
v 25731 130 77
v 25735 242 111
v 25736 125 72
v 25737 66 32
v 25738 47 24
v 25745 65 37
v 25755 42 12
v 25958 69 37
v 25959 22 12
v 25960 343 163
v 25961 243 111
v 25962 232 120
v 25963 152 85
v 25964 148 85
v 25965 159 88
v 25966 147 79
v 25967 131 63
v 25968 190 98
v 25969 75 42
v 25970 129 66
v 25975 201 103
v 25976 139 73
v 25977 158 63
v 25979 284 154
v 25982 120 61
v 25984 312 144
v 25985 139 73
v 25987 136 61
v 25991 293 137
v 25992 181 82
v 25993 108 63
v 25994 43 22
v 26001 92 43
v 26011 43 25
v 26215 5 4
v 26216 101 39
v 26217 78 36
v 26218 42 26
v 26219 31 17
v 26220 37 20
v 26221 39 16
v 26222 40 18
v 26223 31 14
v 26224 46 17
v 26225 30 15
v 26226 34 23
v 26231 36 15
v 26232 40 20
v 26233 44 21
v 26235 57 27
v 26238 36 17
v 26240 58 25
v 26241 30 21
v 26243 38 27
v 26247 72 34
v 26248 31 17
v 26249 26 11
v 26250 11 7
v 26257 14 9
v 26267 10 6
v 26472 32 14
v 26473 18 12
v 26474 18 8
v 26475 7 3
v 26476 15 8
v 26477 15 7
v 26478 12 6
v 26479 11 5
v 26480 20 13
v 26481 6 1
v 26482 12 8
v 26487 18 9
v 26488 4 2
v 26489 10 5
v 26491 29 17
v 26494 5 2
v 26496 29 16
v 26497 16 10
v 26499 11 8
v 26503 24 15
v 26504 13 5
v 26505 8 3
v 26506 5 3
v 26513 10 6
v 26523 6 2
v 26729 400 189
v 26730 334 194
v 26731 240 134
v 26732 228 129
v 26733 262 159
v 26734 271 133
v 26735 147 68
v 26736 222 104
v 26737 142 73
v 26738 238 126
v 26743 319 170
v 26744 193 107
v 26745 287 149
v 26747 425 238
v 26750 211 104
v 26752 473 233
v 26753 217 118
v 26755 172 87
v 26759 552 255
v 26760 249 130
v 26761 144 74
v 26762 84 41
v 26769 167 100
v 26779 74 40
v 26986 271 141
v 26987 160 92
v 26988 154 90
v 26989 213 139
v 26990 185 85
v 26991 210 106
v 26992 266 154
v 26993 138 68
v 26994 119 65
v 26999 209 128
v 27000 154 85
v 27001 213 91
v 27003 371 200
v 27006 157 91
v 27008 305 164
v 27009 151 76
v 27011 206 112
v 27015 346 177
v 27016 176 107
v 27017 120 51
v 27018 49 32
v 27025 112 67
v 27035 53 31
v 27243 164 86
v 27244 140 78
v 27245 181 105
v 27246 119 49
v 27247 96 36
v 27248 207 94
v 27249 75 35
v 27250 145 67
v 27255 196 86
v 27256 133 77
v 27257 148 64
v 27259 274 162
v 27262 127 62
v 27264 272 139
v 27265 122 73
v 27267 164 87
v 27271 263 124
v 27272 160 82
v 27273 86 42
v 27274 38 19
v 27281 88 42
v 27291 43 19
v 27500 98 52
v 27501 113 65
v 27502 88 43
v 27503 89 38
v 27504 110 49
v 27505 51 26
v 27506 90 49
v 27511 121 58
v 27512 79 44
v 27513 106 60
v 27515 152 78
v 27518 89 39
v 27520 201 99
v 27521 77 43
v 27523 87 47
v 27527 175 78
v 27528 101 55
v 27529 70 33
v 27530 28 14
v 27537 66 38
v 27547 43 21
v 27757 105 60
v 27758 85 36
v 27759 85 36
v 27760 92 39
v 27761 46 22
v 27762 72 37
v 27767 120 51
v 27768 91 45
v 27769 100 39
v 27771 149 76
v 27774 90 44
v 27776 193 103
v 27777 97 49
v 27779 77 41
v 27783 182 89
v 27784 78 33
v 27785 57 31
v 27786 33 10
v 27793 62 25
v 27803 30 16
v 28014 99 30
v 28015 132 51
v 28016 119 57
v 28017 84 35
v 28018 88 51
v 28023 138 62
v 28024 96 42
v 28025 134 50
v 28027 198 81
v 28030 106 53
v 28032 235 102
v 28033 89 43
v 28035 133 62
v 28039 232 96
v 28040 126 68
v 28041 88 40
v 28042 48 21
v 28049 75 37
v 28059 28 12
v 28271 89 47
v 28272 138 86
v 28273 56 29
v 28274 69 46
v 28279 110 60
v 28280 68 37
v 28281 105 54
v 28283 188 103
v 28286 78 40
v 28288 343 165
v 28289 77 42
v 28291 94 41
v 28295 189 114
v 28296 128 64
v 28297 63 42
v 28298 37 24
v 28305 53 34
v 28315 30 25
v 28528 133 65
v 28529 64 35
v 28530 78 41
v 28535 120 63
v 28536 91 47
v 28537 112 56
v 28539 176 100
v 28542 94 53
v 28544 187 100
v 28545 67 34
v 28547 97 42
v 28551 199 87
v 28552 111 50
v 28553 61 36
v 28554 22 14
v 28561 51 24
v 28571 34 15
v 28785 69 35
v 28786 85 50
v 28791 178 91
v 28792 86 43
v 28793 158 87
v 28795 230 96
v 28798 93 44
v 28800 240 117
v 28801 96 50
v 28803 125 57
v 28807 228 116
v 28808 115 69
v 28809 84 47
v 28810 77 40
v 28817 78 40
v 28827 36 20
v 29042 38 23
v 29047 76 44
v 29048 37 22
v 29049 71 43
v 29051 100 57
v 29054 61 29
v 29056 117 63
v 29057 46 22
v 29059 68 42
v 29063 91 50
v 29064 68 29
v 29065 39 20
v 29066 19 13
v 29073 38 25
v 29083 18 10
v 29303 94 39
v 29304 66 32
v 29305 83 40
v 29307 128 54
v 29310 80 43
v 29312 166 70
v 29313 75 36
v 29315 73 29
v 29319 135 61
v 29320 96 42
v 29321 61 33
v 29322 32 14
v 29329 49 22
v 29339 23 12
v 30584 112 58
v 30585 175 84
v 30587 249 137
v 30590 109 57
v 30592 240 119
v 30593 89 44
v 30595 118 60
v 30599 253 116
v 30600 118 65
v 30601 78 40
v 30602 39 18
v 30609 78 40
v 30619 45 16
v 30841 77 40
v 30843 152 78
v 30846 66 40
v 30848 180 88
v 30849 65 32
v 30851 74 32
v 30855 162 78
v 30856 81 37
v 30857 54 23
v 30858 24 8
v 30865 41 23
v 30875 32 13
v 31099 233 123
v 31102 100 56
v 31104 226 120
v 31105 103 55
v 31107 141 72
v 31111 191 85
v 31112 134 66
v 31113 96 57
v 31114 30 13
v 31121 76 49
v 31131 22 9
v 31614 177 78
v 31616 339 161
v 31617 156 69
v 31619 211 90
v 31623 369 152
v 31624 222 110
v 31625 121 55
v 31626 61 35
v 31633 101 56
v 31643 57 29
v 32384 172 76
v 32385 93 58
v 32387 97 46
v 32391 176 73
v 32392 91 38
v 32393 57 31
v 32394 31 15
v 32401 60 34
v 32411 26 13
v 32897 226 105
v 32899 203 108
v 32903 376 183
v 32904 208 110
v 32905 127 66
v 32906 73 44
v 32913 97 55
v 32923 70 36
v 33155 91 43
v 33159 174 86
v 33160 81 40
v 33161 50 28
v 33162 32 14
v 33169 60 36
v 33179 34 17
v 33671 194 83
v 33672 100 47
v 33673 79 41
v 33674 44 22
v 33681 63 35
v 33691 29 13
v 34696 190 111
v 34697 134 72
v 34698 62 32
v 34705 124 63
v 34715 59 34
v 34953 66 31
v 34954 35 18
v 34961 72 35
v 34971 35 17
v 35210 29 17
v 35217 44 23
v 35227 17 7
v 35473 25 12
v 35483 10 6
v 37275 23 10
s 258 509 269
s 259 78 47
s 260 22 11
s 261 410 203
s 262 60 25
s 263 410 223
s 264 31 13
s 265 429 232
s 266 14 4
s 267 175 73
s 268 24 8
s 269 103 48
s 270 800 401
s 271 149 80
s 272 95 43
s 273 184 93
s 274 26 13
s 275 185 77
s 276 189 95
s 277 475 224
s 278 352 170
s 279 129 77
s 281 462 221
s 282 727 373
s 283 493 256
s 284 171 77
s 285 527 281
s 286 380 224
s 287 359 191
s 288 96 52
s 289 108 68
s 290 135 60
s 291 333 186
s 292 389 201
s 293 151 72
s 294 53 25
s 295 287 143
s 296 166 80
s 297 16 6
s 298 222 125
s 299 147 73
s 300 29 15
s 301 131 70
s 302 36 19
s 303 166 88
s 304 38 22
s 305 460 257
s 306 150 88
s 307 102 57
s 308 60 32
s 309 168 84
s 310 44 23
s 311 172 90
s 312 34 18
s 313 63 34
s 314 67 31
s 315 91 42
s 316 271 143
s 317 48 29
s 318 252 159
s 319 96 50
s 320 188 89
s 321 24 12
s 322 9 5
s 323 24 9
s 324 253 128
s 325 188 97
s 326 33 16
s 327 524 287
s 328 84 34
s 329 50 27
s 330 630 328
s 331 255 126
s 332 399 224
s 333 47 28
s 334 82 39
s 335 60 25
s 336 32 21
s 337 66 29
s 338 36 24
s 339 91 47
s 340 359 185
s 341 465 243
s 342 786 414
s 343 341 168
s 344 359 193
s 345 2 1
s 346 126 71
s 347 96 52
s 348 52 31
s 349 133 59
s 350 10 5
s 351 9 4
s 352 180 86
s 353 371 189
s 354 156 63
s 355 77 35
s 356 176 80
s 357 308 142
s 358 72 39
s 359 22 10
s 360 508 258
s 361 376 216
s 362 256 123
s 363 161 81
s 364 166 90
s 365 21 11
s 366 204 112
s 367 194 108
s 368 272 142
s 369 106 58
s 370 75 37
s 375 228 115
s 376 139 79
s 377 235 129
s 379 356 180
s 382 168 81
s 384 356 173
s 385 163 99
s 387 203 98
s 391 332 197
s 392 218 108
s 393 140 73
s 394 21 9
s 401 55 22
s 411 47 22
s 515 91 38
s 516 77 33
s 517 562 271
s 518 748 318
s 519 410 202
s 520 757 389
s 521 540 286
s 522 166 84
s 523 299 106
s 524 448 243
s 525 147 65
s 526 792 378
s 527 127 60
s 528 33 19
s 529 237 105
s 530 423 227
s 531 235 97
s 532 322 151
s 533 665 316
s 534 508 247
s 535 84 38
s 537 602 254
s 538 994 467
s 539 618 299
s 540 45 19
s 541 81 29
s 542 594 303
s 543 513 244
s 544 176 89
s 545 54 30
s 546 184 91
s 547 539 254
s 548 398 177
s 549 200 93
s 550 18 10
s 551 372 173
s 552 200 89
s 553 237 101
s 554 156 84
s 555 149 72
s 556 294 129
s 557 149 80
s 558 180 91
s 559 163 68
s 560 525 258
s 561 266 141
s 562 221 123
s 563 99 44
s 564 79 42
s 565 395 180
s 566 592 305
s 567 32 15
s 568 133 63
s 569 46 24
s 570 75 39
s 571 96 41
s 572 49 28
s 573 37 17
s 574 327 181
s 575 146 59
s 576 269 138
s 577 15 8
s 578 10 5
s 579 307 174
s 580 322 168
s 581 40 20
s 582 280 139
s 583 533 276
s 584 170 81
s 585 82 38
s 586 773 394
s 587 363 174
s 588 515 281
s 589 13 6
s 590 10 6
s 591 77 33
s 592 74 35
s 593 43 17
s 594 54 25
s 595 98 47
s 596 416 207
s 597 399 202
s 598 1051 522
s 599 465 228
s 600 433 223
s 601 18 9
s 602 149 75
s 603 120 61
s 604 32 21
s 605 614 303
s 606 62 35
s 607 56 26
s 608 16 9
s 609 255 116
s 610 39 14
s 611 9 4
s 612 218 107
s 613 421 205
s 614 88 46
s 615 23 14
s 616 84 38
s 617 440 211
s 618 327 166
s 619 200 105
s 620 28 14
s 621 290 133
s 622 211 116
s 623 224 112
s 624 269 130
s 625 145 76
s 626 188 73
s 631 305 139
s 632 133 51
s 633 275 147
s 635 478 216
s 638 193 86
s 640 466 221
s 641 35 19
s 643 245 133
s 647 83 42
s 648 206 110
s 649 60 31
s 650 96 50
s 657 137 64
s 667 36 21
s 772 9 5
s 773 24 17
s 774 80 40
s 775 91 47
s 776 99 44
s 777 68 36
s 778 25 12
s 779 39 20
s 780 65 31
s 781 21 10
s 782 112 54
s 783 30 15
s 784 15 9
s 785 38 19
s 786 79 41
s 787 56 26
s 788 38 19
s 789 88 42
s 790 43 24
s 791 26 11
s 793 82 35
s 794 73 41
s 795 37 19
s 796 30 13
s 797 102 56
s 798 41 23
s 799 23 14
s 800 19 10
s 801 21 17
s 802 29 14
s 803 72 47
s 804 74 36
s 805 13 6
s 806 11 4
s 807 40 26
s 808 13 6
s 809 37 19
s 810 54 27
s 811 38 18
s 812 33 19
s 813 12 9
s 814 18 8
s 815 28 14
s 816 93 55
s 817 82 45
s 818 11 8
s 819 16 12
s 820 12 7
s 821 41 19
s 822 101 59
s 823 33 18
s 824 18 9
s 825 8 4
s 826 12 5
s 827 15 5
s 828 68 37
s 829 9 4
s 830 41 25
s 831 11 4
s 832 26 15
s 833 5 2
s 834 3 2
s 835 51 33
s 836 24 15
s 837 35 12
s 838 52 28
s 839 64 33
s 840 18 9
s 841 11 7
s 842 133 67
s 843 29 13
s 844 96 56
s 845 7 4
s 846 25 17
s 847 3 1
s 848 12 4
s 849 12 5
s 850 11 7
s 851 9 1
s 852 57 29
s 853 57 29
s 854 98 47
s 855 20 10
s 856 44 28
s 857 4 3
s 858 21 9
s 859 15 12
s 860 8 5
s 861 77 42
s 862 16 13
s 863 8 4
s 864 26 15
s 865 56 32
s 866 18 7
s 867 19 10
s 868 30 21
s 869 29 20
s 870 13 6
s 871 1 0
s 872 94 53
s 873 54 33
s 874 53 24
s 875 25 17
s 876 31 22
s 877 42 17
s 878 22 11
s 879 21 8
s 880 23 13
s 881 18 8
s 882 30 17
s 887 26 15
s 888 31 14
s 889 33 10
s 891 39 18
s 894 32 19
s 896 57 29
s 897 33 19
s 899 22 12
s 903 82 46
s 904 37 22
s 905 29 13
s 906 24 9
s 913 25 12
s 923 12 6
s 1029 69 41
s 1030 26 14
s 1031 63 33
s 1032 34 17
s 1033 66 31
s 1034 8 6
s 1035 19 10
s 1036 24 12
s 1037 12 2
s 1038 127 65
s 1039 31 12
s 1040 14 10
s 1041 29 11
s 1042 19 14
s 1043 22 12
s 1044 38 21
s 1045 79 31
s 1046 56 31
s 1047 17 10
s 1049 76 33
s 1050 126 63
s 1051 93 55
s 1052 28 16
s 1053 73 24
s 1054 73 34
s 1055 57 31
s 1056 13 8
s 1057 24 14
s 1058 14 10
s 1059 65 36
s 1060 58 32
s 1061 25 12
s 1062 7 3
s 1063 37 14
s 1064 23 13
s 1065 15 7
s 1066 50 29
s 1067 17 8
s 1068 11 4
s 1069 21 13
s 1070 8 2
s 1071 14 6
s 1072 25 16
s 1073 53 33
s 1074 13 4
s 1075 20 10
s 1076 9 6
s 1077 37 14
s 1078 19 10
s 1079 21 13
s 1080 4 1
s 1081 7 5
s 1082 6 4
s 1083 17 5
s 1084 33 17
s 1085 3 2
s 1086 32 15
s 1087 15 9
s 1088 28 15
s 1089 5 2
s 1090 3 2
s 1091 15 9
s 1092 38 24
s 1093 33 19
s 1094 19 10
s 1095 77 57
s 1096 20 8
s 1097 8 6
s 1098 95 57
s 1099 34 13
s 1100 56 29
s 1101 3 2
s 1102 11 7
s 1103 10 7
s 1104 8 5
s 1105 10 3
s 1106 5 1
s 1107 17 5
s 1108 53 25
s 1109 58 29
s 1110 149 71
s 1111 53 22
s 1112 55 30
s 1114 14 4
s 1115 10 5
s 1117 37 21
s 1118 3 1
s 1119 3 3
s 1120 19 8
s 1121 48 30
s 1122 17 7
s 1123 12 5
s 1124 37 20
s 1125 42 20
s 1126 16 7
s 1127 4 3
s 1128 63 35
s 1129 53 28
s 1130 30 16
s 1131 25 10
s 1132 22 13
s 1133 9 7
s 1134 22 10
s 1135 29 12
s 1136 30 17
s 1137 18 10
s 1138 11 5
s 1143 24 15
s 1144 22 10
s 1145 30 17
s 1147 34 19
s 1150 18 12
s 1152 72 41
s 1153 29 18
s 1155 21 11
s 1159 44 20
s 1160 17 11
s 1161 14 9
s 1162 7 4
s 1169 13 3
s 1179 11 4
s 1286 528 236
s 1287 434 236
s 1288 730 403
s 1289 338 182
s 1290 123 59
s 1291 268 113
s 1292 377 217
s 1293 139 68
s 1294 723 387
s 1295 222 119
s 1296 94 47
s 1297 222 114
s 1298 365 193
s 1299 213 84
s 1300 200 101
s 1301 539 259
s 1302 318 151
s 1303 153 84
s 1305 438 212
s 1306 343 159
s 1307 200 97
s 1308 191 87
s 1309 543 247
s 1310 192 101
s 1311 136 70
s 1312 148 93
s 1313 105 63
s 1314 126 55
s 1315 439 228
s 1316 509 257
s 1317 56 32
s 1318 54 28
s 1319 308 145
s 1320 89 31
s 1321 206 106
s 1322 389 219
s 1323 201 105
s 1324 253 115
s 1325 67 38
s 1326 138 69
s 1327 208 102
s 1328 350 180
s 1329 491 270
s 1330 47 24
s 1331 59 37
s 1332 63 35
s 1333 271 115
s 1334 495 264
s 1335 168 91
s 1336 119 68
s 1337 47 24
s 1338 39 20
s 1339 104 41
s 1340 296 162
s 1341 34 15
s 1342 198 98
s 1343 95 45
s 1344 99 48
s 1345 32 16
s 1346 1 0
s 1347 273 151
s 1348 112 57
s 1349 252 141
s 1350 241 121
s 1351 404 219
s 1352 95 47
s 1353 67 35
s 1354 548 294
s 1355 183 101
s 1356 486 288
s 1357 45 22
s 1358 98 53
s 1359 23 7
s 1360 91 52
s 1361 80 40
s 1362 44 27
s 1363 33 13
s 1364 276 133
s 1365 339 172
s 1366 626 340
s 1367 125 63
s 1368 338 175
s 1369 7 4
s 1370 99 51
s 1371 61 30
s 1372 43 26
s 1373 565 293
s 1374 62 33
s 1375 55 33
s 1376 216 98
s 1377 370 183
s 1378 166 95
s 1379 93 45
s 1380 160 89
s 1381 236 113
s 1382 47 26
s 1383 16 6
s 1384 527 287
s 1385 198 111
s 1386 325 166
s 1387 146 83
s 1388 221 113
s 1389 212 92
s 1390 157 92
s 1391 75 35
s 1392 81 43
s 1393 100 44
s 1394 174 69
s 1399 130 68
s 1400 162 79
s 1401 107 55
s 1403 210 98
s 1406 193 106
s 1408 311 159
s 1409 184 88
s 1411 65 28
s 1415 379 220
s 1416 163 77
s 1417 129 52
s 1418 67 26
s 1425 144 63
s 1435 35 13
s 1543 648 289
s 1544 25 11
s 1545 593 295
s 1546 10 1
s 1547 189 62
s 1548 12 5
s 1549 143 62
s 1550 1319 614
s 1551 224 84
s 1552 131 50
s 1553 247 104
s 1554 29 17
s 1555 252 79
s 1556 323 161
s 1557 599 253
s 1558 481 212
s 1559 191 81
s 1561 538 217
s 1562 925 370
s 1563 678 310
s 1564 284 115
s 1565 808 346
s 1566 526 242
s 1567 474 220
s 1568 127 59
s 1569 165 71
s 1570 208 95
s 1571 409 163
s 1572 594 279
s 1573 180 86
s 1574 70 33
s 1575 422 165
s 1576 207 89
s 1577 17 5
s 1578 343 183
s 1579 248 96
s 1580 22 10
s 1581 167 80
s 1582 35 12
s 1583 220 91
s 1584 30 11
s 1585 685 331
s 1586 177 87
s 1587 189 73
s 1588 83 36
s 1589 205 85
s 1590 38 16
s 1591 256 111
s 1592 63 32
s 1593 94 53
s 1594 105 41
s 1595 118 48
s 1596 373 172
s 1597 52 27
s 1598 365 170
s 1599 90 44
s 1600 258 108
s 1601 32 20
s 1602 14 8
s 1603 14 6
s 1604 362 163
s 1605 253 122
s 1606 41 20
s 1607 715 348
s 1608 116 58
s 1609 62 31
s 1610 858 398
s 1611 362 162
s 1612 612 297
s 1613 67 31
s 1614 127 66
s 1615 77 26
s 1616 34 16
s 1617 80 35
s 1618 49 21
s 1619 148 64
s 1620 604 272
s 1621 760 316
s 1622 1093 466
s 1623 430 178
s 1624 627 302
s 1625 4 0
s 1626 154 67
s 1627 134 59
s 1628 58 28
s 1629 190 82
s 1630 5 2
s 1631 6 1
s 1632 303 129
s 1633 527 218
s 1634 182 72
s 1635 124 58
s 1636 386 170
s 1637 383 160
s 1638 123 51
s 1639 38 19
s 1640 657 287
s 1641 462 210
s 1642 407 178
s 1643 264 115
s 1644 309 133
s 1645 21 7
s 1646 236 113
s 1647 255 128
s 1648 308 137
s 1649 152 74
s 1650 112 49
s 1655 351 147
s 1656 191 71
s 1657 257 121
s 1659 444 168
s 1662 252 118
s 1664 499 214
s 1665 220 95
s 1667 241 86
s 1671 481 236
s 1672 321 139
s 1673 162 67
s 1674 20 8
s 1681 77 32
s 1691 81 34
s 1800 682 368
s 1801 401 210
s 1802 146 79
s 1803 261 99
s 1804 574 303
s 1805 109 54
s 1806 792 397
s 1807 242 126
s 1808 76 29
s 1809 167 79
s 1810 398 198
s 1811 229 92
s 1812 306 151
s 1813 640 304
s 1814 351 163
s 1815 121 70
s 1817 423 198
s 1818 813 375
s 1819 572 289
s 1820 158 74
s 1821 407 183
s 1822 423 230
s 1823 391 199
s 1824 165 95
s 1825 137 73
s 1826 124 63
s 1827 422 208
s 1828 540 270
s 1829 143 65
s 1830 44 22
s 1831 276 126
s 1832 173 87
s 1833 232 112
s 1834 268 136
s 1835 187 98
s 1836 298 155
s 1837 122 62
s 1838 160 80
s 1839 195 96
s 1840 483 248
s 1841 441 223
s 1842 154 78
s 1843 91 41
s 1844 61 24
s 1845 371 170
s 1846 561 288
s 1847 197 95
s 1848 128 71
s 1849 69 42
s 1850 75 36
s 1851 90 34
s 1852 250 124
s 1853 62 33
s 1854 212 125
s 1855 145 69
s 1856 214 99
s 1857 21 12
s 1858 14 8
s 1859 294 163
s 1860 268 136
s 1861 201 100
s 1862 275 145
s 1863 397 220
s 1864 129 63
s 1865 67 34
s 1866 579 291
s 1867 314 151
s 1868 390 222
s 1869 32 18
s 1870 94 56
s 1871 81 34
s 1872 95 44
s 1873 75 37
s 1874 46 23
s 1875 71 38
s 1876 368 185
s 1877 413 213
s 1878 869 451
s 1879 381 197
s 1880 346 197
s 1881 29 17
s 1882 102 46
s 1883 130 58
s 1884 41 22
s 1885 538 263
s 1886 69 31
s 1887 68 40
s 1888 151 79
s 1889 362 163
s 1890 158 74
s 1891 79 48
s 1892 196 101
s 1893 308 160
s 1894 77 39
s 1895 28 16
s 1896 424 226
s 1897 341 172
s 1898 248 122
s 1899 149 73
s 1900 170 83
s 1901 304 139
s 1902 209 123
s 1903 225 124
s 1904 245 116
s 1905 104 56
s 1906 171 76
s 1911 221 101
s 1912 148 75
s 1913 209 105
s 1915 329 159
s 1918 170 86
s 1920 380 179
s 1921 154 70
s 1923 217 108
s 1927 342 180
s 1928 182 91
s 1929 125 55
s 1930 82 42
s 1937 148 81
s 1947 67 27
s 2057 680 369
s 2058 15 8
s 2059 199 97
s 2060 11 7
s 2061 167 87
s 2062 1213 657
s 2063 249 139
s 2064 140 72
s 2065 274 146
s 2066 18 6
s 2067 225 107
s 2068 284 154
s 2069 712 347
s 2070 569 289
s 2071 190 100
s 2073 670 357
s 2074 1175 606
s 2075 812 451
s 2076 258 137
s 2077 774 415
s 2078 611 349
s 2079 590 342
s 2080 152 88
s 2081 132 80
s 2082 165 92
s 2083 533 267
s 2084 586 283
s 2085 183 87
s 2086 60 34
s 2087 440 212
s 2088 241 118
s 2089 11 1
s 2090 304 173
s 2091 280 162
s 2092 15 8
s 2093 174 94
s 2094 34 16
s 2095 256 148
s 2096 21 5
s 2097 629 340
s 2098 163 74
s 2099 130 71
s 2100 103 56
s 2101 223 89
s 2102 16 9
s 2103 260 153
s 2104 57 32
s 2105 53 27
s 2106 103 64
s 2107 134 60
s 2108 375 199
s 2109 51 23
s 2110 363 226
s 2111 94 53
s 2112 308 162
s 2113 27 18
s 2114 10 4
s 2115 12 7
s 2116 357 186
s 2117 341 178
s 2118 37 18
s 2119 721 397
s 2120 118 70
s 2121 83 47
s 2122 832 484
s 2123 374 198
s 2124 670 392
s 2125 53 21
s 2126 124 75
s 2127 84 40
s 2128 31 14
s 2129 91 42
s 2130 43 27
s 2131 79 38
s 2132 569 319
s 2133 619 334
s 2134 1205 680
s 2135 488 269
s 2136 631 368
s 2137 2 1
s 2138 154 90
s 2139 89 50
s 2140 59 38
s 2141 152 68
s 2142 8 3
s 2143 4 1
s 2144 274 154
s 2145 619 360
s 2146 228 111
s 2147 116 58
s 2148 288 155
s 2149 506 261
s 2150 90 53
s 2151 44 22
s 2152 704 373
s 2153 436 238
s 2154 407 220
s 2155 229 127
s 2156 325 153
s 2157 7 3
s 2158 261 154
s 2159 265 138
s 2160 315 166
s 2161 130 78
s 2162 106 47
s 2167 375 194
s 2168 184 91
s 2169 359 189
s 2171 489 266
s 2174 231 113
s 2176 549 279
s 2177 219 109
s 2179 252 135
s 2183 485 279
s 2184 237 129
s 2185 179 92
s 2186 30 14
s 2193 42 21
s 2203 77 44
s 2314 144 68
s 2315 238 97
s 2316 344 180
s 2317 144 79
s 2318 686 357
s 2319 229 111
s 2320 89 41
s 2321 193 114
s 2322 435 253
s 2323 232 98
s 2324 218 98
s 2325 529 257
s 2326 281 148
s 2327 159 76
s 2329 449 204
s 2330 493 260
s 2331 359 192
s 2332 202 98
s 2333 616 310
s 2334 280 140
s 2335 230 124
s 2336 132 70
s 2337 103 63
s 2338 117 56
s 2339 353 165
s 2340 542 273
s 2341 111 52
s 2342 61 30
s 2343 298 148
s 2344 117 56
s 2345 229 120
s 2346 395 215
s 2347 196 75
s 2348 229 129
s 2349 76 39
s 2350 125 54
s 2351 172 83
s 2352 399 201
s 2353 590 320
s 2354 76 38
s 2355 92 43
s 2356 83 52
s 2357 303 140
s 2358 557 306
s 2359 215 119
s 2360 112 55
s 2361 38 16
s 2362 67 32
s 2363 102 48
s 2364 303 172
s 2365 28 13
s 2366 167 90
s 2367 97 47
s 2368 118 56
s 2369 21 16
s 2370 1 0
s 2371 299 165
s 2372 133 63
s 2373 255 141
s 2374 232 117
s 2375 336 179
s 2376 74 34
s 2377 73 34
s 2378 567 284
s 2379 165 75
s 2380 547 324
s 2381 48 26
s 2382 115 63
s 2383 52 26
s 2384 86 44
s 2385 88 47
s 2386 39 26
s 2387 60 28
s 2388 276 137
s 2389 316 148
s 2390 512 254
s 2391 244 115
s 2392 308 157
s 2393 17 11
s 2394 104 58
s 2395 85 34
s 2396 31 16
s 2397 583 303
s 2398 43 26
s 2399 57 31
s 2400 242 118
s 2401 336 176
s 2402 187 86
s 2403 78 38
s 2404 147 82
s 2405 189 85
s 2406 55 34
s 2407 19 17
s 2408 483 260
s 2409 220 112
s 2410 331 176
s 2411 160 98
s 2412 247 115
s 2413 207 84
s 2414 128 71
s 2415 120 59
s 2416 178 104
s 2417 105 56
s 2418 153 63
s 2423 176 78
s 2424 160 81
s 2425 119 66
s 2427 232 112
s 2430 176 92
s 2432 296 148
s 2433 148 60
s 2435 125 63
s 2439 378 196
s 2440 184 88
s 2441 149 81
s 2442 69 23
s 2449 141 66
s 2459 39 20
s 2571 50 21
s 2572 6 5
s 2573 37 16
s 2574 251 120
s 2575 33 12
s 2576 26 13
s 2577 60 29
s 2578 9 5
s 2579 50 20
s 2580 73 33
s 2581 142 68
s 2582 93 37
s 2583 38 19
s 2585 115 48
s 2586 216 95
s 2587 143 68
s 2588 39 19
s 2589 155 67
s 2590 114 54
s 2591 97 51
s 2592 20 10
s 2593 22 15
s 2594 52 24
s 2595 81 35
s 2596 123 58
s 2597 48 18
s 2598 18 9
s 2599 85 37
s 2600 46 18
s 2601 6 3
s 2602 58 25
s 2603 58 30
s 2604 7 0
s 2605 31 9
s 2606 10 6
s 2607 65 30
s 2608 7 3
s 2609 125 61
s 2610 44 19
s 2611 25 14
s 2612 13 6
s 2613 51 22
s 2614 10 5
s 2615 57 28
s 2616 9 7
s 2617 10 4
s 2618 26 13
s 2619 35 21
s 2620 78 44
s 2621 15 4
s 2622 85 49
s 2623 16 7
s 2624 59 27
s 2625 3 1
s 2626 1 0
s 2627 3 1
s 2628 71 40
s 2629 74 34
s 2630 15 6
s 2631 150 76
s 2632 26 11
s 2633 12 6
s 2634 181 84
s 2635 81 36
s 2636 131 68
s 2637 7 4
s 2638 30 14
s 2639 11 7
s 2640 9 5
s 2641 24 12
s 2642 13 10
s 2643 23 10
s 2644 95 53
s 2645 114 53
s 2646 247 121
s 2647 103 48
s 2648 102 56
s 2649 3 1
s 2650 33 18
s 2651 30 12
s 2652 13 10
s 2653 42 22
s 2654 2 0
s 2655 3 0
s 2656 49 23
s 2657 100 50
s 2658 64 22
s 2659 24 8
s 2660 74 38
s 2661 103 44
s 2662 19 10
s 2663 13 5
s 2664 140 72
s 2665 123 61
s 2666 77 30
s 2667 53 18
s 2668 46 19
s 2669 8 3
s 2670 53 27
s 2671 57 20
s 2672 72 35
s 2673 28 16
s 2674 21 10
s 2679 60 29
s 2680 55 17
s 2681 67 33
s 2683 103 49
s 2686 43 21
s 2688 120 61
s 2689 43 19
s 2691 53 25
s 2695 107 46
s 2696 75 38
s 2697 41 16
s 2698 5 2
s 2705 22 12
s 2715 25 12
s 2828 137 62
s 2829 41 20
s 2830 443 192
s 2831 76 36
s 2832 37 19
s 2833 58 27
s 2834 119 54
s 2835 123 46
s 2836 161 68
s 2837 272 102
s 2838 174 61
s 2839 80 37
s 2841 142 53
s 2842 444 197
s 2843 316 140
s 2844 108 44
s 2845 308 124
s 2846 228 94
s 2847 195 82
s 2848 52 20
s 2849 85 37
s 2850 49 18
s 2851 143 56
s 2852 193 75
s 2853 74 34
s 2854 31 9
s 2855 99 31
s 2856 96 35
s 2857 81 43
s 2858 154 70
s 2859 70 32
s 2860 104 46
s 2861 65 30
s 2862 47 14
s 2863 77 26
s 2864 158 66
s 2865 219 88
s 2866 76 30
s 2867 56 22
s 2868 28 15
s 2869 125 27
s 2870 167 74
s 2871 117 47
s 2872 33 13
s 2873 34 15
s 2874 27 8
s 2875 55 16
s 2876 166 84
s 2877 21 8
s 2878 150 64
s 2879 72 26
s 2880 126 54
s 2881 13 5
s 2882 5 1
s 2883 90 47
s 2884 152 71
s 2885 97 45
s 2886 81 32
s 2887 323 153
s 2888 65 27
s 2889 28 8
s 2890 246 86
s 2891 140 47
s 2892 107 46
s 2893 21 8
s 2894 44 29
s 2895 39 16
s 2896 32 13
s 2897 46 20
s 2898 12 5
s 2899 55 15
s 2900 258 99
s 2901 279 110
s 2902 474 199
s 2903 171 82
s 2904 175 75
s 2905 10 1
s 2906 42 19
s 2907 49 15
s 2908 18 12
s 2909 175 78
s 2910 19 9
s 2911 20 10
s 2912 121 57
s 2913 246 105
s 2914 82 23
s 2915 48 21
s 2916 175 81
s 2917 149 64
s 2918 46 16
s 2919 13 6
s 2920 299 142
s 2921 229 95
s 2922 70 27
s 2923 86 43
s 2924 109 31
s 2925 77 24
s 2926 83 39
s 2927 85 42
s 2928 129 57
s 2929 33 12
s 2930 70 31
s 2935 135 65
s 2936 67 23
s 2937 117 55
s 2939 195 76
s 2942 56 25
s 2944 193 67
s 2945 117 51
s 2947 126 54
s 2951 206 96
s 2952 115 36
s 2953 66 31
s 2954 30 15
s 2961 34 9
s 2971 38 13
s 3085 97 54
s 3086 748 350
s 3087 125 69
s 3088 71 34
s 3089 141 72
s 3090 7 2
s 3091 135 58
s 3092 155 75
s 3093 396 193
s 3094 306 159
s 3095 123 64
s 3097 385 187
s 3098 636 326
s 3099 372 204
s 3100 148 65
s 3101 486 266
s 3102 367 209
s 3103 299 177
s 3104 61 40
s 3105 103 64
s 3106 142 76
s 3107 320 156
s 3108 335 176
s 3109 126 67
s 3110 45 20
s 3111 232 119
s 3112 112 51
s 3113 13 6
s 3114 171 104
s 3115 152 74
s 3116 15 6
s 3117 118 66
s 3118 24 12
s 3119 142 77
s 3120 14 7
s 3121 379 203
s 3122 127 71
s 3123 87 39
s 3124 50 27
s 3125 128 51
s 3126 8 2
s 3127 189 88
s 3128 34 16
s 3129 58 33
s 3130 57 27
s 3131 85 37
s 3132 246 134
s 3133 36 16
s 3134 226 143
s 3135 68 38
s 3136 174 82
s 3137 20 9
s 3138 14 11
s 3139 5 1
s 3140 232 139
s 3141 157 78
s 3142 22 16
s 3143 412 235
s 3144 79 38
s 3145 40 24
s 3146 541 304
s 3147 226 110
s 3148 393 223
s 3149 35 20
s 3150 75 41
s 3151 62 29
s 3152 22 11
s 3153 44 22
s 3154 37 15
s 3155 62 31
s 3156 303 161
s 3157 396 214
s 3158 738 397
s 3159 298 150
s 3160 304 161
s 3161 2 0
s 3162 130 71
s 3163 67 31
s 3164 48 33
s 3165 91 38
s 3166 4 2
s 3167 6 5
s 3168 143 75
s 3169 311 163
s 3170 160 78
s 3171 75 33
s 3172 146 76
s 3173 258 146
s 3174 53 29
s 3175 21 14
s 3176 372 207
s 3177 379 210
s 3178 226 128
s 3179 177 94
s 3180 155 87
s 3181 9 3
s 3182 161 96
s 3183 167 80
s 3184 205 119
s 3185 95 50
s 3186 62 27
s 3191 208 108
s 3192 143 72
s 3193 223 123
s 3195 306 132
s 3198 133 62
s 3200 340 196
s 3201 115 57
s 3203 208 118
s 3207 301 164
s 3208 172 78
s 3209 115 66
s 3210 19 12
s 3217 34 20
s 3227 47 20
s 3342 217 104
s 3343 43 20
s 3344 16 9
s 3345 2 1
s 3346 109 56
s 3347 67 24
s 3348 59 26
s 3349 134 57
s 3350 63 36
s 3351 24 11
s 3353 28 13
s 3354 219 96
s 3355 151 69
s 3356 43 24
s 3357 144 72
s 3358 113 53
s 3359 119 62
s 3360 18 10
s 3361 26 15
s 3362 5 3
s 3363 34 9
s 3364 60 23
s 3365 38 20
s 3366 15 4
s 3367 17 7
s 3368 39 16
s 3369 49 23
s 3370 93 38
s 3371 25 12
s 3372 53 30
s 3373 28 14
s 3374 40 20
s 3375 18 6
s 3376 112 51
s 3377 92 43
s 3378 37 17
s 3379 33 16
s 3380 6 4
s 3381 77 34
s 3382 143 66
s 3383 56 26
s 3384 24 10
s 3385 20 7
s 3386 19 10
s 3387 12 4
s 3388 89 47
s 3389 4 3
s 3390 93 53
s 3391 35 11
s 3392 41 25
s 3393 6 3
s 3394 2 2
s 3395 78 34
s 3396 72 33
s 3397 61 24
s 3398 61 34
s 3399 141 66
s 3400 30 10
s 3401 16 8
s 3402 50 26
s 3403 78 32
s 3404 5 3
s 3405 14 7
s 3406 30 19
s 3407 15 5
s 3408 27 11
s 3409 22 9
s 3410 2 2
s 3411 23 9
s 3412 92 38
s 3413 106 39
s 3414 199 93
s 3415 106 51
s 3416 93 47
s 3417 2 1
s 3418 10 8
s 3419 24 13
s 3420 6 3
s 3421 126 61
s 3422 13 6
s 3423 16 6
s 3424 66 28
s 3425 103 48
s 3426 42 19
s 3427 21 4
s 3428 59 28
s 3429 71 33
s 3430 22 10
s 3431 2 2
s 3432 119 56
s 3433 82 40
s 3434 3 2
s 3435 35 18
s 3436 63 26
s 3437 66 29
s 3438 42 22
s 3439 41 25
s 3440 73 28
s 3441 5 2
s 3442 31 14
s 3447 95 47
s 3448 25 13
s 3449 58 22
s 3451 109 55
s 3454 16 6
s 3456 76 30
s 3457 57 27
s 3459 69 35
s 3463 106 57
s 3464 39 17
s 3465 25 14
s 3466 18 7
s 3473 35 16
s 3483 18 10
s 3599 392 200
s 3600 162 77
s 3601 377 173
s 3602 749 391
s 3603 421 172
s 3604 506 242
s 3605 1142 568
s 3606 634 314
s 3607 254 133
s 3609 856 432
s 3610 1252 593
s 3611 750 389
s 3612 347 164
s 3613 901 403
s 3614 664 338
s 3615 629 335
s 3616 294 159
s 3617 237 133
s 3618 281 136
s 3619 856 432
s 3620 952 488
s 3621 220 109
s 3622 87 39
s 3623 562 268
s 3624 261 134
s 3625 433 222
s 3626 558 298
s 3627 350 165
s 3628 478 219
s 3629 233 127
s 3630 286 138
s 3631 408 209
s 3632 869 467
s 3633 895 460
s 3634 209 106
s 3635 132 63
s 3636 167 89
s 3637 596 278
s 3638 962 530
s 3639 377 190
s 3640 220 106
s 3641 118 62
s 3642 124 50
s 3643 195 80
s 3644 465 236
s 3645 66 30
s 3646 336 183
s 3647 219 111
s 3648 343 184
s 3649 53 28
s 3650 13 4
s 3651 537 288
s 3652 518 262
s 3653 388 193
s 3654 381 197
s 3655 658 326
s 3656 184 92
s 3657 134 56
s 3658 1144 621
s 3659 525 260
s 3660 884 506
s 3661 73 36
s 3662 148 81
s 3663 106 46
s 3664 161 65
s 3665 145 72
s 3666 91 47
s 3667 101 36
s 3668 531 274
s 3669 603 295
s 3670 1377 722
s 3671 613 312
s 3672 614 335
s 3673 40 23
s 3674 242 140
s 3675 214 86
s 3676 84 50
s 3677 978 489
s 3678 106 55
s 3679 110 61
s 3680 331 154
s 3681 630 313
s 3682 279 115
s 3683 157 77
s 3684 309 146
s 3685 567 285
s 3686 131 56
s 3687 46 19
s 3688 818 413
s 3689 561 308
s 3690 539 276
s 3691 280 143
s 3692 339 159
s 3693 491 222
s 3694 348 194
s 3695 305 162
s 3696 439 217
s 3697 227 121
s 3698 332 153
s 3703 407 198
s 3704 283 114
s 3705 413 212
s 3707 558 261
s 3710 336 148
s 3712 681 350
s 3713 258 129
s 3715 284 138
s 3719 647 350
s 3720 352 155
s 3721 214 107
s 3722 150 79
s 3729 271 107
s 3739 121 60
s 3856 31 14
s 3857 74 37
s 3858 175 88
s 3859 118 52
s 3860 111 44
s 3861 256 130
s 3862 159 72
s 3863 44 26
s 3865 179 67
s 3866 360 205
s 3867 257 121
s 3868 41 16
s 3869 133 64
s 3870 199 94
s 3871 167 75
s 3872 69 37
s 3873 30 12
s 3874 49 20
s 3875 151 70
s 3876 170 75
s 3877 53 24
s 3878 10 5
s 3879 134 63
s 3880 95 44
s 3881 92 47
s 3882 114 65
s 3883 63 27
s 3884 89 52
s 3885 45 20
s 3886 34 12
s 3887 60 31
s 3888 140 67
s 3889 138 76
s 3890 51 29
s 3891 76 36
s 3892 22 14
s 3893 110 63
s 3894 221 113
s 3895 39 18
s 3896 44 26
s 3897 20 10
s 3898 30 16
s 3899 42 24
s 3900 70 40
s 3901 10 5
s 3902 171 98
s 3903 45 21
s 3904 105 40
s 3905 6 3
s 3906 4 1
s 3907 126 69
s 3908 113 56
s 3909 57 29
s 3910 94 40
s 3911 261 149
s 3912 43 22
s 3913 33 15
s 3914 252 132
s 3915 141 69
s 3916 207 119
s 3917 12 6
s 3918 16 14
s 3919 26 6
s 3920 28 16
s 3921 21 10
s 3922 18 13
s 3923 31 8
s 3924 204 106
s 3925 177 81
s 3926 371 196
s 3927 163 89
s 3928 215 122
s 3929 5 3
s 3930 42 22
s 3931 53 34
s 3932 15 9
s 3933 211 106
s 3934 20 12
s 3935 23 8
s 3936 53 30
s 3937 132 69
s 3938 38 16
s 3939 17 8
s 3940 111 63
s 3941 146 66
s 3942 32 16
s 3943 7 4
s 3944 96 52
s 3945 156 85
s 3946 116 64
s 3947 97 48
s 3948 49 26
s 3949 63 35
s 3950 66 40
s 3951 74 42
s 3952 91 53
s 3953 26 16
s 3954 64 31
s 3959 134 69
s 3960 46 28
s 3961 83 39
s 3963 166 71
s 3966 75 44
s 3968 154 67
s 3969 39 19
s 3971 67 34
s 3975 94 54
s 3976 89 34
s 3977 33 19
s 3978 27 14
s 3985 62 26
s 3995 29 13
s 4113 23 13
s 4114 72 40
s 4115 36 10
s 4116 57 30
s 4117 132 60
s 4118 80 40
s 4119 21 13
s 4121 82 40
s 4122 150 64
s 4123 113 62
s 4124 6 3
s 4125 46 19
s 4126 99 44
s 4127 87 42
s 4128 19 9
s 4129 12 5
s 4130 22 8
s 4131 108 42
s 4132 82 36
s 4133 32 10
s 4134 7 3
s 4135 54 24
s 4136 34 13
s 4137 60 27
s 4138 41 22
s 4139 24 8
s 4140 75 35
s 4141 29 14
s 4142 30 11
s 4143 25 14
s 4144 82 32
s 4145 53 27
s 4146 22 12
s 4147 21 7
s 4148 9 5
s 4149 59 28
s 4150 90 52
s 4151 21 10
s 4152 25 15
s 4153 13 6
s 4154 11 4
s 4155 21 14
s 4156 27 12
s 4157 10 4
s 4158 44 19
s 4159 33 13
s 4160 51 24
s 4161 3 2
s 4162 5 2
s 4163 59 27
s 4164 55 28
s 4165 19 10
s 4166 47 27
s 4167 104 59
s 4168 25 9
s 4169 15 7
s 4170 121 53
s 4171 60 27
s 4172 67 32
s 4173 11 5
s 4174 11 7
s 4175 14 4
s 4176 18 7
s 4177 13 7
s 4178 4 3
s 4179 20 3
s 4180 92 38
s 4181 63 29
s 4182 192 91
s 4183 85 42
s 4184 80 42
s 4185 3 2
s 4186 25 8
s 4187 25 11
s 4188 1 1
s 4189 113 55
s 4190 9 5
s 4191 12 7
s 4192 17 12
s 4193 66 32
s 4194 12 5
s 4195 5 2
s 4196 54 19
s 4197 66 28
s 4198 16 10
s 4199 8 3
s 4200 52 24
s 4201 75 40
s 4202 60 27
s 4203 32 8
s 4204 13 8
s 4205 52 22
s 4206 28 13
s 4207 45 22
s 4208 51 22
s 4209 12 8
s 4210 28 11
s 4215 63 27
s 4216 18 7
s 4217 49 22
s 4219 88 43
s 4222 37 17
s 4224 83 45
s 4225 29 12
s 4227 43 18
s 4231 34 15
s 4232 34 15
s 4233 10 8
s 4234 20 10
s 4241 31 16
s 4251 18 8
s 4370 170 91
s 4371 97 34
s 4372 85 39
s 4373 225 95
s 4374 98 44
s 4375 32 16
s 4377 47 22
s 4378 325 149
s 4379 231 115
s 4380 83 37
s 4381 273 130
s 4382 216 114
s 4383 181 80
s 4384 28 13
s 4385 48 27
s 4386 5 2
s 4387 79 34
s 4388 123 63
s 4389 56 26
s 4390 26 11
s 4391 33 14
s 4392 63 33
s 4393 66 30
s 4394 155 85
s 4395 42 20
s 4396 113 64
s 4397 44 22
s 4398 45 25
s 4399 41 20
s 4400 178 82
s 4401 148 80
s 4402 52 27
s 4403 60 34
s 4404 12 6
s 4405 131 59
s 4406 236 124
s 4407 102 53
s 4408 52 27
s 4409 21 10
s 4410 27 7
s 4411 20 6
s 4412 124 61
s 4413 8 2
s 4414 146 85
s 4415 65 29
s 4416 73 32
s 4417 11 8
s 4418 3 2
s 4419 112 54
s 4420 113 60
s 4421 119 51
s 4422 87 36
s 4423 259 134
s 4424 49 24
s 4425 17 8
s 4426 82 34
s 4427 125 51
s 4428 18 7
s 4429 15 7
s 4430 47 25
s 4431 29 13
s 4432 25 13
s 4433 29 15
s 4434 5 3
s 4435 27 12
s 4436 164 67
s 4437 187 96
s 4438 309 147
s 4439 172 79
s 4440 168 85
s 4441 9 1
s 4442 33 20
s 4443 40 15
s 4444 15 8
s 4445 200 93
s 4446 19 7
s 4447 32 14
s 4448 93 39
s 4449 156 87
s 4450 64 29
s 4451 41 22
s 4452 98 52
s 4453 134 53
s 4454 37 22
s 4455 10 7
s 4456 198 101
s 4457 146 64
s 4458 13 8
s 4459 50 28
s 4460 88 47
s 4461 123 46
s 4462 75 41
s 4463 98 44
s 4464 105 48
s 4465 6 0
s 4466 49 20
s 4471 136 61
s 4472 28 12
s 4473 109 52
s 4475 194 96
s 4478 13 8
s 4480 132 61
s 4481 58 26
s 4483 75 41
s 4487 155 93
s 4488 76 31
s 4489 35 16
s 4490 23 12
s 4497 48 22
s 4507 39 14
s 4627 151 70
s 4628 166 83
s 4629 459 238
s 4630 346 168
s 4631 87 45
s 4633 393 184
s 4634 669 330
s 4635 409 221
s 4636 166 83
s 4637 456 217
s 4638 362 180
s 4639 359 205
s 4640 86 52
s 4641 110 54
s 4642 126 61
s 4643 357 174
s 4644 376 205
s 4645 121 63
s 4646 53 28
s 4647 276 139
s 4648 137 68
s 4649 6 2
s 4650 175 109
s 4651 166 76
s 4652 6 4
s 4653 101 53
s 4654 29 14
s 4655 149 79
s 4656 17 2
s 4657 380 203
s 4658 105 63
s 4659 90 53
s 4660 56 30
s 4661 142 54
s 4662 12 5
s 4663 178 95
s 4664 35 16
s 4665 62 32
s 4666 68 31
s 4667 86 42
s 4668 240 132
s 4669 19 13
s 4670 279 164
s 4671 61 32
s 4672 159 86
s 4673 15 5
s 4674 10 5
s 4675 11 7
s 4676 237 109
s 4677 195 98
s 4678 24 14
s 4679 449 256
s 4680 82 38
s 4681 29 14
s 4682 560 308
s 4683 240 125
s 4684 389 226
s 4685 41 26
s 4686 88 45
s 4687 48 22
s 4688 26 12
s 4689 36 22
s 4690 29 21
s 4691 54 26
s 4692 324 170
s 4693 377 192
s 4694 766 409
s 4695 319 179
s 4696 315 185
s 4697 2 1
s 4698 107 57
s 4699 88 48
s 4700 41 25
s 4701 104 53
s 4702 5 3
s 4703 11 5
s 4704 172 88
s 4705 356 185
s 4706 138 74
s 4707 61 28
s 4708 150 85
s 4709 281 151
s 4710 53 29
s 4711 30 21
s 4712 378 218
s 4713 339 175
s 4714 230 120
s 4715 164 72
s 4716 158 76
s 4717 10 3
s 4718 193 115
s 4719 176 94
s 4720 220 103
s 4721 103 66
s 4722 62 28
s 4727 220 118
s 4728 158 73
s 4729 222 122
s 4731 309 165
s 4734 141 60
s 4736 289 142
s 4737 136 80
s 4739 167 94
s 4743 306 166
s 4744 178 92
s 4745 104 50
s 4746 14 4
s 4753 46 21
s 4763 54 25
s 4884 140 61
s 4885 339 125
s 4886 199 73
s 4887 63 24
s 4889 234 84
s 4890 424 168
s 4891 289 123
s 4892 74 27
s 4893 240 98
s 4894 214 95
s 4895 175 81
s 4896 62 30
s 4897 76 28
s 4898 69 32
s 4899 240 102
s 4900 256 123
s 4901 86 38
s 4902 31 12
s 4903 147 62
s 4904 77 30
s 4905 84 41
s 4906 137 77
s 4907 95 38
s 4908 110 47
s 4909 80 31
s 4910 81 28
s 4911 95 38
s 4912 147 62
s 4913 198 106
s 4914 86 32
s 4915 48 22
s 4916 45 20
s 4917 156 66
s 4918 181 91
s 4919 110 49
s 4920 51 19
s 4921 23 9
s 4922 27 15
s 4923 58 25
s 4924 128 56
s 4925 13 5
s 4926 129 65
s 4927 77 31
s 4928 122 49
s 4929 14 5
s 4930 4 2
s 4931 93 41
s 4932 129 50
s 4933 92 38
s 4934 107 49
s 4935 216 101
s 4936 55 26
s 4937 34 15
s 4938 346 158
s 4939 132 63
s 4940 206 104
s 4941 30 16
s 4942 46 25
s 4943 36 8
s 4944 30 13
s 4945 29 14
s 4946 25 12
s 4947 37 16
s 4948 216 104
s 4949 234 101
s 4950 445 174
s 4951 199 91
s 4952 192 90
s 4953 11 5
s 4954 58 26
s 4955 65 28
s 4956 24 10
s 4957 221 89
s 4958 22 8
s 4959 27 10
s 4960 79 22
s 4961 219 103
s 4962 84 35
s 4963 49 23
s 4964 140 65
s 4965 149 51
s 4966 35 17
s 4967 14 9
s 4968 213 105
s 4969 190 81
s 4970 128 55
s 4971 85 37
s 4972 91 37
s 4973 103 43
s 4974 89 39
s 4975 118 57
s 4976 112 47
s 4977 61 34
s 4978 75 35
s 4983 143 71
s 4984 91 42
s 4985 120 53
s 4987 204 66
s 4990 80 33
s 4992 237 103
s 4993 100 36
s 4995 102 40
s 4999 198 95
s 5000 114 44
s 5001 64 24
s 5002 36 16
s 5009 56 27
s 5019 39 19
s 5141 329 156
s 5142 223 102
s 5143 77 43
s 5145 267 131
s 5146 347 179
s 5147 265 129
s 5148 115 65
s 5149 307 146
s 5150 203 100
s 5151 171 95
s 5152 88 46
s 5153 59 29
s 5154 85 41
s 5155 254 132
s 5156 270 139
s 5157 69 34
s 5158 27 18
s 5159 195 102
s 5160 71 27
s 5161 109 48
s 5162 195 108
s 5163 119 61
s 5164 150 72
s 5165 64 29
s 5166 64 34
s 5167 96 52
s 5168 218 110
s 5169 271 170
s 5170 58 29
s 5171 51 23
s 5172 43 21
s 5173 162 74
s 5174 239 113
s 5175 95 36
s 5176 60 36
s 5177 38 26
s 5178 30 16
s 5179 61 26
s 5180 185 106
s 5181 23 12
s 5182 133 65
s 5183 56 33
s 5184 108 46
s 5185 9 5
s 5186 6 2
s 5187 128 68
s 5188 126 68
s 5189 122 53
s 5190 117 59
s 5191 265 147
s 5192 54 23
s 5193 46 22
s 5194 361 189
s 5195 149 76
s 5196 273 146
s 5197 23 13
s 5198 52 30
s 5199 30 15
s 5200 42 23
s 5201 45 26
s 5202 24 10
s 5203 46 25
s 5204 199 105
s 5205 270 127
s 5206 432 242
s 5207 151 83
s 5208 215 118
s 5209 9 4
s 5210 50 27
s 5211 60 27
s 5212 28 18
s 5213 235 119
s 5214 31 17
s 5215 40 14
s 5216 96 50
s 5217 237 120
s 5218 93 45
s 5219 59 32
s 5220 127 68
s 5221 186 91
s 5222 48 25
s 5223 21 8
s 5224 307 157
s 5225 174 96
s 5226 172 81
s 5227 109 56
s 5228 127 59
s 5229 118 53
s 5230 126 73
s 5231 81 43
s 5232 92 41
s 5233 40 23
s 5234 95 38
s 5239 115 59
s 5240 96 46
s 5241 109 62
s 5243 173 83
s 5246 114 55
s 5248 216 120
s 5249 97 50
s 5251 79 44
s 5255 227 120
s 5256 115 63
s 5257 64 24
s 5258 40 25
s 5265 66 32
s 5275 34 21
s 5398 433 198
s 5399 175 75
s 5401 495 223
s 5402 894 401
s 5403 573 280
s 5404 248 121
s 5405 724 326
s 5406 496 258
s 5407 439 222
s 5408 184 98
s 5409 135 70
s 5410 154 75
s 5411 438 195
s 5412 609 312
s 5413 181 87
s 5414 65 33
s 5415 372 161
s 5416 163 75
s 5417 243 116
s 5418 438 231
s 5419 199 98
s 5420 277 120
s 5421 119 62
s 5422 173 87
s 5423 245 117
s 5424 402 190
s 5425 622 315
s 5426 142 82
s 5427 130 54
s 5428 87 49
s 5429 362 145
s 5430 673 353
s 5431 227 109
s 5432 138 58
s 5433 97 47
s 5434 82 38
s 5435 120 46
s 5436 351 170
s 5437 51 24
s 5438 297 160
s 5439 119 48
s 5440 250 111
s 5441 18 8
s 5442 16 6
s 5443 326 169
s 5444 291 152
s 5445 301 136
s 5446 288 126
s 5447 636 318
s 5448 136 53
s 5449 80 37
s 5450 729 348
s 5451 332 164
s 5452 518 255
s 5453 58 27
s 5454 105 57
s 5455 75 32
s 5456 116 56
s 5457 107 49
s 5458 42 25
s 5459 110 48
s 5460 511 231
s 5461 529 254
s 5462 948 426
s 5463 434 215
s 5464 478 257
s 5465 17 12
s 5466 108 56
s 5467 154 89
s 5468 58 25
s 5469 639 311
s 5470 58 29
s 5471 85 38
s 5472 240 125
s 5473 494 224
s 5474 200 89
s 5475 124 54
s 5476 320 155
s 5477 356 158
s 5478 104 44
s 5479 27 12
s 5480 658 338
s 5481 399 191
s 5482 377 184
s 5483 216 100
s 5484 276 115
s 5485 262 95
s 5486 226 112
s 5487 238 120
s 5488 307 144
s 5489 112 63
s 5490 169 69
s 5495 289 151
s 5496 217 95
s 5497 230 114
s 5499 378 168
s 5502 202 83
s 5504 438 202
s 5505 246 122
s 5507 217 94
s 5511 469 255
s 5512 225 113
s 5513 161 73
s 5514 84 41
s 5521 170 74
s 5531 68 29
s 5655 135 67
s 5657 274 135
s 5658 556 267
s 5659 370 188
s 5660 177 77
s 5661 507 218
s 5662 308 158
s 5663 269 129
s 5664 129 68
s 5665 88 50
s 5666 87 40
s 5667 258 121
s 5668 387 178
s 5669 97 43
s 5670 36 16
s 5671 204 104
s 5672 104 41
s 5673 215 109
s 5674 329 179
s 5675 141 69
s 5676 243 131
s 5677 70 33
s 5678 128 65
s 5679 121 60
s 5680 351 184
s 5681 408 209
s 5682 95 53
s 5683 55 32
s 5684 43 22
s 5685 247 112
s 5686 480 230
s 5687 156 75
s 5688 96 51
s 5689 55 28
s 5690 37 18
s 5691 77 26
s 5692 257 133
s 5693 38 16
s 5694 170 98
s 5695 95 45
s 5696 141 57
s 5697 13 9
s 5698 7 5
s 5699 292 149
s 5700 165 78
s 5701 181 76
s 5702 205 93
s 5703 368 189
s 5704 79 32
s 5705 58 27
s 5706 417 217
s 5707 190 88
s 5708 258 144
s 5709 46 28
s 5710 59 34
s 5711 52 21
s 5712 73 33
s 5713 74 32
s 5714 35 17
s 5715 52 28
s 5716 277 130
s 5717 336 151
s 5718 556 289
s 5719 248 121
s 5720 279 144
s 5721 12 7
s 5722 87 39
s 5723 61 27
s 5724 24 11
s 5725 470 233
s 5726 57 24
s 5727 58 30
s 5728 175 82
s 5729 337 169
s 5730 135 65
s 5731 85 43
s 5732 153 66
s 5733 184 86
s 5734 60 23
s 5735 21 10
s 5736 560 291
s 5737 215 121
s 5738 172 94
s 5739 125 55
s 5740 191 92
s 5741 177 76
s 5742 117 61
s 5743 110 49
s 5744 160 73
s 5745 59 34
s 5746 123 53
s 5751 149 72
s 5752 123 56
s 5753 133 75
s 5755 222 90
s 5758 127 56
s 5760 256 114
s 5761 179 81
s 5763 127 59
s 5767 318 186
s 5768 158 78
s 5769 102 45
s 5770 57 28
s 5777 89 44
s 5787 47 17
s 5913 120 54
s 5914 294 156
s 5915 190 105
s 5916 37 14
s 5917 89 35
s 5918 177 92
s 5919 104 61
s 5920 43 25
s 5921 26 9
s 5922 35 23
s 5923 137 62
s 5924 110 63
s 5925 47 22
s 5926 6 3
s 5927 85 40
s 5928 55 29
s 5929 77 36
s 5930 78 48
s 5931 38 21
s 5932 95 55
s 5933 40 20
s 5934 40 10
s 5935 49 27
s 5936 146 77
s 5937 76 39
s 5938 55 36
s 5939 39 19
s 5940 14 5
s 5941 81 45
s 5942 149 78
s 5943 18 9
s 5944 34 18
s 5945 19 13
s 5946 11 3
s 5947 28 9
s 5948 54 26
s 5949 13 10
s 5950 85 40
s 5951 52 30
s 5952 72 37
s 5953 5 2
s 5954 2 1
s 5955 101 63
s 5956 91 51
s 5957 41 23
s 5958 68 37
s 5959 150 88
s 5960 36 14
s 5961 22 10
s 5962 172 92
s 5963 86 50
s 5964 77 34
s 5965 8 5
s 5966 13 7
s 5967 23 10
s 5968 28 12
s 5969 15 8
s 5970 13 5
s 5971 33 12
s 5972 133 73
s 5973 165 84
s 5974 295 147
s 5975 148 70
s 5976 125 75
s 5977 11 8
s 5978 28 15
s 5979 33 13
s 5980 11 6
s 5981 202 102
s 5982 22 15
s 5983 30 14
s 5984 22 11
s 5985 105 50
s 5986 37 14
s 5987 19 7
s 5988 85 47
s 5989 99 46
s 5990 27 13
s 5991 9 5
s 5992 90 45
s 5993 115 55
s 5994 77 32
s 5995 47 26
s 5996 30 17
s 5997 90 40
s 5998 57 32
s 5999 69 43
s 6000 66 26
s 6001 21 15
s 6002 55 26
s 6007 66 35
s 6008 36 14
s 6009 87 42
s 6011 104 50
s 6014 51 21
s 6016 119 54
s 6017 37 18
s 6019 76 34
s 6023 58 28
s 6024 72 34
s 6025 16 8
s 6026 36 17
s 6033 43 24
s 6043 23 9
s 6426 767 378
s 6427 530 255
s 6428 200 98
s 6429 574 266
s 6430 438 233
s 6431 399 195
s 6432 98 49
s 6433 127 67
s 6434 31 16
s 6435 192 83
s 6436 319 149
s 6437 160 87
s 6438 40 14
s 6439 125 55
s 6440 155 68
s 6441 213 105
s 6442 392 203
s 6443 127 54
s 6444 274 130
s 6445 131 60
s 6446 130 57
s 6447 130 52
s 6448 464 227
s 6449 366 199
s 6450 151 76
s 6451 106 42
s 6452 29 19
s 6453 233 100
s 6454 554 298
s 6455 205 106
s 6456 85 41
s 6457 73 40
s 6458 67 19
s 6459 51 23
s 6460 345 188
s 6461 23 14
s 6462 316 180
s 6463 142 69
s 6464 221 107
s 6465 19 6
s 6466 12 6
s 6467 283 141
s 6468 254 110
s 6469 217 103
s 6470 272 132
s 6471 559 278
s 6472 122 50
s 6473 49 20
s 6474 282 129
s 6475 275 125
s 6476 108 54
s 6477 47 22
s 6478 98 42
s 6479 50 18
s 6480 84 38
s 6481 103 45
s 6482 20 12
s 6483 96 46
s 6484 406 181
s 6485 478 212
s 6486 814 386
s 6487 401 197
s 6488 352 179
s 6489 26 15
s 6490 67 34
s 6491 123 58
s 6492 29 19
s 6493 515 249
s 6494 61 24
s 6495 51 30
s 6496 210 90
s 6497 397 191
s 6498 181 75
s 6499 97 42
s 6500 243 118
s 6501 290 124
s 6502 86 33
s 6503 26 13
s 6504 538 282
s 6505 346 168
s 6506 71 27
s 6507 133 58
s 6508 239 95
s 6509 260 103
s 6510 156 82
s 6511 217 107
s 6512 268 131
s 6513 36 17
s 6514 125 51
s 6519 253 111
s 6520 71 32
s 6521 253 118
s 6523 411 190
s 6526 73 26
s 6528 348 163
s 6529 188 97
s 6531 206 88
s 6535 417 215
s 6536 142 70
s 6537 125 56
s 6538 74 33
s 6545 108 37
s 6555 71 38
s 6683 513 231
s 6684 344 165
s 6685 962 443
s 6686 417 203
s 6687 332 159
s 6688 236 105
s 6689 207 117
s 6690 259 121
s 6691 704 330
s 6692 925 431
s 6693 156 73
s 6694 96 36
s 6695 501 217
s 6696 205 91
s 6697 396 206
s 6698 651 340
s 6699 271 124
s 6700 491 238
s 6701 165 76
s 6702 239 111
s 6703 289 151
s 6704 748 385
s 6705 780 368
s 6706 129 64
s 6707 112 59
s 6708 121 63
s 6709 470 189
s 6710 969 509
s 6711 327 156
s 6712 205 103
s 6713 72 40
s 6714 73 39
s 6715 148 61
s 6716 508 269
s 6717 49 28
s 6718 341 181
s 6719 195 93
s 6720 203 97
s 6721 38 19
s 6722 13 7
s 6723 475 242
s 6724 294 137
s 6725 399 188
s 6726 515 274
s 6727 699 373
s 6728 178 74
s 6729 139 66
s 6730 1024 504
s 6731 400 205
s 6732 728 379
s 6733 73 50
s 6734 173 92
s 6735 80 32
s 6736 154 85
s 6737 155 78
s 6738 64 30
s 6739 83 35
s 6740 520 265
s 6741 602 288
s 6742 1055 544
s 6743 353 176
s 6744 550 282
s 6745 36 19
s 6746 187 101
s 6747 167 74
s 6748 66 39
s 6749 977 457
s 6750 111 48
s 6751 127 72
s 6752 365 171
s 6753 646 330
s 6754 380 179
s 6755 186 91
s 6756 337 159
s 6757 395 175
s 6758 120 51
s 6759 36 22
s 6760 957 475
s 6761 438 213
s 6762 431 205
s 6763 280 131
s 6764 385 181
s 6765 442 207
s 6766 307 173
s 6767 198 107
s 6768 257 119
s 6769 163 83
s 6770 300 128
s 6775 236 124
s 6776 280 133
s 6777 299 158
s 6779 411 184
s 6782 319 151
s 6784 567 279
s 6785 346 158
s 6787 212 118
s 6791 695 375
s 6792 288 141
s 6793 199 105
s 6794 125 60
s 6801 219 92
s 6811 99 45
s 6940 263 124
s 6941 654 316
s 6942 230 136
s 6943 173 93
s 6944 158 82
s 6945 128 71
s 6946 183 100
s 6947 515 264
s 6948 618 313
s 6949 85 32
s 6950 54 27
s 6951 385 209
s 6952 115 55
s 6953 282 141
s 6954 385 225
s 6955 206 108
s 6956 313 161
s 6957 111 66
s 6958 173 86
s 6959 203 98
s 6960 480 262
s 6961 587 325
s 6962 58 29
s 6963 80 35
s 6964 88 47
s 6965 384 175
s 6966 609 335
s 6967 188 103
s 6968 142 79
s 6969 73 30
s 6970 51 22
s 6971 136 56
s 6972 350 187
s 6973 46 29
s 6974 233 151
s 6975 140 73
s 6976 140 75
s 6977 17 8
s 6978 10 4
s 6979 295 154
s 6980 192 104
s 6981 240 119
s 6982 385 201
s 6983 452 236
s 6984 113 48
s 6985 82 43
s 6986 760 422
s 6987 232 125
s 6988 550 310
s 6989 65 35
s 6990 110 65
s 6991 38 13
s 6992 89 44
s 6993 91 48
s 6994 47 27
s 6995 32 15
s 6996 326 162
s 6997 390 197
s 6998 726 380
s 6999 177 85
s 7000 392 202
s 7001 26 18
s 7002 125 75
s 7003 76 37
s 7004 36 27
s 7005 663 311
s 7006 69 36
s 7007 74 40
s 7008 248 137
s 7009 471 269
s 7010 259 119
s 7011 110 45
s 7012 223 123
s 7013 252 118
s 7014 59 27
s 7015 22 11
s 7016 659 329
s 7017 246 123
s 7018 342 182
s 7019 204 101
s 7020 255 135
s 7021 323 151
s 7022 190 117
s 7023 119 65
s 7024 116 62
s 7025 134 73
s 7026 212 106
s 7031 165 89
s 7032 196 101
s 7033 125 71
s 7035 231 114
s 7038 243 114
s 7040 382 193
s 7041 230 123
s 7043 114 64
s 7047 463 264
s 7048 209 114
s 7049 141 79
s 7050 97 47
s 7057 141 70
s 7067 70 33
s 7197 60 28
s 7198 184 91
s 7199 173 92
s 7200 56 34
s 7201 24 16
s 7202 59 29
s 7203 164 75
s 7204 144 68
s 7205 72 32
s 7206 4 3
s 7207 109 41
s 7208 73 33
s 7209 86 43
s 7210 78 48
s 7211 53 24
s 7212 134 62
s 7213 58 26
s 7214 78 34
s 7215 47 22
s 7216 155 78
s 7217 131 61
s 7218 69 43
s 7219 52 23
s 7220 24 12
s 7221 134 54
s 7222 252 115
s 7223 19 7
s 7224 63 36
s 7225 13 6
s 7226 27 18
s 7227 31 9
s 7228 26 10
s 7229 11 7
s 7230 98 55
s 7231 59 25
s 7232 96 49
s 7233 4 3
s 7234 11 5
s 7235 93 51
s 7236 100 45
s 7237 13 7
s 7238 86 46
s 7239 172 77
s 7240 62 25
s 7241 25 12
s 7242 290 136
s 7243 132 62
s 7244 152 74
s 7245 2 1
s 7246 12 4
s 7247 26 13
s 7248 29 9
s 7249 17 11
s 7250 13 6
s 7251 29 8
s 7252 150 72
s 7253 145 64
s 7254 381 173
s 7255 187 86
s 7256 150 85
s 7257 8 2
s 7258 53 26
s 7259 63 28
s 7260 8 4
s 7261 204 86
s 7262 26 17
s 7263 27 13
s 7264 18 8
s 7265 89 42
s 7266 26 10
s 7267 9 4
s 7268 98 55
s 7269 151 67
s 7270 27 12
s 7271 10 7
s 7272 45 24
s 7273 140 71
s 7274 115 53
s 7275 66 25
s 7276 20 5
s 7277 106 38
s 7278 60 29
s 7279 108 51
s 7280 118 54
s 7281 35 17
s 7282 65 35
s 7287 121 57
s 7288 70 33
s 7289 103 54
s 7291 172 83
s 7294 80 36
s 7296 172 82
s 7297 9 5
s 7299 73 35
s 7303 34 20
s 7304 81 40
s 7305 13 5
s 7306 29 16
s 7313 53 26
s 7323 24 11
s 7454 575 289
s 7455 492 234
s 7456 140 76
s 7457 59 25
s 7458 157 70
s 7459 562 245
s 7460 404 185
s 7461 168 85
s 7462 13 7
s 7463 409 177
s 7464 203 80
s 7465 227 104
s 7466 202 112
s 7467 165 83
s 7468 298 143
s 7469 172 88
s 7470 199 81
s 7471 145 72
s 7472 484 234
s 7473 257 135
s 7474 181 106
s 7475 132 53
s 7476 94 49
s 7477 358 145
s 7478 615 311
s 7479 41 18
s 7480 152 81
s 7481 45 19
s 7482 77 37
s 7483 107 52
s 7484 52 21
s 7485 41 17
s 7486 336 186
s 7487 143 62
s 7488 235 105
s 7489 24 14
s 7490 19 9
s 7491 326 154
s 7492 405 190
s 7493 39 19
s 7494 258 132
s 7495 541 291
s 7496 139 63
s 7497 75 29
s 7498 986 486
s 7499 380 178
s 7500 611 313
s 7501 8 3
s 7502 18 10
s 7503 93 41
s 7504 109 53
s 7505 45 12
s 7506 36 20
s 7507 96 39
s 7508 408 189
s 7509 468 220
s 7510 1140 547
s 7511 457 223
s 7512 497 257
s 7513 27 12
s 7514 161 93
s 7515 122 54
s 7516 35 20
s 7517 585 273
s 7518 76 41
s 7519 69 34
s 7520 20 5
s 7521 234 118
s 7522 37 17
s 7523 13 6
s 7524 259 131
s 7525 381 186
s 7526 65 24
s 7527 28 14
s 7528 94 40
s 7529 450 218
s 7530 383 181
s 7531 167 87
s 7532 24 8
s 7533 315 129
s 7534 234 132
s 7535 248 122
s 7536 289 133
s 7537 145 77
s 7538 186 84
s 7543 313 138
s 7544 114 54
s 7545 274 145
s 7547 507 241
s 7550 208 106
s 7552 504 248
s 7553 24 12
s 7555 231 125
s 7559 95 49
s 7560 214 109
s 7561 42 22
s 7562 110 50
s 7569 160 76
s 7579 25 14
s 7711 174 93
s 7712 136 69
s 7713 113 61
s 7714 155 77
s 7715 453 222
s 7716 493 261
s 7717 61 32
s 7718 58 36
s 7719 279 147
s 7720 107 51
s 7721 210 115
s 7722 383 218
s 7723 173 71
s 7724 269 137
s 7725 81 50
s 7726 150 69
s 7727 172 85
s 7728 460 231
s 7729 542 309
s 7730 65 36
s 7731 81 43
s 7732 58 31
s 7733 266 116
s 7734 535 290
s 7735 161 81
s 7736 106 64
s 7737 42 24
s 7738 38 19
s 7739 109 40
s 7740 300 178
s 7741 43 19
s 7742 193 119
s 7743 110 53
s 7744 98 45
s 7745 18 8
s 7746 5 5
s 7747 320 178
s 7748 104 56
s 7749 221 125
s 7750 229 112
s 7751 375 223
s 7752 84 39
s 7753 58 33
s 7754 639 344
s 7755 167 75
s 7756 436 234
s 7757 35 16
s 7758 99 53
s 7759 30 15
s 7760 79 37
s 7761 78 38
s 7762 48 27
s 7763 36 15
s 7764 250 138
s 7765 312 161
s 7766 589 294
s 7767 155 87
s 7768 298 170
s 7769 16 11
s 7770 104 55
s 7771 80 40
s 7772 50 30
s 7773 524 270
s 7774 64 32
s 7775 50 19
s 7776 211 111
s 7777 387 187
s 7778 169 87
s 7779 77 41
s 7780 160 86
s 7781 212 117
s 7782 43 19
s 7783 21 9
s 7784 511 275
s 7785 198 91
s 7786 305 163
s 7787 155 77
s 7788 217 117
s 7789 229 99
s 7790 161 86
s 7791 84 43
s 7792 106 51
s 7793 118 74
s 7794 152 80
s 7799 151 71
s 7800 168 74
s 7801 122 62
s 7803 214 108
s 7806 184 105
s 7808 314 159
s 7809 188 89
s 7811 97 51
s 7815 387 223
s 7816 173 94
s 7817 127 64
s 7818 78 40
s 7825 135 75
s 7835 59 27
s 7968 126 68
s 7969 85 47
s 7970 114 53
s 7971 335 160
s 7972 413 205
s 7973 48 25
s 7974 53 27
s 7975 258 122
s 7976 74 41
s 7977 182 108
s 7978 314 178
s 7979 126 69
s 7980 225 120
s 7981 70 37
s 7982 108 48
s 7983 140 64
s 7984 355 195
s 7985 429 239
s 7986 54 24
s 7987 48 24
s 7988 85 53
s 7989 212 101
s 7990 495 269
s 7991 201 121
s 7992 88 49
s 7993 44 21
s 7994 38 19
s 7995 75 43
s 7996 256 141
s 7997 25 9
s 7998 193 108
s 7999 85 49
s 8000 74 38
s 8001 19 11
s 8002 2 0
s 8003 242 132
s 8004 97 46
s 8005 196 95
s 8006 227 116
s 8007 355 191
s 8008 68 30
s 8009 43 27
s 8010 514 274
s 8011 138 73
s 8012 455 249
s 8013 40 19
s 8014 83 44
s 8015 24 10
s 8016 79 41
s 8017 86 47
s 8018 38 18
s 8019 37 16
s 8020 206 107
s 8021 263 119
s 8022 544 282
s 8023 124 79
s 8024 287 163
s 8025 13 10
s 8026 86 46
s 8027 56 25
s 8028 34 17
s 8029 488 260
s 8030 48 23
s 8031 60 35
s 8032 182 95
s 8033 319 168
s 8034 159 62
s 8035 69 35
s 8036 131 69
s 8037 183 97
s 8038 51 34
s 8039 21 14
s 8040 478 269
s 8041 170 98
s 8042 263 142
s 8043 130 71
s 8044 182 88
s 8045 229 109
s 8046 124 76
s 8047 50 22
s 8048 65 30
s 8049 89 53
s 8050 132 59
s 8055 151 83
s 8056 140 71
s 8057 281 157
s 8059 178 94
s 8062 180 98
s 8064 263 139
s 8065 182 94
s 8067 71 39
s 8071 348 208
s 8072 160 90
s 8073 115 68
s 8074 50 28
s 8081 107 51
s 8091 44 23
s 8225 31 18
s 8226 14 8
s 8227 105 61
s 8228 137 77
s 8229 55 26
s 8230 16 8
s 8231 73 34
s 8232 59 37
s 8233 35 21
s 8234 115 68
s 8235 49 26
s 8236 47 31
s 8237 43 22
s 8238 28 11
s 8239 44 21
s 8240 71 32
s 8241 131 65
s 8242 49 31
s 8243 27 13
s 8244 18 10
s 8245 87 35
s 8246 126 70
s 8247 57 34
s 8248 21 10
s 8249 18 9
s 8250 25 9
s 8251 25 14
s 8252 73 36
s 8253 5 3
s 8254 57 32
s 8255 32 15
s 8256 80 45
s 8257 4 1
s 8259 58 29
s 8260 102 61
s 8261 73 34
s 8262 50 18
s 8263 151 88
s 8264 34 13
s 8265 13 6
s 8266 118 64
s 8267 97 50
s 8268 95 58
s 8269 11 7
s 8270 19 14
s 8271 25 10
s 8272 10 6
s 8273 24 14
s 8274 12 6
s 8275 25 10
s 8276 110 48
s 8277 132 78
s 8278 252 123
s 8279 97 51
s 8280 112 62
s 8281 7 3
s 8282 23 15
s 8283 25 11
s 8284 21 14
s 8285 109 49
s 8286 25 13
s 8287 18 14
s 8288 71 38
s 8289 110 64
s 8290 41 21
s 8291 21 11
s 8292 63 37
s 8293 88 46
s 8294 22 8
s 8295 6 3
s 8296 135 70
s 8297 92 54
s 8298 56 22
s 8299 36 23
s 8300 62 36
s 8301 39 22
s 8302 58 38
s 8303 41 27
s 8304 62 36
s 8305 22 11
s 8306 32 15
s 8311 92 54
s 8312 31 15
s 8313 76 41
s 8315 122 64
s 8318 37 16
s 8320 116 65
s 8321 52 27
s 8323 50 25
s 8327 133 70
s 8328 54 27
s 8329 34 19
s 8330 16 5
s 8337 19 10
s 8347 19 10
s 8482 44 21
s 8483 106 56
s 8484 97 52
s 8485 32 19
s 8486 10 6
s 8487 62 32
s 8488 35 18
s 8489 44 25
s 8490 43 28
s 8491 41 23
s 8492 76 41
s 8493 32 21
s 8494 49 23
s 8495 34 18
s 8496 137 77
s 8497 103 60
s 8498 36 18
s 8499 31 18
s 8500 25 13
s 8501 91 49
s 8502 151 79
s 8503 23 8
s 8504 21 17
s 8505 21 12
s 8506 14 8
s 8507 27 13
s 8508 38 22
s 8509 4 1
s 8510 104 58
s 8511 22 7
s 8512 51 29
s 8513 2 1
s 8514 2 1
s 8515 77 44
s 8516 66 34
s 8517 17 11
s 8518 73 47
s 8519 135 76
s 8520 37 17
s 8521 10 2
s 8522 227 129
s 8523 79 46
s 8524 124 81
s 8525 7 3
s 8526 9 4
s 8527 13 6
s 8528 27 14
s 8529 14 6
s 8530 14 4
s 8531 23 11
s 8532 102 50
s 8533 91 49
s 8534 250 143
s 8535 97 55
s 8536 117 65
s 8537 2 2
s 8538 37 17
s 8539 39 17
s 8540 16 11
s 8541 153 89
s 8542 23 14
s 8543 19 10
s 8544 16 8
s 8545 69 34
s 8546 21 8
s 8547 6 4
s 8548 100 51
s 8549 68 35
s 8550 20 11
s 8551 7 1
s 8552 45 25
s 8553 88 45
s 8554 83 45
s 8555 54 28
s 8556 17 13
s 8557 97 44
s 8558 40 25
s 8559 49 27
s 8560 79 43
s 8561 30 21
s 8562 56 31
s 8567 72 34
s 8568 45 25
s 8569 50 31
s 8571 93 41
s 8574 60 35
s 8576 110 70
s 8577 21 12
s 8579 57 30
s 8583 40 26
s 8584 61 35
s 8585 22 7
s 8586 20 10
s 8593 35 18
s 8603 19 11
s 8739 50 23
s 8740 87 42
s 8741 52 26
s 8742 15 7
s 8743 21 7
s 8744 42 18
s 8745 66 35
s 8746 117 60
s 8747 38 19
s 8748 62 29
s 8749 35 13
s 8750 52 29
s 8751 33 16
s 8752 165 90
s 8753 116 64
s 8754 52 25
s 8755 37 22
s 8756 7 1
s 8757 92 39
s 8758 168 91
s 8759 61 35
s 8760 25 11
s 8761 19 9
s 8762 23 14
s 8763 18 6
s 8764 104 57
s 8765 3 1
s 8766 96 55
s 8767 39 26
s 8768 66 36
s 8769 5 3
s 8770 7 4
s 8771 67 32
s 8772 75 29
s 8773 61 24
s 8774 78 40
s 8775 195 105
s 8776 47 29
s 8777 24 12
s 8778 79 46
s 8779 75 33
s 8780 17 12
s 8781 14 6
s 8782 40 17
s 8783 19 6
s 8784 32 16
s 8785 33 14
s 8786 4 1
s 8787 23 10
s 8788 113 57
s 8789 161 82
s 8790 264 139
s 8791 90 39
s 8792 116 57
s 8793 6 3
s 8794 21 9
s 8795 30 10
s 8796 10 6
s 8797 147 63
s 8798 19 9
s 8799 17 11
s 8800 64 35
s 8801 115 50
s 8802 61 30
s 8803 44 20
s 8804 86 38
s 8805 90 41
s 8806 26 13
s 8807 14 5
s 8808 158 88
s 8809 133 73
s 8810 14 10
s 8811 34 17
s 8812 63 32
s 8813 93 40
s 8814 62 34
s 8815 59 34
s 8816 80 40
s 8817 6 2
s 8818 42 15
s 8823 75 35
s 8824 20 9
s 8825 84 38
s 8827 123 64
s 8830 14 10
s 8832 119 61
s 8833 58 28
s 8835 73 41
s 8839 133 71
s 8840 55 29
s 8841 36 12
s 8842 29 18
s 8849 43 15
s 8859 29 20
s 8996 377 177
s 8997 126 53
s 8998 48 19
s 8999 152 67
s 9000 149 74
s 9001 269 117
s 9002 391 206
s 9003 112 51
s 9004 206 107
s 9005 114 64
s 9006 122 51
s 9007 113 55
s 9008 301 163
s 9009 349 184
s 9010 121 53
s 9011 114 58
s 9012 37 20
s 9013 216 91
s 9014 520 264
s 9015 169 77
s 9016 72 36
s 9017 71 37
s 9018 50 26
s 9019 64 19
s 9020 275 150
s 9021 19 10
s 9022 244 142
s 9023 126 55
s 9024 201 93
s 9025 17 12
s 9026 16 8
s 9027 260 135
s 9028 264 124
s 9029 225 122
s 9030 242 113
s 9031 546 286
s 9032 112 52
s 9033 52 29
s 9034 354 167
s 9035 252 118
s 9036 145 78
s 9037 37 22
s 9038 89 47
s 9039 57 23
s 9040 69 32
s 9041 77 32
s 9042 21 13
s 9043 77 32
s 9044 391 186
s 9045 447 213
s 9046 752 357
s 9047 376 181
s 9048 362 198
s 9049 13 8
s 9050 67 30
s 9051 94 44
s 9052 19 12
s 9053 487 236
s 9054 50 24
s 9055 57 20
s 9056 231 112
s 9057 352 158
s 9058 158 74
s 9059 102 44
s 9060 244 123
s 9061 284 138
s 9062 90 41
s 9063 28 16
s 9064 550 262
s 9065 307 143
s 9066 109 48
s 9067 130 68
s 9068 220 103
s 9069 181 48
s 9070 167 93
s 9071 175 87
s 9072 207 105
s 9073 37 20
s 9074 143 56
s 9079 248 106
s 9080 91 33
s 9081 209 105
s 9083 287 139
s 9086 81 37
s 9088 295 155
s 9089 192 87
s 9091 158 75
s 9095 340 175
s 9096 170 75
s 9097 103 46
s 9098 64 30
s 9105 75 33
s 9115 50 19
s 9253 156 81
s 9254 34 15
s 9255 231 104
s 9256 197 88
s 9257 236 126
s 9258 272 126
s 9259 112 44
s 9260 252 116
s 9261 137 72
s 9262 146 77
s 9263 141 64
s 9264 367 179
s 9265 372 199
s 9266 139 81
s 9267 124 58
s 9268 38 23
s 9269 309 133
s 9270 517 255
s 9271 137 63
s 9272 86 46
s 9273 58 30
s 9274 64 30
s 9275 82 40
s 9276 204 112
s 9277 35 18
s 9278 306 153
s 9279 145 73
s 9280 217 89
s 9281 25 12
s 9282 7 4
s 9283 266 147
s 9284 325 164
s 9285 188 87
s 9286 257 133
s 9287 564 329
s 9288 147 66
s 9289 56 28
s 9290 520 277
s 9291 325 156
s 9292 269 160
s 9293 27 9
s 9294 77 44
s 9295 66 27
s 9296 91 49
s 9297 70 30
s 9298 31 13
s 9299 121 51
s 9300 466 245
s 9301 468 211
s 9302 925 473
s 9303 427 236
s 9304 449 241
s 9305 16 9
s 9306 101 45
s 9307 101 47
s 9308 40 18
s 9309 571 283
s 9310 53 18
s 9311 68 32
s 9312 153 67
s 9313 307 160
s 9314 141 69
s 9315 51 31
s 9316 255 128
s 9317 357 158
s 9318 92 47
s 9319 39 20
s 9320 367 200
s 9321 381 202
s 9322 188 96
s 9323 178 80
s 9324 145 70
s 9325 223 105
s 9326 182 94
s 9327 213 111
s 9328 246 133
s 9329 64 29
s 9330 171 74
s 9335 273 157
s 9336 122 62
s 9337 272 134
s 9339 402 201
s 9342 117 64
s 9344 359 191
s 9345 121 67
s 9347 214 108
s 9351 278 149
s 9352 188 99
s 9353 95 49
s 9354 72 34
s 9361 109 53
s 9371 64 41
s 9510 14 6
s 9511 100 49
s 9512 30 11
s 9513 90 40
s 9514 119 72
s 9515 68 34
s 9516 91 47
s 9517 23 11
s 9518 42 22
s 9519 54 20
s 9520 143 66
s 9521 161 86
s 9522 16 6
s 9523 23 9
s 9524 24 15
s 9525 94 42
s 9526 177 85
s 9527 62 27
s 9528 42 13
s 9529 13 6
s 9530 17 10
s 9531 27 12
s 9532 122 70
s 9533 16 10
s 9534 63 32
s 9535 40 15
s 9536 23 12
s 9537 7 4
s 9538 1 0
s 9539 101 57
s 9540 43 21
s 9541 73 43
s 9542 75 35
s 9543 139 78
s 9544 35 13
s 9545 19 10
s 9546 221 114
s 9547 53 36
s 9548 145 75
s 9549 22 11
s 9550 28 9
s 9551 13 5
s 9552 27 7
s 9553 25 11
s 9554 12 7
s 9555 13 7
s 9556 80 36
s 9557 110 47
s 9558 201 104
s 9559 49 29
s 9560 105 53
s 9561 5 5
s 9562 29 14
s 9563 24 14
s 9564 17 13
s 9565 177 94
s 9566 23 13
s 9567 21 11
s 9568 54 31
s 9569 135 58
s 9570 48 19
s 9571 39 14
s 9572 42 26
s 9573 62 27
s 9574 13 6
s 9575 2 2
s 9576 164 81
s 9577 85 44
s 9578 92 47
s 9579 48 27
s 9580 67 25
s 9581 77 30
s 9582 50 28
s 9583 23 14
s 9584 27 13
s 9585 49 25
s 9586 57 29
s 9591 41 20
s 9592 56 19
s 9593 36 17
s 9595 53 29
s 9598 66 24
s 9600 90 41
s 9601 83 46
s 9603 21 10
s 9607 128 69
s 9608 58 25
s 9609 37 15
s 9610 25 12
s 9617 52 25
s 9627 12 7
s 9767 27 13
s 9768 15 6
s 9769 19 8
s 9770 20 9
s 9771 15 7
s 9772 27 9
s 9773 12 6
s 9774 21 12
s 9775 14 7
s 9776 55 23
s 9777 25 15
s 9778 30 13
s 9779 14 4
s 9780 7 4
s 9781 42 24
s 9782 60 27
s 9783 9 6
s 9784 10 3
s 9785 4 1
s 9786 7 4
s 9787 11 6
s 9788 13 7
s 9789 5 4
s 9790 43 24
s 9791 20 12
s 9792 31 14
s 9793 9 4
s 9794 1 0
s 9795 25 11
s 9796 35 11
s 9797 7 2
s 9798 26 10
s 9799 53 22
s 9800 14 8
s 9801 6 1
s 9802 71 34
s 9803 32 16
s 9804 39 21
s 9805 3 2
s 9806 4 2
s 9807 13 4
s 9808 5 1
s 9809 3 0
s 9810 6 4
s 9811 4 0
s 9812 32 12
s 9813 36 18
s 9814 107 47
s 9815 34 16
s 9816 37 13
s 9817 3 1
s 9818 14 6
s 9819 18 7
s 9820 4 2
s 9821 57 32
s 9822 4 1
s 9823 9 2
s 9824 2 1
s 9825 31 14
s 9826 6 2
s 9827 5 2
s 9828 41 18
s 9829 26 16
s 9830 7 4
s 9831 1 1
s 9832 17 6
s 9833 60 30
s 9834 26 14
s 9835 19 9
s 9836 5 1
s 9837 38 13
s 9838 14 9
s 9839 24 12
s 9840 40 18
s 9841 15 6
s 9842 22 11
s 9847 40 16
s 9848 17 12
s 9849 28 15
s 9851 54 17
s 9854 18 3
s 9856 40 17
s 9857 4 1
s 9859 28 11
s 9863 18 8
s 9864 30 13
s 9865 10 2
s 9866 10 4
s 9873 18 9
s 9883 5 5
s 10024 124 62
s 10025 149 62
s 10026 264 151
s 10027 74 31
s 10028 168 77
s 10029 77 42
s 10030 75 36
s 10031 82 43
s 10032 241 120
s 10033 225 113
s 10034 82 33
s 10035 74 32
s 10036 21 8
s 10037 180 73
s 10038 408 189
s 10039 126 61
s 10040 72 36
s 10041 35 20
s 10042 46 17
s 10043 50 19
s 10044 215 106
s 10045 14 5
s 10046 192 105
s 10047 77 34
s 10048 132 62
s 10049 17 9
s 10050 9 2
s 10051 195 101
s 10052 168 80
s 10053 170 78
s 10054 150 75
s 10055 355 172
s 10056 86 28
s 10057 42 17
s 10058 151 59
s 10059 174 78
s 10060 74 43
s 10061 29 18
s 10062 65 34
s 10063 31 12
s 10064 44 19
s 10065 58 27
s 10066 10 6
s 10067 62 28
s 10068 283 133
s 10069 327 159
s 10070 550 260
s 10071 227 97
s 10072 256 133
s 10073 15 8
s 10074 34 13
s 10075 66 32
s 10076 20 10
s 10077 328 159
s 10078 35 18
s 10079 37 15
s 10080 137 56
s 10081 216 95
s 10082 121 56
s 10083 61 22
s 10084 165 78
s 10085 213 97
s 10086 58 27
s 10087 24 15
s 10088 355 175
s 10089 210 90
s 10090 39 19
s 10091 85 45
s 10092 151 68
s 10093 174 82
s 10094 102 61
s 10095 126 50
s 10096 147 68
s 10097 20 6
s 10098 100 44
s 10103 214 101
s 10104 45 18
s 10105 136 72
s 10107 249 110
s 10110 39 13
s 10112 213 93
s 10113 119 63
s 10115 119 54
s 10119 248 125
s 10120 90 43
s 10121 64 28
s 10122 42 18
s 10129 74 33
s 10139 42 18
s 10281 85 47
s 10282 127 70
s 10283 70 35
s 10284 89 42
s 10285 20 10
s 10286 35 14
s 10287 97 45
s 10288 144 64
s 10289 194 104
s 10290 25 15
s 10291 25 15
s 10292 37 17
s 10293 79 28
s 10294 191 96
s 10295 61 26
s 10296 45 22
s 10297 14 8
s 10298 22 6
s 10299 35 15
s 10300 106 51
s 10301 11 4
s 10302 44 23
s 10303 38 19
s 10304 48 19
s 10305 6 3
s 10306 4 1
s 10307 93 48
s 10308 42 23
s 10309 90 38
s 10310 89 42
s 10311 131 58
s 10312 28 19
s 10313 25 6
s 10314 210 102
s 10315 51 19
s 10316 178 87
s 10317 10 8
s 10318 27 16
s 10319 17 7
s 10320 38 19
s 10321 34 14
s 10322 18 8
s 10323 16 7
s 10324 102 44
s 10325 143 66
s 10326 183 85
s 10327 61 26
s 10328 104 54
s 10329 7 4
s 10330 32 14
s 10331 20 11
s 10332 21 11
s 10333 211 100
s 10334 19 12
s 10335 18 7
s 10336 57 33
s 10337 128 67
s 10338 53 21
s 10339 32 17
s 10340 49 21
s 10341 74 30
s 10342 19 8
s 10343 9 3
s 10344 169 93
s 10345 58 23
s 10346 112 53
s 10347 60 26
s 10348 63 27
s 10349 67 28
s 10350 39 21
s 10351 34 24
s 10352 39 17
s 10353 36 14
s 10354 71 32
s 10359 58 32
s 10360 49 22
s 10361 61 25
s 10363 79 39
s 10366 52 25
s 10368 88 45
s 10369 64 31
s 10371 34 18
s 10375 118 63
s 10376 52 22
s 10377 35 13
s 10378 21 11
s 10385 25 10
s 10395 12 0
s 10538 123 65
s 10539 99 40
s 10540 14 4
s 10541 63 29
s 10542 17 6
s 10543 73 33
s 10544 26 10
s 10545 169 89
s 10546 55 31
s 10547 55 24
s 10548 44 25
s 10549 112 51
s 10550 15 9
s 10551 85 39
s 10552 26 12
s 10553 26 10
s 10554 34 17
s 10555 48 20
s 10556 109 53
s 10557 11 4
s 10558 127 62
s 10559 41 15
s 10560 89 40
s 10561 13 3
s 10562 3 1
s 10563 12 6
s 10564 155 69
s 10565 106 49
s 10566 13 4
s 10567 201 93
s 10568 52 24
s 10569 25 7
s 10570 573 321
s 10571 157 75
s 10572 189 114
s 10573 15 8
s 10574 43 26
s 10575 35 20
s 10576 12 5
s 10577 30 15
s 10578 10 7
s 10579 28 8
s 10580 205 108
s 10581 211 101
s 10582 430 220
s 10583 192 88
s 10584 192 100
s 10585 3 1
s 10586 48 29
s 10587 32 18
s 10588 17 11
s 10589 53 28
s 10590 4 3
s 10591 6 2
s 10592 83 38
s 10593 181 86
s 10594 72 39
s 10595 52 24
s 10596 107 62
s 10597 170 80
s 10598 29 13
s 10599 10 7
s 10600 219 105
s 10601 175 99
s 10602 120 52
s 10603 73 31
s 10604 116 56
s 10605 10 4
s 10606 109 53
s 10607 89 44
s 10608 102 48
s 10609 54 26
s 10610 36 17
s 10615 146 82
s 10616 60 26
s 10617 103 60
s 10619 172 77
s 10622 82 39
s 10624 282 151
s 10625 88 41
s 10627 102 50
s 10631 200 121
s 10632 83 37
s 10633 41 20
s 10634 11 4
s 10641 19 4
s 10651 31 15
s 10795 122 71
s 10796 132 67
s 10797 94 52
s 10798 74 32
s 10799 123 68
s 10800 214 117
s 10801 237 132
s 10802 89 58
s 10803 78 38
s 10804 49 34
s 10805 198 91
s 10806 230 119
s 10807 64 23
s 10808 85 50
s 10809 32 17
s 10810 66 30
s 10811 58 24
s 10812 81 42
s 10813 24 14
s 10814 213 139
s 10815 84 42
s 10816 170 82
s 10817 10 4
s 10818 10 4
s 10819 153 83
s 10820 226 122
s 10821 80 43
s 10822 105 58
s 10823 409 234
s 10824 88 52
s 10825 48 15
s 10826 482 266
s 10827 232 106
s 10828 388 230
s 10829 9 4
s 10830 30 15
s 10831 46 26
s 10832 48 32
s 10833 32 15
s 10834 24 14
s 10835 52 21
s 10836 301 161
s 10837 298 150
s 10838 692 360
s 10839 304 168
s 10840 330 203
s 10841 9 4
s 10842 92 48
s 10843 78 32
s 10844 31 19
s 10845 318 165
s 10846 40 19
s 10847 31 14
s 10848 73 43
s 10849 195 100
s 10850 70 38
s 10851 20 9
s 10852 131 64
s 10853 262 131
s 10854 51 24
s 10855 16 10
s 10856 153 97
s 10857 247 134
s 10858 217 113
s 10859 109 58
s 10860 59 30
s 10861 105 53
s 10862 156 93
s 10863 168 90
s 10864 176 101
s 10865 88 44
s 10866 95 41
s 10871 212 121
s 10872 94 61
s 10873 189 121
s 10875 273 140
s 10878 139 82
s 10880 295 161
s 10881 56 37
s 10883 133 74
s 10887 124 63
s 10888 122 72
s 10889 45 24
s 10890 53 33
s 10897 59 31
s 10907 25 17
s 11052 91 45
s 11053 47 25
s 11054 49 27
s 11055 44 15
s 11056 169 85
s 11057 130 73
s 11058 46 27
s 11059 48 25
s 11060 22 11
s 11061 98 44
s 11062 235 115
s 11063 43 21
s 11064 43 20
s 11065 23 11
s 11066 17 5
s 11067 27 12
s 11068 68 26
s 11069 13 8
s 11070 122 70
s 11071 40 15
s 11072 85 34
s 11073 4 3
s 11074 4 2
s 11075 132 65
s 11076 99 56
s 11077 71 36
s 11078 85 35
s 11079 221 109
s 11080 49 19
s 11081 25 14
s 11082 155 77
s 11083 98 41
s 11084 104 53
s 11085 11 5
s 11086 26 14
s 11087 23 12
s 11088 31 13
s 11089 26 17
s 11090 18 13
s 11091 38 15
s 11092 168 88
s 11093 200 91
s 11094 354 174
s 11095 134 79
s 11096 174 100
s 11097 7 6
s 11098 33 19
s 11099 50 18
s 11100 6 3
s 11101 203 91
s 11102 26 12
s 11103 21 10
s 11104 55 28
s 11105 157 81
s 11106 40 17
s 11107 27 8
s 11108 89 49
s 11109 124 57
s 11110 38 22
s 11111 8 6
s 11112 152 70
s 11113 140 62
s 11114 65 27
s 11115 69 38
s 11116 39 18
s 11117 76 29
s 11118 60 35
s 11119 76 35
s 11120 95 42
s 11121 19 9
s 11122 52 27
s 11127 126 53
s 11128 38 18
s 11129 80 33
s 11131 149 63
s 11134 44 25
s 11136 137 67
s 11137 50 33
s 11139 83 40
s 11143 98 49
s 11144 84 41
s 11145 42 13
s 11146 36 17
s 11153 40 16
s 11163 22 8
s 11309 82 43
s 11310 16 8
s 11311 95 50
s 11312 17 6
s 11313 238 113
s 11314 86 52
s 11315 41 15
s 11316 46 24
s 11317 100 45
s 11318 10 6
s 11319 82 36
s 11320 20 10
s 11321 35 17
s 11322 32 11
s 11323 56 23
s 11324 162 87
s 11325 9 8
s 11326 130 70
s 11327 56 23
s 11328 131 65
s 11329 12 5
s 11330 8 3
s 11331 8 2
s 11332 138 60
s 11333 105 48
s 11334 25 16
s 11335 311 168
s 11336 52 24
s 11337 25 10
s 11338 370 190
s 11339 174 89
s 11340 231 127
s 11341 20 9
s 11342 45 17
s 11343 40 21
s 11344 9 3
s 11345 29 14
s 11346 21 11
s 11347 37 18
s 11348 223 103
s 11349 256 133
s 11350 475 239
s 11351 201 107
s 11352 190 104
s 11353 1 1
s 11354 72 30
s 11355 52 25
s 11356 28 22
s 11357 77 39
s 11358 4 3
s 11359 5 3
s 11360 96 52
s 11361 281 150
s 11362 90 40
s 11363 52 26
s 11364 130 58
s 11365 174 81
s 11366 58 25
s 11367 23 13
s 11368 301 157
s 11369 205 90
s 11370 149 80
s 11371 85 45
s 11372 106 47
s 11373 6 0
s 11374 100 54
s 11375 92 52
s 11376 138 65
s 11377 65 30
s 11378 37 18
s 11383 148 71
s 11384 91 46
s 11385 115 61
s 11387 195 86
s 11390 112 60
s 11392 250 131
s 11393 94 38
s 11395 96 42
s 11399 250 144
s 11400 110 55
s 11401 60 25
s 11402 8 4
s 11409 19 11
s 11419 42 20
s 11566 37 19
s 11567 32 13
s 11568 107 46
s 11569 153 101
s 11570 24 15
s 11571 24 7
s 11572 15 7
s 11573 68 34
s 11574 124 64
s 11575 50 26
s 11576 38 17
s 11577 13 7
s 11578 17 10
s 11579 30 12
s 11580 65 34
s 11581 15 12
s 11582 43 24
s 11583 40 23
s 11584 52 25
s 11585 3 0
s 11586 1 1
s 11587 95 47
s 11588 48 26
s 11589 55 23
s 11590 67 34
s 11591 122 64
s 11592 34 17
s 11593 17 8
s 11594 156 83
s 11595 48 23
s 11596 99 49
s 11597 10 6
s 11598 27 15
s 11599 9 6
s 11600 22 12
s 11601 29 19
s 11602 18 11
s 11603 16 7
s 11604 109 53
s 11605 101 51
s 11606 155 82
s 11607 67 27
s 11608 104 58
s 11609 5 4
s 11610 26 7
s 11611 16 11
s 11612 15 10
s 11613 135 60
s 11614 12 7
s 11615 12 4
s 11616 54 26
s 11617 120 62
s 11618 45 15
s 11619 25 11
s 11620 39 24
s 11621 58 26
s 11622 10 7
s 11623 2 1
s 11624 161 86
s 11625 56 24
s 11626 78 36
s 11627 34 22
s 11628 57 26
s 11629 59 27
s 11630 50 27
s 11631 37 15
s 11632 45 25
s 11633 29 16
s 11634 33 13
s 11639 53 29
s 11640 30 10
s 11641 49 28
s 11643 60 26
s 11646 43 17
s 11648 83 46
s 11649 43 26
s 11651 32 11
s 11655 99 55
s 11656 40 17
s 11657 31 14
s 11658 33 15
s 11665 42 17
s 11675 13 7
s 11823 41 20
s 11824 26 13
s 11825 133 73
s 11826 59 31
s 11827 44 20
s 11828 23 9
s 11829 68 28
s 11830 28 14
s 11831 63 36
s 11832 9 4
s 11833 23 12
s 11834 29 14
s 11835 38 17
s 11836 86 40
s 11837 12 5
s 11838 85 39
s 11839 26 13
s 11840 78 35
s 11841 10 6
s 11842 5 2
s 11843 19 9
s 11844 72 42
s 11845 62 31
s 11846 34 18
s 11847 152 78
s 11848 28 15
s 11849 11 2
s 11850 204 96
s 11851 84 40
s 11852 111 54
s 11853 12 3
s 11854 23 14
s 11855 22 10
s 11856 16 13
s 11857 18 12
s 11858 14 5
s 11859 28 14
s 11860 140 65
s 11861 164 79
s 11862 308 146
s 11863 126 71
s 11864 111 51
s 11865 5 2
s 11866 45 26
s 11867 36 10
s 11868 19 14
s 11869 70 28
s 11870 3 1
s 11871 5 3
s 11872 63 25
s 11873 134 62
s 11874 67 30
s 11875 26 14
s 11876 103 54
s 11877 95 42
s 11878 23 10
s 11879 16 8
s 11880 152 82
s 11881 130 67
s 11882 81 45
s 11883 63 25
s 11884 57 25
s 11885 22 10
s 11886 62 31
s 11887 75 34
s 11888 78 40
s 11889 35 17
s 11890 32 11
s 11895 76 35
s 11896 58 24
s 11897 76 42
s 11899 127 53
s 11902 59 26
s 11904 129 66
s 11905 62 25
s 11907 74 35
s 11911 122 65
s 11912 74 33
s 11913 45 20
s 11914 6 1
s 11921 13 5
s 11931 24 7
s 12080 156 77
s 12081 139 71
s 12082 47 27
s 12083 47 24
s 12084 20 11
s 12085 115 50
s 12086 226 117
s 12087 48 21
s 12088 39 17
s 12089 28 10
s 12090 26 15
s 12091 30 10
s 12092 90 48
s 12093 11 8
s 12094 118 63
s 12095 59 30
s 12096 91 40
s 12097 5 3
s 12098 4 1
s 12099 102 58
s 12100 109 44
s 12101 79 38
s 12102 95 48
s 12103 209 98
s 12104 54 22
s 12105 34 20
s 12106 158 91
s 12107 97 57
s 12108 111 59
s 12109 4 3
s 12110 25 11
s 12111 26 7
s 12112 43 17
s 12113 39 19
s 12114 10 3
s 12115 24 10
s 12116 167 83
s 12117 197 106
s 12118 345 161
s 12119 153 72
s 12120 159 80
s 12121 5 3
s 12122 33 18
s 12123 35 23
s 12124 9 5
s 12125 234 96
s 12126 22 10
s 12127 16 10
s 12128 38 24
s 12129 117 68
s 12130 45 23
s 12131 30 16
s 12132 100 52
s 12133 136 64
s 12134 31 13
s 12135 6 3
s 12136 157 74
s 12137 142 70
s 12138 78 41
s 12139 55 26
s 12140 66 24
s 12141 83 41
s 12142 57 33
s 12143 70 38
s 12144 81 48
s 12145 26 12
s 12146 62 24
s 12151 111 57
s 12152 34 16
s 12153 78 34
s 12155 127 52
s 12158 39 21
s 12160 112 52
s 12161 44 21
s 12163 75 30
s 12167 122 67
s 12168 87 44
s 12169 26 11
s 12170 28 11
s 12177 30 11
s 12187 19 6
s 12337 497 261
s 12338 164 87
s 12339 108 55
s 12340 60 37
s 12341 169 79
s 12342 27 13
s 12343 211 109
s 12344 45 27
s 12345 73 39
s 12346 63 26
s 12347 102 57
s 12348 316 183
s 12349 59 25
s 12350 287 163
s 12351 92 50
s 12352 201 95
s 12353 28 18
s 12354 19 9
s 12355 15 6
s 12356 244 114
s 12357 195 101
s 12358 27 14
s 12359 518 293
s 12360 75 31
s 12361 43 14
s 12362 690 346
s 12363 263 119
s 12364 422 241
s 12365 47 29
s 12366 103 55
s 12367 84 36
s 12368 30 15
s 12369 61 26
s 12370 50 27
s 12371 90 34
s 12372 377 173
s 12373 454 222
s 12374 760 392
s 12375 328 178
s 12376 405 212
s 12377 4 3
s 12378 144 77
s 12379 155 68
s 12380 58 35
s 12381 130 67
s 12382 9 5
s 12383 12 5
s 12384 165 81
s 12385 429 213
s 12386 169 77
s 12387 84 35
s 12388 269 148
s 12389 305 143
s 12390 76 40
s 12391 38 27
s 12392 501 279
s 12393 388 203
s 12394 283 159
s 12395 162 90
s 12396 153 68
s 12397 18 7
s 12398 229 128
s 12399 213 115
s 12400 254 127
s 12401 135 78
s 12402 70 31
s 12407 248 111
s 12408 163 76
s 12409 220 118
s 12411 379 187
s 12414 161 82
s 12416 377 189
s 12417 186 101
s 12419 232 115
s 12423 368 192
s 12424 250 134
s 12425 150 67
s 12426 19 8
s 12433 56 24
s 12443 58 32
s 12594 170 102
s 12595 100 46
s 12596 65 35
s 12597 316 139
s 12598 474 270
s 12599 122 71
s 12600 129 71
s 12601 45 21
s 12602 79 38
s 12603 73 36
s 12604 136 78
s 12605 35 19
s 12606 300 172
s 12607 136 79
s 12608 231 112
s 12609 19 9
s 12610 18 10
s 12611 301 190
s 12612 368 183
s 12613 107 53
s 12614 214 120
s 12615 516 282
s 12616 155 71
s 12617 55 33
s 12618 558 287
s 12619 282 130
s 12620 358 209
s 12621 35 17
s 12622 51 26
s 12623 73 32
s 12624 87 49
s 12625 58 34
s 12626 35 21
s 12627 101 46
s 12628 379 199
s 12629 435 226
s 12630 951 492
s 12631 371 194
s 12632 396 218
s 12633 16 9
s 12634 129 74
s 12635 156 84
s 12636 41 28
s 12637 483 258
s 12638 66 35
s 12639 58 25
s 12640 83 44
s 12641 300 168
s 12642 85 48
s 12643 44 19
s 12644 220 123
s 12645 334 180
s 12646 74 41
s 12647 28 17
s 12648 236 136
s 12649 451 248
s 12650 208 105
s 12651 151 82
s 12652 94 51
s 12653 217 105
s 12654 199 131
s 12655 233 119
s 12656 315 185
s 12657 90 43
s 12658 141 66
s 12663 320 185
s 12664 99 47
s 12665 268 158
s 12667 458 242
s 12670 150 77
s 12672 388 211
s 12673 64 33
s 12675 251 136
s 12679 230 136
s 12680 184 94
s 12681 73 39
s 12682 96 43
s 12689 123 64
s 12699 57 36
s 12851 30 11
s 12852 18 13
s 12853 119 55
s 12854 151 82
s 12855 68 31
s 12856 38 19
s 12857 24 12
s 12858 11 4
s 12859 35 18
s 12860 104 56
s 12861 27 10
s 12862 66 33
s 12863 28 14
s 12864 18 11
s 12865 6 4
s 12866 1 0
s 12867 79 43
s 12868 38 22
s 12869 61 24
s 12870 86 45
s 12871 140 65
s 12872 23 11
s 12873 25 12
s 12874 248 142
s 12875 40 25
s 12876 157 85
s 12877 21 11
s 12878 39 21
s 12879 8 3
s 12880 34 16
s 12881 16 7
s 12882 19 13
s 12883 11 6
s 12884 61 33
s 12885 82 50
s 12886 208 110
s 12887 46 21
s 12888 121 83
s 12889 10 7
s 12890 49 26
s 12891 38 21
s 12892 18 9
s 12893 162 92
s 12894 13 5
s 12895 19 12
s 12896 52 26
s 12897 117 65
s 12898 61 28
s 12899 27 14
s 12900 46 22
s 12901 68 38
s 12902 17 12
s 12903 7 4
s 12904 158 87
s 12905 89 48
s 12906 77 28
s 12907 51 32
s 12908 44 22
s 12909 97 49
s 12910 56 30
s 12911 17 10
s 12912 35 18
s 12913 52 32
s 12914 62 31
s 12919 50 28
s 12920 56 37
s 12921 42 19
s 12923 78 40
s 12926 54 23
s 12928 92 49
s 12929 44 17
s 12931 34 15
s 12935 149 74
s 12936 67 35
s 12937 51 27
s 12938 22 17
s 12945 46 25
s 12955 14 8
s 13108 13 6
s 13109 77 37
s 13110 107 52
s 13111 56 29
s 13112 37 18
s 13113 9 6
s 13114 16 9
s 13115 24 16
s 13116 66 30
s 13117 5 2
s 13118 31 15
s 13119 35 12
s 13120 34 15
s 13121 3 2
s 13122 1 1
s 13123 62 30
s 13124 42 20
s 13125 55 28
s 13126 53 25
s 13127 72 36
s 13128 16 11
s 13129 13 4
s 13130 158 80
s 13131 62 33
s 13132 107 50
s 13133 3 3
s 13134 24 12
s 13135 11 3
s 13136 21 9
s 13137 18 7
s 13138 5 4
s 13139 9 5
s 13140 53 28
s 13141 72 32
s 13142 151 61
s 13143 58 33
s 13144 66 40
s 13145 3 1
s 13146 23 13
s 13147 22 10
s 13148 16 7
s 13149 124 51
s 13150 6 5
s 13151 10 6
s 13152 40 16
s 13153 66 27
s 13154 50 23
s 13155 26 11
s 13156 23 13
s 13157 60 25
s 13158 8 3
s 13159 7 2
s 13160 91 44
s 13161 57 28
s 13162 66 30
s 13163 31 15
s 13164 50 29
s 13165 59 23
s 13166 36 22
s 13167 26 14
s 13168 35 16
s 13169 30 14
s 13170 50 24
s 13175 62 23
s 13176 38 18
s 13177 23 7
s 13179 54 22
s 13182 50 21
s 13184 91 40
s 13185 39 19
s 13187 28 13
s 13191 70 43
s 13192 38 16
s 13193 34 19
s 13194 25 8
s 13201 28 12
s 13211 8 0
s 13365 35 17
s 13366 74 43
s 13367 33 20
s 13368 18 8
s 13369 13 3
s 13370 5 4
s 13371 16 9
s 13372 47 25
s 13373 5 2
s 13374 67 41
s 13375 16 10
s 13376 25 10
s 13377 1 0
s 13378 1 1
s 13379 40 17
s 13380 37 19
s 13381 31 18
s 13382 29 14
s 13383 87 50
s 13384 14 6
s 13385 9 4
s 13386 54 23
s 13387 53 28
s 13388 21 12
s 13389 8 3
s 13390 21 12
s 13391 7 5
s 13392 8 5
s 13393 15 8
s 13394 9 8
s 13395 9 3
s 13396 57 28
s 13397 76 38
s 13398 112 54
s 13399 59 31
s 13400 56 32
s 13401 2 1
s 13402 20 11
s 13403 180 110
s 13404 13 9
s 13405 85 40
s 13406 12 6
s 13407 8 3
s 13408 23 15
s 13409 56 30
s 13410 30 12
s 13411 12 7
s 13412 34 17
s 13413 36 19
s 13414 9 4
s 13416 80 45
s 13417 65 40
s 13418 7 4
s 13419 25 12
s 13420 29 17
s 13421 42 18
s 13422 30 19
s 13423 30 21
s 13424 52 25
s 13425 8 4
s 13426 19 7
s 13431 51 27
s 13432 16 5
s 13433 31 16
s 13435 60 28
s 13438 14 6
s 13440 53 23
s 13441 31 18
s 13443 37 19
s 13447 70 35
s 13448 26 15
s 13449 24 13
s 13450 10 3
s 13457 9 4
s 13467 13 5
s 13622 250 107
s 13623 134 67
s 13624 47 17
s 13625 36 13
s 13626 45 19
s 13627 63 26
s 13628 203 99
s 13629 21 6
s 13630 178 101
s 13631 75 31
s 13632 124 61
s 13633 15 10
s 13634 9 1
s 13635 111 56
s 13636 143 57
s 13637 177 69
s 13638 96 37
s 13639 391 196
s 13640 64 29
s 13641 35 15
s 13642 380 154
s 13643 174 70
s 13644 235 117
s 13645 30 17
s 13646 60 33
s 13647 39 16
s 13648 39 8
s 13649 66 31
s 13650 28 14
s 13651 42 16
s 13652 275 120
s 13653 290 125
s 13654 542 253
s 13655 232 113
s 13656 273 135
s 13657 13 10
s 13658 65 28
s 13659 50 20
s 13660 22 9
s 13661 271 117
s 13662 17 2
s 13663 34 18
s 13664 115 48
s 13665 263 121
s 13666 107 47
s 13667 66 22
s 13668 183 82
s 13669 163 70
s 13670 58 26
s 13671 25 8
s 13672 363 178
s 13673 241 95
s 13674 174 83
s 13675 136 59
s 13676 148 49
s 13677 92 36
s 13678 106 52
s 13679 123 49
s 13680 170 86
s 13681 64 30
s 13682 99 37
s 13687 169 81
s 13688 119 49
s 13689 113 55
s 13691 224 84
s 13694 140 63
s 13696 264 123
s 13697 140 61
s 13699 112 44
s 13703 257 124
s 13704 115 45
s 13705 80 29
s 13706 42 20
s 13713 58 19
s 13723 42 16
s 13879 278 155
s 13880 46 16
s 13881 65 34
s 13882 73 34
s 13883 115 52
s 13884 379 207
s 13885 32 20
s 13886 373 235
s 13887 104 52
s 13888 253 132
s 13889 35 24
s 13890 14 9
s 13891 13 6
s 13892 341 184
s 13893 276 155
s 13894 35 18
s 13895 712 408
s 13896 86 49
s 13897 36 22
s 13898 760 410
s 13899 340 184
s 13900 523 310
s 13901 40 26
s 13902 95 56
s 13903 72 27
s 13904 28 12
s 13905 57 28
s 13906 39 20
s 13907 87 37
s 13908 469 243
s 13909 468 239
s 13910 1095 592
s 13911 435 235
s 13912 520 302
s 13914 146 78
s 13915 112 56
s 13916 58 27
s 13917 155 76
s 13918 6 3
s 13919 11 8
s 13920 205 112
s 13921 502 258
s 13922 184 95
s 13923 107 52
s 13924 236 129
s 13925 426 225
s 13926 73 35
s 13927 14 6
s 13928 620 343
s 13929 410 237
s 13930 378 195
s 13931 219 123
s 13932 247 121
s 13933 11 3
s 13934 214 129
s 13935 217 112
s 13936 341 193
s 13937 123 74
s 13938 88 45
s 13943 309 159
s 13944 203 96
s 13945 298 172
s 13947 457 246
s 13950 220 111
s 13952 501 268
s 13953 204 109
s 13955 238 139
s 13959 430 243
s 13960 252 132
s 13961 154 90
s 13962 23 11
s 13969 48 22
s 13979 70 36
s 14136 48 24
s 14137 17 6
s 14138 34 18
s 14139 38 20
s 14140 12 6
s 14141 14 7
s 14142 324 194
s 14143 36 18
s 14144 81 34
s 14145 3 1
s 14146 7 1
s 14147 117 66
s 14148 110 49
s 14149 23 6
s 14150 99 60
s 14151 384 203
s 14152 54 22
s 14153 28 15
s 14154 281 139
s 14155 118 64
s 14156 239 132
s 14157 9 3
s 14158 5 1
s 14159 30 13
s 14160 41 23
s 14161 15 2
s 14162 15 9
s 14163 33 8
s 14164 136 68
s 14165 145 73
s 14166 351 197
s 14167 142 75
s 14168 234 137
s 14169 13 6
s 14170 64 35
s 14171 43 24
s 14172 11 7
s 14173 251 145
s 14174 26 12
s 14175 17 7
s 14176 5 2
s 14177 92 43
s 14178 15 6
s 14179 3 2
s 14180 92 36
s 14181 127 66
s 14182 27 15
s 14183 10 7
s 14184 30 20
s 14185 178 97
s 14186 162 84
s 14187 73 37
s 14188 8 5
s 14189 110 49
s 14190 69 38
s 14191 80 41
s 14192 139 64
s 14193 70 43
s 14194 79 36
s 14199 111 62
s 14200 54 27
s 14201 105 55
s 14203 169 77
s 14206 91 56
s 14208 147 65
s 14209 15 6
s 14211 96 53
s 14215 36 16
s 14216 106 53
s 14217 24 12
s 14218 35 17
s 14225 56 21
s 14235 18 12
s 14393 20 14
s 14394 12 6
s 14395 22 9
s 14396 86 43
s 14397 11 4
s 14398 55 28
s 14399 22 6
s 14400 56 28
s 14401 3 0
s 14402 3 1
s 14403 25 13
s 14404 52 19
s 14405 54 17
s 14406 31 12
s 14407 127 79
s 14408 34 15
s 14409 9 2
s 14410 136 67
s 14411 81 39
s 14412 66 38
s 14413 14 7
s 14414 31 20
s 14415 20 8
s 14416 17 10
s 14417 17 9
s 14418 6 3
s 14419 28 15
s 14420 119 59
s 14421 119 51
s 14422 199 93
s 14423 105 58
s 14424 89 50
s 14425 3 2
s 14426 33 14
s 14427 26 11
s 14428 7 6
s 14429 60 31
s 14430 7 3
s 14431 6 4
s 14432 54 24
s 14433 82 50
s 14434 33 18
s 14435 16 10
s 14436 69 35
s 14437 75 47
s 14438 22 11
s 14439 5 2
s 14440 136 71
s 14441 82 50
s 14442 58 31
s 14443 38 21
s 14444 57 25
s 14445 20 8
s 14446 44 27
s 14447 53 32
s 14448 59 36
s 14449 26 11
s 14450 19 6
s 14455 67 31
s 14456 23 7
s 14457 58 31
s 14459 101 53
s 14462 42 24
s 14464 83 42
s 14465 50 27
s 14467 48 26
s 14471 85 44
s 14472 43 23
s 14473 39 18
s 14474 3 3
s 14481 20 9
s 14491 29 13
s 14650 3 0
s 14651 19 8
s 14652 29 16
s 14653 7 5
s 14654 35 19
s 14655 14 6
s 14656 24 15
s 14657 2 0
s 14658 1 0
s 14659 38 23
s 14660 31 14
s 14661 20 12
s 14662 31 15
s 14663 56 26
s 14664 22 11
s 14665 13 6
s 14666 99 53
s 14667 24 11
s 14668 58 34
s 14669 3 0
s 14670 5 5
s 14671 7 2
s 14672 18 11
s 14673 13 7
s 14674 5 3
s 14675 14 5
s 14676 28 13
s 14677 39 24
s 14678 121 71
s 14679 43 23
s 14680 52 28
s 14681 4 3
s 14682 28 14
s 14683 11 6
s 14684 5 3
s 14685 78 34
s 14686 13 8
s 14687 14 11
s 14688 16 8
s 14689 46 25
s 14690 18 8
s 14691 9 2
s 14692 27 8
s 14693 31 13
s 14694 12 7
s 14695 2 2
s 14696 38 23
s 14697 43 24
s 14698 32 17
s 14699 15 6
s 14700 15 4
s 14701 41 14
s 14702 26 18
s 14703 20 7
s 14704 34 20
s 14705 16 9
s 14706 19 11
s 14711 19 12
s 14712 14 8
s 14713 17 10
s 14715 51 27
s 14718 27 7
s 14720 43 22
s 14721 24 14
s 14723 17 12
s 14727 44 22
s 14728 32 17
s 14729 10 7
s 14730 14 6
s 14737 27 14
s 14747 4 4
s 14907 18 9
s 14908 54 22
s 14909 10 6
s 14910 34 17
s 14911 19 8
s 14912 15 9
s 14913 5 3
s 14914 1 1
s 14915 46 24
s 14916 23 14
s 14917 35 15
s 14918 20 8
s 14919 95 49
s 14920 13 4
s 14921 12 4
s 14922 87 43
s 14923 25 12
s 14924 80 42
s 14925 4 3
s 14926 13 7
s 14927 3 1
s 14928 12 6
s 14929 15 6
s 14930 8 5
s 14931 6 3
s 14932 48 23
s 14933 45 27
s 14934 94 48
s 14935 28 16
s 14936 63 36
s 14937 2 1
s 14938 15 8
s 14939 18 10
s 14940 13 6
s 14941 81 35
s 14942 7 4
s 14943 11 6
s 14944 30 14
s 14945 40 17
s 14946 23 6
s 14947 11 6
s 14948 29 16
s 14949 29 12
s 14950 10 4
s 14951 4 3
s 14952 74 34
s 14953 31 14
s 14954 51 23
s 14955 31 17
s 14956 23 9
s 14957 38 17
s 14958 28 14
s 14959 17 10
s 14960 28 14
s 14961 18 9
s 14962 23 9
s 14967 30 14
s 14968 27 15
s 14969 17 11
s 14971 39 19
s 14974 23 8
s 14976 49 22
s 14977 25 12
s 14979 22 9
s 14983 52 20
s 14984 26 12
s 14985 21 6
s 14986 12 7
s 14993 20 6
s 15003 7 1
s 15164 54 26
s 15165 8 2
s 15166 76 41
s 15167 26 9
s 15168 44 16
s 15169 2 2
s 15170 1 1
s 15171 52 23
s 15172 52 24
s 15173 35 15
s 15174 49 19
s 15175 112 48
s 15176 31 11
s 15177 8 4
s 15178 77 31
s 15179 47 13
s 15180 36 15
s 15181 8 3
s 15182 17 10
s 15183 13 8
s 15184 18 5
s 15185 15 7
s 15186 8 4
s 15187 13 8
s 15188 83 33
s 15189 88 31
s 15190 166 90
s 15191 72 32
s 15192 84 43
s 15193 6 4
s 15194 16 10
s 15195 36 15
s 15196 3 3
s 15197 121 51
s 15198 10 3
s 15199 20 9
s 15200 43 18
s 15201 77 40
s 15202 30 12
s 15203 18 7
s 15204 52 21
s 15205 74 29
s 15206 17 8
s 15207 10 5
s 15208 88 39
s 15209 82 52
s 15210 26 12
s 15211 38 17
s 15212 37 13
s 15213 55 26
s 15214 27 11
s 15215 52 27
s 15216 58 29
s 15217 13 8
s 15218 40 12
s 15223 64 29
s 15224 16 7
s 15225 50 26
s 15227 96 33
s 15230 19 10
s 15232 70 35
s 15233 28 16
s 15235 50 26
s 15239 74 29
s 15240 47 21
s 15241 18 7
s 15242 16 5
s 15249 24 10
s 15259 14 5
s 15421 15 9
s 15422 159 90
s 15423 78 43
s 15424 179 89
s 15425 16 8
s 15426 3 2
s 15427 198 119
s 15428 184 91
s 15429 21 8
s 15430 141 69
s 15431 332 195
s 15432 68 29
s 15433 37 24
s 15434 428 234
s 15435 173 79
s 15436 294 170
s 15437 6 5
s 15438 9 6
s 15439 48 25
s 15440 65 24
s 15441 18 9
s 15442 34 19
s 15443 55 24
s 15444 251 131
s 15445 243 127
s 15446 552 279
s 15447 234 121
s 15448 239 135
s 15449 12 8
s 15450 91 54
s 15451 99 52
s 15452 27 12
s 15453 342 196
s 15454 35 20
s 15455 37 26
s 15456 8 5
s 15457 129 69
s 15458 21 8
s 15459 12 3
s 15460 138 78
s 15461 218 106
s 15462 37 16
s 15463 17 13
s 15464 42 18
s 15465 266 151
s 15466 203 106
s 15467 106 70
s 15468 18 9
s 15469 156 70
s 15470 60 33
s 15471 124 59
s 15472 205 116
s 15473 79 50
s 15474 92 33
s 15479 178 94
s 15480 63 39
s 15481 171 91
s 15483 300 158
s 15486 98 49
s 15488 232 107
s 15489 15 9
s 15491 146 62
s 15495 35 16
s 15496 134 63
s 15497 28 15
s 15498 50 23
s 15505 63 24
s 15515 13 8
s 15678 31 15
s 15679 14 5
s 15680 17 10
s 15682 1 1
s 15683 16 7
s 15684 19 8
s 15685 15 8
s 15686 20 13
s 15687 58 36
s 15688 5 1
s 15689 9 3
s 15690 36 20
s 15691 21 11
s 15692 18 5
s 15693 7 3
s 15694 7 5
s 15695 8 2
s 15696 8 4
s 15697 7 4
s 15698 4 2
s 15699 11 4
s 15700 41 23
s 15701 55 29
s 15702 62 31
s 15703 33 18
s 15704 29 19
s 15705 6 5
s 15706 14 8
s 15707 16 8
s 15708 3 0
s 15709 33 16
s 15710 4 2
s 15711 5 4
s 15712 11 5
s 15713 33 21
s 15714 11 6
s 15715 7 3
s 15716 24 12
s 15717 24 12
s 15718 7 2
s 15719 4 2
s 15720 35 14
s 15721 53 29
s 15722 11 6
s 15723 15 7
s 15724 10 4
s 15725 20 10
s 15726 23 12
s 15727 18 11
s 15728 20 12
s 15729 7 3
s 15730 8 4
s 15735 33 14
s 15736 3 2
s 15737 27 16
s 15739 36 21
s 15742 9 3
s 15744 39 17
s 15745 12 7
s 15747 30 13
s 15751 40 22
s 15752 23 14
s 15753 15 9
s 15754 8 6
s 15761 17 10
s 15771 5 3
s 15935 50 24
s 15936 83 44
s 15937 15 9
s 15938 8 3
s 15939 184 99
s 15940 94 57
s 15941 143 76
s 15942 133 77
s 15943 126 64
s 15944 44 22
s 15945 30 14
s 15946 366 236
s 15947 115 58
s 15948 315 190
s 15949 26 12
s 15950 56 36
s 15951 24 11
s 15952 66 37
s 15953 38 24
s 15954 27 11
s 15955 34 11
s 15956 128 72
s 15957 172 93
s 15958 313 179
s 15959 172 110
s 15960 124 69
s 15961 13 8
s 15962 67 37
s 15963 70 49
s 15964 32 17
s 15965 320 172
s 15966 33 12
s 15967 27 17
s 15968 119 62
s 15969 179 106
s 15970 111 46
s 15971 51 24
s 15972 63 29
s 15973 128 76
s 15974 30 15
s 15975 13 8
s 15976 303 181
s 15977 131 75
s 15978 192 105
s 15979 93 54
s 15980 120 63
s 15981 125 73
s 15982 85 47
s 15983 92 49
s 15984 155 101
s 15985 73 46
s 15986 82 44
s 15991 100 60
s 15992 100 53
s 15993 92 63
s 15995 111 62
s 15998 112 53
s 16000 169 86
s 16001 78 47
s 16003 86 51
s 16007 279 181
s 16008 97 49
s 16009 81 46
s 16010 43 21
s 16017 75 41
s 16027 26 15
s 16192 45 26
s 16193 9 4
s 16194 3 0
s 16195 41 19
s 16196 72 36
s 16197 50 26
s 16198 48 22
s 16199 116 63
s 16200 38 18
s 16201 15 7
s 16202 194 94
s 16203 59 26
s 16204 115 69
s 16205 10 3
s 16206 30 20
s 16207 15 9
s 16208 17 7
s 16209 24 13
s 16210 6 4
s 16211 15 8
s 16212 118 57
s 16213 106 47
s 16214 199 89
s 16215 95 48
s 16216 83 40
s 16217 5 2
s 16218 24 10
s 16219 24 13
s 16220 7 3
s 16221 96 38
s 16222 20 8
s 16223 10 5
s 16224 64 25
s 16225 109 50
s 16226 57 24
s 16227 19 6
s 16228 51 23
s 16229 60 28
s 16230 25 9
s 16231 8 6
s 16232 132 73
s 16233 92 44
s 16234 79 28
s 16235 45 18
s 16236 58 22
s 16237 52 20
s 16238 46 23
s 16239 54 26
s 16240 64 31
s 16241 22 11
s 16242 35 20
s 16247 66 27
s 16248 38 19
s 16249 43 18
s 16251 71 35
s 16254 48 24
s 16256 100 49
s 16257 43 14
s 16259 48 26
s 16263 125 65
s 16264 55 32
s 16265 37 19
s 16266 20 8
s 16273 26 11
s 16283 21 9
s 16449 7 4
s 16450 5 2
s 16451 143 66
s 16452 73 34
s 16453 98 52
s 16454 145 65
s 16455 202 98
s 16456 46 18
s 16457 31 16
s 16458 327 160
s 16459 76 31
s 16460 205 111
s 16461 16 7
s 16462 42 20
s 16463 18 9
s 16464 37 16
s 16465 53 26
s 16466 23 14
s 16467 24 9
s 16468 153 63
s 16469 165 86
s 16470 291 149
s 16471 69 31
s 16472 137 68
s 16473 10 4
s 16474 44 22
s 16475 37 16
s 16476 18 9
s 16477 236 122
s 16478 29 12
s 16479 28 13
s 16480 101 45
s 16481 205 94
s 16482 74 29
s 16483 47 21
s 16484 95 39
s 16485 93 48
s 16486 35 14
s 16487 11 9
s 16488 246 131
s 16489 104 53
s 16490 129 67
s 16491 72 37
s 16492 101 46
s 16493 110 41
s 16494 57 36
s 16495 40 20
s 16496 47 22
s 16497 50 20
s 16498 84 31
s 16503 69 25
s 16504 73 32
s 16505 58 22
s 16507 119 48
s 16510 89 40
s 16512 149 72
s 16513 107 53
s 16515 39 15
s 16519 162 81
s 16520 74 31
s 16521 48 17
s 16522 24 8
s 16529 62 27
s 16539 24 10
s 16707 16 3
s 16708 11 4
s 16709 8 5
s 16710 9 3
s 16711 29 17
s 16712 8 3
s 16713 6 6
s 16714 32 21
s 16715 10 2
s 16716 16 11
s 16717 4 2
s 16718 1 1
s 16719 2 0
s 16720 4 3
s 16721 3 2
s 16722 4 1
s 16723 2 1
s 16724 22 8
s 16725 24 16
s 16726 26 10
s 16727 21 3
s 16728 27 14
s 16729 3 2
s 16730 6 4
s 16731 9 4
s 16732 1 1
s 16733 31 11
s 16734 5 3
s 16735 4 1
s 16736 7 2
s 16737 14 6
s 16738 5 1
s 16739 4 1
s 16740 11 6
s 16741 15 6
s 16742 5 3
s 16744 12 5
s 16745 15 7
s 16746 13 4
s 16747 3 2
s 16748 5 2
s 16749 11 5
s 16750 10 7
s 16751 8 5
s 16752 17 9
s 16753 8 3
s 16754 3 2
s 16759 14 5
s 16760 10 4
s 16761 14 8
s 16763 18 10
s 16766 8 4
s 16768 20 13
s 16769 4 3
s 16771 8 4
s 16775 22 13
s 16776 15 6
s 16777 6 2
s 16778 3 2
s 16785 5 3
s 16795 3 2
s 16963 10 6
s 16964 4 1
s 16965 12 4
s 16966 5 1
s 16967 12 5
s 16968 2 0
s 16970 24 18
s 16971 4 2
s 16972 9 5
s 16974 3 3
s 16976 3 1
s 16977 2 2
s 16978 3 2
s 16979 3 1
s 16980 5 4
s 16981 6 2
s 16982 13 9
s 16983 5 1
s 16984 13 9
s 16986 2 1
s 16987 3 1
s 16988 1 1
s 16989 10 5
s 16991 2 1
s 16992 3 1
s 16993 7 6
s 16994 5 2
s 16995 1 0
s 16996 3 3
s 16997 5 4
s 16999 1 1
s 17000 12 9
s 17001 6 3
s 17002 10 8
s 17003 6 3
s 17004 2 1
s 17005 10 4
s 17006 3 2
s 17007 2 1
s 17008 1 1
s 17009 2 1
s 17010 3 0
s 17015 6 4
s 17016 8 2
s 17017 4 2
s 17019 7 2
s 17022 4 1
s 17024 5 1
s 17025 4 1
s 17027 3 0
s 17031 13 4
s 17032 2 1
s 17033 3 1
s 17041 3 2
s 17051 1 1
s 17220 178 96
s 17221 130 70
s 17222 17 12
s 17223 345 192
s 17224 51 21
s 17225 18 6
s 17226 393 214
s 17227 199 113
s 17228 265 145
s 17229 21 9
s 17230 47 23
s 17231 45 20
s 17232 12 5
s 17233 47 27
s 17234 19 14
s 17235 50 22
s 17236 233 135
s 17237 229 121
s 17238 499 261
s 17239 227 126
s 17240 278 148
s 17241 3 2
s 17242 97 57
s 17243 36 15
s 17244 25 18
s 17245 73 35
s 17246 3 0
s 17247 7 2
s 17248 106 59
s 17249 231 125
s 17250 90 46
s 17251 46 21
s 17252 106 59
s 17253 203 112
s 17254 44 24
s 17255 19 10
s 17256 299 160
s 17257 220 129
s 17258 176 96
s 17259 108 60
s 17260 132 71
s 17261 7 5
s 17262 141 79
s 17263 135 80
s 17264 179 96
s 17265 72 39
s 17266 33 17
s 17271 159 79
s 17272 100 61
s 17273 132 77
s 17275 223 111
s 17278 121 59
s 17280 257 141
s 17281 114 50
s 17283 125 60
s 17287 243 150
s 17288 126 67
s 17289 87 48
s 17290 16 6
s 17297 28 15
s 17307 33 14
s 17477 125 58
s 17478 146 73
s 17479 262 132
s 17480 48 23
s 17481 26 12
s 17482 394 210
s 17483 76 41
s 17484 275 144
s 17485 22 12
s 17486 67 37
s 17487 13 6
s 17488 56 28
s 17489 73 31
s 17490 25 15
s 17491 39 17
s 17492 200 97
s 17493 189 81
s 17494 357 166
s 17495 111 51
s 17496 206 117
s 17497 12 3
s 17498 51 24
s 17499 52 17
s 17500 30 15
s 17501 318 164
s 17502 45 24
s 17503 40 22
s 17504 123 70
s 17505 222 118
s 17506 90 47
s 17507 64 28
s 17508 90 39
s 17509 122 54
s 17510 28 16
s 17511 16 8
s 17512 340 181
s 17513 123 64
s 17514 156 89
s 17515 93 48
s 17516 118 62
s 17517 154 73
s 17518 71 41
s 17519 47 29
s 17520 59 27
s 17521 73 41
s 17522 104 47
s 17527 102 48
s 17528 82 36
s 17529 60 33
s 17531 144 61
s 17534 109 56
s 17536 162 81
s 17537 114 61
s 17539 57 25
s 17543 212 109
s 17544 115 56
s 17545 102 44
s 17546 36 15
s 17553 66 29
s 17563 29 15
s 17734 104 51
s 17735 212 109
s 17736 49 18
s 17737 39 20
s 17738 282 123
s 17739 131 68
s 17740 263 135
s 17741 5 2
s 17742 4 2
s 17743 30 12
s 17744 47 25
s 17745 19 10
s 17746 13 7
s 17747 31 11
s 17748 178 87
s 17749 170 88
s 17750 467 236
s 17751 191 98
s 17752 200 98
s 17753 7 6
s 17754 37 21
s 17755 43 22
s 17756 14 7
s 17757 260 129
s 17758 29 14
s 17759 20 6
s 17760 11 4
s 17761 108 55
s 17762 21 6
s 17763 3 3
s 17764 89 45
s 17765 165 63
s 17766 36 16
s 17767 13 4
s 17768 43 23
s 17769 182 97
s 17770 162 84
s 17771 95 44
s 17772 12 5
s 17773 117 49
s 17774 61 34
s 17775 100 46
s 17776 123 66
s 17777 55 34
s 17778 79 34
s 17783 125 61
s 17784 42 16
s 17785 190 94
s 17787 201 85
s 17790 85 42
s 17792 184 96
s 17793 12 5
s 17795 91 44
s 17799 36 19
s 17800 82 36
s 17801 24 13
s 17802 38 19
s 17809 46 14
s 17819 16 6
s 17991 290 145
s 17992 53 28
s 17993 27 17
s 17994 368 200
s 17995 133 68
s 17996 215 113
s 17997 31 18
s 17998 51 34
s 17999 39 12
s 18000 23 10
s 18001 28 11
s 18002 24 8
s 18003 43 18
s 18004 228 120
s 18005 205 98
s 18006 454 225
s 18007 244 126
s 18008 201 118
s 18010 58 30
s 18011 48 28
s 18012 16 8
s 18013 72 33
s 18014 9 6
s 18015 5 2
s 18016 97 48
s 18017 227 104
s 18018 106 45
s 18019 56 30
s 18020 149 83
s 18021 166 74
s 18022 44 20
s 18023 15 6
s 18024 257 141
s 18025 182 103
s 18026 143 77
s 18027 107 56
s 18028 92 54
s 18029 15 7
s 18030 117 69
s 18031 113 66
s 18032 139 79
s 18033 47 26
s 18034 45 24
s 18039 137 65
s 18040 85 38
s 18041 135 73
s 18043 194 89
s 18046 100 50
s 18048 234 115
s 18049 112 57
s 18051 114 56
s 18055 240 122
s 18056 100 52
s 18057 63 24
s 18058 16 9
s 18065 22 9
s 18075 33 17
s 18248 101 57
s 18249 75 34
s 18250 692 375
s 18251 274 153
s 18252 536 337
s 18253 46 24
s 18254 90 54
s 18255 54 25
s 18256 113 53
s 18257 86 45
s 18258 55 30
s 18259 76 36
s 18260 292 154
s 18261 388 207
s 18262 648 342
s 18263 370 195
s 18264 276 160
s 18265 30 17
s 18266 121 67
s 18267 162 88
s 18268 65 37
s 18269 611 296
s 18270 74 40
s 18271 73 41
s 18272 185 93
s 18273 362 179
s 18274 178 93
s 18275 106 45
s 18276 195 101
s 18277 238 125
s 18278 74 43
s 18279 24 11
s 18280 495 258
s 18281 305 170
s 18282 335 182
s 18283 163 80
s 18284 199 97
s 18285 271 122
s 18286 199 112
s 18287 198 112
s 18288 266 149
s 18289 126 73
s 18290 202 96
s 18295 169 100
s 18296 170 94
s 18297 193 118
s 18299 271 116
s 18302 200 109
s 18304 401 211
s 18305 183 102
s 18307 170 105
s 18311 407 246
s 18312 199 105
s 18313 137 73
s 18314 84 36
s 18321 157 77
s 18331 54 29
s 18505 10 4
s 18506 143 70
s 18507 51 26
s 18508 119 61
s 18509 9 6
s 18510 23 13
s 18511 10 5
s 18512 16 7
s 18513 24 13
s 18514 8 5
s 18515 21 10
s 18516 97 35
s 18517 89 36
s 18518 175 76
s 18519 89 41
s 18520 89 52
s 18522 30 13
s 18523 47 19
s 18524 10 8
s 18525 120 60
s 18526 13 3
s 18527 8 7
s 18528 41 13
s 18529 97 42
s 18530 46 18
s 18531 19 6
s 18532 69 36
s 18533 57 22
s 18534 21 12
s 18535 7 4
s 18536 114 56
s 18537 83 40
s 18538 81 35
s 18539 44 20
s 18540 65 30
s 18541 41 18
s 18542 37 21
s 18543 40 21
s 18544 52 27
s 18545 26 13
s 18546 25 12
s 18551 48 24
s 18552 59 30
s 18553 43 17
s 18555 64 28
s 18558 55 23
s 18560 87 43
s 18561 56 28
s 18563 41 13
s 18567 103 56
s 18568 52 16
s 18569 33 21
s 18570 19 9
s 18577 23 10
s 18587 17 7
s 18762 70 31
s 18763 45 20
s 18764 65 38
s 18765 5 5
s 18766 8 6
s 18767 10 5
s 18768 8 3
s 18769 19 8
s 18770 5 2
s 18771 12 5
s 18772 59 27
s 18773 47 23
s 18774 118 53
s 18775 45 23
s 18776 54 25
s 18777 3 2
s 18778 18 13
s 18779 21 11
s 18780 3 3
s 18781 76 34
s 18782 7 4
s 18783 5 2
s 18784 24 15
s 18785 43 21
s 18786 28 15
s 18787 15 9
s 18788 37 14
s 18789 36 15
s 18790 11 5
s 18791 1 0
s 18792 54 29
s 18793 49 25
s 18794 32 17
s 18795 22 9
s 18796 32 16
s 18797 28 13
s 18798 25 10
s 18799 20 10
s 18800 24 6
s 18801 21 11
s 18802 20 10
s 18807 26 15
s 18808 20 11
s 18809 19 9
s 18811 60 29
s 18814 17 8
s 18816 48 29
s 18817 16 12
s 18819 21 11
s 18823 40 19
s 18824 27 14
s 18825 19 10
s 18826 4 1
s 18833 21 12
s 18843 6 4
s 19019 381 214
s 19020 186 99
s 19021 59 32
s 19022 149 89
s 19023 92 43
s 19024 127 73
s 19025 118 58
s 19026 29 18
s 19027 123 60
s 19028 570 285
s 19029 676 367
s 19030 1115 566
s 19031 462 235
s 19032 503 271
s 19033 45 30
s 19034 105 58
s 19035 130 69
s 19036 56 27
s 19037 688 337
s 19038 90 48
s 19039 84 39
s 19040 270 124
s 19041 612 312
s 19042 245 115
s 19043 136 70
s 19044 341 184
s 19045 381 205
s 19046 132 77
s 19047 40 21
s 19048 845 467
s 19049 498 273
s 19050 145 68
s 19051 190 89
s 19052 314 158
s 19053 384 177
s 19054 238 126
s 19055 293 134
s 19056 366 177
s 19057 69 36
s 19058 171 76
s 19063 337 180
s 19064 119 55
s 19065 323 176
s 19067 515 243
s 19070 94 52
s 19072 462 253
s 19073 288 150
s 19075 307 154
s 19079 563 332
s 19080 241 120
s 19081 175 94
s 19082 114 55
s 19089 146 57
s 19099 96 39
s 19276 250 126
s 19277 21 12
s 19278 65 33
s 19279 26 12
s 19280 50 30
s 19281 55 30
s 19282 24 15
s 19283 30 11
s 19284 192 88
s 19285 219 94
s 19286 349 171
s 19287 126 62
s 19288 196 101
s 19289 19 8
s 19290 55 28
s 19291 39 19
s 19292 28 14
s 19293 363 186
s 19294 40 20
s 19295 45 21
s 19296 132 67
s 19297 223 109
s 19298 100 51
s 19299 59 28
s 19300 104 55
s 19301 115 60
s 19302 41 23
s 19303 12 9
s 19304 305 163
s 19305 136 66
s 19306 163 83
s 19307 100 50
s 19308 110 50
s 19309 141 62
s 19310 72 33
s 19311 68 33
s 19312 72 40
s 19313 57 32
s 19314 101 42
s 19319 107 56
s 19320 114 59
s 19321 69 37
s 19323 134 52
s 19326 85 40
s 19328 199 100
s 19329 110 52
s 19331 62 28
s 19335 246 123
s 19336 104 56
s 19337 82 42
s 19338 47 20
s 19345 71 23
s 19355 26 14
s 19533 45 18
s 19534 101 58
s 19535 63 28
s 19536 53 27
s 19537 79 41
s 19538 18 9
s 19539 87 53
s 19540 391 220
s 19541 468 237
s 19542 829 450
s 19543 402 240
s 19544 428 265
s 19545 13 11
s 19546 49 26
s 19547 111 60
s 19548 36 22
s 19549 464 260
s 19550 57 34
s 19551 54 33
s 19552 190 90
s 19553 338 201
s 19554 147 74
s 19555 101 52
s 19556 207 110
s 19557 261 131
s 19558 95 56
s 19559 33 15
s 19560 445 269
s 19561 384 210
s 19562 22 11
s 19563 111 57
s 19564 224 124
s 19565 242 117
s 19566 175 105
s 19567 181 101
s 19568 232 129
s 19569 18 5
s 19570 114 53
s 19575 298 166
s 19576 69 35
s 19577 259 144
s 19579 412 206
s 19582 38 19
s 19584 264 136
s 19585 170 88
s 19587 210 104
s 19591 383 217
s 19592 155 76
s 19593 116 65
s 19594 60 24
s 19601 104 49
s 19611 51 29
s 19790 1 1
s 19791 8 3
s 19792 11 2
s 19793 2 1
s 19794 6 2
s 19795 8 4
s 19796 32 13
s 19797 35 13
s 19798 84 42
s 19799 34 18
s 19800 36 19
s 19801 5 3
s 19802 20 9
s 19803 9 3
s 19804 6 4
s 19805 46 26
s 19806 4 0
s 19807 6 3
s 19808 2 1
s 19809 25 9
s 19810 3 2
s 19811 1 0
s 19812 18 9
s 19813 35 16
s 19814 14 6
s 19815 6 1
s 19816 8 1
s 19817 38 24
s 19818 23 17
s 19819 12 6
s 19820 4 2
s 19821 32 13
s 19822 13 9
s 19823 26 16
s 19824 41 17
s 19825 11 6
s 19826 19 10
s 19831 39 20
s 19832 18 11
s 19833 22 13
s 19835 31 16
s 19838 13 5
s 19840 30 19
s 19841 4 4
s 19843 23 10
s 19847 9 4
s 19848 18 10
s 19849 10 3
s 19850 5 2
s 19857 17 7
s 19867 6 1
s 20047 13 7
s 20048 15 8
s 20049 6 2
s 20050 6 4
s 20051 12 7
s 20052 63 33
s 20053 87 46
s 20054 195 109
s 20055 69 41
s 20056 84 53
s 20057 11 6
s 20058 33 15
s 20059 22 9
s 20060 7 4
s 20061 105 53
s 20062 10 5
s 20063 9 6
s 20064 7 3
s 20065 51 26
s 20066 5 4
s 20067 4 3
s 20068 43 24
s 20069 66 39
s 20070 13 9
s 20071 5 4
s 20072 14 5
s 20073 71 40
s 20074 66 40
s 20075 33 20
s 20076 5 2
s 20077 63 40
s 20078 38 27
s 20079 39 20
s 20080 70 38
s 20081 29 18
s 20082 32 17
s 20087 64 36
s 20088 29 18
s 20089 46 29
s 20091 93 46
s 20094 35 17
s 20096 84 43
s 20097 6 3
s 20099 64 36
s 20103 21 12
s 20104 41 23
s 20105 8 4
s 20106 13 5
s 20113 40 27
s 20123 5 4
s 20304 15 6
s 20305 12 8
s 20306 6 3
s 20307 4 3
s 20308 27 12
s 20309 53 21
s 20310 79 37
s 20311 20 8
s 20312 35 11
s 20313 2 2
s 20314 18 10
s 20315 11 5
s 20316 8 3
s 20317 60 20
s 20318 9 5
s 20319 6 3
s 20320 30 13
s 20321 47 19
s 20322 19 5
s 20323 14 4
s 20324 23 6
s 20325 27 15
s 20326 10 3
s 20328 63 26
s 20329 29 9
s 20330 35 17
s 20331 24 13
s 20332 32 12
s 20333 29 17
s 20334 20 9
s 20335 14 4
s 20336 20 9
s 20337 18 10
s 20338 25 6
s 20343 13 9
s 20344 30 13
s 20345 25 9
s 20347 34 12
s 20350 28 8
s 20352 43 17
s 20353 24 12
s 20355 17 8
s 20359 49 23
s 20360 28 11
s 20361 12 8
s 20362 7 4
s 20369 16 5
s 20379 8 6
s 20561 21 9
s 20562 8 4
s 20563 12 5
s 20564 74 40
s 20565 88 48
s 20566 173 85
s 20567 77 37
s 20568 89 52
s 20569 1 0
s 20570 25 14
s 20571 22 11
s 20572 6 4
s 20573 38 14
s 20574 4 1
s 20575 6 4
s 20576 48 16
s 20577 78 37
s 20578 30 9
s 20579 14 10
s 20580 55 29
s 20581 62 33
s 20582 13 4
s 20583 4 2
s 20584 99 45
s 20585 99 54
s 20586 54 31
s 20587 31 14
s 20588 30 16
s 20589 19 10
s 20590 41 22
s 20591 43 24
s 20592 65 36
s 20593 14 9
s 20594 14 7
s 20599 50 24
s 20600 42 18
s 20601 49 24
s 20603 78 35
s 20606 36 23
s 20608 81 36
s 20609 30 18
s 20611 31 14
s 20615 75 38
s 20616 39 25
s 20617 27 9
s 20618 8 1
s 20625 18 10
s 20635 13 9
s 20818 4 4
s 20819 21 6
s 20820 60 20
s 20821 61 25
s 20822 153 81
s 20823 80 42
s 20824 63 33
s 20825 1 0
s 20826 16 5
s 20827 28 13
s 20828 6 5
s 20829 81 33
s 20830 7 1
s 20831 4 2
s 20832 17 8
s 20833 64 32
s 20834 16 12
s 20835 4 2
s 20836 52 23
s 20837 59 32
s 20838 10 5
s 20839 4 1
s 20840 34 20
s 20841 85 40
s 20842 53 30
s 20843 29 12
s 20844 14 5
s 20845 33 15
s 20846 27 15
s 20847 32 17
s 20848 46 25
s 20849 16 10
s 20850 21 11
s 20855 52 26
s 20856 24 10
s 20857 59 27
s 20859 62 31
s 20862 37 15
s 20864 69 36
s 20865 18 8
s 20867 29 12
s 20871 27 13
s 20872 31 16
s 20873 12 2
s 20874 8 5
s 20881 13 7
s 20891 3 2
s 21075 6 6
s 21076 39 21
s 21077 51 28
s 21078 77 47
s 21079 34 16
s 21080 41 24
s 21082 8 2
s 21083 9 1
s 21084 2 1
s 21085 41 21
s 21086 1 1
s 21087 4 0
s 21088 20 11
s 21089 35 14
s 21090 18 9
s 21091 9 8
s 21092 24 13
s 21093 28 17
s 21094 7 5
s 21095 2 1
s 21096 54 30
s 21097 38 13
s 21098 8 7
s 21099 13 9
s 21100 11 7
s 21101 15 9
s 21102 21 8
s 21103 18 10
s 21104 28 17
s 21105 4 1
s 21106 12 7
s 21111 23 15
s 21112 6 2
s 21113 23 15
s 21115 31 18
s 21118 9 6
s 21120 35 16
s 21121 17 7
s 21123 23 11
s 21127 39 19
s 21128 13 6
s 21129 7 5
s 21130 3 2
s 21137 8 5
s 21147 5 2
s 21332 41 22
s 21333 69 31
s 21334 112 59
s 21335 38 18
s 21336 38 23
s 21337 2 1
s 21338 21 8
s 21339 16 5
s 21340 11 7
s 21341 84 35
s 21342 12 4
s 21343 8 3
s 21344 42 18
s 21345 58 27
s 21346 20 10
s 21347 20 10
s 21348 23 5
s 21349 36 17
s 21350 11 7
s 21351 4 2
s 21352 87 48
s 21353 41 18
s 21354 60 23
s 21355 39 23
s 21356 31 13
s 21357 48 23
s 21358 34 15
s 21359 18 9
s 21360 22 11
s 21361 23 17
s 21362 33 10
s 21367 23 10
s 21368 32 12
s 21369 19 9
s 21371 46 22
s 21374 38 15
s 21376 50 25
s 21377 36 22
s 21379 22 10
s 21383 64 29
s 21384 31 19
s 21385 21 7
s 21386 15 4
s 21393 33 19
s 21403 14 6
s 21589 251 130
s 21590 616 310
s 21591 211 107
s 21592 267 141
s 21593 19 10
s 21594 109 55
s 21595 80 33
s 21596 31 13
s 21597 438 187
s 21598 67 33
s 21599 53 24
s 21600 162 79
s 21601 310 151
s 21602 128 56
s 21603 91 36
s 21604 152 86
s 21605 246 115
s 21606 54 30
s 21607 13 6
s 21608 434 233
s 21609 241 135
s 21610 239 114
s 21611 144 69
s 21612 164 71
s 21613 182 77
s 21614 144 71
s 21615 105 56
s 21616 117 56
s 21617 102 56
s 21618 149 64
s 21623 155 85
s 21624 120 55
s 21625 147 74
s 21627 223 115
s 21630 152 68
s 21632 308 148
s 21633 147 70
s 21635 104 51
s 21639 297 160
s 21640 156 77
s 21641 100 45
s 21642 82 40
s 21649 112 53
s 21659 44 17
s 21846 775 359
s 21847 284 154
s 21848 326 156
s 21849 21 12
s 21850 162 88
s 21851 88 47
s 21852 47 27
s 21853 488 234
s 21854 80 33
s 21855 62 27
s 21856 135 69
s 21857 342 171
s 21858 127 59
s 21859 60 26
s 21860 161 79
s 21861 249 112
s 21862 45 25
s 21863 20 13
s 21864 385 181
s 21865 272 140
s 21866 288 129
s 21867 157 71
s 21868 131 54
s 21869 253 107
s 21870 162 80
s 21871 133 60
s 21872 161 79
s 21873 117 62
s 21874 127 47
s 21879 216 93
s 21880 153 71
s 21881 151 83
s 21883 284 144
s 21886 204 124
s 21888 332 169
s 21889 126 70
s 21891 150 79
s 21895 304 149
s 21896 177 86
s 21897 118 58
s 21898 72 36
s 21905 135 61
s 21915 47 17
s 22103 521 262
s 22104 566 315
s 22105 43 23
s 22106 183 96
s 22107 168 79
s 22108 79 48
s 22109 979 492
s 22110 130 72
s 22111 123 59
s 22112 384 198
s 22113 794 406
s 22114 367 184
s 22115 170 71
s 22116 340 180
s 22117 362 176
s 22118 157 76
s 22119 52 27
s 22120 923 488
s 22121 443 219
s 22122 484 234
s 22123 289 138
s 22124 492 235
s 22125 495 225
s 22126 277 147
s 22127 277 141
s 22128 355 177
s 22129 196 107
s 22130 282 123
s 22135 326 170
s 22136 319 163
s 22137 292 170
s 22139 404 194
s 22142 339 177
s 22144 560 271
s 22145 367 195
s 22147 279 139
s 22151 761 413
s 22152 360 166
s 22153 235 104
s 22154 131 58
s 22161 257 108
s 22171 112 51
s 22360 287 160
s 22361 16 4
s 22362 73 42
s 22363 44 19
s 22364 27 23
s 22365 473 239
s 22366 47 25
s 22367 47 19
s 22368 159 85
s 22369 299 153
s 22370 141 79
s 22371 85 44
s 22372 129 73
s 22373 171 82
s 22374 47 20
s 22375 13 3
s 22376 382 199
s 22377 164 89
s 22378 248 117
s 22379 126 55
s 22380 173 78
s 22381 199 96
s 22382 140 70
s 22383 52 24
s 22384 69 30
s 22385 79 49
s 22386 141 74
s 22391 111 57
s 22392 128 66
s 22393 69 40
s 22395 157 74
s 22398 149 68
s 22400 276 123
s 22401 157 69
s 22403 65 29
s 22407 337 184
s 22408 130 68
s 22409 102 47
s 22410 50 22
s 22417 93 44
s 22427 48 28
s 22617 30 11
s 22618 93 52
s 22619 81 43
s 22620 31 19
s 22621 497 276
s 22622 48 26
s 22623 60 30
s 22624 155 82
s 22625 304 172
s 22626 158 77
s 22627 75 41
s 22628 124 70
s 22629 219 106
s 22630 54 26
s 22631 20 10
s 22632 462 255
s 22633 213 117
s 22634 236 136
s 22635 125 67
s 22636 175 98
s 22637 222 107
s 22638 128 78
s 22639 151 87
s 22640 182 96
s 22641 90 48
s 22642 151 80
s 22647 184 97
s 22648 126 66
s 22649 147 86
s 22651 216 110
s 22654 135 80
s 22656 282 154
s 22657 148 76
s 22659 128 73
s 22663 337 192
s 22664 153 93
s 22665 117 56
s 22666 64 42
s 22673 97 50
s 22683 40 20
s 22874 5 3
s 22875 6 3
s 22876 4 4
s 22877 7 6
s 22880 9 3
s 22881 16 6
s 22882 7 5
s 22883 1 0
s 22884 7 3
s 22885 14 12
s 22886 3 1
s 22887 3 2
s 22888 16 9
s 22889 26 13
s 22890 14 6
s 22891 15 9
s 22892 7 6
s 22893 3 2
s 22894 8 6
s 22895 12 8
s 22896 17 13
s 22897 6 4
s 22898 6 3
s 22903 23 14
s 22904 12 6
s 22905 15 9
s 22907 17 10
s 22910 6 2
s 22912 15 10
s 22913 8 4
s 22915 6 6
s 22919 19 12
s 22920 14 9
s 22921 11 5
s 22929 5 4
s 22939 5 1
s 23131 30 14
s 23132 10 6
s 23133 141 74
s 23134 18 12
s 23135 17 7
s 23136 52 28
s 23137 104 59
s 23138 55 32
s 23139 23 11
s 23140 64 40
s 23141 48 22
s 23142 22 7
s 23143 8 4
s 23144 132 70
s 23145 112 51
s 23146 56 28
s 23147 39 22
s 23148 57 27
s 23149 78 38
s 23150 49 24
s 23151 49 25
s 23152 88 49
s 23153 11 5
s 23154 41 25
s 23159 63 26
s 23160 28 21
s 23161 68 44
s 23163 103 54
s 23166 24 13
s 23168 76 38
s 23169 47 22
s 23171 58 34
s 23175 118 66
s 23176 40 24
s 23177 32 14
s 23178 22 8
s 23185 31 17
s 23195 19 12
s 23388 13 9
s 23389 139 73
s 23390 17 6
s 23391 7 3
s 23392 47 23
s 23393 99 49
s 23394 42 21
s 23395 28 12
s 23396 54 27
s 23397 71 32
s 23398 11 3
s 23399 3 2
s 23400 128 59
s 23401 98 57
s 23402 62 31
s 23403 44 22
s 23404 36 19
s 23405 54 22
s 23406 44 25
s 23407 44 25
s 23408 41 24
s 23409 38 28
s 23410 33 16
s 23415 51 25
s 23416 41 22
s 23417 42 17
s 23419 103 46
s 23422 33 16
s 23424 82 41
s 23425 42 16
s 23427 30 10
s 23431 115 67
s 23432 101 52
s 23433 40 23
s 23434 31 10
s 23441 33 15
s 23451 29 13
s 23645 51 23
s 23646 10 5
s 23647 5 2
s 23648 12 8
s 23649 38 18
s 23650 7 5
s 23651 7 4
s 23652 24 13
s 23653 26 24
s 23654 7 2
s 23655 4 0
s 23656 35 23
s 23657 48 29
s 23658 30 17
s 23659 24 17
s 23660 10 6
s 23661 30 14
s 23662 21 14
s 23663 20 11
s 23664 25 15
s 23665 9 4
s 23666 11 8
s 23671 42 25
s 23672 11 4
s 23673 24 14
s 23675 23 17
s 23678 13 7
s 23680 28 18
s 23681 10 5
s 23683 16 10
s 23687 27 16
s 23688 23 13
s 23689 13 8
s 23690 3 1
s 23697 11 2
s 23707 8 5
s 23902 26 15
s 23903 28 15
s 23904 231 96
s 23905 406 197
s 23906 205 85
s 23907 114 56
s 23908 257 109
s 23909 394 201
s 23910 86 43
s 23911 33 15
s 23912 568 294
s 23913 434 229
s 23914 288 140
s 23915 213 108
s 23916 251 114
s 23917 80 35
s 23918 226 115
s 23919 205 97
s 23920 285 148
s 23921 101 53
s 23922 119 54
s 23927 320 162
s 23928 167 81
s 23929 284 150
s 23931 439 204
s 23934 183 98
s 23936 488 240
s 23937 192 88
s 23939 215 97
s 23943 421 227
s 23944 239 105
s 23945 151 59
s 23946 31 16
s 23953 69 41
s 23963 63 31
s 24159 1 0
s 24160 27 14
s 24161 49 20
s 24162 17 8
s 24163 19 9
s 24164 24 11
s 24165 33 16
s 24166 11 3
s 24167 4 3
s 24168 62 27
s 24169 53 30
s 24170 30 15
s 24171 27 13
s 24172 23 11
s 24173 5 2
s 24174 29 15
s 24175 33 17
s 24176 23 8
s 24177 14 7
s 24178 12 3
s 24183 42 20
s 24184 21 11
s 24185 26 13
s 24187 51 26
s 24190 17 6
s 24192 48 21
s 24193 19 8
s 24195 26 13
s 24199 51 20
s 24200 28 14
s 24201 16 7
s 24202 1 0
s 24209 4 2
s 24219 9 3
s 24416 23 15
s 24417 57 33
s 24418 26 10
s 24419 12 5
s 24420 41 21
s 24421 44 22
s 24422 7 3
s 24423 2 1
s 24424 72 40
s 24425 55 21
s 24426 22 12
s 24427 34 16
s 24428 33 16
s 24429 4 2
s 24430 26 13
s 24431 30 11
s 24432 27 15
s 24433 13 9
s 24434 4 2
s 24439 40 22
s 24440 20 11
s 24441 28 14
s 24443 48 24
s 24446 23 16
s 24448 48 26
s 24449 25 16
s 24451 31 20
s 24455 46 16
s 24456 16 8
s 24457 12 6
s 24458 3 0
s 24465 2 1
s 24475 13 2
s 24673 103 51
s 24674 15 8
s 24675 2 1
s 24676 86 38
s 24677 148 60
s 24678 25 9
s 24679 5 4
s 24680 21 11
s 24681 151 67
s 24682 112 63
s 24683 66 31
s 24684 6 1
s 24685 96 42
s 24686 77 33
s 24687 78 36
s 24688 120 60
s 24689 51 31
s 24690 70 30
s 24695 115 64
s 24696 54 18
s 24697 102 58
s 24699 143 70
s 24702 72 28
s 24704 155 71
s 24705 10 5
s 24707 87 49
s 24711 32 11
s 24712 98 43
s 24713 17 2
s 24714 20 8
s 24721 55 19
s 24731 14 6
s 24930 104 45
s 24931 44 20
s 24932 186 95
s 24933 224 108
s 24934 67 29
s 24935 15 6
s 24936 256 124
s 24937 498 265
s 24938 190 93
s 24939 142 64
s 24940 91 36
s 24941 238 99
s 24942 174 100
s 24943 180 89
s 24944 234 116
s 24945 95 37
s 24946 148 68
s 24951 223 111
s 24952 108 52
s 24953 154 90
s 24955 289 126
s 24958 122 53
s 24960 371 179
s 24961 95 46
s 24963 164 78
s 24967 210 118
s 24968 161 81
s 24969 76 36
s 24970 80 38
s 24977 120 60
s 24987 34 22
s 25187 4 1
s 25188 93 44
s 25189 135 49
s 25190 27 7
s 25191 6 4
s 25192 36 18
s 25193 135 73
s 25194 94 48
s 25195 43 20
s 25196 15 8
s 25197 103 47
s 25198 63 28
s 25199 84 43
s 25200 102 43
s 25201 39 22
s 25202 74 28
s 25207 104 48
s 25208 53 25
s 25209 90 43
s 25211 139 64
s 25214 70 31
s 25216 140 66
s 25217 27 14
s 25219 90 38
s 25223 31 16
s 25224 73 29
s 25225 17 6
s 25226 29 10
s 25233 56 27
s 25243 13 4
s 25444 51 28
s 25445 62 26
s 25446 16 3
s 25447 2 1
s 25448 20 12
s 25449 63 32
s 25450 52 24
s 25451 42 21
s 25452 2 0
s 25453 43 14
s 25454 25 16
s 25455 27 14
s 25456 49 22
s 25457 37 17
s 25458 31 8
s 25463 65 30
s 25464 27 8
s 25465 46 26
s 25467 84 39
s 25470 33 15
s 25472 80 39
s 25473 9 5
s 25475 45 15
s 25479 14 6
s 25480 36 18
s 25481 8 4
s 25482 16 6
s 25489 26 12
s 25499 9 4
s 25701 112 58
s 25702 28 15
s 25703 10 3
s 25704 256 131
s 25705 150 79
s 25706 148 70
s 25707 81 37
s 25708 89 47
s 25709 163 79
s 25710 74 40
s 25711 61 32
s 25712 90 37
s 25713 68 33
s 25714 79 38
s 25719 75 37
s 25720 84 40
s 25721 69 41
s 25723 123 61
s 25726 102 46
s 25728 207 113
s 25729 97 55
s 25731 82 51
s 25735 235 124
s 25736 94 42
s 25737 60 29
s 25738 46 27
s 25745 67 25
s 25755 33 16
s 25958 32 13
s 25959 19 8
s 25960 697 367
s 25961 153 76
s 25962 212 93
s 25963 116 63
s 25964 133 61
s 25965 156 70
s 25966 99 54
s 25967 84 42
s 25968 111 60
s 25969 58 22
s 25970 131 61
s 25975 125 50
s 25976 91 46
s 25977 92 35
s 25979 152 79
s 25982 114 51
s 25984 208 108
s 25985 131 57
s 25987 105 52
s 25991 226 112
s 25992 121 57
s 25993 87 46
s 25994 53 23
s 26001 93 41
s 26011 31 18
s 26215 2 1
s 26216 80 48
s 26217 50 31
s 26218 39 17
s 26219 25 12
s 26220 30 11
s 26221 43 24
s 26222 19 11
s 26223 20 7
s 26224 22 10
s 26225 29 16
s 26226 21 8
s 26231 28 14
s 26232 19 9
s 26233 36 18
s 26235 49 20
s 26238 28 12
s 26240 62 23
s 26241 29 20
s 26243 27 9
s 26247 53 22
s 26248 36 16
s 26249 24 14
s 26250 14 6
s 26257 21 6
s 26267 11 4
s 26472 21 12
s 26473 16 6
s 26474 19 13
s 26475 7 2
s 26476 8 2
s 26477 17 12
s 26478 9 6
s 26479 7 7
s 26480 10 3
s 26481 8 5
s 26482 7 5
s 26487 14 9
s 26488 14 7
s 26489 9 5
s 26491 13 6
s 26494 13 7
s 26496 23 16
s 26497 7 3
s 26499 15 8
s 26503 18 12
s 26504 9 5
s 26505 8 4
s 26506 2 2
s 26513 9 5
s 26523 2 0
s 26729 444 223
s 26730 293 148
s 26731 165 81
s 26732 28 17
s 26733 264 122
s 26734 188 110
s 26735 262 135
s 26736 258 132
s 26737 100 58
s 26738 173 87
s 26743 266 140
s 26744 113 62
s 26745 260 143
s 26747 446 237
s 26750 179 87
s 26752 466 236
s 26753 39 11
s 26755 233 119
s 26759 86 45
s 26760 213 105
s 26761 55 28
s 26762 91 42
s 26769 131 67
s 26779 43 21
s 26986 250 145
s 26987 142 67
s 26988 159 71
s 26989 239 106
s 26990 111 56
s 26991 118 62
s 26992 151 80
s 26993 125 68
s 26994 117 59
s 26999 128 68
s 27000 138 70
s 27001 127 71
s 27003 182 95
s 27006 160 96
s 27008 221 118
s 27009 136 64
s 27011 136 70
s 27015 327 178
s 27016 176 92
s 27017 134 78
s 27018 54 28
s 27025 104 50
s 27035 51 28
s 27243 67 35
s 27244 138 61
s 27245 170 76
s 27246 123 57
s 27247 128 60
s 27248 175 88
s 27249 17 8
s 27250 82 32
s 27255 178 90
s 27256 33 14
s 27257 156 81
s 27259 281 127
s 27262 10 2
s 27264 199 106
s 27265 107 43
s 27267 143 73
s 27271 242 132
s 27272 94 46
s 27273 67 26
s 27274 57 30
s 27281 60 26
s 27291 53 28
s 27500 76 29
s 27501 109 50
s 27502 70 35
s 27503 81 38
s 27504 106 52
s 27505 40 19
s 27506 57 23
s 27511 92 49
s 27512 44 13
s 27513 78 48
s 27515 130 57
s 27518 59 31
s 27520 120 61
s 27521 70 35
s 27523 80 49
s 27527 170 88
s 27528 65 27
s 27529 48 26
s 27530 29 18
s 27537 57 27
s 27547 20 8
s 27757 98 43
s 27758 48 22
s 27759 80 39
s 27760 112 54
s 27761 36 17
s 27762 66 32
s 27767 122 55
s 27768 50 21
s 27769 108 48
s 27771 186 87
s 27774 77 27
s 27776 163 82
s 27777 19 10
s 27779 91 34
s 27783 24 14
s 27784 80 34
s 27785 8 3
s 27786 29 18
s 27793 57 19
s 27803 30 13
s 28014 108 61
s 28015 129 66
s 28016 176 79
s 28017 62 32
s 28018 42 20
s 28023 134 64
s 28024 93 47
s 28025 112 51
s 28027 247 102
s 28030 112 43
s 28032 206 85
s 28033 102 40
s 28035 133 62
s 28039 222 109
s 28040 126 51
s 28041 100 47
s 28042 6 4
s 28049 22 8
s 28059 45 19
s 28271 68 35
s 28272 78 44
s 28273 57 33
s 28274 72 30
s 28279 78 37
s 28280 67 31
s 28281 97 55
s 28283 123 57
s 28286 66 36
s 28288 140 78
s 28289 67 41
s 28291 62 21
s 28295 139 82
s 28296 77 38
s 28297 45 24
s 28298 20 11
s 28305 53 26
s 28315 21 10
s 28528 44 16
s 28529 66 41
s 28530 54 21
s 28535 55 29
s 28536 87 34
s 28537 47 23
s 28539 111 57
s 28542 73 36
s 28544 112 44
s 28545 72 31
s 28547 36 15
s 28551 164 92
s 28552 93 42
s 28553 84 48
s 28554 41 14
s 28561 69 39
s 28571 23 13
s 28785 66 30
s 28786 94 45
s 28791 111 54
s 28792 114 51
s 28793 45 23
s 28795 124 58
s 28798 108 50
s 28800 171 83
s 28801 106 57
s 28803 68 34
s 28807 229 122
s 28808 120 58
s 28809 77 33
s 28810 49 16
s 28817 88 30
s 28827 33 17
s 29042 25 7
s 29047 55 32
s 29048 19 15
s 29049 78 45
s 29051 99 54
s 29054 13 7
s 29056 73 42
s 29057 43 20
s 29059 55 23
s 29063 114 75
s 29064 53 25
s 29065 30 17
s 29066 20 10
s 29073 29 16
s 29083 14 7
s 29303 116 52
s 29304 52 29
s 29305 74 29
s 29307 162 79
s 29310 58 26
s 29312 145 68
s 29313 71 26
s 29315 67 27
s 29319 135 73
s 29320 69 29
s 29321 38 20
s 29322 18 5
s 29329 15 11
s 29339 22 10
s 30584 83 45
s 30585 70 32
s 30587 111 57
s 30590 107 45
s 30592 178 84
s 30593 121 60
s 30595 64 38
s 30599 244 136
s 30600 106 61
s 30601 104 55
s 30602 28 13
s 30609 76 36
s 30619 30 14
s 30841 89 50
s 30843 138 68
s 30846 28 10
s 30848 115 50
s 30849 41 16
s 30851 79 36
s 30855 111 56
s 30856 60 30
s 30857 29 16
s 30858 22 13
s 30865 32 13
s 30875 19 9
s 31099 105 55
s 31102 87 48
s 31104 122 73
s 31105 92 45
s 31107 62 29
s 31111 202 101
s 31112 106 62
s 31113 108 51
s 31114 33 17
s 31121 79 35
s 31131 24 14
s 31614 163 75
s 31616 257 122
s 31617 132 52
s 31619 84 36
s 31623 318 163
s 31624 156 76
s 31625 124 50
s 31626 69 34
s 31633 119 50
s 31643 47 23
s 32384 141 69
s 32385 70 32
s 32387 92 48
s 32391 168 80
s 32392 65 28
s 32393 39 21
s 32394 36 19
s 32401 35 12
s 32411 21 8
s 32897 186 87
s 32899 133 68
s 32903 309 167
s 32904 150 66
s 32905 109 37
s 32906 60 28
s 32913 118 61
s 32923 63 26
s 33155 101 50
s 33159 38 20
s 33160 64 30
s 33161 20 8
s 33162 26 9
s 33169 56 25
s 33179 15 9
s 33671 178 87
s 33672 92 56
s 33673 65 29
s 33674 24 14
s 33681 71 36
s 33691 19 6
s 34696 167 89
s 34697 47 25
s 34698 73 30
s 34705 92 39
s 34715 37 20
s 34953 65 30
s 34954 43 16
s 34961 53 26
s 34971 30 12
s 35210 21 10
s 35217 35 18
s 35227 16 5
s 35473 6 0
s 35483 13 7
s 37275 24 12
