n 200000
b 1 24966 12650
b 2 31828 15636
b 3 5374 2746
b 4 3704 1897
b 5 25429 12856
b 6 34452 15265
b 7 31256 15885
b 8 34720 18677
b 9 27656 13996
b 10 7571 3719
b 11 15982 6560
b 12 22925 12179
b 13 6976 3329
b 14 54120 27190
b 15 11759 5900
b 16 5460 2649
b 17 11920 5699
b 18 22968 12046
b 19 15221 6611
b 20 17006 8746
b 21 36161 17524
b 22 22987 11351
b 23 9103 4557
b 25 29464 13837
b 26 48092 23428
b 27 30481 15643
b 28 11149 5370
b 29 33313 15932
b 30 27335 14048
b 31 24185 12606
b 32 8345 4401
b 33 7925 4287
b 34 9881 4895
b 35 25582 12390
b 36 29206 14539
b 37 8822 4212
b 38 3470 1678
b 39 18562 8685
b 40 9563 4659
b 41 12321 6111
b 42 19997 10687
b 43 11054 5271
b 44 14976 7473
b 45 7740 4050
b 46 8801 4132
b 47 11220 5562
b 48 27205 13721
b 49 30406 16120
b 50 9206 4812
b 51 6332 3039
b 52 4957 2638
b 53 17072 7536
b 54 31310 16540
b 55 12753 6525
b 56 6835 3518
b 57 3962 2069
b 58 4320 2113
b 59 6701 3067
b 60 18880 9960
b 61 3222 1611
b 62 16770 9246
b 63 7498 3523
b 64 12974 6127
b 65 1466 716
b 66 738 353
b 67 15949 8427
b 68 16536 8327
b 69 13356 6468
b 70 13947 7083
b 71 33140 17416
b 72 6939 3274
b 73 3843 1792
b 74 42323 21722
b 75 16547 8207
b 76 29059 15745
b 77 2848 1440
b 78 5864 3065
b 79 4082 1859
b 80 5487 2732
b 81 5165 2625
b 82 2848 1566
b 83 5096 2285
b 84 24429 12034
b 85 28813 14250
b 86 52683 26333
b 87 21209 10850
b 88 24740 13160
b 89 1306 662
b 90 8606 4488
b 91 8433 4357
b 92 3289 1815
b 93 30675 15387
b 94 3551 1745
b 95 3574 1852
b 96 11521 5593
b 97 25646 12785
b 98 10432 4883
b 99 5677 2640
b 100 14748 7400
b 101 20269 9831
b 102 4861 2482
b 103 1728 910
b 104 30300 15744
b 105 24768 12619
b 106 17943 9039
b 107 11707 5915
b 108 11615 5416
b 109 14954 6605
b 110 12453 6585
b 111 12825 6460
b 112 16153 8328
b 113 7733 4201
b 114 9350 4366
b 119 16368 8194
b 120 9712 4509
b 121 15877 8307
b 123 23756 11252
b 126 11108 5493
b 128 24961 12341
b 129 10401 5007
b 131 12462 6138
b 135 24079 12791
b 136 13264 6401
b 137 8662 4150
b 138 4628 2231
b 145 8103 3629
b 155 3964 1991
v 258 1556 693
v 259 366 192
v 260 251 126
v 261 1670 802
v 262 2164 1195
v 263 1748 822
v 264 2296 1096
v 265 1505 729
v 266 564 310
v 267 950 533
v 268 1579 800
v 269 511 257
v 270 2963 1523
v 271 754 405
v 272 356 186
v 273 781 422
v 274 1391 642
v 275 846 486
v 276 1112 523
v 277 2070 1106
v 278 1901 977
v 279 522 252
v 281 1957 1099
v 282 3130 1567
v 283 1910 953
v 284 682 340
v 285 2104 1168
v 286 1682 847
v 287 1756 855
v 288 528 265
v 289 449 210
v 290 836 478
v 291 1473 722
v 292 1807 987
v 293 575 294
v 294 230 122
v 295 1121 598
v 296 557 311
v 297 935 483
v 298 1473 737
v 299 684 389
v 300 1189 547
v 301 570 298
v 302 594 286
v 303 640 312
v 304 1958 928
v 305 1840 916
v 306 612 296
v 307 331 182
v 308 346 181
v 309 1052 612
v 310 2022 1022
v 311 848 423
v 312 397 195
v 313 241 113
v 314 212 92
v 315 501 233
v 316 989 435
v 317 212 113
v 318 868 421
v 319 477 251
v 320 740 375
v 321 87 50
v 322 34 15
v 323 979 499
v 324 1166 600
v 325 876 437
v 326 941 424
v 327 1614 747
v 328 428 250
v 329 222 118
v 330 3044 1519
v 331 1077 546
v 332 2064 1022
v 333 157 79
v 334 399 230
v 335 262 142
v 336 386 186
v 337 280 142
v 338 245 105
v 339 260 149
v 340 1931 1075
v 341 1720 904
v 342 3512 1808
v 343 1169 543
v 344 1377 619
v 345 85 52
v 346 676 347
v 347 573 277
v 348 203 94
v 349 2053 1023
v 350 261 144
v 351 259 105
v 352 607 298
v 353 1503 683
v 354 674 365
v 355 341 213
v 356 849 413
v 357 1763 955
v 358 305 156
v 359 89 38
v 360 1733 783
v 361 1567 746
v 362 942 473
v 363 646 318
v 364 680 365
v 365 1067 631
v 366 646 292
v 367 1045 530
v 368 1243 638
v 369 531 257
v 370 504 246
v 375 939 506
v 376 605 330
v 377 1114 558
v 379 1264 661
v 382 694 362
v 384 1426 695
v 385 689 373
v 387 757 406
v 391 1527 722
v 392 704 368
v 393 556 297
v 394 292 161
v 401 525 276
v 411 279 151
v 515 400 191
v 516 303 143
v 517 2040 985
v 518 2756 1490
v 519 2575 1265
v 520 2635 1272
v 521 2108 1027
v 522 527 289
v 523 1299 755
v 524 1418 721
v 525 531 285
v 526 4032 1914
v 527 1033 496
v 528 484 254
v 529 930 491
v 530 1834 807
v 531 1275 689
v 532 1455 647
v 533 3032 1609
v 534 1848 879
v 535 802 385
v 537 2254 1228
v 538 3905 2003
v 539 2590 1256
v 540 947 464
v 541 2916 1473
v 542 2059 949
v 543 1868 876
v 544 647 278
v 545 611 265
v 546 758 384
v 547 2094 1135
v 548 2627 1223
v 549 674 369
v 550 271 134
v 551 1524 774
v 552 701 323
v 553 956 472
v 554 1796 815
v 555 914 468
v 556 1153 621
v 557 572 270
v 558 724 367
v 559 936 466
v 560 2068 1009
v 561 2572 1108
v 562 1512 732
v 563 499 261
v 564 337 153
v 565 1434 800
v 566 3089 1342
v 567 1028 499
v 568 568 269
v 569 305 151
v 570 362 178
v 571 437 245
v 572 1633 727
v 573 220 115
v 574 1309 547
v 575 631 339
v 576 961 489
v 577 100 44
v 578 67 32
v 579 1387 560
v 580 1256 611
v 581 1095 564
v 582 1463 707
v 583 2585 1230
v 584 550 308
v 585 300 157
v 586 3385 1593
v 587 1279 629
v 588 2447 1058
v 589 215 110
v 590 508 234
v 591 288 134
v 592 456 208
v 593 449 234
v 594 199 90
v 595 370 204
v 596 2030 994
v 597 2267 1105
v 598 4310 2201
v 599 1566 777
v 600 2058 934
v 601 83 46
v 602 639 293
v 603 645 322
v 604 263 122
v 605 2356 1159
v 606 309 157
v 607 260 114
v 608 993 471
v 609 2193 1097
v 610 1000 509
v 611 479 270
v 612 1174 571
v 613 1519 733
v 614 367 165
v 615 125 60
v 616 2680 1257
v 617 1783 841
v 618 1457 706
v 619 932 429
v 620 987 546
v 621 1009 607
v 622 980 442
v 623 1295 618
v 624 1178 568
v 625 561 247
v 626 956 523
v 631 1283 658
v 632 719 380
v 633 1169 545
v 635 1856 969
v 638 950 501
v 640 2004 994
v 641 908 450
v 643 908 449
v 647 2111 960
v 648 1114 626
v 649 723 370
v 650 284 165
v 657 619 331
v 667 304 157
v 772 52 24
v 773 318 166
v 774 480 260
v 775 450 232
v 776 388 177
v 777 374 195
v 778 88 50
v 779 189 102
v 780 412 185
v 781 82 45
v 782 831 422
v 783 131 70
v 784 63 35
v 785 151 88
v 786 291 134
v 787 224 125
v 788 215 112
v 789 469 259
v 790 296 163
v 791 127 69
v 793 380 199
v 794 647 335
v 795 394 193
v 796 122 75
v 797 485 243
v 798 401 200
v 799 287 142
v 800 105 41
v 801 109 55
v 802 125 68
v 803 313 164
v 804 360 174
v 805 93 45
v 806 67 32
v 807 198 108
v 808 120 78
v 809 125 77
v 810 267 131
v 811 132 80
v 812 172 98
v 813 99 50
v 814 124 64
v 815 129 72
v 816 381 207
v 817 400 185
v 818 130 57
v 819 78 44
v 820 76 36
v 821 201 101
v 822 312 164
v 823 182 91
v 824 73 44
v 825 64 26
v 826 53 24
v 827 83 49
v 828 267 127
v 829 46 20
v 830 227 111
v 831 106 54
v 832 188 116
v 833 22 15
v 834 7 4
v 835 266 132
v 836 241 136
v 837 183 100
v 838 227 108
v 839 425 179
v 840 92 51
v 841 51 30
v 842 601 304
v 843 244 124
v 844 423 207
v 845 56 22
v 846 78 31
v 847 84 49
v 848 88 46
v 849 83 35
v 850 62 28
v 851 62 34
v 852 268 141
v 853 378 183
v 854 721 345
v 855 278 139
v 856 322 144
v 857 23 10
v 858 138 75
v 859 128 63
v 860 55 14
v 861 415 194
v 862 51 31
v 863 27 12
v 864 135 76
v 865 375 206
v 866 100 65
v 867 59 32
v 868 204 103
v 869 304 158
v 870 85 43
v 871 20 13
v 872 353 179
v 873 345 177
v 874 217 109
v 875 171 85
v 876 163 76
v 877 285 156
v 878 159 88
v 879 193 103
v 880 274 130
v 881 153 74
v 882 111 62
v 887 220 111
v 888 129 67
v 889 227 116
v 891 345 184
v 894 168 97
v 896 310 160
v 897 112 60
v 899 185 93
v 903 342 163
v 904 167 96
v 905 115 66
v 906 66 36
v 913 109 59
v 923 52 25
v 1029 248 129
v 1030 242 130
v 1031 298 147
v 1032 322 140
v 1033 261 129
v 1034 62 36
v 1035 141 87
v 1036 209 94
v 1037 77 48
v 1038 461 240
v 1039 120 62
v 1040 51 30
v 1041 132 61
v 1042 180 97
v 1043 118 62
v 1044 155 80
v 1045 406 207
v 1046 235 122
v 1047 102 55
v 1049 273 153
v 1050 461 258
v 1051 294 154
v 1052 117 58
v 1053 260 146
v 1054 237 105
v 1055 199 109
v 1056 102 50
v 1057 77 33
v 1058 84 32
v 1059 242 132
v 1060 250 122
v 1061 57 28
v 1062 22 10
v 1063 155 91
v 1064 93 49
v 1065 107 47
v 1066 188 87
v 1067 101 52
v 1068 140 74
v 1069 86 34
v 1070 60 27
v 1071 96 45
v 1072 225 110
v 1073 227 132
v 1074 73 36
v 1075 64 32
v 1076 39 21
v 1077 152 76
v 1078 264 134
v 1079 153 75
v 1080 54 20
v 1081 33 14
v 1082 35 16
v 1083 38 23
v 1084 228 118
v 1085 25 13
v 1086 187 91
v 1087 113 62
v 1088 116 65
v 1089 10 7
v 1090 5 2
v 1091 135 78
v 1092 121 59
v 1093 93 46
v 1094 129 73
v 1095 378 171
v 1096 70 40
v 1097 37 19
v 1098 361 163
v 1099 162 92
v 1100 238 125
v 1101 38 19
v 1102 49 22
v 1103 39 23
v 1104 44 25
v 1105 39 16
v 1106 26 13
v 1107 52 28
v 1108 224 115
v 1109 255 124
v 1110 456 232
v 1111 212 119
v 1112 228 99
v 1113 11 6
v 1114 72 37
v 1115 66 30
v 1116 37 15
v 1117 634 325
v 1118 58 26
v 1119 36 20
v 1120 126 64
v 1121 234 121
v 1122 96 59
v 1123 60 33
v 1124 120 68
v 1125 159 85
v 1126 45 26
v 1127 15 6
v 1128 287 128
v 1129 193 85
v 1130 146 72
v 1131 104 53
v 1132 116 67
v 1133 117 75
v 1134 100 55
v 1135 90 46
v 1136 156 72
v 1137 57 26
v 1138 107 53
v 1143 119 55
v 1144 192 120
v 1145 115 59
v 1147 203 98
v 1150 110 51
v 1152 227 125
v 1153 90 45
v 1155 118 70
v 1159 218 105
v 1160 122 67
v 1161 73 48
v 1162 35 17
v 1169 64 38
v 1179 38 21
v 1286 2292 1284
v 1287 2035 991
v 1288 2571 1127
v 1289 1876 904
v 1290 480 237
v 1291 992 569
v 1292 1157 610
v 1293 490 256
v 1294 3696 1755
v 1295 831 413
v 1296 352 182
v 1297 758 433
v 1298 1432 706
v 1299 995 565
v 1300 1119 563
v 1301 2355 1229
v 1302 1500 762
v 1303 517 265
v 1305 1891 995
v 1306 3339 1712
v 1307 2138 1069
v 1308 705 377
v 1309 2182 1148
v 1310 1830 906
v 1311 1702 827
v 1312 589 265
v 1313 469 198
v 1314 605 288
v 1315 1674 886
v 1316 1823 962
v 1317 583 311
v 1318 202 113
v 1319 1242 667
v 1320 653 354
v 1321 823 426
v 1322 1197 568
v 1323 774 400
v 1324 930 477
v 1325 463 223
v 1326 488 282
v 1327 748 395
v 1328 1559 777
v 1329 1764 865
v 1330 533 271
v 1331 366 199
v 1332 305 141
v 1333 1121 593
v 1334 2145 1001
v 1335 811 407
v 1336 440 211
v 1337 230 117
v 1338 295 158
v 1339 440 238
v 1340 1254 581
v 1341 162 84
v 1342 1070 493
v 1343 461 250
v 1344 823 419
v 1345 91 39
v 1346 41 26
v 1347 932 468
v 1348 1062 551
v 1349 878 469
v 1350 837 394
v 1351 2116 1011
v 1352 458 231
v 1353 248 124
v 1354 2614 1298
v 1355 1184 594
v 1356 1899 879
v 1357 151 74
v 1358 355 170
v 1359 261 134
v 1360 344 175
v 1361 314 167
v 1362 147 85
v 1363 305 177
v 1364 1682 855
v 1365 1842 956
v 1366 3758 1864
v 1367 1512 736
v 1368 1731 782
v 1369 71 35
v 1370 492 233
v 1371 458 242
v 1372 194 87
v 1373 2056 1037
v 1374 215 121
v 1375 200 108
v 1376 670 357
v 1377 1550 785
v 1378 516 288
v 1379 352 178
v 1380 916 456
v 1381 1362 709
v 1382 300 152
v 1383 105 52
v 1384 2187 1033
v 1385 1490 751
v 1386 1069 569
v 1387 747 360
v 1388 751 403
v 1389 833 486
v 1390 752 353
v 1391 793 415
v 1392 912 464
v 1393 407 191
v 1394 596 318
v 1399 1100 560
v 1400 619 331
v 1401 980 433
v 1403 1546 889
v 1406 659 355
v 1408 1575 839
v 1409 651 373
v 1411 754 372
v 1415 1524 710
v 1416 796 411
v 1417 510 273
v 1418 282 146
v 1425 537 292
v 1435 303 155
v 1543 2705 1179
v 1544 3530 1486
v 1545 2498 1107
v 1546 677 305
v 1547 1373 747
v 1548 2151 847
v 1549 599 270
v 1550 4376 1815
v 1551 1169 508
v 1552 467 211
v 1553 1103 473
v 1554 2097 851
v 1555 1313 650
v 1556 1495 636
v 1557 3392 1579
v 1558 1970 838
v 1559 754 330
v 1561 2669 1274
v 1562 4242 1956
v 1563 2577 1130
v 1564 939 444
v 1565 3081 1362
v 1566 2481 1078
v 1567 2218 906
v 1568 748 327
v 1569 620 248
v 1570 792 361
v 1571 2436 1083
v 1572 2496 1196
v 1573 775 354
v 1574 285 149
v 1575 1608 786
v 1576 855 388
v 1577 1166 497
v 1578 1676 683
v 1579 1051 500
v 1580 1452 697
v 1581 700 320
v 1582 684 340
v 1583 1058 503
v 1584 2488 1138
v 1585 2792 1117
v 1586 819 359
v 1587 492 216
v 1588 398 161
v 1589 1545 781
v 1590 2985 1267
v 1591 1118 422
v 1592 668 291
v 1593 359 154
v 1594 408 198
v 1595 587 304
v 1596 1594 640
v 1597 258 111
v 1598 1424 557
v 1599 639 316
v 1600 1118 521
v 1601 125 60
v 1602 53 21
v 1603 2189 872
v 1604 1451 637
v 1605 1131 567
v 1606 1154 509
v 1607 2588 1130
v 1608 555 271
v 1609 303 146
v 1610 3446 1453
v 1611 1477 652
v 1612 2567 969
v 1613 221 97
v 1614 487 187
v 1615 357 162
v 1616 506 233
v 1617 455 197
v 1618 224 96
v 1619 436 223
v 1620 2014 876
v 1621 2511 1059
v 1622 4631 2083
v 1623 1718 762
v 1624 1994 834
v 1625 101 51
v 1626 710 298
v 1627 750 328
v 1628 275 124
v 1629 2789 1332
v 1630 277 118
v 1631 247 110
v 1632 1045 457
v 1633 2073 888
v 1634 866 426
v 1635 516 245
v 1636 1003 467
v 1637 1727 793
v 1638 443 194
v 1639 119 50
v 1640 2480 1118
v 1641 2086 919
v 1642 1529 669
v 1643 942 370
v 1644 1122 521
v 1645 1481 789
v 1646 1127 467
v 1647 1174 539
v 1648 1359 581
v 1649 677 245
v 1650 754 367
v 1655 1437 621
v 1656 784 395
v 1657 1427 605
v 1659 2179 1019
v 1662 955 434
v 1664 2139 992
v 1665 785 336
v 1667 1095 489
v 1671 2038 849
v 1672 1104 506
v 1673 715 287
v 1674 417 201
v 1681 708 355
v 1691 308 132
v 1800 2783 1300
v 1801 2125 1075
v 1802 544 285
v 1803 1273 767
v 1804 1890 951
v 1805 546 305
v 1806 3991 2059
v 1807 854 432
v 1808 472 248
v 1809 866 474
v 1810 1957 946
v 1811 1241 679
v 1812 1340 683
v 1813 2850 1471
v 1814 1817 892
v 1815 724 366
v 1817 2317 1233
v 1818 3928 2041
v 1819 2514 1253
v 1820 902 472
v 1821 2620 1364
v 1822 2250 1133
v 1823 1827 861
v 1824 597 308
v 1825 647 317
v 1826 813 423
v 1827 2059 1046
v 1828 2401 1229
v 1829 716 376
v 1830 272 167
v 1831 1462 788
v 1832 731 385
v 1833 1098 556
v 1834 1548 744
v 1835 842 429
v 1836 1158 578
v 1837 580 286
v 1838 723 364
v 1839 810 384
v 1840 2080 1053
v 1841 2502 1176
v 1842 637 298
v 1843 482 256
v 1844 406 188
v 1845 1382 755
v 1846 2642 1212
v 1847 962 514
v 1848 507 229
v 1849 324 150
v 1850 323 165
v 1851 571 296
v 1852 1525 706
v 1853 273 165
v 1854 1277 600
v 1855 585 306
v 1856 999 525
v 1857 136 72
v 1858 81 53
v 1859 1274 583
v 1860 1361 690
v 1861 1030 530
v 1862 1107 539
v 1863 2763 1334
v 1864 558 305
v 1865 299 165
v 1866 3441 1720
v 1867 1303 649
v 1868 2229 1066
v 1869 210 111
v 1870 455 233
v 1871 326 185
v 1872 424 225
v 1873 443 208
v 1874 235 122
v 1875 413 218
v 1876 1955 1004
v 1877 2310 1181
v 1878 4322 2177
v 1879 1669 788
v 1880 1996 971
v 1881 83 48
v 1882 703 344
v 1883 652 328
v 1884 257 124
v 1885 2325 1224
v 1886 322 171
v 1887 251 138
v 1888 921 476
v 1889 2168 1140
v 1890 893 475
v 1891 458 263
v 1892 1212 661
v 1893 1542 759
v 1894 393 205
v 1895 136 65
v 1896 2419 1200
v 1897 1865 945
v 1898 1536 740
v 1899 951 473
v 1900 942 521
v 1901 1021 611
v 1902 928 446
v 1903 1047 535
v 1904 1285 595
v 1905 589 277
v 1906 770 411
v 1911 1335 705
v 1912 764 423
v 1913 1253 625
v 1915 1938 972
v 1918 786 408
v 1920 2028 1055
v 1921 918 484
v 1923 1013 515
v 1927 1849 847
v 1928 1052 600
v 1929 669 384
v 1930 309 142
v 1937 651 355
v 1947 330 167
v 2057 2454 1277
v 2058 626 334
v 2059 1362 877
v 2060 1939 956
v 2061 604 346
v 2062 4660 2490
v 2063 1080 581
v 2064 460 255
v 2065 1085 613
v 2066 2046 1069
v 2067 1355 828
v 2068 1501 808
v 2069 3204 1766
v 2070 2083 1120
v 2071 817 465
v 2073 2467 1367
v 2074 4047 2199
v 2075 2308 1136
v 2076 969 573
v 2077 2973 1746
v 2078 2386 1223
v 2079 2112 1095
v 2080 855 396
v 2081 597 286
v 2082 750 424
v 2083 2299 1328
v 2084 2641 1417
v 2085 744 399
v 2086 264 136
v 2087 1768 1013
v 2088 997 584
v 2089 1223 650
v 2090 1967 972
v 2091 1026 546
v 2092 1474 806
v 2093 562 280
v 2094 798 419
v 2095 1005 562
v 2096 2381 1289
v 2097 2526 1305
v 2098 635 325
v 2099 583 320
v 2100 362 182
v 2101 1595 954
v 2102 3213 1618
v 2103 1132 584
v 2104 691 332
v 2105 247 122
v 2106 411 226
v 2107 580 316
v 2108 1498 715
v 2109 216 115
v 2110 1411 693
v 2111 540 304
v 2112 1288 757
v 2113 107 57
v 2114 55 29
v 2115 1510 778
v 2116 1526 801
v 2117 1216 661
v 2118 1403 720
v 2119 2754 1366
v 2120 620 356
v 2121 339 181
v 2122 3809 2076
v 2123 1660 886
v 2124 2544 1221
v 2125 217 123
v 2126 450 249
v 2127 288 170
v 2128 461 221
v 2129 487 251
v 2130 217 110
v 2131 421 236
v 2132 2228 1220
v 2133 2482 1342
v 2134 4445 2378
v 2135 2089 1122
v 2136 2512 1275
v 2137 98 55
v 2138 710 359
v 2139 619 319
v 2140 254 108
v 2141 3231 1722
v 2142 313 165
v 2143 347 173
v 2144 1070 601
v 2145 2191 1246
v 2146 798 468
v 2147 450 265
v 2148 1094 574
v 2149 1767 951
v 2150 404 195
v 2151 114 65
v 2152 2553 1270
v 2153 2536 1442
v 2154 1482 786
v 2155 1022 551
v 2156 1206 707
v 2157 1220 710
v 2158 1493 807
v 2159 901 462
v 2160 955 460
v 2161 619 326
v 2162 892 508
v 2167 1547 873
v 2168 789 477
v 2169 1187 621
v 2171 2102 1191
v 2174 1026 544
v 2176 2238 1221
v 2177 982 520
v 2179 871 500
v 2183 2076 1059
v 2184 1095 614
v 2185 727 396
v 2186 425 220
v 2193 678 410
v 2203 336 189
v 2314 539 282
v 2315 1065 647
v 2316 1628 757
v 2317 547 287
v 2318 4136 2110
v 2319 885 479
v 2320 374 210
v 2321 944 489
v 2322 1684 823
v 2323 1014 551
v 2324 1184 611
v 2325 2628 1374
v 2326 1788 880
v 2327 576 292
v 2329 1988 1091
v 2330 3436 1788
v 2331 2042 1044
v 2332 881 464
v 2333 2353 1254
v 2334 1903 944
v 2335 1719 866
v 2336 600 291
v 2337 564 245
v 2338 606 305
v 2339 1658 880
v 2340 2299 1094
v 2341 618 312
v 2342 218 102
v 2343 1407 744
v 2344 728 369
v 2345 836 429
v 2346 1302 599
v 2347 810 433
v 2348 1048 564
v 2349 516 247
v 2350 527 278
v 2351 809 419
v 2352 1811 911
v 2353 2074 1012
v 2354 617 297
v 2355 437 221
v 2356 371 162
v 2357 1193 675
v 2358 2053 1001
v 2359 997 471
v 2360 499 233
v 2361 254 123
v 2362 306 169
v 2363 437 238
v 2364 1331 633
v 2365 210 106
v 2366 1378 609
v 2367 488 279
v 2368 870 473
v 2369 102 51
v 2370 40 22
v 2371 1128 550
v 2372 1197 608
v 2373 1027 536
v 2374 803 370
v 2375 2439 1114
v 2376 488 250
v 2377 245 147
v 2378 2714 1351
v 2379 1229 679
v 2380 2140 982
v 2381 177 79
v 2382 410 201
v 2383 260 146
v 2384 365 179
v 2385 327 174
v 2386 217 99
v 2387 364 189
v 2388 1792 933
v 2389 1954 962
v 2390 3906 1952
v 2391 1512 760
v 2392 1886 857
v 2393 105 38
v 2394 561 258
v 2395 548 238
v 2396 218 97
v 2397 2315 1189
v 2398 249 123
v 2399 226 102
v 2400 850 448
v 2401 1688 868
v 2402 642 344
v 2403 346 186
v 2404 933 467
v 2405 1494 781
v 2406 306 144
v 2407 96 45
v 2408 2163 1029
v 2409 1690 847
v 2410 1338 666
v 2411 881 459
v 2412 824 427
v 2413 1035 576
v 2414 870 431
v 2415 816 402
v 2416 1136 562
v 2417 499 235
v 2418 652 378
v 2423 1291 657
v 2424 589 333
v 2425 1089 510
v 2427 1811 960
v 2430 732 381
v 2432 1612 863
v 2433 649 333
v 2435 814 423
v 2439 1541 774
v 2440 867 430
v 2441 579 290
v 2442 294 132
v 2449 507 280
v 2459 315 158
v 2571 322 181
v 2572 377 162
v 2573 124 63
v 2574 1045 515
v 2575 259 142
v 2576 90 44
v 2577 180 86
v 2578 379 177
v 2579 274 157
v 2580 330 171
v 2581 704 344
v 2582 379 202
v 2583 192 109
v 2585 527 255
v 2586 715 361
v 2587 502 223
v 2588 222 105
v 2589 643 336
v 2590 590 283
v 2591 501 236
v 2592 150 70
v 2593 156 64
v 2594 190 99
v 2595 517 267
v 2596 518 266
v 2597 211 106
v 2598 50 23
v 2599 365 193
v 2600 172 88
v 2601 180 91
v 2602 376 173
v 2603 189 101
v 2604 323 160
v 2605 153 70
v 2606 190 104
v 2607 193 110
v 2608 627 298
v 2609 571 252
v 2610 206 102
v 2611 118 67
v 2612 79 35
v 2613 355 214
v 2614 681 356
v 2615 271 126
v 2616 125 67
v 2617 81 37
v 2618 84 43
v 2619 132 66
v 2620 324 151
v 2621 76 36
v 2622 341 145
v 2623 156 68
v 2624 293 139
v 2625 30 22
v 2626 14 8
v 2627 263 122
v 2628 172 81
v 2629 204 91
v 2630 270 132
v 2631 831 378
v 2632 162 78
v 2633 83 39
v 2634 811 390
v 2635 282 143
v 2636 515 216
v 2637 60 24
v 2638 118 52
v 2639 93 49
v 2640 106 53
v 2641 81 35
v 2642 52 22
v 2643 119 71
v 2644 416 213
v 2645 605 320
v 2646 956 436
v 2647 370 161
v 2648 308 147
v 2649 33 17
v 2650 176 77
v 2651 203 106
v 2652 64 25
v 2653 629 292
v 2654 61 26
v 2655 61 32
v 2656 186 91
v 2657 507 264
v 2658 177 98
v 2659 113 63
v 2660 312 156
v 2661 282 132
v 2662 106 50
v 2663 32 12
v 2664 492 241
v 2665 420 201
v 2666 367 197
v 2667 229 116
v 2668 213 117
v 2669 333 168
v 2670 257 124
v 2671 295 153
v 2672 373 167
v 2673 170 79
v 2674 186 87
v 2679 343 162
v 2680 184 114
v 2681 251 109
v 2683 449 233
v 2686 221 106
v 2688 509 260
v 2689 232 124
v 2691 268 140
v 2695 497 237
v 2696 288 148
v 2697 161 85
v 2698 80 44
v 2705 165 97
v 2715 94 44
v 2828 889 328
v 2829 255 98
v 2830 2096 858
v 2831 454 181
v 2832 195 100
v 2833 448 194
v 2834 897 356
v 2835 559 282
v 2836 632 246
v 2837 1448 608
v 2838 875 388
v 2839 380 150
v 2841 1334 596
v 2842 1984 829
v 2843 1192 457
v 2844 408 161
v 2845 1451 626
v 2846 1160 455
v 2847 953 348
v 2848 327 151
v 2849 312 120
v 2850 474 200
v 2851 1100 471
v 2852 1263 534
v 2853 365 162
v 2854 111 59
v 2855 734 346
v 2856 377 158
v 2857 484 213
v 2858 750 284
v 2859 425 188
v 2860 619 244
v 2861 313 116
v 2862 405 168
v 2863 465 199
v 2864 1197 477
v 2865 1213 444
v 2866 356 131
v 2867 240 92
v 2868 184 82
v 2869 694 335
v 2870 1322 512
v 2871 494 195
v 2872 240 90
v 2873 157 66
v 2874 165 67
v 2875 272 126
v 2876 747 284
v 2877 151 70
v 2878 596 197
v 2879 315 139
v 2880 538 241
v 2881 68 29
v 2882 26 15
v 2883 630 257
v 2884 731 301
v 2885 471 208
v 2886 612 251
v 2887 1209 449
v 2888 290 122
v 2889 155 65
v 2890 1859 680
v 2891 655 256
v 2892 1147 412
v 2893 110 45
v 2894 222 88
v 2895 158 64
v 2896 235 86
v 2897 201 81
v 2898 99 30
v 2899 189 91
v 2900 977 423
v 2901 1221 493
v 2902 2140 930
v 2903 831 330
v 2904 901 329
v 2905 49 20
v 2906 375 145
v 2907 388 164
v 2908 138 47
v 2909 1219 543
v 2910 134 45
v 2911 136 47
v 2912 434 202
v 2913 997 413
v 2914 445 214
v 2915 274 118
v 2916 568 230
v 2917 811 322
v 2918 181 77
v 2919 80 34
v 2920 1224 498
v 2921 975 388
v 2922 730 318
v 2923 462 191
v 2924 473 200
v 2925 678 317
v 2926 537 195
v 2927 540 226
v 2928 620 227
v 2929 366 117
v 2930 393 174
v 2935 595 246
v 2936 387 176
v 2937 713 280
v 2939 867 361
v 2942 423 177
v 2944 1041 418
v 2945 420 188
v 2947 528 232
v 2951 966 354
v 2952 558 250
v 2953 363 150
v 2954 201 90
v 2961 344 170
v 2971 159 78
v 3085 378 203
v 3086 2832 1416
v 3087 560 318
v 3088 347 167
v 3089 635 348
v 3090 2832 1334
v 3091 821 469
v 3092 1109 622
v 3093 2014 1140
v 3094 1179 664
v 3095 501 250
v 3097 1510 879
v 3098 2647 1418
v 3099 2014 1096
v 3100 648 402
v 3101 1633 804
v 3102 1539 796
v 3103 1348 724
v 3104 419 204
v 3105 481 275
v 3106 548 301
v 3107 1339 786
v 3108 1707 895
v 3109 459 244
v 3110 233 124
v 3111 1042 608
v 3112 572 323
v 3113 662 333
v 3114 1266 716
v 3115 592 331
v 3116 812 399
v 3117 403 211
v 3118 480 286
v 3119 558 349
v 3120 2086 1081
v 3121 1926 939
v 3122 595 303
v 3123 402 213
v 3124 522 249
v 3125 890 518
v 3126 1632 842
v 3127 650 307
v 3128 355 215
v 3129 262 141
v 3130 222 129
v 3131 367 201
v 3132 1164 629
v 3133 198 109
v 3134 1073 512
v 3135 474 289
v 3136 701 383
v 3137 101 49
v 3138 47 27
v 3139 785 421
v 3140 950 548
v 3141 793 410
v 3142 686 359
v 3143 1825 900
v 3144 413 229
v 3145 222 126
v 3146 2497 1366
v 3147 1011 569
v 3148 1518 781
v 3149 209 128
v 3150 376 201
v 3151 243 146
v 3152 276 124
v 3153 323 183
v 3154 173 70
v 3155 331 190
v 3156 1480 861
v 3157 1769 946
v 3158 3036 1553
v 3159 1193 583
v 3160 1419 682
v 3161 89 43
v 3162 525 268
v 3163 562 262
v 3164 242 123
v 3165 1600 808
v 3166 450 235
v 3167 175 100
v 3168 591 307
v 3169 1496 788
v 3170 517 266
v 3171 340 189
v 3172 922 484
v 3173 1118 622
v 3174 267 136
v 3175 120 70
v 3176 1694 835
v 3177 1482 768
v 3178 1122 557
v 3179 640 331
v 3180 551 272
v 3181 920 618
v 3182 687 360
v 3183 815 440
v 3184 996 527
v 3185 514 274
v 3186 473 274
v 3191 983 522
v 3192 537 309
v 3193 971 497
v 3195 1472 815
v 3198 532 286
v 3200 1329 671
v 3201 558 334
v 3203 735 412
v 3207 1400 697
v 3208 835 439
v 3209 518 291
v 3210 212 123
v 3217 441 246
v 3227 230 111
v 3342 968 466
v 3343 210 97
v 3344 78 39
v 3345 250 134
v 3346 422 171
v 3347 244 124
v 3348 347 156
v 3349 638 341
v 3350 365 164
v 3351 146 76
v 3353 574 287
v 3354 658 304
v 3355 426 195
v 3356 177 82
v 3357 548 273
v 3358 477 225
v 3359 433 203
v 3360 146 60
v 3361 144 63
v 3362 181 89
v 3363 368 177
v 3364 467 236
v 3365 139 69
v 3366 59 33
v 3367 488 252
v 3368 162 83
v 3369 242 120
v 3370 341 157
v 3371 184 102
v 3372 243 119
v 3373 129 54
v 3374 122 50
v 3375 187 75
v 3376 430 188
v 3377 468 208
v 3378 199 96
v 3379 122 59
v 3380 96 48
v 3381 304 159
v 3382 524 248
v 3383 279 131
v 3384 109 42
v 3385 74 41
v 3386 77 36
v 3387 107 54
v 3388 215 79
v 3389 42 22
v 3390 294 137
v 3391 149 77
v 3392 213 92
v 3393 45 22
v 3394 14 7
v 3395 260 116
v 3396 328 172
v 3397 242 110
v 3398 226 107
v 3399 722 324
v 3400 130 66
v 3401 56 25
v 3402 979 498
v 3403 233 109
v 3404 470 201
v 3405 42 23
v 3406 139 82
v 3407 75 35
v 3408 92 49
v 3409 66 28
v 3410 61 22
v 3411 87 43
v 3412 384 199
v 3413 468 218
v 3414 899 416
v 3415 393 178
v 3416 335 158
v 3417 21 7
v 3418 154 66
v 3419 140 71
v 3420 42 23
v 3421 553 258
v 3422 52 23
v 3423 74 32
v 3424 187 89
v 3425 488 230
v 3426 212 125
v 3427 82 49
v 3428 286 141
v 3429 270 141
v 3430 82 34
v 3431 33 16
v 3432 494 218
v 3433 466 217
v 3434 326 155
v 3435 188 78
v 3436 198 108
v 3437 256 143
v 3438 220 101
v 3439 292 131
v 3440 336 147
v 3441 118 55
v 3442 171 83
v 3447 319 159
v 3448 165 79
v 3449 239 107
v 3451 414 208
v 3454 238 121
v 3456 463 223
v 3457 192 96
v 3459 238 119
v 3463 429 186
v 3464 230 119
v 3465 153 73
v 3466 71 26
v 3473 147 70
v 3483 86 36
v 3599 1693 869
v 3600 703 391
v 3601 1675 882
v 3602 3291 1495
v 3603 1797 993
v 3604 2348 1093
v 3605 4972 2580
v 3606 2945 1567
v 3607 1118 546
v 3609 4002 2162
v 3610 6555 3390
v 3611 4349 2183
v 3612 1633 806
v 3613 5029 2597
v 3614 3917 1936
v 3615 3679 1763
v 3616 1033 525
v 3617 1063 486
v 3618 1318 708
v 3619 2854 1534
v 3620 4148 2238
v 3621 1345 700
v 3622 450 226
v 3623 2661 1361
v 3624 1296 669
v 3625 1536 784
v 3626 2818 1230
v 3627 1609 850
v 3628 1796 949
v 3629 1013 522
v 3630 968 508
v 3631 1496 768
v 3632 3565 1775
v 3633 4276 2091
v 3634 1396 658
v 3635 898 471
v 3636 747 324
v 3637 2195 1228
v 3638 4855 2305
v 3639 1962 957
v 3640 878 427
v 3641 494 248
v 3642 662 350
v 3643 848 473
v 3644 2382 1124
v 3645 447 227
v 3646 2591 1171
v 3647 1099 568
v 3648 1832 1024
v 3649 199 106
v 3650 126 65
v 3651 1950 963
v 3652 2276 1123
v 3653 1923 953
v 3654 2255 1035
v 3655 4445 2208
v 3656 894 474
v 3657 483 273
v 3658 5987 2896
v 3659 2121 1027
v 3660 4198 1944
v 3661 429 207
v 3662 895 448
v 3663 569 324
v 3664 779 387
v 3665 787 396
v 3666 405 168
v 3667 661 376
v 3668 3338 1697
v 3669 4427 2224
v 3670 7633 3835
v 3671 3133 1524
v 3672 3297 1582
v 3673 162 72
v 3674 1313 633
v 3675 1344 601
v 3676 506 213
v 3677 4669 2310
v 3678 479 234
v 3679 487 247
v 3680 1575 819
v 3681 3252 1584
v 3682 2191 1189
v 3683 803 410
v 3684 1870 942
v 3685 2970 1465
v 3686 724 346
v 3687 269 126
v 3688 3768 1873
v 3689 3451 1698
v 3690 2446 1214
v 3691 1704 867
v 3692 1633 887
v 3693 2220 1224
v 3694 1868 891
v 3695 1778 898
v 3696 2459 1241
v 3697 1081 508
v 3698 1467 774
v 3703 2620 1320
v 3704 1332 690
v 3705 2381 1089
v 3707 3509 1841
v 3710 1479 731
v 3712 3156 1569
v 3713 1238 634
v 3715 1854 922
v 3719 3631 1615
v 3720 1875 954
v 3721 1249 653
v 3722 544 290
v 3729 1189 662
v 3739 520 243
v 3856 166 79
v 3857 461 207
v 3858 622 305
v 3859 421 240
v 3860 490 251
v 3861 1101 586
v 3862 762 387
v 3863 259 144
v 3865 908 477
v 3866 1414 765
v 3867 848 371
v 3868 361 186
v 3869 1139 621
v 3870 698 336
v 3871 713 355
v 3872 290 127
v 3873 181 82
v 3874 229 112
v 3875 795 365
v 3876 922 462
v 3877 236 113
v 3878 74 35
v 3879 755 380
v 3880 309 138
v 3881 432 211
v 3882 660 316
v 3883 375 195
v 3884 406 201
v 3885 228 107
v 3886 180 104
v 3887 378 190
v 3888 658 340
v 3889 848 417
v 3890 198 102
v 3891 186 96
v 3892 142 71
v 3893 532 271
v 3894 1116 544
v 3895 362 183
v 3896 246 118
v 3897 106 54
v 3898 138 77
v 3899 189 116
v 3900 600 287
v 3901 56 25
v 3902 516 217
v 3903 242 134
v 3904 385 224
v 3905 36 20
v 3906 18 11
v 3907 476 218
v 3908 482 254
v 3909 465 235
v 3910 341 187
v 3911 1006 478
v 3912 232 117
v 3913 120 65
v 3914 1083 540
v 3915 590 322
v 3916 890 437
v 3917 73 43
v 3918 161 76
v 3919 103 53
v 3920 153 83
v 3921 135 61
v 3922 73 33
v 3923 136 77
v 3924 799 395
v 3925 825 441
v 3926 1609 859
v 3927 638 305
v 3928 818 374
v 3929 32 12
v 3930 206 91
v 3931 167 81
v 3932 81 35
v 3933 899 450
v 3934 83 49
v 3935 105 54
v 3936 375 198
v 3937 733 368
v 3938 285 157
v 3939 145 68
v 3940 359 180
v 3941 634 344
v 3942 163 91
v 3943 66 26
v 3944 974 500
v 3945 557 263
v 3946 552 253
v 3947 292 125
v 3948 397 205
v 3949 357 188
v 3950 299 136
v 3951 301 162
v 3952 430 211
v 3953 189 89
v 3954 289 142
v 3959 516 245
v 3960 252 141
v 3961 424 230
v 3963 676 357
v 3966 309 143
v 3968 707 364
v 3969 253 140
v 3971 328 167
v 3975 647 279
v 3976 384 205
v 3977 230 122
v 3978 135 62
v 3985 244 132
v 3995 92 47
v 4113 145 72
v 4114 286 137
v 4115 206 122
v 4116 236 114
v 4117 484 230
v 4118 263 137
v 4119 138 70
v 4121 429 196
v 4122 724 358
v 4123 462 213
v 4124 184 85
v 4125 429 237
v 4126 407 195
v 4127 341 151
v 4128 122 61
v 4129 98 48
v 4130 123 56
v 4131 343 180
v 4132 413 207
v 4133 114 59
v 4134 63 32
v 4135 251 114
v 4136 144 67
v 4137 185 89
v 4138 268 117
v 4139 173 77
v 4140 207 106
v 4141 114 52
v 4142 139 68
v 4143 144 72
v 4144 358 159
v 4145 388 191
v 4146 116 54
v 4147 94 52
v 4148 60 35
v 4149 254 131
v 4150 462 214
v 4151 169 84
v 4152 92 43
v 4153 62 28
v 4154 53 24
v 4155 78 40
v 4156 238 97
v 4157 45 21
v 4158 185 81
v 4159 102 49
v 4160 188 91
v 4161 18 11
v 4162 14 9
v 4163 226 96
v 4164 234 119
v 4165 188 99
v 4166 208 106
v 4167 447 223
v 4168 101 53
v 4169 64 30
v 4170 583 299
v 4171 179 86
v 4172 395 200
v 4173 37 22
v 4174 69 31
v 4175 72 42
v 4176 65 27
v 4177 87 54
v 4178 41 18
v 4179 60 27
v 4180 352 164
v 4181 367 184
v 4182 735 370
v 4183 284 133
v 4184 333 144
v 4185 13 6
v 4186 96 42
v 4187 96 41
v 4188 34 14
v 4189 422 209
v 4190 47 22
v 4191 50 17
v 4192 151 70
v 4193 384 177
v 4194 127 54
v 4195 84 43
v 4196 186 95
v 4197 264 135
v 4198 83 37
v 4199 23 8
v 4200 458 220
v 4201 306 143
v 4202 255 130
v 4203 156 75
v 4204 169 84
v 4205 214 119
v 4206 149 70
v 4207 159 70
v 4208 216 119
v 4209 97 37
v 4210 128 67
v 4215 243 116
v 4216 132 74
v 4217 197 85
v 4219 323 154
v 4222 166 72
v 4224 345 182
v 4225 145 73
v 4227 167 90
v 4231 317 140
v 4232 164 90
v 4233 107 55
v 4234 65 32
v 4241 120 68
v 4251 46 20
v 4370 684 320
v 4371 420 202
v 4372 556 264
v 4373 1072 509
v 4374 798 405
v 4375 242 108
v 4377 871 416
v 4378 1181 565
v 4379 730 320
v 4380 328 183
v 4381 996 500
v 4382 832 377
v 4383 754 339
v 4384 204 84
v 4385 213 102
v 4386 408 187
v 4387 911 493
v 4388 920 443
v 4389 301 156
v 4390 93 47
v 4391 613 334
v 4392 383 207
v 4393 410 188
v 4394 613 262
v 4395 331 155
v 4396 414 196
v 4397 189 98
v 4398 243 116
v 4399 333 166
v 4400 784 360
v 4401 888 388
v 4402 249 106
v 4403 218 125
v 4404 151 65
v 4405 619 355
v 4406 933 408
v 4407 446 218
v 4408 206 95
v 4409 114 44
v 4410 121 52
v 4411 198 101
v 4412 467 188
v 4413 71 28
v 4414 598 274
v 4415 216 112
v 4416 397 202
v 4417 41 18
v 4418 31 18
v 4419 486 221
v 4420 605 298
v 4421 450 199
v 4422 431 204
v 4423 1018 462
v 4424 237 130
v 4425 108 54
v 4426 1290 601
v 4427 365 174
v 4428 837 378
v 4429 83 39
v 4430 179 84
v 4431 158 86
v 4432 163 77
v 4433 143 67
v 4434 66 23
v 4435 127 62
v 4436 748 355
v 4437 907 429
v 4438 1596 755
v 4439 495 250
v 4440 557 242
v 4441 37 18
v 4442 313 154
v 4443 260 112
v 4444 99 39
v 4445 897 391
v 4446 87 34
v 4447 114 53
v 4448 369 168
v 4449 768 363
v 4450 320 162
v 4451 150 81
v 4452 452 227
v 4453 484 245
v 4454 142 71
v 4455 54 32
v 4456 862 406
v 4457 730 328
v 4458 589 270
v 4459 360 163
v 4460 351 181
v 4461 434 228
v 4462 363 177
v 4463 380 166
v 4464 532 254
v 4465 204 81
v 4466 286 147
v 4471 521 273
v 4472 280 147
v 4473 394 170
v 4475 770 398
v 4478 336 176
v 4480 755 386
v 4481 308 157
v 4483 362 165
v 4487 734 349
v 4488 394 180
v 4489 250 134
v 4490 117 50
v 4497 230 123
v 4507 128 70
v 4627 850 501
v 4628 879 425
v 4629 2038 1072
v 4630 1253 658
v 4631 448 227
v 4633 1677 929
v 4634 2859 1544
v 4635 1536 769
v 4636 601 302
v 4637 1673 923
v 4638 1595 818
v 4639 1385 701
v 4640 460 243
v 4641 464 236
v 4642 515 252
v 4643 1383 737
v 4644 1645 881
v 4645 561 330
v 4646 213 125
v 4647 1083 594
v 4648 467 258
v 4649 693 380
v 4650 1183 542
v 4651 615 350
v 4652 740 398
v 4653 431 212
v 4654 489 252
v 4655 649 312
v 4656 1558 808
v 4657 1717 818
v 4658 479 238
v 4659 381 213
v 4660 257 139
v 4661 929 536
v 4662 1933 931
v 4663 942 519
v 4664 349 163
v 4665 193 104
v 4666 229 113
v 4667 363 202
v 4668 1230 597
v 4669 231 124
v 4670 1027 482
v 4671 405 209
v 4672 694 360
v 4673 77 43
v 4674 45 28
v 4675 822 405
v 4676 961 505
v 4677 790 410
v 4678 871 429
v 4679 2020 974
v 4680 379 205
v 4681 225 118
v 4682 2312 1164
v 4683 898 467
v 4684 1720 808
v 4685 186 97
v 4686 406 210
v 4687 221 135
v 4688 298 156
v 4689 409 228
v 4690 205 108
v 4691 235 118
v 4692 1270 614
v 4693 1516 802
v 4694 3036 1567
v 4695 1296 654
v 4696 1592 811
v 4697 94 50
v 4698 496 254
v 4699 538 268
v 4700 202 92
v 4701 1853 972
v 4702 193 107
v 4703 234 116
v 4704 629 350
v 4705 1370 707
v 4706 630 345
v 4707 310 166
v 4708 789 417
v 4709 1316 745
v 4710 282 156
v 4711 106 45
v 4712 1844 974
v 4713 1273 611
v 4714 1093 572
v 4715 721 398
v 4716 654 381
v 4717 829 464
v 4718 550 243
v 4719 673 361
v 4720 758 371
v 4721 416 201
v 4722 491 255
v 4727 941 509
v 4728 550 287
v 4729 996 525
v 4731 1439 797
v 4734 626 365
v 4736 1479 812
v 4737 555 328
v 4739 773 442
v 4743 1380 690
v 4744 785 442
v 4745 533 312
v 4746 264 145
v 4753 493 282
v 4763 265 135
v 4884 686 287
v 4885 1441 665
v 4886 866 371
v 4887 337 159
v 4889 1097 483
v 4890 2017 899
v 4891 1146 451
v 4892 414 166
v 4893 1208 549
v 4894 1021 406
v 4895 885 359
v 4896 297 117
v 4897 349 138
v 4898 387 146
v 4899 964 438
v 4900 1209 501
v 4901 330 148
v 4902 143 65
v 4903 719 334
v 4904 331 125
v 4905 442 215
v 4906 679 271
v 4907 422 187
v 4908 553 239
v 4909 332 130
v 4910 328 140
v 4911 404 176
v 4912 1022 426
v 4913 1116 451
v 4914 295 112
v 4915 242 113
v 4916 198 84
v 4917 687 324
v 4918 1425 539
v 4919 476 210
v 4920 248 112
v 4921 140 58
v 4922 164 74
v 4923 286 128
v 4924 728 294
v 4925 118 60
v 4926 632 232
v 4927 277 132
v 4928 472 227
v 4929 61 31
v 4930 35 15
v 4931 617 246
v 4932 626 256
v 4933 530 235
v 4934 595 259
v 4935 1398 583
v 4936 313 142
v 4937 134 62
v 4938 1753 760
v 4939 609 268
v 4940 1098 433
v 4941 115 50
v 4942 207 82
v 4943 178 83
v 4944 199 91
v 4945 208 86
v 4946 109 37
v 4947 187 96
v 4948 898 401
v 4949 956 415
v 4950 2119 930
v 4951 843 360
v 4952 975 413
v 4953 51 21
v 4954 327 133
v 4955 306 132
v 4956 113 48
v 4957 1180 546
v 4958 138 61
v 4959 125 51
v 4960 431 176
v 4961 984 465
v 4962 539 234
v 4963 232 125
v 4964 624 274
v 4965 834 371
v 4966 184 84
v 4967 72 19
v 4968 1203 504
v 4969 963 421
v 4970 728 302
v 4971 403 167
v 4972 429 194
v 4973 595 281
v 4974 448 173
v 4975 458 181
v 4976 567 227
v 4977 278 106
v 4978 378 181
v 4983 613 288
v 4984 384 174
v 4985 587 217
v 4987 914 460
v 4990 442 192
v 4992 1024 456
v 4993 428 198
v 4995 512 221
v 4999 867 367
v 5000 482 239
v 5001 337 156
v 5002 181 76
v 5009 320 151
v 5019 155 60
v 5141 1520 830
v 5142 973 510
v 5143 396 197
v 5145 1277 722
v 5146 2168 1171
v 5147 1359 662
v 5148 493 290
v 5149 1348 703
v 5150 1219 616
v 5151 1064 515
v 5152 373 179
v 5153 363 174
v 5154 395 226
v 5155 1108 605
v 5156 1329 668
v 5157 401 211
v 5158 157 88
v 5159 761 435
v 5160 359 173
v 5161 539 285
v 5162 832 392
v 5163 460 249
v 5164 715 374
v 5165 333 167
v 5166 353 186
v 5167 499 251
v 5168 1130 566
v 5169 1259 563
v 5170 418 211
v 5171 286 152
v 5172 165 78
v 5173 749 440
v 5174 1273 607
v 5175 563 265
v 5176 263 147
v 5177 166 74
v 5178 157 87
v 5179 273 167
v 5180 744 375
v 5181 129 57
v 5182 685 347
v 5183 314 171
v 5184 588 314
v 5185 60 32
v 5186 29 13
v 5187 719 329
v 5188 813 416
v 5189 648 336
v 5190 534 288
v 5191 1483 734
v 5192 289 156
v 5193 153 92
v 5194 1797 918
v 5195 733 373
v 5196 1193 580
v 5197 122 57
v 5198 210 95
v 5199 157 95
v 5200 236 134
v 5201 225 105
v 5202 112 53
v 5203 222 121
v 5204 1020 549
v 5205 1218 627
v 5206 2317 1169
v 5207 1009 500
v 5208 1080 519
v 5209 60 31
v 5210 333 154
v 5211 300 161
v 5212 130 58
v 5213 1375 702
v 5214 154 87
v 5215 148 68
v 5216 497 264
v 5217 1150 598
v 5218 411 242
v 5219 233 115
v 5220 643 335
v 5221 876 473
v 5222 185 93
v 5223 68 35
v 5224 1304 663
v 5225 1031 512
v 5226 751 374
v 5227 474 229
v 5228 540 281
v 5229 625 353
v 5230 504 246
v 5231 546 285
v 5232 672 318
v 5233 320 128
v 5234 377 200
v 5239 633 331
v 5240 407 225
v 5241 662 326
v 5243 1017 561
v 5246 461 229
v 5248 1063 531
v 5249 437 223
v 5251 464 246
v 5255 1094 539
v 5256 563 293
v 5257 313 167
v 5258 202 110
v 5265 337 182
v 5275 146 74
v 5398 2209 1052
v 5399 830 404
v 5401 2925 1524
v 5402 4519 2189
v 5403 2859 1331
v 5404 968 506
v 5405 3009 1437
v 5406 2515 1178
v 5407 2239 1012
v 5408 819 362
v 5409 794 319
v 5410 918 437
v 5411 2464 1236
v 5412 2920 1431
v 5413 769 404
v 5414 300 145
v 5415 1920 989
v 5416 909 448
v 5417 1255 583
v 5418 1810 828
v 5419 1036 562
v 5420 1374 667
v 5421 702 308
v 5422 774 389
v 5423 1108 577
v 5424 2572 1204
v 5425 2755 1256
v 5426 739 346
v 5427 616 312
v 5428 464 221
v 5429 1613 851
v 5430 2704 1247
v 5431 1221 595
v 5432 580 292
v 5433 339 159
v 5434 460 234
v 5435 584 325
v 5436 1652 773
v 5437 256 117
v 5438 1621 699
v 5439 734 362
v 5440 1126 604
v 5441 123 63
v 5442 57 26
v 5443 1499 655
v 5444 1534 757
v 5445 1245 645
v 5446 1157 568
v 5447 3149 1403
v 5448 671 369
v 5449 367 195
v 5450 3839 1802
v 5451 1487 744
v 5452 2615 1156
v 5453 200 92
v 5454 552 252
v 5455 361 190
v 5456 513 257
v 5457 409 208
v 5458 235 108
v 5459 464 270
v 5460 2214 1041
v 5461 2615 1368
v 5462 4977 2447
v 5463 2062 1005
v 5464 2312 987
v 5465 119 67
v 5466 750 362
v 5467 752 348
v 5468 282 115
v 5469 2788 1418
v 5470 295 141
v 5471 319 159
v 5472 1298 630
v 5473 2300 1127
v 5474 845 444
v 5475 486 234
v 5476 1344 668
v 5477 1916 971
v 5478 435 211
v 5479 145 58
v 5480 2695 1222
v 5481 2177 993
v 5482 1703 810
v 5483 1045 484
v 5484 1051 573
v 5485 1292 653
v 5486 1162 529
v 5487 1125 545
v 5488 1439 688
v 5489 661 288
v 5490 834 459
v 5495 1504 761
v 5496 888 458
v 5497 1382 647
v 5499 2158 1169
v 5502 1043 482
v 5504 2231 1096
v 5505 965 468
v 5507 1066 550
v 5511 2187 1053
v 5512 1259 645
v 5513 798 405
v 5514 466 236
v 5521 764 415
v 5531 360 182
v 5655 526 265
v 5657 1738 903
v 5658 2893 1466
v 5659 1859 907
v 5660 642 333
v 5661 1855 944
v 5662 1572 735
v 5663 1420 635
v 5664 517 268
v 5665 448 199
v 5666 570 276
v 5667 1651 886
v 5668 1642 787
v 5669 495 246
v 5670 179 89
v 5671 1218 662
v 5672 634 327
v 5673 745 346
v 5674 1199 535
v 5675 628 314
v 5676 884 434
v 5677 504 248
v 5678 493 243
v 5679 710 349
v 5680 1389 694
v 5681 1689 749
v 5682 457 207
v 5683 366 177
v 5684 263 126
v 5685 992 567
v 5686 1838 809
v 5687 697 329
v 5688 403 221
v 5689 226 95
v 5690 275 115
v 5691 351 198
v 5692 1161 550
v 5693 179 95
v 5694 1128 475
v 5695 440 248
v 5696 794 396
v 5697 60 23
v 5698 44 23
v 5699 1074 490
v 5700 1003 487
v 5701 833 432
v 5702 744 384
v 5703 2044 945
v 5704 417 201
v 5705 204 104
v 5706 2464 1211
v 5707 1014 495
v 5708 1754 810
v 5709 175 95
v 5710 328 167
v 5711 222 128
v 5712 302 148
v 5713 307 152
v 5714 182 77
v 5715 303 152
v 5716 1529 784
v 5717 1567 763
v 5718 3213 1638
v 5719 1304 623
v 5720 1530 725
v 5721 64 29
v 5722 490 228
v 5723 402 187
v 5724 165 62
v 5725 1701 832
v 5726 210 101
v 5727 209 100
v 5728 663 331
v 5729 1422 718
v 5730 513 281
v 5731 336 166
v 5732 820 417
v 5733 1238 637
v 5734 276 123
v 5735 91 44
v 5736 1754 843
v 5737 1360 692
v 5738 1085 522
v 5739 605 275
v 5740 697 379
v 5741 744 413
v 5742 646 326
v 5743 664 329
v 5744 850 400
v 5745 419 186
v 5746 505 280
v 5751 913 458
v 5752 503 264
v 5753 849 402
v 5755 1334 727
v 5758 682 329
v 5760 1373 690
v 5761 619 298
v 5763 641 327
v 5767 1364 619
v 5768 726 347
v 5769 465 226
v 5770 255 136
v 5777 486 271
v 5787 204 88
v 5913 691 375
v 5914 1226 637
v 5915 758 378
v 5916 275 145
v 5917 781 420
v 5918 632 301
v 5919 556 245
v 5920 192 102
v 5921 184 92
v 5922 231 119
v 5923 619 321
v 5924 741 358
v 5925 191 110
v 5926 72 29
v 5927 400 224
v 5928 208 116
v 5929 314 153
v 5930 488 262
v 5931 257 136
v 5932 358 182
v 5933 199 87
v 5934 231 136
v 5935 222 106
v 5936 582 298
v 5937 671 302
v 5938 180 84
v 5939 167 93
v 5940 103 43
v 5941 373 219
v 5942 767 336
v 5943 256 129
v 5944 144 71
v 5945 75 31
v 5946 100 59
v 5947 164 82
v 5948 425 206
v 5949 66 31
v 5950 327 147
v 5951 183 109
v 5952 310 160
v 5953 26 14
v 5954 13 7
v 5955 374 174
v 5956 381 181
v 5957 308 156
v 5958 361 175
v 5959 810 359
v 5960 166 76
v 5961 101 63
v 5962 1102 564
v 5963 357 201
v 5964 618 272
v 5965 56 26
v 5966 110 45
v 5967 103 59
v 5968 106 54
v 5969 115 63
v 5970 62 35
v 5971 121 65
v 5972 580 288
v 5973 630 324
v 5974 1186 570
v 5975 562 275
v 5976 559 270
v 5977 18 9
v 5978 175 71
v 5979 193 103
v 5980 71 41
v 5981 751 378
v 5982 70 40
v 5983 82 38
v 5984 258 136
v 5985 632 301
v 5986 261 136
v 5987 142 65
v 5988 370 197
v 5989 477 247
v 5990 124 62
v 5991 37 19
v 5992 753 367
v 5993 534 261
v 5994 394 189
v 5995 256 124
v 5996 293 143
v 5997 351 195
v 5998 252 112
v 5999 260 121
v 6000 330 164
v 6001 160 76
v 6002 227 119
v 6007 312 147
v 6008 207 118
v 6009 351 183
v 6011 487 251
v 6014 271 125
v 6016 577 279
v 6017 280 153
v 6019 263 126
v 6023 505 241
v 6024 288 148
v 6025 170 93
v 6026 98 53
v 6033 173 89
v 6043 82 45
v 6426 3596 1711
v 6427 2278 1105
v 6428 791 374
v 6429 2479 1188
v 6430 2095 937
v 6431 1745 761
v 6432 612 279
v 6433 558 208
v 6434 724 340
v 6435 2263 1050
v 6436 2459 1177
v 6437 648 343
v 6438 233 107
v 6439 1406 721
v 6440 703 327
v 6441 938 454
v 6442 1469 652
v 6443 957 495
v 6444 1147 543
v 6445 564 256
v 6446 701 347
v 6447 952 471
v 6448 2085 996
v 6449 2412 1032
v 6450 679 282
v 6451 450 233
v 6452 321 148
v 6453 1241 639
v 6454 2191 973
v 6455 902 436
v 6456 487 215
v 6457 282 130
v 6458 345 166
v 6459 493 248
v 6460 1305 581
v 6461 216 108
v 6462 1161 472
v 6463 545 259
v 6464 972 469
v 6465 106 48
v 6466 54 36
v 6467 1169 486
v 6468 1297 613
v 6469 992 542
v 6470 1021 456
v 6471 2169 946
v 6472 506 242
v 6473 287 143
v 6474 3416 1471
v 6475 1210 580
v 6476 2567 1108
v 6477 210 106
v 6478 399 176
v 6479 292 147
v 6480 419 201
v 6481 399 167
v 6482 172 68
v 6483 378 191
v 6484 1834 877
v 6485 2285 1111
v 6486 4023 1921
v 6487 1582 748
v 6488 1748 794
v 6489 85 42
v 6490 670 319
v 6491 630 286
v 6492 246 91
v 6493 2134 1049
v 6494 274 132
v 6495 256 123
v 6496 871 408
v 6497 1907 885
v 6498 721 348
v 6499 422 231
v 6500 967 421
v 6501 1568 762
v 6502 346 163
v 6503 113 46
v 6504 2163 967
v 6505 1926 945
v 6506 1278 624
v 6507 815 389
v 6508 868 426
v 6509 1073 541
v 6510 1032 483
v 6511 864 395
v 6512 1183 533
v 6513 643 263
v 6514 632 338
v 6519 1205 559
v 6520 730 380
v 6521 1207 531
v 6523 1779 898
v 6526 814 367
v 6528 1879 878
v 6529 787 369
v 6531 894 438
v 6535 1799 811
v 6536 994 477
v 6537 632 331
v 6538 325 155
v 6545 599 321
v 6555 293 136
v 6683 4018 1886
v 6684 1337 655
v 6685 4110 2044
v 6686 3486 1692
v 6687 3109 1425
v 6688 1019 474
v 6689 940 437
v 6690 1224 608
v 6691 3389 1671
v 6692 3220 1564
v 6693 1137 574
v 6694 407 203
v 6695 2129 1110
v 6696 1201 595
v 6697 1468 772
v 6698 2421 1060
v 6699 1329 679
v 6700 1976 915
v 6701 1023 482
v 6702 1180 587
v 6703 1373 684
v 6704 3211 1552
v 6705 3624 1590
v 6706 1149 506
v 6707 824 443
v 6708 588 280
v 6709 2210 1227
v 6710 3832 1836
v 6711 1396 671
v 6712 838 386
v 6713 498 217
v 6714 505 246
v 6715 761 409
v 6716 2297 1046
v 6717 383 208
v 6718 1900 823
v 6719 958 516
v 6720 1613 824
v 6721 172 83
v 6722 92 43
v 6723 2021 866
v 6724 2161 1024
v 6725 1421 698
v 6726 1712 833
v 6727 4277 1995
v 6728 905 468
v 6729 526 254
v 6730 5395 2589
v 6731 2124 1064
v 6732 3319 1465
v 6733 337 156
v 6734 616 298
v 6735 501 262
v 6736 667 334
v 6737 664 302
v 6738 305 139
v 6739 659 340
v 6740 3226 1576
v 6741 3600 1820
v 6742 7226 3329
v 6743 2688 1280
v 6744 3097 1438
v 6745 155 74
v 6746 1071 476
v 6747 1005 475
v 6748 373 156
v 6749 3531 1732
v 6750 344 167
v 6751 408 188
v 6752 1428 696
v 6753 3269 1634
v 6754 1062 572
v 6755 673 353
v 6756 1985 946
v 6757 2513 1288
v 6758 577 258
v 6759 210 104
v 6760 3723 1829
v 6761 3090 1482
v 6762 2151 988
v 6763 1468 752
v 6764 1445 752
v 6765 1712 945
v 6766 1499 727
v 6767 1595 778
v 6768 1938 874
v 6769 941 399
v 6770 1171 607
v 6775 2013 985
v 6776 1242 655
v 6777 1910 876
v 6779 2954 1526
v 6782 1376 707
v 6784 3224 1616
v 6785 1424 720
v 6787 1531 770
v 6791 2880 1291
v 6792 1619 820
v 6793 960 502
v 6794 531 280
v 6801 911 526
v 6811 463 236
v 6940 749 426
v 6941 2679 1420
v 6942 2235 1127
v 6943 1933 944
v 6944 638 342
v 6945 622 281
v 6946 711 383
v 6947 2132 1131
v 6948 2420 1239
v 6949 717 378
v 6950 267 140
v 6951 1374 811
v 6952 723 389
v 6953 838 465
v 6954 1771 817
v 6955 864 460
v 6956 1116 563
v 6957 571 261
v 6958 597 356
v 6959 825 428
v 6960 2024 983
v 6961 2225 1054
v 6962 718 347
v 6963 502 266
v 6964 358 167
v 6965 1386 789
v 6966 2482 1196
v 6967 933 421
v 6968 506 247
v 6969 334 157
v 6970 307 158
v 6971 500 287
v 6972 1349 641
v 6973 209 114
v 6974 1155 545
v 6975 571 307
v 6976 1073 578
v 6977 102 54
v 6978 71 40
v 6979 1441 673
v 6980 1314 673
v 6981 908 461
v 6982 1015 563
v 6983 2607 1273
v 6984 549 309
v 6985 308 151
v 6986 3407 1693
v 6987 1405 673
v 6988 2005 951
v 6989 216 112
v 6990 436 218
v 6991 320 186
v 6992 411 201
v 6993 454 233
v 6994 249 104
v 6995 431 228
v 6996 2070 1038
v 6997 2217 1193
v 6998 4444 2337
v 6999 1716 842
v 7000 1850 938
v 7001 116 51
v 7002 625 318
v 7003 554 273
v 7004 228 96
v 7005 2351 1202
v 7006 275 141
v 7007 241 131
v 7008 824 460
v 7009 2056 1042
v 7010 660 357
v 7011 389 226
v 7012 1248 644
v 7013 1519 804
v 7014 441 230
v 7015 123 53
v 7016 2263 1098
v 7017 1964 1008
v 7018 1283 634
v 7019 874 438
v 7020 922 505
v 7021 1204 633
v 7022 917 461
v 7023 909 485
v 7024 1235 643
v 7025 576 249
v 7026 722 384
v 7031 1253 643
v 7032 802 454
v 7033 1233 617
v 7035 1759 941
v 7038 864 448
v 7040 1920 972
v 7041 860 452
v 7043 947 488
v 7047 1965 958
v 7048 974 521
v 7049 629 346
v 7050 342 177
v 7057 571 343
v 7067 304 159
v 7197 978 475
v 7198 763 343
v 7199 602 287
v 7200 381 166
v 7201 207 102
v 7202 264 128
v 7203 752 381
v 7204 828 395
v 7205 260 130
v 7206 83 30
v 7207 512 253
v 7208 246 118
v 7209 322 170
v 7210 536 238
v 7211 290 142
v 7212 432 218
v 7213 210 100
v 7214 213 112
v 7215 285 142
v 7216 732 313
v 7217 891 395
v 7218 198 85
v 7219 170 92
v 7220 125 54
v 7221 483 259
v 7222 824 408
v 7223 340 154
v 7224 211 105
v 7225 113 50
v 7226 95 34
v 7227 168 88
v 7228 519 237
v 7229 72 32
v 7230 792 336
v 7231 255 134
v 7232 360 190
v 7233 36 16
v 7234 25 16
v 7235 422 190
v 7236 555 277
v 7237 388 183
v 7238 357 174
v 7239 880 411
v 7240 185 90
v 7241 92 47
v 7242 1194 559
v 7243 507 257
v 7244 746 329
v 7245 72 33
v 7246 157 79
v 7247 100 53
v 7248 163 83
v 7249 147 63
v 7250 75 30
v 7251 145 82
v 7252 622 288
v 7253 761 396
v 7254 1568 790
v 7255 601 290
v 7256 887 398
v 7257 41 19
v 7258 216 107
v 7259 229 110
v 7260 96 38
v 7261 851 427
v 7262 113 55
v 7263 106 45
v 7264 381 188
v 7265 728 360
v 7266 284 148
v 7267 154 80
v 7268 403 210
v 7269 601 289
v 7270 115 53
v 7271 59 37
v 7272 939 417
v 7273 589 283
v 7274 519 241
v 7275 314 154
v 7276 345 171
v 7277 465 243
v 7278 291 134
v 7279 355 171
v 7280 356 167
v 7281 203 96
v 7282 253 117
v 7287 406 200
v 7288 259 136
v 7289 424 194
v 7291 612 281
v 7294 297 139
v 7296 684 340
v 7297 294 136
v 7299 354 179
v 7303 708 336
v 7304 333 171
v 7305 225 109
v 7306 120 55
v 7313 216 107
v 7323 115 56
v 7454 2240 1027
v 7455 2043 917
v 7456 687 318
v 7457 643 297
v 7458 829 394
v 7459 2207 1051
v 7460 2711 1289
v 7461 735 392
v 7462 253 120
v 7463 1610 807
v 7464 828 412
v 7465 834 443
v 7466 1722 829
v 7467 973 447
v 7468 1184 587
v 7469 610 260
v 7470 635 351
v 7471 1139 526
v 7472 2135 1088
v 7473 2629 1154
v 7474 722 323
v 7475 487 224
v 7476 368 150
v 7477 1330 696
v 7478 2752 1137
v 7479 1169 549
v 7480 563 251
v 7481 320 145
v 7482 360 171
v 7483 600 298
v 7484 1691 757
v 7485 268 137
v 7486 1389 621
v 7487 567 246
v 7488 1019 515
v 7489 108 60
v 7490 55 28
v 7491 1259 594
v 7492 1383 683
v 7493 1178 585
v 7494 1468 695
v 7495 2905 1357
v 7496 510 262
v 7497 302 148
v 7498 3366 1585
v 7499 1490 759
v 7500 2587 1099
v 7501 245 127
v 7502 549 234
v 7503 333 163
v 7504 433 202
v 7505 417 210
v 7506 219 102
v 7507 375 198
v 7508 2109 1077
v 7509 2343 1120
v 7510 4168 1951
v 7511 1739 784
v 7512 2258 981
v 7513 90 46
v 7514 637 322
v 7515 611 252
v 7516 245 115
v 7517 3469 1446
v 7518 217 107
v 7519 246 118
v 7520 1033 520
v 7521 2270 1112
v 7522 1110 533
v 7523 531 265
v 7524 1228 592
v 7525 1765 911
v 7526 369 161
v 7527 116 55
v 7528 2711 1250
v 7529 2027 991
v 7530 1398 718
v 7531 952 489
v 7532 1037 514
v 7533 1105 600
v 7534 981 446
v 7535 1052 496
v 7536 1263 599
v 7537 619 280
v 7538 770 390
v 7543 1415 632
v 7544 803 399
v 7545 1343 563
v 7547 1926 944
v 7550 828 409
v 7552 1992 936
v 7553 871 448
v 7555 1060 513
v 7559 2168 975
v 7560 1117 577
v 7561 849 373
v 7562 373 174
v 7569 634 355
v 7579 321 140
v 7711 1797 893
v 7712 592 261
v 7713 613 274
v 7714 642 313
v 7715 1813 963
v 7716 2098 1081
v 7717 600 317
v 7718 231 116
v 7719 1225 691
v 7720 702 373
v 7721 939 471
v 7722 1382 642
v 7723 777 416
v 7724 1084 581
v 7725 553 272
v 7726 618 324
v 7727 716 389
v 7728 1785 895
v 7729 1920 954
v 7730 689 316
v 7731 451 222
v 7732 325 159
v 7733 1106 615
v 7734 1998 1026
v 7735 855 434
v 7736 490 240
v 7737 255 141
v 7738 296 158
v 7739 402 223
v 7740 1387 683
v 7741 242 117
v 7742 1089 513
v 7743 485 241
v 7744 927 514
v 7745 94 46
v 7746 45 24
v 7747 976 508
v 7748 1232 611
v 7749 851 469
v 7750 963 476
v 7751 2237 1122
v 7752 429 234
v 7753 269 146
v 7754 2965 1436
v 7755 1274 654
v 7756 1964 911
v 7757 192 100
v 7758 397 169
v 7759 257 153
v 7760 382 195
v 7761 363 181
v 7762 157 69
v 7763 368 195
v 7764 1811 946
v 7765 2040 1055
v 7766 3762 1962
v 7767 1538 747
v 7768 1608 762
v 7769 84 48
v 7770 610 304
v 7771 555 279
v 7772 226 105
v 7773 2032 1040
v 7774 281 137
v 7775 242 119
v 7776 726 412
v 7777 1836 950
v 7778 510 276
v 7779 394 220
v 7780 1016 543
v 7781 1392 710
v 7782 351 184
v 7783 117 51
v 7784 2205 1095
v 7785 1741 888
v 7786 1213 628
v 7787 796 421
v 7788 731 409
v 7789 989 534
v 7790 826 394
v 7791 977 529
v 7792 1129 584
v 7793 553 265
v 7794 640 346
v 7799 1135 585
v 7800 601 328
v 7801 1154 586
v 7803 1712 895
v 7806 739 364
v 7808 1648 886
v 7809 711 367
v 7811 901 449
v 7815 1742 837
v 7816 934 485
v 7817 624 331
v 7818 322 148
v 7825 541 317
v 7835 259 138
v 7968 479 237
v 7969 504 229
v 7970 556 292
v 7971 1591 860
v 7972 1704 921
v 7973 529 305
v 7974 206 95
v 7975 1132 595
v 7976 591 311
v 7977 708 364
v 7978 1255 613
v 7979 675 374
v 7980 897 471
v 7981 474 230
v 7982 522 295
v 7983 639 325
v 7984 1658 839
v 7985 1778 890
v 7986 590 292
v 7987 379 208
v 7988 283 132
v 7989 973 567
v 7990 1821 934
v 7991 825 411
v 7992 430 222
v 7993 248 140
v 7994 284 147
v 7995 413 251
v 7996 1176 568
v 7997 182 90
v 7998 1034 474
v 7999 435 218
v 8000 772 414
v 8001 82 44
v 8002 34 21
v 8003 952 487
v 8004 1021 530
v 8005 774 414
v 8006 707 340
v 8007 2065 1056
v 8008 396 221
v 8009 218 118
v 8010 2637 1304
v 8011 999 538
v 8012 1868 871
v 8013 184 95
v 8014 352 166
v 8015 234 117
v 8016 332 179
v 8017 263 140
v 8018 147 76
v 8019 306 175
v 8020 1498 791
v 8021 1792 966
v 8022 3405 1775
v 8023 1299 652
v 8024 1609 774
v 8025 76 41
v 8026 501 256
v 8027 513 272
v 8028 193 91
v 8029 1880 986
v 8030 197 92
v 8031 241 126
v 8032 735 382
v 8033 1627 861
v 8034 537 269
v 8035 333 166
v 8036 898 476
v 8037 1276 677
v 8038 321 188
v 8039 115 50
v 8040 1888 962
v 8041 1570 804
v 8042 1026 498
v 8043 682 349
v 8044 668 405
v 8045 770 460
v 8046 740 341
v 8047 806 412
v 8048 996 502
v 8049 459 211
v 8050 522 296
v 8055 1069 540
v 8056 553 301
v 8057 917 459
v 8059 1474 772
v 8062 650 331
v 8064 1528 797
v 8065 581 332
v 8067 775 390
v 8071 1400 686
v 8072 781 435
v 8073 527 283
v 8074 274 143
v 8081 484 264
v 8091 237 122
v 8225 142 76
v 8226 204 106
v 8227 557 309
v 8228 639 329
v 8229 181 106
v 8230 56 28
v 8231 418 254
v 8232 235 139
v 8233 291 169
v 8234 530 260
v 8235 237 123
v 8236 332 162
v 8237 154 74
v 8238 178 97
v 8239 235 143
v 8240 489 250
v 8241 631 314
v 8242 189 97
v 8243 113 66
v 8244 106 48
v 8245 359 210
v 8246 648 334
v 8247 265 125
v 8248 147 74
v 8249 70 32
v 8250 103 60
v 8251 120 72
v 8252 381 197
v 8253 62 27
v 8254 291 136
v 8255 155 89
v 8256 248 134
v 8257 33 14
v 8258 17 6
v 8259 333 181
v 8260 372 203
v 8261 308 155
v 8262 303 164
v 8263 646 318
v 8264 143 75
v 8265 73 43
v 8266 926 520
v 8267 388 192
v 8268 631 315
v 8269 59 33
v 8270 119 57
v 8271 104 61
v 8272 97 48
v 8273 105 51
v 8274 56 20
v 8275 112 68
v 8276 499 261
v 8277 528 280
v 8278 1168 603
v 8279 462 229
v 8280 629 335
v 8281 23 13
v 8282 182 100
v 8283 138 71
v 8284 61 27
v 8285 718 382
v 8286 60 33
v 8287 71 28
v 8288 231 111
v 8289 511 271
v 8290 171 95
v 8291 127 71
v 8292 281 154
v 8293 535 315
v 8294 105 63
v 8295 39 20
v 8296 691 377
v 8297 435 211
v 8298 351 189
v 8299 244 134
v 8300 259 132
v 8301 269 146
v 8302 268 149
v 8303 312 161
v 8304 316 154
v 8305 137 70
v 8306 192 106
v 8311 339 175
v 8312 188 101
v 8313 306 155
v 8315 459 249
v 8318 213 103
v 8320 477 247
v 8321 225 121
v 8323 216 120
v 8327 478 219
v 8328 214 115
v 8329 143 77
v 8330 94 54
v 8337 175 105
v 8347 66 32
v 8482 199 105
v 8483 448 226
v 8484 565 309
v 8485 167 96
v 8486 108 58
v 8487 302 183
v 8488 170 95
v 8489 263 137
v 8490 429 204
v 8491 177 104
v 8492 302 158
v 8493 139 80
v 8494 191 113
v 8495 181 103
v 8496 606 313
v 8497 605 337
v 8498 207 105
v 8499 121 66
v 8500 117 56
v 8501 319 176
v 8502 491 272
v 8503 287 146
v 8504 133 71
v 8505 95 51
v 8506 86 47
v 8507 125 69
v 8508 367 200
v 8509 56 30
v 8510 346 178
v 8511 152 87
v 8512 232 124
v 8513 31 17
v 8514 27 18
v 8515 313 163
v 8516 314 179
v 8517 302 170
v 8518 233 129
v 8519 655 343
v 8520 327 183
v 8521 85 47
v 8522 855 449
v 8523 441 230
v 8524 572 303
v 8525 60 29
v 8526 124 68
v 8527 107 54
v 8528 130 77
v 8529 91 44
v 8530 53 33
v 8531 85 45
v 8532 473 279
v 8533 638 352
v 8534 862 397
v 8535 418 224
v 8536 437 232
v 8537 34 20
v 8538 202 100
v 8539 207 106
v 8540 79 44
v 8541 453 256
v 8542 101 56
v 8543 66 34
v 8544 202 111
v 8545 517 292
v 8546 198 108
v 8547 101 55
v 8548 311 158
v 8549 392 224
v 8550 74 37
v 8551 40 16
v 8552 594 286
v 8553 607 332
v 8554 346 184
v 8555 233 128
v 8556 196 115
v 8557 273 162
v 8558 246 117
v 8559 290 155
v 8560 275 123
v 8561 170 80
v 8562 142 89
v 8567 345 200
v 8568 231 137
v 8569 316 155
v 8571 497 273
v 8574 222 125
v 8576 517 298
v 8577 190 121
v 8579 272 143
v 8583 628 294
v 8584 296 176
v 8585 180 106
v 8586 71 34
v 8593 201 117
v 8603 69 41
v 8739 579 294
v 8740 625 324
v 8741 223 104
v 8742 90 47
v 8743 437 233
v 8744 234 120
v 8745 297 157
v 8746 441 194
v 8747 253 126
v 8748 352 167
v 8749 190 96
v 8750 243 145
v 8751 256 130
v 8752 723 370
v 8753 782 372
v 8754 267 126
v 8755 160 75
v 8756 119 54
v 8757 419 247
v 8758 760 347
v 8759 311 161
v 8760 166 73
v 8761 109 46
v 8762 102 53
v 8763 169 87
v 8764 489 231
v 8765 92 38
v 8766 404 195
v 8767 203 119
v 8768 307 160
v 8769 42 22
v 8770 30 19
v 8771 515 249
v 8772 390 181
v 8773 317 164
v 8774 312 161
v 8775 727 329
v 8776 154 85
v 8777 100 46
v 8778 1199 547
v 8779 340 158
v 8780 706 331
v 8781 87 46
v 8782 132 56
v 8783 116 63
v 8784 158 72
v 8785 134 66
v 8786 64 26
v 8787 127 74
v 8788 588 306
v 8789 709 341
v 8790 1396 674
v 8791 474 233
v 8792 557 234
v 8793 40 19
v 8794 225 109
v 8795 256 112
v 8796 98 41
v 8797 688 330
v 8798 77 38
v 8799 76 32
v 8800 248 135
v 8801 679 347
v 8802 266 142
v 8803 143 77
v 8804 386 190
v 8805 435 227
v 8806 121 56
v 8807 51 26
v 8808 707 345
v 8809 693 348
v 8810 414 223
v 8811 307 132
v 8812 289 160
v 8813 400 217
v 8814 308 150
v 8815 379 185
v 8816 449 235
v 8817 266 111
v 8818 213 108
v 8823 401 207
v 8824 235 122
v 8825 432 195
v 8827 577 283
v 8830 279 147
v 8832 676 348
v 8833 261 131
v 8835 364 193
v 8839 579 292
v 8840 350 170
v 8841 234 119
v 8842 113 65
v 8849 200 112
v 8859 105 53
v 8996 1921 996
v 8997 597 311
v 8998 203 99
v 8999 1252 670
v 9000 722 382
v 9001 873 446
v 9002 1345 593
v 9003 789 444
v 9004 1174 558
v 9005 509 252
v 9006 513 290
v 9007 942 467
v 9008 1642 780
v 9009 1799 807
v 9010 554 261
v 9011 402 198
v 9012 281 136
v 9013 1145 596
v 9014 1846 778
v 9015 710 332
v 9016 417 194
v 9017 269 122
v 9018 249 115
v 9019 437 238
v 9020 1080 504
v 9021 187 89
v 9022 874 358
v 9023 476 226
v 9024 886 469
v 9025 82 31
v 9026 51 17
v 9027 1452 588
v 9028 1147 523
v 9029 842 414
v 9030 858 405
v 9031 1712 808
v 9032 437 234
v 9033 258 135
v 9034 2796 1350
v 9035 1245 629
v 9036 2253 1040
v 9037 168 68
v 9038 309 119
v 9039 269 148
v 9040 344 175
v 9041 345 163
v 9042 158 66
v 9043 334 193
v 9044 1685 793
v 9045 2056 1049
v 9046 3729 1866
v 9047 1416 709
v 9048 1415 644
v 9049 80 41
v 9050 483 234
v 9051 442 193
v 9052 179 84
v 9053 1908 958
v 9054 208 108
v 9055 262 115
v 9056 821 380
v 9057 1636 771
v 9058 599 320
v 9059 378 200
v 9060 853 392
v 9061 1457 754
v 9062 346 173
v 9063 117 62
v 9064 1981 865
v 9065 1498 701
v 9066 1063 484
v 9067 627 285
v 9068 775 418
v 9069 831 479
v 9070 873 401
v 9071 831 409
v 9072 924 431
v 9073 512 215
v 9074 577 314
v 9079 1037 501
v 9080 552 301
v 9081 1078 500
v 9083 1429 749
v 9086 731 340
v 9088 1613 764
v 9089 725 361
v 9091 781 395
v 9095 1521 667
v 9096 792 342
v 9097 537 256
v 9098 301 168
v 9105 451 231
v 9115 251 123
v 9253 702 382
v 9254 231 114
v 9255 1489 752
v 9256 668 325
v 9257 921 449
v 9258 1649 824
v 9259 886 437
v 9260 1102 536
v 9261 607 267
v 9262 601 326
v 9263 913 433
v 9264 1912 942
v 9265 2358 1198
v 9266 501 242
v 9267 491 270
v 9268 395 166
v 9269 1305 707
v 9270 2151 1076
v 9271 941 447
v 9272 523 264
v 9273 294 141
v 9274 374 217
v 9275 497 285
v 9276 1306 596
v 9277 174 89
v 9278 1311 584
v 9279 615 335
v 9280 961 513
v 9281 135 72
v 9282 49 29
v 9283 1152 587
v 9284 809 356
v 9285 1007 484
v 9286 938 479
v 9287 2895 1459
v 9288 523 258
v 9289 288 156
v 9290 2892 1432
v 9291 1200 592
v 9292 2129 975
v 9293 205 98
v 9294 404 187
v 9295 277 127
v 9296 403 189
v 9297 386 211
v 9298 195 87
v 9299 386 225
v 9300 1841 928
v 9301 2226 1077
v 9302 3937 1944
v 9303 1466 702
v 9304 1710 779
v 9305 89 48
v 9306 622 272
v 9307 564 286
v 9308 224 90
v 9309 2223 1173
v 9310 278 127
v 9311 254 116
v 9312 942 510
v 9313 1977 983
v 9314 730 402
v 9315 423 231
v 9316 1104 557
v 9317 1245 603
v 9318 370 177
v 9319 134 61
v 9320 2277 1103
v 9321 1574 798
v 9322 1399 685
v 9323 844 425
v 9324 829 451
v 9325 1036 589
v 9326 813 393
v 9327 678 300
v 9328 1265 663
v 9329 500 221
v 9330 677 384
v 9335 1249 594
v 9336 624 328
v 9337 926 407
v 9339 1686 877
v 9342 791 396
v 9344 1816 901
v 9345 774 416
v 9347 854 435
v 9351 1723 824
v 9352 1045 529
v 9353 608 292
v 9354 958 450
v 9361 567 316
v 9371 269 129
v 9510 73 34
v 9511 398 213
v 9512 226 114
v 9513 273 132
v 9514 399 186
v 9515 235 117
v 9516 384 166
v 9517 169 80
v 9518 173 93
v 9519 235 119
v 9520 611 266
v 9521 670 327
v 9522 195 100
v 9523 135 66
v 9524 99 49
v 9525 370 207
v 9526 650 294
v 9527 256 113
v 9528 152 67
v 9529 104 51
v 9530 86 40
v 9531 149 80
v 9532 408 188
v 9533 72 32
v 9534 343 146
v 9535 160 68
v 9536 302 152
v 9537 37 18
v 9538 18 4
v 9539 324 153
v 9540 397 190
v 9541 296 149
v 9542 350 159
v 9543 709 313
v 9544 158 82
v 9545 81 48
v 9546 928 449
v 9547 375 175
v 9548 609 255
v 9549 71 35
v 9550 140 63
v 9551 82 44
v 9552 133 63
v 9553 89 43
v 9554 69 33
v 9555 105 62
v 9556 510 257
v 9557 614 296
v 9558 1197 573
v 9559 464 231
v 9560 532 244
v 9561 21 11
v 9562 186 91
v 9563 180 89
v 9564 63 28
v 9565 707 310
v 9566 86 44
v 9567 84 26
v 9568 250 129
v 9569 572 269
v 9570 217 115
v 9571 142 66
v 9572 297 141
v 9573 421 223
v 9574 117 54
v 9575 39 14
v 9576 712 329
v 9577 563 248
v 9578 408 197
v 9579 245 109
v 9580 252 120
v 9581 294 181
v 9582 280 95
v 9583 284 138
v 9584 367 154
v 9585 164 77
v 9586 192 86
v 9591 313 148
v 9592 179 86
v 9593 378 171
v 9595 555 274
v 9598 232 132
v 9600 555 264
v 9601 200 95
v 9603 279 146
v 9607 553 266
v 9608 298 147
v 9609 184 82
v 9610 105 55
v 9617 190 104
v 9627 83 43
v 9767 162 88
v 9768 78 33
v 9769 97 52
v 9770 159 66
v 9771 96 48
v 9772 112 48
v 9773 55 25
v 9774 92 50
v 9775 90 46
v 9776 243 107
v 9777 286 130
v 9778 88 38
v 9779 69 37
v 9780 40 13
v 9781 160 82
v 9782 247 116
v 9783 129 62
v 9784 75 38
v 9785 31 17
v 9786 35 19
v 9787 59 33
v 9788 168 80
v 9789 44 24
v 9790 135 64
v 9791 65 30
v 9792 87 37
v 9793 15 7
v 9794 3 0
v 9795 115 65
v 9796 143 66
v 9797 119 71
v 9798 129 64
v 9799 310 140
v 9800 73 31
v 9801 32 17
v 9802 432 216
v 9803 136 71
v 9804 273 122
v 9805 29 14
v 9806 51 23
v 9807 42 24
v 9808 52 24
v 9809 48 21
v 9810 25 7
v 9811 47 20
v 9812 235 116
v 9813 289 135
v 9814 427 183
v 9815 187 78
v 9816 212 101
v 9817 15 6
v 9818 74 35
v 9819 90 42
v 9820 44 22
v 9821 269 139
v 9822 36 15
v 9823 36 14
v 9824 103 54
v 9825 214 103
v 9826 76 47
v 9827 50 24
v 9828 147 75
v 9829 189 90
v 9830 45 19
v 9831 14 5
v 9832 252 109
v 9833 215 101
v 9834 174 83
v 9835 108 49
v 9836 89 32
v 9837 152 92
v 9838 108 50
v 9839 106 47
v 9840 132 58
v 9841 64 33
v 9842 62 38
v 9847 137 73
v 9848 81 36
v 9849 152 67
v 9851 184 90
v 9854 95 51
v 9856 226 104
v 9857 90 40
v 9859 131 72
v 9863 224 99
v 9864 129 60
v 9865 89 46
v 9866 46 29
v 9873 70 31
v 9883 37 18
v 10024 528 270
v 10025 525 228
v 10026 1002 437
v 10027 518 252
v 10028 710 352
v 10029 355 137
v 10030 402 187
v 10031 566 274
v 10032 1097 498
v 10033 1400 659
v 10034 378 170
v 10035 325 153
v 10036 230 111
v 10037 871 473
v 10038 1467 670
v 10039 587 266
v 10040 324 140
v 10041 159 68
v 10042 226 115
v 10043 329 159
v 10044 795 335
v 10045 108 64
v 10046 810 320
v 10047 333 164
v 10048 595 292
v 10049 84 45
v 10050 24 8
v 10051 697 293
v 10052 825 387
v 10053 688 334
v 10054 597 287
v 10055 1538 681
v 10056 302 144
v 10057 170 82
v 10058 1945 899
v 10059 743 354
v 10060 1388 537
v 10061 111 50
v 10062 284 132
v 10063 177 108
v 10064 238 114
v 10065 265 124
v 10066 139 63
v 10067 219 108
v 10068 1195 555
v 10069 1275 603
v 10070 2459 1180
v 10071 883 403
v 10072 1118 497
v 10073 60 28
v 10074 422 209
v 10075 345 170
v 10076 132 59
v 10077 1591 736
v 10078 150 65
v 10079 160 72
v 10080 543 267
v 10081 1170 521
v 10082 450 224
v 10083 226 106
v 10084 721 336
v 10085 863 403
v 10086 221 93
v 10087 85 37
v 10088 1400 607
v 10089 1110 502
v 10090 991 430
v 10091 559 250
v 10092 584 314
v 10093 630 330
v 10094 541 224
v 10095 531 243
v 10096 775 346
v 10097 327 148
v 10098 434 229
v 10103 775 368
v 10104 439 209
v 10105 587 269
v 10107 1100 556
v 10110 501 241
v 10112 1210 599
v 10113 460 230
v 10115 495 224
v 10119 1067 461
v 10120 617 331
v 10121 408 230
v 10122 221 116
v 10129 384 207
v 10139 180 88
v 10281 278 142
v 10282 516 258
v 10283 245 126
v 10284 353 162
v 10285 210 89
v 10286 167 82
v 10287 281 142
v 10288 545 275
v 10289 571 268
v 10290 166 67
v 10291 163 84
v 10292 87 38
v 10293 430 225
v 10294 840 400
v 10295 347 158
v 10296 187 75
v 10297 99 39
v 10298 108 54
v 10299 146 69
v 10300 387 181
v 10301 71 30
v 10302 399 168
v 10303 187 110
v 10304 362 190
v 10305 29 16
v 10306 16 14
v 10307 348 176
v 10308 424 209
v 10309 293 161
v 10310 278 144
v 10311 807 386
v 10312 164 78
v 10313 99 48
v 10314 913 420
v 10315 415 200
v 10316 738 317
v 10317 64 32
v 10318 138 61
v 10319 69 32
v 10320 102 60
v 10321 137 62
v 10322 63 32
v 10323 109 64
v 10324 611 315
v 10325 700 354
v 10326 1268 632
v 10327 480 233
v 10328 636 297
v 10329 36 13
v 10330 190 94
v 10331 168 84
v 10332 65 33
v 10333 904 419
v 10334 88 40
v 10335 95 44
v 10336 273 127
v 10337 626 306
v 10338 222 103
v 10339 140 78
v 10340 322 167
v 10341 489 250
v 10342 168 81
v 10343 42 22
v 10344 920 394
v 10345 551 257
v 10346 382 176
v 10347 234 99
v 10348 284 158
v 10349 327 187
v 10350 298 142
v 10351 298 135
v 10352 315 168
v 10353 178 72
v 10354 185 95
v 10359 426 202
v 10360 216 110
v 10361 343 172
v 10363 546 279
v 10366 256 120
v 10368 625 328
v 10369 222 119
v 10371 274 143
v 10375 559 250
v 10376 289 158
v 10377 190 100
v 10378 107 54
v 10385 191 102
v 10395 112 50
v 10538 690 309
v 10539 358 192
v 10540 504 248
v 10541 231 115
v 10542 239 129
v 10543 343 164
v 10544 690 340
v 10545 800 409
v 10546 233 111
v 10547 222 123
v 10548 131 63
v 10549 574 323
v 10550 1109 547
v 10551 425 221
v 10552 193 91
v 10553 128 59
v 10554 136 68
v 10555 195 103
v 10556 538 244
v 10557 77 46
v 10558 487 230
v 10559 307 161
v 10560 421 232
v 10561 42 17
v 10562 12 6
v 10563 464 226
v 10564 487 230
v 10565 409 198
v 10566 495 229
v 10567 1266 606
v 10568 229 120
v 10569 121 65
v 10570 1231 596
v 10571 476 240
v 10572 862 380
v 10573 67 30
v 10574 197 96
v 10575 112 55
v 10576 183 83
v 10577 179 78
v 10578 75 29
v 10579 136 67
v 10580 760 373
v 10581 859 461
v 10582 1592 784
v 10583 521 249
v 10584 821 415
v 10585 30 15
v 10586 240 130
v 10587 236 113
v 10588 89 48
v 10589 1135 529
v 10590 87 34
v 10591 131 67
v 10592 362 186
v 10593 858 466
v 10594 312 172
v 10595 165 90
v 10596 528 263
v 10597 596 298
v 10598 156 84
v 10599 68 36
v 10600 929 401
v 10601 729 359
v 10602 552 256
v 10603 385 213
v 10604 358 190
v 10605 440 251
v 10606 315 137
v 10607 342 167
v 10608 415 199
v 10609 222 93
v 10610 300 136
v 10615 455 227
v 10616 312 156
v 10617 414 190
v 10619 749 396
v 10622 387 183
v 10624 836 430
v 10625 387 205
v 10627 339 165
v 10631 711 336
v 10632 398 190
v 10633 262 141
v 10634 159 85
v 10641 228 123
v 10651 108 60
v 10795 574 323
v 10796 756 434
v 10797 348 184
v 10798 405 235
v 10799 540 287
v 10800 1296 732
v 10801 1486 739
v 10802 381 171
v 10803 310 182
v 10804 233 121
v 10805 839 501
v 10806 1570 769
v 10807 574 283
v 10808 352 192
v 10809 164 75
v 10810 224 113
v 10811 324 182
v 10812 1075 571
v 10813 122 57
v 10814 717 335
v 10815 360 197
v 10816 604 348
v 10817 73 52
v 10818 24 10
v 10819 829 434
v 10820 1002 530
v 10821 947 547
v 10822 611 342
v 10823 1806 915
v 10824 319 185
v 10825 216 111
v 10826 1975 984
v 10827 1012 569
v 10828 1405 710
v 10829 132 64
v 10830 243 115
v 10831 213 131
v 10832 248 132
v 10833 254 129
v 10834 149 70
v 10835 238 140
v 10836 1305 735
v 10837 1228 635
v 10838 2518 1335
v 10839 1157 617
v 10840 1379 732
v 10841 60 27
v 10842 369 189
v 10843 296 154
v 10844 144 74
v 10845 1619 835
v 10846 188 110
v 10847 186 98
v 10848 656 347
v 10849 1304 720
v 10850 496 268
v 10851 289 165
v 10852 632 342
v 10853 1160 658
v 10854 237 110
v 10855 90 50
v 10856 1903 1014
v 10857 1294 668
v 10858 873 456
v 10859 571 298
v 10860 620 328
v 10861 634 362
v 10862 534 233
v 10863 573 309
v 10864 714 358
v 10865 354 172
v 10866 429 245
v 10871 792 413
v 10872 496 267
v 10873 776 384
v 10875 1107 631
v 10878 515 308
v 10880 1187 610
v 10881 476 257
v 10883 533 299
v 10887 1139 548
v 10888 637 366
v 10889 409 264
v 10890 204 112
v 10897 394 257
v 10907 145 64
v 11052 406 195
v 11053 228 108
v 11054 244 117
v 11055 338 178
v 11056 739 332
v 11057 826 376
v 11058 247 106
v 11059 183 85
v 11060 152 74
v 11061 458 232
v 11062 830 439
v 11063 328 150
v 11064 214 97
v 11065 117 51
v 11066 140 70
v 11067 177 87
v 11068 568 237
v 11069 82 38
v 11070 483 202
v 11071 172 88
v 11072 334 169
v 11073 47 28
v 11074 12 6
v 11075 429 197
v 11076 363 170
v 11077 416 203
v 11078 340 173
v 11079 889 378
v 11080 184 99
v 11081 99 52
v 11082 1196 523
v 11083 491 239
v 11084 839 388
v 11085 72 31
v 11086 156 64
v 11087 125 65
v 11088 141 57
v 11089 160 65
v 11090 62 27
v 11091 126 67
v 11092 680 338
v 11093 777 350
v 11094 1434 687
v 11095 645 306
v 11096 692 309
v 11097 33 10
v 11098 240 95
v 11099 184 89
v 11100 94 37
v 11101 764 371
v 11102 106 47
v 11103 106 63
v 11104 357 171
v 11105 693 330
v 11106 276 156
v 11107 141 63
v 11108 428 201
v 11109 534 276
v 11110 141 67
v 11111 44 25
v 11112 826 366
v 11113 653 308
v 11114 477 235
v 11115 337 163
v 11116 333 178
v 11117 422 208
v 11118 347 152
v 11119 346 172
v 11120 454 215
v 11121 199 87
v 11122 245 120
v 11127 409 197
v 11128 265 135
v 11129 428 196
v 11131 653 334
v 11134 270 148
v 11136 713 352
v 11137 275 131
v 11139 345 174
v 11143 607 275
v 11144 330 148
v 11145 219 107
v 11146 134 62
v 11153 227 120
v 11163 111 54
v 11309 285 127
v 11310 349 179
v 11311 407 179
v 11312 1060 488
v 11313 1101 501
v 11314 343 137
v 11315 226 126
v 11316 181 83
v 11317 721 426
v 11318 1300 609
v 11319 451 218
v 11320 247 124
v 11321 119 54
v 11322 149 78
v 11323 242 144
v 11324 726 350
v 11325 124 59
v 11326 550 250
v 11327 301 162
v 11328 530 282
v 11329 65 32
v 11330 45 33
v 11331 595 295
v 11332 697 347
v 11333 399 217
v 11334 513 249
v 11335 1302 594
v 11336 288 149
v 11337 159 83
v 11338 1664 828
v 11339 628 297
v 11340 1039 501
v 11341 99 48
v 11342 193 96
v 11343 165 93
v 11344 196 102
v 11345 216 108
v 11346 93 39
v 11347 210 122
v 11348 881 438
v 11349 1061 551
v 11350 2168 1127
v 11351 877 433
v 11352 772 355
v 11353 47 23
v 11354 323 156
v 11355 314 155
v 11356 119 50
v 11357 1116 541
v 11358 152 88
v 11359 156 74
v 11360 406 207
v 11361 986 493
v 11362 390 196
v 11363 235 130
v 11364 615 314
v 11365 796 415
v 11366 181 93
v 11367 72 25
v 11368 1054 520
v 11369 789 382
v 11370 639 286
v 11371 388 185
v 11372 413 233
v 11373 533 300
v 11374 336 165
v 11375 524 260
v 11376 595 293
v 11377 287 143
v 11378 358 195
v 11383 539 244
v 11384 327 181
v 11385 646 327
v 11387 885 473
v 11390 411 199
v 11392 897 435
v 11393 417 209
v 11395 462 241
v 11399 926 403
v 11400 488 272
v 11401 272 145
v 11402 180 94
v 11409 263 158
v 11419 123 60
v 11566 167 77
v 11567 216 116
v 11568 575 300
v 11569 587 301
v 11570 190 96
v 11571 133 59
v 11572 104 52
v 11573 356 210
v 11574 525 269
v 11575 232 122
v 11576 120 60
v 11577 73 42
v 11578 105 47
v 11579 126 59
v 11580 410 196
v 11581 65 26
v 11582 302 132
v 11583 143 92
v 11584 252 138
v 11585 25 11
v 11586 8 4
v 11587 307 134
v 11588 313 158
v 11589 288 152
v 11590 255 129
v 11591 618 296
v 11592 139 88
v 11593 55 33
v 11594 826 448
v 11595 341 176
v 11596 578 274
v 11597 41 25
v 11598 137 63
v 11599 92 58
v 11600 112 59
v 11601 101 47
v 11602 50 28
v 11603 99 52
v 11604 499 256
v 11605 548 288
v 11606 1060 551
v 11607 430 225
v 11608 537 257
v 11609 21 14
v 11610 186 93
v 11611 153 67
v 11612 69 30
v 11613 532 281
v 11614 95 53
v 11615 66 41
v 11616 216 111
v 11617 463 227
v 11618 152 101
v 11619 109 62
v 11620 234 127
v 11621 514 282
v 11622 92 56
v 11623 34 17
v 11624 526 276
v 11625 502 277
v 11626 369 189
v 11627 230 106
v 11628 231 139
v 11629 252 148
v 11630 240 119
v 11631 251 135
v 11632 303 161
v 11633 140 73
v 11634 152 87
v 11639 288 152
v 11640 167 112
v 11641 309 171
v 11643 470 261
v 11646 217 118
v 11648 494 247
v 11649 187 89
v 11651 253 131
v 11655 429 211
v 11656 244 138
v 11657 198 101
v 11658 276 137
v 11665 147 74
v 11675 73 39
v 11823 232 115
v 11824 702 300
v 11825 652 268
v 11826 229 101
v 11827 130 61
v 11828 98 48
v 11829 354 192
v 11830 705 297
v 11831 276 120
v 11832 161 65
v 11833 97 41
v 11834 72 37
v 11835 162 76
v 11836 432 224
v 11837 79 44
v 11838 293 113
v 11839 177 88
v 11840 255 124
v 11841 39 18
v 11842 16 10
v 11843 369 140
v 11844 390 172
v 11845 282 155
v 11846 336 173
v 11847 757 356
v 11848 137 59
v 11849 79 44
v 11850 1062 506
v 11851 348 153
v 11852 646 310
v 11853 64 28
v 11854 105 42
v 11855 90 41
v 11856 122 56
v 11857 91 40
v 11858 62 25
v 11859 110 60
v 11860 497 236
v 11861 628 309
v 11862 1222 576
v 11863 497 237
v 11864 632 278
v 11865 43 22
v 11866 210 90
v 11867 203 101
v 11868 81 30
v 11869 628 255
v 11870 72 35
v 11871 86 36
v 11872 246 111
v 11873 638 294
v 11874 243 131
v 11875 121 61
v 11876 355 163
v 11877 512 264
v 11878 79 38
v 11879 48 27
v 11880 767 343
v 11881 804 392
v 11882 390 176
v 11883 246 111
v 11884 215 98
v 11885 376 182
v 11886 234 102
v 11887 318 148
v 11888 368 183
v 11889 195 82
v 11890 188 88
v 11895 323 132
v 11896 221 111
v 11897 399 172
v 11899 473 224
v 11902 240 102
v 11904 548 273
v 11905 234 113
v 11907 280 115
v 11911 524 224
v 11912 312 152
v 11913 191 86
v 11914 88 49
v 11921 199 94
v 11931 73 34
v 12080 720 347
v 12081 875 475
v 12082 231 111
v 12083 153 89
v 12084 144 75
v 12085 520 280
v 12086 830 399
v 12087 316 144
v 12088 248 104
v 12089 104 51
v 12090 170 88
v 12091 306 190
v 12092 539 269
v 12093 80 35
v 12094 513 218
v 12095 218 93
v 12096 376 193
v 12097 29 12
v 12098 19 10
v 12099 468 220
v 12100 453 208
v 12101 375 204
v 12102 380 189
v 12103 936 468
v 12104 208 112
v 12105 90 47
v 12106 1098 546
v 12107 520 273
v 12108 1004 452
v 12109 66 33
v 12110 150 75
v 12111 100 47
v 12112 138 65
v 12113 136 63
v 12114 71 24
v 12115 118 71
v 12116 710 355
v 12117 772 392
v 12118 1498 723
v 12119 595 311
v 12120 780 364
v 12121 36 20
v 12122 224 118
v 12123 234 112
v 12124 65 25
v 12125 826 440
v 12126 86 46
v 12127 90 46
v 12128 336 161
v 12129 638 329
v 12130 333 174
v 12131 199 111
v 12132 352 178
v 12133 621 325
v 12134 136 55
v 12135 45 22
v 12136 847 376
v 12137 620 282
v 12138 460 230
v 12139 331 151
v 12140 352 194
v 12141 409 218
v 12142 344 164
v 12143 315 154
v 12144 436 212
v 12145 209 74
v 12146 269 140
v 12151 493 258
v 12152 233 116
v 12153 399 205
v 12155 631 312
v 12158 281 133
v 12160 692 358
v 12161 268 134
v 12163 286 138
v 12167 620 290
v 12168 344 171
v 12169 214 106
v 12170 143 77
v 12177 237 114
v 12187 108 54
v 12337 2183 1002
v 12338 722 353
v 12339 428 221
v 12340 354 162
v 12341 1123 604
v 12342 2351 1052
v 12343 878 430
v 12344 453 230
v 12345 338 160
v 12346 316 167
v 12347 434 250
v 12348 1339 650
v 12349 301 132
v 12350 1155 486
v 12351 518 289
v 12352 822 427
v 12353 107 54
v 12354 59 27
v 12355 1126 518
v 12356 1166 572
v 12357 844 452
v 12358 957 479
v 12359 2278 1069
v 12360 449 247
v 12361 270 168
v 12362 3140 1463
v 12363 1009 529
v 12364 2049 934
v 12365 228 108
v 12366 469 237
v 12367 288 157
v 12368 413 222
v 12369 392 191
v 12370 201 77
v 12371 381 207
v 12372 1450 688
v 12373 2131 1119
v 12374 3464 1721
v 12375 1412 707
v 12376 1559 720
v 12377 117 56
v 12378 631 287
v 12379 705 350
v 12380 251 112
v 12381 2190 1087
v 12382 273 146
v 12383 234 111
v 12384 747 391
v 12385 1813 964
v 12386 697 372
v 12387 373 216
v 12388 1039 533
v 12389 1262 653
v 12390 335 175
v 12391 112 61
v 12392 1952 954
v 12393 1786 867
v 12394 1241 647
v 12395 817 420
v 12396 649 374
v 12397 1338 751
v 12398 862 418
v 12399 900 433
v 12400 1305 647
v 12401 590 269
v 12402 595 310
v 12407 1070 530
v 12408 659 357
v 12409 1270 653
v 12411 1690 854
v 12414 724 383
v 12416 1737 900
v 12417 630 319
v 12419 1002 533
v 12423 1881 924
v 12424 990 537
v 12425 643 306
v 12426 328 168
v 12433 598 349
v 12443 243 120
v 12594 723 375
v 12595 467 252
v 12596 386 189
v 12597 1220 686
v 12598 2471 1241
v 12599 1068 530
v 12600 514 275
v 12601 310 155
v 12602 318 165
v 12603 548 321
v 12604 1684 902
v 12605 281 173
v 12606 1328 637
v 12607 566 316
v 12608 920 498
v 12609 121 66
v 12610 63 43
v 12611 1175 563
v 12612 1133 571
v 12613 1061 581
v 12614 1015 534
v 12615 2600 1266
v 12616 502 276
v 12617 260 150
v 12618 3363 1764
v 12619 1283 659
v 12620 2349 1126
v 12621 247 147
v 12622 500 252
v 12623 324 193
v 12624 437 224
v 12625 367 204
v 12626 237 109
v 12627 362 204
v 12628 1733 915
v 12629 2084 1081
v 12630 4042 2138
v 12631 1722 909
v 12632 2118 1072
v 12633 96 57
v 12634 668 320
v 12635 629 324
v 12636 311 155
v 12637 2636 1363
v 12638 260 138
v 12639 230 103
v 12640 842 463
v 12641 2015 1063
v 12642 994 545
v 12643 385 232
v 12644 1102 594
v 12645 1509 818
v 12646 337 168
v 12647 151 73
v 12648 2503 1311
v 12649 2016 1093
v 12650 1411 713
v 12651 890 476
v 12652 868 503
v 12653 1194 717
v 12654 931 456
v 12655 981 513
v 12656 1386 714
v 12657 661 308
v 12658 740 437
v 12663 1332 723
v 12664 735 442
v 12665 1270 673
v 12667 1931 1071
v 12670 783 429
v 12672 1881 1020
v 12673 731 394
v 12675 1003 550
v 12679 1972 991
v 12680 1085 579
v 12681 715 394
v 12682 374 224
v 12689 651 382
v 12699 346 173
v 12851 157 80
v 12852 128 48
v 12853 370 211
v 12854 649 320
v 12855 277 146
v 12856 160 93
v 12857 94 45
v 12858 95 53
v 12859 148 80
v 12860 510 268
v 12861 114 55
v 12862 358 177
v 12863 196 101
v 12864 283 145
v 12865 26 13
v 12866 23 16
v 12867 394 202
v 12868 432 220
v 12869 271 131
v 12870 290 150
v 12871 752 361
v 12872 146 77
v 12873 79 51
v 12874 995 492
v 12875 346 171
v 12876 719 339
v 12877 83 36
v 12878 144 73
v 12879 97 53
v 12880 143 77
v 12881 96 52
v 12882 72 37
v 12883 128 79
v 12884 505 267
v 12885 739 356
v 12886 1147 610
v 12887 475 249
v 12888 475 237
v 12889 24 16
v 12890 242 114
v 12891 259 114
v 12892 85 40
v 12893 709 346
v 12894 89 39
v 12895 83 42
v 12896 221 114
v 12897 570 292
v 12898 201 117
v 12899 124 66
v 12900 361 192
v 12901 471 252
v 12902 135 67
v 12903 39 24
v 12904 465 256
v 12905 684 351
v 12906 382 201
v 12907 261 132
v 12908 184 96
v 12909 425 237
v 12910 308 153
v 12911 344 183
v 12912 433 227
v 12913 252 120
v 12914 177 89
v 12919 395 201
v 12920 199 117
v 12921 418 217
v 12923 572 316
v 12926 247 124
v 12928 534 274
v 12929 202 105
v 12931 341 187
v 12935 536 275
v 12936 312 156
v 12937 214 125
v 12938 82 53
v 12945 196 106
v 12955 98 52
v 13108 88 42
v 13109 269 147
v 13110 554 243
v 13111 203 80
v 13112 106 51
v 13113 57 26
v 13114 59 37
v 13115 103 47
v 13116 276 135
v 13117 58 19
v 13118 245 94
v 13119 112 59
v 13120 215 118
v 13121 22 11
v 13122 13 8
v 13123 216 95
v 13124 251 107
v 13125 227 109
v 13126 218 115
v 13127 556 260
v 13128 112 49
v 13129 78 41
v 13130 672 298
v 13131 237 128
v 13132 501 211
v 13133 44 15
v 13134 93 49
v 13135 59 31
v 13136 76 40
v 13137 77 33
v 13138 50 18
v 13139 89 43
v 13140 387 198
v 13141 443 213
v 13142 859 409
v 13143 316 159
v 13144 405 184
v 13145 14 7
v 13146 149 71
v 13147 122 54
v 13148 53 20
v 13149 452 242
v 13150 37 18
v 13151 55 26
v 13152 161 65
v 13153 382 187
v 13154 173 79
v 13155 94 54
v 13156 269 136
v 13157 307 140
v 13158 71 32
v 13159 29 16
v 13160 480 232
v 13161 395 175
v 13162 318 164
v 13163 197 102
v 13164 212 118
v 13165 253 118
v 13166 194 89
v 13167 177 91
v 13168 273 112
v 13169 102 43
v 13170 155 85
v 13175 239 123
v 13176 134 68
v 13177 250 115
v 13179 397 205
v 13182 183 87
v 13184 383 192
v 13185 170 80
v 13187 176 88
v 13191 382 182
v 13192 189 93
v 13193 115 62
v 13194 72 36
v 13201 123 73
v 13211 58 21
v 13365 217 118
v 13366 342 177
v 13367 159 84
v 13368 82 42
v 13369 64 22
v 13370 57 37
v 13371 63 39
v 13372 243 113
v 13373 52 20
v 13374 235 101
v 13375 80 49
v 13376 138 78
v 13377 17 10
v 13378 5 1
v 13379 162 87
v 13380 213 112
v 13381 195 109
v 13382 154 77
v 13383 388 196
v 13384 79 44
v 13385 48 28
v 13386 553 301
v 13387 181 87
v 13388 349 162
v 13389 34 19
v 13390 82 37
v 13391 42 24
v 13392 68 43
v 13393 57 33
v 13394 34 18
v 13395 65 37
v 13396 281 149
v 13397 326 169
v 13398 610 313
v 13399 262 125
v 13400 248 101
v 13401 18 11
v 13402 109 48
v 13403 100 54
v 13404 47 29
v 13405 456 257
v 13406 44 21
v 13407 47 20
v 13408 144 81
v 13409 342 181
v 13410 148 87
v 13411 55 26
v 13412 220 123
v 13413 215 107
v 13414 46 25
v 13415 22 13
v 13416 366 190
v 13417 367 208
v 13418 261 145
v 13419 161 100
v 13420 140 80
v 13421 197 110
v 13422 143 68
v 13423 156 80
v 13424 250 143
v 13425 106 61
v 13426 91 50
v 13431 258 139
v 13432 127 73
v 13433 248 135
v 13435 318 177
v 13438 128 68
v 13440 301 171
v 13441 124 70
v 13443 165 89
v 13447 298 142
v 13448 158 87
v 13449 109 70
v 13450 44 25
v 13457 103 63
v 13467 56 32
v 13622 1233 541
v 13623 550 243
v 13624 278 104
v 13625 167 68
v 13626 167 75
v 13627 284 140
v 13628 718 283
v 13629 144 58
v 13630 744 287
v 13631 324 153
v 13632 574 265
v 13633 67 31
v 13634 25 6
v 13635 784 304
v 13636 730 321
v 13637 583 257
v 13638 640 268
v 13639 1199 490
v 13640 294 136
v 13641 184 92
v 13642 1904 802
v 13643 674 321
v 13644 1210 513
v 13645 123 47
v 13646 221 82
v 13647 184 91
v 13648 236 112
v 13649 210 97
v 13650 124 50
v 13651 185 94
v 13652 1022 431
v 13653 1253 530
v 13654 2487 1129
v 13655 976 433
v 13656 1070 433
v 13657 55 23
v 13658 332 143
v 13659 348 162
v 13660 101 35
v 13661 1290 522
v 13662 108 54
v 13663 161 75
v 13664 485 206
v 13665 1153 512
v 13666 536 238
v 13667 248 118
v 13668 646 267
v 13669 886 406
v 13670 191 83
v 13671 65 26
v 13672 1294 541
v 13673 1045 447
v 13674 798 353
v 13675 504 216
v 13676 519 236
v 13677 639 296
v 13678 507 220
v 13679 545 233
v 13680 630 272
v 13681 279 104
v 13682 446 206
v 13687 710 321
v 13688 417 186
v 13689 632 295
v 13691 981 459
v 13694 500 226
v 13696 1085 467
v 13697 453 207
v 13699 503 223
v 13703 1114 414
v 13704 538 241
v 13705 330 161
v 13706 193 99
v 13713 365 172
v 13723 171 79
v 13879 841 436
v 13880 548 286
v 13881 295 140
v 13882 315 174
v 13883 471 278
v 13884 1346 639
v 13885 241 123
v 13886 1193 582
v 13887 548 299
v 13888 1155 655
v 13889 87 46
v 13890 50 23
v 13891 1409 715
v 13892 1059 547
v 13893 938 461
v 13894 1207 631
v 13895 2464 1185
v 13896 530 291
v 13897 283 173
v 13898 3523 1889
v 13899 1199 643
v 13900 2270 1089
v 13901 193 104
v 13902 446 231
v 13903 305 172
v 13904 428 228
v 13905 375 176
v 13906 206 98
v 13907 405 232
v 13908 1996 1064
v 13909 2242 1211
v 13910 3765 2007
v 13911 1743 909
v 13912 2105 1073
v 13913 116 61
v 13914 640 332
v 13915 608 307
v 13916 211 92
v 13917 2662 1360
v 13918 284 134
v 13919 341 161
v 13920 1169 687
v 13921 1922 974
v 13922 788 439
v 13923 379 206
v 13924 1138 570
v 13925 1479 751
v 13926 386 185
v 13927 120 47
v 13928 2475 1250
v 13929 2471 1345
v 13930 1305 686
v 13931 997 538
v 13932 1066 629
v 13933 1282 748
v 13934 1164 589
v 13935 868 434
v 13936 1092 569
v 13937 568 264
v 13938 824 445
v 13943 1397 734
v 13944 751 403
v 13945 1157 559
v 13947 1806 1014
v 13950 810 434
v 13952 1853 1053
v 13953 882 518
v 13955 906 473
v 13959 1859 943
v 13960 942 525
v 13961 725 421
v 13962 355 194
v 13969 616 350
v 13979 296 166
v 14136 247 116
v 14137 138 66
v 14138 136 67
v 14139 225 130
v 14140 670 321
v 14141 103 56
v 14142 532 247
v 14143 241 122
v 14144 371 181
v 14145 51 23
v 14146 20 10
v 14147 401 196
v 14148 501 242
v 14149 440 223
v 14150 405 196
v 14151 942 452
v 14152 211 106
v 14153 119 67
v 14154 1362 677
v 14155 509 256
v 14156 923 457
v 14157 97 48
v 14158 220 104
v 14159 107 58
v 14160 181 79
v 14161 145 85
v 14162 86 38
v 14163 145 82
v 14164 728 402
v 14165 948 511
v 14166 1660 830
v 14167 634 300
v 14168 775 363
v 14169 41 21
v 14170 295 141
v 14171 302 151
v 14172 132 62
v 14173 926 490
v 14174 57 36
v 14175 118 59
v 14176 369 183
v 14177 801 395
v 14178 310 162
v 14179 166 81
v 14180 457 261
v 14181 623 317
v 14182 157 86
v 14183 63 29
v 14184 1028 506
v 14185 795 401
v 14186 684 343
v 14187 409 199
v 14188 379 222
v 14189 476 284
v 14190 410 191
v 14191 338 146
v 14192 612 321
v 14193 256 129
v 14194 268 151
v 14199 574 313
v 14200 293 159
v 14201 521 264
v 14203 844 441
v 14206 353 180
v 14208 794 400
v 14209 304 158
v 14211 429 198
v 14215 825 384
v 14216 385 208
v 14217 289 140
v 14218 129 68
v 14225 282 141
v 14235 148 70
v 14393 55 26
v 14394 89 51
v 14395 110 57
v 14396 339 180
v 14397 59 24
v 14398 186 68
v 14399 132 79
v 14400 222 130
v 14401 23 14
v 14402 11 4
v 14403 272 140
v 14404 369 193
v 14405 271 143
v 14406 230 117
v 14407 491 243
v 14408 101 52
v 14409 82 37
v 14410 697 354
v 14411 292 139
v 14412 539 271
v 14413 42 26
v 14414 96 42
v 14415 64 29
v 14416 104 47
v 14417 95 43
v 14418 47 17
v 14419 88 53
v 14420 435 220
v 14421 538 312
v 14422 899 476
v 14423 370 183
v 14424 500 231
v 14425 18 9
v 14426 158 81
v 14427 155 76
v 14428 48 25
v 14429 554 275
v 14430 44 22
v 14431 45 24
v 14432 189 99
v 14433 398 218
v 14434 171 90
v 14435 92 47
v 14436 210 116
v 14437 393 206
v 14438 79 37
v 14439 31 7
v 14440 481 230
v 14441 392 203
v 14442 306 156
v 14443 218 110
v 14444 243 133
v 14445 258 140
v 14446 222 93
v 14447 210 109
v 14448 229 117
v 14449 129 54
v 14450 162 89
v 14455 256 132
v 14456 183 102
v 14457 305 149
v 14459 371 200
v 14462 191 79
v 14464 424 230
v 14465 140 65
v 14467 208 101
v 14471 425 215
v 14472 209 106
v 14473 161 87
v 14474 70 35
v 14481 167 94
v 14491 75 40
v 14650 42 17
v 14651 65 32
v 14652 178 97
v 14653 37 19
v 14654 159 78
v 14655 74 45
v 14656 113 68
v 14657 22 13
v 14658 8 4
v 14659 172 81
v 14660 146 74
v 14661 169 90
v 14662 148 82
v 14663 292 148
v 14664 60 35
v 14665 33 18
v 14666 464 228
v 14667 134 73
v 14668 301 145
v 14669 24 14
v 14670 63 26
v 14671 49 32
v 14672 64 27
v 14673 39 21
v 14674 24 9
v 14675 51 30
v 14676 224 108
v 14677 273 144
v 14678 491 245
v 14679 233 117
v 14680 247 131
v 14681 13 8
v 14682 93 42
v 14683 81 37
v 14684 31 19
v 14685 287 163
v 14686 40 21
v 14687 33 16
v 14688 111 56
v 14689 291 160
v 14690 101 54
v 14691 64 27
v 14692 165 87
v 14693 227 111
v 14694 59 32
v 14695 17 10
v 14696 292 158
v 14697 291 151
v 14698 164 88
v 14699 116 59
v 14700 85 47
v 14701 146 68
v 14702 121 54
v 14703 134 74
v 14704 177 78
v 14705 80 39
v 14706 77 39
v 14711 151 71
v 14712 98 47
v 14713 172 77
v 14715 236 122
v 14718 115 71
v 14720 248 128
v 14721 90 49
v 14723 149 77
v 14727 273 135
v 14728 139 89
v 14729 99 57
v 14730 86 44
v 14737 79 46
v 14747 34 15
v 14907 75 37
v 14908 185 86
v 14909 36 21
v 14910 208 86
v 14911 92 45
v 14912 132 66
v 14913 13 9
v 14914 12 5
v 14915 142 68
v 14916 173 89
v 14917 177 87
v 14918 167 81
v 14919 353 142
v 14920 83 49
v 14921 35 12
v 14922 454 234
v 14923 172 89
v 14924 325 162
v 14925 18 11
v 14926 51 31
v 14927 54 32
v 14928 48 30
v 14929 50 27
v 14930 37 17
v 14931 41 19
v 14932 265 133
v 14933 310 162
v 14934 552 282
v 14935 228 113
v 14936 268 124
v 14937 13 5
v 14938 98 46
v 14939 90 37
v 14940 40 24
v 14941 331 156
v 14942 30 15
v 14943 47 22
v 14944 99 46
v 14945 284 144
v 14946 132 60
v 14947 56 33
v 14948 154 82
v 14949 214 107
v 14950 45 20
v 14951 23 11
v 14952 293 134
v 14953 233 107
v 14954 174 93
v 14955 146 64
v 14956 110 62
v 14957 141 69
v 14958 149 62
v 14959 125 64
v 14960 167 79
v 14961 76 30
v 14962 94 53
v 14967 171 73
v 14968 125 68
v 14969 175 86
v 14971 283 143
v 14974 109 58
v 14976 239 119
v 14977 109 42
v 14979 122 61
v 14983 237 98
v 14984 146 67
v 14985 129 58
v 14986 36 21
v 14993 87 41
v 15003 49 23
v 15164 332 171
v 15165 46 18
v 15166 302 112
v 15167 112 57
v 15168 220 118
v 15169 30 13
v 15170 8 3
v 15171 259 104
v 15172 182 71
v 15173 183 80
v 15174 231 100
v 15175 542 235
v 15176 119 60
v 15177 67 38
v 15178 663 293
v 15179 322 155
v 15180 601 251
v 15181 58 30
v 15182 121 54
v 15183 57 37
v 15184 104 53
v 15185 86 41
v 15186 46 16
v 15187 111 53
v 15188 423 197
v 15189 502 244
v 15190 948 437
v 15191 371 163
v 15192 425 186
v 15193 21 7
v 15194 148 67
v 15195 165 75
v 15196 59 23
v 15197 491 223
v 15198 67 29
v 15199 65 25
v 15200 214 102
v 15201 451 212
v 15202 183 87
v 15203 83 31
v 15204 263 107
v 15205 357 170
v 15206 84 35
v 15207 29 13
v 15208 479 193
v 15209 446 191
v 15210 355 175
v 15211 236 113
v 15212 199 96
v 15213 276 129
v 15214 216 96
v 15215 208 92
v 15216 299 121
v 15217 121 46
v 15218 174 83
v 15223 284 135
v 15224 157 90
v 15225 280 116
v 15227 327 152
v 15230 176 83
v 15232 388 200
v 15233 175 84
v 15235 210 111
v 15239 414 192
v 15240 217 99
v 15241 139 69
v 15242 62 27
v 15249 138 70
v 15259 66 33
v 15421 215 95
v 15422 596 267
v 15423 355 184
v 15424 574 333
v 15425 60 26
v 15426 26 14
v 15427 844 404
v 15428 981 544
v 15429 682 389
v 15430 610 330
v 15431 1355 620
v 15432 285 161
v 15433 181 97
v 15434 2053 1087
v 15435 866 457
v 15436 1356 673
v 15437 171 75
v 15438 299 150
v 15439 190 105
v 15440 258 144
v 15441 255 125
v 15442 135 47
v 15443 214 113
v 15444 978 515
v 15445 1283 693
v 15446 2748 1495
v 15447 997 483
v 15448 1263 644
v 15449 93 41
v 15450 388 207
v 15451 419 205
v 15452 172 80
v 15453 1251 690
v 15454 183 92
v 15455 214 92
v 15456 545 300
v 15457 1241 665
v 15458 450 262
v 15459 292 149
v 15460 618 321
v 15461 1077 587
v 15462 201 106
v 15463 70 30
v 15464 1539 793
v 15465 1153 584
v 15466 765 393
v 15467 527 269
v 15468 599 321
v 15469 862 479
v 15470 548 264
v 15471 929 532
v 15472 904 471
v 15473 383 192
v 15474 453 259
v 15479 795 397
v 15480 474 271
v 15481 852 437
v 15483 1145 654
v 15486 505 270
v 15488 1109 585
v 15489 494 263
v 15491 664 345
v 15495 1187 566
v 15496 595 308
v 15497 472 267
v 15498 185 99
v 15505 422 252
v 15515 186 100
v 15678 151 76
v 15679 60 32
v 15680 103 59
v 15681 7 4
v 15682 5 1
v 15683 129 68
v 15684 121 63
v 15685 89 56
v 15686 109 51
v 15687 214 85
v 15688 47 27
v 15689 35 22
v 15690 419 214
v 15691 125 61
v 15692 230 107
v 15693 35 17
v 15694 67 27
v 15695 52 29
v 15696 57 31
v 15697 46 32
v 15698 30 10
v 15699 49 30
v 15700 180 103
v 15701 212 112
v 15702 444 213
v 15703 149 73
v 15704 205 90
v 15705 10 3
v 15706 96 41
v 15707 107 51
v 15708 44 20
v 15709 212 99
v 15710 33 20
v 15711 28 13
v 15712 64 32
v 15713 195 104
v 15714 98 55
v 15715 51 31
v 15716 106 52
v 15717 168 84
v 15718 41 21
v 15719 13 10
v 15720 267 128
v 15721 225 103
v 15722 130 64
v 15723 96 46
v 15724 65 35
v 15725 145 85
v 15726 106 39
v 15727 144 76
v 15728 114 55
v 15729 112 57
v 15730 66 35
v 15735 137 74
v 15736 73 40
v 15737 141 55
v 15739 202 113
v 15742 78 28
v 15744 180 91
v 15745 67 37
v 15747 130 65
v 15751 193 79
v 15752 136 76
v 15753 72 38
v 15754 40 16
v 15761 79 44
v 15771 35 17
v 15935 281 179
v 15936 511 294
v 15937 50 26
v 15938 38 19
v 15939 580 328
v 15940 625 340
v 15941 591 343
v 15942 575 327
v 15943 1475 748
v 15944 329 196
v 15945 165 89
v 15946 1745 979
v 15947 626 353
v 15948 1340 706
v 15949 127 64
v 15950 270 145
v 15951 146 90
v 15952 207 112
v 15953 251 121
v 15954 129 56
v 15955 245 144
v 15956 998 543
v 15957 1184 671
v 15958 2190 1239
v 15959 857 442
v 15960 1176 618
v 15961 70 34
v 15962 384 205
v 15963 397 214
v 15964 138 57
v 15965 1643 813
v 15966 135 72
v 15967 207 104
v 15968 464 269
v 15969 1088 580
v 15970 368 217
v 15971 239 136
v 15972 587 328
v 15973 848 483
v 15974 232 124
v 15975 85 48
v 15976 1324 686
v 15977 1102 579
v 15978 778 437
v 15979 507 267
v 15980 463 265
v 15981 699 432
v 15982 512 279
v 15983 516 282
v 15984 722 371
v 15985 301 152
v 15986 388 236
v 15991 749 403
v 15992 432 259
v 15993 651 363
v 15995 1077 625
v 15998 458 238
v 16000 1078 575
v 16001 386 219
v 16003 521 286
v 16007 955 497
v 16008 541 296
v 16009 381 199
v 16010 197 108
v 16017 388 231
v 16027 193 103
v 16192 248 115
v 16193 32 16
v 16194 15 5
v 16195 283 122
v 16196 350 151
v 16197 246 113
v 16198 262 128
v 16199 633 296
v 16200 137 73
v 16201 80 36
v 16202 800 397
v 16203 290 137
v 16204 486 191
v 16205 41 22
v 16206 120 53
v 16207 83 44
v 16208 101 49
v 16209 109 45
v 16210 60 24
v 16211 104 51
v 16212 459 211
v 16213 581 304
v 16214 973 410
v 16215 387 174
v 16216 436 184
v 16217 30 12
v 16218 167 76
v 16219 153 67
v 16220 58 19
v 16221 606 285
v 16222 68 34
v 16223 67 36
v 16224 226 112
v 16225 527 243
v 16226 170 98
v 16227 93 54
v 16228 304 150
v 16229 351 155
v 16230 94 45
v 16231 35 16
v 16232 565 231
v 16233 438 185
v 16234 335 163
v 16235 216 93
v 16236 244 123
v 16237 269 139
v 16238 267 111
v 16239 226 114
v 16240 293 145
v 16241 141 66
v 16242 186 95
v 16247 244 114
v 16248 158 80
v 16249 283 118
v 16251 427 217
v 16254 220 95
v 16256 494 234
v 16257 207 91
v 16259 251 123
v 16263 416 183
v 16264 240 130
v 16265 151 74
v 16266 81 41
v 16273 129 57
v 16283 67 30
v 16449 52 23
v 16450 24 12
v 16451 450 190
v 16452 548 271
v 16453 436 225
v 16454 433 192
v 16455 1148 520
v 16456 243 114
v 16457 127 68
v 16458 1383 633
v 16459 572 272
v 16460 941 405
v 16461 76 31
v 16462 178 83
v 16463 140 72
v 16464 156 67
v 16465 188 102
v 16466 65 29
v 16467 157 85
v 16468 802 367
v 16469 1034 527
v 16470 1883 825
v 16471 702 340
v 16472 804 374
v 16473 36 18
v 16474 254 118
v 16475 254 122
v 16476 116 54
v 16477 987 464
v 16478 112 51
v 16479 127 55
v 16480 372 189
v 16481 869 390
v 16482 305 167
v 16483 194 102
v 16484 504 239
v 16485 664 331
v 16486 168 74
v 16487 40 14
v 16488 1148 473
v 16489 785 356
v 16490 572 253
v 16491 353 161
v 16492 399 185
v 16493 467 249
v 16494 375 173
v 16495 448 200
v 16496 494 233
v 16497 245 118
v 16498 299 158
v 16503 525 257
v 16504 290 135
v 16505 489 232
v 16507 751 402
v 16510 377 187
v 16512 841 414
v 16513 376 183
v 16515 391 190
v 16519 742 343
v 16520 450 223
v 16521 248 113
v 16522 141 63
v 16529 257 136
v 16539 140 68
v 16706 3 2
v 16707 51 19
v 16708 66 39
v 16709 52 29
v 16710 58 28
v 16711 124 57
v 16712 23 12
v 16713 10 4
v 16714 144 57
v 16715 36 18
v 16716 110 44
v 16717 12 7
v 16718 21 12
v 16719 19 7
v 16720 25 11
v 16721 20 7
v 16722 5 2
v 16723 23 16
v 16724 98 50
v 16725 98 49
v 16726 189 91
v 16727 70 31
v 16728 82 34
v 16729 2 1
v 16730 29 12
v 16731 31 11
v 16732 18 8
v 16733 108 54
v 16734 15 6
v 16735 13 9
v 16736 49 26
v 16737 94 45
v 16738 42 23
v 16739 16 7
v 16740 74 38
v 16741 68 36
v 16742 16 8
v 16743 10 6
v 16744 108 48
v 16745 86 37
v 16746 75 34
v 16747 50 20
v 16748 35 14
v 16749 63 34
v 16750 56 29
v 16751 37 16
v 16752 79 39
v 16753 30 13
v 16754 55 37
v 16759 66 31
v 16760 46 27
v 16761 68 29
v 16763 101 47
v 16766 30 17
v 16768 73 39
v 16769 40 22
v 16771 44 22
v 16775 87 44
v 16776 68 36
v 16777 31 19
v 16778 13 6
v 16785 28 12
v 16795 17 11
v 16963 30 13
v 16964 33 16
v 16965 31 20
v 16966 22 11
v 16967 70 24
v 16968 16 7
v 16969 8 4
v 16970 77 40
v 16971 24 13
v 16972 43 16
v 16973 2 1
v 16974 17 10
v 16975 8 6
v 16976 13 4
v 16977 4 2
v 16978 4 4
v 16979 9 5
v 16980 37 22
v 16981 68 26
v 16982 96 44
v 16983 32 16
v 16984 33 13
v 16985 1 0
v 16986 22 9
v 16987 19 9
v 16988 8 6
v 16989 49 22
v 16990 6 1
v 16991 6 2
v 16992 22 10
v 16993 49 21
v 16994 17 7
v 16995 10 6
v 16996 24 13
v 16997 42 20
v 16998 8 5
v 16999 4 4
v 17000 51 21
v 17001 52 28
v 17002 35 16
v 17003 24 12
v 17004 17 8
v 17005 27 16
v 17006 30 16
v 17007 25 16
v 17008 33 19
v 17009 14 8
v 17010 16 8
v 17015 28 16
v 17016 21 13
v 17017 30 9
v 17019 37 19
v 17022 18 7
v 17024 49 25
v 17025 22 13
v 17027 28 14
v 17031 39 17
v 17032 28 12
v 17033 15 10
v 17034 6 2
v 17041 23 16
v 17051 7 2
v 17220 849 483
v 17221 539 319
v 17222 526 312
v 17223 1399 707
v 17224 248 132
v 17225 129 73
v 17226 1408 679
v 17227 734 411
v 17228 1211 602
v 17229 99 51
v 17230 208 97
v 17231 149 84
v 17232 202 101
v 17233 186 103
v 17234 114 41
v 17235 182 114
v 17236 913 491
v 17237 870 396
v 17238 2156 1189
v 17239 964 501
v 17240 925 435
v 17241 43 19
v 17242 310 164
v 17243 226 119
v 17244 130 67
v 17245 1222 631
v 17246 147 68
v 17247 145 64
v 17248 461 223
v 17249 1052 570
v 17250 389 219
v 17251 191 106
v 17252 560 291
v 17253 850 453
v 17254 171 81
v 17255 54 31
v 17256 1361 699
v 17257 855 438
v 17258 718 346
v 17259 399 187
v 17260 416 213
v 17261 553 292
v 17262 387 179
v 17263 554 290
v 17264 871 459
v 17265 305 138
v 17266 360 207
v 17271 573 300
v 17272 356 194
v 17273 706 369
v 17275 896 500
v 17278 460 243
v 17280 985 539
v 17281 407 229
v 17283 487 261
v 17287 874 418
v 17288 488 246
v 17289 356 185
v 17290 176 97
v 17297 306 164
v 17307 124 60
v 17477 531 273
v 17478 615 284
v 17479 1342 615
v 17480 265 139
v 17481 138 66
v 17482 1730 872
v 17483 699 376
v 17484 1252 587
v 17485 157 77
v 17486 238 106
v 17487 186 102
v 17488 240 113
v 17489 223 110
v 17490 95 38
v 17491 213 120
v 17492 1081 605
v 17493 1237 620
v 17494 2179 1115
v 17495 867 432
v 17496 967 487
v 17497 52 27
v 17498 336 169
v 17499 410 201
v 17500 147 61
v 17501 927 504
v 17502 235 122
v 17503 116 60
v 17504 406 209
v 17505 1119 573
v 17506 289 150
v 17507 194 95
v 17508 577 290
v 17509 806 395
v 17510 220 106
v 17511 74 28
v 17512 1331 647
v 17513 1003 482
v 17514 774 386
v 17515 471 243
v 17516 423 247
v 17517 572 330
v 17518 542 263
v 17519 615 300
v 17520 701 370
v 17521 330 134
v 17522 318 181
v 17527 667 314
v 17528 437 231
v 17529 671 329
v 17531 917 479
v 17534 474 210
v 17536 1050 528
v 17537 437 226
v 17539 490 243
v 17543 865 404
v 17544 538 272
v 17545 345 177
v 17546 186 100
v 17553 331 187
v 17563 135 68
v 17734 380 182
v 17735 1026 458
v 17736 234 114
v 17737 148 67
v 17738 1343 611
v 17739 558 293
v 17740 1060 473
v 17741 97 36
v 17742 224 103
v 17743 127 61
v 17744 203 113
v 17745 164 74
v 17746 88 39
v 17747 149 79
v 17748 787 399
v 17749 933 461
v 17750 1528 744
v 17751 735 362
v 17752 952 438
v 17753 37 11
v 17754 281 138
v 17755 324 144
v 17756 93 34
v 17757 1033 524
v 17758 214 93
v 17759 102 51
v 17760 421 210
v 17761 785 366
v 17762 372 209
v 17763 178 82
v 17764 433 204
v 17765 710 355
v 17766 188 89
v 17767 42 18
v 17768 1138 550
v 17769 726 337
v 17770 596 290
v 17771 448 217
v 17772 404 224
v 17773 466 215
v 17774 436 200
v 17775 425 210
v 17776 575 253
v 17777 226 94
v 17778 317 168
v 17783 565 250
v 17784 346 172
v 17785 442 212
v 17787 791 415
v 17790 371 194
v 17792 831 425
v 17793 354 184
v 17795 425 218
v 17799 747 344
v 17800 379 168
v 17801 298 147
v 17802 143 79
v 17809 254 131
v 17819 153 82
v 17991 1242 599
v 17992 238 127
v 17993 144 83
v 17994 1474 721
v 17995 547 259
v 17996 894 429
v 17997 76 41
v 17998 165 63
v 17999 166 99
v 18000 197 97
v 18001 158 85
v 18002 101 39
v 18003 165 93
v 18004 814 394
v 18005 1147 553
v 18006 1895 990
v 18007 655 325
v 18008 832 394
v 18009 55 25
v 18010 278 140
v 18011 309 142
v 18012 115 46
v 18013 1123 574
v 18014 116 60
v 18015 142 84
v 18016 414 227
v 18017 1059 544
v 18018 452 261
v 18019 213 116
v 18020 563 277
v 18021 551 291
v 18022 141 71
v 18023 59 30
v 18024 1130 567
v 18025 830 394
v 18026 639 326
v 18027 406 220
v 18028 381 209
v 18029 469 261
v 18030 619 304
v 18031 451 225
v 18032 480 234
v 18033 264 132
v 18034 370 201
v 18039 489 247
v 18040 324 190
v 18041 494 243
v 18043 749 396
v 18046 423 213
v 18048 943 501
v 18049 389 199
v 18051 446 214
v 18055 756 360
v 18056 477 251
v 18057 317 170
v 18058 172 86
v 18065 295 158
v 18075 144 73
v 18248 611 326
v 18249 332 192
v 18250 3609 1767
v 18251 1278 675
v 18252 2613 1258
v 18253 209 113
v 18254 479 248
v 18255 358 209
v 18256 447 244
v 18257 425 223
v 18258 250 106
v 18259 409 249
v 18260 2148 1091
v 18261 2448 1297
v 18262 4664 2441
v 18263 1726 863
v 18264 2170 1057
v 18265 118 69
v 18266 652 312
v 18267 694 343
v 18268 264 125
v 18269 2680 1393
v 18270 304 165
v 18271 356 185
v 18272 925 494
v 18273 2189 1179
v 18274 1118 595
v 18275 470 262
v 18276 1242 628
v 18277 1771 988
v 18278 348 179
v 18279 145 73
v 18280 2467 1331
v 18281 2108 1087
v 18282 1621 816
v 18283 1012 554
v 18284 1397 724
v 18285 1257 703
v 18286 1068 520
v 18287 1035 511
v 18288 1372 695
v 18289 604 289
v 18290 801 448
v 18295 1419 715
v 18296 738 432
v 18297 1322 663
v 18299 2033 1140
v 18302 998 528
v 18304 2022 1052
v 18305 1013 534
v 18307 1115 612
v 18311 1984 940
v 18312 1054 608
v 18313 697 404
v 18314 400 219
v 18321 679 388
v 18331 365 179
v 18505 68 29
v 18506 730 353
v 18507 287 142
v 18508 483 214
v 18509 38 15
v 18510 89 39
v 18511 89 48
v 18512 94 49
v 18513 75 31
v 18514 53 23
v 18515 98 58
v 18516 411 187
v 18517 536 252
v 18518 974 448
v 18519 349 148
v 18520 401 183
v 18521 24 11
v 18522 139 65
v 18523 132 70
v 18524 35 15
v 18525 530 231
v 18526 64 42
v 18527 71 32
v 18528 168 77
v 18529 478 223
v 18530 172 94
v 18531 92 41
v 18532 267 126
v 18533 332 158
v 18534 96 42
v 18535 30 15
v 18536 549 265
v 18537 401 186
v 18538 293 138
v 18539 197 97
v 18540 211 111
v 18541 252 142
v 18542 195 78
v 18543 204 87
v 18544 280 134
v 18545 100 32
v 18546 182 88
v 18551 320 126
v 18552 159 84
v 18553 257 115
v 18555 421 220
v 18558 208 95
v 18560 403 184
v 18561 200 97
v 18563 233 104
v 18567 397 184
v 18568 235 115
v 18569 156 78
v 18570 92 46
v 18577 144 77
v 18587 61 24
v 18762 420 190
v 18763 150 70
v 18764 263 97
v 18765 20 7
v 18766 54 23
v 18767 32 17
v 18768 41 21
v 18769 58 31
v 18770 31 16
v 18771 60 35
v 18772 231 114
v 18773 261 123
v 18774 539 258
v 18775 217 98
v 18776 217 102
v 18777 8 4
v 18778 78 42
v 18779 70 30
v 18780 32 13
v 18781 304 129
v 18782 34 18
v 18783 39 13
v 18784 102 51
v 18785 263 125
v 18786 123 54
v 18787 53 26
v 18788 174 80
v 18789 201 89
v 18790 48 18
v 18791 21 12
v 18792 310 135
v 18793 222 100
v 18794 169 84
v 18795 104 48
v 18796 109 51
v 18797 145 70
v 18798 128 50
v 18799 115 60
v 18800 158 63
v 18801 82 33
v 18802 118 62
v 18807 148 62
v 18808 96 45
v 18809 133 60
v 18811 230 108
v 18814 111 54
v 18816 269 134
v 18817 119 55
v 18819 117 53
v 18823 197 90
v 18824 103 48
v 18825 91 47
v 18826 47 18
v 18833 73 37
v 18843 48 25
v 19019 1588 806
v 19020 3258 1482
v 19021 275 132
v 19022 640 316
v 19023 425 231
v 19024 657 342
v 19025 539 271
v 19026 320 149
v 19027 586 323
v 19028 2581 1370
v 19029 3058 1548
v 19030 5890 3069
v 19031 2185 1110
v 19032 2467 1205
v 19033 121 58
v 19034 969 457
v 19035 1016 500
v 19036 367 161
v 19037 3033 1628
v 19038 311 156
v 19039 334 176
v 19040 1164 621
v 19041 2865 1484
v 19042 974 536
v 19043 618 328
v 19044 1630 815
v 19045 2117 1127
v 19046 533 256
v 19047 184 81
v 19048 3180 1567
v 19049 2874 1496
v 19050 1980 1033
v 19051 1233 637
v 19052 1126 636
v 19053 1588 942
v 19054 1369 643
v 19055 1442 722
v 19056 1786 902
v 19057 934 447
v 19058 971 552
v 19063 1671 857
v 19064 1319 713
v 19065 1828 917
v 19067 2551 1354
v 19070 1572 734
v 19072 2823 1463
v 19073 1211 624
v 19075 1339 712
v 19079 2643 1262
v 19080 1541 829
v 19081 932 510
v 19082 409 243
v 19089 950 543
v 19099 424 231
v 19276 1179 549
v 19277 156 77
v 19278 237 99
v 19279 160 92
v 19280 193 95
v 19281 236 118
v 19282 91 37
v 19283 199 109
v 19284 1061 534
v 19285 1109 571
v 19286 2417 1201
v 19287 997 500
v 19288 1099 499
v 19289 68 38
v 19290 305 148
v 19291 255 133
v 19292 115 61
v 19293 1371 625
v 19294 137 68
v 19295 164 80
v 19296 485 259
v 19297 1044 512
v 19298 349 195
v 19299 227 136
v 19300 573 289
v 19301 970 491
v 19302 226 106
v 19303 56 20
v 19304 1341 608
v 19305 962 479
v 19306 701 349
v 19307 462 234
v 19308 541 278
v 19309 578 326
v 19310 503 224
v 19311 548 267
v 19312 613 285
v 19313 310 117
v 19314 451 238
v 19319 663 328
v 19320 387 209
v 19321 614 320
v 19323 924 475
v 19326 479 231
v 19328 1026 545
v 19329 382 210
v 19331 443 231
v 19335 887 448
v 19336 456 211
v 19337 355 200
v 19338 182 85
v 19345 299 178
v 19355 154 73
v 19533 208 100
v 19534 430 218
v 19535 303 176
v 19536 387 219
v 19537 345 172
v 19538 197 93
v 19539 357 207
v 19540 1735 938
v 19541 1995 1085
v 19542 3334 1775
v 19543 1620 870
v 19544 2055 918
v 19545 111 66
v 19546 694 345
v 19547 565 279
v 19548 234 112
v 19549 2230 1262
v 19550 238 128
v 19551 225 145
v 19552 863 506
v 19553 1798 967
v 19554 794 504
v 19555 425 230
v 19556 966 529
v 19557 1515 835
v 19558 410 235
v 19559 140 66
v 19560 2505 1352
v 19561 1839 966
v 19562 1232 689
v 19563 823 452
v 19564 840 485
v 19565 1053 637
v 19566 906 477
v 19567 951 537
v 19568 1318 702
v 19569 588 262
v 19570 647 403
v 19575 1261 674
v 19576 641 350
v 19577 1145 555
v 19579 1792 1025
v 19582 680 388
v 19584 1811 1028
v 19585 621 357
v 19587 959 522
v 19591 1678 852
v 19592 940 492
v 19593 634 370
v 19594 302 176
v 19601 587 336
v 19611 266 150
v 19790 52 24
v 19791 26 15
v 19792 39 19
v 19793 31 13
v 19794 29 9
v 19795 34 20
v 19796 168 89
v 19797 215 113
v 19798 419 205
v 19799 176 88
v 19800 163 80
v 19801 26 11
v 19802 82 40
v 19803 71 35
v 19804 36 15
v 19805 231 110
v 19806 17 11
v 19807 42 21
v 19808 67 36
v 19809 162 78
v 19810 77 48
v 19811 35 19
v 19812 70 28
v 19813 164 86
v 19814 33 11
v 19815 14 9
v 19816 219 107
v 19817 190 93
v 19818 130 63
v 19819 64 34
v 19820 77 37
v 19821 116 56
v 19822 82 36
v 19823 120 58
v 19824 111 54
v 19825 84 47
v 19826 66 31
v 19831 95 51
v 19832 59 32
v 19833 141 64
v 19835 165 84
v 19838 65 37
v 19840 170 89
v 19841 74 38
v 19843 96 62
v 19847 191 88
v 19848 94 54
v 19849 51 34
v 19850 29 16
v 19857 60 35
v 19867 32 13
v 20047 46 28
v 20048 89 50
v 20049 56 30
v 20050 45 18
v 20051 75 42
v 20052 321 171
v 20053 405 211
v 20054 790 408
v 20055 299 146
v 20056 342 169
v 20057 27 13
v 20058 127 56
v 20059 142 77
v 20060 53 24
v 20061 432 222
v 20062 47 23
v 20063 42 18
v 20064 146 77
v 20065 361 200
v 20066 146 78
v 20067 60 36
v 20068 212 109
v 20069 292 155
v 20070 74 35
v 20071 38 19
v 20072 444 220
v 20073 379 201
v 20074 276 149
v 20075 191 87
v 20076 153 86
v 20077 200 109
v 20078 173 87
v 20079 205 102
v 20080 267 130
v 20081 104 56
v 20082 123 67
v 20087 265 138
v 20088 165 87
v 20089 248 126
v 20091 364 200
v 20094 169 82
v 20096 370 216
v 20097 146 79
v 20099 192 100
v 20103 392 190
v 20104 209 117
v 20105 117 62
v 20106 64 34
v 20113 121 59
v 20123 71 42
v 20304 61 27
v 20305 55 25
v 20306 35 16
v 20307 49 26
v 20308 220 106
v 20309 250 125
v 20310 511 222
v 20311 238 106
v 20312 247 101
v 20313 13 5
v 20314 86 38
v 20315 85 39
v 20316 31 15
v 20317 291 137
v 20318 40 17
v 20319 34 10
v 20320 146 56
v 20321 295 132
v 20322 92 40
v 20323 55 30
v 20324 163 77
v 20325 220 99
v 20326 41 19
v 20327 13 6
v 20328 315 148
v 20329 265 124
v 20330 155 64
v 20331 130 60
v 20332 116 44
v 20333 150 75
v 20334 119 47
v 20335 140 63
v 20336 219 107
v 20337 83 34
v 20338 85 42
v 20343 156 78
v 20344 110 58
v 20345 188 90
v 20347 234 114
v 20350 114 64
v 20352 258 117
v 20353 109 49
v 20355 162 56
v 20359 246 96
v 20360 134 64
v 20361 96 45
v 20362 55 30
v 20369 78 37
v 20379 32 15
v 20561 68 26
v 20562 51 29
v 20563 86 44
v 20564 290 138
v 20565 383 191
v 20566 731 358
v 20567 311 167
v 20568 303 154
v 20569 24 14
v 20570 125 64
v 20571 118 55
v 20572 42 13
v 20573 447 209
v 20574 37 19
v 20575 53 21
v 20576 148 81
v 20577 371 192
v 20578 137 63
v 20579 74 34
v 20580 197 90
v 20581 305 155
v 20582 64 36
v 20583 33 20
v 20584 402 212
v 20585 361 177
v 20586 256 113
v 20587 163 89
v 20588 159 68
v 20589 239 129
v 20590 159 72
v 20591 173 89
v 20592 234 104
v 20593 112 49
v 20594 133 63
v 20599 222 113
v 20600 130 63
v 20601 203 95
v 20603 305 160
v 20606 126 70
v 20608 328 159
v 20609 134 71
v 20611 192 91
v 20615 293 136
v 20616 190 107
v 20617 128 63
v 20618 59 28
v 20625 116 55
v 20635 50 26
v 20818 39 23
v 20819 67 41
v 20820 347 196
v 20821 347 180
v 20822 677 354
v 20823 309 150
v 20824 353 176
v 20825 21 7
v 20826 110 55
v 20827 103 48
v 20828 37 16
v 20829 380 176
v 20830 52 28
v 20831 44 20
v 20832 153 87
v 20833 326 171
v 20834 138 62
v 20835 82 41
v 20836 175 81
v 20837 275 157
v 20838 52 19
v 20839 28 10
v 20840 443 234
v 20841 307 142
v 20842 219 108
v 20843 124 61
v 20844 154 93
v 20845 184 111
v 20846 134 65
v 20847 149 82
v 20848 147 69
v 20849 93 47
v 20850 117 67
v 20855 191 92
v 20856 132 79
v 20857 207 111
v 20859 309 156
v 20862 121 62
v 20864 294 145
v 20865 146 77
v 20867 155 80
v 20871 312 122
v 20872 168 79
v 20873 95 48
v 20874 66 43
v 20881 98 55
v 20891 47 32
v 21075 46 26
v 21076 167 99
v 21077 271 140
v 21078 397 216
v 21079 145 67
v 21080 177 97
v 21081 11 5
v 21082 66 36
v 21083 74 39
v 21084 41 13
v 21085 210 123
v 21086 39 18
v 21087 31 10
v 21088 63 28
v 21089 183 105
v 21090 69 42
v 21091 41 23
v 21092 108 54
v 21093 148 88
v 21094 53 29
v 21095 17 9
v 21096 233 117
v 21097 181 89
v 21098 146 74
v 21099 89 45
v 21100 60 28
v 21101 114 74
v 21102 94 51
v 21103 117 76
v 21104 76 40
v 21105 80 51
v 21106 59 29
v 21111 105 54
v 21112 74 36
v 21113 115 52
v 21115 206 116
v 21118 65 41
v 21120 143 74
v 21121 61 37
v 21123 109 60
v 21127 150 70
v 21128 109 60
v 21129 79 37
v 21130 32 15
v 21137 68 38
v 21147 32 14
v 21332 312 135
v 21333 341 150
v 21334 662 296
v 21335 267 144
v 21336 275 120
v 21337 14 5
v 21338 118 44
v 21339 121 52
v 21340 41 16
v 21341 387 172
v 21342 39 15
v 21343 57 28
v 21344 136 61
v 21345 355 152
v 21346 271 132
v 21347 72 27
v 21348 219 89
v 21349 248 128
v 21350 66 22
v 21351 20 6
v 21352 413 186
v 21353 371 167
v 21354 197 94
v 21355 146 66
v 21356 161 81
v 21357 244 127
v 21358 168 55
v 21359 192 91
v 21360 219 85
v 21361 109 49
v 21362 117 50
v 21367 176 80
v 21368 111 49
v 21369 230 97
v 21371 261 120
v 21374 127 52
v 21376 287 131
v 21377 144 51
v 21379 160 61
v 21383 311 126
v 21384 202 97
v 21385 117 51
v 21386 54 26
v 21393 114 62
v 21403 53 29
v 21589 1754 868
v 21590 3416 1672
v 21591 1323 637
v 21592 1534 736
v 21593 70 33
v 21594 478 228
v 21595 448 212
v 21596 175 73
v 21597 2077 974
v 21598 182 96
v 21599 231 113
v 21600 753 380
v 21601 1633 827
v 21602 772 434
v 21603 369 185
v 21604 942 443
v 21605 1319 671
v 21606 339 159
v 21607 92 50
v 21608 2105 970
v 21609 1453 689
v 21610 1047 517
v 21611 655 312
v 21612 770 383
v 21613 936 511
v 21614 736 339
v 21615 757 353
v 21616 879 416
v 21617 432 189
v 21618 563 292
v 21623 979 490
v 21624 588 328
v 21625 897 423
v 21627 1379 698
v 21630 646 326
v 21632 1530 756
v 21633 641 353
v 21635 671 337
v 21639 1410 644
v 21640 822 395
v 21641 484 244
v 21642 293 147
v 21649 430 248
v 21659 279 134
v 21846 3908 1900
v 21847 1538 779
v 21848 1733 811
v 21849 95 38
v 21850 614 288
v 21851 631 305
v 21852 226 104
v 21853 2169 1046
v 21854 316 135
v 21855 280 125
v 21856 794 434
v 21857 1869 868
v 21858 1089 553
v 21859 417 224
v 21860 1052 525
v 21861 1430 747
v 21862 343 179
v 21863 123 53
v 21864 2181 1031
v 21865 1884 925
v 21866 1188 553
v 21867 825 427
v 21868 812 420
v 21869 1132 632
v 21870 981 490
v 21871 949 480
v 21872 1244 609
v 21873 605 291
v 21874 663 332
v 21879 1149 568
v 21880 714 353
v 21881 1216 572
v 21883 1748 915
v 21886 658 322
v 21888 2684 1372
v 21889 663 357
v 21891 942 465
v 21895 1773 843
v 21896 1039 489
v 21897 635 314
v 21898 358 186
v 21905 587 314
v 21915 243 133
v 22103 2895 1410
v 22104 3475 1660
v 22105 157 69
v 22106 1197 553
v 22107 1013 486
v 22108 442 204
v 22109 4079 1999
v 22110 431 237
v 22111 462 236
v 22112 1560 803
v 22113 3283 1733
v 22114 1262 709
v 22115 815 445
v 22116 2109 964
v 22117 2707 1409
v 22118 630 318
v 22119 248 110
v 22120 4238 1945
v 22121 3419 1686
v 22122 2554 1262
v 22123 1654 781
v 22124 1268 785
v 22125 2044 1148
v 22126 1718 749
v 22127 1629 803
v 22128 2139 1008
v 22129 990 460
v 22130 1353 702
v 22135 2162 1049
v 22136 1309 675
v 22137 2187 1037
v 22139 3198 1653
v 22142 1524 779
v 22144 3390 1698
v 22145 1432 777
v 22147 1596 863
v 22151 3156 1439
v 22152 1830 947
v 22153 1105 557
v 22154 633 349
v 22161 1042 540
v 22171 502 240
v 22360 1319 644
v 22361 59 26
v 22362 464 237
v 22363 425 215
v 22364 158 75
v 22365 1279 717
v 22366 211 115
v 22367 190 91
v 22368 623 307
v 22369 1341 707
v 22370 477 267
v 22371 300 162
v 22372 816 418
v 22373 1114 604
v 22374 238 112
v 22375 101 57
v 22376 1642 780
v 22377 1284 671
v 22378 943 497
v 22379 617 301
v 22380 660 346
v 22381 765 435
v 22382 628 311
v 22383 644 313
v 22384 874 412
v 22385 354 176
v 22386 503 282
v 22391 903 421
v 22392 584 322
v 22393 906 434
v 22395 1279 679
v 22398 692 371
v 22400 1320 676
v 22401 570 320
v 22403 696 378
v 22407 1132 563
v 22408 654 324
v 22409 436 237
v 22410 227 112
v 22417 426 242
v 22427 166 87
v 22617 97 55
v 22618 481 263
v 22619 445 250
v 22620 192 93
v 22621 2043 1068
v 22622 143 90
v 22623 235 118
v 22624 767 424
v 22625 1590 823
v 22626 546 323
v 22627 326 193
v 22628 889 456
v 22629 1497 805
v 22630 294 158
v 22631 114 57
v 22632 1988 980
v 22633 1613 863
v 22634 1147 593
v 22635 749 371
v 22636 766 430
v 22637 855 541
v 22638 706 369
v 22639 777 430
v 22640 910 470
v 22641 410 197
v 22642 610 348
v 22647 1057 565
v 22648 661 347
v 22649 941 479
v 22651 1521 832
v 22654 749 414
v 22656 1419 767
v 22657 611 348
v 22659 708 376
v 22663 1334 732
v 22664 786 425
v 22665 495 289
v 22666 261 151
v 22673 492 280
v 22683 239 125
v 22874 41 20
v 22875 23 8
v 22876 19 8
v 22877 109 60
v 22878 10 6
v 22879 7 5
v 22880 24 7
v 22881 71 42
v 22882 28 12
v 22883 23 17
v 22884 61 37
v 22885 72 39
v 22886 14 6
v 22887 6 3
v 22888 77 30
v 22889 97 45
v 22890 67 37
v 22891 47 23
v 22892 30 17
v 22893 52 28
v 22894 39 13
v 22895 58 29
v 22896 53 27
v 22897 38 23
v 22898 32 19
v 22903 56 35
v 22904 35 23
v 22905 48 16
v 22907 70 36
v 22910 36 18
v 22912 74 32
v 22913 31 17
v 22915 48 25
v 22919 71 23
v 22920 43 23
v 22921 24 20
v 22922 6 2
v 22929 24 12
v 22939 10 4
v 23131 232 126
v 23132 94 46
v 23133 597 311
v 23134 70 34
v 23135 54 34
v 23136 213 121
v 23137 560 300
v 23138 208 116
v 23139 122 70
v 23140 295 156
v 23141 374 189
v 23142 106 54
v 23143 40 20
v 23144 670 308
v 23145 596 312
v 23146 416 206
v 23147 241 130
v 23148 225 114
v 23149 361 208
v 23150 272 147
v 23151 280 153
v 23152 415 227
v 23153 208 98
v 23154 165 86
v 23159 332 166
v 23160 210 127
v 23161 352 188
v 23163 562 311
v 23166 248 127
v 23168 517 250
v 23169 215 118
v 23171 299 146
v 23175 558 287
v 23176 303 166
v 23177 227 116
v 23178 73 49
v 23185 164 106
v 23195 84 46
v 23388 107 46
v 23389 570 282
v 23390 67 38
v 23391 81 31
v 23392 224 137
v 23393 545 278
v 23394 214 120
v 23395 117 61
v 23396 364 192
v 23397 358 185
v 23398 101 48
v 23399 45 25
v 23400 609 312
v 23401 660 348
v 23402 430 220
v 23403 269 145
v 23404 187 94
v 23405 423 235
v 23406 273 137
v 23407 340 170
v 23408 432 216
v 23409 204 102
v 23410 174 91
v 23415 332 172
v 23416 199 108
v 23417 459 226
v 23419 565 313
v 23422 205 107
v 23424 522 268
v 23425 201 97
v 23427 313 157
v 23431 540 241
v 23432 344 177
v 23433 234 121
v 23434 103 58
v 23441 191 104
v 23451 90 53
v 23645 205 121
v 23646 39 24
v 23647 30 13
v 23648 96 57
v 23649 229 134
v 23650 78 49
v 23651 39 21
v 23652 105 54
v 23653 182 93
v 23654 43 23
v 23655 11 5
v 23656 236 123
v 23657 214 107
v 23658 142 81
v 23659 87 52
v 23660 73 40
v 23661 146 86
v 23662 125 65
v 23663 122 71
v 23664 164 85
v 23665 80 50
v 23666 70 34
v 23671 145 68
v 23672 88 47
v 23673 151 82
v 23675 202 106
v 23678 87 53
v 23680 207 119
v 23681 83 41
v 23683 119 59
v 23687 232 111
v 23688 118 61
v 23689 80 47
v 23690 36 21
v 23697 66 39
v 23707 28 16
v 23902 255 151
v 23903 284 138
v 23904 858 452
v 23905 1901 930
v 23906 816 424
v 23907 551 338
v 23908 1091 559
v 23909 1457 743
v 23910 410 221
v 23911 139 57
v 23912 2247 1056
v 23913 1454 613
v 23914 1705 960
v 23915 994 508
v 23916 902 508
v 23917 1086 616
v 23918 846 390
v 23919 953 470
v 23920 1399 709
v 23921 514 249
v 23922 763 425
v 23927 1283 655
v 23928 775 403
v 23929 958 384
v 23931 1739 909
v 23934 927 484
v 23936 1892 909
v 23937 805 395
v 23939 850 433
v 23943 1749 794
v 23944 1006 500
v 23945 628 323
v 23946 380 184
v 23953 613 351
v 23963 307 146
v 24159 29 11
v 24160 83 39
v 24161 225 113
v 24162 93 52
v 24163 49 22
v 24164 123 59
v 24165 197 117
v 24166 39 16
v 24167 9 4
v 24168 307 140
v 24169 231 104
v 24170 170 79
v 24171 108 55
v 24172 112 51
v 24173 133 60
v 24174 128 60
v 24175 117 62
v 24176 145 63
v 24177 67 23
v 24178 68 30
v 24183 150 75
v 24184 85 41
v 24185 141 65
v 24187 217 104
v 24190 85 38
v 24192 202 110
v 24193 74 33
v 24195 104 49
v 24199 189 86
v 24200 118 55
v 24201 69 37
v 24202 35 19
v 24209 59 32
v 24219 35 19
v 24416 79 38
v 24417 263 128
v 24418 85 48
v 24419 44 25
v 24420 155 74
v 24421 170 88
v 24422 44 18
v 24423 21 11
v 24424 382 201
v 24425 172 84
v 24426 153 86
v 24427 121 66
v 24428 91 54
v 24429 131 66
v 24430 130 58
v 24431 92 44
v 24432 109 58
v 24433 55 25
v 24434 84 51
v 24439 117 61
v 24440 93 57
v 24441 132 72
v 24443 182 84
v 24446 94 52
v 24448 230 138
v 24449 87 39
v 24451 109 56
v 24455 246 114
v 24456 141 85
v 24457 66 40
v 24458 53 25
v 24465 68 42
v 24475 33 14
v 24673 680 323
v 24674 319 155
v 24675 175 81
v 24676 414 206
v 24677 587 296
v 24678 137 60
v 24679 52 26
v 24680 977 488
v 24681 729 371
v 24682 530 251
v 24683 324 149
v 24684 368 173
v 24685 377 203
v 24686 327 149
v 24687 353 166
v 24688 416 195
v 24689 206 89
v 24690 301 152
v 24695 454 203
v 24696 284 148
v 24697 439 197
v 24699 627 299
v 24702 305 149
v 24704 734 352
v 24705 329 169
v 24707 359 165
v 24711 683 328
v 24712 379 187
v 24713 240 125
v 24714 105 55
v 24721 214 120
v 24731 95 45
v 24930 714 370
v 24931 378 203
v 24932 1019 537
v 24933 1195 632
v 24934 304 164
v 24935 118 49
v 24936 1973 946
v 24937 1589 777
v 24938 1162 535
v 24939 779 381
v 24940 743 393
v 24941 1017 583
v 24942 750 368
v 24943 825 434
v 24944 1045 490
v 24945 491 241
v 24946 580 300
v 24951 981 463
v 24952 611 323
v 24953 1108 528
v 24955 1548 855
v 24958 737 374
v 24960 1673 855
v 24961 714 350
v 24963 877 454
v 24967 1736 814
v 24968 940 500
v 24969 558 285
v 24970 248 125
v 24977 545 290
v 24987 259 125
v 25187 189 98
v 25188 489 231
v 25189 388 179
v 25190 108 46
v 25191 50 25
v 25192 753 327
v 25193 600 272
v 25194 515 245
v 25195 381 184
v 25196 299 144
v 25197 382 209
v 25198 330 145
v 25199 282 134
v 25200 460 232
v 25201 206 81
v 25202 256 133
v 25207 400 200
v 25208 242 137
v 25209 283 116
v 25211 680 368
v 25214 279 143
v 25216 655 305
v 25217 298 144
v 25219 323 150
v 25223 648 304
v 25224 362 187
v 25225 243 109
v 25226 133 70
v 25233 193 100
v 25243 113 53
v 25444 232 103
v 25445 309 167
v 25446 73 27
v 25447 26 11
v 25448 478 209
v 25449 397 180
v 25450 253 113
v 25451 150 61
v 25452 180 83
v 25453 205 110
v 25454 183 78
v 25455 187 82
v 25456 220 108
v 25457 109 45
v 25458 129 67
v 25463 223 99
v 25464 107 62
v 25465 245 111
v 25467 294 124
v 25470 146 65
v 25472 345 151
v 25473 159 65
v 25475 174 78
v 25479 359 168
v 25480 182 81
v 25481 127 59
v 25482 62 26
v 25489 104 68
v 25499 43 22
v 25701 747 386
v 25702 176 90
v 25703 70 35
v 25704 1021 558
v 25705 948 473
v 25706 666 332
v 25707 451 227
v 25708 424 209
v 25709 680 362
v 25710 480 210
v 25711 476 237
v 25712 598 268
v 25713 298 159
v 25714 395 190
v 25719 607 300
v 25720 409 225
v 25721 591 302
v 25723 912 467
v 25726 455 246
v 25728 1043 524
v 25729 473 257
v 25731 488 250
v 25735 1031 496
v 25736 493 257
v 25737 290 159
v 25738 184 87
v 25745 305 164
v 25755 142 56
v 25958 283 135
v 25959 80 40
v 25960 1442 637
v 25961 1204 559
v 25962 881 452
v 25963 578 287
v 25964 589 324
v 25965 708 389
v 25966 591 279
v 25967 645 294
v 25968 782 378
v 25969 389 180
v 25970 476 243
v 25975 849 412
v 25976 524 287
v 25977 736 332
v 25979 1239 636
v 25982 555 278
v 25984 1267 610
v 25985 548 288
v 25987 592 282
v 25991 1232 557
v 25992 683 336
v 25993 426 222
v 25994 193 110
v 26001 397 215
v 26011 197 90
v 26215 22 14
v 26216 354 161
v 26217 329 152
v 26218 167 92
v 26219 113 58
v 26220 135 69
v 26221 188 104
v 26222 150 73
v 26223 138 73
v 26224 189 96
v 26225 117 54
v 26226 118 60
v 26231 176 96
v 26232 127 70
v 26233 197 99
v 26235 269 148
v 26238 130 67
v 26240 254 122
v 26241 115 67
v 26243 140 93
v 26247 327 146
v 26248 151 80
v 26249 102 48
v 26250 51 32
v 26257 84 53
v 26267 40 21
v 26472 124 53
v 26473 84 41
v 26474 62 34
v 26475 40 21
v 26476 49 28
v 26477 70 34
v 26478 44 22
v 26479 55 27
v 26480 81 37
v 26481 35 16
v 26482 38 21
v 26487 72 32
v 26488 30 16
v 26489 82 44
v 26491 111 63
v 26494 45 26
v 26496 101 53
v 26497 49 30
v 26499 60 32
v 26503 103 64
v 26504 48 24
v 26505 52 26
v 26506 20 9
v 26513 37 22
v 26523 25 14
v 26729 1753 873
v 26730 1228 666
v 26731 864 472
v 26732 924 533
v 26733 1044 620
v 26734 1068 552
v 26735 672 320
v 26736 901 389
v 26737 575 275
v 26738 865 458
v 26743 1266 691
v 26744 730 413
v 26745 1254 618
v 26747 1774 967
v 26750 818 409
v 26752 1932 1015
v 26753 885 489
v 26755 703 347
v 26759 2107 958
v 26760 984 523
v 26761 636 340
v 26762 310 171
v 26769 592 355
v 26779 268 144
v 26986 1133 596
v 26987 754 382
v 26988 696 368
v 26989 980 572
v 26990 808 392
v 26991 978 501
v 26992 1184 601
v 26993 555 275
v 26994 498 286
v 26999 940 505
v 27000 658 360
v 27001 1130 493
v 27003 1624 874
v 27006 654 364
v 27008 1524 769
v 27009 614 327
v 27011 908 490
v 27015 1571 766
v 27016 856 490
v 27017 595 292
v 27018 242 128
v 27025 500 286
v 27035 268 138
v 27243 603 308
v 27244 491 262
v 27245 686 398
v 27246 481 220
v 27247 473 182
v 27248 789 362
v 27249 289 121
v 27250 498 225
v 27255 752 356
v 27256 527 278
v 27257 643 296
v 27259 1149 621
v 27262 532 305
v 27264 1108 574
v 27265 465 259
v 27267 587 317
v 27271 1109 532
v 27272 633 339
v 27273 388 196
v 27274 193 93
v 27281 356 201
v 27291 200 103
v 27500 352 188
v 27501 451 258
v 27502 364 184
v 27503 375 181
v 27504 465 216
v 27505 233 110
v 27506 326 176
v 27511 516 259
v 27512 295 162
v 27513 454 212
v 27515 710 403
v 27518 318 175
v 27520 744 367
v 27521 280 159
v 27523 361 191
v 27527 727 344
v 27528 413 213
v 27529 289 144
v 27530 128 70
v 27537 274 159
v 27547 148 72
v 27757 389 217
v 27758 325 136
v 27759 303 130
v 27760 427 193
v 27761 187 86
v 27762 264 127
v 27767 467 215
v 27768 296 145
v 27769 453 198
v 27771 659 336
v 27774 351 174
v 27776 720 355
v 27777 332 173
v 27779 299 138
v 27783 708 322
v 27784 338 161
v 27785 222 119
v 27786 127 62
v 27793 211 108
v 27803 112 58
v 28014 433 148
v 28015 601 265
v 28016 527 206
v 28017 360 146
v 28018 348 193
v 28023 550 239
v 28024 394 192
v 28025 605 229
v 28027 894 405
v 28030 426 204
v 28032 947 405
v 28033 368 177
v 28035 561 246
v 28039 989 430
v 28040 604 273
v 28041 331 150
v 28042 201 90
v 28049 376 199
v 28059 165 76
v 28271 382 189
v 28272 577 307
v 28273 250 128
v 28274 220 133
v 28279 486 257
v 28280 278 161
v 28281 509 259
v 28283 750 412
v 28286 321 155
v 28288 1354 672
v 28289 268 157
v 28291 391 183
v 28295 740 411
v 28296 462 236
v 28297 282 155
v 28298 140 75
v 28305 258 158
v 28315 110 68
v 28528 570 259
v 28529 307 142
v 28530 260 137
v 28535 503 268
v 28536 376 182
v 28537 564 253
v 28539 789 422
v 28542 376 201
v 28544 782 405
v 28545 279 145
v 28547 442 228
v 28551 819 356
v 28552 488 249
v 28553 277 160
v 28554 120 65
v 28561 256 133
v 28571 131 62
v 28785 355 177
v 28786 329 167
v 28791 708 350
v 28792 374 218
v 28793 712 360
v 28795 1014 510
v 28798 446 214
v 28800 1006 528
v 28801 356 202
v 28803 568 291
v 28807 957 485
v 28808 532 330
v 28809 394 202
v 28810 316 177
v 28817 334 180
v 28827 172 99
v 29042 152 84
v 29047 281 148
v 29048 187 106
v 29049 364 200
v 29051 468 274
v 29054 228 116
v 29056 449 242
v 29057 194 101
v 29059 281 150
v 29063 478 245
v 29064 275 156
v 29065 191 113
v 29066 74 44
v 29073 182 111
v 29083 84 47
v 29303 354 155
v 29304 231 119
v 29305 353 150
v 29307 513 247
v 29310 324 158
v 29312 604 266
v 29313 246 123
v 29315 272 120
v 29319 495 216
v 29320 322 177
v 29321 193 95
v 29322 102 49
v 29329 180 97
v 29339 87 36
v 30584 455 239
v 30585 675 323
v 30587 1155 593
v 30590 433 214
v 30592 986 494
v 30593 395 208
v 30595 512 248
v 30599 956 467
v 30600 495 268
v 30601 316 163
v 30602 180 87
v 30609 324 177
v 30619 197 85
v 30841 323 141
v 30843 562 273
v 30846 283 138
v 30848 679 329
v 30849 264 123
v 30851 311 148
v 30855 607 271
v 30856 319 151
v 30857 238 104
v 30858 88 37
v 30865 193 108
v 30875 107 44
v 31099 1035 553
v 31102 435 253
v 31104 1021 516
v 31105 393 204
v 31107 552 268
v 31111 1032 481
v 31112 582 322
v 31113 388 231
v 31114 158 82
v 31121 354 202
v 31131 136 64
v 31614 677 312
v 31616 1433 681
v 31617 591 251
v 31619 838 391
v 31623 1486 655
v 31624 833 407
v 31625 531 260
v 31626 270 131
v 31633 494 261
v 31643 255 115
v 32384 702 365
v 32385 350 194
v 32387 368 184
v 32391 732 312
v 32392 346 177
v 32393 232 129
v 32394 125 64
v 32401 252 141
v 32411 122 59
v 32897 763 390
v 32899 774 388
v 32903 1526 734
v 32904 875 429
v 32905 527 264
v 32906 270 140
v 32913 492 273
v 32923 256 126
v 33155 319 149
v 33159 681 323
v 33160 339 160
v 33161 206 106
v 33162 118 63
v 33169 207 126
v 33179 112 52
v 33671 834 402
v 33672 420 221
v 33673 292 146
v 33674 148 78
v 33681 266 133
v 33691 132 70
v 34696 814 439
v 34697 566 302
v 34698 252 129
v 34705 499 268
v 34715 249 128
v 34953 325 158
v 34954 137 81
v 34961 268 135
v 34971 146 61
v 35210 96 53
v 35217 198 97
v 35227 76 31
v 35473 88 52
v 35483 59 32
v 37275 85 44
s 258 2030 1035
s 259 362 208
s 260 74 30
s 261 1524 751
s 262 216 99
s 263 1783 948
s 264 143 69
s 265 1686 882
s 266 46 16
s 267 716 311
s 268 85 39
s 269 431 217
s 270 3323 1642
s 271 531 282
s 272 318 147
s 273 750 351
s 274 118 50
s 275 724 300
s 276 811 436
s 277 1959 938
s 278 1348 651
s 279 538 278
s 281 1844 854
s 282 2953 1427
s 283 1829 965
s 284 645 314
s 285 2082 1037
s 286 1665 864
s 287 1564 843
s 288 322 171
s 289 478 266
s 290 587 287
s 291 1419 700
s 292 1484 692
s 293 574 290
s 294 228 113
s 295 1093 516
s 296 643 331
s 297 71 36
s 298 840 470
s 299 671 327
s 300 95 44
s 301 482 269
s 302 136 60
s 303 662 335
s 304 151 74
s 305 1830 979
s 306 658 371
s 307 341 172
s 308 253 129
s 309 560 260
s 310 160 77
s 311 747 392
s 312 162 78
s 313 239 129
s 314 268 137
s 315 414 185
s 316 1204 634
s 317 205 118
s 318 997 571
s 319 344 166
s 320 819 387
s 321 97 40
s 322 48 19
s 323 88 43
s 324 1041 527
s 325 758 390
s 326 125 67
s 327 2105 1091
s 328 345 169
s 329 163 86
s 330 2551 1354
s 331 1025 507
s 332 1689 909
s 333 206 113
s 334 350 179
s 335 262 121
s 336 119 71
s 337 241 122
s 338 162 89
s 339 341 170
s 340 1359 661
s 341 1819 929
s 342 3150 1610
s 343 1308 647
s 344 1457 803
s 345 15 7
s 346 555 302
s 347 406 219
s 348 215 112
s 349 484 240
s 350 48 24
s 351 37 15
s 352 630 304
s 353 1574 801
s 354 589 265
s 355 351 169
s 356 773 364
s 357 1219 573
s 358 315 178
s 359 87 50
s 360 1908 998
s 361 1665 852
s 362 1017 524
s 363 678 344
s 364 621 311
s 365 82 32
s 366 812 421
s 367 842 451
s 368 1136 607
s 369 458 263
s 370 295 147
s 375 997 511
s 376 585 285
s 377 1093 583
s 379 1497 734
s 382 613 288
s 384 1497 749
s 385 615 316
s 387 776 391
s 391 1447 794
s 392 818 401
s 393 555 274
s 394 82 34
s 401 202 83
s 411 231 117
s 515 407 201
s 516 267 134
s 517 2082 1047
s 518 2822 1199
s 519 1660 828
s 520 2907 1548
s 521 2278 1161
s 522 631 317
s 523 1270 506
s 524 1921 1034
s 525 517 231
s 526 3216 1551
s 527 484 237
s 528 158 74
s 529 926 409
s 530 1663 866
s 531 876 374
s 532 1194 604
s 533 2574 1224
s 534 1913 958
s 535 344 180
s 537 2326 1046
s 538 3793 1746
s 539 2309 1140
s 540 154 73
s 541 308 130
s 542 2400 1204
s 543 1914 973
s 544 661 335
s 545 229 117
s 546 801 412
s 547 2066 969
s 548 1496 729
s 549 740 355
s 550 84 53
s 551 1477 670
s 552 804 387
s 553 908 414
s 554 547 282
s 555 569 266
s 556 1289 623
s 557 559 294
s 558 685 337
s 559 593 278
s 560 2128 1048
s 561 1003 505
s 562 914 482
s 563 441 204
s 564 327 174
s 565 1308 561
s 566 2375 1284
s 567 135 58
s 568 523 274
s 569 167 101
s 570 295 149
s 571 410 200
s 572 163 83
s 573 196 93
s 574 1163 638
s 575 633 284
s 576 1098 540
s 577 72 30
s 578 45 20
s 579 1216 652
s 580 1305 678
s 581 137 57
s 582 1022 481
s 583 2078 1021
s 584 560 278
s 585 261 115
s 586 3281 1662
s 587 1365 719
s 588 2125 1113
s 589 43 19
s 590 58 25
s 591 308 131
s 592 341 172
s 593 172 75
s 594 205 110
s 595 372 169
s 596 1625 818
s 597 1712 877
s 598 4008 1961
s 599 1679 854
s 600 1700 902
s 601 99 52
s 602 645 326
s 603 551 298
s 604 158 87
s 605 2391 1149
s 606 265 133
s 607 275 143
s 608 77 36
s 609 1000 453
s 610 160 74
s 611 59 26
s 612 940 465
s 613 1749 842
s 614 313 158
s 615 84 41
s 616 318 130
s 617 1845 896
s 618 1289 646
s 619 770 396
s 620 100 39
s 621 1164 519
s 622 859 469
s 623 965 488
s 624 1188 602
s 625 585 321
s 626 694 324
s 631 1189 563
s 632 513 216
s 633 1178 616
s 635 1940 898
s 638 770 366
s 640 1859 902
s 641 95 46
s 643 939 473
s 647 294 144
s 648 824 393
s 649 213 100
s 650 392 205
s 657 581 262
s 667 161 79
s 772 39 18
s 773 115 74
s 774 406 172
s 775 382 192
s 776 437 229
s 777 314 153
s 778 108 47
s 779 215 91
s 780 316 170
s 781 89 46
s 782 551 272
s 783 118 64
s 784 68 41
s 785 152 80
s 786 355 197
s 787 199 89
s 788 143 71
s 789 377 172
s 790 204 102
s 791 105 51
s 793 365 163
s 794 324 168
s 795 162 77
s 796 113 54
s 797 420 215
s 798 160 86
s 799 139 74
s 800 88 45
s 801 94 63
s 802 127 64
s 803 264 144
s 804 329 166
s 805 46 26
s 806 57 27
s 807 200 105
s 808 67 28
s 809 164 80
s 810 255 134
s 811 156 74
s 812 196 102
s 813 42 24
s 814 94 49
s 815 106 53
s 816 411 196
s 817 380 204
s 818 52 32
s 819 60 39
s 820 69 40
s 821 172 70
s 822 446 236
s 823 150 82
s 824 94 47
s 825 48 22
s 826 44 19
s 827 80 38
s 828 278 146
s 829 50 23
s 830 166 101
s 831 64 32
s 832 100 49
s 833 23 7
s 834 9 4
s 835 216 121
s 836 124 57
s 837 178 86
s 838 209 115
s 839 302 156
s 840 63 34
s 841 38 15
s 842 578 308
s 843 90 46
s 844 391 215
s 845 42 22
s 846 100 61
s 847 19 6
s 848 63 34
s 849 64 28
s 850 42 30
s 851 33 7
s 852 189 98
s 853 251 132
s 854 448 212
s 855 122 55
s 856 235 124
s 857 17 13
s 858 123 63
s 859 77 47
s 860 39 25
s 861 359 198
s 862 61 36
s 863 46 20
s 864 146 70
s 865 283 148
s 866 123 50
s 867 76 38
s 868 115 64
s 869 161 85
s 870 38 16
s 871 16 9
s 872 348 183
s 873 216 120
s 874 245 131
s 875 137 74
s 876 148 73
s 877 186 87
s 878 125 59
s 879 100 54
s 880 102 42
s 881 109 58
s 882 106 58
s 887 123 69
s 888 152 70
s 889 138 79
s 891 165 79
s 894 150 74
s 896 228 121
s 897 147 73
s 899 87 41
s 903 363 199
s 904 153 85
s 905 122 62
s 906 72 23
s 913 131 60
s 923 40 18
s 1029 262 154
s 1030 130 74
s 1031 260 146
s 1032 126 69
s 1033 238 117
s 1034 22 10
s 1035 84 33
s 1036 72 41
s 1037 47 20
s 1038 490 251
s 1039 94 42
s 1040 54 27
s 1041 92 37
s 1042 73 39
s 1043 98 46
s 1044 140 78
s 1045 302 144
s 1046 231 125
s 1047 86 50
s 1049 258 115
s 1050 449 219
s 1051 324 177
s 1052 76 36
s 1053 266 117
s 1054 249 125
s 1055 225 120
s 1056 52 32
s 1057 71 41
s 1058 69 47
s 1059 226 111
s 1060 200 91
s 1061 84 36
s 1062 20 11
s 1063 148 63
s 1064 97 52
s 1065 44 20
s 1066 146 84
s 1067 84 41
s 1068 67 28
s 1069 80 44
s 1070 32 12
s 1071 58 32
s 1072 99 44
s 1073 218 124
s 1074 55 29
s 1075 64 26
s 1076 35 19
s 1077 125 53
s 1078 108 62
s 1079 84 43
s 1080 22 9
s 1081 31 24
s 1082 25 12
s 1083 57 29
s 1084 128 69
s 1085 15 10
s 1086 133 68
s 1087 54 28
s 1088 132 70
s 1089 12 4
s 1090 4 3
s 1091 58 34
s 1092 146 75
s 1093 109 51
s 1094 59 34
s 1095 283 171
s 1096 62 21
s 1097 24 11
s 1098 350 184
s 1099 151 67
s 1100 205 115
s 1101 14 7
s 1102 41 24
s 1103 34 22
s 1104 23 14
s 1105 39 15
s 1106 19 8
s 1107 38 14
s 1108 221 110
s 1109 255 125
s 1110 487 239
s 1111 198 98
s 1112 187 92
s 1113 6 3
s 1114 66 32
s 1115 62 32
s 1116 11 4
s 1117 137 75
s 1118 8 5
s 1119 18 13
s 1120 89 48
s 1121 203 106
s 1122 75 34
s 1123 49 20
s 1124 143 78
s 1125 160 85
s 1126 40 23
s 1127 14 9
s 1128 233 135
s 1129 186 98
s 1130 123 71
s 1131 88 39
s 1132 84 45
s 1133 39 22
s 1134 119 68
s 1135 113 54
s 1136 127 66
s 1137 58 32
s 1138 52 26
s 1143 137 69
s 1144 77 33
s 1145 158 83
s 1147 188 90
s 1150 77 45
s 1152 226 117
s 1153 108 69
s 1155 102 59
s 1159 191 97
s 1160 96 46
s 1161 52 24
s 1162 18 8
s 1169 38 15
s 1179 35 14
s 1286 2061 950
s 1287 1668 862
s 1288 2717 1497
s 1289 1215 628
s 1290 435 208
s 1291 987 426
s 1292 1404 737
s 1293 458 223
s 1294 2703 1383
s 1295 816 422
s 1296 351 159
s 1297 812 386
s 1298 1469 751
s 1299 793 336
s 1300 767 378
s 1301 1933 960
s 1302 1128 531
s 1303 564 297
s 1305 1680 779
s 1306 1377 636
s 1307 722 352
s 1308 762 356
s 1309 2134 1016
s 1310 685 379
s 1311 545 285
s 1312 555 324
s 1313 402 224
s 1314 495 246
s 1315 1587 789
s 1316 1911 948
s 1317 206 108
s 1318 202 110
s 1319 1172 542
s 1320 316 136
s 1321 812 405
s 1322 1395 784
s 1323 674 344
s 1324 942 466
s 1325 275 154
s 1326 499 240
s 1327 719 356
s 1328 1405 699
s 1329 1818 955
s 1330 173 81
s 1331 260 133
s 1332 263 140
s 1333 915 385
s 1334 1963 1054
s 1335 728 391
s 1336 439 230
s 1337 148 69
s 1338 156 85
s 1339 413 186
s 1340 1192 626
s 1341 158 81
s 1342 781 429
s 1343 362 186
s 1344 361 173
s 1345 81 42
s 1346 15 8
s 1347 1064 578
s 1348 453 233
s 1349 895 476
s 1350 886 471
s 1351 1634 853
s 1352 345 171
s 1353 215 103
s 1354 2243 1163
s 1355 678 370
s 1356 1881 1041
s 1357 166 83
s 1358 353 182
s 1359 103 49
s 1360 332 184
s 1361 304 154
s 1362 169 88
s 1363 158 57
s 1364 997 495
s 1365 1269 642
s 1366 2274 1165
s 1367 489 236
s 1368 1279 681
s 1369 74 35
s 1370 383 201
s 1371 246 124
s 1372 151 84
s 1373 2101 1078
s 1374 221 116
s 1375 227 124
s 1376 771 340
s 1377 1450 746
s 1378 679 329
s 1379 365 164
s 1380 587 314
s 1381 894 427
s 1382 179 105
s 1383 86 38
s 1384 1950 1041
s 1385 792 420
s 1386 1170 604
s 1387 611 314
s 1388 791 353
s 1389 862 389
s 1390 587 307
s 1391 266 123
s 1392 341 176
s 1393 407 210
s 1394 625 291
s 1399 528 267
s 1400 598 278
s 1401 437 225
s 1403 821 391
s 1406 722 378
s 1408 1153 596
s 1409 644 315
s 1411 296 149
s 1415 1503 856
s 1416 624 313
s 1417 533 237
s 1418 263 128
s 1425 471 206
s 1435 158 65
s 1543 2712 1209
s 1544 99 41
s 1545 2301 1091
s 1546 38 12
s 1547 775 275
s 1548 57 30
s 1549 544 220
s 1550 5151 2403
s 1551 829 362
s 1552 482 201
s 1553 980 440
s 1554 113 59
s 1555 939 332
s 1556 1268 613
s 1557 2269 929
s 1558 1888 808
s 1559 779 337
s 1561 2235 856
s 1562 3737 1529
s 1563 2505 1142
s 1564 1016 436
s 1565 3241 1398
s 1566 2191 995
s 1567 1908 870
s 1568 488 229
s 1569 641 307
s 1570 803 361
s 1571 1579 668
s 1572 2262 1053
s 1573 732 315
s 1574 261 126
s 1575 1588 633
s 1576 863 386
s 1577 87 35
s 1578 1461 747
s 1579 986 402
s 1580 86 35
s 1581 671 320
s 1582 157 64
s 1583 910 382
s 1584 111 49
s 1585 2579 1212
s 1586 741 363
s 1587 680 293
s 1588 320 149
s 1589 781 310
s 1590 126 58
s 1591 1030 468
s 1592 206 99
s 1593 337 185
s 1594 375 158
s 1595 570 235
s 1596 1597 744
s 1597 249 103
s 1598 1408 671
s 1599 358 161
s 1600 1077 436
s 1601 123 53
s 1602 65 26
s 1603 67 30
s 1604 1338 582
s 1605 1090 470
s 1606 141 56
s 1607 2960 1412
s 1608 433 199
s 1609 254 122
s 1610 3372 1532
s 1611 1407 626
s 1612 2493 1214
s 1613 223 109
s 1614 508 242
s 1615 327 139
s 1616 131 59
s 1617 334 140
s 1618 219 109
s 1619 603 261
s 1620 2467 1073
s 1621 3063 1346
s 1622 4302 1843
s 1623 1656 718
s 1624 2341 1091
s 1625 15 3
s 1626 687 312
s 1627 550 266
s 1628 302 141
s 1629 689 308
s 1630 30 14
s 1631 34 15
s 1632 1140 487
s 1633 2117 900
s 1634 815 315
s 1635 454 195
s 1636 1622 704
s 1637 1685 729
s 1638 509 245
s 1639 167 67
s 1640 2575 1170
s 1641 2001 914
s 1642 1553 704
s 1643 1071 470
s 1644 1052 424
s 1645 68 23
s 1646 969 436
s 1647 1038 492
s 1648 1304 594
s 1649 628 301
s 1650 403 171
s 1655 1366 592
s 1656 807 329
s 1657 1109 510
s 1659 1861 740
s 1662 873 385
s 1664 1973 855
s 1665 854 361
s 1667 974 396
s 1671 2057 988
s 1672 1240 546
s 1673 782 347
s 1674 104 47
s 1681 297 140
s 1691 304 133
s 1800 2498 1392
s 1801 1677 875
s 1802 583 304
s 1803 1078 437
s 1804 2351 1268
s 1805 447 221
s 1806 3008 1519
s 1807 913 492
s 1808 287 119
s 1809 657 312
s 1810 1566 820
s 1811 973 439
s 1812 1194 623
s 1813 2449 1215
s 1814 1393 687
s 1815 451 237
s 1817 1744 812
s 1818 3125 1542
s 1819 2063 1078
s 1820 601 297
s 1821 1651 778
s 1822 1785 932
s 1823 1567 819
s 1824 555 304
s 1825 511 272
s 1826 530 256
s 1827 1617 774
s 1828 1990 1019
s 1829 605 273
s 1830 189 98
s 1831 1168 543
s 1832 604 301
s 1833 859 428
s 1834 1183 653
s 1835 777 375
s 1836 1160 613
s 1837 481 262
s 1838 635 301
s 1839 728 369
s 1840 2172 1103
s 1841 1695 923
s 1842 650 353
s 1843 370 198
s 1844 274 153
s 1845 1210 546
s 1846 2261 1197
s 1847 815 442
s 1848 494 265
s 1849 228 126
s 1850 272 134
s 1851 399 154
s 1852 1063 582
s 1853 239 129
s 1854 870 504
s 1855 539 253
s 1856 891 406
s 1857 86 47
s 1858 52 26
s 1859 1201 653
s 1860 1164 586
s 1861 775 379
s 1862 1033 542
s 1863 1676 905
s 1864 466 221
s 1865 243 118
s 1866 2353 1212
s 1867 1156 586
s 1868 1659 946
s 1869 142 78
s 1870 318 173
s 1871 293 136
s 1872 375 198
s 1873 307 159
s 1874 198 110
s 1875 303 142
s 1876 1442 725
s 1877 1769 923
s 1878 3346 1689
s 1879 1489 783
s 1880 1335 737
s 1881 104 58
s 1882 497 239
s 1883 560 280
s 1884 162 85
s 1885 2210 1134
s 1886 288 147
s 1887 265 155
s 1888 594 288
s 1889 1505 704
s 1890 622 305
s 1891 345 173
s 1892 888 474
s 1893 1222 601
s 1894 321 164
s 1895 109 59
s 1896 1634 863
s 1897 1552 802
s 1898 946 480
s 1899 627 313
s 1900 614 284
s 1901 1177 517
s 1902 847 473
s 1903 904 478
s 1904 1058 539
s 1905 411 232
s 1906 615 301
s 1911 988 494
s 1912 496 219
s 1913 965 498
s 1915 1461 722
s 1918 677 333
s 1920 1522 773
s 1921 578 268
s 1923 819 418
s 1927 1389 765
s 1928 746 375
s 1929 414 194
s 1930 361 169
s 1937 556 256
s 1947 234 122
s 2057 2534 1380
s 2058 44 16
s 2059 742 331
s 2060 38 21
s 2061 595 312
s 2062 4547 2433
s 2063 959 521
s 2064 488 273
s 2065 1091 569
s 2066 75 36
s 2067 827 386
s 2068 1091 591
s 2069 2623 1320
s 2070 2104 1145
s 2071 731 390
s 2073 2524 1313
s 2074 4490 2382
s 2075 2961 1636
s 2076 962 492
s 2077 3010 1571
s 2078 2455 1363
s 2079 2356 1359
s 2080 534 314
s 2081 608 344
s 2082 770 396
s 2083 2078 1076
s 2084 2299 1181
s 2085 714 354
s 2086 241 132
s 2087 1718 913
s 2088 927 485
s 2089 58 22
s 2090 1280 706
s 2091 1037 564
s 2092 73 26
s 2093 693 383
s 2094 154 67
s 2095 1018 589
s 2096 85 45
s 2097 2366 1333
s 2098 651 331
s 2099 516 274
s 2100 356 191
s 2101 842 344
s 2102 63 29
s 2103 1062 592
s 2104 220 117
s 2105 254 127
s 2106 401 220
s 2107 543 252
s 2108 1604 889
s 2109 201 102
s 2110 1462 837
s 2111 385 197
s 2112 1127 583
s 2113 113 62
s 2114 46 20
s 2115 45 21
s 2116 1388 743
s 2117 1237 648
s 2118 111 52
s 2119 2804 1556
s 2120 464 256
s 2121 280 154
s 2122 3255 1821
s 2123 1476 785
s 2124 2671 1567
s 2125 187 90
s 2126 455 261
s 2127 318 154
s 2128 121 60
s 2129 346 184
s 2130 191 109
s 2131 350 174
s 2132 2196 1165
s 2133 2286 1235
s 2134 4610 2527
s 2135 1862 1033
s 2136 2247 1310
s 2137 15 7
s 2138 604 337
s 2139 378 209
s 2140 239 134
s 2141 672 344
s 2142 25 10
s 2143 28 13
s 2144 1015 529
s 2145 2486 1426
s 2146 868 459
s 2147 457 219
s 2148 1060 585
s 2149 1883 979
s 2150 347 184
s 2151 159 88
s 2152 2694 1485
s 2153 1901 1058
s 2154 1506 818
s 2155 955 547
s 2156 1102 532
s 2157 40 21
s 2158 950 527
s 2159 1038 552
s 2160 1201 659
s 2161 543 328
s 2162 352 177
s 2167 1457 790
s 2168 725 347
s 2169 1485 823
s 2171 2057 1070
s 2174 932 497
s 2176 2101 1093
s 2177 867 432
s 2179 980 516
s 2183 1864 1034
s 2184 969 508
s 2185 728 366
s 2186 112 55
s 2193 223 111
s 2203 289 152
s 2314 517 257
s 2315 946 396
s 2316 1500 800
s 2317 499 252
s 2318 2560 1312
s 2319 791 408
s 2320 354 179
s 2321 868 454
s 2322 1705 958
s 2323 921 395
s 2324 890 446
s 2325 1920 928
s 2326 1026 503
s 2327 592 308
s 2329 1805 850
s 2330 2089 1090
s 2331 1344 698
s 2332 768 377
s 2333 2467 1179
s 2334 1141 579
s 2335 963 521
s 2336 498 255
s 2337 389 230
s 2338 540 279
s 2339 1409 680
s 2340 1956 974
s 2341 341 160
s 2342 225 113
s 2343 1189 556
s 2344 397 202
s 2345 835 452
s 2346 1511 807
s 2347 694 326
s 2348 924 479
s 2349 323 166
s 2350 513 242
s 2351 720 365
s 2352 1722 868
s 2353 2390 1326
s 2354 327 163
s 2355 304 134
s 2356 314 183
s 2357 984 453
s 2358 2312 1217
s 2359 807 409
s 2360 446 216
s 2361 185 85
s 2362 229 114
s 2363 439 201
s 2364 1294 686
s 2365 151 73
s 2366 605 310
s 2367 334 151
s 2368 507 236
s 2369 89 52
s 2370 15 4
s 2371 1136 599
s 2372 587 286
s 2373 1041 529
s 2374 873 432
s 2375 1317 701
s 2376 278 137
s 2377 210 105
s 2378 2331 1161
s 2379 634 312
s 2380 2134 1183
s 2381 187 90
s 2382 432 227
s 2383 211 91
s 2384 339 166
s 2385 362 180
s 2386 189 101
s 2387 204 91
s 2388 1136 581
s 2389 1342 643
s 2390 1971 1010
s 2391 920 465
s 2392 1176 611
s 2393 80 44
s 2394 424 232
s 2395 365 190
s 2396 155 76
s 2397 2247 1141
s 2398 236 108
s 2399 256 135
s 2400 853 439
s 2401 1403 723
s 2402 734 340
s 2403 318 154
s 2404 602 323
s 2405 788 382
s 2406 216 118
s 2407 83 52
s 2408 1974 1077
s 2409 873 438
s 2410 1322 683
s 2411 630 331
s 2412 891 428
s 2413 932 388
s 2414 545 293
s 2415 521 263
s 2416 682 375
s 2417 469 267
s 2418 602 256
s 2423 656 320
s 2424 668 313
s 2425 523 279
s 2427 916 453
s 2430 750 376
s 2432 1066 513
s 2433 572 267
s 2435 508 266
s 2439 1562 771
s 2440 677 327
s 2441 626 320
s 2442 282 111
s 2449 577 275
s 2459 203 92
s 2571 193 81
s 2572 27 13
s 2573 133 66
s 2574 1009 505
s 2575 147 71
s 2576 96 53
s 2577 216 103
s 2578 37 16
s 2579 187 89
s 2580 237 111
s 2581 524 252
s 2582 399 185
s 2583 152 71
s 2585 519 241
s 2586 881 428
s 2587 550 286
s 2588 203 115
s 2589 630 288
s 2590 443 223
s 2591 409 224
s 2592 88 45
s 2593 127 65
s 2594 212 109
s 2595 334 160
s 2596 498 227
s 2597 176 81
s 2598 74 42
s 2599 322 152
s 2600 181 87
s 2601 19 6
s 2602 249 126
s 2603 194 101
s 2604 27 10
s 2605 144 67
s 2606 27 12
s 2607 203 90
s 2608 26 10
s 2609 511 257
s 2610 194 95
s 2611 119 49
s 2612 73 37
s 2613 197 74
s 2614 41 19
s 2615 239 121
s 2616 40 22
s 2617 70 36
s 2618 87 43
s 2619 132 73
s 2620 364 200
s 2621 66 31
s 2622 311 176
s 2623 90 40
s 2624 247 124
s 2625 23 12
s 2626 10 4
s 2627 19 11
s 2628 311 162
s 2629 260 131
s 2630 47 23
s 2631 630 320
s 2632 90 38
s 2633 43 19
s 2634 763 392
s 2635 295 135
s 2636 523 272
s 2637 47 20
s 2638 134 58
s 2639 65 30
s 2640 41 19
s 2641 78 40
s 2642 54 34
s 2643 103 33
s 2644 440 215
s 2645 560 275
s 2646 957 487
s 2647 392 194
s 2648 511 263
s 2649 8 2
s 2650 169 86
s 2651 148 60
s 2652 63 42
s 2653 173 90
s 2654 8 2
s 2655 17 8
s 2656 220 101
s 2657 482 242
s 2658 239 113
s 2659 92 43
s 2660 291 149
s 2661 406 192
s 2662 86 42
s 2663 42 24
s 2664 558 297
s 2665 529 263
s 2666 343 174
s 2667 215 95
s 2668 201 90
s 2669 21 7
s 2670 259 141
s 2671 263 119
s 2672 306 161
s 2673 145 74
s 2674 80 42
s 2679 284 133
s 2680 194 70
s 2681 296 161
s 2683 423 198
s 2686 220 104
s 2688 492 252
s 2689 183 89
s 2691 252 116
s 2695 459 232
s 2696 272 117
s 2697 174 76
s 2698 30 9
s 2705 80 41
s 2715 67 37
s 2828 624 269
s 2829 131 54
s 2830 1954 820
s 2831 307 117
s 2832 182 73
s 2833 216 90
s 2834 529 251
s 2835 533 184
s 2836 598 265
s 2837 1099 427
s 2838 740 293
s 2839 296 117
s 2841 629 225
s 2842 1830 790
s 2843 1288 564
s 2844 457 188
s 2845 1317 536
s 2846 1027 420
s 2847 870 373
s 2848 181 73
s 2849 329 144
s 2850 208 85
s 2851 635 245
s 2852 777 316
s 2853 344 124
s 2854 118 41
s 2855 412 143
s 2856 367 148
s 2857 298 133
s 2858 680 305
s 2859 311 122
s 2860 376 165
s 2861 252 118
s 2862 208 81
s 2863 314 108
s 2864 738 276
s 2865 964 419
s 2866 350 155
s 2867 224 98
s 2868 126 72
s 2869 485 127
s 2870 808 368
s 2871 467 201
s 2872 135 55
s 2873 166 71
s 2874 130 51
s 2875 195 75
s 2876 695 321
s 2877 73 30
s 2878 595 294
s 2879 244 90
s 2880 493 193
s 2881 53 20
s 2882 29 11
s 2883 373 172
s 2884 555 238
s 2885 456 195
s 2886 344 147
s 2887 1396 618
s 2888 246 96
s 2889 114 38
s 2890 1024 387
s 2891 560 204
s 2892 496 203
s 2893 88 37
s 2894 209 102
s 2895 194 70
s 2896 125 42
s 2897 198 81
s 2898 52 23
s 2899 224 69
s 2900 1020 423
s 2901 1189 461
s 2902 1897 765
s 2903 760 319
s 2904 769 345
s 2905 43 12
s 2906 203 79
s 2907 255 93
s 2908 92 41
s 2909 766 324
s 2910 95 41
s 2911 73 33
s 2912 453 191
s 2913 1085 446
s 2914 343 123
s 2915 224 100
s 2916 708 336
s 2917 697 249
s 2918 179 71
s 2919 54 28
s 2920 1147 509
s 2921 980 414
s 2922 328 132
s 2923 339 146
s 2924 424 125
s 2925 370 114
s 2926 375 154
s 2927 454 206
s 2928 568 214
s 2929 162 73
s 2930 245 108
s 2935 593 240
s 2936 262 96
s 2937 563 249
s 2939 897 350
s 2942 254 112
s 2944 882 321
s 2945 485 199
s 2947 499 182
s 2951 912 409
s 2952 452 171
s 2953 307 124
s 2954 129 51
s 2961 189 56
s 2971 140 62
s 3085 397 197
s 3086 3026 1527
s 3087 499 271
s 3088 295 161
s 3089 600 308
s 3090 45 14
s 3091 568 265
s 3092 701 352
s 3093 1622 840
s 3094 1258 681
s 3095 490 276
s 3097 1630 851
s 3098 2740 1444
s 3099 1547 858
s 3100 571 279
s 3101 1955 977
s 3102 1662 941
s 3103 1345 743
s 3104 276 160
s 3105 484 287
s 3106 588 296
s 3107 1201 646
s 3108 1344 691
s 3109 532 265
s 3110 220 107
s 3111 1000 514
s 3112 505 267
s 3113 37 21
s 3114 703 382
s 3115 606 297
s 3116 41 19
s 3117 480 266
s 3118 115 52
s 3119 558 308
s 3120 57 24
s 3121 1769 982
s 3122 595 335
s 3123 315 166
s 3124 199 105
s 3125 515 217
s 3126 42 13
s 3127 799 388
s 3128 154 81
s 3129 234 127
s 3130 256 125
s 3131 371 176
s 3132 1095 606
s 3133 218 117
s 3134 954 581
s 3135 268 137
s 3136 755 372
s 3137 89 42
s 3138 55 39
s 3139 26 9
s 3140 999 560
s 3141 688 357
s 3142 72 40
s 3143 1828 994
s 3144 319 162
s 3145 139 80
s 3146 2441 1325
s 3147 908 482
s 3148 1600 901
s 3149 159 77
s 3150 312 170
s 3151 251 119
s 3152 100 57
s 3153 185 93
s 3154 131 73
s 3155 279 136
s 3156 1224 640
s 3157 1670 906
s 3158 3046 1635
s 3159 1202 659
s 3160 1285 707
s 3161 9 4
s 3162 629 348
s 3163 328 165
s 3164 203 109
s 3165 349 173
s 3166 14 7
s 3167 19 13
s 3168 605 301
s 3169 1323 688
s 3170 607 300
s 3171 333 168
s 3172 689 362
s 3173 1130 610
s 3174 245 134
s 3175 80 44
s 3176 1642 905
s 3177 1706 942
s 3178 1044 578
s 3179 700 366
s 3180 653 352
s 3181 38 18
s 3182 833 483
s 3183 798 401
s 3184 1113 628
s 3185 485 272
s 3186 218 110
s 3191 909 482
s 3192 546 278
s 3193 1046 563
s 3195 1358 671
s 3198 569 278
s 3200 1385 784
s 3201 506 258
s 3203 810 447
s 3207 1375 775
s 3208 721 371
s 3209 564 299
s 3210 64 34
s 3217 185 86
s 3227 229 109
s 3342 853 425
s 3343 170 86
s 3344 72 30
s 3345 14 8
s 3346 400 204
s 3347 239 100
s 3348 251 131
s 3349 501 214
s 3350 276 150
s 3351 101 53
s 3353 108 41
s 3354 808 355
s 3355 536 261
s 3356 150 74
s 3357 522 239
s 3358 472 237
s 3359 425 214
s 3360 76 36
s 3361 110 58
s 3362 14 6
s 3363 136 53
s 3364 292 138
s 3365 139 74
s 3366 60 26
s 3367 53 21
s 3368 144 72
s 3369 179 89
s 3370 294 143
s 3371 104 44
s 3372 221 118
s 3373 99 51
s 3374 144 58
s 3375 96 37
s 3376 465 214
s 3377 338 180
s 3378 151 67
s 3379 120 59
s 3380 21 16
s 3381 264 119
s 3382 530 266
s 3383 224 114
s 3384 87 47
s 3385 58 31
s 3386 73 38
s 3387 41 15
s 3388 349 175
s 3389 23 13
s 3390 301 173
s 3391 127 55
s 3392 193 94
s 3393 19 10
s 3394 12 6
s 3395 262 119
s 3396 255 123
s 3397 232 109
s 3398 226 113
s 3399 516 245
s 3400 117 45
s 3401 53 27
s 3402 213 103
s 3403 232 99
s 3404 32 10
s 3405 50 23
s 3406 100 49
s 3407 71 30
s 3408 79 34
s 3409 89 50
s 3410 13 10
s 3411 83 35
s 3412 352 145
s 3413 502 199
s 3414 778 362
s 3415 349 171
s 3416 327 161
s 3417 24 14
s 3418 56 26
s 3419 99 45
s 3420 44 22
s 3421 485 255
s 3422 61 28
s 3423 57 22
s 3424 198 92
s 3425 336 156
s 3426 158 79
s 3427 96 37
s 3428 243 104
s 3429 261 129
s 3430 84 44
s 3431 18 10
s 3432 430 212
s 3433 405 204
s 3434 12 5
s 3435 150 77
s 3436 210 85
s 3437 275 112
s 3438 152 80
s 3439 172 88
s 3440 285 143
s 3441 11 3
s 3442 118 57
s 3447 292 143
s 3448 69 27
s 3449 227 111
s 3451 482 230
s 3454 42 20
s 3456 319 146
s 3457 201 92
s 3459 223 119
s 3463 392 210
s 3464 144 59
s 3465 127 54
s 3466 67 27
s 3473 132 57
s 3483 73 33
s 3599 1531 776
s 3600 626 313
s 3601 1511 710
s 3602 2939 1570
s 3603 1543 660
s 3604 1957 967
s 3605 4186 2076
s 3606 2366 1204
s 3607 966 497
s 3609 3517 1686
s 3610 4954 2435
s 3611 2886 1496
s 3612 1199 567
s 3613 3428 1591
s 3614 2647 1354
s 3615 2638 1408
s 3616 1023 547
s 3617 925 527
s 3618 1186 604
s 3619 3173 1621
s 3620 3638 1842
s 3621 912 432
s 3622 358 170
s 3623 2188 1034
s 3624 1021 499
s 3625 1594 794
s 3626 2270 1184
s 3627 1408 694
s 3628 2034 988
s 3629 855 459
s 3630 1148 569
s 3631 1500 757
s 3632 3667 1855
s 3633 3417 1784
s 3634 989 523
s 3635 515 255
s 3636 630 350
s 3637 2076 899
s 3638 3888 2076
s 3639 1587 798
s 3640 944 473
s 3641 452 233
s 3642 471 209
s 3643 780 354
s 3644 2049 1036
s 3645 360 176
s 3646 1361 736
s 3647 842 385
s 3648 1352 690
s 3649 154 72
s 3650 67 29
s 3651 2045 1096
s 3652 1854 996
s 3653 1488 687
s 3654 1689 884
s 3655 2552 1271
s 3656 702 337
s 3657 448 204
s 3658 4842 2558
s 3659 1885 992
s 3660 3519 1946
s 3661 304 157
s 3662 648 346
s 3663 461 211
s 3664 662 305
s 3665 615 302
s 3666 348 195
s 3667 400 179
s 3668 2175 1102
s 3669 2475 1203
s 3670 5429 2807
s 3671 2195 1149
s 3672 2356 1233
s 3673 169 82
s 3674 964 544
s 3675 924 466
s 3676 383 223
s 3677 3734 1886
s 3678 508 253
s 3679 443 239
s 3680 1220 612
s 3681 2470 1186
s 3682 1021 468
s 3683 620 303
s 3684 1207 567
s 3685 2091 1049
s 3686 517 252
s 3687 182 92
s 3688 3100 1571
s 3689 2357 1227
s 3690 2240 1106
s 3691 1177 603
s 3692 1315 626
s 3693 1892 854
s 3694 1400 777
s 3695 1464 744
s 3696 1681 896
s 3697 936 502
s 3698 1122 537
s 3703 1654 826
s 3704 1121 494
s 3705 1766 951
s 3707 2316 1084
s 3710 1304 618
s 3712 2751 1411
s 3713 1035 495
s 3715 1220 626
s 3719 2579 1354
s 3720 1367 648
s 3721 885 418
s 3722 676 346
s 3729 1025 449
s 3739 433 208
s 3856 84 37
s 3857 313 153
s 3858 591 303
s 3859 410 194
s 3860 416 213
s 3861 920 458
s 3862 632 293
s 3863 161 81
s 3865 671 309
s 3866 1326 686
s 3867 939 492
s 3868 161 75
s 3869 445 214
s 3870 730 363
s 3871 690 341
s 3872 225 123
s 3873 111 55
s 3874 215 106
s 3875 653 311
s 3876 654 304
s 3877 219 105
s 3878 44 17
s 3879 485 237
s 3880 279 132
s 3881 368 193
s 3882 430 236
s 3883 217 83
s 3884 323 167
s 3885 176 93
s 3886 156 69
s 3887 231 129
s 3888 526 259
s 3889 512 266
s 3890 221 105
s 3891 238 121
s 3892 95 52
s 3893 402 194
s 3894 832 436
s 3895 153 73
s 3896 160 79
s 3897 92 47
s 3898 112 53
s 3899 123 58
s 3900 247 130
s 3901 44 26
s 3902 540 295
s 3903 149 74
s 3904 342 150
s 3905 30 13
s 3906 19 6
s 3907 443 235
s 3908 431 223
s 3909 228 100
s 3910 321 152
s 3911 1001 534
s 3912 187 85
s 3913 108 53
s 3914 937 487
s 3915 485 247
s 3916 686 375
s 3917 35 17
s 3918 64 44
s 3919 88 39
s 3920 114 57
s 3921 93 48
s 3922 56 33
s 3923 152 65
s 3924 734 364
s 3925 709 347
s 3926 1359 653
s 3927 630 321
s 3928 834 457
s 3929 23 14
s 3930 164 89
s 3931 211 115
s 3932 58 37
s 3933 844 424
s 3934 78 43
s 3935 100 48
s 3936 174 79
s 3937 492 248
s 3938 133 46
s 3939 70 36
s 3940 415 213
s 3941 530 268
s 3942 133 66
s 3943 32 21
s 3944 390 198
s 3945 601 302
s 3946 456 233
s 3947 333 170
s 3948 167 76
s 3949 264 112
s 3950 228 115
s 3951 320 175
s 3952 368 197
s 3953 119 71
s 3954 245 123
s 3959 476 228
s 3960 217 110
s 3961 346 169
s 3963 616 268
s 3966 259 141
s 3968 596 291
s 3969 145 68
s 3971 272 139
s 3975 344 190
s 3976 321 144
s 3977 129 71
s 3978 97 46
s 3985 184 73
s 3995 90 47
s 4113 105 53
s 4114 308 152
s 4115 148 55
s 4116 215 107
s 4117 449 202
s 4118 313 162
s 4119 75 39
s 4121 279 136
s 4122 610 294
s 4123 425 221
s 4124 39 19
s 4125 155 61
s 4126 345 173
s 4127 312 154
s 4128 84 46
s 4129 69 34
s 4130 85 42
s 4131 347 146
s 4132 271 123
s 4133 112 51
s 4134 20 10
s 4135 189 80
s 4136 116 54
s 4137 175 88
s 4138 178 95
s 4139 94 45
s 4140 205 103
s 4141 105 54
s 4142 110 53
s 4143 95 54
s 4144 330 161
s 4145 222 113
s 4146 92 53
s 4147 89 40
s 4148 40 16
s 4149 215 102
s 4150 383 205
s 4151 75 37
s 4152 83 43
s 4153 42 20
s 4154 52 19
s 4155 79 41
s 4156 112 57
s 4157 33 16
s 4158 176 81
s 4159 114 50
s 4160 167 71
s 4161 16 7
s 4162 8 3
s 4163 211 111
s 4164 222 105
s 4165 68 34
s 4166 195 98
s 4167 378 209
s 4168 69 25
s 4169 45 18
s 4170 439 214
s 4171 226 104
s 4172 297 146
s 4173 24 9
s 4174 36 23
s 4175 58 25
s 4176 75 32
s 4177 37 19
s 4178 17 11
s 4179 57 21
s 4180 286 128
s 4181 285 137
s 4182 726 342
s 4183 280 151
s 4184 292 157
s 4185 18 8
s 4186 86 35
s 4187 93 44
s 4188 21 12
s 4189 402 202
s 4190 43 22
s 4191 45 19
s 4192 63 36
s 4193 240 110
s 4194 57 28
s 4195 25 15
s 4196 183 86
s 4197 252 107
s 4198 56 33
s 4199 17 9
s 4200 166 87
s 4201 304 154
s 4202 163 75
s 4203 127 53
s 4204 60 26
s 4205 209 106
s 4206 125 64
s 4207 146 73
s 4208 210 98
s 4209 84 58
s 4210 103 44
s 4215 202 90
s 4216 71 29
s 4217 182 98
s 4219 306 153
s 4222 126 63
s 4224 297 139
s 4225 67 25
s 4227 172 90
s 4231 140 77
s 4232 146 70
s 4233 41 18
s 4234 54 27
s 4241 100 46
s 4251 39 20
s 4370 681 338
s 4371 381 140
s 4372 428 192
s 4373 884 400
s 4374 441 216
s 4375 157 80
s 4377 187 85
s 4378 1322 622
s 4379 859 430
s 4380 284 132
s 4381 1002 485
s 4382 772 395
s 4383 709 342
s 4384 136 68
s 4385 205 123
s 4386 22 8
s 4387 267 110
s 4388 439 203
s 4389 242 109
s 4390 87 37
s 4391 114 51
s 4392 281 141
s 4393 317 147
s 4394 581 316
s 4395 160 74
s 4396 420 192
s 4397 173 92
s 4398 210 98
s 4399 167 86
s 4400 702 363
s 4401 569 284
s 4402 253 135
s 4403 188 89
s 4404 46 28
s 4405 450 194
s 4406 967 487
s 4407 394 195
s 4408 162 82
s 4409 97 48
s 4410 131 62
s 4411 71 30
s 4412 554 274
s 4413 29 10
s 4414 546 298
s 4415 222 102
s 4416 328 152
s 4417 37 22
s 4418 10 5
s 4419 457 226
s 4420 468 222
s 4421 439 207
s 4422 355 170
s 4423 999 499
s 4424 193 91
s 4425 76 34
s 4426 337 151
s 4427 457 209
s 4428 56 23
s 4429 71 33
s 4430 179 94
s 4431 112 46
s 4432 116 56
s 4433 126 59
s 4434 22 12
s 4435 120 56
s 4436 609 285
s 4437 808 398
s 4438 1305 625
s 4439 688 323
s 4440 615 290
s 4441 33 11
s 4442 122 60
s 4443 185 83
s 4444 68 35
s 4445 866 398
s 4446 80 40
s 4447 107 56
s 4448 357 157
s 4449 569 281
s 4450 259 108
s 4451 158 66
s 4452 384 167
s 4453 534 234
s 4454 137 75
s 4455 34 22
s 4456 821 409
s 4457 584 276
s 4458 39 21
s 4459 211 91
s 4460 341 185
s 4461 436 181
s 4462 303 150
s 4463 364 153
s 4464 440 210
s 4465 25 6
s 4466 179 75
s 4471 491 240
s 4472 103 43
s 4473 429 222
s 4475 715 327
s 4478 59 34
s 4480 498 228
s 4481 245 114
s 4483 354 170
s 4487 682 359
s 4488 259 106
s 4489 187 83
s 4490 126 55
s 4497 174 72
s 4507 127 49
s 4627 594 294
s 4628 723 369
s 4629 1855 925
s 4630 1375 700
s 4631 448 233
s 4633 1657 824
s 4634 2619 1310
s 4635 1625 897
s 4636 621 323
s 4637 1808 898
s 4638 1518 807
s 4639 1394 752
s 4640 363 218
s 4641 496 251
s 4642 539 267
s 4643 1246 607
s 4644 1544 860
s 4645 531 271
s 4646 191 108
s 4647 1148 564
s 4648 544 276
s 4649 49 19
s 4650 733 407
s 4651 662 316
s 4652 43 21
s 4653 431 223
s 4654 96 33
s 4655 641 331
s 4656 82 26
s 4657 1617 913
s 4658 515 281
s 4659 337 171
s 4660 229 121
s 4661 579 245
s 4662 58 27
s 4663 834 447
s 4664 147 74
s 4665 247 127
s 4666 277 140
s 4667 337 168
s 4668 1052 578
s 4669 142 73
s 4670 1075 643
s 4671 260 136
s 4672 716 349
s 4673 90 48
s 4674 43 22
s 4675 46 27
s 4676 972 495
s 4677 788 402
s 4678 86 43
s 4679 1827 1056
s 4680 309 155
s 4681 122 51
s 4682 2398 1305
s 4683 996 527
s 4684 1698 971
s 4685 190 101
s 4686 350 188
s 4687 236 119
s 4688 103 49
s 4689 189 104
s 4690 151 94
s 4691 238 117
s 4692 1376 704
s 4693 1582 845
s 4694 3148 1629
s 4695 1220 667
s 4696 1386 784
s 4697 11 8
s 4698 471 238
s 4699 390 208
s 4700 204 123
s 4701 461 249
s 4702 23 9
s 4703 26 12
s 4704 669 350
s 4705 1630 824
s 4706 577 289
s 4707 284 136
s 4708 635 351
s 4709 1178 596
s 4710 234 131
s 4711 102 62
s 4712 1560 844
s 4713 1434 774
s 4714 1057 564
s 4715 669 352
s 4716 616 307
s 4717 45 16
s 4718 748 417
s 4719 796 423
s 4720 1017 542
s 4721 444 266
s 4722 234 112
s 4727 999 522
s 4728 583 296
s 4729 994 549
s 4731 1373 669
s 4734 574 276
s 4736 1334 668
s 4737 531 256
s 4739 762 389
s 4743 1362 765
s 4744 695 371
s 4745 466 237
s 4746 63 24
s 4753 162 79
s 4763 250 130
s 4884 567 257
s 4885 1231 502
s 4886 730 299
s 4887 289 125
s 4889 936 379
s 4890 1589 668
s 4891 1044 471
s 4892 312 125
s 4893 916 352
s 4894 856 383
s 4895 815 373
s 4896 224 91
s 4897 288 129
s 4898 323 150
s 4899 797 308
s 4900 925 422
s 4901 318 131
s 4902 120 52
s 4903 565 240
s 4904 311 133
s 4905 323 145
s 4906 515 239
s 4907 359 153
s 4908 422 202
s 4909 288 126
s 4910 287 118
s 4911 381 154
s 4912 668 289
s 4913 868 407
s 4914 309 129
s 4915 187 84
s 4916 158 75
s 4917 554 211
s 4918 711 327
s 4919 464 218
s 4920 190 91
s 4921 136 60
s 4922 131 62
s 4923 210 82
s 4924 554 249
s 4925 90 37
s 4926 521 254
s 4927 236 95
s 4928 447 186
s 4929 36 12
s 4930 14 5
s 4931 365 164
s 4932 583 254
s 4933 379 162
s 4934 376 166
s 4935 904 412
s 4936 242 98
s 4937 114 44
s 4938 1345 632
s 4939 551 246
s 4940 912 427
s 4941 127 64
s 4942 183 86
s 4943 152 55
s 4944 153 65
s 4945 140 63
s 4946 76 37
s 4947 173 65
s 4948 803 357
s 4949 926 410
s 4950 1767 762
s 4951 699 305
s 4952 755 336
s 4953 36 17
s 4954 271 130
s 4955 281 114
s 4956 95 47
s 4957 793 350
s 4958 81 28
s 4959 115 49
s 4960 334 129
s 4961 916 400
s 4962 323 136
s 4963 190 73
s 4964 512 237
s 4965 628 256
s 4966 139 64
s 4967 49 26
s 4968 824 391
s 4969 817 353
s 4970 512 216
s 4971 354 151
s 4972 310 139
s 4973 415 163
s 4974 367 162
s 4975 454 207
s 4976 580 266
s 4977 251 132
s 4978 251 114
s 4983 533 239
s 4984 323 136
s 4985 505 223
s 4987 828 332
s 4990 347 136
s 4992 879 367
s 4993 335 129
s 4995 465 204
s 4999 766 376
s 5000 414 168
s 5001 226 88
s 5002 130 56
s 5009 203 89
s 5019 139 63
s 5141 1195 599
s 5142 818 406
s 5143 351 180
s 5145 1121 552
s 5146 1495 760
s 5147 883 452
s 5148 448 241
s 5149 1265 626
s 5150 814 419
s 5151 690 382
s 5152 331 175
s 5153 256 140
s 5154 398 206
s 5155 1056 558
s 5156 1104 561
s 5157 270 141
s 5158 125 68
s 5159 755 367
s 5160 318 138
s 5161 416 203
s 5162 773 426
s 5163 439 208
s 5164 558 280
s 5165 240 128
s 5166 301 165
s 5167 407 210
s 5168 914 503
s 5169 1133 643
s 5170 219 125
s 5171 193 93
s 5172 161 94
s 5173 599 271
s 5174 1065 554
s 5175 393 193
s 5176 231 129
s 5177 162 101
s 5178 132 70
s 5179 239 109
s 5180 702 407
s 5181 112 59
s 5182 539 290
s 5183 245 131
s 5184 385 191
s 5185 40 21
s 5186 23 10
s 5187 501 261
s 5188 550 277
s 5189 445 195
s 5190 465 242
s 5191 1112 578
s 5192 221 115
s 5193 171 86
s 5194 1564 823
s 5195 542 281
s 5196 1115 581
s 5197 120 68
s 5198 214 101
s 5199 99 51
s 5200 177 91
s 5201 194 99
s 5202 89 48
s 5203 169 89
s 5204 846 447
s 5205 1080 571
s 5206 1709 888
s 5207 641 355
s 5208 852 470
s 5209 36 21
s 5210 280 134
s 5211 246 133
s 5212 123 73
s 5213 959 501
s 5214 109 56
s 5215 139 69
s 5216 414 216
s 5217 969 502
s 5218 354 163
s 5219 223 100
s 5220 490 259
s 5221 684 348
s 5222 186 89
s 5223 74 41
s 5224 1135 610
s 5225 760 411
s 5226 657 331
s 5227 427 234
s 5228 439 211
s 5229 472 221
s 5230 443 252
s 5231 352 173
s 5232 409 200
s 5233 275 153
s 5234 329 157
s 5239 464 247
s 5240 368 178
s 5241 475 264
s 5243 707 348
s 5246 412 209
s 5248 833 455
s 5249 393 202
s 5251 349 177
s 5255 871 468
s 5256 472 232
s 5257 327 141
s 5258 169 89
s 5265 284 134
s 5275 135 76
s 5398 1633 762
s 5399 655 302
s 5401 1930 884
s 5402 3467 1634
s 5403 2135 1042
s 5404 937 450
s 5405 2761 1320
s 5406 1966 980
s 5407 1690 854
s 5408 678 353
s 5409 536 280
s 5410 653 309
s 5411 1660 762
s 5412 2238 1087
s 5413 637 311
s 5414 285 127
s 5415 1348 592
s 5416 605 285
s 5417 939 459
s 5418 1674 848
s 5419 813 367
s 5420 1073 482
s 5421 509 255
s 5422 674 328
s 5423 812 404
s 5424 1804 878
s 5425 2466 1256
s 5426 661 359
s 5427 474 206
s 5428 351 198
s 5429 1295 514
s 5430 2513 1321
s 5431 923 452
s 5432 496 241
s 5433 311 163
s 5434 294 144
s 5435 498 220
s 5436 1502 746
s 5437 225 110
s 5438 1151 631
s 5439 481 224
s 5440 931 410
s 5441 84 40
s 5442 56 28
s 5443 1198 627
s 5444 1164 612
s 5445 1109 508
s 5446 1064 521
s 5447 2423 1231
s 5448 483 200
s 5449 274 116
s 5450 2873 1419
s 5451 1165 567
s 5452 2113 1100
s 5453 205 86
s 5454 452 240
s 5455 296 132
s 5456 443 231
s 5457 433 228
s 5458 198 112
s 5459 431 188
s 5460 1885 909
s 5461 2266 1114
s 5462 3628 1719
s 5463 1565 804
s 5464 1818 969
s 5465 79 42
s 5466 542 284
s 5467 590 322
s 5468 239 127
s 5469 2327 1184
s 5470 252 122
s 5471 293 147
s 5472 945 466
s 5473 1913 942
s 5474 869 398
s 5475 501 228
s 5476 1249 625
s 5477 1282 607
s 5478 411 206
s 5479 112 54
s 5480 2385 1208
s 5481 1601 796
s 5482 1423 698
s 5483 850 440
s 5484 1002 438
s 5485 1080 411
s 5486 898 463
s 5487 906 436
s 5488 1168 561
s 5489 488 257
s 5490 681 304
s 5495 1113 538
s 5496 751 344
s 5497 1019 519
s 5499 1589 723
s 5502 842 394
s 5504 1710 800
s 5505 869 425
s 5507 831 381
s 5511 1828 966
s 5512 913 413
s 5513 669 291
s 5514 341 165
s 5521 603 260
s 5531 298 135
s 5655 474 231
s 5657 1109 524
s 5658 2096 1023
s 5659 1345 687
s 5660 626 290
s 5661 1916 874
s 5662 1157 600
s 5663 985 498
s 5664 439 237
s 5665 341 182
s 5666 363 164
s 5667 1057 488
s 5668 1354 620
s 5669 370 164
s 5670 162 77
s 5671 755 385
s 5672 384 174
s 5673 793 393
s 5674 1285 705
s 5675 514 244
s 5676 908 470
s 5677 297 151
s 5678 435 199
s 5679 506 253
s 5680 1432 730
s 5681 1522 776
s 5682 363 189
s 5683 254 120
s 5684 176 89
s 5685 825 382
s 5686 1804 935
s 5687 573 277
s 5688 390 207
s 5689 188 102
s 5690 167 88
s 5691 331 143
s 5692 1078 554
s 5693 147 79
s 5694 609 333
s 5695 340 155
s 5696 533 230
s 5697 57 30
s 5698 29 18
s 5699 1025 532
s 5700 662 340
s 5701 719 353
s 5702 778 392
s 5703 1412 724
s 5704 305 138
s 5705 200 88
s 5706 1584 837
s 5707 649 307
s 5708 1076 609
s 5709 142 73
s 5710 308 152
s 5711 164 73
s 5712 266 138
s 5713 308 153
s 5714 117 59
s 5715 203 113
s 5716 1101 532
s 5717 1256 583
s 5718 1961 1018
s 5719 941 464
s 5720 988 512
s 5721 71 34
s 5722 314 162
s 5723 306 160
s 5724 132 69
s 5725 1697 834
s 5726 201 92
s 5727 215 116
s 5728 701 338
s 5729 1225 620
s 5730 554 258
s 5731 341 164
s 5732 616 281
s 5733 669 332
s 5734 221 107
s 5735 77 41
s 5736 1952 1011
s 5737 894 454
s 5738 695 360
s 5739 498 239
s 5740 659 309
s 5741 784 298
s 5742 438 217
s 5743 497 245
s 5744 622 313
s 5745 266 153
s 5746 466 196
s 5751 595 285
s 5752 433 200
s 5753 570 303
s 5755 857 359
s 5758 431 202
s 5760 966 481
s 5761 588 293
s 5763 464 223
s 5767 1266 682
s 5768 578 270
s 5769 449 218
s 5770 220 117
s 5777 367 164
s 5787 183 83
s 5913 501 228
s 5914 1130 559
s 5915 743 392
s 5916 114 46
s 5917 321 148
s 5918 638 341
s 5919 506 261
s 5920 156 90
s 5921 108 53
s 5922 141 70
s 5923 470 214
s 5924 397 195
s 5925 192 93
s 5926 31 19
s 5927 304 149
s 5928 215 110
s 5929 291 140
s 5930 283 152
s 5931 154 77
s 5932 369 191
s 5933 167 87
s 5934 201 90
s 5935 149 76
s 5936 624 321
s 5937 327 169
s 5938 197 120
s 5939 126 52
s 5940 73 32
s 5941 374 173
s 5942 635 352
s 5943 100 48
s 5944 130 65
s 5945 68 38
s 5946 74 35
s 5947 107 49
s 5948 189 104
s 5949 55 32
s 5950 337 185
s 5951 167 84
s 5952 288 138
s 5953 29 15
s 5954 15 5
s 5955 359 210
s 5956 357 185
s 5957 159 83
s 5958 323 158
s 5959 613 337
s 5960 149 70
s 5961 80 28
s 5962 758 388
s 5963 327 171
s 5964 387 205
s 5965 28 16
s 5966 46 22
s 5967 93 41
s 5968 98 51
s 5969 76 40
s 5970 59 27
s 5971 116 44
s 5972 522 302
s 5973 540 263
s 5974 1132 533
s 5975 520 251
s 5976 441 247
s 5977 24 14
s 5978 147 79
s 5979 136 74
s 5980 46 23
s 5981 673 339
s 5982 76 42
s 5983 99 46
s 5984 104 52
s 5985 403 188
s 5986 129 58
s 5987 58 23
s 5988 316 156
s 5989 408 193
s 5990 109 61
s 5991 37 15
s 5992 335 167
s 5993 512 235
s 5994 283 125
s 5995 162 88
s 5996 128 60
s 5997 351 157
s 5998 231 120
s 5999 268 146
s 6000 350 169
s 6001 111 61
s 6002 189 89
s 6007 326 166
s 6008 125 52
s 6009 320 161
s 6011 496 219
s 6014 182 82
s 6016 502 243
s 6017 132 60
s 6019 269 152
s 6023 254 129
s 6024 211 100
s 6025 83 34
s 6026 116 56
s 6033 152 73
s 6043 75 38
s 6426 3078 1480
s 6427 2102 1032
s 6428 759 353
s 6429 2358 1079
s 6430 1879 924
s 6431 1677 770
s 6432 395 206
s 6433 531 261
s 6434 153 66
s 6435 802 355
s 6436 1258 593
s 6437 581 285
s 6438 227 99
s 6439 419 174
s 6440 667 311
s 6441 884 437
s 6442 1527 775
s 6443 471 200
s 6444 1090 541
s 6445 473 240
s 6446 493 211
s 6447 476 234
s 6448 1941 913
s 6449 1618 795
s 6450 675 328
s 6451 427 181
s 6452 159 82
s 6453 895 358
s 6454 2330 1227
s 6455 809 389
s 6456 336 172
s 6457 290 152
s 6458 258 107
s 6459 219 93
s 6460 1372 689
s 6461 107 62
s 6462 1194 637
s 6463 513 230
s 6464 878 380
s 6465 71 26
s 6466 48 22
s 6467 1155 579
s 6468 1031 488
s 6469 951 433
s 6470 961 429
s 6471 2334 1193
s 6472 453 188
s 6473 228 102
s 6474 1128 517
s 6475 1043 505
s 6476 416 199
s 6477 158 82
s 6478 403 188
s 6479 281 125
s 6480 346 155
s 6481 404 175
s 6482 62 31
s 6483 371 147
s 6484 1676 749
s 6485 2004 889
s 6486 3186 1457
s 6487 1482 717
s 6488 1391 693
s 6489 92 45
s 6490 256 126
s 6491 507 244
s 6492 146 83
s 6493 1988 935
s 6494 228 99
s 6495 236 133
s 6496 835 397
s 6497 1571 721
s 6498 656 280
s 6499 393 179
s 6500 966 468
s 6501 1149 508
s 6502 350 158
s 6503 117 59
s 6504 2241 1111
s 6505 1547 738
s 6506 264 110
s 6507 526 240
s 6508 898 377
s 6509 1084 417
s 6510 650 303
s 6511 907 424
s 6512 1062 517
s 6513 123 63
s 6514 460 192
s 6519 1081 516
s 6520 290 131
s 6521 1154 558
s 6523 1606 721
s 6526 249 104
s 6528 1356 633
s 6529 711 343
s 6531 860 381
s 6535 1660 836
s 6536 637 299
s 6537 540 228
s 6538 283 108
s 6545 433 169
s 6555 265 131
s 6683 1814 853
s 6684 1339 632
s 6685 3819 1758
s 6686 1758 860
s 6687 1409 705
s 6688 930 473
s 6689 839 473
s 6690 1058 520
s 6691 2762 1337
s 6692 3432 1633
s 6693 608 297
s 6694 394 173
s 6695 1940 880
s 6696 758 350
s 6697 1534 745
s 6698 2498 1309
s 6699 1115 510
s 6700 1857 896
s 6701 628 314
s 6702 1004 459
s 6703 1165 589
s 6704 3120 1567
s 6705 3122 1556
s 6706 591 281
s 6707 493 244
s 6708 448 240
s 6709 1735 737
s 6710 3851 1979
s 6711 1308 659
s 6712 777 392
s 6713 353 175
s 6714 327 162
s 6715 670 307
s 6716 2224 1115
s 6717 277 130
s 6718 1348 720
s 6719 751 341
s 6720 874 423
s 6721 118 56
s 6722 43 19
s 6723 1923 991
s 6724 1157 562
s 6725 1595 731
s 6726 1831 931
s 6727 2916 1477
s 6728 645 293
s 6729 447 211
s 6730 4189 2088
s 6731 1391 682
s 6732 2983 1553
s 6733 320 169
s 6734 645 341
s 6735 299 126
s 6736 607 289
s 6737 622 307
s 6738 300 154
s 6739 349 152
s 6740 2050 985
s 6741 2538 1246
s 6742 4265 2094
s 6743 1269 600
s 6744 2093 1030
s 6745 143 67
s 6746 775 393
s 6747 654 329
s 6748 296 163
s 6749 3706 1782
s 6750 446 208
s 6751 492 264
s 6752 1375 641
s 6753 2783 1330
s 6754 1368 662
s 6755 791 376
s 6756 1290 638
s 6757 1650 776
s 6758 443 204
s 6759 146 82
s 6760 3838 1888
s 6761 1861 919
s 6762 1815 896
s 6763 1083 521
s 6764 1371 653
s 6765 1804 823
s 6766 1187 652
s 6767 834 408
s 6768 1055 511
s 6769 751 376
s 6770 1085 505
s 6775 1035 529
s 6776 1061 459
s 6777 1266 669
s 6779 1634 729
s 6782 1233 603
s 6784 2229 1083
s 6785 1319 601
s 6787 828 417
s 6791 2924 1567
s 6792 1219 570
s 6793 954 469
s 6794 494 245
s 6801 952 416
s 6811 371 180
s 6940 910 451
s 6941 2406 1188
s 6942 864 469
s 6943 698 355
s 6944 573 322
s 6945 494 275
s 6946 747 387
s 6947 1910 1001
s 6948 2187 1119
s 6949 326 144
s 6950 250 113
s 6951 1336 681
s 6952 416 227
s 6953 998 493
s 6954 1454 795
s 6955 788 398
s 6956 1246 652
s 6957 423 222
s 6958 681 315
s 6959 775 393
s 6960 1815 945
s 6961 2142 1160
s 6962 271 150
s 6963 257 127
s 6964 305 167
s 6965 1233 577
s 6966 2247 1203
s 6967 774 416
s 6968 513 262
s 6969 226 112
s 6970 199 97
s 6971 459 207
s 6972 1418 717
s 6973 199 108
s 6974 832 479
s 6975 517 259
s 6976 513 242
s 6977 73 32
s 6978 18 8
s 6979 1142 580
s 6980 667 344
s 6981 889 438
s 6982 1406 716
s 6983 1766 893
s 6984 395 180
s 6985 265 126
s 6986 2933 1542
s 6987 787 415
s 6988 2074 1126
s 6989 215 120
s 6990 410 227
s 6991 141 64
s 6992 397 192
s 6993 386 208
s 6994 174 95
s 6995 160 68
s 6996 1259 617
s 6997 1556 810
s 6998 2757 1402
s 6999 632 336
s 7000 1339 715
s 7001 94 50
s 7002 519 289
s 7003 355 174
s 7004 213 122
s 7005 2485 1238
s 7006 263 133
s 7007 291 148
s 7008 911 482
s 7009 1806 983
s 7010 912 452
s 7011 449 204
s 7012 770 407
s 7013 1045 504
s 7014 253 136
s 7015 84 44
s 7016 2358 1198
s 7017 1068 564
s 7018 1294 661
s 7019 714 378
s 7020 954 474
s 7021 1146 554
s 7022 703 403
s 7023 419 219
s 7024 484 273
s 7025 516 282
s 7026 781 392
s 7031 616 322
s 7032 734 352
s 7033 541 297
s 7035 921 425
s 7038 859 444
s 7040 1420 748
s 7041 844 439
s 7043 451 232
s 7047 1931 1097
s 7048 789 422
s 7049 570 273
s 7050 340 166
s 7057 606 288
s 7067 232 122
s 7197 219 110
s 7198 759 369
s 7199 714 362
s 7200 203 100
s 7201 95 54
s 7202 255 106
s 7203 641 309
s 7204 525 257
s 7205 263 133
s 7206 26 14
s 7207 440 184
s 7208 284 140
s 7209 319 147
s 7210 237 131
s 7211 188 88
s 7212 479 229
s 7213 185 91
s 7214 268 121
s 7215 194 84
s 7216 697 339
s 7217 448 217
s 7218 257 142
s 7219 153 66
s 7220 120 57
s 7221 467 208
s 7222 894 421
s 7223 75 41
s 7224 196 108
s 7225 60 29
s 7226 111 68
s 7227 123 51
s 7228 83 37
s 7229 55 27
s 7230 373 194
s 7231 204 87
s 7232 390 186
s 7233 18 8
s 7234 28 11
s 7235 383 196
s 7236 421 176
s 7237 76 31
s 7238 363 199
s 7239 707 353
s 7240 186 74
s 7241 89 44
s 7242 1077 511
s 7243 489 239
s 7244 675 350
s 7245 22 11
s 7246 32 12
s 7247 109 47
s 7248 144 65
s 7249 65 32
s 7250 60 30
s 7251 144 58
s 7252 612 289
s 7253 648 314
s 7254 1431 676
s 7255 614 317
s 7256 560 316
s 7257 37 20
s 7258 193 94
s 7259 262 120
s 7260 39 16
s 7261 751 348
s 7262 93 47
s 7263 82 39
s 7264 52 23
s 7265 355 173
s 7266 74 32
s 7267 27 10
s 7268 385 182
s 7269 556 255
s 7270 115 65
s 7271 38 19
s 7272 163 94
s 7273 622 313
s 7274 447 222
s 7275 243 115
s 7276 61 24
s 7277 409 159
s 7278 252 133
s 7279 361 170
s 7280 432 208
s 7281 182 99
s 7282 247 111
s 7287 453 231
s 7288 192 94
s 7289 406 213
s 7291 664 324
s 7294 268 127
s 7296 616 299
s 7297 63 35
s 7299 324 159
s 7303 138 80
s 7304 326 136
s 7305 77 41
s 7306 111 52
s 7313 231 105
s 7323 69 32
s 7454 2210 1062
s 7455 2012 954
s 7456 610 291
s 7457 248 109
s 7458 745 359
s 7459 2070 964
s 7460 1561 711
s 7461 714 355
s 7462 65 26
s 7463 1541 664
s 7464 772 354
s 7465 933 448
s 7466 691 357
s 7467 589 272
s 7468 1183 567
s 7469 688 331
s 7470 712 303
s 7471 629 304
s 7472 2174 1006
s 7473 1108 560
s 7474 716 407
s 7475 444 199
s 7476 379 206
s 7477 1189 493
s 7478 2425 1236
s 7479 150 57
s 7480 606 310
s 7481 190 101
s 7482 331 152
s 7483 410 190
s 7484 204 103
s 7485 212 105
s 7486 1309 688
s 7487 583 272
s 7488 1051 468
s 7489 96 47
s 7490 60 28
s 7491 1332 663
s 7492 1494 725
s 7493 147 62
s 7494 980 512
s 7495 2120 1109
s 7496 521 257
s 7497 278 117
s 7498 3988 1958
s 7499 1476 686
s 7500 2427 1278
s 7501 41 21
s 7502 76 40
s 7503 359 157
s 7504 437 216
s 7505 178 75
s 7506 186 94
s 7507 399 162
s 7508 1632 757
s 7509 1874 932
s 7510 4499 2208
s 7511 1710 847
s 7512 1944 1002
s 7513 95 41
s 7514 699 365
s 7515 613 314
s 7516 150 83
s 7517 2197 1022
s 7518 338 148
s 7519 292 143
s 7520 82 29
s 7521 958 448
s 7522 160 74
s 7523 61 23
s 7524 974 490
s 7525 1681 758
s 7526 297 136
s 7527 93 47
s 7528 347 162
s 7529 1906 932
s 7530 1434 683
s 7531 782 375
s 7532 93 33
s 7533 1240 536
s 7534 940 475
s 7535 1086 522
s 7536 1271 610
s 7537 649 326
s 7538 700 317
s 7543 1241 565
s 7544 500 237
s 7545 1241 645
s 7547 2030 942
s 7550 827 401
s 7552 2044 963
s 7553 110 54
s 7555 999 467
s 7559 313 157
s 7560 922 455
s 7561 210 101
s 7562 384 176
s 7569 623 272
s 7579 140 79
s 7711 673 347
s 7712 545 285
s 7713 441 253
s 7714 653 300
s 7715 1766 869
s 7716 1928 972
s 7717 269 128
s 7718 249 133
s 7719 1199 591
s 7720 388 195
s 7721 812 417
s 7722 1503 871
s 7723 666 318
s 7724 1157 589
s 7725 324 175
s 7726 607 275
s 7727 730 352
s 7728 1827 935
s 7729 2204 1237
s 7730 243 128
s 7731 295 155
s 7732 261 144
s 7733 966 441
s 7734 2197 1211
s 7735 745 401
s 7736 417 245
s 7737 184 91
s 7738 156 79
s 7739 465 210
s 7740 1332 748
s 7741 210 99
s 7742 774 455
s 7743 444 210
s 7744 400 187
s 7745 83 43
s 7746 17 10
s 7747 1228 666
s 7748 471 247
s 7749 858 441
s 7750 936 494
s 7751 1747 958
s 7752 337 149
s 7753 209 109
s 7754 2545 1338
s 7755 646 289
s 7756 1925 1097
s 7757 165 82
s 7758 386 207
s 7759 137 70
s 7760 363 181
s 7761 372 189
s 7762 192 111
s 7763 144 64
s 7764 1039 542
s 7765 1336 668
s 7766 2300 1170
s 7767 545 295
s 7768 1206 687
s 7769 89 48
s 7770 490 264
s 7771 369 196
s 7772 187 99
s 7773 1994 1028
s 7774 252 125
s 7775 230 119
s 7776 821 404
s 7777 1524 782
s 7778 697 332
s 7779 375 167
s 7780 619 315
s 7781 871 449
s 7782 196 98
s 7783 66 34
s 7784 2103 1128
s 7785 992 504
s 7786 1219 644
s 7787 658 344
s 7788 864 414
s 7789 980 425
s 7790 634 329
s 7791 339 177
s 7792 409 212
s 7793 504 292
s 7794 619 315
s 7799 615 321
s 7800 671 302
s 7801 565 292
s 7803 886 436
s 7806 732 377
s 7808 1257 624
s 7809 742 378
s 7811 393 202
s 7815 1601 853
s 7816 706 360
s 7817 566 289
s 7818 287 135
s 7825 539 265
s 7835 214 114
s 7968 538 289
s 7969 355 193
s 7970 522 270
s 7971 1393 691
s 7972 1740 920
s 7973 216 104
s 7974 197 104
s 7975 1055 494
s 7976 291 146
s 7977 770 402
s 7978 1244 676
s 7979 594 289
s 7980 904 483
s 7981 294 153
s 7982 459 226
s 7983 605 307
s 7984 1562 855
s 7985 1821 1012
s 7986 207 107
s 7987 206 101
s 7988 266 151
s 7989 753 365
s 7990 2053 1147
s 7991 775 433
s 7992 388 214
s 7993 178 93
s 7994 159 89
s 7995 347 176
s 7996 1204 669
s 7997 184 96
s 7998 758 430
s 7999 344 166
s 8000 314 162
s 8001 69 44
s 8002 10 3
s 8003 997 542
s 8004 425 215
s 8005 806 393
s 8006 921 483
s 8007 1445 787
s 8008 264 123
s 8009 205 111
s 8010 2195 1154
s 8011 531 290
s 8012 1835 1017
s 8013 192 98
s 8014 305 143
s 8015 124 62
s 8016 341 196
s 8017 331 187
s 8018 181 103
s 8019 129 53
s 8020 893 452
s 8021 1102 551
s 8022 2026 1038
s 8023 460 232
s 8024 1146 642
s 8025 66 42
s 8026 423 225
s 8027 268 133
s 8028 189 109
s 8029 1938 1025
s 8030 199 103
s 8031 208 116
s 8032 727 378
s 8033 1377 721
s 8034 621 296
s 8035 313 153
s 8036 513 261
s 8037 728 370
s 8038 166 110
s 8039 92 51
s 8040 1834 1025
s 8041 783 409
s 8042 1076 557
s 8043 602 298
s 8044 708 300
s 8045 887 391
s 8046 542 313
s 8047 253 126
s 8048 325 173
s 8049 436 251
s 8050 549 251
s 8055 567 302
s 8056 575 291
s 8057 1336 776
s 8059 760 392
s 8062 627 324
s 8064 1053 552
s 8065 630 323
s 8067 338 160
s 8071 1486 823
s 8072 644 362
s 8073 529 280
s 8074 234 122
s 8081 481 222
s 8091 186 100
s 8225 109 61
s 8226 105 55
s 8227 402 223
s 8228 536 294
s 8229 185 89
s 8230 53 25
s 8231 227 112
s 8232 227 123
s 8233 139 69
s 8234 393 238
s 8235 180 99
s 8236 196 110
s 8237 153 78
s 8238 99 38
s 8239 211 112
s 8240 353 163
s 8241 493 255
s 8242 152 89
s 8243 102 50
s 8244 75 37
s 8245 307 134
s 8246 459 247
s 8247 239 144
s 8248 81 34
s 8249 61 30
s 8250 96 45
s 8251 93 40
s 8252 306 163
s 8253 45 21
s 8254 262 151
s 8255 110 62
s 8256 274 141
s 8257 16 6
s 8258 6 3
s 8259 220 123
s 8260 334 190
s 8261 297 143
s 8262 169 81
s 8263 674 371
s 8264 139 76
s 8265 51 26
s 8266 513 262
s 8267 343 190
s 8268 326 177
s 8269 40 21
s 8270 93 58
s 8271 75 40
s 8272 69 36
s 8273 102 54
s 8274 36 20
s 8275 89 37
s 8276 471 250
s 8277 512 284
s 8278 963 479
s 8279 414 228
s 8280 434 238
s 8281 26 12
s 8282 114 61
s 8283 98 53
s 8284 69 40
s 8285 415 209
s 8286 64 30
s 8287 61 39
s 8288 252 129
s 8289 399 205
s 8290 183 88
s 8291 101 46
s 8292 225 121
s 8293 369 202
s 8294 95 51
s 8295 28 15
s 8296 552 299
s 8297 445 251
s 8298 214 112
s 8299 165 86
s 8300 221 129
s 8301 186 90
s 8302 246 148
s 8303 211 118
s 8304 280 157
s 8305 96 49
s 8306 126 60
s 8311 305 169
s 8312 120 55
s 8313 317 170
s 8315 455 232
s 8318 141 62
s 8320 422 228
s 8321 175 91
s 8323 226 112
s 8327 482 255
s 8328 187 91
s 8329 152 79
s 8330 59 28
s 8337 102 44
s 8347 60 26
s 8482 193 110
s 8483 412 207
s 8484 351 196
s 8485 153 75
s 8486 29 10
s 8487 292 150
s 8488 150 74
s 8489 181 95
s 8490 201 122
s 8491 130 68
s 8492 294 157
s 8493 122 66
s 8494 171 90
s 8495 120 65
s 8496 631 356
s 8497 422 247
s 8498 143 81
s 8499 113 65
s 8500 96 52
s 8501 287 161
s 8502 599 345
s 8503 101 50
s 8504 111 69
s 8505 64 38
s 8506 75 39
s 8507 101 51
s 8508 126 73
s 8509 46 19
s 8510 380 220
s 8511 101 46
s 8512 202 109
s 8513 23 9
s 8514 15 10
s 8515 278 177
s 8516 266 146
s 8517 76 40
s 8518 279 162
s 8519 575 330
s 8520 122 67
s 8521 57 23
s 8522 885 482
s 8523 321 180
s 8524 543 329
s 8525 22 14
s 8526 38 18
s 8527 62 33
s 8528 126 64
s 8529 55 31
s 8530 67 32
s 8531 106 54
s 8532 362 192
s 8533 466 245
s 8534 1025 549
s 8535 351 189
s 8536 422 252
s 8537 24 14
s 8538 138 74
s 8539 156 76
s 8540 57 36
s 8541 605 320
s 8542 77 43
s 8543 72 33
s 8544 67 29
s 8545 308 142
s 8546 88 38
s 8547 34 15
s 8548 333 162
s 8549 243 130
s 8550 77 41
s 8551 20 5
s 8552 204 106
s 8553 425 240
s 8554 356 189
s 8555 238 121
s 8556 77 50
s 8557 328 146
s 8558 185 114
s 8559 209 116
s 8560 347 178
s 8561 142 91
s 8562 186 103
s 8567 298 167
s 8568 169 83
s 8569 223 113
s 8571 397 203
s 8574 235 123
s 8576 414 234
s 8577 78 40
s 8579 221 122
s 8583 168 100
s 8584 239 138
s 8585 107 56
s 8586 63 32
s 8593 174 88
s 8603 59 32
s 8739 212 85
s 8740 391 196
s 8741 197 88
s 8742 76 39
s 8743 103 45
s 8744 193 93
s 8745 273 137
s 8746 468 238
s 8747 142 54
s 8748 336 167
s 8749 146 65
s 8750 223 110
s 8751 153 73
s 8752 734 371
s 8753 511 277
s 8754 251 139
s 8755 165 82
s 8756 54 28
s 8757 346 168
s 8758 739 388
s 8759 281 144
s 8760 131 69
s 8761 92 44
s 8762 84 47
s 8763 86 45
s 8764 480 263
s 8765 42 18
s 8766 438 237
s 8767 189 95
s 8768 271 131
s 8769 25 15
s 8770 20 10
s 8771 329 180
s 8772 322 152
s 8773 275 128
s 8774 375 187
s 8775 837 456
s 8776 159 78
s 8777 87 41
s 8778 351 179
s 8779 354 172
s 8780 57 29
s 8781 65 33
s 8782 174 80
s 8783 89 49
s 8784 120 59
s 8785 108 48
s 8786 24 9
s 8787 126 49
s 8788 515 248
s 8789 721 388
s 8790 1070 521
s 8791 478 233
s 8792 440 234
s 8793 29 16
s 8794 82 46
s 8795 191 93
s 8796 76 39
s 8797 615 293
s 8798 89 41
s 8799 70 39
s 8800 264 132
s 8801 503 235
s 8802 223 100
s 8803 174 86
s 8804 374 179
s 8805 431 214
s 8806 127 58
s 8807 57 22
s 8808 687 365
s 8809 672 361
s 8810 45 23
s 8811 158 85
s 8812 237 117
s 8813 396 171
s 8814 239 118
s 8815 313 149
s 8816 391 203
s 8817 33 11
s 8818 176 77
s 8823 359 171
s 8824 86 37
s 8825 376 174
s 8827 583 284
s 8830 56 28
s 8832 472 218
s 8833 217 104
s 8835 326 155
s 8839 603 310
s 8840 237 106
s 8841 181 84
s 8842 90 51
s 8849 151 66
s 8859 107 62
s 8996 1391 669
s 8997 499 225
s 8998 162 73
s 8999 574 251
s 9000 571 273
s 9001 871 403
s 9002 1450 766
s 9003 404 185
s 9004 879 443
s 9005 397 211
s 9006 422 184
s 9007 450 218
s 9008 1311 684
s 9009 1343 700
s 9010 492 236
s 9011 388 202
s 9012 154 86
s 9013 768 299
s 9014 1962 1001
s 9015 646 310
s 9016 269 138
s 9017 264 144
s 9018 206 93
s 9019 233 93
s 9020 1135 593
s 9021 89 42
s 9022 917 512
s 9023 417 190
s 9024 784 358
s 9025 59 29
s 9026 48 24
s 9027 925 474
s 9028 936 426
s 9029 805 382
s 9030 861 399
s 9031 2058 1079
s 9032 404 194
s 9033 187 88
s 9034 1341 633
s 9035 926 441
s 9036 571 284
s 9037 155 66
s 9038 342 185
s 9039 236 101
s 9040 251 125
s 9041 335 162
s 9042 80 44
s 9043 326 130
s 9044 1603 772
s 9045 1618 789
s 9046 2708 1273
s 9047 1277 649
s 9048 1258 670
s 9049 62 26
s 9050 275 133
s 9051 386 199
s 9052 107 53
s 9053 1706 821
s 9054 206 99
s 9055 192 88
s 9056 831 391
s 9057 1331 636
s 9058 609 287
s 9059 387 158
s 9060 908 446
s 9061 1032 502
s 9062 323 150
s 9063 123 66
s 9064 1995 1020
s 9065 1235 599
s 9066 381 178
s 9067 520 256
s 9068 754 341
s 9069 726 283
s 9070 620 328
s 9071 687 355
s 9072 832 390
s 9073 166 90
s 9074 459 178
s 9079 857 409
s 9080 316 124
s 9081 815 400
s 9083 1162 553
s 9086 286 141
s 9088 1129 538
s 9089 699 340
s 9091 646 282
s 9095 1346 709
s 9096 602 270
s 9097 408 181
s 9098 231 110
s 9105 351 150
s 9115 222 98
s 9253 596 274
s 9254 139 74
s 9255 833 384
s 9256 695 325
s 9257 853 426
s 9258 1076 531
s 9259 450 203
s 9260 988 481
s 9261 499 264
s 9262 508 237
s 9263 552 272
s 9264 1586 800
s 9265 1419 776
s 9266 573 299
s 9267 513 253
s 9268 209 116
s 9269 1059 457
s 9270 2003 993
s 9271 564 267
s 9272 394 197
s 9273 242 120
s 9274 241 117
s 9275 322 140
s 9276 834 460
s 9277 129 58
s 9278 1192 630
s 9279 543 251
s 9280 872 391
s 9281 70 37
s 9282 46 26
s 9283 930 488
s 9284 1280 612
s 9285 688 319
s 9286 907 473
s 9287 2350 1274
s 9288 530 238
s 9289 203 91
s 9290 1965 1014
s 9291 1228 584
s 9292 1138 635
s 9293 94 44
s 9294 261 136
s 9295 260 130
s 9296 346 167
s 9297 287 160
s 9298 136 68
s 9299 398 173
s 9300 1757 854
s 9301 1788 871
s 9302 3483 1751
s 9303 1583 872
s 9304 1659 883
s 9305 71 34
s 9306 402 208
s 9307 435 227
s 9308 140 58
s 9309 2092 1051
s 9310 214 91
s 9311 255 119
s 9312 559 274
s 9313 1321 690
s 9314 510 247
s 9315 249 108
s 9316 1034 547
s 9317 1299 609
s 9318 324 176
s 9319 117 65
s 9320 1403 757
s 9321 1557 795
s 9322 737 364
s 9323 702 345
s 9324 532 249
s 9325 868 377
s 9326 662 334
s 9327 891 461
s 9328 989 519
s 9329 289 152
s 9330 610 295
s 9335 1103 584
s 9336 444 214
s 9337 1064 551
s 9339 1654 803
s 9342 530 255
s 9344 1431 708
s 9345 485 251
s 9347 775 388
s 9351 1095 577
s 9352 722 344
s 9353 336 159
s 9354 272 131
s 9361 454 207
s 9371 224 134
s 9510 62 32
s 9511 371 172
s 9512 102 52
s 9513 280 143
s 9514 450 233
s 9515 222 91
s 9516 341 167
s 9517 91 39
s 9518 173 75
s 9519 215 90
s 9520 630 299
s 9521 695 348
s 9522 64 28
s 9523 88 44
s 9524 65 34
s 9525 303 124
s 9526 685 325
s 9527 258 121
s 9528 146 59
s 9529 54 31
s 9530 53 25
s 9531 121 51
s 9532 419 227
s 9533 72 36
s 9534 227 112
s 9535 137 50
s 9536 128 54
s 9537 23 11
s 9538 7 5
s 9539 436 233
s 9540 153 79
s 9541 282 150
s 9542 324 165
s 9543 576 294
s 9544 106 48
s 9545 75 35
s 9546 890 439
s 9547 209 107
s 9548 667 357
s 9549 73 37
s 9550 122 54
s 9551 47 19
s 9552 116 48
s 9553 99 40
s 9554 54 28
s 9555 47 14
s 9556 326 157
s 9557 408 183
s 9558 783 388
s 9559 162 93
s 9560 400 201
s 9561 26 15
s 9562 132 52
s 9563 99 49
s 9564 65 40
s 9565 666 332
s 9566 74 35
s 9567 85 40
s 9568 250 119
s 9569 541 237
s 9570 224 100
s 9571 134 50
s 9572 200 106
s 9573 259 130
s 9574 55 23
s 9575 11 9
s 9576 683 335
s 9577 331 178
s 9578 386 190
s 9579 228 114
s 9580 243 90
s 9581 313 133
s 9582 211 103
s 9583 96 44
s 9584 120 64
s 9585 178 94
s 9586 192 88
s 9591 196 91
s 9592 205 94
s 9593 165 64
s 9595 262 125
s 9598 216 107
s 9600 376 167
s 9601 266 121
s 9603 98 45
s 9607 488 246
s 9608 234 103
s 9609 173 64
s 9610 93 36
s 9617 177 72
s 9627 57 30
s 9767 121 67
s 9768 72 32
s 9769 93 41
s 9770 69 33
s 9771 53 25
s 9772 120 43
s 9773 73 36
s 9774 78 34
s 9775 49 25
s 9776 278 130
s 9777 126 69
s 9778 108 53
s 9779 47 22
s 9780 31 21
s 9781 152 70
s 9782 248 122
s 9783 35 19
s 9784 60 32
s 9785 24 14
s 9786 32 11
s 9787 37 19
s 9788 53 26
s 9789 30 17
s 9790 148 89
s 9791 71 32
s 9792 127 66
s 9793 19 9
s 9794 10 5
s 9795 124 66
s 9796 137 68
s 9797 27 12
s 9798 125 60
s 9799 231 106
s 9800 49 19
s 9801 29 8
s 9802 289 137
s 9803 122 61
s 9804 196 108
s 9805 14 7
s 9806 11 3
s 9807 41 17
s 9808 46 24
s 9809 19 5
s 9810 20 12
s 9811 27 9
s 9812 145 63
s 9813 204 105
s 9814 461 214
s 9815 154 61
s 9816 164 76
s 9817 18 10
s 9818 99 48
s 9819 93 40
s 9820 19 11
s 9821 210 112
s 9822 19 9
s 9823 30 14
s 9824 15 10
s 9825 139 67
s 9826 30 11
s 9827 18 7
s 9828 137 61
s 9829 155 76
s 9830 36 21
s 9831 13 7
s 9832 75 36
s 9833 224 112
s 9834 124 57
s 9835 78 44
s 9836 18 6
s 9837 146 68
s 9838 76 38
s 9839 125 66
s 9840 159 85
s 9841 61 33
s 9842 84 42
s 9847 143 68
s 9848 67 37
s 9849 152 77
s 9851 220 91
s 9854 75 30
s 9856 184 88
s 9857 19 4
s 9859 130 68
s 9863 76 38
s 9864 113 47
s 9865 42 16
s 9866 44 16
s 9873 64 26
s 9883 20 13
s 10024 459 209
s 10025 569 246
s 10026 1029 547
s 10027 232 101
s 10028 666 300
s 10029 300 153
s 10030 313 146
s 10031 326 150
s 10032 1078 506
s 10033 949 453
s 10034 341 164
s 10035 265 114
s 10036 85 34
s 10037 637 264
s 10038 1509 727
s 10039 532 228
s 10040 223 110
s 10041 143 76
s 10042 177 81
s 10043 156 62
s 10044 826 417
s 10045 57 30
s 10046 722 391
s 10047 296 131
s 10048 533 235
s 10049 34 18
s 10050 32 14
s 10051 755 370
s 10052 676 315
s 10053 627 293
s 10054 585 291
s 10055 1438 721
s 10056 292 124
s 10057 158 63
s 10058 643 276
s 10059 693 306
s 10060 292 153
s 10061 101 56
s 10062 239 114
s 10063 150 58
s 10064 198 83
s 10065 221 110
s 10066 52 26
s 10067 215 93
s 10068 1042 483
s 10069 1242 585
s 10070 2044 928
s 10071 943 422
s 10072 976 510
s 10073 52 25
s 10074 156 68
s 10075 251 117
s 10076 97 55
s 10077 1308 637
s 10078 145 72
s 10079 162 70
s 10080 542 232
s 10081 872 392
s 10082 430 193
s 10083 252 114
s 10084 583 279
s 10085 785 357
s 10086 195 102
s 10087 76 41
s 10088 1314 670
s 10089 846 374
s 10090 171 82
s 10091 318 156
s 10092 559 237
s 10093 619 279
s 10094 417 218
s 10095 500 231
s 10096 610 289
s 10097 84 37
s 10098 378 166
s 10103 739 344
s 10104 197 85
s 10105 632 320
s 10107 1003 450
s 10110 161 68
s 10112 838 399
s 10113 441 209
s 10115 456 211
s 10119 959 466
s 10120 342 136
s 10121 275 110
s 10122 164 71
s 10129 262 94
s 10139 144 78
s 10281 308 152
s 10282 512 286
s 10283 247 120
s 10284 348 172
s 10285 92 45
s 10286 165 61
s 10287 454 195
s 10288 575 283
s 10289 728 362
s 10290 92 41
s 10291 97 45
s 10292 116 51
s 10293 301 126
s 10294 745 375
s 10295 241 115
s 10296 152 74
s 10297 51 29
s 10298 64 32
s 10299 158 68
s 10300 426 218
s 10301 78 44
s 10302 187 94
s 10303 119 61
s 10304 164 72
s 10305 26 11
s 10306 8 3
s 10307 373 199
s 10308 201 105
s 10309 307 143
s 10310 330 166
s 10311 497 266
s 10312 93 49
s 10313 81 31
s 10314 815 411
s 10315 231 108
s 10316 712 376
s 10317 69 35
s 10318 124 65
s 10319 60 27
s 10320 127 62
s 10321 129 62
s 10322 57 34
s 10323 71 27
s 10324 447 231
s 10325 469 224
s 10326 763 373
s 10327 263 127
s 10328 464 229
s 10329 34 15
s 10330 123 60
s 10331 127 62
s 10332 72 35
s 10333 793 390
s 10334 75 40
s 10335 74 31
s 10336 276 147
s 10337 472 222
s 10338 223 102
s 10339 124 62
s 10340 191 87
s 10341 295 121
s 10342 72 36
s 10343 38 14
s 10344 687 374
s 10345 287 140
s 10346 403 199
s 10347 220 106
s 10348 281 127
s 10349 278 126
s 10350 168 84
s 10351 151 79
s 10352 150 71
s 10353 142 71
s 10354 256 119
s 10359 212 125
s 10360 183 90
s 10361 215 102
s 10363 285 137
s 10366 248 125
s 10368 355 167
s 10369 223 108
s 10371 135 72
s 10375 473 246
s 10376 245 106
s 10377 176 78
s 10378 87 51
s 10385 163 69
s 10395 69 27
s 10538 428 241
s 10539 339 160
s 10540 47 17
s 10541 246 134
s 10542 60 21
s 10543 283 153
s 10544 80 36
s 10545 710 381
s 10546 210 106
s 10547 190 91
s 10548 126 68
s 10549 376 172
s 10550 59 27
s 10551 349 179
s 10552 110 53
s 10553 94 45
s 10554 133 61
s 10555 166 71
s 10556 497 256
s 10557 50 21
s 10558 492 262
s 10559 148 66
s 10560 428 198
s 10561 39 19
s 10562 13 6
s 10563 41 17
s 10564 624 315
s 10565 388 188
s 10566 61 29
s 10567 844 404
s 10568 172 95
s 10569 101 39
s 10570 2280 1194
s 10571 568 267
s 10572 743 429
s 10573 70 33
s 10574 149 84
s 10575 118 64
s 10576 52 27
s 10577 120 70
s 10578 42 22
s 10579 128 55
s 10580 766 378
s 10581 849 425
s 10582 1630 784
s 10583 696 328
s 10584 700 369
s 10585 8 4
s 10586 229 122
s 10587 147 72
s 10588 76 47
s 10589 233 120
s 10590 20 11
s 10591 19 8
s 10592 321 146
s 10593 648 291
s 10594 273 123
s 10595 182 87
s 10596 391 210
s 10597 732 371
s 10598 127 64
s 10599 54 30
s 10600 829 420
s 10601 699 359
s 10602 458 215
s 10603 301 137
s 10604 398 184
s 10605 30 12
s 10606 438 230
s 10607 342 184
s 10608 426 213
s 10609 181 95
s 10610 142 62
s 10615 498 260
s 10616 215 97
s 10617 411 226
s 10619 655 307
s 10622 296 146
s 10624 1053 517
s 10625 345 174
s 10627 386 191
s 10631 715 384
s 10632 305 133
s 10633 207 105
s 10634 46 24
s 10641 80 35
s 10651 100 45
s 10795 444 232
s 10796 479 234
s 10797 382 219
s 10798 294 137
s 10799 485 258
s 10800 869 460
s 10801 822 463
s 10802 393 216
s 10803 273 126
s 10804 204 109
s 10805 754 352
s 10806 929 495
s 10807 210 100
s 10808 313 179
s 10809 125 58
s 10810 227 124
s 10811 277 132
s 10812 331 192
s 10813 127 71
s 10814 808 494
s 10815 367 185
s 10816 681 329
s 10817 49 24
s 10818 32 17
s 10819 536 289
s 10820 931 505
s 10821 279 135
s 10822 420 238
s 10823 1447 796
s 10824 318 166
s 10825 147 60
s 10826 1928 1081
s 10827 905 450
s 10828 1479 837
s 10829 64 37
s 10830 97 62
s 10831 189 104
s 10832 185 104
s 10833 133 69
s 10834 100 61
s 10835 239 105
s 10836 1130 571
s 10837 1238 675
s 10838 2558 1353
s 10839 1101 630
s 10840 1246 713
s 10841 49 28
s 10842 388 217
s 10843 335 163
s 10844 104 64
s 10845 1202 630
s 10846 163 90
s 10847 127 70
s 10848 257 141
s 10849 828 442
s 10850 227 105
s 10851 107 54
s 10852 537 265
s 10853 1089 531
s 10854 194 108
s 10855 53 28
s 10856 615 344
s 10857 1049 585
s 10858 810 419
s 10859 444 226
s 10860 224 109
s 10861 410 195
s 10862 576 314
s 10863 613 315
s 10864 692 398
s 10865 317 172
s 10866 373 198
s 10871 829 462
s 10872 350 187
s 10873 770 471
s 10875 1113 560
s 10878 483 261
s 10880 1120 611
s 10881 224 122
s 10883 569 310
s 10887 486 266
s 10888 486 266
s 10889 187 105
s 10890 176 93
s 10897 254 126
s 10907 117 70
s 11052 378 189
s 11053 169 87
s 11054 195 108
s 11055 180 77
s 11056 703 322
s 11057 544 290
s 11058 206 98
s 11059 174 73
s 11060 87 44
s 11061 366 165
s 11062 860 418
s 11063 165 87
s 11064 177 91
s 11065 94 48
s 11066 83 38
s 11067 100 56
s 11068 271 131
s 11069 55 25
s 11070 488 275
s 11071 170 72
s 11072 321 145
s 11073 22 13
s 11074 28 13
s 11075 480 233
s 11076 436 200
s 11077 254 124
s 11078 356 166
s 11079 914 462
s 11080 158 61
s 11081 95 41
s 11082 629 330
s 11083 391 162
s 11084 423 214
s 11085 54 28
s 11086 98 46
s 11087 88 43
s 11088 119 63
s 11089 108 64
s 11090 45 26
s 11091 148 67
s 11092 640 309
s 11093 751 343
s 11094 1214 581
s 11095 551 296
s 11096 645 346
s 11097 33 18
s 11098 145 69
s 11099 198 92
s 11100 41 19
s 11101 783 385
s 11102 81 43
s 11103 78 35
s 11104 232 113
s 11105 517 248
s 11106 169 78
s 11107 105 34
s 11108 383 195
s 11109 475 209
s 11110 134 75
s 11111 29 20
s 11112 554 275
s 11113 568 287
s 11114 242 108
s 11115 248 118
s 11116 197 82
s 11117 356 141
s 11118 249 115
s 11119 328 146
s 11120 404 188
s 11121 122 61
s 11122 208 88
s 11127 456 207
s 11128 150 69
s 11129 350 169
s 11131 570 253
s 11134 173 81
s 11136 498 225
s 11137 166 83
s 11139 323 143
s 11143 404 198
s 11144 319 150
s 11145 150 61
s 11146 135 63
s 11153 189 76
s 11163 84 37
s 11309 297 159
s 11310 83 39
s 11311 406 223
s 11312 70 32
s 11313 984 496
s 11314 427 245
s 11315 202 103
s 11316 171 73
s 11317 372 152
s 11318 60 25
s 11319 385 203
s 11320 99 43
s 11321 132 71
s 11322 127 54
s 11323 261 116
s 11324 669 374
s 11325 84 46
s 11326 557 293
s 11327 205 95
s 11328 513 234
s 11329 52 28
s 11330 38 13
s 11331 38 19
s 11332 645 318
s 11333 448 191
s 11334 84 44
s 11335 1206 633
s 11336 225 107
s 11337 96 43
s 11338 1589 802
s 11339 647 334
s 11340 962 522
s 11341 95 50
s 11342 189 94
s 11343 148 72
s 11344 63 28
s 11345 142 78
s 11346 90 49
s 11347 178 83
s 11348 892 446
s 11349 1020 510
s 11350 1858 946
s 11351 796 416
s 11352 826 441
s 11353 7 3
s 11354 292 148
s 11355 203 104
s 11356 99 66
s 11357 278 141
s 11358 17 10
s 11359 18 10
s 11360 411 203
s 11361 1145 606
s 11362 363 160
s 11363 214 101
s 11364 517 248
s 11365 750 362
s 11366 202 95
s 11367 70 36
s 11368 1202 600
s 11369 938 444
s 11370 602 301
s 11371 385 204
s 11372 462 211
s 11373 24 10
s 11374 444 245
s 11375 495 240
s 11376 583 273
s 11377 292 152
s 11378 141 62
s 11383 594 292
s 11384 351 167
s 11385 638 349
s 11387 781 357
s 11390 427 219
s 11392 939 493
s 11393 387 183
s 11395 416 194
s 11399 920 510
s 11400 436 218
s 11401 290 120
s 11402 53 27
s 11409 98 40
s 11419 149 84
s 11566 150 65
s 11567 169 92
s 11568 534 279
s 11569 589 352
s 11570 99 56
s 11571 84 36
s 11572 66 32
s 11573 267 123
s 11574 581 313
s 11575 180 91
s 11576 135 70
s 11577 64 35
s 11578 65 33
s 11579 107 49
s 11580 314 176
s 11581 61 31
s 11582 200 119
s 11583 110 63
s 11584 207 111
s 11585 18 10
s 11586 9 5
s 11587 339 181
s 11588 203 112
s 11589 228 115
s 11590 232 130
s 11591 428 247
s 11592 120 64
s 11593 62 27
s 11594 661 363
s 11595 183 88
s 11596 476 265
s 11597 45 23
s 11598 136 78
s 11599 36 19
s 11600 96 41
s 11601 102 56
s 11602 49 29
s 11603 51 25
s 11604 369 187
s 11605 400 203
s 11606 661 362
s 11607 251 125
s 11608 349 191
s 11609 19 12
s 11610 137 67
s 11611 95 49
s 11612 53 31
s 11613 549 281
s 11614 63 34
s 11615 45 20
s 11616 224 116
s 11617 455 251
s 11618 202 76
s 11619 93 42
s 11620 168 99
s 11621 234 106
s 11622 63 34
s 11623 22 10
s 11624 558 318
s 11625 277 143
s 11626 282 140
s 11627 168 99
s 11628 225 109
s 11629 249 116
s 11630 188 110
s 11631 142 74
s 11632 185 100
s 11633 118 63
s 11634 144 68
s 11639 202 110
s 11640 152 59
s 11641 188 108
s 11643 237 114
s 11646 154 74
s 11648 340 181
s 11649 183 96
s 11651 125 56
s 11655 450 258
s 11656 206 114
s 11657 156 77
s 11658 119 58
s 11665 137 58
s 11675 63 29
s 11823 189 81
s 11824 139 73
s 11825 626 305
s 11826 234 118
s 11827 155 73
s 11828 83 39
s 11829 220 103
s 11830 145 73
s 11831 242 128
s 11832 44 16
s 11833 88 37
s 11834 88 32
s 11835 127 55
s 11836 410 204
s 11837 77 31
s 11838 364 183
s 11839 119 57
s 11840 304 144
s 11841 29 18
s 11842 17 9
s 11843 67 35
s 11844 348 170
s 11845 257 131
s 11846 101 46
s 11847 705 338
s 11848 109 47
s 11849 54 21
s 11850 842 390
s 11851 334 155
s 11852 488 250
s 11853 61 23
s 11854 126 65
s 11855 101 44
s 11856 54 27
s 11857 87 39
s 11858 53 23
s 11859 111 47
s 11860 553 262
s 11861 681 318
s 11862 1232 562
s 11863 487 241
s 11864 448 226
s 11865 10 3
s 11866 189 95
s 11867 150 60
s 11868 89 57
s 11869 247 122
s 11870 14 6
s 11871 31 21
s 11872 254 110
s 11873 554 237
s 11874 253 118
s 11875 135 61
s 11876 396 195
s 11877 397 180
s 11878 98 51
s 11879 44 17
s 11880 621 315
s 11881 555 268
s 11882 306 156
s 11883 246 109
s 11884 230 102
s 11885 75 32
s 11886 267 136
s 11887 293 127
s 11888 373 194
s 11889 150 83
s 11890 118 52
s 11895 329 163
s 11896 211 101
s 11897 291 141
s 11899 555 247
s 11902 245 119
s 11904 542 243
s 11905 231 105
s 11907 291 141
s 11911 540 276
s 11912 303 133
s 11913 198 83
s 11914 26 7
s 11921 72 30
s 11931 101 41
s 12080 656 331
s 12081 562 294
s 12082 222 117
s 12083 184 95
s 12084 84 49
s 12085 401 181
s 12086 881 457
s 12087 203 96
s 12088 159 76
s 12089 99 44
s 12090 90 51
s 12091 124 50
s 12092 344 181
s 12093 52 27
s 12094 457 256
s 12095 170 84
s 12096 338 157
s 12097 28 12
s 12098 16 8
s 12099 425 235
s 12100 419 206
s 12101 280 137
s 12102 352 189
s 12103 918 473
s 12104 164 82
s 12105 85 36
s 12106 688 361
s 12107 399 190
s 12108 448 229
s 12109 39 18
s 12110 107 55
s 12111 95 44
s 12112 142 63
s 12113 126 60
s 12114 45 25
s 12115 146 64
s 12116 629 315
s 12117 752 384
s 12118 1214 603
s 12119 566 272
s 12120 649 354
s 12121 26 17
s 12122 152 75
s 12123 195 98
s 12124 44 21
s 12125 813 387
s 12126 86 35
s 12127 88 46
s 12128 192 84
s 12129 521 273
s 12130 172 73
s 12131 110 45
s 12132 378 209
s 12133 459 221
s 12134 128 62
s 12135 32 19
s 12136 588 312
s 12137 584 286
s 12138 318 168
s 12139 272 139
s 12140 223 100
s 12141 369 153
s 12142 241 117
s 12143 302 151
s 12144 373 205
s 12145 105 51
s 12146 218 86
s 12151 414 202
s 12152 156 69
s 12153 329 165
s 12155 527 225
s 12158 162 76
s 12160 525 253
s 12161 169 71
s 12163 278 130
s 12167 426 229
s 12168 284 144
s 12169 122 53
s 12170 107 48
s 12177 160 59
s 12187 84 27
s 12337 2103 1125
s 12338 699 380
s 12339 463 224
s 12340 265 130
s 12341 611 276
s 12342 111 64
s 12343 873 439
s 12344 173 90
s 12345 322 172
s 12346 264 126
s 12347 502 248
s 12348 1437 803
s 12349 264 128
s 12350 1174 652
s 12351 348 179
s 12352 775 371
s 12353 115 55
s 12354 47 23
s 12355 46 15
s 12356 1039 505
s 12357 847 409
s 12358 115 59
s 12359 2336 1281
s 12360 321 153
s 12361 169 71
s 12362 2887 1478
s 12363 1002 470
s 12364 1949 1081
s 12365 220 119
s 12366 428 227
s 12367 341 148
s 12368 125 65
s 12369 265 124
s 12370 204 113
s 12371 382 165
s 12372 1612 786
s 12373 2107 1046
s 12374 3391 1727
s 12375 1379 722
s 12376 1647 878
s 12377 15 8
s 12378 694 363
s 12379 736 370
s 12380 290 171
s 12381 524 257
s 12382 22 9
s 12383 35 17
s 12384 749 365
s 12385 1781 894
s 12386 689 330
s 12387 383 177
s 12388 1147 619
s 12389 1353 649
s 12390 336 191
s 12391 142 84
s 12392 2026 1076
s 12393 1871 967
s 12394 1175 612
s 12395 802 422
s 12396 676 314
s 12397 68 22
s 12398 899 451
s 12399 1005 517
s 12400 1180 588
s 12401 587 322
s 12402 303 155
s 12407 1029 490
s 12408 662 320
s 12409 1062 571
s 12411 1660 793
s 12414 717 363
s 12416 1629 781
s 12417 724 354
s 12419 935 463
s 12423 1668 866
s 12424 937 462
s 12425 685 341
s 12426 79 37
s 12433 253 110
s 12443 252 136
s 12594 753 423
s 12595 437 234
s 12596 309 189
s 12597 1123 542
s 12598 2141 1200
s 12599 536 288
s 12600 518 283
s 12601 215 113
s 12602 349 171
s 12603 296 144
s 12604 647 384
s 12605 189 100
s 12606 1307 739
s 12607 528 271
s 12608 932 466
s 12609 91 47
s 12610 59 29
s 12611 1182 674
s 12612 1293 711
s 12613 481 239
s 12614 910 494
s 12615 2115 1156
s 12616 530 269
s 12617 206 109
s 12618 2290 1226
s 12619 1146 603
s 12620 1491 869
s 12621 119 70
s 12622 223 132
s 12623 289 130
s 12624 363 203
s 12625 208 117
s 12626 152 79
s 12627 402 192
s 12628 1524 788
s 12629 1999 1082
s 12630 3775 1967
s 12631 1479 783
s 12632 1595 893
s 12633 91 45
s 12634 611 340
s 12635 686 382
s 12636 170 103
s 12637 1984 1062
s 12638 246 131
s 12639 221 114
s 12640 353 176
s 12641 1237 679
s 12642 370 188
s 12643 170 79
s 12644 938 509
s 12645 1504 806
s 12646 337 186
s 12647 115 67
s 12648 957 535
s 12649 2003 1095
s 12650 891 463
s 12651 655 360
s 12652 384 191
s 12653 1168 554
s 12654 783 447
s 12655 1051 565
s 12656 1286 678
s 12657 411 216
s 12658 512 250
s 12663 1361 724
s 12664 436 203
s 12665 1353 756
s 12667 1902 942
s 12670 572 308
s 12672 1625 842
s 12673 303 143
s 12675 1014 535
s 12679 931 542
s 12680 787 371
s 12681 348 197
s 12682 310 157
s 12689 508 259
s 12699 235 131
s 12851 99 44
s 12852 109 64
s 12853 369 168
s 12854 690 357
s 12855 286 159
s 12856 137 77
s 12857 71 35
s 12858 58 25
s 12859 167 84
s 12860 445 258
s 12861 110 53
s 12862 303 172
s 12863 106 63
s 12864 105 56
s 12865 30 13
s 12866 10 4
s 12867 367 194
s 12868 161 90
s 12869 246 114
s 12870 347 182
s 12871 577 295
s 12872 103 50
s 12873 75 33
s 12874 997 556
s 12875 161 87
s 12876 667 367
s 12877 68 43
s 12878 160 79
s 12879 51 25
s 12880 137 62
s 12881 97 53
s 12882 70 47
s 12883 35 14
s 12884 302 147
s 12885 402 215
s 12886 858 453
s 12887 158 82
s 12888 490 295
s 12889 41 22
s 12890 185 93
s 12891 135 78
s 12892 99 55
s 12893 653 351
s 12894 72 33
s 12895 70 45
s 12896 254 124
s 12897 514 287
s 12898 254 120
s 12899 139 70
s 12900 198 102
s 12901 283 138
s 12902 45 31
s 12903 33 13
s 12904 678 368
s 12905 393 199
s 12906 365 188
s 12907 241 136
s 12908 195 96
s 12909 390 171
s 12910 220 117
s 12911 91 41
s 12912 132 67
s 12913 227 135
s 12914 212 99
s 12919 206 104
s 12920 228 128
s 12921 190 108
s 12923 334 149
s 12926 229 110
s 12928 396 189
s 12929 212 95
s 12931 117 56
s 12935 545 276
s 12936 283 137
s 12937 208 95
s 12938 99 54
s 12945 220 108
s 12955 65 37
s 13108 68 29
s 13109 275 131
s 13110 414 207
s 13111 224 111
s 13112 130 64
s 13113 49 32
s 13114 52 31
s 13115 89 44
s 13116 231 105
s 13117 42 24
s 13118 109 56
s 13119 107 44
s 13120 124 57
s 13121 19 8
s 13122 9 6
s 13123 250 122
s 13124 167 74
s 13125 213 109
s 13126 216 115
s 13127 260 127
s 13128 83 42
s 13129 47 18
s 13130 569 281
s 13131 182 98
s 13132 472 243
s 13133 39 20
s 13134 86 42
s 13135 38 19
s 13136 87 38
s 13137 62 27
s 13138 29 15
s 13139 36 16
s 13140 228 106
s 13141 278 137
s 13142 553 252
s 13143 205 112
s 13144 247 128
s 13145 20 10
s 13146 117 54
s 13147 95 52
s 13148 53 22
s 13149 449 186
s 13150 54 26
s 13151 64 34
s 13152 156 75
s 13153 282 118
s 13154 151 68
s 13155 74 31
s 13156 111 56
s 13157 235 100
s 13158 44 20
s 13159 25 14
s 13160 385 199
s 13161 229 108
s 13162 258 125
s 13163 129 70
s 13164 180 74
s 13165 258 107
s 13166 158 86
s 13167 107 58
s 13168 136 62
s 13169 115 62
s 13170 147 74
s 13175 160 64
s 13176 144 66
s 13177 111 42
s 13179 235 101
s 13182 194 98
s 13184 337 166
s 13185 141 64
s 13187 107 51
s 13191 319 170
s 13192 153 63
s 13193 119 57
s 13194 84 33
s 13201 126 54
s 13211 48 21
s 13365 149 70
s 13366 298 162
s 13367 174 100
s 13368 61 34
s 13369 49 25
s 13370 31 15
s 13371 50 27
s 13372 208 125
s 13373 22 10
s 13374 231 127
s 13375 69 37
s 13376 109 47
s 13377 17 9
s 13378 8 5
s 13379 147 72
s 13380 145 76
s 13381 134 68
s 13382 109 52
s 13383 363 228
s 13384 56 23
s 13385 35 16
s 13386 251 125
s 13387 180 98
s 13388 114 73
s 13389 38 17
s 13390 78 45
s 13391 39 24
s 13392 45 23
s 13393 58 30
s 13394 21 14
s 13395 38 15
s 13396 237 123
s 13397 303 146
s 13398 517 273
s 13399 205 97
s 13400 275 152
s 13401 11 6
s 13402 74 40
s 13403 999 615
s 13404 50 31
s 13405 316 163
s 13406 26 15
s 13407 45 22
s 13408 114 59
s 13409 234 113
s 13410 112 51
s 13411 66 31
s 13412 170 87
s 13413 200 103
s 13414 56 28
s 13415 19 9
s 13416 302 164
s 13417 257 135
s 13418 68 33
s 13419 117 61
s 13420 136 75
s 13421 153 65
s 13422 125 68
s 13423 129 72
s 13424 188 96
s 13425 42 26
s 13426 67 33
s 13431 199 111
s 13432 66 31
s 13433 137 79
s 13435 268 138
s 13438 62 30
s 13440 225 99
s 13441 125 70
s 13443 159 82
s 13447 288 147
s 13448 121 64
s 13449 96 45
s 13450 32 16
s 13457 72 34
s 13467 54 27
s 13622 838 347
s 13623 488 224
s 13624 169 79
s 13625 159 69
s 13626 179 75
s 13627 257 110
s 13628 755 366
s 13629 102 41
s 13630 630 330
s 13631 234 101
s 13632 486 211
s 13633 47 28
s 13634 32 12
s 13635 449 213
s 13636 561 269
s 13637 568 238
s 13638 383 172
s 13639 1507 690
s 13640 245 119
s 13641 121 50
s 13642 1407 624
s 13643 588 252
s 13644 902 427
s 13645 111 51
s 13646 224 100
s 13647 141 53
s 13648 151 58
s 13649 230 106
s 13650 92 43
s 13651 184 67
s 13652 963 426
s 13653 1081 449
s 13654 1864 861
s 13655 827 393
s 13656 893 438
s 13657 41 22
s 13658 255 112
s 13659 210 86
s 13660 108 51
s 13661 913 421
s 13662 99 32
s 13663 117 61
s 13664 480 205
s 13665 921 428
s 13666 423 184
s 13667 226 68
s 13668 625 298
s 13669 631 262
s 13670 178 74
s 13671 80 38
s 13672 1193 524
s 13673 855 371
s 13674 626 294
s 13675 460 207
s 13676 512 203
s 13677 355 135
s 13678 401 172
s 13679 421 190
s 13680 536 244
s 13681 249 126
s 13682 308 128
s 13687 619 293
s 13688 381 165
s 13689 450 188
s 13691 863 381
s 13694 436 190
s 13696 909 407
s 13697 468 202
s 13699 439 210
s 13703 927 429
s 13704 447 183
s 13705 316 125
s 13706 145 64
s 13713 238 96
s 13723 151 62
s 13879 1036 576
s 13880 204 108
s 13881 278 143
s 13882 343 179
s 13883 497 243
s 13884 1488 831
s 13885 181 91
s 13886 1373 803
s 13887 434 211
s 13888 973 497
s 13889 118 66
s 13890 53 28
s 13891 39 18
s 13892 1374 734
s 13893 1122 589
s 13894 129 72
s 13895 2731 1525
s 13896 379 197
s 13897 189 93
s 13898 3118 1724
s 13899 1294 699
s 13900 2273 1324
s 13901 184 102
s 13902 429 225
s 13903 309 143
s 13904 120 51
s 13905 297 152
s 13906 170 87
s 13907 372 175
s 13908 1847 980
s 13909 2067 1060
s 13910 4361 2350
s 13911 1682 913
s 13912 1972 1108
s 13913 9 4
s 13914 660 357
s 13915 495 265
s 13916 246 125
s 13917 573 293
s 13918 29 12
s 13919 37 22
s 13920 830 443
s 13921 1913 1021
s 13922 864 434
s 13923 415 190
s 13924 971 483
s 13925 1733 897
s 13926 311 162
s 13927 117 66
s 13928 2400 1333
s 13929 1767 974
s 13930 1386 700
s 13931 865 480
s 13932 941 459
s 13933 58 17
s 13934 947 510
s 13935 998 487
s 13936 1362 760
s 13937 571 311
s 13938 325 167
s 13943 1292 676
s 13944 770 376
s 13945 1311 736
s 13947 1950 1009
s 13950 876 465
s 13952 2020 1098
s 13953 759 389
s 13955 982 521
s 13959 1808 1017
s 13960 937 464
s 13961 630 336
s 13962 92 49
s 13969 237 105
s 13979 273 158
s 14136 188 96
s 14137 59 31
s 14138 126 60
s 14139 183 87
s 14140 57 24
s 14141 77 41
s 14142 1287 735
s 14143 172 88
s 14144 363 172
s 14145 38 17
s 14146 23 5
s 14147 517 282
s 14148 451 214
s 14149 58 25
s 14150 422 234
s 14151 1571 856
s 14152 188 86
s 14153 94 48
s 14154 1157 583
s 14155 431 233
s 14156 975 542
s 14157 27 12
s 14158 28 12
s 14159 115 58
s 14160 188 91
s 14161 57 18
s 14162 85 48
s 14163 134 54
s 14164 570 288
s 14165 664 330
s 14166 1443 743
s 14167 672 355
s 14168 913 520
s 14169 47 20
s 14170 290 157
s 14171 241 132
s 14172 70 38
s 14173 984 529
s 14174 111 58
s 14175 79 35
s 14176 32 18
s 14177 416 210
s 14178 58 23
s 14179 20 9
s 14180 460 217
s 14181 498 243
s 14182 114 59
s 14183 37 20
s 14184 117 69
s 14185 708 366
s 14186 663 355
s 14187 414 216
s 14188 30 12
s 14189 494 242
s 14190 311 168
s 14191 364 183
s 14192 589 302
s 14193 238 137
s 14194 286 123
s 14199 470 250
s 14200 240 110
s 14201 448 234
s 14203 692 322
s 14206 325 192
s 14208 668 329
s 14209 41 15
s 14211 361 177
s 14215 114 55
s 14216 377 174
s 14217 100 45
s 14218 146 78
s 14225 268 117
s 14235 91 59
s 14393 82 54
s 14394 70 31
s 14395 85 47
s 14396 355 186
s 14397 52 27
s 14398 221 115
s 14399 87 37
s 14400 223 120
s 14401 21 11
s 14402 11 4
s 14403 117 67
s 14404 231 106
s 14405 236 101
s 14406 116 59
s 14407 524 298
s 14408 104 51
s 14409 45 22
s 14410 535 265
s 14411 269 128
s 14412 328 176
s 14413 46 21
s 14414 97 51
s 14415 72 28
s 14416 41 20
s 14417 73 42
s 14418 39 25
s 14419 120 59
s 14420 451 242
s 14421 525 257
s 14422 781 399
s 14423 389 218
s 14424 381 213
s 14425 5 3
s 14426 120 60
s 14427 90 46
s 14428 42 26
s 14429 269 130
s 14430 25 10
s 14431 31 16
s 14432 211 104
s 14433 369 182
s 14434 160 89
s 14435 76 39
s 14436 273 147
s 14437 303 157
s 14438 78 40
s 14439 34 17
s 14440 513 268
s 14441 370 202
s 14442 247 123
s 14443 185 96
s 14444 203 104
s 14445 79 36
s 14446 181 108
s 14447 208 99
s 14448 227 121
s 14449 79 41
s 14450 77 33
s 14455 274 141
s 14456 111 47
s 14457 230 117
s 14459 395 199
s 14462 132 72
s 14464 351 183
s 14465 153 81
s 14467 203 119
s 14471 401 209
s 14472 198 93
s 14473 153 77
s 14474 28 15
s 14481 83 39
s 14491 74 35
s 14650 23 11
s 14651 54 20
s 14652 112 60
s 14653 32 17
s 14654 126 70
s 14655 57 25
s 14656 92 51
s 14657 7 4
s 14658 5 1
s 14659 137 81
s 14660 120 61
s 14661 68 37
s 14662 130 69
s 14663 238 124
s 14664 61 32
s 14665 33 14
s 14666 393 213
s 14667 101 54
s 14668 242 138
s 14669 26 13
s 14670 31 17
s 14671 30 13
s 14672 62 34
s 14673 45 25
s 14674 25 11
s 14675 36 12
s 14676 174 86
s 14677 188 106
s 14678 465 249
s 14679 150 81
s 14680 181 96
s 14681 14 10
s 14682 88 44
s 14683 73 38
s 14684 18 8
s 14685 282 140
s 14686 40 20
s 14687 37 20
s 14688 64 34
s 14689 198 113
s 14690 59 32
s 14691 36 15
s 14692 111 52
s 14693 142 78
s 14694 37 17
s 14695 15 11
s 14696 178 108
s 14697 212 114
s 14698 162 84
s 14699 84 39
s 14700 58 28
s 14701 153 65
s 14702 97 62
s 14703 102 45
s 14704 123 72
s 14705 73 44
s 14706 72 41
s 14711 100 48
s 14712 80 42
s 14713 115 65
s 14715 188 102
s 14718 100 48
s 14720 204 101
s 14721 65 31
s 14723 96 46
s 14727 166 84
s 14728 109 57
s 14729 63 39
s 14730 65 32
s 14737 86 46
s 14747 23 13
s 14907 65 31
s 14908 184 94
s 14909 44 24
s 14910 161 81
s 14911 65 32
s 14912 81 39
s 14913 15 9
s 14914 9 3
s 14915 174 82
s 14916 84 40
s 14917 134 67
s 14918 131 63
s 14919 328 168
s 14920 47 19
s 14921 36 11
s 14922 324 175
s 14923 113 66
s 14924 304 157
s 14925 31 13
s 14926 47 21
s 14927 17 8
s 14928 65 31
s 14929 61 30
s 14930 20 9
s 14931 30 12
s 14932 200 111
s 14933 200 103
s 14934 360 171
s 14935 139 78
s 14936 235 128
s 14937 18 10
s 14938 56 31
s 14939 54 26
s 14940 31 18
s 14941 320 152
s 14942 34 17
s 14943 46 29
s 14944 117 55
s 14945 182 83
s 14946 97 30
s 14947 43 21
s 14948 96 47
s 14949 140 61
s 14950 36 16
s 14951 11 6
s 14952 271 145
s 14953 166 88
s 14954 189 90
s 14955 111 53
s 14956 104 39
s 14957 140 58
s 14958 94 51
s 14959 83 42
s 14960 95 47
s 14961 65 34
s 14962 108 43
s 14967 146 69
s 14968 120 60
s 14969 84 49
s 14971 156 83
s 14974 100 45
s 14976 200 97
s 14977 74 33
s 14979 77 38
s 14983 216 111
s 14984 115 61
s 14985 105 46
s 14986 38 19
s 14993 84 34
s 15003 25 11
s 15164 206 110
s 15165 35 17
s 15166 296 164
s 15167 110 43
s 15168 190 81
s 15169 22 10
s 15170 11 4
s 15171 207 93
s 15172 245 118
s 15173 163 70
s 15174 213 92
s 15175 522 247
s 15176 123 56
s 15177 45 16
s 15178 374 157
s 15179 198 79
s 15180 176 81
s 15181 40 18
s 15182 83 31
s 15183 63 31
s 15184 104 37
s 15185 70 34
s 15186 24 9
s 15187 95 36
s 15188 345 147
s 15189 379 151
s 15190 722 356
s 15191 324 163
s 15192 347 180
s 15193 23 10
s 15194 78 35
s 15195 129 70
s 15196 30 21
s 15197 446 216
s 15198 41 14
s 15199 58 20
s 15200 148 65
s 15201 336 161
s 15202 133 65
s 15203 74 28
s 15204 226 110
s 15205 281 117
s 15206 52 23
s 15207 29 14
s 15208 336 161
s 15209 386 201
s 15210 113 48
s 15211 146 68
s 15212 157 66
s 15213 262 101
s 15214 146 67
s 15215 247 125
s 15216 275 141
s 15217 55 25
s 15218 149 50
s 15223 239 107
s 15224 83 36
s 15225 233 117
s 15227 394 163
s 15230 87 41
s 15232 289 129
s 15233 119 58
s 15235 199 101
s 15239 313 149
s 15240 177 75
s 15241 90 37
s 15242 56 26
s 15249 138 65
s 15259 53 21
s 15421 112 67
s 15422 714 396
s 15423 307 153
s 15424 678 336
s 15425 58 30
s 15426 24 16
s 15427 794 456
s 15428 715 364
s 15429 86 41
s 15430 585 285
s 15431 1355 762
s 15432 287 135
s 15433 135 80
s 15434 1779 971
s 15435 771 385
s 15436 1325 777
s 15437 28 15
s 15438 32 19
s 15439 177 85
s 15440 281 134
s 15441 80 48
s 15442 134 79
s 15443 220 113
s 15444 990 514
s 15445 1097 578
s 15446 2384 1258
s 15447 964 516
s 15448 1026 560
s 15449 64 29
s 15450 419 236
s 15451 501 293
s 15452 109 64
s 15453 1310 709
s 15454 138 71
s 15455 148 86
s 15456 55 25
s 15457 607 322
s 15458 90 31
s 15459 41 16
s 15460 621 326
s 15461 904 444
s 15462 203 112
s 15463 64 40
s 15464 172 82
s 15465 1167 611
s 15466 828 419
s 15467 477 263
s 15468 59 31
s 15469 648 307
s 15470 266 143
s 15471 572 282
s 15472 885 520
s 15473 364 199
s 15474 393 190
s 15479 831 456
s 15480 307 154
s 15481 812 439
s 15483 1233 644
s 15486 428 212
s 15488 1023 544
s 15489 61 35
s 15491 625 325
s 15495 126 68
s 15496 549 266
s 15497 134 71
s 15498 233 112
s 15505 354 166
s 15515 93 50
s 15678 129 62
s 15679 59 22
s 15680 82 52
s 15681 5 2
s 15682 8 3
s 15683 94 41
s 15684 119 54
s 15685 66 31
s 15686 82 46
s 15687 253 146
s 15688 37 18
s 15689 27 10
s 15690 172 89
s 15691 106 47
s 15692 91 46
s 15693 24 12
s 15694 38 24
s 15695 32 10
s 15696 39 20
s 15697 47 32
s 15698 11 7
s 15699 52 29
s 15700 172 88
s 15701 250 131
s 15702 321 157
s 15703 166 91
s 15704 142 81
s 15705 19 9
s 15706 49 22
s 15707 96 51
s 15708 27 15
s 15709 149 66
s 15710 22 11
s 15711 18 12
s 15712 58 24
s 15713 174 84
s 15714 55 25
s 15715 29 14
s 15716 136 58
s 15717 137 70
s 15718 38 17
s 15719 14 5
s 15720 175 90
s 15721 274 141
s 15722 50 25
s 15723 81 39
s 15724 61 27
s 15725 117 50
s 15726 99 50
s 15727 122 59
s 15728 146 82
s 15729 45 20
s 15730 43 24
s 15735 114 50
s 15736 37 18
s 15737 154 81
s 15739 193 96
s 15742 27 12
s 15744 160 69
s 15745 52 27
s 15747 129 62
s 15751 183 100
s 15752 104 51
s 15753 72 32
s 15754 33 17
s 15761 63 30
s 15771 28 13
s 15935 178 79
s 15936 367 194
s 15937 72 39
s 15938 24 11
s 15939 678 376
s 15940 425 245
s 15941 560 302
s 15942 500 305
s 15943 516 269
s 15944 174 93
s 15945 112 53
s 15946 1445 799
s 15947 416 221
s 15948 1226 738
s 15949 115 56
s 15950 208 128
s 15951 97 42
s 15952 253 126
s 15953 164 98
s 15954 123 68
s 15955 134 69
s 15956 575 301
s 15957 701 381
s 15958 1131 648
s 15959 703 422
s 15960 460 248
s 15961 51 23
s 15962 314 172
s 15963 261 154
s 15964 156 93
s 15965 1164 612
s 15966 136 73
s 15967 135 78
s 15968 443 229
s 15969 708 397
s 15970 430 205
s 15971 190 100
s 15972 267 135
s 15973 474 260
s 15974 124 69
s 15975 59 36
s 15976 1181 678
s 15977 528 296
s 15978 765 434
s 15979 358 209
s 15980 420 223
s 15981 632 332
s 15982 374 214
s 15983 394 219
s 15984 620 383
s 15985 287 155
s 15986 363 187
s 15991 359 200
s 15992 397 206
s 15993 390 227
s 15995 516 277
s 15998 403 206
s 16000 701 366
s 16001 331 182
s 16003 341 191
s 16007 1051 631
s 16008 392 207
s 16009 314 169
s 16010 178 102
s 16017 310 154
s 16027 117 67
s 16192 192 85
s 16193 28 10
s 16194 11 2
s 16195 191 106
s 16196 242 112
s 16197 191 86
s 16198 195 87
s 16199 492 238
s 16200 106 51
s 16201 62 25
s 16202 699 335
s 16203 220 93
s 16204 500 250
s 16205 50 19
s 16206 100 50
s 16207 58 26
s 16208 82 32
s 16209 86 43
s 16210 54 29
s 16211 73 42
s 16212 399 188
s 16213 484 228
s 16214 797 367
s 16215 362 175
s 16216 309 147
s 16217 21 12
s 16218 122 56
s 16219 115 52
s 16220 45 27
s 16221 412 191
s 16222 50 22
s 16223 47 19
s 16224 202 83
s 16225 433 201
s 16226 195 83
s 16227 92 32
s 16228 226 109
s 16229 242 107
s 16230 75 33
s 16231 20 15
s 16232 534 268
s 16233 330 152
s 16234 317 131
s 16235 183 81
s 16236 190 86
s 16237 214 90
s 16238 181 96
s 16239 171 89
s 16240 223 105
s 16241 127 60
s 16242 150 70
s 16247 226 108
s 16248 162 73
s 16249 197 98
s 16251 267 127
s 16254 188 97
s 16256 393 177
s 16257 167 57
s 16259 176 83
s 16263 424 217
s 16264 197 95
s 16265 126 62
s 16266 59 26
s 16273 102 46
s 16283 61 24
s 16449 37 13
s 16450 15 5
s 16451 548 274
s 16452 271 126
s 16453 398 177
s 16454 498 228
s 16455 802 410
s 16456 157 72
s 16457 118 61
s 16458 1232 598
s 16459 312 132
s 16460 854 439
s 16461 84 34
s 16462 182 94
s 16463 65 24
s 16464 171 80
s 16465 170 89
s 16466 96 53
s 16467 91 39
s 16468 536 227
s 16469 661 317
s 16470 1170 555
s 16471 279 140
s 16472 597 292
s 16473 40 18
s 16474 204 104
s 16475 162 76
s 16476 86 40
s 16477 970 476
s 16478 113 49
s 16479 107 47
s 16480 383 172
s 16481 769 366
s 16482 299 124
s 16483 186 81
s 16484 355 162
s 16485 422 199
s 16486 99 35
s 16487 31 17
s 16488 981 513
s 16489 434 213
s 16490 494 255
s 16491 313 149
s 16492 367 167
s 16493 430 161
s 16494 300 147
s 16495 178 80
s 16496 186 88
s 16497 235 131
s 16498 327 140
s 16503 266 109
s 16504 284 120
s 16505 229 104
s 16507 448 196
s 16510 343 172
s 16512 579 274
s 16513 383 175
s 16515 172 74
s 16519 721 350
s 16520 309 141
s 16521 238 105
s 16522 138 65
s 16529 263 106
s 16539 80 40
s 16706 3 3
s 16707 55 22
s 16708 34 12
s 16709 36 15
s 16710 49 23
s 16711 104 52
s 16712 23 11
s 16713 14 13
s 16714 116 64
s 16715 34 14
s 16716 61 36
s 16717 13 7
s 16718 15 6
s 16719 6 3
s 16720 22 15
s 16721 14 7
s 16722 11 5
s 16723 13 7
s 16724 82 37
s 16725 88 41
s 16726 135 60
s 16727 72 27
s 16728 77 38
s 16729 7 2
s 16730 22 10
s 16731 35 16
s 16732 6 3
s 16733 97 46
s 16734 10 4
s 16735 11 5
s 16736 19 7
s 16737 59 24
s 16738 24 10
s 16739 17 5
s 16740 46 19
s 16741 65 27
s 16742 15 10
s 16743 2 1
s 16744 68 28
s 16745 79 43
s 16746 47 18
s 16747 31 13
s 16748 24 10
s 16749 64 29
s 16750 42 28
s 16751 43 20
s 16752 58 33
s 16753 20 10
s 16754 25 14
s 16759 49 22
s 16760 29 13
s 16761 68 33
s 16763 72 36
s 16766 32 13
s 16768 85 49
s 16769 22 11
s 16771 39 22
s 16775 63 42
s 16776 57 28
s 16777 28 12
s 16778 11 5
s 16785 30 17
s 16795 13 11
s 16963 37 22
s 16964 12 6
s 16965 29 11
s 16966 22 5
s 16967 48 27
s 16968 13 5
s 16969 5 1
s 16970 85 43
s 16971 13 5
s 16972 55 33
s 16973 9 4
s 16974 14 8
s 16975 4 1
s 16976 14 6
s 16977 8 3
s 16978 10 6
s 16979 6 3
s 16980 31 15
s 16981 35 11
s 16982 62 31
s 16983 14 6
s 16984 37 24
s 16985 2 0
s 16986 10 3
s 16987 11 6
s 16988 8 5
s 16989 46 27
s 16990 4 1
s 16991 7 3
s 16992 16 7
s 16993 38 26
s 16994 20 8
s 16995 9 3
s 16996 15 9
s 16997 29 15
s 16998 1 1
s 16999 3 2
s 17000 58 37
s 17001 30 16
s 17002 38 22
s 17003 26 15
s 17004 19 8
s 17005 35 16
s 17006 17 8
s 17007 9 5
s 17008 15 9
s 17009 14 7
s 17010 17 11
s 17015 22 12
s 17016 25 11
s 17017 12 8
s 17019 32 12
s 17022 20 7
s 17024 33 7
s 17025 19 6
s 17027 13 5
s 17031 36 14
s 17032 15 10
s 17033 14 5
s 17034 8 3
s 17041 18 7
s 17051 5 2
s 17220 668 350
s 17221 544 286
s 17222 54 33
s 17223 1337 761
s 17224 193 92
s 17225 85 40
s 17226 1627 887
s 17227 798 435
s 17228 1142 654
s 17229 96 48
s 17230 215 115
s 17231 168 80
s 17232 45 25
s 17233 151 83
s 17234 68 47
s 17235 187 86
s 17236 902 491
s 17237 1069 583
s 17238 2029 1062
s 17239 869 477
s 17240 1045 560
s 17241 14 7
s 17242 362 212
s 17243 180 87
s 17244 110 68
s 17245 310 165
s 17246 13 6
s 17247 22 7
s 17248 475 255
s 17249 906 458
s 17250 365 172
s 17251 196 100
s 17252 451 245
s 17253 798 409
s 17254 178 93
s 17255 70 35
s 17256 1309 706
s 17257 925 509
s 17258 703 372
s 17259 441 233
s 17260 498 238
s 17261 30 14
s 17262 531 305
s 17263 550 305
s 17264 638 371
s 17265 293 163
s 17266 165 73
s 17271 694 357
s 17272 396 189
s 17273 632 320
s 17275 959 468
s 17278 446 230
s 17280 949 523
s 17281 380 188
s 17283 495 249
s 17287 982 529
s 17288 486 244
s 17289 342 176
s 17290 56 28
s 17297 119 53
s 17307 129 74
s 17477 521 240
s 17478 551 280
s 17479 1010 543
s 17480 188 81
s 17481 128 61
s 17482 1579 826
s 17483 350 186
s 17484 1098 599
s 17485 90 48
s 17486 246 130
s 17487 70 40
s 17488 226 123
s 17489 281 132
s 17490 114 66
s 17491 119 49
s 17492 704 355
s 17493 767 367
s 17494 1493 728
s 17495 377 191
s 17496 778 421
s 17497 44 17
s 17498 282 142
s 17499 190 89
s 17500 124 66
s 17501 1298 683
s 17502 140 68
s 17503 172 104
s 17504 498 254
s 17505 984 501
s 17506 404 191
s 17507 228 104
s 17508 353 181
s 17509 489 234
s 17510 119 63
s 17511 72 37
s 17512 1242 676
s 17513 586 319
s 17514 703 363
s 17515 396 216
s 17516 502 259
s 17517 632 285
s 17518 312 169
s 17519 229 106
s 17520 251 121
s 17521 295 163
s 17522 387 171
s 17527 366 193
s 17528 360 169
s 17529 303 149
s 17531 578 264
s 17534 418 213
s 17536 697 349
s 17537 433 206
s 17539 205 94
s 17543 868 455
s 17544 455 219
s 17545 386 170
s 17546 150 74
s 17553 321 145
s 17563 119 58
s 17734 365 164
s 17735 933 486
s 17736 219 96
s 17737 131 67
s 17738 1208 580
s 17739 527 261
s 17740 1005 503
s 17741 29 15
s 17742 18 10
s 17743 111 48
s 17744 160 83
s 17745 65 32
s 17746 63 32
s 17747 146 61
s 17748 685 315
s 17749 645 323
s 17750 1831 909
s 17751 710 372
s 17752 793 398
s 17753 40 21
s 17754 222 120
s 17755 196 108
s 17756 69 35
s 17757 1011 510
s 17758 106 52
s 17759 119 64
s 17760 43 18
s 17761 397 177
s 17762 62 28
s 17763 22 14
s 17764 370 182
s 17765 643 303
s 17766 111 52
s 17767 50 19
s 17768 154 75
s 17769 762 410
s 17770 607 310
s 17771 351 172
s 17772 43 20
s 17773 453 190
s 17774 312 153
s 17775 372 169
s 17776 526 259
s 17777 248 139
s 17778 269 111
s 17783 567 287
s 17784 243 114
s 17785 859 428
s 17787 797 347
s 17790 339 162
s 17792 694 337
s 17793 62 26
s 17795 368 173
s 17799 148 76
s 17800 333 154
s 17801 106 59
s 17802 158 76
s 17809 259 108
s 17819 70 35
s 17991 1097 584
s 17992 180 93
s 17993 96 53
s 17994 1537 780
s 17995 520 268
s 17996 888 467
s 17997 110 64
s 17998 216 125
s 17999 130 52
s 18000 65 33
s 18001 132 65
s 18002 70 33
s 18003 161 74
s 18004 827 422
s 18005 891 435
s 18006 1809 919
s 18007 855 428
s 18008 784 420
s 18009 4 2
s 18010 256 133
s 18011 230 128
s 18012 117 69
s 18013 310 157
s 18014 24 13
s 18015 28 12
s 18016 373 196
s 18017 867 393
s 18018 386 190
s 18019 213 100
s 18020 569 293
s 18021 723 341
s 18022 148 74
s 18023 51 26
s 18024 980 530
s 18025 839 445
s 18026 567 298
s 18027 381 193
s 18028 386 199
s 18029 50 20
s 18030 434 231
s 18031 455 257
s 18032 542 303
s 18033 231 129
s 18034 154 76
s 18039 514 238
s 18040 322 167
s 18041 571 290
s 18043 778 375
s 18046 337 183
s 18048 938 449
s 18049 424 212
s 18051 448 229
s 18055 859 464
s 18056 457 217
s 18057 250 116
s 18058 63 31
s 18065 117 55
s 18075 143 75
s 18248 386 191
s 18249 281 130
s 18250 2939 1594
s 18251 1038 540
s 18252 2255 1297
s 18253 182 98
s 18254 357 199
s 18255 212 95
s 18256 426 207
s 18257 351 189
s 18258 241 131
s 18259 276 131
s 18260 1351 675
s 18261 1542 821
s 18262 2642 1381
s 18263 1460 805
s 18264 1114 617
s 18265 117 61
s 18266 584 353
s 18267 706 398
s 18268 265 147
s 18269 2453 1241
s 18270 328 165
s 18271 298 157
s 18272 750 386
s 18273 1423 708
s 18274 741 392
s 18275 413 204
s 18276 693 356
s 18277 1071 552
s 18278 279 152
s 18279 95 53
s 18280 1907 1037
s 18281 1271 662
s 18282 1345 732
s 18283 643 324
s 18284 762 382
s 18285 1220 571
s 18286 773 416
s 18287 868 474
s 18288 1081 617
s 18289 621 358
s 18290 681 353
s 18295 773 423
s 18296 706 365
s 18297 891 492
s 18299 1154 550
s 18302 780 397
s 18304 1572 831
s 18305 691 348
s 18307 740 397
s 18311 1753 1023
s 18312 788 397
s 18313 550 287
s 18314 346 173
s 18321 643 317
s 18331 230 125
s 18505 37 14
s 18506 613 313
s 18507 179 89
s 18508 463 222
s 18509 49 27
s 18510 113 51
s 18511 47 23
s 18512 67 33
s 18513 72 36
s 18514 36 19
s 18515 65 25
s 18516 352 163
s 18517 381 171
s 18518 677 308
s 18519 282 128
s 18520 311 160
s 18521 10 6
s 18522 114 61
s 18523 181 80
s 18524 50 27
s 18525 404 199
s 18526 51 25
s 18527 38 23
s 18528 184 81
s 18529 377 173
s 18530 182 74
s 18531 86 33
s 18532 229 110
s 18533 225 87
s 18534 68 37
s 18535 28 16
s 18536 507 248
s 18537 256 109
s 18538 301 139
s 18539 170 80
s 18540 226 103
s 18541 185 83
s 18542 143 75
s 18543 143 72
s 18544 193 97
s 18545 97 47
s 18546 125 56
s 18551 164 77
s 18552 185 78
s 18553 179 82
s 18555 248 112
s 18558 210 102
s 18560 362 161
s 18561 194 94
s 18563 151 67
s 18567 375 194
s 18568 193 85
s 18569 124 61
s 18570 67 34
s 18577 104 38
s 18587 71 33
s 18762 312 138
s 18763 134 57
s 18764 200 111
s 18765 17 12
s 18766 34 16
s 18767 37 19
s 18768 55 20
s 18769 55 25
s 18770 26 14
s 18771 47 15
s 18772 206 100
s 18773 211 95
s 18774 455 206
s 18775 169 80
s 18776 187 90
s 18777 10 3
s 18778 67 34
s 18779 73 28
s 18780 22 14
s 18781 253 125
s 18782 24 9
s 18783 26 10
s 18784 94 48
s 18785 190 84
s 18786 102 52
s 18787 50 25
s 18788 113 47
s 18789 160 69
s 18790 42 21
s 18791 8 4
s 18792 219 110
s 18793 182 81
s 18794 145 64
s 18795 82 36
s 18796 97 48
s 18797 90 38
s 18798 106 56
s 18799 85 41
s 18800 116 53
s 18801 53 23
s 18802 80 31
s 18807 112 53
s 18808 87 35
s 18809 103 45
s 18811 191 94
s 18814 67 32
s 18816 203 100
s 18817 79 40
s 18819 74 31
s 18823 182 99
s 18824 114 63
s 18825 87 40
s 18826 34 15
s 18833 80 39
s 18843 35 13
s 19019 1444 805
s 19020 819 442
s 19021 245 125
s 19022 572 309
s 19023 441 214
s 19024 488 262
s 19025 485 257
s 19026 142 87
s 19027 522 256
s 19028 2218 1115
s 19029 2812 1454
s 19030 4460 2290
s 19031 1967 1027
s 19032 2024 1076
s 19033 165 89
s 19034 414 227
s 19035 744 390
s 19036 230 121
s 19037 2783 1427
s 19038 403 225
s 19039 358 178
s 19040 1077 522
s 19041 2472 1231
s 19042 1020 476
s 19043 565 277
s 19044 1462 758
s 19045 1605 811
s 19046 476 267
s 19047 163 85
s 19048 3518 1884
s 19049 2304 1219
s 19050 523 266
s 19051 770 406
s 19052 1130 541
s 19053 1672 779
s 19054 1056 582
s 19055 1350 707
s 19056 1575 834
s 19057 289 149
s 19058 665 289
s 19063 1447 740
s 19064 487 229
s 19065 1523 790
s 19067 2228 1086
s 19070 431 215
s 19072 1956 1011
s 19073 1167 585
s 19075 1220 613
s 19079 2319 1303
s 19080 1042 514
s 19081 768 373
s 19082 448 213
s 19089 622 270
s 19099 365 183
s 19276 1063 575
s 19277 82 35
s 19278 245 122
s 19279 91 44
s 19280 207 115
s 19281 198 102
s 19282 118 67
s 19283 117 51
s 19284 738 324
s 19285 774 355
s 19286 1311 646
s 19287 433 213
s 19288 765 394
s 19289 46 21
s 19290 256 132
s 19291 181 94
s 19292 102 61
s 19293 1241 641
s 19294 150 81
s 19295 142 67
s 19296 541 263
s 19297 871 447
s 19298 354 169
s 19299 199 94
s 19300 371 202
s 19301 495 241
s 19302 128 62
s 19303 45 23
s 19304 1195 620
s 19305 551 267
s 19306 630 307
s 19307 356 171
s 19308 493 213
s 19309 568 229
s 19310 316 164
s 19311 241 112
s 19312 318 163
s 19313 242 125
s 19314 374 173
s 19319 433 210
s 19320 376 179
s 19321 329 152
s 19323 567 267
s 19326 354 176
s 19328 689 339
s 19329 397 196
s 19331 242 109
s 19335 978 497
s 19336 393 211
s 19337 322 163
s 19338 168 71
s 19345 268 111
s 19355 120 67
s 19533 183 100
s 19534 475 261
s 19535 263 124
s 19536 284 156
s 19537 321 188
s 19538 69 36
s 19539 365 202
s 19540 1531 809
s 19541 2093 1120
s 19542 3440 1856
s 19543 1538 854
s 19544 1727 1017
s 19545 91 53
s 19546 210 102
s 19547 481 279
s 19548 173 103
s 19549 1969 1066
s 19550 231 127
s 19551 220 123
s 19552 833 453
s 19553 1375 778
s 19554 609 330
s 19555 355 172
s 19556 847 457
s 19557 1181 607
s 19558 343 197
s 19559 111 60
s 19560 1934 1080
s 19561 1665 913
s 19562 105 56
s 19563 516 278
s 19564 865 473
s 19565 999 471
s 19566 661 376
s 19567 891 465
s 19568 1158 648
s 19569 70 37
s 19570 445 219
s 19575 1310 693
s 19576 224 114
s 19577 1125 612
s 19579 1791 921
s 19582 141 65
s 19584 1149 589
s 19585 630 333
s 19587 914 481
s 19591 1719 937
s 19592 623 310
s 19593 492 258
s 19594 284 142
s 19601 405 189
s 19611 250 137
s 19790 5 2
s 19791 34 13
s 19792 48 24
s 19793 10 7
s 19794 18 6
s 19795 36 20
s 19796 131 59
s 19797 169 83
s 19798 371 200
s 19799 160 86
s 19800 158 74
s 19801 13 8
s 19802 70 32
s 19803 54 28
s 19804 25 13
s 19805 187 95
s 19806 15 5
s 19807 22 11
s 19808 9 6
s 19809 114 56
s 19810 23 9
s 19811 10 3
s 19812 102 54
s 19813 127 67
s 19814 33 18
s 19815 15 6
s 19816 51 26
s 19817 212 111
s 19818 112 59
s 19819 74 36
s 19820 16 4
s 19821 113 56
s 19822 75 41
s 19823 105 54
s 19824 151 71
s 19825 53 27
s 19826 57 31
s 19831 123 65
s 19832 71 36
s 19833 107 55
s 19835 183 95
s 19838 72 33
s 19840 134 69
s 19841 14 7
s 19843 108 54
s 19847 32 17
s 19848 93 45
s 19849 29 16
s 19850 25 10
s 19857 73 29
s 19867 21 10
s 20047 57 26
s 20048 79 49
s 20049 31 16
s 20050 32 23
s 20051 57 26
s 20052 272 135
s 20053 337 170
s 20054 727 361
s 20055 298 168
s 20056 327 188
s 20057 23 12
s 20058 151 85
s 20059 120 60
s 20060 27 13
s 20061 425 224
s 20062 47 25
s 20063 43 19
s 20064 18 6
s 20065 187 94
s 20066 27 16
s 20067 15 7
s 20068 175 96
s 20069 285 145
s 20070 49 33
s 20071 19 12
s 20072 65 28
s 20073 379 208
s 20074 272 142
s 20075 138 74
s 20076 13 8
s 20077 269 133
s 20078 159 92
s 20079 206 115
s 20080 291 154
s 20081 123 74
s 20082 116 53
s 20087 267 144
s 20088 107 57
s 20089 216 97
s 20091 421 225
s 20094 147 63
s 20096 325 170
s 20097 19 7
s 20099 224 114
s 20103 62 32
s 20104 164 81
s 20105 35 16
s 20106 59 27
s 20113 110 64
s 20123 29 18
s 20304 52 28
s 20305 52 27
s 20306 25 18
s 20307 39 18
s 20308 151 68
s 20309 202 85
s 20310 336 141
s 20311 105 49
s 20312 170 86
s 20313 14 6
s 20314 81 43
s 20315 49 27
s 20316 25 13
s 20317 256 106
s 20318 44 21
s 20319 28 17
s 20320 130 69
s 20321 231 102
s 20322 105 48
s 20323 65 24
s 20324 94 39
s 20325 116 52
s 20326 28 13
s 20327 14 6
s 20328 287 134
s 20329 148 66
s 20330 150 79
s 20331 95 45
s 20332 135 64
s 20333 160 63
s 20334 100 49
s 20335 52 18
s 20336 81 41
s 20337 93 48
s 20338 84 25
s 20343 73 36
s 20344 105 40
s 20345 90 43
s 20347 136 52
s 20350 106 39
s 20352 171 74
s 20353 115 61
s 20355 65 30
s 20359 237 109
s 20360 103 43
s 20361 83 36
s 20362 40 19
s 20369 100 41
s 20379 42 21
s 20561 59 27
s 20562 31 19
s 20563 63 30
s 20564 312 151
s 20565 343 154
s 20566 705 355
s 20567 265 137
s 20568 294 160
s 20569 6 4
s 20570 105 52
s 20571 101 50
s 20572 30 17
s 20573 175 88
s 20574 15 6
s 20575 17 8
s 20576 155 66
s 20577 297 148
s 20578 133 69
s 20579 64 36
s 20580 279 144
s 20581 257 144
s 20582 65 29
s 20583 20 9
s 20584 345 171
s 20585 380 209
s 20586 205 99
s 20587 136 67
s 20588 137 67
s 20589 68 31
s 20590 160 92
s 20591 171 82
s 20592 261 143
s 20593 78 42
s 20594 76 33
s 20599 226 114
s 20600 131 58
s 20601 225 118
s 20603 357 163
s 20606 132 72
s 20608 353 188
s 20609 126 63
s 20611 167 84
s 20615 299 141
s 20616 184 95
s 20617 95 41
s 20618 28 13
s 20625 70 34
s 20635 54 21
s 20818 31 18
s 20819 60 27
s 20820 278 130
s 20821 310 162
s 20822 646 333
s 20823 291 160
s 20824 272 143
s 20825 11 6
s 20826 95 43
s 20827 114 62
s 20828 26 16
s 20829 304 129
s 20830 38 15
s 20831 31 17
s 20832 52 25
s 20833 236 132
s 20834 58 30
s 20835 28 13
s 20836 175 81
s 20837 255 136
s 20838 58 30
s 20839 12 6
s 20840 139 85
s 20841 299 152
s 20842 207 112
s 20843 130 76
s 20844 63 27
s 20845 115 49
s 20846 127 67
s 20847 129 62
s 20848 202 108
s 20849 88 49
s 20850 87 44
s 20855 197 103
s 20856 101 49
s 20857 237 136
s 20859 282 151
s 20862 123 60
s 20864 288 152
s 20865 53 25
s 20867 136 62
s 20871 122 67
s 20872 121 59
s 20873 59 26
s 20874 52 29
s 20881 76 39
s 20891 30 16
s 21075 31 15
s 21076 179 99
s 21077 188 101
s 21078 318 189
s 21079 141 79
s 21080 141 73
s 21081 5 3
s 21082 34 12
s 21083 46 16
s 21084 19 10
s 21085 163 94
s 21086 13 8
s 21087 22 12
s 21088 73 39
s 21089 136 77
s 21090 73 47
s 21091 37 22
s 21092 98 57
s 21093 119 69
s 21094 29 16
s 21095 11 7
s 21096 215 112
s 21097 191 89
s 21098 31 18
s 21099 64 46
s 21100 75 39
s 21101 95 47
s 21102 69 41
s 21103 94 51
s 21104 146 91
s 21105 26 13
s 21106 48 26
s 21111 98 58
s 21112 26 16
s 21113 103 58
s 21115 181 97
s 21118 24 15
s 21120 158 84
s 21121 68 37
s 21123 91 44
s 21127 171 100
s 21128 68 44
s 21129 47 29
s 21130 21 10
s 21137 38 22
s 21147 32 21
s 21332 150 70
s 21333 221 101
s 21334 481 227
s 21335 112 54
s 21336 179 91
s 21337 18 6
s 21338 79 37
s 21339 64 27
s 21340 49 23
s 21341 343 153
s 21342 44 17
s 21343 35 13
s 21344 147 62
s 21345 266 115
s 21346 96 49
s 21347 76 44
s 21348 102 41
s 21349 177 82
s 21350 44 28
s 21351 11 6
s 21352 346 155
s 21353 218 95
s 21354 230 96
s 21355 137 70
s 21356 132 52
s 21357 217 92
s 21358 134 65
s 21359 65 29
s 21360 109 58
s 21361 119 80
s 21362 109 39
s 21367 104 38
s 21368 124 45
s 21369 113 58
s 21371 197 95
s 21374 126 47
s 21376 219 97
s 21377 123 59
s 21379 90 39
s 21383 291 137
s 21384 148 67
s 21385 137 54
s 21386 56 21
s 21393 113 50
s 21403 37 20
s 21589 1136 591
s 21590 2360 1193
s 21591 816 418
s 21592 1035 535
s 21593 63 30
s 21594 431 240
s 21595 352 161
s 21596 141 82
s 21597 1805 895
s 21598 244 136
s 21599 209 103
s 21600 591 282
s 21601 1228 608
s 21602 525 232
s 21603 336 144
s 21604 577 290
s 21605 916 441
s 21606 203 112
s 21607 55 31
s 21608 1646 860
s 21609 985 494
s 21610 942 456
s 21611 540 260
s 21612 601 272
s 21613 790 319
s 21614 547 276
s 21615 447 228
s 21616 526 268
s 21617 405 208
s 21618 578 280
s 21623 648 323
s 21624 477 220
s 21625 645 331
s 21627 958 447
s 21630 616 312
s 21632 1173 554
s 21633 530 253
s 21635 446 219
s 21639 1184 637
s 21640 614 296
s 21641 416 190
s 21642 319 159
s 21649 458 204
s 21659 164 77
s 21846 2908 1431
s 21847 999 506
s 21848 1301 654
s 21849 86 49
s 21850 689 364
s 21851 440 225
s 21852 222 123
s 21853 1980 956
s 21854 289 130
s 21855 230 129
s 21856 596 301
s 21857 1400 726
s 21858 542 244
s 21859 293 139
s 21860 702 320
s 21861 1044 473
s 21862 185 95
s 21863 86 47
s 21864 1620 824
s 21865 1235 615
s 21866 1273 588
s 21867 649 311
s 21868 564 249
s 21869 1023 410
s 21870 712 363
s 21871 592 302
s 21872 672 326
s 21873 583 340
s 21874 555 248
s 21879 918 435
s 21880 615 287
s 21881 678 351
s 21883 1240 583
s 21886 791 440
s 21888 1355 658
s 21889 567 277
s 21891 586 295
s 21895 1283 660
s 21896 738 358
s 21897 525 269
s 21898 335 155
s 21905 554 206
s 21915 206 92
s 22103 1929 967
s 22104 2053 1074
s 22105 185 92
s 22106 815 406
s 22107 753 379
s 22108 308 172
s 22109 3907 1974
s 22110 478 241
s 22111 507 260
s 22112 1529 763
s 22113 3151 1610
s 22114 1403 700
s 22115 724 327
s 22116 1438 726
s 22117 1604 775
s 22118 548 268
s 22119 198 105
s 22120 3716 1894
s 22121 1895 936
s 22122 1981 1004
s 22123 1176 587
s 22124 1854 885
s 22125 1932 873
s 22126 1122 589
s 22127 1150 569
s 22128 1547 819
s 22129 863 487
s 22130 1184 553
s 22135 1266 658
s 22136 1236 582
s 22137 1279 697
s 22139 1707 807
s 22142 1334 657
s 22144 2281 1101
s 22145 1420 735
s 22147 1045 498
s 22151 3138 1674
s 22152 1357 660
s 22153 1096 505
s 22154 526 258
s 22161 989 436
s 22171 450 224
s 22360 1036 550
s 22361 66 29
s 22362 370 210
s 22363 215 115
s 22364 136 88
s 22365 1757 894
s 22366 176 98
s 22367 195 91
s 22368 623 328
s 22369 1184 581
s 22370 527 264
s 22371 303 151
s 22372 507 271
s 22373 667 317
s 22374 163 84
s 22375 61 21
s 22376 1450 737
s 22377 686 350
s 22378 949 482
s 22379 537 279
s 22380 630 304
s 22381 806 389
s 22382 520 277
s 22383 216 111
s 22384 302 147
s 22385 348 201
s 22386 493 254
s 22391 434 212
s 22392 507 254
s 22393 268 128
s 22395 669 301
s 22398 551 277
s 22400 1025 524
s 22401 584 275
s 22403 247 127
s 22407 1350 718
s 22408 515 260
s 22409 435 209
s 22410 196 100
s 22417 427 194
s 22427 170 77
s 22617 80 40
s 22618 381 207
s 22619 404 205
s 22620 141 76
s 22621 1881 986
s 22622 217 114
s 22623 203 115
s 22624 629 326
s 22625 1181 639
s 22626 552 280
s 22627 305 156
s 22628 512 265
s 22629 795 403
s 22630 214 113
s 22631 84 52
s 22632 1739 957
s 22633 911 503
s 22634 880 487
s 22635 518 281
s 22636 641 322
s 22637 879 432
s 22638 519 292
s 22639 589 319
s 22640 813 432
s 22641 361 200
s 22642 535 279
s 22647 691 365
s 22648 475 233
s 22649 601 323
s 22651 931 467
s 22654 537 289
s 22656 1105 587
s 22657 536 267
s 22659 535 300
s 22663 1399 813
s 22664 569 318
s 22665 470 248
s 22666 258 144
s 22673 438 212
s 22683 188 93
s 22874 25 13
s 22875 27 13
s 22876 13 9
s 22877 35 24
s 22878 3 2
s 22879 1 0
s 22880 34 15
s 22881 75 30
s 22882 26 16
s 22883 18 7
s 22884 36 21
s 22885 59 31
s 22886 12 5
s 22887 4 2
s 22888 79 40
s 22889 109 60
s 22890 60 21
s 22891 39 18
s 22892 27 14
s 22893 8 5
s 22894 41 24
s 22895 38 20
s 22896 53 33
s 22897 23 13
s 22898 22 13
s 22903 66 38
s 22904 40 20
s 22905 50 23
s 22907 78 39
s 22910 31 15
s 22912 74 40
s 22913 30 14
s 22915 35 18
s 22919 77 39
s 22920 41 21
s 22921 33 17
s 22922 1 0
s 22929 18 10
s 22939 14 7
s 23131 171 95
s 23132 62 36
s 23133 548 300
s 23134 95 48
s 23135 78 35
s 23136 204 106
s 23137 438 233
s 23138 211 118
s 23139 146 74
s 23140 289 164
s 23141 298 152
s 23142 87 43
s 23143 33 16
s 23144 576 308
s 23145 500 248
s 23146 202 108
s 23147 174 97
s 23148 230 114
s 23149 399 175
s 23150 221 123
s 23151 266 141
s 23152 388 225
s 23153 72 32
s 23154 152 74
s 23159 278 139
s 23160 135 67
s 23161 306 170
s 23163 441 221
s 23166 91 51
s 23168 353 174
s 23169 189 87
s 23171 276 139
s 23175 502 275
s 23176 233 130
s 23177 154 65
s 23178 82 33
s 23185 158 81
s 23195 115 69
s 23388 74 49
s 23389 683 375
s 23390 62 27
s 23391 59 33
s 23392 192 91
s 23393 427 219
s 23394 195 89
s 23395 143 66
s 23396 245 122
s 23397 310 156
s 23398 76 41
s 23399 24 14
s 23400 529 284
s 23401 489 262
s 23402 275 143
s 23403 209 105
s 23404 182 92
s 23405 260 113
s 23406 194 113
s 23407 172 100
s 23408 216 112
s 23409 157 95
s 23410 126 67
s 23415 260 143
s 23416 187 101
s 23417 240 123
s 23419 411 218
s 23422 173 91
s 23424 399 202
s 23425 194 88
s 23427 195 91
s 23431 519 282
s 23432 435 229
s 23433 190 103
s 23434 165 83
s 23441 159 77
s 23451 136 66
s 23645 239 125
s 23646 38 23
s 23647 20 8
s 23648 51 30
s 23649 148 76
s 23650 46 26
s 23651 25 12
s 23652 123 66
s 23653 109 67
s 23654 31 15
s 23655 10 2
s 23656 131 75
s 23657 224 123
s 23658 113 69
s 23659 91 55
s 23660 52 29
s 23661 159 80
s 23662 98 57
s 23663 108 55
s 23664 145 87
s 23665 54 30
s 23666 58 36
s 23671 121 67
s 23672 67 34
s 23673 147 77
s 23675 169 98
s 23678 54 25
s 23680 146 82
s 23681 42 21
s 23683 92 54
s 23687 123 69
s 23688 101 52
s 23689 48 26
s 23690 31 17
s 23697 77 33
s 23707 30 14
s 23902 83 45
s 23903 84 44
s 23904 874 413
s 23905 1671 856
s 23906 811 360
s 23907 403 200
s 23908 961 461
s 23909 1486 737
s 23910 329 174
s 23911 127 76
s 23912 2183 1142
s 23913 1766 903
s 23914 1153 593
s 23915 796 416
s 23916 892 433
s 23917 291 128
s 23918 893 456
s 23919 901 436
s 23920 1187 632
s 23921 445 236
s 23922 384 179
s 23927 1280 655
s 23928 652 289
s 23929 1213 656
s 23931 1796 875
s 23934 722 371
s 23936 1816 876
s 23937 759 363
s 23939 879 422
s 23943 1705 938
s 23944 869 404
s 23945 606 263
s 23946 146 83
s 23953 286 152
s 23963 277 137
s 24159 8 1
s 24160 89 45
s 24161 221 109
s 24162 71 32
s 24163 63 32
s 24164 120 53
s 24165 164 81
s 24166 50 23
s 24167 16 9
s 24168 242 115
s 24169 247 132
s 24170 154 74
s 24171 107 61
s 24172 91 41
s 24173 14 5
s 24174 111 59
s 24175 104 51
s 24176 111 39
s 24177 60 29
s 24178 38 16
s 24183 162 78
s 24184 77 33
s 24185 117 66
s 24187 204 105
s 24190 85 45
s 24192 177 89
s 24193 77 41
s 24195 99 45
s 24199 182 84
s 24200 116 58
s 24201 75 27
s 24202 9 5
s 24209 24 10
s 24219 39 17
s 24416 87 53
s 24417 243 137
s 24418 84 41
s 24419 58 32
s 24420 145 74
s 24421 184 101
s 24422 35 20
s 24423 11 6
s 24424 258 142
s 24425 229 117
s 24426 119 66
s 24427 109 54
s 24428 99 50
s 24429 12 3
s 24430 106 60
s 24431 99 53
s 24432 132 66
s 24433 53 38
s 24434 29 13
s 24439 126 70
s 24440 83 45
s 24441 145 73
s 24443 203 96
s 24446 96 57
s 24448 200 109
s 24449 107 63
s 24451 114 59
s 24455 210 101
s 24456 89 51
s 24457 65 33
s 24458 11 4
s 24465 17 7
s 24475 38 13
s 24673 362 182
s 24674 44 16
s 24675 13 6
s 24676 340 151
s 24677 640 297
s 24678 105 54
s 24679 27 16
s 24680 89 40
s 24681 635 311
s 24682 494 264
s 24683 267 131
s 24684 24 4
s 24685 416 166
s 24686 294 134
s 24687 333 158
s 24688 431 215
s 24689 219 118
s 24690 263 117
s 24695 480 232
s 24696 181 76
s 24697 441 228
s 24699 712 334
s 24702 261 128
s 24704 603 260
s 24705 26 15
s 24707 324 153
s 24711 93 47
s 24712 325 142
s 24713 71 25
s 24714 131 65
s 24721 231 100
s 24731 52 24
s 24930 358 165
s 24931 189 97
s 24932 755 384
s 24933 1017 512
s 24934 248 117
s 24935 71 36
s 24936 988 501
s 24937 2311 1221
s 24938 845 423
s 24939 545 265
s 24940 360 159
s 24941 933 418
s 24942 745 407
s 24943 748 369
s 24944 945 463
s 24945 435 208
s 24946 550 257
s 24951 905 456
s 24952 444 210
s 24953 780 428
s 24955 1250 549
s 24958 536 260
s 24960 1497 727
s 24961 362 172
s 24963 718 351
s 24967 858 465
s 24968 687 345
s 24969 328 153
s 24970 296 151
s 24977 511 225
s 24987 138 85
s 25187 19 13
s 25188 389 186
s 25189 484 221
s 25190 99 37
s 25191 33 20
s 25192 174 74
s 25193 669 316
s 25194 380 179
s 25195 242 116
s 25196 52 20
s 25197 412 182
s 25198 225 115
s 25199 363 182
s 25200 448 221
s 25201 188 99
s 25202 253 106
s 25207 456 222
s 25208 168 73
s 25209 386 181
s 25211 595 248
s 25214 246 105
s 25216 581 262
s 25217 61 26
s 25219 340 149
s 25223 136 66
s 25224 280 118
s 25225 85 38
s 25226 119 49
s 25233 206 89
s 25243 66 29
s 25444 188 88
s 25445 263 116
s 25446 59 31
s 25447 14 6
s 25448 74 40
s 25449 323 150
s 25450 194 96
s 25451 141 72
s 25452 17 7
s 25453 212 77
s 25454 105 59
s 25455 158 76
s 25456 217 116
s 25457 108 55
s 25458 137 61
s 25463 234 101
s 25464 105 51
s 25465 188 109
s 25467 373 162
s 25470 139 68
s 25472 332 160
s 25473 30 12
s 25475 190 84
s 25479 51 20
s 25480 152 72
s 25481 42 19
s 25482 61 21
s 25489 113 50
s 25499 25 12
s 25701 454 219
s 25702 93 53
s 25703 47 23
s 25704 947 490
s 25705 607 323
s 25706 594 298
s 25707 317 152
s 25708 357 177
s 25709 665 333
s 25710 349 188
s 25711 282 149
s 25712 375 194
s 25713 286 158
s 25714 322 141
s 25719 327 148
s 25720 362 166
s 25721 345 171
s 25723 487 225
s 25726 410 193
s 25728 762 376
s 25729 372 182
s 25731 317 162
s 25735 919 521
s 25736 398 196
s 25737 272 124
s 25738 186 91
s 25745 270 113
s 25755 128 70
s 25958 147 72
s 25959 59 27
s 25960 2690 1411
s 25961 716 352
s 25962 815 400
s 25963 414 207
s 25964 514 230
s 25965 681 280
s 25966 442 239
s 25967 371 181
s 25968 496 254
s 25969 301 144
s 25970 468 218
s 25975 521 240
s 25976 401 177
s 25977 464 217
s 25979 709 332
s 25982 493 236
s 25984 911 457
s 25985 479 205
s 25987 363 170
s 25991 1006 521
s 25992 494 219
s 25993 419 210
s 25994 210 105
s 26001 362 153
s 26011 139 72
s 26215 17 7
s 26216 322 182
s 26217 196 107
s 26218 203 106
s 26219 125 67
s 26220 104 44
s 26221 163 75
s 26222 107 62
s 26223 79 34
s 26224 98 53
s 26225 88 47
s 26226 89 43
s 26231 132 56
s 26232 100 41
s 26233 125 67
s 26235 190 93
s 26238 129 62
s 26240 247 121
s 26241 85 45
s 26243 88 38
s 26247 206 108
s 26248 121 53
s 26249 91 49
s 26250 57 23
s 26257 95 41
s 26267 41 18
s 26472 81 47
s 26473 77 40
s 26474 83 41
s 26475 34 15
s 26476 32 14
s 26477 72 35
s 26478 46 28
s 26479 39 22
s 26480 38 17
s 26481 32 17
s 26482 28 12
s 26487 56 30
s 26488 36 19
s 26489 36 18
s 26491 68 37
s 26494 49 28
s 26496 85 38
s 26497 24 11
s 26499 39 25
s 26503 72 37
s 26504 28 12
s 26505 37 21
s 26506 18 11
s 26513 32 16
s 26523 10 6
s 26729 1830 959
s 26730 1170 622
s 26731 658 358
s 26732 93 54
s 26733 1062 485
s 26734 751 445
s 26735 994 510
s 26736 1059 555
s 26737 491 300
s 26738 650 307
s 26743 1090 560
s 26744 446 207
s 26745 1225 637
s 26747 1819 901
s 26750 690 334
s 26752 1778 914
s 26753 125 54
s 26755 923 459
s 26759 308 160
s 26760 813 412
s 26761 202 100
s 26762 341 169
s 26769 525 253
s 26779 155 82
s 26986 1077 585
s 26987 561 278
s 26988 606 271
s 26989 1070 472
s 26990 528 268
s 26991 576 304
s 26992 678 351
s 26993 588 318
s 26994 460 217
s 26999 536 275
s 27000 585 282
s 27001 586 297
s 27003 853 423
s 27006 634 342
s 27008 1027 513
s 27009 612 277
s 27011 548 275
s 27015 1435 757
s 27016 714 343
s 27017 562 289
s 27018 250 113
s 27025 521 230
s 27035 212 114
s 27243 307 143
s 27244 509 233
s 27245 708 333
s 27246 470 230
s 27247 534 258
s 27248 733 390
s 27249 52 32
s 27250 277 126
s 27255 779 366
s 27256 134 55
s 27257 668 342
s 27259 1140 560
s 27262 70 40
s 27264 823 437
s 27265 395 169
s 27267 580 286
s 27271 1001 541
s 27272 379 166
s 27273 260 123
s 27274 213 113
s 27281 231 100
s 27291 228 124
s 27500 261 119
s 27501 468 215
s 27502 311 151
s 27503 335 164
s 27504 439 229
s 27505 155 81
s 27506 240 104
s 27511 401 222
s 27512 194 82
s 27513 372 210
s 27515 567 262
s 27518 196 97
s 27520 539 283
s 27521 240 112
s 27523 315 162
s 27527 631 321
s 27528 293 121
s 27529 199 113
s 27530 131 65
s 27537 232 107
s 27547 117 63
s 27757 394 146
s 27758 226 109
s 27759 306 147
s 27760 402 190
s 27761 182 91
s 27762 273 134
s 27767 507 234
s 27768 174 76
s 27769 376 169
s 27771 687 307
s 27774 247 105
s 27776 618 281
s 27777 52 26
s 27779 359 159
s 27783 79 35
s 27784 263 129
s 27785 51 28
s 27786 136 63
s 27793 215 81
s 27803 74 31
s 28014 515 268
s 28015 594 283
s 28016 705 345
s 28017 303 148
s 28018 161 71
s 28023 625 273
s 28024 403 178
s 28025 572 256
s 28027 983 409
s 28030 429 196
s 28032 881 386
s 28033 398 164
s 28035 533 244
s 28039 916 434
s 28040 493 209
s 28041 371 161
s 28042 49 22
s 28049 137 52
s 28059 140 58
s 28271 333 183
s 28272 396 225
s 28273 230 136
s 28274 248 132
s 28279 387 198
s 28280 277 137
s 28281 377 204
s 28283 503 232
s 28286 263 135
s 28288 562 281
s 28289 295 156
s 28291 302 133
s 28295 599 331
s 28296 344 178
s 28297 219 110
s 28298 120 61
s 28305 205 90
s 28315 97 51
s 28528 222 106
s 28529 320 187
s 28530 243 111
s 28535 265 140
s 28536 272 121
s 28537 240 136
s 28539 477 238
s 28542 316 156
s 28544 540 264
s 28545 298 140
s 28547 182 75
s 28551 772 415
s 28552 359 174
s 28553 330 171
s 28554 125 61
s 28561 269 142
s 28571 104 55
s 28785 366 195
s 28786 359 190
s 28791 450 243
s 28792 418 188
s 28793 296 169
s 28795 586 270
s 28798 438 217
s 28800 708 345
s 28801 387 193
s 28803 295 158
s 28807 943 505
s 28808 424 226
s 28809 365 171
s 28810 174 68
s 28817 383 168
s 28827 137 77
s 29042 104 57
s 29047 292 171
s 29048 74 40
s 29049 344 200
s 29051 458 243
s 29054 37 15
s 29056 346 186
s 29057 193 97
s 29059 296 158
s 29063 494 290
s 29064 203 95
s 29065 129 66
s 29066 67 31
s 29073 111 52
s 29083 86 46
s 29303 373 167
s 29304 193 101
s 29305 325 164
s 29307 543 256
s 29310 214 102
s 29312 520 234
s 29313 282 119
s 29315 254 108
s 29319 488 243
s 29320 261 97
s 29321 158 64
s 29322 67 31
s 29329 84 35
s 29339 97 46
s 30584 373 159
s 30585 275 131
s 30587 497 233
s 30590 438 209
s 30592 675 343
s 30593 441 209
s 30595 273 137
s 30599 1056 574
s 30600 401 218
s 30601 403 202
s 30602 154 85
s 30609 335 160
s 30619 141 72
s 30841 356 187
s 30843 598 260
s 30846 122 53
s 30848 495 229
s 30849 179 79
s 30851 312 145
s 30855 407 189
s 30856 221 89
s 30857 134 47
s 30858 116 59
s 30865 143 57
s 30875 79 42
s 31099 488 258
s 31102 388 211
s 31104 575 311
s 31105 335 159
s 31107 241 132
s 31111 958 532
s 31112 521 271
s 31113 487 255
s 31114 135 68
s 31121 361 172
s 31131 92 54
s 31614 635 302
s 31616 941 451
s 31617 571 237
s 31619 434 194
s 31623 1319 640
s 31624 611 279
s 31625 527 239
s 31626 247 117
s 31633 471 204
s 31643 203 106
s 32384 557 272
s 32385 263 123
s 32387 334 171
s 32391 611 314
s 32392 279 117
s 32393 148 80
s 32394 138 69
s 32401 167 71
s 32411 82 40
s 32897 773 376
s 32899 569 272
s 32903 1342 705
s 32904 668 329
s 32905 479 219
s 32906 267 130
s 32913 487 213
s 32923 186 86
s 33155 345 161
s 33159 132 67
s 33160 253 117
s 33161 65 36
s 33162 120 49
s 33169 206 91
s 33179 54 23
s 33671 787 401
s 33672 339 171
s 33673 294 137
s 33674 108 59
s 33681 260 122
s 33691 98 41
s 34696 677 346
s 34697 191 105
s 34698 279 128
s 34705 462 206
s 34715 135 72
s 34953 250 111
s 34954 160 82
s 34961 221 93
s 34971 103 50
s 35210 98 48
s 35217 174 86
s 35227 78 40
s 35473 54 19
s 35483 51 29
s 37275 93 42
