n 200000
b 1 23763 12056
b 2 28971 14162
b 3 6157 3162
b 4 3211 1648
b 5 23317 11688
b 6 31496 13755
b 7 29950 15201
b 8 32603 17439
b 9 30005 15029
b 10 8426 4139
b 11 14298 5767
b 12 23837 12548
b 13 7895 3855
b 14 55761 28119
b 15 10976 5550
b 16 4811 2293
b 17 12600 6059
b 18 25700 13498
b 19 17676 7737
b 20 14531 7449
b 21 37320 18355
b 22 21640 10612
b 23 8197 4050
b 25 28261 13237
b 26 43806 21270
b 27 27295 13859
b 28 9971 4724
b 29 32112 15205
b 30 24001 12075
b 31 24045 12555
b 32 7420 3926
b 33 9569 5336
b 34 10058 5065
b 35 19208 9158
b 36 28381 14022
b 37 7942 3835
b 38 3790 1866
b 39 17504 8225
b 40 7770 3716
b 41 11341 5701
b 42 15877 8533
b 43 12076 5855
b 44 11741 5857
b 45 7370 3882
b 46 8825 4097
b 47 10298 4986
b 48 30108 15097
b 49 33650 17705
b 50 9225 4880
b 51 6768 3315
b 52 5805 3135
b 53 16355 7381
b 54 30886 16042
b 55 16232 8333
b 56 7208 3737
b 57 4191 2254
b 58 4989 2447
b 59 7285 3426
b 60 19849 10495
b 61 3410 1681
b 62 20921 11662
b 63 7323 3556
b 64 11024 5156
b 65 1776 836
b 66 812 386
b 67 14654 7818
b 68 15687 7670
b 69 15173 7461
b 70 13426 6814
b 71 33206 17265
b 72 6788 3195
b 73 3505 1599
b 74 41935 21645
b 75 14807 7299
b 76 31021 16781
b 77 3123 1641
b 78 7390 3890
b 79 4396 2006
b 80 5953 3005
b 81 4523 2286
b 82 2934 1643
b 83 5008 2297
b 84 19767 9598
b 85 29420 14260
b 86 53313 26852
b 87 22462 11503
b 88 25992 13714
b 89 1423 698
b 90 9691 5039
b 91 9415 4920
b 92 3973 2194
b 93 30455 15450
b 94 2897 1366
b 95 3330 1688
b 96 10372 5038
b 97 24583 12328
b 98 11650 5401
b 99 4411 2027
b 100 16236 8005
b 101 19544 9540
b 102 4508 2315
b 103 1997 1056
b 104 27727 14317
b 105 24699 12608
b 106 21051 10490
b 107 13482 6933
b 108 10450 4835
b 109 18090 8182
b 110 13924 7243
b 111 13863 7025
b 112 19028 9900
b 113 7914 4205
b 114 9438 4542
b 119 18188 9283
b 120 11492 5358
b 121 16668 8675
b 123 25165 11899
b 126 12552 6185
b 128 25587 12659
b 129 10502 4974
b 131 14295 7038
b 135 25040 13159
b 136 14520 7152
b 137 10098 4994
b 138 4577 2232
b 145 8239 3683
b 155 4824 2442
v 258 1389 602
v 259 383 192
v 260 179 97
v 261 1453 710
v 262 1879 1045
v 263 1605 726
v 264 1967 983
v 265 1542 767
v 266 596 308
v 267 819 480
v 268 1553 807
v 269 587 294
v 270 2930 1484
v 271 619 350
v 272 295 159
v 273 705 398
v 274 1515 708
v 275 979 544
v 276 926 456
v 277 2046 1067
v 278 1709 902
v 279 504 249
v 281 1672 928
v 282 2633 1300
v 283 1601 801
v 284 566 272
v 285 1962 1091
v 286 1439 722
v 287 1633 767
v 288 453 218
v 289 501 215
v 290 811 437
v 291 1066 560
v 292 1659 922
v 293 510 278
v 294 224 117
v 295 967 533
v 296 438 237
v 297 752 392
v 298 1120 570
v 299 772 434
v 300 908 420
v 301 513 256
v 302 545 282
v 303 510 265
v 304 2066 990
v 305 2027 1028
v 306 648 319
v 307 354 187
v 308 375 174
v 309 950 539
v 310 1872 942
v 311 1074 515
v 312 440 206
v 313 255 117
v 314 217 106
v 315 543 249
v 316 1011 440
v 317 215 111
v 318 1057 479
v 319 424 226
v 320 603 328
v 321 108 61
v 322 37 22
v 323 856 436
v 324 1075 538
v 325 920 477
v 326 890 401
v 327 1490 728
v 328 437 245
v 329 192 109
v 330 2832 1398
v 331 908 445
v 332 2101 1042
v 333 155 73
v 334 472 264
v 335 266 145
v 336 352 159
v 337 232 117
v 338 255 99
v 339 274 141
v 340 1444 808
v 341 1614 854
v 342 3368 1756
v 343 1189 561
v 344 1322 606
v 345 71 40
v 346 742 364
v 347 643 315
v 348 237 107
v 349 2033 974
v 350 216 140
v 351 218 94
v 352 528 255
v 353 1406 678
v 354 721 391
v 355 271 168
v 356 920 471
v 357 1613 846
v 358 279 151
v 359 102 48
v 360 1509 680
v 361 1481 739
v 362 1112 585
v 363 725 363
v 364 547 293
v 365 1247 694
v 366 686 324
v 367 1078 584
v 368 1476 754
v 369 544 276
v 370 530 255
v 375 981 478
v 376 707 389
v 377 1097 569
v 379 1274 663
v 382 699 368
v 384 1430 689
v 385 665 381
v 387 835 438
v 391 1394 675
v 392 766 360
v 393 585 296
v 394 270 151
v 401 498 265
v 411 324 183
v 515 396 190
v 516 225 109
v 517 1759 860
v 518 2246 1240
v 519 2309 1160
v 520 2345 1092
v 521 2120 1019
v 522 526 281
v 523 1049 617
v 524 1400 711
v 525 527 251
v 526 3795 1765
v 527 881 415
v 528 376 197
v 529 871 440
v 530 1833 797
v 531 1327 701
v 532 1060 486
v 533 2933 1530
v 534 1535 724
v 535 613 285
v 537 2076 1141
v 538 3309 1707
v 539 2138 1052
v 540 766 371
v 541 2597 1357
v 542 1648 749
v 543 1659 742
v 544 546 245
v 545 685 291
v 546 694 324
v 547 1389 747
v 548 2367 1101
v 549 518 285
v 550 271 129
v 551 1319 669
v 552 513 245
v 553 791 396
v 554 1369 631
v 555 883 451
v 556 830 454
v 557 468 230
v 558 626 325
v 559 809 402
v 560 2069 960
v 561 2549 1125
v 562 1489 681
v 563 493 253
v 564 379 171
v 565 1212 642
v 566 2720 1204
v 567 1210 607
v 568 555 267
v 569 277 135
v 570 391 195
v 571 440 233
v 572 1512 661
v 573 210 122
v 574 1520 641
v 575 607 329
v 576 751 378
v 577 107 50
v 578 46 26
v 579 1225 502
v 580 1055 512
v 581 1163 585
v 582 1235 600
v 583 2372 1111
v 584 436 242
v 585 280 157
v 586 2952 1416
v 587 1049 509
v 588 2316 989
v 589 236 100
v 590 550 243
v 591 274 135
v 592 452 202
v 593 340 167
v 594 188 80
v 595 327 190
v 596 1489 776
v 597 2111 1056
v 598 4056 1987
v 599 1571 762
v 600 2003 923
v 601 76 41
v 602 613 276
v 603 593 274
v 604 261 117
v 605 2148 1036
v 606 256 127
v 607 195 98
v 608 787 395
v 609 1918 955
v 610 926 470
v 611 339 192
v 612 1135 586
v 613 1358 673
v 614 305 141
v 615 136 65
v 616 2304 1085
v 617 1608 774
v 618 1628 808
v 619 920 435
v 620 805 423
v 621 1096 635
v 622 947 444
v 623 1183 531
v 624 1234 594
v 625 547 256
v 626 846 440
v 631 1353 670
v 632 797 427
v 633 1116 496
v 635 1807 933
v 638 954 491
v 640 1874 940
v 641 870 440
v 643 908 432
v 647 2020 933
v 648 1078 558
v 649 756 393
v 650 262 142
v 657 581 322
v 667 312 137
v 772 43 23
v 773 335 171
v 774 500 276
v 775 502 249
v 776 400 191
v 777 471 240
v 778 100 48
v 779 223 136
v 780 484 233
v 781 120 65
v 782 894 428
v 783 144 84
v 784 68 40
v 785 175 103
v 786 380 184
v 787 302 170
v 788 238 134
v 789 538 288
v 790 337 177
v 791 134 77
v 793 425 232
v 794 655 334
v 795 393 201
v 796 137 78
v 797 574 299
v 798 350 191
v 799 350 168
v 800 92 41
v 801 160 71
v 802 160 80
v 803 293 154
v 804 366 185
v 805 117 61
v 806 91 42
v 807 213 125
v 808 126 77
v 809 105 57
v 810 205 100
v 811 187 114
v 812 154 92
v 813 103 47
v 814 127 68
v 815 121 65
v 816 502 267
v 817 486 245
v 818 163 84
v 819 112 60
v 820 81 41
v 821 241 129
v 822 323 187
v 823 252 128
v 824 94 43
v 825 76 38
v 826 67 40
v 827 100 53
v 828 330 158
v 829 70 37
v 830 350 162
v 831 105 53
v 832 181 93
v 833 33 20
v 834 11 4
v 835 325 141
v 836 259 146
v 837 226 126
v 838 257 124
v 839 537 272
v 840 93 50
v 841 46 27
v 842 628 320
v 843 265 134
v 844 545 238
v 845 82 35
v 846 124 54
v 847 96 53
v 848 113 64
v 849 78 34
v 850 65 30
v 851 79 37
v 852 259 149
v 853 443 234
v 854 822 404
v 855 333 168
v 856 376 171
v 857 36 22
v 858 162 94
v 859 150 76
v 860 83 31
v 861 500 226
v 862 44 20
v 863 32 14
v 864 150 77
v 865 411 218
v 866 134 75
v 867 56 30
v 868 279 155
v 869 280 152
v 870 93 58
v 871 21 9
v 872 386 202
v 873 390 207
v 874 261 130
v 875 231 121
v 876 158 88
v 877 398 215
v 878 200 106
v 879 229 105
v 880 385 180
v 881 155 69
v 882 120 61
v 887 258 127
v 888 154 75
v 889 276 135
v 891 402 209
v 894 210 119
v 896 373 196
v 897 138 79
v 899 259 122
v 903 417 204
v 904 230 129
v 905 150 72
v 906 59 31
v 913 139 84
v 923 77 38
v 1029 193 98
v 1030 235 123
v 1031 234 123
v 1032 255 111
v 1033 236 112
v 1034 56 32
v 1035 105 60
v 1036 191 96
v 1037 79 45
v 1038 430 206
v 1039 77 45
v 1040 39 18
v 1041 109 49
v 1042 161 84
v 1043 137 87
v 1044 119 66
v 1045 358 195
v 1046 189 105
v 1047 91 49
v 1049 227 118
v 1050 370 208
v 1051 235 122
v 1052 74 39
v 1053 241 133
v 1054 189 83
v 1055 166 86
v 1056 81 35
v 1057 68 29
v 1058 79 39
v 1059 173 98
v 1060 211 98
v 1061 48 23
v 1062 15 6
v 1063 146 79
v 1064 63 34
v 1065 86 42
v 1066 126 68
v 1067 100 56
v 1068 85 48
v 1069 64 23
v 1070 51 17
v 1071 80 37
v 1072 229 116
v 1073 244 137
v 1074 48 21
v 1075 63 42
v 1076 40 18
v 1077 126 67
v 1078 217 107
v 1079 156 71
v 1080 50 25
v 1081 27 15
v 1082 34 14
v 1083 53 36
v 1084 237 114
v 1085 26 12
v 1086 187 90
v 1087 88 48
v 1088 88 50
v 1089 17 10
v 1090 4 1
v 1091 117 65
v 1092 94 54
v 1093 108 53
v 1094 113 67
v 1095 334 149
v 1096 51 28
v 1097 38 21
v 1098 298 142
v 1099 126 64
v 1100 210 111
v 1101 30 16
v 1102 43 15
v 1103 29 17
v 1104 44 25
v 1105 37 19
v 1106 25 14
v 1107 38 19
v 1108 165 96
v 1109 228 116
v 1110 400 197
v 1111 198 101
v 1112 200 94
v 1113 10 5
v 1114 70 37
v 1115 75 33
v 1116 26 9
v 1117 588 291
v 1118 35 19
v 1119 21 13
v 1120 93 53
v 1121 181 93
v 1122 100 60
v 1123 35 20
v 1124 136 67
v 1125 120 63
v 1126 34 22
v 1127 12 7
v 1128 209 93
v 1129 140 65
v 1130 151 79
v 1131 103 56
v 1132 81 45
v 1133 115 61
v 1134 85 42
v 1135 85 55
v 1136 151 77
v 1137 54 27
v 1138 77 39
v 1143 132 50
v 1144 203 127
v 1145 124 62
v 1147 222 108
v 1150 106 55
v 1152 223 114
v 1153 86 49
v 1155 119 70
v 1159 192 99
v 1160 95 52
v 1161 65 36
v 1162 24 11
v 1169 51 30
v 1179 47 26
v 1286 1964 1149
v 1287 1776 886
v 1288 2327 1010
v 1289 1864 931
v 1290 529 269
v 1291 800 480
v 1292 1034 538
v 1293 526 264
v 1294 3342 1596
v 1295 690 354
v 1296 271 138
v 1297 692 388
v 1298 1511 741
v 1299 1038 600
v 1300 853 414
v 1301 2232 1145
v 1302 1352 665
v 1303 447 214
v 1305 1652 853
v 1306 2765 1400
v 1307 1795 878
v 1308 535 288
v 1309 1917 1033
v 1310 1504 740
v 1311 1520 750
v 1312 498 227
v 1313 539 235
v 1314 570 278
v 1315 1152 622
v 1316 1668 890
v 1317 432 238
v 1318 181 98
v 1319 1025 527
v 1320 486 266
v 1321 674 323
v 1322 909 410
v 1323 747 366
v 1324 675 322
v 1325 459 224
v 1326 457 263
v 1327 565 287
v 1328 1512 726
v 1329 1763 845
v 1330 487 233
v 1331 424 244
v 1332 341 161
v 1333 977 525
v 1334 2012 906
v 1335 922 462
v 1336 391 187
v 1337 207 91
v 1338 304 171
v 1339 420 223
v 1340 1149 568
v 1341 132 70
v 1342 1254 575
v 1343 395 199
v 1344 669 344
v 1345 105 51
v 1346 43 23
v 1347 814 407
v 1348 939 482
v 1349 893 470
v 1350 720 331
v 1351 1861 936
v 1352 402 208
v 1353 195 98
v 1354 2390 1162
v 1355 951 473
v 1356 1826 868
v 1357 157 71
v 1358 403 175
v 1359 243 119
v 1360 334 168
v 1361 261 147
v 1362 147 84
v 1363 283 158
v 1364 1224 638
v 1365 1830 929
v 1366 3451 1656
v 1367 1472 732
v 1368 1650 768
v 1369 74 49
v 1370 516 247
v 1371 443 226
v 1372 208 106
v 1373 1934 975
v 1374 129 66
v 1375 192 96
v 1376 556 274
v 1377 1398 689
v 1378 525 304
v 1379 268 132
v 1380 932 494
v 1381 1190 578
v 1382 250 120
v 1383 116 61
v 1384 1986 926
v 1385 1387 648
v 1386 1166 605
v 1387 798 389
v 1388 602 340
v 1389 925 535
v 1390 741 355
v 1391 740 396
v 1392 1002 484
v 1393 395 184
v 1394 525 260
v 1399 1104 530
v 1400 711 398
v 1401 983 445
v 1403 1512 837
v 1406 719 375
v 1408 1488 748
v 1409 620 336
v 1411 829 414
v 1415 1484 688
v 1416 803 402
v 1417 578 286
v 1418 272 138
v 1425 487 263
v 1435 331 156
v 1543 2244 981
v 1544 2919 1137
v 1545 2408 1062
v 1546 698 306
v 1547 1077 588
v 1548 2151 864
v 1549 554 232
v 1550 4083 1698
v 1551 968 416
v 1552 365 159
v 1553 1104 485
v 1554 2141 832
v 1555 1421 670
v 1556 1168 476
v 1557 3282 1485
v 1558 1690 717
v 1559 596 246
v 1561 2343 1119
v 1562 3531 1645
v 1563 2150 911
v 1564 726 365
v 1565 2815 1272
v 1566 1886 832
v 1567 2004 818
v 1568 588 253
v 1569 702 274
v 1570 732 319
v 1571 1759 772
v 1572 2196 1055
v 1573 646 288
v 1574 270 123
v 1575 1429 673
v 1576 667 309
v 1577 1000 400
v 1578 1242 477
v 1579 1010 461
v 1580 978 449
v 1581 573 240
v 1582 618 282
v 1583 882 428
v 1584 2569 1168
v 1585 2760 1098
v 1586 725 317
v 1587 473 211
v 1588 429 188
v 1589 1365 669
v 1590 2689 1216
v 1591 1306 487
v 1592 599 270
v 1593 329 151
v 1594 403 174
v 1595 523 254
v 1596 1482 581
v 1597 248 114
v 1598 1572 593
v 1599 587 279
v 1600 874 415
v 1601 136 75
v 1602 54 25
v 1603 1977 774
v 1604 1311 583
v 1605 1163 551
v 1606 1032 451
v 1607 2475 1063
v 1608 504 252
v 1609 237 114
v 1610 3268 1351
v 1611 1211 525
v 1612 2448 946
v 1613 230 86
v 1614 544 208
v 1615 361 167
v 1616 460 207
v 1617 339 148
v 1618 204 86
v 1619 427 213
v 1620 1504 637
v 1621 2452 1082
v 1622 4252 1889
v 1623 1676 736
v 1624 1895 778
v 1625 95 48
v 1626 683 278
v 1627 739 321
v 1628 318 124
v 1629 2484 1131
v 1630 170 79
v 1631 207 101
v 1632 902 397
v 1633 1828 780
v 1634 874 425
v 1635 372 187
v 1636 1004 469
v 1637 1611 712
v 1638 393 176
v 1639 112 43
v 1640 2119 962
v 1641 1934 835
v 1642 1619 694
v 1643 1029 390
v 1644 914 432
v 1645 1613 847
v 1646 1118 446
v 1647 1196 520
v 1648 1419 617
v 1649 626 236
v 1650 685 319
v 1655 1500 609
v 1656 869 429
v 1657 1387 588
v 1659 2045 962
v 1662 1007 448
v 1664 1992 909
v 1665 750 313
v 1667 1102 490
v 1671 2033 832
v 1672 1096 480
v 1673 780 306
v 1674 361 165
v 1681 620 305
v 1691 341 128
v 1800 2499 1189
v 1801 2171 1120
v 1802 597 302
v 1803 1075 657
v 1804 1936 1017
v 1805 552 291
v 1806 3967 2001
v 1807 760 377
v 1808 392 202
v 1809 884 465
v 1810 2031 976
v 1811 1412 767
v 1812 1130 575
v 1813 2756 1404
v 1814 1686 818
v 1815 597 319
v 1817 2186 1145
v 1818 3577 1864
v 1819 2080 1039
v 1820 754 408
v 1821 2419 1256
v 1822 1848 940
v 1823 1794 866
v 1824 554 269
v 1825 729 359
v 1826 748 380
v 1827 1527 793
v 1828 2185 1093
v 1829 618 302
v 1830 273 157
v 1831 1321 716
v 1832 540 281
v 1833 909 503
v 1834 1120 527
v 1835 884 444
v 1836 928 458
v 1837 543 252
v 1838 700 348
v 1839 722 352
v 1840 2286 1135
v 1841 2566 1221
v 1842 606 287
v 1843 510 264
v 1844 444 201
v 1845 1252 718
v 1846 2604 1230
v 1847 1206 611
v 1848 543 256
v 1849 325 144
v 1850 321 168
v 1851 625 338
v 1852 1503 665
v 1853 311 191
v 1854 1542 668
v 1855 509 275
v 1856 829 430
v 1857 155 80
v 1858 95 57
v 1859 1146 512
v 1860 1188 609
v 1861 1094 564
v 1862 1017 491
v 1863 2701 1343
v 1864 548 289
v 1865 263 154
v 1866 3373 1627
v 1867 1138 573
v 1868 2251 1057
v 1869 202 107
v 1870 581 296
v 1871 334 202
v 1872 446 229
v 1873 347 187
v 1874 222 111
v 1875 368 192
v 1876 1510 810
v 1877 2163 1169
v 1878 4209 2123
v 1879 1671 823
v 1880 2032 984
v 1881 86 46
v 1882 756 385
v 1883 685 345
v 1884 308 146
v 1885 2164 1102
v 1886 233 122
v 1887 227 114
v 1888 805 430
v 1889 2068 1097
v 1890 985 537
v 1891 344 192
v 1892 1235 670
v 1893 1463 735
v 1894 333 167
v 1895 135 63
v 1896 2167 1080
v 1897 1788 893
v 1898 1690 804
v 1899 1019 508
v 1900 806 440
v 1901 1239 709
v 1902 1023 502
v 1903 1125 555
v 1904 1440 700
v 1905 563 260
v 1906 744 397
v 1911 1408 721
v 1912 841 444
v 1913 1303 629
v 1915 1870 971
v 1918 902 473
v 1920 2004 1043
v 1921 842 468
v 1923 1071 560
v 1927 1840 886
v 1928 1131 612
v 1929 713 365
v 1930 301 148
v 1937 620 350
v 1947 363 168
v 2057 2476 1247
v 2058 702 349
v 2059 1133 729
v 2060 1893 962
v 2061 656 340
v 2062 4310 2256
v 2063 951 495
v 2064 366 212
v 2065 1159 654
v 2066 2154 1146
v 2067 1437 859
v 2068 1203 619
v 2069 3083 1632
v 2070 1855 1026
v 2071 722 407
v 2073 2232 1228
v 2074 3558 1903
v 2075 1953 986
v 2076 796 489
v 2077 2717 1635
v 2078 1982 1074
v 2079 2012 1051
v 2080 677 338
v 2081 661 305
v 2082 734 398
v 2083 1567 876
v 2084 2377 1261
v 2085 631 331
v 2086 277 143
v 2087 1554 872
v 2088 747 446
v 2089 1135 615
v 2090 1479 714
v 2091 1069 564
v 2092 1021 577
v 2093 502 251
v 2094 798 417
v 2095 858 487
v 2096 2531 1378
v 2097 2590 1338
v 2098 574 287
v 2099 539 272
v 2100 359 166
v 2101 1419 852
v 2102 3005 1501
v 2103 1274 655
v 2104 709 351
v 2105 229 107
v 2106 467 252
v 2107 537 282
v 2108 1454 681
v 2109 216 123
v 2110 1623 778
v 2111 536 284
v 2112 1024 580
v 2113 114 70
v 2114 47 27
v 2115 1308 642
v 2116 1363 726
v 2117 1255 661
v 2118 1262 622
v 2119 2372 1165
v 2120 585 326
v 2121 272 159
v 2122 3678 1974
v 2123 1360 739
v 2124 2608 1268
v 2125 217 109
v 2126 536 267
v 2127 317 176
v 2128 489 239
v 2129 386 203
v 2130 187 87
v 2131 395 218
v 2132 1654 927
v 2133 2413 1324
v 2134 4149 2155
v 2135 2171 1143
v 2136 2560 1331
v 2137 113 75
v 2138 759 371
v 2139 588 293
v 2140 282 119
v 2141 3026 1597
v 2142 222 141
v 2143 301 138
v 2144 897 515
v 2145 2054 1144
v 2146 805 470
v 2147 341 196
v 2148 1159 602
v 2149 1608 875
v 2150 318 155
v 2151 131 69
v 2152 2177 1097
v 2153 2435 1340
v 2154 1631 862
v 2155 1107 598
v 2156 1065 647
v 2157 1431 813
v 2158 1673 935
v 2159 904 477
v 2160 965 479
v 2161 586 319
v 2162 827 463
v 2167 1661 905
v 2168 891 545
v 2169 1224 621
v 2171 2109 1215
v 2174 1112 590
v 2176 2187 1190
v 2177 982 530
v 2179 955 524
v 2183 2072 1039
v 2184 1155 636
v 2185 851 453
v 2186 391 206
v 2193 691 408
v 2203 396 205
v 2314 640 321
v 2315 1031 633
v 2316 1902 901
v 2317 692 338
v 2318 4533 2262
v 2319 901 451
v 2320 341 193
v 2321 1074 536
v 2322 2113 992
v 2323 1263 718
v 2324 1045 517
v 2325 2920 1476
v 2326 1750 875
v 2327 547 276
v 2329 2091 1103
v 2330 3333 1742
v 2331 2017 1025
v 2332 844 436
v 2333 2403 1294
v 2334 1864 950
v 2335 1964 934
v 2336 593 273
v 2337 790 330
v 2338 719 360
v 2339 1345 753
v 2340 2319 1155
v 2341 589 289
v 2342 247 121
v 2343 1450 793
v 2344 641 347
v 2345 853 429
v 2346 1253 557
v 2347 935 486
v 2348 863 441
v 2349 530 254
v 2350 562 284
v 2351 770 420
v 2352 2178 1065
v 2353 2510 1198
v 2354 665 327
v 2355 491 248
v 2356 459 196
v 2357 1246 713
v 2358 2184 1046
v 2359 1352 651
v 2360 538 267
v 2361 285 123
v 2362 389 195
v 2363 529 274
v 2364 1490 696
v 2365 232 122
v 2366 1875 800
v 2367 544 288
v 2368 804 437
v 2369 115 71
v 2370 46 27
v 2371 1101 498
v 2372 1140 599
v 2373 1248 637
v 2374 824 391
v 2375 2649 1223
v 2376 515 273
v 2377 237 129
v 2378 2884 1393
v 2379 1157 624
v 2380 2551 1142
v 2381 207 96
v 2382 529 262
v 2383 316 162
v 2384 405 205
v 2385 307 153
v 2386 236 96
v 2387 391 202
v 2388 1572 806
v 2389 2173 1122
v 2390 4264 2097
v 2391 1775 881
v 2392 2126 980
v 2393 131 50
v 2394 695 333
v 2395 653 310
v 2396 285 117
v 2397 2489 1238
v 2398 202 102
v 2399 244 133
v 2400 790 386
v 2401 1700 854
v 2402 763 412
v 2403 284 172
v 2404 1136 592
v 2405 1614 832
v 2406 323 148
v 2407 160 67
v 2408 2232 1057
v 2409 1858 892
v 2410 1766 898
v 2411 1074 521
v 2412 828 464
v 2413 1431 778
v 2414 1090 538
v 2415 975 466
v 2416 1467 701
v 2417 573 281
v 2418 654 361
v 2423 1571 785
v 2424 808 454
v 2425 1249 571
v 2427 2086 1129
v 2430 916 449
v 2432 1820 954
v 2433 708 356
v 2435 1068 532
v 2439 1721 853
v 2440 1036 508
v 2441 771 387
v 2442 298 148
v 2449 604 337
v 2459 398 209
v 2571 325 186
v 2572 416 188
v 2573 168 85
v 2574 1248 601
v 2575 273 149
v 2576 82 47
v 2577 225 111
v 2578 467 219
v 2579 335 169
v 2580 331 176
v 2581 834 417
v 2582 397 203
v 2583 197 107
v 2585 563 283
v 2586 703 340
v 2587 465 210
v 2588 205 118
v 2589 689 370
v 2590 595 305
v 2591 563 291
v 2592 156 69
v 2593 178 69
v 2594 212 98
v 2595 434 246
v 2596 570 283
v 2597 189 97
v 2598 86 34
v 2599 382 207
v 2600 158 76
v 2601 204 101
v 2602 336 156
v 2603 234 121
v 2604 300 141
v 2605 154 63
v 2606 185 102
v 2607 226 117
v 2608 738 378
v 2609 696 318
v 2610 227 116
v 2611 162 76
v 2612 97 52
v 2613 385 207
v 2614 801 405
v 2615 357 183
v 2616 150 69
v 2617 107 51
v 2618 122 58
v 2619 154 83
v 2620 378 152
v 2621 86 48
v 2622 415 177
v 2623 155 74
v 2624 255 131
v 2625 42 26
v 2626 17 9
v 2627 271 113
v 2628 166 88
v 2629 255 111
v 2630 300 136
v 2631 1046 486
v 2632 170 76
v 2633 92 51
v 2634 858 409
v 2635 294 155
v 2636 659 276
v 2637 69 31
v 2638 168 71
v 2639 119 56
v 2640 123 59
v 2641 93 38
v 2642 64 27
v 2643 125 67
v 2644 373 186
v 2645 675 347
v 2646 1088 476
v 2647 412 181
v 2648 313 143
v 2649 31 10
v 2650 212 98
v 2651 248 130
v 2652 79 34
v 2653 670 303
v 2654 58 24
v 2655 57 23
v 2656 197 96
v 2657 530 261
v 2658 246 145
v 2659 97 60
v 2660 382 203
v 2661 316 157
v 2662 107 47
v 2663 35 13
v 2664 485 230
v 2665 456 218
v 2666 443 211
v 2667 280 141
v 2668 226 117
v 2669 408 211
v 2670 307 151
v 2671 329 177
v 2672 482 233
v 2673 201 108
v 2674 206 103
v 2679 414 187
v 2680 240 147
v 2681 295 129
v 2683 500 257
v 2686 276 117
v 2688 553 283
v 2689 252 129
v 2691 357 181
v 2695 592 290
v 2696 355 177
v 2697 205 105
v 2698 91 51
v 2705 184 99
v 2715 122 60
v 2828 840 306
v 2829 258 90
v 2830 1910 815
v 2831 382 144
v 2832 163 80
v 2833 411 180
v 2834 882 329
v 2835 608 290
v 2836 514 208
v 2837 1323 539
v 2838 760 316
v 2839 326 137
v 2841 1089 471
v 2842 1575 660
v 2843 972 367
v 2844 335 140
v 2845 1238 530
v 2846 862 343
v 2847 830 291
v 2848 239 102
v 2849 315 118
v 2850 397 166
v 2851 783 310
v 2852 1207 506
v 2853 308 130
v 2854 120 55
v 2855 629 287
v 2856 278 123
v 2857 374 169
v 2858 514 181
v 2859 451 204
v 2860 472 196
v 2861 285 102
v 2862 326 128
v 2863 364 164
v 2864 1155 455
v 2865 1201 420
v 2866 311 113
v 2867 232 95
v 2868 191 73
v 2869 589 281
v 2870 1128 448
v 2871 543 204
v 2872 242 94
v 2873 155 64
v 2874 187 71
v 2875 264 125
v 2876 685 262
v 2877 140 58
v 2878 700 223
v 2879 262 111
v 2880 410 173
v 2881 63 17
v 2882 31 15
v 2883 509 193
v 2884 581 237
v 2885 482 208
v 2886 519 199
v 2887 1083 397
v 2888 269 111
v 2889 140 66
v 2890 1539 590
v 2891 524 214
v 2892 1138 401
v 2893 95 38
v 2894 234 100
v 2895 173 79
v 2896 231 87
v 2897 147 63
v 2898 109 34
v 2899 178 94
v 2900 740 302
v 2901 1066 441
v 2902 1956 822
v 2903 827 324
v 2904 848 310
v 2905 48 18
v 2906 385 144
v 2907 355 142
v 2908 138 42
v 2909 1141 483
v 2910 106 48
v 2911 109 37
v 2912 360 151
v 2913 898 386
v 2914 446 206
v 2915 170 80
v 2916 594 242
v 2917 682 277
v 2918 153 65
v 2919 83 28
v 2920 965 377
v 2921 903 335
v 2922 784 363
v 2923 469 179
v 2924 404 172
v 2925 739 310
v 2926 558 202
v 2927 494 202
v 2928 649 233
v 2929 321 120
v 2930 363 160
v 2935 612 243
v 2936 425 188
v 2937 687 270
v 2939 824 349
v 2942 444 171
v 2944 985 384
v 2945 389 171
v 2947 544 218
v 2951 903 325
v 2952 513 199
v 2953 368 162
v 2954 164 58
v 2961 289 153
v 2971 172 82
v 3085 465 242
v 3086 3049 1515
v 3087 570 309
v 3088 340 165
v 3089 673 365
v 3090 3110 1462
v 3091 1007 571
v 3092 943 513
v 3093 2161 1185
v 3094 1194 706
v 3095 449 223
v 3097 1432 822
v 3098 2518 1357
v 3099 1843 1022
v 3100 629 398
v 3101 1607 791
v 3102 1389 729
v 3103 1462 761
v 3104 370 183
v 3105 606 316
v 3106 595 325
v 3107 1000 594
v 3108 1752 897
v 3109 435 225
v 3110 251 133
v 3111 990 568
v 3112 518 305
v 3113 675 338
v 3114 1008 550
v 3115 656 365
v 3116 664 340
v 3117 415 192
v 3118 501 308
v 3119 564 339
v 3120 2333 1206
v 3121 2182 1075
v 3122 600 294
v 3123 440 241
v 3124 700 337
v 3125 907 534
v 3126 1652 878
v 3127 873 406
v 3128 391 228
v 3129 306 140
v 3130 267 152
v 3131 384 221
v 3132 1281 696
v 3133 224 119
v 3134 1341 617
v 3135 488 273
v 3136 606 339
v 3137 120 60
v 3138 39 18
v 3139 734 397
v 3140 946 554
v 3141 925 486
v 3142 657 350
v 3143 1865 894
v 3144 430 244
v 3145 196 111
v 3146 2498 1369
v 3147 927 522
v 3148 1620 848
v 3149 201 111
v 3150 490 265
v 3151 317 184
v 3152 315 149
v 3153 286 154
v 3154 194 83
v 3155 348 195
v 3156 1226 714
v 3157 1930 1074
v 3158 3230 1673
v 3159 1266 636
v 3160 1574 741
v 3161 87 48
v 3162 593 298
v 3163 617 284
v 3164 274 149
v 3165 1595 814
v 3166 380 216
v 3167 191 111
v 3168 550 273
v 3169 1445 751
v 3170 681 347
v 3171 256 150
v 3172 1058 582
v 3173 1122 631
v 3174 279 138
v 3175 137 72
v 3176 1573 745
v 3177 1546 782
v 3178 1362 674
v 3179 762 376
v 3180 530 259
v 3181 1129 719
v 3182 777 390
v 3183 922 482
v 3184 1211 591
v 3185 529 292
v 3186 517 281
v 3191 1147 607
v 3192 683 385
v 3193 1027 535
v 3195 1613 909
v 3198 636 323
v 3200 1371 690
v 3201 634 381
v 3203 909 485
v 3207 1533 788
v 3208 959 476
v 3209 628 324
v 3210 234 125
v 3217 465 244
v 3227 273 134
v 3342 1069 526
v 3343 222 98
v 3344 78 41
v 3345 299 166
v 3346 534 240
v 3347 314 160
v 3348 319 153
v 3349 778 409
v 3350 417 188
v 3351 123 68
v 3353 583 293
v 3354 628 295
v 3355 396 182
v 3356 178 90
v 3357 619 328
v 3358 492 232
v 3359 463 224
v 3360 123 47
v 3361 213 75
v 3362 218 113
v 3363 347 161
v 3364 513 252
v 3365 150 71
v 3366 66 38
v 3367 513 276
v 3368 157 84
v 3369 283 140
v 3370 285 124
v 3371 210 106
v 3372 224 103
v 3373 132 57
v 3374 151 70
v 3375 195 83
v 3376 495 230
v 3377 602 264
v 3378 193 94
v 3379 148 80
v 3380 115 57
v 3381 341 166
v 3382 615 298
v 3383 400 174
v 3384 118 50
v 3385 89 41
v 3386 106 59
v 3387 142 66
v 3388 258 93
v 3389 47 21
v 3390 397 169
v 3391 175 90
v 3392 205 106
v 3393 45 25
v 3394 15 7
v 3395 267 112
v 3396 356 185
v 3397 318 147
v 3398 256 113
v 3399 852 410
v 3400 166 100
v 3401 58 27
v 3402 1135 593
v 3403 188 87
v 3404 552 240
v 3405 68 31
v 3406 174 101
v 3407 97 46
v 3408 115 55
v 3409 66 29
v 3410 47 17
v 3411 97 40
v 3412 359 182
v 3413 521 251
v 3414 1053 507
v 3415 424 203
v 3416 378 177
v 3417 22 13
v 3418 187 73
v 3419 151 74
v 3420 83 35
v 3421 621 285
v 3422 51 21
v 3423 80 43
v 3424 202 104
v 3425 529 279
v 3426 266 149
v 3427 74 41
v 3428 350 188
v 3429 291 149
v 3430 89 41
v 3431 36 16
v 3432 457 199
v 3433 527 257
v 3434 463 245
v 3435 269 126
v 3436 221 115
v 3437 362 210
v 3438 295 135
v 3439 352 162
v 3440 439 202
v 3441 156 79
v 3442 185 85
v 3447 429 212
v 3448 233 125
v 3449 275 132
v 3451 524 261
v 3454 325 146
v 3456 496 238
v 3457 233 112
v 3459 311 155
v 3463 528 263
v 3464 287 153
v 3465 184 92
v 3466 87 46
v 3473 149 76
v 3483 127 55
v 3599 1581 790
v 3600 631 340
v 3601 1812 927
v 3602 3787 1732
v 3603 2223 1269
v 3604 2011 958
v 3605 5152 2660
v 3606 2933 1540
v 3607 1024 507
v 3609 3936 2140
v 3610 6146 3191
v 3611 4035 2066
v 3612 1496 721
v 3613 5019 2647
v 3614 3484 1723
v 3615 3778 1835
v 3616 960 478
v 3617 1418 647
v 3618 1428 769
v 3619 2189 1181
v 3620 3988 2164
v 3621 1232 633
v 3622 549 265
v 3623 2619 1377
v 3624 1063 574
v 3625 1417 743
v 3626 2235 988
v 3627 1806 933
v 3628 1422 749
v 3629 1015 538
v 3630 1005 554
v 3631 1357 731
v 3632 4178 2086
v 3633 4817 2348
v 3634 1419 640
v 3635 960 483
v 3636 897 401
v 3637 2033 1152
v 3638 4982 2363
v 3639 2455 1207
v 3640 931 462
v 3641 576 282
v 3642 793 422
v 3643 940 507
v 3644 2589 1220
v 3645 484 259
v 3646 3455 1542
v 3647 1111 558
v 3648 1592 835
v 3649 267 136
v 3650 165 88
v 3651 1761 853
v 3652 2166 1110
v 3653 2221 1113
v 3654 2344 1086
v 3655 4774 2363
v 3656 920 491
v 3657 432 239
v 3658 6193 3007
v 3659 1961 991
v 3660 4475 2085
v 3661 482 221
v 3662 1059 536
v 3663 583 342
v 3664 863 428
v 3665 699 329
v 3666 464 192
v 3667 620 353
v 3668 2713 1444
v 3669 4594 2294
v 3670 8011 4085
v 3671 3471 1681
v 3672 3507 1683
v 3673 173 88
v 3674 1545 763
v 3675 1572 731
v 3676 603 258
v 3677 4844 2431
v 3678 423 208
v 3679 454 237
v 3680 1466 751
v 3681 3418 1636
v 3682 2491 1299
v 3683 670 365
v 3684 2121 1078
v 3685 2967 1493
v 3686 675 323
v 3687 304 127
v 3688 3614 1832
v 3689 3694 1813
v 3690 2913 1522
v 3691 1973 951
v 3692 1448 832
v 3693 2806 1504
v 3694 2122 1048
v 3695 2050 1018
v 3696 3083 1545
v 3697 1173 549
v 3698 1562 788
v 3703 2847 1401
v 3704 1638 835
v 3705 2660 1242
v 3707 3822 1975
v 3710 1635 818
v 3712 3307 1697
v 3713 1326 721
v 3715 2157 1086
v 3719 3855 1752
v 3720 2134 1064
v 3721 1540 788
v 3722 574 319
v 3729 1245 705
v 3739 633 308
v 3856 140 65
v 3857 430 197
v 3858 682 331
v 3859 452 256
v 3860 387 188
v 3861 1102 587
v 3862 631 333
v 3863 198 118
v 3865 793 395
v 3866 1245 710
v 3867 769 370
v 3868 295 160
v 3869 1025 570
v 3870 594 311
v 3871 688 334
v 3872 282 140
v 3873 221 91
v 3874 240 111
v 3875 610 286
v 3876 861 431
v 3877 208 102
v 3878 92 45
v 3879 684 364
v 3880 217 103
v 3881 422 187
v 3882 501 242
v 3883 386 207
v 3884 313 167
v 3885 181 96
v 3886 189 106
v 3887 332 164
v 3888 666 328
v 3889 879 431
v 3890 175 81
v 3891 187 88
v 3892 149 69
v 3893 473 242
v 3894 1037 543
v 3895 411 207
v 3896 227 117
v 3897 105 52
v 3898 141 76
v 3899 217 128
v 3900 561 274
v 3901 69 31
v 3902 600 271
v 3903 211 112
v 3904 327 180
v 3905 46 26
v 3906 18 13
v 3907 359 169
v 3908 427 223
v 3909 513 280
v 3910 299 156
v 3911 929 440
v 3912 201 106
v 3913 93 50
v 3914 1037 538
v 3915 499 257
v 3916 889 430
v 3917 63 31
v 3918 177 85
v 3919 103 56
v 3920 151 76
v 3921 118 63
v 3922 72 36
v 3923 133 71
v 3924 600 318
v 3925 834 447
v 3926 1535 785
v 3927 622 298
v 3928 781 364
v 3929 41 18
v 3930 202 93
v 3931 171 90
v 3932 76 34
v 3933 821 389
v 3934 68 39
v 3935 94 54
v 3936 302 160
v 3937 600 287
v 3938 292 155
v 3939 121 63
v 3940 344 168
v 3941 613 353
v 3942 148 83
v 3943 61 19
v 3944 811 396
v 3945 530 247
v 3946 531 266
v 3947 334 171
v 3948 331 162
v 3949 417 218
v 3950 332 162
v 3951 355 188
v 3952 433 214
v 3953 182 84
v 3954 286 137
v 3959 499 233
v 3960 274 148
v 3961 403 199
v 3963 678 362
v 3966 345 173
v 3968 667 329
v 3969 288 160
v 3971 361 186
v 3975 668 300
v 3976 370 193
v 3977 255 127
v 3978 117 58
v 3985 218 118
v 3995 118 57
v 4113 135 73
v 4114 287 139
v 4115 215 127
v 4116 164 77
v 4117 426 216
v 4118 259 139
v 4119 107 55
v 4121 370 167
v 4122 595 277
v 4123 399 185
v 4124 135 64
v 4125 390 189
v 4126 307 145
v 4127 259 120
v 4128 95 48
v 4129 98 44
v 4130 114 51
v 4131 214 95
v 4132 358 163
v 4133 105 55
v 4134 49 24
v 4135 205 101
v 4136 92 46
v 4137 155 73
v 4138 183 87
v 4139 135 61
v 4140 150 73
v 4141 100 53
v 4142 134 67
v 4143 103 52
v 4144 350 149
v 4145 384 167
v 4146 102 43
v 4147 88 48
v 4148 69 34
v 4149 211 99
v 4150 391 174
v 4151 181 98
v 4152 85 39
v 4153 53 26
v 4154 66 27
v 4155 77 44
v 4156 225 88
v 4157 37 17
v 4158 186 75
v 4159 83 39
v 4160 139 66
v 4161 19 5
v 4162 16 8
v 4163 187 85
v 4164 194 90
v 4165 213 94
v 4166 166 79
v 4167 402 197
v 4168 82 42
v 4169 56 23
v 4170 540 270
v 4171 151 85
v 4172 378 180
v 4173 37 25
v 4174 96 53
v 4175 78 37
v 4176 55 32
v 4177 66 35
v 4178 32 13
v 4179 52 19
v 4180 264 128
v 4181 361 171
v 4182 638 311
v 4183 258 120
v 4184 311 149
v 4185 10 5
v 4186 96 42
v 4187 91 43
v 4188 40 17
v 4189 373 173
v 4190 43 22
v 4191 38 19
v 4192 118 50
v 4193 301 147
v 4194 127 52
v 4195 62 31
v 4196 206 108
v 4197 221 108
v 4198 59 27
v 4199 25 10
v 4200 382 179
v 4201 269 124
v 4202 264 118
v 4203 171 70
v 4204 122 64
v 4205 218 115
v 4206 162 71
v 4207 140 60
v 4208 237 119
v 4209 91 35
v 4210 105 53
v 4215 196 97
v 4216 137 69
v 4217 202 90
v 4219 286 145
v 4222 157 70
v 4224 308 154
v 4225 158 77
v 4227 159 82
v 4231 312 132
v 4232 180 94
v 4233 112 52
v 4234 49 27
v 4241 112 53
v 4251 52 20
v 4370 795 361
v 4371 500 257
v 4372 507 247
v 4373 1157 555
v 4374 833 417
v 4375 217 108
v 4377 869 448
v 4378 1091 515
v 4379 682 306
v 4380 334 174
v 4381 1045 495
v 4382 800 408
v 4383 831 375
v 4384 220 88
v 4385 257 118
v 4386 387 185
v 4387 717 374
v 4388 917 427
v 4389 285 142
v 4390 103 46
v 4391 650 354
v 4392 340 183
v 4393 396 186
v 4394 508 217
v 4395 348 166
v 4396 366 170
v 4397 198 99
v 4398 256 134
v 4399 310 150
v 4400 943 467
v 4401 1042 447
v 4402 299 139
v 4403 247 138
v 4404 199 82
v 4405 637 365
v 4406 982 471
v 4407 584 294
v 4408 231 103
v 4409 134 51
v 4410 163 77
v 4411 218 102
v 4412 504 205
v 4413 85 35
v 4414 795 344
v 4415 215 107
v 4416 372 204
v 4417 52 28
v 4418 27 17
v 4419 483 213
v 4420 618 295
v 4421 478 220
v 4422 410 195
v 4423 1067 491
v 4424 242 130
v 4425 100 51
v 4426 1355 609
v 4427 357 172
v 4428 951 455
v 4429 83 39
v 4430 273 144
v 4431 168 90
v 4432 173 79
v 4433 125 64
v 4434 85 27
v 4435 156 82
v 4436 673 327
v 4437 1020 507
v 4438 1849 890
v 4439 556 262
v 4440 548 234
v 4441 43 26
v 4442 384 179
v 4443 286 122
v 4444 112 50
v 4445 935 399
v 4446 82 46
v 4447 79 41
v 4448 327 156
v 4449 729 335
v 4450 419 232
v 4451 117 62
v 4452 501 246
v 4453 485 251
v 4454 153 64
v 4455 74 42
v 4456 856 388
v 4457 757 346
v 4458 793 370
v 4459 416 195
v 4460 331 185
v 4461 548 291
v 4462 444 221
v 4463 415 177
v 4464 667 308
v 4465 224 99
v 4466 330 172
v 4471 560 279
v 4472 379 210
v 4473 431 194
v 4475 831 423
v 4478 409 205
v 4480 833 398
v 4481 332 182
v 4483 409 190
v 4487 799 377
v 4488 464 209
v 4489 332 163
v 4490 118 55
v 4497 262 152
v 4507 158 77
v 4627 1110 636
v 4628 878 431
v 4629 2270 1183
v 4630 1320 717
v 4631 473 249
v 4633 1850 1034
v 4634 2910 1568
v 4635 1535 770
v 4636 562 278
v 4637 1823 990
v 4638 1573 798
v 4639 1539 780
v 4640 493 233
v 4641 671 320
v 4642 607 307
v 4643 1140 613
v 4644 1790 949
v 4645 577 339
v 4646 259 150
v 4647 1117 612
v 4648 422 220
v 4649 626 329
v 4650 1059 487
v 4651 767 424
v 4652 669 363
v 4653 444 219
v 4654 575 282
v 4655 635 339
v 4656 1884 994
v 4657 2150 1049
v 4658 586 283
v 4659 429 249
v 4660 355 163
v 4661 1097 639
v 4662 2121 1022
v 4663 1357 735
v 4664 455 204
v 4665 242 121
v 4666 305 169
v 4667 435 242
v 4668 1417 722
v 4669 241 136
v 4670 1394 628
v 4671 426 220
v 4672 651 335
v 4673 114 67
v 4674 75 42
v 4675 815 393
v 4676 1036 546
v 4677 1022 538
v 4678 957 489
v 4679 2259 1100
v 4680 427 238
v 4681 220 118
v 4682 2595 1305
v 4683 949 505
v 4684 2119 1004
v 4685 225 112
v 4686 608 310
v 4687 297 181
v 4688 397 205
v 4689 401 206
v 4690 224 114
v 4691 248 141
v 4692 1175 621
v 4693 1663 913
v 4694 3484 1824
v 4695 1551 802
v 4696 1851 947
v 4697 108 62
v 4698 625 327
v 4699 670 347
v 4700 244 117
v 4701 2035 1051
v 4702 173 91
v 4703 272 132
v 4704 629 357
v 4705 1423 763
v 4706 752 393
v 4707 257 131
v 4708 967 506
v 4709 1409 790
v 4710 285 155
v 4711 149 80
v 4712 1809 951
v 4713 1399 661
v 4714 1498 808
v 4715 943 499
v 4716 638 350
v 4717 1230 697
v 4718 653 297
v 4719 810 428
v 4720 990 457
v 4721 446 218
v 4722 589 316
v 4727 1078 553
v 4728 723 374
v 4729 1174 588
v 4731 1757 968
v 4734 821 485
v 4736 1653 893
v 4737 614 372
v 4739 973 541
v 4743 1569 804
v 4744 967 543
v 4745 676 391
v 4746 283 152
v 4753 530 307
v 4763 345 173
v 4884 635 263
v 4885 1725 785
v 4886 952 404
v 4887 387 173
v 4889 1254 599
v 4890 2245 1029
v 4891 1209 521
v 4892 455 208
v 4893 1370 616
v 4894 1022 415
v 4895 977 403
v 4896 317 122
v 4897 500 198
v 4898 453 189
v 4899 842 371
v 4900 1360 562
v 4901 337 148
v 4902 165 80
v 4903 753 350
v 4904 280 107
v 4905 519 233
v 4906 618 261
v 4907 524 211
v 4908 533 220
v 4909 352 146
v 4910 378 165
v 4911 441 201
v 4912 1412 589
v 4913 1432 586
v 4914 355 134
v 4915 298 147
v 4916 231 95
v 4917 729 330
v 4918 1557 587
v 4919 743 312
v 4920 329 133
v 4921 165 73
v 4922 212 96
v 4923 334 157
v 4924 875 376
v 4925 138 78
v 4926 933 343
v 4927 323 156
v 4928 448 224
v 4929 83 45
v 4930 44 20
v 4931 639 264
v 4932 759 323
v 4933 690 282
v 4934 638 281
v 4935 1595 719
v 4936 334 148
v 4937 151 71
v 4938 1994 854
v 4939 672 317
v 4940 1355 536
v 4941 136 62
v 4942 317 137
v 4943 202 89
v 4944 228 103
v 4945 212 97
v 4946 133 59
v 4947 186 101
v 4948 861 396
v 4949 1093 498
v 4950 2427 1074
v 4951 1002 416
v 4952 1265 506
v 4953 60 30
v 4954 408 164
v 4955 403 159
v 4956 179 69
v 4957 1334 626
v 4958 134 53
v 4959 134 63
v 4960 422 178
v 4961 1109 486
v 4962 677 317
v 4963 178 85
v 4964 790 365
v 4965 944 452
v 4966 180 76
v 4967 107 38
v 4968 1314 589
v 4969 1071 473
v 4970 1005 410
v 4971 601 244
v 4972 456 205
v 4973 882 421
v 4974 579 234
v 4975 581 239
v 4976 824 330
v 4977 344 149
v 4978 434 187
v 4983 819 359
v 4984 458 208
v 4985 700 284
v 4987 1143 547
v 4990 539 223
v 4992 1211 543
v 4993 499 244
v 4995 653 294
v 4999 1075 461
v 5000 675 300
v 5001 437 195
v 5002 213 89
v 5009 403 202
v 5019 192 71
v 5141 1390 739
v 5142 799 445
v 5143 277 141
v 5145 1056 589
v 5146 1693 936
v 5147 1009 508
v 5148 390 244
v 5149 1144 583
v 5150 918 470
v 5151 890 426
v 5152 292 126
v 5153 365 167
v 5154 351 198
v 5155 693 383
v 5156 1121 557
v 5157 324 178
v 5158 148 79
v 5159 609 322
v 5160 273 143
v 5161 446 240
v 5162 571 268
v 5163 449 220
v 5164 443 245
v 5165 252 119
v 5166 297 168
v 5167 360 183
v 5168 1089 521
v 5169 1169 557
v 5170 329 161
v 5171 253 131
v 5172 154 77
v 5173 587 343
v 5174 1073 511
v 5175 600 277
v 5176 227 121
v 5177 147 67
v 5178 155 92
v 5179 235 130
v 5180 658 328
v 5181 132 59
v 5182 733 373
v 5183 263 138
v 5184 454 244
v 5185 60 38
v 5186 27 15
v 5187 584 266
v 5188 686 382
v 5189 643 348
v 5190 441 219
v 5191 1189 583
v 5192 244 119
v 5193 128 75
v 5194 1516 781
v 5195 545 290
v 5196 1061 505
v 5197 108 54
v 5198 242 112
v 5199 145 92
v 5200 206 120
v 5201 171 80
v 5202 133 61
v 5203 190 106
v 5204 730 376
v 5205 1076 546
v 5206 2040 1006
v 5207 916 453
v 5208 970 448
v 5209 54 26
v 5210 326 151
v 5211 289 142
v 5212 116 55
v 5213 1188 596
v 5214 90 51
v 5215 120 54
v 5216 382 214
v 5217 982 470
v 5218 377 214
v 5219 149 90
v 5220 559 293
v 5221 715 369
v 5222 170 82
v 5223 59 27
v 5224 1062 544
v 5225 893 440
v 5226 763 400
v 5227 493 240
v 5228 392 212
v 5229 687 388
v 5230 522 263
v 5231 503 246
v 5232 683 318
v 5233 293 127
v 5234 341 175
v 5239 608 297
v 5240 412 228
v 5241 586 312
v 5243 915 495
v 5246 437 232
v 5248 943 505
v 5249 395 199
v 5251 485 247
v 5255 963 451
v 5256 492 264
v 5257 332 170
v 5258 159 83
v 5265 282 153
v 5275 138 66
v 5398 2087 986
v 5399 769 415
v 5401 2833 1493
v 5402 4162 2076
v 5403 2641 1259
v 5404 878 468
v 5405 3096 1541
v 5406 2302 1129
v 5407 2344 1115
v 5408 729 338
v 5409 917 375
v 5410 939 428
v 5411 1946 1036
v 5412 2958 1485
v 5413 712 379
v 5414 339 172
v 5415 1871 984
v 5416 765 369
v 5417 1304 601
v 5418 1494 669
v 5419 1198 623
v 5420 1147 553
v 5421 663 314
v 5422 870 438
v 5423 1078 599
v 5424 2931 1391
v 5425 3167 1467
v 5426 802 354
v 5427 649 341
v 5428 552 253
v 5429 1648 888
v 5430 2807 1365
v 5431 1591 788
v 5432 672 342
v 5433 346 164
v 5434 542 289
v 5435 649 375
v 5436 1858 881
v 5437 285 139
v 5438 2112 910
v 5439 710 360
v 5440 1057 576
v 5441 142 78
v 5442 67 32
v 5443 1407 662
v 5444 1545 809
v 5445 1432 740
v 5446 1105 552
v 5447 3183 1476
v 5448 684 378
v 5449 343 181
v 5450 3959 1873
v 5451 1434 720
v 5452 2928 1297
v 5453 250 116
v 5454 706 309
v 5455 381 188
v 5456 549 258
v 5457 411 203
v 5458 260 106
v 5459 452 242
v 5460 1877 917
v 5461 2788 1467
v 5462 5258 2585
v 5463 2167 1049
v 5464 2540 1160
v 5465 130 74
v 5466 894 428
v 5467 847 380
v 5468 354 155
v 5469 2826 1441
v 5470 225 100
v 5471 315 147
v 5472 1185 575
v 5473 2243 1102
v 5474 991 521
v 5475 392 212
v 5476 1550 761
v 5477 1810 905
v 5478 385 201
v 5479 171 68
v 5480 2521 1168
v 5481 2263 1048
v 5482 2091 1034
v 5483 1231 565
v 5484 992 523
v 5485 1611 835
v 5486 1315 626
v 5487 1246 598
v 5488 1726 839
v 5489 676 291
v 5490 816 423
v 5495 1688 862
v 5496 1045 558
v 5497 1559 720
v 5499 2403 1276
v 5502 1158 598
v 5504 2427 1248
v 5505 1036 488
v 5507 1297 670
v 5511 2400 1158
v 5512 1407 721
v 5513 956 477
v 5514 428 224
v 5521 772 424
v 5531 464 236
v 5655 454 235
v 5657 1609 823
v 5658 2519 1234
v 5659 1639 754
v 5660 504 266
v 5661 1641 853
v 5662 1269 587
v 5663 1340 600
v 5664 478 241
v 5665 471 199
v 5666 536 260
v 5667 1163 651
v 5668 1507 726
v 5669 399 188
v 5670 202 99
v 5671 1056 553
v 5672 442 233
v 5673 670 323
v 5674 929 396
v 5675 645 325
v 5676 632 308
v 5677 425 200
v 5678 517 256
v 5679 576 298
v 5680 1527 777
v 5681 1770 795
v 5682 462 215
v 5683 352 177
v 5684 290 139
v 5685 889 471
v 5686 1684 799
v 5687 831 385
v 5688 372 176
v 5689 220 103
v 5690 278 124
v 5691 364 187
v 5692 1111 507
v 5693 166 84
v 5694 1307 553
v 5695 409 228
v 5696 608 334
v 5697 72 33
v 5698 48 15
v 5699 963 419
v 5700 873 462
v 5701 863 435
v 5702 700 369
v 5703 1866 893
v 5704 386 185
v 5705 191 94
v 5706 2336 1137
v 5707 883 423
v 5708 1749 773
v 5709 188 91
v 5710 382 183
v 5711 235 134
v 5712 320 145
v 5713 259 131
v 5714 184 78
v 5715 268 138
v 5716 1137 579
v 5717 1509 747
v 5718 3036 1528
v 5719 1225 564
v 5720 1486 705
v 5721 71 34
v 5722 505 237
v 5723 417 188
v 5724 200 82
v 5725 1577 770
v 5726 145 81
v 5727 169 85
v 5728 562 293
v 5729 1269 642
v 5730 524 264
v 5731 243 135
v 5732 865 432
v 5733 1100 529
v 5734 242 115
v 5735 110 68
v 5736 1613 772
v 5737 1308 639
v 5738 1158 551
v 5739 663 302
v 5740 627 319
v 5741 862 475
v 5742 695 342
v 5743 709 347
v 5744 951 456
v 5745 394 183
v 5746 434 241
v 5751 963 444
v 5752 629 325
v 5753 847 390
v 5755 1358 713
v 5758 702 355
v 5760 1388 697
v 5761 583 293
v 5763 743 395
v 5767 1286 585
v 5768 780 376
v 5769 505 240
v 5770 224 113
v 5777 450 254
v 5787 222 93
v 5913 589 304
v 5914 1025 516
v 5915 575 295
v 5916 244 143
v 5917 661 353
v 5918 450 215
v 5919 536 234
v 5920 150 78
v 5921 204 106
v 5922 208 99
v 5923 429 218
v 5924 627 322
v 5925 166 82
v 5926 80 39
v 5927 349 190
v 5928 161 83
v 5929 245 118
v 5930 319 160
v 5931 245 129
v 5932 260 128
v 5933 160 71
v 5934 201 107
v 5935 190 96
v 5936 617 326
v 5937 659 303
v 5938 162 65
v 5939 152 76
v 5940 118 48
v 5941 332 187
v 5942 722 320
v 5943 297 141
v 5944 140 59
v 5945 79 26
v 5946 97 54
v 5947 151 81
v 5948 418 193
v 5949 67 35
v 5950 357 155
v 5951 148 71
v 5952 235 125
v 5953 41 22
v 5954 16 7
v 5955 284 157
v 5956 319 150
v 5957 302 132
v 5958 296 143
v 5959 708 312
v 5960 129 60
v 5961 69 41
v 5962 1011 486
v 5963 301 170
v 5964 588 258
v 5965 49 22
v 5966 159 66
v 5967 118 68
v 5968 111 62
v 5969 108 53
v 5970 41 18
v 5971 109 72
v 5972 437 211
v 5973 547 301
v 5974 1154 550
v 5975 575 286
v 5976 531 261
v 5977 29 11
v 5978 172 80
v 5979 201 99
v 5980 72 43
v 5981 624 300
v 5982 54 31
v 5983 65 27
v 5984 198 102
v 5985 550 246
v 5986 277 145
v 5987 81 42
v 5988 342 174
v 5989 378 179
v 5990 98 53
v 5991 43 23
v 5992 617 307
v 5993 500 246
v 5994 424 205
v 5995 275 135
v 5996 220 107
v 5997 376 202
v 5998 247 100
v 5999 261 139
v 6000 383 173
v 6001 149 76
v 6002 212 107
v 6007 329 151
v 6008 231 128
v 6009 327 161
v 6011 486 268
v 6014 305 153
v 6016 541 264
v 6017 242 129
v 6019 269 128
v 6023 535 262
v 6024 283 134
v 6025 189 101
v 6026 82 42
v 6033 145 74
v 6043 93 50
v 6426 3239 1552
v 6427 2037 944
v 6428 706 344
v 6429 2162 1058
v 6430 1740 799
v 6431 1667 742
v 6432 496 202
v 6433 652 250
v 6434 732 350
v 6435 1625 785
v 6436 2285 1110
v 6437 562 284
v 6438 261 118
v 6439 1355 683
v 6440 516 262
v 6441 845 386
v 6442 1044 425
v 6443 978 504
v 6444 887 417
v 6445 516 238
v 6446 663 359
v 6447 846 402
v 6448 2238 1072
v 6449 2505 1071
v 6450 623 275
v 6451 451 230
v 6452 373 146
v 6453 1153 593
v 6454 2186 1011
v 6455 1105 521
v 6456 514 230
v 6457 292 128
v 6458 356 177
v 6459 509 242
v 6460 1366 611
v 6461 189 100
v 6462 1353 524
v 6463 519 239
v 6464 797 414
v 6465 134 66
v 6466 53 32
v 6467 1009 423
v 6468 1173 570
v 6469 1070 538
v 6470 987 442
v 6471 2026 882
v 6472 494 241
v 6473 265 135
v 6474 3299 1411
v 6475 1054 520
v 6476 2585 1071
v 6477 199 99
v 6478 505 217
v 6479 320 165
v 6480 457 211
v 6481 320 147
v 6482 157 65
v 6483 379 182
v 6484 1399 642
v 6485 2267 1119
v 6486 3903 1809
v 6487 1596 736
v 6488 1693 744
v 6489 99 49
v 6490 735 320
v 6491 681 316
v 6492 284 115
v 6493 2013 932
v 6494 206 107
v 6495 231 106
v 6496 745 333
v 6497 1758 843
v 6498 793 398
v 6499 304 152
v 6500 1076 509
v 6501 1434 724
v 6502 336 162
v 6503 130 52
v 6504 1855 844
v 6505 1858 861
v 6506 1483 716
v 6507 942 441
v 6508 706 345
v 6509 1274 650
v 6510 1166 562
v 6511 856 392
v 6512 1346 599
v 6513 646 261
v 6514 606 319
v 6519 1302 593
v 6520 774 386
v 6521 1292 575
v 6523 1782 880
v 6526 852 394
v 6528 1845 882
v 6529 719 363
v 6531 965 446
v 6535 1800 811
v 6536 1042 504
v 6537 703 340
v 6538 322 169
v 6545 589 311
v 6555 338 156
v 6683 3283 1578
v 6684 1148 574
v 6685 3647 1829
v 6686 2789 1355
v 6687 2739 1226
v 6688 845 402
v 6689 1050 452
v 6690 1108 533
v 6691 2279 1110
v 6692 2945 1472
v 6693 922 457
v 6694 448 214
v 6695 1885 969
v 6696 937 473
v 6697 1211 647
v 6698 1798 769
v 6699 1292 675
v 6700 1440 670
v 6701 902 435
v 6702 1072 527
v 6703 1139 563
v 6704 3175 1537
v 6705 3576 1581
v 6706 1022 443
v 6707 748 373
v 6708 615 271
v 6709 1959 1041
v 6710 3460 1663
v 6711 1698 787
v 6712 814 362
v 6713 485 224
v 6714 537 274
v 6715 776 418
v 6716 2186 1009
v 6717 326 167
v 6718 2214 981
v 6719 874 478
v 6720 1289 682
v 6721 170 81
v 6722 88 47
v 6723 1822 787
v 6724 1829 922
v 6725 1583 752
v 6726 1456 708
v 6727 3730 1765
v 6728 782 404
v 6729 442 218
v 6730 4883 2321
v 6731 1753 865
v 6732 3311 1478
v 6733 334 153
v 6734 752 333
v 6735 507 274
v 6736 663 333
v 6737 540 246
v 6738 288 120
v 6739 585 296
v 6740 2362 1169
v 6741 3229 1604
v 6742 6668 3037
v 6743 2641 1251
v 6744 3017 1437
v 6745 143 70
v 6746 1039 462
v 6747 998 447
v 6748 397 166
v 6749 3096 1529
v 6750 262 117
v 6751 347 167
v 6752 1123 546
v 6753 2872 1407
v 6754 1057 565
v 6755 476 245
v 6756 1972 932
v 6757 2270 1135
v 6758 480 214
v 6759 221 99
v 6760 3183 1535
v 6761 2783 1352
v 6762 2256 1062
v 6763 1519 747
v 6764 1213 653
v 6765 1857 984
v 6766 1543 770
v 6767 1589 776
v 6768 2034 941
v 6769 927 417
v 6770 1091 560
v 6775 1972 941
v 6776 1307 653
v 6777 1812 816
v 6779 2770 1410
v 6782 1429 724
v 6784 2982 1483
v 6785 1345 694
v 6787 1560 762
v 6791 2711 1244
v 6792 1555 765
v 6793 968 504
v 6794 459 240
v 6801 826 485
v 6811 493 243
v 6940 582 339
v 6941 2343 1264
v 6942 1710 863
v 6943 1775 870
v 6944 519 250
v 6945 693 306
v 6946 618 341
v 6947 1492 761
v 6948 2137 1074
v 6949 586 294
v 6950 290 135
v 6951 1140 646
v 6952 538 277
v 6953 735 411
v 6954 1293 604
v 6955 845 441
v 6956 789 416
v 6957 472 219
v 6958 535 289
v 6959 708 353
v 6960 2008 983
v 6961 2237 1068
v 6962 626 289
v 6963 462 236
v 6964 391 176
v 6965 1213 661
v 6966 2094 999
v 6967 1096 520
v 6968 470 236
v 6969 303 144
v 6970 312 163
v 6971 476 276
v 6972 1271 604
v 6973 207 103
v 6974 1317 613
v 6975 458 234
v 6976 826 463
v 6977 113 59
v 6978 64 35
v 6979 1173 515
v 6980 1113 582
v 6981 956 496
v 6982 881 485
v 6983 2364 1129
v 6984 494 257
v 6985 269 145
v 6986 2947 1412
v 6987 1155 561
v 6988 1935 954
v 6989 221 111
v 6990 471 225
v 6991 308 159
v 6992 404 187
v 6993 373 177
v 6994 206 91
v 6995 349 176
v 6996 1466 754
v 6997 2027 1082
v 6998 4073 2075
v 6999 1647 832
v 7000 1826 944
v 7001 113 44
v 7002 601 295
v 7003 563 284
v 7004 276 114
v 7005 2105 1066
v 7006 211 100
v 7007 187 86
v 7008 741 381
v 7009 1693 861
v 7010 623 348
v 7011 261 143
v 7012 1167 612
v 7013 1361 736
v 7014 360 195
v 7015 136 56
v 7016 1750 840
v 7017 1668 829
v 7018 1393 686
v 7019 885 442
v 7020 714 388
v 7021 1286 644
v 7022 884 448
v 7023 898 448
v 7024 1277 624
v 7025 495 220
v 7026 699 375
v 7031 1216 625
v 7032 851 465
v 7033 1125 557
v 7035 1683 895
v 7038 865 442
v 7040 1853 951
v 7041 765 410
v 7043 951 501
v 7047 1847 876
v 7048 959 499
v 7049 651 324
v 7050 307 161
v 7057 518 323
v 7067 284 138
v 7197 836 394
v 7198 580 248
v 7199 553 244
v 7200 335 142
v 7201 215 85
v 7202 234 119
v 7203 450 217
v 7204 698 334
v 7205 206 106
v 7206 73 31
v 7207 430 217
v 7208 184 94
v 7209 293 145
v 7210 380 158
v 7211 285 150
v 7212 310 152
v 7213 186 79
v 7214 228 129
v 7215 248 132
v 7216 741 330
v 7217 853 360
v 7218 165 74
v 7219 162 77
v 7220 140 70
v 7221 431 227
v 7222 753 387
v 7223 406 180
v 7224 173 86
v 7225 87 35
v 7226 93 41
v 7227 162 80
v 7228 502 218
v 7229 65 39
v 7230 839 348
v 7231 252 138
v 7232 277 154
v 7233 42 17
v 7234 20 12
v 7235 369 164
v 7236 476 242
v 7237 391 188
v 7238 308 148
v 7239 722 325
v 7240 160 76
v 7241 95 59
v 7242 1053 482
v 7243 413 204
v 7244 753 311
v 7245 54 25
v 7246 186 88
v 7247 99 52
v 7248 155 76
v 7249 114 51
v 7250 78 31
v 7251 126 73
v 7252 486 231
v 7253 666 353
v 7254 1446 671
v 7255 603 260
v 7256 894 406
v 7257 31 14
v 7258 246 125
v 7259 242 125
v 7260 108 40
v 7261 735 350
v 7262 59 28
v 7263 114 50
v 7264 290 145
v 7265 602 312
v 7266 247 120
v 7267 119 62
v 7268 395 203
v 7269 498 248
v 7270 99 38
v 7271 50 27
v 7272 776 345
v 7273 471 210
v 7274 526 236
v 7275 350 150
v 7276 297 152
v 7277 492 257
v 7278 296 136
v 7279 351 159
v 7280 352 154
v 7281 165 79
v 7282 224 111
v 7287 369 178
v 7288 290 161
v 7289 407 179
v 7291 599 277
v 7294 312 154
v 7296 638 319
v 7297 274 123
v 7299 362 181
v 7303 656 314
v 7304 318 179
v 7305 235 103
v 7306 122 58
v 7313 200 101
v 7323 130 53
v 7454 1824 861
v 7455 1967 891
v 7456 567 247
v 7457 782 351
v 7458 796 370
v 7459 1593 795
v 7460 2575 1215
v 7461 666 331
v 7462 265 135
v 7463 1449 733
v 7464 681 319
v 7465 759 374
v 7466 1280 611
v 7467 1046 455
v 7468 871 434
v 7469 576 245
v 7470 647 354
v 7471 987 469
v 7472 2200 1091
v 7473 2851 1270
v 7474 694 307
v 7475 500 242
v 7476 462 187
v 7477 1230 621
v 7478 2586 1090
v 7479 1447 669
v 7480 559 260
v 7481 310 126
v 7482 416 213
v 7483 638 301
v 7484 1763 822
v 7485 273 143
v 7486 1691 749
v 7487 538 251
v 7488 912 486
v 7489 127 71
v 7490 65 32
v 7491 1118 496
v 7492 1197 609
v 7493 1350 624
v 7494 1426 627
v 7495 2768 1249
v 7496 457 215
v 7497 265 133
v 7498 3245 1492
v 7499 1179 581
v 7500 2707 1115
v 7501 241 124
v 7502 624 285
v 7503 327 177
v 7504 442 187
v 7505 337 172
v 7506 220 95
v 7507 392 208
v 7508 1593 820
v 7509 2344 1114
v 7510 4059 1842
v 7511 1764 766
v 7512 2224 977
v 7513 88 42
v 7514 718 349
v 7515 679 282
v 7516 312 148
v 7517 3332 1458
v 7518 154 74
v 7519 213 107
v 7520 895 453
v 7521 2059 987
v 7522 1222 592
v 7523 386 195
v 7524 1235 610
v 7525 1667 798
v 7526 350 154
v 7527 150 67
v 7528 2514 1150
v 7529 1924 902
v 7530 1514 759
v 7531 1016 534
v 7532 914 458
v 7533 1341 710
v 7534 1044 499
v 7535 1100 506
v 7536 1492 702
v 7537 587 254
v 7538 759 385
v 7543 1535 698
v 7544 886 414
v 7545 1300 548
v 7547 1932 997
v 7550 916 490
v 7552 1931 906
v 7553 805 436
v 7555 1123 535
v 7559 2157 954
v 7560 1168 559
v 7561 979 433
v 7562 351 158
v 7569 590 315
v 7579 350 149
v 7711 1514 744
v 7712 481 217
v 7713 641 272
v 7714 596 322
v 7715 1253 658
v 7716 1821 932
v 7717 507 263
v 7718 232 114
v 7719 1016 557
v 7720 490 260
v 7721 741 353
v 7722 1012 455
v 7723 781 393
v 7724 756 381
v 7725 461 219
v 7726 585 306
v 7727 590 305
v 7728 1739 894
v 7729 1887 940
v 7730 581 272
v 7731 410 201
v 7732 346 164
v 7733 945 520
v 7734 1742 849
v 7735 983 479
v 7736 443 218
v 7737 258 136
v 7738 308 158
v 7739 397 229
v 7740 1251 588
v 7741 248 109
v 7742 1231 532
v 7743 434 200
v 7744 685 372
v 7745 90 49
v 7746 58 27
v 7747 753 381
v 7748 1046 533
v 7749 838 451
v 7750 805 373
v 7751 2031 998
v 7752 385 216
v 7753 206 115
v 7754 2482 1171
v 7755 986 536
v 7756 1855 836
v 7757 203 98
v 7758 456 192
v 7759 271 143
v 7760 351 172
v 7761 276 137
v 7762 146 61
v 7763 318 180
v 7764 1273 656
v 7765 1856 952
v 7766 3334 1649
v 7767 1432 678
v 7768 1567 712
v 7769 79 43
v 7770 632 312
v 7771 557 268
v 7772 231 99
v 7773 1786 889
v 7774 193 106
v 7775 189 94
v 7776 557 306
v 7777 1547 795
v 7778 488 275
v 7779 273 135
v 7780 962 515
v 7781 1186 610
v 7782 268 128
v 7783 118 58
v 7784 1760 865
v 7785 1516 767
v 7786 1230 602
v 7787 769 398
v 7788 565 315
v 7789 1092 592
v 7790 825 380
v 7791 857 415
v 7792 1229 589
v 7793 518 225
v 7794 558 306
v 7799 1090 546
v 7800 623 334
v 7801 1067 528
v 7803 1603 843
v 7806 759 376
v 7808 1441 739
v 7809 634 320
v 7811 920 442
v 7815 1548 728
v 7816 883 424
v 7817 627 332
v 7818 291 132
v 7825 456 267
v 7835 285 156
v 7968 438 203
v 7969 573 258
v 7970 582 291
v 7971 1146 640
v 7972 1584 871
v 7973 484 290
v 7974 221 104
v 7975 1053 577
v 7976 477 258
v 7977 640 334
v 7978 997 476
v 7979 720 396
v 7980 682 350
v 7981 466 236
v 7982 476 259
v 7983 640 328
v 7984 1799 938
v 7985 2019 1008
v 7986 566 275
v 7987 412 226
v 7988 343 151
v 7989 949 547
v 7990 1836 947
v 7991 981 478
v 7992 433 212
v 7993 274 142
v 7994 317 158
v 7995 453 253
v 7996 1228 596
v 7997 196 111
v 7998 1221 574
v 7999 429 228
v 8000 646 347
v 8001 98 55
v 8002 39 21
v 8003 822 411
v 8004 1007 523
v 8005 875 473
v 8006 730 386
v 8007 2051 1020
v 8008 368 211
v 8009 190 108
v 8010 2508 1280
v 8011 970 502
v 8012 1969 959
v 8013 206 96
v 8014 452 219
v 8015 260 150
v 8016 332 188
v 8017 222 125
v 8018 135 57
v 8019 332 184
v 8020 1272 668
v 8021 1828 982
v 8022 3413 1786
v 8023 1363 710
v 8024 1645 822
v 8025 80 43
v 8026 592 301
v 8027 585 301
v 8028 240 95
v 8029 1870 967
v 8030 160 80
v 8031 188 92
v 8032 664 373
v 8033 1473 755
v 8034 569 308
v 8035 255 129
v 8036 971 501
v 8037 1288 672
v 8038 316 160
v 8039 114 53
v 8040 1668 864
v 8041 1521 793
v 8042 1286 658
v 8043 777 387
v 8044 610 346
v 8045 934 544
v 8046 821 399
v 8047 872 435
v 8048 1169 556
v 8049 461 218
v 8050 547 286
v 8055 1147 576
v 8056 703 390
v 8057 928 455
v 8059 1599 873
v 8062 735 396
v 8064 1489 785
v 8065 580 307
v 8067 846 452
v 8071 1486 760
v 8072 865 449
v 8073 613 327
v 8074 253 139
v 8081 505 284
v 8091 260 139
v 8225 140 78
v 8226 167 89
v 8227 361 204
v 8228 553 280
v 8229 149 82
v 8230 65 39
v 8231 334 199
v 8232 164 84
v 8233 253 143
v 8234 330 152
v 8235 243 124
v 8236 221 110
v 8237 138 74
v 8238 147 81
v 8239 173 94
v 8240 472 232
v 8241 596 268
v 8242 178 88
v 8243 103 59
v 8244 117 58
v 8245 324 175
v 8246 575 299
v 8247 285 147
v 8248 147 84
v 8249 66 32
v 8250 107 62
v 8251 136 73
v 8252 384 183
v 8253 45 20
v 8254 309 159
v 8255 140 71
v 8256 186 89
v 8257 32 12
v 8258 16 8
v 8259 274 135
v 8260 334 184
v 8261 326 172
v 8262 225 124
v 8263 560 278
v 8264 105 48
v 8265 75 41
v 8266 814 444
v 8267 335 174
v 8268 555 279
v 8269 49 24
v 8270 137 67
v 8271 96 53
v 8272 109 53
v 8273 66 36
v 8274 55 26
v 8275 98 66
v 8276 343 179
v 8277 503 270
v 8278 1008 538
v 8279 431 234
v 8280 591 309
v 8281 30 17
v 8282 156 82
v 8283 129 65
v 8284 57 27
v 8285 683 380
v 8286 51 33
v 8287 66 34
v 8288 221 109
v 8289 401 207
v 8290 176 101
v 8291 93 58
v 8292 274 155
v 8293 494 293
v 8294 84 45
v 8295 27 12
v 8296 605 324
v 8297 381 181
v 8298 368 193
v 8299 233 114
v 8300 199 113
v 8301 277 150
v 8302 275 143
v 8303 308 168
v 8304 308 164
v 8305 104 47
v 8306 192 103
v 8311 305 154
v 8312 198 114
v 8313 297 146
v 8315 438 236
v 8318 229 121
v 8320 449 242
v 8321 200 110
v 8323 224 122
v 8327 446 202
v 8328 214 103
v 8329 160 84
v 8330 97 49
v 8337 159 89
v 8347 80 42
v 8482 210 123
v 8483 458 264
v 8484 670 370
v 8485 164 102
v 8486 109 53
v 8487 356 217
v 8488 173 111
v 8489 248 139
v 8490 389 183
v 8491 233 138
v 8492 291 153
v 8493 165 89
v 8494 226 130
v 8495 224 139
v 8496 765 424
v 8497 837 459
v 8498 250 127
v 8499 152 83
v 8500 154 81
v 8501 402 234
v 8502 589 373
v 8503 446 239
v 8504 181 98
v 8505 120 65
v 8506 108 57
v 8507 175 108
v 8508 475 266
v 8509 78 34
v 8510 560 268
v 8511 161 85
v 8512 246 149
v 8513 44 24
v 8514 37 22
v 8515 357 164
v 8516 362 210
v 8517 408 236
v 8518 268 154
v 8519 801 443
v 8520 418 230
v 8521 88 48
v 8522 1011 534
v 8523 422 232
v 8524 730 397
v 8525 82 42
v 8526 207 116
v 8527 115 66
v 8528 164 97
v 8529 92 41
v 8530 59 33
v 8531 93 49
v 8532 486 287
v 8533 811 446
v 8534 902 456
v 8535 530 313
v 8536 540 282
v 8537 52 26
v 8538 271 139
v 8539 282 148
v 8540 115 61
v 8541 580 341
v 8542 99 50
v 8543 68 35
v 8544 214 132
v 8545 582 356
v 8546 278 166
v 8547 99 51
v 8548 451 260
v 8549 448 254
v 8550 86 46
v 8551 47 20
v 8552 617 319
v 8553 682 376
v 8554 529 299
v 8555 334 176
v 8556 202 120
v 8557 408 247
v 8558 323 164
v 8559 403 234
v 8560 373 188
v 8561 204 116
v 8562 178 109
v 8567 468 278
v 8568 293 164
v 8569 415 224
v 8571 654 368
v 8574 311 165
v 8576 626 333
v 8577 226 137
v 8579 391 237
v 8583 787 414
v 8584 379 223
v 8585 239 133
v 8586 103 63
v 8593 226 130
v 8603 145 84
v 8739 443 239
v 8740 661 364
v 8741 204 104
v 8742 94 48
v 8743 407 232
v 8744 202 114
v 8745 267 141
v 8746 338 162
v 8747 306 155
v 8748 270 127
v 8749 214 114
v 8750 203 111
v 8751 221 123
v 8752 846 435
v 8753 902 448
v 8754 261 133
v 8755 134 67
v 8756 160 71
v 8757 396 229
v 8758 736 358
v 8759 399 202
v 8760 204 92
v 8761 114 50
v 8762 105 54
v 8763 183 89
v 8764 559 263
v 8765 105 53
v 8766 510 221
v 8767 199 111
v 8768 289 160
v 8769 55 29
v 8770 21 11
v 8771 513 259
v 8772 385 191
v 8773 378 186
v 8774 316 178
v 8775 746 364
v 8776 158 83
v 8777 84 41
v 8778 1180 560
v 8779 327 164
v 8780 783 384
v 8781 78 39
v 8782 186 78
v 8783 132 72
v 8784 162 75
v 8785 118 57
v 8786 65 26
v 8787 131 75
v 8788 494 272
v 8789 741 367
v 8790 1383 679
v 8791 540 271
v 8792 555 252
v 8793 39 19
v 8794 283 143
v 8795 265 111
v 8796 127 45
v 8797 679 327
v 8798 66 35
v 8799 79 38
v 8800 245 133
v 8801 651 342
v 8802 299 163
v 8803 122 66
v 8804 415 215
v 8805 429 223
v 8806 130 53
v 8807 53 25
v 8808 680 340
v 8809 712 356
v 8810 476 255
v 8811 350 152
v 8812 257 149
v 8813 495 279
v 8814 359 168
v 8815 429 234
v 8816 543 290
v 8817 269 119
v 8818 214 103
v 8823 443 220
v 8824 284 151
v 8825 448 209
v 8827 628 306
v 8830 307 166
v 8832 667 325
v 8833 264 135
v 8835 404 212
v 8839 628 311
v 8840 402 215
v 8841 274 149
v 8842 112 59
v 8849 203 114
v 8859 122 64
v 8996 1426 717
v 8997 417 205
v 8998 174 83
v 8999 884 450
v 9000 427 209
v 9001 587 265
v 9002 813 369
v 9003 658 337
v 9004 661 280
v 9005 415 192
v 9006 387 211
v 9007 670 330
v 9008 1372 660
v 9009 1511 649
v 9010 433 185
v 9011 302 144
v 9012 248 118
v 9013 794 434
v 9014 1475 664
v 9015 684 308
v 9016 292 135
v 9017 214 100
v 9018 221 105
v 9019 406 225
v 9020 846 381
v 9021 151 69
v 9022 850 350
v 9023 350 151
v 9024 564 297
v 9025 83 42
v 9026 31 10
v 9027 959 378
v 9028 858 426
v 9029 752 373
v 9030 638 297
v 9031 1169 517
v 9032 328 170
v 9033 190 102
v 9034 2019 924
v 9035 924 463
v 9036 1987 883
v 9037 127 47
v 9038 289 110
v 9039 219 120
v 9040 280 135
v 9041 207 93
v 9042 111 51
v 9043 267 150
v 9044 1061 498
v 9045 1613 820
v 9046 2889 1411
v 9047 1169 589
v 9048 1121 484
v 9049 60 33
v 9050 428 200
v 9051 330 157
v 9052 177 85
v 9053 1365 634
v 9054 125 63
v 9055 158 73
v 9056 536 237
v 9057 1150 534
v 9058 508 256
v 9059 202 115
v 9060 700 344
v 9061 1091 544
v 9062 235 123
v 9063 91 45
v 9064 1338 587
v 9065 1084 494
v 9066 875 409
v 9067 530 220
v 9068 542 314
v 9069 784 402
v 9070 770 343
v 9071 700 332
v 9072 750 317
v 9073 354 149
v 9074 450 242
v 9079 847 413
v 9080 453 249
v 9081 829 380
v 9083 1098 559
v 9086 614 291
v 9088 1246 603
v 9089 529 258
v 9091 642 324
v 9095 1162 523
v 9096 639 287
v 9097 436 197
v 9098 233 130
v 9105 349 193
v 9115 229 104
v 9253 627 324
v 9254 254 131
v 9255 1417 730
v 9256 554 256
v 9257 822 406
v 9258 1304 648
v 9259 907 428
v 9260 838 405
v 9261 533 223
v 9262 591 328
v 9263 870 434
v 9264 1947 933
v 9265 2561 1276
v 9266 495 240
v 9267 532 260
v 9268 447 196
v 9269 1236 638
v 9270 2173 1059
v 9271 1142 538
v 9272 514 249
v 9273 314 139
v 9274 383 209
v 9275 480 281
v 9276 1315 602
v 9277 203 110
v 9278 1671 762
v 9279 603 306
v 9280 779 413
v 9281 140 72
v 9282 56 37
v 9283 1072 527
v 9284 651 306
v 9285 1116 540
v 9286 814 406
v 9287 2745 1395
v 9288 490 244
v 9289 254 149
v 9290 2902 1403
v 9291 1127 554
v 9292 2202 979
v 9293 216 107
v 9294 526 242
v 9295 232 122
v 9296 421 196
v 9297 341 180
v 9298 201 95
v 9299 381 215
v 9300 1496 783
v 9301 2173 1088
v 9302 3826 1861
v 9303 1546 727
v 9304 1648 763
v 9305 104 60
v 9306 613 271
v 9307 647 317
v 9308 261 100
v 9309 2214 1118
v 9310 249 115
v 9311 234 116
v 9312 873 463
v 9313 1749 867
v 9314 863 480
v 9315 340 189
v 9316 1255 635
v 9317 1190 567
v 9318 335 160
v 9319 155 77
v 9320 2025 982
v 9321 1507 749
v 9322 1579 791
v 9323 925 435
v 9324 689 340
v 9325 1212 674
v 9326 931 439
v 9327 655 312
v 9328 1454 721
v 9329 507 235
v 9330 618 325
v 9335 1328 635
v 9336 729 365
v 9337 956 429
v 9339 1778 925
v 9342 901 434
v 9344 1814 874
v 9345 743 377
v 9347 848 422
v 9351 1769 860
v 9352 1097 556
v 9353 694 305
v 9354 899 411
v 9361 530 303
v 9371 315 152
v 9510 65 26
v 9511 350 167
v 9512 151 71
v 9513 232 118
v 9514 257 121
v 9515 248 121
v 9516 264 124
v 9517 145 60
v 9518 167 94
v 9519 185 96
v 9520 601 290
v 9521 642 308
v 9522 197 98
v 9523 143 71
v 9524 117 51
v 9525 315 171
v 9526 573 276
v 9527 290 145
v 9528 142 66
v 9529 101 44
v 9530 86 43
v 9531 135 72
v 9532 383 170
v 9533 54 29
v 9534 366 151
v 9535 136 59
v 9536 232 101
v 9537 42 21
v 9538 19 4
v 9539 300 135
v 9540 335 163
v 9541 294 134
v 9542 287 130
v 9543 648 277
v 9544 120 57
v 9545 72 38
v 9546 865 409
v 9547 285 139
v 9548 561 248
v 9549 72 30
v 9550 144 67
v 9551 73 35
v 9552 115 55
v 9553 59 26
v 9554 50 21
v 9555 95 58
v 9556 356 178
v 9557 617 283
v 9558 1068 551
v 9559 460 219
v 9560 489 218
v 9561 14 4
v 9562 187 97
v 9563 186 87
v 9564 70 30
v 9565 651 287
v 9566 51 25
v 9567 82 30
v 9568 189 97
v 9569 487 232
v 9570 207 109
v 9571 108 55
v 9572 296 151
v 9573 403 205
v 9574 109 51
v 9575 45 19
v 9576 632 301
v 9577 522 233
v 9578 425 212
v 9579 264 123
v 9580 195 96
v 9581 325 187
v 9582 264 121
v 9583 287 151
v 9584 397 178
v 9585 145 76
v 9586 194 94
v 9591 347 171
v 9592 221 112
v 9593 362 177
v 9595 491 261
v 9598 234 111
v 9600 478 228
v 9601 207 111
v 9603 267 137
v 9607 509 241
v 9608 286 141
v 9609 168 83
v 9610 87 46
v 9617 172 88
v 9627 113 54
v 9767 186 84
v 9768 64 27
v 9769 98 45
v 9770 130 52
v 9771 98 47
v 9772 99 48
v 9773 73 25
v 9774 87 45
v 9775 92 53
v 9776 316 164
v 9777 339 164
v 9778 105 40
v 9779 84 42
v 9780 47 14
v 9781 150 80
v 9782 243 124
v 9783 186 96
v 9784 117 49
v 9785 45 26
v 9786 37 21
v 9787 64 29
v 9788 210 110
v 9789 34 16
v 9790 199 101
v 9791 61 33
v 9792 89 47
v 9793 19 10
v 9794 7 5
v 9795 125 61
v 9796 152 69
v 9797 167 97
v 9798 144 78
v 9799 297 137
v 9800 82 42
v 9801 28 14
v 9802 440 217
v 9803 138 76
v 9804 295 131
v 9805 36 16
v 9806 84 38
v 9807 38 19
v 9808 63 30
v 9809 43 21
v 9810 31 9
v 9811 63 28
v 9812 181 92
v 9813 288 134
v 9814 497 230
v 9815 220 105
v 9816 253 119
v 9817 12 8
v 9818 104 44
v 9819 93 36
v 9820 57 29
v 9821 272 139
v 9822 33 20
v 9823 32 9
v 9824 107 53
v 9825 241 107
v 9826 109 60
v 9827 42 20
v 9828 164 88
v 9829 188 96
v 9830 36 13
v 9831 17 8
v 9832 258 118
v 9833 215 96
v 9834 204 95
v 9835 143 70
v 9836 83 40
v 9837 183 109
v 9838 124 55
v 9839 138 57
v 9840 166 72
v 9841 77 33
v 9842 73 44
v 9847 160 75
v 9848 115 57
v 9849 185 99
v 9851 197 103
v 9854 106 59
v 9856 242 119
v 9857 84 36
v 9859 151 80
v 9863 233 105
v 9864 158 73
v 9865 106 61
v 9866 51 30
v 9873 88 47
v 9883 50 24
v 10024 388 206
v 10025 478 213
v 10026 794 321
v 10027 565 289
v 10028 524 264
v 10029 295 113
v 10030 333 158
v 10031 476 238
v 10032 1196 572
v 10033 1399 644
v 10034 333 137
v 10035 374 186
v 10036 248 115
v 10037 769 389
v 10038 1368 627
v 10039 729 347
v 10040 291 121
v 10041 186 82
v 10042 238 115
v 10043 339 164
v 10044 778 325
v 10045 112 55
v 10046 974 387
v 10047 321 149
v 10048 480 234
v 10049 96 53
v 10050 30 13
v 10051 684 305
v 10052 708 349
v 10053 683 328
v 10054 545 244
v 10055 1445 682
v 10056 293 143
v 10057 139 75
v 10058 1843 884
v 10059 626 278
v 10060 1351 546
v 10061 126 52
v 10062 329 139
v 10063 167 86
v 10064 231 109
v 10065 197 74
v 10066 142 60
v 10067 203 97
v 10068 925 428
v 10069 1289 634
v 10070 2355 1104
v 10071 908 414
v 10072 1078 476
v 10073 59 25
v 10074 440 221
v 10075 377 168
v 10076 152 66
v 10077 1453 658
v 10078 113 53
v 10079 140 68
v 10080 476 222
v 10081 1056 482
v 10082 454 247
v 10083 162 70
v 10084 803 375
v 10085 716 328
v 10086 174 73
v 10087 79 31
v 10088 1210 541
v 10089 966 450
v 10090 1031 472
v 10091 584 265
v 10092 477 257
v 10093 717 389
v 10094 525 234
v 10095 542 239
v 10096 820 386
v 10097 318 140
v 10098 419 216
v 10103 826 388
v 10104 518 262
v 10105 600 285
v 10107 1108 574
v 10110 547 259
v 10112 1204 584
v 10113 477 252
v 10115 516 245
v 10119 1068 488
v 10120 639 314
v 10121 488 263
v 10122 210 107
v 10129 363 185
v 10139 199 99
v 10281 240 114
v 10282 345 160
v 10283 224 105
v 10284 247 132
v 10285 170 69
v 10286 118 63
v 10287 201 107
v 10288 489 246
v 10289 505 240
v 10290 145 67
v 10291 139 72
v 10292 82 33
v 10293 336 162
v 10294 663 323
v 10295 340 160
v 10296 148 71
v 10297 80 27
v 10298 108 48
v 10299 130 56
v 10300 325 163
v 10301 58 30
v 10302 402 168
v 10303 160 80
v 10304 238 120
v 10305 32 19
v 10306 19 11
v 10307 280 120
v 10308 321 153
v 10309 254 134
v 10310 214 114
v 10311 638 310
v 10312 124 58
v 10313 72 39
v 10314 748 306
v 10315 324 164
v 10316 599 263
v 10317 53 29
v 10318 118 52
v 10319 71 35
v 10320 116 62
v 10321 103 52
v 10322 36 19
v 10323 86 45
v 10324 404 215
v 10325 558 305
v 10326 1071 496
v 10327 458 222
v 10328 518 223
v 10329 26 10
v 10330 169 86
v 10331 160 80
v 10332 66 32
v 10333 745 314
v 10334 48 23
v 10335 67 39
v 10336 196 92
v 10337 482 224
v 10338 185 86
v 10339 69 40
v 10340 301 157
v 10341 405 205
v 10342 147 69
v 10343 46 18
v 10344 760 304
v 10345 439 207
v 10346 346 183
v 10347 248 96
v 10348 230 126
v 10349 313 170
v 10350 271 120
v 10351 257 110
v 10352 295 137
v 10353 136 57
v 10354 151 74
v 10359 350 157
v 10360 224 122
v 10361 271 128
v 10363 510 268
v 10366 243 111
v 10368 509 231
v 10369 190 98
v 10371 257 120
v 10375 470 212
v 10376 269 124
v 10377 189 92
v 10378 91 46
v 10385 163 77
v 10395 113 52
v 10538 556 235
v 10539 337 171
v 10540 326 152
v 10541 214 122
v 10542 232 125
v 10543 299 139
v 10544 736 368
v 10545 789 421
v 10546 212 113
v 10547 219 118
v 10548 119 56
v 10549 534 293
v 10550 1025 510
v 10551 494 263
v 10552 185 92
v 10553 123 44
v 10554 134 73
v 10555 206 104
v 10556 515 225
v 10557 77 38
v 10558 563 249
v 10559 321 182
v 10560 337 195
v 10561 43 23
v 10562 12 4
v 10563 416 190
v 10564 431 231
v 10565 401 190
v 10566 400 200
v 10567 1149 583
v 10568 210 114
v 10569 104 58
v 10570 1171 554
v 10571 405 204
v 10572 867 391
v 10573 70 36
v 10574 225 111
v 10575 113 59
v 10576 163 84
v 10577 133 61
v 10578 76 28
v 10579 142 77
v 10580 575 279
v 10581 807 456
v 10582 1447 693
v 10583 523 244
v 10584 837 419
v 10585 33 16
v 10586 278 141
v 10587 199 97
v 10588 111 50
v 10589 1016 498
v 10590 48 18
v 10591 87 48
v 10592 287 147
v 10593 741 378
v 10594 313 175
v 10595 112 63
v 10596 544 277
v 10597 501 238
v 10598 126 55
v 10599 71 39
v 10600 841 357
v 10601 624 318
v 10602 563 279
v 10603 424 224
v 10604 292 164
v 10605 478 273
v 10606 306 139
v 10607 317 146
v 10608 396 213
v 10609 204 90
v 10610 273 133
v 10615 496 274
v 10616 349 189
v 10617 362 171
v 10619 707 392
v 10622 410 214
v 10624 822 421
v 10625 378 202
v 10627 358 178
v 10631 687 349
v 10632 399 192
v 10633 291 163
v 10634 139 85
v 10641 219 121
v 10651 140 83
v 10795 480 270
v 10796 472 250
v 10797 280 144
v 10798 328 193
v 10799 385 198
v 10800 1066 612
v 10801 1257 623
v 10802 307 148
v 10803 264 146
v 10804 187 91
v 10805 649 391
v 10806 1223 616
v 10807 534 265
v 10808 300 163
v 10809 137 63
v 10810 180 90
v 10811 260 141
v 10812 957 530
v 10813 123 55
v 10814 716 322
v 10815 270 150
v 10816 418 232
v 10817 57 42
v 10818 16 7
v 10819 607 289
v 10820 776 426
v 10821 884 512
v 10822 460 266
v 10823 1445 789
v 10824 245 141
v 10825 164 89
v 10826 1499 787
v 10827 764 429
v 10828 1213 631
v 10829 94 51
v 10830 258 120
v 10831 155 83
v 10832 214 120
v 10833 192 107
v 10834 112 46
v 10835 165 94
v 10836 805 448
v 10837 970 484
v 10838 2096 1103
v 10839 1018 542
v 10840 1149 603
v 10841 37 15
v 10842 334 163
v 10843 275 142
v 10844 134 57
v 10845 1285 668
v 10846 130 82
v 10847 133 70
v 10848 442 241
v 10849 1009 540
v 10850 418 235
v 10851 150 86
v 10852 536 269
v 10853 1015 586
v 10854 149 70
v 10855 88 49
v 10856 1468 802
v 10857 1029 542
v 10858 793 406
v 10859 520 253
v 10860 450 249
v 10861 587 338
v 10862 454 229
v 10863 519 282
v 10864 616 312
v 10865 267 137
v 10866 386 212
v 10871 712 351
v 10872 483 268
v 10873 656 337
v 10875 979 552
v 10878 440 236
v 10880 962 501
v 10881 383 228
v 10883 499 275
v 10887 952 448
v 10888 495 264
v 10889 389 217
v 10890 151 80
v 10897 324 205
v 10907 142 64
v 11052 359 171
v 11053 226 108
v 11054 262 122
v 11055 327 175
v 11056 916 426
v 11057 1026 484
v 11058 271 140
v 11059 223 107
v 11060 180 86
v 11061 480 255
v 11062 895 462
v 11063 451 202
v 11064 226 103
v 11065 110 51
v 11066 190 96
v 11067 219 110
v 11068 655 267
v 11069 101 49
v 11070 615 243
v 11071 194 99
v 11072 310 158
v 11073 56 31
v 11074 17 8
v 11075 440 221
v 11076 388 184
v 11077 513 254
v 11078 355 193
v 11079 1009 439
v 11080 192 92
v 11081 90 51
v 11082 1300 575
v 11083 457 220
v 11084 1008 466
v 11085 80 28
v 11086 212 90
v 11087 147 79
v 11088 177 71
v 11089 135 50
v 11090 78 37
v 11091 148 78
v 11092 585 286
v 11093 919 443
v 11094 1583 744
v 11095 692 338
v 11096 802 343
v 11097 42 19
v 11098 307 128
v 11099 244 124
v 11100 130 60
v 11101 798 398
v 11102 82 47
v 11103 101 50
v 11104 330 156
v 11105 693 319
v 11106 331 193
v 11107 138 67
v 11108 486 239
v 11109 601 293
v 11110 138 69
v 11111 59 32
v 11112 878 430
v 11113 707 330
v 11114 639 325
v 11115 395 206
v 11116 315 181
v 11117 589 272
v 11118 436 210
v 11119 432 211
v 11120 547 268
v 11121 238 107
v 11122 256 128
v 11127 537 246
v 11128 338 188
v 11129 493 233
v 11131 743 372
v 11134 332 177
v 11136 765 383
v 11137 285 133
v 11139 436 232
v 11143 758 362
v 11144 435 207
v 11145 305 151
v 11146 133 67
v 11153 254 135
v 11163 148 75
v 11309 191 92
v 11310 305 156
v 11311 306 140
v 11312 927 439
v 11313 959 411
v 11314 268 121
v 11315 218 113
v 11316 164 65
v 11317 541 320
v 11318 1016 500
v 11319 424 202
v 11320 210 113
v 11321 94 48
v 11322 161 81
v 11323 204 128
v 11324 600 299
v 11325 123 64
v 11326 570 247
v 11327 247 124
v 11328 327 170
v 11329 56 33
v 11330 41 24
v 11331 434 224
v 11332 544 276
v 11333 340 166
v 11334 405 190
v 11335 1024 487
v 11336 187 91
v 11337 114 57
v 11338 1320 664
v 11339 410 188
v 11340 815 384
v 11341 93 43
v 11342 187 95
v 11343 134 70
v 11344 162 81
v 11345 145 77
v 11346 90 36
v 11347 154 79
v 11348 590 281
v 11349 833 441
v 11350 1739 863
v 11351 751 358
v 11352 631 272
v 11353 40 18
v 11354 301 149
v 11355 296 145
v 11356 116 61
v 11357 836 403
v 11358 88 46
v 11359 123 68
v 11360 285 138
v 11361 744 359
v 11362 311 160
v 11363 177 100
v 11364 481 250
v 11365 585 297
v 11366 139 72
v 11367 78 34
v 11368 787 392
v 11369 577 263
v 11370 573 274
v 11371 329 156
v 11372 330 192
v 11373 500 270
v 11374 288 126
v 11375 455 236
v 11376 554 289
v 11377 234 110
v 11378 282 153
v 11383 456 205
v 11384 327 177
v 11385 547 277
v 11387 719 383
v 11390 366 190
v 11392 757 380
v 11393 330 170
v 11395 430 233
v 11399 735 329
v 11400 379 199
v 11401 268 117
v 11402 145 72
v 11409 227 130
v 11419 112 58
v 11566 151 74
v 11567 198 111
v 11568 647 345
v 11569 584 302
v 11570 169 84
v 11571 150 64
v 11572 113 52
v 11573 293 168
v 11574 508 251
v 11575 284 148
v 11576 121 61
v 11577 72 42
v 11578 104 53
v 11579 140 68
v 11580 431 205
v 11581 71 30
v 11582 356 155
v 11583 168 98
v 11584 205 116
v 11585 31 13
v 11586 15 9
v 11587 247 116
v 11588 282 152
v 11589 331 173
v 11590 224 105
v 11591 564 282
v 11592 122 70
v 11593 55 29
v 11594 790 413
v 11595 290 143
v 11596 569 287
v 11597 49 23
v 11598 166 77
v 11599 100 59
v 11600 105 58
v 11601 77 35
v 11602 49 26
v 11603 77 37
v 11604 373 204
v 11605 547 304
v 11606 1086 573
v 11607 399 200
v 11608 478 240
v 11609 26 17
v 11610 204 102
v 11611 153 73
v 11612 63 37
v 11613 505 270
v 11614 71 42
v 11615 68 37
v 11616 201 101
v 11617 491 229
v 11618 172 110
v 11619 76 48
v 11620 242 130
v 11621 483 270
v 11622 82 38
v 11623 39 25
v 11624 426 220
v 11625 465 266
v 11626 390 212
v 11627 238 110
v 11628 213 137
v 11629 272 167
v 11630 269 135
v 11631 257 148
v 11632 322 193
v 11633 153 78
v 11634 151 93
v 11639 305 152
v 11640 179 106
v 11641 299 152
v 11643 469 250
v 11646 262 140
v 11648 484 265
v 11649 185 101
v 11651 288 157
v 11655 436 227
v 11656 241 132
v 11657 223 116
v 11658 251 122
v 11665 143 80
v 11675 93 40
v 11823 224 99
v 11824 780 343
v 11825 698 265
v 11826 221 102
v 11827 152 71
v 11828 119 46
v 11829 352 176
v 11830 698 286
v 11831 317 121
v 11832 149 70
v 11833 101 44
v 11834 84 42
v 11835 156 84
v 11836 456 218
v 11837 72 31
v 11838 396 153
v 11839 180 78
v 11840 237 114
v 11841 68 35
v 11842 25 14
v 11843 307 108
v 11844 447 200
v 11845 309 166
v 11846 318 158
v 11847 767 356
v 11848 173 85
v 11849 85 47
v 11850 1025 479
v 11851 282 131
v 11852 661 290
v 11853 61 28
v 11854 155 61
v 11855 87 40
v 11856 135 63
v 11857 91 36
v 11858 73 34
v 11859 86 48
v 11860 374 168
v 11861 617 282
v 11862 1203 569
v 11863 493 225
v 11864 684 305
v 11865 23 11
v 11866 249 104
v 11867 215 107
v 11868 97 42
v 11869 616 252
v 11870 61 23
v 11871 89 44
v 11872 219 102
v 11873 593 266
v 11874 276 161
v 11875 102 46
v 11876 403 183
v 11877 506 242
v 11878 90 37
v 11879 51 23
v 11880 721 337
v 11881 821 383
v 11882 508 219
v 11883 268 112
v 11884 190 87
v 11885 449 197
v 11886 229 102
v 11887 352 157
v 11888 434 195
v 11889 175 70
v 11890 182 77
v 11895 348 140
v 11896 245 130
v 11897 391 178
v 11899 515 242
v 11902 290 129
v 11904 616 296
v 11905 247 122
v 11907 319 141
v 11911 595 255
v 11912 344 172
v 11913 211 122
v 11914 102 53
v 11921 166 86
v 11931 87 42
v 12080 742 363
v 12081 920 488
v 12082 208 90
v 12083 164 79
v 12084 170 75
v 12085 472 239
v 12086 742 345
v 12087 390 168
v 12088 232 89
v 12089 108 48
v 12090 171 79
v 12091 326 192
v 12092 550 277
v 12093 70 31
v 12094 571 240
v 12095 210 93
v 12096 282 149
v 12097 35 16
v 12098 23 9
v 12099 396 185
v 12100 408 211
v 12101 409 220
v 12102 300 155
v 12103 825 412
v 12104 184 97
v 12105 75 40
v 12106 973 445
v 12107 429 233
v 12108 969 439
v 12109 83 35
v 12110 172 77
v 12111 119 69
v 12112 150 65
v 12113 124 58
v 12114 73 33
v 12115 122 76
v 12116 524 264
v 12117 729 353
v 12118 1410 639
v 12119 582 284
v 12120 773 374
v 12121 38 19
v 12122 230 114
v 12123 224 96
v 12124 88 37
v 12125 782 383
v 12126 72 37
v 12127 81 36
v 12128 275 121
v 12129 598 274
v 12130 327 171
v 12131 134 74
v 12132 334 152
v 12133 547 258
v 12134 119 51
v 12135 41 21
v 12136 664 303
v 12137 606 291
v 12138 497 241
v 12139 336 160
v 12140 278 137
v 12141 448 234
v 12142 380 173
v 12143 314 154
v 12144 484 234
v 12145 190 73
v 12146 258 131
v 12151 468 220
v 12152 273 134
v 12153 417 195
v 12155 612 280
v 12158 283 139
v 12160 625 331
v 12161 246 115
v 12163 369 167
v 12167 579 287
v 12168 352 168
v 12169 225 100
v 12170 111 52
v 12177 203 107
v 12187 110 56
v 12337 2677 1232
v 12338 761 357
v 12339 500 248
v 12340 434 204
v 12341 1192 611
v 12342 2546 1193
v 12343 1184 572
v 12344 568 282
v 12345 384 173
v 12346 377 211
v 12347 553 313
v 12348 1623 776
v 12349 355 166
v 12350 1610 671
v 12351 545 299
v 12352 760 399
v 12353 141 72
v 12354 72 39
v 12355 1106 480
v 12356 1159 592
v 12357 1034 545
v 12358 1053 540
v 12359 2607 1254
v 12360 507 283
v 12361 284 169
v 12362 3327 1557
v 12363 1017 522
v 12364 2418 1078
v 12365 281 140
v 12366 648 296
v 12367 327 190
v 12368 509 256
v 12369 365 178
v 12370 219 82
v 12371 406 216
v 12372 1358 715
v 12373 2339 1303
v 12374 3908 1918
v 12375 1725 884
v 12376 1786 833
v 12377 133 72
v 12378 740 362
v 12379 860 403
v 12380 354 165
v 12381 2418 1177
v 12382 250 132
v 12383 243 122
v 12384 720 382
v 12385 1904 990
v 12386 880 483
v 12387 329 185
v 12388 1285 653
v 12389 1326 692
v 12390 346 161
v 12391 150 72
v 12392 1977 942
v 12393 1889 934
v 12394 1641 867
v 12395 1015 485
v 12396 653 354
v 12397 1824 997
v 12398 1049 502
v 12399 1097 525
v 12400 1703 807
v 12401 713 338
v 12402 691 352
v 12407 1302 630
v 12408 821 440
v 12409 1405 713
v 12411 1972 1015
v 12414 905 455
v 12416 1986 988
v 12417 712 354
v 12419 1216 624
v 12423 2076 968
v 12424 1137 606
v 12425 800 379
v 12426 360 184
v 12433 670 385
v 12443 345 162
v 12594 762 388
v 12595 567 296
v 12596 547 260
v 12597 1243 700
v 12598 2762 1393
v 12599 1433 723
v 12600 635 336
v 12601 331 155
v 12602 391 209
v 12603 688 363
v 12604 2003 1052
v 12605 317 185
v 12606 1819 839
v 12607 628 360
v 12608 837 461
v 12609 171 81
v 12610 76 37
v 12611 1251 602
v 12612 1128 600
v 12613 1348 720
v 12614 1128 597
v 12615 2862 1415
v 12616 525 288
v 12617 261 151
v 12618 3657 1891
v 12619 1196 626
v 12620 2799 1318
v 12621 323 175
v 12622 697 323
v 12623 392 226
v 12624 531 268
v 12625 365 198
v 12626 254 114
v 12627 397 224
v 12628 1481 787
v 12629 2367 1320
v 12630 4435 2315
v 12631 2048 1069
v 12632 2562 1309
v 12633 122 62
v 12634 819 388
v 12635 808 389
v 12636 440 216
v 12637 2738 1386
v 12638 241 127
v 12639 242 113
v 12640 815 435
v 12641 2101 1093
v 12642 1244 654
v 12643 345 194
v 12644 1362 747
v 12645 1611 848
v 12646 344 170
v 12647 184 88
v 12648 2508 1268
v 12649 2240 1185
v 12650 1925 967
v 12651 1137 563
v 12652 873 494
v 12653 1653 983
v 12654 1123 531
v 12655 1165 585
v 12656 1842 925
v 12657 766 366
v 12658 779 426
v 12663 1626 842
v 12664 963 550
v 12665 1547 797
v 12667 2269 1272
v 12670 1000 545
v 12672 2136 1149
v 12673 801 448
v 12675 1344 736
v 12679 2292 1176
v 12680 1338 713
v 12681 947 510
v 12682 375 211
v 12689 742 438
v 12699 451 228
v 12851 155 86
v 12852 168 85
v 12853 307 169
v 12854 594 311
v 12855 340 174
v 12856 150 89
v 12857 113 46
v 12858 98 56
v 12859 170 100
v 12860 518 271
v 12861 109 60
v 12862 456 214
v 12863 182 83
v 12864 233 122
v 12865 33 23
v 12866 24 17
v 12867 377 188
v 12868 402 213
v 12869 324 166
v 12870 264 135
v 12871 755 393
v 12872 156 93
v 12873 69 42
v 12874 995 490
v 12875 341 185
v 12876 760 356
v 12877 82 41
v 12878 176 88
v 12879 107 60
v 12880 153 81
v 12881 90 48
v 12882 74 30
v 12883 144 90
v 12884 418 232
v 12885 747 390
v 12886 1158 609
v 12887 504 256
v 12888 539 268
v 12889 32 22
v 12890 269 129
v 12891 283 126
v 12892 95 42
v 12893 765 372
v 12894 62 32
v 12895 74 50
v 12896 187 97
v 12897 559 297
v 12898 215 119
v 12899 99 54
v 12900 398 210
v 12901 401 214
v 12902 103 56
v 12903 51 29
v 12904 387 217
v 12905 709 377
v 12906 470 256
v 12907 298 148
v 12908 180 95
v 12909 495 283
v 12910 334 171
v 12911 388 206
v 12912 535 272
v 12913 204 103
v 12914 195 116
v 12919 437 218
v 12920 234 124
v 12921 457 234
v 12923 609 334
v 12926 308 159
v 12928 532 288
v 12929 175 104
v 12931 415 221
v 12935 532 270
v 12936 364 203
v 12937 250 138
v 12938 93 42
v 12945 224 127
v 12955 142 86
v 13108 97 46
v 13109 273 145
v 13110 554 241
v 13111 268 116
v 13112 122 64
v 13113 72 36
v 13114 84 41
v 13115 141 77
v 13116 303 140
v 13117 63 27
v 13118 349 147
v 13119 115 57
v 13120 200 107
v 13121 34 16
v 13122 18 7
v 13123 235 119
v 13124 273 122
v 13125 271 131
v 13126 228 122
v 13127 630 312
v 13128 117 60
v 13129 70 39
v 13130 728 361
v 13131 254 131
v 13132 550 235
v 13133 60 25
v 13134 123 60
v 13135 80 36
v 13136 94 51
v 13137 74 44
v 13138 49 19
v 13139 93 46
v 13140 341 177
v 13141 495 243
v 13142 940 470
v 13143 372 179
v 13144 462 210
v 13145 23 10
v 13146 176 85
v 13147 126 70
v 13148 60 26
v 13149 471 252
v 13150 32 13
v 13151 48 18
v 13152 165 77
v 13153 401 199
v 13154 222 111
v 13155 64 35
v 13156 296 163
v 13157 308 150
v 13158 65 36
v 13159 35 18
v 13160 447 221
v 13161 408 190
v 13162 385 206
v 13163 241 112
v 13164 209 120
v 13165 321 154
v 13166 227 103
v 13167 197 97
v 13168 316 138
v 13169 121 54
v 13170 161 88
v 13175 282 134
v 13176 154 79
v 13177 286 136
v 13179 447 225
v 13182 235 112
v 13184 413 194
v 13185 208 105
v 13187 234 114
v 13191 411 193
v 13192 243 135
v 13193 124 61
v 13194 83 49
v 13201 126 73
v 13211 61 32
v 13365 218 113
v 13366 413 228
v 13367 257 131
v 13368 108 49
v 13369 68 35
v 13370 78 44
v 13371 89 47
v 13372 308 160
v 13373 70 26
v 13374 329 150
v 13375 90 51
v 13376 141 75
v 13377 18 12
v 13378 8 6
v 13379 177 91
v 13380 222 121
v 13381 255 144
v 13382 188 97
v 13383 475 241
v 13384 98 49
v 13385 42 19
v 13386 620 318
v 13387 193 96
v 13388 425 212
v 13389 46 29
v 13390 125 50
v 13391 64 38
v 13392 106 64
v 13393 76 46
v 13394 45 21
v 13395 72 36
v 13396 231 125
v 13397 353 174
v 13398 723 368
v 13399 329 156
v 13400 281 129
v 13401 20 10
v 13402 132 65
v 13403 130 66
v 13404 48 26
v 13405 542 309
v 13406 29 17
v 13407 43 17
v 13408 134 76
v 13409 337 185
v 13410 186 105
v 13411 64 32
v 13412 295 167
v 13413 240 129
v 13414 55 32
v 13415 35 17
v 13416 365 188
v 13417 422 247
v 13418 357 193
v 13419 211 121
v 13420 142 82
v 13421 260 161
v 13422 181 89
v 13423 178 100
v 13424 352 199
v 13425 122 68
v 13426 106 53
v 13431 376 209
v 13432 182 110
v 13433 288 161
v 13435 375 214
v 13438 162 78
v 13440 356 197
v 13441 151 94
v 13443 220 128
v 13447 346 173
v 13448 209 110
v 13449 155 93
v 13450 65 38
v 13457 127 74
v 13467 74 43
v 13622 1129 526
v 13623 612 260
v 13624 254 101
v 13625 178 66
v 13626 199 82
v 13627 326 169
v 13628 714 290
v 13629 127 51
v 13630 883 363
v 13631 282 128
v 13632 454 229
v 13633 70 33
v 13634 28 13
v 13635 689 266
v 13636 673 322
v 13637 594 293
v 13638 559 247
v 13639 1177 510
v 13640 262 125
v 13641 150 77
v 13642 1811 762
v 13643 607 297
v 13644 1291 571
v 13645 128 47
v 13646 284 102
v 13647 199 104
v 13648 278 165
v 13649 195 94
v 13650 110 53
v 13651 181 96
v 13652 845 380
v 13653 1245 540
v 13654 2410 1090
v 13655 1009 466
v 13656 1079 460
v 13657 58 24
v 13658 349 157
v 13659 339 146
v 13660 135 58
v 13661 1270 558
v 13662 80 47
v 13663 124 65
v 13664 443 203
v 13665 1074 500
v 13666 543 257
v 13667 167 74
v 13668 701 306
v 13669 791 387
v 13670 164 69
v 13671 78 29
v 13672 1143 526
v 13673 966 398
v 13674 928 432
v 13675 571 248
v 13676 468 224
v 13677 734 307
v 13678 552 241
v 13679 543 229
v 13680 722 307
v 13681 266 111
v 13682 450 209
v 13687 756 323
v 13688 472 228
v 13689 650 298
v 13691 969 465
v 13694 547 252
v 13696 1100 463
v 13697 442 210
v 13699 575 258
v 13703 1087 418
v 13704 543 245
v 13705 399 182
v 13706 180 71
v 13713 353 164
v 13723 209 96
v 13879 1117 558
v 13880 610 304
v 13881 285 121
v 13882 364 196
v 13883 503 253
v 13884 1461 679
v 13885 247 132
v 13886 1409 666
v 13887 524 267
v 13888 942 528
v 13889 101 48
v 13890 51 28
v 13891 1212 625
v 13892 934 510
v 13893 1037 520
v 13894 1179 591
v 13895 2305 1088
v 13896 513 304
v 13897 260 151
v 13898 3387 1814
v 13899 1060 546
v 13900 2334 1071
v 13901 212 96
v 13902 528 265
v 13903 345 186
v 13904 456 222
v 13905 305 153
v 13906 209 98
v 13907 373 215
v 13908 1542 819
v 13909 2237 1202
v 13910 3796 1954
v 13911 1820 934
v 13912 2176 1081
v 13913 107 51
v 13914 685 366
v 13915 728 360
v 13916 262 106
v 13917 2596 1304
v 13918 249 116
v 13919 314 138
v 13920 1055 612
v 13921 1818 895
v 13922 801 451
v 13923 326 178
v 13924 1164 566
v 13925 1517 714
v 13926 353 177
v 13927 162 78
v 13928 2220 1124
v 13929 2557 1414
v 13930 1443 763
v 13931 1112 585
v 13932 960 580
v 13933 1573 887
v 13934 1309 698
v 13935 923 450
v 13936 1212 591
v 13937 570 246
v 13938 781 430
v 13943 1569 797
v 13944 862 466
v 13945 1188 589
v 13947 1917 1056
v 13950 905 482
v 13952 1963 1075
v 13953 892 515
v 13955 1039 542
v 13959 1889 930
v 13960 1048 536
v 13961 862 484
v 13962 329 182
v 13969 627 344
v 13979 374 206
v 14136 370 168
v 14137 166 91
v 14138 186 91
v 14139 341 211
v 14140 850 404
v 14141 135 73
v 14142 796 363
v 14143 292 133
v 14144 413 204
v 14145 84 43
v 14146 32 17
v 14147 472 224
v 14148 626 311
v 14149 678 320
v 14150 513 259
v 14151 1229 591
v 14152 279 147
v 14153 131 76
v 14154 1677 826
v 14155 586 323
v 14156 1241 573
v 14157 120 62
v 14158 358 180
v 14159 153 84
v 14160 256 114
v 14161 160 88
v 14162 127 54
v 14163 188 104
v 14164 812 448
v 14165 1267 688
v 14166 2198 1098
v 14167 808 403
v 14168 1010 475
v 14169 46 24
v 14170 381 176
v 14171 377 179
v 14172 198 100
v 14173 1184 609
v 14174 63 43
v 14175 159 79
v 14176 410 208
v 14177 977 509
v 14178 504 253
v 14179 147 85
v 14180 688 385
v 14181 769 399
v 14182 190 97
v 14183 86 36
v 14184 1163 585
v 14185 1027 510
v 14186 1018 488
v 14187 563 278
v 14188 451 252
v 14189 702 401
v 14190 575 295
v 14191 426 188
v 14192 910 458
v 14193 332 172
v 14194 372 193
v 14199 824 421
v 14200 468 266
v 14201 673 347
v 14203 1158 612
v 14206 548 291
v 14208 1025 537
v 14209 412 227
v 14211 643 304
v 14215 1050 506
v 14216 566 291
v 14217 421 218
v 14218 193 104
v 14225 357 188
v 14235 253 125
v 14393 52 25
v 14394 112 52
v 14395 130 68
v 14396 346 174
v 14397 59 30
v 14398 251 106
v 14399 128 71
v 14400 220 123
v 14401 29 13
v 14402 11 5
v 14403 292 132
v 14404 355 191
v 14405 344 179
v 14406 219 126
v 14407 542 276
v 14408 108 55
v 14409 75 38
v 14410 769 380
v 14411 271 133
v 14412 600 311
v 14413 47 26
v 14414 133 65
v 14415 80 44
v 14416 102 54
v 14417 78 38
v 14418 45 21
v 14419 74 45
v 14420 355 183
v 14421 589 328
v 14422 982 526
v 14423 463 247
v 14424 567 283
v 14425 21 9
v 14426 179 100
v 14427 179 96
v 14428 74 34
v 14429 555 275
v 14430 45 27
v 14431 48 21
v 14432 199 107
v 14433 384 204
v 14434 187 106
v 14435 83 49
v 14436 248 134
v 14437 364 190
v 14438 79 41
v 14439 40 13
v 14440 457 237
v 14441 405 195
v 14442 396 201
v 14443 222 117
v 14444 215 130
v 14445 308 159
v 14446 317 153
v 14447 252 124
v 14448 296 135
v 14449 147 66
v 14450 180 102
v 14455 304 163
v 14456 230 119
v 14457 330 170
v 14459 404 205
v 14462 227 111
v 14464 461 255
v 14465 159 78
v 14467 241 136
v 14471 450 234
v 14472 232 124
v 14473 192 94
v 14474 70 36
v 14481 166 92
v 14491 95 46
v 14650 46 21
v 14651 83 40
v 14652 192 93
v 14653 36 20
v 14654 216 111
v 14655 70 39
v 14656 113 70
v 14657 24 17
v 14658 6 2
v 14659 158 92
v 14660 156 72
v 14661 181 90
v 14662 138 67
v 14663 311 169
v 14664 60 34
v 14665 34 17
v 14666 487 269
v 14667 164 91
v 14668 325 156
v 14669 26 13
v 14670 72 34
v 14671 51 30
v 14672 73 34
v 14673 32 18
v 14674 27 14
v 14675 61 35
v 14676 192 100
v 14677 292 162
v 14678 537 281
v 14679 258 129
v 14680 287 154
v 14681 16 9
v 14682 114 53
v 14683 94 52
v 14684 52 27
v 14685 318 179
v 14686 28 12
v 14687 35 25
v 14688 133 65
v 14689 288 158
v 14690 142 85
v 14691 62 37
v 14692 188 102
v 14693 198 107
v 14694 58 36
v 14695 28 15
v 14696 277 162
v 14697 295 158
v 14698 200 114
v 14699 141 81
v 14700 78 46
v 14701 199 110
v 14702 156 87
v 14703 152 84
v 14704 230 121
v 14705 92 42
v 14706 99 50
v 14711 171 83
v 14712 113 61
v 14713 195 98
v 14715 253 121
v 14718 138 84
v 14720 281 150
v 14721 106 60
v 14723 185 108
v 14727 281 150
v 14728 127 71
v 14729 111 64
v 14730 96 52
v 14737 92 47
v 14747 48 23
v 14907 100 55
v 14908 213 108
v 14909 37 21
v 14910 295 131
v 14911 99 50
v 14912 123 61
v 14913 25 17
v 14914 14 6
v 14915 112 56
v 14916 188 95
v 14917 235 113
v 14918 181 101
v 14919 435 201
v 14920 95 51
v 14921 46 22
v 14922 508 261
v 14923 186 109
v 14924 388 184
v 14925 22 12
v 14926 105 52
v 14927 46 26
v 14928 58 31
v 14929 55 22
v 14930 43 18
v 14931 42 25
v 14932 221 114
v 14933 337 179
v 14934 676 334
v 14935 292 144
v 14936 347 152
v 14937 20 8
v 14938 131 54
v 14939 104 47
v 14940 52 25
v 14941 387 187
v 14942 36 19
v 14943 51 17
v 14944 132 63
v 14945 297 157
v 14946 152 69
v 14947 61 33
v 14948 203 107
v 14949 282 130
v 14950 44 20
v 14951 28 13
v 14952 324 152
v 14953 294 147
v 14954 246 138
v 14955 184 82
v 14956 123 63
v 14957 198 107
v 14958 170 71
v 14959 164 84
v 14960 243 115
v 14961 103 39
v 14962 123 71
v 14967 216 105
v 14968 154 96
v 14969 201 97
v 14971 347 173
v 14974 148 72
v 14976 272 122
v 14977 110 49
v 14979 175 92
v 14983 331 150
v 14984 188 85
v 14985 181 89
v 14986 45 20
v 14993 119 61
v 15003 64 33
v 15164 390 211
v 15165 64 30
v 15166 422 171
v 15167 152 80
v 15168 194 106
v 15169 36 15
v 15170 14 8
v 15171 265 111
v 15172 155 67
v 15173 238 96
v 15174 254 126
v 15175 625 281
v 15176 111 61
v 15177 70 41
v 15178 684 314
v 15179 300 142
v 15180 699 328
v 15181 61 33
v 15182 162 73
v 15183 69 41
v 15184 147 66
v 15185 74 29
v 15186 56 23
v 15187 104 45
v 15188 393 192
v 15189 511 244
v 15190 1084 528
v 15191 436 209
v 15192 422 196
v 15193 23 11
v 15194 181 83
v 15195 199 82
v 15196 78 25
v 15197 550 257
v 15198 53 19
v 15199 72 35
v 15200 200 101
v 15201 445 216
v 15202 207 100
v 15203 75 38
v 15204 307 134
v 15205 374 187
v 15206 81 34
v 15207 39 20
v 15208 423 172
v 15209 499 238
v 15210 434 228
v 15211 281 131
v 15212 213 117
v 15213 344 145
v 15214 266 121
v 15215 246 104
v 15216 367 159
v 15217 121 42
v 15218 203 103
v 15223 329 157
v 15224 212 122
v 15225 322 145
v 15227 364 185
v 15230 221 106
v 15232 439 233
v 15233 183 100
v 15235 251 137
v 15239 454 203
v 15240 250 116
v 15241 174 92
v 15242 92 39
v 15249 150 68
v 15259 83 39
v 15421 220 89
v 15422 795 346
v 15423 352 174
v 15424 482 282
v 15425 91 41
v 15426 37 20
v 15427 772 372
v 15428 1014 557
v 15429 790 458
v 15430 635 343
v 15431 1331 639
v 15432 267 148
v 15433 168 98
v 15434 2001 1045
v 15435 896 501
v 15436 1526 743
v 15437 202 84
v 15438 402 209
v 15439 252 150
v 15440 297 160
v 15441 249 121
v 15442 148 63
v 15443 211 115
v 15444 834 433
v 15445 1389 771
v 15446 2931 1635
v 15447 1083 503
v 15448 1480 761
v 15449 111 64
v 15450 479 247
v 15451 434 202
v 15452 174 79
v 15453 1314 705
v 15454 169 90
v 15455 209 106
v 15456 573 327
v 15457 1267 676
v 15458 536 321
v 15459 257 138
v 15460 672 359
v 15461 1128 625
v 15462 194 88
v 15463 80 40
v 15464 1497 770
v 15465 1150 605
v 15466 948 506
v 15467 675 332
v 15468 529 293
v 15469 1077 592
v 15470 596 296
v 15471 1047 579
v 15472 1187 610
v 15473 384 180
v 15474 506 285
v 15479 905 464
v 15480 582 319
v 15481 1009 529
v 15483 1270 721
v 15486 609 332
v 15488 1188 613
v 15489 524 282
v 15491 800 420
v 15495 1354 653
v 15496 667 346
v 15497 551 292
v 15498 175 95
v 15505 411 246
v 15515 239 125
v 15678 197 90
v 15679 75 41
v 15680 82 42
v 15681 9 3
v 15682 10 5
v 15683 109 46
v 15684 130 70
v 15685 121 75
v 15686 112 46
v 15687 252 102
v 15688 54 31
v 15689 38 18
v 15690 452 218
v 15691 125 57
v 15692 272 134
v 15693 40 21
v 15694 76 32
v 15695 47 24
v 15696 44 23
v 15697 39 24
v 15698 31 8
v 15699 55 29
v 15700 190 104
v 15701 294 157
v 15702 489 254
v 15703 174 80
v 15704 206 102
v 15705 12 7
v 15706 103 48
v 15707 122 59
v 15708 49 21
v 15709 233 108
v 15710 33 17
v 15711 18 9
v 15712 77 39
v 15713 204 98
v 15714 103 56
v 15715 39 24
v 15716 142 76
v 15717 175 91
v 15718 34 13
v 15719 20 12
v 15720 226 120
v 15721 213 91
v 15722 156 77
v 15723 98 45
v 15724 56 32
v 15725 176 101
v 15726 122 40
v 15727 176 104
v 15728 144 62
v 15729 110 70
v 15730 73 40
v 15735 142 68
v 15736 83 49
v 15737 179 83
v 15739 206 99
v 15742 76 31
v 15744 203 97
v 15745 68 37
v 15747 148 70
v 15751 211 100
v 15752 150 78
v 15753 97 48
v 15754 41 18
v 15761 89 48
v 15771 39 19
v 15935 343 207
v 15936 532 301
v 15937 86 46
v 15938 42 23
v 15939 670 368
v 15940 752 423
v 15941 852 482
v 15942 657 366
v 15943 1922 971
v 15944 399 232
v 15945 176 105
v 15946 2178 1227
v 15947 713 428
v 15948 1755 909
v 15949 148 87
v 15950 400 222
v 15951 197 114
v 15952 299 162
v 15953 249 131
v 15954 165 73
v 15955 241 136
v 15956 995 566
v 15957 1503 867
v 15958 2817 1623
v 15959 1164 620
v 15960 1482 819
v 15961 88 48
v 15962 487 261
v 15963 523 268
v 15964 218 107
v 15965 2019 1023
v 15966 130 76
v 15967 233 109
v 15968 518 308
v 15969 1265 694
v 15970 515 328
v 15971 213 118
v 15972 814 452
v 15973 1016 582
v 15974 268 145
v 15975 126 73
v 15976 1479 766
v 15977 1357 741
v 15978 1128 644
v 15979 780 419
v 15980 526 314
v 15981 1044 626
v 15982 705 376
v 15983 745 391
v 15984 1042 536
v 15985 384 204
v 15986 488 260
v 15991 1007 551
v 15992 589 326
v 15993 896 477
v 15995 1418 830
v 15998 670 367
v 16000 1334 724
v 16001 461 265
v 16003 732 407
v 16007 1244 649
v 16008 748 408
v 16009 564 317
v 16010 250 144
v 16017 482 300
v 16027 336 173
v 16192 202 93
v 16193 28 16
v 16194 12 6
v 16195 234 110
v 16196 330 171
v 16197 283 138
v 16198 251 128
v 16199 617 299
v 16200 125 65
v 16201 52 26
v 16202 782 395
v 16203 277 138
v 16204 544 257
v 16205 52 26
v 16206 152 68
v 16207 90 48
v 16208 121 63
v 16209 85 42
v 16210 57 24
v 16211 109 47
v 16212 366 176
v 16213 610 326
v 16214 924 411
v 16215 375 177
v 16216 426 205
v 16217 30 13
v 16218 180 84
v 16219 170 69
v 16220 68 25
v 16221 561 259
v 16222 57 29
v 16223 66 44
v 16224 188 94
v 16225 467 226
v 16226 183 102
v 16227 68 39
v 16228 325 163
v 16229 323 146
v 16230 104 40
v 16231 41 20
v 16232 501 226
v 16233 436 191
v 16234 373 184
v 16235 259 124
v 16236 199 102
v 16237 329 171
v 16238 312 136
v 16239 246 133
v 16240 324 164
v 16241 129 57
v 16242 174 89
v 16247 305 164
v 16248 183 90
v 16249 307 138
v 16251 409 195
v 16254 235 112
v 16256 493 242
v 16257 199 95
v 16259 264 128
v 16263 429 200
v 16264 262 132
v 16265 173 89
v 16266 67 35
v 16273 124 63
v 16283 72 31
v 16449 43 19
v 16450 21 15
v 16451 358 163
v 16452 418 217
v 16453 427 191
v 16454 396 169
v 16455 925 401
v 16456 181 100
v 16457 105 60
v 16458 1172 535
v 16459 412 210
v 16460 857 367
v 16461 65 35
v 16462 156 65
v 16463 136 76
v 16464 161 76
v 16465 124 56
v 16466 55 20
v 16467 136 74
v 16468 587 283
v 16469 881 434
v 16470 1622 721
v 16471 575 254
v 16472 682 305
v 16473 29 15
v 16474 241 115
v 16475 237 111
v 16476 107 43
v 16477 795 369
v 16478 71 34
v 16479 107 46
v 16480 290 137
v 16481 676 315
v 16482 258 131
v 16483 118 58
v 16484 489 225
v 16485 546 269
v 16486 148 65
v 16487 44 16
v 16488 944 409
v 16489 707 306
v 16490 574 255
v 16491 359 153
v 16492 316 144
v 16493 505 262
v 16494 341 167
v 16495 384 172
v 16496 515 225
v 16497 198 101
v 16498 274 128
v 16503 531 242
v 16504 313 159
v 16505 465 222
v 16507 692 367
v 16510 325 155
v 16512 736 345
v 16513 311 170
v 16515 394 180
v 16519 663 299
v 16520 393 207
v 16521 290 132
v 16522 135 57
v 16529 209 95
v 16539 134 64
v 16706 4 3
v 16707 70 29
v 16708 87 47
v 16709 64 31
v 16710 71 37
v 16711 158 78
v 16712 33 18
v 16713 9 6
v 16714 173 70
v 16715 51 24
v 16716 139 51
v 16717 14 7
v 16718 28 13
v 16719 23 9
v 16720 31 15
v 16721 17 8
v 16722 7 4
v 16723 18 10
v 16724 97 41
v 16725 119 52
v 16726 244 112
v 16727 86 39
v 16728 97 43
v 16729 6 4
v 16730 38 16
v 16731 62 25
v 16732 26 14
v 16733 155 68
v 16734 19 5
v 16735 15 10
v 16736 49 27
v 16737 108 57
v 16738 61 32
v 16739 24 8
v 16740 84 45
v 16741 64 27
v 16742 22 10
v 16743 10 6
v 16744 107 42
v 16745 111 56
v 16746 91 43
v 16747 66 26
v 16748 45 19
v 16749 81 39
v 16750 78 40
v 16751 41 18
v 16752 117 47
v 16753 29 10
v 16754 53 34
v 16759 93 44
v 16760 61 35
v 16761 77 28
v 16763 143 64
v 16766 48 26
v 16768 103 51
v 16769 42 20
v 16771 63 35
v 16775 114 52
v 16776 67 35
v 16777 44 23
v 16778 16 7
v 16785 42 16
v 16795 23 9
v 16963 22 13
v 16964 31 17
v 16965 34 20
v 16966 30 15
v 16967 75 34
v 16968 20 10
v 16969 7 5
v 16970 83 37
v 16971 22 12
v 16972 58 21
v 16973 5 1
v 16974 21 7
v 16975 9 5
v 16976 15 5
v 16977 7 4
v 16978 6 3
v 16979 9 4
v 16980 28 16
v 16981 63 31
v 16982 100 47
v 16983 41 20
v 16984 42 18
v 16985 3 1
v 16986 26 11
v 16987 21 9
v 16988 4 3
v 16989 60 31
v 16990 3 1
v 16991 8 4
v 16992 12 6
v 16993 53 21
v 16994 18 9
v 16995 11 2
v 16996 31 12
v 16997 39 19
v 16998 7 4
v 16999 5 1
v 17000 48 23
v 17001 52 19
v 17002 46 24
v 17003 38 15
v 17004 13 8
v 17005 48 25
v 17006 26 12
v 17007 30 19
v 17008 53 29
v 17009 16 13
v 17010 20 9
v 17015 33 13
v 17016 33 20
v 17017 32 11
v 17019 47 24
v 17022 28 15
v 17024 53 28
v 17025 20 12
v 17027 28 13
v 17031 46 17
v 17032 29 13
v 17033 22 12
v 17034 4 1
v 17041 20 12
v 17051 6 1
v 17220 760 429
v 17221 591 324
v 17222 480 256
v 17223 1274 668
v 17224 200 114
v 17225 108 61
v 17226 1284 631
v 17227 629 354
v 17228 1197 602
v 17229 110 53
v 17230 224 117
v 17231 149 91
v 17232 210 105
v 17233 130 63
v 17234 93 29
v 17235 172 90
v 17236 678 370
v 17237 788 378
v 17238 2011 1099
v 17239 852 440
v 17240 908 456
v 17241 59 28
v 17242 316 173
v 17243 234 127
v 17244 135 70
v 17245 1108 559
v 17246 104 48
v 17247 114 50
v 17248 378 181
v 17249 968 544
v 17250 440 252
v 17251 156 86
v 17252 574 292
v 17253 748 409
v 17254 148 71
v 17255 52 31
v 17256 1121 591
v 17257 784 417
v 17258 775 380
v 17259 421 201
v 17260 340 187
v 17261 612 327
v 17262 376 181
v 17263 594 290
v 17264 914 485
v 17265 318 162
v 17266 322 185
v 17271 601 321
v 17272 364 204
v 17273 702 376
v 17275 868 476
v 17278 462 235
v 17280 964 537
v 17281 364 213
v 17283 525 294
v 17287 833 389
v 17288 491 255
v 17289 352 175
v 17290 139 72
v 17297 331 198
v 17307 125 52
v 17477 556 282
v 17478 573 260
v 17479 1261 598
v 17480 244 132
v 17481 121 58
v 17482 1619 754
v 17483 560 289
v 17484 1271 580
v 17485 162 72
v 17486 341 149
v 17487 151 98
v 17488 238 104
v 17489 180 89
v 17490 90 39
v 17491 222 114
v 17492 837 444
v 17493 1226 631
v 17494 2185 1073
v 17495 866 426
v 17496 978 478
v 17497 59 25
v 17498 368 169
v 17499 471 231
v 17500 154 69
v 17501 776 390
v 17502 187 95
v 17503 90 46
v 17504 339 172
v 17505 1019 522
v 17506 304 163
v 17507 137 57
v 17508 629 305
v 17509 728 324
v 17510 190 93
v 17511 65 30
v 17512 1169 548
v 17513 967 471
v 17514 905 435
v 17515 528 251
v 17516 403 223
v 17517 715 395
v 17518 592 289
v 17519 649 304
v 17520 751 365
v 17521 350 154
v 17522 291 157
v 17527 659 314
v 17528 484 253
v 17529 683 338
v 17531 921 487
v 17534 513 227
v 17536 950 455
v 17537 443 224
v 17539 560 264
v 17543 885 427
v 17544 607 302
v 17545 427 204
v 17546 187 86
v 17553 317 176
v 17563 170 90
v 17734 420 215
v 17735 1222 572
v 17736 259 135
v 17737 131 63
v 17738 1504 718
v 17739 551 282
v 17740 1275 613
v 17741 129 58
v 17742 314 146
v 17743 146 83
v 17744 253 119
v 17745 181 83
v 17746 104 44
v 17747 165 90
v 17748 699 361
v 17749 1107 549
v 17750 1690 825
v 17751 884 429
v 17752 1178 565
v 17753 60 30
v 17754 373 168
v 17755 454 206
v 17756 131 48
v 17757 1148 581
v 17758 216 98
v 17759 111 63
v 17760 467 230
v 17761 849 406
v 17762 458 243
v 17763 161 78
v 17764 520 240
v 17765 792 400
v 17766 204 107
v 17767 78 39
v 17768 1126 536
v 17769 896 432
v 17770 814 414
v 17771 541 263
v 17772 439 241
v 17773 681 362
v 17774 519 231
v 17775 471 243
v 17776 830 401
v 17777 299 127
v 17778 314 160
v 17783 733 359
v 17784 425 220
v 17785 511 246
v 17787 976 523
v 17790 457 232
v 17792 894 453
v 17793 382 200
v 17795 534 277
v 17799 933 428
v 17800 480 217
v 17801 359 159
v 17802 165 83
v 17809 310 164
v 17819 230 114
v 17991 1233 602
v 17992 202 113
v 17993 150 93
v 17994 1420 694
v 17995 451 228
v 17996 944 456
v 17997 98 45
v 17998 187 77
v 17999 131 80
v 18000 235 115
v 18001 142 65
v 18002 109 40
v 18003 160 93
v 18004 604 292
v 18005 1087 529
v 18006 1829 950
v 18007 687 341
v 18008 888 438
v 18009 45 20
v 18010 281 133
v 18011 298 158
v 18012 124 52
v 18013 1057 531
v 18014 87 37
v 18015 143 74
v 18016 371 196
v 18017 1027 526
v 18018 500 260
v 18019 137 77
v 18020 590 290
v 18021 552 285
v 18022 138 72
v 18023 56 22
v 18024 976 460
v 18025 799 400
v 18026 664 318
v 18027 463 238
v 18028 359 198
v 18029 565 294
v 18030 689 332
v 18031 438 234
v 18032 545 263
v 18033 261 125
v 18034 336 170
v 18039 527 282
v 18040 369 204
v 18041 530 258
v 18043 705 352
v 18046 454 237
v 18048 936 487
v 18049 365 202
v 18051 477 250
v 18055 801 403
v 18056 494 259
v 18057 344 190
v 18058 158 78
v 18065 275 152
v 18075 164 76
v 18248 604 323
v 18249 317 183
v 18250 3616 1750
v 18251 1146 619
v 18252 2801 1329
v 18253 220 117
v 18254 620 301
v 18255 421 250
v 18256 469 249
v 18257 364 185
v 18258 241 105
v 18259 408 211
v 18260 1685 887
v 18261 2603 1405
v 18262 4823 2472
v 18263 1817 900
v 18264 2288 1102
v 18265 144 80
v 18266 774 386
v 18267 778 399
v 18268 336 172
v 18269 2748 1394
v 18270 254 137
v 18271 312 153
v 18272 842 452
v 18273 2104 1101
v 18274 1278 680
v 18275 316 180
v 18276 1408 729
v 18277 1671 917
v 18278 348 184
v 18279 151 67
v 18280 2163 1164
v 18281 2129 1067
v 18282 2043 1053
v 18283 1131 585
v 18284 1352 707
v 18285 1507 852
v 18286 1166 563
v 18287 1158 578
v 18288 1613 781
v 18289 593 314
v 18290 812 434
v 18295 1629 775
v 18296 857 501
v 18297 1442 752
v 18299 2172 1195
v 18302 1123 590
v 18304 2032 1048
v 18305 1033 547
v 18307 1232 658
v 18311 2119 1045
v 18312 1151 638
v 18313 847 487
v 18314 387 203
v 18321 655 374
v 18331 421 204
v 18505 60 31
v 18506 689 327
v 18507 250 125
v 18508 517 234
v 18509 54 20
v 18510 131 49
v 18511 69 36
v 18512 101 40
v 18513 78 31
v 18514 58 22
v 18515 93 51
v 18516 323 151
v 18517 549 250
v 18518 961 465
v 18519 384 170
v 18520 427 204
v 18521 16 9
v 18522 157 68
v 18523 173 81
v 18524 52 24
v 18525 513 225
v 18526 49 30
v 18527 68 36
v 18528 157 64
v 18529 414 194
v 18530 176 100
v 18531 87 43
v 18532 296 132
v 18533 270 118
v 18534 83 32
v 18535 40 20
v 18536 489 218
v 18537 387 180
v 18538 310 146
v 18539 223 107
v 18540 178 99
v 18541 305 163
v 18542 213 103
v 18543 202 92
v 18544 344 160
v 18545 123 48
v 18546 159 83
v 18551 326 135
v 18552 181 98
v 18553 260 124
v 18555 441 220
v 18558 235 109
v 18560 441 206
v 18561 196 93
v 18563 261 116
v 18567 409 200
v 18568 248 109
v 18569 178 78
v 18570 85 47
v 18577 130 73
v 18587 76 38
v 18762 391 182
v 18763 132 64
v 18764 249 92
v 18765 32 16
v 18766 62 25
v 18767 24 10
v 18768 50 17
v 18769 48 27
v 18770 33 12
v 18771 50 30
v 18772 184 97
v 18773 273 129
v 18774 491 236
v 18775 212 88
v 18776 221 100
v 18777 11 7
v 18778 86 37
v 18779 66 32
v 18780 37 15
v 18781 306 135
v 18782 24 10
v 18783 34 14
v 18784 76 33
v 18785 216 97
v 18786 124 55
v 18787 43 19
v 18788 166 74
v 18789 170 87
v 18790 40 15
v 18791 13 5
v 18792 232 108
v 18793 205 81
v 18794 175 91
v 18795 115 56
v 18796 102 52
v 18797 158 82
v 18798 119 48
v 18799 109 48
v 18800 169 75
v 18801 72 31
v 18802 124 65
v 18807 160 55
v 18808 85 34
v 18809 127 53
v 18811 208 110
v 18814 105 42
v 18816 233 108
v 18817 110 47
v 18819 128 66
v 18823 199 82
v 18824 114 54
v 18825 85 38
v 18826 32 14
v 18833 64 33
v 18843 47 24
v 19019 1380 720
v 19020 3422 1606
v 19021 310 150
v 19022 814 414
v 19023 451 258
v 19024 670 354
v 19025 446 238
v 19026 310 135
v 19027 546 303
v 19028 2138 1164
v 19029 3037 1594
v 19030 6000 3073
v 19031 2378 1187
v 19032 2572 1271
v 19033 129 75
v 19034 1146 546
v 19035 1111 538
v 19036 419 199
v 19037 2931 1566
v 19038 256 145
v 19039 313 174
v 19040 1038 538
v 19041 2870 1497
v 19042 1020 572
v 19043 513 260
v 19044 1836 934
v 19045 1936 1039
v 19046 476 229
v 19047 222 106
v 19048 2922 1446
v 19049 2862 1495
v 19050 2187 1152
v 19051 1438 716
v 19052 1018 578
v 19053 1877 1109
v 19054 1433 691
v 19055 1445 770
v 19056 2103 1053
v 19057 868 411
v 19058 928 512
v 19063 1897 975
v 19064 1596 857
v 19065 1797 903
v 19067 2601 1384
v 19070 1894 922
v 19072 2825 1447
v 19073 1273 674
v 19075 1573 809
v 19079 2721 1334
v 19080 1625 854
v 19081 1058 580
v 19082 380 217
v 19089 962 558
v 19099 502 290
v 19276 1108 473
v 19277 148 65
v 19278 268 125
v 19279 156 88
v 19280 199 88
v 19281 192 92
v 19282 94 47
v 19283 155 92
v 19284 768 384
v 19285 1011 544
v 19286 2159 1109
v 19287 895 434
v 19288 1012 455
v 19289 56 29
v 19290 307 157
v 19291 257 132
v 19292 127 55
v 19293 1242 562
v 19294 93 50
v 19295 130 67
v 19296 410 220
v 19297 884 459
v 19298 329 193
v 19299 174 99
v 19300 510 253
v 19301 793 398
v 19302 194 99
v 19303 69 31
v 19304 1216 569
v 19305 835 418
v 19306 703 352
v 19307 467 226
v 19308 439 231
v 19309 638 349
v 19310 494 217
v 19311 581 283
v 19312 645 301
v 19313 297 117
v 19314 410 199
v 19319 649 339
v 19320 407 227
v 19321 572 277
v 19323 834 428
v 19326 463 245
v 19328 973 482
v 19329 362 185
v 19331 448 241
v 19335 769 392
v 19336 445 224
v 19337 378 203
v 19338 176 90
v 19345 285 163
v 19355 134 69
v 19533 253 124
v 19534 547 282
v 19535 325 198
v 19536 468 258
v 19537 318 167
v 19538 212 97
v 19539 391 216
v 19540 1545 853
v 19541 2150 1192
v 19542 3422 1819
v 19543 1799 930
v 19544 2265 1061
v 19545 123 66
v 19546 857 417
v 19547 711 359
v 19548 284 128
v 19549 2429 1393
v 19550 196 104
v 19551 212 140
v 19552 805 457
v 19553 1847 970
v 19554 932 590
v 19555 361 197
v 19556 1183 636
v 19557 1602 918
v 19558 404 232
v 19559 164 76
v 19560 2577 1386
v 19561 1908 987
v 19562 1574 862
v 19563 1057 560
v 19564 779 441
v 19565 1363 769
v 19566 1101 587
v 19567 1149 644
v 19568 1595 840
v 19569 655 306
v 19570 684 414
v 19575 1460 775
v 19576 816 412
v 19577 1322 670
v 19579 2010 1143
v 19582 832 468
v 19584 1998 1119
v 19585 681 384
v 19587 1161 641
v 19591 1907 985
v 19592 1155 574
v 19593 799 460
v 19594 345 197
v 19601 619 366
v 19611 390 203
v 19790 68 35
v 19791 30 18
v 19792 49 21
v 19793 33 17
v 19794 27 14
v 19795 22 14
v 19796 137 81
v 19797 254 134
v 19798 491 269
v 19799 204 110
v 19800 193 94
v 19801 31 12
v 19802 87 46
v 19803 82 43
v 19804 43 21
v 19805 234 110
v 19806 13 9
v 19807 35 15
v 19808 79 53
v 19809 190 100
v 19810 91 54
v 19811 30 18
v 19812 107 56
v 19813 193 110
v 19814 35 19
v 19815 18 13
v 19816 207 111
v 19817 193 92
v 19818 151 80
v 19819 80 45
v 19820 70 37
v 19821 184 101
v 19822 96 40
v 19823 155 85
v 19824 128 66
v 19825 80 48
v 19826 64 30
v 19831 96 46
v 19832 85 43
v 19833 178 96
v 19835 176 84
v 19838 94 57
v 19840 187 104
v 19841 86 50
v 19843 140 81
v 19847 210 95
v 19848 102 56
v 19849 87 43
v 19850 33 19
v 19857 63 36
v 19867 47 20
v 20047 70 44
v 20048 114 62
v 20049 67 38
v 20050 59 23
v 20051 95 50
v 20052 318 166
v 20053 525 284
v 20054 990 530
v 20055 391 190
v 20056 466 243
v 20057 34 16
v 20058 187 95
v 20059 208 106
v 20060 81 29
v 20061 541 259
v 20062 43 19
v 20063 55 33
v 20064 185 94
v 20065 445 237
v 20066 215 123
v 20067 62 37
v 20068 301 144
v 20069 338 179
v 20070 70 33
v 20071 49 27
v 20072 490 228
v 20073 479 251
v 20074 379 216
v 20075 264 124
v 20076 177 97
v 20077 305 182
v 20078 242 117
v 20079 271 143
v 20080 407 203
v 20081 143 81
v 20082 144 77
v 20087 348 186
v 20088 243 139
v 20089 348 184
v 20091 456 238
v 20094 219 99
v 20096 494 266
v 20097 178 103
v 20099 276 130
v 20103 468 234
v 20104 260 142
v 20105 172 100
v 20106 74 46
v 20113 158 86
v 20123 116 66
v 20304 77 32
v 20305 63 33
v 20306 39 15
v 20307 60 36
v 20308 208 99
v 20309 303 155
v 20310 533 234
v 20311 291 124
v 20312 281 128
v 20313 18 11
v 20314 113 57
v 20315 97 47
v 20316 52 23
v 20317 311 146
v 20318 30 17
v 20319 29 10
v 20320 131 51
v 20321 289 146
v 20322 109 43
v 20323 51 28
v 20324 188 80
v 20325 239 100
v 20326 42 25
v 20327 12 3
v 20328 324 153
v 20329 272 125
v 20330 205 93
v 20331 147 74
v 20332 94 43
v 20333 200 105
v 20334 165 72
v 20335 159 63
v 20336 269 121
v 20337 88 39
v 20338 103 44
v 20343 179 87
v 20344 125 60
v 20345 210 101
v 20347 241 123
v 20350 138 73
v 20352 293 134
v 20353 116 56
v 20355 194 87
v 20359 288 121
v 20360 155 69
v 20361 115 55
v 20362 44 21
v 20369 104 53
v 20379 54 33
v 20561 68 28
v 20562 46 20
v 20563 80 44
v 20564 255 130
v 20565 460 241
v 20566 799 393
v 20567 338 185
v 20568 351 178
v 20569 33 16
v 20570 145 67
v 20571 148 68
v 20572 55 21
v 20573 491 238
v 20574 29 14
v 20575 61 30
v 20576 141 74
v 20577 375 195
v 20578 166 87
v 20579 69 31
v 20580 234 112
v 20581 313 166
v 20582 67 35
v 20583 35 18
v 20584 429 217
v 20585 372 181
v 20586 325 147
v 20587 208 115
v 20588 143 57
v 20589 302 172
v 20590 220 103
v 20591 194 108
v 20592 250 118
v 20593 116 49
v 20594 166 82
v 20599 251 120
v 20600 166 92
v 20601 266 130
v 20603 378 200
v 20606 161 93
v 20608 340 174
v 20609 144 61
v 20611 226 100
v 20615 356 177
v 20616 221 107
v 20617 149 76
v 20618 75 41
v 20625 123 55
v 20635 58 30
v 20818 33 14
v 20819 63 39
v 20820 256 129
v 20821 325 172
v 20822 620 314
v 20823 294 147
v 20824 331 168
v 20825 20 5
v 20826 120 65
v 20827 90 48
v 20828 53 23
v 20829 312 144
v 20830 38 22
v 20831 41 21
v 20832 141 71
v 20833 321 159
v 20834 138 67
v 20835 48 21
v 20836 179 86
v 20837 196 107
v 20838 52 19
v 20839 24 8
v 20840 364 200
v 20841 267 120
v 20842 251 130
v 20843 161 72
v 20844 101 59
v 20845 192 99
v 20846 114 52
v 20847 176 96
v 20848 150 58
v 20849 86 43
v 20850 136 70
v 20855 176 79
v 20856 140 73
v 20857 171 92
v 20859 276 129
v 20862 127 60
v 20864 285 144
v 20865 124 84
v 20867 151 79
v 20871 275 128
v 20872 158 88
v 20873 107 47
v 20874 49 35
v 20881 81 42
v 20891 59 36
v 21075 51 31
v 21076 147 92
v 21077 267 146
v 21078 396 212
v 21079 160 82
v 21080 217 109
v 21081 17 9
v 21082 84 52
v 21083 86 43
v 21084 38 17
v 21085 215 128
v 21086 29 17
v 21087 27 12
v 21088 59 28
v 21089 176 90
v 21090 77 44
v 21091 28 17
v 21092 116 61
v 21093 152 84
v 21094 45 29
v 21095 17 7
v 21096 208 110
v 21097 178 84
v 21098 196 116
v 21099 118 63
v 21100 54 27
v 21101 145 88
v 21102 99 58
v 21103 125 77
v 21104 87 43
v 21105 94 54
v 21106 72 38
v 21111 138 72
v 21112 85 41
v 21113 131 65
v 21115 215 134
v 21118 94 59
v 21120 160 84
v 21121 77 47
v 21123 123 62
v 21127 169 90
v 21128 109 60
v 21129 87 42
v 21130 24 13
v 21137 63 33
v 21147 38 18
v 21332 239 109
v 21333 346 166
v 21334 673 298
v 21335 274 125
v 21336 307 139
v 21337 17 6
v 21338 122 55
v 21339 131 53
v 21340 48 12
v 21341 377 173
v 21342 35 12
v 21343 61 24
v 21344 120 60
v 21345 350 157
v 21346 306 142
v 21347 61 25
v 21348 219 88
v 21349 226 113
v 21350 73 27
v 21351 25 9
v 21352 345 164
v 21353 342 137
v 21354 255 128
v 21355 177 76
v 21356 133 63
v 21357 277 136
v 21358 191 71
v 21359 171 90
v 21360 230 108
v 21361 94 51
v 21362 111 54
v 21367 205 100
v 21368 116 50
v 21369 212 99
v 21371 313 163
v 21374 137 68
v 21376 301 133
v 21377 138 58
v 21379 188 81
v 21383 326 152
v 21384 215 105
v 21385 136 65
v 21386 59 26
v 21393 107 61
v 21403 68 28
v 21589 1454 702
v 21590 2670 1272
v 21591 1156 547
v 21592 1333 635
v 21593 82 52
v 21594 425 195
v 21595 399 177
v 21596 168 62
v 21597 1667 757
v 21598 155 84
v 21599 173 81
v 21600 563 283
v 21601 1299 650
v 21602 719 384
v 21603 243 130
v 21604 856 418
v 21605 996 501
v 21606 264 101
v 21607 89 50
v 21608 1511 683
v 21609 1172 542
v 21610 998 515
v 21611 606 292
v 21612 550 291
v 21613 892 476
v 21614 676 326
v 21615 643 308
v 21616 832 380
v 21617 374 158
v 21618 505 269
v 21623 845 413
v 21624 534 288
v 21625 777 370
v 21627 1191 611
v 21630 591 283
v 21632 1304 621
v 21633 539 297
v 21635 652 339
v 21639 1193 535
v 21640 706 349
v 21641 477 264
v 21642 238 122
v 21649 352 203
v 21659 250 108
v 21846 4067 1902
v 21847 1589 789
v 21848 1884 848
v 21849 108 45
v 21850 733 334
v 21851 735 327
v 21852 265 128
v 21853 2201 1046
v 21854 278 141
v 21855 288 130
v 21856 671 364
v 21857 1865 841
v 21858 1289 639
v 21859 333 176
v 21860 1163 565
v 21861 1338 683
v 21862 314 166
v 21863 153 69
v 21864 1878 874
v 21865 1889 927
v 21866 1487 698
v 21867 918 436
v 21868 697 366
v 21869 1412 761
v 21870 1067 505
v 21871 1071 531
v 21872 1513 709
v 21873 606 276
v 21874 733 377
v 21879 1331 635
v 21880 832 410
v 21881 1274 604
v 21883 1871 951
v 21886 796 360
v 21888 2817 1428
v 21889 658 354
v 21891 1149 590
v 21895 1875 854
v 21896 1227 545
v 21897 760 359
v 21898 351 175
v 21905 572 314
v 21915 303 147
v 22103 3134 1561
v 22104 3700 1808
v 22105 189 92
v 22106 1319 605
v 22107 1223 566
v 22108 535 228
v 22109 4118 2042
v 22110 398 225
v 22111 469 245
v 22112 1412 751
v 22113 3000 1553
v 22114 1413 820
v 22115 661 372
v 22116 2380 1125
v 22117 2671 1414
v 22118 607 303
v 22119 293 142
v 22120 4109 1895
v 22121 3488 1751
v 22122 2922 1424
v 22123 1907 932
v 22124 1026 635
v 22125 2528 1404
v 22126 1922 902
v 22127 1839 881
v 22128 2559 1205
v 22129 1040 494
v 22130 1352 692
v 22135 2428 1185
v 22136 1482 759
v 22137 2363 1123
v 22139 3451 1791
v 22142 1805 934
v 22144 3479 1789
v 22145 1456 802
v 22147 1859 984
v 22151 3302 1516
v 22152 2075 1027
v 22153 1331 668
v 22154 606 313
v 22161 1108 618
v 22171 633 309
v 22360 1466 710
v 22361 78 40
v 22362 498 242
v 22363 495 240
v 22364 212 109
v 22365 1312 751
v 22366 180 106
v 22367 197 94
v 22368 589 296
v 22369 1347 687
v 22370 543 291
v 22371 246 130
v 22372 982 513
v 22373 1201 614
v 22374 219 96
v 22375 100 55
v 22376 1666 787
v 22377 1334 688
v 22378 1171 589
v 22379 782 391
v 22380 605 342
v 22381 943 542
v 22382 728 353
v 22383 812 398
v 22384 1059 498
v 22385 421 202
v 22386 586 321
v 22391 1114 573
v 22392 740 404
v 22393 954 484
v 22395 1390 724
v 22398 817 436
v 22400 1428 736
v 22401 585 317
v 22403 802 422
v 22407 1239 579
v 22408 751 395
v 22409 512 256
v 22410 237 130
v 22417 463 264
v 22427 245 123
v 22617 100 58
v 22618 532 279
v 22619 548 284
v 22620 269 112
v 22621 2048 1040
v 22622 118 80
v 22623 233 124
v 22624 734 403
v 22625 1645 869
v 22626 606 373
v 22627 236 150
v 22628 1027 528
v 22629 1489 799
v 22630 293 154
v 22631 129 61
v 22632 1951 966
v 22633 1648 899
v 22634 1391 719
v 22635 924 463
v 22636 734 382
v 22637 1087 652
v 22638 898 459
v 22639 887 489
v 22640 1172 584
v 22641 444 219
v 22642 672 355
v 22647 1213 634
v 22648 904 503
v 22649 1055 505
v 22651 1658 910
v 22654 916 494
v 22656 1591 871
v 22657 623 364
v 22659 869 477
v 22663 1357 753
v 22664 933 508
v 22665 624 344
v 22666 255 148
v 22673 567 313
v 22683 301 146
v 22874 42 15
v 22875 37 13
v 22876 27 12
v 22877 145 78
v 22878 12 8
v 22879 14 7
v 22880 24 7
v 22881 83 47
v 22882 36 15
v 22883 17 12
v 22884 66 37
v 22885 78 45
v 22886 20 10
v 22887 8 5
v 22888 76 35
v 22889 99 43
v 22890 84 51
v 22891 42 16
v 22892 29 21
v 22893 79 45
v 22894 41 23
v 22895 37 15
v 22896 69 30
v 22897 42 21
v 22898 33 21
v 22903 75 40
v 22904 40 25
v 22905 56 17
v 22907 84 47
v 22910 45 23
v 22912 68 25
v 22913 24 11
v 22915 53 22
v 22919 94 34
v 22920 46 23
v 22921 36 25
v 22922 15 8
v 22929 26 13
v 22939 17 5
v 23131 295 149
v 23132 126 59
v 23133 659 327
v 23134 76 36
v 23135 59 34
v 23136 224 118
v 23137 609 305
v 23138 260 148
v 23139 110 62
v 23140 398 207
v 23141 427 219
v 23142 98 48
v 23143 41 24
v 23144 663 322
v 23145 683 376
v 23146 511 222
v 23147 325 182
v 23148 257 143
v 23149 468 271
v 23150 358 172
v 23151 320 155
v 23152 571 298
v 23153 235 113
v 23154 184 84
v 23159 440 215
v 23160 264 143
v 23161 440 225
v 23163 682 375
v 23166 328 173
v 23168 583 298
v 23169 275 142
v 23171 387 201
v 23175 627 313
v 23176 370 196
v 23177 259 144
v 23178 87 59
v 23185 206 120
v 23195 121 59
v 23388 131 65
v 23389 628 319
v 23390 63 41
v 23391 87 32
v 23392 236 144
v 23393 582 294
v 23394 292 173
v 23395 106 53
v 23396 439 253
v 23397 385 194
v 23398 98 42
v 23399 49 25
v 23400 614 304
v 23401 737 395
v 23402 586 285
v 23403 350 191
v 23404 170 81
v 23405 574 331
v 23406 347 174
v 23407 382 195
v 23408 591 297
v 23409 226 113
v 23410 182 92
v 23415 439 226
v 23416 249 135
v 23417 529 264
v 23419 665 364
v 23422 265 143
v 23424 566 295
v 23425 214 106
v 23427 361 186
v 23431 580 261
v 23432 415 217
v 23433 306 157
v 23434 113 61
v 23441 226 130
v 23451 102 58
v 23645 249 140
v 23646 31 17
v 23647 18 6
v 23648 102 53
v 23649 224 131
v 23650 118 61
v 23651 31 18
v 23652 159 81
v 23653 189 101
v 23654 46 25
v 23655 26 14
v 23656 272 149
v 23657 249 135
v 23658 206 127
v 23659 133 71
v 23660 98 50
v 23661 226 129
v 23662 167 88
v 23663 177 102
v 23664 225 110
v 23665 81 45
v 23666 84 41
v 23671 173 83
v 23672 139 82
v 23673 189 95
v 23675 260 141
v 23678 118 69
v 23680 254 149
v 23681 92 49
v 23683 164 90
v 23687 289 153
v 23688 149 78
v 23689 105 58
v 23690 48 25
v 23697 86 44
v 23707 45 24
v 23902 198 124
v 23903 263 120
v 23904 783 402
v 23905 1871 916
v 23906 923 518
v 23907 401 244
v 23908 1225 661
v 23909 1354 695
v 23910 403 209
v 23911 150 66
v 23912 2027 993
v 23913 1445 599
v 23914 1977 1133
v 23915 1172 610
v 23916 821 459
v 23917 1325 740
v 23918 926 471
v 23919 1038 522
v 23920 1710 863
v 23921 545 267
v 23922 753 398
v 23927 1350 687
v 23928 935 509
v 23929 1034 448
v 23931 1869 983
v 23934 1013 555
v 23936 1913 957
v 23937 751 374
v 23939 1012 516
v 23943 1824 849
v 23944 1102 558
v 23945 722 367
v 23946 363 177
v 23953 635 365
v 23963 378 185
v 24159 16 10
v 24160 64 25
v 24161 182 80
v 24162 76 46
v 24163 29 13
v 24164 116 58
v 24165 171 85
v 24166 24 10
v 24167 12 7
v 24168 231 95
v 24169 203 91
v 24170 153 69
v 24171 92 39
v 24172 81 39
v 24173 134 60
v 24174 133 58
v 24175 99 45
v 24176 156 77
v 24177 60 18
v 24178 56 22
v 24183 136 57
v 24184 79 29
v 24185 108 45
v 24187 195 95
v 24190 77 33
v 24192 180 79
v 24193 49 17
v 24195 114 50
v 24199 173 80
v 24200 101 48
v 24201 62 27
v 24202 23 8
v 24209 58 39
v 24219 29 16
v 24416 70 41
v 24417 240 119
v 24418 89 43
v 24419 32 19
v 24420 179 81
v 24421 148 74
v 24422 49 22
v 24423 20 9
v 24424 297 167
v 24425 167 74
v 24426 166 100
v 24427 122 60
v 24428 86 48
v 24429 127 66
v 24430 128 59
v 24431 97 46
v 24432 127 69
v 24433 68 26
v 24434 80 42
v 24439 145 68
v 24440 90 44
v 24441 134 60
v 24443 171 88
v 24446 88 47
v 24448 227 118
v 24449 114 51
v 24451 94 50
v 24455 234 123
v 24456 161 95
v 24457 86 37
v 24458 46 21
v 24465 67 39
v 24475 48 25
v 24673 613 294
v 24674 307 153
v 24675 114 55
v 24676 409 198
v 24677 525 261
v 24678 108 54
v 24679 46 28
v 24680 743 351
v 24681 665 315
v 24682 573 254
v 24683 333 154
v 24684 296 148
v 24685 408 215
v 24686 351 168
v 24687 347 154
v 24688 421 190
v 24689 193 96
v 24690 237 113
v 24695 461 208
v 24696 289 150
v 24697 414 182
v 24699 589 289
v 24702 301 162
v 24704 691 318
v 24705 327 162
v 24707 375 182
v 24711 668 331
v 24712 374 176
v 24713 226 125
v 24714 115 51
v 24721 205 116
v 24731 106 55
v 24930 741 397
v 24931 305 162
v 24932 1035 544
v 24933 1140 607
v 24934 274 146
v 24935 124 58
v 24936 1792 904
v 24937 1585 790
v 24938 1307 642
v 24939 848 412
v 24940 599 313
v 24941 1137 622
v 24942 823 410
v 24943 898 459
v 24944 1141 537
v 24945 508 261
v 24946 561 298
v 24951 1050 503
v 24952 718 373
v 24953 1132 525
v 24955 1599 876
v 24958 790 399
v 24960 1610 838
v 24961 684 345
v 24963 929 481
v 24967 1710 822
v 24968 963 501
v 24969 614 312
v 24970 254 118
v 24977 566 301
v 24987 287 144
v 25187 149 81
v 25188 633 300
v 25189 388 173
v 25190 150 63
v 25191 79 35
v 25192 756 355
v 25193 693 329
v 25194 625 271
v 25195 462 210
v 25196 316 156
v 25197 473 254
v 25198 403 179
v 25199 379 180
v 25200 648 308
v 25201 232 105
v 25202 313 146
v 25207 548 256
v 25208 318 171
v 25209 301 122
v 25211 828 431
v 25214 354 161
v 25216 762 346
v 25217 328 160
v 25219 407 186
v 25223 738 327
v 25224 438 223
v 25225 341 131
v 25226 149 65
v 25233 220 109
v 25243 162 78
v 25444 202 97
v 25445 216 111
v 25446 42 18
v 25447 25 7
v 25448 334 143
v 25449 306 139
v 25450 200 91
v 25451 135 68
v 25452 137 61
v 25453 197 107
v 25454 158 69
v 25455 167 81
v 25456 190 76
v 25457 84 32
v 25458 90 49
v 25463 197 77
v 25464 112 55
v 25465 196 80
v 25467 218 101
v 25470 135 60
v 25472 319 145
v 25473 132 57
v 25475 167 80
v 25479 267 121
v 25480 148 61
v 25481 132 53
v 25482 44 20
v 25489 91 56
v 25499 38 20
v 25701 796 422
v 25702 160 85
v 25703 81 42
v 25704 1018 537
v 25705 1069 495
v 25706 879 405
v 25707 543 251
v 25708 446 197
v 25709 862 452
v 25710 632 271
v 25711 571 281
v 25712 792 347
v 25713 305 152
v 25714 419 214
v 25719 713 332
v 25720 504 260
v 25721 643 310
v 25723 1001 508
v 25726 510 259
v 25728 1168 573
v 25729 516 278
v 25731 655 319
v 25735 1157 531
v 25736 562 277
v 25737 386 186
v 25738 203 105
v 25745 343 193
v 25755 201 96
v 25958 242 110
v 25959 111 60
v 25960 1290 609
v 25961 1145 534
v 25962 1023 531
v 25963 651 315
v 25964 541 285
v 25965 802 416
v 25966 643 323
v 25967 655 320
v 25968 844 414
v 25969 380 170
v 25970 469 225
v 25975 901 415
v 25976 602 325
v 25977 751 346
v 25979 1270 664
v 25982 601 291
v 25984 1255 628
v 25985 547 299
v 25987 669 330
v 25991 1209 572
v 25992 715 363
v 25993 483 223
v 25994 165 79
v 26001 397 219
v 26011 240 104
v 26215 18 11
v 26216 308 146
v 26217 278 125
v 26218 176 98
v 26219 122 66
v 26220 102 57
v 26221 233 125
v 26222 164 83
v 26223 155 77
v 26224 195 102
v 26225 107 47
v 26226 121 62
v 26231 176 84
v 26232 136 72
v 26233 211 102
v 26235 247 135
v 26238 126 72
v 26240 249 129
v 26241 99 57
v 26243 134 78
v 26247 329 153
v 26248 145 80
v 26249 114 55
v 26250 58 33
v 26257 73 48
v 26267 46 21
v 26472 154 70
v 26473 116 56
v 26474 92 55
v 26475 61 31
v 26476 42 28
v 26477 86 47
v 26478 61 32
v 26479 64 33
v 26480 105 52
v 26481 44 23
v 26482 43 30
v 26487 82 43
v 26488 36 19
v 26489 89 46
v 26491 139 78
v 26494 63 39
v 26496 137 69
v 26497 48 23
v 26499 75 45
v 26503 119 68
v 26504 62 31
v 26505 57 25
v 26506 29 14
v 26513 37 22
v 26523 33 19
v 26729 1525 733
v 26730 1346 737
v 26731 977 517
v 26732 797 467
v 26733 1152 673
v 26734 1073 554
v 26735 598 294
v 26736 819 347
v 26737 544 261
v 26738 786 408
v 26743 1302 671
v 26744 823 466
v 26745 1161 586
v 26747 1704 918
v 26750 835 435
v 26752 1768 914
v 26753 785 436
v 26755 658 321
v 26759 2018 896
v 26760 1011 538
v 26761 706 364
v 26762 269 148
v 26769 537 305
v 26779 316 174
v 26986 1294 707
v 26987 828 426
v 26988 610 321
v 26989 1070 614
v 26990 892 442
v 26991 1040 506
v 26992 1464 741
v 26993 545 259
v 26994 466 283
v 26999 1130 601
v 27000 785 438
v 27001 1160 535
v 27003 1701 925
v 27006 714 380
v 27008 1576 796
v 27009 612 332
v 27011 980 478
v 27015 1608 782
v 27016 906 494
v 27017 692 333
v 27018 249 130
v 27025 502 267
v 27035 348 174
v 27243 821 406
v 27244 540 280
v 27245 961 528
v 27246 608 289
v 27247 546 227
v 27248 1118 514
v 27249 371 176
v 27250 605 276
v 27255 961 447
v 27256 702 388
v 27257 778 344
v 27259 1467 801
v 27262 723 388
v 27264 1324 675
v 27265 532 291
v 27267 793 421
v 27271 1280 624
v 27272 806 433
v 27273 545 281
v 27274 237 118
v 27281 441 225
v 27291 258 128
v 27500 386 210
v 27501 654 382
v 27502 453 249
v 27503 431 206
v 27504 671 327
v 27505 246 117
v 27506 365 184
v 27511 617 293
v 27512 399 230
v 27513 555 275
v 27515 882 508
v 27518 419 232
v 27520 874 448
v 27521 381 225
v 27523 484 261
v 27527 894 441
v 27528 484 244
v 27529 366 185
v 27530 161 91
v 27537 287 158
v 27547 192 112
v 27757 393 198
v 27758 375 164
v 27759 307 143
v 27760 468 219
v 27761 158 84
v 27762 252 124
v 27767 519 228
v 27768 312 150
v 27769 420 197
v 27771 622 315
v 27774 322 161
v 27776 704 339
v 27777 288 142
v 27779 330 150
v 27783 670 292
v 27784 333 167
v 27785 246 127
v 27786 120 55
v 27793 185 103
v 27803 125 58
v 28014 567 217
v 28015 753 314
v 28016 696 273
v 28017 393 173
v 28018 410 197
v 28023 809 357
v 28024 543 271
v 28025 756 294
v 28027 1158 551
v 28030 540 269
v 28032 1085 481
v 28033 419 215
v 28035 744 326
v 28039 1206 567
v 28040 816 394
v 28041 454 190
v 28042 272 122
v 28049 405 217
v 28059 221 106
v 28271 434 198
v 28272 730 413
v 28273 304 158
v 28274 267 159
v 28279 628 321
v 28280 351 208
v 28281 567 292
v 28283 898 495
v 28286 387 174
v 28288 1641 825
v 28289 322 190
v 28291 498 257
v 28295 858 444
v 28296 562 286
v 28297 350 180
v 28298 157 80
v 28305 300 187
v 28315 150 85
v 28528 689 327
v 28529 342 177
v 28530 278 145
v 28535 661 312
v 28536 510 250
v 28537 640 307
v 28539 870 446
v 28542 469 249
v 28544 794 425
v 28545 327 180
v 28547 528 271
v 28551 923 436
v 28552 572 272
v 28553 339 170
v 28554 131 79
v 28561 304 174
v 28571 174 95
v 28785 431 214
v 28786 378 202
v 28791 917 463
v 28792 449 264
v 28793 894 449
v 28795 1251 672
v 28798 575 290
v 28800 1186 621
v 28801 426 251
v 28803 792 423
v 28807 1203 624
v 28808 696 401
v 28809 515 269
v 28810 360 186
v 28817 434 237
v 28827 263 138
v 29042 160 76
v 29047 329 168
v 29048 238 143
v 29049 383 204
v 29051 492 295
v 29054 259 129
v 29056 507 264
v 29057 193 113
v 29059 331 168
v 29063 542 271
v 29064 296 157
v 29065 227 103
v 29066 76 43
v 29073 172 94
v 29083 96 56
v 29303 395 195
v 29304 292 160
v 29305 372 184
v 29307 523 255
v 29310 336 173
v 29312 604 297
v 29313 243 120
v 29315 310 147
v 29319 572 263
v 29320 378 205
v 29321 238 120
v 29322 117 56
v 29329 193 104
v 29339 124 57
v 30584 605 323
v 30585 765 396
v 30587 1405 752
v 30590 552 295
v 30592 1094 534
v 30593 414 208
v 30595 699 353
v 30599 1120 578
v 30600 590 329
v 30601 383 196
v 30602 186 95
v 30609 377 204
v 30619 239 115
v 30841 389 167
v 30843 721 341
v 30846 376 178
v 30848 813 388
v 30849 347 168
v 30851 436 206
v 30855 729 319
v 30856 414 218
v 30857 318 153
v 30858 113 58
v 30865 233 124
v 30875 155 75
v 31099 1125 591
v 31102 526 295
v 31104 1037 556
v 31105 430 218
v 31107 655 325
v 31111 1026 500
v 31112 623 325
v 31113 395 206
v 31114 170 88
v 31121 340 195
v 31131 163 86
v 31614 803 373
v 31616 1581 759
v 31617 630 300
v 31619 1032 485
v 31623 1653 713
v 31624 964 452
v 31625 656 315
v 31626 289 139
v 31633 555 286
v 31643 324 149
v 32384 829 426
v 32385 402 235
v 32387 431 205
v 32391 826 387
v 32392 430 219
v 32393 306 154
v 32394 125 69
v 32401 276 149
v 32411 160 76
v 32897 762 357
v 32899 888 457
v 32903 1685 788
v 32904 959 480
v 32905 600 292
v 32906 289 156
v 32913 510 275
v 32923 325 152
v 33155 364 180
v 33159 696 329
v 33160 391 195
v 33161 243 116
v 33162 111 50
v 33169 222 121
v 33179 123 66
v 33671 932 456
v 33672 555 284
v 33673 372 187
v 33674 159 80
v 33681 310 136
v 33691 204 96
v 34696 949 503
v 34697 614 334
v 34698 269 135
v 34705 500 275
v 34715 305 150
v 34953 403 206
v 34954 175 83
v 34961 297 150
v 34971 182 81
v 35210 102 59
v 35217 229 120
v 35227 111 56
v 35473 117 65
v 35483 70 33
v 37275 124 59
s 258 1800 930
s 259 396 215
s 260 58 25
s 261 1286 645
s 262 176 76
s 263 1678 871
s 264 116 54
s 265 1727 884
s 266 42 15
s 267 549 223
s 268 69 32
s 269 416 193
s 270 3344 1696
s 271 503 266
s 272 288 148
s 273 699 337
s 274 106 44
s 275 678 299
s 276 641 342
s 277 1847 888
s 278 1189 570
s 279 493 269
s 281 1602 734
s 282 2511 1180
s 283 1583 789
s 284 561 261
s 285 1837 899
s 286 1398 735
s 287 1516 809
s 288 275 146
s 289 541 296
s 290 554 269
s 291 1009 476
s 292 1284 635
s 293 509 256
s 294 263 137
s 295 1002 483
s 296 469 233
s 297 53 20
s 298 614 364
s 299 713 359
s 300 60 22
s 301 462 274
s 302 120 49
s 303 587 304
s 304 130 65
s 305 1891 1027
s 306 644 360
s 307 352 187
s 308 279 151
s 309 470 220
s 310 118 63
s 311 876 447
s 312 144 69
s 313 235 129
s 314 317 147
s 315 398 169
s 316 1216 676
s 317 200 112
s 318 1185 696
s 319 316 151
s 320 634 306
s 321 115 44
s 322 42 19
s 323 64 29
s 324 904 438
s 325 836 411
s 326 102 54
s 327 1974 1003
s 328 310 156
s 329 154 81
s 330 2406 1304
s 331 853 444
s 332 1763 964
s 333 190 99
s 334 422 214
s 335 267 108
s 336 112 59
s 337 180 92
s 338 157 87
s 339 311 150
s 340 1063 530
s 341 1729 874
s 342 3150 1618
s 343 1273 640
s 344 1494 786
s 345 15 8
s 346 584 311
s 347 467 246
s 348 267 138
s 349 484 242
s 350 38 15
s 351 32 15
s 352 552 270
s 353 1469 737
s 354 582 254
s 355 275 123
s 356 799 388
s 357 1104 532
s 358 271 131
s 359 103 55
s 360 1674 856
s 361 1661 881
s 362 1203 584
s 363 771 382
s 364 571 278
s 365 98 34
s 366 848 458
s 367 840 443
s 368 1301 727
s 369 438 258
s 370 285 147
s 375 1042 542
s 376 621 292
s 377 1152 620
s 379 1521 737
s 382 713 339
s 384 1475 736
s 385 556 288
s 387 880 438
s 391 1448 783
s 392 885 444
s 393 576 292
s 394 77 37
s 401 194 83
s 411 280 149
s 515 403 191
s 516 229 108
s 517 1725 846
s 518 2356 1018
s 519 1498 702
s 520 2431 1277
s 521 2289 1146
s 522 637 299
s 523 1047 405
s 524 1779 935
s 525 560 267
s 526 2981 1442
s 527 379 183
s 528 152 61
s 529 910 422
s 530 1744 908
s 531 969 414
s 532 883 453
s 533 2391 1129
s 534 1668 847
s 535 257 129
s 537 1967 884
s 538 3153 1491
s 539 1933 935
s 540 128 60
s 541 239 91
s 542 1909 981
s 543 1764 918
s 544 509 266
s 545 173 91
s 546 683 340
s 547 1470 702
s 548 1385 676
s 549 628 317
s 550 66 33
s 551 1269 588
s 552 602 293
s 553 781 372
s 554 456 235
s 555 522 266
s 556 880 446
s 557 541 285
s 558 595 276
s 559 543 248
s 560 2084 998
s 561 1053 536
s 562 846 441
s 563 388 178
s 564 383 207
s 565 1146 505
s 566 2218 1154
s 567 112 50
s 568 538 273
s 569 172 94
s 570 308 144
s 571 392 188
s 572 147 82
s 573 188 86
s 574 1298 692
s 575 500 250
s 576 799 364
s 577 91 40
s 578 51 25
s 579 1043 536
s 580 1160 569
s 581 157 67
s 582 883 421
s 583 1835 865
s 584 474 225
s 585 205 95
s 586 3087 1561
s 587 1119 582
s 588 2096 1118
s 589 39 22
s 590 65 32
s 591 300 123
s 592 351 176
s 593 153 70
s 594 204 116
s 595 342 159
s 596 1181 570
s 597 1551 764
s 598 3752 1839
s 599 1705 839
s 600 1583 820
s 601 100 52
s 602 630 304
s 603 561 294
s 604 160 82
s 605 2108 1057
s 606 200 92
s 607 230 116
s 608 57 22
s 609 823 391
s 610 157 59
s 611 41 16
s 612 999 465
s 613 1643 784
s 614 251 130
s 615 91 41
s 616 239 110
s 617 1640 805
s 618 1351 640
s 619 781 422
s 620 70 18
s 621 1250 560
s 622 904 463
s 623 937 477
s 624 1286 637
s 625 584 313
s 626 634 282
s 631 1240 605
s 632 566 245
s 633 1090 564
s 635 1926 925
s 638 789 366
s 640 1728 834
s 641 101 53
s 643 976 474
s 647 274 139
s 648 850 412
s 649 229 101
s 650 381 187
s 657 558 255
s 667 166 74
s 772 52 28
s 773 123 66
s 774 403 187
s 775 403 208
s 776 466 239
s 777 412 196
s 778 127 57
s 779 232 89
s 780 361 201
s 781 127 63
s 782 687 343
s 783 124 71
s 784 71 45
s 785 202 114
s 786 458 245
s 787 252 124
s 788 128 59
s 789 443 222
s 790 223 114
s 791 111 60
s 793 373 184
s 794 299 157
s 795 163 83
s 796 139 71
s 797 440 235
s 798 145 78
s 799 119 62
s 800 90 51
s 801 125 76
s 802 147 71
s 803 244 113
s 804 380 185
s 805 37 18
s 806 67 34
s 807 206 104
s 808 61 28
s 809 132 73
s 810 210 120
s 811 179 86
s 812 189 98
s 813 58 33
s 814 115 52
s 815 120 65
s 816 515 249
s 817 549 286
s 818 53 31
s 819 62 39
s 820 88 53
s 821 222 109
s 822 510 265
s 823 231 129
s 824 103 53
s 825 58 32
s 826 52 27
s 827 105 50
s 828 311 155
s 829 68 37
s 830 228 136
s 831 93 45
s 832 78 38
s 833 27 10
s 834 6 3
s 835 221 126
s 836 96 40
s 837 223 104
s 838 224 116
s 839 324 171
s 840 85 43
s 841 41 16
s 842 660 353
s 843 99 51
s 844 462 263
s 845 57 32
s 846 154 94
s 847 24 9
s 848 82 40
s 849 70 32
s 850 46 31
s 851 39 17
s 852 172 91
s 853 282 128
s 854 539 267
s 855 123 69
s 856 285 155
s 857 28 18
s 858 152 75
s 859 104 63
s 860 59 33
s 861 419 227
s 862 52 24
s 863 58 26
s 864 177 76
s 865 360 194
s 866 186 69
s 867 50 31
s 868 137 71
s 869 184 93
s 870 40 15
s 871 20 9
s 872 346 166
s 873 239 140
s 874 349 182
s 875 194 106
s 876 136 77
s 877 283 137
s 878 177 93
s 879 84 41
s 880 132 70
s 881 110 59
s 882 131 76
s 887 154 86
s 888 192 92
s 889 181 104
s 891 209 103
s 894 172 87
s 896 294 142
s 897 171 80
s 899 93 42
s 903 447 256
s 904 152 74
s 905 148 82
s 906 77 23
s 913 158 67
s 923 64 30
s 1029 193 91
s 1030 85 45
s 1031 222 116
s 1032 90 54
s 1033 225 112
s 1034 26 9
s 1035 72 29
s 1036 54 28
s 1037 45 21
s 1038 418 211
s 1039 79 38
s 1040 30 17
s 1041 89 43
s 1042 76 45
s 1043 108 52
s 1044 102 52
s 1045 264 134
s 1046 207 115
s 1047 80 45
s 1049 183 81
s 1050 373 186
s 1051 264 143
s 1052 65 33
s 1053 202 86
s 1054 179 93
s 1055 181 91
s 1056 49 27
s 1057 72 44
s 1058 62 38
s 1059 127 58
s 1060 201 90
s 1061 64 31
s 1062 18 8
s 1063 136 65
s 1064 70 32
s 1065 30 12
s 1066 97 51
s 1067 87 41
s 1068 36 16
s 1069 73 34
s 1070 26 11
s 1071 66 37
s 1072 89 49
s 1073 211 109
s 1074 57 31
s 1075 61 34
s 1076 34 17
s 1077 97 40
s 1078 74 38
s 1079 89 52
s 1080 27 14
s 1081 30 20
s 1082 24 13
s 1083 62 22
s 1084 126 75
s 1085 19 10
s 1086 162 86
s 1087 49 23
s 1088 84 46
s 1089 18 10
s 1090 2 1
s 1091 39 22
s 1092 104 52
s 1093 112 54
s 1094 50 30
s 1095 250 160
s 1096 42 17
s 1097 22 11
s 1098 319 157
s 1099 144 74
s 1100 196 99
s 1101 18 10
s 1102 50 26
s 1103 24 14
s 1104 23 13
s 1105 24 12
s 1106 19 8
s 1107 32 12
s 1108 150 83
s 1109 231 118
s 1110 436 226
s 1111 187 98
s 1112 170 93
s 1113 2 1
s 1114 57 26
s 1115 65 33
s 1116 21 10
s 1117 112 60
s 1118 8 3
s 1119 9 5
s 1120 63 34
s 1121 160 87
s 1122 78 37
s 1123 34 18
s 1124 112 56
s 1125 142 69
s 1126 41 22
s 1127 11 7
s 1128 184 101
s 1129 161 89
s 1130 123 74
s 1131 100 49
s 1132 83 43
s 1133 42 20
s 1134 125 65
s 1135 101 60
s 1136 123 52
s 1137 52 30
s 1138 42 21
s 1143 119 63
s 1144 69 31
s 1145 140 72
s 1147 182 92
s 1150 76 41
s 1152 195 102
s 1153 86 52
s 1155 97 50
s 1159 168 85
s 1160 95 53
s 1161 55 28
s 1162 24 14
s 1169 27 16
s 1179 38 16
s 1286 1719 774
s 1287 1437 737
s 1288 2417 1333
s 1289 1183 607
s 1290 438 197
s 1291 761 337
s 1292 1356 708
s 1293 470 233
s 1294 2571 1339
s 1295 659 326
s 1296 275 117
s 1297 865 426
s 1298 1425 715
s 1299 901 396
s 1300 642 316
s 1301 1888 927
s 1302 977 463
s 1303 462 235
s 1305 1492 697
s 1306 1167 544
s 1307 595 311
s 1308 615 294
s 1309 1915 902
s 1310 485 260
s 1311 430 202
s 1312 474 279
s 1313 477 265
s 1314 477 241
s 1315 1087 527
s 1316 1751 837
s 1317 153 79
s 1318 205 99
s 1319 1007 471
s 1320 248 105
s 1321 662 319
s 1322 1029 546
s 1323 695 359
s 1324 674 342
s 1325 230 130
s 1326 477 198
s 1327 609 297
s 1328 1417 741
s 1329 1846 975
s 1330 140 76
s 1331 238 116
s 1332 274 143
s 1333 854 374
s 1334 1798 920
s 1335 876 432
s 1336 412 212
s 1337 143 62
s 1338 171 84
s 1339 397 202
s 1340 1134 597
s 1341 144 62
s 1342 969 549
s 1343 337 180
s 1344 248 117
s 1345 84 45
s 1346 16 10
s 1347 905 499
s 1348 345 170
s 1349 947 506
s 1350 797 409
s 1351 1512 763
s 1352 302 151
s 1353 184 74
s 1354 2113 1072
s 1355 514 274
s 1356 1859 1021
s 1357 168 82
s 1358 397 210
s 1359 114 53
s 1360 316 167
s 1361 262 139
s 1362 145 85
s 1363 133 62
s 1364 662 318
s 1365 1098 537
s 1366 2126 1068
s 1367 442 223
s 1368 1257 667
s 1369 74 36
s 1370 397 200
s 1371 255 134
s 1372 180 99
s 1373 1927 985
s 1374 157 74
s 1375 196 96
s 1376 645 294
s 1377 1250 643
s 1378 664 315
s 1379 264 111
s 1380 549 286
s 1381 791 376
s 1382 158 89
s 1383 80 37
s 1384 1655 891
s 1385 707 375
s 1386 1258 601
s 1387 711 377
s 1388 687 297
s 1389 988 451
s 1390 600 298
s 1391 246 113
s 1392 341 158
s 1393 352 196
s 1394 645 313
s 1399 555 282
s 1400 649 294
s 1401 394 202
s 1403 805 373
s 1406 771 414
s 1408 1058 561
s 1409 615 297
s 1411 286 132
s 1415 1427 780
s 1416 641 320
s 1417 569 256
s 1418 242 117
s 1425 464 202
s 1435 192 92
s 1543 2474 1085
s 1544 71 28
s 1545 2284 1032
s 1546 23 7
s 1547 619 212
s 1548 53 23
s 1549 610 273
s 1550 4831 2231
s 1551 712 305
s 1552 362 150
s 1553 921 418
s 1554 85 46
s 1555 912 310
s 1556 965 443
s 1557 2103 849
s 1558 1610 683
s 1559 636 279
s 1561 2015 770
s 1562 3233 1313
s 1563 2043 940
s 1564 825 331
s 1565 2827 1145
s 1566 1826 812
s 1567 1676 760
s 1568 413 199
s 1569 678 354
s 1570 700 330
s 1571 1103 455
s 1572 2006 929
s 1573 588 221
s 1574 258 118
s 1575 1344 550
s 1576 589 240
s 1577 80 36
s 1578 1018 497
s 1579 925 389
s 1580 40 15
s 1581 589 253
s 1582 113 44
s 1583 764 308
s 1584 77 29
s 1585 2577 1182
s 1586 632 307
s 1587 672 283
s 1588 373 180
s 1589 603 223
s 1590 78 30
s 1591 1205 556
s 1592 150 70
s 1593 330 177
s 1594 371 161
s 1595 541 228
s 1596 1647 756
s 1597 217 83
s 1598 1587 768
s 1599 361 152
s 1600 870 328
s 1601 138 59
s 1602 67 32
s 1603 44 21
s 1604 1121 419
s 1605 1210 528
s 1606 100 39
s 1607 2699 1228
s 1608 338 148
s 1609 189 76
s 1610 3006 1382
s 1611 1067 439
s 1612 2428 1158
s 1613 223 102
s 1614 572 266
s 1615 332 129
s 1616 127 52
s 1617 238 96
s 1618 188 90
s 1619 570 250
s 1620 1975 835
s 1621 3006 1292
s 1622 3929 1726
s 1623 1604 688
s 1624 2256 1011
s 1625 12 5
s 1626 695 322
s 1627 545 256
s 1628 319 157
s 1629 635 295
s 1630 19 9
s 1631 37 21
s 1632 951 378
s 1633 1844 818
s 1634 862 312
s 1635 306 122
s 1636 1655 712
s 1637 1439 597
s 1638 410 207
s 1639 190 88
s 1640 2242 1023
s 1641 1775 786
s 1642 1674 745
s 1643 1076 466
s 1644 928 341
s 1645 60 24
s 1646 1060 458
s 1647 1051 489
s 1648 1340 616
s 1649 586 261
s 1650 350 169
s 1655 1335 602
s 1656 912 368
s 1657 1058 477
s 1659 1883 735
s 1662 974 430
s 1664 1861 810
s 1665 833 327
s 1667 1004 405
s 1671 1901 897
s 1672 1197 527
s 1673 897 420
s 1674 89 35
s 1681 252 92
s 1691 346 156
s 1800 2245 1246
s 1801 1758 915
s 1802 650 329
s 1803 953 383
s 1804 2248 1263
s 1805 420 198
s 1806 3048 1574
s 1807 818 450
s 1808 239 111
s 1809 653 303
s 1810 1678 868
s 1811 991 443
s 1812 1001 531
s 1813 2456 1236
s 1814 1293 648
s 1815 421 206
s 1817 1502 703
s 1818 2699 1291
s 1819 1824 920
s 1820 520 263
s 1821 1609 752
s 1822 1527 773
s 1823 1530 783
s 1824 429 244
s 1825 608 334
s 1826 518 258
s 1827 1150 571
s 1828 1858 926
s 1829 588 265
s 1830 226 122
s 1831 996 476
s 1832 521 252
s 1833 768 377
s 1834 913 517
s 1835 771 397
s 1836 881 462
s 1837 445 252
s 1838 620 296
s 1839 662 338
s 1840 2278 1144
s 1841 1695 912
s 1842 621 329
s 1843 350 171
s 1844 299 161
s 1845 1071 485
s 1846 2139 1116
s 1847 980 516
s 1848 540 301
s 1849 257 153
s 1850 311 166
s 1851 393 177
s 1852 1056 579
s 1853 227 121
s 1854 1041 620
s 1855 496 252
s 1856 743 320
s 1857 106 52
s 1858 56 25
s 1859 1094 610
s 1860 1157 580
s 1861 820 396
s 1862 954 478
s 1863 1507 815
s 1864 421 200
s 1865 233 108
s 1866 2233 1136
s 1867 1014 518
s 1868 1559 893
s 1869 150 82
s 1870 372 202
s 1871 300 132
s 1872 415 207
s 1873 273 141
s 1874 177 100
s 1875 327 160
s 1876 1177 608
s 1877 1795 905
s 1878 3228 1675
s 1879 1433 749
s 1880 1345 738
s 1881 94 52
s 1882 521 258
s 1883 592 303
s 1884 194 114
s 1885 2053 1079
s 1886 220 114
s 1887 241 135
s 1888 498 237
s 1889 1372 646
s 1890 672 317
s 1891 249 122
s 1892 951 493
s 1893 1133 570
s 1894 298 153
s 1895 118 62
s 1896 1454 755
s 1897 1492 728
s 1898 1072 535
s 1899 641 331
s 1900 560 254
s 1901 1418 656
s 1902 914 495
s 1903 918 459
s 1904 1251 687
s 1905 390 216
s 1906 573 271
s 1911 1019 533
s 1912 577 247
s 1913 960 488
s 1915 1444 711
s 1918 693 323
s 1920 1568 765
s 1921 571 285
s 1923 920 476
s 1927 1400 751
s 1928 783 392
s 1929 477 238
s 1930 326 152
s 1937 524 239
s 1947 257 134
s 2057 2494 1363
s 2058 38 11
s 2059 597 256
s 2060 19 9
s 2061 678 366
s 2062 4441 2372
s 2063 857 457
s 2064 409 221
s 2065 1043 549
s 2066 59 26
s 2067 829 380
s 2068 877 491
s 2069 2385 1216
s 2070 1815 950
s 2071 640 328
s 2073 2346 1223
s 2074 3919 2078
s 2075 2553 1354
s 2076 810 395
s 2077 2771 1425
s 2078 2151 1117
s 2079 2331 1325
s 2080 460 260
s 2081 735 438
s 2082 751 393
s 2083 1471 712
s 2084 2030 1022
s 2085 592 313
s 2086 247 126
s 2087 1522 766
s 2088 715 356
s 2089 52 22
s 2090 933 539
s 2091 1080 596
s 2092 57 21
s 2093 635 350
s 2094 124 55
s 2095 851 465
s 2096 62 30
s 2097 2481 1418
s 2098 611 335
s 2099 495 276
s 2100 399 219
s 2101 738 322
s 2102 30 14
s 2103 1261 684
s 2104 176 93
s 2105 269 154
s 2106 436 219
s 2107 586 291
s 2108 1622 887
s 2109 181 91
s 2110 1736 1028
s 2111 397 186
s 2112 895 449
s 2113 131 73
s 2114 42 18
s 2115 28 10
s 2116 1198 636
s 2117 1245 655
s 2118 95 43
s 2119 2736 1498
s 2120 417 225
s 2121 192 94
s 2122 3048 1691
s 2123 1273 667
s 2124 2625 1519
s 2125 217 118
s 2126 522 304
s 2127 339 165
s 2128 110 55
s 2129 261 134
s 2130 177 101
s 2131 346 185
s 2132 1608 862
s 2133 2125 1124
s 2134 4333 2341
s 2135 1872 1012
s 2136 2179 1234
s 2137 17 9
s 2138 671 369
s 2139 436 238
s 2140 285 161
s 2141 573 288
s 2142 23 10
s 2143 33 15
s 2144 829 433
s 2145 2293 1304
s 2146 927 456
s 2147 323 162
s 2148 1011 522
s 2149 1728 905
s 2150 289 150
s 2151 146 79
s 2152 2369 1311
s 2153 1765 973
s 2154 1651 914
s 2155 1062 609
s 2156 929 470
s 2157 43 20
s 2158 1020 576
s 2159 1044 554
s 2160 1371 743
s 2161 534 295
s 2162 331 168
s 2167 1507 813
s 2168 880 430
s 2169 1464 807
s 2171 1938 1002
s 2174 994 542
s 2176 2062 1067
s 2177 846 443
s 2179 1017 530
s 2183 1947 1093
s 2184 966 518
s 2185 799 414
s 2186 105 48
s 2193 214 109
s 2203 323 169
s 2314 613 306
s 2315 955 364
s 2316 1761 892
s 2317 622 310
s 2318 2802 1418
s 2319 809 403
s 2320 327 162
s 2321 1006 498
s 2322 1980 1054
s 2323 1215 539
s 2324 793 406
s 2325 2087 1033
s 2326 1003 498
s 2327 595 292
s 2329 1906 854
s 2330 1953 961
s 2331 1349 727
s 2332 729 337
s 2333 2566 1207
s 2334 1002 478
s 2335 1040 551
s 2336 546 266
s 2337 574 339
s 2338 609 315
s 2339 1215 602
s 2340 2072 1039
s 2341 348 174
s 2342 274 127
s 2343 1271 616
s 2344 331 164
s 2345 840 451
s 2346 1370 723
s 2347 853 430
s 2348 796 401
s 2349 319 148
s 2350 558 232
s 2351 723 363
s 2352 2101 1047
s 2353 2981 1626
s 2354 370 187
s 2355 319 159
s 2356 365 212
s 2357 1057 489
s 2358 2428 1283
s 2359 1052 538
s 2360 507 261
s 2361 201 94
s 2362 277 141
s 2363 494 228
s 2364 1504 748
s 2365 201 98
s 2366 775 401
s 2367 320 160
s 2368 490 227
s 2369 108 59
s 2370 26 12
s 2371 1192 651
s 2372 598 274
s 2373 1264 638
s 2374 921 442
s 2375 1399 715
s 2376 310 156
s 2377 216 97
s 2378 2486 1251
s 2379 601 300
s 2380 2536 1399
s 2381 228 122
s 2382 605 320
s 2383 232 102
s 2384 428 215
s 2385 344 160
s 2386 198 104
s 2387 248 114
s 2388 1024 500
s 2389 1517 729
s 2390 2117 1106
s 2391 1023 519
s 2392 1294 657
s 2393 102 53
s 2394 551 297
s 2395 428 233
s 2396 223 120
s 2397 2365 1192
s 2398 217 87
s 2399 252 142
s 2400 851 402
s 2401 1380 699
s 2402 896 397
s 2403 290 147
s 2404 725 398
s 2405 824 400
s 2406 222 112
s 2407 114 64
s 2408 1984 1045
s 2409 957 473
s 2410 1771 889
s 2411 810 416
s 2412 823 396
s 2413 1242 567
s 2414 602 324
s 2415 598 294
s 2416 869 436
s 2417 506 288
s 2418 675 311
s 2423 809 409
s 2424 842 410
s 2425 563 273
s 2427 1046 483
s 2430 927 455
s 2432 1238 611
s 2433 699 328
s 2435 602 291
s 2439 1714 886
s 2440 806 402
s 2441 789 405
s 2442 288 118
s 2449 572 252
s 2459 307 135
s 2571 185 72
s 2572 21 12
s 2573 166 78
s 2574 1156 595
s 2575 165 72
s 2576 98 50
s 2577 237 109
s 2578 23 11
s 2579 252 109
s 2580 233 107
s 2581 594 287
s 2582 426 205
s 2583 187 87
s 2585 571 265
s 2586 924 460
s 2587 542 279
s 2588 209 107
s 2589 673 306
s 2590 476 247
s 2591 476 238
s 2592 110 56
s 2593 189 106
s 2594 220 113
s 2595 274 131
s 2596 507 222
s 2597 183 86
s 2598 87 43
s 2599 354 167
s 2600 147 67
s 2601 25 12
s 2602 207 118
s 2603 277 133
s 2604 22 7
s 2605 153 77
s 2606 30 13
s 2607 191 93
s 2608 26 10
s 2609 699 367
s 2610 214 111
s 2611 135 61
s 2612 84 38
s 2613 168 61
s 2614 27 10
s 2615 294 139
s 2616 36 20
s 2617 92 54
s 2618 106 66
s 2619 160 78
s 2620 446 239
s 2621 64 33
s 2622 395 214
s 2623 84 37
s 2624 235 109
s 2625 41 14
s 2626 12 3
s 2627 15 7
s 2628 345 165
s 2629 339 182
s 2630 47 22
s 2631 693 341
s 2632 99 48
s 2633 33 14
s 2634 850 442
s 2635 299 124
s 2636 647 348
s 2637 57 29
s 2638 174 92
s 2639 68 27
s 2640 41 22
s 2641 60 35
s 2642 65 39
s 2643 119 49
s 2644 411 218
s 2645 642 319
s 2646 1107 554
s 2647 471 226
s 2648 583 282
s 2649 9 5
s 2650 184 99
s 2651 165 79
s 2652 76 49
s 2653 173 97
s 2654 6 2
s 2655 16 9
s 2656 226 105
s 2657 465 241
s 2658 274 131
s 2659 92 37
s 2660 382 197
s 2661 436 230
s 2662 94 48
s 2663 46 21
s 2664 589 297
s 2665 574 296
s 2666 475 225
s 2667 248 114
s 2668 212 95
s 2669 26 8
s 2670 298 157
s 2671 312 131
s 2672 410 212
s 2673 162 78
s 2674 98 49
s 2679 357 184
s 2680 229 99
s 2681 331 184
s 2683 488 216
s 2686 257 113
s 2688 541 271
s 2689 198 96
s 2691 310 147
s 2695 517 267
s 2696 319 135
s 2697 226 103
s 2698 35 18
s 2705 75 39
s 2715 106 53
s 2828 516 225
s 2829 134 56
s 2830 1795 751
s 2831 288 139
s 2832 143 56
s 2833 198 89
s 2834 530 225
s 2835 502 156
s 2836 461 193
s 2837 1009 372
s 2838 625 226
s 2839 252 93
s 2841 515 188
s 2842 1478 612
s 2843 1014 413
s 2844 397 162
s 2845 1124 468
s 2846 813 326
s 2847 791 325
s 2848 160 63
s 2849 315 145
s 2850 178 78
s 2851 396 162
s 2852 706 257
s 2853 268 103
s 2854 122 49
s 2855 344 125
s 2856 263 109
s 2857 246 96
s 2858 465 190
s 2859 311 118
s 2860 265 110
s 2861 196 76
s 2862 187 67
s 2863 254 92
s 2864 710 277
s 2865 955 400
s 2866 301 121
s 2867 250 104
s 2868 107 59
s 2869 401 113
s 2870 635 298
s 2871 543 206
s 2872 142 60
s 2873 162 70
s 2874 144 57
s 2875 189 79
s 2876 629 273
s 2877 72 24
s 2878 674 324
s 2879 220 101
s 2880 410 156
s 2881 54 23
s 2882 35 13
s 2883 302 131
s 2884 519 193
s 2885 471 164
s 2886 304 128
s 2887 1258 548
s 2888 181 62
s 2889 94 35
s 2890 867 321
s 2891 492 196
s 2892 451 196
s 2893 88 47
s 2894 245 106
s 2895 182 63
s 2896 114 34
s 2897 137 52
s 2898 58 29
s 2899 217 75
s 2900 775 299
s 2901 1086 426
s 2902 1758 704
s 2903 756 337
s 2904 783 353
s 2905 41 13
s 2906 206 80
s 2907 238 88
s 2908 106 40
s 2909 637 255
s 2910 63 22
s 2911 70 29
s 2912 400 175
s 2913 977 410
s 2914 349 127
s 2915 150 65
s 2916 782 334
s 2917 610 231
s 2918 170 64
s 2919 53 23
s 2920 1032 437
s 2921 824 341
s 2922 320 124
s 2923 362 147
s 2924 375 122
s 2925 380 125
s 2926 375 155
s 2927 471 209
s 2928 626 261
s 2929 128 66
s 2930 221 92
s 2935 583 249
s 2936 298 102
s 2937 509 215
s 2939 816 326
s 2942 262 117
s 2944 793 300
s 2945 441 170
s 2947 483 177
s 2951 838 352
s 2952 463 197
s 2953 308 119
s 2954 119 48
s 2961 170 61
s 2971 141 58
s 3085 517 255
s 3086 3285 1654
s 3087 489 267
s 3088 266 142
s 3089 696 357
s 3090 39 16
s 3091 668 317
s 3092 633 334
s 3093 1652 839
s 3094 1275 693
s 3095 478 250
s 3097 1657 831
s 3098 2488 1268
s 3099 1498 827
s 3100 520 246
s 3101 2028 1019
s 3102 1525 818
s 3103 1357 751
s 3104 255 139
s 3105 576 335
s 3106 604 306
s 3107 951 519
s 3108 1324 683
s 3109 496 248
s 3110 234 117
s 3111 982 500
s 3112 457 245
s 3113 30 19
s 3114 579 325
s 3115 723 375
s 3116 27 12
s 3117 463 254
s 3118 80 35
s 3119 565 276
s 3120 36 14
s 3121 2095 1110
s 3122 655 362
s 3123 366 195
s 3124 243 128
s 3125 494 225
s 3126 28 9
s 3127 1023 536
s 3128 121 56
s 3129 251 144
s 3130 286 152
s 3131 432 212
s 3132 1181 640
s 3133 198 104
s 3134 1175 672
s 3135 296 148
s 3136 649 326
s 3137 119 58
s 3138 51 34
s 3139 15 8
s 3140 1026 575
s 3141 827 419
s 3142 64 39
s 3143 1940 1020
s 3144 338 176
s 3145 136 67
s 3146 2552 1386
s 3147 806 436
s 3148 1760 958
s 3149 162 80
s 3150 419 235
s 3151 273 134
s 3152 79 48
s 3153 159 74
s 3154 116 73
s 3155 281 132
s 3156 1052 529
s 3157 1777 917
s 3158 3192 1689
s 3159 1333 782
s 3160 1492 798
s 3161 9 3
s 3162 664 362
s 3163 364 184
s 3164 236 122
s 3165 382 197
s 3166 11 3
s 3167 14 10
s 3168 594 285
s 3169 1294 662
s 3170 676 340
s 3171 281 135
s 3172 847 429
s 3173 1152 597
s 3174 219 122
s 3175 128 79
s 3176 1611 868
s 3177 1689 940
s 3178 1293 724
s 3179 772 418
s 3180 561 293
s 3181 39 19
s 3182 881 476
s 3183 845 418
s 3184 1326 768
s 3185 499 278
s 3186 236 122
s 3191 1043 562
s 3192 684 347
s 3193 1176 632
s 3195 1504 743
s 3198 722 355
s 3200 1492 803
s 3201 544 267
s 3203 972 517
s 3207 1464 799
s 3208 820 422
s 3209 580 305
s 3210 73 38
s 3217 202 101
s 3227 297 147
s 3342 982 494
s 3343 162 86
s 3344 57 27
s 3345 16 12
s 3346 533 271
s 3347 315 143
s 3348 243 133
s 3349 616 278
s 3350 310 159
s 3351 91 44
s 3353 82 38
s 3354 800 395
s 3355 512 248
s 3356 147 76
s 3357 564 265
s 3358 476 235
s 3359 446 229
s 3360 74 39
s 3361 153 81
s 3362 17 8
s 3363 84 34
s 3364 345 171
s 3365 164 77
s 3366 76 34
s 3367 66 17
s 3368 137 73
s 3369 191 93
s 3370 260 131
s 3371 117 52
s 3372 209 111
s 3373 103 54
s 3374 165 69
s 3375 104 40
s 3376 585 275
s 3377 437 230
s 3378 170 88
s 3379 144 72
s 3380 33 18
s 3381 282 131
s 3382 598 305
s 3383 326 160
s 3384 114 56
s 3385 68 35
s 3386 92 47
s 3387 60 23
s 3388 402 205
s 3389 28 18
s 3390 450 263
s 3391 119 54
s 3392 201 93
s 3393 21 12
s 3394 17 7
s 3395 264 134
s 3396 269 137
s 3397 297 140
s 3398 248 124
s 3399 578 290
s 3400 146 58
s 3401 58 35
s 3402 185 81
s 3403 248 103
s 3404 39 18
s 3405 55 25
s 3406 143 64
s 3407 107 46
s 3408 116 48
s 3409 84 44
s 3410 19 12
s 3411 78 35
s 3412 344 151
s 3413 578 261
s 3414 890 438
s 3415 434 205
s 3416 431 219
s 3417 16 11
s 3418 77 37
s 3419 132 69
s 3420 60 29
s 3421 523 274
s 3422 44 19
s 3423 55 21
s 3424 202 97
s 3425 355 182
s 3426 218 110
s 3427 85 46
s 3428 312 151
s 3429 324 166
s 3430 75 44
s 3431 42 22
s 3432 475 236
s 3433 469 234
s 3434 12 5
s 3435 172 89
s 3436 216 87
s 3437 339 153
s 3438 209 102
s 3439 230 122
s 3440 375 194
s 3441 15 2
s 3442 153 66
s 3447 382 210
s 3448 81 35
s 3449 268 124
s 3451 568 258
s 3454 47 24
s 3456 339 166
s 3457 199 95
s 3459 276 132
s 3463 462 237
s 3464 191 75
s 3465 127 62
s 3466 81 42
s 3473 125 56
s 3483 109 46
s 3599 1525 763
s 3600 569 289
s 3601 1581 734
s 3602 3390 1772
s 3603 1898 846
s 3604 1818 904
s 3605 4437 2209
s 3606 2236 1114
s 3607 915 456
s 3609 3615 1726
s 3610 4576 2243
s 3611 2663 1348
s 3612 1085 495
s 3613 3324 1584
s 3614 2459 1239
s 3615 2589 1391
s 3616 954 511
s 3617 1208 673
s 3618 1276 645
s 3619 2452 1260
s 3620 3671 1863
s 3621 833 394
s 3622 422 210
s 3623 2123 989
s 3624 814 408
s 3625 1491 765
s 3626 1867 984
s 3627 1567 826
s 3628 1599 807
s 3629 821 438
s 3630 1272 609
s 3631 1420 703
s 3632 4258 2162
s 3633 3884 2033
s 3634 1028 534
s 3635 556 274
s 3636 739 396
s 3637 2048 929
s 3638 3876 2048
s 3639 2108 1054
s 3640 1021 510
s 3641 501 271
s 3642 511 246
s 3643 905 423
s 3644 2222 1137
s 3645 424 192
s 3646 1687 938
s 3647 853 421
s 3648 1181 594
s 3649 216 106
s 3650 80 45
s 3651 1884 1051
s 3652 1748 901
s 3653 1736 816
s 3654 1718 865
s 3655 2502 1281
s 3656 747 354
s 3657 409 191
s 3658 5069 2713
s 3659 1713 892
s 3660 4032 2227
s 3661 362 188
s 3662 831 443
s 3663 510 230
s 3664 747 364
s 3665 512 264
s 3666 371 200
s 3667 442 196
s 3668 1796 905
s 3669 2654 1235
s 3670 5595 2927
s 3671 2345 1197
s 3672 2423 1261
s 3673 188 100
s 3674 1140 606
s 3675 1104 578
s 3676 495 291
s 3677 3787 1894
s 3678 418 207
s 3679 435 232
s 3680 1074 526
s 3681 2413 1141
s 3682 1189 553
s 3683 508 246
s 3684 1379 645
s 3685 2054 1052
s 3686 490 246
s 3687 220 114
s 3688 2951 1479
s 3689 2452 1292
s 3690 2647 1317
s 3691 1330 701
s 3692 1155 527
s 3693 2422 1129
s 3694 1633 902
s 3695 1672 867
s 3696 2014 1056
s 3697 1034 549
s 3698 1153 580
s 3703 1887 996
s 3704 1367 609
s 3705 1959 1047
s 3707 2561 1234
s 3710 1571 771
s 3712 2918 1509
s 3713 1082 538
s 3715 1523 746
s 3719 2701 1408
s 3720 1603 776
s 3721 1153 581
s 3722 690 358
s 3729 1077 486
s 3739 540 255
s 3856 76 37
s 3857 319 151
s 3858 641 327
s 3859 446 209
s 3860 322 167
s 3861 800 406
s 3862 535 281
s 3863 167 76
s 3865 576 273
s 3866 1181 581
s 3867 795 422
s 3868 125 51
s 3869 425 202
s 3870 612 311
s 3871 649 324
s 3872 187 95
s 3873 105 58
s 3874 203 99
s 3875 436 217
s 3876 564 280
s 3877 188 84
s 3878 43 22
s 3879 430 201
s 3880 230 101
s 3881 310 168
s 3882 310 172
s 3883 203 90
s 3884 257 116
s 3885 159 84
s 3886 143 70
s 3887 190 94
s 3888 540 263
s 3889 554 274
s 3890 219 111
s 3891 206 109
s 3892 99 59
s 3893 360 168
s 3894 730 376
s 3895 179 89
s 3896 161 73
s 3897 83 47
s 3898 113 52
s 3899 124 65
s 3900 240 133
s 3901 45 25
s 3902 618 340
s 3903 151 72
s 3904 283 131
s 3905 35 23
s 3906 14 6
s 3907 327 177
s 3908 359 184
s 3909 228 104
s 3910 290 160
s 3911 1013 550
s 3912 181 78
s 3913 100 48
s 3914 845 439
s 3915 441 216
s 3916 730 394
s 3917 41 20
s 3918 87 48
s 3919 79 34
s 3920 122 70
s 3921 71 45
s 3922 60 34
s 3923 141 67
s 3924 567 272
s 3925 636 288
s 3926 1317 687
s 3927 629 322
s 3928 803 433
s 3929 36 17
s 3930 194 106
s 3931 243 133
s 3932 77 47
s 3933 749 377
s 3934 72 38
s 3935 85 50
s 3936 144 71
s 3937 416 220
s 3938 120 46
s 3939 53 26
s 3940 452 246
s 3941 464 235
s 3942 128 66
s 3943 46 28
s 3944 340 182
s 3945 530 273
s 3946 481 261
s 3947 377 196
s 3948 133 62
s 3949 298 128
s 3950 270 149
s 3951 316 171
s 3952 372 193
s 3953 128 68
s 3954 249 112
s 3959 488 223
s 3960 247 112
s 3961 348 174
s 3963 596 265
s 3966 268 125
s 3968 523 264
s 3969 125 70
s 3971 288 158
s 3975 313 173
s 3976 367 180
s 3977 142 81
s 3978 87 43
s 3985 193 82
s 3995 129 68
s 4113 92 53
s 4114 261 120
s 4115 139 55
s 4116 169 72
s 4117 415 200
s 4118 285 149
s 4119 56 24
s 4121 258 118
s 4122 480 224
s 4123 351 170
s 4124 46 20
s 4125 130 56
s 4126 270 120
s 4127 289 147
s 4128 68 33
s 4129 54 29
s 4130 72 28
s 4131 212 93
s 4132 231 106
s 4133 91 42
s 4134 24 15
s 4135 165 73
s 4136 110 47
s 4137 145 66
s 4138 145 78
s 4139 94 45
s 4140 134 56
s 4141 95 50
s 4142 110 50
s 4143 79 43
s 4144 348 177
s 4145 220 108
s 4146 89 46
s 4147 69 32
s 4148 29 14
s 4149 188 87
s 4150 363 192
s 4151 75 37
s 4152 91 35
s 4153 41 16
s 4154 48 18
s 4155 68 31
s 4156 94 54
s 4157 25 8
s 4158 183 93
s 4159 90 46
s 4160 145 61
s 4161 19 9
s 4162 11 4
s 4163 191 97
s 4164 189 84
s 4165 71 32
s 4166 180 78
s 4167 322 167
s 4168 62 26
s 4169 36 16
s 4170 344 169
s 4171 177 78
s 4172 236 126
s 4173 23 11
s 4174 51 34
s 4175 57 25
s 4176 67 28
s 4177 29 15
s 4178 17 10
s 4179 48 24
s 4180 205 82
s 4181 289 139
s 4182 668 326
s 4183 233 122
s 4184 246 127
s 4185 14 3
s 4186 103 45
s 4187 85 40
s 4188 29 16
s 4189 343 161
s 4190 26 11
s 4191 37 15
s 4192 43 21
s 4193 195 71
s 4194 50 25
s 4195 25 15
s 4196 215 111
s 4197 217 101
s 4198 37 23
s 4199 18 8
s 4200 115 51
s 4201 247 114
s 4202 157 83
s 4203 142 58
s 4204 48 19
s 4205 208 108
s 4206 135 64
s 4207 164 77
s 4208 230 113
s 4209 57 34
s 4210 99 39
s 4215 191 94
s 4216 85 33
s 4217 161 83
s 4219 279 124
s 4222 119 59
s 4224 283 117
s 4225 58 21
s 4227 174 89
s 4231 128 65
s 4232 113 55
s 4233 49 19
s 4234 61 31
s 4241 93 37
s 4251 42 20
s 4370 781 402
s 4371 471 192
s 4372 393 181
s 4373 982 470
s 4374 487 242
s 4375 163 71
s 4377 128 59
s 4378 1287 595
s 4379 843 404
s 4380 250 117
s 4381 1006 460
s 4382 734 381
s 4383 789 404
s 4384 135 60
s 4385 252 133
s 4386 24 10
s 4387 171 82
s 4388 518 239
s 4389 238 120
s 4390 105 48
s 4391 105 41
s 4392 265 119
s 4393 323 151
s 4394 553 298
s 4395 185 84
s 4396 356 161
s 4397 172 87
s 4398 225 95
s 4399 157 85
s 4400 824 407
s 4401 644 322
s 4402 248 114
s 4403 195 99
s 4404 50 34
s 4405 470 209
s 4406 1006 480
s 4407 516 245
s 4408 184 94
s 4409 109 51
s 4410 165 70
s 4411 78 36
s 4412 618 310
s 4413 26 13
s 4414 653 372
s 4415 238 117
s 4416 323 156
s 4417 42 24
s 4418 17 4
s 4419 457 219
s 4420 404 203
s 4421 512 261
s 4422 378 172
s 4423 1035 505
s 4424 194 91
s 4425 75 28
s 4426 321 160
s 4427 446 205
s 4428 63 31
s 4429 71 37
s 4430 228 129
s 4431 102 41
s 4432 125 66
s 4433 136 64
s 4434 23 9
s 4435 138 64
s 4436 533 259
s 4437 931 426
s 4438 1421 705
s 4439 757 338
s 4440 724 346
s 4441 43 16
s 4442 159 84
s 4443 213 106
s 4444 65 33
s 4445 902 416
s 4446 75 31
s 4447 100 54
s 4448 344 159
s 4449 561 261
s 4450 301 121
s 4451 121 50
s 4452 460 212
s 4453 553 239
s 4454 111 55
s 4455 53 39
s 4456 790 388
s 4457 662 338
s 4458 28 14
s 4459 244 117
s 4460 333 153
s 4461 584 271
s 4462 337 171
s 4463 384 171
s 4464 542 251
s 4465 31 10
s 4466 216 99
s 4471 616 310
s 4472 127 54
s 4473 481 253
s 4475 827 367
s 4478 72 33
s 4480 529 251
s 4481 271 125
s 4483 415 210
s 4487 730 386
s 4488 298 137
s 4489 224 101
s 4490 137 70
s 4497 192 81
s 4507 164 77
s 4627 708 325
s 4628 705 368
s 4629 2043 1049
s 4630 1438 748
s 4631 431 217
s 4633 1776 895
s 4634 2769 1383
s 4635 1607 863
s 4636 637 332
s 4637 1956 967
s 4638 1523 786
s 4639 1502 803
s 4640 349 209
s 4641 696 381
s 4642 618 307
s 4643 1067 544
s 4644 1576 863
s 4645 550 309
s 4646 241 125
s 4647 1167 568
s 4648 479 249
s 4649 48 19
s 4650 645 357
s 4651 818 423
s 4652 32 15
s 4653 450 250
s 4654 110 46
s 4655 661 328
s 4656 75 29
s 4657 1959 1095
s 4658 589 316
s 4659 409 218
s 4660 279 147
s 4661 608 266
s 4662 38 17
s 4663 1207 648
s 4664 157 88
s 4665 280 160
s 4666 376 184
s 4667 428 226
s 4668 1224 685
s 4669 162 79
s 4670 1522 935
s 4671 306 149
s 4672 673 323
s 4673 120 58
s 4674 55 25
s 4675 28 10
s 4676 1024 513
s 4677 923 503
s 4678 65 29
s 4679 2098 1181
s 4680 323 162
s 4681 130 59
s 4682 2579 1373
s 4683 1012 528
s 4684 2076 1165
s 4685 266 158
s 4686 489 269
s 4687 300 150
s 4688 96 46
s 4689 177 90
s 4690 163 96
s 4691 245 109
s 4692 1237 632
s 4693 1829 944
s 4694 3496 1830
s 4695 1467 776
s 4696 1622 922
s 4697 13 9
s 4698 646 347
s 4699 464 241
s 4700 237 134
s 4701 505 253
s 4702 12 5
s 4703 28 9
s 4704 622 316
s 4705 1691 859
s 4706 745 380
s 4707 268 132
s 4708 804 430
s 4709 1303 657
s 4710 275 153
s 4711 111 69
s 4712 1676 893
s 4713 1641 881
s 4714 1387 716
s 4715 853 468
s 4716 619 331
s 4717 45 15
s 4718 957 534
s 4719 1014 579
s 4720 1376 756
s 4721 478 272
s 4722 283 156
s 4727 1245 647
s 4728 723 341
s 4729 1148 639
s 4731 1642 834
s 4734 798 410
s 4736 1526 793
s 4737 618 295
s 4739 923 477
s 4743 1555 844
s 4744 840 472
s 4745 611 319
s 4746 85 37
s 4753 182 95
s 4763 328 177
s 4884 569 262
s 4885 1524 634
s 4886 731 306
s 4887 311 126
s 4889 1023 415
s 4890 1703 722
s 4891 1089 494
s 4892 334 142
s 4893 1127 455
s 4894 973 422
s 4895 943 440
s 4896 247 113
s 4897 457 215
s 4898 369 162
s 4899 741 278
s 4900 1042 454
s 4901 319 141
s 4902 140 62
s 4903 626 261
s 4904 303 134
s 4905 301 141
s 4906 470 230
s 4907 485 206
s 4908 362 180
s 4909 311 138
s 4910 287 119
s 4911 390 173
s 4912 869 360
s 4913 1106 539
s 4914 356 148
s 4915 231 88
s 4916 215 117
s 4917 616 260
s 4918 757 362
s 4919 660 283
s 4920 232 109
s 4921 180 104
s 4922 163 68
s 4923 289 111
s 4924 659 289
s 4925 102 43
s 4926 780 397
s 4927 264 107
s 4928 447 192
s 4929 72 25
s 4930 32 10
s 4931 398 195
s 4932 696 306
s 4933 530 239
s 4934 362 162
s 4935 1051 464
s 4936 271 119
s 4937 127 60
s 4938 1539 713
s 4939 557 240
s 4940 1105 500
s 4941 139 71
s 4942 314 152
s 4943 201 74
s 4944 201 93
s 4945 156 66
s 4946 99 55
s 4947 208 90
s 4948 742 339
s 4949 1141 472
s 4950 2054 896
s 4951 921 380
s 4952 875 374
s 4953 48 19
s 4954 344 163
s 4955 334 149
s 4956 170 76
s 4957 910 413
s 4958 87 31
s 4959 113 37
s 4960 338 140
s 4961 990 455
s 4962 419 182
s 4963 154 56
s 4964 591 255
s 4965 691 291
s 4966 165 77
s 4967 69 36
s 4968 955 436
s 4969 962 421
s 4970 733 335
s 4971 466 211
s 4972 338 133
s 4973 519 199
s 4974 561 270
s 4975 577 239
s 4976 779 383
s 4977 283 139
s 4978 293 135
s 4983 679 312
s 4984 431 173
s 4985 607 253
s 4987 978 385
s 4990 461 199
s 4992 1027 462
s 4993 405 151
s 4995 619 268
s 4999 1004 457
s 5000 550 223
s 5001 344 150
s 5002 144 61
s 5009 226 86
s 5019 192 81
s 5141 1013 491
s 5142 666 341
s 5143 258 131
s 5145 928 470
s 5146 1212 599
s 5147 709 374
s 5148 345 182
s 5149 1054 520
s 5150 604 318
s 5151 600 315
s 5152 242 131
s 5153 257 150
s 5154 348 180
s 5155 669 321
s 5156 952 466
s 5157 224 112
s 5158 123 64
s 5159 603 274
s 5160 217 82
s 5161 329 156
s 5162 552 295
s 5163 382 185
s 5164 353 187
s 5165 176 98
s 5166 281 156
s 5167 329 184
s 5168 881 475
s 5169 1036 576
s 5170 196 109
s 5171 162 88
s 5172 188 112
s 5173 499 231
s 5174 852 439
s 5175 398 220
s 5176 226 121
s 5177 137 74
s 5178 131 65
s 5179 234 111
s 5180 570 304
s 5181 88 49
s 5182 578 315
s 5183 214 110
s 5184 287 146
s 5185 33 19
s 5186 25 8
s 5187 350 185
s 5188 429 232
s 5189 455 207
s 5190 371 176
s 5191 989 527
s 5192 167 79
s 5193 127 63
s 5194 1314 699
s 5195 434 217
s 5196 1012 560
s 5197 103 54
s 5198 219 111
s 5199 100 53
s 5200 155 74
s 5201 155 91
s 5202 83 56
s 5203 133 66
s 5204 610 288
s 5205 927 476
s 5206 1464 741
s 5207 584 330
s 5208 767 419
s 5209 34 18
s 5210 263 133
s 5211 241 125
s 5212 109 52
s 5213 823 424
s 5214 75 36
s 5215 108 48
s 5216 311 155
s 5217 806 438
s 5218 349 153
s 5219 134 66
s 5220 487 242
s 5221 563 272
s 5222 169 85
s 5223 70 35
s 5224 884 468
s 5225 652 349
s 5226 636 331
s 5227 433 235
s 5228 336 157
s 5229 513 246
s 5230 416 232
s 5231 341 154
s 5232 411 208
s 5233 258 137
s 5234 292 145
s 5239 437 251
s 5240 355 190
s 5241 400 242
s 5243 625 308
s 5246 418 211
s 5248 778 409
s 5249 312 149
s 5251 333 168
s 5255 796 420
s 5256 445 226
s 5257 296 144
s 5258 128 61
s 5265 257 126
s 5275 143 75
s 5398 1549 735
s 5399 605 279
s 5401 2010 924
s 5402 3309 1514
s 5403 2014 995
s 5404 830 393
s 5405 2630 1270
s 5406 1775 893
s 5407 1810 933
s 5408 635 341
s 5409 683 361
s 5410 748 382
s 5411 1370 650
s 5412 2290 1113
s 5413 623 304
s 5414 291 144
s 5415 1342 610
s 5416 534 250
s 5417 890 434
s 5418 1319 716
s 5419 904 418
s 5420 864 411
s 5421 522 285
s 5422 656 302
s 5423 816 385
s 5424 2071 1016
s 5425 2787 1428
s 5426 694 358
s 5427 589 280
s 5428 401 223
s 5429 1276 548
s 5430 2526 1280
s 5431 1159 608
s 5432 496 244
s 5433 318 171
s 5434 374 171
s 5435 554 253
s 5436 1593 831
s 5437 241 118
s 5438 1484 822
s 5439 511 253
s 5440 807 383
s 5441 108 54
s 5442 65 27
s 5443 1141 591
s 5444 1147 566
s 5445 1335 637
s 5446 1057 533
s 5447 2561 1308
s 5448 526 228
s 5449 263 103
s 5450 3053 1565
s 5451 1112 542
s 5452 2414 1284
s 5453 250 121
s 5454 560 311
s 5455 335 139
s 5456 478 258
s 5457 404 217
s 5458 231 130
s 5459 426 202
s 5460 1650 782
s 5461 2506 1214
s 5462 3709 1806
s 5463 1707 895
s 5464 1948 1031
s 5465 103 62
s 5466 629 324
s 5467 638 341
s 5468 299 169
s 5469 2352 1221
s 5470 195 94
s 5471 242 118
s 5472 807 406
s 5473 1935 967
s 5474 963 426
s 5475 399 176
s 5476 1498 758
s 5477 1328 690
s 5478 388 213
s 5479 145 64
s 5480 2276 1162
s 5481 1614 794
s 5482 1743 872
s 5483 1073 557
s 5484 882 386
s 5485 1300 538
s 5486 1004 516
s 5487 1049 525
s 5488 1411 694
s 5489 567 298
s 5490 752 361
s 5495 1287 665
s 5496 938 424
s 5497 1059 547
s 5499 1658 802
s 5502 1047 523
s 5504 1787 848
s 5505 858 387
s 5507 998 487
s 5511 1988 1051
s 5512 1075 511
s 5513 840 411
s 5514 323 151
s 5521 620 264
s 5531 375 175
s 5655 405 198
s 5657 1029 459
s 5658 1781 859
s 5659 1107 560
s 5660 543 251
s 5661 1761 792
s 5662 967 493
s 5663 937 484
s 5664 367 204
s 5665 379 203
s 5666 401 200
s 5667 730 345
s 5668 1320 591
s 5669 332 154
s 5670 167 71
s 5671 661 299
s 5672 287 123
s 5673 691 352
s 5674 974 509
s 5675 520 257
s 5676 676 335
s 5677 245 132
s 5678 430 203
s 5679 489 235
s 5680 1532 716
s 5681 1577 805
s 5682 352 180
s 5683 270 124
s 5684 192 107
s 5685 778 350
s 5686 1751 865
s 5687 671 297
s 5688 389 211
s 5689 168 90
s 5690 191 86
s 5691 300 140
s 5692 1111 573
s 5693 139 71
s 5694 659 370
s 5695 284 135
s 5696 438 175
s 5697 63 33
s 5698 35 15
s 5699 925 492
s 5700 595 258
s 5701 816 416
s 5702 725 388
s 5703 1274 666
s 5704 280 136
s 5705 194 85
s 5706 1562 826
s 5707 517 246
s 5708 1201 666
s 5709 152 81
s 5710 384 190
s 5711 168 77
s 5712 272 141
s 5713 249 129
s 5714 123 62
s 5715 195 97
s 5716 806 395
s 5717 1256 589
s 5718 1838 923
s 5719 885 449
s 5720 939 483
s 5721 85 39
s 5722 320 166
s 5723 324 160
s 5724 154 82
s 5725 1540 783
s 5726 126 69
s 5727 182 101
s 5728 620 294
s 5729 1133 556
s 5730 547 260
s 5731 240 107
s 5732 632 285
s 5733 625 304
s 5734 188 90
s 5735 67 39
s 5736 1680 865
s 5737 817 419
s 5738 793 383
s 5739 538 273
s 5740 577 256
s 5741 922 378
s 5742 486 243
s 5743 488 238
s 5744 641 313
s 5745 282 160
s 5746 447 199
s 5751 580 266
s 5752 494 221
s 5753 600 314
s 5755 863 361
s 5758 526 248
s 5760 928 439
s 5761 556 278
s 5763 486 233
s 5767 1196 611
s 5768 566 268
s 5769 475 228
s 5770 211 100
s 5777 420 193
s 5787 202 92
s 5913 420 183
s 5914 903 430
s 5915 609 318
s 5916 106 46
s 5917 292 133
s 5918 499 257
s 5919 454 238
s 5920 110 69
s 5921 114 71
s 5922 127 55
s 5923 314 150
s 5924 376 186
s 5925 173 77
s 5926 24 13
s 5927 232 105
s 5928 162 77
s 5929 261 134
s 5930 235 127
s 5931 185 92
s 5932 247 118
s 5933 193 101
s 5934 165 83
s 5935 149 65
s 5936 598 308
s 5937 309 167
s 5938 161 86
s 5939 127 59
s 5940 79 43
s 5941 366 168
s 5942 561 295
s 5943 125 55
s 5944 117 56
s 5945 79 46
s 5946 77 37
s 5947 104 51
s 5948 181 101
s 5949 43 22
s 5950 347 202
s 5951 150 80
s 5952 197 100
s 5953 21 12
s 5954 11 6
s 5955 298 166
s 5956 308 142
s 5957 168 87
s 5958 281 147
s 5959 567 268
s 5960 128 67
s 5961 74 28
s 5962 661 373
s 5963 269 125
s 5964 370 195
s 5965 28 16
s 5966 48 24
s 5967 99 45
s 5968 94 45
s 5969 66 35
s 5970 54 27
s 5971 106 43
s 5972 350 190
s 5973 524 264
s 5974 1062 517
s 5975 454 208
s 5976 415 210
s 5977 25 11
s 5978 138 76
s 5979 148 83
s 5980 46 26
s 5981 596 297
s 5982 70 37
s 5983 64 35
s 5984 88 44
s 5985 351 166
s 5986 119 48
s 5987 31 16
s 5988 315 161
s 5989 344 159
s 5990 92 50
s 5991 45 17
s 5992 288 144
s 5993 461 214
s 5994 260 110
s 5995 185 100
s 5996 100 49
s 5997 366 167
s 5998 240 118
s 5999 278 146
s 6000 353 179
s 6001 105 66
s 6002 165 88
s 6007 337 157
s 6008 144 65
s 6009 302 160
s 6011 468 216
s 6014 144 66
s 6016 457 222
s 6017 119 54
s 6019 272 138
s 6023 240 114
s 6024 198 92
s 6025 89 35
s 6026 92 40
s 6033 135 56
s 6043 77 39
s 6426 2783 1295
s 6427 1820 851
s 6428 610 268
s 6429 2269 1028
s 6430 1598 752
s 6431 1610 748
s 6432 313 154
s 6433 641 319
s 6434 144 62
s 6435 482 210
s 6436 1194 574
s 6437 530 242
s 6438 252 119
s 6439 317 145
s 6440 526 255
s 6441 740 372
s 6442 1189 623
s 6443 477 201
s 6444 795 394
s 6445 441 228
s 6446 484 202
s 6447 393 186
s 6448 2054 939
s 6449 1705 824
s 6450 649 329
s 6451 478 213
s 6452 159 81
s 6453 852 356
s 6454 2222 1110
s 6455 1046 515
s 6456 380 188
s 6457 319 161
s 6458 321 142
s 6459 217 86
s 6460 1432 721
s 6461 102 54
s 6462 1462 767
s 6463 455 197
s 6464 703 321
s 6465 73 17
s 6466 64 28
s 6467 1021 500
s 6468 988 453
s 6469 1015 494
s 6470 924 418
s 6471 2334 1174
s 6472 441 201
s 6473 192 85
s 6474 978 483
s 6475 928 444
s 6476 326 151
s 6477 183 103
s 6478 478 216
s 6479 292 132
s 6480 351 155
s 6481 321 132
s 6482 65 37
s 6483 352 144
s 6484 1292 586
s 6485 2040 925
s 6486 3157 1482
s 6487 1492 741
s 6488 1457 694
s 6489 97 50
s 6490 275 109
s 6491 546 274
s 6492 166 97
s 6493 1869 920
s 6494 194 85
s 6495 217 108
s 6496 718 338
s 6497 1388 629
s 6498 712 325
s 6499 322 135
s 6500 1109 547
s 6501 1034 481
s 6502 312 142
s 6503 130 68
s 6504 1940 964
s 6505 1532 728
s 6506 244 98
s 6507 569 262
s 6508 720 293
s 6509 1225 512
s 6510 707 327
s 6511 952 459
s 6512 1216 586
s 6513 109 50
s 6514 452 193
s 6519 1168 565
s 6520 328 144
s 6521 1196 573
s 6523 1646 699
s 6526 241 100
s 6528 1229 525
s 6529 705 318
s 6531 1004 464
s 6535 1626 765
s 6536 703 329
s 6537 563 248
s 6538 253 118
s 6545 435 175
s 6555 290 144
s 6683 1392 649
s 6684 1120 518
s 6685 3390 1549
s 6686 1338 656
s 6687 1237 641
s 6688 777 387
s 6689 864 481
s 6690 975 484
s 6691 1989 946
s 6692 3043 1445
s 6693 499 241
s 6694 400 197
s 6695 1758 819
s 6696 559 266
s 6697 1317 655
s 6698 1835 961
s 6699 1148 531
s 6700 1382 696
s 6701 584 297
s 6702 960 452
s 6703 930 448
s 6704 3036 1512
s 6705 3158 1558
s 6706 507 266
s 6707 494 248
s 6708 471 255
s 6709 1587 681
s 6710 3400 1737
s 6711 1415 682
s 6712 755 374
s 6713 348 187
s 6714 382 182
s 6715 692 326
s 6716 2210 1132
s 6717 298 137
s 6718 1501 790
s 6719 692 323
s 6720 643 295
s 6721 144 63
s 6722 46 18
s 6723 1561 807
s 6724 995 481
s 6725 1619 743
s 6726 1607 814
s 6727 2537 1275
s 6728 579 265
s 6729 364 171
s 6730 3965 1988
s 6731 1099 527
s 6732 2876 1471
s 6733 313 178
s 6734 728 369
s 6735 291 122
s 6736 629 331
s 6737 519 245
s 6738 292 146
s 6739 322 142
s 6740 1471 698
s 6741 2383 1144
s 6742 3872 1902
s 6743 1266 611
s 6744 1971 984
s 6745 162 82
s 6746 839 433
s 6747 635 310
s 6748 344 197
s 6749 3308 1586
s 6750 340 150
s 6751 429 223
s 6752 1161 548
s 6753 2444 1200
s 6754 1387 657
s 6755 520 234
s 6756 1210 582
s 6757 1482 690
s 6758 386 168
s 6759 137 74
s 6760 3222 1596
s 6761 1550 765
s 6762 1910 940
s 6763 1172 580
s 6764 1167 550
s 6765 1858 853
s 6766 1253 647
s 6767 861 442
s 6768 1098 554
s 6769 689 371
s 6770 1071 510
s 6775 1008 501
s 6776 1155 504
s 6777 1151 593
s 6779 1500 659
s 6782 1260 589
s 6784 2134 1024
s 6785 1243 580
s 6787 812 410
s 6791 2790 1470
s 6792 1223 613
s 6793 1007 495
s 6794 496 238
s 6801 872 382
s 6811 422 200
s 6940 745 371
s 6941 2108 1033
s 6942 633 335
s 6943 649 327
s 6944 483 272
s 6945 531 285
s 6946 684 383
s 6947 1327 684
s 6948 1910 963
s 6949 237 107
s 6950 252 126
s 6951 1185 581
s 6952 294 143
s 6953 795 397
s 6954 1129 636
s 6955 735 361
s 6956 862 464
s 6957 385 198
s 6958 642 285
s 6959 676 318
s 6960 1794 893
s 6961 2072 1104
s 6962 244 130
s 6963 252 118
s 6964 331 177
s 6965 1000 474
s 6966 2074 1100
s 6967 918 481
s 6968 503 263
s 6969 199 93
s 6970 194 89
s 6971 468 225
s 6972 1358 701
s 6973 197 103
s 6974 959 545
s 6975 414 189
s 6976 364 184
s 6977 84 42
s 6978 23 11
s 6979 981 539
s 6980 572 292
s 6981 980 481
s 6982 1156 590
s 6983 1575 779
s 6984 346 154
s 6985 201 100
s 6986 2756 1443
s 6987 600 320
s 6988 1998 1077
s 6989 206 117
s 6990 454 252
s 6991 124 62
s 6992 389 193
s 6993 292 152
s 6994 187 104
s 6995 152 63
s 6996 846 397
s 6997 1439 703
s 6998 2413 1197
s 6999 582 305
s 7000 1213 656
s 7001 98 55
s 7002 514 276
s 7003 317 156
s 7004 227 129
s 7005 2175 1114
s 7006 188 94
s 7007 238 112
s 7008 719 367
s 7009 1568 825
s 7010 875 431
s 7011 297 130
s 7012 704 352
s 7013 887 437
s 7014 186 100
s 7015 98 49
s 7016 1886 957
s 7017 921 457
s 7018 1360 703
s 7019 761 404
s 7020 799 411
s 7021 1263 596
s 7022 727 399
s 7023 410 208
s 7024 502 266
s 7025 444 226
s 7026 691 351
s 7031 609 340
s 7032 751 335
s 7033 536 276
s 7035 826 392
s 7038 860 434
s 7040 1339 716
s 7041 737 355
s 7043 445 218
s 7047 1758 977
s 7048 794 427
s 7049 616 294
s 7050 273 123
s 7057 493 229
s 7067 244 131
s 7197 174 85
s 7198 615 291
s 7199 649 315
s 7200 160 78
s 7201 77 50
s 7202 236 99
s 7203 426 193
s 7204 425 208
s 7205 202 97
s 7206 22 9
s 7207 374 147
s 7208 213 102
s 7209 253 138
s 7210 180 103
s 7211 180 76
s 7212 335 167
s 7213 174 74
s 7214 248 111
s 7215 165 69
s 7216 698 339
s 7217 424 220
s 7218 235 129
s 7219 148 77
s 7220 122 54
s 7221 405 177
s 7222 789 378
s 7223 86 53
s 7224 204 102
s 7225 53 22
s 7226 135 81
s 7227 133 53
s 7228 80 40
s 7229 64 31
s 7230 409 203
s 7231 190 79
s 7232 306 127
s 7233 25 12
s 7234 24 11
s 7235 292 152
s 7236 350 143
s 7237 85 43
s 7238 285 143
s 7239 676 336
s 7240 155 66
s 7241 78 31
s 7242 947 445
s 7243 390 189
s 7244 655 337
s 7245 22 13
s 7246 38 17
s 7247 106 52
s 7248 153 72
s 7249 59 26
s 7250 62 30
s 7251 123 48
s 7252 454 208
s 7253 626 296
s 7254 1286 631
s 7255 592 315
s 7256 494 264
s 7257 42 14
s 7258 203 100
s 7259 257 114
s 7260 39 20
s 7261 664 304
s 7262 67 27
s 7263 78 43
s 7264 42 20
s 7265 305 147
s 7266 74 35
s 7267 17 6
s 7268 375 178
s 7269 440 188
s 7270 80 39
s 7271 43 22
s 7272 149 77
s 7273 553 271
s 7274 448 214
s 7275 284 127
s 7276 38 11
s 7277 427 176
s 7278 253 129
s 7279 336 163
s 7280 431 220
s 7281 167 89
s 7282 224 104
s 7287 456 212
s 7288 223 96
s 7289 370 180
s 7291 651 304
s 7294 264 124
s 7296 557 254
s 7297 46 27
s 7299 345 153
s 7303 158 84
s 7304 291 126
s 7305 71 31
s 7306 105 51
s 7313 240 106
s 7323 64 31
s 7454 1876 878
s 7455 1878 939
s 7456 540 286
s 7457 199 90
s 7458 704 345
s 7459 1586 709
s 7460 1498 672
s 7461 635 308
s 7462 64 31
s 7463 1387 608
s 7464 597 258
s 7465 847 413
s 7466 565 294
s 7467 627 290
s 7468 901 428
s 7469 638 318
s 7470 684 303
s 7471 583 259
s 7472 2391 1145
s 7473 1186 599
s 7474 672 344
s 7475 460 214
s 7476 445 229
s 7477 1121 443
s 7478 2339 1169
s 7479 143 62
s 7480 589 313
s 7481 207 114
s 7482 333 145
s 7483 459 213
s 7484 162 90
s 7485 205 101
s 7486 1470 800
s 7487 561 257
s 7488 857 399
s 7489 105 51
s 7490 75 36
s 7491 1182 605
s 7492 1415 655
s 7493 164 68
s 7494 912 447
s 7495 2057 1028
s 7496 517 233
s 7497 259 110
s 7498 3792 1833
s 7499 1204 525
s 7500 2398 1213
s 7501 56 33
s 7502 91 52
s 7503 371 147
s 7504 446 208
s 7505 188 80
s 7506 206 118
s 7507 372 147
s 7508 1248 559
s 7509 1822 852
s 7510 4390 2137
s 7511 1744 844
s 7512 1946 991
s 7513 99 32
s 7514 726 368
s 7515 669 323
s 7516 147 70
s 7517 2215 1063
s 7518 246 97
s 7519 240 111
s 7520 64 21
s 7521 828 383
s 7522 200 89
s 7523 44 14
s 7524 1045 505
s 7525 1590 765
s 7526 303 132
s 7527 104 53
s 7528 291 117
s 7529 1903 936
s 7530 1595 737
s 7531 837 413
s 7532 76 32
s 7533 1405 618
s 7534 975 503
s 7535 1210 561
s 7536 1377 646
s 7537 614 305
s 7538 685 301
s 7543 1373 667
s 7544 621 293
s 7545 1282 633
s 7547 2141 973
s 7550 863 397
s 7552 1933 891
s 7553 104 50
s 7555 1128 502
s 7559 304 144
s 7560 1015 488
s 7561 253 117
s 7562 397 180
s 7569 558 227
s 7579 178 91
s 7711 512 276
s 7712 437 216
s 7713 485 284
s 7714 563 258
s 7715 1133 517
s 7716 1678 837
s 7717 182 84
s 7718 219 110
s 7719 1018 493
s 7720 243 116
s 7721 672 343
s 7722 994 552
s 7723 681 306
s 7724 757 381
s 7725 274 139
s 7726 512 226
s 7727 596 276
s 7728 1703 853
s 7729 2100 1161
s 7730 180 101
s 7731 257 128
s 7732 245 128
s 7733 826 359
s 7734 1876 997
s 7735 918 481
s 7736 383 205
s 7737 145 83
s 7738 172 85
s 7739 449 206
s 7740 1235 688
s 7741 192 90
s 7742 938 519
s 7743 332 166
s 7744 258 101
s 7745 93 43
s 7746 12 4
s 7747 977 518
s 7748 398 180
s 7749 896 459
s 7750 821 399
s 7751 1560 847
s 7752 297 137
s 7753 170 85
s 7754 2201 1151
s 7755 478 227
s 7756 1855 1036
s 7757 162 87
s 7758 439 240
s 7759 137 64
s 7760 349 177
s 7761 311 155
s 7762 168 105
s 7763 119 54
s 7764 732 370
s 7765 1121 540
s 7766 2133 1045
s 7767 468 253
s 7768 1138 587
s 7769 83 40
s 7770 519 272
s 7771 353 174
s 7772 192 113
s 7773 1784 951
s 7774 170 84
s 7775 176 88
s 7776 640 318
s 7777 1306 667
s 7778 714 306
s 7779 233 108
s 7780 583 265
s 7781 753 401
s 7782 128 68
s 7783 64 32
s 7784 1666 831
s 7785 859 459
s 7786 1304 675
s 7787 693 363
s 7788 662 298
s 7789 1033 452
s 7790 599 286
s 7791 265 137
s 7792 381 203
s 7793 460 248
s 7794 553 286
s 7799 595 307
s 7800 735 349
s 7801 491 266
s 7803 851 400
s 7806 721 371
s 7808 1123 552
s 7809 635 298
s 7811 388 199
s 7815 1481 740
s 7816 722 373
s 7817 566 272
s 7818 210 101
s 7825 507 226
s 7835 218 108
s 7968 461 256
s 7969 460 270
s 7970 527 259
s 7971 1021 519
s 7972 1653 855
s 7973 157 78
s 7974 204 98
s 7975 1065 526
s 7976 242 121
s 7977 722 404
s 7978 1044 576
s 7979 653 331
s 7980 712 373
s 7981 276 155
s 7982 468 221
s 7983 553 286
s 7984 1679 892
s 7985 1896 1037
s 7986 158 86
s 7987 201 100
s 7988 334 191
s 7989 738 359
s 7990 1969 1077
s 7991 954 519
s 7992 401 205
s 7993 172 83
s 7994 183 83
s 7995 385 204
s 7996 1285 671
s 7997 193 104
s 7998 976 576
s 7999 359 177
s 8000 264 118
s 8001 89 50
s 8002 14 7
s 8003 951 535
s 8004 348 166
s 8005 952 506
s 8006 844 455
s 8007 1391 762
s 8008 258 125
s 8009 171 87
s 8010 2205 1137
s 8011 423 220
s 8012 1936 1071
s 8013 195 104
s 8014 393 196
s 8015 127 68
s 8016 370 196
s 8017 281 146
s 8018 183 112
s 8019 120 54
s 8020 635 323
s 8021 1029 542
s 8022 2133 1119
s 8023 444 251
s 8024 1200 650
s 8025 69 30
s 8026 501 280
s 8027 300 161
s 8028 214 133
s 8029 1966 1057
s 8030 168 95
s 8031 213 111
s 8032 633 351
s 8033 1391 733
s 8034 721 345
s 8035 252 134
s 8036 509 280
s 8037 718 332
s 8038 154 89
s 8039 86 49
s 8040 1655 906
s 8041 752 394
s 8042 1312 674
s 8043 787 393
s 8044 629 292
s 8045 1074 506
s 8046 559 324
s 8047 257 129
s 8048 364 185
s 8049 441 248
s 8050 576 286
s 8055 575 296
s 8056 684 348
s 8057 1517 836
s 8059 796 375
s 8062 704 370
s 8064 1070 566
s 8065 631 293
s 8067 338 149
s 8071 1540 872
s 8072 652 360
s 8073 603 315
s 8074 222 111
s 8081 484 226
s 8091 252 125
s 8225 114 60
s 8226 115 65
s 8227 256 131
s 8228 455 238
s 8229 159 85
s 8230 46 23
s 8231 196 101
s 8232 171 99
s 8233 122 58
s 8234 311 178
s 8235 194 101
s 8236 114 61
s 8237 128 62
s 8238 80 39
s 8239 159 80
s 8240 313 159
s 8241 417 229
s 8242 122 73
s 8243 106 54
s 8244 93 56
s 8245 268 141
s 8246 406 213
s 8247 264 148
s 8248 72 37
s 8249 56 31
s 8250 84 40
s 8251 93 40
s 8252 303 159
s 8253 30 17
s 8254 266 155
s 8255 97 50
s 8256 215 104
s 8257 18 6
s 8258 7 3
s 8259 176 99
s 8260 240 123
s 8261 288 156
s 8262 157 69
s 8263 609 335
s 8264 139 72
s 8265 55 34
s 8266 438 226
s 8267 280 158
s 8268 330 194
s 8269 39 23
s 8270 100 54
s 8271 75 44
s 8272 72 35
s 8273 70 37
s 8274 29 18
s 8275 80 42
s 8276 326 166
s 8277 478 250
s 8278 867 440
s 8279 398 227
s 8280 398 222
s 8281 10 4
s 8282 118 56
s 8283 108 54
s 8284 63 39
s 8285 407 211
s 8286 40 19
s 8287 58 32
s 8288 203 104
s 8289 356 199
s 8290 181 91
s 8291 70 32
s 8292 210 111
s 8293 318 162
s 8294 81 46
s 8295 24 12
s 8296 470 248
s 8297 338 185
s 8298 201 96
s 8299 190 103
s 8300 214 121
s 8301 164 65
s 8302 226 128
s 8303 201 116
s 8304 291 152
s 8305 93 53
s 8306 113 57
s 8311 324 168
s 8312 132 63
s 8313 331 191
s 8315 457 230
s 8318 131 63
s 8320 416 232
s 8321 165 90
s 8323 240 125
s 8327 401 219
s 8328 178 84
s 8329 155 79
s 8330 37 18
s 8337 95 44
s 8347 67 32
s 8482 247 150
s 8483 378 199
s 8484 401 233
s 8485 172 99
s 8486 40 20
s 8487 313 164
s 8488 125 63
s 8489 190 113
s 8490 187 109
s 8491 189 94
s 8492 280 156
s 8493 134 79
s 8494 209 111
s 8495 149 82
s 8496 791 426
s 8497 558 344
s 8498 201 118
s 8499 185 101
s 8500 144 81
s 8501 311 174
s 8502 726 438
s 8503 66 39
s 8504 154 90
s 8505 69 47
s 8506 105 59
s 8507 115 59
s 8508 125 84
s 8509 71 34
s 8510 551 320
s 8511 122 68
s 8512 229 118
s 8513 30 11
s 8514 21 13
s 8515 328 190
s 8516 354 212
s 8517 89 40
s 8518 325 190
s 8519 745 434
s 8520 135 68
s 8521 71 31
s 8522 983 581
s 8523 359 202
s 8524 707 433
s 8525 24 17
s 8526 62 32
s 8527 87 51
s 8528 161 87
s 8529 51 30
s 8530 80 49
s 8531 123 61
s 8532 358 182
s 8533 594 336
s 8534 1321 733
s 8535 481 267
s 8536 600 359
s 8537 38 21
s 8538 181 98
s 8539 219 118
s 8540 67 40
s 8541 696 392
s 8542 65 30
s 8543 76 42
s 8544 56 25
s 8545 370 195
s 8546 106 58
s 8547 28 12
s 8548 408 216
s 8549 292 166
s 8550 96 57
s 8551 32 8
s 8552 174 93
s 8553 539 301
s 8554 527 297
s 8555 324 180
s 8556 69 40
s 8557 486 238
s 8558 229 140
s 8559 290 167
s 8560 488 277
s 8561 180 110
s 8562 234 117
s 8567 396 242
s 8568 223 116
s 8569 297 174
s 8571 533 275
s 8574 269 165
s 8576 481 284
s 8577 78 37
s 8579 342 190
s 8583 149 82
s 8584 316 171
s 8585 112 66
s 8586 101 52
s 8593 211 109
s 8603 80 45
s 8739 142 54
s 8740 398 202
s 8741 191 96
s 8742 81 40
s 8743 84 28
s 8744 167 77
s 8745 256 147
s 8746 417 231
s 8747 153 66
s 8748 282 140
s 8749 137 70
s 8750 211 108
s 8751 136 67
s 8752 830 411
s 8753 572 299
s 8754 243 129
s 8755 183 91
s 8756 65 32
s 8757 310 135
s 8758 787 407
s 8759 340 177
s 8760 113 60
s 8761 90 43
s 8762 83 45
s 8763 85 49
s 8764 510 273
s 8765 45 24
s 8766 581 330
s 8767 174 94
s 8768 253 121
s 8769 25 13
s 8770 19 6
s 8771 321 183
s 8772 351 175
s 8773 321 158
s 8774 396 210
s 8775 813 427
s 8776 157 78
s 8777 77 38
s 8778 281 140
s 8779 342 173
s 8780 64 27
s 8781 66 32
s 8782 197 102
s 8783 106 59
s 8784 138 69
s 8785 118 55
s 8786 26 11
s 8787 120 50
s 8788 429 211
s 8789 718 375
s 8790 1152 570
s 8791 542 291
s 8792 546 285
s 8793 36 22
s 8794 86 36
s 8795 212 106
s 8796 81 42
s 8797 619 323
s 8798 72 33
s 8799 85 49
s 8800 255 125
s 8801 513 266
s 8802 244 106
s 8803 133 66
s 8804 414 193
s 8805 415 200
s 8806 127 56
s 8807 67 32
s 8808 626 336
s 8809 666 355
s 8810 40 19
s 8811 196 100
s 8812 242 127
s 8813 447 194
s 8814 300 143
s 8815 354 182
s 8816 472 256
s 8817 37 17
s 8818 153 68
s 8823 386 200
s 8824 98 53
s 8825 479 236
s 8827 590 289
s 8830 68 27
s 8832 480 233
s 8833 238 119
s 8835 390 186
s 8839 624 329
s 8840 251 124
s 8841 183 85
s 8842 104 53
s 8849 171 81
s 8859 133 76
s 8996 1010 493
s 8997 358 166
s 8998 149 64
s 8999 349 155
s 9000 374 161
s 9001 608 280
s 9002 890 482
s 9003 332 146
s 9004 497 216
s 9005 272 135
s 9006 332 130
s 9007 294 123
s 9008 1083 543
s 9009 1117 556
s 9010 359 160
s 9011 333 159
s 9012 154 81
s 9013 593 232
s 9014 1435 703
s 9015 623 289
s 9016 197 105
s 9017 205 110
s 9018 186 87
s 9019 177 68
s 9020 912 484
s 9021 92 43
s 9022 883 486
s 9023 315 137
s 9024 503 217
s 9025 50 14
s 9026 30 17
s 9027 695 349
s 9028 693 304
s 9029 660 323
s 9030 587 277
s 9031 1524 764
s 9032 297 133
s 9033 143 51
s 9034 914 438
s 9035 661 317
s 9036 395 195
s 9037 112 51
s 9038 299 165
s 9039 174 83
s 9040 232 114
s 9041 243 110
s 9042 43 23
s 9043 231 100
s 9044 1019 503
s 9045 1299 605
s 9046 2121 995
s 9047 999 505
s 9048 967 509
s 9049 62 26
s 9050 186 87
s 9051 345 172
s 9052 96 46
s 9053 1337 659
s 9054 113 56
s 9055 156 72
s 9056 531 260
s 9057 979 476
s 9058 482 215
s 9059 214 90
s 9060 751 364
s 9061 750 345
s 9062 231 100
s 9063 96 55
s 9064 1347 670
s 9065 959 450
s 9066 309 136
s 9067 434 206
s 9068 548 209
s 9069 647 266
s 9070 524 270
s 9071 596 300
s 9072 731 334
s 9073 107 59
s 9074 345 147
s 9079 781 366
s 9080 278 111
s 9081 673 325
s 9083 990 456
s 9086 221 109
s 9088 882 402
s 9089 519 236
s 9091 547 234
s 9095 1077 538
s 9096 483 200
s 9097 353 168
s 9098 183 92
s 9105 282 118
s 9115 184 87
s 9253 508 239
s 9254 152 86
s 9255 796 397
s 9256 526 228
s 9257 754 376
s 9258 788 389
s 9259 470 220
s 9260 749 373
s 9261 484 261
s 9262 487 219
s 9263 508 241
s 9264 1665 781
s 9265 1521 799
s 9266 555 282
s 9267 558 264
s 9268 222 114
s 9269 1030 445
s 9270 1796 877
s 9271 700 333
s 9272 427 215
s 9273 251 135
s 9274 287 138
s 9275 309 138
s 9276 799 433
s 9277 133 60
s 9278 1422 779
s 9279 503 251
s 9280 753 338
s 9281 77 35
s 9282 50 29
s 9283 790 421
s 9284 1092 499
s 9285 775 360
s 9286 839 447
s 9287 2417 1266
s 9288 493 222
s 9289 190 74
s 9290 1839 935
s 9291 1067 505
s 9292 1257 665
s 9293 99 49
s 9294 330 158
s 9295 283 134
s 9296 337 166
s 9297 266 134
s 9298 133 67
s 9299 348 163
s 9300 1322 633
s 9301 1856 875
s 9302 3447 1777
s 9303 1580 859
s 9304 1878 997
s 9305 74 40
s 9306 430 223
s 9307 459 225
s 9308 169 75
s 9309 1979 980
s 9310 155 61
s 9311 221 117
s 9312 476 241
s 9313 1339 693
s 9314 517 242
s 9315 175 85
s 9316 1066 535
s 9317 1205 560
s 9318 315 163
s 9319 137 79
s 9320 1229 649
s 9321 1526 783
s 9322 898 450
s 9323 834 441
s 9324 505 232
s 9325 940 411
s 9326 699 339
s 9327 972 504
s 9328 1087 542
s 9329 322 163
s 9330 579 278
s 9335 1244 671
s 9336 510 247
s 9337 1133 562
s 9339 1686 811
s 9342 559 256
s 9344 1482 726
s 9345 453 210
s 9347 900 457
s 9351 1120 574
s 9352 762 366
s 9353 421 202
s 9354 262 126
s 9361 441 184
s 9371 271 151
s 9510 66 36
s 9511 311 140
s 9512 72 29
s 9513 243 123
s 9514 323 157
s 9515 239 117
s 9516 270 138
s 9517 75 32
s 9518 177 83
s 9519 166 71
s 9520 614 292
s 9521 717 356
s 9522 48 20
s 9523 90 38
s 9524 73 37
s 9525 225 97
s 9526 632 300
s 9527 270 137
s 9528 138 60
s 9529 40 25
s 9530 59 26
s 9531 112 49
s 9532 373 196
s 9533 79 39
s 9534 277 148
s 9535 114 48
s 9536 87 40
s 9537 28 7
s 9538 6 4
s 9539 349 190
s 9540 125 62
s 9541 282 139
s 9542 287 141
s 9543 549 288
s 9544 90 39
s 9545 62 27
s 9546 799 405
s 9547 139 57
s 9548 630 358
s 9549 71 39
s 9550 136 74
s 9551 44 22
s 9552 100 48
s 9553 67 36
s 9554 49 22
s 9555 33 13
s 9556 236 123
s 9557 347 146
s 9558 748 361
s 9559 130 70
s 9560 427 219
s 9561 21 10
s 9562 145 64
s 9563 105 40
s 9564 66 36
s 9565 566 293
s 9566 59 28
s 9567 54 34
s 9568 214 89
s 9569 476 227
s 9570 222 99
s 9571 96 38
s 9572 212 110
s 9573 235 113
s 9574 43 23
s 9575 27 11
s 9576 529 271
s 9577 281 151
s 9578 369 173
s 9579 238 120
s 9580 185 68
s 9581 372 152
s 9582 186 100
s 9583 98 42
s 9584 117 66
s 9585 165 81
s 9586 169 81
s 9591 208 87
s 9592 203 87
s 9593 143 76
s 9595 255 108
s 9598 231 117
s 9600 351 168
s 9601 223 109
s 9603 106 52
s 9607 431 203
s 9608 239 108
s 9609 182 87
s 9610 87 28
s 9617 155 59
s 9627 61 40
s 9767 115 57
s 9768 64 25
s 9769 93 49
s 9770 42 21
s 9771 58 24
s 9772 103 34
s 9773 80 50
s 9774 91 43
s 9775 59 29
s 9776 317 158
s 9777 164 85
s 9778 110 58
s 9779 44 22
s 9780 44 22
s 9781 158 77
s 9782 269 136
s 9783 42 23
s 9784 66 34
s 9785 27 16
s 9786 38 16
s 9787 51 24
s 9788 47 23
s 9789 36 24
s 9790 174 98
s 9791 65 33
s 9792 114 55
s 9793 18 6
s 9794 11 4
s 9795 133 71
s 9796 141 65
s 9797 39 21
s 9798 128 71
s 9799 223 122
s 9800 57 20
s 9801 35 9
s 9802 322 147
s 9803 127 67
s 9804 222 134
s 9805 15 8
s 9806 18 8
s 9807 56 29
s 9808 59 32
s 9809 23 10
s 9810 26 11
s 9811 39 20
s 9812 149 69
s 9813 222 116
s 9814 520 249
s 9815 205 102
s 9816 195 103
s 9817 14 9
s 9818 131 68
s 9819 88 40
s 9820 23 11
s 9821 238 114
s 9822 22 8
s 9823 44 26
s 9824 13 5
s 9825 129 63
s 9826 37 10
s 9827 13 3
s 9828 163 74
s 9829 156 73
s 9830 38 17
s 9831 15 10
s 9832 65 30
s 9833 227 110
s 9834 173 87
s 9835 87 41
s 9836 18 7
s 9837 176 85
s 9838 104 59
s 9839 145 78
s 9840 216 126
s 9841 72 39
s 9842 77 38
s 9847 165 77
s 9848 73 37
s 9849 163 81
s 9851 268 116
s 9854 96 47
s 9856 210 105
s 9857 24 6
s 9859 156 77
s 9863 73 37
s 9864 126 49
s 9865 46 21
s 9866 49 24
s 9873 76 30
s 9883 27 16
s 10024 357 148
s 10025 491 212
s 10026 755 404
s 10027 275 128
s 10028 542 266
s 10029 311 161
s 10030 316 142
s 10031 254 114
s 10032 1105 531
s 10033 960 461
s 10034 320 156
s 10035 265 116
s 10036 97 47
s 10037 599 268
s 10038 1376 680
s 10039 626 282
s 10040 227 121
s 10041 134 74
s 10042 194 86
s 10043 139 50
s 10044 818 403
s 10045 62 31
s 10046 856 473
s 10047 291 129
s 10048 472 214
s 10049 40 17
s 10050 40 18
s 10051 667 336
s 10052 610 268
s 10053 649 294
s 10054 586 282
s 10055 1375 700
s 10056 273 117
s 10057 149 63
s 10058 569 258
s 10059 562 248
s 10060 273 144
s 10061 102 54
s 10062 251 122
s 10063 144 70
s 10064 215 98
s 10065 189 92
s 10066 43 24
s 10067 193 84
s 10068 782 363
s 10069 1143 507
s 10070 2007 916
s 10071 934 441
s 10072 977 511
s 10073 56 24
s 10074 144 63
s 10075 290 153
s 10076 109 57
s 10077 1245 573
s 10078 114 50
s 10079 138 60
s 10080 462 203
s 10081 868 380
s 10082 413 187
s 10083 165 57
s 10084 624 299
s 10085 761 356
s 10086 193 94
s 10087 76 41
s 10088 1220 636
s 10089 800 375
s 10090 144 66
s 10091 348 171
s 10092 500 218
s 10093 721 310
s 10094 463 240
s 10095 501 235
s 10096 705 325
s 10097 66 31
s 10098 335 140
s 10103 782 376
s 10104 206 86
s 10105 615 298
s 10107 1003 447
s 10110 161 69
s 10112 767 356
s 10113 449 204
s 10115 528 241
s 10119 979 499
s 10120 354 142
s 10121 282 136
s 10122 169 87
s 10129 241 88
s 10139 183 93
s 10281 218 104
s 10282 354 187
s 10283 195 102
s 10284 245 111
s 10285 69 35
s 10286 161 59
s 10287 265 114
s 10288 499 223
s 10289 633 307
s 10290 55 25
s 10291 99 52
s 10292 114 55
s 10293 251 101
s 10294 584 303
s 10295 239 117
s 10296 147 82
s 10297 43 23
s 10298 55 27
s 10299 109 43
s 10300 380 197
s 10301 60 25
s 10302 238 124
s 10303 97 54
s 10304 124 56
s 10305 33 9
s 10306 9 3
s 10307 269 134
s 10308 165 65
s 10309 273 132
s 10310 276 137
s 10311 410 203
s 10312 68 31
s 10313 81 27
s 10314 685 345
s 10315 149 66
s 10316 641 343
s 10317 66 38
s 10318 124 66
s 10319 49 21
s 10320 120 57
s 10321 98 40
s 10322 47 28
s 10323 51 18
s 10324 285 137
s 10325 376 179
s 10326 589 298
s 10327 218 108
s 10328 397 214
s 10329 31 15
s 10330 133 67
s 10331 102 49
s 10332 77 35
s 10333 607 310
s 10334 52 22
s 10335 61 25
s 10336 232 116
s 10337 389 194
s 10338 196 87
s 10339 73 32
s 10340 177 81
s 10341 241 101
s 10342 40 20
s 10343 37 10
s 10344 511 274
s 10345 273 142
s 10346 362 171
s 10347 205 102
s 10348 205 90
s 10349 301 142
s 10350 153 62
s 10351 133 67
s 10352 153 69
s 10353 119 52
s 10354 206 92
s 10359 182 87
s 10360 230 115
s 10361 189 99
s 10363 253 116
s 10366 220 108
s 10368 316 140
s 10369 197 102
s 10371 121 64
s 10375 396 203
s 10376 215 107
s 10377 168 74
s 10378 57 32
s 10385 137 52
s 10395 76 35
s 10538 310 188
s 10539 318 154
s 10540 36 14
s 10541 224 131
s 10542 52 23
s 10543 259 130
s 10544 94 43
s 10545 738 386
s 10546 196 97
s 10547 184 86
s 10548 144 79
s 10549 329 147
s 10550 54 24
s 10551 405 211
s 10552 92 46
s 10553 93 45
s 10554 139 65
s 10555 165 85
s 10556 463 235
s 10557 65 31
s 10558 499 277
s 10559 131 55
s 10560 350 164
s 10561 33 16
s 10562 13 6
s 10563 31 13
s 10564 576 301
s 10565 373 193
s 10566 50 24
s 10567 747 377
s 10568 142 78
s 10569 88 37
s 10570 2160 1154
s 10571 483 240
s 10572 798 468
s 10573 67 32
s 10574 164 90
s 10575 113 60
s 10576 35 10
s 10577 81 45
s 10578 47 28
s 10579 100 53
s 10580 577 278
s 10581 766 379
s 10582 1538 751
s 10583 658 316
s 10584 737 408
s 10585 4 3
s 10586 214 107
s 10587 163 81
s 10588 98 61
s 10589 220 106
s 10590 15 10
s 10591 21 9
s 10592 276 133
s 10593 606 294
s 10594 307 142
s 10595 134 54
s 10596 386 177
s 10597 703 371
s 10598 115 58
s 10599 45 20
s 10600 727 368
s 10601 587 305
s 10602 445 216
s 10603 342 164
s 10604 346 170
s 10605 44 21
s 10606 472 244
s 10607 343 159
s 10608 417 206
s 10609 158 90
s 10610 119 60
s 10615 507 263
s 10616 244 102
s 10617 383 227
s 10619 691 321
s 10622 299 140
s 10624 1043 498
s 10625 282 133
s 10627 396 186
s 10631 729 395
s 10632 326 131
s 10633 229 125
s 10634 38 23
s 10641 64 28
s 10651 109 58
s 10795 382 205
s 10796 316 155
s 10797 300 168
s 10798 215 103
s 10799 355 175
s 10800 738 400
s 10801 731 400
s 10802 315 178
s 10803 240 116
s 10804 182 100
s 10805 567 277
s 10806 695 342
s 10807 215 119
s 10808 250 135
s 10809 107 54
s 10810 176 96
s 10811 240 135
s 10812 328 188
s 10813 88 42
s 10814 769 463
s 10815 290 152
s 10816 452 236
s 10817 47 30
s 10818 25 16
s 10819 372 203
s 10820 693 358
s 10821 235 127
s 10822 329 192
s 10823 1091 608
s 10824 213 121
s 10825 97 37
s 10826 1502 876
s 10827 670 349
s 10828 1273 738
s 10829 49 25
s 10830 138 78
s 10831 148 76
s 10832 145 74
s 10833 88 46
s 10834 67 42
s 10835 176 88
s 10836 733 392
s 10837 1047 551
s 10838 2104 1143
s 10839 942 533
s 10840 1056 584
s 10841 43 17
s 10842 324 188
s 10843 269 150
s 10844 104 61
s 10845 904 468
s 10846 95 45
s 10847 74 39
s 10848 185 106
s 10849 607 329
s 10850 190 87
s 10851 69 32
s 10852 485 259
s 10853 847 430
s 10854 158 91
s 10855 54 29
s 10856 430 231
s 10857 868 478
s 10858 795 415
s 10859 406 213
s 10860 183 77
s 10861 356 164
s 10862 493 270
s 10863 499 261
s 10864 605 318
s 10865 251 129
s 10866 320 172
s 10871 736 409
s 10872 339 170
s 10873 610 354
s 10875 910 457
s 10878 440 250
s 10880 933 497
s 10881 173 91
s 10883 474 254
s 10887 433 246
s 10888 438 233
s 10889 203 116
s 10890 138 75
s 10897 230 115
s 10907 112 67
s 11052 347 173
s 11053 181 91
s 11054 245 109
s 11055 189 96
s 11056 835 398
s 11057 655 317
s 11058 234 104
s 11059 213 89
s 11060 101 56
s 11061 414 163
s 11062 903 439
s 11063 249 139
s 11064 188 97
s 11065 85 47
s 11066 118 55
s 11067 134 64
s 11068 300 154
s 11069 58 30
s 11070 690 381
s 11071 188 89
s 11072 280 128
s 11073 25 11
s 11074 29 14
s 11075 454 240
s 11076 431 189
s 11077 302 135
s 11078 369 187
s 11079 1013 505
s 11080 154 62
s 11081 97 35
s 11082 701 364
s 11083 370 165
s 11084 467 238
s 11085 72 34
s 11086 131 65
s 11087 112 56
s 11088 155 80
s 11089 108 58
s 11090 56 26
s 11091 147 68
s 11092 556 274
s 11093 838 386
s 11094 1391 684
s 11095 693 342
s 11096 783 412
s 11097 37 17
s 11098 188 103
s 11099 219 110
s 11100 68 33
s 11101 848 394
s 11102 58 34
s 11103 81 35
s 11104 211 108
s 11105 577 290
s 11106 207 96
s 11107 84 29
s 11108 481 238
s 11109 443 198
s 11110 125 67
s 11111 52 33
s 11112 481 263
s 11113 595 280
s 11114 347 162
s 11115 327 153
s 11116 181 77
s 11117 503 229
s 11118 303 143
s 11119 403 188
s 11120 526 266
s 11121 146 72
s 11122 249 114
s 11127 519 264
s 11128 190 80
s 11129 404 191
s 11131 655 306
s 11134 220 110
s 11136 580 260
s 11137 170 80
s 11139 395 194
s 11143 441 221
s 11144 404 176
s 11145 193 88
s 11146 132 53
s 11153 187 80
s 11163 111 56
s 11309 218 113
s 11310 45 15
s 11311 293 158
s 11312 58 27
s 11313 900 459
s 11314 337 194
s 11315 162 79
s 11316 155 76
s 11317 275 106
s 11318 40 16
s 11319 392 195
s 11320 73 33
s 11321 114 64
s 11322 115 50
s 11323 214 93
s 11324 575 295
s 11325 63 33
s 11326 567 298
s 11327 182 94
s 11328 368 145
s 11329 47 23
s 11330 23 15
s 11331 26 16
s 11332 495 238
s 11333 386 183
s 11334 54 24
s 11335 967 460
s 11336 162 81
s 11337 57 20
s 11338 1216 630
s 11339 436 229
s 11340 792 439
s 11341 78 50
s 11342 191 94
s 11343 121 61
s 11344 54 22
s 11345 96 47
s 11346 85 50
s 11347 121 48
s 11348 527 267
s 11349 844 399
s 11350 1568 798
s 11351 683 345
s 11352 678 360
s 11353 1 1
s 11354 248 132
s 11355 165 76
s 11356 95 51
s 11357 225 111
s 11358 10 4
s 11359 14 10
s 11360 281 136
s 11361 925 479
s 11362 325 131
s 11363 134 61
s 11364 453 231
s 11365 549 261
s 11366 130 62
s 11367 54 28
s 11368 819 420
s 11369 693 353
s 11370 543 270
s 11371 333 179
s 11372 311 154
s 11373 23 8
s 11374 427 233
s 11375 443 202
s 11376 539 275
s 11377 218 118
s 11378 108 42
s 11383 476 243
s 11384 336 154
s 11385 546 284
s 11387 623 287
s 11390 359 181
s 11392 749 382
s 11393 309 150
s 11395 392 193
s 11399 768 418
s 11400 421 210
s 11401 287 142
s 11402 30 18
s 11409 77 34
s 11419 131 73
s 11566 134 66
s 11567 146 71
s 11568 559 285
s 11569 591 339
s 11570 89 44
s 11571 107 53
s 11572 76 45
s 11573 257 127
s 11574 531 274
s 11575 210 115
s 11576 127 66
s 11577 62 34
s 11578 69 35
s 11579 103 53
s 11580 326 189
s 11581 50 22
s 11582 216 122
s 11583 89 52
s 11584 145 75
s 11585 20 10
s 11586 14 9
s 11587 279 165
s 11588 170 84
s 11589 265 136
s 11590 225 120
s 11591 406 225
s 11592 86 42
s 11593 66 30
s 11594 635 364
s 11595 143 67
s 11596 471 274
s 11597 33 14
s 11598 124 72
s 11599 40 16
s 11600 95 46
s 11601 89 54
s 11602 49 29
s 11603 44 21
s 11604 271 151
s 11605 386 201
s 11606 619 341
s 11607 261 124
s 11608 336 192
s 11609 30 17
s 11610 120 59
s 11611 105 59
s 11612 57 34
s 11613 531 263
s 11614 56 33
s 11615 52 30
s 11616 208 109
s 11617 427 237
s 11618 198 81
s 11619 69 37
s 11620 183 93
s 11621 220 101
s 11622 50 26
s 11623 29 17
s 11624 487 265
s 11625 300 159
s 11626 311 152
s 11627 189 106
s 11628 192 96
s 11629 305 150
s 11630 217 120
s 11631 115 70
s 11632 167 89
s 11633 112 64
s 11634 155 76
s 11639 200 116
s 11640 166 68
s 11641 189 112
s 11643 271 139
s 11646 180 100
s 11648 315 150
s 11649 185 96
s 11651 147 77
s 11655 462 263
s 11656 184 98
s 11657 165 71
s 11658 108 56
s 11665 140 67
s 11675 73 38
s 11823 179 67
s 11824 117 56
s 11825 722 349
s 11826 201 98
s 11827 167 76
s 11828 102 49
s 11829 206 81
s 11830 123 48
s 11831 330 167
s 11832 38 11
s 11833 118 52
s 11834 89 39
s 11835 139 54
s 11836 436 212
s 11837 74 33
s 11838 424 212
s 11839 122 66
s 11840 278 133
s 11841 38 15
s 11842 20 11
s 11843 36 16
s 11844 355 167
s 11845 313 146
s 11846 75 32
s 11847 700 338
s 11848 127 50
s 11849 43 20
s 11850 855 408
s 11851 272 123
s 11852 563 305
s 11853 66 31
s 11854 151 72
s 11855 94 43
s 11856 45 25
s 11857 84 41
s 11858 58 26
s 11859 119 49
s 11860 487 228
s 11861 703 318
s 11862 1203 565
s 11863 505 258
s 11864 483 241
s 11865 11 3
s 11866 182 93
s 11867 137 65
s 11868 110 66
s 11869 220 100
s 11870 9 3
s 11871 26 14
s 11872 256 123
s 11873 521 231
s 11874 251 112
s 11875 96 45
s 11876 414 186
s 11877 356 168
s 11878 89 42
s 11879 42 12
s 11880 566 271
s 11881 548 274
s 11882 404 198
s 11883 303 152
s 11884 202 80
s 11885 84 31
s 11886 303 138
s 11887 323 142
s 11888 438 225
s 11889 150 83
s 11890 93 42
s 11895 406 204
s 11896 280 131
s 11897 289 124
s 11899 555 258
s 11902 271 134
s 11904 556 242
s 11905 259 120
s 11907 350 168
s 11911 544 268
s 11912 294 134
s 11913 212 91
s 11914 39 14
s 11921 96 45
s 11931 113 45
s 12080 696 346
s 12081 608 313
s 12082 211 115
s 12083 193 88
s 12084 102 51
s 12085 372 167
s 12086 764 376
s 12087 229 93
s 12088 159 81
s 12089 90 42
s 12090 116 56
s 12091 100 44
s 12092 312 168
s 12093 42 24
s 12094 533 288
s 12095 164 82
s 12096 243 106
s 12097 39 14
s 12098 19 10
s 12099 376 196
s 12100 319 145
s 12101 259 120
s 12102 317 174
s 12103 872 437
s 12104 158 73
s 12105 83 40
s 12106 607 306
s 12107 334 142
s 12108 418 209
s 12109 51 27
s 12110 125 54
s 12111 100 45
s 12112 130 67
s 12113 112 59
s 12114 44 28
s 12115 123 51
s 12116 505 248
s 12117 655 307
s 12118 1133 551
s 12119 543 258
s 12120 612 343
s 12121 26 15
s 12122 166 84
s 12123 189 92
s 12124 69 35
s 12125 726 336
s 12126 62 30
s 12127 74 33
s 12128 169 77
s 12129 487 254
s 12130 185 73
s 12131 71 31
s 12132 400 196
s 12133 397 195
s 12134 98 55
s 12135 44 26
s 12136 486 253
s 12137 516 260
s 12138 299 147
s 12139 271 143
s 12140 174 78
s 12141 445 184
s 12142 235 100
s 12143 276 143
s 12144 428 215
s 12145 102 47
s 12146 197 86
s 12151 434 228
s 12152 168 73
s 12153 343 175
s 12155 510 223
s 12158 152 65
s 12160 461 218
s 12161 150 63
s 12163 294 134
s 12167 379 195
s 12168 286 133
s 12169 160 67
s 12170 83 41
s 12177 185 70
s 12187 101 46
s 12337 2615 1350
s 12338 752 426
s 12339 560 264
s 12340 363 181
s 12341 604 258
s 12342 65 33
s 12343 1242 616
s 12344 174 84
s 12345 361 199
s 12346 354 172
s 12347 582 287
s 12348 1649 888
s 12349 271 133
s 12350 1597 892
s 12351 382 192
s 12352 774 374
s 12353 147 69
s 12354 65 29
s 12355 41 21
s 12356 1110 534
s 12357 1080 521
s 12358 95 45
s 12359 2558 1398
s 12360 367 168
s 12361 145 58
s 12362 3104 1593
s 12363 998 469
s 12364 2273 1248
s 12365 272 147
s 12366 596 336
s 12367 417 202
s 12368 150 82
s 12369 217 109
s 12370 219 126
s 12371 438 195
s 12372 1557 742
s 12373 2372 1182
s 12374 3860 1934
s 12375 1628 824
s 12376 1908 1026
s 12377 12 8
s 12378 830 455
s 12379 891 449
s 12380 384 239
s 12381 546 273
s 12382 23 7
s 12383 32 13
s 12384 711 335
s 12385 1948 986
s 12386 836 379
s 12387 329 143
s 12388 1329 696
s 12389 1463 704
s 12390 353 179
s 12391 161 86
s 12392 2027 1080
s 12393 2107 1053
s 12394 1555 788
s 12395 1041 540
s 12396 653 298
s 12397 66 24
s 12398 1060 523
s 12399 1192 620
s 12400 1537 783
s 12401 630 310
s 12402 350 182
s 12407 1282 653
s 12408 861 411
s 12409 1217 641
s 12411 1948 944
s 12414 922 475
s 12416 1799 881
s 12417 832 402
s 12419 1215 609
s 12423 1945 1013
s 12424 1107 565
s 12425 819 395
s 12426 95 57
s 12433 242 110
s 12443 345 179
s 12594 863 489
s 12595 531 291
s 12596 367 214
s 12597 1145 553
s 12598 2380 1302
s 12599 728 386
s 12600 601 332
s 12601 265 134
s 12602 436 214
s 12603 376 183
s 12604 785 449
s 12605 192 99
s 12606 1821 1050
s 12607 577 307
s 12608 803 388
s 12609 101 51
s 12610 74 34
s 12611 1178 654
s 12612 1459 805
s 12613 654 337
s 12614 955 537
s 12615 2346 1239
s 12616 526 270
s 12617 222 116
s 12618 2490 1336
s 12619 1133 579
s 12620 1714 967
s 12621 147 80
s 12622 333 198
s 12623 374 167
s 12624 448 261
s 12625 223 127
s 12626 194 99
s 12627 396 187
s 12628 1391 727
s 12629 2290 1210
s 12630 4261 2230
s 12631 1735 919
s 12632 1769 972
s 12633 129 58
s 12634 721 384
s 12635 820 428
s 12636 232 142
s 12637 2103 1128
s 12638 238 121
s 12639 228 108
s 12640 394 207
s 12641 1306 719
s 12642 498 244
s 12643 168 80
s 12644 1186 630
s 12645 1547 799
s 12646 315 179
s 12647 134 79
s 12648 925 486
s 12649 2309 1226
s 12650 1144 599
s 12651 826 458
s 12652 391 192
s 12653 1608 796
s 12654 991 530
s 12655 1282 704
s 12656 1684 882
s 12657 463 251
s 12658 569 283
s 12663 1507 803
s 12664 535 237
s 12665 1578 876
s 12667 2275 1127
s 12670 641 340
s 12672 1777 913
s 12673 353 180
s 12675 1311 716
s 12679 1111 643
s 12680 966 492
s 12681 475 253
s 12682 368 193
s 12689 594 289
s 12699 309 175
s 12851 97 44
s 12852 124 75
s 12853 345 159
s 12854 751 392
s 12855 354 195
s 12856 147 74
s 12857 66 42
s 12858 53 26
s 12859 191 108
s 12860 453 264
s 12861 103 48
s 12862 409 257
s 12863 111 64
s 12864 90 44
s 12865 38 19
s 12866 3 1
s 12867 320 171
s 12868 139 74
s 12869 300 168
s 12870 381 207
s 12871 622 336
s 12872 105 48
s 12873 57 21
s 12874 998 531
s 12875 117 62
s 12876 677 394
s 12877 87 48
s 12878 203 109
s 12879 53 28
s 12880 150 80
s 12881 89 54
s 12882 86 55
s 12883 51 29
s 12884 250 127
s 12885 353 187
s 12886 902 482
s 12887 145 75
s 12888 512 304
s 12889 51 25
s 12890 199 95
s 12891 145 79
s 12892 120 68
s 12893 666 360
s 12894 43 19
s 12895 87 51
s 12896 210 102
s 12897 514 291
s 12898 261 131
s 12899 137 62
s 12900 199 95
s 12901 276 139
s 12902 32 17
s 12903 33 18
s 12904 608 346
s 12905 406 208
s 12906 452 243
s 12907 269 155
s 12908 177 101
s 12909 459 214
s 12910 234 132
s 12911 79 36
s 12912 138 71
s 12913 226 129
s 12914 207 110
s 12919 253 123
s 12920 253 133
s 12921 204 120
s 12923 374 185
s 12926 243 127
s 12928 402 211
s 12929 230 118
s 12931 132 75
s 12935 571 294
s 12936 310 162
s 12937 265 126
s 12938 78 48
s 12945 228 116
s 12955 95 51
s 13108 104 55
s 13109 279 151
s 13110 450 232
s 13111 343 178
s 13112 146 77
s 13113 51 31
s 13114 68 42
s 13115 113 53
s 13116 289 151
s 13117 49 27
s 13118 162 83
s 13119 106 52
s 13120 106 50
s 13121 33 13
s 13122 17 7
s 13123 217 106
s 13124 153 72
s 13125 231 106
s 13126 208 109
s 13127 252 123
s 13128 90 52
s 13129 46 20
s 13130 625 331
s 13131 170 83
s 13132 514 284
s 13133 49 30
s 13134 121 65
s 13135 32 13
s 13136 101 50
s 13137 64 31
s 13138 46 31
s 13139 30 14
s 13140 192 80
s 13141 307 153
s 13142 604 278
s 13143 225 123
s 13144 242 126
s 13145 26 17
s 13146 142 73
s 13147 123 68
s 13148 84 46
s 13149 493 206
s 13150 46 20
s 13151 63 42
s 13152 127 60
s 13153 300 148
s 13154 195 95
s 13155 75 29
s 13156 128 58
s 13157 243 122
s 13158 40 21
s 13159 25 11
s 13160 397 192
s 13161 227 108
s 13162 324 153
s 13163 147 72
s 13164 189 81
s 13165 273 117
s 13166 188 99
s 13167 137 68
s 13168 168 86
s 13169 103 49
s 13170 166 81
s 13175 192 85
s 13176 169 80
s 13177 119 52
s 13179 255 118
s 13182 213 114
s 13184 360 189
s 13185 184 84
s 13187 112 52
s 13191 364 187
s 13192 167 77
s 13193 148 73
s 13194 84 38
s 13201 136 59
s 13211 52 21
s 13365 170 88
s 13366 356 186
s 13367 258 156
s 13368 58 32
s 13369 51 29
s 13370 55 27
s 13371 70 33
s 13372 250 154
s 13373 35 13
s 13374 302 174
s 13375 89 51
s 13376 122 52
s 13377 27 19
s 13378 9 5
s 13379 146 79
s 13380 154 67
s 13381 205 101
s 13382 128 68
s 13383 469 285
s 13384 82 33
s 13385 39 21
s 13386 260 139
s 13387 155 84
s 13388 147 74
s 13389 43 19
s 13390 83 41
s 13391 55 29
s 13392 64 32
s 13393 53 31
s 13394 27 20
s 13395 55 25
s 13396 234 124
s 13397 356 176
s 13398 648 346
s 13399 233 119
s 13400 284 159
s 13401 16 6
s 13402 107 59
s 13403 1161 722
s 13404 49 30
s 13405 368 190
s 13406 22 14
s 13407 42 24
s 13408 134 73
s 13409 286 148
s 13410 146 66
s 13411 55 31
s 13412 201 106
s 13413 231 130
s 13414 64 37
s 13415 23 12
s 13416 333 194
s 13417 314 165
s 13418 110 65
s 13419 139 76
s 13420 140 71
s 13421 218 90
s 13422 162 96
s 13423 169 91
s 13424 264 142
s 13425 44 23
s 13426 92 54
s 13431 272 148
s 13432 85 51
s 13433 201 109
s 13435 327 155
s 13438 73 35
s 13440 265 144
s 13441 154 82
s 13443 200 113
s 13447 359 201
s 13448 155 84
s 13449 107 52
s 13450 47 22
s 13457 82 44
s 13467 66 35
s 13622 726 322
s 13623 622 298
s 13624 171 89
s 13625 136 60
s 13626 184 79
s 13627 272 110
s 13628 737 383
s 13629 89 42
s 13630 791 415
s 13631 231 103
s 13632 410 171
s 13633 53 26
s 13634 31 9
s 13635 358 177
s 13636 508 235
s 13637 623 284
s 13638 359 143
s 13639 1470 709
s 13640 255 114
s 13641 129 55
s 13642 1330 614
s 13643 556 238
s 13644 921 453
s 13645 104 46
s 13646 259 121
s 13647 130 51
s 13648 153 71
s 13649 171 72
s 13650 88 43
s 13651 195 90
s 13652 762 333
s 13653 1032 434
s 13654 1779 861
s 13655 829 378
s 13656 930 460
s 13657 45 20
s 13658 306 145
s 13659 220 108
s 13660 122 64
s 13661 829 401
s 13662 67 24
s 13663 97 48
s 13664 454 210
s 13665 809 374
s 13666 444 194
s 13667 171 63
s 13668 727 345
s 13669 608 272
s 13670 152 74
s 13671 87 45
s 13672 1077 492
s 13673 792 361
s 13674 732 348
s 13675 489 224
s 13676 453 196
s 13677 346 120
s 13678 460 214
s 13679 392 193
s 13680 603 267
s 13681 241 114
s 13682 300 132
s 13687 700 324
s 13688 449 182
s 13689 447 188
s 13691 897 389
s 13694 481 221
s 13696 869 401
s 13697 452 201
s 13699 444 209
s 13703 903 406
s 13704 477 199
s 13705 337 145
s 13706 126 60
s 13713 193 81
s 13723 179 72
s 13879 1296 697
s 13880 191 86
s 13881 289 142
s 13882 376 185
s 13883 542 276
s 13884 1493 831
s 13885 180 97
s 13886 1670 962
s 13887 433 219
s 13888 840 404
s 13889 138 67
s 13890 57 28
s 13891 35 13
s 13892 1300 669
s 13893 1200 620
s 13894 93 46
s 13895 2681 1446
s 13896 374 202
s 13897 178 82
s 13898 3140 1733
s 13899 1166 612
s 13900 2471 1391
s 13901 213 108
s 13902 526 269
s 13903 336 158
s 13904 118 67
s 13905 251 144
s 13906 162 94
s 13907 325 154
s 13908 1453 774
s 13909 2042 986
s 13910 4375 2385
s 13911 1784 965
s 13912 2027 1122
s 13913 17 4
s 13914 748 407
s 13915 542 267
s 13916 279 140
s 13917 546 287
s 13918 13 7
s 13919 29 19
s 13920 778 403
s 13921 1865 971
s 13922 995 466
s 13923 323 149
s 13924 1055 517
s 13925 1536 759
s 13926 309 159
s 13927 146 79
s 13928 2108 1168
s 13929 1772 945
s 13930 1613 788
s 13931 1029 544
s 13932 803 378
s 13933 56 29
s 13934 1046 565
s 13935 1013 508
s 13936 1623 889
s 13937 594 331
s 13938 269 139
s 13943 1398 714
s 13944 901 432
s 13945 1324 696
s 13947 2128 1033
s 13950 924 484
s 13952 2061 1096
s 13953 800 397
s 13955 1161 594
s 13959 1883 1025
s 13960 989 503
s 13961 734 386
s 13962 98 54
s 13969 259 125
s 13979 363 207
s 14136 289 170
s 14137 109 64
s 14138 156 84
s 14139 222 107
s 14140 74 33
s 14141 111 55
s 14142 1965 1131
s 14143 209 100
s 14144 391 179
s 14145 61 31
s 14146 30 8
s 14147 586 315
s 14148 514 239
s 14149 77 30
s 14150 526 289
s 14151 2256 1243
s 14152 226 111
s 14153 109 45
s 14154 1452 745
s 14155 478 244
s 14156 1292 746
s 14157 30 11
s 14158 33 17
s 14159 144 75
s 14160 224 115
s 14161 82 32
s 14162 118 79
s 14163 201 89
s 14164 602 316
s 14165 863 431
s 14166 1700 883
s 14167 974 536
s 14168 1276 693
s 14169 57 33
s 14170 404 216
s 14171 354 202
s 14172 74 45
s 14173 1275 688
s 14174 128 64
s 14175 122 64
s 14176 24 11
s 14177 464 251
s 14178 79 30
s 14179 25 10
s 14180 695 329
s 14181 550 251
s 14182 150 75
s 14183 65 41
s 14184 115 55
s 14185 850 443
s 14186 958 475
s 14187 644 353
s 14188 28 9
s 14189 789 370
s 14190 424 208
s 14191 530 282
s 14192 836 434
s 14193 317 170
s 14194 356 165
s 14199 658 345
s 14200 382 207
s 14201 565 293
s 14203 873 434
s 14206 441 241
s 14208 833 417
s 14209 39 20
s 14211 515 247
s 14215 141 75
s 14216 528 263
s 14217 151 71
s 14218 168 90
s 14225 344 165
s 14235 108 60
s 14393 106 67
s 14394 78 36
s 14395 91 43
s 14396 361 192
s 14397 52 29
s 14398 299 159
s 14399 84 33
s 14400 188 100
s 14401 33 16
s 14402 17 9
s 14403 93 48
s 14404 246 127
s 14405 287 122
s 14406 109 45
s 14407 598 330
s 14408 97 41
s 14409 52 25
s 14410 570 293
s 14411 252 134
s 14412 436 248
s 14413 58 30
s 14414 124 75
s 14415 69 37
s 14416 38 20
s 14417 61 40
s 14418 44 32
s 14419 103 45
s 14420 371 200
s 14421 549 281
s 14422 856 455
s 14423 403 229
s 14424 402 199
s 14425 12 4
s 14426 150 78
s 14427 105 44
s 14428 64 45
s 14429 254 116
s 14430 24 9
s 14431 20 15
s 14432 198 98
s 14433 370 186
s 14434 181 97
s 14435 62 27
s 14436 371 201
s 14437 319 166
s 14438 88 52
s 14439 45 19
s 14440 509 263
s 14441 396 212
s 14442 299 158
s 14443 250 134
s 14444 191 104
s 14445 93 45
s 14446 218 135
s 14447 249 117
s 14448 293 157
s 14449 99 51
s 14450 97 54
s 14455 303 173
s 14456 147 72
s 14457 259 136
s 14459 460 238
s 14462 183 98
s 14464 386 198
s 14465 178 95
s 14467 245 142
s 14471 435 217
s 14472 234 121
s 14473 183 100
s 14474 37 20
s 14481 77 27
s 14491 77 38
s 14650 26 12
s 14651 53 27
s 14652 141 74
s 14653 34 21
s 14654 173 108
s 14655 64 35
s 14656 87 43
s 14657 6 3
s 14658 5 2
s 14659 103 52
s 14660 126 65
s 14661 69 34
s 14662 143 70
s 14663 249 131
s 14664 58 32
s 14665 36 16
s 14666 393 209
s 14667 118 62
s 14668 303 180
s 14669 26 13
s 14670 50 27
s 14671 25 13
s 14672 68 41
s 14673 46 26
s 14674 29 14
s 14675 29 15
s 14676 136 66
s 14677 178 95
s 14678 507 281
s 14679 137 73
s 14680 212 114
s 14681 14 9
s 14682 98 50
s 14683 88 43
s 14684 39 30
s 14685 304 165
s 14686 37 20
s 14687 40 25
s 14688 57 30
s 14689 216 125
s 14690 62 32
s 14691 32 17
s 14692 111 52
s 14693 146 88
s 14694 39 21
s 14695 17 12
s 14696 178 112
s 14697 241 143
s 14698 208 111
s 14699 107 54
s 14700 68 29
s 14701 196 88
s 14702 114 70
s 14703 99 45
s 14704 138 88
s 14705 89 49
s 14706 84 52
s 14711 134 66
s 14712 105 54
s 14713 135 74
s 14715 244 142
s 14718 113 57
s 14720 224 118
s 14721 63 33
s 14723 100 50
s 14727 190 103
s 14728 136 74
s 14729 72 40
s 14730 67 34
s 14737 80 41
s 14747 24 15
s 14907 79 41
s 14908 180 82
s 14909 38 15
s 14910 222 131
s 14911 68 42
s 14912 83 40
s 14913 14 6
s 14914 9 3
s 14915 190 101
s 14916 94 46
s 14917 181 80
s 14918 160 68
s 14919 355 175
s 14920 68 28
s 14921 45 21
s 14922 378 193
s 14923 128 62
s 14924 382 203
s 14925 37 22
s 14926 70 38
s 14927 27 11
s 14928 73 38
s 14929 50 28
s 14930 21 12
s 14931 41 20
s 14932 182 90
s 14933 221 108
s 14934 462 224
s 14935 184 106
s 14936 266 145
s 14937 19 5
s 14938 80 42
s 14939 77 39
s 14940 34 18
s 14941 372 184
s 14942 27 17
s 14943 50 25
s 14944 103 47
s 14945 205 96
s 14946 133 56
s 14947 39 22
s 14948 136 74
s 14949 140 66
s 14950 32 15
s 14951 15 10
s 14952 304 146
s 14953 191 118
s 14954 272 139
s 14955 169 82
s 14956 112 41
s 14957 210 94
s 14958 121 64
s 14959 86 49
s 14960 118 68
s 14961 66 35
s 14962 121 55
s 14967 202 108
s 14968 154 75
s 14969 106 49
s 14971 205 107
s 14974 127 54
s 14976 248 123
s 14977 102 50
s 14979 88 49
s 14983 238 122
s 14984 146 80
s 14985 131 64
s 14986 58 31
s 14993 104 46
s 15003 44 19
s 15164 284 143
s 15165 50 29
s 15166 373 195
s 15167 122 59
s 15168 189 91
s 15169 24 11
s 15170 15 8
s 15171 213 99
s 15172 269 118
s 15173 201 89
s 15174 234 110
s 15175 541 269
s 15176 115 47
s 15177 41 14
s 15178 383 186
s 15179 207 99
s 15180 193 88
s 15181 39 19
s 15182 112 56
s 15183 66 30
s 15184 97 45
s 15185 78 41
s 15186 36 14
s 15187 95 48
s 15188 273 107
s 15189 459 188
s 15190 785 390
s 15191 383 189
s 15192 415 207
s 15193 24 10
s 15194 111 49
s 15195 166 85
s 15196 51 25
s 15197 531 256
s 15198 35 15
s 15199 59 26
s 15200 144 72
s 15201 330 169
s 15202 160 74
s 15203 58 22
s 15204 298 134
s 15205 287 125
s 15206 56 29
s 15207 32 15
s 15208 336 160
s 15209 418 209
s 15210 145 58
s 15211 175 76
s 15212 156 79
s 15213 344 144
s 15214 171 81
s 15215 321 155
s 15216 362 173
s 15217 57 23
s 15218 155 59
s 15223 311 152
s 15224 88 42
s 15225 280 130
s 15227 468 207
s 15230 91 48
s 15232 331 166
s 15233 129 57
s 15235 266 134
s 15239 347 173
s 15240 193 81
s 15241 117 55
s 15242 59 24
s 15249 139 68
s 15259 75 32
s 15421 129 66
s 15422 920 524
s 15423 333 160
s 15424 602 304
s 15425 56 26
s 15426 33 17
s 15427 767 441
s 15428 764 382
s 15429 95 48
s 15430 564 270
s 15431 1446 801
s 15432 307 156
s 15433 143 69
s 15434 1836 1030
s 15435 731 365
s 15436 1541 887
s 15437 40 19
s 15438 37 26
s 15439 204 97
s 15440 333 165
s 15441 80 48
s 15442 150 91
s 15443 243 122
s 15444 882 469
s 15445 1111 565
s 15446 2565 1388
s 15447 1101 595
s 15448 1107 621
s 15449 59 32
s 15450 483 277
s 15451 608 349
s 15452 135 78
s 15453 1342 721
s 15454 134 66
s 15455 150 80
s 15456 48 20
s 15457 534 289
s 15458 94 38
s 15459 30 13
s 15460 685 362
s 15461 910 467
s 15462 191 101
s 15463 79 45
s 15464 159 90
s 15465 1284 696
s 15466 1011 513
s 15467 623 309
s 15468 35 22
s 15469 863 414
s 15470 303 173
s 15471 631 344
s 15472 1011 575
s 15473 372 218
s 15474 418 200
s 15479 985 546
s 15480 408 202
s 15481 868 469
s 15483 1396 699
s 15486 550 266
s 15488 1072 589
s 15489 64 34
s 15491 738 398
s 15495 127 62
s 15496 603 319
s 15497 169 96
s 15498 238 119
s 15505 361 171
s 15515 107 57
s 15678 173 91
s 15679 58 23
s 15680 85 49
s 15681 9 5
s 15682 12 4
s 15683 97 47
s 15684 131 49
s 15685 88 42
s 15686 89 37
s 15687 271 139
s 15688 44 14
s 15689 23 8
s 15690 182 95
s 15691 97 47
s 15692 123 64
s 15693 35 20
s 15694 52 31
s 15695 37 13
s 15696 27 14
s 15697 36 25
s 15698 15 9
s 15699 56 24
s 15700 151 72
s 15701 245 128
s 15702 368 171
s 15703 174 87
s 15704 170 94
s 15705 16 6
s 15706 68 35
s 15707 94 50
s 15708 30 15
s 15709 185 98
s 15710 23 11
s 15711 13 9
s 15712 62 26
s 15713 149 75
s 15714 72 31
s 15715 26 13
s 15716 155 72
s 15717 147 72
s 15718 36 22
s 15719 28 15
s 15720 201 104
s 15721 279 145
s 15722 69 33
s 15723 90 51
s 15724 48 25
s 15725 152 62
s 15726 125 64
s 15727 147 59
s 15728 209 113
s 15729 37 16
s 15730 50 20
s 15735 156 76
s 15736 56 28
s 15737 154 78
s 15739 218 106
s 15742 41 16
s 15744 181 93
s 15745 61 33
s 15747 150 73
s 15751 203 117
s 15752 123 59
s 15753 79 36
s 15754 32 18
s 15761 61 28
s 15771 32 14
s 15935 194 91
s 15936 377 185
s 15937 96 49
s 15938 25 11
s 15939 794 484
s 15940 502 306
s 15941 794 455
s 15942 634 350
s 15943 586 296
s 15944 206 103
s 15945 138 66
s 15946 1778 1004
s 15947 446 234
s 15948 1679 1021
s 15949 167 96
s 15950 330 198
s 15951 110 56
s 15952 330 185
s 15953 193 102
s 15954 157 95
s 15955 152 83
s 15956 638 337
s 15957 887 450
s 15958 1361 801
s 15959 970 560
s 15960 519 281
s 15961 78 41
s 15962 414 232
s 15963 401 239
s 15964 228 125
s 15965 1478 801
s 15966 154 85
s 15967 145 63
s 15968 488 270
s 15969 926 537
s 15970 622 293
s 15971 204 108
s 15972 352 170
s 15973 552 306
s 15974 141 79
s 15975 72 44
s 15976 1259 733
s 15977 654 365
s 15978 1144 619
s 15979 485 281
s 15980 532 298
s 15981 922 457
s 15982 505 289
s 15983 553 305
s 15984 933 560
s 15985 386 223
s 15986 457 258
s 15991 515 292
s 15992 562 306
s 15993 496 287
s 15995 667 373
s 15998 592 326
s 16000 873 476
s 16001 471 269
s 16003 497 281
s 16007 1293 777
s 16008 540 304
s 16009 480 280
s 16010 220 121
s 16017 415 210
s 16027 191 107
s 16192 171 84
s 16193 30 14
s 16194 12 4
s 16195 161 72
s 16196 197 95
s 16197 215 108
s 16198 171 81
s 16199 478 221
s 16200 80 40
s 16201 60 22
s 16202 707 349
s 16203 217 102
s 16204 538 280
s 16205 45 16
s 16206 120 54
s 16207 58 27
s 16208 67 34
s 16209 74 41
s 16210 50 31
s 16211 71 39
s 16212 328 155
s 16213 463 225
s 16214 767 360
s 16215 346 185
s 16216 337 155
s 16217 20 8
s 16218 113 50
s 16219 126 67
s 16220 54 31
s 16221 447 226
s 16222 48 27
s 16223 47 25
s 16224 184 75
s 16225 386 186
s 16226 199 89
s 16227 84 31
s 16228 248 120
s 16229 240 118
s 16230 64 26
s 16231 22 12
s 16232 468 247
s 16233 299 132
s 16234 340 146
s 16235 179 85
s 16236 173 75
s 16237 242 107
s 16238 220 129
s 16239 203 118
s 16240 244 108
s 16241 150 72
s 16242 145 79
s 16247 229 106
s 16248 202 98
s 16249 201 114
s 16251 299 139
s 16254 240 134
s 16256 369 178
s 16257 175 71
s 16259 197 91
s 16263 408 208
s 16264 205 107
s 16265 156 77
s 16266 60 34
s 16273 121 51
s 16283 65 31
s 16449 39 17
s 16450 12 4
s 16451 420 209
s 16452 186 83
s 16453 378 163
s 16454 410 193
s 16455 708 356
s 16456 140 66
s 16457 83 39
s 16458 1056 511
s 16459 217 91
s 16460 770 382
s 16461 80 39
s 16462 202 101
s 16463 53 21
s 16464 160 71
s 16465 137 68
s 16466 80 41
s 16467 62 27
s 16468 370 180
s 16469 549 258
s 16470 1006 488
s 16471 236 115
s 16472 557 288
s 16473 31 12
s 16474 200 103
s 16475 146 54
s 16476 90 42
s 16477 835 414
s 16478 83 41
s 16479 105 45
s 16480 282 130
s 16481 648 322
s 16482 309 135
s 16483 119 50
s 16484 294 135
s 16485 367 161
s 16486 71 33
s 16487 38 22
s 16488 729 366
s 16489 387 191
s 16490 514 250
s 16491 307 135
s 16492 290 123
s 16493 462 191
s 16494 306 139
s 16495 149 69
s 16496 197 97
s 16497 203 120
s 16498 255 109
s 16503 229 108
s 16504 283 122
s 16505 184 86
s 16507 385 185
s 16510 337 154
s 16512 494 224
s 16513 318 138
s 16515 169 74
s 16519 677 326
s 16520 305 126
s 16521 251 106
s 16522 111 52
s 16529 232 85
s 16539 97 45
s 16706 4 3
s 16707 66 38
s 16708 50 22
s 16709 35 15
s 16710 58 30
s 16711 137 55
s 16712 22 10
s 16713 11 9
s 16714 139 67
s 16715 46 21
s 16716 72 37
s 16717 12 7
s 16718 30 14
s 16719 16 6
s 16720 23 11
s 16721 16 9
s 16722 18 6
s 16723 19 11
s 16724 75 39
s 16725 108 48
s 16726 182 77
s 16727 74 31
s 16728 96 48
s 16729 5 1
s 16730 36 16
s 16731 40 20
s 16732 12 6
s 16733 122 52
s 16734 10 5
s 16735 14 7
s 16736 24 10
s 16737 88 37
s 16738 34 13
s 16739 16 4
s 16740 84 33
s 16741 66 37
s 16742 14 8
s 16743 6 4
s 16744 83 33
s 16745 95 45
s 16746 53 22
s 16747 41 18
s 16748 20 9
s 16749 73 30
s 16750 58 32
s 16751 46 22
s 16752 78 44
s 16753 23 13
s 16754 37 20
s 16759 59 33
s 16760 38 14
s 16761 90 45
s 16763 94 42
s 16766 46 20
s 16768 90 46
s 16769 25 13
s 16771 57 28
s 16775 80 51
s 16776 59 27
s 16777 28 10
s 16778 22 10
s 16785 42 18
s 16795 19 13
s 16963 47 28
s 16964 12 3
s 16965 29 10
s 16966 29 13
s 16967 54 31
s 16968 17 6
s 16969 3 0
s 16970 82 49
s 16971 10 4
s 16972 56 31
s 16973 9 5
s 16974 27 13
s 16975 3 1
s 16976 18 7
s 16977 10 1
s 16978 9 5
s 16979 2 1
s 16980 26 12
s 16981 31 14
s 16982 73 35
s 16983 14 5
s 16984 35 19
s 16985 5 0
s 16986 10 6
s 16987 9 6
s 16988 8 4
s 16989 49 25
s 16990 6 1
s 16991 7 3
s 16992 25 11
s 16993 48 30
s 16994 21 10
s 16995 8 4
s 16996 19 8
s 16997 20 7
s 16998 5 3
s 16999 3 1
s 17000 48 27
s 17001 31 18
s 17002 50 27
s 17003 28 14
s 17004 14 4
s 17005 53 18
s 17006 17 10
s 17007 2 1
s 17008 9 8
s 17009 17 9
s 17010 11 6
s 17015 23 13
s 17016 28 13
s 17017 16 7
s 17019 45 21
s 17022 27 14
s 17024 32 12
s 17025 19 12
s 17027 19 8
s 17031 50 23
s 17032 20 13
s 17033 19 7
s 17034 10 3
s 17041 21 9
s 17051 8 4
s 17220 623 325
s 17221 566 307
s 17222 47 25
s 17223 1176 664
s 17224 214 96
s 17225 64 33
s 17226 1533 846
s 17227 641 350
s 17228 1185 689
s 17229 125 68
s 17230 254 132
s 17231 152 68
s 17232 43 21
s 17233 120 59
s 17234 70 37
s 17235 179 86
s 17236 645 318
s 17237 1024 524
s 17238 1870 1006
s 17239 848 466
s 17240 993 548
s 17241 10 5
s 17242 343 190
s 17243 210 115
s 17244 118 65
s 17245 292 164
s 17246 5 2
s 17247 18 10
s 17248 393 213
s 17249 780 407
s 17250 382 181
s 17251 143 69
s 17252 440 226
s 17253 746 407
s 17254 149 86
s 17255 70 40
s 17256 1088 583
s 17257 813 448
s 17258 757 402
s 17259 465 256
s 17260 385 188
s 17261 22 9
s 17262 545 297
s 17263 519 285
s 17264 680 382
s 17265 277 155
s 17266 146 74
s 17271 699 361
s 17272 446 218
s 17273 639 353
s 17275 940 473
s 17278 462 244
s 17280 869 460
s 17281 378 189
s 17283 487 252
s 17287 957 527
s 17288 540 288
s 17289 377 209
s 17290 45 27
s 17297 114 50
s 17307 171 94
s 17477 523 232
s 17478 466 229
s 17479 992 517
s 17480 169 79
s 17481 112 56
s 17482 1508 790
s 17483 231 112
s 17484 1142 598
s 17485 114 57
s 17486 260 144
s 17487 61 31
s 17488 257 125
s 17489 233 108
s 17490 99 50
s 17491 110 48
s 17492 502 247
s 17493 744 341
s 17494 1394 674
s 17495 311 160
s 17496 765 393
s 17497 44 20
s 17498 332 157
s 17499 211 103
s 17500 147 80
s 17501 1214 604
s 17502 126 64
s 17503 142 77
s 17504 421 197
s 17505 872 420
s 17506 446 211
s 17507 175 77
s 17508 381 208
s 17509 416 200
s 17510 103 44
s 17511 62 34
s 17512 1088 592
s 17513 566 295
s 17514 753 372
s 17515 452 231
s 17516 395 163
s 17517 716 330
s 17518 368 181
s 17519 227 107
s 17520 261 131
s 17521 325 158
s 17522 331 157
s 17527 380 189
s 17528 464 226
s 17529 301 156
s 17531 614 274
s 17534 489 230
s 17536 774 387
s 17537 427 176
s 17539 233 116
s 17543 868 450
s 17544 512 261
s 17545 410 197
s 17546 134 59
s 17553 291 116
s 17563 130 61
s 17734 450 219
s 17735 1051 552
s 17736 235 109
s 17737 109 49
s 17738 1340 665
s 17739 508 249
s 17740 1206 649
s 17741 29 16
s 17742 31 13
s 17743 144 62
s 17744 212 101
s 17745 62 35
s 17746 92 39
s 17747 159 68
s 17748 593 290
s 17749 793 377
s 17750 2086 1023
s 17751 852 440
s 17752 928 499
s 17753 48 22
s 17754 365 186
s 17755 265 147
s 17756 89 46
s 17757 1157 588
s 17758 95 44
s 17759 112 67
s 17760 36 20
s 17761 446 217
s 17762 77 38
s 17763 19 9
s 17764 469 212
s 17765 726 348
s 17766 114 47
s 17767 58 23
s 17768 143 78
s 17769 859 456
s 17770 802 410
s 17771 451 229
s 17772 43 13
s 17773 659 295
s 17774 404 191
s 17775 474 224
s 17776 679 333
s 17777 260 137
s 17778 313 131
s 17783 696 379
s 17784 310 140
s 17785 986 506
s 17787 978 452
s 17790 414 193
s 17792 827 419
s 17793 67 31
s 17795 516 235
s 17799 166 90
s 17800 405 187
s 17801 138 80
s 17802 181 90
s 17809 302 133
s 17819 90 48
s 17991 1036 571
s 17992 184 89
s 17993 96 51
s 17994 1510 777
s 17995 459 236
s 17996 914 496
s 17997 109 73
s 17998 271 150
s 17999 152 65
s 18000 59 32
s 18001 116 55
s 18002 70 34
s 18003 142 68
s 18004 616 290
s 18005 876 429
s 18006 1758 912
s 18007 799 433
s 18008 811 445
s 18009 9 4
s 18010 319 175
s 18011 245 141
s 18012 152 80
s 18013 258 130
s 18014 15 8
s 18015 21 9
s 18016 305 153
s 18017 812 384
s 18018 367 177
s 18019 156 89
s 18020 575 279
s 18021 694 330
s 18022 155 85
s 18023 57 33
s 18024 854 445
s 18025 802 412
s 18026 663 328
s 18027 416 235
s 18028 331 172
s 18029 54 19
s 18030 456 236
s 18031 476 268
s 18032 657 363
s 18033 262 150
s 18034 191 90
s 18039 568 292
s 18040 377 185
s 18041 566 300
s 18043 770 384
s 18046 375 190
s 18048 954 467
s 18049 388 188
s 18051 488 234
s 18055 832 447
s 18056 451 214
s 18057 291 140
s 18058 55 23
s 18065 91 37
s 18075 144 72
s 18248 372 181
s 18249 233 108
s 18250 3011 1620
s 18251 997 536
s 18252 2422 1391
s 18253 207 113
s 18254 478 264
s 18255 225 107
s 18256 469 237
s 18257 280 134
s 18258 218 116
s 18259 280 129
s 18260 1099 547
s 18261 1547 789
s 18262 2507 1303
s 18263 1615 886
s 18264 1133 608
s 18265 102 51
s 18266 682 397
s 18267 782 428
s 18268 322 185
s 18269 2428 1269
s 18270 248 123
s 18271 277 136
s 18272 706 365
s 18273 1394 693
s 18274 877 448
s 18275 336 159
s 18276 709 343
s 18277 961 488
s 18278 248 134
s 18279 93 48
s 18280 1814 937
s 18281 1190 625
s 18282 1598 850
s 18283 767 403
s 18284 667 325
s 18285 1404 677
s 18286 926 498
s 18287 944 511
s 18288 1242 700
s 18289 667 369
s 18290 690 354
s 18295 846 453
s 18296 874 435
s 18297 956 506
s 18299 1181 559
s 18302 945 458
s 18304 1649 875
s 18305 674 327
s 18307 831 440
s 18311 1827 1024
s 18312 839 438
s 18313 640 352
s 18314 387 203
s 18321 696 351
s 18331 272 143
s 18505 53 17
s 18506 628 299
s 18507 166 75
s 18508 504 232
s 18509 57 24
s 18510 137 73
s 18511 70 32
s 18512 82 42
s 18513 69 30
s 18514 44 18
s 18515 62 29
s 18516 253 106
s 18517 352 155
s 18518 634 305
s 18519 289 152
s 18520 323 180
s 18521 15 9
s 18522 129 63
s 18523 206 103
s 18524 67 37
s 18525 396 192
s 18526 41 18
s 18527 49 28
s 18528 178 85
s 18529 360 180
s 18530 197 91
s 18531 64 26
s 18532 228 100
s 18533 200 95
s 18534 59 37
s 18535 39 23
s 18536 433 217
s 18537 233 92
s 18538 354 169
s 18539 208 95
s 18540 199 88
s 18541 220 89
s 18542 171 84
s 18543 150 72
s 18544 219 105
s 18545 101 50
s 18546 134 67
s 18551 178 77
s 18552 198 77
s 18553 166 73
s 18555 237 103
s 18558 223 102
s 18560 377 162
s 18561 205 90
s 18563 160 72
s 18567 410 214
s 18568 213 93
s 18569 140 65
s 18570 59 25
s 18577 95 38
s 18587 79 37
s 18762 288 145
s 18763 128 56
s 18764 170 76
s 18765 20 10
s 18766 36 18
s 18767 27 13
s 18768 45 17
s 18769 34 20
s 18770 33 17
s 18771 36 17
s 18772 139 69
s 18773 204 92
s 18774 423 189
s 18775 143 68
s 18776 168 90
s 18777 8 1
s 18778 49 26
s 18779 68 30
s 18780 23 13
s 18781 220 109
s 18782 22 6
s 18783 17 6
s 18784 73 30
s 18785 171 76
s 18786 89 46
s 18787 43 18
s 18788 120 52
s 18789 169 73
s 18790 43 19
s 18791 13 6
s 18792 184 87
s 18793 181 83
s 18794 154 75
s 18795 94 49
s 18796 70 25
s 18797 77 26
s 18798 101 47
s 18799 88 32
s 18800 100 53
s 18801 49 22
s 18802 67 23
s 18807 123 60
s 18808 95 41
s 18809 107 55
s 18811 184 90
s 18814 91 45
s 18816 200 94
s 18817 86 43
s 18819 84 36
s 18823 187 93
s 18824 114 58
s 18825 88 50
s 18826 23 9
s 18833 72 35
s 18843 31 10
s 19019 1359 718
s 19020 724 379
s 19021 259 140
s 19022 734 401
s 19023 495 248
s 19024 513 274
s 19025 425 232
s 19026 168 103
s 19027 529 260
s 19028 1797 874
s 19029 2897 1443
s 19030 4519 2338
s 19031 2083 1129
s 19032 2159 1139
s 19033 167 95
s 19034 403 199
s 19035 774 434
s 19036 282 159
s 19037 2818 1480
s 19038 341 171
s 19039 355 178
s 19040 987 471
s 19041 2285 1150
s 19042 1129 544
s 19043 429 201
s 19044 1658 854
s 19045 1528 752
s 19046 461 248
s 19047 170 91
s 19048 3171 1726
s 19049 2294 1214
s 19050 508 246
s 19051 870 455
s 19052 1052 523
s 19053 1929 866
s 19054 1171 650
s 19055 1441 759
s 19056 1834 970
s 19057 278 150
s 19058 678 330
s 19063 1617 852
s 19064 526 237
s 19065 1561 849
s 19067 2287 1134
s 19070 422 214
s 19072 2030 1031
s 19073 1193 562
s 19075 1408 717
s 19079 2394 1323
s 19080 1105 565
s 19081 842 406
s 19082 441 206
s 19089 621 278
s 19099 449 238
s 19276 1037 567
s 19277 66 32
s 19278 300 152
s 19279 94 41
s 19280 211 113
s 19281 173 88
s 19282 95 56
s 19283 87 44
s 19284 541 243
s 19285 697 317
s 19286 1226 585
s 19287 368 180
s 19288 771 401
s 19289 47 27
s 19290 270 140
s 19291 194 105
s 19292 121 75
s 19293 1118 574
s 19294 102 42
s 19295 137 69
s 19296 466 222
s 19297 754 371
s 19298 361 163
s 19299 119 53
s 19300 401 192
s 19301 439 217
s 19302 98 53
s 19303 52 26
s 19304 992 522
s 19305 481 225
s 19306 676 332
s 19307 366 175
s 19308 395 166
s 19309 618 265
s 19310 319 149
s 19311 215 110
s 19312 339 193
s 19313 222 112
s 19314 333 145
s 19319 389 200
s 19320 358 170
s 19321 283 139
s 19323 535 235
s 19326 402 205
s 19328 676 331
s 19329 366 171
s 19331 240 98
s 19335 933 486
s 19336 397 221
s 19337 367 179
s 19338 147 66
s 19345 267 114
s 19355 113 58
s 19533 220 120
s 19534 629 343
s 19535 311 142
s 19536 339 194
s 19537 306 174
s 19538 73 41
s 19539 365 199
s 19540 1351 708
s 19541 2269 1209
s 19542 3807 2040
s 19543 1699 901
s 19544 1911 1107
s 19545 114 60
s 19546 253 128
s 19547 568 321
s 19548 223 139
s 19549 2060 1116
s 19550 190 107
s 19551 203 103
s 19552 825 440
s 19553 1392 771
s 19554 739 384
s 19555 296 147
s 19556 1005 514
s 19557 1269 639
s 19558 341 196
s 19559 156 97
s 19560 1928 1065
s 19561 1765 974
s 19562 107 50
s 19563 596 327
s 19564 801 421
s 19565 1334 625
s 19566 864 475
s 19567 971 524
s 19568 1485 833
s 19569 78 37
s 19570 466 216
s 19575 1510 839
s 19576 268 133
s 19577 1226 663
s 19579 2040 1046
s 19582 152 74
s 19584 1245 650
s 19585 667 351
s 19587 1019 558
s 19591 1855 1021
s 19592 711 357
s 19593 565 295
s 19594 320 170
s 19601 454 232
s 19611 332 171
s 19790 9 4
s 19791 36 15
s 19792 49 29
s 19793 11 8
s 19794 17 11
s 19795 30 21
s 19796 144 65
s 19797 181 86
s 19798 412 223
s 19799 176 95
s 19800 164 81
s 19801 13 6
s 19802 78 40
s 19803 64 35
s 19804 26 13
s 19805 198 104
s 19806 18 6
s 19807 20 9
s 19808 12 10
s 19809 98 56
s 19810 26 13
s 19811 7 2
s 19812 120 57
s 19813 151 78
s 19814 34 15
s 19815 20 10
s 19816 47 26
s 19817 227 125
s 19818 151 81
s 19819 86 48
s 19820 17 7
s 19821 139 63
s 19822 77 46
s 19823 113 60
s 19824 192 98
s 19825 60 34
s 19826 69 40
s 19831 165 88
s 19832 86 38
s 19833 143 78
s 19835 209 112
s 19838 80 31
s 19840 150 82
s 19841 15 9
s 19843 122 60
s 19847 33 14
s 19848 107 60
s 19849 37 21
s 19850 29 14
s 19857 61 24
s 19867 30 19
s 20047 83 41
s 20048 115 63
s 20049 38 20
s 20050 58 37
s 20051 78 40
s 20052 287 138
s 20053 400 206
s 20054 926 472
s 20055 376 191
s 20056 419 244
s 20057 29 11
s 20058 181 110
s 20059 154 75
s 20060 41 22
s 20061 566 308
s 20062 51 28
s 20063 54 26
s 20064 17 3
s 20065 201 105
s 20066 33 12
s 20067 9 5
s 20068 244 129
s 20069 353 183
s 20070 65 34
s 20071 26 16
s 20072 64 30
s 20073 489 259
s 20074 406 217
s 20075 237 128
s 20076 21 10
s 20077 379 184
s 20078 233 113
s 20079 258 148
s 20080 428 252
s 20081 151 83
s 20082 137 67
s 20087 373 202
s 20088 183 100
s 20089 299 139
s 20091 582 298
s 20094 192 88
s 20096 392 206
s 20097 23 11
s 20099 324 176
s 20103 76 41
s 20104 214 107
s 20105 65 37
s 20106 73 36
s 20113 154 80
s 20123 43 22
s 20304 63 34
s 20305 44 21
s 20306 27 14
s 20307 28 9
s 20308 129 64
s 20309 213 84
s 20310 356 152
s 20311 99 42
s 20312 212 106
s 20313 10 3
s 20314 102 47
s 20315 68 33
s 20316 35 18
s 20317 279 115
s 20318 44 24
s 20319 39 19
s 20320 117 55
s 20321 232 115
s 20322 118 54
s 20323 52 22
s 20324 113 52
s 20325 136 54
s 20326 25 13
s 20327 9 4
s 20328 270 128
s 20329 155 75
s 20330 177 89
s 20331 135 55
s 20332 122 55
s 20333 229 92
s 20334 120 69
s 20335 69 24
s 20336 113 58
s 20337 89 44
s 20338 94 30
s 20343 88 45
s 20344 130 53
s 20345 90 42
s 20347 144 54
s 20350 149 50
s 20352 201 88
s 20353 127 66
s 20355 77 38
s 20359 242 115
s 20360 131 61
s 20361 105 50
s 20362 37 15
s 20369 114 52
s 20379 60 32
s 20561 46 18
s 20562 34 18
s 20563 76 38
s 20564 292 141
s 20565 396 185
s 20566 756 378
s 20567 337 170
s 20568 337 176
s 20569 7 5
s 20570 126 61
s 20571 113 55
s 20572 39 23
s 20573 183 97
s 20574 12 4
s 20575 10 4
s 20576 145 66
s 20577 309 149
s 20578 172 91
s 20579 59 28
s 20580 369 178
s 20581 256 133
s 20582 59 31
s 20583 35 20
s 20584 361 189
s 20585 434 233
s 20586 294 141
s 20587 163 81
s 20588 145 63
s 20589 83 42
s 20590 196 114
s 20591 181 87
s 20592 289 158
s 20593 85 45
s 20594 83 38
s 20599 276 126
s 20600 157 71
s 20601 240 122
s 20603 383 200
s 20606 145 69
s 20608 368 194
s 20609 144 84
s 20611 215 107
s 20615 351 180
s 20616 189 101
s 20617 136 76
s 20618 26 13
s 20625 75 32
s 20635 75 31
s 20818 26 11
s 20819 54 28
s 20820 184 87
s 20821 281 133
s 20822 608 337
s 20823 226 127
s 20824 280 149
s 20825 12 8
s 20826 84 43
s 20827 108 64
s 20828 28 15
s 20829 231 106
s 20830 30 12
s 20831 25 14
s 20832 49 20
s 20833 186 102
s 20834 71 41
s 20835 24 13
s 20836 162 69
s 20837 216 108
s 20838 51 28
s 20839 17 10
s 20840 118 62
s 20841 277 138
s 20842 215 99
s 20843 124 72
s 20844 56 23
s 20845 122 49
s 20846 133 66
s 20847 125 57
s 20848 211 109
s 20849 73 42
s 20850 74 34
s 20855 207 116
s 20856 97 47
s 20857 210 120
s 20859 259 123
s 20862 100 52
s 20864 267 133
s 20865 63 29
s 20867 123 51
s 20871 151 87
s 20872 119 63
s 20873 57 34
s 20874 35 20
s 20881 56 24
s 20891 25 11
s 21075 35 18
s 21076 116 63
s 21077 194 110
s 21078 367 208
s 21079 146 77
s 21080 162 91
s 21081 3 1
s 21082 39 19
s 21083 49 22
s 21084 17 10
s 21085 147 83
s 21086 7 2
s 21087 13 4
s 21088 49 25
s 21089 136 67
s 21090 79 44
s 21091 23 10
s 21092 122 64
s 21093 117 67
s 21094 34 21
s 21095 13 9
s 21096 188 110
s 21097 183 104
s 21098 52 30
s 21099 63 43
s 21100 57 36
s 21101 117 58
s 21102 90 57
s 21103 112 62
s 21104 182 116
s 21105 18 10
s 21106 51 32
s 21111 128 78
s 21112 33 19
s 21113 119 70
s 21115 189 113
s 21118 32 15
s 21120 139 81
s 21121 80 39
s 21123 105 51
s 21127 189 117
s 21128 78 43
s 21129 48 28
s 21130 25 10
s 21137 44 27
s 21147 35 21
s 21332 113 57
s 21333 213 102
s 21334 489 230
s 21335 107 51
s 21336 212 93
s 21337 14 4
s 21338 115 58
s 21339 76 33
s 21340 61 26
s 21341 360 159
s 21342 43 14
s 21343 41 16
s 21344 117 43
s 21345 256 119
s 21346 117 56
s 21347 48 19
s 21348 116 53
s 21349 177 75
s 21350 33 20
s 21351 11 4
s 21352 343 163
s 21353 204 100
s 21354 250 121
s 21355 131 68
s 21356 115 43
s 21357 269 108
s 21358 155 72
s 21359 59 20
s 21360 98 50
s 21361 118 72
s 21362 106 45
s 21367 119 49
s 21368 140 56
s 21369 102 48
s 21371 183 87
s 21374 153 64
s 21376 222 83
s 21377 120 57
s 21379 92 44
s 21383 305 138
s 21384 148 71
s 21385 123 52
s 21386 50 22
s 21393 122 46
s 21403 39 18
s 21589 918 446
s 21590 2005 967
s 21591 648 330
s 21592 917 444
s 21593 65 34
s 21594 367 179
s 21595 297 139
s 21596 160 86
s 21597 1448 720
s 21598 135 67
s 21599 184 98
s 21600 421 198
s 21601 947 454
s 21602 504 220
s 21603 190 85
s 21604 498 245
s 21605 696 328
s 21606 147 70
s 21607 53 29
s 21608 1229 622
s 21609 817 408
s 21610 855 401
s 21611 464 230
s 21612 482 212
s 21613 773 306
s 21614 537 259
s 21615 388 197
s 21616 489 251
s 21617 342 156
s 21618 464 226
s 21623 610 300
s 21624 518 227
s 21625 553 267
s 21627 801 366
s 21630 577 268
s 21632 1048 501
s 21633 453 212
s 21635 403 207
s 21639 929 481
s 21640 573 285
s 21641 369 155
s 21642 245 111
s 21649 380 161
s 21659 165 83
s 21846 3021 1468
s 21847 1004 508
s 21848 1413 743
s 21849 92 50
s 21850 774 402
s 21851 502 243
s 21852 250 127
s 21853 2035 990
s 21854 230 103
s 21855 206 102
s 21856 594 303
s 21857 1409 696
s 21858 564 243
s 21859 217 94
s 21860 752 355
s 21861 951 439
s 21862 184 86
s 21863 89 43
s 21864 1556 808
s 21865 1310 650
s 21866 1508 691
s 21867 781 406
s 21868 560 246
s 21869 1312 551
s 21870 806 414
s 21871 609 292
s 21872 819 400
s 21873 596 315
s 21874 572 257
s 21879 981 485
s 21880 777 345
s 21881 772 379
s 21883 1361 612
s 21886 866 438
s 21888 1448 717
s 21889 600 280
s 21891 657 313
s 21895 1403 709
s 21896 880 415
s 21897 642 333
s 21898 329 153
s 21905 554 210
s 21915 237 106
s 22103 2014 976
s 22104 2081 1106
s 22105 204 107
s 22106 955 490
s 22107 890 456
s 22108 409 226
s 22109 3915 2008
s 22110 392 192
s 22111 464 241
s 22112 1422 726
s 22113 3124 1581
s 22114 1571 784
s 22115 565 253
s 22116 1589 799
s 22117 1448 690
s 22118 519 267
s 22119 221 120
s 22120 3493 1755
s 22121 1875 979
s 22122 2389 1238
s 22123 1308 671
s 22124 1690 821
s 22125 2318 1055
s 22126 1289 689
s 22127 1258 639
s 22128 1895 968
s 22129 888 480
s 22130 1245 595
s 22135 1388 730
s 22136 1404 664
s 22137 1313 703
s 22139 1747 818
s 22142 1536 758
s 22144 2365 1173
s 22145 1431 699
s 22147 1244 619
s 22151 3394 1788
s 22152 1502 779
s 22153 1298 626
s 22154 542 259
s 22161 973 430
s 22171 566 277
s 22360 1165 613
s 22361 67 30
s 22362 472 264
s 22363 266 141
s 22364 185 103
s 22365 1879 971
s 22366 151 72
s 22367 198 88
s 22368 598 299
s 22369 1218 617
s 22370 637 310
s 22371 269 137
s 22372 592 308
s 22373 757 378
s 22374 138 81
s 22375 67 28
s 22376 1439 758
s 22377 743 375
s 22378 1240 632
s 22379 669 344
s 22380 602 279
s 22381 1066 525
s 22382 609 323
s 22383 228 106
s 22384 342 163
s 22385 413 235
s 22386 572 295
s 22391 532 263
s 22392 630 301
s 22393 331 163
s 22395 809 376
s 22398 690 364
s 22400 1108 559
s 22401 597 272
s 22403 335 155
s 22407 1487 822
s 22408 616 300
s 22409 525 262
s 22410 205 96
s 22417 486 233
s 22427 202 105
s 22617 88 46
s 22618 482 281
s 22619 487 261
s 22620 194 104
s 22621 1938 1044
s 22622 199 106
s 22623 216 114
s 22624 607 317
s 22625 1161 603
s 22626 655 324
s 22627 264 133
s 22628 562 282
s 22629 816 403
s 22630 216 124
s 22631 113 68
s 22632 1620 850
s 22633 892 475
s 22634 1120 612
s 22635 532 288
s 22636 652 314
s 22637 1100 540
s 22638 645 360
s 22639 731 387
s 22640 1024 579
s 22641 384 216
s 22642 570 290
s 22647 757 416
s 22648 587 294
s 22649 705 385
s 22651 989 500
s 22654 622 328
s 22656 1240 646
s 22657 541 280
s 22659 609 343
s 22663 1563 883
s 22664 639 333
s 22665 642 331
s 22666 267 146
s 22673 505 236
s 22683 243 121
s 22874 25 9
s 22875 29 12
s 22876 10 7
s 22877 46 23
s 22878 1 1
s 22879 4 1
s 22880 28 13
s 22881 66 34
s 22882 53 30
s 22883 14 4
s 22884 43 23
s 22885 71 34
s 22886 14 9
s 22887 4 1
s 22888 81 36
s 22889 105 53
s 22890 85 32
s 22891 56 31
s 22892 36 22
s 22893 12 3
s 22894 50 22
s 22895 59 31
s 22896 60 28
s 22897 23 12
s 22898 21 10
s 22903 78 41
s 22904 44 20
s 22905 34 15
s 22907 89 42
s 22910 36 10
s 22912 79 38
s 22913 30 17
s 22915 42 16
s 22919 78 46
s 22920 53 24
s 22921 45 19
s 22922 3 1
s 22929 14 7
s 22939 15 10
s 23131 233 125
s 23132 77 39
s 23133 666 362
s 23134 97 40
s 23135 85 32
s 23136 209 103
s 23137 479 249
s 23138 273 125
s 23139 135 69
s 23140 406 221
s 23141 332 175
s 23142 96 55
s 23143 49 24
s 23144 577 321
s 23145 561 294
s 23146 247 140
s 23147 200 98
s 23148 219 99
s 23149 564 266
s 23150 243 135
s 23151 292 169
s 23152 493 283
s 23153 87 47
s 23154 159 84
s 23159 349 180
s 23160 164 78
s 23161 356 202
s 23163 478 227
s 23166 136 63
s 23168 382 187
s 23169 216 111
s 23171 351 185
s 23175 588 322
s 23176 285 158
s 23177 210 98
s 23178 93 45
s 23185 173 78
s 23195 141 75
s 23388 87 50
s 23389 804 447
s 23390 54 24
s 23391 54 34
s 23392 194 88
s 23393 439 228
s 23394 256 118
s 23395 143 76
s 23396 333 169
s 23397 320 178
s 23398 80 44
s 23399 39 23
s 23400 534 289
s 23401 525 296
s 23402 364 203
s 23403 236 117
s 23404 152 78
s 23405 331 141
s 23406 222 133
s 23407 210 124
s 23408 301 157
s 23409 171 89
s 23410 149 80
s 23415 317 189
s 23416 226 131
s 23417 278 140
s 23419 467 251
s 23422 206 109
s 23424 450 213
s 23425 229 110
s 23427 243 132
s 23431 576 307
s 23432 471 257
s 23433 200 103
s 23434 214 119
s 23441 186 89
s 23451 226 126
s 23645 259 162
s 23646 37 24
s 23647 32 13
s 23648 41 25
s 23649 155 81
s 23650 55 28
s 23651 15 8
s 23652 176 97
s 23653 129 75
s 23654 43 29
s 23655 20 11
s 23656 153 93
s 23657 232 126
s 23658 169 103
s 23659 118 71
s 23660 60 33
s 23661 216 108
s 23662 121 64
s 23663 133 71
s 23664 189 114
s 23665 67 36
s 23666 72 44
s 23671 151 86
s 23672 92 38
s 23673 177 88
s 23675 237 129
s 23678 74 40
s 23680 195 114
s 23681 43 27
s 23683 134 78
s 23687 141 78
s 23688 153 87
s 23689 60 29
s 23690 33 21
s 23697 79 32
s 23707 31 11
s 23902 58 32
s 23903 74 36
s 23904 765 384
s 23905 1556 794
s 23906 905 420
s 23907 299 145
s 23908 1047 502
s 23909 1454 730
s 23910 303 162
s 23911 149 86
s 23912 1988 1045
s 23913 1794 941
s 23914 1308 669
s 23915 956 510
s 23916 787 378
s 23917 343 154
s 23918 992 499
s 23919 975 484
s 23920 1367 738
s 23921 465 249
s 23922 404 206
s 23927 1424 720
s 23928 711 336
s 23929 1260 692
s 23931 1916 953
s 23934 833 413
s 23936 1850 912
s 23937 743 337
s 23939 994 490
s 23943 1755 940
s 23944 947 476
s 23945 722 343
s 23946 132 72
s 23953 287 145
s 23963 350 176
s 24159 6 1
s 24160 61 29
s 24161 183 101
s 24162 72 31
s 24163 30 12
s 24164 118 61
s 24165 134 61
s 24166 34 11
s 24167 15 7
s 24168 204 95
s 24169 177 79
s 24170 155 68
s 24171 99 52
s 24172 71 30
s 24173 10 4
s 24174 87 39
s 24175 97 45
s 24176 119 55
s 24177 42 19
s 24178 22 9
s 24183 126 55
s 24184 88 36
s 24185 125 66
s 24187 180 69
s 24190 75 42
s 24192 179 79
s 24193 64 34
s 24195 116 43
s 24199 149 67
s 24200 122 60
s 24201 75 32
s 24202 7 5
s 24209 22 10
s 24219 35 17
s 24416 81 47
s 24417 225 119
s 24418 99 49
s 24419 43 20
s 24420 130 69
s 24421 154 76
s 24422 31 13
s 24423 14 8
s 24424 202 109
s 24425 195 108
s 24426 146 79
s 24427 117 62
s 24428 89 43
s 24429 15 1
s 24430 116 65
s 24431 98 43
s 24432 124 66
s 24433 48 27
s 24434 31 18
s 24439 130 72
s 24440 89 45
s 24441 129 67
s 24443 194 90
s 24446 90 48
s 24448 197 100
s 24449 98 54
s 24451 126 65
s 24455 176 77
s 24456 114 58
s 24457 76 31
s 24458 13 6
s 24465 22 8
s 24475 39 20
s 24673 277 129
s 24674 40 15
s 24675 11 3
s 24676 336 146
s 24677 512 238
s 24678 95 51
s 24679 42 26
s 24680 70 34
s 24681 615 308
s 24682 522 276
s 24683 279 132
s 24684 10 3
s 24685 488 224
s 24686 293 128
s 24687 353 172
s 24688 451 229
s 24689 216 118
s 24690 256 122
s 24695 491 252
s 24696 219 90
s 24697 410 217
s 24699 645 291
s 24702 281 130
s 24704 562 258
s 24705 21 10
s 24707 334 156
s 24711 76 38
s 24712 313 139
s 24713 74 35
s 24714 113 61
s 24721 210 88
s 24731 68 30
s 24930 403 189
s 24931 157 66
s 24932 816 392
s 24933 961 477
s 24934 211 91
s 24935 76 31
s 24936 818 410
s 24937 2109 1127
s 24938 951 469
s 24939 615 319
s 24940 306 160
s 24941 1154 535
s 24942 831 452
s 24943 756 403
s 24944 1022 521
s 24945 435 221
s 24946 516 246
s 24951 988 469
s 24952 477 224
s 24953 839 460
s 24955 1187 536
s 24958 558 280
s 24960 1494 743
s 24961 334 159
s 24963 796 369
s 24967 851 426
s 24968 710 331
s 24969 366 192
s 24970 262 131
s 24977 498 227
s 24987 188 109
s 25187 18 6
s 25188 431 203
s 25189 473 208
s 25190 94 44
s 25191 39 20
s 25192 163 74
s 25193 768 365
s 25194 552 251
s 25195 332 170
s 25196 55 28
s 25197 565 252
s 25198 287 134
s 25199 399 190
s 25200 637 323
s 25201 233 113
s 25202 261 113
s 25207 570 284
s 25208 206 91
s 25209 483 246
s 25211 707 302
s 25214 289 124
s 25216 664 294
s 25217 71 28
s 25219 447 202
s 25223 163 74
s 25224 343 150
s 25225 109 58
s 25226 133 57
s 25233 219 80
s 25243 94 44
s 25444 174 90
s 25445 221 111
s 25446 48 26
s 25447 17 11
s 25448 41 20
s 25449 245 114
s 25450 203 84
s 25451 121 63
s 25452 7 6
s 25453 200 73
s 25454 99 44
s 25455 162 73
s 25456 193 101
s 25457 91 44
s 25458 102 48
s 25463 215 100
s 25464 97 43
s 25465 158 86
s 25467 283 132
s 25470 130 62
s 25472 248 111
s 25473 23 10
s 25475 166 63
s 25479 54 16
s 25480 146 69
s 25481 34 20
s 25482 44 20
s 25489 80 27
s 25499 27 15
s 25701 525 268
s 25702 99 58
s 25703 51 23
s 25704 943 484
s 25705 645 336
s 25706 746 364
s 25707 398 204
s 25708 367 179
s 25709 866 425
s 25710 422 229
s 25711 314 164
s 25712 439 240
s 25713 331 172
s 25714 376 169
s 25719 440 210
s 25720 454 208
s 25721 336 180
s 25723 594 264
s 25726 478 223
s 25728 876 431
s 25729 411 168
s 25731 369 171
s 25735 1027 561
s 25736 471 230
s 25737 336 154
s 25738 209 108
s 25745 286 108
s 25755 171 89
s 25958 146 72
s 25959 71 42
s 25960 2590 1350
s 25961 702 354
s 25962 897 438
s 25963 446 231
s 25964 486 199
s 25965 809 370
s 25966 415 218
s 25967 419 191
s 25968 535 285
s 25969 337 169
s 25970 455 205
s 25975 465 230
s 25976 481 221
s 25977 458 219
s 25979 713 319
s 25982 527 231
s 25984 828 417
s 25985 492 215
s 25987 395 189
s 25991 1077 541
s 25992 533 283
s 25993 518 258
s 25994 211 103
s 26001 400 178
s 26011 170 83
s 26215 13 5
s 26216 274 156
s 26217 186 99
s 26218 208 111
s 26219 147 79
s 26220 79 39
s 26221 176 88
s 26222 109 62
s 26223 75 36
s 26224 89 50
s 26225 84 46
s 26226 97 50
s 26231 131 64
s 26232 105 41
s 26233 93 48
s 26235 210 98
s 26238 116 59
s 26240 234 113
s 26241 89 40
s 26243 92 50
s 26247 229 126
s 26248 130 68
s 26249 103 53
s 26250 53 24
s 26257 94 41
s 26267 35 20
s 26472 94 55
s 26473 87 41
s 26474 109 47
s 26475 50 20
s 26476 35 14
s 26477 90 37
s 26478 60 39
s 26479 50 30
s 26480 41 18
s 26481 33 16
s 26482 37 19
s 26487 70 42
s 26488 46 22
s 26489 49 32
s 26491 96 55
s 26494 63 34
s 26496 82 36
s 26497 30 21
s 26499 53 30
s 26503 89 48
s 26504 53 29
s 26505 46 25
s 26506 27 16
s 26513 34 17
s 26523 11 5
s 26729 1695 893
s 26730 1258 665
s 26731 723 386
s 26732 69 35
s 26733 1132 522
s 26734 723 421
s 26735 987 495
s 26736 1155 616
s 26737 473 267
s 26738 639 321
s 26743 1105 551
s 26744 451 224
s 26745 1176 618
s 26747 1803 870
s 26750 731 384
s 26752 1724 874
s 26753 107 40
s 26755 944 491
s 26759 288 143
s 26760 767 387
s 26761 233 125
s 26762 286 134
s 26769 478 212
s 26779 157 86
s 26986 1290 669
s 26987 684 354
s 26988 561 271
s 26989 1286 586
s 26990 561 267
s 26991 595 321
s 26992 809 436
s 26993 577 325
s 26994 488 248
s 26999 615 321
s 27000 670 316
s 27001 601 294
s 27003 880 419
s 27006 714 356
s 27008 1046 521
s 27009 631 274
s 27011 593 295
s 27015 1483 771
s 27016 736 367
s 27017 641 325
s 27018 257 116
s 27025 552 248
s 27035 266 143
s 27243 373 168
s 27244 484 229
s 27245 1022 448
s 27246 592 282
s 27247 706 347
s 27248 1084 583
s 27249 53 28
s 27250 274 133
s 27255 1035 502
s 27256 181 76
s 27257 802 415
s 27259 1410 670
s 27262 94 46
s 27264 932 466
s 27265 495 204
s 27267 790 384
s 27271 1244 664
s 27272 468 206
s 27273 371 170
s 27274 227 108
s 27281 285 125
s 27291 293 157
s 27500 260 123
s 27501 649 310
s 27502 388 202
s 27503 383 209
s 27504 586 323
s 27505 181 90
s 27506 257 122
s 27511 538 291
s 27512 254 115
s 27513 435 243
s 27515 699 359
s 27518 247 109
s 27520 647 336
s 27521 250 122
s 27523 441 221
s 27527 714 396
s 27528 370 172
s 27529 243 135
s 27530 149 77
s 27537 253 123
s 27547 147 79
s 27757 419 146
s 27758 246 112
s 27759 303 150
s 27760 428 200
s 27761 172 89
s 27762 269 122
s 27767 450 215
s 27768 201 95
s 27769 356 161
s 27771 650 283
s 27774 291 133
s 27776 584 261
s 27777 39 17
s 27779 353 157
s 27783 74 33
s 27784 244 116
s 27785 73 41
s 27786 104 44
s 27793 178 65
s 27803 65 28
s 28014 642 300
s 28015 718 340
s 28016 1038 501
s 28017 371 174
s 28018 180 78
s 28023 828 383
s 28024 566 268
s 28025 751 357
s 28027 1181 510
s 28030 584 292
s 28032 1098 492
s 28033 469 212
s 28035 743 351
s 28039 1126 548
s 28040 705 314
s 28041 538 233
s 28042 51 19
s 28049 155 64
s 28059 220 99
s 28271 336 179
s 28272 506 292
s 28273 226 120
s 28274 257 137
s 28279 480 251
s 28280 339 177
s 28281 407 208
s 28283 617 285
s 28286 354 179
s 28288 648 328
s 28289 359 195
s 28291 396 187
s 28295 678 360
s 28296 408 205
s 28297 276 152
s 28298 131 73
s 28305 255 120
s 28315 127 71
s 28528 242 132
s 28529 345 198
s 28530 298 148
s 28535 331 161
s 28536 366 183
s 28537 281 152
s 28539 571 275
s 28542 385 183
s 28544 625 329
s 28545 292 127
s 28547 203 94
s 28551 842 442
s 28552 450 233
s 28553 393 203
s 28554 127 70
s 28561 297 142
s 28571 125 72
s 28785 416 227
s 28786 383 206
s 28791 545 297
s 28792 572 266
s 28793 372 198
s 28795 803 398
s 28798 604 315
s 28800 866 431
s 28801 476 219
s 28803 382 189
s 28807 1192 630
s 28808 583 315
s 28809 499 267
s 28810 194 90
s 28817 452 222
s 28827 213 121
s 29042 103 49
s 29047 327 188
s 29048 87 46
s 29049 365 206
s 29051 516 271
s 29054 49 20
s 29056 365 185
s 29057 192 97
s 29059 305 152
s 29063 527 295
s 29064 234 104
s 29065 160 78
s 29066 78 36
s 29073 124 55
s 29083 93 46
s 29303 405 193
s 29304 225 111
s 29305 345 168
s 29307 575 261
s 29310 206 97
s 29312 553 263
s 29313 230 95
s 29315 298 144
s 29319 522 275
s 29320 274 124
s 29321 197 96
s 29322 67 32
s 29329 100 38
s 29339 97 48
s 30584 557 265
s 30585 321 151
s 30587 586 284
s 30590 549 256
s 30592 773 392
s 30593 521 243
s 30595 361 189
s 30599 1196 666
s 30600 530 273
s 30601 519 257
s 30602 168 88
s 30609 396 192
s 30619 211 111
s 30841 426 206
s 30843 748 336
s 30846 153 71
s 30848 581 271
s 30849 226 96
s 30851 451 210
s 30855 503 265
s 30856 301 128
s 30857 173 75
s 30858 117 61
s 30865 172 76
s 30875 101 59
s 31099 514 240
s 31102 440 240
s 31104 651 356
s 31105 338 160
s 31107 297 154
s 31111 1026 565
s 31112 542 299
s 31113 610 325
s 31114 149 73
s 31121 359 174
s 31131 130 73
s 31614 784 381
s 31616 1078 521
s 31617 576 244
s 31619 548 241
s 31623 1402 635
s 31624 646 288
s 31625 599 286
s 31626 233 111
s 31633 516 237
s 31643 261 139
s 32384 662 325
s 32385 329 159
s 32387 421 208
s 32391 718 374
s 32392 342 150
s 32393 213 110
s 32394 139 66
s 32401 175 76
s 32411 119 61
s 32897 827 396
s 32899 651 314
s 32903 1417 713
s 32904 733 362
s 32905 559 279
s 32906 275 150
s 32913 477 195
s 32923 234 113
s 33155 401 190
s 33159 110 60
s 33160 260 114
s 33161 62 30
s 33162 123 55
s 33169 202 91
s 33179 66 44
s 33671 935 481
s 33672 456 225
s 33673 401 191
s 33674 136 74
s 33681 301 131
s 33691 142 63
s 34696 727 383
s 34697 265 153
s 34698 277 129
s 34705 518 242
s 34715 149 77
s 34953 333 164
s 34954 166 76
s 34961 198 71
s 34971 117 64
s 35210 115 57
s 35217 201 101
s 35227 85 39
s 35473 41 16
s 35483 70 40
s 37275 102 46
