n 50000
b 1 6197 3178
b 2 7318 3587
b 3 1499 788
b 4 785 415
b 5 5882 2946
b 6 8042 3571
b 7 7653 3834
b 8 7888 4270
b 9 7281 3663
b 10 2068 1044
b 11 3488 1439
b 12 5895 3112
b 13 1933 958
b 14 13832 6930
b 15 2768 1375
b 16 1285 622
b 17 3040 1465
b 18 6318 3328
b 19 4070 1815
b 20 3658 1820
b 21 9356 4562
b 22 5332 2602
b 23 2077 1002
b 25 6993 3242
b 26 10942 5377
b 27 6568 3380
b 28 2634 1236
b 29 8020 3775
b 30 6020 2998
b 31 6147 3207
b 32 1819 970
b 33 2382 1352
b 34 2607 1343
b 35 4821 2259
b 36 6857 3371
b 37 2046 999
b 38 978 486
b 39 4305 1985
b 40 1964 912
b 41 2785 1366
b 42 3978 2185
b 43 2774 1342
b 44 2921 1457
b 45 1920 985
b 46 2247 1057
b 47 2592 1256
b 48 7545 3752
b 49 8529 4513
b 50 2576 1412
b 51 1716 842
b 52 1480 799
b 53 4319 1946
b 54 7753 4083
b 55 3980 2077
b 56 1770 922
b 57 1076 562
b 58 1151 576
b 59 1750 805
b 60 4991 2653
b 61 826 441
b 62 5129 2887
b 63 1861 872
b 64 2750 1283
b 65 444 211
b 66 213 113
b 67 3700 1958
b 68 3654 1790
b 69 3739 1820
b 70 3513 1771
b 71 8105 4274
b 72 1685 767
b 73 921 404
b 74 10672 5524
b 75 3644 1824
b 76 7784 4262
b 77 871 445
b 78 1863 1015
b 79 1069 481
b 80 1474 711
b 81 1123 562
b 82 713 381
b 83 1124 494
b 84 4973 2375
b 85 6966 3343
b 86 13449 6832
b 87 5641 2847
b 88 6417 3426
b 89 326 176
b 90 2469 1269
b 91 2475 1279
b 92 982 543
b 93 7905 3928
b 94 708 339
b 95 794 406
b 96 2579 1227
b 97 6211 3054
b 98 2887 1340
b 99 1158 541
b 100 4154 2073
b 101 4681 2243
b 102 1188 575
b 103 497 279
b 104 6880 3582
b 105 6464 3271
b 106 5199 2610
b 107 3319 1722
b 108 2540 1179
b 109 4262 1914
b 110 3510 1851
b 111 3467 1755
b 112 5127 2653
b 113 2047 1103
b 114 2284 1084
b 119 4582 2331
b 120 2974 1394
b 121 4303 2290
b 123 6358 3006
b 126 3107 1533
b 128 6365 3093
b 129 2666 1240
b 131 3700 1789
b 135 6390 3380
b 136 3516 1692
b 137 2396 1170
b 138 1157 533
b 145 2208 1022
b 155 1221 610
v 258 356 165
v 259 114 62
v 260 43 22
v 261 400 191
v 262 501 285
v 263 413 189
v 264 520 264
v 265 413 200
v 266 154 80
v 267 194 107
v 268 379 197
v 269 148 81
v 270 750 373
v 271 166 95
v 272 86 46
v 273 197 105
v 274 401 164
v 275 241 139
v 276 233 118
v 277 516 274
v 278 440 232
v 279 121 63
v 281 457 250
v 282 699 358
v 283 387 197
v 284 154 83
v 285 497 271
v 286 376 200
v 287 453 209
v 288 120 61
v 289 125 54
v 290 217 119
v 291 310 161
v 292 443 265
v 293 143 79
v 294 60 29
v 295 245 134
v 296 117 61
v 297 204 108
v 298 271 129
v 299 183 104
v 300 210 100
v 301 134 75
v 302 153 81
v 303 148 75
v 304 542 266
v 305 542 281
v 306 182 87
v 307 90 54
v 308 100 53
v 309 275 156
v 310 488 233
v 311 277 141
v 312 99 47
v 313 72 33
v 314 52 21
v 315 133 62
v 316 265 119
v 317 52 25
v 318 254 122
v 319 134 73
v 320 154 81
v 321 20 8
v 322 7 1
v 323 221 115
v 324 223 115
v 325 256 125
v 326 246 113
v 327 365 176
v 328 108 57
v 329 51 31
v 330 709 369
v 331 246 113
v 332 575 286
v 333 48 25
v 334 133 75
v 335 73 44
v 336 89 41
v 337 69 34
v 338 68 34
v 339 61 35
v 340 405 222
v 341 408 211
v 342 891 448
v 343 308 156
v 344 347 155
v 345 12 9
v 346 203 98
v 347 169 84
v 348 54 28
v 349 542 276
v 350 51 29
v 351 52 29
v 352 143 68
v 353 369 173
v 354 186 107
v 355 65 38
v 356 241 128
v 357 435 243
v 358 84 47
v 359 21 10
v 360 367 162
v 361 408 211
v 362 272 143
v 363 187 93
v 364 147 70
v 365 312 184
v 366 175 80
v 367 277 136
v 368 385 195
v 369 143 69
v 370 126 57
v 375 259 130
v 376 183 103
v 377 285 153
v 379 332 180
v 382 189 87
v 384 357 182
v 385 185 110
v 387 206 113
v 391 395 200
v 392 187 107
v 393 157 86
v 394 77 50
v 401 132 72
v 411 85 52
v 515 102 38
v 516 53 23
v 517 464 231
v 518 544 292
v 519 591 285
v 520 556 246
v 521 510 239
v 522 128 72
v 523 261 145
v 524 354 183
v 525 147 73
v 526 927 441
v 527 220 106
v 528 110 60
v 529 188 99
v 530 437 195
v 531 325 166
v 532 278 123
v 533 779 410
v 534 378 159
v 535 151 72
v 537 499 280
v 538 829 426
v 539 511 253
v 540 203 95
v 541 675 377
v 542 418 185
v 543 440 207
v 544 166 71
v 545 175 65
v 546 192 88
v 547 371 204
v 548 577 275
v 549 142 79
v 550 57 29
v 551 313 169
v 552 134 72
v 553 199 102
v 554 332 162
v 555 209 113
v 556 190 111
v 557 108 49
v 558 151 78
v 559 209 112
v 560 553 255
v 561 631 273
v 562 430 190
v 563 118 57
v 564 86 37
v 565 354 192
v 566 718 323
v 567 309 163
v 568 144 63
v 569 56 27
v 570 88 45
v 571 91 49
v 572 398 166
v 573 45 19
v 574 366 136
v 575 149 74
v 576 183 92
v 577 32 10
v 578 14 7
v 579 309 125
v 580 244 119
v 581 269 128
v 582 331 172
v 583 535 248
v 584 129 84
v 585 76 42
v 586 767 363
v 587 248 128
v 588 595 249
v 589 65 32
v 590 152 75
v 591 67 32
v 592 112 48
v 593 96 50
v 594 45 20
v 595 79 49
v 596 370 195
v 597 486 254
v 598 1004 488
v 599 356 190
v 600 519 241
v 601 19 10
v 602 160 74
v 603 180 87
v 604 61 27
v 605 567 283
v 606 69 37
v 607 51 25
v 608 203 100
v 609 512 255
v 610 262 130
v 611 95 59
v 612 294 145
v 613 339 173
v 614 69 45
v 615 31 16
v 616 571 249
v 617 435 203
v 618 433 215
v 619 234 104
v 620 195 114
v 621 276 149
v 622 245 116
v 623 301 132
v 624 355 187
v 625 140 68
v 626 203 112
v 631 338 166
v 632 179 86
v 633 279 137
v 635 440 220
v 638 257 135
v 640 471 243
v 641 215 95
v 643 228 109
v 647 506 222
v 648 271 157
v 649 192 102
v 650 69 46
v 657 170 87
v 667 97 54
v 772 15 7
v 773 88 48
v 774 117 65
v 775 111 51
v 776 86 40
v 777 110 60
v 778 24 15
v 779 46 29
v 780 125 56
v 781 29 13
v 782 239 115
v 783 45 24
v 784 14 7
v 785 44 28
v 786 107 47
v 787 59 31
v 788 57 32
v 789 131 72
v 790 74 41
v 791 39 22
v 793 95 56
v 794 157 82
v 795 90 48
v 796 39 25
v 797 132 70
v 798 95 51
v 799 84 45
v 800 25 10
v 801 33 14
v 802 32 16
v 803 68 41
v 804 85 48
v 805 23 12
v 806 23 8
v 807 60 37
v 808 30 22
v 809 23 17
v 810 56 31
v 811 52 32
v 812 43 27
v 813 24 13
v 814 29 15
v 815 29 15
v 816 109 62
v 817 119 55
v 818 41 18
v 819 29 14
v 820 21 11
v 821 47 25
v 822 77 50
v 823 54 31
v 824 21 9
v 825 18 11
v 826 21 10
v 827 22 13
v 828 72 34
v 829 15 8
v 830 67 35
v 831 31 14
v 832 55 30
v 833 8 6
v 834 1 1
v 835 86 45
v 836 60 38
v 837 59 37
v 838 56 31
v 839 136 65
v 840 25 13
v 841 14 9
v 842 178 89
v 843 67 32
v 844 119 64
v 845 20 11
v 846 32 8
v 847 26 15
v 848 24 13
v 849 20 11
v 850 19 9
v 851 18 9
v 852 63 34
v 853 101 47
v 854 201 102
v 855 80 46
v 856 86 41
v 857 3 3
v 858 36 22
v 859 36 17
v 860 18 4
v 861 122 52
v 862 12 8
v 863 9 3
v 864 39 22
v 865 101 54
v 866 28 14
v 867 14 5
v 868 69 33
v 869 70 41
v 870 25 18
v 871 5 2
v 872 82 46
v 873 87 50
v 874 65 30
v 875 64 29
v 876 39 23
v 877 84 44
v 878 49 28
v 879 60 29
v 880 116 50
v 881 46 20
v 882 35 18
v 887 62 31
v 888 37 20
v 889 71 37
v 891 99 52
v 894 50 32
v 896 86 45
v 897 27 19
v 899 68 36
v 903 107 57
v 904 51 31
v 905 35 21
v 906 16 9
v 913 30 15
v 923 21 10
v 1029 37 22
v 1030 60 29
v 1031 58 35
v 1032 73 32
v 1033 54 24
v 1034 25 17
v 1035 22 14
v 1036 45 20
v 1037 23 14
v 1038 107 48
v 1039 16 8
v 1040 11 5
v 1041 21 15
v 1042 30 19
v 1043 26 14
v 1044 33 21
v 1045 75 38
v 1046 49 32
v 1047 20 13
v 1049 64 37
v 1050 87 58
v 1051 54 28
v 1052 23 11
v 1053 58 32
v 1054 45 22
v 1055 46 26
v 1056 20 9
v 1057 17 5
v 1058 26 11
v 1059 32 17
v 1060 34 20
v 1061 12 7
v 1062 2 1
v 1063 37 21
v 1064 18 12
v 1065 17 9
v 1066 26 12
v 1067 26 17
v 1068 19 10
v 1069 17 6
v 1070 11 1
v 1071 20 11
v 1072 59 33
v 1073 47 31
v 1074 19 7
v 1075 14 8
v 1076 10 6
v 1077 21 14
v 1078 48 26
v 1079 48 23
v 1080 13 4
v 1081 6 3
v 1082 14 5
v 1083 12 7
v 1084 68 33
v 1085 2 0
v 1086 46 22
v 1087 26 13
v 1088 18 9
v 1089 6 5
v 1090 1 0
v 1091 27 15
v 1092 23 11
v 1093 23 12
v 1094 36 21
v 1095 74 36
v 1096 10 7
v 1097 12 6
v 1098 71 29
v 1099 24 12
v 1100 45 19
v 1101 10 6
v 1102 9 2
v 1103 11 9
v 1104 14 7
v 1105 7 2
v 1106 8 5
v 1107 9 6
v 1108 31 17
v 1109 64 32
v 1110 97 48
v 1111 54 27
v 1112 50 22
v 1113 2 0
v 1114 22 13
v 1115 19 9
v 1116 8 4
v 1117 157 87
v 1118 6 1
v 1119 4 2
v 1120 19 12
v 1121 39 17
v 1122 24 16
v 1123 7 4
v 1124 37 22
v 1125 33 21
v 1126 10 8
v 1127 4 1
v 1128 62 30
v 1129 38 15
v 1130 29 16
v 1131 26 14
v 1132 20 12
v 1133 32 16
v 1134 18 12
v 1135 15 9
v 1136 40 22
v 1137 14 7
v 1138 18 7
v 1143 27 11
v 1144 54 39
v 1145 34 17
v 1147 59 28
v 1150 29 10
v 1152 55 29
v 1153 24 15
v 1155 29 19
v 1159 52 28
v 1160 24 15
v 1161 15 9
v 1162 3 1
v 1169 9 5
v 1179 14 10
v 1286 495 290
v 1287 459 240
v 1288 579 257
v 1289 474 229
v 1290 135 71
v 1291 206 122
v 1292 252 135
v 1293 123 61
v 1294 840 386
v 1295 185 92
v 1296 69 35
v 1297 161 92
v 1298 380 187
v 1299 236 139
v 1300 219 111
v 1301 577 291
v 1302 343 175
v 1303 120 64
v 1305 425 218
v 1306 701 356
v 1307 442 237
v 1308 147 87
v 1309 489 268
v 1310 385 176
v 1311 380 185
v 1312 128 46
v 1313 140 57
v 1314 148 66
v 1315 309 167
v 1316 411 220
v 1317 120 57
v 1318 54 30
v 1319 242 134
v 1320 125 66
v 1321 166 83
v 1322 222 102
v 1323 168 83
v 1324 151 75
v 1325 112 60
v 1326 115 64
v 1327 145 82
v 1328 413 187
v 1329 440 194
v 1330 140 60
v 1331 101 54
v 1332 81 38
v 1333 260 134
v 1334 497 222
v 1335 232 122
v 1336 108 53
v 1337 59 28
v 1338 70 37
v 1339 97 50
v 1340 302 132
v 1341 36 17
v 1342 326 146
v 1343 105 55
v 1344 164 84
v 1345 35 13
v 1346 10 6
v 1347 201 91
v 1348 207 105
v 1349 220 127
v 1350 202 85
v 1351 447 205
v 1352 108 69
v 1353 44 23
v 1354 600 301
v 1355 227 115
v 1356 456 221
v 1357 43 17
v 1358 88 35
v 1359 61 33
v 1360 77 35
v 1361 58 31
v 1362 39 24
v 1363 61 37
v 1364 324 171
v 1365 430 209
v 1366 880 417
v 1367 360 180
v 1368 426 188
v 1369 12 6
v 1370 132 72
v 1371 109 60
v 1372 46 24
v 1373 469 234
v 1374 30 20
v 1375 40 22
v 1376 149 79
v 1377 348 183
v 1378 119 73
v 1379 76 39
v 1380 238 119
v 1381 292 147
v 1382 61 31
v 1383 30 11
v 1384 495 236
v 1385 390 185
v 1386 274 144
v 1387 210 98
v 1388 142 72
v 1389 241 134
v 1390 199 94
v 1391 192 110
v 1392 260 140
v 1393 99 48
v 1394 139 64
v 1399 284 126
v 1400 199 110
v 1401 257 121
v 1403 385 222
v 1406 186 98
v 1408 352 179
v 1409 125 76
v 1411 213 104
v 1415 402 193
v 1416 186 92
v 1417 129 69
v 1418 80 38
v 1425 132 73
v 1435 86 40
v 1543 598 266
v 1544 699 265
v 1545 582 253
v 1546 189 81
v 1547 274 142
v 1548 534 226
v 1549 135 50
v 1550 1026 437
v 1551 225 104
v 1552 101 39
v 1553 278 122
v 1554 542 218
v 1555 332 167
v 1556 328 149
v 1557 853 378
v 1558 414 175
v 1559 167 72
v 1561 597 311
v 1562 888 397
v 1563 498 223
v 1564 196 101
v 1565 700 327
v 1566 489 226
v 1567 497 203
v 1568 123 55
v 1569 177 65
v 1570 198 84
v 1571 443 189
v 1572 550 265
v 1573 163 77
v 1574 76 41
v 1575 345 173
v 1576 167 82
v 1577 248 96
v 1578 314 121
v 1579 254 116
v 1580 252 128
v 1581 159 77
v 1582 159 73
v 1583 242 112
v 1584 644 310
v 1585 726 302
v 1586 235 103
v 1587 126 57
v 1588 113 43
v 1589 395 179
v 1590 744 321
v 1591 338 117
v 1592 147 60
v 1593 97 41
v 1594 112 51
v 1595 138 65
v 1596 404 160
v 1597 52 22
v 1598 372 155
v 1599 150 80
v 1600 222 99
v 1601 37 23
v 1602 13 5
v 1603 480 201
v 1604 312 134
v 1605 290 148
v 1606 300 135
v 1607 633 280
v 1608 137 79
v 1609 65 35
v 1610 855 349
v 1611 286 124
v 1612 621 245
v 1613 60 25
v 1614 144 52
v 1615 92 41
v 1616 112 54
v 1617 80 38
v 1618 56 24
v 1619 96 51
v 1620 368 165
v 1621 574 254
v 1622 1152 523
v 1623 415 188
v 1624 448 189
v 1625 25 12
v 1626 178 85
v 1627 206 100
v 1628 73 31
v 1629 631 315
v 1630 47 22
v 1631 45 22
v 1632 220 94
v 1633 486 213
v 1634 227 103
v 1635 100 50
v 1636 280 124
v 1637 381 182
v 1638 118 53
v 1639 28 12
v 1640 578 268
v 1641 506 223
v 1642 387 166
v 1643 253 98
v 1644 239 111
v 1645 397 210
v 1646 290 106
v 1647 280 121
v 1648 417 179
v 1649 184 60
v 1650 178 77
v 1655 360 149
v 1656 230 115
v 1657 390 164
v 1659 577 269
v 1662 255 124
v 1664 508 247
v 1665 169 81
v 1667 297 137
v 1671 508 208
v 1672 279 127
v 1673 170 63
v 1674 91 43
v 1681 175 88
v 1691 77 34
v 1800 614 289
v 1801 514 241
v 1802 152 70
v 1803 264 158
v 1804 485 249
v 1805 147 70
v 1806 1007 489
v 1807 201 100
v 1808 109 55
v 1809 188 105
v 1810 536 248
v 1811 331 168
v 1812 301 153
v 1813 697 350
v 1814 421 198
v 1815 171 90
v 1817 547 295
v 1818 927 468
v 1819 500 253
v 1820 207 109
v 1821 623 301
v 1822 489 260
v 1823 447 216
v 1824 116 59
v 1825 202 95
v 1826 206 105
v 1827 390 198
v 1828 555 278
v 1829 160 89
v 1830 80 45
v 1831 300 152
v 1832 127 76
v 1833 254 136
v 1834 285 135
v 1835 209 102
v 1836 225 108
v 1837 131 64
v 1838 178 84
v 1839 178 89
v 1840 576 293
v 1841 631 311
v 1842 156 67
v 1843 132 63
v 1844 116 58
v 1845 361 207
v 1846 665 302
v 1847 287 149
v 1848 128 60
v 1849 96 39
v 1850 78 40
v 1851 146 80
v 1852 367 167
v 1853 71 44
v 1854 383 175
v 1855 133 79
v 1856 201 105
v 1857 41 19
v 1858 32 19
v 1859 276 125
v 1860 310 160
v 1861 274 141
v 1862 280 124
v 1863 655 322
v 1864 146 77
v 1865 67 45
v 1866 904 427
v 1867 276 126
v 1868 599 276
v 1869 62 34
v 1870 146 69
v 1871 85 48
v 1872 110 56
v 1873 95 49
v 1874 64 31
v 1875 96 51
v 1876 371 202
v 1877 557 296
v 1878 1064 509
v 1879 455 220
v 1880 508 256
v 1881 15 6
v 1882 213 112
v 1883 186 88
v 1884 84 39
v 1885 588 293
v 1886 69 36
v 1887 47 23
v 1888 221 110
v 1889 522 279
v 1890 240 122
v 1891 76 42
v 1892 292 172
v 1893 338 176
v 1894 99 54
v 1895 31 13
v 1896 542 266
v 1897 468 235
v 1898 426 203
v 1899 265 125
v 1900 216 112
v 1901 310 177
v 1902 282 130
v 1903 286 135
v 1904 416 192
v 1905 136 67
v 1906 183 90
v 1911 368 190
v 1912 228 110
v 1913 363 165
v 1915 520 246
v 1918 211 116
v 1920 532 289
v 1921 240 133
v 1923 297 149
v 1927 496 233
v 1928 264 149
v 1929 156 86
v 1930 75 41
v 1937 160 86
v 1947 100 45
v 2057 580 293
v 2058 164 87
v 2059 256 164
v 2060 424 221
v 2061 147 73
v 2062 981 521
v 2063 215 105
v 2064 95 58
v 2065 260 148
v 2066 499 273
v 2067 336 201
v 2068 296 156
v 2069 751 408
v 2070 424 229
v 2071 161 89
v 2073 545 296
v 2074 836 448
v 2075 445 221
v 2076 217 143
v 2077 646 389
v 2078 453 249
v 2079 475 250
v 2080 154 79
v 2081 155 72
v 2082 176 91
v 2083 371 221
v 2084 591 322
v 2085 155 79
v 2086 73 34
v 2087 383 233
v 2088 195 123
v 2089 253 128
v 2090 363 177
v 2091 244 135
v 2092 246 138
v 2093 132 67
v 2094 197 99
v 2095 195 112
v 2096 600 317
v 2097 677 366
v 2098 158 78
v 2099 140 66
v 2100 88 41
v 2101 406 248
v 2102 727 359
v 2103 352 176
v 2104 165 78
v 2105 48 27
v 2106 94 45
v 2107 146 74
v 2108 344 160
v 2109 53 32
v 2110 413 210
v 2111 126 78
v 2112 259 158
v 2113 24 11
v 2114 8 2
v 2115 327 159
v 2116 327 175
v 2117 310 172
v 2118 305 134
v 2119 564 291
v 2120 133 85
v 2121 59 35
v 2122 892 477
v 2123 342 189
v 2124 609 302
v 2125 63 35
v 2126 123 67
v 2127 65 40
v 2128 126 65
v 2129 86 45
v 2130 55 28
v 2131 82 52
v 2132 421 231
v 2133 563 305
v 2134 1040 552
v 2135 550 317
v 2136 581 299
v 2137 24 13
v 2138 179 93
v 2139 157 73
v 2140 71 30
v 2141 773 428
v 2142 49 30
v 2143 74 39
v 2144 220 137
v 2145 495 289
v 2146 209 111
v 2147 88 55
v 2148 277 144
v 2149 327 187
v 2150 81 43
v 2151 25 15
v 2152 523 280
v 2153 655 358
v 2154 378 205
v 2155 260 132
v 2156 251 155
v 2157 324 176
v 2158 408 227
v 2159 233 118
v 2160 233 108
v 2161 158 91
v 2162 191 111
v 2167 430 230
v 2168 208 124
v 2169 288 145
v 2171 539 320
v 2174 273 144
v 2176 554 289
v 2177 244 139
v 2179 225 131
v 2183 504 250
v 2184 275 154
v 2185 182 91
v 2186 114 66
v 2193 170 111
v 2203 104 61
v 2314 162 72
v 2315 239 142
v 2316 460 217
v 2317 169 80
v 2318 1081 565
v 2319 207 102
v 2320 87 57
v 2321 251 139
v 2322 490 216
v 2323 266 146
v 2324 251 126
v 2325 721 378
v 2326 451 219
v 2327 151 69
v 2329 527 302
v 2330 805 413
v 2331 450 227
v 2332 218 120
v 2333 575 299
v 2334 479 233
v 2335 470 218
v 2336 127 65
v 2337 182 70
v 2338 184 84
v 2339 325 184
v 2340 527 264
v 2341 153 60
v 2342 65 28
v 2343 365 203
v 2344 167 101
v 2345 214 119
v 2346 288 122
v 2347 196 108
v 2348 213 112
v 2349 129 65
v 2350 158 80
v 2351 192 109
v 2352 529 280
v 2353 630 292
v 2354 182 82
v 2355 125 65
v 2356 111 44
v 2357 322 178
v 2358 498 227
v 2359 323 150
v 2360 127 65
v 2361 75 32
v 2362 84 50
v 2363 110 56
v 2364 368 185
v 2365 55 27
v 2366 445 177
v 2367 132 69
v 2368 198 109
v 2369 31 15
v 2370 11 5
v 2371 287 135
v 2372 272 136
v 2373 278 138
v 2374 207 87
v 2375 618 266
v 2376 115 61
v 2377 64 35
v 2378 731 349
v 2379 274 157
v 2380 586 257
v 2381 50 18
v 2382 133 67
v 2383 77 47
v 2384 98 54
v 2385 67 37
v 2386 66 29
v 2387 98 52
v 2388 400 211
v 2389 475 256
v 2390 1065 527
v 2391 425 219
v 2392 502 216
v 2393 37 11
v 2394 164 76
v 2395 162 73
v 2396 66 24
v 2397 642 320
v 2398 55 21
v 2399 57 25
v 2400 209 107
v 2401 439 220
v 2402 198 109
v 2403 80 49
v 2404 309 163
v 2405 362 199
v 2406 68 35
v 2407 40 16
v 2408 565 270
v 2409 486 227
v 2410 423 210
v 2411 259 127
v 2412 201 113
v 2413 327 177
v 2414 255 132
v 2415 216 112
v 2416 397 188
v 2417 133 61
v 2418 152 94
v 2423 356 180
v 2424 195 115
v 2425 323 136
v 2427 496 278
v 2430 205 110
v 2432 429 234
v 2433 190 98
v 2435 261 144
v 2439 432 205
v 2440 233 121
v 2441 179 93
v 2442 84 38
v 2449 144 77
v 2459 100 53
v 2571 75 47
v 2572 104 51
v 2573 35 17
v 2574 324 161
v 2575 70 43
v 2576 24 11
v 2577 45 23
v 2578 115 53
v 2579 83 44
v 2580 77 47
v 2581 200 101
v 2582 92 52
v 2583 59 34
v 2585 145 68
v 2586 185 91
v 2587 108 58
v 2588 51 28
v 2589 165 101
v 2590 148 79
v 2591 153 77
v 2592 43 21
v 2593 51 20
v 2594 68 31
v 2595 90 45
v 2596 127 70
v 2597 49 23
v 2598 16 8
v 2599 90 44
v 2600 39 17
v 2601 46 22
v 2602 80 36
v 2603 44 29
v 2604 71 37
v 2605 45 23
v 2606 46 23
v 2607 49 30
v 2608 200 100
v 2609 161 65
v 2610 53 25
v 2611 39 21
v 2612 23 12
v 2613 89 49
v 2614 183 101
v 2615 82 38
v 2616 44 25
v 2617 19 8
v 2618 20 11
v 2619 34 16
v 2620 89 33
v 2621 20 9
v 2622 103 45
v 2623 40 16
v 2624 65 31
v 2625 11 8
v 2626 6 4
v 2627 77 36
v 2628 49 28
v 2629 62 32
v 2630 79 37
v 2631 244 110
v 2632 48 24
v 2633 27 16
v 2634 209 99
v 2635 64 33
v 2636 158 66
v 2637 22 11
v 2638 31 9
v 2639 25 9
v 2640 29 15
v 2641 24 7
v 2642 13 6
v 2643 23 10
v 2644 89 54
v 2645 154 82
v 2646 280 131
v 2647 104 48
v 2648 84 41
v 2649 8 2
v 2650 53 26
v 2651 63 38
v 2652 19 6
v 2653 176 87
v 2654 11 6
v 2655 9 3
v 2656 42 16
v 2657 120 63
v 2658 58 35
v 2659 27 18
v 2660 90 53
v 2661 70 33
v 2662 31 15
v 2663 9 5
v 2664 136 67
v 2665 112 48
v 2666 114 58
v 2667 64 39
v 2668 62 33
v 2669 99 51
v 2670 70 36
v 2671 83 45
v 2672 127 68
v 2673 48 26
v 2674 47 24
v 2679 95 44
v 2680 58 37
v 2681 59 28
v 2683 136 72
v 2686 64 33
v 2688 131 71
v 2689 70 37
v 2691 77 43
v 2695 137 66
v 2696 90 46
v 2697 52 28
v 2698 24 14
v 2705 47 29
v 2715 31 17
v 2828 234 96
v 2829 64 19
v 2830 448 190
v 2831 99 34
v 2832 46 24
v 2833 100 50
v 2834 202 87
v 2835 118 59
v 2836 111 44
v 2837 323 138
v 2838 172 81
v 2839 79 32
v 2841 276 132
v 2842 405 172
v 2843 227 88
v 2844 85 36
v 2845 312 129
v 2846 212 86
v 2847 222 86
v 2848 70 36
v 2849 82 28
v 2850 99 43
v 2851 216 92
v 2852 286 115
v 2853 71 32
v 2854 24 11
v 2855 154 69
v 2856 67 31
v 2857 84 42
v 2858 114 42
v 2859 114 50
v 2860 111 46
v 2861 78 31
v 2862 91 30
v 2863 84 36
v 2864 282 104
v 2865 299 111
v 2866 84 26
v 2867 50 19
v 2868 39 20
v 2869 146 72
v 2870 280 113
v 2871 123 47
v 2872 58 24
v 2873 34 16
v 2874 34 11
v 2875 60 27
v 2876 171 67
v 2877 35 13
v 2878 161 58
v 2879 73 30
v 2880 111 51
v 2881 19 3
v 2882 6 3
v 2883 134 53
v 2884 142 58
v 2885 121 55
v 2886 127 55
v 2887 245 92
v 2888 56 29
v 2889 33 20
v 2890 405 153
v 2891 129 50
v 2892 285 94
v 2893 16 7
v 2894 55 22
v 2895 39 12
v 2896 48 18
v 2897 43 22
v 2898 18 4
v 2899 35 16
v 2900 181 91
v 2901 248 104
v 2902 506 219
v 2903 193 83
v 2904 215 77
v 2905 12 3
v 2906 107 44
v 2907 105 47
v 2908 32 10
v 2909 286 107
v 2910 25 8
v 2911 23 9
v 2912 90 41
v 2913 204 90
v 2914 103 56
v 2915 42 18
v 2916 145 52
v 2917 161 59
v 2918 29 11
v 2919 26 11
v 2920 248 94
v 2921 226 89
v 2922 201 98
v 2923 116 39
v 2924 93 38
v 2925 182 87
v 2926 142 58
v 2927 124 45
v 2928 160 54
v 2929 75 23
v 2930 91 46
v 2935 138 53
v 2936 107 51
v 2937 192 69
v 2939 177 69
v 2942 109 42
v 2944 224 91
v 2945 97 55
v 2947 122 52
v 2951 215 90
v 2952 110 48
v 2953 77 28
v 2954 45 14
v 2961 84 42
v 2971 39 21
v 3085 113 57
v 3086 723 349
v 3087 127 72
v 3088 80 35
v 3089 166 95
v 3090 791 383
v 3091 211 118
v 3092 264 156
v 3093 527 299
v 3094 277 163
v 3095 109 61
v 3097 339 200
v 3098 640 337
v 3099 474 274
v 3100 152 95
v 3101 423 213
v 3102 348 178
v 3103 360 187
v 3104 87 40
v 3105 143 81
v 3106 142 73
v 3107 264 161
v 3108 396 201
v 3109 101 53
v 3110 54 28
v 3111 258 152
v 3112 141 84
v 3113 175 84
v 3114 271 143
v 3115 151 87
v 3116 179 90
v 3117 101 48
v 3118 128 82
v 3119 115 73
v 3120 610 308
v 3121 524 257
v 3122 176 76
v 3123 117 66
v 3124 176 91
v 3125 221 134
v 3126 392 207
v 3127 193 95
v 3128 93 54
v 3129 66 33
v 3130 64 39
v 3131 105 55
v 3132 311 167
v 3133 41 21
v 3134 324 138
v 3135 115 71
v 3136 162 94
v 3137 26 12
v 3138 14 5
v 3139 193 108
v 3140 215 141
v 3141 244 125
v 3142 165 98
v 3143 461 224
v 3144 118 60
v 3145 45 28
v 3146 630 355
v 3147 237 122
v 3148 402 206
v 3149 60 36
v 3150 120 61
v 3151 65 37
v 3152 67 22
v 3153 63 29
v 3154 40 19
v 3155 66 39
v 3156 311 184
v 3157 459 260
v 3158 794 402
v 3159 324 158
v 3160 382 182
v 3161 14 6
v 3162 148 70
v 3163 153 78
v 3164 70 36
v 3165 419 206
v 3166 99 45
v 3167 30 16
v 3168 135 62
v 3169 398 216
v 3170 170 91
v 3171 58 37
v 3172 278 152
v 3173 261 131
v 3174 49 29
v 3175 34 20
v 3176 405 185
v 3177 393 207
v 3178 344 174
v 3179 181 89
v 3180 127 60
v 3181 276 189
v 3182 218 116
v 3183 216 119
v 3184 315 153
v 3185 148 79
v 3186 130 79
v 3191 281 149
v 3192 156 89
v 3193 265 140
v 3195 380 209
v 3198 159 93
v 3200 325 151
v 3201 163 103
v 3203 236 130
v 3207 397 202
v 3208 225 111
v 3209 138 74
v 3210 48 32
v 3217 133 70
v 3227 83 46
v 3342 260 127
v 3343 47 25
v 3344 15 7
v 3345 60 35
v 3346 131 60
v 3347 69 34
v 3348 89 47
v 3349 181 97
v 3350 97 41
v 3351 40 27
v 3353 139 81
v 3354 148 79
v 3355 102 50
v 3356 50 26
v 3357 151 81
v 3358 134 72
v 3359 116 61
v 3360 31 15
v 3361 44 16
v 3362 55 25
v 3363 91 45
v 3364 107 60
v 3365 34 14
v 3366 22 13
v 3367 128 67
v 3368 32 17
v 3369 70 35
v 3370 81 34
v 3371 51 31
v 3372 67 32
v 3373 30 11
v 3374 31 11
v 3375 47 15
v 3376 114 56
v 3377 129 59
v 3378 57 32
v 3379 34 21
v 3380 34 22
v 3381 107 55
v 3382 156 77
v 3383 97 44
v 3384 33 13
v 3385 33 21
v 3386 25 13
v 3387 30 14
v 3388 63 19
v 3389 7 4
v 3390 100 48
v 3391 45 24
v 3392 54 30
v 3393 14 10
v 3394 4 1
v 3395 68 26
v 3396 86 48
v 3397 85 36
v 3398 60 31
v 3399 209 91
v 3400 37 20
v 3401 10 4
v 3402 265 145
v 3403 52 22
v 3404 137 55
v 3405 12 5
v 3406 51 30
v 3407 24 12
v 3408 27 15
v 3409 15 8
v 3410 14 6
v 3411 19 10
v 3412 68 40
v 3413 117 48
v 3414 246 115
v 3415 105 49
v 3416 103 45
v 3417 4 0
v 3418 49 22
v 3419 43 25
v 3420 13 6
v 3421 161 68
v 3422 8 4
v 3423 14 8
v 3424 45 28
v 3425 125 68
v 3426 65 40
v 3427 18 13
v 3428 97 51
v 3429 78 39
v 3430 33 17
v 3431 8 2
v 3432 105 44
v 3433 147 67
v 3434 118 61
v 3435 52 21
v 3436 48 30
v 3437 86 48
v 3438 72 37
v 3439 89 36
v 3440 121 51
v 3441 36 18
v 3442 45 18
v 3447 92 45
v 3448 53 25
v 3449 70 30
v 3451 124 60
v 3454 78 41
v 3456 137 65
v 3457 61 29
v 3459 75 37
v 3463 130 61
v 3464 68 38
v 3465 39 17
v 3466 12 5
v 3473 40 19
v 3483 30 9
v 3599 390 205
v 3600 154 84
v 3601 472 257
v 3602 949 431
v 3603 478 268
v 3604 507 249
v 3605 1320 684
v 3606 694 367
v 3607 269 141
v 3609 987 523
v 3610 1496 750
v 3611 960 469
v 3612 399 191
v 3613 1270 655
v 3614 856 427
v 3615 941 454
v 3616 248 134
v 3617 344 139
v 3618 387 195
v 3619 510 279
v 3620 918 499
v 3621 317 167
v 3622 138 64
v 3623 649 341
v 3624 254 142
v 3625 343 186
v 3626 558 219
v 3627 400 202
v 3628 349 174
v 3629 270 148
v 3630 261 143
v 3631 342 181
v 3632 1041 523
v 3633 1219 596
v 3634 410 185
v 3635 264 141
v 3636 216 89
v 3637 539 287
v 3638 1269 608
v 3639 636 306
v 3640 255 119
v 3641 148 75
v 3642 182 93
v 3643 213 123
v 3644 633 314
v 3645 109 58
v 3646 829 346
v 3647 277 137
v 3648 381 199
v 3649 57 29
v 3650 41 21
v 3651 454 217
v 3652 491 247
v 3653 555 267
v 3654 605 280
v 3655 1154 569
v 3656 224 111
v 3657 117 78
v 3658 1600 771
v 3659 477 220
v 3660 1125 523
v 3661 145 67
v 3662 273 129
v 3663 152 95
v 3664 209 108
v 3665 159 76
v 3666 114 39
v 3667 118 65
v 3668 655 360
v 3669 1077 540
v 3670 2023 985
v 3671 862 416
v 3672 847 416
v 3673 48 20
v 3674 384 190
v 3675 417 189
v 3676 147 56
v 3677 1205 603
v 3678 106 56
v 3679 96 53
v 3680 385 204
v 3681 788 390
v 3682 649 349
v 3683 178 88
v 3684 543 264
v 3685 729 385
v 3686 183 92
v 3687 72 24
v 3688 873 438
v 3689 974 491
v 3690 706 366
v 3691 490 248
v 3692 352 187
v 3693 673 348
v 3694 560 260
v 3695 518 248
v 3696 800 401
v 3697 292 139
v 3698 383 199
v 3703 713 342
v 3704 431 217
v 3705 704 319
v 3707 925 482
v 3710 402 195
v 3712 829 415
v 3713 302 176
v 3715 585 298
v 3719 972 440
v 3720 496 256
v 3721 336 173
v 3722 140 81
v 3729 317 184
v 3739 159 77
v 3856 31 14
v 3857 109 55
v 3858 149 73
v 3859 117 67
v 3860 104 54
v 3861 275 148
v 3862 189 99
v 3863 53 26
v 3865 194 97
v 3866 326 185
v 3867 161 65
v 3868 79 43
v 3869 252 142
v 3870 140 73
v 3871 176 83
v 3872 72 38
v 3873 49 15
v 3874 65 28
v 3875 161 69
v 3876 222 111
v 3877 52 17
v 3878 25 13
v 3879 171 84
v 3880 53 24
v 3881 99 40
v 3882 121 60
v 3883 71 40
v 3884 67 34
v 3885 50 26
v 3886 49 30
v 3887 76 40
v 3888 172 88
v 3889 225 103
v 3890 52 17
v 3891 50 23
v 3892 41 18
v 3893 140 64
v 3894 275 130
v 3895 86 51
v 3896 48 21
v 3897 22 12
v 3898 40 19
v 3899 42 26
v 3900 143 72
v 3901 20 9
v 3902 141 65
v 3903 57 34
v 3904 76 37
v 3905 12 6
v 3906 3 2
v 3907 93 43
v 3908 91 48
v 3909 121 72
v 3910 87 49
v 3911 254 116
v 3912 53 27
v 3913 23 13
v 3914 274 134
v 3915 115 63
v 3916 214 95
v 3917 15 7
v 3918 52 24
v 3919 26 13
v 3920 48 23
v 3921 40 17
v 3922 23 14
v 3923 30 18
v 3924 161 80
v 3925 214 121
v 3926 372 185
v 3927 165 61
v 3928 184 78
v 3929 11 3
v 3930 53 23
v 3931 49 23
v 3932 26 13
v 3933 218 109
v 3934 19 10
v 3935 23 9
v 3936 78 44
v 3937 168 81
v 3938 70 37
v 3939 35 14
v 3940 101 49
v 3941 147 84
v 3942 48 31
v 3943 18 3
v 3944 205 102
v 3945 141 70
v 3946 158 81
v 3947 87 44
v 3948 67 32
v 3949 115 55
v 3950 84 37
v 3951 81 45
v 3952 127 60
v 3953 44 22
v 3954 75 33
v 3959 139 66
v 3960 77 43
v 3961 100 50
v 3963 171 84
v 3966 78 38
v 3968 161 83
v 3969 71 42
v 3971 99 49
v 3975 148 65
v 3976 111 60
v 3977 56 29
v 3978 25 18
v 3985 64 35
v 3995 21 10
v 4113 31 18
v 4114 73 37
v 4115 45 26
v 4116 45 26
v 4117 113 54
v 4118 66 42
v 4119 35 18
v 4121 102 44
v 4122 156 77
v 4123 107 47
v 4124 42 21
v 4125 94 48
v 4126 84 37
v 4127 78 43
v 4128 28 17
v 4129 27 16
v 4130 29 12
v 4131 56 28
v 4132 93 47
v 4133 24 19
v 4134 19 9
v 4135 60 29
v 4136 28 14
v 4137 35 20
v 4138 48 22
v 4139 42 18
v 4140 38 21
v 4141 21 11
v 4142 41 21
v 4143 25 18
v 4144 95 41
v 4145 105 46
v 4146 27 10
v 4147 23 15
v 4148 16 14
v 4149 63 29
v 4150 108 48
v 4151 55 30
v 4152 18 8
v 4153 13 6
v 4154 18 9
v 4155 21 8
v 4156 53 19
v 4157 11 4
v 4158 51 22
v 4159 17 7
v 4160 40 14
v 4161 2 2
v 4162 6 2
v 4163 53 24
v 4164 46 19
v 4165 60 27
v 4166 61 28
v 4167 103 51
v 4168 19 14
v 4169 19 9
v 4170 134 64
v 4171 36 21
v 4172 107 51
v 4173 18 13
v 4174 22 12
v 4175 21 9
v 4176 17 11
v 4177 18 10
v 4178 11 5
v 4179 13 4
v 4180 78 38
v 4181 84 38
v 4182 177 87
v 4183 79 44
v 4184 83 40
v 4185 2 1
v 4186 22 8
v 4187 25 15
v 4188 13 4
v 4189 89 43
v 4190 10 4
v 4191 5 1
v 4192 26 8
v 4193 93 38
v 4194 23 7
v 4195 22 11
v 4196 51 26
v 4197 56 31
v 4198 22 9
v 4199 6 2
v 4200 98 48
v 4201 70 29
v 4202 80 38
v 4203 45 16
v 4204 29 19
v 4205 74 40
v 4206 44 15
v 4207 39 18
v 4208 77 38
v 4209 23 8
v 4210 29 14
v 4215 60 31
v 4216 39 22
v 4217 42 21
v 4219 69 33
v 4222 46 19
v 4224 78 37
v 4225 33 15
v 4227 45 23
v 4231 93 44
v 4232 44 24
v 4233 33 19
v 4234 9 5
v 4241 31 15
v 4251 12 3
v 4370 189 89
v 4371 116 53
v 4372 142 78
v 4373 292 139
v 4374 198 106
v 4375 56 24
v 4377 216 101
v 4378 260 135
v 4379 157 67
v 4380 86 47
v 4381 240 124
v 4382 192 86
v 4383 199 86
v 4384 40 18
v 4385 72 41
v 4386 103 51
v 4387 165 92
v 4388 214 111
v 4389 68 35
v 4390 22 14
v 4391 135 79
v 4392 95 59
v 4393 96 49
v 4394 112 46
v 4395 86 37
v 4396 90 45
v 4397 45 27
v 4398 64 33
v 4399 66 34
v 4400 220 98
v 4401 235 98
v 4402 68 31
v 4403 53 32
v 4404 49 18
v 4405 165 96
v 4406 227 98
v 4407 155 77
v 4408 61 35
v 4409 36 11
v 4410 33 16
v 4411 56 32
v 4412 145 64
v 4413 22 5
v 4414 201 94
v 4415 50 27
v 4416 81 44
v 4417 16 6
v 4418 10 7
v 4419 112 55
v 4420 122 60
v 4421 108 49
v 4422 114 56
v 4423 241 111
v 4424 63 38
v 4425 25 14
v 4426 328 149
v 4427 88 37
v 4428 232 108
v 4429 22 7
v 4430 58 31
v 4431 43 26
v 4432 50 25
v 4433 34 16
v 4434 22 8
v 4435 31 16
v 4436 155 77
v 4437 255 126
v 4438 442 208
v 4439 114 55
v 4440 130 56
v 4441 9 7
v 4442 105 47
v 4443 81 27
v 4444 30 15
v 4445 216 100
v 4446 16 6
v 4447 16 10
v 4448 81 37
v 4449 190 87
v 4450 100 49
v 4451 32 16
v 4452 137 78
v 4453 109 58
v 4454 32 18
v 4455 19 12
v 4456 199 94
v 4457 186 80
v 4458 186 81
v 4459 104 51
v 4460 72 41
v 4461 120 59
v 4462 116 54
v 4463 101 52
v 4464 203 90
v 4465 54 27
v 4466 78 39
v 4471 127 68
v 4472 94 56
v 4473 104 50
v 4475 196 106
v 4478 106 50
v 4480 195 101
v 4481 71 40
v 4483 110 57
v 4487 214 94
v 4488 111 48
v 4489 81 42
v 4490 32 15
v 4497 72 34
v 4507 36 21
v 4627 252 144
v 4628 194 98
v 4629 563 304
v 4630 288 153
v 4631 108 59
v 4633 458 254
v 4634 719 373
v 4635 381 204
v 4636 157 68
v 4637 429 236
v 4638 385 205
v 4639 406 211
v 4640 125 54
v 4641 149 77
v 4642 169 77
v 4643 294 163
v 4644 410 225
v 4645 142 77
v 4646 70 43
v 4647 278 161
v 4648 96 54
v 4649 166 88
v 4650 271 115
v 4651 174 101
v 4652 169 106
v 4653 118 56
v 4654 149 72
v 4655 163 89
v 4656 461 252
v 4657 509 232
v 4658 152 76
v 4659 109 63
v 4660 84 44
v 4661 272 161
v 4662 509 240
v 4663 347 191
v 4664 102 48
v 4665 71 40
v 4666 66 38
v 4667 97 56
v 4668 344 166
v 4669 68 37
v 4670 340 143
v 4671 100 56
v 4672 156 84
v 4673 21 14
v 4674 16 12
v 4675 202 101
v 4676 237 119
v 4677 251 135
v 4678 262 134
v 4679 544 262
v 4680 105 63
v 4681 56 27
v 4682 610 323
v 4683 217 109
v 4684 521 237
v 4685 63 31
v 4686 145 67
v 4687 75 46
v 4688 90 46
v 4689 81 47
v 4690 58 32
v 4691 57 34
v 4692 275 135
v 4693 395 227
v 4694 888 451
v 4695 384 187
v 4696 425 207
v 4697 29 13
v 4698 152 87
v 4699 167 84
v 4700 70 22
v 4701 520 276
v 4702 43 24
v 4703 59 27
v 4704 143 87
v 4705 368 201
v 4706 178 102
v 4707 60 33
v 4708 243 112
v 4709 348 208
v 4710 75 42
v 4711 38 14
v 4712 461 246
v 4713 359 181
v 4714 368 195
v 4715 224 130
v 4716 162 97
v 4717 275 156
v 4718 176 82
v 4719 199 105
v 4720 244 106
v 4721 120 55
v 4722 139 73
v 4727 258 137
v 4728 183 98
v 4729 296 146
v 4731 428 246
v 4734 193 117
v 4736 428 231
v 4737 155 93
v 4739 267 150
v 4743 400 199
v 4744 224 137
v 4745 162 91
v 4746 70 35
v 4753 149 75
v 4763 88 46
v 4884 160 70
v 4885 412 198
v 4886 227 93
v 4887 90 41
v 4889 285 139
v 4890 519 236
v 4891 259 109
v 4892 112 64
v 4893 314 142
v 4894 233 104
v 4895 240 107
v 4896 73 29
v 4897 123 49
v 4898 125 39
v 4899 190 99
v 4900 315 130
v 4901 86 42
v 4902 54 30
v 4903 164 81
v 4904 76 26
v 4905 115 50
v 4906 144 54
v 4907 96 41
v 4908 131 49
v 4909 98 39
v 4910 82 40
v 4911 99 40
v 4912 314 136
v 4913 328 136
v 4914 89 32
v 4915 68 37
v 4916 62 26
v 4917 178 68
v 4918 356 141
v 4919 159 65
v 4920 68 29
v 4921 43 20
v 4922 45 18
v 4923 77 35
v 4924 210 89
v 4925 28 13
v 4926 220 71
v 4927 63 32
v 4928 88 46
v 4929 17 12
v 4930 10 2
v 4931 160 69
v 4932 167 65
v 4933 175 83
v 4934 159 74
v 4935 365 163
v 4936 80 30
v 4937 41 20
v 4938 476 206
v 4939 143 67
v 4940 302 122
v 4941 35 16
v 4942 61 25
v 4943 47 20
v 4944 44 20
v 4945 46 22
v 4946 22 10
v 4947 43 27
v 4948 206 88
v 4949 242 114
v 4950 553 267
v 4951 240 103
v 4952 284 109
v 4953 21 10
v 4954 94 43
v 4955 99 47
v 4956 45 20
v 4957 324 157
v 4958 31 15
v 4959 24 12
v 4960 102 38
v 4961 245 121
v 4962 161 79
v 4963 43 23
v 4964 177 77
v 4965 202 104
v 4966 47 24
v 4967 23 6
v 4968 287 117
v 4969 270 134
v 4970 232 94
v 4971 121 44
v 4972 101 44
v 4973 192 104
v 4974 143 63
v 4975 126 60
v 4976 175 68
v 4977 87 35
v 4978 88 38
v 4983 165 79
v 4984 136 58
v 4985 193 70
v 4987 253 130
v 4990 131 58
v 4992 280 131
v 4993 110 57
v 4995 166 81
v 4999 250 104
v 5000 144 75
v 5001 106 54
v 5002 51 20
v 5009 85 45
v 5019 43 10
v 5141 324 164
v 5142 194 90
v 5143 82 42
v 5145 241 132
v 5146 417 223
v 5147 228 104
v 5148 115 78
v 5149 291 147
v 5150 247 132
v 5151 226 107
v 5152 67 27
v 5153 110 41
v 5154 74 39
v 5155 183 101
v 5156 276 128
v 5157 87 51
v 5158 38 14
v 5159 152 88
v 5160 63 26
v 5161 105 56
v 5162 139 57
v 5163 106 60
v 5164 112 52
v 5165 68 35
v 5166 77 37
v 5167 89 41
v 5168 273 140
v 5169 299 137
v 5170 98 48
v 5171 73 36
v 5172 42 22
v 5173 146 83
v 5174 264 118
v 5175 154 66
v 5176 56 34
v 5177 40 17
v 5178 32 16
v 5179 54 38
v 5180 166 78
v 5181 35 14
v 5182 166 80
v 5183 75 39
v 5184 106 49
v 5185 18 12
v 5186 8 4
v 5187 156 72
v 5188 168 89
v 5189 159 82
v 5190 111 57
v 5191 310 156
v 5192 58 30
v 5193 35 19
v 5194 383 195
v 5195 135 68
v 5196 263 130
v 5197 26 14
v 5198 54 19
v 5199 33 19
v 5200 50 35
v 5201 40 15
v 5202 28 15
v 5203 45 24
v 5204 195 103
v 5205 252 137
v 5206 549 241
v 5207 257 116
v 5208 242 112
v 5209 13 3
v 5210 84 35
v 5211 70 40
v 5212 27 10
v 5213 324 154
v 5214 21 10
v 5215 28 14
v 5216 90 47
v 5217 238 119
v 5218 84 46
v 5219 33 18
v 5220 146 74
v 5221 150 76
v 5222 44 21
v 5223 11 7
v 5224 241 113
v 5225 239 119
v 5226 203 103
v 5227 110 49
v 5228 101 49
v 5229 167 95
v 5230 129 63
v 5231 134 70
v 5232 176 80
v 5233 75 26
v 5234 80 38
v 5239 153 78
v 5240 120 65
v 5241 145 78
v 5243 212 122
v 5246 109 52
v 5248 246 126
v 5249 103 51
v 5251 133 63
v 5255 234 111
v 5256 136 70
v 5257 79 43
v 5258 40 22
v 5265 74 36
v 5275 34 22
v 5398 521 261
v 5399 188 110
v 5401 690 356
v 5402 1131 551
v 5403 645 300
v 5404 235 116
v 5405 793 388
v 5406 556 269
v 5407 579 258
v 5408 186 90
v 5409 240 94
v 5410 236 116
v 5411 478 243
v 5412 730 363
v 5413 168 91
v 5414 81 42
v 5415 443 244
v 5416 188 93
v 5417 329 147
v 5418 380 169
v 5419 283 154
v 5420 274 126
v 5421 180 87
v 5422 220 110
v 5423 267 146
v 5424 748 358
v 5425 841 377
v 5426 220 96
v 5427 169 83
v 5428 147 71
v 5429 449 241
v 5430 684 321
v 5431 412 198
v 5432 158 83
v 5433 89 45
v 5434 139 78
v 5435 153 80
v 5436 478 223
v 5437 82 34
v 5438 551 233
v 5439 173 82
v 5440 235 132
v 5441 27 15
v 5442 10 2
v 5443 332 154
v 5444 349 184
v 5445 321 170
v 5446 301 154
v 5447 758 338
v 5448 167 102
v 5449 96 54
v 5450 1007 454
v 5451 347 165
v 5452 711 306
v 5453 69 29
v 5454 177 72
v 5455 98 53
v 5456 139 70
v 5457 105 66
v 5458 51 21
v 5459 109 61
v 5460 483 227
v 5461 632 345
v 5462 1295 612
v 5463 564 291
v 5464 611 267
v 5465 27 18
v 5466 243 118
v 5467 214 91
v 5468 77 31
v 5469 748 382
v 5470 60 32
v 5471 82 40
v 5472 307 158
v 5473 549 284
v 5474 230 122
v 5475 103 48
v 5476 371 183
v 5477 469 248
v 5478 106 60
v 5479 41 14
v 5480 604 270
v 5481 615 294
v 5482 522 225
v 5483 289 122
v 5484 229 123
v 5485 380 189
v 5486 347 153
v 5487 302 159
v 5488 489 249
v 5489 183 75
v 5490 216 117
v 5495 420 200
v 5496 273 148
v 5497 360 167
v 5499 621 317
v 5502 280 141
v 5504 605 308
v 5505 264 123
v 5507 319 172
v 5511 620 302
v 5512 372 189
v 5513 237 123
v 5514 134 73
v 5521 208 101
v 5531 126 65
v 5655 113 60
v 5657 372 186
v 5658 602 313
v 5659 384 188
v 5660 128 76
v 5661 402 197
v 5662 309 134
v 5663 333 136
v 5664 108 59
v 5665 123 45
v 5666 143 69
v 5667 289 164
v 5668 329 169
v 5669 97 46
v 5670 44 17
v 5671 274 151
v 5672 125 67
v 5673 166 87
v 5674 234 91
v 5675 134 69
v 5676 154 76
v 5677 105 53
v 5678 120 56
v 5679 152 81
v 5680 366 194
v 5681 447 192
v 5682 127 55
v 5683 91 46
v 5684 81 35
v 5685 228 127
v 5686 438 186
v 5687 194 86
v 5688 102 54
v 5689 55 24
v 5690 60 26
v 5691 72 39
v 5692 287 136
v 5693 36 15
v 5694 308 130
v 5695 102 58
v 5696 152 79
v 5697 17 4
v 5698 14 6
v 5699 253 113
v 5700 208 110
v 5701 229 122
v 5702 181 96
v 5703 477 231
v 5704 82 40
v 5705 40 23
v 5706 564 275
v 5707 208 88
v 5708 435 186
v 5709 46 23
v 5710 98 46
v 5711 53 22
v 5712 89 38
v 5713 53 26
v 5714 42 21
v 5715 57 34
v 5716 292 157
v 5717 353 184
v 5718 760 377
v 5719 324 146
v 5720 365 163
v 5721 17 9
v 5722 127 60
v 5723 113 57
v 5724 57 23
v 5725 417 207
v 5726 35 15
v 5727 38 16
v 5728 133 66
v 5729 301 152
v 5730 134 74
v 5731 70 37
v 5732 232 115
v 5733 259 127
v 5734 73 24
v 5735 27 11
v 5736 391 184
v 5737 337 172
v 5738 279 133
v 5739 171 70
v 5740 151 74
v 5741 205 112
v 5742 176 94
v 5743 182 88
v 5744 234 98
v 5745 107 49
v 5746 91 56
v 5751 232 102
v 5752 155 74
v 5753 212 98
v 5755 334 179
v 5758 191 94
v 5760 334 176
v 5761 166 80
v 5763 195 100
v 5767 313 131
v 5768 192 82
v 5769 114 54
v 5770 58 30
v 5777 118 62
v 5787 54 21
v 5913 146 72
v 5914 252 120
v 5915 138 68
v 5916 63 35
v 5917 171 97
v 5918 119 65
v 5919 134 57
v 5920 38 19
v 5921 44 15
v 5922 56 30
v 5923 103 51
v 5924 151 77
v 5925 37 19
v 5926 14 6
v 5927 95 54
v 5928 38 21
v 5929 65 28
v 5930 83 44
v 5931 65 37
v 5932 71 34
v 5933 39 17
v 5934 62 37
v 5935 56 25
v 5936 159 83
v 5937 179 81
v 5938 57 22
v 5939 35 21
v 5940 18 9
v 5941 75 42
v 5942 176 79
v 5943 78 45
v 5944 35 15
v 5945 11 3
v 5946 26 16
v 5947 39 18
v 5948 88 34
v 5949 15 6
v 5950 96 37
v 5951 34 18
v 5952 65 38
v 5953 8 4
v 5954 5 2
v 5955 75 32
v 5956 81 36
v 5957 79 35
v 5958 76 34
v 5959 190 71
v 5960 29 15
v 5961 16 10
v 5962 231 108
v 5963 71 42
v 5964 156 58
v 5965 13 4
v 5966 36 13
v 5967 29 19
v 5968 28 17
v 5969 25 11
v 5970 12 7
v 5971 31 20
v 5972 99 49
v 5973 129 70
v 5974 290 146
v 5975 152 77
v 5976 124 54
v 5977 6 3
v 5978 43 17
v 5979 52 29
v 5980 22 13
v 5981 171 85
v 5982 15 9
v 5983 20 7
v 5984 45 22
v 5985 132 56
v 5986 56 30
v 5987 22 12
v 5988 99 44
v 5989 97 50
v 5990 34 14
v 5991 10 4
v 5992 190 86
v 5993 124 63
v 5994 98 44
v 5995 66 38
v 5996 66 30
v 5997 96 52
v 5998 64 30
v 5999 60 24
v 6000 104 44
v 6001 37 19
v 6002 63 28
v 6007 73 28
v 6008 59 34
v 6009 79 40
v 6011 119 60
v 6014 76 33
v 6016 131 61
v 6017 60 33
v 6019 68 24
v 6023 126 58
v 6024 70 29
v 6025 43 23
v 6026 17 9
v 6033 53 28
v 6043 26 15
v 6426 793 370
v 6427 479 227
v 6428 180 85
v 6429 548 266
v 6430 460 199
v 6431 410 191
v 6432 113 49
v 6433 171 59
v 6434 184 80
v 6435 413 195
v 6436 570 278
v 6437 133 56
v 6438 63 24
v 6439 286 137
v 6440 131 51
v 6441 210 105
v 6442 270 104
v 6443 232 123
v 6444 219 105
v 6445 142 76
v 6446 173 89
v 6447 214 107
v 6448 544 251
v 6449 645 268
v 6450 177 73
v 6451 106 53
v 6452 102 42
v 6453 271 129
v 6454 508 217
v 6455 268 129
v 6456 120 54
v 6457 69 31
v 6458 102 47
v 6459 117 54
v 6460 313 143
v 6461 47 17
v 6462 307 120
v 6463 135 53
v 6464 189 92
v 6465 36 18
v 6466 9 7
v 6467 268 113
v 6468 269 127
v 6469 266 134
v 6470 262 116
v 6471 506 208
v 6472 117 69
v 6473 79 33
v 6474 829 358
v 6475 229 105
v 6476 686 284
v 6477 55 30
v 6478 117 55
v 6479 76 40
v 6480 103 50
v 6481 94 41
v 6482 33 12
v 6483 77 45
v 6484 347 167
v 6485 539 254
v 6486 971 467
v 6487 433 218
v 6488 435 200
v 6489 21 8
v 6490 189 84
v 6491 169 76
v 6492 76 34
v 6493 527 275
v 6494 54 30
v 6495 50 19
v 6496 187 81
v 6497 427 182
v 6498 180 81
v 6499 83 41
v 6500 271 127
v 6501 326 172
v 6502 74 38
v 6503 31 14
v 6504 452 200
v 6505 477 225
v 6506 349 173
v 6507 225 93
v 6508 182 92
v 6509 292 151
v 6510 285 130
v 6511 208 93
v 6512 361 153
v 6513 159 61
v 6514 154 91
v 6519 349 148
v 6520 194 91
v 6521 310 131
v 6523 437 215
v 6526 213 94
v 6528 458 209
v 6529 199 112
v 6531 238 111
v 6535 459 202
v 6536 245 120
v 6537 168 94
v 6538 77 33
v 6545 139 75
v 6555 74 35
v 6683 783 379
v 6684 302 137
v 6685 878 443
v 6686 680 348
v 6687 703 323
v 6688 211 94
v 6689 250 111
v 6690 291 138
v 6691 580 297
v 6692 679 337
v 6693 247 116
v 6694 113 57
v 6695 474 251
v 6696 237 117
v 6697 302 168
v 6698 460 197
v 6699 290 132
v 6700 363 177
v 6701 219 120
v 6702 286 147
v 6703 317 166
v 6704 797 389
v 6705 946 441
v 6706 278 122
v 6707 195 106
v 6708 160 78
v 6709 514 282
v 6710 872 419
v 6711 410 195
v 6712 190 81
v 6713 114 50
v 6714 120 62
v 6715 201 120
v 6716 552 253
v 6717 90 41
v 6718 525 228
v 6719 228 126
v 6720 344 167
v 6721 48 22
v 6722 26 10
v 6723 461 204
v 6724 418 220
v 6725 341 163
v 6726 364 185
v 6727 923 445
v 6728 195 112
v 6729 114 50
v 6730 1209 595
v 6731 440 234
v 6732 822 378
v 6733 90 42
v 6734 173 77
v 6735 115 61
v 6736 158 76
v 6737 124 50
v 6738 67 29
v 6739 138 70
v 6740 590 301
v 6741 780 386
v 6742 1696 770
v 6743 656 315
v 6744 744 351
v 6745 33 15
v 6746 261 116
v 6747 251 120
v 6748 109 49
v 6749 804 395
v 6750 68 28
v 6751 76 33
v 6752 300 152
v 6753 726 368
v 6754 240 133
v 6755 122 58
v 6756 496 229
v 6757 537 271
v 6758 147 69
v 6759 57 22
v 6760 785 395
v 6761 710 351
v 6762 546 246
v 6763 362 186
v 6764 319 174
v 6765 418 227
v 6766 387 185
v 6767 392 185
v 6768 551 249
v 6769 240 96
v 6770 264 139
v 6775 520 259
v 6776 337 168
v 6777 448 212
v 6779 703 372
v 6782 355 192
v 6784 776 403
v 6785 347 181
v 6787 402 200
v 6791 701 324
v 6792 374 196
v 6793 229 121
v 6794 110 66
v 6801 205 117
v 6811 131 62
v 6940 146 93
v 6941 603 330
v 6942 395 213
v 6943 450 216
v 6944 123 61
v 6945 164 67
v 6946 175 95
v 6947 351 201
v 6948 526 271
v 6949 150 73
v 6950 73 34
v 6951 278 156
v 6952 127 69
v 6953 152 92
v 6954 303 139
v 6955 182 97
v 6956 173 87
v 6957 129 51
v 6958 130 72
v 6959 168 92
v 6960 494 251
v 6961 536 259
v 6962 180 87
v 6963 116 60
v 6964 92 40
v 6965 318 175
v 6966 524 277
v 6967 281 119
v 6968 105 48
v 6969 72 33
v 6970 72 33
v 6971 101 55
v 6972 282 127
v 6973 38 21
v 6974 302 142
v 6975 117 62
v 6976 180 99
v 6977 20 12
v 6978 23 15
v 6979 300 135
v 6980 263 139
v 6981 232 113
v 6982 218 121
v 6983 574 263
v 6984 123 65
v 6985 67 38
v 6986 736 359
v 6987 276 123
v 6988 465 223
v 6989 63 34
v 6990 102 44
v 6991 58 30
v 6992 92 45
v 6993 92 50
v 6994 58 27
v 6995 77 35
v 6996 359 189
v 6997 467 258
v 6998 952 507
v 6999 399 198
v 7000 411 228
v 7001 23 9
v 7002 161 87
v 7003 138 71
v 7004 48 19
v 7005 521 261
v 7006 47 26
v 7007 39 22
v 7008 170 100
v 7009 415 227
v 7010 136 75
v 7011 57 31
v 7012 280 153
v 7013 307 180
v 7014 107 64
v 7015 33 13
v 7016 433 214
v 7017 443 214
v 7018 338 175
v 7019 227 119
v 7020 180 97
v 7021 290 152
v 7022 225 124
v 7023 206 109
v 7024 344 174
v 7025 131 57
v 7026 154 86
v 7031 293 163
v 7032 211 125
v 7033 278 130
v 7035 387 208
v 7038 207 112
v 7040 427 232
v 7041 189 102
v 7043 232 127
v 7047 450 211
v 7048 244 133
v 7049 157 78
v 7050 75 46
v 7057 157 99
v 7067 75 41
v 7197 221 111
v 7198 163 72
v 7199 146 67
v 7200 92 44
v 7201 55 29
v 7202 66 33
v 7203 133 64
v 7204 177 74
v 7205 64 30
v 7206 18 3
v 7207 104 54
v 7208 47 26
v 7209 55 32
v 7210 101 33
v 7211 64 29
v 7212 88 48
v 7213 49 18
v 7214 47 28
v 7215 64 38
v 7216 213 91
v 7217 245 102
v 7218 46 16
v 7219 43 17
v 7220 31 17
v 7221 122 71
v 7222 205 97
v 7223 103 43
v 7224 46 22
v 7225 21 6
v 7226 22 8
v 7227 42 20
v 7228 124 50
v 7229 16 5
v 7230 213 86
v 7231 67 37
v 7232 76 36
v 7233 9 5
v 7234 11 5
v 7235 86 34
v 7236 117 61
v 7237 96 44
v 7238 86 40
v 7239 208 92
v 7240 42 20
v 7241 14 6
v 7242 276 123
v 7243 111 50
v 7244 189 80
v 7245 20 10
v 7246 38 15
v 7247 27 18
v 7248 42 24
v 7249 32 15
v 7250 16 6
v 7251 36 26
v 7252 114 58
v 7253 168 94
v 7254 378 176
v 7255 163 78
v 7256 220 100
v 7257 6 3
v 7258 67 36
v 7259 61 30
v 7260 29 12
v 7261 207 103
v 7262 22 14
v 7263 26 11
v 7264 58 31
v 7265 164 88
v 7266 73 40
v 7267 39 19
v 7268 108 55
v 7269 139 68
v 7270 31 10
v 7271 17 9
v 7272 214 90
v 7273 138 66
v 7274 144 61
v 7275 87 40
v 7276 83 37
v 7277 109 62
v 7278 86 39
v 7279 91 41
v 7280 96 42
v 7281 51 20
v 7282 54 24
v 7287 100 53
v 7288 76 37
v 7289 103 37
v 7291 162 73
v 7294 81 42
v 7296 165 82
v 7297 70 30
v 7299 101 50
v 7303 181 85
v 7304 83 48
v 7305 60 27
v 7306 30 15
v 7313 53 24
v 7323 31 16
v 7454 452 207
v 7455 498 215
v 7456 125 39
v 7457 201 88
v 7458 183 87
v 7459 425 211
v 7460 631 290
v 7461 177 93
v 7462 63 27
v 7463 346 174
v 7464 180 86
v 7465 189 98
v 7466 338 159
v 7467 231 99
v 7468 233 114
v 7469 159 73
v 7470 162 92
v 7471 258 122
v 7472 552 278
v 7473 698 321
v 7474 209 92
v 7475 127 61
v 7476 121 47
v 7477 311 153
v 7478 673 275
v 7479 361 164
v 7480 143 68
v 7481 79 38
v 7482 100 41
v 7483 140 68
v 7484 445 207
v 7485 66 31
v 7486 401 177
v 7487 147 60
v 7488 218 113
v 7489 39 24
v 7490 11 2
v 7491 291 127
v 7492 264 138
v 7493 330 161
v 7494 341 156
v 7495 685 319
v 7496 111 49
v 7497 74 36
v 7498 848 378
v 7499 305 153
v 7500 654 278
v 7501 64 31
v 7502 176 68
v 7503 74 36
v 7504 113 42
v 7505 86 37
v 7506 50 23
v 7507 68 39
v 7508 366 187
v 7509 557 268
v 7510 1031 464
v 7511 456 198
v 7512 573 244
v 7513 20 7
v 7514 178 87
v 7515 176 77
v 7516 78 37
v 7517 827 355
v 7518 37 17
v 7519 52 25
v 7520 228 105
v 7521 536 257
v 7522 280 146
v 7523 111 57
v 7524 348 188
v 7525 408 197
v 7526 97 41
v 7527 35 15
v 7528 611 280
v 7529 527 250
v 7530 367 193
v 7531 241 119
v 7532 208 106
v 7533 326 173
v 7534 251 114
v 7535 279 129
v 7536 383 173
v 7537 163 73
v 7538 165 89
v 7543 378 167
v 7544 197 107
v 7545 346 131
v 7547 492 241
v 7550 222 104
v 7552 459 219
v 7553 220 116
v 7555 303 142
v 7559 566 258
v 7560 260 125
v 7561 221 94
v 7562 96 44
v 7569 151 85
v 7579 96 38
v 7711 386 181
v 7712 105 47
v 7713 169 77
v 7714 136 71
v 7715 290 147
v 7716 467 232
v 7717 109 52
v 7718 69 28
v 7719 230 132
v 7720 116 70
v 7721 195 100
v 7722 257 120
v 7723 179 87
v 7724 177 92
v 7725 116 67
v 7726 148 73
v 7727 150 74
v 7728 414 215
v 7729 486 246
v 7730 163 68
v 7731 104 55
v 7732 98 41
v 7733 244 127
v 7734 455 233
v 7735 251 119
v 7736 115 49
v 7737 60 36
v 7738 66 37
v 7739 86 44
v 7740 317 151
v 7741 56 17
v 7742 313 139
v 7743 105 44
v 7744 178 93
v 7745 23 17
v 7746 10 4
v 7747 192 97
v 7748 268 131
v 7749 213 99
v 7750 222 99
v 7751 505 234
v 7752 97 55
v 7753 55 30
v 7754 652 309
v 7755 235 122
v 7756 479 208
v 7757 47 25
v 7758 120 47
v 7759 61 35
v 7760 93 51
v 7761 79 37
v 7762 37 16
v 7763 69 41
v 7764 294 155
v 7765 436 221
v 7766 836 404
v 7767 354 158
v 7768 391 172
v 7769 18 10
v 7770 170 81
v 7771 137 64
v 7772 68 28
v 7773 472 237
v 7774 57 32
v 7775 43 20
v 7776 139 83
v 7777 396 209
v 7778 127 67
v 7779 64 36
v 7780 236 118
v 7781 291 156
v 7782 66 34
v 7783 29 12
v 7784 442 205
v 7785 374 192
v 7786 325 157
v 7787 187 97
v 7788 133 77
v 7789 239 123
v 7790 190 96
v 7791 229 112
v 7792 339 168
v 7793 142 68
v 7794 141 77
v 7799 276 136
v 7800 143 75
v 7801 274 126
v 7803 435 222
v 7806 194 100
v 7808 376 194
v 7809 165 81
v 7811 251 114
v 7815 366 171
v 7816 224 113
v 7817 140 75
v 7818 71 31
v 7825 125 63
v 7835 86 45
v 7968 90 41
v 7969 167 70
v 7970 161 83
v 7971 296 161
v 7972 380 204
v 7973 118 67
v 7974 52 23
v 7975 258 139
v 7976 133 70
v 7977 160 85
v 7978 256 117
v 7979 193 99
v 7980 170 93
v 7981 111 55
v 7982 130 70
v 7983 166 85
v 7984 472 235
v 7985 522 267
v 7986 154 72
v 7987 103 58
v 7988 91 38
v 7989 240 134
v 7990 465 239
v 7991 259 124
v 7992 119 54
v 7993 70 38
v 7994 76 32
v 7995 116 75
v 7996 294 130
v 7997 57 22
v 7998 321 139
v 7999 110 59
v 8000 150 77
v 8001 29 15
v 8002 5 2
v 8003 225 124
v 8004 230 123
v 8005 228 132
v 8006 183 89
v 8007 548 294
v 8008 102 58
v 8009 47 29
v 8010 665 322
v 8011 226 116
v 8012 521 238
v 8013 60 30
v 8014 103 47
v 8015 64 30
v 8016 103 60
v 8017 63 36
v 8018 35 16
v 8019 75 39
v 8020 344 180
v 8021 461 262
v 8022 904 457
v 8023 336 179
v 8024 425 209
v 8025 16 7
v 8026 148 78
v 8027 150 81
v 8028 58 20
v 8029 487 254
v 8030 42 21
v 8031 60 28
v 8032 159 82
v 8033 398 221
v 8034 145 76
v 8035 70 35
v 8036 261 142
v 8037 306 162
v 8038 87 52
v 8039 31 14
v 8040 424 234
v 8041 411 218
v 8042 328 152
v 8043 183 86
v 8044 154 96
v 8045 230 142
v 8046 206 93
v 8047 226 109
v 8048 305 151
v 8049 138 67
v 8050 131 74
v 8055 316 164
v 8056 156 83
v 8057 247 113
v 8059 421 236
v 8062 168 91
v 8064 406 225
v 8065 149 91
v 8067 227 122
v 8071 367 186
v 8072 210 123
v 8073 143 74
v 8074 74 44
v 8081 139 65
v 8091 68 38
v 8225 34 17
v 8226 49 24
v 8227 99 61
v 8228 133 72
v 8229 36 20
v 8230 14 11
v 8231 69 45
v 8232 43 26
v 8233 59 36
v 8234 99 46
v 8235 55 28
v 8236 60 33
v 8237 36 20
v 8238 37 23
v 8239 41 23
v 8240 137 69
v 8241 142 63
v 8242 48 23
v 8243 25 17
v 8244 33 17
v 8245 81 49
v 8246 138 75
v 8247 68 33
v 8248 37 22
v 8249 14 7
v 8250 18 12
v 8251 26 15
v 8252 84 45
v 8253 13 4
v 8254 63 29
v 8255 35 17
v 8256 32 20
v 8257 6 5
v 8258 7 1
v 8259 62 34
v 8260 66 34
v 8261 76 41
v 8262 54 30
v 8263 145 75
v 8264 27 12
v 8265 20 14
v 8266 214 121
v 8267 79 36
v 8268 153 68
v 8269 15 7
v 8270 34 15
v 8271 28 10
v 8272 28 12
v 8273 13 7
v 8274 10 3
v 8275 23 16
v 8276 86 50
v 8277 113 60
v 8278 260 129
v 8279 109 59
v 8280 149 73
v 8281 5 2
v 8282 55 32
v 8283 43 22
v 8284 11 4
v 8285 165 96
v 8286 13 11
v 8287 16 8
v 8288 54 29
v 8289 97 56
v 8290 39 20
v 8291 22 12
v 8292 61 38
v 8293 131 82
v 8294 26 15
v 8295 5 2
v 8296 141 85
v 8297 103 50
v 8298 88 54
v 8299 63 31
v 8300 42 24
v 8301 73 36
v 8302 64 31
v 8303 84 48
v 8304 86 46
v 8305 34 16
v 8306 29 17
v 8311 77 37
v 8312 49 26
v 8313 65 33
v 8315 106 54
v 8318 51 30
v 8320 111 62
v 8321 52 23
v 8323 53 35
v 8327 117 57
v 8328 47 21
v 8329 32 17
v 8330 29 15
v 8337 49 24
v 8347 18 8
v 8482 55 31
v 8483 100 54
v 8484 163 92
v 8485 51 31
v 8486 29 12
v 8487 86 51
v 8488 34 26
v 8489 72 37
v 8490 107 50
v 8491 56 33
v 8492 79 47
v 8493 39 22
v 8494 52 31
v 8495 60 32
v 8496 186 107
v 8497 211 118
v 8498 58 27
v 8499 43 22
v 8500 35 19
v 8501 95 55
v 8502 127 78
v 8503 102 57
v 8504 38 25
v 8505 35 19
v 8506 25 10
v 8507 48 28
v 8508 105 62
v 8509 21 11
v 8510 120 65
v 8511 41 26
v 8512 64 43
v 8513 11 5
v 8514 8 5
v 8515 86 42
v 8516 84 48
v 8517 106 63
v 8518 71 39
v 8519 201 108
v 8520 120 74
v 8521 25 12
v 8522 243 132
v 8523 104 64
v 8524 204 113
v 8525 25 14
v 8526 47 25
v 8527 32 17
v 8528 38 25
v 8529 24 11
v 8530 15 10
v 8531 19 11
v 8532 134 82
v 8533 176 98
v 8534 217 103
v 8535 138 73
v 8536 147 76
v 8537 13 6
v 8538 68 33
v 8539 67 36
v 8540 22 13
v 8541 145 88
v 8542 26 14
v 8543 14 5
v 8544 54 29
v 8545 137 82
v 8546 78 40
v 8547 24 13
v 8548 110 63
v 8549 115 67
v 8550 14 10
v 8551 10 7
v 8552 158 81
v 8553 177 108
v 8554 131 70
v 8555 73 40
v 8556 43 30
v 8557 89 58
v 8558 84 47
v 8559 101 60
v 8560 92 43
v 8561 40 21
v 8562 35 22
v 8567 123 77
v 8568 93 56
v 8569 105 59
v 8571 171 93
v 8574 75 45
v 8576 148 85
v 8577 58 38
v 8579 107 63
v 8583 191 90
v 8584 103 59
v 8585 61 37
v 8586 20 12
v 8593 74 43
v 8603 31 20
v 8739 135 80
v 8740 159 91
v 8741 57 25
v 8742 28 13
v 8743 101 51
v 8744 60 35
v 8745 59 31
v 8746 86 39
v 8747 75 40
v 8748 64 31
v 8749 53 32
v 8750 56 31
v 8751 53 26
v 8752 203 110
v 8753 236 119
v 8754 73 40
v 8755 39 18
v 8756 41 16
v 8757 95 51
v 8758 181 91
v 8759 87 42
v 8760 62 25
v 8761 30 13
v 8762 26 10
v 8763 49 28
v 8764 142 76
v 8765 23 12
v 8766 133 59
v 8767 52 31
v 8768 72 42
v 8769 19 11
v 8770 11 7
v 8771 126 64
v 8772 99 55
v 8773 89 49
v 8774 79 47
v 8775 188 85
v 8776 47 26
v 8777 30 19
v 8778 299 142
v 8779 83 46
v 8780 201 94
v 8781 30 15
v 8782 47 15
v 8783 30 22
v 8784 48 21
v 8785 33 19
v 8786 9 5
v 8787 29 18
v 8788 128 70
v 8789 181 92
v 8790 360 181
v 8791 139 75
v 8792 153 66
v 8793 11 3
v 8794 62 35
v 8795 68 31
v 8796 34 14
v 8797 180 89
v 8798 19 11
v 8799 19 10
v 8800 59 36
v 8801 173 96
v 8802 78 38
v 8803 32 17
v 8804 113 58
v 8805 104 58
v 8806 26 15
v 8807 17 9
v 8808 182 95
v 8809 167 84
v 8810 126 60
v 8811 82 31
v 8812 77 44
v 8813 119 56
v 8814 85 41
v 8815 117 59
v 8816 160 97
v 8817 75 36
v 8818 48 23
v 8823 137 74
v 8824 79 38
v 8825 104 47
v 8827 159 79
v 8830 75 47
v 8832 183 91
v 8833 67 35
v 8835 109 59
v 8839 173 89
v 8840 87 44
v 8841 72 46
v 8842 35 20
v 8849 69 34
v 8859 35 18
v 8996 343 167
v 8997 113 53
v 8998 39 16
v 8999 217 106
v 9000 123 62
v 9001 151 73
v 9002 194 80
v 9003 158 78
v 9004 158 63
v 9005 107 52
v 9006 97 47
v 9007 160 80
v 9008 338 159
v 9009 375 160
v 9010 120 50
v 9011 82 41
v 9012 62 29
v 9013 199 103
v 9014 354 143
v 9015 167 68
v 9016 71 34
v 9017 57 24
v 9018 51 20
v 9019 105 65
v 9020 194 94
v 9021 28 15
v 9022 205 77
v 9023 79 33
v 9024 131 59
v 9025 14 3
v 9026 6 2
v 9027 236 85
v 9028 201 87
v 9029 198 87
v 9030 162 78
v 9031 292 130
v 9032 72 35
v 9033 59 35
v 9034 546 244
v 9035 210 97
v 9036 472 214
v 9037 45 17
v 9038 77 23
v 9039 58 35
v 9040 68 38
v 9041 58 29
v 9042 24 14
v 9043 62 33
v 9044 260 134
v 9045 365 186
v 9046 739 357
v 9047 295 151
v 9048 302 116
v 9049 17 9
v 9050 109 51
v 9051 89 43
v 9052 40 18
v 9053 342 161
v 9054 23 13
v 9055 35 17
v 9056 146 65
v 9057 282 131
v 9058 122 53
v 9059 50 28
v 9060 168 77
v 9061 258 133
v 9062 66 38
v 9063 26 14
v 9064 345 147
v 9065 285 141
v 9066 215 96
v 9067 116 46
v 9068 123 72
v 9069 185 106
v 9070 194 88
v 9071 187 87
v 9072 207 86
v 9073 113 43
v 9074 100 52
v 9079 207 111
v 9080 137 79
v 9081 224 86
v 9083 281 144
v 9086 164 81
v 9088 315 146
v 9089 149 73
v 9091 172 82
v 9095 327 140
v 9096 148 70
v 9097 99 41
v 9098 66 37
v 9105 93 46
v 9115 50 17
v 9253 166 82
v 9254 62 24
v 9255 340 181
v 9256 110 54
v 9257 207 108
v 9258 267 122
v 9259 192 98
v 9260 199 88
v 9261 132 56
v 9262 151 79
v 9263 217 108
v 9264 482 240
v 9265 635 315
v 9266 131 57
v 9267 140 76
v 9268 113 46
v 9269 319 171
v 9270 520 264
v 9271 262 106
v 9272 134 72
v 9273 77 37
v 9274 97 49
v 9275 119 70
v 9276 310 143
v 9277 41 20
v 9278 394 169
v 9279 147 82
v 9280 202 104
v 9281 32 18
v 9282 15 10
v 9283 252 134
v 9284 149 74
v 9285 263 131
v 9286 212 108
v 9287 647 315
v 9288 130 64
v 9289 54 27
v 9290 688 337
v 9291 264 132
v 9292 519 223
v 9293 58 24
v 9294 120 56
v 9295 54 26
v 9296 105 49
v 9297 77 40
v 9298 40 16
v 9299 84 54
v 9300 349 196
v 9301 501 239
v 9302 968 458
v 9303 385 174
v 9304 382 169
v 9305 25 10
v 9306 157 77
v 9307 144 74
v 9308 84 27
v 9309 547 285
v 9310 58 26
v 9311 55 24
v 9312 202 113
v 9313 450 229
v 9314 179 106
v 9315 92 52
v 9316 311 156
v 9317 268 128
v 9318 82 40
v 9319 34 17
v 9320 490 238
v 9321 375 181
v 9322 368 180
v 9323 226 112
v 9324 158 75
v 9325 270 138
v 9326 228 99
v 9327 157 72
v 9328 387 198
v 9329 116 60
v 9330 141 76
v 9335 320 141
v 9336 182 97
v 9337 245 108
v 9339 433 209
v 9342 236 128
v 9344 464 235
v 9345 194 101
v 9347 226 118
v 9351 425 208
v 9352 273 142
v 9353 168 68
v 9354 212 97
v 9361 148 79
v 9371 66 32
v 9510 23 12
v 9511 110 54
v 9512 39 17
v 9513 64 35
v 9514 76 35
v 9515 50 22
v 9516 65 25
v 9517 42 18
v 9518 42 25
v 9519 44 21
v 9520 162 75
v 9521 164 82
v 9522 54 28
v 9523 40 22
v 9524 35 16
v 9525 90 56
v 9526 156 73
v 9527 68 32
v 9528 33 12
v 9529 34 15
v 9530 20 13
v 9531 34 18
v 9532 90 46
v 9533 17 9
v 9534 89 35
v 9535 31 14
v 9536 60 32
v 9537 13 7
v 9538 9 1
v 9539 78 40
v 9540 93 49
v 9541 82 41
v 9542 84 40
v 9543 157 64
v 9544 33 17
v 9545 24 15
v 9546 216 110
v 9547 69 33
v 9548 153 65
v 9549 19 9
v 9550 34 22
v 9551 15 5
v 9552 26 13
v 9553 10 5
v 9554 18 9
v 9555 24 18
v 9556 86 39
v 9557 141 65
v 9558 264 129
v 9559 115 50
v 9560 119 49
v 9561 3 1
v 9562 57 31
v 9563 60 30
v 9564 15 9
v 9565 173 75
v 9566 11 5
v 9567 23 8
v 9568 45 26
v 9569 126 68
v 9570 58 28
v 9571 29 17
v 9572 82 43
v 9573 99 51
v 9574 24 8
v 9575 12 6
v 9576 151 77
v 9577 131 58
v 9578 111 55
v 9579 71 32
v 9580 56 24
v 9581 77 50
v 9582 78 29
v 9583 68 35
v 9584 111 46
v 9585 44 22
v 9586 49 21
v 9591 80 42
v 9592 59 30
v 9593 109 57
v 9595 126 64
v 9598 49 23
v 9600 154 70
v 9601 51 24
v 9603 67 35
v 9607 129 56
v 9608 68 34
v 9609 42 19
v 9610 14 6
v 9617 48 24
v 9627 31 17
v 9767 45 25
v 9768 18 8
v 9769 22 11
v 9770 38 16
v 9771 24 14
v 9772 19 9
v 9773 20 4
v 9774 20 11
v 9775 21 11
v 9776 84 36
v 9777 107 53
v 9778 32 10
v 9779 24 14
v 9780 12 1
v 9781 41 22
v 9782 63 31
v 9783 52 24
v 9784 27 11
v 9785 10 7
v 9786 9 8
v 9787 12 5
v 9788 56 24
v 9789 11 7
v 9790 49 26
v 9791 20 10
v 9792 21 12
v 9793 4 2
v 9795 42 27
v 9796 31 13
v 9797 50 29
v 9798 32 20
v 9799 66 27
v 9800 23 12
v 9801 10 5
v 9802 117 59
v 9803 36 18
v 9804 76 33
v 9805 9 4
v 9806 31 15
v 9807 9 5
v 9808 14 6
v 9809 10 7
v 9810 4 0
v 9811 20 8
v 9812 53 27
v 9813 72 33
v 9814 114 52
v 9815 60 26
v 9816 79 37
v 9817 2 1
v 9818 21 10
v 9819 21 7
v 9820 12 5
v 9821 87 49
v 9822 10 3
v 9823 8 1
v 9824 30 16
v 9825 55 23
v 9826 22 13
v 9827 11 7
v 9828 39 20
v 9829 58 27
v 9830 11 6
v 9831 5 2
v 9832 66 23
v 9833 57 26
v 9834 53 23
v 9835 35 13
v 9836 20 9
v 9837 41 29
v 9838 32 16
v 9839 30 12
v 9840 50 23
v 9841 16 7
v 9842 14 9
v 9847 47 27
v 9848 32 15
v 9849 50 23
v 9851 43 25
v 9854 34 19
v 9856 66 33
v 9857 24 9
v 9859 40 20
v 9863 63 28
v 9864 33 20
v 9865 23 10
v 9866 15 11
v 9873 27 13
v 9883 11 6
v 10024 103 52
v 10025 111 45
v 10026 206 86
v 10027 103 51
v 10028 124 65
v 10029 84 36
v 10030 86 41
v 10031 116 65
v 10032 287 135
v 10033 362 160
v 10034 101 38
v 10035 101 40
v 10036 52 29
v 10037 219 119
v 10038 336 147
v 10039 171 75
v 10040 77 33
v 10041 44 24
v 10042 52 26
v 10043 85 34
v 10044 193 75
v 10045 33 18
v 10046 245 93
v 10047 72 33
v 10048 110 54
v 10049 31 14
v 10050 11 4
v 10051 161 64
v 10052 180 90
v 10053 176 86
v 10054 133 66
v 10055 366 182
v 10056 72 36
v 10057 36 18
v 10058 488 208
v 10059 150 61
v 10060 348 121
v 10061 40 20
v 10062 94 33
v 10063 36 21
v 10064 68 33
v 10065 42 19
v 10066 37 20
v 10067 32 14
v 10068 217 88
v 10069 266 132
v 10070 580 280
v 10071 247 109
v 10072 264 113
v 10073 13 4
v 10074 127 64
v 10075 103 48
v 10076 34 16
v 10077 357 171
v 10078 32 15
v 10079 33 17
v 10080 106 52
v 10081 273 137
v 10082 129 64
v 10083 42 14
v 10084 178 71
v 10085 162 71
v 10086 49 25
v 10087 21 9
v 10088 290 123
v 10089 261 113
v 10090 271 112
v 10091 154 71
v 10092 99 52
v 10093 181 96
v 10094 129 58
v 10095 127 57
v 10096 214 97
v 10097 85 38
v 10098 102 54
v 10103 187 84
v 10104 126 62
v 10105 138 60
v 10107 289 146
v 10110 123 59
v 10112 280 144
v 10113 123 68
v 10115 119 57
v 10119 280 122
v 10120 151 80
v 10121 113 57
v 10122 50 32
v 10129 89 44
v 10139 52 26
v 10281 53 27
v 10282 77 32
v 10283 43 22
v 10284 70 28
v 10285 56 20
v 10286 29 14
v 10287 49 21
v 10288 119 63
v 10289 123 56
v 10290 39 15
v 10291 26 13
v 10292 24 8
v 10293 96 46
v 10294 168 70
v 10295 82 31
v 10296 44 19
v 10297 27 8
v 10298 22 12
v 10299 26 13
v 10300 92 40
v 10301 15 7
v 10302 98 40
v 10303 36 24
v 10304 56 29
v 10305 7 4
v 10306 4 3
v 10307 75 35
v 10308 73 32
v 10309 62 30
v 10310 45 24
v 10311 148 63
v 10312 28 9
v 10313 19 8
v 10314 186 77
v 10315 85 35
v 10316 150 61
v 10317 15 10
v 10318 29 13
v 10319 21 11
v 10320 20 11
v 10321 29 14
v 10322 10 7
v 10323 20 11
v 10324 110 57
v 10325 138 76
v 10326 284 126
v 10327 115 49
v 10328 133 56
v 10329 8 3
v 10330 40 20
v 10331 42 22
v 10332 14 9
v 10333 201 81
v 10334 13 6
v 10335 17 10
v 10336 47 18
v 10337 117 59
v 10338 48 22
v 10339 19 11
v 10340 71 35
v 10341 86 41
v 10342 39 18
v 10343 13 6
v 10344 195 80
v 10345 117 57
v 10346 81 37
v 10347 58 17
v 10348 56 32
v 10349 66 42
v 10350 63 31
v 10351 66 28
v 10352 76 40
v 10353 37 17
v 10354 40 19
v 10359 98 45
v 10360 63 32
v 10361 74 36
v 10363 139 79
v 10366 57 23
v 10368 132 68
v 10369 42 20
v 10371 79 37
v 10375 139 57
v 10376 63 25
v 10377 48 27
v 10378 25 17
v 10385 49 23
v 10395 30 13
v 10538 144 67
v 10539 79 36
v 10540 76 30
v 10541 56 27
v 10542 42 22
v 10543 75 33
v 10544 184 90
v 10545 201 110
v 10546 63 36
v 10547 53 27
v 10548 26 10
v 10549 144 78
v 10550 245 118
v 10551 113 61
v 10552 44 21
v 10553 28 10
v 10554 37 15
v 10555 52 27
v 10556 138 64
v 10557 18 8
v 10558 142 58
v 10559 79 47
v 10560 69 42
v 10561 10 4
v 10562 7 2
v 10563 101 45
v 10564 111 61
v 10565 98 51
v 10566 108 51
v 10567 268 126
v 10568 46 24
v 10569 19 8
v 10570 297 147
v 10571 100 42
v 10572 216 96
v 10573 19 8
v 10574 59 28
v 10575 24 9
v 10576 52 27
v 10577 38 17
v 10578 17 8
v 10579 25 13
v 10580 133 71
v 10581 200 100
v 10582 348 166
v 10583 100 46
v 10584 200 89
v 10585 5 3
v 10586 68 24
v 10587 60 27
v 10588 34 20
v 10589 247 112
v 10590 13 4
v 10591 20 13
v 10592 58 32
v 10593 185 98
v 10594 75 38
v 10595 30 15
v 10596 141 79
v 10597 120 55
v 10598 36 19
v 10599 18 7
v 10600 185 67
v 10601 162 83
v 10602 122 50
v 10603 115 67
v 10604 67 32
v 10605 104 63
v 10606 83 39
v 10607 91 42
v 10608 111 61
v 10609 50 22
v 10610 68 33
v 10615 124 68
v 10616 91 49
v 10617 100 53
v 10619 160 87
v 10622 80 39
v 10624 202 99
v 10625 114 58
v 10627 91 44
v 10631 175 89
v 10632 93 41
v 10633 66 40
v 10634 35 22
v 10641 58 24
v 10651 31 18
v 10795 124 74
v 10796 126 72
v 10797 73 42
v 10798 77 43
v 10799 100 54
v 10800 288 170
v 10801 335 177
v 10802 91 40
v 10803 62 33
v 10804 47 20
v 10805 173 106
v 10806 278 137
v 10807 135 66
v 10808 77 36
v 10809 29 10
v 10810 54 29
v 10811 65 38
v 10812 266 153
v 10813 26 10
v 10814 175 76
v 10815 71 40
v 10816 106 63
v 10817 15 12
v 10818 4 1
v 10819 173 78
v 10820 196 109
v 10821 224 137
v 10822 125 82
v 10823 366 183
v 10824 58 39
v 10825 48 30
v 10826 387 200
v 10827 173 90
v 10828 303 150
v 10829 32 15
v 10830 61 27
v 10831 43 24
v 10832 66 43
v 10833 46 27
v 10834 27 10
v 10835 37 24
v 10836 207 132
v 10837 215 113
v 10838 501 237
v 10839 246 133
v 10840 270 163
v 10841 10 4
v 10842 78 41
v 10843 81 46
v 10844 35 18
v 10845 336 180
v 10846 35 23
v 10847 38 26
v 10848 110 67
v 10849 252 145
v 10850 104 56
v 10851 39 23
v 10852 132 69
v 10853 226 137
v 10854 35 16
v 10855 22 15
v 10856 362 208
v 10857 284 154
v 10858 214 114
v 10859 129 66
v 10860 116 59
v 10861 122 75
v 10862 112 51
v 10863 130 60
v 10864 192 102
v 10865 62 35
v 10866 82 47
v 10871 183 89
v 10872 132 72
v 10873 188 97
v 10875 236 145
v 10878 113 68
v 10880 226 118
v 10881 96 52
v 10883 126 74
v 10887 244 115
v 10888 118 71
v 10889 69 41
v 10890 37 23
v 10897 85 57
v 10907 26 11
v 11052 75 34
v 11053 54 30
v 11054 57 26
v 11055 63 38
v 11056 214 99
v 11057 218 101
v 11058 72 32
v 11059 40 21
v 11060 50 25
v 11061 132 67
v 11062 220 117
v 11063 97 45
v 11064 63 31
v 11065 37 17
v 11066 42 21
v 11067 54 28
v 11068 134 53
v 11069 22 9
v 11070 139 60
v 11071 42 25
v 11072 64 34
v 11073 10 8
v 11074 3 0
v 11075 98 48
v 11076 79 31
v 11077 137 63
v 11078 91 51
v 11079 216 89
v 11080 40 18
v 11081 21 11
v 11082 284 128
v 11083 111 56
v 11084 226 94
v 11085 27 10
v 11086 49 18
v 11087 34 20
v 11088 36 16
v 11089 30 13
v 11090 20 9
v 11091 24 15
v 11092 157 79
v 11093 190 95
v 11094 366 179
v 11095 167 89
v 11096 183 72
v 11097 13 2
v 11098 66 25
v 11099 49 31
v 11100 20 7
v 11101 191 105
v 11102 21 12
v 11103 28 14
v 11104 94 42
v 11105 173 80
v 11106 89 51
v 11107 26 14
v 11108 118 52
v 11109 134 71
v 11110 32 12
v 11111 16 11
v 11112 188 97
v 11113 177 84
v 11114 151 76
v 11115 90 48
v 11116 69 39
v 11117 103 51
v 11118 103 46
v 11119 97 46
v 11120 150 79
v 11121 53 22
v 11122 66 31
v 11127 112 48
v 11128 75 40
v 11129 134 60
v 11131 173 85
v 11134 81 50
v 11136 181 90
v 11137 73 36
v 11139 105 60
v 11143 154 68
v 11144 94 37
v 11145 71 36
v 11146 31 17
v 11153 60 34
v 11163 33 16
v 11309 53 24
v 11310 71 37
v 11311 77 32
v 11312 224 107
v 11313 235 106
v 11314 76 29
v 11315 60 33
v 11316 40 16
v 11317 156 87
v 11318 258 132
v 11319 118 52
v 11320 55 30
v 11321 21 12
v 11322 28 17
v 11323 52 32
v 11324 158 77
v 11325 27 14
v 11326 138 63
v 11327 64 28
v 11328 85 44
v 11329 17 11
v 11330 10 4
v 11331 104 61
v 11332 133 67
v 11333 79 42
v 11334 113 57
v 11335 266 120
v 11336 45 22
v 11337 29 17
v 11338 337 165
v 11339 109 52
v 11340 210 97
v 11341 26 11
v 11342 49 27
v 11343 27 15
v 11344 37 17
v 11345 35 19
v 11346 17 6
v 11347 39 20
v 11348 153 65
v 11349 210 121
v 11350 412 202
v 11351 205 104
v 11352 150 71
v 11353 10 5
v 11354 78 47
v 11355 74 34
v 11356 31 18
v 11357 223 109
v 11358 20 10
v 11359 29 17
v 11360 64 32
v 11361 188 92
v 11362 73 38
v 11363 46 22
v 11364 118 68
v 11365 149 77
v 11366 29 16
v 11367 22 5
v 11368 186 93
v 11369 160 76
v 11370 170 75
v 11371 85 42
v 11372 81 50
v 11373 108 58
v 11374 59 24
v 11375 114 51
v 11376 153 72
v 11377 58 31
v 11378 69 40
v 11383 115 56
v 11384 88 45
v 11385 140 73
v 11387 186 100
v 11390 86 40
v 11392 162 90
v 11393 83 36
v 11395 101 54
v 11399 180 73
v 11400 92 45
v 11401 57 28
v 11402 37 15
v 11409 70 47
v 11419 33 18
v 11566 43 21
v 11567 56 29
v 11568 162 82
v 11569 147 83
v 11570 56 30
v 11571 45 16
v 11572 35 19
v 11573 80 46
v 11574 129 69
v 11575 70 34
v 11576 30 13
v 11577 22 14
v 11578 17 4
v 11579 38 16
v 11580 103 49
v 11581 19 6
v 11582 89 42
v 11583 37 23
v 11584 58 30
v 11585 4 1
v 11586 2 1
v 11587 66 30
v 11588 69 31
v 11589 81 42
v 11590 58 27
v 11591 149 73
v 11592 22 16
v 11593 16 10
v 11594 206 103
v 11595 79 41
v 11596 159 77
v 11597 10 4
v 11598 50 28
v 11599 25 15
v 11600 33 21
v 11601 16 6
v 11602 16 7
v 11603 16 4
v 11604 107 57
v 11605 139 76
v 11606 276 153
v 11607 99 60
v 11608 108 51
v 11609 5 4
v 11610 51 27
v 11611 50 22
v 11612 16 6
v 11613 132 69
v 11614 24 17
v 11615 15 9
v 11616 52 24
v 11617 118 55
v 11618 41 27
v 11619 25 16
v 11620 60 33
v 11621 136 75
v 11622 22 13
v 11623 7 3
v 11624 115 56
v 11625 141 75
v 11626 100 53
v 11627 65 33
v 11628 64 43
v 11629 66 36
v 11630 61 27
v 11631 77 45
v 11632 89 50
v 11633 37 16
v 11634 40 24
v 11639 100 53
v 11640 56 35
v 11641 84 43
v 11643 121 65
v 11646 71 35
v 11648 114 56
v 11649 52 22
v 11651 81 37
v 11655 119 58
v 11656 48 25
v 11657 58 22
v 11658 59 34
v 11665 44 21
v 11675 18 8
v 11823 49 22
v 11824 212 89
v 11825 190 74
v 11826 67 30
v 11827 34 16
v 11828 27 11
v 11829 83 45
v 11830 174 75
v 11831 75 31
v 11832 43 16
v 11833 20 10
v 11834 17 9
v 11835 39 23
v 11836 118 57
v 11837 17 6
v 11838 105 42
v 11839 51 26
v 11840 57 25
v 11841 20 10
v 11842 8 6
v 11843 86 28
v 11844 103 42
v 11845 79 49
v 11846 87 43
v 11847 180 87
v 11848 43 22
v 11849 24 10
v 11850 268 119
v 11851 86 41
v 11852 166 81
v 11853 19 10
v 11854 41 14
v 11855 20 10
v 11856 30 15
v 11857 28 10
v 11858 13 4
v 11859 20 13
v 11860 88 36
v 11861 157 81
v 11862 289 142
v 11863 131 60
v 11864 199 92
v 11865 9 5
v 11866 53 24
v 11867 61 34
v 11868 26 14
v 11869 165 67
v 11870 14 10
v 11871 18 9
v 11872 61 30
v 11873 161 79
v 11874 61 39
v 11875 28 13
v 11876 95 46
v 11877 136 63
v 11878 14 8
v 11879 17 7
v 11880 189 83
v 11881 226 100
v 11882 121 50
v 11883 65 24
v 11884 47 21
v 11885 99 44
v 11886 69 35
v 11887 87 38
v 11888 102 49
v 11889 41 17
v 11890 46 15
v 11895 103 42
v 11896 62 32
v 11897 105 45
v 11899 139 63
v 11902 76 36
v 11904 141 72
v 11905 54 25
v 11907 82 40
v 11911 151 63
v 11912 86 40
v 11913 55 30
v 11914 25 18
v 11921 50 26
v 11931 24 11
v 12080 194 90
v 12081 224 117
v 12082 59 24
v 12083 38 18
v 12084 46 20
v 12085 122 58
v 12086 191 87
v 12087 86 32
v 12088 72 22
v 12089 26 8
v 12090 39 17
v 12091 79 47
v 12092 139 67
v 12093 24 9
v 12094 170 66
v 12095 54 22
v 12096 71 44
v 12097 7 2
v 12098 8 5
v 12099 105 47
v 12100 83 43
v 12101 98 56
v 12102 97 54
v 12103 198 111
v 12104 56 29
v 12105 16 8
v 12106 255 119
v 12107 105 64
v 12108 254 112
v 12109 24 11
v 12110 38 20
v 12111 33 15
v 12112 37 16
v 12113 25 13
v 12114 20 10
v 12115 25 16
v 12116 135 68
v 12117 168 89
v 12118 358 163
v 12119 139 65
v 12120 177 82
v 12121 10 4
v 12122 58 26
v 12123 70 27
v 12124 19 10
v 12125 202 117
v 12126 12 4
v 12127 17 7
v 12128 80 34
v 12129 158 90
v 12130 89 40
v 12131 35 21
v 12132 90 45
v 12133 146 80
v 12134 32 14
v 12135 12 7
v 12136 158 72
v 12137 149 64
v 12138 122 61
v 12139 75 27
v 12140 65 35
v 12141 106 60
v 12142 90 42
v 12143 78 36
v 12144 141 68
v 12145 55 20
v 12146 63 37
v 12151 118 61
v 12152 65 30
v 12153 105 43
v 12155 154 76
v 12158 71 35
v 12160 181 97
v 12161 50 22
v 12163 78 35
v 12167 149 77
v 12168 87 49
v 12169 53 22
v 12170 27 16
v 12177 62 27
v 12187 27 15
v 12337 702 309
v 12338 208 92
v 12339 125 59
v 12340 120 55
v 12341 305 156
v 12342 653 307
v 12343 280 126
v 12344 123 59
v 12345 98 40
v 12346 89 42
v 12347 121 74
v 12348 382 175
v 12349 93 36
v 12350 372 152
v 12351 134 73
v 12352 187 94
v 12353 45 24
v 12354 19 10
v 12355 276 111
v 12356 282 133
v 12357 252 137
v 12358 260 121
v 12359 597 265
v 12360 122 73
v 12361 72 45
v 12362 856 373
v 12363 233 124
v 12364 634 277
v 12365 76 41
v 12366 169 77
v 12367 80 48
v 12368 127 66
v 12369 93 40
v 12370 57 21
v 12371 87 51
v 12372 329 162
v 12373 573 301
v 12374 987 482
v 12375 440 216
v 12376 468 222
v 12377 37 15
v 12378 186 83
v 12379 206 96
v 12380 79 36
v 12381 626 300
v 12382 68 38
v 12383 63 21
v 12384 199 104
v 12385 459 242
v 12386 210 123
v 12387 96 61
v 12388 335 180
v 12389 295 167
v 12390 98 56
v 12391 33 16
v 12392 440 213
v 12393 457 220
v 12394 396 209
v 12395 272 135
v 12396 153 89
v 12397 423 230
v 12398 286 138
v 12399 292 143
v 12400 482 238
v 12401 181 80
v 12402 165 91
v 12407 333 163
v 12408 227 111
v 12409 362 183
v 12411 487 246
v 12414 227 116
v 12416 504 272
v 12417 168 81
v 12419 307 155
v 12423 574 281
v 12424 300 161
v 12425 180 91
v 12426 90 46
v 12433 176 96
v 12443 85 38
v 12594 220 112
v 12595 132 69
v 12596 139 66
v 12597 358 203
v 12598 684 340
v 12599 374 167
v 12600 167 90
v 12601 83 45
v 12602 91 46
v 12603 155 89
v 12604 526 286
v 12605 70 48
v 12606 454 219
v 12607 155 95
v 12608 218 118
v 12609 52 27
v 12610 20 12
v 12611 316 154
v 12612 260 146
v 12613 320 163
v 12614 316 162
v 12615 719 334
v 12616 115 61
v 12617 66 42
v 12618 935 479
v 12619 307 151
v 12620 714 337
v 12621 84 50
v 12622 165 81
v 12623 97 59
v 12624 129 72
v 12625 74 43
v 12626 60 25
v 12627 82 51
v 12628 378 208
v 12629 556 315
v 12630 1133 596
v 12631 511 279
v 12632 627 316
v 12633 24 10
v 12634 207 99
v 12635 204 107
v 12636 119 53
v 12637 761 406
v 12638 65 33
v 12639 55 24
v 12640 208 115
v 12641 552 289
v 12642 327 187
v 12643 92 44
v 12644 371 194
v 12645 404 217
v 12646 101 44
v 12647 52 27
v 12648 610 320
v 12649 598 339
v 12650 467 237
v 12651 260 133
v 12652 233 135
v 12653 385 230
v 12654 298 147
v 12655 292 155
v 12656 484 247
v 12657 213 96
v 12658 204 114
v 12663 445 231
v 12664 250 146
v 12665 382 203
v 12667 558 292
v 12670 244 123
v 12672 539 293
v 12673 217 118
v 12675 340 191
v 12679 605 311
v 12680 347 197
v 12681 225 131
v 12682 98 61
v 12689 194 118
v 12699 125 66
v 12851 48 24
v 12852 44 19
v 12853 106 66
v 12854 182 92
v 12855 86 42
v 12856 41 31
v 12857 24 13
v 12858 24 10
v 12859 38 19
v 12860 144 74
v 12861 26 10
v 12862 114 57
v 12863 64 28
v 12864 75 41
v 12865 13 8
v 12866 8 7
v 12867 97 49
v 12868 100 50
v 12869 87 47
v 12870 84 45
v 12871 201 101
v 12872 48 30
v 12873 22 17
v 12874 257 133
v 12875 90 54
v 12876 218 117
v 12877 30 11
v 12878 50 24
v 12879 32 22
v 12880 40 23
v 12881 18 9
v 12882 20 11
v 12883 31 24
v 12884 130 76
v 12885 195 98
v 12886 322 181
v 12887 126 72
v 12888 148 79
v 12889 6 5
v 12890 65 29
v 12891 88 40
v 12892 30 15
v 12893 208 110
v 12894 18 7
v 12895 19 13
v 12896 47 29
v 12897 164 92
v 12898 69 49
v 12899 32 11
v 12900 103 59
v 12901 122 69
v 12902 31 18
v 12903 15 10
v 12904 108 63
v 12905 206 119
v 12906 135 70
v 12907 86 42
v 12908 50 25
v 12909 128 76
v 12910 95 46
v 12911 100 53
v 12912 164 81
v 12913 58 28
v 12914 50 31
v 12919 129 63
v 12920 58 37
v 12921 115 58
v 12923 178 98
v 12926 86 44
v 12928 154 87
v 12929 51 32
v 12931 107 67
v 12935 163 84
v 12936 86 47
v 12937 68 49
v 12938 27 19
v 12945 56 31
v 12955 34 18
v 13108 34 14
v 13109 76 44
v 13110 132 59
v 13111 66 25
v 13112 34 15
v 13113 24 11
v 13114 15 8
v 13115 25 13
v 13116 81 40
v 13117 20 6
v 13118 73 28
v 13119 22 11
v 13120 60 40
v 13121 8 2
v 13122 7 5
v 13123 63 33
v 13124 69 32
v 13125 66 33
v 13126 67 42
v 13127 160 79
v 13128 23 12
v 13129 20 10
v 13130 194 100
v 13131 59 32
v 13132 149 66
v 13133 14 4
v 13134 23 13
v 13135 22 10
v 13136 25 14
v 13137 13 5
v 13138 14 4
v 13139 23 14
v 13140 102 54
v 13141 105 52
v 13142 228 118
v 13143 82 36
v 13144 103 51
v 13145 6 3
v 13146 55 31
v 13147 34 16
v 13148 13 5
v 13149 102 56
v 13150 6 1
v 13151 15 4
v 13152 39 16
v 13153 108 57
v 13154 59 28
v 13155 22 14
v 13156 76 47
v 13157 67 32
v 13158 17 9
v 13159 9 4
v 13160 115 57
v 13161 106 39
v 13162 92 47
v 13163 61 28
v 13164 58 36
v 13165 84 46
v 13166 62 25
v 13167 51 23
v 13168 104 41
v 13169 28 14
v 13170 45 17
v 13175 66 37
v 13176 39 18
v 13177 67 30
v 13179 127 72
v 13182 55 29
v 13184 104 54
v 13185 43 17
v 13187 56 29
v 13191 112 50
v 13192 61 34
v 13193 30 11
v 13194 23 15
v 13201 44 28
v 13211 17 5
v 13365 74 37
v 13366 100 57
v 13367 66 37
v 13368 21 11
v 13369 20 7
v 13370 12 9
v 13371 14 8
v 13372 76 39
v 13373 18 7
v 13374 101 46
v 13375 23 15
v 13376 32 16
v 13377 7 5
v 13378 2 1
v 13379 41 22
v 13380 51 27
v 13381 78 42
v 13382 46 24
v 13383 105 54
v 13384 21 13
v 13385 12 5
v 13386 166 96
v 13387 55 31
v 13388 99 52
v 13389 9 5
v 13390 29 12
v 13391 16 10
v 13392 24 18
v 13393 20 17
v 13394 14 10
v 13395 13 8
v 13396 52 26
v 13397 87 45
v 13398 174 90
v 13399 92 49
v 13400 77 31
v 13401 5 3
v 13402 36 16
v 13403 42 21
v 13404 11 8
v 13405 150 85
v 13406 11 7
v 13407 13 5
v 13408 38 24
v 13409 86 47
v 13410 49 29
v 13411 11 4
v 13412 73 35
v 13413 58 26
v 13414 19 11
v 13415 9 6
v 13416 83 35
v 13417 117 71
v 13418 95 55
v 13419 59 33
v 13420 35 20
v 13421 63 36
v 13422 44 17
v 13423 44 25
v 13424 98 52
v 13425 27 13
v 13426 24 14
v 13431 94 41
v 13432 48 31
v 13433 93 55
v 13435 82 44
v 13438 41 19
v 13440 95 55
v 13441 44 27
v 13443 55 28
v 13447 86 43
v 13448 43 24
v 13449 34 25
v 13450 15 9
v 13457 35 19
v 13467 24 12
v 13622 291 137
v 13623 147 63
v 13624 72 24
v 13625 45 16
v 13626 36 16
v 13627 87 39
v 13628 209 73
v 13629 43 16
v 13630 244 99
v 13631 87 45
v 13632 123 59
v 13633 26 10
v 13634 6 3
v 13635 186 76
v 13636 173 79
v 13637 137 69
v 13638 162 73
v 13639 273 128
v 13640 66 28
v 13641 35 16
v 13642 470 197
v 13643 154 76
v 13644 340 149
v 13645 38 13
v 13646 65 21
v 13647 54 24
v 13648 57 31
v 13649 55 29
v 13650 35 17
v 13651 40 27
v 13652 213 87
v 13653 294 123
v 13654 622 290
v 13655 271 142
v 13656 278 111
v 13657 12 6
v 13658 101 46
v 13659 100 46
v 13660 30 15
v 13661 359 158
v 13662 16 11
v 13663 29 16
v 13664 110 51
v 13665 278 128
v 13666 142 66
v 13667 49 24
v 13668 177 70
v 13669 202 92
v 13670 48 18
v 13671 23 9
v 13672 306 139
v 13673 288 122
v 13674 222 112
v 13675 154 65
v 13676 101 51
v 13677 166 67
v 13678 149 66
v 13679 152 66
v 13680 189 95
v 13681 70 26
v 13682 117 58
v 13687 209 91
v 13688 121 46
v 13689 168 70
v 13691 266 121
v 13694 140 67
v 13696 284 129
v 13697 128 53
v 13699 164 65
v 13703 297 104
v 13704 152 58
v 13705 109 58
v 13706 55 26
v 13713 101 47
v 13723 54 20
v 13879 241 128
v 13880 162 87
v 13881 72 27
v 13882 91 47
v 13883 127 71
v 13884 358 165
v 13885 67 35
v 13886 342 161
v 13887 131 65
v 13888 231 132
v 13889 28 15
v 13890 14 7
v 13891 307 160
v 13892 218 127
v 13893 255 126
v 13894 311 161
v 13895 564 273
v 13896 129 73
v 13897 70 43
v 13898 880 473
v 13899 281 141
v 13900 569 263
v 13901 62 30
v 13902 139 64
v 13903 82 47
v 13904 118 65
v 13905 83 36
v 13906 50 26
v 13907 92 54
v 13908 391 217
v 13909 541 311
v 13910 968 498
v 13911 463 244
v 13912 527 271
v 13913 33 19
v 13914 194 113
v 13915 189 94
v 13916 62 26
v 13917 661 350
v 13918 57 25
v 13919 83 37
v 13920 272 154
v 13921 463 225
v 13922 213 121
v 13923 91 50
v 13924 294 139
v 13925 372 163
v 13926 104 53
v 13927 32 15
v 13928 584 304
v 13929 651 359
v 13930 391 210
v 13931 283 140
v 13932 238 139
v 13933 363 191
v 13934 337 175
v 13935 228 103
v 13936 350 184
v 13937 135 56
v 13938 199 117
v 13943 430 229
v 13944 220 120
v 13945 301 139
v 13947 475 275
v 13950 206 114
v 13952 447 264
v 13953 228 144
v 13955 259 147
v 13959 469 226
v 13960 252 146
v 13961 215 123
v 13962 86 53
v 13969 161 89
v 13979 112 66
v 14136 80 41
v 14137 44 22
v 14138 46 23
v 14139 70 41
v 14140 205 93
v 14141 33 17
v 14142 178 79
v 14143 86 41
v 14144 104 54
v 14145 19 9
v 14146 6 2
v 14147 124 65
v 14148 141 72
v 14149 152 71
v 14150 132 72
v 14151 284 128
v 14152 55 32
v 14153 33 22
v 14154 438 207
v 14155 143 81
v 14156 291 139
v 14157 40 23
v 14158 85 40
v 14159 29 13
v 14160 65 29
v 14161 40 24
v 14162 24 14
v 14163 41 22
v 14164 204 115
v 14165 278 152
v 14166 529 255
v 14167 190 95
v 14168 233 112
v 14169 9 4
v 14170 92 43
v 14171 114 57
v 14172 48 24
v 14173 311 174
v 14174 14 9
v 14175 28 13
v 14176 103 59
v 14177 228 127
v 14178 113 63
v 14179 42 22
v 14180 160 95
v 14181 186 104
v 14182 46 26
v 14183 20 8
v 14184 294 157
v 14185 266 142
v 14186 229 116
v 14187 145 72
v 14188 109 67
v 14189 176 102
v 14190 145 69
v 14191 104 43
v 14192 243 135
v 14193 101 48
v 14194 79 42
v 14199 198 103
v 14200 111 67
v 14201 182 98
v 14203 292 160
v 14206 129 73
v 14208 280 147
v 14209 100 49
v 14211 154 65
v 14215 256 122
v 14216 143 77
v 14217 84 40
v 14218 42 23
v 14225 108 49
v 14235 57 30
v 14393 16 8
v 14394 26 15
v 14395 30 18
v 14396 93 49
v 14397 10 1
v 14398 50 10
v 14399 28 22
v 14400 58 34
v 14401 8 5
v 14402 4 1
v 14403 72 37
v 14404 73 36
v 14405 91 46
v 14406 65 32
v 14407 126 61
v 14408 26 12
v 14409 18 8
v 14410 185 87
v 14411 59 33
v 14412 156 85
v 14413 8 5
v 14414 35 14
v 14415 20 6
v 14416 31 17
v 14417 19 10
v 14418 7 3
v 14419 23 15
v 14420 88 45
v 14421 125 76
v 14422 230 128
v 14423 106 56
v 14424 129 64
v 14425 3 3
v 14426 45 24
v 14427 44 24
v 14428 14 8
v 14429 144 74
v 14430 5 3
v 14431 10 6
v 14432 45 25
v 14433 87 48
v 14434 44 24
v 14435 28 15
v 14436 66 34
v 14437 99 58
v 14438 20 11
v 14439 12 2
v 14440 112 51
v 14441 106 50
v 14442 95 46
v 14443 54 26
v 14444 47 28
v 14445 78 45
v 14446 74 29
v 14447 62 34
v 14448 74 37
v 14449 35 16
v 14450 42 27
v 14455 67 35
v 14456 56 33
v 14457 93 45
v 14459 107 56
v 14462 64 21
v 14464 92 57
v 14465 36 17
v 14467 59 32
v 14471 102 57
v 14472 54 27
v 14473 50 27
v 14474 17 9
v 14481 43 26
v 14491 22 10
v 14650 15 6
v 14651 25 12
v 14652 55 22
v 14653 11 6
v 14654 53 27
v 14655 13 8
v 14656 22 14
v 14657 8 7
v 14658 1 0
v 14659 42 25
v 14660 34 19
v 14661 43 16
v 14662 49 23
v 14663 96 48
v 14664 15 6
v 14665 5 2
v 14666 141 75
v 14667 31 16
v 14668 89 40
v 14669 7 5
v 14670 23 10
v 14671 16 11
v 14672 18 7
v 14673 9 6
v 14674 6 2
v 14675 9 5
v 14676 45 21
v 14677 76 44
v 14678 142 63
v 14679 60 27
v 14680 63 33
v 14681 4 2
v 14682 32 16
v 14683 24 10
v 14684 14 10
v 14685 82 41
v 14686 10 3
v 14687 9 8
v 14688 31 17
v 14689 70 39
v 14690 32 21
v 14691 12 5
v 14692 62 30
v 14693 45 24
v 14694 20 12
v 14695 8 6
v 14696 73 39
v 14697 70 37
v 14698 49 30
v 14699 36 16
v 14700 21 9
v 14701 46 19
v 14702 33 18
v 14703 41 23
v 14704 68 33
v 14705 18 10
v 14706 26 13
v 14711 46 24
v 14712 37 16
v 14713 57 25
v 14715 69 35
v 14718 34 20
v 14720 71 41
v 14721 29 14
v 14723 47 28
v 14727 80 39
v 14728 36 23
v 14729 29 19
v 14730 26 13
v 14737 22 12
v 14747 10 3
v 14907 25 14
v 14908 46 19
v 14909 7 5
v 14910 74 32
v 14911 20 10
v 14912 35 17
v 14913 6 4
v 14914 3 1
v 14915 25 15
v 14916 42 25
v 14917 47 23
v 14918 49 24
v 14919 86 38
v 14920 22 12
v 14921 12 4
v 14922 127 63
v 14923 51 27
v 14924 83 40
v 14925 6 4
v 14926 24 11
v 14927 13 11
v 14928 9 4
v 14929 13 8
v 14930 8 3
v 14931 8 3
v 14932 50 23
v 14933 71 36
v 14934 159 76
v 14935 70 36
v 14936 72 34
v 14937 3 1
v 14938 29 12
v 14939 21 12
v 14940 15 8
v 14941 97 42
v 14942 8 3
v 14943 15 4
v 14944 30 17
v 14945 74 38
v 14946 44 16
v 14947 11 7
v 14948 53 33
v 14949 60 29
v 14950 8 3
v 14951 8 4
v 14952 65 35
v 14953 52 25
v 14954 54 27
v 14955 44 17
v 14956 22 11
v 14957 39 23
v 14958 43 18
v 14959 40 23
v 14960 41 19
v 14961 25 8
v 14962 21 16
v 14967 52 23
v 14968 44 30
v 14969 58 33
v 14971 87 44
v 14974 36 19
v 14976 62 36
v 14977 22 7
v 14979 38 21
v 14983 65 23
v 14984 46 26
v 14985 44 19
v 14986 10 6
v 14993 33 16
v 15003 19 11
v 15164 99 52
v 15165 11 6
v 15166 100 33
v 15167 36 17
v 15168 41 24
v 15169 7 5
v 15170 4 2
v 15171 58 22
v 15172 25 11
v 15173 57 22
v 15174 54 25
v 15175 144 66
v 15176 37 20
v 15177 18 9
v 15178 168 74
v 15179 74 31
v 15180 180 81
v 15181 20 11
v 15182 39 15
v 15183 18 12
v 15184 30 16
v 15185 22 7
v 15186 13 6
v 15187 25 13
v 15188 89 45
v 15189 132 68
v 15190 280 129
v 15191 106 49
v 15192 103 48
v 15193 4 1
v 15194 41 21
v 15195 49 20
v 15196 12 3
v 15197 125 59
v 15198 15 6
v 15199 19 7
v 15200 43 25
v 15201 110 52
v 15202 47 18
v 15203 18 10
v 15204 80 35
v 15205 85 38
v 15206 21 7
v 15207 9 5
v 15208 108 50
v 15209 127 52
v 15210 104 57
v 15211 74 30
v 15212 45 23
v 15213 78 31
v 15214 57 26
v 15215 57 20
v 15216 103 46
v 15217 27 10
v 15218 47 18
v 15223 94 46
v 15224 58 34
v 15225 77 29
v 15227 98 48
v 15230 60 27
v 15232 96 55
v 15233 43 19
v 15235 63 34
v 15239 119 55
v 15240 64 24
v 15241 43 19
v 15242 17 8
v 15249 38 13
v 15259 34 18
v 15421 58 21
v 15422 190 94
v 15423 95 49
v 15424 132 76
v 15425 16 9
v 15426 5 3
v 15427 190 84
v 15428 219 106
v 15429 209 135
v 15430 162 94
v 15431 348 158
v 15432 66 34
v 15433 50 30
v 15434 551 287
v 15435 217 126
v 15436 368 166
v 15437 57 25
v 15438 91 42
v 15439 56 32
v 15440 71 44
v 15441 54 27
v 15442 33 14
v 15443 58 35
v 15444 212 100
v 15445 358 191
v 15446 781 442
v 15447 263 125
v 15448 372 192
v 15449 30 16
v 15450 125 67
v 15451 124 61
v 15452 50 25
v 15453 342 187
v 15454 33 16
v 15455 51 24
v 15456 134 80
v 15457 347 193
v 15458 126 76
v 15459 74 38
v 15460 161 91
v 15461 251 143
v 15462 53 23
v 15463 16 7
v 15464 364 188
v 15465 307 159
v 15466 236 122
v 15467 163 79
v 15468 131 70
v 15469 248 145
v 15470 144 69
v 15471 277 163
v 15472 318 164
v 15473 103 49
v 15474 117 67
v 15479 248 126
v 15480 147 90
v 15481 249 132
v 15483 344 200
v 15486 143 77
v 15488 302 157
v 15489 132 72
v 15491 217 119
v 15495 349 166
v 15496 161 95
v 15497 146 74
v 15498 43 21
v 15505 125 64
v 15515 50 27
v 15678 53 29
v 15679 13 8
v 15680 23 18
v 15681 1 1
v 15682 2 0
v 15683 36 20
v 15684 34 20
v 15685 27 17
v 15686 22 12
v 15687 58 23
v 15688 14 10
v 15689 6 5
v 15690 106 54
v 15691 35 20
v 15692 80 39
v 15693 10 5
v 15694 18 9
v 15695 15 9
v 15696 14 7
v 15697 13 8
v 15698 5 2
v 15699 10 5
v 15700 47 30
v 15701 49 26
v 15702 130 66
v 15703 37 16
v 15704 53 27
v 15705 1 0
v 15706 29 12
v 15707 32 14
v 15708 13 6
v 15709 61 29
v 15710 9 6
v 15711 5 3
v 15712 22 7
v 15713 51 29
v 15714 30 18
v 15715 9 6
v 15716 36 15
v 15717 39 20
v 15718 9 5
v 15719 6 4
v 15720 54 29
v 15721 45 19
v 15722 30 18
v 15723 21 9
v 15724 14 10
v 15725 36 27
v 15726 35 14
v 15727 44 29
v 15728 35 20
v 15729 29 19
v 15730 17 10
v 15735 44 26
v 15736 21 12
v 15737 37 19
v 15739 48 25
v 15742 20 9
v 15744 48 23
v 15745 14 9
v 15747 38 16
v 15751 48 20
v 15752 37 22
v 15753 17 11
v 15754 10 3
v 15761 18 10
v 15771 5 3
v 15935 89 60
v 15936 126 77
v 15937 18 8
v 15938 8 3
v 15939 155 85
v 15940 151 92
v 15941 214 136
v 15942 165 97
v 15943 474 234
v 15944 97 53
v 15945 58 37
v 15946 513 295
v 15947 173 100
v 15948 411 231
v 15949 45 25
v 15950 97 50
v 15951 42 28
v 15952 67 39
v 15953 62 33
v 15954 35 11
v 15955 63 30
v 15956 265 140
v 15957 347 186
v 15958 680 382
v 15959 270 138
v 15960 361 195
v 15961 27 14
v 15962 115 61
v 15963 147 68
v 15964 58 26
v 15965 521 271
v 15966 30 21
v 15967 62 27
v 15968 128 79
v 15969 297 165
v 15970 115 80
v 15971 60 33
v 15972 212 119
v 15973 253 146
v 15974 64 43
v 15975 36 19
v 15976 368 189
v 15977 372 213
v 15978 285 173
v 15979 202 108
v 15980 146 87
v 15981 236 156
v 15982 158 95
v 15983 177 104
v 15984 296 151
v 15985 88 43
v 15986 123 69
v 15991 250 134
v 15992 162 103
v 15993 226 127
v 15995 357 214
v 15998 165 75
v 16000 354 189
v 16001 123 72
v 16003 178 103
v 16007 334 173
v 16008 161 95
v 16009 117 67
v 16010 64 40
v 16017 130 72
v 16027 65 34
v 16192 53 20
v 16193 8 4
v 16194 3 2
v 16195 66 31
v 16196 74 33
v 16197 76 35
v 16198 66 30
v 16199 155 74
v 16200 36 21
v 16201 13 6
v 16202 184 86
v 16203 71 35
v 16204 128 45
v 16205 9 2
v 16206 43 17
v 16207 24 10
v 16208 32 15
v 16209 19 11
v 16210 16 8
v 16211 28 14
v 16212 92 43
v 16213 151 85
v 16214 246 96
v 16215 99 49
v 16216 118 52
v 16217 7 2
v 16218 52 26
v 16219 54 26
v 16220 17 5
v 16221 157 70
v 16222 11 7
v 16223 13 9
v 16224 48 26
v 16225 125 59
v 16226 49 26
v 16227 18 8
v 16228 87 44
v 16229 79 32
v 16230 31 13
v 16231 5 3
v 16232 113 41
v 16233 120 45
v 16234 87 43
v 16235 64 27
v 16236 68 34
v 16237 78 38
v 16238 70 30
v 16239 57 32
v 16240 97 47
v 16241 32 19
v 16242 38 19
v 16247 70 34
v 16248 50 21
v 16249 81 39
v 16251 113 53
v 16254 62 26
v 16256 127 54
v 16257 51 24
v 16259 74 36
v 16263 105 48
v 16264 68 39
v 16265 31 14
v 16266 13 8
v 16273 34 14
v 16283 16 7
v 16449 9 5
v 16450 9 5
v 16451 77 30
v 16452 85 42
v 16453 110 53
v 16454 100 36
v 16455 240 102
v 16456 44 21
v 16457 22 15
v 16458 303 144
v 16459 88 44
v 16460 233 97
v 16461 17 8
v 16462 43 14
v 16463 34 18
v 16464 34 16
v 16465 31 17
v 16466 15 6
v 16467 31 19
v 16468 130 60
v 16469 218 116
v 16470 428 181
v 16471 151 64
v 16472 188 79
v 16473 7 3
v 16474 67 30
v 16475 62 30
v 16476 24 15
v 16477 210 103
v 16478 16 9
v 16479 27 11
v 16480 77 37
v 16481 164 74
v 16482 70 37
v 16483 29 18
v 16484 123 56
v 16485 136 67
v 16486 41 20
v 16487 10 3
v 16488 250 104
v 16489 170 79
v 16490 139 56
v 16491 94 35
v 16492 68 28
v 16493 117 60
v 16494 79 34
v 16495 91 43
v 16496 139 66
v 16497 47 24
v 16498 60 24
v 16503 129 56
v 16504 79 42
v 16505 124 62
v 16507 166 102
v 16510 92 41
v 16512 188 88
v 16513 73 34
v 16515 112 54
v 16519 184 80
v 16520 107 57
v 16521 75 31
v 16522 32 12
v 16529 61 29
v 16539 32 13
v 16706 1 0
v 16707 19 6
v 16708 20 8
v 16709 18 10
v 16710 22 13
v 16711 43 24
v 16712 8 4
v 16713 3 2
v 16714 39 15
v 16715 13 5
v 16716 35 15
v 16718 7 4
v 16719 4 0
v 16720 8 6
v 16721 2 1
v 16723 4 3
v 16724 25 11
v 16725 29 12
v 16726 63 27
v 16727 20 7
v 16728 30 13
v 16730 4 2
v 16731 16 5
v 16732 8 3
v 16733 45 22
v 16734 5 1
v 16735 2 2
v 16736 12 8
v 16737 26 12
v 16738 16 9
v 16739 5 1
v 16740 24 10
v 16741 14 9
v 16742 3 1
v 16743 1 1
v 16744 23 11
v 16745 20 12
v 16746 22 9
v 16747 18 6
v 16748 9 1
v 16749 25 15
v 16750 16 4
v 16751 10 6
v 16752 27 13
v 16753 7 2
v 16754 12 8
v 16759 26 12
v 16760 15 6
v 16761 21 8
v 16763 36 18
v 16766 12 7
v 16768 25 12
v 16769 13 8
v 16771 13 10
v 16775 27 15
v 16776 17 7
v 16777 12 8
v 16778 3 1
v 16785 10 4
v 16795 5 3
v 16963 6 4
v 16964 12 6
v 16965 15 11
v 16966 7 5
v 16967 14 6
v 16968 8 4
v 16969 3 1
v 16970 19 9
v 16971 5 2
v 16972 13 6
v 16974 7 4
v 16975 1 1
v 16976 4 1
v 16977 1 1
v 16978 2 2
v 16979 1 1
v 16980 8 5
v 16981 19 9
v 16982 31 15
v 16983 9 7
v 16984 10 4
v 16985 1 0
v 16986 5 2
v 16987 8 5
v 16988 1 0
v 16989 16 5
v 16990 2 0
v 16991 2 0
v 16992 5 3
v 16993 13 6
v 16994 8 4
v 16995 4 1
v 16996 8 2
v 16997 8 5
v 16998 3 3
v 16999 1 1
v 17000 14 8
v 17001 18 11
v 17002 6 5
v 17003 8 3
v 17004 4 2
v 17005 9 6
v 17006 8 6
v 17007 5 4
v 17008 16 10
v 17009 7 5
v 17010 3 1
v 17015 6 2
v 17016 9 7
v 17017 7 2
v 17019 15 8
v 17022 7 4
v 17024 17 11
v 17025 6 5
v 17027 9 6
v 17031 14 8
v 17032 7 3
v 17033 3 2
v 17041 6 5
v 17051 1 0
v 17220 163 97
v 17221 135 69
v 17222 127 77
v 17223 304 153
v 17224 59 33
v 17225 31 17
v 17226 346 171
v 17227 153 79
v 17228 312 155
v 17229 30 15
v 17230 59 27
v 17231 30 21
v 17232 52 25
v 17233 41 21
v 17234 26 9
v 17235 33 16
v 17236 181 101
v 17237 189 88
v 17238 486 275
v 17239 215 104
v 17240 220 112
v 17241 12 7
v 17242 78 40
v 17243 60 35
v 17244 40 20
v 17245 295 146
v 17246 27 14
v 17247 30 11
v 17248 102 52
v 17249 237 134
v 17250 98 55
v 17251 39 17
v 17252 171 83
v 17253 183 96
v 17254 35 17
v 17255 12 5
v 17256 274 140
v 17257 210 112
v 17258 199 98
v 17259 94 43
v 17260 78 40
v 17261 147 82
v 17262 101 47
v 17263 140 76
v 17264 268 145
v 17265 79 41
v 17266 60 33
v 17271 147 77
v 17272 105 54
v 17273 194 99
v 17275 229 130
v 17278 120 58
v 17280 245 142
v 17281 87 51
v 17283 134 75
v 17287 203 98
v 17288 123 62
v 17289 98 47
v 17290 42 21
v 17297 77 45
v 17307 29 10
v 17477 129 62
v 17478 128 59
v 17479 275 115
v 17480 56 27
v 17481 27 9
v 17482 401 187
v 17483 125 67
v 17484 322 141
v 17485 48 23
v 17486 74 37
v 17487 38 22
v 17488 63 24
v 17489 32 12
v 17490 20 8
v 17491 43 26
v 17492 209 114
v 17493 264 134
v 17494 518 267
v 17495 191 99
v 17496 221 113
v 17497 15 6
v 17498 92 44
v 17499 116 53
v 17500 35 15
v 17501 210 109
v 17502 37 20
v 17503 11 8
v 17504 88 45
v 17505 242 122
v 17506 72 45
v 17507 29 11
v 17508 146 74
v 17509 144 60
v 17510 49 23
v 17511 14 6
v 17512 277 121
v 17513 242 118
v 17514 201 103
v 17515 120 62
v 17516 75 43
v 17517 145 80
v 17518 147 70
v 17519 146 64
v 17520 182 75
v 17521 104 44
v 17522 66 35
v 17527 167 76
v 17528 122 65
v 17529 171 81
v 17531 180 93
v 17534 117 53
v 17536 224 112
v 17537 117 61
v 17539 134 69
v 17543 232 110
v 17544 133 75
v 17545 100 52
v 17546 41 23
v 17553 74 37
v 17563 34 17
v 17734 97 56
v 17735 265 128
v 17736 70 34
v 17737 44 19
v 17738 359 169
v 17739 117 64
v 17740 320 142
v 17741 35 12
v 17742 88 40
v 17743 33 16
v 17744 63 29
v 17745 39 21
v 17746 22 11
v 17747 44 22
v 17748 174 96
v 17749 265 132
v 17750 405 194
v 17751 226 120
v 17752 284 130
v 17753 13 5
v 17754 90 46
v 17755 116 56
v 17756 38 10
v 17757 290 150
v 17758 51 20
v 17759 24 15
v 17760 100 56
v 17761 202 96
v 17762 127 62
v 17763 39 17
v 17764 123 54
v 17765 194 97
v 17766 52 33
v 17767 12 3
v 17768 290 152
v 17769 234 115
v 17770 199 101
v 17771 124 55
v 17772 87 44
v 17773 156 77
v 17774 138 68
v 17775 140 66
v 17776 207 87
v 17777 65 26
v 17778 94 44
v 17783 182 78
v 17784 115 51
v 17785 133 65
v 17787 233 116
v 17790 110 57
v 17792 238 123
v 17793 97 51
v 17795 149 83
v 17799 234 104
v 17800 118 56
v 17801 83 43
v 17802 46 25
v 17809 78 43
v 17819 53 28
v 17991 327 160
v 17992 43 28
v 17993 37 26
v 17994 361 171
v 17995 153 77
v 17996 244 118
v 17997 20 11
v 17998 46 20
v 17999 39 26
v 18000 61 32
v 18001 36 19
v 18002 24 6
v 18003 32 19
v 18004 142 66
v 18005 252 123
v 18006 475 245
v 18007 171 85
v 18008 230 117
v 18009 7 2
v 18010 73 40
v 18011 83 42
v 18012 29 12
v 18013 305 149
v 18014 23 8
v 18015 29 19
v 18016 89 52
v 18017 250 130
v 18018 123 69
v 18019 40 19
v 18020 148 64
v 18021 132 77
v 18022 36 19
v 18023 18 8
v 18024 253 128
v 18025 236 111
v 18026 183 83
v 18027 112 58
v 18028 78 46
v 18029 136 71
v 18030 183 75
v 18031 126 62
v 18032 160 74
v 18033 53 28
v 18034 87 46
v 18039 140 74
v 18040 109 70
v 18041 148 64
v 18043 197 108
v 18046 118 62
v 18048 256 124
v 18049 95 49
v 18051 140 65
v 18055 209 112
v 18056 139 70
v 18057 96 53
v 18058 41 26
v 18065 78 35
v 18075 45 24
v 18248 162 87
v 18249 78 52
v 18250 899 424
v 18251 254 141
v 18252 680 334
v 18253 61 34
v 18254 145 77
v 18255 101 57
v 18256 108 64
v 18257 97 55
v 18258 47 20
v 18259 97 54
v 18260 403 223
v 18261 630 366
v 18262 1185 608
v 18263 443 218
v 18264 560 252
v 18265 29 13
v 18266 192 87
v 18267 217 117
v 18268 77 42
v 18269 683 368
v 18270 70 37
v 18271 73 37
v 18272 192 96
v 18273 522 290
v 18274 298 152
v 18275 87 53
v 18276 359 185
v 18277 389 228
v 18278 79 47
v 18279 33 12
v 18280 531 267
v 18281 551 285
v 18282 487 269
v 18283 278 144
v 18284 325 172
v 18285 370 203
v 18286 271 133
v 18287 270 133
v 18288 433 225
v 18289 153 80
v 18290 174 93
v 18295 407 199
v 18296 210 122
v 18297 350 171
v 18299 512 278
v 18302 257 135
v 18304 493 248
v 18305 257 139
v 18307 320 184
v 18311 534 257
v 18312 254 142
v 18313 183 106
v 18314 99 58
v 18321 203 121
v 18331 111 53
v 18505 18 10
v 18506 174 81
v 18507 64 27
v 18508 121 49
v 18509 21 9
v 18510 33 11
v 18511 19 11
v 18512 16 8
v 18513 13 5
v 18514 12 8
v 18515 33 17
v 18516 81 38
v 18517 119 55
v 18518 218 98
v 18519 94 35
v 18520 108 53
v 18521 7 4
v 18522 48 22
v 18523 48 25
v 18524 7 3
v 18525 139 52
v 18526 11 6
v 18527 19 10
v 18528 23 9
v 18529 97 46
v 18530 44 28
v 18531 16 7
v 18532 71 25
v 18533 71 28
v 18534 21 10
v 18535 12 4
v 18536 117 54
v 18537 103 50
v 18538 72 34
v 18539 59 22
v 18540 38 23
v 18541 69 32
v 18542 47 19
v 18543 40 18
v 18544 97 48
v 18545 38 14
v 18546 38 17
v 18551 87 35
v 18552 51 26
v 18553 78 37
v 18555 112 56
v 18558 62 31
v 18560 100 42
v 18561 47 22
v 18563 64 28
v 18567 106 50
v 18568 61 22
v 18569 40 17
v 18570 28 16
v 18577 35 22
v 18587 17 11
v 18762 91 40
v 18763 27 13
v 18764 69 17
v 18765 6 3
v 18766 19 8
v 18767 4 2
v 18768 9 4
v 18769 18 14
v 18770 9 3
v 18771 12 8
v 18772 43 20
v 18773 59 32
v 18774 139 64
v 18775 58 24
v 18776 62 24
v 18777 1 0
v 18778 29 14
v 18779 22 11
v 18780 13 1
v 18781 86 36
v 18782 6 2
v 18783 9 2
v 18784 28 14
v 18785 62 29
v 18786 34 13
v 18787 9 4
v 18788 47 22
v 18789 40 21
v 18790 18 7
v 18791 3 2
v 18792 62 31
v 18793 57 21
v 18794 44 21
v 18795 32 13
v 18796 23 10
v 18797 52 27
v 18798 29 8
v 18799 29 14
v 18800 49 18
v 18801 19 8
v 18802 32 15
v 18807 47 19
v 18808 28 10
v 18809 33 13
v 18811 55 25
v 18814 25 10
v 18816 65 37
v 18817 28 10
v 18819 32 16
v 18823 41 13
v 18824 28 11
v 18825 17 7
v 18826 11 4
v 18833 16 9
v 18843 11 5
v 19019 346 176
v 19020 894 397
v 19021 89 47
v 19022 218 107
v 19023 110 59
v 19024 182 100
v 19025 111 53
v 19026 85 35
v 19027 121 67
v 19028 543 301
v 19029 739 403
v 19030 1548 796
v 19031 622 319
v 19032 659 338
v 19033 30 17
v 19034 285 135
v 19035 284 128
v 19036 92 45
v 19037 805 431
v 19038 62 30
v 19039 87 46
v 19040 269 140
v 19041 759 397
v 19042 273 150
v 19043 129 61
v 19044 471 240
v 19045 467 241
v 19046 135 62
v 19047 57 21
v 19048 775 387
v 19049 744 387
v 19050 597 323
v 19051 359 183
v 19052 238 119
v 19053 460 274
v 19054 377 173
v 19055 354 177
v 19056 559 286
v 19057 221 103
v 19058 220 127
v 19063 469 250
v 19064 414 228
v 19065 485 242
v 19067 685 379
v 19070 469 221
v 19072 717 368
v 19073 330 176
v 19075 396 214
v 19079 673 328
v 19080 393 215
v 19081 247 136
v 19082 111 69
v 19089 235 138
v 19099 128 72
v 19276 284 124
v 19277 43 25
v 19278 72 29
v 19279 38 23
v 19280 45 22
v 19281 42 23
v 19282 19 10
v 19283 39 21
v 19284 186 102
v 19285 236 130
v 19286 603 305
v 19287 219 106
v 19288 253 113
v 19289 11 5
v 19290 72 37
v 19291 66 37
v 19292 31 16
v 19293 319 136
v 19294 20 9
v 19295 30 14
v 19296 91 54
v 19297 239 122
v 19298 94 59
v 19299 40 28
v 19300 140 78
v 19301 183 96
v 19302 44 25
v 19303 19 7
v 19304 271 124
v 19305 232 111
v 19306 170 89
v 19307 110 51
v 19308 115 64
v 19309 142 79
v 19310 133 49
v 19311 139 68
v 19312 170 79
v 19313 71 27
v 19314 88 47
v 19319 170 95
v 19320 109 57
v 19321 129 61
v 19323 205 103
v 19326 118 60
v 19328 250 135
v 19329 94 43
v 19331 117 64
v 19335 211 105
v 19336 104 53
v 19337 92 52
v 19338 38 20
v 19345 75 41
v 19355 37 22
v 19533 78 39
v 19534 147 73
v 19535 87 54
v 19536 112 66
v 19537 84 51
v 19538 53 29
v 19539 85 51
v 19540 402 228
v 19541 511 289
v 19542 870 464
v 19543 456 237
v 19544 548 264
v 19545 28 19
v 19546 197 93
v 19547 162 82
v 19548 77 37
v 19549 600 344
v 19550 43 24
v 19551 60 42
v 19552 201 115
v 19553 461 251
v 19554 247 153
v 19555 93 50
v 19556 307 169
v 19557 358 215
v 19558 107 69
v 19559 43 19
v 19560 628 350
v 19561 521 282
v 19562 379 205
v 19563 238 130
v 19564 197 121
v 19565 320 170
v 19566 286 151
v 19567 268 147
v 19568 436 236
v 19569 183 84
v 19570 181 107
v 19575 378 201
v 19576 206 105
v 19577 360 170
v 19579 485 301
v 19582 217 129
v 19584 493 283
v 19585 170 104
v 19587 331 179
v 19591 501 249
v 19592 263 132
v 19593 178 87
v 19594 99 59
v 19601 172 99
v 19611 98 53
v 19790 21 11
v 19791 8 5
v 19792 18 8
v 19793 11 6
v 19794 10 6
v 19795 5 3
v 19796 42 28
v 19797 65 36
v 19798 139 74
v 19799 66 35
v 19800 45 20
v 19801 10 5
v 19802 32 17
v 19803 22 10
v 19804 14 4
v 19805 78 33
v 19806 3 2
v 19807 10 3
v 19808 15 8
v 19809 50 23
v 19810 20 15
v 19811 10 6
v 19812 24 9
v 19813 41 20
v 19814 6 4
v 19815 4 3
v 19816 55 23
v 19817 60 29
v 19818 40 16
v 19819 25 17
v 19820 17 10
v 19821 41 20
v 19822 25 14
v 19823 45 23
v 19824 41 21
v 19825 31 17
v 19826 14 6
v 19831 30 13
v 19832 23 15
v 19833 45 21
v 19835 61 27
v 19838 21 12
v 19840 42 23
v 19841 32 19
v 19843 36 24
v 19847 61 30
v 19848 35 16
v 19849 19 12
v 19850 7 4
v 19857 14 8
v 19867 8 2
v 20047 15 10
v 20048 30 20
v 20049 14 9
v 20050 15 7
v 20051 19 14
v 20052 84 46
v 20053 131 77
v 20054 258 135
v 20055 106 50
v 20056 112 54
v 20057 8 2
v 20058 40 19
v 20059 52 27
v 20060 23 8
v 20061 137 74
v 20062 14 6
v 20063 13 5
v 20064 41 16
v 20065 100 51
v 20066 55 29
v 20067 17 13
v 20068 87 44
v 20069 87 51
v 20070 19 13
v 20071 14 11
v 20072 129 69
v 20073 129 75
v 20074 105 59
v 20075 69 35
v 20076 46 26
v 20077 78 37
v 20078 57 31
v 20079 59 34
v 20080 113 57
v 20081 39 25
v 20082 43 27
v 20087 105 58
v 20088 69 44
v 20089 93 47
v 20091 118 68
v 20094 50 23
v 20096 130 76
v 20097 39 25
v 20099 72 37
v 20103 128 71
v 20104 73 42
v 20105 36 17
v 20106 22 12
v 20113 38 18
v 20123 28 19
v 20304 20 8
v 20305 18 9
v 20306 11 5
v 20307 9 4
v 20308 50 18
v 20309 66 35
v 20310 143 57
v 20311 63 26
v 20312 74 32
v 20313 3 2
v 20314 24 11
v 20315 28 11
v 20316 12 5
v 20317 77 38
v 20318 5 3
v 20319 6 2
v 20320 35 9
v 20321 85 47
v 20322 29 12
v 20323 12 8
v 20324 47 23
v 20325 45 17
v 20326 12 8
v 20327 3 1
v 20328 80 40
v 20329 69 33
v 20330 41 16
v 20331 37 17
v 20332 26 10
v 20333 46 20
v 20334 39 14
v 20335 39 18
v 20336 82 34
v 20337 16 7
v 20338 21 6
v 20343 47 24
v 20344 36 18
v 20345 56 26
v 20347 64 37
v 20350 33 17
v 20352 63 27
v 20353 35 15
v 20355 46 16
v 20359 68 31
v 20360 30 18
v 20361 21 11
v 20362 15 5
v 20369 20 7
v 20379 10 7
v 20561 17 5
v 20562 14 9
v 20563 24 12
v 20564 50 28
v 20565 92 48
v 20566 197 87
v 20567 86 47
v 20568 93 42
v 20569 6 4
v 20570 42 24
v 20571 37 16
v 20572 10 5
v 20573 131 64
v 20574 6 1
v 20575 18 11
v 20576 36 18
v 20577 99 53
v 20578 38 17
v 20579 15 5
v 20580 73 33
v 20581 82 40
v 20582 17 8
v 20583 9 5
v 20584 101 48
v 20585 88 42
v 20586 88 34
v 20587 48 31
v 20588 42 14
v 20589 80 32
v 20590 46 20
v 20591 52 28
v 20592 77 33
v 20593 22 8
v 20594 36 15
v 20599 70 34
v 20600 39 18
v 20601 62 31
v 20603 90 39
v 20606 29 18
v 20608 84 40
v 20609 35 18
v 20611 63 25
v 20615 85 33
v 20616 39 20
v 20617 43 22
v 20618 17 6
v 20625 39 16
v 20635 14 6
v 20818 7 6
v 20819 15 9
v 20820 72 38
v 20821 90 57
v 20822 149 77
v 20823 78 41
v 20824 80 40
v 20825 5 1
v 20826 32 14
v 20827 27 15
v 20828 7 4
v 20829 87 36
v 20830 12 8
v 20831 13 4
v 20832 32 14
v 20833 80 40
v 20834 31 15
v 20835 15 7
v 20836 38 14
v 20837 60 38
v 20838 9 5
v 20839 10 4
v 20840 87 46
v 20841 75 31
v 20842 58 32
v 20843 31 12
v 20844 28 17
v 20845 44 23
v 20846 29 14
v 20847 43 26
v 20848 39 20
v 20849 22 8
v 20850 29 16
v 20855 51 21
v 20856 32 17
v 20857 48 25
v 20859 75 33
v 20862 30 14
v 20864 59 30
v 20865 34 22
v 20867 47 27
v 20871 74 29
v 20872 37 23
v 20873 21 7
v 20874 16 13
v 20881 23 14
v 20891 12 7
v 21075 15 8
v 21076 25 15
v 21077 66 36
v 21078 96 54
v 21079 40 15
v 21080 58 24
v 21081 3 1
v 21082 24 17
v 21083 23 10
v 21084 10 2
v 21085 59 39
v 21086 11 6
v 21087 6 2
v 21088 11 3
v 21089 46 29
v 21090 16 9
v 21091 9 3
v 21092 27 10
v 21093 34 20
v 21094 13 8
v 21095 3 0
v 21096 56 22
v 21097 40 21
v 21098 44 26
v 21099 25 11
v 21100 15 6
v 21101 34 21
v 21102 21 13
v 21103 34 25
v 21104 25 11
v 21105 23 17
v 21106 17 8
v 21111 24 11
v 21112 25 11
v 21113 30 8
v 21115 63 35
v 21118 18 9
v 21120 36 15
v 21121 19 11
v 21123 27 12
v 21127 42 27
v 21128 26 13
v 21129 20 10
v 21130 7 3
v 21137 21 8
v 21147 9 6
v 21332 51 22
v 21333 67 30
v 21334 158 75
v 21335 65 32
v 21336 70 30
v 21337 5 0
v 21338 33 11
v 21339 35 16
v 21340 12 3
v 21341 85 42
v 21342 6 3
v 21343 15 10
v 21344 33 15
v 21345 85 34
v 21346 65 33
v 21347 8 3
v 21348 45 17
v 21349 48 30
v 21350 18 7
v 21351 4 1
v 21352 78 36
v 21353 78 29
v 21354 52 25
v 21355 38 15
v 21356 34 19
v 21357 61 25
v 21358 39 13
v 21359 46 20
v 21360 54 26
v 21361 15 9
v 21362 23 11
v 21367 43 19
v 21368 34 13
v 21369 48 20
v 21371 67 30
v 21374 27 15
v 21376 62 30
v 21377 36 11
v 21379 54 22
v 21383 69 33
v 21384 53 27
v 21385 32 16
v 21386 12 6
v 21393 29 14
v 21403 17 9
v 21589 359 181
v 21590 700 319
v 21591 285 127
v 21592 322 151
v 21593 16 10
v 21594 118 60
v 21595 111 47
v 21596 41 16
v 21597 450 200
v 21598 41 19
v 21599 46 21
v 21600 153 66
v 21601 354 171
v 21602 173 90
v 21603 56 26
v 21604 220 107
v 21605 236 116
v 21606 71 33
v 21607 22 13
v 21608 379 169
v 21609 307 143
v 21610 248 124
v 21611 161 72
v 21612 122 64
v 21613 227 115
v 21614 143 64
v 21615 172 88
v 21616 221 98
v 21617 105 48
v 21618 125 64
v 21623 219 107
v 21624 153 80
v 21625 186 79
v 21627 288 145
v 21630 148 78
v 21632 343 166
v 21633 130 72
v 21635 169 83
v 21639 311 138
v 21640 190 94
v 21641 111 58
v 21642 67 34
v 21649 89 53
v 21659 71 31
v 21846 951 436
v 21847 392 194
v 21848 451 192
v 21849 22 7
v 21850 173 72
v 21851 183 82
v 21852 63 29
v 21853 529 257
v 21854 57 20
v 21855 61 27
v 21856 176 100
v 21857 431 195
v 21858 292 134
v 21859 83 39
v 21860 291 135
v 21861 299 161
v 21862 78 48
v 21863 38 14
v 21864 480 215
v 21865 456 221
v 21866 360 167
v 21867 220 117
v 21868 187 95
v 21869 298 161
v 21870 259 142
v 21871 246 127
v 21872 388 188
v 21873 156 74
v 21874 161 85
v 21879 313 134
v 21880 202 101
v 21881 321 141
v 21883 438 229
v 21886 181 76
v 21888 655 343
v 21889 183 100
v 21891 265 139
v 21895 421 193
v 21896 262 111
v 21897 183 84
v 21898 90 48
v 21905 156 90
v 21915 66 36
v 22103 796 411
v 22104 897 419
v 22105 48 21
v 22106 349 161
v 22107 320 144
v 22108 134 56
v 22109 1091 571
v 22110 85 44
v 22111 111 61
v 22112 362 193
v 22113 813 422
v 22114 369 227
v 22115 169 93
v 22116 609 274
v 22117 644 338
v 22118 155 82
v 22119 66 25
v 22120 1004 465
v 22121 935 486
v 22122 752 357
v 22123 507 244
v 22124 254 161
v 22125 612 336
v 22126 485 217
v 22127 447 219
v 22128 678 319
v 22129 259 126
v 22130 339 178
v 22135 625 298
v 22136 383 213
v 22137 576 282
v 22139 872 452
v 22142 440 209
v 22144 870 479
v 22145 358 212
v 22147 499 277
v 22151 862 392
v 22152 499 254
v 22153 320 161
v 22154 150 83
v 22161 294 158
v 22171 163 83
v 22360 360 173
v 22361 14 6
v 22362 131 70
v 22363 128 64
v 22364 55 27
v 22365 332 197
v 22366 53 33
v 22367 55 25
v 22368 122 57
v 22369 344 178
v 22370 144 87
v 22371 66 28
v 22372 258 126
v 22373 271 126
v 22374 69 28
v 22375 30 16
v 22376 436 191
v 22377 355 181
v 22378 280 134
v 22379 183 89
v 22380 149 84
v 22381 210 111
v 22382 189 92
v 22383 203 94
v 22384 292 127
v 22385 96 49
v 22386 135 80
v 22391 277 135
v 22392 167 97
v 22393 273 117
v 22395 357 179
v 22398 214 107
v 22400 333 171
v 22401 158 90
v 22403 232 128
v 22407 308 148
v 22408 168 78
v 22409 126 67
v 22410 56 28
v 22417 129 71
v 22427 52 27
v 22617 18 13
v 22618 128 66
v 22619 146 82
v 22620 64 31
v 22621 576 293
v 22622 30 19
v 22623 55 28
v 22624 180 111
v 22625 425 236
v 22626 144 84
v 22627 62 39
v 22628 270 131
v 22629 346 187
v 22630 79 44
v 22631 34 16
v 22632 459 229
v 22633 441 238
v 22634 322 167
v 22635 234 115
v 22636 164 82
v 22637 255 167
v 22638 222 110
v 22639 239 141
v 22640 320 164
v 22641 109 56
v 22642 165 99
v 22647 297 158
v 22648 215 105
v 22649 270 133
v 22651 421 238
v 22654 213 116
v 22656 383 197
v 22657 159 99
v 22659 201 111
v 22663 350 192
v 22664 200 112
v 22665 157 91
v 22666 73 47
v 22673 148 72
v 22683 84 44
v 22874 10 4
v 22875 9 2
v 22876 7 1
v 22877 31 18
v 22878 3 2
v 22879 1 1
v 22880 6 3
v 22881 17 11
v 22882 9 4
v 22883 6 4
v 22884 17 10
v 22885 11 8
v 22886 8 4
v 22887 1 0
v 22888 14 5
v 22889 26 13
v 22890 26 20
v 22891 11 4
v 22892 6 5
v 22893 10 6
v 22894 10 2
v 22895 8 5
v 22896 20 11
v 22897 9 5
v 22898 6 6
v 22903 16 12
v 22904 14 11
v 22905 11 3
v 22907 16 8
v 22910 8 3
v 22912 16 7
v 22913 6 4
v 22915 13 6
v 22919 20 8
v 22920 12 7
v 22921 7 5
v 22929 7 2
v 22939 6 4
v 23131 76 39
v 23132 35 15
v 23133 168 83
v 23134 15 4
v 23135 11 8
v 23136 45 24
v 23137 142 72
v 23138 74 44
v 23139 30 13
v 23140 96 53
v 23141 108 51
v 23142 26 12
v 23143 13 6
v 23144 185 89
v 23145 175 98
v 23146 135 59
v 23147 79 42
v 23148 75 37
v 23149 107 69
v 23150 87 44
v 23151 76 44
v 23152 155 82
v 23153 64 28
v 23154 46 24
v 23159 119 52
v 23160 69 35
v 23161 106 63
v 23163 180 91
v 23166 72 44
v 23168 133 68
v 23169 63 30
v 23171 102 55
v 23175 172 89
v 23176 87 40
v 23177 71 36
v 23178 30 22
v 23185 48 28
v 23195 25 15
v 23388 33 13
v 23389 170 92
v 23390 17 12
v 23391 23 7
v 23392 55 35
v 23393 152 81
v 23394 69 42
v 23395 30 19
v 23396 107 59
v 23397 98 53
v 23398 32 14
v 23399 10 8
v 23400 170 87
v 23401 194 108
v 23402 153 79
v 23403 90 55
v 23404 43 22
v 23405 135 68
v 23406 96 43
v 23407 103 50
v 23408 159 82
v 23409 64 34
v 23410 49 27
v 23415 96 45
v 23416 71 32
v 23417 143 70
v 23419 188 101
v 23422 70 30
v 23424 158 84
v 23425 55 28
v 23427 104 50
v 23431 178 74
v 23432 109 58
v 23433 67 35
v 23434 25 15
v 23441 65 35
v 23451 26 17
v 23645 50 29
v 23646 10 7
v 23647 5 0
v 23648 27 14
v 23649 52 30
v 23650 27 16
v 23651 9 7
v 23652 42 20
v 23653 55 26
v 23654 11 5
v 23655 4 1
v 23656 62 26
v 23657 47 25
v 23658 52 29
v 23659 29 17
v 23660 29 15
v 23661 55 33
v 23662 53 32
v 23663 37 22
v 23664 66 30
v 23665 24 16
v 23666 19 8
v 23671 38 15
v 23672 36 21
v 23673 57 29
v 23675 68 33
v 23678 33 23
v 23680 66 41
v 23681 24 13
v 23683 34 16
v 23687 77 40
v 23688 29 15
v 23689 26 16
v 23690 14 7
v 23697 14 7
v 23707 10 6
v 23902 50 34
v 23903 71 35
v 23904 203 108
v 23905 499 242
v 23906 237 129
v 23907 131 73
v 23908 329 174
v 23909 335 177
v 23910 100 52
v 23911 43 15
v 23912 497 236
v 23913 375 151
v 23914 487 269
v 23915 290 143
v 23916 213 118
v 23917 334 197
v 23918 214 113
v 23919 303 146
v 23920 486 234
v 23921 147 77
v 23922 195 104
v 23927 364 175
v 23928 257 127
v 23929 249 86
v 23931 517 259
v 23934 264 130
v 23936 494 254
v 23937 191 96
v 23939 276 135
v 23943 478 218
v 23944 275 139
v 23945 188 86
v 23946 90 40
v 23953 179 97
v 23963 100 42
v 24159 6 3
v 24160 10 4
v 24161 36 20
v 24162 18 11
v 24163 12 5
v 24164 33 14
v 24165 29 17
v 24166 3 2
v 24167 2 1
v 24168 50 17
v 24169 46 25
v 24170 41 12
v 24171 20 9
v 24172 12 6
v 24173 27 8
v 24174 35 14
v 24175 22 14
v 24176 38 19
v 24177 16 6
v 24178 15 6
v 24183 39 15
v 24184 17 7
v 24185 30 12
v 24187 52 27
v 24190 17 10
v 24192 48 22
v 24193 13 6
v 24195 28 15
v 24199 36 15
v 24200 28 11
v 24201 13 4
v 24202 6 2
v 24209 13 7
v 24219 4 3
v 24416 14 9
v 24417 60 28
v 24418 17 8
v 24419 11 7
v 24420 37 18
v 24421 38 16
v 24422 12 4
v 24423 3 0
v 24424 89 46
v 24425 47 27
v 24426 37 22
v 24427 24 14
v 24428 15 8
v 24429 38 19
v 24430 28 11
v 24431 25 13
v 24432 38 17
v 24433 6 2
v 24434 20 8
v 24439 26 13
v 24440 30 16
v 24441 46 24
v 24443 36 19
v 24446 22 10
v 24448 57 35
v 24449 22 6
v 24451 23 13
v 24455 66 30
v 24456 37 22
v 24457 18 9
v 24458 13 8
v 24465 12 9
v 24475 8 3
v 24673 150 77
v 24674 73 37
v 24675 24 11
v 24676 101 43
v 24677 97 44
v 24678 28 16
v 24679 13 5
v 24680 188 89
v 24681 177 90
v 24682 137 64
v 24683 75 32
v 24684 80 39
v 24685 88 43
v 24686 89 37
v 24687 93 42
v 24688 126 55
v 24689 51 22
v 24690 65 27
v 24695 112 48
v 24696 84 45
v 24697 110 44
v 24699 132 54
v 24702 81 42
v 24704 161 71
v 24705 81 37
v 24707 92 42
v 24711 161 78
v 24712 97 40
v 24713 61 28
v 24714 25 10
v 24721 57 34
v 24731 28 13
v 24930 188 102
v 24931 80 42
v 24932 266 134
v 24933 263 148
v 24934 64 37
v 24935 39 14
v 24936 429 211
v 24937 390 190
v 24938 317 149
v 24939 236 111
v 24940 156 84
v 24941 284 154
v 24942 213 104
v 24943 230 118
v 24944 294 148
v 24945 124 71
v 24946 125 60
v 24951 271 115
v 24952 174 90
v 24953 288 125
v 24955 420 225
v 24958 178 86
v 24960 404 213
v 24961 175 96
v 24963 259 131
v 24967 458 229
v 24968 262 131
v 24969 153 78
v 24970 65 32
v 24977 147 77
v 24987 73 35
v 25187 45 25
v 25188 147 70
v 25189 94 49
v 25190 28 5
v 25191 21 9
v 25192 192 81
v 25193 183 85
v 25194 181 76
v 25195 132 65
v 25196 79 39
v 25197 113 66
v 25198 103 51
v 25199 94 45
v 25200 147 74
v 25201 65 27
v 25202 68 38
v 25207 141 69
v 25208 87 49
v 25209 74 30
v 25211 199 111
v 25214 88 41
v 25216 192 89
v 25217 81 45
v 25219 105 53
v 25223 184 88
v 25224 92 45
v 25225 70 27
v 25226 39 21
v 25233 56 28
v 25243 34 17
v 25444 58 23
v 25445 63 35
v 25446 14 4
v 25447 8 3
v 25448 80 43
v 25449 100 42
v 25450 48 19
v 25451 25 10
v 25452 34 12
v 25453 42 22
v 25454 46 20
v 25455 42 19
v 25456 62 31
v 25457 24 8
v 25458 19 12
v 25463 40 14
v 25464 24 10
v 25465 73 32
v 25467 52 27
v 25470 31 13
v 25472 83 39
v 25473 34 15
v 25475 40 18
v 25479 71 33
v 25480 39 13
v 25481 41 17
v 25482 11 5
v 25489 17 13
v 25499 5 3
v 25701 190 100
v 25702 47 26
v 25703 27 16
v 25704 264 142
v 25705 261 116
v 25706 211 107
v 25707 149 71
v 25708 94 45
v 25709 202 110
v 25710 161 76
v 25711 165 88
v 25712 220 97
v 25713 89 39
v 25714 105 51
v 25719 180 86
v 25720 146 71
v 25721 170 84
v 25723 279 131
v 25726 130 71
v 25728 303 145
v 25729 130 74
v 25731 181 90
v 25735 303 153
v 25736 135 63
v 25737 95 51
v 25738 49 27
v 25745 93 47
v 25755 51 16
v 25958 67 36
v 25959 24 13
v 25960 293 137
v 25961 281 127
v 25962 237 124
v 25963 153 69
v 25964 111 61
v 25965 194 113
v 25966 166 75
v 25967 161 73
v 25968 239 113
v 25969 97 44
v 25970 120 56
v 25975 213 99
v 25976 148 80
v 25977 191 85
v 25979 302 169
v 25982 154 69
v 25984 294 154
v 25985 125 72
v 25987 176 83
v 25991 293 137
v 25992 178 91
v 25993 118 59
v 25994 39 18
v 26001 105 60
v 26011 61 25
v 26215 5 3
v 26216 80 36
v 26217 75 32
v 26218 40 22
v 26219 30 18
v 26220 27 15
v 26221 57 31
v 26222 40 16
v 26223 29 12
v 26224 54 25
v 26225 30 12
v 26226 36 15
v 26231 36 17
v 26232 51 26
v 26233 53 30
v 26235 56 27
v 26238 39 23
v 26240 74 37
v 26241 18 11
v 26243 41 27
v 26247 93 38
v 26248 38 22
v 26249 30 8
v 26250 8 3
v 26257 20 14
v 26267 14 4
v 26472 50 24
v 26473 16 9
v 26474 24 15
v 26475 12 8
v 26476 13 10
v 26477 19 9
v 26478 11 9
v 26479 16 8
v 26480 30 16
v 26481 9 3
v 26482 11 9
v 26487 21 9
v 26488 9 4
v 26489 20 10
v 26491 36 22
v 26494 16 9
v 26496 32 20
v 26497 12 9
v 26499 22 16
v 26503 23 17
v 26504 15 8
v 26505 14 6
v 26506 7 3
v 26513 10 8
v 26523 12 6
v 26729 400 190
v 26730 325 181
v 26731 225 123
v 26732 176 111
v 26733 273 162
v 26734 262 138
v 26735 136 71
v 26736 207 92
v 26737 126 63
v 26738 205 105
v 26743 325 177
v 26744 198 118
v 26745 320 154
v 26747 467 257
v 26750 208 108
v 26752 458 243
v 26753 208 126
v 26755 162 86
v 26759 498 226
v 26760 231 131
v 26761 158 90
v 26762 65 33
v 26769 154 94
v 26779 74 39
v 26986 361 197
v 26987 200 101
v 26988 158 82
v 26989 248 155
v 26990 231 113
v 26991 249 118
v 26992 430 219
v 26993 144 68
v 26994 110 67
v 26999 288 156
v 27000 243 127
v 27001 312 126
v 27003 461 239
v 27006 208 109
v 27008 382 195
v 27009 158 89
v 27011 275 131
v 27015 407 201
v 27016 230 139
v 27017 169 81
v 27018 72 41
v 27025 124 66
v 27035 90 48
v 27243 187 103
v 27244 109 61
v 27245 214 121
v 27246 174 76
v 27247 120 40
v 27248 280 134
v 27249 86 31
v 27250 148 68
v 27255 239 108
v 27256 181 101
v 27257 195 83
v 27259 360 203
v 27262 171 90
v 27264 312 151
v 27265 121 71
v 27267 220 117
v 27271 308 158
v 27272 214 118
v 27273 126 61
v 27274 55 28
v 27281 100 60
v 27291 71 38
v 27500 94 47
v 27501 149 88
v 27502 117 66
v 27503 108 56
v 27504 175 72
v 27505 65 32
v 27506 83 45
v 27511 148 78
v 27512 110 61
v 27513 133 72
v 27515 203 116
v 27518 105 51
v 27520 210 105
v 27521 87 52
v 27523 118 65
v 27527 231 121
v 27528 126 62
v 27529 91 50
v 27530 32 20
v 27537 92 53
v 27547 57 32
v 27757 97 49
v 27758 89 44
v 27759 73 28
v 27760 132 56
v 27761 42 24
v 27762 62 32
v 27767 106 47
v 27768 83 43
v 27769 95 44
v 27771 155 83
v 27774 87 48
v 27776 178 85
v 27777 77 40
v 27779 66 30
v 27783 171 84
v 27784 74 32
v 27785 49 31
v 27786 34 11
v 27793 34 15
v 27803 30 14
v 28014 140 49
v 28015 189 86
v 28016 170 71
v 28017 93 34
v 28018 101 48
v 28023 198 87
v 28024 128 59
v 28025 173 62
v 28027 249 112
v 28030 127 57
v 28032 271 118
v 28033 96 53
v 28035 197 90
v 28039 299 133
v 28040 158 68
v 28041 103 46
v 28042 62 28
v 28049 104 51
v 28059 49 24
v 28271 107 45
v 28272 191 111
v 28273 69 32
v 28274 65 41
v 28279 146 80
v 28280 80 47
v 28281 160 77
v 28283 244 137
v 28286 91 40
v 28288 402 202
v 28289 72 41
v 28291 130 63
v 28295 212 130
v 28296 134 67
v 28297 92 54
v 28298 42 28
v 28305 77 44
v 28315 46 30
v 28528 182 87
v 28529 84 45
v 28530 76 34
v 28535 181 97
v 28536 126 52
v 28537 173 79
v 28539 235 130
v 28542 114 59
v 28544 187 98
v 28545 71 42
v 28547 131 68
v 28551 245 115
v 28552 140 63
v 28553 84 46
v 28554 31 20
v 28561 80 41
v 28571 52 29
v 28785 115 59
v 28786 97 51
v 28791 259 129
v 28792 128 71
v 28793 232 115
v 28795 307 158
v 28798 148 70
v 28800 322 173
v 28801 117 68
v 28803 196 105
v 28807 329 165
v 28808 177 110
v 28809 133 62
v 28810 96 47
v 28817 120 68
v 28827 68 37
v 29042 34 15
v 29047 86 47
v 29048 69 37
v 29049 116 65
v 29051 134 81
v 29054 71 35
v 29056 131 73
v 29057 47 28
v 29059 107 56
v 29063 128 74
v 29064 88 50
v 29065 53 26
v 29066 16 11
v 29073 52 31
v 29083 28 15
v 29303 90 37
v 29304 71 35
v 29305 85 33
v 29307 141 65
v 29310 88 45
v 29312 144 73
v 29313 60 34
v 29315 79 42
v 29319 142 65
v 29320 96 59
v 29321 65 35
v 29322 34 16
v 29329 45 22
v 29339 28 11
v 30584 157 78
v 30585 209 104
v 30587 378 193
v 30590 140 72
v 30592 262 121
v 30593 93 49
v 30595 155 78
v 30599 263 124
v 30600 136 77
v 30601 102 47
v 30602 41 24
v 30609 108 55
v 30619 64 30
v 30841 110 45
v 30843 194 102
v 30846 98 53
v 30848 195 83
v 30849 83 44
v 30851 111 54
v 30855 199 90
v 30856 101 51
v 30857 94 47
v 30858 25 11
v 30865 65 33
v 30875 48 16
v 31099 297 157
v 31102 127 77
v 31104 289 160
v 31105 120 65
v 31107 154 77
v 31111 263 114
v 31112 167 87
v 31113 110 65
v 31114 37 23
v 31121 107 57
v 31131 34 18
v 31614 211 110
v 31616 386 197
v 31617 166 83
v 31619 276 130
v 31623 401 158
v 31624 261 123
v 31625 152 67
v 31626 72 35
v 31633 157 81
v 31643 93 45
v 32384 183 102
v 32385 105 59
v 32387 119 65
v 32391 211 90
v 32392 95 43
v 32393 70 36
v 32394 32 14
v 32401 91 48
v 32411 33 16
v 32897 197 91
v 32899 220 109
v 32903 410 198
v 32904 231 119
v 32905 140 63
v 32906 67 36
v 32913 135 73
v 32923 93 41
v 33155 112 56
v 33159 200 98
v 33160 95 46
v 33161 59 33
v 33162 23 9
v 33169 70 39
v 33179 36 18
v 33671 259 118
v 33672 129 58
v 33673 95 46
v 33674 41 17
v 33681 75 27
v 33691 48 19
v 34696 248 142
v 34697 157 95
v 34698 58 34
v 34705 147 74
v 34715 82 44
v 34953 97 40
v 34954 36 20
v 34961 70 35
v 34971 49 22
v 35210 26 19
v 35217 52 24
v 35227 23 11
v 35473 29 14
v 35483 15 7
v 37275 30 15
s 258 481 263
s 259 92 63
s 260 16 8
s 261 334 177
s 262 45 17
s 263 421 224
s 264 26 10
s 265 449 226
s 266 9 3
s 267 152 61
s 268 16 7
s 269 102 45
s 270 878 453
s 271 126 65
s 272 88 43
s 273 177 87
s 274 22 8
s 275 155 65
s 276 162 91
s 277 502 245
s 278 307 129
s 279 136 78
s 281 423 176
s 282 676 323
s 283 397 192
s 284 159 68
s 285 489 247
s 286 353 189
s 287 387 205
s 288 81 45
s 289 140 80
s 290 148 67
s 291 256 124
s 292 348 170
s 293 131 76
s 294 75 37
s 295 248 124
s 296 129 69
s 297 21 8
s 298 161 92
s 299 154 86
s 300 18 6
s 301 128 66
s 302 26 14
s 303 173 90
s 304 28 13
s 305 514 280
s 306 191 110
s 307 85 52
s 308 75 38
s 309 119 57
s 310 42 24
s 311 228 122
s 312 29 10
s 313 69 36
s 314 63 32
s 315 101 46
s 316 303 154
s 317 57 35
s 318 320 197
s 319 98 47
s 320 179 84
s 321 32 16
s 322 11 5
s 323 14 7
s 324 224 100
s 325 192 100
s 326 28 12
s 327 514 272
s 328 82 32
s 329 42 30
s 330 639 344
s 331 215 115
s 332 454 252
s 333 65 34
s 334 117 64
s 335 70 28
s 336 33 22
s 337 54 26
s 338 37 20
s 339 65 37
s 340 294 134
s 341 426 220
s 342 813 449
s 343 344 163
s 344 398 216
s 345 2 1
s 346 161 87
s 347 108 63
s 348 75 42
s 349 116 57
s 350 8 3
s 351 6 3
s 352 133 63
s 353 372 191
s 354 161 72
s 355 76 35
s 356 208 86
s 357 282 132
s 358 72 35
s 359 31 19
s 360 417 216
s 361 423 227
s 362 302 153
s 363 214 119
s 364 153 74
s 365 21 9
s 366 210 111
s 367 221 113
s 368 368 212
s 369 120 70
s 370 70 39
s 375 277 147
s 376 189 101
s 377 306 169
s 379 405 188
s 382 175 79
s 384 370 182
s 385 175 109
s 387 210 95
s 391 378 212
s 392 214 102
s 393 146 72
s 394 16 10
s 401 45 19
s 411 71 38
s 515 95 43
s 516 62 28
s 517 438 208
s 518 633 278
s 519 384 194
s 520 635 353
s 521 543 271
s 522 164 79
s 523 228 79
s 524 463 260
s 525 123 63
s 526 723 356
s 527 89 39
s 528 34 12
s 529 241 104
s 530 453 239
s 531 208 88
s 532 229 126
s 533 591 266
s 534 419 212
s 535 69 32
s 537 499 229
s 538 759 347
s 539 483 235
s 540 26 9
s 541 57 16
s 542 475 245
s 543 455 232
s 544 141 78
s 545 28 12
s 546 189 97
s 547 375 166
s 548 317 146
s 549 174 88
s 550 24 14
s 551 317 137
s 552 147 72
s 553 208 81
s 554 108 54
s 555 134 66
s 556 211 102
s 557 155 81
s 558 142 65
s 559 115 56
s 560 531 251
s 561 275 133
s 562 247 133
s 563 98 45
s 564 98 60
s 565 316 139
s 566 554 278
s 567 18 8
s 568 120 59
s 569 50 30
s 570 73 44
s 571 96 42
s 572 44 24
s 573 52 23
s 574 339 188
s 575 133 59
s 576 192 86
s 577 23 10
s 578 9 3
s 579 247 131
s 580 270 146
s 581 35 12
s 582 214 100
s 583 455 222
s 584 127 61
s 585 51 18
s 586 774 398
s 587 267 152
s 588 536 290
s 589 12 5
s 590 15 8
s 591 76 33
s 592 72 33
s 593 42 17
s 594 50 25
s 595 68 28
s 596 272 130
s 597 379 196
s 598 938 456
s 599 431 208
s 600 413 218
s 601 23 15
s 602 163 81
s 603 152 78
s 604 34 16
s 605 554 270
s 606 44 23
s 607 54 23
s 608 13 6
s 609 212 93
s 610 49 17
s 611 9 4
s 612 252 116
s 613 400 188
s 614 71 34
s 615 27 16
s 616 48 26
s 617 418 211
s 618 316 165
s 619 197 112
s 620 24 7
s 621 303 134
s 622 240 125
s 623 227 122
s 624 356 164
s 625 169 90
s 626 172 86
s 631 316 155
s 632 157 68
s 633 281 146
s 635 520 245
s 638 200 84
s 640 466 232
s 641 28 13
s 643 260 125
s 647 88 55
s 648 222 112
s 649 64 32
s 650 94 42
s 657 154 77
s 667 39 17
s 772 9 5
s 773 22 15
s 774 105 50
s 775 113 54
s 776 128 62
s 777 90 43
s 778 28 12
s 779 47 21
s 780 104 55
s 781 28 13
s 782 165 84
s 783 33 20
s 784 21 10
s 785 43 29
s 786 109 63
s 787 65 26
s 788 32 13
s 789 101 57
s 790 49 23
s 791 27 10
s 793 93 45
s 794 81 39
s 795 39 21
s 796 23 11
s 797 114 61
s 798 36 19
s 799 31 19
s 800 26 16
s 801 22 17
s 802 40 18
s 803 63 35
s 804 94 48
s 805 4 2
s 806 16 6
s 807 48 31
s 808 12 6
s 809 38 19
s 810 51 25
s 811 43 21
s 812 36 20
s 813 15 9
s 814 25 13
s 815 26 16
s 816 123 63
s 817 122 69
s 818 17 9
s 819 20 17
s 820 22 12
s 821 57 25
s 822 128 78
s 823 58 34
s 824 19 11
s 825 14 5
s 826 15 9
s 827 24 11
s 828 83 52
s 829 16 9
s 830 54 30
s 831 26 12
s 832 20 7
s 833 6 2
s 834 2 0
s 835 63 32
s 836 29 15
s 837 58 30
s 838 67 36
s 839 71 41
s 840 19 13
s 841 12 6
s 842 151 79
s 843 22 12
s 844 119 63
s 845 15 6
s 846 43 33
s 847 5 2
s 848 15 5
s 849 16 8
s 850 7 5
s 851 10 2
s 852 47 26
s 853 59 28
s 854 131 72
s 855 27 15
s 856 71 34
s 857 6 4
s 858 47 21
s 859 27 20
s 860 15 10
s 861 101 52
s 862 12 7
s 863 14 8
s 864 37 15
s 865 96 50
s 866 31 14
s 867 15 9
s 868 36 20
s 869 40 20
s 870 10 4
s 871 3 1
s 872 82 40
s 873 56 40
s 874 83 47
s 875 42 24
s 876 33 19
s 877 61 27
s 878 37 21
s 879 18 7
s 880 32 15
s 881 32 19
s 882 18 15
s 887 40 22
s 888 51 20
s 889 46 27
s 891 56 33
s 894 37 20
s 896 66 26
s 897 43 19
s 899 26 11
s 903 121 64
s 904 46 23
s 905 39 21
s 906 23 6
s 913 41 18
s 923 12 7
s 1029 54 25
s 1030 22 16
s 1031 64 38
s 1032 20 12
s 1033 59 24
s 1034 5 1
s 1035 17 6
s 1036 12 8
s 1037 9 3
s 1038 98 46
s 1039 19 7
s 1040 9 6
s 1041 25 9
s 1042 19 11
s 1043 19 10
s 1044 29 15
s 1045 65 35
s 1046 40 22
s 1047 15 10
s 1049 55 21
s 1050 91 49
s 1051 67 38
s 1052 20 14
s 1053 49 18
s 1054 37 20
s 1055 53 23
s 1056 11 6
s 1057 27 21
s 1058 14 12
s 1059 31 16
s 1060 40 16
s 1061 18 10
s 1062 3 1
s 1063 35 14
s 1064 15 7
s 1065 8 3
s 1066 27 16
s 1067 15 8
s 1068 8 4
s 1069 26 13
s 1070 5 3
s 1071 10 5
s 1072 25 12
s 1073 44 26
s 1074 13 7
s 1075 16 7
s 1076 10 4
s 1077 28 9
s 1078 23 16
s 1079 20 11
s 1080 4 2
s 1081 7 5
s 1082 3 2
s 1083 13 4
s 1084 30 19
s 1085 5 4
s 1086 45 22
s 1087 13 6
s 1088 25 15
s 1089 6 2
s 1090 1 0
s 1091 12 7
s 1092 25 15
s 1093 30 15
s 1094 16 10
s 1095 58 39
s 1096 13 6
s 1097 5 2
s 1098 77 41
s 1099 15 10
s 1100 43 27
s 1101 7 4
s 1102 11 8
s 1103 7 4
s 1104 7 5
s 1105 5 1
s 1106 5 1
s 1107 8 4
s 1108 40 17
s 1109 59 33
s 1110 110 63
s 1111 48 26
s 1112 44 23
s 1113 1 0
s 1114 11 5
s 1115 15 4
s 1116 2 0
s 1117 26 15
s 1118 2 2
s 1119 3 2
s 1120 21 14
s 1121 35 19
s 1122 14 6
s 1123 8 2
s 1124 33 21
s 1125 29 14
s 1126 18 11
s 1127 1 1
s 1128 42 26
s 1129 33 16
s 1130 29 15
s 1131 20 11
s 1132 16 12
s 1133 7 5
s 1134 33 14
s 1135 28 18
s 1136 33 16
s 1137 21 12
s 1138 8 1
s 1143 31 17
s 1144 18 6
s 1145 25 16
s 1147 42 22
s 1150 19 15
s 1152 53 33
s 1153 24 17
s 1155 16 8
s 1159 42 18
s 1160 21 12
s 1161 12 8
s 1162 5 4
s 1169 7 3
s 1179 8 2
s 1286 429 201
s 1287 373 190
s 1288 587 326
s 1289 313 155
s 1290 110 50
s 1291 208 94
s 1292 366 180
s 1293 119 61
s 1294 638 336
s 1295 155 75
s 1296 78 34
s 1297 204 111
s 1298 359 183
s 1299 202 85
s 1300 159 71
s 1301 469 228
s 1302 258 118
s 1303 108 53
s 1305 402 185
s 1306 283 133
s 1307 145 71
s 1308 162 77
s 1309 447 201
s 1310 121 61
s 1311 112 60
s 1312 114 74
s 1313 124 66
s 1314 125 61
s 1315 276 133
s 1316 442 214
s 1317 40 20
s 1318 54 32
s 1319 245 108
s 1320 73 26
s 1321 171 85
s 1322 258 141
s 1323 164 86
s 1324 179 84
s 1325 53 36
s 1326 131 57
s 1327 171 74
s 1328 351 188
s 1329 446 253
s 1330 42 21
s 1331 57 30
s 1332 75 35
s 1333 228 94
s 1334 423 224
s 1335 219 116
s 1336 101 53
s 1337 31 12
s 1338 37 26
s 1339 95 41
s 1340 292 159
s 1341 37 19
s 1342 233 136
s 1343 84 40
s 1344 58 25
s 1345 27 16
s 1346 3 2
s 1347 242 119
s 1348 77 41
s 1349 226 122
s 1350 194 95
s 1351 363 200
s 1352 84 41
s 1353 52 21
s 1354 558 290
s 1355 135 73
s 1356 488 283
s 1357 46 16
s 1358 96 58
s 1359 19 6
s 1360 81 46
s 1361 54 30
s 1362 38 24
s 1363 33 9
s 1364 178 80
s 1365 265 126
s 1366 534 278
s 1367 100 45
s 1368 302 166
s 1369 16 8
s 1370 110 56
s 1371 75 34
s 1372 46 27
s 1373 481 248
s 1374 41 18
s 1375 51 24
s 1376 160 67
s 1377 322 150
s 1378 169 80
s 1379 68 28
s 1380 140 75
s 1381 209 87
s 1382 47 29
s 1383 25 12
s 1384 443 246
s 1385 186 98
s 1386 334 161
s 1387 158 89
s 1388 180 76
s 1389 235 92
s 1390 161 80
s 1391 62 26
s 1392 78 45
s 1393 102 51
s 1394 157 74
s 1399 141 69
s 1400 175 82
s 1401 105 53
s 1403 198 86
s 1406 191 101
s 1408 269 130
s 1409 173 82
s 1411 71 35
s 1415 350 202
s 1416 148 77
s 1417 138 65
s 1418 66 31
s 1425 125 52
s 1435 43 18
s 1543 615 274
s 1544 17 11
s 1545 581 292
s 1546 7 1
s 1547 162 61
s 1548 10 7
s 1549 139 57
s 1550 1211 557
s 1551 191 70
s 1552 90 39
s 1553 220 89
s 1554 21 13
s 1555 220 74
s 1556 254 119
s 1557 528 219
s 1558 407 183
s 1559 169 72
s 1561 501 196
s 1562 813 329
s 1563 506 246
s 1564 237 95
s 1565 749 323
s 1566 469 212
s 1567 449 207
s 1568 95 47
s 1569 180 95
s 1570 180 79
s 1571 268 108
s 1572 487 225
s 1573 150 56
s 1574 79 44
s 1575 350 146
s 1576 154 71
s 1577 19 7
s 1578 252 138
s 1579 223 99
s 1580 12 2
s 1581 151 68
s 1582 23 9
s 1583 179 78
s 1584 26 11
s 1585 660 318
s 1586 177 98
s 1587 183 83
s 1588 111 50
s 1589 169 65
s 1590 20 7
s 1591 300 139
s 1592 53 24
s 1593 94 49
s 1594 102 49
s 1595 133 56
s 1596 394 179
s 1597 59 29
s 1598 391 190
s 1599 89 41
s 1600 212 83
s 1601 43 15
s 1602 21 9
s 1603 12 5
s 1604 286 114
s 1605 284 127
s 1606 31 10
s 1607 662 305
s 1608 91 45
s 1609 49 18
s 1610 841 402
s 1611 287 114
s 1612 618 296
s 1613 68 32
s 1614 152 73
s 1615 69 26
s 1616 37 16
s 1617 56 24
s 1618 51 23
s 1619 130 59
s 1620 483 202
s 1621 713 314
s 1622 1011 442
s 1623 401 158
s 1624 559 246
s 1625 3 0
s 1626 184 84
s 1627 156 65
s 1628 91 48
s 1629 163 87
s 1630 3 2
s 1631 9 5
s 1632 247 108
s 1633 474 197
s 1634 216 82
s 1635 89 34
s 1636 446 195
s 1637 360 159
s 1638 106 50
s 1639 44 22
s 1640 512 229
s 1641 463 207
s 1642 447 200
s 1643 293 123
s 1644 206 80
s 1645 18 7
s 1646 277 119
s 1647 251 125
s 1648 365 150
s 1649 180 86
s 1650 97 43
s 1655 345 157
s 1656 248 98
s 1657 283 142
s 1659 456 185
s 1662 227 111
s 1664 481 202
s 1665 215 92
s 1667 265 98
s 1671 498 249
s 1672 326 137
s 1673 212 101
s 1674 22 10
s 1681 63 28
s 1691 97 41
s 1800 511 271
s 1801 430 217
s 1802 163 92
s 1803 237 94
s 1804 618 330
s 1805 98 45
s 1806 780 386
s 1807 213 111
s 1808 76 38
s 1809 137 67
s 1810 406 203
s 1811 239 113
s 1812 248 129
s 1813 633 297
s 1814 294 137
s 1815 90 48
s 1817 357 150
s 1818 656 311
s 1819 469 237
s 1820 137 55
s 1821 398 172
s 1822 406 209
s 1823 409 216
s 1824 130 77
s 1825 156 87
s 1826 144 64
s 1827 298 143
s 1828 456 215
s 1829 170 74
s 1830 65 33
s 1831 260 124
s 1832 123 60
s 1833 212 101
s 1834 194 110
s 1835 189 97
s 1836 217 111
s 1837 113 69
s 1838 174 79
s 1839 162 84
s 1840 593 301
s 1841 463 247
s 1842 159 87
s 1843 84 37
s 1844 74 36
s 1845 286 126
s 1846 550 284
s 1847 243 137
s 1848 139 83
s 1849 69 38
s 1850 76 36
s 1851 101 40
s 1852 276 152
s 1853 56 35
s 1854 264 155
s 1855 142 72
s 1856 191 73
s 1857 25 13
s 1858 20 11
s 1859 267 140
s 1860 268 127
s 1861 238 107
s 1862 251 125
s 1863 393 208
s 1864 101 44
s 1865 62 26
s 1866 540 274
s 1867 249 133
s 1868 398 236
s 1869 45 28
s 1870 112 63
s 1871 75 35
s 1872 113 51
s 1873 64 35
s 1874 47 28
s 1875 66 31
s 1876 315 171
s 1877 429 213
s 1878 826 417
s 1879 371 195
s 1880 350 195
s 1881 20 15
s 1882 138 62
s 1883 179 87
s 1884 46 23
s 1885 545 294
s 1886 61 34
s 1887 56 31
s 1888 134 66
s 1889 351 155
s 1890 162 71
s 1891 66 38
s 1892 242 128
s 1893 299 153
s 1894 72 38
s 1895 25 13
s 1896 389 212
s 1897 425 208
s 1898 267 135
s 1899 162 81
s 1900 152 65
s 1901 341 162
s 1902 260 141
s 1903 241 117
s 1904 322 166
s 1905 95 59
s 1906 137 59
s 1911 254 131
s 1912 147 61
s 1913 277 133
s 1915 392 188
s 1918 172 78
s 1920 387 188
s 1921 145 65
s 1923 256 131
s 1927 361 200
s 1928 192 89
s 1929 114 44
s 1930 90 39
s 1937 147 74
s 1947 62 27
s 2057 586 317
s 2058 9 2
s 2059 130 57
s 2060 7 4
s 2061 151 85
s 2062 1076 565
s 2063 189 104
s 2064 99 55
s 2065 239 123
s 2066 19 9
s 2067 194 93
s 2068 224 126
s 2069 615 319
s 2070 450 237
s 2071 155 76
s 2073 582 307
s 2074 946 508
s 2075 609 324
s 2076 204 106
s 2077 689 362
s 2078 496 271
s 2079 571 335
s 2080 115 72
s 2081 162 101
s 2082 199 116
s 2083 343 156
s 2084 459 214
s 2085 146 77
s 2086 59 29
s 2087 385 182
s 2088 173 88
s 2089 9 4
s 2090 240 138
s 2091 249 146
s 2092 12 5
s 2093 156 82
s 2094 40 18
s 2095 194 121
s 2096 11 4
s 2097 616 352
s 2098 164 86
s 2099 125 63
s 2100 99 59
s 2101 171 79
s 2102 6 3
s 2103 273 159
s 2104 38 20
s 2105 65 36
s 2106 102 56
s 2107 121 60
s 2108 415 220
s 2109 41 24
s 2110 409 255
s 2111 93 49
s 2112 216 120
s 2113 29 17
s 2114 8 5
s 2115 4 2
s 2116 275 138
s 2117 301 168
s 2118 19 10
s 2119 626 339
s 2120 98 46
s 2121 55 28
s 2122 766 436
s 2123 276 159
s 2124 655 386
s 2125 57 29
s 2126 124 73
s 2127 73 36
s 2128 29 15
s 2129 53 29
s 2130 46 27
s 2131 69 35
s 2132 383 200
s 2133 511 274
s 2134 1036 570
s 2135 451 252
s 2136 537 324
s 2137 2 1
s 2138 170 91
s 2139 98 53
s 2140 67 35
s 2141 122 53
s 2142 2 1
s 2143 4 0
s 2144 197 99
s 2145 569 321
s 2146 227 115
s 2147 82 38
s 2148 238 127
s 2149 406 207
s 2150 77 47
s 2151 39 20
s 2152 585 327
s 2153 441 245
s 2154 414 222
s 2155 228 143
s 2156 221 104
s 2157 12 4
s 2158 258 145
s 2159 268 138
s 2160 374 211
s 2161 133 76
s 2162 85 44
s 2167 381 200
s 2168 225 114
s 2169 389 217
s 2171 474 254
s 2174 242 129
s 2176 514 275
s 2177 194 96
s 2179 255 147
s 2183 459 268
s 2184 215 119
s 2185 183 93
s 2186 28 14
s 2193 44 28
s 2203 79 37
s 2314 161 79
s 2315 218 86
s 2316 418 224
s 2317 156 75
s 2318 672 337
s 2319 194 97
s 2320 82 37
s 2321 238 120
s 2322 482 258
s 2323 264 114
s 2324 198 95
s 2325 515 247
s 2326 260 137
s 2327 154 76
s 2329 454 194
s 2330 476 253
s 2331 330 187
s 2332 183 85
s 2333 595 285
s 2334 244 118
s 2335 246 126
s 2336 128 72
s 2337 131 82
s 2338 159 94
s 2339 270 125
s 2340 512 265
s 2341 89 48
s 2342 82 41
s 2343 292 133
s 2344 86 42
s 2345 187 97
s 2346 353 191
s 2347 180 82
s 2348 186 103
s 2349 92 45
s 2350 129 56
s 2351 182 86
s 2352 526 258
s 2353 729 392
s 2354 82 40
s 2355 85 42
s 2356 100 62
s 2357 272 130
s 2358 587 318
s 2359 273 146
s 2360 119 66
s 2361 48 18
s 2362 56 26
s 2363 132 54
s 2364 376 199
s 2365 39 20
s 2366 196 105
s 2367 67 33
s 2368 122 59
s 2369 32 22
s 2370 5 2
s 2371 275 148
s 2372 122 54
s 2373 340 176
s 2374 250 119
s 2375 308 149
s 2376 63 31
s 2377 55 28
s 2378 644 316
s 2379 146 71
s 2380 580 335
s 2381 62 30
s 2382 141 71
s 2383 60 26
s 2384 83 36
s 2385 84 42
s 2386 54 26
s 2387 50 19
s 2388 256 128
s 2389 329 150
s 2390 498 262
s 2391 256 129
s 2392 313 166
s 2393 20 11
s 2394 146 72
s 2395 93 51
s 2396 48 23
s 2397 602 301
s 2398 43 19
s 2399 58 28
s 2400 219 105
s 2401 354 177
s 2402 192 84
s 2403 66 39
s 2404 172 102
s 2405 188 92
s 2406 69 39
s 2407 26 18
s 2408 485 269
s 2409 240 117
s 2410 401 204
s 2411 191 105
s 2412 217 100
s 2413 289 111
s 2414 172 90
s 2415 147 70
s 2416 234 121
s 2417 129 79
s 2418 138 57
s 2423 170 80
s 2424 206 105
s 2425 149 78
s 2427 240 108
s 2430 215 116
s 2432 318 151
s 2433 143 64
s 2435 174 89
s 2439 421 218
s 2440 200 96
s 2441 196 96
s 2442 74 25
s 2449 147 76
s 2459 68 25
s 2571 56 27
s 2572 9 6
s 2573 39 23
s 2574 270 131
s 2575 40 11
s 2576 30 20
s 2577 67 38
s 2578 6 2
s 2579 61 30
s 2580 60 33
s 2581 152 71
s 2582 102 53
s 2583 36 17
s 2585 132 65
s 2586 232 122
s 2587 136 71
s 2588 57 32
s 2589 154 61
s 2590 112 59
s 2591 114 60
s 2592 19 9
s 2593 38 22
s 2594 63 35
s 2595 60 27
s 2596 129 54
s 2597 53 27
s 2598 19 10
s 2599 73 36
s 2600 37 13
s 2601 3 3
s 2602 58 31
s 2603 57 31
s 2604 8 1
s 2605 41 15
s 2606 10 4
s 2607 61 29
s 2608 9 4
s 2609 175 98
s 2610 54 26
s 2611 29 16
s 2612 23 13
s 2613 42 15
s 2614 7 2
s 2615 89 45
s 2616 5 2
s 2617 20 11
s 2618 27 15
s 2619 50 28
s 2620 94 61
s 2621 13 8
s 2622 103 67
s 2623 19 7
s 2624 71 34
s 2625 8 4
s 2626 3 1
s 2627 2 1
s 2628 77 40
s 2629 85 46
s 2630 11 5
s 2631 182 102
s 2632 27 14
s 2633 11 4
s 2634 211 113
s 2635 73 28
s 2636 166 88
s 2637 13 6
s 2638 46 21
s 2639 11 5
s 2640 9 6
s 2641 22 15
s 2642 16 13
s 2643 23 5
s 2644 99 56
s 2645 132 66
s 2646 257 135
s 2647 119 59
s 2648 130 67
s 2649 2 1
s 2650 47 21
s 2651 44 19
s 2652 15 7
s 2653 43 25
s 2654 3 1
s 2655 5 3
s 2656 54 26
s 2657 114 68
s 2658 63 35
s 2659 23 8
s 2660 86 45
s 2661 113 60
s 2662 24 14
s 2663 11 5
s 2664 144 81
s 2665 166 83
s 2666 100 46
s 2667 56 24
s 2668 44 19
s 2669 6 1
s 2670 64 35
s 2671 74 30
s 2672 119 63
s 2673 35 19
s 2674 22 14
s 2679 76 35
s 2680 61 24
s 2681 86 46
s 2683 124 57
s 2686 53 25
s 2688 145 75
s 2689 47 22
s 2691 73 35
s 2695 122 55
s 2696 89 45
s 2697 51 23
s 2698 8 4
s 2705 22 13
s 2715 25 14
s 2828 144 63
s 2829 33 14
s 2830 434 190
s 2831 81 38
s 2832 35 13
s 2833 46 20
s 2834 155 78
s 2835 119 45
s 2836 119 53
s 2837 227 96
s 2838 155 58
s 2839 60 26
s 2841 125 46
s 2842 354 167
s 2843 220 92
s 2844 106 43
s 2845 299 121
s 2846 202 78
s 2847 194 72
s 2848 40 16
s 2849 79 39
s 2850 45 28
s 2851 93 39
s 2852 159 56
s 2853 77 31
s 2854 28 8
s 2855 93 21
s 2856 78 33
s 2857 58 21
s 2858 102 36
s 2859 74 28
s 2860 66 29
s 2861 55 24
s 2862 34 15
s 2863 75 28
s 2864 173 65
s 2865 241 107
s 2866 88 38
s 2867 65 25
s 2868 21 9
s 2869 91 21
s 2870 164 75
s 2871 122 53
s 2872 29 9
s 2873 39 18
s 2874 26 10
s 2875 44 15
s 2876 170 91
s 2877 23 9
s 2878 153 78
s 2879 50 25
s 2880 109 42
s 2881 15 4
s 2882 14 5
s 2883 67 33
s 2884 112 41
s 2885 104 38
s 2886 67 28
s 2887 309 148
s 2888 48 15
s 2889 19 6
s 2890 231 87
s 2891 134 47
s 2892 101 47
s 2893 24 12
s 2894 56 34
s 2895 44 11
s 2896 32 7
s 2897 39 11
s 2898 8 2
s 2899 44 11
s 2900 200 72
s 2901 254 103
s 2902 424 169
s 2903 160 67
s 2904 181 81
s 2905 8 3
s 2906 39 17
s 2907 61 13
s 2908 26 12
s 2909 175 79
s 2910 21 9
s 2911 12 8
s 2912 100 45
s 2913 238 95
s 2914 80 27
s 2915 34 16
s 2916 194 91
s 2917 154 64
s 2918 36 11
s 2919 8 3
s 2920 250 115
s 2921 219 94
s 2922 77 32
s 2923 79 37
s 2924 97 36
s 2925 75 19
s 2926 87 33
s 2927 95 50
s 2928 164 72
s 2929 38 18
s 2930 51 26
s 2935 147 67
s 2936 78 26
s 2937 123 51
s 2939 187 73
s 2942 64 31
s 2944 182 73
s 2945 111 48
s 2947 129 45
s 2951 210 84
s 2952 109 39
s 2953 73 33
s 2954 37 14
s 2961 38 15
s 2971 32 12
s 3085 133 65
s 3086 810 383
s 3087 126 66
s 3088 79 47
s 3089 147 79
s 3090 10 5
s 3091 163 76
s 3092 153 74
s 3093 411 205
s 3094 296 164
s 3095 114 53
s 3097 411 214
s 3098 623 336
s 3099 331 177
s 3100 141 72
s 3101 513 259
s 3102 376 208
s 3103 318 174
s 3104 70 39
s 3105 154 98
s 3106 150 85
s 3107 234 119
s 3108 315 162
s 3109 118 60
s 3110 67 38
s 3111 251 123
s 3112 102 51
s 3113 9 8
s 3114 138 83
s 3115 156 72
s 3116 9 4
s 3117 132 75
s 3118 17 5
s 3119 126 68
s 3120 10 3
s 3121 522 283
s 3122 163 96
s 3123 90 49
s 3124 63 33
s 3125 137 60
s 3126 5 2
s 3127 250 120
s 3128 31 17
s 3129 73 40
s 3130 72 38
s 3131 107 56
s 3132 290 170
s 3133 52 30
s 3134 288 173
s 3135 70 37
s 3136 167 76
s 3137 31 11
s 3138 14 10
s 3139 4 1
s 3140 237 141
s 3141 202 98
s 3142 18 14
s 3143 457 253
s 3144 79 42
s 3145 25 13
s 3146 599 329
s 3147 213 119
s 3148 442 247
s 3149 43 23
s 3150 109 60
s 3151 68 32
s 3152 22 16
s 3153 38 13
s 3154 33 21
s 3155 71 30
s 3156 265 133
s 3157 412 201
s 3158 825 440
s 3159 311 159
s 3160 340 182
s 3162 176 95
s 3163 81 39
s 3164 55 27
s 3165 85 43
s 3166 3 2
s 3167 6 4
s 3168 139 62
s 3169 316 159
s 3170 176 86
s 3171 73 34
s 3172 208 108
s 3173 268 140
s 3174 60 28
s 3175 31 19
s 3176 367 197
s 3177 439 248
s 3178 313 189
s 3179 210 113
s 3180 156 87
s 3181 8 4
s 3182 219 129
s 3183 218 109
s 3184 329 211
s 3185 120 64
s 3186 64 33
s 3191 253 132
s 3192 169 90
s 3193 312 170
s 3195 348 158
s 3198 165 73
s 3200 364 202
s 3201 143 70
s 3203 276 151
s 3207 352 181
s 3208 191 91
s 3209 131 71
s 3210 17 8
s 3217 53 25
s 3227 68 34
s 3342 253 117
s 3343 37 20
s 3344 16 7
s 3345 3 2
s 3346 131 75
s 3347 79 39
s 3348 59 31
s 3349 147 61
s 3350 72 42
s 3351 22 10
s 3353 29 15
s 3354 217 107
s 3355 117 55
s 3356 40 24
s 3357 152 77
s 3358 127 61
s 3359 110 55
s 3360 17 8
s 3361 34 19
s 3362 5 3
s 3363 19 7
s 3364 71 29
s 3365 45 29
s 3366 21 10
s 3367 10 2
s 3368 35 17
s 3369 44 24
s 3370 74 36
s 3371 26 13
s 3372 43 23
s 3373 26 16
s 3374 37 16
s 3375 27 10
s 3376 138 66
s 3377 103 53
s 3378 52 26
s 3379 31 21
s 3380 9 6
s 3381 88 41
s 3382 142 72
s 3383 82 42
s 3384 22 12
s 3385 15 6
s 3386 23 16
s 3387 10 2
s 3388 96 57
s 3389 5 4
s 3390 106 62
s 3391 33 15
s 3392 46 23
s 3393 9 4
s 3394 4 2
s 3395 68 37
s 3396 59 35
s 3397 67 32
s 3398 64 36
s 3399 140 66
s 3400 24 6
s 3401 15 5
s 3402 58 32
s 3403 61 22
s 3404 14 6
s 3405 19 9
s 3406 41 20
s 3407 23 10
s 3408 32 15
s 3409 20 9
s 3410 4 2
s 3411 14 6
s 3412 73 27
s 3413 133 59
s 3414 210 106
s 3415 101 51
s 3416 90 50
s 3417 4 3
s 3418 14 10
s 3419 29 15
s 3420 15 9
s 3421 147 84
s 3422 14 6
s 3423 14 5
s 3424 48 20
s 3425 85 42
s 3426 53 29
s 3427 21 5
s 3428 76 37
s 3429 72 36
s 3430 20 13
s 3431 6 4
s 3432 135 72
s 3433 114 59
s 3434 2 2
s 3435 41 21
s 3436 54 22
s 3437 74 39
s 3438 48 26
s 3439 49 30
s 3440 103 48
s 3441 3 0
s 3442 28 12
s 3447 105 57
s 3448 26 11
s 3449 68 25
s 3451 145 73
s 3454 17 8
s 3456 91 36
s 3457 58 30
s 3459 70 36
s 3463 114 60
s 3464 38 15
s 3465 28 15
s 3466 20 8
s 3473 39 19
s 3483 25 10
s 3599 386 190
s 3600 142 63
s 3601 396 165
s 3602 825 457
s 3603 421 189
s 3604 421 182
s 3605 1083 542
s 3606 551 275
s 3607 226 111
s 3609 864 407
s 3610 1169 579
s 3611 643 336
s 3612 304 140
s 3613 862 387
s 3614 625 311
s 3615 684 370
s 3616 231 121
s 3617 304 178
s 3618 329 169
s 3619 598 300
s 3620 852 427
s 3621 233 127
s 3622 112 58
s 3623 515 242
s 3624 223 102
s 3625 364 182
s 3626 469 252
s 3627 362 183
s 3628 386 192
s 3629 214 107
s 3630 314 159
s 3631 392 196
s 3632 1085 550
s 3633 997 541
s 3634 272 137
s 3635 126 63
s 3636 218 117
s 3637 560 257
s 3638 943 508
s 3639 501 243
s 3640 223 105
s 3641 141 70
s 3642 120 47
s 3643 233 113
s 3644 516 272
s 3645 95 52
s 3646 416 229
s 3647 220 92
s 3648 287 140
s 3649 50 24
s 3650 12 7
s 3651 490 285
s 3652 432 225
s 3653 428 206
s 3654 419 217
s 3655 595 302
s 3656 174 75
s 3657 98 40
s 3658 1280 683
s 3659 428 239
s 3660 987 560
s 3661 98 40
s 3662 205 113
s 3663 143 67
s 3664 163 68
s 3665 131 62
s 3666 92 49
s 3667 98 38
s 3668 436 217
s 3669 639 296
s 3670 1373 733
s 3671 584 300
s 3672 583 310
s 3673 33 18
s 3674 300 167
s 3675 294 150
s 3676 127 76
s 3677 984 488
s 3678 96 46
s 3679 106 57
s 3680 254 110
s 3681 631 292
s 3682 300 138
s 3683 119 56
s 3684 348 163
s 3685 505 252
s 3686 124 59
s 3687 61 32
s 3688 705 359
s 3689 649 324
s 3690 669 343
s 3691 319 171
s 3692 291 125
s 3693 563 263
s 3694 398 227
s 3695 397 197
s 3696 555 297
s 3697 271 142
s 3698 260 133
s 3703 455 228
s 3704 347 142
s 3705 451 238
s 3707 642 299
s 3710 375 180
s 3712 742 381
s 3713 242 112
s 3715 363 169
s 3719 700 361
s 3720 371 171
s 3721 258 124
s 3722 171 85
s 3729 311 141
s 3739 142 72
s 3856 19 11
s 3857 80 39
s 3858 162 80
s 3859 110 45
s 3860 92 44
s 3861 228 122
s 3862 137 66
s 3863 29 13
s 3865 145 62
s 3866 268 142
s 3867 214 100
s 3868 36 14
s 3869 91 38
s 3870 143 70
s 3871 164 73
s 3872 40 20
s 3873 32 16
s 3874 57 26
s 3875 124 56
s 3876 140 65
s 3877 47 19
s 3878 12 5
s 3879 106 46
s 3880 65 27
s 3881 75 38
s 3882 84 50
s 3883 50 22
s 3884 59 34
s 3885 36 16
s 3886 41 19
s 3887 49 23
s 3888 147 63
s 3889 141 72
s 3890 54 27
s 3891 66 35
s 3892 21 12
s 3893 87 46
s 3894 184 103
s 3895 41 20
s 3896 43 21
s 3897 23 13
s 3898 25 14
s 3899 30 16
s 3900 60 33
s 3901 10 6
s 3902 162 85
s 3903 28 13
s 3904 63 27
s 3905 8 5
s 3906 6 2
s 3907 87 44
s 3908 83 38
s 3909 53 21
s 3910 85 36
s 3911 258 137
s 3912 41 19
s 3913 27 18
s 3914 229 116
s 3915 109 53
s 3916 182 106
s 3917 15 7
s 3918 13 9
s 3919 22 7
s 3920 34 19
s 3921 13 7
s 3922 14 10
s 3923 34 8
s 3924 142 68
s 3925 169 72
s 3926 364 187
s 3927 150 79
s 3928 207 117
s 3929 7 3
s 3930 50 24
s 3931 55 35
s 3932 19 12
s 3933 192 103
s 3934 15 5
s 3935 20 9
s 3936 38 24
s 3937 95 55
s 3938 34 11
s 3939 15 6
s 3940 116 62
s 3941 109 54
s 3942 31 13
s 3943 13 9
s 3944 74 38
s 3945 154 82
s 3946 131 65
s 3947 97 48
s 3948 31 16
s 3949 69 38
s 3950 66 38
s 3951 83 46
s 3952 94 54
s 3953 37 19
s 3954 49 23
s 3959 132 65
s 3960 64 30
s 3961 80 34
s 3963 143 66
s 3966 64 29
s 3968 135 72
s 3969 34 16
s 3971 70 37
s 3975 84 50
s 3976 84 34
s 3977 37 22
s 3978 25 13
s 3985 56 22
s 3995 26 13
s 4113 29 17
s 4114 56 26
s 4115 33 14
s 4116 38 18
s 4117 106 52
s 4118 61 35
s 4119 13 5
s 4121 59 26
s 4122 132 61
s 4123 86 47
s 4124 7 2
s 4125 26 10
s 4126 72 33
s 4127 71 33
s 4128 22 12
s 4129 14 7
s 4130 18 7
s 4131 62 28
s 4132 57 30
s 4133 25 7
s 4134 4 3
s 4135 37 19
s 4136 27 14
s 4137 43 22
s 4138 36 20
s 4139 22 7
s 4140 45 21
s 4141 21 10
s 4142 28 12
s 4143 24 14
s 4144 97 44
s 4145 69 33
s 4146 20 11
s 4147 21 9
s 4148 9 5
s 4149 56 27
s 4150 94 52
s 4151 16 8
s 4152 16 10
s 4153 10 4
s 4154 15 6
s 4155 22 13
s 4156 32 22
s 4157 8 4
s 4158 56 28
s 4159 22 11
s 4160 41 22
s 4161 4 2
s 4162 3 1
s 4163 42 17
s 4164 51 22
s 4165 15 7
s 4166 44 17
s 4167 84 42
s 4168 13 3
s 4169 8 3
s 4170 109 49
s 4171 46 17
s 4172 62 31
s 4173 12 6
s 4174 11 8
s 4175 20 9
s 4176 18 4
s 4177 8 3
s 4178 6 3
s 4179 13 6
s 4180 58 25
s 4181 77 46
s 4182 182 85
s 4183 69 37
s 4184 62 31
s 4185 5 1
s 4186 23 12
s 4187 26 10
s 4188 10 7
s 4189 89 43
s 4190 8 5
s 4191 7 3
s 4192 13 5
s 4193 49 19
s 4194 17 9
s 4195 7 5
s 4196 58 29
s 4197 62 31
s 4198 10 9
s 4199 6 4
s 4200 38 20
s 4201 67 37
s 4202 45 22
s 4203 30 8
s 4204 14 7
s 4205 51 29
s 4206 41 18
s 4207 42 21
s 4208 59 33
s 4209 18 14
s 4210 24 12
s 4215 55 24
s 4216 21 11
s 4217 48 25
s 4219 79 38
s 4222 36 13
s 4224 72 30
s 4225 18 6
s 4227 59 33
s 4231 43 20
s 4232 33 15
s 4233 11 5
s 4234 14 9
s 4241 28 11
s 4251 11 5
s 4370 180 96
s 4371 100 37
s 4372 84 36
s 4373 230 104
s 4374 93 43
s 4375 27 12
s 4377 29 12
s 4378 315 147
s 4379 189 93
s 4380 64 34
s 4381 257 126
s 4382 185 97
s 4383 208 105
s 4384 37 18
s 4385 70 44
s 4386 5 2
s 4387 39 14
s 4388 115 51
s 4389 64 30
s 4390 31 14
s 4391 25 12
s 4392 59 27
s 4393 64 30
s 4394 141 82
s 4395 44 23
s 4396 87 42
s 4397 40 20
s 4398 57 27
s 4399 41 18
s 4400 195 103
s 4401 155 75
s 4402 77 41
s 4403 51 24
s 4404 12 10
s 4405 132 53
s 4406 261 133
s 4407 129 66
s 4408 47 25
s 4409 32 13
s 4410 42 19
s 4411 15 5
s 4412 160 79
s 4413 11 5
s 4414 165 99
s 4415 66 32
s 4416 69 30
s 4417 10 6
s 4418 1 1
s 4419 103 45
s 4420 108 53
s 4421 128 60
s 4422 99 39
s 4423 245 125
s 4424 45 23
s 4425 21 11
s 4426 86 42
s 4427 114 56
s 4428 20 8
s 4429 17 8
s 4430 56 33
s 4431 34 16
s 4432 23 9
s 4433 28 13
s 4434 3 2
s 4435 23 9
s 4436 120 54
s 4437 219 112
s 4438 339 163
s 4439 159 53
s 4440 157 76
s 4441 11 3
s 4442 38 19
s 4443 60 32
s 4444 19 7
s 4445 232 105
s 4446 13 4
s 4447 21 11
s 4448 83 36
s 4449 142 73
s 4450 76 32
s 4451 30 12
s 4452 101 48
s 4453 130 52
s 4454 30 18
s 4455 11 10
s 4456 164 84
s 4457 148 69
s 4458 8 5
s 4459 63 29
s 4460 64 28
s 4461 131 57
s 4462 88 48
s 4463 99 47
s 4464 147 63
s 4465 8 1
s 4466 44 22
s 4471 165 81
s 4472 30 11
s 4473 136 68
s 4475 201 99
s 4478 17 11
s 4480 103 51
s 4481 67 32
s 4483 98 51
s 4487 189 105
s 4488 73 38
s 4489 46 20
s 4490 30 16
s 4497 56 26
s 4507 39 12
s 4627 161 74
s 4628 181 92
s 4629 537 266
s 4630 365 185
s 4631 101 54
s 4633 426 211
s 4634 684 346
s 4635 384 204
s 4636 154 75
s 4637 475 236
s 4638 384 192
s 4639 371 201
s 4640 74 48
s 4641 178 97
s 4642 169 85
s 4643 283 139
s 4644 340 189
s 4645 134 71
s 4646 57 30
s 4647 280 132
s 4648 105 47
s 4649 7 2
s 4650 167 92
s 4651 191 97
s 4652 6 2
s 4653 108 62
s 4654 28 12
s 4655 156 87
s 4656 17 4
s 4657 474 255
s 4658 159 97
s 4659 101 59
s 4660 79 37
s 4661 140 60
s 4662 10 6
s 4663 278 151
s 4664 40 24
s 4665 71 47
s 4666 82 41
s 4667 92 45
s 4668 280 147
s 4669 35 16
s 4670 356 224
s 4671 71 31
s 4672 160 79
s 4673 25 11
s 4674 13 6
s 4675 4 1
s 4676 227 106
s 4677 237 139
s 4678 22 10
s 4679 513 305
s 4680 66 32
s 4681 33 14
s 4682 693 367
s 4683 243 134
s 4684 504 277
s 4685 62 40
s 4686 127 69
s 4687 63 34
s 4688 24 9
s 4689 47 23
s 4690 40 26
s 4691 62 26
s 4692 290 154
s 4693 430 222
s 4694 854 461
s 4695 371 206
s 4696 395 228
s 4697 2 2
s 4698 145 70
s 4699 127 70
s 4700 57 37
s 4701 127 57
s 4702 2 0
s 4703 5 2
s 4704 155 76
s 4705 439 213
s 4706 181 90
s 4707 73 35
s 4708 218 119
s 4709 307 157
s 4710 74 37
s 4711 41 27
s 4712 411 224
s 4713 433 234
s 4714 328 174
s 4715 217 112
s 4716 140 70
s 4717 11 3
s 4718 246 134
s 4719 249 136
s 4720 338 181
s 4721 131 82
s 4722 72 41
s 4727 315 161
s 4728 207 92
s 4729 305 184
s 4731 401 194
s 4734 184 83
s 4736 357 188
s 4737 152 76
s 4739 235 121
s 4743 367 203
s 4744 201 117
s 4745 154 80
s 4746 19 5
s 4753 47 29
s 4763 88 39
s 4884 133 58
s 4885 346 136
s 4886 183 71
s 4887 61 25
s 4889 241 91
s 4890 376 170
s 4891 236 109
s 4892 78 22
s 4893 264 108
s 4894 217 114
s 4895 223 105
s 4896 56 29
s 4897 96 41
s 4898 74 35
s 4899 151 51
s 4900 232 100
s 4901 69 29
s 4902 33 22
s 4903 146 65
s 4904 72 32
s 4905 66 27
s 4906 113 58
s 4907 104 41
s 4908 78 39
s 4909 89 38
s 4910 73 33
s 4911 87 39
s 4912 182 74
s 4913 262 142
s 4914 100 43
s 4915 58 22
s 4916 45 20
s 4917 159 63
s 4918 164 80
s 4919 159 70
s 4920 63 29
s 4921 35 17
s 4922 33 17
s 4923 61 22
s 4924 150 74
s 4925 17 9
s 4926 188 92
s 4927 82 38
s 4928 108 50
s 4929 10 3
s 4930 4 1
s 4931 79 38
s 4932 129 55
s 4933 113 50
s 4934 85 46
s 4935 225 111
s 4936 53 25
s 4937 29 14
s 4938 346 164
s 4939 124 55
s 4940 259 127
s 4941 45 25
s 4942 64 32
s 4943 32 8
s 4944 48 17
s 4945 39 19
s 4946 25 17
s 4947 45 12
s 4948 187 91
s 4949 237 104
s 4950 491 215
s 4951 215 98
s 4952 193 91
s 4953 13 7
s 4954 86 41
s 4955 77 34
s 4956 36 15
s 4957 203 97
s 4958 19 4
s 4959 26 10
s 4960 72 26
s 4961 249 118
s 4962 100 52
s 4963 36 13
s 4964 137 69
s 4965 146 55
s 4966 34 14
s 4967 12 8
s 4968 217 113
s 4969 241 102
s 4970 165 76
s 4971 108 53
s 4972 75 29
s 4973 109 56
s 4974 116 52
s 4975 132 63
s 4976 188 93
s 4977 75 31
s 4978 64 31
s 4983 158 81
s 4984 108 48
s 4985 157 71
s 4987 254 94
s 4990 100 40
s 4992 272 113
s 4993 100 37
s 4995 157 60
s 4999 233 110
s 5000 131 55
s 5001 75 32
s 5002 38 19
s 5009 60 28
s 5019 48 25
s 5141 256 121
s 5142 171 87
s 5143 53 18
s 5145 221 106
s 5146 312 152
s 5147 202 93
s 5148 97 47
s 5149 238 110
s 5150 142 65
s 5151 161 94
s 5152 72 42
s 5153 63 36
s 5154 89 45
s 5155 166 81
s 5156 222 100
s 5157 52 27
s 5158 30 15
s 5159 133 63
s 5160 56 11
s 5161 89 46
s 5162 131 68
s 5163 96 46
s 5164 102 52
s 5165 43 22
s 5166 66 36
s 5167 82 42
s 5168 224 113
s 5169 256 139
s 5170 53 34
s 5171 34 18
s 5172 49 28
s 5173 129 60
s 5174 244 116
s 5175 115 58
s 5176 62 32
s 5177 33 20
s 5178 22 13
s 5179 63 28
s 5180 141 77
s 5181 23 13
s 5182 141 64
s 5183 56 30
s 5184 67 38
s 5185 8 4
s 5186 5 0
s 5187 81 39
s 5188 101 53
s 5189 107 45
s 5190 102 46
s 5191 234 123
s 5192 38 15
s 5193 42 23
s 5194 330 166
s 5195 121 62
s 5196 236 120
s 5197 28 12
s 5198 50 30
s 5199 23 14
s 5200 41 18
s 5201 49 29
s 5202 24 15
s 5203 31 18
s 5204 137 67
s 5205 239 128
s 5206 367 187
s 5207 121 58
s 5208 213 127
s 5209 6 3
s 5210 57 22
s 5211 56 21
s 5212 39 21
s 5213 215 108
s 5214 18 6
s 5215 29 9
s 5216 70 32
s 5217 205 99
s 5218 84 37
s 5219 34 17
s 5220 138 74
s 5221 144 64
s 5222 52 23
s 5223 22 6
s 5224 236 119
s 5225 171 98
s 5226 162 80
s 5227 99 53
s 5228 93 39
s 5229 121 61
s 5230 94 51
s 5231 86 42
s 5232 100 42
s 5233 61 33
s 5234 80 35
s 5239 114 75
s 5240 103 52
s 5241 114 71
s 5243 173 82
s 5246 94 46
s 5248 199 110
s 5249 85 40
s 5251 97 47
s 5255 206 105
s 5256 88 45
s 5257 73 28
s 5258 34 13
s 5265 73 34
s 5275 47 26
s 5398 386 188
s 5399 157 68
s 5401 504 228
s 5402 824 381
s 5403 459 236
s 5404 217 103
s 5405 624 293
s 5406 493 236
s 5407 447 229
s 5408 170 93
s 5409 162 83
s 5410 202 102
s 5411 328 155
s 5412 540 273
s 5413 152 73
s 5414 82 40
s 5415 332 145
s 5416 126 51
s 5417 203 97
s 5418 334 185
s 5419 205 105
s 5420 226 108
s 5421 121 54
s 5422 163 85
s 5423 224 105
s 5424 547 261
s 5425 760 401
s 5426 191 113
s 5427 137 64
s 5428 109 60
s 5429 342 151
s 5430 619 305
s 5431 287 154
s 5432 139 60
s 5433 87 42
s 5434 87 39
s 5435 129 51
s 5436 389 195
s 5437 60 26
s 5438 350 196
s 5439 106 49
s 5440 216 90
s 5441 25 10
s 5442 18 5
s 5443 282 159
s 5444 283 153
s 5445 329 155
s 5446 298 153
s 5447 607 310
s 5448 138 48
s 5449 80 25
s 5450 778 393
s 5451 251 130
s 5452 617 319
s 5453 84 38
s 5454 127 77
s 5455 86 42
s 5456 133 73
s 5457 97 54
s 5458 54 30
s 5459 89 37
s 5460 431 202
s 5461 589 281
s 5462 901 452
s 5463 431 222
s 5464 473 248
s 5465 24 17
s 5466 143 77
s 5467 196 106
s 5468 74 45
s 5469 603 311
s 5470 49 22
s 5471 66 35
s 5472 217 113
s 5473 487 238
s 5474 253 117
s 5475 100 46
s 5476 385 204
s 5477 317 141
s 5478 109 55
s 5479 39 18
s 5480 574 285
s 5481 435 215
s 5482 469 231
s 5483 266 152
s 5484 219 92
s 5485 278 105
s 5486 256 135
s 5487 246 114
s 5488 392 192
s 5489 141 73
s 5490 169 77
s 5495 317 152
s 5496 230 94
s 5497 283 140
s 5499 432 195
s 5502 249 119
s 5504 429 189
s 5505 239 110
s 5507 262 116
s 5511 483 275
s 5512 247 111
s 5513 206 97
s 5514 84 41
s 5521 177 69
s 5531 100 46
s 5655 113 53
s 5657 236 102
s 5658 422 201
s 5659 277 131
s 5660 145 68
s 5661 440 202
s 5662 229 127
s 5663 228 104
s 5664 94 54
s 5665 93 49
s 5666 98 45
s 5667 176 84
s 5668 312 136
s 5669 99 48
s 5670 37 15
s 5671 164 73
s 5672 85 36
s 5673 176 91
s 5674 231 126
s 5675 108 51
s 5676 170 83
s 5677 58 29
s 5678 115 55
s 5679 99 45
s 5680 353 162
s 5681 403 207
s 5682 110 65
s 5683 59 28
s 5684 48 22
s 5685 206 99
s 5686 468 230
s 5687 167 78
s 5688 99 51
s 5689 48 26
s 5690 39 23
s 5691 81 35
s 5692 288 151
s 5693 38 16
s 5694 164 95
s 5695 78 41
s 5696 126 47
s 5697 21 16
s 5698 8 6
s 5699 228 124
s 5700 128 51
s 5701 182 85
s 5702 186 91
s 5703 323 158
s 5704 73 30
s 5705 44 19
s 5706 401 220
s 5707 132 60
s 5708 285 158
s 5709 42 25
s 5710 83 43
s 5711 38 14
s 5712 71 38
s 5713 64 36
s 5714 28 13
s 5715 44 22
s 5716 180 86
s 5717 302 140
s 5718 470 258
s 5719 231 112
s 5720 210 107
s 5721 14 8
s 5722 83 50
s 5723 77 36
s 5724 28 13
s 5725 391 188
s 5726 36 16
s 5727 42 24
s 5728 143 64
s 5729 275 133
s 5730 135 67
s 5731 56 23
s 5732 162 68
s 5733 136 56
s 5734 34 15
s 5735 20 14
s 5736 408 203
s 5737 210 107
s 5738 192 100
s 5739 121 56
s 5740 144 71
s 5741 220 83
s 5742 127 70
s 5743 122 62
s 5744 168 86
s 5745 52 32
s 5746 105 46
s 5751 133 56
s 5752 126 52
s 5753 154 78
s 5755 212 86
s 5758 123 63
s 5760 240 116
s 5761 147 70
s 5763 124 56
s 5767 317 174
s 5768 146 78
s 5769 100 44
s 5770 49 22
s 5777 107 48
s 5787 39 13
s 5913 111 47
s 5914 223 106
s 5915 152 81
s 5916 24 12
s 5917 72 36
s 5918 131 65
s 5919 118 64
s 5920 30 19
s 5921 21 11
s 5922 36 17
s 5923 68 31
s 5924 106 54
s 5925 41 16
s 5926 2 1
s 5927 61 30
s 5928 41 19
s 5929 61 30
s 5930 57 32
s 5931 29 10
s 5932 59 29
s 5933 51 21
s 5934 37 19
s 5935 43 18
s 5936 163 73
s 5937 92 45
s 5938 43 28
s 5939 33 9
s 5940 21 11
s 5941 90 41
s 5942 141 74
s 5943 25 14
s 5944 33 17
s 5945 24 12
s 5946 14 5
s 5947 29 12
s 5948 55 26
s 5949 13 8
s 5950 82 43
s 5951 50 29
s 5952 48 24
s 5953 8 4
s 5954 1 1
s 5955 88 48
s 5956 73 35
s 5957 52 23
s 5958 78 41
s 5959 148 79
s 5960 27 13
s 5961 24 6
s 5962 178 95
s 5963 64 34
s 5964 96 48
s 5965 11 6
s 5966 14 6
s 5967 30 12
s 5968 23 6
s 5969 16 4
s 5970 21 11
s 5971 26 7
s 5972 76 39
s 5973 124 63
s 5974 257 123
s 5975 135 59
s 5976 113 60
s 5977 7 6
s 5978 34 17
s 5979 38 21
s 5980 13 9
s 5981 161 86
s 5982 19 10
s 5983 19 8
s 5984 18 8
s 5985 102 48
s 5986 30 10
s 5987 13 5
s 5988 74 36
s 5989 86 33
s 5990 27 12
s 5991 10 4
s 5992 70 41
s 5993 118 60
s 5994 81 31
s 5995 48 28
s 5996 26 15
s 5997 93 39
s 5998 58 27
s 5999 62 34
s 6000 97 48
s 6001 26 18
s 6002 43 23
s 6007 80 39
s 6008 32 10
s 6009 91 47
s 6011 128 49
s 6014 38 14
s 6016 117 52
s 6017 27 13
s 6019 65 33
s 6023 55 22
s 6024 55 25
s 6025 16 7
s 6026 27 12
s 6033 34 15
s 6043 22 11
s 6426 652 322
s 6427 426 183
s 6428 155 69
s 6429 567 263
s 6430 390 181
s 6431 404 187
s 6432 85 45
s 6433 161 79
s 6434 36 20
s 6435 113 48
s 6436 286 137
s 6437 136 67
s 6438 56 24
s 6439 86 33
s 6440 116 51
s 6441 171 84
s 6442 291 156
s 6443 113 41
s 6444 201 100
s 6445 117 55
s 6446 125 49
s 6447 90 39
s 6448 543 250
s 6449 391 188
s 6450 167 86
s 6451 111 48
s 6452 30 18
s 6453 225 94
s 6454 568 289
s 6455 234 111
s 6456 103 52
s 6457 84 46
s 6458 74 26
s 6459 45 17
s 6460 363 172
s 6461 25 15
s 6462 338 180
s 6463 126 48
s 6464 192 88
s 6465 19 4
s 6466 18 10
s 6467 257 125
s 6468 231 113
s 6469 249 120
s 6470 229 100
s 6471 574 302
s 6472 105 46
s 6473 48 20
s 6474 250 121
s 6475 238 117
s 6476 82 43
s 6477 49 26
s 6478 124 61
s 6479 57 30
s 6480 92 39
s 6481 66 21
s 6482 17 6
s 6483 78 37
s 6484 320 136
s 6485 451 189
s 6486 805 378
s 6487 372 182
s 6488 339 154
s 6489 22 14
s 6490 60 30
s 6491 149 77
s 6492 39 24
s 6493 510 255
s 6494 43 19
s 6495 52 30
s 6496 189 90
s 6497 354 145
s 6498 165 74
s 6499 74 32
s 6500 279 129
s 6501 265 121
s 6502 83 30
s 6503 32 15
s 6504 513 252
s 6505 391 188
s 6506 70 21
s 6507 134 70
s 6508 196 80
s 6509 287 111
s 6510 176 79
s 6511 232 115
s 6512 327 162
s 6513 36 17
s 6514 93 36
s 6519 289 132
s 6520 60 30
s 6521 300 149
s 6523 419 179
s 6526 58 20
s 6528 312 138
s 6529 178 77
s 6531 248 98
s 6535 427 208
s 6536 161 76
s 6537 138 61
s 6538 66 31
s 6545 108 43
s 6555 72 34
s 6683 359 171
s 6684 297 138
s 6685 893 414
s 6686 338 148
s 6687 284 150
s 6688 174 81
s 6689 246 139
s 6690 251 127
s 6691 484 228
s 6692 721 327
s 6693 117 57
s 6694 99 50
s 6695 412 203
s 6696 143 65
s 6697 313 162
s 6698 474 266
s 6699 242 108
s 6700 322 168
s 6701 155 84
s 6702 250 112
s 6703 229 128
s 6704 775 391
s 6705 782 396
s 6706 133 72
s 6707 119 60
s 6708 119 61
s 6709 399 174
s 6710 842 430
s 6711 337 163
s 6712 178 86
s 6713 82 49
s 6714 82 43
s 6715 152 70
s 6716 553 287
s 6717 74 38
s 6718 391 209
s 6719 178 79
s 6720 178 83
s 6721 40 17
s 6722 13 5
s 6723 374 204
s 6724 230 106
s 6725 411 191
s 6726 452 239
s 6727 639 318
s 6728 156 73
s 6729 101 45
s 6730 1020 516
s 6731 289 141
s 6732 726 389
s 6733 93 55
s 6734 196 114
s 6735 67 25
s 6736 153 71
s 6737 127 58
s 6738 70 27
s 6739 82 38
s 6740 395 193
s 6741 526 252
s 6742 944 476
s 6743 326 157
s 6744 495 267
s 6745 34 18
s 6746 227 116
s 6747 180 90
s 6748 80 46
s 6749 878 416
s 6750 81 35
s 6751 99 58
s 6752 291 126
s 6753 599 289
s 6754 390 193
s 6755 143 61
s 6756 294 132
s 6757 357 159
s 6758 103 45
s 6759 29 15
s 6760 818 390
s 6761 427 203
s 6762 462 239
s 6763 276 139
s 6764 292 152
s 6765 479 224
s 6766 319 163
s 6767 230 123
s 6768 283 145
s 6769 160 84
s 6770 255 111
s 6775 266 135
s 6776 293 124
s 6777 310 175
s 6779 398 183
s 6782 319 151
s 6784 513 245
s 6785 302 134
s 6787 223 115
s 6791 707 387
s 6792 277 134
s 6793 237 127
s 6794 107 45
s 6801 232 100
s 6811 112 56
s 6940 194 104
s 6941 509 240
s 6942 149 78
s 6943 142 79
s 6944 115 67
s 6945 126 67
s 6946 175 102
s 6947 332 175
s 6948 445 233
s 6949 59 23
s 6950 59 32
s 6951 298 143
s 6952 63 35
s 6953 195 93
s 6954 265 148
s 6955 158 80
s 6956 192 110
s 6957 85 45
s 6958 161 68
s 6959 169 83
s 6960 421 223
s 6961 525 287
s 6962 62 29
s 6963 52 26
s 6964 102 52
s 6965 272 123
s 6966 511 283
s 6967 186 99
s 6968 140 83
s 6969 62 24
s 6970 35 14
s 6971 119 53
s 6972 341 183
s 6973 47 32
s 6974 233 141
s 6975 110 57
s 6976 95 49
s 6977 23 8
s 6978 10 5
s 6979 215 127
s 6980 123 61
s 6981 211 111
s 6982 287 148
s 6983 366 188
s 6984 70 28
s 6985 46 19
s 6986 598 325
s 6987 142 76
s 6988 505 280
s 6989 49 32
s 6990 112 64
s 6991 30 15
s 6992 78 34
s 6993 65 33
s 6994 32 18
s 6995 19 5
s 6996 215 101
s 6997 312 144
s 6998 577 297
s 6999 123 61
s 7000 308 170
s 7001 27 15
s 7002 125 69
s 7003 95 45
s 7004 45 26
s 7005 533 271
s 7006 46 26
s 7007 52 29
s 7008 176 88
s 7009 384 214
s 7010 219 105
s 7011 67 30
s 7012 159 84
s 7013 220 117
s 7014 47 21
s 7015 22 11
s 7016 464 236
s 7017 216 115
s 7018 338 179
s 7019 216 110
s 7020 164 89
s 7021 281 134
s 7022 176 98
s 7023 115 63
s 7024 113 59
s 7025 110 59
s 7026 144 72
s 7031 147 84
s 7032 193 94
s 7033 140 78
s 7035 221 105
s 7038 211 106
s 7040 312 160
s 7041 178 88
s 7043 114 58
s 7047 444 248
s 7048 175 99
s 7049 121 65
s 7050 89 37
s 7057 108 47
s 7067 69 43
s 7197 47 22
s 7198 152 70
s 7199 193 93
s 7200 31 11
s 7201 22 17
s 7202 63 28
s 7203 110 50
s 7204 114 59
s 7205 62 29
s 7206 4 3
s 7207 98 37
s 7208 55 24
s 7209 77 34
s 7210 45 26
s 7211 43 17
s 7212 85 44
s 7213 47 21
s 7214 71 29
s 7215 48 18
s 7216 180 75
s 7217 116 57
s 7218 68 35
s 7219 43 20
s 7220 35 14
s 7221 117 57
s 7222 208 113
s 7223 19 10
s 7224 55 30
s 7225 18 7
s 7226 39 25
s 7227 25 4
s 7228 24 9
s 7229 12 5
s 7230 98 49
s 7231 58 22
s 7232 84 30
s 7233 4 2
s 7234 7 3
s 7235 70 41
s 7236 78 32
s 7237 16 7
s 7238 77 40
s 7239 155 75
s 7240 35 14
s 7241 26 10
s 7242 262 114
s 7243 106 53
s 7244 160 88
s 7245 7 5
s 7246 6 1
s 7247 30 14
s 7248 40 12
s 7249 16 11
s 7250 8 2
s 7251 25 5
s 7252 119 51
s 7253 162 72
s 7254 321 156
s 7255 156 76
s 7256 140 77
s 7257 13 5
s 7258 55 20
s 7259 80 38
s 7260 9 4
s 7261 185 79
s 7262 17 8
s 7263 19 8
s 7264 13 7
s 7265 76 39
s 7266 17 7
s 7267 3 1
s 7268 103 48
s 7269 104 46
s 7270 28 14
s 7271 13 8
s 7272 38 22
s 7273 164 73
s 7274 118 54
s 7275 71 32
s 7276 11 2
s 7277 114 46
s 7278 68 34
s 7279 94 50
s 7280 131 67
s 7281 48 26
s 7282 59 31
s 7287 114 59
s 7288 71 31
s 7289 103 57
s 7291 164 82
s 7294 80 36
s 7296 145 72
s 7297 11 6
s 7299 88 39
s 7303 39 22
s 7304 78 37
s 7305 18 5
s 7306 27 9
s 7313 69 35
s 7323 19 11
s 7454 495 224
s 7455 463 215
s 7456 119 55
s 7457 41 17
s 7458 167 77
s 7459 374 160
s 7460 361 153
s 7461 166 90
s 7462 16 8
s 7463 344 143
s 7464 149 65
s 7465 193 86
s 7466 139 74
s 7467 159 76
s 7468 219 108
s 7469 162 66
s 7470 196 81
s 7471 128 48
s 7472 578 260
s 7473 298 156
s 7474 193 116
s 7475 130 59
s 7476 110 60
s 7477 298 118
s 7478 585 294
s 7479 37 17
s 7480 137 75
s 7481 43 22
s 7482 78 30
s 7483 97 45
s 7484 45 24
s 7485 44 20
s 7486 371 201
s 7487 137 51
s 7488 210 98
s 7489 27 14
s 7490 21 8
s 7491 313 161
s 7492 347 158
s 7493 39 18
s 7494 245 128
s 7495 492 261
s 7496 129 54
s 7497 82 30
s 7498 1014 475
s 7499 292 131
s 7500 622 327
s 7501 12 7
s 7502 25 18
s 7503 101 44
s 7504 110 47
s 7505 41 16
s 7506 36 19
s 7507 97 30
s 7508 279 132
s 7509 419 195
s 7510 1120 572
s 7511 446 213
s 7512 468 221
s 7513 21 6
s 7514 195 95
s 7515 159 77
s 7516 33 15
s 7517 545 250
s 7518 59 22
s 7519 56 26
s 7520 20 6
s 7521 216 97
s 7522 48 24
s 7523 10 4
s 7524 264 136
s 7525 361 165
s 7526 81 31
s 7527 25 15
s 7528 59 21
s 7529 523 240
s 7530 405 203
s 7531 207 99
s 7532 16 7
s 7533 350 165
s 7534 257 144
s 7535 295 142
s 7536 382 179
s 7537 166 84
s 7538 164 62
s 7543 338 157
s 7544 151 74
s 7545 330 171
s 7547 545 264
s 7550 231 109
s 7552 481 222
s 7553 21 15
s 7555 277 123
s 7559 77 33
s 7560 228 104
s 7561 65 30
s 7562 89 34
s 7569 163 71
s 7579 38 19
s 7711 150 84
s 7712 96 48
s 7713 120 75
s 7714 155 71
s 7715 297 124
s 7716 398 201
s 7717 43 17
s 7718 61 36
s 7719 247 125
s 7720 53 25
s 7721 157 84
s 7722 257 152
s 7723 154 65
s 7724 193 98
s 7725 76 33
s 7726 124 51
s 7727 133 60
s 7728 456 226
s 7729 540 295
s 7730 66 38
s 7731 74 41
s 7732 55 28
s 7733 221 95
s 7734 467 242
s 7735 208 99
s 7736 102 60
s 7737 38 16
s 7738 44 26
s 7739 108 45
s 7740 313 167
s 7741 48 22
s 7742 210 135
s 7743 80 34
s 7744 58 27
s 7745 26 14
s 7746 3 2
s 7747 247 126
s 7748 95 46
s 7749 238 120
s 7750 210 95
s 7751 365 198
s 7752 75 28
s 7753 44 22
s 7754 552 266
s 7755 122 52
s 7756 428 237
s 7757 51 24
s 7758 116 65
s 7759 40 18
s 7760 87 36
s 7761 69 31
s 7762 40 24
s 7763 27 10
s 7764 203 96
s 7765 274 121
s 7766 524 253
s 7767 121 69
s 7768 295 156
s 7769 24 12
s 7770 115 57
s 7771 108 54
s 7772 50 29
s 7773 442 224
s 7774 50 28
s 7775 41 16
s 7776 182 96
s 7777 340 158
s 7778 163 79
s 7779 58 22
s 7780 140 60
s 7781 169 90
s 7782 36 19
s 7783 14 7
s 7784 439 229
s 7785 234 111
s 7786 310 168
s 7787 174 94
s 7788 168 73
s 7789 242 95
s 7790 132 59
s 7791 75 40
s 7792 107 54
s 7793 117 68
s 7794 128 68
s 7799 149 78
s 7800 191 95
s 7801 136 76
s 7803 216 101
s 7806 184 93
s 7808 269 130
s 7809 157 64
s 7811 103 54
s 7815 403 208
s 7816 173 85
s 7817 142 69
s 7818 55 23
s 7825 138 63
s 7835 53 28
s 7968 112 59
s 7969 98 65
s 7970 128 67
s 7971 282 141
s 7972 436 217
s 7973 45 22
s 7974 54 28
s 7975 280 131
s 7976 57 25
s 7977 195 112
s 7978 265 135
s 7979 138 76
s 7980 193 110
s 7981 67 36
s 7982 122 69
s 7983 126 60
s 7984 440 248
s 7985 507 276
s 7986 45 21
s 7987 55 27
s 7988 95 55
s 7989 189 93
s 7990 516 283
s 7991 263 148
s 7992 96 56
s 7993 50 24
s 7994 37 19
s 7995 87 48
s 7996 313 164
s 7997 47 26
s 7998 238 132
s 7999 87 42
s 8000 59 26
s 8001 22 12
s 8002 2 1
s 8003 238 129
s 8004 86 39
s 8005 237 128
s 8006 229 118
s 8007 338 190
s 8008 77 34
s 8009 33 17
s 8010 569 295
s 8011 114 64
s 8012 500 292
s 8013 59 28
s 8014 94 53
s 8015 31 17
s 8016 91 50
s 8017 57 32
s 8018 43 23
s 8019 21 7
s 8020 165 88
s 8021 239 127
s 8022 538 280
s 8023 109 60
s 8024 332 182
s 8025 15 9
s 8026 139 84
s 8027 81 38
s 8028 54 27
s 8029 511 256
s 8030 34 21
s 8031 46 29
s 8032 154 84
s 8033 353 191
s 8034 183 74
s 8035 61 36
s 8036 141 75
s 8037 166 74
s 8038 43 29
s 8039 32 22
s 8040 428 251
s 8041 197 104
s 8042 308 159
s 8043 198 87
s 8044 163 70
s 8045 283 125
s 8046 159 107
s 8047 65 31
s 8048 95 45
s 8049 103 53
s 8050 151 80
s 8055 171 92
s 8056 187 93
s 8057 399 226
s 8059 217 102
s 8062 182 90
s 8064 278 143
s 8065 179 82
s 8067 96 39
s 8071 430 223
s 8072 174 95
s 8073 140 79
s 8074 62 32
s 8081 133 59
s 8091 71 35
s 8225 22 11
s 8226 26 19
s 8227 66 33
s 8228 121 66
s 8229 42 21
s 8230 14 8
s 8231 47 25
s 8232 45 23
s 8233 27 11
s 8234 77 49
s 8235 47 25
s 8236 21 13
s 8237 25 13
s 8238 18 10
s 8239 36 13
s 8240 78 41
s 8241 127 64
s 8242 36 25
s 8243 20 7
s 8244 20 10
s 8245 62 29
s 8246 114 60
s 8247 69 43
s 8248 14 7
s 8249 16 8
s 8250 20 7
s 8251 25 12
s 8252 73 39
s 8253 8 3
s 8254 58 31
s 8255 21 10
s 8256 51 28
s 8257 5 3
s 8258 2 1
s 8259 40 20
s 8260 62 37
s 8261 63 30
s 8262 35 10
s 8263 147 93
s 8264 36 14
s 8265 10 6
s 8266 103 53
s 8267 73 43
s 8268 80 50
s 8269 10 7
s 8270 24 17
s 8271 21 12
s 8272 8 2
s 8273 22 9
s 8274 12 10
s 8275 14 7
s 8276 82 36
s 8277 103 56
s 8278 226 117
s 8279 84 47
s 8280 96 52
s 8281 2 2
s 8282 26 13
s 8283 32 18
s 8284 17 11
s 8285 99 50
s 8286 15 5
s 8287 12 9
s 8288 44 22
s 8289 95 52
s 8290 42 20
s 8291 16 10
s 8292 60 36
s 8293 64 35
s 8294 19 9
s 8295 5 2
s 8296 108 64
s 8297 93 52
s 8298 55 23
s 8299 43 24
s 8300 40 19
s 8301 39 19
s 8302 42 25
s 8303 56 36
s 8304 74 42
s 8305 20 8
s 8306 30 14
s 8311 71 39
s 8312 35 19
s 8313 82 45
s 8315 109 49
s 8318 29 14
s 8320 112 59
s 8321 44 21
s 8323 54 19
s 8327 107 52
s 8328 47 22
s 8329 35 17
s 8330 11 5
s 8337 27 15
s 8347 16 7
s 8482 63 41
s 8483 97 53
s 8484 79 45
s 8485 41 23
s 8486 9 4
s 8487 62 40
s 8488 34 19
s 8489 48 29
s 8490 44 32
s 8491 45 26
s 8492 69 38
s 8493 37 22
s 8494 48 28
s 8495 41 24
s 8496 194 114
s 8497 124 75
s 8498 59 35
s 8499 44 26
s 8500 42 25
s 8501 78 42
s 8502 181 111
s 8503 21 10
s 8504 40 26
s 8505 19 12
s 8506 23 14
s 8507 37 21
s 8508 33 19
s 8509 17 8
s 8510 144 87
s 8511 29 18
s 8512 67 37
s 8513 7 2
s 8514 5 3
s 8515 82 49
s 8516 79 42
s 8517 22 11
s 8518 76 50
s 8519 170 109
s 8520 38 19
s 8521 14 7
s 8522 248 142
s 8523 84 55
s 8524 180 113
s 8525 5 3
s 8526 11 5
s 8527 20 11
s 8528 38 14
s 8529 18 8
s 8530 19 9
s 8531 23 10
s 8532 101 54
s 8533 141 85
s 8534 336 187
s 8535 131 74
s 8536 146 92
s 8537 6 4
s 8538 41 20
s 8539 57 32
s 8540 24 18
s 8541 193 99
s 8542 19 9
s 8543 24 15
s 8544 17 8
s 8545 86 41
s 8546 25 15
s 8547 4 1
s 8548 108 58
s 8549 73 45
s 8550 26 16
s 8551 8 3
s 8552 50 27
s 8553 134 82
s 8554 129 80
s 8555 82 42
s 8556 12 7
s 8557 120 51
s 8558 47 28
s 8559 73 39
s 8560 124 65
s 8561 54 34
s 8562 61 36
s 8567 109 60
s 8568 52 24
s 8569 77 44
s 8571 130 67
s 8574 70 46
s 8576 127 78
s 8577 24 13
s 8579 88 46
s 8583 29 16
s 8584 78 40
s 8585 29 16
s 8586 23 9
s 8593 64 30
s 8603 24 15
s 8739 45 14
s 8740 91 48
s 8741 49 22
s 8742 20 12
s 8743 17 5
s 8744 43 19
s 8745 68 32
s 8746 117 65
s 8747 36 15
s 8748 67 38
s 8749 29 16
s 8750 47 25
s 8751 47 22
s 8752 241 120
s 8753 147 90
s 8754 62 40
s 8755 57 32
s 8756 9 4
s 8757 87 38
s 8758 196 97
s 8759 86 48
s 8760 33 23
s 8761 23 12
s 8762 21 11
s 8763 25 15
s 8764 125 63
s 8765 9 4
s 8766 156 94
s 8767 50 27
s 8768 64 38
s 8769 7 5
s 8770 6 3
s 8771 80 43
s 8772 72 38
s 8773 80 38
s 8774 108 60
s 8775 214 109
s 8776 47 29
s 8777 26 16
s 8778 83 42
s 8779 92 48
s 8780 24 13
s 8781 21 10
s 8782 63 33
s 8783 26 17
s 8784 34 15
s 8785 27 12
s 8786 4 2
s 8787 25 5
s 8788 122 64
s 8789 168 88
s 8790 280 139
s 8791 146 74
s 8792 134 70
s 8793 7 3
s 8794 26 13
s 8795 45 26
s 8796 26 17
s 8797 154 77
s 8798 22 11
s 8799 19 9
s 8800 68 44
s 8801 123 61
s 8802 69 27
s 8803 42 25
s 8804 132 61
s 8805 102 46
s 8806 35 16
s 8807 18 9
s 8808 167 95
s 8809 177 105
s 8810 9 6
s 8811 41 23
s 8812 66 38
s 8813 109 49
s 8814 78 39
s 8815 80 30
s 8816 116 68
s 8817 11 4
s 8818 33 16
s 8823 107 48
s 8824 30 20
s 8825 95 45
s 8827 161 79
s 8830 14 7
s 8832 137 72
s 8833 55 28
s 8835 100 48
s 8839 168 86
s 8840 66 31
s 8841 46 21
s 8842 28 14
s 8849 40 19
s 8859 48 30
s 8996 260 118
s 8997 76 32
s 8998 39 16
s 8999 89 40
s 9000 98 44
s 9001 147 69
s 9002 205 114
s 9003 69 34
s 9004 129 58
s 9005 68 37
s 9006 98 39
s 9007 75 31
s 9008 255 135
s 9009 272 124
s 9010 106 52
s 9011 96 54
s 9012 36 19
s 9013 163 62
s 9014 375 183
s 9015 148 75
s 9016 53 34
s 9017 60 34
s 9018 49 23
s 9019 55 25
s 9020 220 110
s 9021 14 9
s 9022 219 118
s 9023 79 36
s 9024 119 56
s 9025 13 4
s 9026 7 4
s 9027 161 73
s 9028 175 65
s 9029 179 88
s 9030 165 72
s 9031 350 171
s 9032 67 31
s 9033 37 16
s 9034 256 111
s 9035 177 83
s 9036 93 48
s 9037 26 12
s 9038 84 50
s 9039 46 20
s 9040 54 25
s 9041 55 29
s 9042 8 4
s 9043 55 24
s 9044 247 111
s 9045 305 144
s 9046 537 246
s 9047 246 128
s 9048 235 138
s 9049 14 6
s 9050 48 24
s 9051 109 55
s 9052 21 9
s 9053 365 176
s 9054 32 16
s 9055 38 20
s 9056 147 59
s 9057 254 115
s 9058 131 61
s 9059 62 28
s 9060 223 107
s 9061 189 88
s 9062 62 25
s 9063 24 12
s 9064 348 161
s 9065 249 115
s 9066 79 31
s 9067 115 53
s 9068 138 55
s 9069 165 52
s 9070 125 63
s 9071 158 82
s 9072 198 87
s 9073 25 12
s 9074 86 36
s 9079 192 85
s 9080 63 24
s 9081 179 90
s 9083 240 118
s 9086 59 32
s 9088 204 92
s 9089 134 55
s 9091 142 65
s 9095 268 140
s 9096 106 40
s 9097 100 43
s 9098 46 21
s 9105 71 28
s 9115 44 14
s 9253 103 48
s 9254 42 24
s 9255 193 93
s 9256 135 56
s 9257 173 79
s 9258 206 96
s 9259 107 48
s 9260 175 86
s 9261 125 70
s 9262 137 65
s 9263 131 59
s 9264 395 193
s 9265 360 198
s 9266 156 79
s 9267 111 55
s 9268 54 31
s 9269 267 125
s 9270 427 206
s 9271 172 77
s 9272 86 46
s 9273 68 38
s 9274 63 34
s 9275 86 38
s 9276 200 113
s 9277 30 10
s 9278 346 181
s 9279 119 67
s 9280 167 77
s 9281 21 11
s 9282 11 7
s 9283 219 128
s 9284 241 104
s 9285 200 92
s 9286 225 114
s 9287 563 297
s 9288 128 60
s 9289 51 22
s 9290 495 253
s 9291 270 123
s 9292 300 163
s 9293 22 8
s 9294 79 42
s 9295 78 42
s 9296 78 37
s 9297 72 39
s 9298 27 14
s 9299 72 37
s 9300 341 150
s 9301 421 192
s 9302 845 443
s 9303 400 217
s 9304 451 242
s 9305 17 12
s 9306 118 62
s 9307 114 52
s 9308 42 16
s 9309 515 258
s 9310 32 14
s 9311 53 29
s 9312 119 57
s 9313 315 161
s 9314 110 60
s 9315 45 23
s 9316 277 144
s 9317 262 111
s 9318 73 39
s 9319 30 19
s 9320 275 140
s 9321 389 181
s 9322 214 115
s 9323 170 88
s 9324 109 53
s 9325 216 99
s 9326 177 89
s 9327 231 115
s 9328 274 133
s 9329 76 33
s 9330 158 76
s 9335 268 142
s 9336 137 66
s 9337 277 143
s 9339 420 209
s 9342 134 67
s 9344 363 176
s 9345 116 58
s 9347 219 100
s 9351 251 129
s 9352 188 86
s 9353 92 43
s 9354 69 31
s 9361 112 41
s 9371 70 42
s 9510 10 6
s 9511 72 39
s 9512 20 9
s 9513 61 29
s 9514 79 44
s 9515 61 26
s 9516 69 28
s 9517 10 5
s 9518 42 20
s 9519 47 15
s 9520 149 71
s 9521 172 84
s 9522 14 7
s 9523 25 9
s 9524 22 13
s 9525 59 28
s 9526 152 59
s 9527 60 27
s 9528 31 7
s 9529 12 8
s 9530 12 9
s 9531 28 11
s 9532 104 60
s 9533 20 11
s 9534 63 34
s 9535 33 8
s 9536 21 10
s 9537 3 2
s 9538 3 2
s 9539 95 59
s 9540 26 16
s 9541 72 38
s 9542 93 47
s 9543 136 77
s 9544 25 8
s 9545 18 8
s 9546 201 104
s 9547 42 20
s 9548 173 108
s 9549 14 10
s 9550 33 19
s 9551 13 3
s 9552 27 15
s 9553 15 8
s 9554 9 4
s 9555 12 5
s 9556 57 25
s 9557 89 35
s 9558 205 105
s 9559 43 23
s 9560 117 59
s 9561 5 3
s 9562 31 12
s 9563 34 18
s 9564 14 9
s 9565 178 100
s 9566 20 11
s 9567 16 9
s 9568 48 23
s 9569 122 47
s 9570 52 22
s 9571 28 10
s 9572 55 31
s 9573 53 22
s 9574 10 2
s 9575 3 2
s 9576 132 69
s 9577 83 53
s 9578 94 48
s 9579 69 37
s 9580 55 17
s 9581 96 40
s 9582 54 28
s 9583 26 12
s 9584 31 18
s 9585 47 22
s 9586 41 18
s 9591 53 25
s 9592 51 20
s 9593 40 19
s 9595 61 24
s 9598 66 30
s 9600 101 44
s 9601 60 30
s 9603 18 11
s 9607 115 59
s 9608 65 25
s 9609 39 15
s 9610 20 7
s 9617 43 19
s 9627 16 12
s 9767 32 14
s 9768 15 5
s 9769 24 10
s 9770 14 5
s 9771 20 11
s 9772 24 5
s 9773 21 11
s 9774 24 9
s 9775 15 9
s 9776 80 35
s 9777 39 26
s 9778 37 19
s 9779 14 4
s 9780 11 7
s 9781 46 26
s 9782 77 39
s 9783 11 5
s 9784 16 7
s 9785 7 4
s 9786 5 2
s 9787 17 8
s 9788 7 2
s 9789 5 3
s 9790 48 28
s 9791 19 8
s 9792 29 13
s 9793 6 3
s 9794 3 2
s 9795 40 24
s 9796 40 18
s 9797 10 4
s 9798 36 17
s 9799 65 32
s 9800 9 4
s 9801 8 2
s 9802 77 31
s 9803 39 24
s 9804 46 27
s 9805 3 2
s 9806 5 2
s 9807 10 5
s 9808 9 5
s 9809 3 2
s 9810 5 1
s 9811 7 2
s 9812 29 12
s 9813 58 27
s 9814 132 61
s 9815 43 21
s 9816 45 24
s 9817 6 5
s 9818 33 17
s 9819 23 9
s 9820 6 2
s 9821 57 28
s 9822 4 1
s 9823 7 2
s 9824 3 3
s 9825 40 22
s 9826 13 7
s 9827 5 1
s 9828 39 15
s 9829 34 17
s 9830 11 7
s 9831 4 2
s 9832 23 13
s 9833 58 27
s 9834 43 21
s 9835 26 17
s 9836 4 1
s 9837 47 23
s 9838 25 15
s 9839 35 22
s 9840 54 30
s 9841 16 9
s 9842 20 10
s 9847 49 19
s 9848 17 12
s 9849 47 22
s 9851 67 27
s 9854 23 9
s 9856 52 29
s 9857 5 1
s 9859 39 20
s 9863 26 14
s 9864 33 13
s 9865 15 7
s 9866 14 6
s 9873 22 9
s 9883 7 6
s 10024 97 36
s 10025 106 40
s 10026 203 111
s 10027 72 30
s 10028 134 63
s 10029 72 34
s 10030 75 32
s 10031 62 30
s 10032 267 131
s 10033 241 112
s 10034 74 37
s 10035 81 37
s 10036 19 8
s 10037 149 75
s 10038 355 173
s 10039 154 67
s 10040 60 32
s 10041 33 20
s 10042 52 23
s 10043 36 12
s 10044 205 102
s 10045 14 6
s 10046 196 107
s 10047 78 33
s 10048 97 42
s 10049 11 5
s 10050 10 5
s 10051 147 67
s 10052 138 65
s 10053 152 65
s 10054 140 73
s 10055 328 168
s 10056 63 20
s 10057 40 14
s 10058 137 63
s 10059 136 51
s 10060 73 45
s 10061 26 14
s 10062 63 29
s 10063 34 16
s 10064 51 23
s 10065 49 30
s 10066 6 5
s 10067 52 22
s 10068 215 98
s 10069 291 136
s 10070 491 220
s 10071 249 108
s 10072 217 109
s 10073 15 8
s 10074 28 13
s 10075 78 35
s 10076 24 10
s 10077 320 141
s 10078 20 9
s 10079 34 11
s 10080 123 45
s 10081 191 74
s 10082 112 55
s 10083 44 21
s 10084 174 83
s 10085 176 83
s 10086 41 19
s 10087 22 14
s 10088 308 163
s 10089 213 88
s 10090 31 11
s 10091 76 35
s 10092 107 50
s 10093 161 71
s 10094 105 60
s 10095 131 66
s 10096 190 88
s 10097 16 6
s 10098 76 29
s 10103 194 85
s 10104 55 24
s 10105 179 87
s 10107 253 102
s 10110 44 18
s 10112 169 80
s 10113 107 42
s 10115 121 50
s 10119 246 117
s 10120 91 33
s 10121 58 24
s 10122 40 22
s 10129 73 24
s 10139 40 21
s 10281 67 32
s 10282 79 42
s 10283 46 26
s 10284 54 29
s 10285 16 8
s 10286 35 13
s 10287 65 26
s 10288 129 54
s 10289 158 78
s 10290 15 7
s 10291 28 14
s 10292 36 16
s 10293 60 26
s 10294 160 81
s 10295 57 25
s 10296 40 23
s 10297 14 9
s 10298 15 6
s 10299 33 13
s 10300 96 45
s 10301 11 4
s 10302 55 28
s 10303 30 19
s 10304 31 12
s 10305 10 3
s 10306 2 0
s 10307 70 34
s 10308 35 13
s 10309 76 31
s 10310 71 32
s 10311 105 54
s 10312 15 8
s 10313 22 6
s 10314 189 96
s 10315 34 17
s 10316 149 76
s 10317 19 13
s 10318 18 10
s 10319 17 7
s 10320 36 16
s 10321 24 11
s 10322 14 8
s 10323 20 9
s 10324 73 35
s 10325 90 44
s 10326 143 69
s 10327 57 27
s 10328 102 54
s 10329 8 3
s 10330 33 15
s 10331 24 11
s 10332 18 8
s 10333 168 82
s 10334 12 5
s 10335 16 4
s 10336 44 18
s 10337 114 48
s 10338 41 14
s 10339 21 9
s 10340 42 20
s 10341 51 17
s 10342 12 6
s 10343 14 3
s 10344 149 80
s 10345 63 32
s 10346 105 46
s 10347 54 25
s 10348 53 22
s 10349 71 30
s 10350 34 13
s 10351 36 16
s 10352 42 20
s 10353 34 14
s 10354 53 26
s 10359 40 21
s 10360 58 31
s 10361 46 22
s 10363 76 37
s 10366 45 26
s 10368 72 32
s 10369 58 28
s 10371 43 22
s 10375 83 42
s 10376 50 24
s 10377 41 19
s 10378 11 7
s 10385 33 12
s 10395 21 7
s 10538 86 52
s 10539 72 35
s 10540 10 4
s 10541 50 26
s 10542 13 4
s 10543 52 26
s 10544 17 9
s 10545 172 84
s 10546 44 22
s 10547 37 19
s 10548 34 20
s 10549 89 41
s 10550 11 6
s 10551 103 56
s 10552 20 5
s 10553 23 9
s 10554 35 18
s 10555 48 23
s 10556 97 49
s 10557 14 7
s 10558 130 67
s 10559 33 12
s 10560 82 31
s 10561 12 6
s 10562 1 1
s 10563 9 1
s 10564 136 70
s 10565 92 50
s 10566 9 3
s 10567 185 85
s 10568 33 16
s 10569 23 8
s 10570 535 282
s 10571 119 56
s 10572 192 117
s 10573 15 6
s 10574 37 23
s 10575 31 19
s 10576 10 4
s 10577 22 11
s 10578 13 7
s 10579 25 10
s 10580 132 63
s 10581 176 76
s 10582 373 185
s 10583 176 78
s 10584 178 98
s 10585 1 0
s 10586 57 29
s 10587 45 21
s 10588 17 11
s 10589 60 27
s 10590 4 4
s 10591 7 4
s 10592 64 29
s 10593 154 76
s 10594 76 38
s 10595 36 13
s 10596 99 51
s 10597 145 69
s 10598 39 15
s 10599 10 6
s 10600 177 82
s 10601 178 97
s 10602 117 56
s 10603 85 34
s 10604 75 36
s 10605 10 5
s 10606 109 58
s 10607 79 31
s 10608 124 65
s 10609 45 23
s 10610 34 12
s 10615 134 71
s 10616 51 27
s 10617 97 56
s 10619 167 76
s 10622 76 40
s 10624 244 121
s 10625 74 32
s 10627 109 49
s 10631 195 108
s 10632 71 27
s 10633 55 30
s 10634 8 2
s 10641 19 8
s 10651 30 13
s 10795 97 52
s 10796 86 46
s 10797 69 46
s 10798 58 28
s 10799 80 42
s 10800 192 106
s 10801 187 101
s 10802 99 64
s 10803 66 30
s 10804 48 22
s 10805 143 74
s 10806 167 92
s 10807 60 28
s 10808 65 39
s 10809 27 13
s 10810 42 23
s 10811 58 33
s 10812 79 44
s 10813 24 12
s 10814 201 131
s 10815 69 35
s 10816 118 61
s 10817 6 3
s 10818 7 5
s 10819 96 53
s 10820 164 85
s 10821 61 34
s 10822 85 56
s 10823 269 160
s 10824 60 32
s 10825 35 9
s 10826 365 228
s 10827 167 88
s 10828 327 196
s 10829 16 6
s 10830 36 18
s 10831 30 16
s 10832 37 23
s 10833 19 10
s 10834 16 12
s 10835 36 16
s 10836 188 97
s 10837 236 127
s 10838 530 296
s 10839 242 144
s 10840 273 163
s 10841 10 5
s 10842 89 47
s 10843 81 36
s 10844 26 15
s 10845 227 108
s 10846 22 12
s 10847 21 11
s 10848 52 25
s 10849 161 86
s 10850 43 19
s 10851 14 5
s 10852 115 58
s 10853 196 93
s 10854 47 25
s 10855 12 7
s 10856 116 70
s 10857 215 120
s 10858 197 104
s 10859 81 41
s 10860 41 22
s 10861 76 43
s 10862 126 73
s 10863 124 64
s 10864 162 94
s 10865 72 34
s 10866 75 41
s 10871 195 107
s 10872 88 49
s 10873 169 106
s 10875 235 106
s 10878 108 69
s 10880 229 120
s 10881 38 24
s 10883 118 59
s 10887 112 62
s 10888 93 56
s 10889 57 34
s 10890 26 15
s 10897 53 29
s 10907 29 24
s 11052 79 45
s 11053 49 29
s 11054 54 31
s 11055 37 19
s 11056 203 93
s 11057 151 80
s 11058 62 31
s 11059 60 27
s 11060 26 15
s 11061 93 36
s 11062 202 83
s 11063 48 26
s 11064 47 21
s 11065 25 12
s 11066 21 9
s 11067 22 16
s 11068 61 28
s 11069 12 9
s 11070 160 89
s 11071 31 18
s 11072 73 34
s 11073 7 4
s 11074 11 6
s 11075 111 60
s 11076 93 44
s 11077 73 32
s 11078 81 37
s 11079 244 113
s 11080 42 17
s 11081 24 8
s 11082 157 95
s 11083 75 33
s 11084 108 46
s 11085 19 13
s 11086 26 14
s 11087 23 12
s 11088 26 10
s 11089 32 17
s 11090 16 10
s 11091 36 18
s 11092 117 64
s 11093 174 85
s 11094 318 155
s 11095 157 84
s 11096 191 106
s 11097 8 3
s 11098 44 21
s 11099 53 23
s 11100 11 4
s 11101 215 96
s 11102 15 8
s 11103 16 7
s 11104 51 29
s 11105 140 69
s 11106 48 24
s 11107 19 7
s 11108 103 53
s 11109 103 42
s 11110 33 17
s 11111 11 7
s 11112 120 64
s 11113 138 69
s 11114 70 26
s 11115 63 32
s 11116 32 10
s 11117 100 33
s 11118 66 31
s 11119 91 43
s 11120 126 47
s 11121 28 13
s 11122 54 27
s 11127 144 68
s 11128 50 24
s 11129 99 46
s 11131 160 70
s 11134 52 28
s 11136 126 57
s 11137 39 20
s 11139 102 44
s 11143 101 52
s 11144 86 42
s 11145 42 18
s 11146 40 16
s 11153 44 21
s 11163 22 12
s 11309 69 37
s 11310 11 6
s 11311 67 39
s 11312 12 4
s 11313 254 120
s 11314 96 51
s 11315 43 27
s 11316 45 20
s 11317 70 23
s 11318 9 6
s 11319 74 38
s 11320 22 12
s 11321 26 15
s 11322 24 7
s 11323 55 25
s 11324 139 72
s 11325 11 10
s 11326 159 86
s 11327 42 23
s 11328 88 34
s 11329 9 4
s 11330 7 4
s 11331 9 4
s 11332 106 55
s 11333 94 47
s 11334 11 7
s 11335 258 121
s 11336 31 13
s 11337 15 6
s 11338 321 166
s 11339 106 51
s 11340 192 112
s 11341 26 16
s 11342 51 26
s 11343 36 20
s 11344 14 7
s 11345 22 10
s 11346 19 10
s 11347 27 7
s 11348 125 70
s 11349 207 90
s 11350 394 188
s 11351 170 85
s 11352 161 80
s 11354 56 25
s 11355 47 21
s 11356 20 13
s 11357 65 29
s 11358 2 1
s 11359 6 4
s 11360 68 30
s 11361 227 123
s 11362 73 28
s 11363 36 18
s 11364 113 53
s 11365 122 55
s 11366 40 13
s 11367 19 11
s 11368 208 111
s 11369 174 82
s 11370 125 62
s 11371 77 48
s 11372 72 35
s 11373 3 0
s 11374 108 57
s 11375 104 55
s 11376 140 62
s 11377 64 31
s 11378 26 15
s 11383 134 70
s 11384 88 39
s 11385 128 75
s 11387 169 72
s 11390 95 48
s 11392 176 85
s 11393 82 36
s 11395 98 48
s 11399 229 126
s 11400 94 48
s 11401 59 24
s 11402 10 5
s 11409 23 10
s 11419 32 19
s 11566 37 17
s 11567 33 13
s 11568 156 75
s 11569 173 108
s 11570 32 17
s 11571 34 12
s 11572 19 12
s 11573 66 26
s 11574 133 78
s 11575 53 28
s 11576 32 15
s 11577 13 7
s 11578 19 12
s 11579 25 16
s 11580 75 43
s 11581 13 6
s 11582 49 30
s 11583 32 18
s 11584 45 23
s 11585 5 1
s 11586 1 0
s 11587 81 43
s 11588 52 25
s 11589 52 22
s 11590 65 38
s 11591 107 60
s 11592 19 9
s 11593 16 8
s 11594 173 104
s 11595 43 21
s 11596 129 68
s 11597 14 5
s 11598 31 20
s 11599 11 7
s 11600 23 9
s 11601 24 16
s 11602 16 10
s 11603 11 6
s 11604 81 40
s 11605 94 49
s 11606 149 85
s 11607 72 28
s 11608 86 48
s 11609 8 6
s 11610 34 13
s 11611 25 11
s 11612 14 9
s 11613 143 64
s 11614 13 7
s 11615 11 6
s 11616 53 28
s 11617 127 60
s 11618 51 14
s 11619 18 13
s 11620 43 22
s 11621 55 18
s 11622 11 8
s 11623 2 0
s 11624 132 62
s 11625 69 37
s 11626 90 44
s 11627 37 18
s 11628 49 25
s 11629 69 37
s 11630 66 41
s 11631 24 13
s 11632 54 28
s 11633 28 16
s 11634 31 14
s 11639 48 30
s 11640 43 14
s 11641 64 40
s 11643 74 36
s 11646 45 19
s 11648 79 35
s 11649 50 31
s 11651 34 9
s 11655 136 80
s 11656 46 21
s 11657 39 17
s 11658 30 11
s 11665 43 20
s 11675 25 13
s 11823 49 15
s 11824 30 14
s 11825 171 95
s 11826 66 41
s 11827 35 19
s 11828 27 14
s 11829 52 25
s 11830 25 14
s 11831 84 43
s 11832 10 3
s 11833 26 9
s 11834 32 15
s 11835 42 18
s 11836 121 64
s 11837 20 8
s 11838 111 54
s 11839 26 13
s 11840 80 36
s 11841 9 4
s 11842 7 4
s 11843 10 6
s 11844 81 41
s 11845 84 39
s 11846 21 9
s 11847 170 81
s 11848 26 11
s 11849 11 4
s 11850 207 100
s 11851 67 33
s 11852 138 74
s 11853 17 6
s 11854 35 22
s 11855 31 16
s 11856 15 9
s 11857 20 7
s 11858 14 4
s 11859 18 11
s 11860 126 63
s 11861 170 87
s 11862 323 145
s 11863 133 68
s 11864 105 47
s 11865 3 1
s 11866 52 25
s 11867 41 17
s 11868 29 20
s 11869 59 20
s 11871 9 7
s 11872 65 32
s 11873 139 60
s 11874 66 30
s 11875 27 15
s 11876 103 47
s 11877 87 38
s 11878 22 8
s 11879 7 2
s 11880 140 74
s 11881 139 74
s 11882 100 47
s 11883 74 33
s 11884 52 21
s 11885 22 7
s 11886 76 31
s 11887 71 26
s 11888 148 77
s 11889 29 17
s 11890 25 12
s 11895 101 46
s 11896 72 34
s 11897 81 35
s 11899 144 66
s 11902 72 36
s 11904 131 62
s 11905 65 25
s 11907 100 43
s 11911 126 66
s 11912 93 45
s 11913 52 21
s 11914 4 0
s 11921 25 11
s 11931 31 9
s 12080 184 86
s 12081 149 79
s 12082 60 31
s 12083 53 24
s 12084 30 17
s 12085 105 43
s 12086 183 89
s 12087 40 17
s 12088 40 17
s 12089 24 5
s 12090 24 16
s 12091 27 12
s 12092 92 47
s 12093 8 4
s 12094 134 70
s 12095 47 25
s 12096 68 34
s 12097 8 4
s 12098 5 2
s 12099 88 48
s 12100 84 37
s 12101 65 29
s 12102 76 44
s 12103 202 95
s 12104 42 19
s 12105 24 15
s 12106 159 85
s 12107 65 37
s 12108 107 56
s 12109 13 8
s 12110 21 10
s 12111 19 9
s 12112 47 23
s 12113 37 16
s 12114 9 4
s 12115 28 13
s 12116 131 66
s 12117 174 83
s 12118 304 158
s 12119 129 57
s 12120 129 76
s 12121 4 1
s 12122 50 22
s 12123 52 26
s 12124 7 2
s 12125 200 84
s 12126 17 8
s 12127 12 4
s 12128 39 21
s 12129 129 65
s 12130 44 18
s 12131 19 9
s 12132 112 56
s 12133 93 51
s 12134 27 15
s 12135 4 3
s 12136 120 61
s 12137 153 77
s 12138 87 47
s 12139 73 39
s 12140 49 24
s 12141 104 36
s 12142 61 30
s 12143 93 48
s 12144 128 68
s 12145 24 7
s 12146 48 23
s 12151 113 62
s 12152 42 20
s 12153 90 43
s 12155 122 49
s 12158 40 17
s 12160 112 47
s 12161 32 14
s 12163 78 34
s 12167 120 56
s 12168 72 35
s 12169 26 7
s 12170 22 8
s 12177 37 16
s 12187 21 10
s 12337 651 343
s 12338 194 105
s 12339 142 71
s 12340 84 42
s 12341 158 73
s 12342 19 10
s 12343 278 145
s 12344 45 21
s 12345 91 45
s 12346 68 30
s 12347 132 71
s 12348 436 259
s 12349 64 34
s 12350 406 222
s 12351 97 52
s 12352 203 100
s 12353 36 17
s 12354 13 5
s 12355 12 7
s 12356 257 120
s 12357 287 148
s 12358 17 8
s 12359 631 329
s 12360 85 35
s 12361 38 13
s 12362 798 380
s 12363 253 114
s 12364 582 324
s 12365 77 43
s 12366 154 81
s 12367 106 51
s 12368 37 21
s 12369 50 18
s 12370 44 26
s 12371 112 49
s 12372 405 189
s 12373 547 265
s 12374 927 461
s 12375 416 192
s 12376 471 257
s 12377 2 2
s 12378 216 112
s 12379 233 106
s 12380 93 52
s 12381 140 64
s 12382 6 3
s 12383 7 4
s 12384 182 87
s 12385 491 235
s 12386 200 86
s 12387 90 43
s 12388 347 188
s 12389 368 176
s 12390 82 34
s 12391 48 29
s 12392 526 268
s 12393 528 242
s 12394 369 205
s 12395 232 136
s 12396 168 83
s 12397 15 6
s 12398 272 141
s 12399 283 159
s 12400 403 186
s 12401 156 82
s 12402 85 43
s 12407 317 153
s 12408 222 103
s 12409 299 149
s 12411 504 250
s 12414 232 107
s 12416 453 224
s 12417 203 99
s 12419 321 159
s 12423 489 258
s 12424 274 134
s 12425 198 91
s 12426 27 14
s 12433 67 32
s 12443 80 47
s 12594 249 144
s 12595 146 92
s 12596 97 61
s 12597 294 131
s 12598 599 329
s 12599 200 107
s 12600 143 75
s 12601 67 35
s 12602 102 50
s 12603 86 45
s 12604 182 109
s 12605 44 30
s 12606 449 257
s 12607 134 80
s 12608 226 105
s 12609 26 14
s 12610 19 10
s 12611 328 190
s 12612 351 184
s 12613 153 79
s 12614 267 146
s 12615 550 295
s 12616 152 75
s 12617 61 33
s 12618 655 351
s 12619 267 131
s 12620 461 258
s 12621 39 18
s 12622 81 48
s 12623 89 45
s 12624 116 70
s 12625 62 39
s 12626 44 21
s 12627 95 40
s 12628 383 192
s 12629 544 280
s 12630 1145 597
s 12631 424 222
s 12632 442 236
s 12633 31 11
s 12634 193 100
s 12635 202 113
s 12636 56 35
s 12637 542 276
s 12638 59 27
s 12639 58 28
s 12640 101 56
s 12641 333 187
s 12642 112 59
s 12643 49 25
s 12644 295 158
s 12645 405 202
s 12646 64 31
s 12647 41 26
s 12648 221 120
s 12649 561 291
s 12650 290 144
s 12651 209 119
s 12652 101 50
s 12653 387 192
s 12654 254 149
s 12655 323 171
s 12656 456 256
s 12657 112 54
s 12658 123 58
s 12663 412 229
s 12664 133 59
s 12665 383 219
s 12667 551 267
s 12670 177 93
s 12672 447 224
s 12673 96 46
s 12675 361 184
s 12679 303 177
s 12680 230 115
s 12681 109 62
s 12682 105 51
s 12689 156 85
s 12699 77 42
s 12851 30 11
s 12852 37 22
s 12853 114 56
s 12854 202 118
s 12855 116 69
s 12856 49 25
s 12857 11 8
s 12858 16 6
s 12859 48 29
s 12860 123 79
s 12861 27 12
s 12862 109 59
s 12863 25 16
s 12864 24 13
s 12865 14 8
s 12866 2 1
s 12867 100 53
s 12868 36 22
s 12869 84 43
s 12870 104 54
s 12871 166 88
s 12872 26 13
s 12873 17 7
s 12874 298 172
s 12875 27 13
s 12876 190 107
s 12877 31 18
s 12878 59 33
s 12879 12 9
s 12880 39 17
s 12881 27 15
s 12882 25 16
s 12883 11 4
s 12884 66 31
s 12885 100 59
s 12886 273 159
s 12887 52 26
s 12888 162 104
s 12889 12 5
s 12890 55 29
s 12891 39 27
s 12892 38 18
s 12893 199 101
s 12894 9 5
s 12895 16 10
s 12896 72 33
s 12897 143 84
s 12898 81 40
s 12899 41 20
s 12900 55 26
s 12901 70 33
s 12902 4 2
s 12903 7 3
s 12904 170 106
s 12905 104 58
s 12906 118 63
s 12907 76 54
s 12908 45 24
s 12909 119 61
s 12910 60 32
s 12911 17 11
s 12912 38 23
s 12913 68 38
s 12914 65 35
s 12919 64 36
s 12920 87 51
s 12921 60 36
s 12923 101 52
s 12926 67 35
s 12928 112 54
s 12929 56 25
s 12931 43 19
s 12935 157 83
s 12936 83 45
s 12937 72 37
s 12938 23 13
s 12945 62 35
s 12955 21 14
s 13108 21 10
s 13109 81 35
s 13110 111 56
s 13111 82 47
s 13112 36 17
s 13113 12 6
s 13114 15 11
s 13115 27 16
s 13116 82 36
s 13117 10 3
s 13118 40 20
s 13119 30 15
s 13120 18 5
s 13121 5 1
s 13122 7 5
s 13123 55 27
s 13124 41 23
s 13125 61 30
s 13126 56 29
s 13127 72 34
s 13128 23 14
s 13129 10 5
s 13130 155 71
s 13131 47 24
s 13132 133 66
s 13133 12 8
s 13134 29 11
s 13135 6 4
s 13136 21 11
s 13137 17 9
s 13138 6 4
s 13139 5 0
s 13140 50 27
s 13141 73 39
s 13142 145 63
s 13143 62 37
s 13144 60 36
s 13145 1 1
s 13146 39 19
s 13147 35 24
s 13148 25 13
s 13149 139 54
s 13150 14 7
s 13151 9 5
s 13152 30 11
s 13153 67 29
s 13154 55 26
s 13155 24 8
s 13156 34 17
s 13157 60 27
s 13158 9 2
s 13159 11 6
s 13160 93 47
s 13161 63 30
s 13162 78 40
s 13163 36 16
s 13164 44 19
s 13165 77 23
s 13166 42 31
s 13167 35 20
s 13168 44 18
s 13169 28 13
s 13170 48 24
s 13175 56 26
s 13176 43 22
s 13177 28 13
s 13179 59 28
s 13182 66 38
s 13184 81 44
s 13185 35 18
s 13187 30 12
s 13191 79 42
s 13192 46 20
s 13193 45 23
s 13194 24 9
s 13201 43 16
s 13211 13 3
s 13365 41 22
s 13366 77 43
s 13367 69 46
s 13368 15 7
s 13369 18 10
s 13370 10 7
s 13371 14 6
s 13372 65 42
s 13373 7 4
s 13374 86 55
s 13375 16 9
s 13376 30 9
s 13377 1 1
s 13378 4 2
s 13379 41 21
s 13380 39 22
s 13381 45 25
s 13382 25 11
s 13383 114 76
s 13384 16 5
s 13385 9 4
s 13386 66 33
s 13387 39 26
s 13388 31 19
s 13389 21 10
s 13390 25 14
s 13391 9 4
s 13392 12 9
s 13393 6 2
s 13394 10 7
s 13395 9 3
s 13396 60 31
s 13397 89 38
s 13398 159 80
s 13399 65 33
s 13400 74 44
s 13401 3 1
s 13402 25 14
s 13403 295 184
s 13404 18 10
s 13405 113 62
s 13406 5 3
s 13407 7 4
s 13408 35 20
s 13409 59 31
s 13410 38 15
s 13411 14 8
s 13412 61 32
s 13413 55 26
s 13414 17 9
s 13415 3 2
s 13416 92 55
s 13417 84 39
s 13418 20 12
s 13419 48 28
s 13420 27 17
s 13421 52 19
s 13422 40 20
s 13423 40 24
s 13424 76 39
s 13425 7 3
s 13426 23 13
s 13431 72 40
s 13432 24 12
s 13433 38 25
s 13435 71 36
s 13438 25 11
s 13440 68 32
s 13441 43 23
s 13443 56 34
s 13447 88 46
s 13448 38 19
s 13449 26 10
s 13450 10 5
s 13457 21 12
s 13467 12 6
s 13622 195 75
s 13623 155 81
s 13624 37 16
s 13625 37 19
s 13626 59 25
s 13627 61 24
s 13628 189 99
s 13629 25 10
s 13630 201 114
s 13631 57 22
s 13632 109 46
s 13633 16 9
s 13634 11 5
s 13635 102 49
s 13636 130 66
s 13637 175 75
s 13638 87 31
s 13639 359 171
s 13640 62 29
s 13641 25 10
s 13642 337 152
s 13643 138 60
s 13644 256 119
s 13645 28 11
s 13646 76 37
s 13647 33 15
s 13648 37 19
s 13649 52 26
s 13650 21 12
s 13651 40 17
s 13652 218 86
s 13653 243 94
s 13654 501 245
s 13655 215 99
s 13656 240 122
s 13657 11 6
s 13658 65 31
s 13659 58 29
s 13660 35 17
s 13661 211 98
s 13662 18 4
s 13663 24 14
s 13664 110 47
s 13665 216 109
s 13666 112 47
s 13667 56 23
s 13668 198 89
s 13669 150 63
s 13670 47 25
s 13671 20 10
s 13672 292 136
s 13673 225 100
s 13674 185 95
s 13675 124 55
s 13676 125 45
s 13677 80 31
s 13678 133 66
s 13679 132 55
s 13680 179 91
s 13681 78 34
s 13682 76 28
s 13687 184 87
s 13688 117 50
s 13689 127 57
s 13691 268 123
s 13694 142 68
s 13696 227 101
s 13697 115 53
s 13699 118 52
s 13703 247 105
s 13704 120 52
s 13705 80 31
s 13706 25 9
s 13713 64 27
s 13723 52 23
s 13879 332 182
s 13880 41 20
s 13881 70 34
s 13882 75 37
s 13883 132 66
s 13884 417 227
s 13885 41 23
s 13886 412 246
s 13887 124 58
s 13888 184 88
s 13889 41 27
s 13890 17 10
s 13891 12 5
s 13892 294 158
s 13893 306 152
s 13894 20 10
s 13895 654 351
s 13896 89 48
s 13897 50 23
s 13898 736 422
s 13899 297 171
s 13900 618 379
s 13901 63 33
s 13902 126 65
s 13903 79 34
s 13904 27 16
s 13905 64 33
s 13906 37 18
s 13907 73 28
s 13908 383 191
s 13909 490 244
s 13910 1160 644
s 13911 425 235
s 13912 512 287
s 13913 3 1
s 13914 180 94
s 13915 144 82
s 13916 65 31
s 13917 146 77
s 13918 1 1
s 13919 6 3
s 13920 186 106
s 13921 487 249
s 13922 227 107
s 13923 79 39
s 13924 279 138
s 13925 382 204
s 13926 81 39
s 13927 35 21
s 13928 532 296
s 13929 466 248
s 13930 409 200
s 13931 245 132
s 13932 200 92
s 13933 10 4
s 13934 247 148
s 13935 265 125
s 13936 455 256
s 13937 154 91
s 13938 92 50
s 13943 343 173
s 13944 211 104
s 13945 347 192
s 13947 527 272
s 13950 228 123
s 13952 511 269
s 13953 221 114
s 13955 318 169
s 13959 491 273
s 13960 253 125
s 13961 169 100
s 13962 18 14
s 13969 63 22
s 13979 89 51
s 14136 72 43
s 14137 23 9
s 14138 41 22
s 14139 56 32
s 14140 18 11
s 14141 34 18
s 14142 487 294
s 14143 46 26
s 14144 98 50
s 14145 14 6
s 14146 10 2
s 14147 140 74
s 14148 123 59
s 14149 18 7
s 14150 130 70
s 14151 532 294
s 14152 53 25
s 14153 25 13
s 14154 365 179
s 14155 131 65
s 14156 324 184
s 14157 11 4
s 14158 8 1
s 14159 36 18
s 14160 63 31
s 14161 16 4
s 14162 30 16
s 14163 41 15
s 14164 145 78
s 14165 201 98
s 14166 423 231
s 14167 224 119
s 14168 312 176
s 14169 15 8
s 14170 102 56
s 14171 80 45
s 14172 27 19
s 14173 351 195
s 14174 38 17
s 14175 24 10
s 14176 4 1
s 14177 115 58
s 14178 20 9
s 14179 6 2
s 14180 166 77
s 14181 126 62
s 14182 44 20
s 14183 17 12
s 14184 29 22
s 14185 232 122
s 14186 239 124
s 14187 147 83
s 14188 9 3
s 14189 164 87
s 14190 107 55
s 14191 122 66
s 14192 221 115
s 14193 71 41
s 14194 82 40
s 14199 161 84
s 14200 91 44
s 14201 155 87
s 14203 224 109
s 14206 107 69
s 14208 211 107
s 14209 16 7
s 14211 115 56
s 14215 37 21
s 14216 142 67
s 14217 39 18
s 14218 46 25
s 14225 89 41
s 14235 30 19
s 14393 23 15
s 14394 18 6
s 14395 21 11
s 14396 90 46
s 14397 12 6
s 14398 62 31
s 14399 15 7
s 14400 43 30
s 14401 9 3
s 14402 3 1
s 14403 32 14
s 14404 58 29
s 14405 65 22
s 14406 30 8
s 14407 144 91
s 14408 29 11
s 14409 9 4
s 14410 147 74
s 14411 73 37
s 14412 89 55
s 14413 15 8
s 14414 32 21
s 14415 17 6
s 14416 9 7
s 14417 16 11
s 14418 13 8
s 14419 26 14
s 14420 105 59
s 14421 116 62
s 14422 209 116
s 14423 103 63
s 14424 92 43
s 14425 1 1
s 14426 39 16
s 14427 25 11
s 14428 14 9
s 14429 73 33
s 14430 4 1
s 14431 4 3
s 14432 56 30
s 14433 84 44
s 14434 49 27
s 14435 18 10
s 14436 93 52
s 14437 79 42
s 14438 20 13
s 14439 9 6
s 14440 119 60
s 14441 88 50
s 14442 67 37
s 14443 55 28
s 14444 52 28
s 14445 18 7
s 14446 63 39
s 14447 56 26
s 14448 81 41
s 14449 29 17
s 14450 24 14
s 14455 72 38
s 14456 35 14
s 14457 59 27
s 14459 120 69
s 14462 51 28
s 14464 88 39
s 14465 49 22
s 14467 54 33
s 14471 109 54
s 14472 58 27
s 14473 51 25
s 14474 6 4
s 14481 25 10
s 14491 26 9
s 14650 5 1
s 14651 16 8
s 14652 31 18
s 14653 14 9
s 14654 48 23
s 14655 16 7
s 14656 25 15
s 14657 2 1
s 14658 1 0
s 14659 23 15
s 14660 30 16
s 14661 21 14
s 14662 24 12
s 14663 50 24
s 14664 13 5
s 14665 8 1
s 14666 104 55
s 14667 27 14
s 14668 68 39
s 14669 9 4
s 14670 10 7
s 14671 6 3
s 14672 17 10
s 14673 21 12
s 14674 8 2
s 14675 8 3
s 14676 36 19
s 14677 44 25
s 14678 134 75
s 14679 40 21
s 14680 48 27
s 14681 3 2
s 14682 25 10
s 14683 17 8
s 14684 7 4
s 14685 75 39
s 14686 11 3
s 14687 13 9
s 14688 18 11
s 14689 46 27
s 14690 16 8
s 14691 6 2
s 14692 30 10
s 14693 35 23
s 14694 13 7
s 14695 4 3
s 14696 40 24
s 14697 58 30
s 14698 38 19
s 14699 22 9
s 14700 24 7
s 14701 50 19
s 14702 26 18
s 14703 34 16
s 14704 36 23
s 14705 19 10
s 14706 21 16
s 14711 26 14
s 14712 29 18
s 14713 40 23
s 14715 53 33
s 14718 37 15
s 14720 68 35
s 14721 27 14
s 14723 29 16
s 14727 51 26
s 14728 37 20
s 14729 18 11
s 14730 18 7
s 14737 30 18
s 14747 4 4
s 14907 20 11
s 14908 48 28
s 14909 10 5
s 14910 50 22
s 14911 19 12
s 14912 16 8
s 14913 3 1
s 14914 1 1
s 14915 45 23
s 14916 23 10
s 14917 36 16
s 14918 32 14
s 14919 95 52
s 14920 16 4
s 14921 13 4
s 14922 71 39
s 14923 23 10
s 14924 96 51
s 14925 10 6
s 14926 17 8
s 14927 5 3
s 14928 18 7
s 14929 11 5
s 14930 3 1
s 14931 10 3
s 14932 45 24
s 14933 40 23
s 14934 113 54
s 14935 43 25
s 14936 67 41
s 14937 6 3
s 14938 16 11
s 14939 14 9
s 14940 9 6
s 14941 89 43
s 14942 5 4
s 14943 10 5
s 14944 19 11
s 14945 43 22
s 14946 30 10
s 14947 10 8
s 14948 32 21
s 14949 24 12
s 14950 13 4
s 14952 85 39
s 14953 42 27
s 14954 62 32
s 14955 43 22
s 14956 28 9
s 14957 48 24
s 14958 28 12
s 14959 21 12
s 14960 32 17
s 14961 18 9
s 14962 28 10
s 14967 36 16
s 14968 36 19
s 14969 20 12
s 14971 46 24
s 14974 26 11
s 14976 71 39
s 14977 27 12
s 14979 24 13
s 14983 56 27
s 14984 27 14
s 14985 31 16
s 14986 10 4
s 14993 22 10
s 15003 9 4
s 15164 65 29
s 15165 6 2
s 15166 107 53
s 15167 32 11
s 15168 41 18
s 15169 6 3
s 15170 4 2
s 15171 55 20
s 15172 56 26
s 15173 52 29
s 15174 53 27
s 15175 120 55
s 15176 27 13
s 15177 9 2
s 15178 82 40
s 15179 45 18
s 15180 44 20
s 15181 12 6
s 15182 29 14
s 15183 19 8
s 15184 30 14
s 15185 15 8
s 15186 10 3
s 15187 16 8
s 15188 62 22
s 15189 90 32
s 15190 187 93
s 15191 99 46
s 15192 98 49
s 15193 5 3
s 15194 22 10
s 15195 40 17
s 15196 6 3
s 15197 144 59
s 15198 7 2
s 15199 16 10
s 15200 29 13
s 15201 84 40
s 15202 44 19
s 15203 18 6
s 15204 70 31
s 15205 67 26
s 15206 13 4
s 15207 9 6
s 15208 82 42
s 15209 108 60
s 15210 33 14
s 15211 44 22
s 15212 36 17
s 15213 77 26
s 15214 43 18
s 15215 68 32
s 15216 84 45
s 15217 14 7
s 15218 39 15
s 15223 67 30
s 15224 19 8
s 15225 62 30
s 15227 122 52
s 15230 22 12
s 15232 73 38
s 15233 34 15
s 15235 75 38
s 15239 80 34
s 15240 37 16
s 15241 27 14
s 15242 12 3
s 15249 35 13
s 15259 15 5
s 15421 30 21
s 15422 235 129
s 15423 88 35
s 15424 173 81
s 15425 17 7
s 15426 8 7
s 15427 196 118
s 15428 173 91
s 15429 26 9
s 15430 134 63
s 15431 363 210
s 15432 84 35
s 15433 42 21
s 15434 482 269
s 15435 194 82
s 15436 405 231
s 15437 10 6
s 15438 11 7
s 15439 59 32
s 15440 90 39
s 15441 19 11
s 15442 40 22
s 15443 51 29
s 15444 216 112
s 15445 261 129
s 15446 661 345
s 15447 254 136
s 15448 278 157
s 15449 11 7
s 15450 123 66
s 15451 166 102
s 15452 33 18
s 15453 353 200
s 15454 32 21
s 15455 39 22
s 15456 14 6
s 15457 137 73
s 15458 25 12
s 15459 8 0
s 15460 183 97
s 15461 210 109
s 15462 38 22
s 15463 18 16
s 15464 33 15
s 15465 312 175
s 15466 249 123
s 15467 164 88
s 15468 10 5
s 15469 197 95
s 15470 76 43
s 15471 162 87
s 15472 303 171
s 15473 99 59
s 15474 105 44
s 15479 245 132
s 15480 114 65
s 15481 234 127
s 15483 357 189
s 15486 126 65
s 15488 237 125
s 15489 13 7
s 15491 194 93
s 15495 32 18
s 15496 143 76
s 15497 37 19
s 15498 57 24
s 15505 87 43
s 15515 29 17
s 15678 43 24
s 15679 17 6
s 15680 23 18
s 15681 2 1
s 15682 1 0
s 15683 23 10
s 15684 27 12
s 15685 17 9
s 15686 19 11
s 15687 59 38
s 15688 10 5
s 15689 9 4
s 15690 45 25
s 15691 21 11
s 15692 35 17
s 15693 6 4
s 15694 13 9
s 15695 6 1
s 15696 6 2
s 15697 13 8
s 15698 1 0
s 15699 11 7
s 15700 45 24
s 15701 58 33
s 15702 104 54
s 15703 50 26
s 15704 40 26
s 15705 4 4
s 15706 18 9
s 15707 20 12
s 15708 6 4
s 15709 39 18
s 15710 4 2
s 15711 8 6
s 15712 16 10
s 15713 42 15
s 15714 16 8
s 15715 9 5
s 15716 42 19
s 15717 36 18
s 15718 8 5
s 15719 5 4
s 15720 53 26
s 15721 68 36
s 15722 18 7
s 15723 28 15
s 15724 15 9
s 15725 33 16
s 15726 31 18
s 15727 25 12
s 15728 44 25
s 15729 7 2
s 15730 10 4
s 15735 42 23
s 15736 13 9
s 15737 36 22
s 15739 49 25
s 15742 9 4
s 15744 39 19
s 15745 13 7
s 15747 42 23
s 15751 48 33
s 15752 27 15
s 15753 19 10
s 15754 14 9
s 15761 20 13
s 15771 8 5
s 15935 51 18
s 15936 107 52
s 15937 29 13
s 15938 7 4
s 15939 224 126
s 15940 112 59
s 15941 192 116
s 15942 157 97
s 15943 127 60
s 15944 51 25
s 15945 27 10
s 15946 460 276
s 15947 121 66
s 15948 400 236
s 15949 42 20
s 15950 89 56
s 15951 24 10
s 15952 76 37
s 15953 42 24
s 15954 40 22
s 15955 50 25
s 15956 119 72
s 15957 181 95
s 15958 333 207
s 15959 242 146
s 15960 140 82
s 15961 15 7
s 15962 105 58
s 15963 90 60
s 15964 61 36
s 15965 375 199
s 15966 36 16
s 15967 35 16
s 15968 112 60
s 15969 215 122
s 15970 144 66
s 15971 53 28
s 15972 87 42
s 15973 139 74
s 15974 35 22
s 15975 16 12
s 15976 293 177
s 15977 167 94
s 15978 261 152
s 15979 106 61
s 15980 115 64
s 15981 195 103
s 15982 108 60
s 15983 128 69
s 15984 250 150
s 15985 99 60
s 15986 102 56
s 15991 133 81
s 15992 136 67
s 15993 124 82
s 15995 159 87
s 15998 136 75
s 16000 200 105
s 16001 108 62
s 16003 114 64
s 16007 328 203
s 16008 140 79
s 16009 110 63
s 16010 57 28
s 16017 116 61
s 16027 46 29
s 16192 40 19
s 16193 12 3
s 16194 5 2
s 16195 38 22
s 16196 53 28
s 16197 55 25
s 16198 47 22
s 16199 113 48
s 16200 23 9
s 16201 22 9
s 16202 195 100
s 16203 53 25
s 16204 133 75
s 16205 12 4
s 16206 31 16
s 16207 14 7
s 16208 14 7
s 16209 23 12
s 16210 8 7
s 16211 13 6
s 16212 80 40
s 16213 109 50
s 16214 200 95
s 16215 90 44
s 16216 88 38
s 16217 4 2
s 16218 22 7
s 16219 36 19
s 16220 9 6
s 16221 110 49
s 16222 14 8
s 16223 9 2
s 16224 50 20
s 16225 101 43
s 16226 44 20
s 16227 22 8
s 16228 55 27
s 16229 58 25
s 16230 19 6
s 16231 7 3
s 16232 118 56
s 16233 74 23
s 16234 98 39
s 16235 45 16
s 16236 40 16
s 16237 67 24
s 16238 46 30
s 16239 56 34
s 16240 76 32
s 16241 34 11
s 16242 30 20
s 16247 63 25
s 16248 56 23
s 16249 48 25
s 16251 78 38
s 16254 53 30
s 16256 89 41
s 16257 44 12
s 16259 51 24
s 16263 121 59
s 16264 52 25
s 16265 37 18
s 16266 15 7
s 16273 27 9
s 16283 18 7
s 16449 11 7
s 16450 4 2
s 16451 109 52
s 16452 33 15
s 16453 85 34
s 16454 109 51
s 16455 169 94
s 16456 39 23
s 16457 28 15
s 16458 291 141
s 16459 64 29
s 16460 180 94
s 16461 17 8
s 16462 48 23
s 16463 9 5
s 16464 43 21
s 16465 28 12
s 16466 25 13
s 16467 16 4
s 16468 77 33
s 16469 132 51
s 16470 257 127
s 16471 48 20
s 16472 131 69
s 16473 6 1
s 16474 50 30
s 16475 52 18
s 16476 27 13
s 16477 201 105
s 16478 19 9
s 16479 19 8
s 16480 64 29
s 16481 169 83
s 16482 77 37
s 16483 33 14
s 16484 93 49
s 16485 82 36
s 16486 15 5
s 16487 11 8
s 16488 179 93
s 16489 103 48
s 16490 108 49
s 16491 75 39
s 16492 65 26
s 16493 114 38
s 16494 77 40
s 16495 35 19
s 16496 43 22
s 16497 54 30
s 16498 62 23
s 16503 57 28
s 16504 67 28
s 16505 49 18
s 16507 111 52
s 16510 80 41
s 16512 113 45
s 16513 89 38
s 16515 36 12
s 16519 154 66
s 16520 72 28
s 16521 59 29
s 16522 24 10
s 16529 53 16
s 16539 21 8
s 16706 2 2
s 16707 14 5
s 16708 10 2
s 16709 10 6
s 16710 17 8
s 16711 29 13
s 16712 7 3
s 16713 3 3
s 16714 27 14
s 16715 10 4
s 16716 15 9
s 16717 5 2
s 16718 3 1
s 16719 3 1
s 16720 7 5
s 16721 2 2
s 16722 4 1
s 16723 3 2
s 16724 23 12
s 16725 29 14
s 16726 40 17
s 16727 21 7
s 16728 30 16
s 16729 1 0
s 16730 10 5
s 16731 8 4
s 16732 2 1
s 16733 31 13
s 16734 2 0
s 16735 1 0
s 16736 8 2
s 16737 15 7
s 16738 7 2
s 16739 3 0
s 16740 19 6
s 16741 21 12
s 16742 3 2
s 16743 1 0
s 16744 21 8
s 16745 19 5
s 16746 12 3
s 16747 7 3
s 16748 5 2
s 16749 18 10
s 16750 15 9
s 16751 15 6
s 16752 21 14
s 16753 6 2
s 16754 8 6
s 16759 16 8
s 16760 13 8
s 16761 26 14
s 16763 16 7
s 16766 11 5
s 16768 22 11
s 16769 4 4
s 16771 14 6
s 16775 21 13
s 16776 16 7
s 16777 10 3
s 16778 3 3
s 16785 9 4
s 16795 3 2
s 16963 11 5
s 16964 3 2
s 16965 13 5
s 16966 7 3
s 16967 17 12
s 16968 2 1
s 16969 1 0
s 16970 23 18
s 16971 2 1
s 16972 15 9
s 16973 3 2
s 16974 5 4
s 16976 5 2
s 16977 2 0
s 16978 5 3
s 16980 6 4
s 16981 9 2
s 16982 18 10
s 16983 5 2
s 16984 13 7
s 16986 3 1
s 16987 5 3
s 16988 2 1
s 16989 11 9
s 16990 1 1
s 16991 3 2
s 16992 7 3
s 16993 13 10
s 16994 6 3
s 16995 4 2
s 16996 5 4
s 16997 4 2
s 16998 1 1
s 17000 15 11
s 17001 11 7
s 17002 13 10
s 17003 8 6
s 17004 1 1
s 17005 11 6
s 17006 4 3
s 17008 2 2
s 17009 4 2
s 17010 5 4
s 17015 6 4
s 17016 10 4
s 17017 2 0
s 17019 9 4
s 17022 8 4
s 17024 8 3
s 17025 3 1
s 17027 6 1
s 17031 12 6
s 17032 5 4
s 17033 3 1
s 17034 2 1
s 17041 6 3
s 17051 1 1
s 17220 149 75
s 17221 134 64
s 17222 8 5
s 17223 300 173
s 17224 60 28
s 17225 19 6
s 17226 412 227
s 17227 150 72
s 17228 287 169
s 17229 30 18
s 17230 58 35
s 17231 54 22
s 17232 12 7
s 17233 28 17
s 17234 18 12
s 17235 42 16
s 17236 166 81
s 17237 242 136
s 17238 484 272
s 17239 214 121
s 17240 263 139
s 17241 2 1
s 17242 94 52
s 17243 43 21
s 17244 26 17
s 17245 63 40
s 17247 4 0
s 17248 83 47
s 17249 207 106
s 17250 100 40
s 17251 33 13
s 17252 119 60
s 17253 165 86
s 17254 36 20
s 17255 18 9
s 17256 269 147
s 17257 225 124
s 17258 197 95
s 17259 99 49
s 17260 95 45
s 17261 5 3
s 17262 143 84
s 17263 143 78
s 17264 188 110
s 17265 74 44
s 17266 45 19
s 17271 178 89
s 17272 123 54
s 17273 166 92
s 17275 225 103
s 17278 116 60
s 17280 236 120
s 17281 96 42
s 17283 114 59
s 17287 257 134
s 17288 128 64
s 17289 98 52
s 17290 9 2
s 17297 35 9
s 17307 40 23
s 17477 121 52
s 17478 123 58
s 17479 247 129
s 17480 48 22
s 17481 32 16
s 17482 369 199
s 17483 48 25
s 17484 250 135
s 17485 28 14
s 17486 62 30
s 17487 14 10
s 17488 60 26
s 17489 56 20
s 17490 29 14
s 17491 23 11
s 17492 121 63
s 17493 159 79
s 17494 313 140
s 17495 78 38
s 17496 173 89
s 17497 9 3
s 17498 70 28
s 17499 55 24
s 17500 35 20
s 17501 297 140
s 17502 23 12
s 17503 32 20
s 17504 98 52
s 17505 204 87
s 17506 107 48
s 17507 45 18
s 17508 90 44
s 17509 86 40
s 17510 23 12
s 17511 15 7
s 17512 233 131
s 17513 128 69
s 17514 177 96
s 17515 97 52
s 17516 79 41
s 17517 142 70
s 17518 78 39
s 17519 52 25
s 17520 55 25
s 17521 71 38
s 17522 79 37
s 17527 102 47
s 17528 104 56
s 17529 77 39
s 17531 148 73
s 17534 108 51
s 17536 179 87
s 17537 110 41
s 17539 51 24
s 17543 202 106
s 17544 117 58
s 17545 95 42
s 17546 37 15
s 17553 70 30
s 17563 34 16
s 17734 116 52
s 17735 249 130
s 17736 42 18
s 17737 29 11
s 17738 343 161
s 17739 120 63
s 17740 287 153
s 17741 13 5
s 17742 2 2
s 17743 35 12
s 17744 55 25
s 17745 14 11
s 17746 27 13
s 17747 32 14
s 17748 133 55
s 17749 181 86
s 17750 518 275
s 17751 219 125
s 17752 214 106
s 17753 12 5
s 17754 70 33
s 17755 68 39
s 17756 22 11
s 17757 282 127
s 17758 29 14
s 17759 28 15
s 17760 9 5
s 17761 108 51
s 17762 18 5
s 17763 7 6
s 17764 125 51
s 17765 168 77
s 17766 36 12
s 17767 19 5
s 17768 34 20
s 17769 242 129
s 17770 201 97
s 17771 108 56
s 17772 8 2
s 17773 175 69
s 17774 90 41
s 17775 111 47
s 17776 189 84
s 17777 73 47
s 17778 75 35
s 17783 169 88
s 17784 75 28
s 17785 251 134
s 17787 237 109
s 17790 98 50
s 17792 212 100
s 17793 16 6
s 17795 111 51
s 17799 45 23
s 17800 93 40
s 17801 35 19
s 17802 48 24
s 17809 68 27
s 17819 24 14
s 17991 265 137
s 17992 49 23
s 17993 29 11
s 17994 390 199
s 17995 101 53
s 17996 243 125
s 17997 44 28
s 17998 82 43
s 17999 30 15
s 18000 17 7
s 18001 28 13
s 18002 22 7
s 18003 24 15
s 18004 164 74
s 18005 213 100
s 18006 458 236
s 18007 231 120
s 18008 219 120
s 18009 1 1
s 18010 80 50
s 18011 63 38
s 18012 38 17
s 18013 70 32
s 18014 6 3
s 18015 4 2
s 18016 92 45
s 18017 223 89
s 18018 94 40
s 18019 44 23
s 18020 153 85
s 18021 169 78
s 18022 45 22
s 18023 11 6
s 18024 225 137
s 18025 219 110
s 18026 177 91
s 18027 128 67
s 18028 79 41
s 18029 12 5
s 18030 132 70
s 18031 136 80
s 18032 184 107
s 18033 64 35
s 18034 46 26
s 18039 137 71
s 18040 93 49
s 18041 144 82
s 18043 216 104
s 18046 103 60
s 18048 250 114
s 18049 110 50
s 18051 122 56
s 18055 235 118
s 18056 123 53
s 18057 72 32
s 18058 18 8
s 18065 27 15
s 18075 42 23
s 18248 94 47
s 18249 62 29
s 18250 765 418
s 18251 247 135
s 18252 594 358
s 18253 58 31
s 18254 121 75
s 18255 54 23
s 18256 118 54
s 18257 67 33
s 18258 68 36
s 18259 59 27
s 18260 257 122
s 18261 367 197
s 18262 636 325
s 18263 427 234
s 18264 240 128
s 18265 26 13
s 18266 184 109
s 18267 217 112
s 18268 82 47
s 18269 603 319
s 18270 60 36
s 18271 70 35
s 18272 166 79
s 18273 324 159
s 18274 204 107
s 18275 86 34
s 18276 194 107
s 18277 231 122
s 18278 61 36
s 18279 20 11
s 18280 423 234
s 18281 322 159
s 18282 374 201
s 18283 182 100
s 18284 144 75
s 18285 322 154
s 18286 224 123
s 18287 252 140
s 18288 338 201
s 18289 165 86
s 18290 164 84
s 18295 182 100
s 18296 213 112
s 18297 238 136
s 18299 308 136
s 18302 233 114
s 18304 408 207
s 18305 179 91
s 18307 216 118
s 18311 449 264
s 18312 200 110
s 18313 144 82
s 18314 78 36
s 18321 190 98
s 18331 73 40
s 18505 6 2
s 18506 153 75
s 18507 33 15
s 18508 136 64
s 18509 17 7
s 18510 32 17
s 18511 11 5
s 18512 20 8
s 18513 20 10
s 18514 12 5
s 18515 14 8
s 18516 55 28
s 18517 90 33
s 18518 172 80
s 18519 72 39
s 18520 78 48
s 18521 2 1
s 18522 34 14
s 18523 55 23
s 18524 17 9
s 18525 106 48
s 18526 9 4
s 18527 4 3
s 18528 37 15
s 18529 97 43
s 18530 46 22
s 18531 13 6
s 18532 68 30
s 18533 49 22
s 18534 15 11
s 18535 11 4
s 18536 112 48
s 18537 77 32
s 18538 92 40
s 18539 45 16
s 18540 46 22
s 18541 40 19
s 18542 40 21
s 18543 37 18
s 18544 58 27
s 18545 33 12
s 18546 26 13
s 18551 42 19
s 18552 63 30
s 18553 43 18
s 18555 69 33
s 18558 66 27
s 18560 89 37
s 18561 51 24
s 18563 40 17
s 18567 90 49
s 18568 52 21
s 18569 37 20
s 18570 13 6
s 18577 24 9
s 18587 19 9
s 18762 73 26
s 18763 28 12
s 18764 50 16
s 18765 7 5
s 18766 7 5
s 18767 12 8
s 18768 15 4
s 18769 12 7
s 18770 10 5
s 18771 11 5
s 18772 44 24
s 18773 42 19
s 18774 112 49
s 18775 38 21
s 18776 41 18
s 18777 2 0
s 18778 20 11
s 18779 20 11
s 18780 7 4
s 18781 60 20
s 18782 5 1
s 18783 2 0
s 18784 18 9
s 18785 35 16
s 18786 19 12
s 18787 10 6
s 18788 29 12
s 18789 40 13
s 18790 16 6
s 18791 1 1
s 18792 48 22
s 18793 51 26
s 18794 41 17
s 18795 21 9
s 18796 15 5
s 18797 25 11
s 18798 33 15
s 18799 25 9
s 18800 29 11
s 18801 12 5
s 18802 19 7
s 18807 32 16
s 18808 29 13
s 18809 20 9
s 18811 59 30
s 18814 18 9
s 18816 46 20
s 18817 16 10
s 18819 24 8
s 18823 47 25
s 18824 29 12
s 18825 28 13
s 18826 6 2
s 18833 20 12
s 18843 9 2
s 19019 334 191
s 19020 184 95
s 19021 69 40
s 19022 179 99
s 19023 109 47
s 19024 137 71
s 19025 122 60
s 19026 31 20
s 19027 132 70
s 19028 438 210
s 19029 730 374
s 19030 1187 631
s 19031 526 288
s 19032 545 282
s 19033 43 28
s 19034 108 55
s 19035 199 106
s 19036 70 41
s 19037 740 381
s 19038 72 39
s 19039 80 38
s 19040 262 121
s 19041 591 307
s 19042 281 135
s 19043 123 56
s 19044 411 208
s 19045 383 187
s 19046 128 60
s 19047 41 23
s 19048 809 459
s 19049 584 315
s 19050 124 63
s 19051 219 116
s 19052 248 118
s 19053 473 227
s 19054 304 180
s 19055 354 177
s 19056 505 269
s 19057 79 43
s 19058 155 76
s 19063 403 222
s 19064 124 56
s 19065 385 208
s 19067 586 290
s 19070 89 48
s 19072 495 253
s 19073 303 151
s 19075 368 178
s 19079 617 344
s 19080 275 141
s 19081 193 96
s 19082 106 44
s 19089 173 78
s 19099 130 62
s 19276 237 127
s 19277 22 10
s 19278 73 40
s 19279 21 7
s 19280 54 31
s 19281 38 20
s 19282 17 10
s 19283 20 9
s 19284 122 54
s 19285 176 74
s 19286 296 152
s 19287 94 44
s 19288 166 98
s 19289 14 8
s 19290 71 29
s 19291 48 23
s 19292 26 15
s 19293 289 155
s 19294 32 18
s 19295 36 16
s 19296 112 51
s 19297 188 96
s 19298 101 51
s 19299 31 16
s 19300 106 58
s 19301 95 44
s 19302 25 12
s 19303 12 6
s 19304 224 121
s 19305 117 54
s 19306 162 88
s 19307 96 53
s 19308 86 35
s 19309 142 69
s 19310 76 32
s 19311 65 34
s 19312 92 48
s 19313 58 32
s 19314 74 26
s 19319 95 41
s 19320 100 56
s 19321 77 34
s 19323 130 55
s 19326 93 45
s 19328 167 90
s 19329 92 43
s 19331 59 25
s 19335 234 120
s 19336 108 54
s 19337 70 34
s 19338 45 18
s 19345 59 21
s 19355 23 15
s 19533 60 31
s 19534 165 89
s 19535 78 30
s 19536 65 38
s 19537 75 48
s 19538 26 14
s 19539 96 53
s 19540 332 175
s 19541 535 266
s 19542 973 532
s 19543 466 261
s 19544 478 276
s 19545 28 14
s 19546 65 30
s 19547 164 91
s 19548 66 37
s 19549 511 275
s 19550 45 26
s 19551 51 33
s 19552 197 106
s 19553 369 218
s 19554 176 92
s 19555 87 40
s 19556 257 145
s 19557 297 156
s 19558 108 62
s 19559 46 26
s 19560 459 269
s 19561 494 268
s 19562 37 18
s 19563 133 75
s 19564 209 111
s 19565 314 139
s 19566 214 130
s 19567 251 129
s 19568 409 222
s 19569 20 11
s 19570 108 51
s 19575 393 213
s 19576 67 30
s 19577 304 165
s 19579 513 276
s 19582 38 15
s 19584 311 155
s 19585 152 68
s 19587 294 154
s 19591 472 267
s 19592 163 81
s 19593 132 71
s 19594 77 39
s 19601 129 65
s 19611 88 50
s 19790 2 1
s 19791 6 4
s 19792 11 6
s 19793 2 1
s 19794 5 2
s 19795 6 4
s 19796 33 15
s 19797 47 25
s 19798 105 55
s 19799 46 23
s 19800 39 16
s 19801 3 1
s 19802 19 9
s 19803 23 12
s 19804 7 2
s 19805 48 22
s 19806 5 2
s 19807 6 2
s 19808 4 4
s 19809 33 19
s 19810 6 2
s 19811 2 0
s 19812 38 21
s 19813 45 18
s 19814 17 7
s 19815 8 4
s 19816 10 4
s 19817 59 37
s 19818 38 21
s 19819 28 13
s 19820 6 1
s 19821 37 15
s 19822 18 11
s 19823 31 16
s 19824 52 24
s 19825 16 10
s 19826 20 11
s 19831 44 21
s 19832 24 14
s 19833 34 21
s 19835 55 31
s 19838 23 11
s 19840 42 20
s 19841 4 2
s 19843 39 19
s 19847 12 4
s 19848 27 13
s 19849 14 6
s 19850 7 4
s 19857 22 9
s 19867 9 4
s 20047 18 8
s 20048 26 15
s 20049 9 6
s 20050 11 7
s 20051 13 8
s 20052 82 40
s 20053 110 54
s 20054 230 115
s 20055 85 49
s 20056 100 58
s 20057 7 4
s 20058 57 33
s 20059 44 20
s 20060 10 5
s 20061 145 78
s 20062 14 10
s 20063 13 8
s 20064 4 0
s 20065 53 25
s 20066 7 5
s 20067 3 3
s 20068 62 32
s 20069 88 47
s 20070 13 6
s 20071 4 3
s 20072 18 7
s 20073 118 60
s 20074 91 56
s 20075 46 30
s 20076 4 2
s 20077 86 41
s 20078 69 38
s 20079 85 42
s 20080 118 73
s 20081 39 26
s 20082 36 17
s 20087 98 53
s 20088 46 21
s 20089 86 45
s 20091 151 79
s 20094 55 24
s 20096 108 54
s 20097 4 1
s 20099 92 52
s 20103 18 10
s 20104 65 30
s 20105 11 8
s 20106 15 5
s 20113 43 27
s 20123 10 6
s 20304 13 7
s 20305 10 5
s 20306 7 4
s 20307 8 2
s 20308 29 14
s 20309 54 16
s 20310 98 39
s 20311 26 12
s 20312 39 20
s 20313 3 1
s 20314 31 16
s 20315 15 8
s 20316 4 2
s 20317 63 22
s 20318 12 6
s 20319 7 3
s 20320 34 18
s 20321 51 23
s 20322 23 9
s 20323 14 5
s 20324 28 11
s 20325 31 11
s 20326 8 5
s 20328 67 26
s 20329 37 16
s 20330 45 24
s 20331 30 16
s 20332 36 16
s 20333 47 24
s 20334 27 16
s 20335 13 5
s 20336 27 13
s 20337 19 9
s 20338 21 4
s 20343 19 11
s 20344 38 15
s 20345 27 13
s 20347 41 9
s 20350 38 13
s 20352 49 20
s 20353 28 12
s 20355 17 6
s 20359 61 28
s 20360 34 12
s 20361 21 9
s 20362 10 5
s 20369 34 15
s 20379 15 9
s 20561 15 3
s 20562 8 5
s 20563 14 6
s 20564 79 40
s 20565 87 41
s 20566 191 90
s 20567 82 46
s 20568 99 57
s 20569 2 2
s 20570 35 16
s 20571 33 18
s 20572 7 5
s 20573 39 23
s 20574 1 0
s 20575 3 1
s 20576 50 15
s 20577 78 35
s 20578 37 18
s 20579 14 10
s 20580 85 40
s 20581 59 30
s 20582 18 11
s 20583 2 1
s 20584 86 40
s 20585 137 72
s 20586 60 28
s 20587 41 19
s 20588 33 14
s 20589 16 9
s 20590 48 33
s 20591 56 24
s 20592 78 42
s 20593 17 10
s 20594 19 8
s 20599 73 36
s 20600 42 20
s 20601 69 33
s 20603 108 46
s 20606 41 22
s 20608 88 40
s 20609 25 18
s 20611 52 21
s 20615 81 44
s 20616 38 20
s 20617 35 13
s 20618 10 4
s 20625 24 7
s 20635 10 4
s 20818 5 3
s 20819 13 5
s 20820 44 15
s 20821 60 32
s 20822 149 69
s 20823 74 41
s 20824 68 39
s 20826 22 7
s 20827 33 16
s 20828 12 6
s 20829 59 29
s 20830 8 1
s 20831 2 2
s 20832 13 7
s 20833 47 30
s 20834 18 11
s 20835 2 2
s 20836 47 17
s 20837 43 24
s 20838 7 3
s 20839 3 3
s 20840 30 12
s 20841 71 35
s 20842 52 26
s 20843 32 20
s 20844 16 7
s 20845 28 17
s 20846 35 14
s 20847 22 13
s 20848 62 31
s 20849 21 15
s 20850 13 9
s 20855 57 34
s 20856 34 16
s 20857 55 33
s 20859 64 33
s 20862 20 10
s 20864 73 34
s 20865 13 7
s 20867 36 17
s 20871 35 17
s 20872 26 13
s 20873 11 6
s 20874 11 4
s 20881 19 9
s 20891 4 2
s 21075 6 5
s 21076 29 13
s 21077 45 24
s 21078 92 50
s 21079 40 23
s 21080 37 20
s 21081 1 0
s 21082 11 1
s 21083 13 3
s 21084 4 2
s 21085 39 18
s 21087 4 1
s 21088 16 6
s 21089 28 12
s 21090 17 12
s 21091 5 3
s 21092 24 15
s 21093 25 13
s 21094 7 4
s 21095 2 1
s 21096 55 26
s 21097 50 26
s 21098 12 8
s 21099 11 10
s 21100 18 12
s 21101 27 12
s 21102 19 10
s 21103 27 12
s 21104 43 25
s 21105 6 2
s 21106 11 5
s 21111 35 22
s 21112 9 4
s 21113 30 14
s 21115 47 27
s 21118 7 6
s 21120 36 19
s 21121 27 10
s 21123 21 7
s 21127 44 27
s 21128 11 7
s 21129 10 8
s 21130 4 1
s 21137 11 6
s 21147 10 7
s 21332 29 13
s 21333 53 27
s 21334 104 45
s 21335 18 8
s 21336 36 21
s 21337 4 1
s 21338 19 9
s 21339 11 3
s 21340 14 6
s 21341 83 33
s 21342 6 3
s 21343 9 5
s 21344 32 12
s 21345 69 32
s 21346 20 10
s 21347 18 10
s 21348 28 14
s 21349 42 19
s 21350 10 7
s 21351 2 1
s 21352 84 36
s 21353 43 25
s 21354 56 25
s 21355 32 17
s 21356 17 5
s 21357 48 21
s 21358 33 12
s 21359 12 5
s 21360 31 15
s 21361 24 16
s 21362 30 9
s 21367 30 13
s 21368 29 12
s 21369 17 11
s 21371 45 23
s 21374 31 11
s 21376 48 14
s 21377 31 13
s 21379 21 12
s 21383 77 36
s 21384 38 21
s 21385 28 12
s 21386 8 2
s 21393 34 17
s 21403 13 6
s 21589 210 97
s 21590 502 241
s 21591 155 67
s 21592 227 120
s 21593 13 9
s 21594 97 49
s 21595 71 27
s 21596 42 20
s 21597 378 171
s 21598 36 16
s 21599 44 22
s 21600 100 47
s 21601 244 120
s 21602 119 51
s 21603 54 21
s 21604 134 69
s 21605 173 81
s 21606 38 14
s 21607 12 6
s 21608 329 162
s 21609 240 118
s 21610 200 86
s 21611 127 62
s 21612 132 53
s 21613 206 79
s 21614 138 73
s 21615 102 53
s 21616 142 71
s 21617 102 47
s 21618 99 45
s 21623 155 80
s 21624 123 46
s 21625 137 61
s 21627 209 102
s 21630 136 62
s 21632 260 123
s 21633 104 41
s 21635 102 50
s 21639 260 140
s 21640 132 54
s 21641 98 40
s 21642 60 29
s 21649 104 49
s 21659 40 20
s 21846 770 360
s 21847 240 116
s 21848 315 154
s 21849 19 9
s 21850 203 100
s 21851 132 63
s 21852 62 35
s 21853 503 228
s 21854 63 27
s 21855 56 30
s 21856 122 63
s 21857 330 163
s 21858 148 62
s 21859 58 24
s 21860 208 91
s 21861 212 98
s 21862 35 13
s 21863 25 14
s 21864 351 169
s 21865 343 168
s 21866 347 152
s 21867 204 94
s 21868 128 55
s 21869 287 110
s 21870 193 101
s 21871 144 65
s 21872 199 106
s 21873 146 76
s 21874 114 47
s 21879 254 126
s 21880 188 77
s 21881 184 94
s 21883 313 155
s 21886 225 123
s 21888 335 156
s 21889 136 61
s 21891 150 69
s 21895 342 179
s 21896 183 87
s 21897 151 79
s 21898 80 37
s 21905 145 52
s 21915 58 20
s 22103 515 258
s 22104 537 281
s 22105 47 24
s 22106 248 124
s 22107 226 109
s 22108 107 65
s 22109 1010 504
s 22110 95 47
s 22111 107 54
s 22112 339 162
s 22113 781 396
s 22114 391 213
s 22115 160 74
s 22116 387 181
s 22117 337 169
s 22118 158 76
s 22119 74 44
s 22120 858 450
s 22121 488 249
s 22122 576 272
s 22123 340 171
s 22124 421 213
s 22125 578 273
s 22126 331 182
s 22127 338 171
s 22128 513 257
s 22129 254 152
s 22130 315 152
s 22135 343 184
s 22136 381 181
s 22137 325 187
s 22139 415 201
s 22142 392 186
s 22144 596 287
s 22145 374 189
s 22147 330 157
s 22151 855 465
s 22152 389 194
s 22153 322 143
s 22154 134 67
s 22161 269 137
s 22171 135 64
s 22360 282 147
s 22361 16 6
s 22362 115 61
s 22363 74 37
s 22364 39 26
s 22365 502 256
s 22366 39 19
s 22367 55 22
s 22368 164 83
s 22369 308 162
s 22370 149 72
s 22371 81 45
s 22372 159 82
s 22373 182 77
s 22374 40 23
s 22375 11 4
s 22376 337 161
s 22377 196 96
s 22378 301 143
s 22379 157 69
s 22380 129 60
s 22381 277 138
s 22382 161 78
s 22383 57 25
s 22384 94 33
s 22385 99 57
s 22386 134 72
s 22391 144 72
s 22392 173 84
s 22393 75 41
s 22395 189 90
s 22398 169 85
s 22400 291 146
s 22401 165 76
s 22403 69 32
s 22407 391 205
s 22408 155 79
s 22409 124 52
s 22410 40 18
s 22417 124 60
s 22427 56 29
s 22617 24 12
s 22618 128 69
s 22619 123 60
s 22620 42 24
s 22621 496 277
s 22622 46 25
s 22623 57 29
s 22624 145 72
s 22625 286 151
s 22626 158 68
s 22627 73 38
s 22628 133 64
s 22629 180 86
s 22630 58 31
s 22631 31 20
s 22632 417 233
s 22633 221 115
s 22634 290 159
s 22635 129 72
s 22636 149 82
s 22637 279 143
s 22638 153 88
s 22639 169 90
s 22640 266 142
s 22641 104 62
s 22642 149 76
s 22647 194 109
s 22648 153 79
s 22649 199 106
s 22651 237 128
s 22654 154 81
s 22656 324 157
s 22657 154 73
s 22659 168 96
s 22663 377 213
s 22664 143 74
s 22665 138 72
s 22666 66 39
s 22673 128 64
s 22683 56 23
s 22874 4 2
s 22875 5 4
s 22876 6 5
s 22877 10 7
s 22880 5 1
s 22881 13 6
s 22882 11 5
s 22883 1 0
s 22884 10 6
s 22885 19 13
s 22886 2 0
s 22887 2 1
s 22888 19 8
s 22889 25 15
s 22890 22 8
s 22891 13 10
s 22892 8 5
s 22893 3 2
s 22894 11 5
s 22895 14 7
s 22896 17 13
s 22897 7 5
s 22898 5 3
s 22903 21 14
s 22904 11 5
s 22905 10 5
s 22907 24 17
s 22910 6 1
s 22912 14 5
s 22913 7 5
s 22915 8 6
s 22919 24 16
s 22920 12 6
s 22921 15 9
s 22929 4 2
s 22939 5 3
s 23131 55 32
s 23132 21 13
s 23133 176 99
s 23134 26 11
s 23135 22 9
s 23136 55 25
s 23137 129 76
s 23138 67 40
s 23139 30 13
s 23140 98 53
s 23141 87 39
s 23142 27 12
s 23143 9 6
s 23144 145 74
s 23145 150 75
s 23146 70 43
s 23147 51 25
s 23148 58 28
s 23149 135 63
s 23150 69 40
s 23151 66 41
s 23152 139 86
s 23153 20 11
s 23154 38 19
s 23159 83 41
s 23160 43 24
s 23161 91 52
s 23163 121 50
s 23166 26 10
s 23168 100 49
s 23169 62 33
s 23171 91 44
s 23175 150 88
s 23176 68 41
s 23177 49 22
s 23178 23 10
s 23185 48 27
s 23195 38 24
s 23388 18 12
s 23389 210 116
s 23390 13 5
s 23391 12 6
s 23392 53 22
s 23393 109 60
s 23394 79 40
s 23395 32 15
s 23396 85 47
s 23397 101 52
s 23398 24 16
s 23399 6 5
s 23400 155 73
s 23401 147 83
s 23402 92 46
s 23403 61 35
s 23404 46 27
s 23405 80 38
s 23406 60 37
s 23407 49 27
s 23408 82 46
s 23409 35 22
s 23410 40 25
s 23415 105 64
s 23416 60 35
s 23417 65 34
s 23419 128 66
s 23422 50 25
s 23424 123 63
s 23425 56 23
s 23427 65 31
s 23431 141 80
s 23432 131 73
s 23433 56 32
s 23434 51 26
s 23441 49 24
s 23451 46 26
s 23645 76 48
s 23646 9 6
s 23647 3 1
s 23648 14 9
s 23649 39 15
s 23650 12 7
s 23651 4 3
s 23652 41 19
s 23653 25 17
s 23654 7 5
s 23655 5 1
s 23656 34 17
s 23657 69 37
s 23658 40 25
s 23659 34 25
s 23660 14 6
s 23661 53 25
s 23662 33 19
s 23663 34 16
s 23664 44 28
s 23665 10 2
s 23666 22 14
s 23671 42 26
s 23672 29 8
s 23673 47 25
s 23675 49 29
s 23678 17 8
s 23680 46 27
s 23681 14 8
s 23683 41 26
s 23687 36 22
s 23688 27 13
s 23689 20 9
s 23690 8 5
s 23697 23 10
s 23707 7 3
s 23902 16 12
s 23903 19 7
s 23904 184 92
s 23905 416 204
s 23906 228 100
s 23907 76 43
s 23908 290 129
s 23909 347 172
s 23910 82 42
s 23911 35 24
s 23912 533 265
s 23913 505 256
s 23914 342 158
s 23915 259 133
s 23916 194 95
s 23917 86 35
s 23918 264 117
s 23919 246 116
s 23920 408 215
s 23921 121 67
s 23922 103 44
s 23927 372 189
s 23928 179 83
s 23929 362 194
s 23931 507 248
s 23934 215 118
s 23936 510 233
s 23937 184 78
s 23939 263 127
s 23943 474 271
s 23944 228 110
s 23945 176 78
s 23946 39 21
s 23953 86 45
s 23963 92 45
s 24159 3 0
s 24160 13 5
s 24161 54 32
s 24162 17 10
s 24163 9 4
s 24164 24 11
s 24165 34 18
s 24166 8 3
s 24167 5 3
s 24168 40 14
s 24169 46 24
s 24170 34 18
s 24171 24 14
s 24172 16 6
s 24173 1 1
s 24174 30 14
s 24175 27 11
s 24176 23 9
s 24177 15 7
s 24178 7 2
s 24183 37 17
s 24184 25 13
s 24185 29 19
s 24187 47 19
s 24190 21 10
s 24192 45 20
s 24193 14 3
s 24195 35 10
s 24199 33 14
s 24200 25 11
s 24201 18 7
s 24209 2 2
s 24219 5 3
s 24416 19 12
s 24417 58 33
s 24418 25 10
s 24419 9 6
s 24420 39 23
s 24421 29 12
s 24422 6 1
s 24423 1 0
s 24424 51 28
s 24425 52 24
s 24426 35 22
s 24427 30 16
s 24428 24 10
s 24429 1 0
s 24430 28 18
s 24431 24 14
s 24432 32 19
s 24433 14 11
s 24434 4 2
s 24439 32 19
s 24440 24 13
s 24441 37 14
s 24443 48 22
s 24446 19 10
s 24448 42 22
s 24449 15 9
s 24451 33 22
s 24455 44 24
s 24456 23 9
s 24457 19 7
s 24458 2 0
s 24465 6 2
s 24475 11 6
s 24673 77 32
s 24674 12 4
s 24675 3 0
s 24676 90 39
s 24677 132 51
s 24678 21 9
s 24679 7 6
s 24680 16 9
s 24681 158 79
s 24682 125 66
s 24683 72 38
s 24684 3 0
s 24685 115 46
s 24686 75 31
s 24687 87 42
s 24688 130 63
s 24689 45 27
s 24690 54 17
s 24695 110 62
s 24696 58 26
s 24697 110 60
s 24699 162 80
s 24702 60 24
s 24704 137 54
s 24705 6 3
s 24707 84 46
s 24711 23 11
s 24712 84 35
s 24713 16 3
s 24714 20 12
s 24721 56 25
s 24731 20 7
s 24930 110 48
s 24931 34 18
s 24932 215 95
s 24933 222 113
s 24934 58 20
s 24935 14 6
s 24936 186 92
s 24937 559 292
s 24938 232 107
s 24939 146 65
s 24940 73 39
s 24941 267 108
s 24942 221 118
s 24943 183 89
s 24944 308 150
s 24945 124 63
s 24946 128 61
s 24951 261 121
s 24952 129 63
s 24953 201 123
s 24955 305 124
s 24958 134 63
s 24960 372 181
s 24961 82 36
s 24963 205 102
s 24967 203 105
s 24968 164 79
s 24969 96 48
s 24970 66 32
s 24977 148 68
s 24987 38 23
s 25187 3 1
s 25188 116 57
s 25189 105 40
s 25190 27 11
s 25191 13 10
s 25192 43 19
s 25193 195 89
s 25194 114 51
s 25195 64 30
s 25196 7 3
s 25197 139 64
s 25198 79 38
s 25199 97 49
s 25200 179 87
s 25201 64 30
s 25202 79 35
s 25207 155 80
s 25208 63 32
s 25209 125 58
s 25211 164 66
s 25214 80 34
s 25216 143 64
s 25217 24 12
s 25219 123 60
s 25223 36 15
s 25224 91 37
s 25225 24 7
s 25226 36 14
s 25233 50 17
s 25243 23 11
s 25444 46 26
s 25445 55 26
s 25446 16 8
s 25447 1 0
s 25448 15 9
s 25449 69 33
s 25450 43 15
s 25451 46 26
s 25453 42 13
s 25454 27 15
s 25455 34 18
s 25456 56 25
s 25457 24 12
s 25458 24 7
s 25463 50 24
s 25464 30 12
s 25465 40 26
s 25467 94 45
s 25470 37 19
s 25472 68 33
s 25473 6 3
s 25475 41 18
s 25479 13 4
s 25480 34 15
s 25481 8 3
s 25482 12 5
s 25489 23 12
s 25499 6 3
s 25701 114 57
s 25702 27 16
s 25703 13 7
s 25704 244 131
s 25705 181 95
s 25706 201 91
s 25707 109 48
s 25708 85 51
s 25709 208 103
s 25710 104 65
s 25711 79 34
s 25712 112 69
s 25713 90 48
s 25714 89 40
s 25719 102 51
s 25720 122 60
s 25721 101 57
s 25723 137 66
s 25726 126 66
s 25728 216 108
s 25729 80 35
s 25731 99 57
s 25735 261 148
s 25736 121 63
s 25737 83 41
s 25738 54 27
s 25745 84 32
s 25755 45 19
s 25958 28 11
s 25959 20 12
s 25960 629 330
s 25961 187 95
s 25962 212 97
s 25963 110 59
s 25964 106 43
s 25965 176 76
s 25966 114 57
s 25967 100 47
s 25968 142 76
s 25969 80 35
s 25970 106 46
s 25975 110 58
s 25976 125 60
s 25977 117 54
s 25979 177 90
s 25982 112 51
s 25984 202 103
s 25985 133 60
s 25987 99 48
s 25991 268 125
s 25992 111 57
s 25993 113 62
s 25994 48 22
s 26001 102 42
s 26011 47 27
s 26215 6 1
s 26216 82 47
s 26217 42 20
s 26218 54 25
s 26219 38 22
s 26220 24 11
s 26221 33 19
s 26222 29 15
s 26223 23 8
s 26224 28 15
s 26225 18 9
s 26226 19 10
s 26231 35 13
s 26232 29 12
s 26233 25 12
s 26235 54 18
s 26238 26 14
s 26240 66 26
s 26241 27 13
s 26243 27 12
s 26247 55 30
s 26248 30 15
s 26249 32 13
s 26250 13 5
s 26257 32 15
s 26267 8 3
s 26472 21 10
s 26473 23 11
s 26474 28 14
s 26475 10 3
s 26476 7 4
s 26477 20 13
s 26478 15 9
s 26479 10 7
s 26480 10 6
s 26481 7 3
s 26482 4 3
s 26487 13 8
s 26488 17 8
s 26489 12 7
s 26491 21 12
s 26494 21 11
s 26496 26 12
s 26497 7 3
s 26499 15 8
s 26503 21 11
s 26504 6 3
s 26505 12 8
s 26506 9 6
s 26513 14 8
s 26729 446 228
s 26730 289 156
s 26731 165 104
s 26732 12 7
s 26733 257 115
s 26734 190 109
s 26735 259 135
s 26736 284 146
s 26737 108 67
s 26738 148 68
s 26743 275 135
s 26744 120 60
s 26745 303 153
s 26747 414 215
s 26750 183 94
s 26752 412 205
s 26753 30 10
s 26755 248 128
s 26759 70 35
s 26760 173 79
s 26761 50 28
s 26762 83 34
s 26769 147 71
s 26779 42 26
s 26986 333 183
s 26987 183 89
s 26988 156 68
s 26989 323 138
s 26990 152 63
s 26991 152 83
s 26992 222 123
s 26993 144 88
s 26994 127 68
s 26999 176 91
s 27000 181 88
s 27001 150 74
s 27003 214 95
s 27006 193 108
s 27008 249 130
s 27009 165 61
s 27011 172 85
s 27015 389 199
s 27016 190 79
s 27017 149 82
s 27018 62 27
s 27025 147 70
s 27035 72 42
s 27243 97 50
s 27244 115 51
s 27245 232 104
s 27246 155 71
s 27247 168 81
s 27248 295 162
s 27249 14 10
s 27250 66 29
s 27255 267 128
s 27256 41 20
s 27257 208 120
s 27259 351 172
s 27262 22 13
s 27264 245 123
s 27265 124 50
s 27267 220 104
s 27271 305 163
s 27272 96 45
s 27273 85 40
s 27274 61 29
s 27281 68 37
s 27291 87 51
s 27500 68 30
s 27501 160 80
s 27502 96 46
s 27503 86 46
s 27504 151 86
s 27505 39 24
s 27506 65 29
s 27511 136 71
s 27512 68 27
s 27513 120 70
s 27515 166 76
s 27518 57 26
s 27520 149 74
s 27521 68 35
s 27523 114 66
s 27527 213 107
s 27528 90 42
s 27529 58 35
s 27530 35 19
s 27537 70 37
s 27547 35 20
s 27757 102 39
s 27758 49 23
s 27759 69 34
s 27760 124 57
s 27761 40 17
s 27762 65 35
s 27767 102 52
s 27768 52 25
s 27769 92 41
s 27771 155 68
s 27774 66 26
s 27776 129 55
s 27777 13 5
s 27779 84 42
s 27783 11 6
s 27784 60 30
s 27785 15 8
s 27786 31 15
s 27793 39 13
s 27803 24 8
s 28014 148 75
s 28015 172 92
s 28016 260 125
s 28017 97 47
s 28018 43 20
s 28023 181 83
s 28024 138 65
s 28025 150 69
s 28027 293 135
s 28030 133 64
s 28032 242 111
s 28033 104 38
s 28035 184 86
s 28039 271 127
s 28040 154 68
s 28041 101 44
s 28042 14 6
s 28049 31 15
s 28059 61 22
s 28271 82 39
s 28272 128 78
s 28273 65 39
s 28274 78 36
s 28279 116 57
s 28280 86 41
s 28281 111 61
s 28283 163 70
s 28286 84 42
s 28288 156 73
s 28289 85 46
s 28291 98 33
s 28295 184 103
s 28296 91 48
s 28297 59 32
s 28298 30 15
s 28305 71 35
s 28315 31 14
s 28528 59 25
s 28529 88 56
s 28530 70 35
s 28535 91 52
s 28536 93 42
s 28537 65 33
s 28539 144 69
s 28542 100 53
s 28544 140 70
s 28545 80 42
s 28547 49 23
s 28551 220 109
s 28552 113 52
s 28553 115 66
s 28554 36 11
s 28561 79 47
s 28571 31 18
s 28785 107 59
s 28786 122 65
s 28791 171 96
s 28792 175 80
s 28793 93 56
s 28795 199 93
s 28798 152 67
s 28800 226 114
s 28801 132 67
s 28803 111 56
s 28807 322 169
s 28808 143 72
s 28809 119 51
s 28810 59 25
s 28817 129 53
s 28827 61 32
s 29042 22 12
s 29047 79 47
s 29048 21 12
s 29049 102 62
s 29051 121 63
s 29054 14 8
s 29056 94 41
s 29057 55 26
s 29059 88 48
s 29063 153 90
s 29064 57 23
s 29065 40 20
s 29066 21 9
s 29073 36 15
s 29083 30 15
s 29303 104 52
s 29304 62 35
s 29305 79 40
s 29307 159 70
s 29310 50 21
s 29312 141 63
s 29313 64 24
s 29315 68 27
s 29319 120 66
s 29320 61 21
s 29321 47 19
s 29322 13 5
s 29329 23 11
s 29339 35 14
s 30584 133 59
s 30585 86 42
s 30587 136 72
s 30590 157 72
s 30592 208 104
s 30593 123 57
s 30595 96 49
s 30599 302 169
s 30600 112 55
s 30601 125 61
s 30602 46 28
s 30609 96 49
s 30619 45 16
s 30841 105 60
s 30843 185 82
s 30846 35 18
s 30848 158 76
s 30849 53 17
s 30851 121 61
s 30855 142 69
s 30856 73 28
s 30857 35 11
s 30858 30 18
s 30865 40 20
s 30875 22 11
s 31099 159 81
s 31102 120 64
s 31104 162 92
s 31105 80 38
s 31107 92 46
s 31111 264 145
s 31112 157 81
s 31113 146 80
s 31114 40 22
s 31121 113 61
s 31131 26 16
s 31614 213 96
s 31616 279 115
s 31617 169 70
s 31619 129 58
s 31623 367 171
s 31624 173 77
s 31625 140 66
s 31626 63 32
s 31633 126 69
s 31643 66 32
s 32384 147 73
s 32385 80 39
s 32387 101 53
s 32391 167 80
s 32392 81 36
s 32393 49 31
s 32394 45 23
s 32401 51 20
s 32411 28 15
s 32897 214 101
s 32899 188 92
s 32903 358 180
s 32904 186 94
s 32905 136 63
s 32906 70 30
s 32913 131 60
s 32923 53 19
s 33155 87 40
s 33159 31 15
s 33160 63 30
s 33161 17 8
s 33162 28 12
s 33169 63 28
s 33179 14 6
s 33671 248 112
s 33672 113 59
s 33673 95 38
s 33674 33 19
s 33681 78 40
s 33691 34 16
s 34696 198 103
s 34697 66 40
s 34698 82 33
s 34705 118 55
s 34715 41 23
s 34953 76 34
s 34954 47 21
s 34961 60 20
s 34971 28 14
s 35210 26 14
s 35217 52 29
s 35227 30 16
s 35473 9 2
s 35483 17 9
s 37275 27 14
