n 100000
b 1 12068 6185
b 2 14652 7120
b 3 3093 1587
b 4 1638 841
b 5 11725 5883
b 6 15846 6981
b 7 15260 7696
b 8 16072 8623
b 9 14536 7238
b 10 4260 2098
b 11 7139 2873
b 12 11857 6212
b 13 3881 1926
b 14 27861 14059
b 15 5405 2711
b 16 2491 1205
b 17 6126 2919
b 18 12625 6572
b 19 8237 3675
b 20 7357 3733
b 21 18602 9122
b 22 10766 5324
b 23 4258 2083
b 25 14062 6482
b 26 21987 10744
b 27 13320 6799
b 28 5096 2424
b 29 15866 7457
b 30 12027 6056
b 31 12137 6327
b 32 3688 1946
b 33 4830 2661
b 34 5190 2638
b 35 9721 4630
b 36 13999 6886
b 37 4063 1977
b 38 1992 978
b 39 8606 4025
b 40 3844 1820
b 41 5543 2798
b 42 7969 4278
b 43 5735 2768
b 44 5973 2961
b 45 3747 1935
b 46 4475 2077
b 47 5198 2555
b 48 15023 7484
b 49 16818 8869
b 50 4865 2606
b 51 3394 1657
b 52 2900 1562
b 53 8592 3862
b 54 15382 8091
b 55 7943 4136
b 56 3526 1841
b 57 2170 1150
b 58 2395 1194
b 59 3684 1724
b 60 10012 5328
b 61 1658 841
b 62 10249 5720
b 63 3686 1746
b 64 5536 2606
b 65 927 469
b 66 413 208
b 67 7356 3880
b 68 7494 3711
b 69 7371 3610
b 70 7014 3555
b 71 16519 8640
b 72 3455 1596
b 73 1766 799
b 74 21412 11047
b 75 7283 3587
b 76 15392 8331
b 77 1621 835
b 78 3696 1969
b 79 2187 1010
b 80 2938 1483
b 81 2256 1134
b 82 1536 838
b 83 2379 1074
b 84 10058 4846
b 85 14006 6791
b 86 26909 13539
b 87 11204 5737
b 88 12762 6797
b 89 679 347
b 90 4791 2484
b 91 4859 2528
b 92 1935 1056
b 93 15569 7903
b 94 1396 648
b 95 1693 855
b 96 5190 2470
b 97 12484 6214
b 98 5820 2698
b 99 2329 1057
b 100 8305 4148
b 101 9542 4557
b 102 2270 1138
b 103 1019 541
b 104 13721 7078
b 105 12874 6578
b 106 10281 5186
b 107 6735 3482
b 108 5115 2385
b 109 8771 3939
b 110 6974 3640
b 111 6915 3495
b 112 9909 5136
b 113 4009 2160
b 114 4679 2235
b 119 9064 4590
b 120 5965 2779
b 121 8472 4441
b 123 12703 6058
b 126 6233 3050
b 128 12789 6297
b 129 5344 2542
b 131 7288 3587
b 135 12879 6796
b 136 6954 3416
b 137 4735 2334
b 138 2319 1150
b 145 4314 1964
b 155 2467 1247
v 258 696 317
v 259 192 101
v 260 81 44
v 261 754 365
v 262 934 542
v 263 809 375
v 264 996 497
v 265 771 375
v 266 318 171
v 267 410 237
v 268 784 411
v 269 286 147
v 270 1480 751
v 271 312 172
v 272 158 80
v 273 358 200
v 274 731 337
v 275 454 256
v 276 469 232
v 277 1041 554
v 278 875 448
v 279 262 132
v 281 883 510
v 282 1332 675
v 283 812 409
v 284 298 144
v 285 970 556
v 286 747 386
v 287 830 385
v 288 238 127
v 289 245 105
v 290 402 226
v 291 582 309
v 292 819 471
v 293 287 162
v 294 122 60
v 295 508 286
v 296 214 113
v 297 398 206
v 298 560 285
v 299 356 207
v 300 443 206
v 301 256 137
v 302 295 142
v 303 279 147
v 304 1044 504
v 305 1031 523
v 306 333 157
v 307 172 92
v 308 184 100
v 309 516 286
v 310 983 489
v 311 544 255
v 312 222 100
v 313 133 64
v 314 103 44
v 315 269 124
v 316 513 212
v 317 97 51
v 318 497 231
v 319 232 128
v 320 296 160
v 321 57 29
v 322 18 8
v 323 439 230
v 324 506 248
v 325 471 242
v 326 460 205
v 327 716 339
v 328 215 116
v 329 101 56
v 330 1476 748
v 331 470 231
v 332 1100 551
v 333 77 38
v 334 246 139
v 335 141 79
v 336 180 80
v 337 127 57
v 338 137 63
v 339 130 73
v 340 781 447
v 341 768 408
v 342 1747 911
v 343 575 285
v 344 668 301
v 345 33 20
v 346 371 178
v 347 322 164
v 348 120 58
v 349 1041 512
v 350 113 68
v 351 103 51
v 352 272 135
v 353 729 342
v 354 368 206
v 355 135 86
v 356 475 240
v 357 826 462
v 358 136 76
v 359 45 19
v 360 743 344
v 361 788 387
v 362 545 284
v 363 348 176
v 364 279 139
v 365 615 358
v 366 338 153
v 367 577 314
v 368 738 381
v 369 272 128
v 370 262 122
v 375 500 248
v 376 372 208
v 377 545 279
v 379 670 354
v 382 341 177
v 384 723 356
v 385 353 200
v 387 432 237
v 391 736 388
v 392 370 193
v 393 309 161
v 394 142 82
v 401 260 140
v 411 171 97
v 515 209 95
v 516 113 60
v 517 883 439
v 518 1134 608
v 519 1174 584
v 520 1156 530
v 521 1032 493
v 522 277 154
v 523 513 297
v 524 699 351
v 525 272 135
v 526 1933 899
v 527 442 211
v 528 209 111
v 529 407 210
v 530 912 407
v 531 644 334
v 532 561 245
v 533 1499 766
v 534 781 356
v 535 315 147
v 537 1016 572
v 538 1669 853
v 539 1059 532
v 540 408 192
v 541 1289 690
v 542 847 376
v 543 853 401
v 544 297 130
v 545 338 143
v 546 366 170
v 547 716 395
v 548 1174 546
v 549 268 148
v 550 132 55
v 551 646 331
v 552 265 126
v 553 380 180
v 554 704 323
v 555 427 222
v 556 422 224
v 557 235 122
v 558 307 160
v 559 415 212
v 560 1059 493
v 561 1303 562
v 562 807 375
v 563 247 127
v 564 179 77
v 565 667 358
v 566 1398 626
v 567 587 287
v 568 270 125
v 569 140 71
v 570 190 96
v 571 211 113
v 572 789 336
v 573 109 57
v 574 741 287
v 575 306 161
v 576 356 179
v 577 55 19
v 578 30 14
v 579 608 238
v 580 509 231
v 581 536 273
v 582 642 308
v 583 1161 541
v 584 237 137
v 585 143 81
v 586 1544 725
v 587 504 249
v 588 1171 498
v 589 117 58
v 590 285 127
v 591 131 60
v 592 231 102
v 593 179 88
v 594 109 52
v 595 156 92
v 596 754 398
v 597 1004 499
v 598 2059 1007
v 599 790 385
v 600 1059 481
v 601 41 22
v 602 311 138
v 603 310 137
v 604 145 62
v 605 1114 542
v 606 127 68
v 607 107 53
v 608 395 199
v 609 973 487
v 610 501 244
v 611 186 106
v 612 577 283
v 613 662 328
v 614 147 68
v 615 67 34
v 616 1108 513
v 617 843 386
v 618 784 375
v 619 489 224
v 620 387 204
v 621 552 321
v 622 496 232
v 623 600 267
v 624 657 312
v 625 275 123
v 626 436 234
v 631 688 334
v 632 388 207
v 633 567 263
v 635 912 467
v 638 496 261
v 640 977 507
v 641 460 222
v 643 462 221
v 647 1048 461
v 648 536 283
v 649 363 185
v 650 129 72
v 657 307 168
v 667 170 80
v 772 29 15
v 773 163 82
v 774 251 140
v 775 231 119
v 776 195 91
v 777 222 120
v 778 54 28
v 779 117 71
v 780 264 119
v 781 57 30
v 782 492 235
v 783 82 47
v 784 33 19
v 785 93 58
v 786 193 84
v 787 140 77
v 788 120 65
v 789 284 154
v 790 162 96
v 791 68 41
v 793 198 109
v 794 335 172
v 795 192 94
v 796 74 45
v 797 281 154
v 798 195 105
v 799 166 81
v 800 49 21
v 801 87 41
v 802 75 39
v 803 143 78
v 804 182 94
v 805 53 24
v 806 51 22
v 807 110 66
v 808 60 43
v 809 50 29
v 810 103 50
v 811 95 59
v 812 76 48
v 813 58 27
v 814 65 31
v 815 55 31
v 816 224 126
v 817 248 115
v 818 78 35
v 819 61 32
v 820 45 20
v 821 127 69
v 822 157 95
v 823 120 56
v 824 37 15
v 825 43 19
v 826 38 20
v 827 57 35
v 828 166 77
v 829 37 16
v 830 146 71
v 831 54 24
v 832 95 49
v 833 19 11
v 834 3 1
v 835 167 79
v 836 130 73
v 837 118 67
v 838 137 69
v 839 262 126
v 840 44 24
v 841 24 13
v 842 344 185
v 843 139 71
v 844 272 121
v 845 40 19
v 846 67 23
v 847 51 27
v 848 54 27
v 849 35 17
v 850 36 16
v 851 38 16
v 852 121 66
v 853 204 92
v 854 411 199
v 855 175 96
v 856 176 84
v 857 9 7
v 858 76 46
v 859 78 38
v 860 42 10
v 861 253 111
v 862 19 12
v 863 14 6
v 864 74 38
v 865 200 110
v 866 62 38
v 867 28 14
v 868 151 81
v 869 147 85
v 870 43 30
v 871 12 8
v 872 179 98
v 873 182 98
v 874 119 57
v 875 124 63
v 876 73 39
v 877 200 106
v 878 99 50
v 879 119 59
v 880 224 97
v 881 89 37
v 882 64 33
v 887 133 64
v 888 85 41
v 889 133 66
v 891 201 104
v 894 103 56
v 896 192 102
v 897 67 36
v 899 130 61
v 903 215 102
v 904 108 63
v 905 77 43
v 906 32 14
v 913 68 39
v 923 37 18
v 1029 96 51
v 1030 118 56
v 1031 117 65
v 1032 135 61
v 1033 111 52
v 1034 32 19
v 1035 53 31
v 1036 98 46
v 1037 52 32
v 1038 221 109
v 1039 39 19
v 1040 16 8
v 1041 62 34
v 1042 79 44
v 1043 58 33
v 1044 66 33
v 1045 180 93
v 1046 94 53
v 1047 50 31
v 1049 117 68
v 1050 197 115
v 1051 107 59
v 1052 48 22
v 1053 122 65
v 1054 104 47
v 1055 81 47
v 1056 35 14
v 1057 32 11
v 1058 45 19
v 1059 72 40
v 1060 99 46
v 1061 26 11
v 1062 4 2
v 1063 66 37
v 1064 29 17
v 1065 39 17
v 1066 69 40
v 1067 46 28
v 1068 46 24
v 1069 40 12
v 1070 27 7
v 1071 36 16
v 1072 121 69
v 1073 116 74
v 1074 27 13
v 1075 29 17
v 1076 21 11
v 1077 59 31
v 1078 104 52
v 1079 77 37
v 1080 30 14
v 1081 16 9
v 1082 20 9
v 1083 25 18
v 1084 131 62
v 1085 7 2
v 1086 93 43
v 1087 53 30
v 1088 47 25
v 1089 9 6
v 1090 2 1
v 1091 56 30
v 1092 51 28
v 1093 49 25
v 1094 59 34
v 1095 169 77
v 1096 23 13
v 1097 20 8
v 1098 143 59
v 1099 63 32
v 1100 108 54
v 1101 17 9
v 1102 26 7
v 1103 19 13
v 1104 24 13
v 1105 18 5
v 1106 18 10
v 1107 24 12
v 1108 82 47
v 1109 115 59
v 1110 214 104
v 1111 104 59
v 1112 104 50
v 1113 3 1
v 1114 43 24
v 1115 32 15
v 1116 19 8
v 1117 321 160
v 1118 18 10
v 1119 10 5
v 1120 43 28
v 1121 86 40
v 1122 47 29
v 1123 23 12
v 1124 65 35
v 1125 57 28
v 1126 18 13
v 1127 6 2
v 1128 119 50
v 1129 83 35
v 1130 70 38
v 1131 58 32
v 1132 43 24
v 1133 62 31
v 1134 38 18
v 1135 38 23
v 1136 88 45
v 1137 28 15
v 1138 36 20
v 1143 67 29
v 1144 108 72
v 1145 62 31
v 1147 116 52
v 1150 55 22
v 1152 107 55
v 1153 47 26
v 1155 63 37
v 1159 93 48
v 1160 51 29
v 1161 31 17
v 1162 9 5
v 1169 21 14
v 1179 26 18
v 1286 980 558
v 1287 906 457
v 1288 1173 517
v 1289 898 439
v 1290 267 144
v 1291 413 251
v 1292 518 283
v 1293 254 129
v 1294 1680 790
v 1295 345 178
v 1296 134 66
v 1297 350 204
v 1298 753 383
v 1299 512 296
v 1300 441 226
v 1301 1106 551
v 1302 663 319
v 1303 235 118
v 1305 858 450
v 1306 1401 698
v 1307 873 441
v 1308 285 156
v 1309 966 528
v 1310 756 364
v 1311 787 391
v 1312 244 97
v 1313 269 119
v 1314 290 133
v 1315 609 333
v 1316 824 441
v 1317 221 120
v 1318 101 56
v 1319 497 255
v 1320 232 123
v 1321 335 164
v 1322 450 196
v 1323 360 178
v 1324 314 152
v 1325 219 119
v 1326 228 129
v 1327 309 165
v 1328 759 360
v 1329 869 413
v 1330 263 123
v 1331 192 107
v 1332 172 85
v 1333 533 288
v 1334 981 439
v 1335 486 247
v 1336 212 102
v 1337 114 53
v 1338 144 80
v 1339 213 103
v 1340 602 278
v 1341 62 28
v 1342 646 291
v 1343 209 106
v 1344 329 166
v 1345 62 25
v 1346 21 11
v 1347 411 204
v 1348 448 238
v 1349 429 236
v 1350 398 172
v 1351 913 447
v 1352 216 113
v 1353 93 44
v 1354 1241 621
v 1355 459 227
v 1356 913 437
v 1357 78 33
v 1358 188 84
v 1359 128 61
v 1360 173 84
v 1361 124 68
v 1362 70 41
v 1363 123 63
v 1364 639 332
v 1365 877 442
v 1366 1771 853
v 1367 734 363
v 1368 832 378
v 1369 32 21
v 1370 253 126
v 1371 218 121
v 1372 92 46
v 1373 980 499
v 1374 63 34
v 1375 89 45
v 1376 275 141
v 1377 692 363
v 1378 252 140
v 1379 146 77
v 1380 470 228
v 1381 578 290
v 1382 126 60
v 1383 66 32
v 1384 990 472
v 1385 723 343
v 1386 549 285
v 1387 428 210
v 1388 294 159
v 1389 453 254
v 1390 389 185
v 1391 396 220
v 1392 489 242
v 1393 189 86
v 1394 285 135
v 1399 553 261
v 1400 372 207
v 1401 513 228
v 1403 767 442
v 1406 362 193
v 1408 761 392
v 1409 301 173
v 1411 425 211
v 1415 776 365
v 1416 375 176
v 1417 235 125
v 1418 142 71
v 1425 264 146
v 1435 183 89
v 1543 1191 515
v 1544 1427 571
v 1545 1159 515
v 1546 366 161
v 1547 550 297
v 1548 1069 437
v 1549 291 113
v 1550 2017 858
v 1551 473 205
v 1552 196 86
v 1553 537 235
v 1554 1056 416
v 1555 656 309
v 1556 614 260
v 1557 1641 748
v 1558 841 347
v 1559 323 141
v 1561 1178 589
v 1562 1811 828
v 1563 1000 433
v 1564 388 190
v 1565 1347 612
v 1566 953 429
v 1567 1012 414
v 1568 278 122
v 1569 369 149
v 1570 394 159
v 1571 869 394
v 1572 1099 521
v 1573 333 144
v 1574 150 76
v 1575 696 351
v 1576 322 157
v 1577 462 181
v 1578 611 225
v 1579 490 227
v 1580 527 258
v 1581 292 135
v 1582 315 143
v 1583 467 225
v 1584 1312 603
v 1585 1435 586
v 1586 428 188
v 1587 242 108
v 1588 234 93
v 1589 724 344
v 1590 1392 631
v 1591 648 238
v 1592 283 123
v 1593 167 79
v 1594 208 96
v 1595 270 124
v 1596 764 305
v 1597 123 55
v 1598 780 299
v 1599 312 155
v 1600 454 218
v 1601 76 41
v 1602 26 9
v 1603 957 388
v 1604 596 256
v 1605 564 273
v 1606 550 244
v 1607 1225 542
v 1608 251 136
v 1609 118 58
v 1610 1666 689
v 1611 577 257
v 1612 1233 484
v 1613 117 48
v 1614 281 105
v 1615 194 85
v 1616 235 108
v 1617 178 73
v 1618 105 42
v 1619 190 94
v 1620 747 329
v 1621 1158 507
v 1622 2213 992
v 1623 831 365
v 1624 870 358
v 1625 46 22
v 1626 370 157
v 1627 385 167
v 1628 152 63
v 1629 1281 594
v 1630 89 42
v 1631 101 49
v 1632 442 198
v 1633 917 396
v 1634 420 200
v 1635 210 103
v 1636 531 248
v 1637 767 362
v 1638 213 92
v 1639 58 23
v 1640 1085 492
v 1641 1025 447
v 1642 783 346
v 1643 518 195
v 1644 458 213
v 1645 802 425
v 1646 579 221
v 1647 568 243
v 1648 756 326
v 1649 346 112
v 1650 341 146
v 1655 740 302
v 1656 457 231
v 1657 752 317
v 1659 1064 491
v 1662 520 245
v 1664 990 471
v 1665 352 152
v 1667 589 256
v 1671 1022 434
v 1672 540 240
v 1673 366 145
v 1674 178 88
v 1681 321 162
v 1691 175 72
v 1800 1281 609
v 1801 1058 531
v 1802 305 151
v 1803 557 336
v 1804 984 506
v 1805 296 145
v 1806 2069 1037
v 1807 370 183
v 1808 209 109
v 1809 423 235
v 1810 1032 490
v 1811 668 355
v 1812 584 295
v 1813 1416 729
v 1814 875 421
v 1815 320 175
v 1817 1090 576
v 1818 1850 970
v 1819 1049 528
v 1820 405 206
v 1821 1244 644
v 1822 947 488
v 1823 900 423
v 1824 256 126
v 1825 421 208
v 1826 391 192
v 1827 788 423
v 1828 1111 567
v 1829 311 167
v 1830 157 91
v 1831 646 343
v 1832 266 145
v 1833 481 255
v 1834 573 281
v 1835 444 218
v 1836 464 225
v 1837 266 121
v 1838 355 171
v 1839 371 185
v 1840 1161 586
v 1841 1319 627
v 1842 314 140
v 1843 253 133
v 1844 220 103
v 1845 688 396
v 1846 1300 593
v 1847 584 305
v 1848 257 118
v 1849 177 74
v 1850 157 82
v 1851 321 179
v 1852 746 316
v 1853 138 83
v 1854 763 337
v 1855 253 140
v 1856 404 212
v 1857 81 41
v 1858 50 31
v 1859 560 243
v 1860 611 309
v 1861 562 280
v 1862 528 252
v 1863 1345 653
v 1864 287 156
v 1865 134 84
v 1866 1745 830
v 1867 564 269
v 1868 1165 556
v 1869 105 56
v 1870 280 135
v 1871 161 96
v 1872 225 114
v 1873 177 95
v 1874 126 61
v 1875 180 95
v 1876 802 426
v 1877 1061 554
v 1878 2140 1058
v 1879 861 408
v 1880 1030 512
v 1881 39 20
v 1882 388 195
v 1883 374 194
v 1884 144 70
v 1885 1141 576
v 1886 119 63
v 1887 112 61
v 1888 416 217
v 1889 1052 548
v 1890 491 272
v 1891 179 103
v 1892 627 345
v 1893 698 356
v 1894 172 83
v 1895 68 31
v 1896 1092 539
v 1897 949 451
v 1898 842 398
v 1899 536 258
v 1900 409 219
v 1901 606 349
v 1902 538 265
v 1903 569 283
v 1904 775 364
v 1905 264 127
v 1906 375 197
v 1911 709 357
v 1912 470 244
v 1913 677 323
v 1915 974 478
v 1918 454 239
v 1920 1032 534
v 1921 455 249
v 1923 569 289
v 1927 957 456
v 1928 552 305
v 1929 319 171
v 1930 147 75
v 1937 330 181
v 1947 184 84
v 2057 1182 596
v 2058 341 179
v 2059 550 356
v 2060 916 470
v 2061 322 163
v 2062 2073 1096
v 2063 439 233
v 2064 183 103
v 2065 549 318
v 2066 1030 566
v 2067 671 385
v 2068 599 318
v 2069 1480 785
v 2070 882 483
v 2071 354 196
v 2073 1099 620
v 2074 1750 907
v 2075 931 469
v 2076 403 253
v 2077 1298 774
v 2078 972 524
v 2079 972 495
v 2080 321 161
v 2081 329 151
v 2082 363 189
v 2083 768 446
v 2084 1189 645
v 2085 306 158
v 2086 148 71
v 2087 758 431
v 2088 384 240
v 2089 523 280
v 2090 714 334
v 2091 509 270
v 2092 520 299
v 2093 248 122
v 2094 388 207
v 2095 411 230
v 2096 1218 670
v 2097 1298 676
v 2098 320 159
v 2099 287 148
v 2100 177 87
v 2101 750 456
v 2102 1481 709
v 2103 657 335
v 2104 349 165
v 2105 112 58
v 2106 206 100
v 2107 282 147
v 2108 699 321
v 2109 103 60
v 2110 787 376
v 2111 251 146
v 2112 516 309
v 2113 58 34
v 2114 24 14
v 2115 660 321
v 2116 654 361
v 2117 620 330
v 2118 668 329
v 2119 1185 595
v 2120 286 166
v 2121 141 82
v 2122 1888 1025
v 2123 690 382
v 2124 1272 622
v 2125 115 60
v 2126 254 127
v 2127 140 83
v 2128 237 115
v 2129 184 101
v 2130 107 53
v 2131 180 101
v 2132 842 474
v 2133 1130 624
v 2134 2067 1071
v 2135 1072 580
v 2136 1203 613
v 2137 52 30
v 2138 350 178
v 2139 307 153
v 2140 141 64
v 2141 1537 823
v 2142 103 65
v 2143 165 77
v 2144 449 270
v 2145 1025 576
v 2146 429 239
v 2147 179 109
v 2148 582 302
v 2149 722 399
v 2150 157 83
v 2151 61 38
v 2152 1075 556
v 2153 1283 699
v 2154 774 406
v 2155 538 285
v 2156 519 313
v 2157 718 405
v 2158 838 466
v 2159 457 237
v 2160 490 236
v 2161 297 162
v 2162 407 237
v 2167 845 470
v 2168 425 258
v 2169 591 294
v 2171 1081 619
v 2174 545 290
v 2176 1122 607
v 2177 494 269
v 2179 466 264
v 2183 1051 527
v 2184 546 294
v 2185 374 192
v 2186 204 106
v 2193 343 206
v 2203 210 116
v 2314 329 165
v 2315 495 301
v 2316 888 432
v 2317 340 163
v 2318 2163 1088
v 2319 406 201
v 2320 183 106
v 2321 508 267
v 2322 1016 475
v 2323 570 300
v 2324 515 255
v 2325 1397 717
v 2326 861 422
v 2327 283 138
v 2329 1009 544
v 2330 1602 832
v 2331 931 462
v 2332 402 211
v 2333 1156 607
v 2334 903 453
v 2335 957 443
v 2336 278 129
v 2337 380 160
v 2338 355 171
v 2339 628 351
v 2340 1129 557
v 2341 293 126
v 2342 131 62
v 2343 710 383
v 2344 331 176
v 2345 413 209
v 2346 562 256
v 2347 447 239
v 2348 430 222
v 2349 257 120
v 2350 304 150
v 2351 376 199
v 2352 1049 517
v 2353 1232 584
v 2354 333 159
v 2355 243 119
v 2356 220 93
v 2357 642 359
v 2358 1037 490
v 2359 661 302
v 2360 264 130
v 2361 149 63
v 2362 172 87
v 2363 253 134
v 2364 742 343
v 2365 117 61
v 2366 882 379
v 2367 263 144
v 2368 394 214
v 2369 62 31
v 2370 20 11
v 2371 557 254
v 2372 541 275
v 2373 597 299
v 2374 433 196
v 2375 1291 592
v 2376 244 124
v 2377 115 63
v 2378 1431 690
v 2379 535 302
v 2380 1162 505
v 2381 100 43
v 2382 271 133
v 2383 163 83
v 2384 194 98
v 2385 155 80
v 2386 131 59
v 2387 184 101
v 2388 813 425
v 2389 983 502
v 2390 2101 1023
v 2391 844 419
v 2392 1021 455
v 2393 70 22
v 2394 337 156
v 2395 325 154
v 2396 120 47
v 2397 1233 612
v 2398 103 45
v 2399 114 54
v 2400 397 200
v 2401 869 432
v 2402 379 205
v 2403 147 95
v 2404 576 301
v 2405 742 397
v 2406 163 81
v 2407 66 26
v 2408 1087 507
v 2409 936 440
v 2410 807 390
v 2411 530 255
v 2412 390 211
v 2413 651 343
v 2414 533 257
v 2415 462 234
v 2416 747 354
v 2417 296 135
v 2418 312 176
v 2423 756 373
v 2424 389 220
v 2425 644 281
v 2427 1027 547
v 2430 448 231
v 2432 895 472
v 2433 341 166
v 2435 523 282
v 2439 846 408
v 2440 467 233
v 2441 336 164
v 2442 151 70
v 2449 295 160
v 2459 198 109
v 2571 160 91
v 2572 220 102
v 2573 74 41
v 2574 620 302
v 2575 130 72
v 2576 44 23
v 2577 100 47
v 2578 228 113
v 2579 157 75
v 2580 172 93
v 2581 419 213
v 2582 198 107
v 2583 110 63
v 2585 275 127
v 2586 355 167
v 2587 214 95
v 2588 112 60
v 2589 329 179
v 2590 304 149
v 2591 305 152
v 2592 80 39
v 2593 97 42
v 2594 119 59
v 2595 241 125
v 2596 287 151
v 2597 105 55
v 2598 42 19
v 2599 190 102
v 2600 76 32
v 2601 98 45
v 2602 177 83
v 2603 107 60
v 2604 150 68
v 2605 85 39
v 2606 94 53
v 2607 114 61
v 2608 377 192
v 2609 344 156
v 2610 109 60
v 2611 80 41
v 2612 52 26
v 2613 211 116
v 2614 383 200
v 2615 177 88
v 2616 70 35
v 2617 53 24
v 2618 57 24
v 2619 72 39
v 2620 197 80
v 2621 42 21
v 2622 227 105
v 2623 80 33
v 2624 145 72
v 2625 21 13
v 2626 8 4
v 2627 137 61
v 2628 86 47
v 2629 139 66
v 2630 159 71
v 2631 520 228
v 2632 101 49
v 2633 51 27
v 2634 444 212
v 2635 150 79
v 2636 322 133
v 2637 36 19
v 2638 77 30
v 2639 61 28
v 2640 56 25
v 2641 44 15
v 2642 35 15
v 2643 62 31
v 2644 202 109
v 2645 320 173
v 2646 555 242
v 2647 205 87
v 2648 169 80
v 2649 16 6
v 2650 97 45
v 2651 127 68
v 2652 42 18
v 2653 362 175
v 2654 30 15
v 2655 26 11
v 2656 98 47
v 2657 268 134
v 2658 122 77
v 2659 52 31
v 2660 188 100
v 2661 147 75
v 2662 57 25
v 2663 18 7
v 2664 243 120
v 2665 228 100
v 2666 210 108
v 2667 142 69
v 2668 113 57
v 2669 204 105
v 2670 148 75
v 2671 158 83
v 2672 261 125
v 2673 92 50
v 2674 105 53
v 2679 214 99
v 2680 125 79
v 2681 130 59
v 2683 260 135
v 2686 138 57
v 2688 273 147
v 2689 140 70
v 2691 175 91
v 2695 291 142
v 2696 162 79
v 2697 107 56
v 2698 54 30
v 2705 99 57
v 2715 65 33
v 2828 427 169
v 2829 127 41
v 2830 952 396
v 2831 189 65
v 2832 81 42
v 2833 213 97
v 2834 408 154
v 2835 263 120
v 2836 246 98
v 2837 656 257
v 2838 374 156
v 2839 167 67
v 2841 542 243
v 2842 814 335
v 2843 467 179
v 2844 173 72
v 2845 634 267
v 2846 439 164
v 2847 428 157
v 2848 130 63
v 2849 159 58
v 2850 215 91
v 2851 410 166
v 2852 604 249
v 2853 161 67
v 2854 54 23
v 2855 318 139
v 2856 143 61
v 2857 187 87
v 2858 250 93
v 2859 213 96
v 2860 239 95
v 2861 155 53
v 2862 159 61
v 2863 186 78
v 2864 572 229
v 2865 589 213
v 2866 167 58
v 2867 106 33
v 2868 94 41
v 2869 301 143
v 2870 576 221
v 2871 267 101
v 2872 111 43
v 2873 72 32
v 2874 87 34
v 2875 143 71
v 2876 341 126
v 2877 73 29
v 2878 350 121
v 2879 126 52
v 2880 218 98
v 2881 32 7
v 2882 14 7
v 2883 269 99
v 2884 290 108
v 2885 232 99
v 2886 274 115
v 2887 538 193
v 2888 134 56
v 2889 67 31
v 2890 814 304
v 2891 262 100
v 2892 547 198
v 2893 49 23
v 2894 123 51
v 2895 94 39
v 2896 113 41
v 2897 84 42
v 2898 49 8
v 2899 80 45
v 2900 366 161
v 2901 529 209
v 2902 982 413
v 2903 399 163
v 2904 414 140
v 2905 21 5
v 2906 185 70
v 2907 193 79
v 2908 66 23
v 2909 546 217
v 2910 49 18
v 2911 54 19
v 2912 181 83
v 2913 454 195
v 2914 198 95
v 2915 97 44
v 2916 292 113
v 2917 345 146
v 2918 67 29
v 2919 43 17
v 2920 484 187
v 2921 450 169
v 2922 367 173
v 2923 228 89
v 2924 192 75
v 2925 374 159
v 2926 282 102
v 2927 241 94
v 2928 329 125
v 2929 164 54
v 2930 189 87
v 2935 306 119
v 2936 214 96
v 2937 365 142
v 2939 393 159
v 2942 221 85
v 2944 497 203
v 2945 200 93
v 2947 257 116
v 2951 446 158
v 2952 245 101
v 2953 166 68
v 2954 88 28
v 2961 164 76
v 2971 93 48
v 3085 220 115
v 3086 1527 737
v 3087 267 147
v 3088 181 87
v 3089 343 189
v 3090 1593 747
v 3091 453 245
v 3092 485 277
v 3093 1055 603
v 3094 609 353
v 3095 224 117
v 3097 698 402
v 3098 1289 692
v 3099 916 491
v 3100 316 191
v 3101 802 393
v 3102 691 353
v 3103 697 376
v 3104 175 86
v 3105 302 164
v 3106 303 167
v 3107 518 301
v 3108 850 437
v 3109 224 117
v 3110 125 62
v 3111 495 284
v 3112 253 146
v 3113 335 169
v 3114 507 292
v 3115 318 186
v 3116 349 181
v 3117 220 107
v 3118 274 172
v 3119 261 159
v 3120 1151 582
v 3121 1093 535
v 3122 309 154
v 3123 228 129
v 3124 354 177
v 3125 451 277
v 3126 809 416
v 3127 413 200
v 3128 185 107
v 3129 156 72
v 3130 131 78
v 3131 194 109
v 3132 644 354
v 3133 99 52
v 3134 657 296
v 3135 238 133
v 3136 316 177
v 3137 62 24
v 3138 24 12
v 3139 376 205
v 3140 441 266
v 3141 456 242
v 3142 340 183
v 3143 939 454
v 3144 219 119
v 3145 108 65
v 3146 1243 678
v 3147 469 256
v 3148 793 409
v 3149 113 61
v 3150 245 120
v 3151 145 82
v 3152 144 61
v 3153 140 74
v 3154 87 35
v 3155 164 90
v 3156 618 367
v 3157 905 495
v 3158 1583 814
v 3159 615 303
v 3160 767 362
v 3161 41 21
v 3162 289 138
v 3163 309 141
v 3164 124 65
v 3165 811 407
v 3166 189 103
v 3167 87 55
v 3168 273 128
v 3169 775 398
v 3170 331 169
v 3171 133 81
v 3172 535 282
v 3173 547 290
v 3174 127 67
v 3175 77 45
v 3176 776 362
v 3177 793 394
v 3178 672 323
v 3179 367 184
v 3180 248 113
v 3181 554 362
v 3182 402 200
v 3183 461 249
v 3184 631 311
v 3185 283 161
v 3186 254 136
v 3191 563 292
v 3192 344 199
v 3193 519 271
v 3195 803 441
v 3198 299 162
v 3200 663 303
v 3201 329 202
v 3203 467 253
v 3207 811 400
v 3208 460 226
v 3209 280 155
v 3210 104 59
v 3217 242 124
v 3227 146 77
v 3342 533 260
v 3343 96 50
v 3344 31 15
v 3345 151 84
v 3346 257 110
v 3347 139 70
v 3348 165 82
v 3349 381 205
v 3350 184 81
v 3351 68 43
v 3353 290 153
v 3354 309 155
v 3355 180 83
v 3356 99 51
v 3357 306 161
v 3358 255 127
v 3359 246 122
v 3360 64 24
v 3361 111 48
v 3362 111 59
v 3363 165 84
v 3364 247 127
v 3365 74 38
v 3366 38 24
v 3367 268 141
v 3368 76 37
v 3369 131 64
v 3370 153 70
v 3371 102 55
v 3372 116 60
v 3373 62 24
v 3374 69 31
v 3375 94 34
v 3376 240 120
v 3377 268 117
v 3378 99 50
v 3379 69 35
v 3380 62 35
v 3381 180 90
v 3382 288 135
v 3383 191 84
v 3384 59 25
v 3385 51 28
v 3386 52 27
v 3387 69 35
v 3388 122 46
v 3389 25 13
v 3390 188 82
v 3391 83 40
v 3392 97 47
v 3393 28 16
v 3394 8 5
v 3395 142 60
v 3396 170 86
v 3397 167 78
v 3398 134 62
v 3399 417 196
v 3400 77 49
v 3401 19 9
v 3402 568 297
v 3403 97 46
v 3404 268 116
v 3405 26 13
v 3406 99 59
v 3407 48 23
v 3408 49 24
v 3409 28 12
v 3410 31 12
v 3411 49 25
v 3412 165 92
v 3413 237 109
v 3414 505 247
v 3415 216 101
v 3416 187 86
v 3417 7 3
v 3418 92 39
v 3419 88 48
v 3420 34 19
v 3421 322 140
v 3422 14 8
v 3423 41 24
v 3424 88 49
v 3425 265 140
v 3426 135 81
v 3427 35 21
v 3428 166 92
v 3429 154 77
v 3430 46 20
v 3431 23 9
v 3432 221 102
v 3433 285 134
v 3434 209 107
v 3435 125 59
v 3436 100 57
v 3437 173 104
v 3438 144 79
v 3439 180 88
v 3440 223 97
v 3441 73 42
v 3442 101 50
v 3447 204 105
v 3448 114 55
v 3449 136 61
v 3451 242 126
v 3454 159 77
v 3456 260 127
v 3457 115 54
v 3459 141 72
v 3463 257 132
v 3464 136 74
v 3465 83 40
v 3466 33 16
v 3473 84 44
v 3483 57 17
v 3599 784 401
v 3600 327 181
v 3601 908 493
v 3602 1857 860
v 3603 1007 565
v 3604 1040 492
v 3605 2610 1348
v 3606 1450 763
v 3607 532 277
v 3609 1987 1072
v 3610 3042 1594
v 3611 1958 983
v 3612 771 382
v 3613 2507 1302
v 3614 1759 855
v 3615 1864 906
v 3616 478 250
v 3617 698 314
v 3618 750 407
v 3619 1102 582
v 3620 1977 1088
v 3621 623 322
v 3622 266 122
v 3623 1305 678
v 3624 511 275
v 3625 694 361
v 3626 1105 483
v 3627 848 438
v 3628 724 378
v 3629 511 269
v 3630 497 277
v 3631 671 352
v 3632 2097 1054
v 3633 2434 1200
v 3634 758 339
v 3635 495 258
v 3636 442 187
v 3637 1099 614
v 3638 2459 1171
v 3639 1233 599
v 3640 477 236
v 3641 294 150
v 3642 380 206
v 3643 458 256
v 3644 1306 620
v 3645 243 126
v 3646 1670 733
v 3647 564 293
v 3648 795 415
v 3649 136 72
v 3650 86 47
v 3651 901 448
v 3652 1017 512
v 3653 1118 550
v 3654 1229 568
v 3655 2341 1173
v 3656 452 233
v 3657 230 131
v 3658 3215 1586
v 3659 973 479
v 3660 2178 1024
v 3661 252 121
v 3662 538 264
v 3663 304 177
v 3664 450 223
v 3665 332 152
v 3666 245 97
v 3667 261 147
v 3668 1377 731
v 3669 2198 1111
v 3670 4024 2012
v 3671 1733 825
v 3672 1707 836
v 3673 86 39
v 3674 753 380
v 3675 805 373
v 3676 310 125
v 3677 2451 1229
v 3678 203 105
v 3679 235 132
v 3680 733 385
v 3681 1638 773
v 3682 1270 688
v 3683 354 185
v 3684 1084 552
v 3685 1463 744
v 3686 354 172
v 3687 165 70
v 3688 1782 906
v 3689 1934 952
v 3690 1446 760
v 3691 971 469
v 3692 707 400
v 3693 1368 742
v 3694 1094 548
v 3695 1010 491
v 3696 1619 816
v 3697 592 276
v 3698 769 393
v 3703 1421 704
v 3704 846 423
v 3705 1347 630
v 3707 1919 997
v 3710 803 399
v 3712 1617 845
v 3713 656 349
v 3715 1113 562
v 3719 1968 867
v 3720 1034 518
v 3721 698 364
v 3722 284 154
v 3729 645 365
v 3739 334 165
v 3856 61 28
v 3857 215 97
v 3858 311 154
v 3859 218 122
v 3860 197 97
v 3861 556 308
v 3862 353 183
v 3863 106 65
v 3865 393 201
v 3866 603 332
v 3867 346 145
v 3868 157 85
v 3869 492 279
v 3870 277 141
v 3871 326 158
v 3872 144 70
v 3873 104 44
v 3874 123 58
v 3875 315 139
v 3876 418 206
v 3877 102 43
v 3878 48 25
v 3879 338 168
v 3880 109 50
v 3881 198 86
v 3882 241 115
v 3883 181 102
v 3884 152 77
v 3885 94 52
v 3886 84 52
v 3887 164 85
v 3888 333 170
v 3889 421 212
v 3890 93 38
v 3891 89 42
v 3892 87 41
v 3893 245 127
v 3894 514 252
v 3895 200 102
v 3896 112 56
v 3897 54 28
v 3898 75 39
v 3899 87 45
v 3900 279 137
v 3901 31 11
v 3902 290 128
v 3903 108 59
v 3904 152 80
v 3905 25 13
v 3906 8 5
v 3907 193 90
v 3908 199 107
v 3909 240 127
v 3910 161 84
v 3911 459 214
v 3912 107 55
v 3913 47 27
v 3914 544 277
v 3915 222 121
v 3916 414 190
v 3917 34 16
v 3918 101 45
v 3919 48 25
v 3920 83 43
v 3921 61 29
v 3922 38 20
v 3923 57 28
v 3924 321 163
v 3925 396 218
v 3926 768 396
v 3927 311 138
v 3928 371 168
v 3929 22 7
v 3930 100 42
v 3931 87 40
v 3932 38 18
v 3933 398 192
v 3934 34 20
v 3935 47 22
v 3936 150 87
v 3937 299 151
v 3938 136 78
v 3939 65 29
v 3940 176 82
v 3941 303 172
v 3942 77 44
v 3943 34 9
v 3944 395 207
v 3945 268 133
v 3946 273 139
v 3947 155 74
v 3948 135 60
v 3949 222 115
v 3950 159 72
v 3951 166 87
v 3952 241 114
v 3953 92 49
v 3954 136 65
v 3959 248 122
v 3960 150 80
v 3961 192 95
v 3963 341 177
v 3966 172 91
v 3968 323 158
v 3969 130 73
v 3971 193 96
v 3975 338 150
v 3976 193 102
v 3977 122 59
v 3978 63 32
v 3985 123 66
v 3995 51 23
v 4113 73 41
v 4114 139 67
v 4115 97 62
v 4116 92 48
v 4117 228 109
v 4118 119 68
v 4119 61 33
v 4121 196 90
v 4122 330 161
v 4123 202 89
v 4124 72 38
v 4125 209 105
v 4126 163 72
v 4127 139 69
v 4128 54 29
v 4129 53 23
v 4130 59 28
v 4131 108 56
v 4132 194 88
v 4133 52 31
v 4134 33 16
v 4135 109 53
v 4136 46 23
v 4137 73 40
v 4138 95 39
v 4139 76 35
v 4140 77 41
v 4141 50 29
v 4142 73 35
v 4143 53 29
v 4144 180 81
v 4145 203 91
v 4146 55 20
v 4147 46 26
v 4148 34 22
v 4149 107 45
v 4150 215 95
v 4151 89 51
v 4152 37 15
v 4153 26 14
v 4154 35 13
v 4155 38 20
v 4156 108 44
v 4157 18 8
v 4158 93 40
v 4159 41 20
v 4160 78 34
v 4161 6 3
v 4162 8 3
v 4163 87 39
v 4164 99 49
v 4165 110 49
v 4166 109 51
v 4167 230 114
v 4168 38 21
v 4169 34 13
v 4170 276 143
v 4171 62 37
v 4172 200 92
v 4173 21 16
v 4174 50 25
v 4175 42 19
v 4176 22 13
v 4177 38 21
v 4178 19 8
v 4179 28 8
v 4180 151 76
v 4181 169 77
v 4182 317 158
v 4183 143 71
v 4184 149 73
v 4185 7 5
v 4186 42 17
v 4187 43 26
v 4188 19 6
v 4189 188 90
v 4190 20 10
v 4191 17 6
v 4192 59 24
v 4193 157 77
v 4194 53 19
v 4195 40 21
v 4196 103 54
v 4197 108 56
v 4198 32 12
v 4199 14 8
v 4200 182 89
v 4201 138 64
v 4202 148 68
v 4203 86 34
v 4204 62 35
v 4205 113 63
v 4206 76 38
v 4207 72 30
v 4208 135 72
v 4209 49 17
v 4210 51 25
v 4215 114 58
v 4216 73 38
v 4217 103 42
v 4219 149 81
v 4222 88 37
v 4224 147 79
v 4225 81 41
v 4227 81 39
v 4231 169 74
v 4232 86 43
v 4233 52 25
v 4234 25 12
v 4241 66 33
v 4251 25 10
v 4370 370 171
v 4371 226 99
v 4372 282 136
v 4373 561 268
v 4374 379 190
v 4375 114 58
v 4377 417 200
v 4378 515 243
v 4379 305 134
v 4380 160 87
v 4381 477 239
v 4382 393 193
v 4383 382 176
v 4384 92 39
v 4385 126 63
v 4386 204 101
v 4387 341 184
v 4388 445 217
v 4389 126 65
v 4390 47 25
v 4391 297 171
v 4392 168 99
v 4393 192 87
v 4394 232 100
v 4395 183 85
v 4396 184 89
v 4397 98 54
v 4398 130 62
v 4399 145 74
v 4400 459 219
v 4401 503 208
v 4402 148 65
v 4403 121 75
v 4404 95 37
v 4405 351 202
v 4406 459 200
v 4407 301 145
v 4408 120 54
v 4409 69 25
v 4410 73 35
v 4411 106 53
v 4412 257 105
v 4413 40 12
v 4414 384 179
v 4415 101 55
v 4416 186 99
v 4417 30 12
v 4418 16 11
v 4419 227 106
v 4420 267 111
v 4421 245 118
v 4422 226 109
v 4423 528 244
v 4424 116 66
v 4425 46 24
v 4426 695 315
v 4427 172 77
v 4428 444 200
v 4429 43 14
v 4430 119 65
v 4431 77 41
v 4432 89 36
v 4433 57 27
v 4434 43 16
v 4435 66 33
v 4436 328 163
v 4437 485 236
v 4438 885 412
v 4439 268 130
v 4440 272 123
v 4441 20 14
v 4442 184 79
v 4443 158 55
v 4444 51 26
v 4445 443 186
v 4446 39 20
v 4447 40 21
v 4448 162 77
v 4449 369 164
v 4450 198 110
v 4451 61 36
v 4452 260 130
v 4453 222 111
v 4454 71 37
v 4455 33 21
v 4456 416 183
v 4457 384 183
v 4458 367 167
v 4459 204 94
v 4460 156 86
v 4461 269 140
v 4462 223 103
v 4463 216 100
v 4464 344 165
v 4465 97 43
v 4466 163 82
v 4471 271 141
v 4472 178 95
v 4473 218 92
v 4475 387 202
v 4478 191 101
v 4480 396 186
v 4481 152 82
v 4483 205 89
v 4487 434 211
v 4488 224 100
v 4489 148 78
v 4490 62 30
v 4497 136 72
v 4507 80 36
v 4627 549 307
v 4628 428 200
v 4629 1098 576
v 4630 615 325
v 4631 220 115
v 4633 927 523
v 4634 1423 742
v 4635 771 390
v 4636 291 142
v 4637 896 491
v 4638 755 397
v 4639 799 405
v 4640 253 117
v 4641 318 152
v 4642 327 153
v 4643 577 306
v 4644 835 448
v 4645 285 169
v 4646 134 79
v 4647 530 292
v 4648 209 113
v 4649 317 158
v 4650 529 245
v 4651 360 197
v 4652 330 188
v 4653 216 106
v 4654 291 142
v 4655 321 168
v 4656 943 510
v 4657 1060 496
v 4658 298 147
v 4659 217 122
v 4660 158 78
v 4661 562 318
v 4662 1060 495
v 4663 661 347
v 4664 203 91
v 4665 120 63
v 4666 130 70
v 4667 203 113
v 4668 731 362
v 4669 123 72
v 4670 675 294
v 4671 214 120
v 4672 317 160
v 4673 47 30
v 4674 30 15
v 4675 398 196
v 4676 488 260
v 4677 473 234
v 4678 483 246
v 4679 1112 534
v 4680 197 117
v 4681 109 57
v 4682 1262 633
v 4683 437 224
v 4684 1032 482
v 4685 120 57
v 4686 292 148
v 4687 147 95
v 4688 200 101
v 4689 181 106
v 4690 115 59
v 4691 105 60
v 4692 562 278
v 4693 794 433
v 4694 1752 901
v 4695 791 397
v 4696 876 439
v 4697 51 25
v 4698 296 161
v 4699 340 173
v 4700 126 58
v 4701 1021 516
v 4702 76 39
v 4703 139 67
v 4704 310 179
v 4705 715 378
v 4706 366 193
v 4707 136 72
v 4708 491 243
v 4709 683 395
v 4710 143 76
v 4711 72 34
v 4712 883 468
v 4713 712 328
v 4714 704 361
v 4715 471 249
v 4716 307 176
v 4717 554 310
v 4718 323 149
v 4719 404 212
v 4720 492 224
v 4721 223 114
v 4722 266 137
v 4727 534 278
v 4728 377 195
v 4729 590 304
v 4731 860 459
v 4734 394 236
v 4736 828 445
v 4737 312 181
v 4739 487 267
v 4743 802 402
v 4744 461 263
v 4745 327 186
v 4746 145 76
v 4753 283 152
v 4763 174 86
v 4884 311 129
v 4885 845 409
v 4886 457 204
v 4887 182 92
v 4889 585 301
v 4890 1031 486
v 4891 523 231
v 4892 206 98
v 4893 653 302
v 4894 486 194
v 4895 463 204
v 4896 147 57
v 4897 241 97
v 4898 231 81
v 4899 415 191
v 4900 613 251
v 4901 170 79
v 4902 91 45
v 4903 358 170
v 4904 133 47
v 4905 224 100
v 4906 295 125
v 4907 233 95
v 4908 260 113
v 4909 188 76
v 4910 179 77
v 4911 192 79
v 4912 631 262
v 4913 631 272
v 4914 168 59
v 4915 140 76
v 4916 118 46
v 4917 364 159
v 4918 735 268
v 4919 330 135
v 4920 139 57
v 4921 81 38
v 4922 100 44
v 4923 168 75
v 4924 423 175
v 4925 67 40
v 4926 428 145
v 4927 136 69
v 4928 216 107
v 4929 43 22
v 4930 20 7
v 4931 301 131
v 4932 332 138
v 4933 335 153
v 4934 309 143
v 4935 755 344
v 4936 176 73
v 4937 69 36
v 4938 963 431
v 4939 303 135
v 4940 649 258
v 4941 65 28
v 4942 136 55
v 4943 99 43
v 4944 109 52
v 4945 94 42
v 4946 58 21
v 4947 79 47
v 4948 401 187
v 4949 474 217
v 4950 1140 530
v 4951 451 187
v 4952 564 235
v 4953 34 18
v 4954 189 82
v 4955 209 93
v 4956 75 31
v 4957 634 292
v 4958 60 24
v 4959 61 25
v 4960 201 78
v 4961 510 237
v 4962 333 162
v 4963 91 48
v 4964 357 163
v 4965 414 205
v 4966 79 40
v 4967 48 13
v 4968 574 247
v 4969 526 243
v 4970 455 192
v 4971 252 98
v 4972 205 103
v 4973 401 196
v 4974 281 117
v 4975 250 101
v 4976 377 147
v 4977 159 62
v 4978 186 80
v 4983 367 178
v 4984 263 117
v 4985 338 133
v 4987 537 263
v 4990 257 105
v 4992 582 267
v 4993 233 114
v 4995 309 146
v 4999 487 212
v 5000 291 148
v 5001 195 86
v 5002 96 39
v 5009 184 92
v 5019 91 31
v 5141 669 356
v 5142 420 223
v 5143 151 81
v 5145 524 286
v 5146 837 474
v 5147 495 241
v 5148 214 139
v 5149 572 291
v 5150 493 254
v 5151 469 219
v 5152 135 55
v 5153 194 93
v 5154 177 95
v 5155 351 183
v 5156 564 266
v 5157 177 99
v 5158 80 45
v 5159 309 177
v 5160 128 69
v 5161 243 130
v 5162 305 134
v 5163 211 110
v 5164 228 122
v 5165 138 69
v 5166 158 84
v 5167 189 90
v 5168 534 259
v 5169 572 257
v 5170 181 84
v 5171 132 67
v 5172 73 35
v 5173 295 173
v 5174 516 238
v 5175 300 134
v 5176 110 62
v 5177 82 39
v 5178 65 33
v 5179 124 75
v 5180 325 159
v 5181 63 26
v 5182 334 169
v 5183 138 71
v 5184 222 115
v 5185 35 21
v 5186 17 9
v 5187 305 138
v 5188 337 176
v 5189 321 160
v 5190 224 111
v 5191 603 302
v 5192 123 61
v 5193 72 42
v 5194 763 399
v 5195 283 144
v 5196 500 252
v 5197 58 30
v 5198 114 50
v 5199 70 43
v 5200 94 60
v 5201 107 50
v 5202 68 33
v 5203 93 50
v 5204 385 197
v 5205 480 244
v 5206 1042 506
v 5207 487 234
v 5208 487 219
v 5209 23 8
v 5210 171 76
v 5211 151 79
v 5212 63 31
v 5213 616 297
v 5214 51 32
v 5215 62 28
v 5216 193 105
v 5217 488 240
v 5218 201 106
v 5219 71 40
v 5220 301 150
v 5221 362 178
v 5222 81 40
v 5223 32 19
v 5224 498 245
v 5225 465 227
v 5226 387 204
v 5227 223 110
v 5228 207 108
v 5229 327 182
v 5230 262 127
v 5231 250 121
v 5232 361 165
v 5233 140 52
v 5234 161 81
v 5239 301 151
v 5240 231 131
v 5241 317 158
v 5243 467 253
v 5246 218 106
v 5248 492 261
v 5249 201 97
v 5251 243 123
v 5255 493 233
v 5256 251 138
v 5257 156 81
v 5258 90 46
v 5265 154 78
v 5275 72 40
v 5398 1036 490
v 5399 394 208
v 5401 1417 732
v 5402 2148 1058
v 5403 1300 610
v 5404 450 238
v 5405 1525 751
v 5406 1142 562
v 5407 1162 546
v 5408 357 167
v 5409 491 200
v 5410 497 229
v 5411 960 497
v 5412 1502 769
v 5413 357 191
v 5414 166 85
v 5415 890 482
v 5416 378 184
v 5417 625 289
v 5418 774 354
v 5419 572 302
v 5420 588 280
v 5421 340 160
v 5422 459 229
v 5423 524 278
v 5424 1437 688
v 5425 1609 722
v 5426 408 180
v 5427 328 164
v 5428 273 129
v 5429 854 465
v 5430 1375 669
v 5431 793 389
v 5432 314 165
v 5433 171 82
v 5434 265 146
v 5435 328 182
v 5436 907 422
v 5437 148 65
v 5438 1063 478
v 5439 351 174
v 5440 504 281
v 5441 78 38
v 5442 30 13
v 5443 709 334
v 5444 755 384
v 5445 662 348
v 5446 585 303
v 5447 1577 735
v 5448 355 209
v 5449 179 97
v 5450 1941 887
v 5451 677 328
v 5452 1402 639
v 5453 124 59
v 5454 368 154
v 5455 186 91
v 5456 274 131
v 5457 204 111
v 5458 118 51
v 5459 214 116
v 5460 945 454
v 5461 1312 703
v 5462 2634 1287
v 5463 1089 549
v 5464 1208 537
v 5465 56 35
v 5466 441 210
v 5467 427 190
v 5468 176 77
v 5469 1483 728
v 5470 106 49
v 5471 158 82
v 5472 591 299
v 5473 1129 565
v 5474 485 260
v 5475 198 104
v 5476 761 371
v 5477 920 471
v 5478 202 104
v 5479 85 32
v 5480 1229 564
v 5481 1192 535
v 5482 1008 479
v 5483 621 282
v 5484 475 261
v 5485 764 396
v 5486 652 304
v 5487 612 304
v 5488 911 454
v 5489 360 155
v 5490 432 238
v 5495 861 434
v 5496 548 292
v 5497 772 364
v 5499 1234 633
v 5502 554 289
v 5504 1209 605
v 5505 544 259
v 5507 644 336
v 5511 1216 593
v 5512 695 359
v 5513 448 217
v 5514 234 115
v 5521 407 218
v 5531 240 124
v 5655 235 127
v 5657 778 400
v 5658 1268 655
v 5659 761 366
v 5660 258 131
v 5661 801 415
v 5662 633 292
v 5663 707 310
v 5664 226 125
v 5665 224 88
v 5666 277 136
v 5667 604 342
v 5668 720 348
v 5669 206 98
v 5670 100 49
v 5671 534 291
v 5672 237 130
v 5673 321 160
v 5674 479 214
v 5675 284 141
v 5676 319 151
v 5677 218 109
v 5678 248 126
v 5679 278 141
v 5680 717 371
v 5681 886 392
v 5682 239 112
v 5683 182 92
v 5684 149 69
v 5685 458 258
v 5686 855 369
v 5687 394 182
v 5688 202 102
v 5689 121 58
v 5690 138 62
v 5691 161 90
v 5692 557 249
v 5693 85 41
v 5694 645 278
v 5695 208 119
v 5696 314 165
v 5697 31 11
v 5698 29 10
v 5699 491 213
v 5700 440 234
v 5701 423 221
v 5702 349 188
v 5703 944 450
v 5704 188 89
v 5705 91 48
v 5706 1212 591
v 5707 429 205
v 5708 860 388
v 5709 101 60
v 5710 188 92
v 5711 109 59
v 5712 165 75
v 5713 117 64
v 5714 95 37
v 5715 116 65
v 5716 572 302
v 5717 708 341
v 5718 1535 767
v 5719 618 272
v 5720 725 336
v 5721 32 15
v 5722 255 119
v 5723 207 94
v 5724 99 39
v 5725 825 398
v 5726 69 34
v 5727 94 49
v 5728 265 137
v 5729 632 321
v 5730 252 135
v 5731 146 83
v 5732 439 223
v 5733 533 267
v 5734 133 59
v 5735 60 35
v 5736 783 386
v 5737 699 349
v 5738 574 260
v 5739 335 155
v 5740 308 164
v 5741 404 225
v 5742 329 171
v 5743 363 182
v 5744 492 230
v 5745 191 88
v 5746 196 119
v 5751 473 233
v 5752 309 163
v 5753 419 195
v 5755 674 364
v 5758 352 181
v 5760 659 338
v 5761 316 162
v 5763 384 203
v 5767 667 302
v 5768 357 172
v 5769 239 120
v 5770 117 60
v 5777 248 136
v 5787 110 42
v 5913 308 165
v 5914 544 270
v 5915 299 152
v 5916 119 68
v 5917 355 189
v 5918 238 114
v 5919 281 125
v 5920 80 42
v 5921 109 54
v 5922 116 52
v 5923 211 101
v 5924 321 170
v 5925 72 40
v 5926 39 16
v 5927 186 101
v 5928 87 49
v 5929 133 62
v 5930 179 101
v 5931 121 59
v 5932 137 70
v 5933 84 33
v 5934 110 59
v 5935 100 50
v 5936 310 164
v 5937 347 156
v 5938 87 33
v 5939 79 44
v 5940 61 26
v 5941 170 90
v 5942 382 174
v 5943 156 80
v 5944 75 26
v 5945 38 10
v 5946 45 28
v 5947 79 38
v 5948 207 94
v 5949 32 13
v 5950 209 87
v 5951 74 34
v 5952 123 67
v 5953 17 11
v 5954 9 4
v 5955 149 74
v 5956 151 67
v 5957 157 72
v 5958 162 75
v 5959 373 155
v 5960 70 31
v 5961 32 19
v 5962 507 248
v 5963 150 84
v 5964 293 128
v 5965 23 8
v 5966 71 25
v 5967 61 39
v 5968 61 35
v 5969 51 26
v 5970 22 11
v 5971 56 37
v 5972 234 117
v 5973 267 148
v 5974 591 288
v 5975 297 150
v 5976 268 127
v 5977 14 4
v 5978 89 33
v 5979 115 60
v 5980 39 23
v 5981 341 166
v 5982 23 14
v 5983 32 12
v 5984 102 55
v 5985 288 132
v 5986 122 69
v 5987 34 18
v 5988 191 96
v 5989 195 101
v 5990 58 28
v 5991 20 10
v 5992 350 165
v 5993 285 137
v 5994 221 113
v 5995 137 70
v 5996 119 48
v 5997 199 110
v 5998 138 63
v 5999 130 61
v 6000 196 89
v 6001 75 38
v 6002 112 57
v 6007 156 67
v 6008 132 74
v 6009 166 83
v 6011 248 130
v 6014 160 77
v 6016 295 147
v 6017 128 71
v 6019 147 62
v 6023 275 130
v 6024 138 63
v 6025 94 48
v 6026 40 25
v 6033 88 46
v 6043 49 26
v 6426 1633 763
v 6427 987 465
v 6428 361 169
v 6429 1070 507
v 6430 879 394
v 6431 824 359
v 6432 258 108
v 6433 324 122
v 6434 366 162
v 6435 836 389
v 6436 1147 551
v 6437 274 126
v 6438 132 51
v 6439 630 316
v 6440 239 104
v 6441 416 194
v 6442 547 221
v 6443 445 224
v 6444 439 200
v 6445 256 128
v 6446 351 183
v 6447 449 214
v 6448 1098 529
v 6449 1260 537
v 6450 333 142
v 6451 234 118
v 6452 186 80
v 6453 603 293
v 6454 1055 464
v 6455 534 250
v 6456 237 103
v 6457 142 60
v 6458 186 92
v 6459 259 114
v 6460 686 310
v 6461 87 40
v 6462 658 248
v 6463 265 116
v 6464 392 200
v 6465 69 32
v 6466 26 15
v 6467 527 221
v 6468 572 268
v 6469 524 272
v 6470 508 222
v 6471 1001 428
v 6472 231 121
v 6473 138 63
v 6474 1700 730
v 6475 476 235
v 6476 1298 542
v 6477 100 54
v 6478 244 106
v 6479 155 80
v 6480 223 102
v 6481 179 76
v 6482 76 34
v 6483 173 82
v 6484 726 335
v 6485 1094 542
v 6486 1958 889
v 6487 829 389
v 6488 852 366
v 6489 41 16
v 6490 360 152
v 6491 338 150
v 6492 151 59
v 6493 1036 488
v 6494 91 50
v 6495 116 49
v 6496 368 165
v 6497 894 408
v 6498 384 180
v 6499 165 80
v 6500 514 229
v 6501 714 375
v 6502 158 78
v 6503 64 24
v 6504 895 397
v 6505 919 423
v 6506 742 353
v 6507 468 209
v 6508 359 179
v 6509 601 306
v 6510 588 274
v 6511 409 174
v 6512 695 309
v 6513 312 119
v 6514 289 153
v 6519 655 290
v 6520 402 198
v 6521 623 271
v 6523 889 431
v 6526 420 185
v 6528 900 417
v 6529 390 191
v 6531 472 214
v 6535 925 414
v 6536 482 235
v 6537 329 165
v 6538 163 68
v 6545 281 155
v 6555 166 75
v 6683 1599 773
v 6684 581 287
v 6685 1802 916
v 6686 1386 678
v 6687 1402 641
v 6688 431 200
v 6689 525 240
v 6690 580 275
v 6691 1166 572
v 6692 1413 723
v 6693 482 234
v 6694 230 110
v 6695 938 492
v 6696 461 232
v 6697 585 310
v 6698 921 401
v 6699 615 302
v 6700 746 343
v 6701 452 227
v 6702 531 265
v 6703 599 292
v 6704 1619 792
v 6705 1818 808
v 6706 544 235
v 6707 383 199
v 6708 309 145
v 6709 1032 555
v 6710 1729 812
v 6711 817 387
v 6712 402 181
v 6713 253 111
v 6714 246 123
v 6715 385 214
v 6716 1094 509
v 6717 157 78
v 6718 1063 457
v 6719 455 247
v 6720 657 336
v 6721 94 39
v 6722 50 24
v 6723 905 403
v 6724 883 444
v 6725 721 352
v 6726 749 355
v 6727 1892 906
v 6728 390 211
v 6729 240 121
v 6730 2445 1156
v 6731 866 452
v 6732 1653 740
v 6733 174 77
v 6734 366 166
v 6735 234 125
v 6736 307 152
v 6737 273 123
v 6738 147 67
v 6739 271 136
v 6740 1216 602
v 6741 1550 782
v 6742 3443 1566
v 6743 1283 618
v 6744 1503 711
v 6745 60 26
v 6746 508 231
v 6747 502 234
v 6748 192 83
v 6749 1591 775
v 6750 133 59
v 6751 169 77
v 6752 599 311
v 6753 1427 713
v 6754 501 279
v 6755 252 139
v 6756 1019 461
v 6757 1098 563
v 6758 256 125
v 6759 111 53
v 6760 1571 765
v 6761 1457 713
v 6762 1123 533
v 6763 733 381
v 6764 614 322
v 6765 883 472
v 6766 796 395
v 6767 808 389
v 6768 1066 490
v 6769 479 207
v 6770 557 289
v 6775 1008 498
v 6776 687 363
v 6777 910 424
v 6779 1405 735
v 6782 706 372
v 6784 1512 767
v 6785 699 354
v 6787 802 400
v 6791 1417 653
v 6792 745 381
v 6793 460 236
v 6794 245 122
v 6801 424 256
v 6811 259 133
v 6940 284 166
v 6941 1141 617
v 6942 826 421
v 6943 905 433
v 6944 259 131
v 6945 335 139
v 6946 331 185
v 6947 719 389
v 6948 1029 519
v 6949 299 151
v 6950 150 72
v 6951 560 326
v 6952 251 143
v 6953 324 185
v 6954 634 295
v 6955 365 192
v 6956 385 198
v 6957 239 105
v 6958 258 145
v 6959 343 173
v 6960 1008 492
v 6961 1093 520
v 6962 333 161
v 6963 223 118
v 6964 183 80
v 6965 611 326
v 6966 1055 520
v 6967 556 255
v 6968 221 110
v 6969 155 80
v 6970 150 72
v 6971 235 138
v 6972 591 278
v 6973 101 53
v 6974 627 286
v 6975 223 119
v 6976 394 217
v 6977 48 26
v 6978 34 21
v 6979 602 268
v 6980 521 264
v 6981 460 241
v 6982 460 246
v 6983 1120 528
v 6984 251 137
v 6985 131 73
v 6986 1472 714
v 6987 572 272
v 6988 922 441
v 6989 107 60
v 6990 224 108
v 6991 154 82
v 6992 197 90
v 6993 178 95
v 6994 107 52
v 6995 171 80
v 6996 743 368
v 6997 985 533
v 6998 1981 1053
v 6999 796 399
v 7000 846 459
v 7001 57 20
v 7002 299 153
v 7003 272 136
v 7004 114 48
v 7005 1057 541
v 7006 94 50
v 7007 87 42
v 7008 348 194
v 7009 873 456
v 7010 295 163
v 7011 130 73
v 7012 579 308
v 7013 636 352
v 7014 192 107
v 7015 66 25
v 7016 853 410
v 7017 864 420
v 7018 668 324
v 7019 459 221
v 7020 364 188
v 7021 594 297
v 7022 426 214
v 7023 422 214
v 7024 663 331
v 7025 252 119
v 7026 321 177
v 7031 593 315
v 7032 434 234
v 7033 569 286
v 7035 807 422
v 7038 430 223
v 7040 873 441
v 7041 388 215
v 7043 481 263
v 7047 920 447
v 7048 463 233
v 7049 315 152
v 7050 144 81
v 7057 283 174
v 7067 160 83
v 7197 433 199
v 7198 313 129
v 7199 283 131
v 7200 175 74
v 7201 107 51
v 7202 126 61
v 7203 247 125
v 7204 335 161
v 7205 116 60
v 7206 39 16
v 7207 212 112
v 7208 87 45
v 7209 126 69
v 7210 179 70
v 7211 129 68
v 7212 160 87
v 7213 97 43
v 7214 99 51
v 7215 125 71
v 7216 391 168
v 7217 469 201
v 7218 89 41
v 7219 89 45
v 7220 74 38
v 7221 234 133
v 7222 363 181
v 7223 202 93
v 7224 89 38
v 7225 47 18
v 7226 45 17
v 7227 89 46
v 7228 239 98
v 7229 29 12
v 7230 414 178
v 7231 119 74
v 7232 131 70
v 7233 16 6
v 7234 15 9
v 7235 182 68
v 7236 231 118
v 7237 199 91
v 7238 170 77
v 7239 395 183
v 7240 87 42
v 7241 41 24
v 7242 557 253
v 7243 219 113
v 7244 367 150
v 7245 29 15
v 7246 88 42
v 7247 58 31
v 7248 90 48
v 7249 56 26
v 7250 35 12
v 7251 60 36
v 7252 225 116
v 7253 308 167
v 7254 755 356
v 7255 289 134
v 7256 436 187
v 7257 9 3
v 7258 125 61
v 7259 134 69
v 7260 52 21
v 7261 402 196
v 7262 34 19
v 7263 51 22
v 7264 143 72
v 7265 316 169
v 7266 135 70
v 7267 62 30
v 7268 214 113
v 7269 267 131
v 7270 53 20
v 7271 30 16
v 7272 413 174
v 7273 259 114
v 7274 275 119
v 7275 166 71
v 7276 146 75
v 7277 234 127
v 7278 151 70
v 7279 172 74
v 7280 198 90
v 7281 96 41
v 7282 111 51
v 7287 194 100
v 7288 142 77
v 7289 203 94
v 7291 309 134
v 7294 155 74
v 7296 323 164
v 7297 127 53
v 7299 193 94
v 7303 352 180
v 7304 158 85
v 7305 106 46
v 7306 54 26
v 7313 105 54
v 7323 67 31
v 7454 909 417
v 7455 980 426
v 7456 261 98
v 7457 385 181
v 7458 370 164
v 7459 811 397
v 7460 1257 602
v 7461 338 171
v 7462 144 69
v 7463 710 363
v 7464 316 146
v 7465 354 163
v 7466 626 301
v 7467 487 201
v 7468 452 230
v 7469 282 126
v 7470 303 164
v 7471 508 237
v 7472 1107 557
v 7473 1369 615
v 7474 364 158
v 7475 238 112
v 7476 224 86
v 7477 628 317
v 7478 1322 545
v 7479 709 309
v 7480 288 130
v 7481 157 74
v 7482 191 85
v 7483 316 148
v 7484 912 420
v 7485 117 57
v 7486 788 346
v 7487 279 124
v 7488 458 237
v 7489 60 34
v 7490 34 13
v 7491 558 255
v 7492 561 284
v 7493 605 282
v 7494 710 324
v 7495 1348 594
v 7496 240 114
v 7497 132 65
v 7498 1656 744
v 7499 624 314
v 7500 1334 557
v 7501 122 62
v 7502 321 134
v 7503 169 84
v 7504 216 92
v 7505 168 83
v 7506 110 44
v 7507 169 98
v 7508 801 405
v 7509 1107 526
v 7510 2045 948
v 7511 867 378
v 7512 1082 461
v 7513 38 16
v 7514 356 175
v 7515 352 146
v 7516 152 75
v 7517 1646 675
v 7518 74 34
v 7519 109 52
v 7520 448 222
v 7521 1077 510
v 7522 581 274
v 7523 208 108
v 7524 662 327
v 7525 795 376
v 7526 173 78
v 7527 70 29
v 7528 1206 550
v 7529 992 481
v 7530 749 374
v 7531 505 251
v 7532 424 210
v 7533 626 332
v 7534 508 243
v 7535 545 265
v 7536 740 336
v 7537 287 122
v 7538 351 180
v 7543 754 328
v 7544 444 223
v 7545 641 261
v 7547 987 500
v 7550 430 213
v 7552 966 450
v 7553 402 215
v 7555 572 268
v 7559 1141 518
v 7560 519 243
v 7561 426 178
v 7562 186 79
v 7569 317 170
v 7579 195 83
v 7711 767 367
v 7712 224 100
v 7713 347 158
v 7714 298 157
v 7715 615 320
v 7716 936 477
v 7717 245 120
v 7718 122 59
v 7719 480 273
v 7720 252 140
v 7721 375 185
v 7722 496 216
v 7723 381 192
v 7724 386 213
v 7725 236 123
v 7726 297 149
v 7727 289 152
v 7728 845 436
v 7729 943 465
v 7730 310 137
v 7731 213 109
v 7732 171 77
v 7733 475 259
v 7734 854 438
v 7735 488 227
v 7736 213 93
v 7737 130 68
v 7738 150 81
v 7739 183 101
v 7740 638 296
v 7741 111 45
v 7742 610 271
v 7743 203 92
v 7744 350 187
v 7745 45 26
v 7746 24 11
v 7747 365 184
v 7748 524 257
v 7749 417 223
v 7750 435 201
v 7751 1011 482
v 7752 183 104
v 7753 117 61
v 7754 1298 618
v 7755 486 267
v 7756 902 386
v 7757 102 54
v 7758 228 98
v 7759 135 78
v 7760 173 84
v 7761 141 63
v 7762 71 26
v 7763 161 87
v 7764 631 336
v 7765 891 455
v 7766 1673 821
v 7767 699 329
v 7768 770 347
v 7769 40 21
v 7770 317 152
v 7771 267 128
v 7772 118 47
v 7773 918 457
v 7774 111 62
v 7775 107 55
v 7776 287 172
v 7777 796 404
v 7778 249 136
v 7779 137 77
v 7780 501 258
v 7781 572 314
v 7782 137 70
v 7783 58 26
v 7784 910 446
v 7785 789 400
v 7786 625 302
v 7787 389 209
v 7788 254 141
v 7789 526 293
v 7790 406 191
v 7791 442 223
v 7792 622 316
v 7793 261 106
v 7794 274 148
v 7799 540 265
v 7800 310 162
v 7801 546 267
v 7803 783 403
v 7806 383 182
v 7808 722 378
v 7809 311 150
v 7811 499 240
v 7815 768 370
v 7816 448 216
v 7817 297 157
v 7818 145 57
v 7825 240 137
v 7835 150 74
v 7968 201 90
v 7969 320 139
v 7970 292 148
v 7971 600 327
v 7972 803 436
v 7973 259 156
v 7974 111 54
v 7975 501 264
v 7976 239 121
v 7977 304 145
v 7978 485 228
v 7979 341 183
v 7980 344 177
v 7981 239 123
v 7982 254 140
v 7983 316 159
v 7984 947 494
v 7985 1019 525
v 7986 283 134
v 7987 198 119
v 7988 169 77
v 7989 501 282
v 7990 915 476
v 7991 501 244
v 7992 221 104
v 7993 139 73
v 7994 160 70
v 7995 241 144
v 7996 595 276
v 7997 96 43
v 7998 635 287
v 7999 209 112
v 8000 294 155
v 8001 57 30
v 8002 18 8
v 8003 408 211
v 8004 463 238
v 8005 422 239
v 8006 367 191
v 8007 1059 525
v 8008 178 102
v 8009 95 52
v 8010 1314 658
v 8011 480 254
v 8012 979 473
v 8013 105 53
v 8014 228 111
v 8015 139 74
v 8016 178 98
v 8017 114 63
v 8018 73 36
v 8019 174 92
v 8020 649 335
v 8021 881 487
v 8022 1773 934
v 8023 684 349
v 8024 826 408
v 8025 33 16
v 8026 282 148
v 8027 296 155
v 8028 106 45
v 8029 962 496
v 8030 81 38
v 8031 110 52
v 8032 345 184
v 8033 792 414
v 8034 298 161
v 8035 138 68
v 8036 506 274
v 8037 609 327
v 8038 167 97
v 8039 61 31
v 8040 871 464
v 8041 817 428
v 8042 623 298
v 8043 409 201
v 8044 288 173
v 8045 464 269
v 8046 400 186
v 8047 444 228
v 8048 611 288
v 8049 248 113
v 8050 275 152
v 8055 585 302
v 8056 353 188
v 8057 458 221
v 8059 837 453
v 8062 370 203
v 8064 783 412
v 8065 274 151
v 8067 447 236
v 8071 745 371
v 8072 389 209
v 8073 282 148
v 8074 139 76
v 8081 264 142
v 8091 140 66
v 8225 65 35
v 8226 100 47
v 8227 196 116
v 8228 267 140
v 8229 68 37
v 8230 36 22
v 8231 160 99
v 8232 82 44
v 8233 108 69
v 8234 183 82
v 8235 117 62
v 8236 114 61
v 8237 66 33
v 8238 74 38
v 8239 95 54
v 8240 245 123
v 8241 280 124
v 8242 85 40
v 8243 50 33
v 8244 56 25
v 8245 169 96
v 8246 280 141
v 8247 145 67
v 8248 69 39
v 8249 34 15
v 8250 52 35
v 8251 57 30
v 8252 177 91
v 8253 29 14
v 8254 145 73
v 8255 69 36
v 8256 78 42
v 8257 20 9
v 8258 8 2
v 8259 124 66
v 8260 146 77
v 8261 153 76
v 8262 128 71
v 8263 280 141
v 8264 54 24
v 8265 34 22
v 8266 423 218
v 8267 148 73
v 8268 283 140
v 8269 28 13
v 8270 70 34
v 8271 52 25
v 8272 56 23
v 8273 34 16
v 8274 30 13
v 8275 54 34
v 8276 184 97
v 8277 225 118
v 8278 541 284
v 8279 217 111
v 8280 291 143
v 8281 12 7
v 8282 90 50
v 8283 73 39
v 8284 24 8
v 8285 335 184
v 8286 26 17
v 8287 32 15
v 8288 98 48
v 8289 216 120
v 8290 79 40
v 8291 63 39
v 8292 143 79
v 8293 245 153
v 8294 48 24
v 8295 12 6
v 8296 308 167
v 8297 201 101
v 8298 171 94
v 8299 116 57
v 8300 96 51
v 8301 141 71
v 8302 149 80
v 8303 155 84
v 8304 169 83
v 8305 64 33
v 8306 92 47
v 8311 154 76
v 8312 100 60
v 8313 150 74
v 8315 210 112
v 8318 114 64
v 8320 225 124
v 8321 99 51
v 8323 111 69
v 8327 228 105
v 8328 88 44
v 8329 68 37
v 8330 57 29
v 8337 86 46
v 8347 38 20
v 8482 100 60
v 8483 227 119
v 8484 363 196
v 8485 92 56
v 8486 67 30
v 8487 163 97
v 8488 83 55
v 8489 131 68
v 8490 216 104
v 8491 115 69
v 8492 173 91
v 8493 80 45
v 8494 113 64
v 8495 118 73
v 8496 404 220
v 8497 417 227
v 8498 119 59
v 8499 77 36
v 8500 79 45
v 8501 203 112
v 8502 270 159
v 8503 218 114
v 8504 83 46
v 8505 67 38
v 8506 53 27
v 8507 87 50
v 8508 232 129
v 8509 37 21
v 8510 260 133
v 8511 82 40
v 8512 132 79
v 8513 22 11
v 8514 20 12
v 8515 177 85
v 8516 175 104
v 8517 201 114
v 8518 132 77
v 8519 420 231
v 8520 236 131
v 8521 50 28
v 8522 522 272
v 8523 223 124
v 8524 385 214
v 8525 40 16
v 8526 95 56
v 8527 65 37
v 8528 72 41
v 8529 43 18
v 8530 34 21
v 8531 35 20
v 8532 266 156
v 8533 380 206
v 8534 454 216
v 8535 287 160
v 8536 274 141
v 8537 26 15
v 8538 135 70
v 8539 133 72
v 8540 54 29
v 8541 293 165
v 8542 58 31
v 8543 29 13
v 8544 109 60
v 8545 293 172
v 8546 147 76
v 8547 51 27
v 8548 216 113
v 8549 226 129
v 8550 40 26
v 8551 22 10
v 8552 319 170
v 8553 356 190
v 8554 253 136
v 8555 158 87
v 8556 96 57
v 8557 176 111
v 8558 160 81
v 8559 189 109
v 8560 195 92
v 8561 97 55
v 8562 84 53
v 8567 232 144
v 8568 163 94
v 8569 206 107
v 8571 331 192
v 8574 156 90
v 8576 314 177
v 8577 123 78
v 8579 192 106
v 8583 398 194
v 8584 193 106
v 8585 119 70
v 8586 45 24
v 8593 128 72
v 8603 61 36
v 8739 241 137
v 8740 339 187
v 8741 114 51
v 8742 55 28
v 8743 207 116
v 8744 109 62
v 8745 129 69
v 8746 182 86
v 8747 143 70
v 8748 127 62
v 8749 96 55
v 8750 119 71
v 8751 118 55
v 8752 425 222
v 8753 457 228
v 8754 133 68
v 8755 79 38
v 8756 80 37
v 8757 206 122
v 8758 403 196
v 8759 184 94
v 8760 109 49
v 8761 60 25
v 8762 56 29
v 8763 105 55
v 8764 287 142
v 8765 47 26
v 8766 265 118
v 8767 100 60
v 8768 150 82
v 8769 31 15
v 8770 15 8
v 8771 250 123
v 8772 182 93
v 8773 179 89
v 8774 154 79
v 8775 398 183
v 8776 88 48
v 8777 48 27
v 8778 616 294
v 8779 172 90
v 8780 382 186
v 8781 48 24
v 8782 88 35
v 8783 65 38
v 8784 89 44
v 8785 63 29
v 8786 26 10
v 8787 59 33
v 8788 252 137
v 8789 364 175
v 8790 723 359
v 8791 285 144
v 8792 285 119
v 8793 21 9
v 8794 141 75
v 8795 135 58
v 8796 63 24
v 8797 357 172
v 8798 36 20
v 8799 35 17
v 8800 132 74
v 8801 355 192
v 8802 160 89
v 8803 59 32
v 8804 220 120
v 8805 217 113
v 8806 60 29
v 8807 29 14
v 8808 351 182
v 8809 363 186
v 8810 243 126
v 8811 171 74
v 8812 136 79
v 8813 252 129
v 8814 174 89
v 8815 232 121
v 8816 285 158
v 8817 146 67
v 8818 114 53
v 8823 239 123
v 8824 161 86
v 8825 215 101
v 8827 330 163
v 8830 154 81
v 8832 360 174
v 8833 133 68
v 8835 219 120
v 8839 322 166
v 8840 195 93
v 8841 147 81
v 8842 61 30
v 8849 121 66
v 8859 66 34
v 8996 700 347
v 8997 213 101
v 8998 92 41
v 8999 430 222
v 9000 211 111
v 9001 296 129
v 9002 396 166
v 9003 336 179
v 9004 324 138
v 9005 205 101
v 9006 192 103
v 9007 336 167
v 9008 675 326
v 9009 744 329
v 9010 231 98
v 9011 150 74
v 9012 127 58
v 9013 424 229
v 9014 731 338
v 9015 340 144
v 9016 151 67
v 9017 114 45
v 9018 114 52
v 9019 202 115
v 9020 427 196
v 9021 69 31
v 9022 412 171
v 9023 179 78
v 9024 277 145
v 9025 45 12
v 9026 17 5
v 9027 479 182
v 9028 420 199
v 9029 374 176
v 9030 331 150
v 9031 601 273
v 9032 179 90
v 9033 101 53
v 9034 1053 488
v 9035 424 216
v 9036 1006 483
v 9037 74 32
v 9038 146 54
v 9039 109 61
v 9040 137 71
v 9041 108 48
v 9042 57 30
v 9043 140 80
v 9044 536 250
v 9045 751 391
v 9046 1451 699
v 9047 592 298
v 9048 579 243
v 9049 32 16
v 9050 220 105
v 9051 189 86
v 9052 82 39
v 9053 701 334
v 9054 57 31
v 9055 87 39
v 9056 276 123
v 9057 607 280
v 9058 253 127
v 9059 97 59
v 9060 347 159
v 9061 540 270
v 9062 133 68
v 9063 51 24
v 9064 700 297
v 9065 578 271
v 9066 427 192
v 9067 261 104
v 9068 259 154
v 9069 360 202
v 9070 400 174
v 9071 368 177
v 9072 398 168
v 9073 200 80
v 9074 220 126
v 9079 420 217
v 9080 249 145
v 9081 429 196
v 9083 586 290
v 9086 307 144
v 9088 632 313
v 9089 281 143
v 9091 336 163
v 9095 634 273
v 9096 304 137
v 9097 209 95
v 9098 124 68
v 9105 178 94
v 9115 114 48
v 9253 329 170
v 9254 126 56
v 9255 657 332
v 9256 271 124
v 9257 410 196
v 9258 590 289
v 9259 427 195
v 9260 424 203
v 9261 256 113
v 9262 314 174
v 9263 451 223
v 9264 948 442
v 9265 1272 624
v 9266 262 120
v 9267 257 135
v 9268 209 88
v 9269 629 325
v 9270 1035 506
v 9271 556 249
v 9272 268 135
v 9273 158 65
v 9274 190 100
v 9275 245 147
v 9276 643 291
v 9277 93 47
v 9278 795 354
v 9279 309 161
v 9280 394 209
v 9281 78 41
v 9282 28 19
v 9283 516 268
v 9284 314 144
v 9285 526 259
v 9286 443 225
v 9287 1370 680
v 9288 255 134
v 9289 111 64
v 9290 1460 711
v 9291 550 266
v 9292 1056 480
v 9293 110 51
v 9294 251 122
v 9295 112 51
v 9296 210 98
v 9297 147 81
v 9298 94 43
v 9299 188 105
v 9300 713 385
v 9301 1014 495
v 9302 1918 945
v 9303 741 340
v 9304 782 367
v 9305 50 25
v 9306 335 149
v 9307 334 161
v 9308 140 47
v 9309 1110 569
v 9310 132 61
v 9311 123 61
v 9312 425 248
v 9313 911 456
v 9314 409 229
v 9315 185 100
v 9316 634 321
v 9317 551 266
v 9318 159 74
v 9319 75 40
v 9320 981 483
v 9321 752 368
v 9322 762 370
v 9323 458 218
v 9324 318 166
v 9325 601 327
v 9326 462 219
v 9327 337 155
v 9328 720 366
v 9329 246 111
v 9330 296 164
v 9335 657 309
v 9336 366 187
v 9337 472 203
v 9339 871 427
v 9342 454 223
v 9344 915 460
v 9345 374 186
v 9347 444 215
v 9351 876 427
v 9352 533 267
v 9353 327 134
v 9354 432 197
v 9361 312 170
v 9371 159 74
v 9510 42 16
v 9511 193 95
v 9512 73 33
v 9513 119 60
v 9514 135 57
v 9515 119 57
v 9516 128 54
v 9517 80 35
v 9518 95 54
v 9519 85 40
v 9520 313 147
v 9521 327 159
v 9522 106 54
v 9523 77 40
v 9524 62 31
v 9525 169 91
v 9526 286 137
v 9527 136 69
v 9528 63 34
v 9529 64 28
v 9530 48 24
v 9531 70 40
v 9532 187 88
v 9533 32 18
v 9534 186 71
v 9535 67 28
v 9536 115 51
v 9537 25 10
v 9538 10 1
v 9539 146 67
v 9540 172 82
v 9541 148 70
v 9542 162 78
v 9543 324 144
v 9544 67 35
v 9545 42 22
v 9546 436 216
v 9547 140 64
v 9548 311 136
v 9549 38 16
v 9550 73 39
v 9551 28 9
v 9552 51 23
v 9553 26 11
v 9554 27 12
v 9555 53 36
v 9556 178 91
v 9557 301 142
v 9558 553 278
v 9559 230 116
v 9560 248 105
v 9561 5 3
v 9562 99 53
v 9563 97 47
v 9564 26 15
v 9565 340 146
v 9566 25 15
v 9567 44 17
v 9568 87 46
v 9569 268 131
v 9570 99 54
v 9571 57 29
v 9572 154 80
v 9573 203 107
v 9574 51 22
v 9575 24 12
v 9576 317 161
v 9577 280 120
v 9578 234 119
v 9579 134 64
v 9580 97 48
v 9581 155 97
v 9582 136 58
v 9583 131 69
v 9584 213 95
v 9585 76 38
v 9586 96 49
v 9591 166 81
v 9592 119 60
v 9593 189 90
v 9595 258 128
v 9598 111 56
v 9600 261 125
v 9601 105 57
v 9603 138 70
v 9607 288 138
v 9608 139 78
v 9609 88 45
v 9610 41 22
v 9617 88 46
v 9627 49 26
v 9767 96 45
v 9768 38 13
v 9769 53 22
v 9770 75 27
v 9771 50 25
v 9772 49 22
v 9773 40 14
v 9774 47 26
v 9775 49 29
v 9776 153 70
v 9777 180 89
v 9778 57 23
v 9779 47 24
v 9780 19 3
v 9781 85 49
v 9782 123 58
v 9783 91 44
v 9784 50 23
v 9785 23 16
v 9786 18 13
v 9787 32 13
v 9788 104 52
v 9789 21 10
v 9790 87 45
v 9791 38 20
v 9792 51 26
v 9793 9 5
v 9794 2 0
v 9795 69 38
v 9796 79 37
v 9797 87 49
v 9798 80 49
v 9799 156 68
v 9800 49 25
v 9801 15 8
v 9802 242 113
v 9803 71 39
v 9804 153 64
v 9805 25 12
v 9806 47 23
v 9807 22 11
v 9808 33 17
v 9809 21 11
v 9810 17 2
v 9811 33 12
v 9812 106 52
v 9813 160 76
v 9814 230 107
v 9815 126 54
v 9816 139 65
v 9817 7 4
v 9818 45 19
v 9819 44 17
v 9820 32 15
v 9821 156 82
v 9822 16 7
v 9823 18 6
v 9824 61 31
v 9825 122 53
v 9826 55 34
v 9827 19 9
v 9828 88 44
v 9829 111 55
v 9830 19 9
v 9831 10 4
v 9832 141 57
v 9833 122 55
v 9834 107 49
v 9835 77 35
v 9836 42 17
v 9837 96 59
v 9838 62 32
v 9839 69 28
v 9840 91 36
v 9841 30 12
v 9842 36 23
v 9847 84 47
v 9848 62 26
v 9849 109 53
v 9851 98 48
v 9854 62 38
v 9856 137 64
v 9857 45 19
v 9859 79 43
v 9863 126 57
v 9864 78 36
v 9865 48 21
v 9866 30 19
v 9873 49 23
v 9883 25 15
v 10024 198 103
v 10025 218 97
v 10026 387 165
v 10027 238 127
v 10028 276 146
v 10029 161 65
v 10030 171 87
v 10031 241 125
v 10032 563 262
v 10033 718 334
v 10034 190 75
v 10035 185 89
v 10036 109 56
v 10037 434 228
v 10038 675 311
v 10039 348 158
v 10040 136 58
v 10041 93 38
v 10042 109 53
v 10043 170 82
v 10044 380 152
v 10045 55 31
v 10046 463 168
v 10047 155 71
v 10048 226 108
v 10049 57 28
v 10050 18 5
v 10051 329 142
v 10052 335 165
v 10053 342 163
v 10054 271 126
v 10055 695 333
v 10056 146 67
v 10057 69 38
v 10058 930 428
v 10059 308 139
v 10060 674 253
v 10061 66 32
v 10062 178 75
v 10063 83 41
v 10064 124 59
v 10065 96 39
v 10066 62 31
v 10067 87 45
v 10068 475 213
v 10069 601 303
v 10070 1151 553
v 10071 466 220
v 10072 522 219
v 10073 25 8
v 10074 229 112
v 10075 193 92
v 10076 66 31
v 10077 742 336
v 10078 53 25
v 10079 75 39
v 10080 238 117
v 10081 517 242
v 10082 240 128
v 10083 87 35
v 10084 378 173
v 10085 345 150
v 10086 93 36
v 10087 43 16
v 10088 591 255
v 10089 496 223
v 10090 504 220
v 10091 291 132
v 10092 232 126
v 10093 343 188
v 10094 255 110
v 10095 264 118
v 10096 421 191
v 10097 159 65
v 10098 202 103
v 10103 386 185
v 10104 263 129
v 10105 277 132
v 10107 550 283
v 10110 262 129
v 10112 589 301
v 10113 234 126
v 10115 260 123
v 10119 542 240
v 10120 293 155
v 10121 220 118
v 10122 105 61
v 10129 183 96
v 10139 99 53
v 10281 106 51
v 10282 175 84
v 10283 92 45
v 10284 119 55
v 10285 95 37
v 10286 60 34
v 10287 96 47
v 10288 226 118
v 10289 257 127
v 10290 74 30
v 10291 68 36
v 10292 39 17
v 10293 167 75
v 10294 337 150
v 10295 164 70
v 10296 78 36
v 10297 48 16
v 10298 45 23
v 10299 64 29
v 10300 167 78
v 10301 27 12
v 10302 186 79
v 10303 68 41
v 10304 122 61
v 10305 15 7
v 10306 7 5
v 10307 147 72
v 10308 147 66
v 10309 124 66
v 10310 112 60
v 10311 313 141
v 10312 58 23
v 10313 36 17
v 10314 359 136
v 10315 160 68
v 10316 308 126
v 10317 28 15
v 10318 59 23
v 10319 35 17
v 10320 48 27
v 10321 54 23
v 10322 19 12
v 10323 41 24
v 10324 200 105
v 10325 276 153
v 10326 534 255
v 10327 213 98
v 10328 255 108
v 10329 10 3
v 10330 87 44
v 10331 79 38
v 10332 29 15
v 10333 384 164
v 10334 22 10
v 10335 29 16
v 10336 93 37
v 10337 238 122
v 10338 93 43
v 10339 35 19
v 10340 158 80
v 10341 185 91
v 10342 81 39
v 10343 25 10
v 10344 384 151
v 10345 223 110
v 10346 173 87
v 10347 118 41
v 10348 109 60
v 10349 157 89
v 10350 128 60
v 10351 122 52
v 10352 153 75
v 10353 70 30
v 10354 74 34
v 10359 182 84
v 10360 113 54
v 10361 150 72
v 10363 258 141
v 10366 119 51
v 10368 262 129
v 10369 92 47
v 10371 137 68
v 10375 243 107
v 10376 125 55
v 10377 96 48
v 10378 47 27
v 10385 84 38
v 10395 58 25
v 10538 265 114
v 10539 156 75
v 10540 163 77
v 10541 109 61
v 10542 117 64
v 10543 143 66
v 10544 358 177
v 10545 380 205
v 10546 108 59
v 10547 109 64
v 10548 60 25
v 10549 279 157
v 10550 494 241
v 10551 213 112
v 10552 88 46
v 10553 54 16
v 10554 69 32
v 10555 105 51
v 10556 251 120
v 10557 40 18
v 10558 267 123
v 10559 162 95
v 10560 157 94
v 10561 20 8
v 10562 9 3
v 10563 189 87
v 10564 213 107
v 10565 190 91
v 10566 219 115
v 10567 560 277
v 10568 105 53
v 10569 40 23
v 10570 587 287
v 10571 190 94
v 10572 388 181
v 10573 37 20
v 10574 117 52
v 10575 53 23
v 10576 79 40
v 10577 66 32
v 10578 38 16
v 10579 63 33
v 10580 286 139
v 10581 396 216
v 10582 715 347
v 10583 222 103
v 10584 407 206
v 10585 19 9
v 10586 138 71
v 10587 110 52
v 10588 54 26
v 10589 512 253
v 10590 28 10
v 10591 42 27
v 10592 146 73
v 10593 372 199
v 10594 162 91
v 10595 51 27
v 10596 273 145
v 10597 231 123
v 10598 72 34
v 10599 43 23
v 10600 394 158
v 10601 329 173
v 10602 268 129
v 10603 215 116
v 10604 144 82
v 10605 224 132
v 10606 159 73
v 10607 160 73
v 10608 211 120
v 10609 107 45
v 10610 143 69
v 10615 232 128
v 10616 181 92
v 10617 201 97
v 10619 332 186
v 10622 196 99
v 10624 406 208
v 10625 202 105
v 10627 195 90
v 10631 337 160
v 10632 193 93
v 10633 136 77
v 10634 74 43
v 10641 113 59
v 10651 68 40
v 10795 248 143
v 10796 246 131
v 10797 139 76
v 10798 157 94
v 10799 203 101
v 10800 571 333
v 10801 653 330
v 10802 168 77
v 10803 127 66
v 10804 93 43
v 10805 356 202
v 10806 599 301
v 10807 257 130
v 10808 154 75
v 10809 66 29
v 10810 93 45
v 10811 135 78
v 10812 506 273
v 10813 56 25
v 10814 351 152
v 10815 140 71
v 10816 215 122
v 10817 28 20
v 10818 9 5
v 10819 312 158
v 10820 390 207
v 10821 428 253
v 10822 241 141
v 10823 692 356
v 10824 126 71
v 10825 90 50
v 10826 763 398
v 10827 363 198
v 10828 593 299
v 10829 55 28
v 10830 116 55
v 10831 97 53
v 10832 103 61
v 10833 101 56
v 10834 62 30
v 10835 77 45
v 10836 413 245
v 10837 449 227
v 10838 1047 532
v 10839 511 273
v 10840 558 308
v 10841 18 8
v 10842 161 81
v 10843 144 79
v 10844 64 29
v 10845 653 342
v 10846 62 40
v 10847 74 41
v 10848 233 136
v 10849 518 281
v 10850 208 115
v 10851 82 45
v 10852 276 143
v 10853 482 281
v 10854 76 37
v 10855 47 24
v 10856 717 386
v 10857 553 286
v 10858 390 196
v 10859 242 119
v 10860 224 115
v 10861 288 169
v 10862 224 105
v 10863 254 132
v 10864 358 186
v 10865 140 76
v 10866 188 109
v 10871 368 178
v 10872 261 141
v 10873 336 173
v 10875 489 284
v 10878 234 134
v 10880 482 251
v 10881 188 103
v 10883 251 150
v 10887 506 224
v 10888 244 135
v 10889 176 100
v 10890 74 39
v 10897 174 110
v 10907 70 26
v 11052 177 85
v 11053 113 52
v 11054 125 60
v 11055 149 80
v 11056 437 202
v 11057 456 208
v 11058 133 63
v 11059 95 48
v 11060 94 46
v 11061 238 125
v 11062 417 227
v 11063 203 93
v 11064 101 46
v 11065 60 27
v 11066 82 39
v 11067 113 57
v 11068 310 119
v 11069 53 26
v 11070 294 120
v 11071 97 57
v 11072 148 75
v 11073 28 15
v 11074 7 3
v 11075 224 111
v 11076 167 73
v 11077 248 118
v 11078 185 103
v 11079 467 189
v 11080 95 45
v 11081 42 23
v 11082 634 274
v 11083 244 116
v 11084 461 201
v 11085 48 19
v 11086 104 43
v 11087 72 39
v 11088 83 25
v 11089 67 27
v 11090 35 18
v 11091 66 36
v 11092 313 155
v 11093 405 187
v 11094 738 360
v 11095 341 169
v 11096 371 158
v 11097 20 7
v 11098 140 57
v 11099 117 68
v 11100 56 24
v 11101 369 188
v 11102 43 23
v 11103 51 27
v 11104 193 89
v 11105 342 160
v 11106 160 92
v 11107 58 31
v 11108 249 118
v 11109 278 145
v 11110 68 31
v 11111 26 16
v 11112 385 190
v 11113 361 170
v 11114 297 143
v 11115 181 93
v 11116 145 81
v 11117 272 124
v 11118 207 97
v 11119 203 99
v 11120 276 141
v 11121 102 47
v 11122 127 63
v 11127 244 111
v 11128 155 81
v 11129 255 118
v 11131 354 172
v 11134 146 86
v 11136 377 188
v 11137 144 65
v 11139 213 109
v 11143 352 170
v 11144 180 76
v 11145 131 68
v 11146 66 31
v 11153 135 72
v 11163 70 38
v 11309 104 42
v 11310 144 74
v 11311 156 67
v 11312 477 223
v 11313 487 210
v 11314 140 58
v 11315 109 52
v 11316 81 30
v 11317 308 186
v 11318 511 253
v 11319 217 95
v 11320 111 57
v 11321 50 26
v 11322 77 41
v 11323 114 69
v 11324 313 150
v 11325 55 28
v 11326 264 110
v 11327 117 57
v 11328 171 92
v 11329 29 17
v 11330 21 12
v 11331 219 116
v 11332 289 141
v 11333 162 85
v 11334 216 103
v 11335 544 245
v 11336 95 41
v 11337 60 33
v 11338 698 340
v 11339 219 98
v 11340 413 197
v 11341 50 24
v 11342 90 48
v 11343 60 33
v 11344 74 34
v 11345 72 38
v 11346 44 19
v 11347 79 42
v 11348 308 140
v 11349 413 222
v 11350 882 446
v 11351 396 190
v 11352 337 146
v 11353 19 8
v 11354 144 77
v 11355 149 72
v 11356 59 32
v 11357 422 197
v 11358 41 22
v 11359 62 34
v 11360 140 74
v 11361 387 185
v 11362 152 78
v 11363 101 56
v 11364 254 133
v 11365 282 148
v 11366 64 33
v 11367 44 16
v 11368 370 178
v 11369 308 148
v 11370 293 128
v 11371 166 81
v 11372 156 93
v 11373 239 131
v 11374 150 66
v 11375 236 114
v 11376 293 149
v 11377 112 57
v 11378 159 88
v 11383 232 106
v 11384 179 98
v 11385 286 147
v 11387 368 207
v 11390 174 85
v 11392 370 194
v 11393 171 79
v 11395 216 116
v 11399 397 175
v 11400 189 95
v 11401 125 55
v 11402 76 37
v 11409 118 71
v 11419 59 29
v 11566 87 42
v 11567 98 51
v 11568 309 163
v 11569 301 156
v 11570 94 47
v 11571 83 30
v 11572 58 30
v 11573 155 88
v 11574 243 118
v 11575 140 72
v 11576 51 22
v 11577 37 21
v 11578 52 22
v 11579 70 29
v 11580 224 102
v 11581 39 16
v 11582 177 70
v 11583 74 46
v 11584 107 56
v 11585 14 5
v 11586 8 3
v 11587 130 60
v 11588 143 79
v 11589 169 87
v 11590 121 56
v 11591 286 143
v 11592 69 37
v 11593 27 15
v 11594 404 207
v 11595 133 71
v 11596 297 151
v 11597 23 11
v 11598 83 43
v 11599 54 33
v 11600 61 37
v 11601 36 17
v 11602 33 17
v 11603 36 16
v 11604 212 116
v 11605 276 139
v 11606 549 289
v 11607 193 102
v 11608 234 110
v 11609 12 9
v 11610 101 55
v 11611 94 40
v 11612 28 14
v 11613 268 140
v 11614 39 26
v 11615 30 19
v 11616 105 51
v 11617 239 115
v 11618 76 48
v 11619 42 24
v 11620 121 67
v 11621 258 139
v 11622 36 17
v 11623 18 9
v 11624 213 109
v 11625 262 145
v 11626 197 107
v 11627 125 53
v 11628 109 76
v 11629 135 78
v 11630 130 69
v 11631 144 83
v 11632 166 97
v 11633 80 40
v 11634 69 42
v 11639 151 75
v 11640 102 66
v 11641 157 78
v 11643 235 125
v 11646 132 67
v 11648 249 126
v 11649 99 49
v 11651 142 68
v 11655 221 111
v 11656 113 59
v 11657 116 56
v 11658 131 64
v 11665 80 37
v 11675 45 21
v 11823 114 53
v 11824 399 167
v 11825 350 138
v 11826 119 52
v 11827 64 28
v 11828 55 19
v 11829 173 87
v 11830 344 145
v 11831 168 65
v 11832 78 34
v 11833 49 20
v 11834 39 20
v 11835 88 46
v 11836 236 122
v 11837 30 13
v 11838 184 70
v 11839 87 35
v 11840 106 46
v 11841 36 18
v 11842 15 11
v 11843 163 52
v 11844 207 91
v 11845 159 94
v 11846 173 85
v 11847 382 184
v 11848 80 42
v 11849 45 25
v 11850 554 250
v 11851 160 71
v 11852 325 149
v 11853 30 14
v 11854 78 31
v 11855 45 17
v 11856 68 29
v 11857 50 18
v 11858 33 16
v 11859 42 25
v 11860 192 89
v 11861 305 138
v 11862 618 294
v 11863 265 120
v 11864 353 145
v 11865 16 7
v 11866 118 49
v 11867 113 59
v 11868 49 24
v 11869 318 120
v 11870 26 13
v 11871 42 19
v 11872 110 50
v 11873 308 135
v 11874 145 89
v 11875 52 24
v 11876 199 93
v 11877 263 127
v 11878 31 12
v 11879 29 14
v 11880 367 165
v 11881 451 213
v 11882 224 93
v 11883 143 61
v 11884 92 39
v 11885 220 104
v 11886 126 59
v 11887 177 85
v 11888 229 114
v 11889 83 36
v 11890 93 40
v 11895 180 69
v 11896 134 70
v 11897 202 95
v 11899 260 114
v 11902 135 59
v 11904 311 148
v 11905 131 62
v 11907 167 70
v 11911 299 128
v 11912 170 77
v 11913 100 52
v 11914 47 29
v 11921 90 43
v 11931 47 22
v 12080 384 191
v 12081 441 235
v 12082 104 41
v 12083 77 42
v 12084 87 38
v 12085 253 130
v 12086 370 181
v 12087 194 84
v 12088 120 46
v 12089 53 23
v 12090 81 39
v 12091 162 98
v 12092 273 138
v 12093 38 14
v 12094 319 138
v 12095 108 48
v 12096 147 83
v 12097 14 4
v 12098 11 6
v 12099 195 93
v 12100 177 92
v 12101 207 117
v 12102 171 88
v 12103 413 220
v 12104 97 52
v 12105 33 16
v 12106 504 229
v 12107 218 119
v 12108 482 210
v 12109 38 20
v 12110 82 40
v 12111 66 35
v 12112 71 27
v 12113 57 30
v 12114 42 18
v 12115 55 35
v 12116 270 137
v 12117 349 175
v 12118 729 332
v 12119 289 145
v 12120 383 182
v 12121 21 11
v 12122 117 62
v 12123 125 53
v 12124 45 20
v 12125 397 218
v 12126 30 17
v 12127 35 17
v 12128 150 65
v 12129 304 159
v 12130 170 86
v 12131 72 42
v 12132 191 91
v 12133 273 142
v 12134 59 24
v 12135 26 14
v 12136 339 151
v 12137 310 141
v 12138 243 113
v 12139 162 75
v 12140 125 64
v 12141 219 118
v 12142 178 86
v 12143 156 77
v 12144 277 138
v 12145 105 39
v 12146 131 70
v 12151 246 122
v 12152 132 65
v 12153 198 90
v 12155 317 152
v 12158 149 74
v 12160 334 185
v 12161 113 58
v 12163 175 79
v 12167 298 152
v 12168 174 83
v 12169 105 48
v 12170 53 24
v 12177 120 57
v 12187 60 27
v 12337 1329 613
v 12338 400 189
v 12339 242 118
v 12340 221 97
v 12341 628 325
v 12342 1276 594
v 12343 582 265
v 12344 253 124
v 12345 198 81
v 12346 192 102
v 12347 272 156
v 12348 792 393
v 12349 176 75
v 12350 777 321
v 12351 279 150
v 12352 377 188
v 12353 76 36
v 12354 35 16
v 12355 566 248
v 12356 589 285
v 12357 505 262
v 12358 538 263
v 12359 1273 608
v 12360 266 152
v 12361 142 87
v 12362 1758 801
v 12363 494 264
v 12364 1241 545
v 12365 154 80
v 12366 324 156
v 12367 161 91
v 12368 237 121
v 12369 187 86
v 12370 126 47
v 12371 181 101
v 12372 693 350
v 12373 1149 617
v 12374 1942 950
v 12375 848 415
v 12376 909 416
v 12377 72 35
v 12378 366 168
v 12379 403 192
v 12380 170 82
v 12381 1239 595
v 12382 114 65
v 12383 124 51
v 12384 377 200
v 12385 960 495
v 12386 415 227
v 12387 171 100
v 12388 674 346
v 12389 645 359
v 12390 177 96
v 12391 68 33
v 12392 945 450
v 12393 948 450
v 12394 804 422
v 12395 511 252
v 12396 316 174
v 12397 870 475
v 12398 520 257
v 12399 559 257
v 12400 866 417
v 12401 339 152
v 12402 327 172
v 12407 659 324
v 12408 439 229
v 12409 725 372
v 12411 981 490
v 12414 445 221
v 12416 999 512
v 12417 344 168
v 12419 597 301
v 12423 1109 523
v 12424 555 289
v 12425 361 174
v 12426 183 83
v 12433 356 202
v 12443 164 75
v 12594 414 207
v 12595 286 155
v 12596 266 128
v 12597 680 381
v 12598 1355 679
v 12599 717 349
v 12600 305 152
v 12601 173 86
v 12602 200 109
v 12603 344 188
v 12604 1015 539
v 12605 153 89
v 12606 863 407
v 12607 303 184
v 12608 405 213
v 12609 91 45
v 12610 32 18
v 12611 618 313
v 12612 529 290
v 12613 664 353
v 12614 579 312
v 12615 1415 697
v 12616 246 138
v 12617 124 73
v 12618 1870 953
v 12619 597 293
v 12620 1425 681
v 12621 167 91
v 12622 361 173
v 12623 195 115
v 12624 268 132
v 12625 159 86
v 12626 142 62
v 12627 166 100
v 12628 759 425
v 12629 1079 616
v 12630 2252 1169
v 12631 986 521
v 12632 1234 626
v 12633 55 32
v 12634 401 187
v 12635 399 198
v 12636 216 106
v 12637 1466 760
v 12638 106 61
v 12639 113 52
v 12640 419 237
v 12641 1103 569
v 12642 622 345
v 12643 179 99
v 12644 698 383
v 12645 810 426
v 12646 176 85
v 12647 97 49
v 12648 1228 642
v 12649 1159 620
v 12650 926 447
v 12651 556 280
v 12652 438 244
v 12653 757 449
v 12654 567 272
v 12655 582 304
v 12656 960 474
v 12657 399 186
v 12658 427 232
v 12663 832 431
v 12664 472 271
v 12665 757 399
v 12667 1149 632
v 12670 483 263
v 12672 1098 595
v 12673 404 217
v 12675 653 361
v 12679 1186 595
v 12680 662 361
v 12681 438 236
v 12682 210 117
v 12689 385 227
v 12699 234 116
v 12851 79 40
v 12852 81 39
v 12853 182 103
v 12854 332 169
v 12855 176 92
v 12856 86 57
v 12857 51 20
v 12858 50 28
v 12859 95 54
v 12860 270 139
v 12861 50 27
v 12862 235 118
v 12863 111 50
v 12864 126 63
v 12865 20 13
v 12866 14 11
v 12867 183 94
v 12868 193 100
v 12869 169 84
v 12870 155 84
v 12871 400 199
v 12872 87 53
v 12873 37 26
v 12874 526 257
v 12875 176 102
v 12876 393 201
v 12877 47 20
v 12878 99 47
v 12879 51 34
v 12880 88 48
v 12881 39 19
v 12882 39 17
v 12883 71 45
v 12884 243 132
v 12885 372 183
v 12886 620 337
v 12887 242 126
v 12888 276 138
v 12889 13 9
v 12890 126 61
v 12891 157 71
v 12892 61 27
v 12893 415 213
v 12894 32 13
v 12895 39 28
v 12896 100 50
v 12897 282 151
v 12898 121 75
v 12899 52 22
v 12900 211 113
v 12901 216 118
v 12902 59 33
v 12903 28 17
v 12904 201 117
v 12905 383 209
v 12906 246 126
v 12907 164 82
v 12908 80 40
v 12909 253 149
v 12910 177 89
v 12911 200 107
v 12912 289 148
v 12913 118 58
v 12914 91 57
v 12919 245 122
v 12920 121 67
v 12921 236 126
v 12923 328 180
v 12926 159 79
v 12928 277 156
v 12929 102 57
v 12931 214 123
v 12935 308 167
v 12936 181 94
v 12937 125 77
v 12938 46 23
v 12945 117 64
v 12955 73 44
v 13108 56 27
v 13109 139 76
v 13110 290 131
v 13111 139 54
v 13112 53 26
v 13113 41 20
v 13114 34 19
v 13115 69 39
v 13116 157 80
v 13117 32 13
v 13118 158 64
v 13119 62 31
v 13120 113 69
v 13121 13 6
v 13122 9 6
v 13123 112 57
v 13124 131 62
v 13125 136 67
v 13126 121 71
v 13127 317 155
v 13128 57 28
v 13129 41 23
v 13130 381 191
v 13131 119 63
v 13132 292 122
v 13133 28 10
v 13134 49 24
v 13135 38 17
v 13136 39 21
v 13137 37 21
v 13138 27 10
v 13139 43 22
v 13140 182 90
v 13141 238 114
v 13142 459 225
v 13143 178 85
v 13144 228 114
v 13145 11 5
v 13146 95 46
v 13147 60 30
v 13148 27 12
v 13149 222 119
v 13150 15 6
v 13151 24 9
v 13152 69 29
v 13153 203 105
v 13154 117 56
v 13155 37 20
v 13156 153 89
v 13157 149 72
v 13158 33 16
v 13159 14 6
v 13160 222 113
v 13161 217 92
v 13162 189 103
v 13163 128 63
v 13164 104 63
v 13165 167 75
v 13166 122 56
v 13167 92 46
v 13168 177 76
v 13169 59 24
v 13170 80 38
v 13175 135 71
v 13176 76 37
v 13177 146 66
v 13179 241 125
v 13182 119 65
v 13184 209 102
v 13185 98 46
v 13187 116 50
v 13191 230 111
v 13192 117 59
v 13193 66 31
v 13194 40 25
v 13201 71 43
v 13211 25 10
v 13365 118 59
v 13366 195 108
v 13367 118 61
v 13368 47 22
v 13369 33 12
v 13370 33 18
v 13371 47 24
v 13372 159 86
v 13373 32 9
v 13374 179 81
v 13375 39 26
v 13376 73 37
v 13377 8 6
v 13378 2 1
v 13379 86 46
v 13380 110 59
v 13381 121 62
v 13382 101 53
v 13383 221 114
v 13384 47 27
v 13385 23 11
v 13386 321 178
v 13387 98 49
v 13388 208 98
v 13389 21 11
v 13390 57 23
v 13391 27 14
v 13392 59 37
v 13393 37 25
v 13394 23 13
v 13395 32 18
v 13396 111 59
v 13397 172 84
v 13398 366 188
v 13399 168 82
v 13400 140 60
v 13401 10 6
v 13402 66 28
v 13403 79 43
v 13404 23 17
v 13405 271 156
v 13406 16 8
v 13407 27 11
v 13408 72 44
v 13409 185 99
v 13410 99 58
v 13411 29 14
v 13412 155 82
v 13413 114 64
v 13414 30 18
v 13415 20 12
v 13416 179 91
v 13417 229 135
v 13418 179 105
v 13419 104 61
v 13420 69 39
v 13421 129 76
v 13422 80 33
v 13423 86 47
v 13424 189 107
v 13425 59 34
v 13426 49 27
v 13431 183 102
v 13432 93 56
v 13433 162 89
v 13435 181 100
v 13438 79 40
v 13440 187 102
v 13441 80 49
v 13443 111 59
v 13447 174 82
v 13448 96 55
v 13449 76 48
v 13450 30 19
v 13457 70 37
v 13467 46 27
v 13622 588 272
v 13623 316 138
v 13624 137 51
v 13625 104 38
v 13626 87 34
v 13627 170 86
v 13628 388 148
v 13629 76 29
v 13630 469 182
v 13631 161 82
v 13632 236 112
v 13633 45 20
v 13634 14 7
v 13635 357 136
v 13636 352 167
v 13637 295 139
v 13638 305 135
v 13639 580 260
v 13640 135 66
v 13641 66 36
v 13642 952 388
v 13643 312 155
v 13644 665 291
v 13645 62 19
v 13646 130 46
v 13647 102 50
v 13648 142 83
v 13649 102 49
v 13650 60 29
v 13651 86 47
v 13652 448 194
v 13653 616 256
v 13654 1293 604
v 13655 521 238
v 13656 564 239
v 13657 33 16
v 13658 184 83
v 13659 208 99
v 13660 61 27
v 13661 685 293
v 13662 37 20
v 13663 67 37
v 13664 238 102
v 13665 561 263
v 13666 280 136
v 13667 100 45
v 13668 377 148
v 13669 417 211
v 13670 79 29
v 13671 42 17
v 13672 582 267
v 13673 528 222
v 13674 454 210
v 13675 288 121
v 13676 225 108
v 13677 378 159
v 13678 281 130
v 13679 295 118
v 13680 383 162
v 13681 135 53
v 13682 248 119
v 13687 405 176
v 13688 259 116
v 13689 338 142
v 13691 525 251
v 13694 290 137
v 13696 557 234
v 13697 255 117
v 13699 313 140
v 13703 603 225
v 13704 295 127
v 13705 183 88
v 13706 98 42
v 13713 199 87
v 13723 105 49
v 13879 528 269
v 13880 282 147
v 13881 147 69
v 13882 170 91
v 13883 267 136
v 13884 724 339
v 13885 118 62
v 13886 685 326
v 13887 266 134
v 13888 482 267
v 13889 53 26
v 13890 26 14
v 13891 622 333
v 13892 446 256
v 13893 527 265
v 13894 601 298
v 13895 1163 558
v 13896 260 160
v 13897 120 74
v 13898 1695 928
v 13899 537 275
v 13900 1137 537
v 13901 114 55
v 13902 261 132
v 13903 174 93
v 13904 225 114
v 13905 162 80
v 13906 117 58
v 13907 190 112
v 13908 773 419
v 13909 1072 592
v 13910 1914 994
v 13911 906 477
v 13912 1041 544
v 13913 61 33
v 13914 352 202
v 13915 372 183
v 13916 120 50
v 13917 1308 665
v 13918 108 48
v 13919 163 72
v 13920 553 317
v 13921 899 453
v 13922 417 237
v 13923 169 100
v 13924 604 281
v 13925 748 344
v 13926 192 94
v 13927 73 35
v 13928 1125 591
v 13929 1330 733
v 13930 737 388
v 13931 568 296
v 13932 458 281
v 13933 734 404
v 13934 648 347
v 13935 454 227
v 13936 642 319
v 13937 279 118
v 13938 398 225
v 13943 785 402
v 13944 439 235
v 13945 597 297
v 13947 975 545
v 13950 424 233
v 13952 970 557
v 13953 453 269
v 13955 519 279
v 13959 942 442
v 13960 490 269
v 13961 410 232
v 13962 163 95
v 13969 330 195
v 13979 190 100
v 14136 164 87
v 14137 89 50
v 14138 94 41
v 14139 160 99
v 14140 433 206
v 14141 62 35
v 14142 370 175
v 14143 157 70
v 14144 203 101
v 14145 44 19
v 14146 9 3
v 14147 248 120
v 14148 296 152
v 14149 288 136
v 14150 265 132
v 14151 588 281
v 14152 130 70
v 14153 65 39
v 14154 840 407
v 14155 268 150
v 14156 589 292
v 14157 65 37
v 14158 179 84
v 14159 67 35
v 14160 120 45
v 14161 80 47
v 14162 60 27
v 14163 90 50
v 14164 400 226
v 14165 569 302
v 14166 1068 531
v 14167 391 188
v 14168 474 236
v 14169 20 11
v 14170 189 92
v 14171 209 106
v 14172 94 50
v 14173 578 312
v 14174 27 19
v 14175 68 34
v 14176 196 108
v 14177 469 250
v 14178 228 120
v 14179 74 42
v 14180 322 193
v 14181 370 209
v 14182 92 47
v 14183 52 21
v 14184 586 299
v 14185 551 273
v 14186 479 230
v 14187 282 140
v 14188 226 139
v 14189 348 204
v 14190 298 153
v 14191 221 102
v 14192 444 244
v 14193 174 87
v 14194 170 90
v 14199 393 206
v 14200 223 131
v 14201 326 168
v 14203 564 298
v 14206 256 132
v 14208 519 274
v 14209 212 113
v 14211 315 137
v 14215 540 263
v 14216 279 150
v 14217 185 91
v 14218 86 45
v 14225 191 96
v 14235 108 54
v 14393 32 15
v 14394 48 25
v 14395 64 35
v 14396 172 94
v 14397 27 10
v 14398 114 40
v 14399 56 34
v 14400 101 61
v 14401 12 7
v 14402 6 2
v 14403 144 70
v 14404 164 86
v 14405 165 84
v 14406 125 67
v 14407 258 130
v 14408 51 28
v 14409 39 21
v 14410 392 184
v 14411 122 66
v 14412 303 164
v 14413 18 12
v 14414 75 35
v 14415 42 21
v 14416 55 26
v 14417 40 23
v 14418 17 9
v 14419 40 27
v 14420 174 90
v 14421 270 152
v 14422 472 251
v 14423 222 116
v 14424 274 131
v 14425 6 4
v 14426 87 50
v 14427 87 47
v 14428 29 16
v 14429 286 146
v 14430 15 7
v 14431 24 13
v 14432 87 50
v 14433 188 95
v 14434 95 52
v 14435 50 28
v 14436 131 73
v 14437 183 105
v 14438 35 20
v 14439 22 8
v 14440 220 106
v 14441 208 104
v 14442 184 92
v 14443 117 67
v 14444 107 63
v 14445 160 88
v 14446 150 68
v 14447 119 66
v 14448 149 67
v 14449 76 35
v 14450 86 54
v 14455 134 68
v 14456 126 68
v 14457 180 90
v 14459 210 113
v 14462 113 49
v 14464 223 125
v 14465 72 32
v 14467 124 63
v 14471 229 116
v 14472 120 65
v 14473 87 47
v 14474 32 15
v 14481 89 48
v 14491 50 24
v 14650 24 10
v 14651 46 21
v 14652 107 53
v 14653 17 10
v 14654 104 55
v 14655 36 18
v 14656 59 34
v 14657 12 8
v 14658 3 0
v 14659 85 49
v 14660 79 40
v 14661 95 44
v 14662 91 41
v 14663 161 86
v 14664 36 21
v 14665 16 8
v 14666 264 139
v 14667 79 44
v 14668 178 81
v 14669 12 8
v 14670 42 20
v 14671 26 16
v 14672 37 14
v 14673 18 12
v 14674 11 4
v 14675 26 15
v 14676 97 49
v 14677 155 83
v 14678 281 134
v 14679 121 58
v 14680 143 77
v 14681 8 5
v 14682 58 26
v 14683 44 22
v 14684 22 16
v 14685 171 96
v 14686 15 4
v 14687 17 13
v 14688 65 33
v 14689 141 80
v 14690 64 39
v 14691 34 16
v 14692 97 50
v 14693 105 55
v 14694 33 19
v 14695 12 7
v 14696 153 85
v 14697 148 79
v 14698 93 53
v 14699 75 41
v 14700 38 20
v 14701 87 42
v 14702 74 44
v 14703 77 40
v 14704 122 63
v 14705 41 20
v 14706 53 27
v 14711 95 44
v 14712 67 31
v 14713 102 49
v 14715 140 65
v 14718 75 46
v 14720 147 82
v 14721 54 28
v 14723 100 55
v 14727 160 85
v 14728 66 38
v 14729 60 33
v 14730 48 26
v 14737 46 25
v 14747 22 12
v 14907 55 29
v 14908 97 50
v 14909 17 11
v 14910 148 69
v 14911 44 23
v 14912 62 30
v 14913 11 7
v 14914 5 1
v 14915 52 25
v 14916 91 49
v 14917 111 52
v 14918 102 54
v 14919 196 86
v 14920 49 28
v 14921 19 7
v 14922 250 133
v 14923 93 48
v 14924 181 97
v 14925 13 9
v 14926 44 23
v 14927 30 19
v 14928 25 13
v 14929 27 13
v 14930 20 10
v 14931 20 9
v 14932 109 50
v 14933 158 84
v 14934 320 168
v 14935 133 67
v 14936 148 65
v 14937 10 4
v 14938 60 30
v 14939 52 26
v 14940 26 16
v 14941 187 89
v 14942 14 5
v 14943 25 6
v 14944 60 32
v 14945 158 87
v 14946 88 36
v 14947 26 15
v 14948 100 58
v 14949 129 67
v 14950 17 10
v 14951 15 9
v 14952 153 75
v 14953 142 72
v 14954 107 58
v 14955 95 42
v 14956 50 25
v 14957 98 52
v 14958 88 36
v 14959 84 45
v 14960 121 55
v 14961 45 15
v 14962 58 32
v 14967 101 44
v 14968 81 55
v 14969 104 53
v 14971 164 81
v 14974 73 37
v 14976 129 66
v 14977 52 20
v 14979 77 41
v 14983 156 58
v 14984 92 44
v 14985 81 37
v 14986 23 11
v 14993 58 31
v 15003 37 21
v 15164 196 105
v 15165 23 10
v 15166 210 82
v 15167 71 36
v 15168 100 56
v 15169 23 9
v 15170 4 2
v 15171 125 52
v 15172 75 35
v 15173 121 45
v 15174 127 54
v 15175 303 136
v 15176 64 40
v 15177 40 24
v 15178 365 165
v 15179 167 78
v 15180 374 175
v 15181 39 21
v 15182 85 38
v 15183 38 22
v 15184 65 33
v 15185 52 18
v 15186 28 13
v 15187 52 25
v 15188 190 97
v 15189 255 122
v 15190 556 274
v 15191 224 102
v 15192 215 99
v 15193 7 3
v 15194 83 35
v 15195 100 41
v 15196 37 12
v 15197 261 119
v 15198 32 12
v 15199 36 19
v 15200 102 47
v 15201 228 105
v 15202 96 43
v 15203 43 23
v 15204 155 70
v 15205 172 92
v 15206 49 22
v 15207 19 8
v 15208 211 92
v 15209 269 127
v 15210 205 109
v 15211 160 74
v 15212 95 49
v 15213 185 83
v 15214 145 66
v 15215 120 49
v 15216 193 86
v 15217 58 21
v 15218 102 42
v 15223 169 82
v 15224 120 72
v 15225 174 78
v 15227 192 95
v 15230 118 53
v 15232 213 112
v 15233 93 45
v 15235 134 69
v 15239 239 120
v 15240 123 56
v 15241 82 42
v 15242 44 16
v 15249 76 32
v 15259 46 23
v 15421 118 47
v 15422 382 175
v 15423 190 97
v 15424 245 143
v 15425 55 23
v 15426 14 7
v 15427 388 189
v 15428 492 261
v 15429 400 240
v 15430 326 178
v 15431 675 322
v 15432 142 80
v 15433 87 49
v 15434 1069 568
v 15435 447 258
v 15436 739 355
v 15437 118 50
v 15438 197 98
v 15439 119 67
v 15440 128 74
v 15441 113 58
v 15442 80 36
v 15443 106 62
v 15444 439 234
v 15445 691 374
v 15446 1501 837
v 15447 535 245
v 15448 760 395
v 15449 52 29
v 15450 229 124
v 15451 239 112
v 15452 95 43
v 15453 699 393
v 15454 73 41
v 15455 119 58
v 15456 263 158
v 15457 665 365
v 15458 257 164
v 15459 145 83
v 15460 330 170
v 15461 546 313
v 15462 108 50
v 15463 39 17
v 15464 739 378
v 15465 624 314
v 15466 483 257
v 15467 342 168
v 15468 270 152
v 15469 547 307
v 15470 299 145
v 15471 556 324
v 15472 599 299
v 15473 204 94
v 15474 240 135
v 15479 478 236
v 15480 320 184
v 15481 497 267
v 15483 670 386
v 15486 280 152
v 15488 564 299
v 15489 254 140
v 15491 422 228
v 15495 684 324
v 15496 319 166
v 15497 280 152
v 15498 90 43
v 15505 232 135
v 15515 114 60
v 15678 91 47
v 15679 31 15
v 15680 41 24
v 15681 3 1
v 15682 4 1
v 15683 68 32
v 15684 67 38
v 15685 52 33
v 15686 56 26
v 15687 115 48
v 15688 23 15
v 15689 18 10
v 15690 202 99
v 15691 62 30
v 15692 146 68
v 15693 20 11
v 15694 44 17
v 15695 27 16
v 15696 27 15
v 15697 23 14
v 15698 18 7
v 15699 24 14
v 15700 95 51
v 15701 117 67
v 15702 259 129
v 15703 79 35
v 15704 105 52
v 15705 3 1
v 15706 50 21
v 15707 56 28
v 15708 22 9
v 15709 112 48
v 15710 16 9
v 15711 9 5
v 15712 39 19
v 15713 97 49
v 15714 64 37
v 15715 21 14
v 15716 71 38
v 15717 87 45
v 15718 16 8
v 15719 9 6
v 15720 120 65
v 15721 104 43
v 15722 74 38
v 15723 51 16
v 15724 25 14
v 15725 85 57
v 15726 60 22
v 15727 80 48
v 15728 75 35
v 15729 52 32
v 15730 34 18
v 15735 77 40
v 15736 40 22
v 15737 82 38
v 15739 97 50
v 15742 37 15
v 15744 92 45
v 15745 35 22
v 15747 82 37
v 15751 112 47
v 15752 72 38
v 15753 37 19
v 15754 17 7
v 15761 41 23
v 15771 18 7
v 15935 174 109
v 15936 272 161
v 15937 41 19
v 15938 23 9
v 15939 340 188
v 15940 337 191
v 15941 406 250
v 15942 334 193
v 15943 970 493
v 15944 208 123
v 15945 95 57
v 15946 1070 597
v 15947 329 197
v 15948 875 477
v 15949 86 46
v 15950 211 113
v 15951 85 54
v 15952 141 76
v 15953 133 70
v 15954 80 33
v 15955 135 66
v 15956 509 284
v 15957 708 401
v 15958 1373 768
v 15959 568 285
v 15960 696 376
v 15961 46 23
v 15962 234 120
v 15963 281 138
v 15964 114 57
v 15965 1021 504
v 15966 61 35
v 15967 122 58
v 15968 262 157
v 15969 633 350
v 15970 249 159
v 15971 123 68
v 15972 411 234
v 15973 479 287
v 15974 128 75
v 15975 73 43
v 15976 717 367
v 15977 713 399
v 15978 518 301
v 15979 361 184
v 15980 274 164
v 15981 507 311
v 15982 325 179
v 15983 368 199
v 15984 536 275
v 15985 186 98
v 15986 244 142
v 15991 498 277
v 15992 340 198
v 15993 441 247
v 15995 677 396
v 15998 308 162
v 16000 670 351
v 16001 240 140
v 16003 366 197
v 16007 628 325
v 16008 323 177
v 16009 254 142
v 16010 124 72
v 16017 249 149
v 16027 159 80
v 16192 103 45
v 16193 14 6
v 16194 7 3
v 16195 128 59
v 16196 152 70
v 16197 136 67
v 16198 135 68
v 16199 313 146
v 16200 67 39
v 16201 24 9
v 16202 392 201
v 16203 131 64
v 16204 264 109
v 16205 27 13
v 16206 79 29
v 16207 42 19
v 16208 61 31
v 16209 44 20
v 16210 39 13
v 16211 53 23
v 16212 184 90
v 16213 285 154
v 16214 470 209
v 16215 200 95
v 16216 222 102
v 16217 18 7
v 16218 88 41
v 16219 89 37
v 16220 31 12
v 16221 294 126
v 16222 31 16
v 16223 31 23
v 16224 87 44
v 16225 261 123
v 16226 85 48
v 16227 37 20
v 16228 167 87
v 16229 169 75
v 16230 53 18
v 16231 22 9
v 16232 241 101
v 16233 237 94
v 16234 191 92
v 16235 135 58
v 16236 114 57
v 16237 155 78
v 16238 156 64
v 16239 116 64
v 16240 183 89
v 16241 68 34
v 16242 68 29
v 16247 149 76
v 16248 92 42
v 16249 145 63
v 16251 222 101
v 16254 123 54
v 16256 238 111
v 16257 112 49
v 16259 141 67
v 16263 210 94
v 16264 123 67
v 16265 65 28
v 16266 31 18
v 16273 64 26
v 16283 36 17
v 16449 26 13
v 16450 10 6
v 16451 167 82
v 16452 188 99
v 16453 211 97
v 16454 200 82
v 16455 490 214
v 16456 92 51
v 16457 49 26
v 16458 600 287
v 16459 185 93
v 16460 454 192
v 16461 34 18
v 16462 84 38
v 16463 63 32
v 16464 70 31
v 16465 65 36
v 16466 30 11
v 16467 61 32
v 16468 304 146
v 16469 419 204
v 16470 842 380
v 16471 298 130
v 16472 323 144
v 16473 15 8
v 16474 121 58
v 16475 141 64
v 16476 56 29
v 16477 411 202
v 16478 40 20
v 16479 53 22
v 16480 145 72
v 16481 339 153
v 16482 138 73
v 16483 65 33
v 16484 258 115
v 16485 276 142
v 16486 73 31
v 16487 19 4
v 16488 470 202
v 16489 353 152
v 16490 285 123
v 16491 177 75
v 16492 157 67
v 16493 237 125
v 16494 176 86
v 16495 200 90
v 16496 275 132
v 16497 103 51
v 16498 138 67
v 16503 247 111
v 16504 154 77
v 16505 227 119
v 16507 354 198
v 16510 181 86
v 16512 356 169
v 16513 172 94
v 16515 194 83
v 16519 365 164
v 16520 214 107
v 16521 131 54
v 16522 71 28
v 16529 111 50
v 16539 73 32
v 16706 3 2
v 16707 35 13
v 16708 45 27
v 16709 33 16
v 16710 45 24
v 16711 81 45
v 16712 17 11
v 16713 5 3
v 16714 79 34
v 16715 20 9
v 16716 72 29
v 16717 9 5
v 16718 15 8
v 16719 10 2
v 16720 13 8
v 16721 10 5
v 16723 10 6
v 16724 50 23
v 16725 63 32
v 16726 130 62
v 16727 41 21
v 16728 53 27
v 16729 2 1
v 16730 15 5
v 16731 26 11
v 16732 13 7
v 16733 84 41
v 16734 12 4
v 16735 5 5
v 16736 26 14
v 16737 61 34
v 16738 34 18
v 16739 11 2
v 16740 57 30
v 16741 31 17
v 16742 11 6
v 16743 7 5
v 16744 59 28
v 16745 55 29
v 16746 46 22
v 16747 34 12
v 16748 18 6
v 16749 44 25
v 16750 38 17
v 16751 23 13
v 16752 65 33
v 16753 13 5
v 16754 34 25
v 16759 52 24
v 16760 37 23
v 16761 46 18
v 16763 70 30
v 16766 20 13
v 16768 53 27
v 16769 24 12
v 16771 32 19
v 16775 59 31
v 16776 37 22
v 16777 25 15
v 16778 6 3
v 16785 21 9
v 16795 13 7
v 16963 11 8
v 16964 19 10
v 16965 22 14
v 16966 12 7
v 16967 39 15
v 16968 13 6
v 16969 5 3
v 16970 43 21
v 16971 7 4
v 16972 27 10
v 16973 1 0
v 16974 15 7
v 16975 3 2
v 16976 8 2
v 16977 2 1
v 16978 3 2
v 16979 2 2
v 16980 16 11
v 16981 34 17
v 16982 58 26
v 16983 18 10
v 16984 18 8
v 16985 1 0
v 16986 12 5
v 16987 11 6
v 16988 3 2
v 16989 33 13
v 16990 2 0
v 16991 4 1
v 16992 9 5
v 16993 28 14
v 16994 11 4
v 16995 6 2
v 16996 15 7
v 16997 21 9
v 16998 4 3
v 16999 1 1
v 17000 22 14
v 17001 33 14
v 17002 19 11
v 17003 21 8
v 17004 5 3
v 17005 20 12
v 17006 14 8
v 17007 14 11
v 17008 28 17
v 17009 9 7
v 17010 7 4
v 17015 18 11
v 17016 19 12
v 17017 14 4
v 17019 27 14
v 17022 13 8
v 17024 27 14
v 17025 15 9
v 17027 15 7
v 17031 24 9
v 17032 10 5
v 17033 10 6
v 17034 1 0
v 17041 11 8
v 17051 5 1
v 17220 362 210
v 17221 286 156
v 17222 247 135
v 17223 654 323
v 17224 110 65
v 17225 55 28
v 17226 662 334
v 17227 305 167
v 17228 593 291
v 17229 53 27
v 17230 118 61
v 17231 64 40
v 17232 110 50
v 17233 67 36
v 17234 49 18
v 17235 79 40
v 17236 369 197
v 17237 384 183
v 17238 974 543
v 17239 452 224
v 17240 454 227
v 17241 24 13
v 17242 157 85
v 17243 118 65
v 17244 71 34
v 17245 566 283
v 17246 60 27
v 17247 59 22
v 17248 188 93
v 17249 474 274
v 17250 220 125
v 17251 80 43
v 17252 306 142
v 17253 378 203
v 17254 71 35
v 17255 21 11
v 17256 544 289
v 17257 405 217
v 17258 375 176
v 17259 219 95
v 17260 151 79
v 17261 303 165
v 17262 204 93
v 17263 291 151
v 17264 493 259
v 17265 156 79
v 17266 140 73
v 17271 270 144
v 17272 190 96
v 17273 369 194
v 17275 451 253
v 17278 243 127
v 17280 487 263
v 17281 193 107
v 17283 273 153
v 17287 410 188
v 17288 237 120
v 17289 174 84
v 17290 78 36
v 17297 173 99
v 17307 60 24
v 17477 259 121
v 17478 271 130
v 17479 594 275
v 17480 126 64
v 17481 55 27
v 17482 807 389
v 17483 262 130
v 17484 611 296
v 17485 82 38
v 17486 163 78
v 17487 78 44
v 17488 120 50
v 17489 77 35
v 17490 46 23
v 17491 90 50
v 17492 402 228
v 17493 517 265
v 17494 1085 561
v 17495 423 223
v 17496 433 216
v 17497 27 13
v 17498 179 83
v 17499 238 119
v 17500 75 32
v 17501 384 204
v 17502 91 50
v 17503 41 21
v 17504 178 96
v 17505 493 250
v 17506 141 79
v 17507 66 29
v 17508 292 146
v 17509 317 132
v 17510 102 45
v 17511 30 13
v 17512 534 256
v 17513 483 233
v 17514 426 203
v 17515 250 121
v 17516 177 101
v 17517 331 184
v 17518 282 139
v 17519 289 132
v 17520 381 185
v 17521 173 72
v 17522 126 65
v 17527 326 151
v 17528 239 123
v 17529 338 168
v 17531 396 205
v 17534 246 103
v 17536 456 226
v 17537 230 114
v 17539 280 146
v 17543 435 211
v 17544 264 135
v 17545 188 100
v 17546 84 40
v 17553 148 78
v 17563 87 44
v 17734 212 115
v 17735 561 258
v 17736 139 74
v 17737 74 30
v 17738 735 342
v 17739 255 139
v 17740 609 287
v 17741 62 24
v 17742 153 72
v 17743 64 33
v 17744 127 62
v 17745 75 39
v 17746 51 24
v 17747 76 41
v 17748 337 172
v 17749 514 244
v 17750 824 395
v 17751 412 213
v 17752 552 254
v 17753 26 11
v 17754 174 85
v 17755 223 110
v 17756 64 22
v 17757 548 283
v 17758 98 42
v 17759 51 30
v 17760 218 108
v 17761 398 193
v 17762 235 119
v 17763 77 36
v 17764 260 119
v 17765 379 199
v 17766 88 49
v 17767 32 15
v 17768 589 288
v 17769 431 208
v 17770 390 194
v 17771 273 131
v 17772 213 118
v 17773 316 151
v 17774 263 125
v 17775 254 125
v 17776 405 190
v 17777 139 58
v 17778 166 78
v 17783 350 169
v 17784 226 109
v 17785 258 130
v 17787 468 241
v 17790 209 104
v 17792 449 229
v 17793 190 102
v 17795 280 150
v 17799 467 208
v 17800 224 103
v 17801 165 76
v 17802 90 46
v 17809 151 78
v 17819 115 65
v 17991 649 313
v 17992 107 65
v 17993 77 42
v 17994 702 339
v 17995 255 132
v 17996 469 222
v 17997 39 19
v 17998 93 37
v 17999 69 41
v 18000 112 56
v 18001 69 33
v 18002 56 18
v 18003 76 46
v 18004 319 150
v 18005 530 260
v 18006 985 513
v 18007 348 174
v 18008 465 223
v 18009 23 12
v 18010 146 77
v 18011 170 87
v 18012 65 24
v 18013 599 300
v 18014 40 16
v 18015 71 36
v 18016 188 105
v 18017 511 261
v 18018 269 145
v 18019 78 45
v 18020 325 153
v 18021 273 141
v 18022 65 35
v 18023 32 12
v 18024 504 248
v 18025 441 218
v 18026 346 168
v 18027 246 129
v 18028 175 87
v 18029 277 148
v 18030 354 163
v 18031 225 115
v 18032 299 141
v 18033 136 69
v 18034 183 96
v 18039 261 141
v 18040 203 118
v 18041 277 130
v 18043 371 188
v 18046 259 127
v 18048 488 251
v 18049 202 114
v 18051 255 124
v 18055 425 221
v 18056 252 132
v 18057 181 101
v 18058 87 42
v 18065 153 80
v 18075 90 49
v 18248 322 178
v 18249 158 93
v 18250 1824 879
v 18251 543 298
v 18252 1367 655
v 18253 123 65
v 18254 301 148
v 18255 221 136
v 18256 237 124
v 18257 184 102
v 18258 123 50
v 18259 191 104
v 18260 831 437
v 18261 1264 696
v 18262 2429 1276
v 18263 892 448
v 18264 1122 522
v 18265 68 38
v 18266 361 164
v 18267 408 208
v 18268 155 80
v 18269 1381 706
v 18270 123 65
v 18271 159 80
v 18272 419 224
v 18273 1074 592
v 18274 634 339
v 18275 178 101
v 18276 725 364
v 18277 832 471
v 18278 150 84
v 18279 77 31
v 18280 1064 561
v 18281 1079 549
v 18282 965 503
v 18283 574 302
v 18284 658 341
v 18285 751 424
v 18286 586 287
v 18287 570 273
v 18288 830 425
v 18289 299 164
v 18290 400 205
v 18295 822 403
v 18296 430 246
v 18297 718 350
v 18299 1079 592
v 18302 565 302
v 18304 1012 518
v 18305 530 285
v 18307 634 339
v 18311 1088 534
v 18312 525 291
v 18313 396 237
v 18314 206 112
v 18321 353 203
v 18331 239 114
v 18505 36 18
v 18506 357 175
v 18507 134 69
v 18508 268 121
v 18509 30 10
v 18510 58 23
v 18511 45 22
v 18512 43 17
v 18513 36 17
v 18514 26 11
v 18515 55 32
v 18516 164 71
v 18517 262 116
v 18518 478 220
v 18519 192 82
v 18520 196 88
v 18521 11 7
v 18522 83 36
v 18523 89 43
v 18524 19 8
v 18525 285 118
v 18526 28 16
v 18527 37 19
v 18528 66 25
v 18529 216 100
v 18530 93 52
v 18531 40 21
v 18532 147 66
v 18533 140 58
v 18534 40 18
v 18535 24 13
v 18536 239 104
v 18537 202 95
v 18538 146 71
v 18539 110 48
v 18540 88 53
v 18541 143 75
v 18542 117 53
v 18543 102 47
v 18544 173 78
v 18545 65 25
v 18546 83 43
v 18551 177 72
v 18552 95 51
v 18553 136 62
v 18555 231 118
v 18558 112 47
v 18560 220 100
v 18561 111 47
v 18563 147 63
v 18567 227 109
v 18568 127 52
v 18569 80 34
v 18570 43 26
v 18577 64 37
v 18587 30 13
v 18762 192 88
v 18763 62 28
v 18764 123 43
v 18765 14 5
v 18766 31 13
v 18767 9 6
v 18768 21 10
v 18769 26 17
v 18770 18 9
v 18771 22 14
v 18772 83 41
v 18773 138 65
v 18774 255 116
v 18775 105 42
v 18776 112 51
v 18777 4 2
v 18778 39 17
v 18779 39 21
v 18780 20 5
v 18781 147 63
v 18782 12 5
v 18783 18 6
v 18784 41 20
v 18785 113 50
v 18786 55 20
v 18787 23 11
v 18788 92 36
v 18789 87 47
v 18790 22 9
v 18791 7 3
v 18792 112 59
v 18793 109 46
v 18794 88 47
v 18795 50 24
v 18796 44 19
v 18797 79 38
v 18798 67 21
v 18799 52 24
v 18800 84 34
v 18801 41 17
v 18802 65 35
v 18807 81 32
v 18808 42 16
v 18809 57 28
v 18811 107 51
v 18814 55 24
v 18816 131 64
v 18817 58 23
v 18819 57 26
v 18823 98 35
v 18824 53 21
v 18825 41 20
v 18826 19 7
v 18833 33 19
v 18843 27 14
v 19019 684 349
v 19020 1734 792
v 19021 162 85
v 19022 419 208
v 19023 232 126
v 19024 345 196
v 19025 230 119
v 19026 171 76
v 19027 282 142
v 19028 1103 619
v 19029 1466 780
v 19030 3097 1582
v 19031 1252 635
v 19032 1275 646
v 19033 57 29
v 19034 581 283
v 19035 568 267
v 19036 214 102
v 19037 1548 838
v 19038 127 71
v 19039 173 95
v 19040 539 275
v 19041 1489 776
v 19042 520 297
v 19043 261 125
v 19044 964 487
v 19045 966 525
v 19046 240 112
v 19047 110 52
v 19048 1481 733
v 19049 1493 753
v 19050 1147 603
v 19051 714 359
v 19052 517 271
v 19053 950 560
v 19054 719 335
v 19055 755 399
v 19056 1105 554
v 19057 441 206
v 19058 464 258
v 19063 948 488
v 19064 848 459
v 19065 916 458
v 19067 1332 714
v 19070 931 441
v 19072 1436 735
v 19073 670 343
v 19075 821 434
v 19079 1412 683
v 19080 775 411
v 19081 502 265
v 19082 215 123
v 19089 502 295
v 19099 257 150
v 19276 529 227
v 19277 81 36
v 19278 137 58
v 19279 68 44
v 19280 84 35
v 19281 89 49
v 19282 47 22
v 19283 79 47
v 19284 382 189
v 19285 473 261
v 19286 1133 573
v 19287 442 205
v 19288 508 219
v 19289 27 13
v 19290 157 79
v 19291 126 62
v 19292 64 29
v 19293 616 262
v 19294 45 24
v 19295 62 32
v 19296 197 106
v 19297 437 223
v 19298 162 101
v 19299 87 55
v 19300 268 134
v 19301 394 188
v 19302 86 47
v 19303 31 12
v 19304 563 253
v 19305 442 217
v 19306 350 170
v 19307 235 114
v 19308 219 118
v 19309 301 169
v 19310 259 110
v 19311 284 139
v 19312 317 146
v 19313 144 50
v 19314 197 95
v 19319 332 174
v 19320 203 109
v 19321 269 141
v 19323 395 201
v 19326 234 133
v 19328 480 248
v 19329 174 82
v 19331 221 124
v 19335 409 208
v 19336 209 103
v 19337 181 102
v 19338 83 42
v 19345 152 87
v 19355 75 34
v 19533 128 65
v 19534 278 137
v 19535 175 104
v 19536 224 119
v 19537 156 93
v 19538 126 62
v 19539 178 100
v 19540 761 430
v 19541 1022 562
v 19542 1733 942
v 19543 898 452
v 19544 1119 527
v 19545 57 38
v 19546 420 201
v 19547 351 164
v 19548 136 70
v 19549 1213 682
v 19550 96 51
v 19551 110 75
v 19552 416 245
v 19553 948 508
v 19554 486 302
v 19555 191 103
v 19556 613 335
v 19557 755 440
v 19558 205 119
v 19559 84 44
v 19560 1268 690
v 19561 1028 545
v 19562 753 403
v 19563 490 268
v 19564 381 217
v 19565 662 371
v 19566 571 297
v 19567 531 296
v 19568 835 449
v 19569 337 153
v 19570 356 221
v 19575 736 396
v 19576 404 203
v 19577 676 328
v 19579 1035 583
v 19582 418 251
v 19584 950 550
v 19585 341 191
v 19587 631 343
v 19591 950 486
v 19592 519 258
v 19593 367 205
v 19594 180 104
v 19601 332 190
v 19611 194 105
v 19790 40 20
v 19791 16 10
v 19792 31 12
v 19793 19 10
v 19794 15 6
v 19795 14 10
v 19796 75 42
v 19797 117 62
v 19798 254 135
v 19799 115 61
v 19800 94 51
v 19801 18 9
v 19802 53 30
v 19803 42 24
v 19804 25 10
v 19805 146 71
v 19806 5 4
v 19807 18 8
v 19808 34 20
v 19809 95 47
v 19810 48 30
v 19811 16 9
v 19812 50 22
v 19813 87 46
v 19814 18 10
v 19815 7 5
v 19816 106 53
v 19817 108 55
v 19818 77 36
v 19819 46 25
v 19820 31 15
v 19821 78 37
v 19822 46 21
v 19823 82 47
v 19824 71 33
v 19825 50 31
v 19826 33 13
v 19831 56 30
v 19832 46 28
v 19833 89 42
v 19835 97 44
v 19838 42 26
v 19840 97 52
v 19841 45 25
v 19843 62 40
v 19847 107 52
v 19848 58 33
v 19849 39 24
v 19850 13 8
v 19857 37 19
v 19867 20 6
v 20047 29 20
v 20048 57 34
v 20049 35 21
v 20050 31 12
v 20051 44 25
v 20052 158 88
v 20053 247 140
v 20054 514 269
v 20055 200 97
v 20056 212 108
v 20057 17 6
v 20058 88 45
v 20059 104 54
v 20060 40 15
v 20061 271 134
v 20062 21 8
v 20063 28 14
v 20064 91 44
v 20065 220 118
v 20066 105 57
v 20067 35 25
v 20068 152 80
v 20069 172 92
v 20070 31 18
v 20071 29 17
v 20072 247 125
v 20073 243 130
v 20074 189 103
v 20075 140 68
v 20076 84 46
v 20077 142 83
v 20078 112 64
v 20079 123 70
v 20080 215 106
v 20081 73 45
v 20082 78 46
v 20087 182 97
v 20088 142 83
v 20089 188 96
v 20091 240 134
v 20094 101 47
v 20096 253 137
v 20097 92 48
v 20099 139 71
v 20103 254 121
v 20104 124 73
v 20105 70 39
v 20106 43 25
v 20113 82 42
v 20123 56 35
v 20304 31 12
v 20305 34 18
v 20306 25 10
v 20307 23 13
v 20308 102 48
v 20309 133 75
v 20310 282 119
v 20311 139 59
v 20312 138 65
v 20313 9 4
v 20314 54 26
v 20315 47 22
v 20316 24 14
v 20317 153 71
v 20318 14 8
v 20319 15 5
v 20320 63 20
v 20321 158 82
v 20322 57 24
v 20323 25 18
v 20324 87 41
v 20325 110 47
v 20326 22 13
v 20327 6 2
v 20328 156 77
v 20329 135 61
v 20330 79 37
v 20331 74 39
v 20332 44 17
v 20333 101 54
v 20334 70 29
v 20335 89 38
v 20336 149 65
v 20337 41 17
v 20338 51 20
v 20343 98 55
v 20344 69 35
v 20345 108 49
v 20347 125 69
v 20350 67 35
v 20352 135 67
v 20353 68 28
v 20355 109 37
v 20359 145 58
v 20360 67 33
v 20361 57 30
v 20362 26 12
v 20369 48 21
v 20379 22 13
v 20561 31 11
v 20562 28 17
v 20563 41 23
v 20564 116 62
v 20565 195 103
v 20566 402 195
v 20567 185 103
v 20568 180 85
v 20569 17 10
v 20570 77 41
v 20571 74 32
v 20572 25 7
v 20573 247 113
v 20574 16 8
v 20575 27 15
v 20576 71 40
v 20577 197 108
v 20578 89 45
v 20579 33 13
v 20580 125 59
v 20581 164 79
v 20582 37 20
v 20583 22 11
v 20584 213 109
v 20585 194 98
v 20586 161 65
v 20587 101 57
v 20588 78 28
v 20589 153 83
v 20590 100 49
v 20591 95 49
v 20592 134 64
v 20593 55 24
v 20594 74 37
v 20599 127 64
v 20600 83 46
v 20601 125 64
v 20603 175 89
v 20606 66 40
v 20608 160 81
v 20609 64 29
v 20611 115 48
v 20615 167 82
v 20616 94 43
v 20617 73 37
v 20618 31 14
v 20625 68 28
v 20635 30 16
v 20818 18 11
v 20819 32 22
v 20820 135 77
v 20821 162 90
v 20822 298 147
v 20823 148 67
v 20824 160 82
v 20825 12 2
v 20826 66 35
v 20827 50 29
v 20828 20 11
v 20829 162 70
v 20830 15 10
v 20831 21 8
v 20832 63 34
v 20833 171 89
v 20834 65 30
v 20835 28 14
v 20836 84 40
v 20837 106 59
v 20838 18 6
v 20839 14 5
v 20840 195 109
v 20841 146 64
v 20842 114 59
v 20843 69 31
v 20844 54 34
v 20845 96 50
v 20846 53 25
v 20847 85 46
v 20848 80 33
v 20849 44 20
v 20850 63 34
v 20855 94 39
v 20856 69 40
v 20857 90 48
v 20859 142 65
v 20862 72 34
v 20864 143 72
v 20865 76 50
v 20867 81 45
v 20871 129 50
v 20872 74 43
v 20873 52 22
v 20874 23 19
v 20881 43 25
v 20891 22 13
v 21075 25 14
v 21076 73 41
v 21077 141 72
v 21078 213 123
v 21079 91 44
v 21080 115 55
v 21081 8 3
v 21082 43 26
v 21083 47 23
v 21084 19 5
v 21085 125 76
v 21086 17 10
v 21087 13 7
v 21088 28 13
v 21089 90 51
v 21090 41 25
v 21091 16 8
v 21092 70 36
v 21093 81 44
v 21094 23 15
v 21095 9 3
v 21096 128 58
v 21097 91 43
v 21098 95 55
v 21099 69 35
v 21100 27 12
v 21101 72 42
v 21102 46 28
v 21103 65 42
v 21104 51 25
v 21105 52 30
v 21106 35 16
v 21111 62 28
v 21112 51 24
v 21113 70 28
v 21115 129 73
v 21118 49 31
v 21120 73 35
v 21121 30 16
v 21123 61 29
v 21127 82 46
v 21128 51 27
v 21129 48 22
v 21130 12 5
v 21137 39 22
v 21147 20 9
v 21332 120 52
v 21333 158 70
v 21334 322 149
v 21335 135 65
v 21336 145 66
v 21337 6 0
v 21338 57 23
v 21339 77 33
v 21340 25 4
v 21341 177 78
v 21342 19 7
v 21343 33 15
v 21344 61 33
v 21345 174 81
v 21346 148 71
v 21347 27 11
v 21348 110 40
v 21349 119 64
v 21350 36 12
v 21351 10 3
v 21352 174 87
v 21353 168 64
v 21354 118 56
v 21355 78 27
v 21356 72 40
v 21357 134 69
v 21358 85 28
v 21359 93 47
v 21360 119 55
v 21361 43 20
v 21362 51 22
v 21367 84 36
v 21368 56 23
v 21369 105 51
v 21371 138 62
v 21374 55 25
v 21376 149 60
v 21377 74 26
v 21379 93 37
v 21383 144 66
v 21384 106 51
v 21385 61 27
v 21386 27 12
v 21393 55 27
v 21403 37 18
v 21589 671 333
v 21590 1367 640
v 21591 583 268
v 21592 647 296
v 21593 44 27
v 21594 214 106
v 21595 216 93
v 21596 83 32
v 21597 869 400
v 21598 67 33
v 21599 103 48
v 21600 282 136
v 21601 659 335
v 21602 360 192
v 21603 120 61
v 21604 444 213
v 21605 481 236
v 21606 129 49
v 21607 41 24
v 21608 765 343
v 21609 640 281
v 21610 497 247
v 21611 315 148
v 21612 275 147
v 21613 470 249
v 21614 348 166
v 21615 336 162
v 21616 448 209
v 21617 183 82
v 21618 252 130
v 21623 436 214
v 21624 283 155
v 21625 384 177
v 21627 634 315
v 21630 296 146
v 21632 670 320
v 21633 274 156
v 21635 330 160
v 21639 641 292
v 21640 364 167
v 21641 217 111
v 21642 124 65
v 21649 188 108
v 21659 131 58
v 21846 1910 889
v 21847 761 380
v 21848 907 400
v 21849 52 23
v 21850 347 157
v 21851 348 167
v 21852 127 63
v 21853 1083 501
v 21854 119 59
v 21855 140 63
v 21856 337 182
v 21857 917 400
v 21858 623 307
v 21859 171 91
v 21860 578 274
v 21861 623 328
v 21862 158 87
v 21863 71 28
v 21864 899 425
v 21865 923 459
v 21866 687 308
v 21867 460 225
v 21868 354 176
v 21869 632 354
v 21870 527 255
v 21871 485 250
v 21872 751 358
v 21873 305 142
v 21874 350 178
v 21879 628 288
v 21880 408 206
v 21881 628 291
v 21883 886 444
v 21886 350 153
v 21888 1339 671
v 21889 315 172
v 21891 548 276
v 21895 909 428
v 21896 550 232
v 21897 342 158
v 21898 176 89
v 21905 289 155
v 21915 146 79
v 22103 1599 788
v 22104 1816 869
v 22105 89 39
v 22106 658 309
v 22107 625 280
v 22108 262 109
v 22109 2122 1060
v 22110 181 107
v 22111 248 131
v 22112 697 376
v 22113 1555 805
v 22114 703 417
v 22115 347 192
v 22116 1224 561
v 22117 1321 711
v 22118 320 166
v 22119 151 66
v 22120 1982 912
v 22121 1819 928
v 22122 1460 702
v 22123 980 461
v 22124 529 322
v 22125 1224 675
v 22126 956 426
v 22127 911 443
v 22128 1325 630
v 22129 531 263
v 22130 699 355
v 22135 1210 601
v 22136 798 416
v 22137 1194 567
v 22139 1737 883
v 22142 915 471
v 22144 1792 921
v 22145 738 414
v 22147 945 501
v 22151 1753 799
v 22152 1014 506
v 22153 636 317
v 22154 319 162
v 22161 594 320
v 22171 338 163
v 22360 700 338
v 22361 33 17
v 22362 265 140
v 22363 253 122
v 22364 103 53
v 22365 646 372
v 22366 89 55
v 22367 107 51
v 22368 285 136
v 22369 672 355
v 22370 274 150
v 22371 140 72
v 22372 512 261
v 22373 567 295
v 22374 113 47
v 22375 59 28
v 22376 815 380
v 22377 707 369
v 22378 577 283
v 22379 378 175
v 22380 287 160
v 22381 448 253
v 22382 352 167
v 22383 390 183
v 22384 548 259
v 22385 195 107
v 22386 286 170
v 22391 565 279
v 22392 377 206
v 22393 524 246
v 22395 700 358
v 22398 410 227
v 22400 695 356
v 22401 322 183
v 22403 426 232
v 22407 641 299
v 22408 347 175
v 22409 261 130
v 22410 113 56
v 22417 240 130
v 22427 117 61
v 22617 55 33
v 22618 257 141
v 22619 303 162
v 22620 134 57
v 22621 1044 528
v 22622 57 38
v 22623 115 60
v 22624 343 204
v 22625 835 461
v 22626 310 187
v 22627 128 82
v 22628 528 263
v 22629 728 395
v 22630 148 77
v 22631 71 34
v 22632 918 463
v 22633 878 485
v 22634 661 348
v 22635 466 227
v 22636 337 169
v 22637 519 333
v 22638 420 226
v 22639 447 252
v 22640 594 298
v 22641 223 110
v 22642 344 192
v 22647 593 329
v 22648 428 230
v 22649 522 250
v 22651 852 469
v 22654 440 246
v 22656 758 411
v 22657 315 191
v 22659 425 238
v 22663 689 393
v 22664 433 231
v 22665 285 164
v 22666 133 77
v 22673 287 155
v 22683 154 77
v 22874 20 7
v 22875 14 4
v 22876 13 5
v 22877 65 38
v 22878 6 5
v 22879 4 3
v 22880 11 5
v 22881 35 22
v 22882 16 6
v 22883 10 7
v 22884 39 24
v 22885 35 18
v 22886 9 5
v 22887 4 3
v 22888 36 15
v 22889 49 22
v 22890 46 29
v 22891 25 9
v 22892 13 9
v 22893 33 18
v 22894 19 6
v 22895 22 10
v 22896 33 16
v 22897 24 17
v 22898 16 11
v 22903 38 23
v 22904 23 16
v 22905 27 9
v 22907 31 18
v 22910 23 12
v 22912 39 17
v 22913 12 7
v 22915 25 12
v 22919 46 17
v 22920 23 13
v 22921 14 10
v 22922 5 3
v 22929 10 4
v 22939 9 5
v 23131 150 82
v 23132 61 28
v 23133 333 175
v 23134 29 11
v 23135 27 20
v 23136 106 59
v 23137 303 158
v 23138 139 74
v 23139 59 33
v 23140 193 98
v 23141 195 98
v 23142 55 27
v 23143 25 14
v 23144 334 157
v 23145 343 197
v 23146 251 105
v 23147 156 91
v 23148 137 73
v 23149 220 134
v 23150 172 87
v 23151 156 78
v 23152 291 160
v 23153 117 53
v 23154 89 45
v 23159 215 101
v 23160 132 76
v 23161 203 113
v 23163 341 180
v 23166 148 76
v 23168 276 136
v 23169 129 67
v 23171 218 113
v 23175 331 159
v 23176 167 91
v 23177 123 68
v 23178 47 32
v 23185 90 50
v 23195 53 28
v 23388 68 30
v 23389 340 177
v 23390 27 17
v 23391 51 18
v 23392 119 71
v 23393 311 162
v 23394 136 81
v 23395 52 28
v 23396 236 136
v 23397 208 110
v 23398 49 22
v 23399 25 14
v 23400 320 169
v 23401 400 216
v 23402 296 138
v 23403 180 106
v 23404 88 40
v 23405 284 155
v 23406 167 75
v 23407 201 97
v 23408 314 157
v 23409 115 59
v 23410 92 50
v 23415 214 114
v 23416 136 71
v 23417 279 141
v 23419 347 192
v 23422 144 73
v 23424 282 157
v 23425 115 57
v 23427 197 98
v 23431 324 145
v 23432 202 105
v 23433 150 78
v 23434 61 34
v 23441 120 65
v 23451 52 29
v 23645 109 60
v 23646 17 12
v 23647 10 3
v 23648 46 24
v 23649 104 59
v 23650 56 27
v 23651 14 8
v 23652 71 30
v 23653 100 50
v 23654 26 13
v 23655 12 6
v 23656 138 66
v 23657 120 57
v 23658 91 57
v 23659 69 41
v 23660 45 22
v 23661 106 63
v 23662 85 47
v 23663 88 47
v 23664 117 55
v 23665 42 25
v 23666 38 15
v 23671 88 35
v 23672 75 45
v 23673 106 50
v 23675 128 66
v 23678 67 45
v 23680 127 77
v 23681 43 23
v 23683 81 45
v 23687 140 71
v 23688 58 33
v 23689 49 31
v 23690 27 11
v 23697 37 21
v 23707 20 11
v 23902 111 71
v 23903 137 67
v 23904 386 205
v 23905 970 485
v 23906 461 248
v 23907 214 131
v 23908 620 345
v 23909 671 355
v 23910 215 117
v 23911 78 31
v 23912 1019 508
v 23913 749 317
v 23914 991 560
v 23915 594 303
v 23916 415 238
v 23917 641 368
v 23918 476 241
v 23919 555 281
v 23920 907 467
v 23921 304 146
v 23922 389 205
v 23927 719 367
v 23928 500 265
v 23929 523 209
v 23931 964 492
v 23934 502 273
v 23936 990 499
v 23937 394 200
v 23939 502 253
v 23943 970 462
v 23944 555 277
v 23945 364 176
v 23946 190 90
v 23953 337 188
v 23963 199 95
v 24159 10 6
v 24160 25 8
v 24161 85 35
v 24162 40 25
v 24163 17 7
v 24164 54 26
v 24165 67 38
v 24166 8 4
v 24167 3 1
v 24168 108 41
v 24169 89 39
v 24170 90 37
v 24171 45 19
v 24172 38 20
v 24173 57 22
v 24174 65 23
v 24175 53 25
v 24176 76 35
v 24177 28 9
v 24178 25 9
v 24183 69 25
v 24184 36 12
v 24185 55 22
v 24187 95 45
v 24190 38 17
v 24192 88 39
v 24193 26 11
v 24195 50 23
v 24199 85 35
v 24200 58 26
v 24201 26 11
v 24202 11 4
v 24209 20 9
v 24219 15 8
v 24416 39 24
v 24417 133 64
v 24418 46 23
v 24419 21 13
v 24420 84 35
v 24421 79 38
v 24422 23 11
v 24423 9 5
v 24424 164 93
v 24425 88 45
v 24426 86 48
v 24427 59 31
v 24428 42 22
v 24429 64 33
v 24430 56 24
v 24431 50 20
v 24432 72 38
v 24433 26 9
v 24434 38 19
v 24439 57 24
v 24440 48 29
v 24441 80 44
v 24443 83 40
v 24446 43 22
v 24448 117 63
v 24449 50 21
v 24451 52 32
v 24455 131 64
v 24456 74 44
v 24457 39 15
v 24458 29 13
v 24465 36 21
v 24475 24 10
v 24673 305 153
v 24674 162 82
v 24675 58 27
v 24676 221 108
v 24677 238 120
v 24678 48 23
v 24679 25 14
v 24680 381 174
v 24681 349 179
v 24682 290 129
v 24683 159 73
v 24684 146 74
v 24685 189 102
v 24686 170 72
v 24687 183 75
v 24688 232 99
v 24689 101 45
v 24690 121 52
v 24695 219 94
v 24696 162 83
v 24697 223 95
v 24699 273 120
v 24702 148 79
v 24704 324 144
v 24705 168 73
v 24707 192 79
v 24711 333 165
v 24712 187 85
v 24713 122 63
v 24714 51 22
v 24721 110 62
v 24731 51 26
v 24930 373 194
v 24931 175 99
v 24932 544 286
v 24933 530 295
v 24934 129 74
v 24935 67 31
v 24936 890 436
v 24937 806 397
v 24938 651 306
v 24939 441 211
v 24940 314 166
v 24941 584 321
v 24942 409 201
v 24943 452 238
v 24944 617 295
v 24945 254 137
v 24946 273 145
v 24951 522 243
v 24952 358 191
v 24953 593 278
v 24955 837 451
v 24958 374 180
v 24960 803 422
v 24961 356 181
v 24963 492 258
v 24967 917 450
v 24968 486 251
v 24969 298 156
v 24970 125 55
v 24977 297 150
v 24987 148 79
v 25187 86 51
v 25188 302 139
v 25189 198 94
v 25190 65 25
v 25191 38 21
v 25192 383 170
v 25193 365 180
v 25194 318 142
v 25195 248 112
v 25196 151 70
v 25197 228 127
v 25198 208 99
v 25199 189 91
v 25200 333 159
v 25201 123 55
v 25202 141 72
v 25207 275 132
v 25208 169 92
v 25209 151 62
v 25211 428 235
v 25214 179 88
v 25216 372 169
v 25217 184 96
v 25219 207 93
v 25223 388 175
v 25224 206 105
v 25225 155 60
v 25226 76 31
v 25233 107 56
v 25243 78 38
v 25444 115 54
v 25445 116 63
v 25446 25 10
v 25447 17 6
v 25448 154 76
v 25449 177 76
v 25450 102 42
v 25451 57 25
v 25452 68 27
v 25453 93 47
v 25454 85 33
v 25455 85 38
v 25456 108 48
v 25457 52 22
v 25458 40 24
v 25463 94 41
v 25464 59 28
v 25465 109 45
v 25467 117 48
v 25470 74 29
v 25472 167 80
v 25473 74 26
v 25475 82 32
v 25479 145 64
v 25480 79 34
v 25481 76 32
v 25482 23 12
v 25489 40 25
v 25499 18 10
v 25701 407 223
v 25702 80 47
v 25703 49 25
v 25704 520 282
v 25705 555 256
v 25706 445 223
v 25707 271 125
v 25708 224 92
v 25709 419 225
v 25710 337 146
v 25711 295 143
v 25712 419 181
v 25713 165 82
v 25714 214 107
v 25719 359 167
v 25720 270 145
v 25721 332 171
v 25723 549 277
v 25726 261 142
v 25728 609 302
v 25729 253 144
v 25731 324 168
v 25735 615 298
v 25736 274 131
v 25737 183 97
v 25738 99 49
v 25745 172 91
v 25755 110 49
v 25958 129 60
v 25959 50 25
v 25960 611 279
v 25961 599 271
v 25962 482 238
v 25963 321 145
v 25964 243 123
v 25965 386 212
v 25966 309 150
v 25967 320 140
v 25968 456 223
v 25969 185 83
v 25970 233 106
v 25975 429 203
v 25976 304 165
v 25977 364 168
v 25979 615 317
v 25982 298 138
v 25984 646 317
v 25985 259 146
v 25987 335 147
v 25991 604 275
v 25992 330 163
v 25993 229 110
v 25994 75 32
v 26001 204 116
v 26011 127 50
v 26215 10 7
v 26216 149 65
v 26217 150 63
v 26218 79 42
v 26219 65 38
v 26220 59 37
v 26221 116 60
v 26222 82 44
v 26223 76 37
v 26224 96 46
v 26225 60 23
v 26226 66 33
v 26231 76 37
v 26232 77 41
v 26233 109 50
v 26235 115 61
v 26238 64 40
v 26240 128 66
v 26241 41 22
v 26243 67 43
v 26247 178 74
v 26248 74 41
v 26249 56 22
v 26250 23 11
v 26257 36 23
v 26267 22 8
v 26472 84 40
v 26473 57 24
v 26474 47 29
v 26475 25 14
v 26476 21 14
v 26477 44 22
v 26478 22 11
v 26479 30 15
v 26480 59 26
v 26481 23 13
v 26482 21 15
v 26487 47 24
v 26488 20 10
v 26489 45 22
v 26491 72 38
v 26494 31 19
v 26496 66 38
v 26497 23 15
v 26499 46 28
v 26503 58 34
v 26504 32 15
v 26505 30 11
v 26506 13 3
v 26513 19 14
v 26523 21 12
v 26729 793 390
v 26730 635 352
v 26731 478 262
v 26732 402 242
v 26733 545 318
v 26734 531 279
v 26735 280 137
v 26736 425 180
v 26737 275 124
v 26738 378 191
v 26743 646 349
v 26744 418 236
v 26745 640 315
v 26747 896 475
v 26750 427 217
v 26752 891 453
v 26753 409 234
v 26755 343 165
v 26759 1022 445
v 26760 456 247
v 26761 308 168
v 26762 129 68
v 26769 273 160
v 26779 155 77
v 26986 670 367
v 26987 428 219
v 26988 341 177
v 26989 554 330
v 26990 440 221
v 26991 532 264
v 26992 809 408
v 26993 283 127
v 26994 246 146
v 26999 584 316
v 27000 435 240
v 27001 616 267
v 27003 896 476
v 27006 378 208
v 27008 801 397
v 27009 317 176
v 27011 541 263
v 27015 841 395
v 27016 447 264
v 27017 325 152
v 27018 134 68
v 27025 263 135
v 27035 191 97
v 27243 371 187
v 27244 245 138
v 27245 450 261
v 27246 315 148
v 27247 257 109
v 27248 548 251
v 27249 173 70
v 27250 305 138
v 27255 480 220
v 27256 377 208
v 27257 380 166
v 27259 718 386
v 27262 342 194
v 27264 642 325
v 27265 260 138
v 27267 390 208
v 27271 659 315
v 27272 385 211
v 27273 247 127
v 27274 120 59
v 27281 213 116
v 27291 133 66
v 27500 185 97
v 27501 317 190
v 27502 245 134
v 27503 217 108
v 27504 335 159
v 27505 131 63
v 27506 178 92
v 27511 306 157
v 27512 210 120
v 27513 281 132
v 27515 434 249
v 27518 214 116
v 27520 450 213
v 27521 179 106
v 27523 252 142
v 27527 440 228
v 27528 243 131
v 27529 192 99
v 27530 74 41
v 27537 163 97
v 27547 98 52
v 27757 200 99
v 27758 176 83
v 27759 161 69
v 27760 261 123
v 27761 82 44
v 27762 119 59
v 27767 240 101
v 27768 164 83
v 27769 204 96
v 27771 305 159
v 27774 162 86
v 27776 346 153
v 27777 145 76
v 27779 153 70
v 27783 335 152
v 27784 143 71
v 27785 114 61
v 27786 61 26
v 27793 87 48
v 27803 61 29
v 28014 282 101
v 28015 362 160
v 28016 355 142
v 28017 187 80
v 28018 205 105
v 28023 389 182
v 28024 283 139
v 28025 361 130
v 28027 541 262
v 28030 276 134
v 28032 537 230
v 28033 205 112
v 28035 376 171
v 28039 613 285
v 28040 356 154
v 28041 204 88
v 28042 129 51
v 28049 222 121
v 28059 108 55
v 28271 207 88
v 28272 380 205
v 28273 143 67
v 28274 126 70
v 28279 306 163
v 28280 176 110
v 28281 301 148
v 28283 484 269
v 28286 186 83
v 28288 812 400
v 28289 154 93
v 28291 250 126
v 28295 441 250
v 28296 268 136
v 28297 173 94
v 28298 81 40
v 28305 169 104
v 28315 71 42
v 28528 384 177
v 28529 177 86
v 28530 134 67
v 28535 345 171
v 28536 249 124
v 28537 330 153
v 28539 432 221
v 28542 221 123
v 28544 380 204
v 28545 152 86
v 28547 269 142
v 28551 458 207
v 28552 275 135
v 28553 151 85
v 28554 67 38
v 28561 147 79
v 28571 95 51
v 28785 232 114
v 28786 189 100
v 28791 484 244
v 28792 250 146
v 28793 449 217
v 28795 641 327
v 28798 318 158
v 28800 612 337
v 28801 221 132
v 28803 409 216
v 28807 645 317
v 28808 343 204
v 28809 248 122
v 28810 199 104
v 28817 218 119
v 28827 131 71
v 29042 88 41
v 29047 162 85
v 29048 119 65
v 29049 213 115
v 29051 260 156
v 29054 134 69
v 29056 251 136
v 29057 91 52
v 29059 177 95
v 29063 268 144
v 29064 150 81
v 29065 106 55
v 29066 39 22
v 29073 94 57
v 29083 50 29
v 29303 184 83
v 29304 139 68
v 29305 184 77
v 29307 270 133
v 29310 179 89
v 29312 277 132
v 29313 126 64
v 29315 160 78
v 29319 308 144
v 29320 176 104
v 29321 110 56
v 29322 62 28
v 29329 101 55
v 29339 64 29
v 30584 321 164
v 30585 400 207
v 30587 727 392
v 30590 271 146
v 30592 510 253
v 30593 202 101
v 30595 307 156
v 30599 535 268
v 30600 284 153
v 30601 186 89
v 30602 92 44
v 30609 187 99
v 30619 132 62
v 30841 207 85
v 30843 380 181
v 30846 204 101
v 30848 420 194
v 30849 177 88
v 30851 227 109
v 30855 389 181
v 30856 207 106
v 30857 162 72
v 30858 51 25
v 30865 119 61
v 30875 82 36
v 31099 606 314
v 31102 273 158
v 31104 528 281
v 31105 214 107
v 31107 331 164
v 31111 546 257
v 31112 318 164
v 31113 198 108
v 31114 81 46
v 31121 197 112
v 31131 85 42
v 31614 395 191
v 31616 796 384
v 31617 307 142
v 31619 531 253
v 31623 836 361
v 31624 478 223
v 31625 288 136
v 31626 156 72
v 31633 292 145
v 31643 174 78
v 32384 407 210
v 32385 205 120
v 32387 230 116
v 32391 440 196
v 32392 207 104
v 32393 149 68
v 32394 60 26
v 32401 154 78
v 32411 79 38
v 32897 393 191
v 32899 456 222
v 32903 837 394
v 32904 475 245
v 32905 280 137
v 32906 137 71
v 32913 260 139
v 32923 169 79
v 33155 199 99
v 33159 381 179
v 33160 188 89
v 33161 114 61
v 33162 54 25
v 33169 122 69
v 33179 63 35
v 33671 499 238
v 33672 263 130
v 33673 175 84
v 33674 82 39
v 33681 160 67
v 33691 86 40
v 34696 479 249
v 34697 308 172
v 34698 137 71
v 34705 274 141
v 34715 166 85
v 34953 189 92
v 34954 71 39
v 34961 138 71
v 34971 92 35
v 35210 50 28
v 35217 108 49
v 35227 53 25
v 35473 60 34
v 35483 38 20
v 37275 61 30
s 258 927 479
s 259 187 110
s 260 34 12
s 261 680 350
s 262 87 36
s 263 850 449
s 264 59 30
s 265 864 459
s 266 21 5
s 267 287 116
s 268 34 15
s 269 201 99
s 270 1721 881
s 271 239 130
s 272 144 73
s 273 360 171
s 274 45 16
s 275 338 151
s 276 311 176
s 277 959 474
s 278 583 282
s 279 259 140
s 281 796 345
s 282 1279 606
s 283 780 399
s 284 294 136
s 285 947 469
s 286 714 368
s 287 756 406
s 288 144 82
s 289 286 160
s 290 304 137
s 291 499 241
s 292 646 311
s 293 249 137
s 294 130 65
s 295 508 251
s 296 241 116
s 297 30 13
s 298 324 187
s 299 326 164
s 300 30 11
s 301 229 128
s 302 63 28
s 303 308 158
s 304 62 30
s 305 1002 562
s 306 354 205
s 307 158 88
s 308 143 74
s 309 232 100
s 310 74 40
s 311 434 226
s 312 67 33
s 313 125 67
s 314 160 90
s 315 209 89
s 316 624 343
s 317 108 64
s 318 587 356
s 319 175 82
s 320 331 162
s 321 61 27
s 322 24 10
s 323 26 13
s 324 433 216
s 325 389 194
s 326 59 32
s 327 1005 530
s 328 163 75
s 329 83 47
s 330 1249 668
s 331 431 216
s 332 889 498
s 333 108 59
s 334 228 117
s 335 134 54
s 336 59 38
s 337 108 53
s 338 87 46
s 339 148 74
s 340 538 255
s 341 832 429
s 342 1570 824
s 343 681 332
s 344 730 394
s 345 6 3
s 346 304 162
s 347 227 124
s 348 131 66
s 349 243 119
s 350 18 6
s 351 17 10
s 352 257 125
s 353 742 395
s 354 298 130
s 355 143 72
s 356 404 184
s 357 558 265
s 358 146 68
s 359 63 35
s 360 833 428
s 361 883 470
s 362 590 298
s 363 411 208
s 364 288 145
s 365 46 17
s 366 439 232
s 367 432 241
s 368 698 388
s 369 220 121
s 370 156 84
s 375 526 272
s 376 337 173
s 377 603 329
s 379 771 377
s 382 359 165
s 384 752 391
s 385 292 165
s 387 425 208
s 391 742 402
s 392 418 206
s 393 265 140
s 394 34 19
s 401 100 37
s 411 142 76
s 515 218 104
s 516 121 57
s 517 874 431
s 518 1217 526
s 519 759 361
s 520 1222 653
s 521 1101 543
s 522 308 142
s 523 518 190
s 524 896 476
s 525 257 121
s 526 1499 731
s 527 198 92
s 528 77 31
s 529 458 203
s 530 883 451
s 531 476 188
s 532 451 236
s 533 1203 564
s 534 844 421
s 535 142 71
s 537 1015 451
s 538 1589 730
s 539 952 463
s 540 56 24
s 541 117 40
s 542 968 496
s 543 894 457
s 544 264 137
s 545 77 39
s 546 387 204
s 547 761 359
s 548 654 313
s 549 322 162
s 550 37 21
s 551 656 295
s 552 300 141
s 553 393 181
s 554 229 111
s 555 265 131
s 556 440 215
s 557 281 146
s 558 306 147
s 559 253 120
s 560 1067 487
s 561 532 267
s 562 440 234
s 563 203 86
s 564 174 95
s 565 613 275
s 566 1114 587
s 567 55 25
s 568 250 126
s 569 86 47
s 570 151 79
s 571 201 95
s 572 82 42
s 573 88 41
s 574 682 373
s 575 278 131
s 576 395 175
s 577 43 20
s 578 24 11
s 579 503 263
s 580 565 281
s 581 73 24
s 582 447 203
s 583 953 455
s 584 240 116
s 585 94 32
s 586 1558 789
s 587 558 301
s 588 1047 555
s 589 23 11
s 590 32 16
s 591 159 67
s 592 160 81
s 593 75 34
s 594 110 56
s 595 163 77
s 596 591 291
s 597 765 388
s 598 1880 907
s 599 857 434
s 600 793 412
s 601 45 23
s 602 319 146
s 603 281 148
s 604 79 37
s 605 1118 559
s 606 94 40
s 607 108 51
s 608 33 15
s 609 450 207
s 610 85 33
s 611 23 10
s 612 514 242
s 613 791 379
s 614 131 69
s 615 47 23
s 616 110 51
s 617 858 416
s 618 666 325
s 619 405 235
s 620 40 9
s 621 629 277
s 622 447 225
s 623 447 229
s 624 684 312
s 625 315 177
s 626 342 155
s 631 611 284
s 632 286 120
s 633 566 284
s 635 983 470
s 638 404 177
s 640 890 427
s 641 42 18
s 643 500 249
s 647 146 81
s 648 436 213
s 649 115 50
s 650 202 102
s 657 297 137
s 667 80 32
s 772 22 11
s 773 53 32
s 774 197 86
s 775 209 96
s 776 241 122
s 777 210 96
s 778 60 28
s 779 108 43
s 780 189 105
s 781 60 29
s 782 324 157
s 783 64 38
s 784 34 20
s 785 100 59
s 786 238 137
s 787 128 61
s 788 67 32
s 789 226 112
s 790 105 50
s 791 57 27
s 793 193 90
s 794 161 85
s 795 82 39
s 796 63 31
s 797 219 110
s 798 76 42
s 799 61 32
s 800 50 30
s 801 60 40
s 802 77 34
s 803 125 60
s 804 188 92
s 805 14 7
s 806 33 17
s 807 105 55
s 808 28 11
s 809 72 38
s 810 103 53
s 811 90 41
s 812 98 54
s 813 29 16
s 814 53 26
s 815 68 36
s 816 248 111
s 817 266 150
s 818 29 16
s 819 34 24
s 820 40 23
s 821 115 49
s 822 251 140
s 823 109 60
s 824 53 27
s 825 33 14
s 826 23 11
s 827 56 25
s 828 164 90
s 829 31 18
s 830 110 62
s 831 50 26
s 832 42 18
s 833 14 7
s 834 3 1
s 835 124 66
s 836 49 24
s 837 103 50
s 838 120 66
s 839 147 79
s 840 50 27
s 841 20 9
s 842 327 170
s 843 48 25
s 844 233 139
s 845 25 12
s 846 75 48
s 847 14 5
s 848 34 16
s 849 34 17
s 850 29 19
s 851 18 7
s 852 84 44
s 853 128 57
s 854 275 142
s 855 58 29
s 856 146 81
s 857 15 11
s 858 84 40
s 859 52 30
s 860 25 16
s 861 226 118
s 862 22 12
s 863 31 13
s 864 78 35
s 865 187 99
s 866 80 28
s 867 28 15
s 868 74 37
s 869 90 42
s 870 17 4
s 871 9 4
s 872 189 94
s 873 127 78
s 874 175 98
s 875 100 61
s 876 67 38
s 877 129 60
s 878 88 44
s 879 46 25
s 880 66 30
s 881 62 32
s 882 55 34
s 887 91 51
s 888 108 50
s 889 88 56
s 891 105 51
s 894 77 36
s 896 147 73
s 897 89 39
s 899 54 24
s 903 236 135
s 904 71 34
s 905 70 42
s 906 44 12
s 913 83 36
s 923 30 13
s 1029 109 48
s 1030 49 28
s 1031 124 68
s 1032 45 28
s 1033 110 51
s 1034 18 6
s 1035 35 12
s 1036 25 15
s 1037 27 12
s 1038 215 109
s 1039 36 17
s 1040 16 10
s 1041 50 21
s 1042 35 19
s 1043 45 23
s 1044 49 26
s 1045 135 69
s 1046 103 56
s 1047 39 25
s 1049 103 43
s 1050 175 86
s 1051 135 77
s 1052 35 20
s 1053 109 42
s 1054 97 49
s 1055 103 56
s 1056 20 12
s 1057 45 30
s 1058 39 26
s 1059 69 35
s 1060 104 44
s 1061 38 15
s 1062 4 1
s 1063 71 33
s 1064 36 15
s 1065 18 6
s 1066 48 27
s 1067 46 23
s 1068 19 6
s 1069 40 20
s 1070 10 5
s 1071 24 12
s 1072 48 24
s 1073 103 60
s 1074 31 15
s 1075 32 15
s 1076 18 9
s 1077 48 21
s 1078 44 25
s 1079 48 27
s 1080 8 5
s 1081 17 11
s 1082 8 3
s 1083 26 10
s 1084 58 33
s 1085 8 5
s 1086 80 40
s 1087 26 12
s 1088 48 27
s 1089 9 3
s 1090 2 1
s 1091 24 15
s 1092 53 29
s 1093 57 23
s 1094 30 18
s 1095 125 78
s 1096 25 8
s 1097 10 4
s 1098 161 77
s 1099 53 31
s 1100 95 49
s 1101 9 5
s 1102 27 18
s 1103 15 9
s 1104 11 8
s 1105 9 3
s 1106 10 4
s 1107 16 6
s 1108 73 38
s 1109 116 58
s 1110 223 120
s 1111 98 51
s 1112 83 45
s 1113 2 1
s 1114 27 15
s 1115 32 14
s 1116 5 0
s 1117 55 29
s 1118 3 2
s 1119 5 3
s 1120 34 18
s 1121 76 41
s 1122 34 17
s 1123 20 7
s 1124 63 37
s 1125 67 32
s 1126 25 14
s 1127 3 2
s 1128 85 50
s 1129 78 38
s 1130 64 37
s 1131 43 21
s 1132 38 20
s 1133 27 14
s 1134 69 38
s 1135 47 29
s 1136 69 32
s 1137 28 15
s 1138 25 10
s 1143 61 30
s 1144 41 15
s 1145 64 33
s 1147 99 52
s 1150 38 25
s 1152 102 55
s 1153 49 34
s 1155 53 27
s 1159 87 43
s 1160 44 25
s 1161 25 14
s 1162 12 9
s 1169 18 10
s 1179 20 7
s 1286 840 387
s 1287 697 359
s 1288 1185 652
s 1289 611 307
s 1290 224 94
s 1291 404 177
s 1292 681 343
s 1293 245 130
s 1294 1293 674
s 1295 317 160
s 1296 147 64
s 1297 421 204
s 1298 710 351
s 1299 406 172
s 1300 338 150
s 1301 940 456
s 1302 499 220
s 1303 233 115
s 1305 774 339
s 1306 563 269
s 1307 294 150
s 1308 328 155
s 1309 967 460
s 1310 255 136
s 1311 209 114
s 1312 237 151
s 1313 255 145
s 1314 247 134
s 1315 590 281
s 1316 868 411
s 1317 78 36
s 1318 106 58
s 1319 509 238
s 1320 127 45
s 1321 332 160
s 1322 514 274
s 1323 328 173
s 1324 349 163
s 1325 108 65
s 1326 241 104
s 1327 329 156
s 1328 710 375
s 1329 907 498
s 1330 71 33
s 1331 123 64
s 1332 144 71
s 1333 433 188
s 1334 897 471
s 1335 423 222
s 1336 211 118
s 1337 74 34
s 1338 71 47
s 1339 216 100
s 1340 572 296
s 1341 69 32
s 1342 463 266
s 1343 180 95
s 1344 106 51
s 1345 47 26
s 1346 11 8
s 1347 459 250
s 1348 159 80
s 1349 474 257
s 1350 422 215
s 1351 733 384
s 1352 177 85
s 1353 89 35
s 1354 1078 552
s 1355 279 150
s 1356 930 528
s 1357 79 34
s 1358 189 103
s 1359 45 19
s 1360 157 87
s 1361 116 61
s 1362 87 48
s 1363 68 24
s 1364 353 162
s 1365 523 258
s 1366 1069 542
s 1367 212 97
s 1368 600 319
s 1369 35 17
s 1370 213 108
s 1371 134 62
s 1372 81 46
s 1373 988 512
s 1374 75 36
s 1375 108 53
s 1376 312 136
s 1377 634 319
s 1378 336 165
s 1379 125 55
s 1380 292 159
s 1381 394 174
s 1382 90 54
s 1383 42 19
s 1384 838 451
s 1385 385 209
s 1386 618 305
s 1387 331 191
s 1388 349 150
s 1389 464 208
s 1390 321 165
s 1391 123 52
s 1392 174 90
s 1393 183 99
s 1394 295 132
s 1399 281 144
s 1400 349 159
s 1401 198 93
s 1403 408 189
s 1406 401 211
s 1408 525 271
s 1409 328 162
s 1411 151 73
s 1415 745 411
s 1416 298 148
s 1417 270 120
s 1418 122 58
s 1425 245 106
s 1435 98 42
s 1543 1236 561
s 1544 31 15
s 1545 1128 535
s 1546 14 4
s 1547 347 126
s 1548 22 12
s 1549 293 122
s 1550 2455 1145
s 1551 360 146
s 1552 191 79
s 1553 442 194
s 1554 45 25
s 1555 415 142
s 1556 488 229
s 1557 1066 417
s 1558 815 362
s 1559 353 146
s 1561 1015 370
s 1562 1598 647
s 1563 1027 470
s 1564 423 175
s 1565 1418 601
s 1566 913 408
s 1567 854 389
s 1568 191 97
s 1569 360 182
s 1570 361 171
s 1571 546 221
s 1572 1011 463
s 1573 313 118
s 1574 141 74
s 1575 684 282
s 1576 307 136
s 1577 43 18
s 1578 498 255
s 1579 452 196
s 1580 23 5
s 1581 310 141
s 1582 58 23
s 1583 350 149
s 1584 40 16
s 1585 1275 599
s 1586 328 165
s 1587 336 145
s 1588 192 92
s 1589 324 124
s 1590 38 16
s 1591 589 269
s 1592 81 34
s 1593 164 88
s 1594 187 80
s 1595 280 117
s 1596 817 375
s 1597 109 46
s 1598 791 382
s 1599 192 87
s 1600 414 162
s 1601 75 31
s 1602 37 16
s 1603 26 13
s 1604 566 215
s 1605 568 243
s 1606 53 17
s 1607 1353 622
s 1608 173 82
s 1609 91 40
s 1610 1605 758
s 1611 548 228
s 1612 1196 579
s 1613 113 53
s 1614 298 143
s 1615 163 70
s 1616 61 25
s 1617 111 44
s 1618 101 44
s 1619 284 126
s 1620 996 414
s 1621 1414 608
s 1622 2008 874
s 1623 775 321
s 1624 1120 508
s 1625 7 2
s 1626 354 165
s 1627 303 143
s 1628 167 84
s 1629 303 147
s 1630 5 3
s 1631 18 8
s 1632 489 213
s 1633 971 399
s 1634 429 158
s 1635 166 61
s 1636 854 381
s 1637 712 306
s 1638 207 105
s 1639 101 47
s 1640 1059 477
s 1641 923 418
s 1642 842 391
s 1643 582 249
s 1644 453 176
s 1645 31 12
s 1646 519 219
s 1647 506 237
s 1648 705 317
s 1649 326 148
s 1650 180 83
s 1655 668 297
s 1656 453 178
s 1657 547 252
s 1659 931 366
s 1662 475 220
s 1664 943 404
s 1665 437 184
s 1667 503 205
s 1671 986 473
s 1672 608 272
s 1673 395 191
s 1674 50 22
s 1681 113 45
s 1691 184 81
s 1800 1100 592
s 1801 879 440
s 1802 339 172
s 1803 475 183
s 1804 1159 628
s 1805 218 104
s 1806 1536 800
s 1807 416 235
s 1808 132 59
s 1809 296 139
s 1810 816 412
s 1811 469 219
s 1812 530 286
s 1813 1229 601
s 1814 626 306
s 1815 192 101
s 1817 762 330
s 1818 1378 655
s 1819 912 458
s 1820 273 129
s 1821 790 370
s 1822 791 415
s 1823 792 413
s 1824 234 134
s 1825 317 171
s 1826 285 136
s 1827 575 276
s 1828 966 474
s 1829 312 142
s 1830 129 62
s 1831 512 243
s 1832 252 123
s 1833 390 187
s 1834 439 244
s 1835 386 196
s 1836 454 227
s 1837 231 138
s 1838 319 146
s 1839 339 175
s 1840 1193 602
s 1841 894 476
s 1842 323 172
s 1843 182 90
s 1844 148 81
s 1845 564 251
s 1846 1077 564
s 1847 494 279
s 1848 257 145
s 1849 122 67
s 1850 153 81
s 1851 206 82
s 1852 545 291
s 1853 107 65
s 1854 500 301
s 1855 253 124
s 1856 389 167
s 1857 58 32
s 1858 36 17
s 1859 554 295
s 1860 588 286
s 1861 447 216
s 1862 499 269
s 1863 778 417
s 1864 224 101
s 1865 115 51
s 1866 1137 570
s 1867 510 269
s 1868 788 450
s 1869 80 44
s 1870 193 105
s 1871 142 64
s 1872 221 107
s 1873 133 68
s 1874 95 51
s 1875 147 65
s 1876 625 321
s 1877 870 433
s 1878 1660 831
s 1879 773 412
s 1880 680 378
s 1881 51 30
s 1882 271 130
s 1883 347 177
s 1884 81 44
s 1885 1080 560
s 1886 115 61
s 1887 130 71
s 1888 257 114
s 1889 676 312
s 1890 323 145
s 1891 141 73
s 1892 507 266
s 1893 564 268
s 1894 156 80
s 1895 57 31
s 1896 739 394
s 1897 802 411
s 1898 543 278
s 1899 321 165
s 1900 288 129
s 1901 698 323
s 1902 486 261
s 1903 469 236
s 1904 649 354
s 1905 195 109
s 1906 282 126
s 1911 508 261
s 1912 291 123
s 1913 507 251
s 1915 770 380
s 1918 357 161
s 1920 777 392
s 1921 283 131
s 1923 468 242
s 1927 747 411
s 1928 390 186
s 1929 224 101
s 1930 175 84
s 1937 291 138
s 1947 139 70
s 2057 1189 644
s 2058 20 5
s 2059 285 116
s 2060 12 6
s 2061 317 183
s 2062 2190 1147
s 2063 403 219
s 2064 214 119
s 2065 502 259
s 2066 30 15
s 2067 387 174
s 2068 445 244
s 2069 1189 606
s 2070 895 478
s 2071 326 168
s 2073 1158 597
s 2074 1948 1054
s 2075 1194 641
s 2076 400 197
s 2077 1382 703
s 2078 1037 545
s 2079 1142 673
s 2080 230 132
s 2081 364 214
s 2082 395 213
s 2083 723 354
s 2084 974 495
s 2085 303 161
s 2086 120 60
s 2087 748 385
s 2088 353 174
s 2089 24 7
s 2090 469 275
s 2091 499 286
s 2092 25 7
s 2093 318 164
s 2094 74 31
s 2095 428 254
s 2096 28 12
s 2097 1203 685
s 2098 306 151
s 2099 242 132
s 2100 181 96
s 2101 360 153
s 2102 14 6
s 2103 612 356
s 2104 79 43
s 2105 139 73
s 2106 207 107
s 2107 276 130
s 2108 824 444
s 2109 87 46
s 2110 843 506
s 2111 188 87
s 2112 453 238
s 2113 68 40
s 2114 22 9
s 2115 11 3
s 2116 575 304
s 2117 585 307
s 2118 40 19
s 2119 1330 724
s 2120 191 96
s 2121 108 56
s 2122 1559 856
s 2123 617 343
s 2124 1288 754
s 2125 110 56
s 2126 251 144
s 2127 159 80
s 2128 58 31
s 2129 116 57
s 2130 106 64
s 2131 154 86
s 2132 827 438
s 2133 1017 546
s 2134 2132 1147
s 2135 876 476
s 2136 1075 628
s 2137 6 3
s 2138 336 185
s 2139 190 98
s 2140 132 69
s 2141 281 132
s 2142 4 2
s 2143 11 6
s 2144 408 214
s 2145 1154 661
s 2146 463 236
s 2147 167 80
s 2148 521 279
s 2149 819 419
s 2150 150 83
s 2151 78 40
s 2152 1143 636
s 2153 922 523
s 2154 799 444
s 2155 507 296
s 2156 468 220
s 2157 19 8
s 2158 527 293
s 2159 510 274
s 2160 740 402
s 2161 279 162
s 2162 158 80
s 2167 749 398
s 2168 455 227
s 2169 759 422
s 2171 988 518
s 2174 516 273
s 2176 1043 539
s 2177 422 209
s 2179 541 289
s 2183 979 560
s 2184 446 243
s 2185 380 186
s 2186 50 27
s 2193 102 54
s 2203 154 76
s 2314 299 156
s 2315 444 170
s 2316 843 430
s 2317 310 150
s 2318 1358 685
s 2319 391 192
s 2320 158 83
s 2321 462 225
s 2322 937 495
s 2323 541 233
s 2324 395 191
s 2325 1009 475
s 2326 493 246
s 2327 305 157
s 2329 926 414
s 2330 951 507
s 2331 641 342
s 2332 358 159
s 2333 1204 566
s 2334 494 240
s 2335 490 257
s 2336 243 119
s 2337 256 156
s 2338 312 164
s 2339 565 279
s 2340 994 483
s 2341 170 92
s 2342 151 69
s 2343 609 282
s 2344 162 83
s 2345 385 213
s 2346 687 355
s 2347 354 167
s 2348 374 186
s 2349 171 83
s 2350 254 120
s 2351 363 180
s 2352 1020 492
s 2353 1456 792
s 2354 164 79
s 2355 168 76
s 2356 183 114
s 2357 533 255
s 2358 1184 633
s 2359 522 265
s 2360 241 129
s 2361 115 52
s 2362 127 64
s 2363 260 115
s 2364 743 386
s 2365 90 43
s 2366 379 191
s 2367 147 70
s 2368 235 108
s 2369 65 39
s 2370 13 6
s 2371 558 294
s 2372 266 118
s 2373 600 298
s 2374 479 225
s 2375 658 326
s 2376 138 62
s 2377 108 56
s 2378 1250 607
s 2379 279 131
s 2380 1165 636
s 2381 106 58
s 2382 295 150
s 2383 118 50
s 2384 198 97
s 2385 155 73
s 2386 109 53
s 2387 108 47
s 2388 517 251
s 2389 705 343
s 2390 1010 514
s 2391 511 258
s 2392 615 314
s 2393 38 21
s 2394 287 144
s 2395 217 116
s 2396 104 50
s 2397 1226 622
s 2398 102 39
s 2399 121 62
s 2400 402 193
s 2401 709 354
s 2402 421 184
s 2403 147 79
s 2404 348 194
s 2405 388 181
s 2406 115 61
s 2407 55 34
s 2408 961 518
s 2409 470 233
s 2410 818 420
s 2411 401 209
s 2412 399 183
s 2413 602 253
s 2414 311 161
s 2415 303 149
s 2416 459 230
s 2417 248 142
s 2418 298 130
s 2423 353 168
s 2424 423 209
s 2425 274 142
s 2427 493 227
s 2430 445 212
s 2432 593 289
s 2433 315 139
s 2435 329 170
s 2439 868 445
s 2440 387 188
s 2441 379 189
s 2442 146 56
s 2449 294 141
s 2459 151 66
s 2571 98 37
s 2572 14 7
s 2573 89 44
s 2574 590 308
s 2575 77 31
s 2576 54 32
s 2577 123 62
s 2578 13 6
s 2579 124 58
s 2580 127 60
s 2581 310 146
s 2582 207 98
s 2583 88 41
s 2585 280 134
s 2586 466 237
s 2587 275 143
s 2588 112 63
s 2589 339 143
s 2590 247 122
s 2591 229 119
s 2592 53 31
s 2593 101 52
s 2594 127 62
s 2595 142 70
s 2596 265 114
s 2597 112 55
s 2598 42 23
s 2599 172 88
s 2600 71 32
s 2601 10 6
s 2602 105 60
s 2603 121 60
s 2604 10 2
s 2605 83 39
s 2606 15 6
s 2607 109 53
s 2608 14 6
s 2609 336 175
s 2610 114 60
s 2611 69 33
s 2612 47 24
s 2613 93 29
s 2614 13 4
s 2615 167 83
s 2616 16 9
s 2617 50 27
s 2618 48 27
s 2619 85 42
s 2620 211 121
s 2621 28 15
s 2622 206 117
s 2623 42 13
s 2624 122 53
s 2625 20 9
s 2626 7 2
s 2627 7 3
s 2628 156 80
s 2629 174 94
s 2630 23 12
s 2631 359 184
s 2632 55 29
s 2633 22 8
s 2634 432 219
s 2635 148 60
s 2636 339 180
s 2637 26 10
s 2638 90 43
s 2639 28 13
s 2640 21 11
s 2641 33 20
s 2642 37 22
s 2643 52 14
s 2644 204 113
s 2645 295 144
s 2646 557 282
s 2647 238 110
s 2648 299 148
s 2649 5 2
s 2650 89 43
s 2651 86 36
s 2652 35 25
s 2653 94 51
s 2654 5 1
s 2655 11 6
s 2656 111 49
s 2657 232 125
s 2658 142 72
s 2659 50 19
s 2660 177 91
s 2661 237 118
s 2662 49 28
s 2663 24 14
s 2664 303 160
s 2665 295 142
s 2666 221 109
s 2667 112 50
s 2668 100 44
s 2669 9 2
s 2670 146 77
s 2671 148 62
s 2672 215 112
s 2673 80 39
s 2674 52 28
s 2679 169 75
s 2680 124 53
s 2681 180 96
s 2683 250 115
s 2686 123 61
s 2688 283 144
s 2689 100 49
s 2691 156 78
s 2695 266 134
s 2696 169 74
s 2697 102 49
s 2698 20 9
s 2705 39 23
s 2715 45 23
s 2828 276 107
s 2829 67 30
s 2830 890 373
s 2831 163 69
s 2832 72 26
s 2833 97 43
s 2834 259 116
s 2835 243 84
s 2836 233 99
s 2837 486 181
s 2838 327 121
s 2839 119 45
s 2841 259 101
s 2842 747 314
s 2843 494 206
s 2844 215 89
s 2845 570 235
s 2846 410 155
s 2847 420 163
s 2848 75 30
s 2849 162 72
s 2850 84 41
s 2851 202 84
s 2852 352 125
s 2853 140 50
s 2854 64 24
s 2855 168 55
s 2856 135 57
s 2857 115 49
s 2858 245 100
s 2859 137 53
s 2860 133 54
s 2861 95 35
s 2862 81 29
s 2863 141 57
s 2864 370 141
s 2865 487 204
s 2866 162 65
s 2867 124 50
s 2868 52 31
s 2869 220 58
s 2870 327 143
s 2871 247 97
s 2872 66 23
s 2873 83 35
s 2874 62 24
s 2875 97 34
s 2876 317 154
s 2877 36 13
s 2878 323 159
s 2879 101 51
s 2880 215 86
s 2881 33 13
s 2882 22 8
s 2883 150 66
s 2884 236 88
s 2885 221 83
s 2886 140 60
s 2887 645 291
s 2888 91 31
s 2889 37 12
s 2890 447 175
s 2891 261 95
s 2892 224 92
s 2893 47 24
s 2894 120 55
s 2895 94 32
s 2896 60 13
s 2897 68 23
s 2898 17 7
s 2899 102 34
s 2900 389 148
s 2901 536 203
s 2902 861 345
s 2903 374 166
s 2904 371 158
s 2905 20 5
s 2906 95 35
s 2907 122 43
s 2908 55 24
s 2909 338 144
s 2910 37 13
s 2911 35 19
s 2912 197 87
s 2913 482 195
s 2914 169 61
s 2915 68 30
s 2916 387 176
s 2917 304 107
s 2918 70 22
s 2919 20 9
s 2920 509 219
s 2921 440 187
s 2922 149 66
s 2923 170 78
s 2924 182 63
s 2925 184 55
s 2926 181 68
s 2927 216 99
s 2928 319 132
s 2929 69 35
s 2930 109 46
s 2935 300 123
s 2936 163 54
s 2937 252 107
s 2939 396 149
s 2942 135 63
s 2944 378 142
s 2945 231 93
s 2947 259 98
s 2951 430 183
s 2952 216 86
s 2953 133 55
s 2954 62 24
s 2961 85 31
s 2971 77 34
s 3085 249 129
s 3086 1624 790
s 3087 233 129
s 3088 135 77
s 3089 328 176
s 3090 19 8
s 3091 312 141
s 3092 310 157
s 3093 847 420
s 3094 645 353
s 3095 249 119
s 3097 830 402
s 3098 1199 630
s 3099 717 396
s 3100 275 128
s 3101 1024 488
s 3102 746 414
s 3103 688 365
s 3104 128 70
s 3105 287 174
s 3106 319 171
s 3107 473 249
s 3108 665 344
s 3109 266 135
s 3110 123 63
s 3111 474 238
s 3112 231 133
s 3113 13 11
s 3114 277 160
s 3115 343 169
s 3116 13 7
s 3117 236 131
s 3118 42 17
s 3119 285 144
s 3120 19 6
s 3121 998 527
s 3122 330 193
s 3123 180 95
s 3124 123 64
s 3125 252 112
s 3126 19 6
s 3127 489 240
s 3128 71 32
s 3129 137 77
s 3130 132 73
s 3131 214 109
s 3132 588 326
s 3133 99 52
s 3134 573 341
s 3135 151 75
s 3136 340 164
s 3137 69 31
s 3138 28 20
s 3139 8 3
s 3140 499 281
s 3141 403 209
s 3142 38 24
s 3143 963 521
s 3144 174 88
s 3145 50 25
s 3146 1246 684
s 3147 412 227
s 3148 872 478
s 3149 80 42
s 3150 205 115
s 3151 141 68
s 3152 53 36
s 3153 81 37
s 3154 64 40
s 3155 133 56
s 3156 532 268
s 3157 835 428
s 3158 1664 868
s 3159 651 372
s 3160 706 372
s 3161 4 2
s 3162 340 180
s 3163 183 84
s 3164 113 52
s 3165 189 90
s 3166 7 3
s 3167 10 7
s 3168 294 138
s 3169 641 325
s 3170 337 162
s 3171 147 73
s 3172 424 216
s 3173 507 255
s 3174 108 57
s 3175 59 33
s 3176 778 415
s 3177 868 489
s 3178 625 370
s 3179 405 219
s 3180 302 154
s 3181 15 6
s 3182 459 254
s 3183 446 211
s 3184 689 415
s 3185 260 139
s 3186 123 68
s 3191 526 284
s 3192 340 168
s 3193 599 312
s 3195 743 360
s 3198 355 165
s 3200 705 392
s 3201 265 127
s 3203 503 269
s 3207 734 398
s 3208 373 197
s 3209 288 150
s 3210 31 18
s 3217 100 48
s 3227 155 76
s 3342 487 254
s 3343 77 45
s 3344 30 14
s 3345 8 7
s 3346 249 139
s 3347 146 68
s 3348 128 72
s 3349 281 128
s 3350 164 94
s 3351 50 22
s 3353 48 21
s 3354 413 208
s 3355 249 119
s 3356 74 38
s 3357 277 130
s 3358 231 116
s 3359 226 115
s 3360 43 21
s 3361 67 36
s 3362 11 6
s 3363 48 19
s 3364 168 84
s 3365 88 47
s 3366 38 18
s 3367 19 5
s 3368 64 31
s 3369 92 43
s 3370 127 66
s 3371 55 27
s 3372 109 55
s 3373 52 32
s 3374 83 35
s 3375 52 17
s 3376 290 132
s 3377 202 114
s 3378 91 43
s 3379 72 37
s 3380 16 12
s 3381 157 78
s 3382 285 146
s 3383 161 73
s 3384 50 27
s 3385 36 19
s 3386 52 27
s 3387 20 6
s 3388 203 105
s 3389 13 10
s 3390 213 131
s 3391 66 32
s 3392 104 55
s 3393 15 9
s 3394 7 4
s 3395 123 62
s 3396 129 63
s 3397 141 72
s 3398 122 58
s 3399 278 137
s 3400 65 25
s 3401 30 15
s 3402 106 56
s 3403 121 46
s 3404 20 8
s 3405 29 16
s 3406 69 32
s 3407 53 23
s 3408 50 20
s 3409 42 20
s 3410 11 7
s 3411 34 15
s 3412 159 59
s 3413 280 124
s 3414 439 213
s 3415 202 100
s 3416 197 103
s 3417 7 6
s 3418 34 19
s 3419 64 32
s 3420 29 15
s 3421 275 150
s 3422 27 10
s 3423 24 8
s 3424 98 42
s 3425 173 88
s 3426 108 54
s 3427 49 25
s 3428 155 66
s 3429 140 73
s 3430 31 18
s 3431 17 9
s 3432 228 125
s 3433 218 108
s 3434 6 3
s 3435 89 49
s 3436 97 43
s 3437 171 83
s 3438 97 49
s 3439 104 62
s 3440 201 106
s 3441 6 1
s 3442 63 33
s 3447 187 97
s 3448 43 17
s 3449 128 57
s 3451 301 142
s 3454 32 15
s 3456 178 82
s 3457 113 59
s 3459 137 71
s 3463 234 126
s 3464 91 38
s 3465 65 31
s 3466 36 15
s 3473 71 34
s 3483 57 24
s 3599 755 373
s 3600 285 141
s 3601 771 356
s 3602 1625 882
s 3603 853 384
s 3604 897 434
s 3605 2164 1076
s 3606 1091 554
s 3607 464 238
s 3609 1825 846
s 3610 2330 1166
s 3611 1314 661
s 3612 554 260
s 3613 1607 730
s 3614 1219 607
s 3615 1343 736
s 3616 485 254
s 3617 609 340
s 3618 660 343
s 3619 1221 633
s 3620 1741 870
s 3621 426 207
s 3622 230 115
s 3623 1027 488
s 3624 432 208
s 3625 722 370
s 3626 931 490
s 3627 773 408
s 3628 828 405
s 3629 424 209
s 3630 628 302
s 3631 748 386
s 3632 2091 1070
s 3633 1918 1010
s 3634 575 309
s 3635 261 128
s 3636 396 218
s 3637 1092 490
s 3638 1939 1049
s 3639 1042 518
s 3640 485 241
s 3641 266 134
s 3642 239 105
s 3643 474 227
s 3644 1094 569
s 3645 202 97
s 3646 822 452
s 3647 430 206
s 3648 578 291
s 3649 110 62
s 3650 33 17
s 3651 956 533
s 3652 831 428
s 3653 817 379
s 3654 868 457
s 3655 1246 644
s 3656 367 162
s 3657 200 91
s 3658 2571 1370
s 3659 865 466
s 3660 2010 1110
s 3661 181 89
s 3662 428 232
s 3663 269 129
s 3664 349 171
s 3665 270 126
s 3666 196 107
s 3667 213 91
s 3668 901 449
s 3669 1275 602
s 3670 2840 1494
s 3671 1136 591
s 3672 1206 614
s 3673 81 43
s 3674 568 312
s 3675 593 310
s 3676 234 144
s 3677 1946 975
s 3678 201 95
s 3679 219 119
s 3680 532 256
s 3681 1216 573
s 3682 602 268
s 3683 241 119
s 3684 703 336
s 3685 1034 521
s 3686 256 122
s 3687 117 63
s 3688 1432 724
s 3689 1291 686
s 3690 1308 654
s 3691 672 349
s 3692 585 261
s 3693 1164 549
s 3694 833 476
s 3695 855 431
s 3696 1061 563
s 3697 541 293
s 3698 559 281
s 3703 930 493
s 3704 680 286
s 3705 980 517
s 3707 1294 597
s 3710 771 368
s 3712 1485 795
s 3713 546 271
s 3715 760 375
s 3719 1433 731
s 3720 748 359
s 3721 530 270
s 3722 362 189
s 3729 584 272
s 3739 291 136
s 3856 34 18
s 3857 164 78
s 3858 291 148
s 3859 210 99
s 3860 176 89
s 3861 406 212
s 3862 255 126
s 3863 64 28
s 3865 290 127
s 3866 572 280
s 3867 387 202
s 3868 64 29
s 3869 194 92
s 3870 290 140
s 3871 305 149
s 3872 82 39
s 3873 51 25
s 3874 96 48
s 3875 239 113
s 3876 273 135
s 3877 99 49
s 3878 29 14
s 3879 208 100
s 3880 120 51
s 3881 151 84
s 3882 162 94
s 3883 93 39
s 3884 111 53
s 3885 74 41
s 3886 76 38
s 3887 91 48
s 3888 269 126
s 3889 256 123
s 3890 103 49
s 3891 117 60
s 3892 56 34
s 3893 198 96
s 3894 361 195
s 3895 70 35
s 3896 72 30
s 3897 46 26
s 3898 56 26
s 3899 59 29
s 3900 123 71
s 3901 23 13
s 3902 309 173
s 3903 67 32
s 3904 148 66
s 3905 17 9
s 3906 8 2
s 3907 164 85
s 3908 168 85
s 3909 108 46
s 3910 147 73
s 3911 496 260
s 3912 100 47
s 3913 52 26
s 3914 439 222
s 3915 207 100
s 3916 347 191
s 3917 25 13
s 3918 34 19
s 3919 34 14
s 3920 62 34
s 3921 32 17
s 3922 32 20
s 3923 64 25
s 3924 289 142
s 3925 318 141
s 3926 658 341
s 3927 297 150
s 3928 397 222
s 3929 13 6
s 3930 96 53
s 3931 118 66
s 3932 34 23
s 3933 387 193
s 3934 32 16
s 3935 41 22
s 3936 70 36
s 3937 204 112
s 3938 69 25
s 3939 31 16
s 3940 211 108
s 3941 215 109
s 3942 61 28
s 3943 19 11
s 3944 159 83
s 3945 285 145
s 3946 250 130
s 3947 185 92
s 3948 67 32
s 3949 148 67
s 3950 125 68
s 3951 166 84
s 3952 189 101
s 3953 62 32
s 3954 118 55
s 3959 245 114
s 3960 138 61
s 3961 171 79
s 3963 293 126
s 3966 134 65
s 3968 251 129
s 3969 65 36
s 3971 144 82
s 3975 157 91
s 3976 172 81
s 3977 73 37
s 3978 44 21
s 3985 105 42
s 3995 59 35
s 4113 53 31
s 4114 131 62
s 4115 70 28
s 4116 88 38
s 4117 209 109
s 4118 150 80
s 4119 26 11
s 4121 133 57
s 4122 252 119
s 4123 184 103
s 4124 15 6
s 4125 57 18
s 4126 142 64
s 4127 147 66
s 4128 36 21
s 4129 33 18
s 4130 40 17
s 4131 120 53
s 4132 117 56
s 4133 48 22
s 4134 8 6
s 4135 86 40
s 4136 52 24
s 4137 78 38
s 4138 85 41
s 4139 46 18
s 4140 68 30
s 4141 47 21
s 4142 49 20
s 4143 38 24
s 4144 178 90
s 4145 118 59
s 4146 40 22
s 4147 36 16
s 4148 16 8
s 4149 102 45
s 4150 182 98
s 4151 37 16
s 4152 34 16
s 4153 22 8
s 4154 31 12
s 4155 42 19
s 4156 57 33
s 4157 13 6
s 4158 94 42
s 4159 39 19
s 4160 72 33
s 4161 6 3
s 4162 5 1
s 4163 89 45
s 4164 89 41
s 4165 30 14
s 4166 86 40
s 4167 161 87
s 4168 29 10
s 4169 14 5
s 4170 203 99
s 4171 93 40
s 4172 125 67
s 4173 17 8
s 4174 24 16
s 4175 33 13
s 4176 40 15
s 4177 18 9
s 4178 10 5
s 4179 22 10
s 4180 105 43
s 4181 150 76
s 4182 347 173
s 4183 122 70
s 4184 128 68
s 4185 9 2
s 4186 47 21
s 4187 47 22
s 4188 17 10
s 4189 165 80
s 4190 16 7
s 4191 16 7
s 4192 29 15
s 4193 102 37
s 4194 32 17
s 4195 13 7
s 4196 112 53
s 4197 120 55
s 4198 20 14
s 4199 10 4
s 4200 71 34
s 4201 137 64
s 4202 77 37
s 4203 70 28
s 4204 24 10
s 4205 112 62
s 4206 76 38
s 4207 78 38
s 4208 117 62
s 4209 34 23
s 4210 44 20
s 4215 103 48
s 4216 45 23
s 4217 85 44
s 4219 151 71
s 4222 59 27
s 4224 138 58
s 4225 30 12
s 4227 95 53
s 4231 80 41
s 4232 62 31
s 4233 26 11
s 4234 32 18
s 4241 54 22
s 4251 19 7
s 4370 375 192
s 4371 213 82
s 4372 197 84
s 4373 474 210
s 4374 225 114
s 4375 71 31
s 4377 70 34
s 4378 642 296
s 4379 388 188
s 4380 122 63
s 4381 503 238
s 4382 347 176
s 4383 389 198
s 4384 70 32
s 4385 128 76
s 4386 12 4
s 4387 89 39
s 4388 246 103
s 4389 125 63
s 4390 60 28
s 4391 56 23
s 4392 125 57
s 4393 152 69
s 4394 273 157
s 4395 90 40
s 4396 179 79
s 4397 83 38
s 4398 107 43
s 4399 80 44
s 4400 392 204
s 4401 303 148
s 4402 138 63
s 4403 92 44
s 4404 29 19
s 4405 249 103
s 4406 487 232
s 4407 254 124
s 4408 89 43
s 4409 60 28
s 4410 73 32
s 4411 33 17
s 4412 292 143
s 4413 16 6
s 4414 330 187
s 4415 117 55
s 4416 147 68
s 4417 23 14
s 4418 3 2
s 4419 204 91
s 4420 203 103
s 4421 257 130
s 4422 202 92
s 4423 495 255
s 4424 91 45
s 4425 36 17
s 4426 169 80
s 4427 218 100
s 4428 30 13
s 4429 36 20
s 4430 116 63
s 4431 56 24
s 4432 53 26
s 4433 55 28
s 4434 11 6
s 4435 61 26
s 4436 252 125
s 4437 414 196
s 4438 687 337
s 4439 371 146
s 4440 324 155
s 4441 19 5
s 4442 74 37
s 4443 115 54
s 4444 34 15
s 4445 475 215
s 4446 29 14
s 4447 44 22
s 4448 175 74
s 4449 286 129
s 4450 148 58
s 4451 61 25
s 4452 223 99
s 4453 250 104
s 4454 60 31
s 4455 21 18
s 4456 353 168
s 4457 337 168
s 4458 15 8
s 4459 127 58
s 4460 140 71
s 4461 269 118
s 4462 168 78
s 4463 179 76
s 4464 277 137
s 4465 14 2
s 4466 101 42
s 4471 302 150
s 4472 61 23
s 4473 259 135
s 4475 395 184
s 4478 38 21
s 4480 246 115
s 4481 137 61
s 4483 212 104
s 4487 371 199
s 4488 147 66
s 4489 103 45
s 4490 63 35
s 4497 101 42
s 4507 81 31
s 4627 328 155
s 4628 373 192
s 4629 1033 513
s 4630 745 382
s 4631 216 106
s 4633 866 432
s 4634 1373 676
s 4635 774 417
s 4636 309 157
s 4637 929 445
s 4638 733 383
s 4639 743 389
s 4640 176 95
s 4641 338 179
s 4642 306 153
s 4643 548 274
s 4644 748 416
s 4645 283 160
s 4646 111 62
s 4647 574 280
s 4648 227 111
s 4649 20 7
s 4650 316 172
s 4651 383 193
s 4652 15 7
s 4653 216 109
s 4654 48 20
s 4655 323 157
s 4656 37 12
s 4657 950 531
s 4658 302 176
s 4659 202 109
s 4660 152 80
s 4661 302 132
s 4662 18 10
s 4663 542 289
s 4664 81 46
s 4665 152 85
s 4666 171 82
s 4667 207 109
s 4668 607 329
s 4669 68 29
s 4670 708 438
s 4671 135 68
s 4672 351 166
s 4673 64 28
s 4674 29 12
s 4675 12 4
s 4676 473 230
s 4677 464 254
s 4678 40 17
s 4679 1025 581
s 4680 151 76
s 4681 64 30
s 4682 1329 710
s 4683 507 258
s 4684 991 551
s 4685 131 78
s 4686 248 135
s 4687 140 72
s 4688 47 19
s 4689 85 44
s 4690 91 51
s 4691 124 52
s 4692 607 290
s 4693 883 464
s 4694 1751 936
s 4695 707 380
s 4696 793 448
s 4697 6 5
s 4698 297 147
s 4699 231 118
s 4700 117 72
s 4701 251 129
s 4702 4 0
s 4703 14 5
s 4704 312 148
s 4705 852 417
s 4706 365 177
s 4707 138 61
s 4708 405 218
s 4709 646 321
s 4710 129 67
s 4711 66 40
s 4712 811 434
s 4713 815 433
s 4714 676 342
s 4715 427 231
s 4716 292 164
s 4717 20 4
s 4718 452 244
s 4719 498 277
s 4720 657 342
s 4721 246 139
s 4722 154 79
s 4727 608 309
s 4728 400 182
s 4729 591 339
s 4731 830 411
s 4734 365 171
s 4736 741 379
s 4737 316 145
s 4739 481 239
s 4743 804 441
s 4744 398 232
s 4745 298 151
s 4746 34 13
s 4753 92 52
s 4763 165 83
s 4884 267 117
s 4885 701 298
s 4886 334 135
s 4887 147 62
s 4889 477 186
s 4890 822 372
s 4891 500 233
s 4892 155 57
s 4893 504 201
s 4894 426 203
s 4895 453 219
s 4896 105 47
s 4897 218 97
s 4898 171 85
s 4899 326 119
s 4900 454 193
s 4901 147 72
s 4902 70 35
s 4903 289 131
s 4904 137 62
s 4905 144 64
s 4906 216 107
s 4907 213 96
s 4908 169 91
s 4909 158 67
s 4910 139 62
s 4911 190 90
s 4912 401 168
s 4913 528 266
s 4914 176 74
s 4915 111 44
s 4916 110 58
s 4917 310 126
s 4918 334 150
s 4919 331 153
s 4920 111 55
s 4921 77 44
s 4922 75 35
s 4923 142 48
s 4924 321 150
s 4925 45 19
s 4926 346 177
s 4927 136 58
s 4928 221 97
s 4929 32 9
s 4930 10 3
s 4931 178 81
s 4932 301 131
s 4933 220 94
s 4934 166 80
s 4935 481 224
s 4936 142 59
s 4937 56 24
s 4938 710 340
s 4939 251 121
s 4940 509 239
s 4941 69 38
s 4942 144 74
s 4943 95 37
s 4944 99 43
s 4945 72 33
s 4946 51 29
s 4947 104 40
s 4948 387 180
s 4949 501 215
s 4950 961 425
s 4951 423 185
s 4952 384 184
s 4953 20 10
s 4954 154 78
s 4955 146 68
s 4956 75 34
s 4957 423 201
s 4958 38 9
s 4959 56 22
s 4960 166 66
s 4961 495 233
s 4962 204 104
s 4963 81 30
s 4964 286 133
s 4965 324 140
s 4966 75 35
s 4967 30 18
s 4968 430 210
s 4969 480 222
s 4970 316 143
s 4971 213 96
s 4972 144 61
s 4973 241 103
s 4974 235 102
s 4975 274 119
s 4976 372 179
s 4977 141 65
s 4978 133 63
s 4983 316 158
s 4984 220 94
s 4985 303 131
s 4987 486 193
s 4990 211 89
s 4992 495 211
s 4993 186 74
s 4995 315 139
s 4999 462 217
s 5000 240 97
s 5001 135 59
s 5002 65 30
s 5009 110 45
s 5019 95 46
s 5141 499 241
s 5142 326 166
s 5143 128 64
s 5145 452 227
s 5146 646 317
s 5147 350 178
s 5148 166 86
s 5149 523 250
s 5150 305 161
s 5151 312 172
s 5152 141 72
s 5153 138 73
s 5154 189 93
s 5155 361 178
s 5156 459 217
s 5157 106 52
s 5158 65 34
s 5159 297 139
s 5160 104 32
s 5161 168 82
s 5162 273 143
s 5163 187 84
s 5164 200 109
s 5165 89 49
s 5166 136 67
s 5167 163 87
s 5168 466 241
s 5169 535 300
s 5170 103 59
s 5171 82 43
s 5172 90 52
s 5173 270 121
s 5174 464 247
s 5175 199 105
s 5176 117 61
s 5177 74 39
s 5178 58 29
s 5179 128 63
s 5180 275 151
s 5181 43 23
s 5182 275 145
s 5183 117 59
s 5184 133 71
s 5185 11 5
s 5186 9 3
s 5187 186 97
s 5188 215 115
s 5189 213 97
s 5190 201 100
s 5191 484 248
s 5192 81 40
s 5193 70 37
s 5194 675 338
s 5195 228 117
s 5196 494 260
s 5197 58 29
s 5198 101 51
s 5199 35 19
s 5200 70 34
s 5201 88 49
s 5202 41 26
s 5203 62 34
s 5204 289 147
s 5205 461 227
s 5206 739 372
s 5207 275 157
s 5208 403 228
s 5209 18 10
s 5210 124 59
s 5211 120 60
s 5212 59 29
s 5213 437 233
s 5214 35 15
s 5215 53 22
s 5216 155 80
s 5217 425 217
s 5218 158 68
s 5219 62 30
s 5220 257 135
s 5221 293 139
s 5222 86 40
s 5223 38 17
s 5224 462 233
s 5225 342 175
s 5226 308 157
s 5227 216 120
s 5228 168 78
s 5229 263 135
s 5230 209 118
s 5231 169 75
s 5232 205 96
s 5233 134 70
s 5234 150 76
s 5239 218 131
s 5240 190 102
s 5241 210 134
s 5243 332 163
s 5246 194 94
s 5248 383 208
s 5249 167 83
s 5251 180 90
s 5255 402 204
s 5256 200 106
s 5257 148 65
s 5258 62 29
s 5265 144 67
s 5275 81 45
s 5398 755 362
s 5399 315 138
s 5401 990 456
s 5402 1682 780
s 5403 952 481
s 5404 436 207
s 5405 1317 635
s 5406 901 438
s 5407 892 448
s 5408 345 189
s 5409 323 171
s 5410 380 183
s 5411 681 320
s 5412 1095 552
s 5413 307 152
s 5414 166 79
s 5415 668 281
s 5416 257 111
s 5417 439 214
s 5418 647 333
s 5419 458 208
s 5420 439 210
s 5421 246 122
s 5422 339 168
s 5423 417 207
s 5424 1042 500
s 5425 1421 738
s 5426 368 205
s 5427 276 127
s 5428 198 113
s 5429 677 291
s 5430 1245 630
s 5431 579 298
s 5432 257 122
s 5433 169 95
s 5434 183 90
s 5435 277 121
s 5436 808 425
s 5437 130 67
s 5438 724 400
s 5439 244 113
s 5440 409 185
s 5441 52 29
s 5442 34 14
s 5443 565 309
s 5444 582 298
s 5445 651 314
s 5446 582 292
s 5447 1223 629
s 5448 274 105
s 5449 129 48
s 5450 1562 807
s 5451 535 261
s 5452 1201 618
s 5453 135 59
s 5454 261 147
s 5455 173 78
s 5456 251 137
s 5457 206 114
s 5458 106 56
s 5459 198 91
s 5460 823 393
s 5461 1197 580
s 5462 1862 927
s 5463 836 438
s 5464 930 505
s 5465 38 26
s 5466 299 164
s 5467 350 192
s 5468 150 84
s 5469 1153 611
s 5470 96 47
s 5471 135 71
s 5472 422 213
s 5473 1011 506
s 5474 489 218
s 5475 216 91
s 5476 760 400
s 5477 624 300
s 5478 205 105
s 5479 79 36
s 5480 1090 545
s 5481 820 416
s 5482 877 438
s 5483 529 285
s 5484 423 187
s 5485 625 253
s 5486 496 267
s 5487 516 251
s 5488 740 362
s 5489 287 152
s 5490 369 172
s 5495 620 305
s 5496 495 218
s 5497 532 273
s 5499 837 400
s 5502 521 266
s 5504 896 421
s 5505 450 204
s 5507 515 249
s 5511 957 511
s 5512 515 242
s 5513 380 173
s 5514 172 81
s 5521 335 136
s 5531 196 95
s 5655 219 108
s 5657 514 233
s 5658 888 431
s 5659 561 295
s 5660 272 126
s 5661 861 390
s 5662 472 241
s 5663 476 244
s 5664 183 104
s 5665 203 105
s 5666 208 95
s 5667 387 183
s 5668 629 285
s 5669 167 83
s 5670 81 37
s 5671 320 154
s 5672 141 60
s 5673 347 177
s 5674 477 258
s 5675 252 123
s 5676 326 160
s 5677 133 71
s 5678 225 104
s 5679 233 117
s 5680 753 367
s 5681 756 390
s 5682 181 95
s 5683 133 61
s 5684 104 55
s 5685 411 194
s 5686 887 436
s 5687 329 155
s 5688 202 113
s 5689 87 51
s 5690 93 51
s 5691 167 82
s 5692 578 310
s 5693 77 37
s 5694 323 191
s 5695 161 73
s 5696 226 87
s 5697 38 24
s 5698 17 9
s 5699 452 240
s 5700 279 125
s 5701 385 189
s 5702 382 199
s 5703 640 316
s 5704 152 68
s 5705 93 35
s 5706 811 428
s 5707 266 128
s 5708 571 317
s 5709 76 43
s 5710 183 93
s 5711 81 35
s 5712 130 71
s 5713 128 66
s 5714 66 33
s 5715 86 44
s 5716 386 191
s 5717 599 290
s 5718 928 491
s 5719 446 224
s 5720 449 236
s 5721 42 20
s 5722 160 90
s 5723 152 80
s 5724 68 33
s 5725 766 391
s 5726 61 31
s 5727 90 50
s 5728 311 142
s 5729 572 283
s 5730 276 139
s 5731 124 59
s 5732 335 147
s 5733 293 145
s 5734 90 43
s 5735 31 16
s 5736 800 407
s 5737 413 209
s 5738 390 200
s 5739 256 127
s 5740 286 130
s 5741 434 165
s 5742 254 129
s 5743 235 119
s 5744 316 159
s 5745 122 77
s 5746 219 95
s 5751 282 132
s 5752 250 113
s 5753 308 157
s 5755 430 183
s 5758 254 114
s 5760 481 231
s 5761 288 154
s 5763 238 117
s 5767 645 339
s 5768 298 150
s 5769 227 107
s 5770 104 54
s 5777 199 88
s 5787 90 38
s 5913 227 96
s 5914 467 229
s 5915 323 164
s 5916 53 21
s 5917 151 69
s 5918 267 132
s 5919 224 122
s 5920 54 36
s 5921 59 35
s 5922 72 34
s 5923 160 77
s 5924 194 92
s 5925 79 31
s 5926 16 9
s 5927 118 57
s 5928 81 34
s 5929 123 62
s 5930 129 66
s 5931 88 40
s 5932 132 66
s 5933 95 42
s 5934 92 49
s 5935 77 32
s 5936 332 164
s 5937 164 90
s 5938 84 50
s 5939 60 22
s 5940 48 22
s 5941 201 94
s 5942 264 146
s 5943 63 29
s 5944 62 33
s 5945 43 24
s 5946 36 16
s 5947 51 20
s 5948 104 55
s 5949 26 15
s 5950 170 101
s 5951 76 43
s 5952 93 50
s 5953 15 7
s 5954 6 3
s 5955 160 93
s 5956 147 72
s 5957 94 48
s 5958 146 72
s 5959 291 150
s 5960 66 32
s 5961 41 15
s 5962 358 191
s 5963 139 67
s 5964 193 99
s 5965 17 9
s 5966 28 13
s 5967 59 23
s 5968 47 18
s 5969 35 17
s 5970 34 19
s 5971 56 20
s 5972 179 98
s 5973 261 136
s 5974 542 254
s 5975 257 116
s 5976 209 107
s 5977 13 6
s 5978 74 38
s 5979 81 47
s 5980 23 15
s 5981 331 175
s 5982 34 16
s 5983 42 21
s 5984 46 24
s 5985 186 90
s 5986 63 26
s 5987 15 6
s 5988 158 75
s 5989 178 75
s 5990 50 23
s 5991 25 8
s 5992 156 87
s 5993 241 104
s 5994 146 60
s 5995 94 53
s 5996 55 28
s 5997 191 81
s 5998 130 64
s 5999 139 75
s 6000 203 96
s 6001 50 28
s 6002 87 45
s 6007 164 77
s 6008 76 30
s 6009 160 84
s 6011 260 113
s 6014 81 35
s 6016 232 107
s 6017 61 27
s 6019 153 82
s 6023 138 66
s 6024 96 45
s 6025 43 17
s 6026 50 22
s 6033 64 27
s 6043 43 23
s 6426 1375 657
s 6427 848 384
s 6428 299 136
s 6429 1121 498
s 6430 792 381
s 6431 813 362
s 6432 172 88
s 6433 332 158
s 6434 80 35
s 6435 249 106
s 6436 598 280
s 6437 260 126
s 6438 128 64
s 6439 166 68
s 6440 271 127
s 6441 355 179
s 6442 583 305
s 6443 227 85
s 6444 398 201
s 6445 225 108
s 6446 250 98
s 6447 202 96
s 6448 1040 471
s 6449 814 383
s 6450 327 159
s 6451 240 102
s 6452 80 45
s 6453 415 171
s 6454 1127 579
s 6455 489 234
s 6456 197 101
s 6457 172 93
s 6458 135 47
s 6459 110 38
s 6460 699 340
s 6461 49 28
s 6462 692 358
s 6463 248 99
s 6464 382 169
s 6465 35 10
s 6466 30 13
s 6467 515 246
s 6468 448 201
s 6469 494 241
s 6470 471 205
s 6471 1150 581
s 6472 214 96
s 6473 95 41
s 6474 485 227
s 6475 467 227
s 6476 169 80
s 6477 84 45
s 6478 247 114
s 6479 142 69
s 6480 178 76
s 6481 152 58
s 6482 34 20
s 6483 168 65
s 6484 674 297
s 6485 948 418
s 6486 1593 724
s 6487 730 356
s 6488 710 326
s 6489 42 25
s 6490 123 50
s 6491 276 136
s 6492 79 46
s 6493 968 471
s 6494 90 39
s 6495 107 53
s 6496 366 163
s 6497 692 296
s 6498 345 162
s 6499 167 68
s 6500 545 251
s 6501 477 212
s 6502 151 71
s 6503 65 30
s 6504 965 470
s 6505 819 396
s 6506 124 46
s 6507 283 136
s 6508 355 147
s 6509 580 231
s 6510 335 150
s 6511 463 211
s 6512 630 313
s 6513 58 31
s 6514 211 84
s 6519 602 287
s 6520 160 78
s 6521 610 301
s 6523 832 367
s 6526 119 47
s 6528 618 268
s 6529 354 157
s 6531 505 226
s 6535 832 396
s 6536 335 154
s 6537 254 110
s 6538 140 66
s 6545 228 89
s 6555 147 68
s 6683 716 340
s 6684 571 267
s 6685 1689 771
s 6686 686 316
s 6687 590 314
s 6688 387 195
s 6689 447 251
s 6690 524 266
s 6691 993 478
s 6692 1492 696
s 6693 252 124
s 6694 212 104
s 6695 848 413
s 6696 277 119
s 6697 654 320
s 6698 934 499
s 6699 534 241
s 6700 706 355
s 6701 290 144
s 6702 501 228
s 6703 460 238
s 6704 1529 755
s 6705 1567 780
s 6706 273 140
s 6707 236 120
s 6708 218 118
s 6709 846 367
s 6710 1748 910
s 6711 706 350
s 6712 366 175
s 6713 172 95
s 6714 178 87
s 6715 348 164
s 6716 1115 582
s 6717 148 70
s 6718 750 394
s 6719 338 153
s 6720 341 159
s 6721 73 30
s 6722 22 8
s 6723 756 409
s 6724 476 234
s 6725 787 355
s 6726 845 436
s 6727 1279 638
s 6728 303 142
s 6729 190 91
s 6730 2026 1008
s 6731 556 264
s 6732 1418 735
s 6733 167 89
s 6734 350 191
s 6735 130 52
s 6736 307 144
s 6737 252 119
s 6738 160 81
s 6739 172 82
s 6740 745 358
s 6741 1113 543
s 6742 1937 957
s 6743 640 307
s 6744 988 487
s 6745 73 37
s 6746 429 214
s 6747 340 167
s 6748 167 89
s 6749 1704 810
s 6750 155 63
s 6751 208 109
s 6752 588 265
s 6753 1247 615
s 6754 723 344
s 6755 278 124
s 6756 617 289
s 6757 699 320
s 6758 197 82
s 6759 66 33
s 6760 1638 797
s 6761 826 403
s 6762 895 455
s 6763 568 279
s 6764 574 287
s 6765 914 420
s 6766 633 331
s 6767 429 223
s 6768 578 297
s 6769 331 175
s 6770 528 241
s 6775 530 275
s 6776 601 261
s 6777 598 316
s 6779 773 354
s 6782 631 304
s 6784 1122 526
s 6785 635 298
s 6787 394 208
s 6791 1440 778
s 6792 581 292
s 6793 460 239
s 6794 233 117
s 6801 470 222
s 6811 225 108
s 6940 387 196
s 6941 1003 491
s 6942 299 155
s 6943 295 152
s 6944 223 124
s 6945 268 141
s 6946 331 180
s 6947 666 346
s 6948 886 449
s 6949 116 51
s 6950 131 64
s 6951 589 287
s 6952 134 74
s 6953 394 199
s 6954 551 303
s 6955 350 173
s 6956 430 234
s 6957 193 101
s 6958 328 144
s 6959 335 166
s 6960 835 430
s 6961 1019 563
s 6962 117 60
s 6963 115 58
s 6964 170 89
s 6965 524 244
s 6966 1019 537
s 6967 403 215
s 6968 235 136
s 6969 105 45
s 6970 81 33
s 6971 229 114
s 6972 685 354
s 6973 96 56
s 6974 448 263
s 6975 218 105
s 6976 190 97
s 6977 43 20
s 6978 14 7
s 6979 464 251
s 6980 257 130
s 6981 433 224
s 6982 597 298
s 6983 767 376
s 6984 165 73
s 6985 102 45
s 6986 1308 700
s 6987 276 142
s 6988 991 537
s 6989 105 64
s 6990 225 124
s 6991 64 32
s 6992 175 83
s 6993 140 69
s 6994 88 51
s 6995 58 20
s 6996 435 207
s 6997 657 307
s 6998 1201 596
s 6999 260 139
s 7000 605 326
s 7001 49 25
s 7002 246 127
s 7003 175 84
s 7004 98 53
s 7005 1077 552
s 7006 94 46
s 7007 116 58
s 7008 353 172
s 7009 774 424
s 7010 431 208
s 7011 155 70
s 7012 362 181
s 7013 435 212
s 7014 93 48
s 7015 47 24
s 7016 947 474
s 7017 433 216
s 7018 670 347
s 7019 393 212
s 7020 379 198
s 7021 606 291
s 7022 357 203
s 7023 210 109
s 7024 243 129
s 7025 211 112
s 7026 341 183
s 7031 306 168
s 7032 388 168
s 7033 264 142
s 7035 425 198
s 7038 437 222
s 7040 645 351
s 7041 373 183
s 7043 238 121
s 7047 896 504
s 7048 356 202
s 7049 261 119
s 7050 149 70
s 7057 241 115
s 7067 129 76
s 7197 84 43
s 7198 291 133
s 7199 356 175
s 7200 75 33
s 7201 47 33
s 7202 114 49
s 7203 214 98
s 7204 231 121
s 7205 112 57
s 7206 14 6
s 7207 191 74
s 7208 103 48
s 7209 128 68
s 7210 90 50
s 7211 91 42
s 7212 170 78
s 7213 82 33
s 7214 125 54
s 7215 85 38
s 7216 366 170
s 7217 246 125
s 7218 128 73
s 7219 76 38
s 7220 65 32
s 7221 229 101
s 7222 408 206
s 7223 42 23
s 7224 99 56
s 7225 30 13
s 7226 74 46
s 7227 59 18
s 7228 42 17
s 7229 24 7
s 7230 192 99
s 7231 104 39
s 7232 153 61
s 7233 11 5
s 7234 13 5
s 7235 142 75
s 7236 164 68
s 7237 34 18
s 7238 167 86
s 7239 334 171
s 7240 71 24
s 7241 40 16
s 7242 513 244
s 7243 196 101
s 7244 329 169
s 7245 13 8
s 7246 19 7
s 7247 57 25
s 7248 74 32
s 7249 29 14
s 7250 23 9
s 7251 63 23
s 7252 236 108
s 7253 305 141
s 7254 677 331
s 7255 299 157
s 7256 261 143
s 7257 22 9
s 7258 103 46
s 7259 152 71
s 7260 14 5
s 7261 341 154
s 7262 38 16
s 7263 31 18
s 7264 28 14
s 7265 154 74
s 7266 35 14
s 7267 8 3
s 7268 203 89
s 7269 222 93
s 7270 42 23
s 7271 19 10
s 7272 68 37
s 7273 295 138
s 7274 216 101
s 7275 141 71
s 7276 20 8
s 7277 217 89
s 7278 118 61
s 7279 167 85
s 7280 228 110
s 7281 99 55
s 7282 119 55
s 7287 217 113
s 7288 121 52
s 7289 194 98
s 7291 324 162
s 7294 137 64
s 7296 277 131
s 7297 26 13
s 7299 178 86
s 7303 83 47
s 7304 148 66
s 7305 38 16
s 7306 50 20
s 7313 136 68
s 7323 36 19
s 7454 938 419
s 7455 935 451
s 7456 245 114
s 7457 98 46
s 7458 370 180
s 7459 764 353
s 7460 739 310
s 7461 323 159
s 7462 31 14
s 7463 663 290
s 7464 282 130
s 7465 416 199
s 7466 273 146
s 7467 304 138
s 7468 469 231
s 7469 327 146
s 7470 373 162
s 7471 262 114
s 7472 1176 543
s 7473 599 307
s 7474 373 204
s 7475 239 110
s 7476 212 110
s 7477 574 226
s 7478 1111 561
s 7479 55 25
s 7480 279 147
s 7481 102 54
s 7482 157 67
s 7483 216 99
s 7484 88 46
s 7485 100 48
s 7486 730 386
s 7487 266 114
s 7488 433 204
s 7489 54 31
s 7490 36 16
s 7491 601 316
s 7492 664 311
s 7493 76 28
s 7494 494 244
s 7495 1013 502
s 7496 250 109
s 7497 140 67
s 7498 1982 947
s 7499 566 247
s 7500 1166 596
s 7501 24 13
s 7502 46 28
s 7503 186 75
s 7504 231 106
s 7505 84 38
s 7506 89 47
s 7507 191 69
s 7508 572 255
s 7509 839 406
s 7510 2189 1063
s 7511 862 422
s 7512 928 461
s 7513 46 12
s 7514 368 188
s 7515 341 169
s 7516 67 36
s 7517 1052 496
s 7518 120 44
s 7519 121 55
s 7520 37 11
s 7521 424 193
s 7522 90 39
s 7523 27 7
s 7524 531 262
s 7525 752 334
s 7526 155 65
s 7527 52 26
s 7528 143 55
s 7529 1011 481
s 7530 763 357
s 7531 441 199
s 7532 30 10
s 7533 674 300
s 7534 509 265
s 7535 594 279
s 7536 758 358
s 7537 313 167
s 7538 323 137
s 7543 652 311
s 7544 319 154
s 7545 640 325
s 7547 1041 489
s 7550 457 207
s 7552 959 437
s 7553 48 27
s 7555 589 259
s 7559 152 68
s 7560 470 223
s 7561 122 57
s 7562 184 82
s 7569 297 127
s 7579 81 39
s 7711 262 139
s 7712 209 108
s 7713 235 142
s 7714 294 135
s 7715 583 267
s 7716 841 406
s 7717 96 44
s 7718 123 64
s 7719 484 244
s 7720 110 52
s 7721 319 170
s 7722 517 301
s 7723 343 152
s 7724 393 206
s 7725 137 66
s 7726 253 111
s 7727 305 138
s 7728 871 440
s 7729 1057 590
s 7730 113 66
s 7731 134 67
s 7732 126 66
s 7733 444 197
s 7734 945 508
s 7735 428 219
s 7736 193 106
s 7737 69 34
s 7738 79 43
s 7739 224 103
s 7740 640 355
s 7741 96 48
s 7742 440 258
s 7743 159 76
s 7744 118 51
s 7745 54 29
s 7746 5 2
s 7747 488 246
s 7748 192 89
s 7749 455 230
s 7750 422 206
s 7751 765 435
s 7752 150 64
s 7753 83 45
s 7754 1112 570
s 7755 243 102
s 7756 919 509
s 7757 80 39
s 7758 224 125
s 7759 71 37
s 7760 171 85
s 7761 146 64
s 7762 85 51
s 7763 49 19
s 7764 394 202
s 7765 529 251
s 7766 1063 500
s 7767 226 135
s 7768 567 298
s 7769 46 22
s 7770 260 133
s 7771 186 96
s 7772 106 55
s 7773 918 481
s 7774 92 45
s 7775 85 44
s 7776 354 180
s 7777 681 327
s 7778 338 158
s 7779 134 57
s 7780 287 125
s 7781 353 186
s 7782 64 37
s 7783 24 11
s 7784 842 426
s 7785 461 251
s 7786 629 331
s 7787 341 184
s 7788 340 159
s 7789 497 206
s 7790 297 137
s 7791 134 68
s 7792 202 108
s 7793 232 133
s 7794 266 135
s 7799 319 165
s 7800 373 180
s 7801 282 148
s 7803 428 201
s 7806 348 179
s 7808 573 287
s 7809 317 156
s 7811 203 109
s 7815 788 407
s 7816 332 169
s 7817 274 134
s 7818 113 52
s 7825 257 123
s 7835 112 59
s 7968 234 122
s 7969 199 116
s 7970 267 134
s 7971 515 259
s 7972 841 432
s 7973 85 43
s 7974 106 51
s 7975 528 261
s 7976 127 62
s 7977 350 198
s 7978 529 280
s 7979 314 168
s 7980 374 199
s 7981 134 70
s 7982 237 114
s 7983 277 141
s 7984 833 458
s 7985 966 531
s 7986 85 40
s 7987 97 47
s 7988 165 91
s 7989 386 187
s 7990 987 551
s 7991 490 278
s 7992 210 109
s 7993 91 47
s 7994 86 43
s 7995 186 95
s 7996 650 341
s 7997 91 50
s 7998 484 270
s 7999 170 81
s 8000 125 55
s 8001 53 31
s 8002 6 2
s 8003 483 271
s 8004 172 75
s 8005 463 236
s 8006 455 242
s 8007 698 389
s 8008 158 76
s 8009 84 43
s 8010 1146 587
s 8011 220 120
s 8012 994 549
s 8013 107 60
s 8014 196 102
s 8015 66 38
s 8016 196 111
s 8017 135 72
s 8018 97 54
s 8019 55 22
s 8020 327 165
s 8021 522 281
s 8022 1074 561
s 8023 230 131
s 8024 596 324
s 8025 33 16
s 8026 239 144
s 8027 153 76
s 8028 109 58
s 8029 996 536
s 8030 70 38
s 8031 107 56
s 8032 318 167
s 8033 724 378
s 8034 372 175
s 8035 125 64
s 8036 280 150
s 8037 344 156
s 8038 74 49
s 8039 54 30
s 8040 826 462
s 8041 403 219
s 8042 651 337
s 8043 369 171
s 8044 306 138
s 8045 543 246
s 8046 296 182
s 8047 137 73
s 8048 184 91
s 8049 221 125
s 8050 303 144
s 8055 314 164
s 8056 363 181
s 8057 779 434
s 8059 404 195
s 8062 333 163
s 8064 529 281
s 8065 317 147
s 8067 181 80
s 8071 827 459
s 8072 334 177
s 8073 282 151
s 8074 117 61
s 8081 253 114
s 8091 127 59
s 8225 48 24
s 8226 61 37
s 8227 137 72
s 8228 235 123
s 8229 81 40
s 8230 26 11
s 8231 91 46
s 8232 79 39
s 8233 50 22
s 8234 156 97
s 8235 97 57
s 8236 58 33
s 8237 62 29
s 8238 35 18
s 8239 81 36
s 8240 149 71
s 8241 231 116
s 8242 70 44
s 8243 46 22
s 8244 41 23
s 8245 139 67
s 8246 213 116
s 8247 139 86
s 8248 36 15
s 8249 31 15
s 8250 40 19
s 8251 46 19
s 8252 141 75
s 8253 21 11
s 8254 125 67
s 8255 43 21
s 8256 98 51
s 8257 9 4
s 8258 3 2
s 8259 84 43
s 8260 117 63
s 8261 136 70
s 8262 78 30
s 8263 295 167
s 8264 69 34
s 8265 20 14
s 8266 227 120
s 8267 141 80
s 8268 154 96
s 8269 20 13
s 8270 46 28
s 8271 39 22
s 8272 28 13
s 8273 37 18
s 8274 20 12
s 8275 36 19
s 8276 155 73
s 8277 210 113
s 8278 436 211
s 8279 186 111
s 8280 195 114
s 8281 6 2
s 8282 60 28
s 8283 64 34
s 8284 32 22
s 8285 207 112
s 8286 25 10
s 8287 29 19
s 8288 104 49
s 8289 178 96
s 8290 83 40
s 8291 35 19
s 8292 104 63
s 8293 155 76
s 8294 40 20
s 8295 13 7
s 8296 233 133
s 8297 183 99
s 8298 106 51
s 8299 96 51
s 8300 94 55
s 8301 89 39
s 8302 108 60
s 8303 100 57
s 8304 153 79
s 8305 41 18
s 8306 61 27
s 8311 135 74
s 8312 76 38
s 8313 171 98
s 8315 220 109
s 8318 70 34
s 8320 221 117
s 8321 81 43
s 8323 118 51
s 8327 228 118
s 8328 79 42
s 8329 78 40
s 8330 19 8
s 8337 44 21
s 8347 32 14
s 8482 126 78
s 8483 206 112
s 8484 180 106
s 8485 88 51
s 8486 22 9
s 8487 148 78
s 8488 63 31
s 8489 100 56
s 8490 97 59
s 8491 89 52
s 8492 146 78
s 8493 77 39
s 8494 103 57
s 8495 69 40
s 8496 397 224
s 8497 259 156
s 8498 100 52
s 8499 86 46
s 8500 75 40
s 8501 156 81
s 8502 350 210
s 8503 39 22
s 8504 86 54
s 8505 38 25
s 8506 54 30
s 8507 66 35
s 8508 58 37
s 8509 33 13
s 8510 294 175
s 8511 58 32
s 8512 126 65
s 8513 17 6
s 8514 9 6
s 8515 163 98
s 8516 159 91
s 8517 49 21
s 8518 168 100
s 8519 380 229
s 8520 64 32
s 8521 33 16
s 8522 519 295
s 8523 185 101
s 8524 344 211
s 8525 12 8
s 8526 28 14
s 8527 42 23
s 8528 85 38
s 8529 28 16
s 8530 41 19
s 8531 65 27
s 8532 185 94
s 8533 296 167
s 8534 684 373
s 8535 248 129
s 8536 275 175
s 8537 13 8
s 8538 82 45
s 8539 114 56
s 8540 32 22
s 8541 363 184
s 8542 35 16
s 8543 50 27
s 8544 28 12
s 8545 172 86
s 8546 47 25
s 8547 11 5
s 8548 229 109
s 8549 142 81
s 8550 53 30
s 8551 17 4
s 8552 97 50
s 8553 279 157
s 8554 263 145
s 8555 180 94
s 8556 30 17
s 8557 232 110
s 8558 123 78
s 8559 141 80
s 8560 240 132
s 8561 90 57
s 8562 117 64
s 8567 210 122
s 8568 114 55
s 8569 165 92
s 8571 279 146
s 8574 141 83
s 8576 250 149
s 8577 42 21
s 8579 175 95
s 8583 74 40
s 8584 150 81
s 8585 59 32
s 8586 44 22
s 8593 111 54
s 8603 47 25
s 8739 80 25
s 8740 205 109
s 8741 113 54
s 8742 36 21
s 8743 40 9
s 8744 94 48
s 8745 126 68
s 8746 213 119
s 8747 74 25
s 8748 150 79
s 8749 67 32
s 8750 101 56
s 8751 71 36
s 8752 424 213
s 8753 304 171
s 8754 131 76
s 8755 104 55
s 8756 28 13
s 8757 169 83
s 8758 375 197
s 8759 167 91
s 8760 59 36
s 8761 48 23
s 8762 36 20
s 8763 44 25
s 8764 259 131
s 8765 22 9
s 8766 296 172
s 8767 96 52
s 8768 128 66
s 8769 14 10
s 8770 10 4
s 8771 168 91
s 8772 156 77
s 8773 157 78
s 8774 207 114
s 8775 416 230
s 8776 79 44
s 8777 44 23
s 8778 161 81
s 8779 183 88
s 8780 35 17
s 8781 34 16
s 8782 110 57
s 8783 54 33
s 8784 66 33
s 8785 59 25
s 8786 13 4
s 8787 62 22
s 8788 241 122
s 8789 336 181
s 8790 571 282
s 8791 296 159
s 8792 278 149
s 8793 17 10
s 8794 44 19
s 8795 109 60
s 8796 40 23
s 8797 320 163
s 8798 45 21
s 8799 52 29
s 8800 139 76
s 8801 254 125
s 8802 116 46
s 8803 73 38
s 8804 222 105
s 8805 220 101
s 8806 67 27
s 8807 40 17
s 8808 319 165
s 8809 343 191
s 8810 18 10
s 8811 86 49
s 8812 117 62
s 8813 221 94
s 8814 157 74
s 8815 175 86
s 8816 243 137
s 8817 19 6
s 8818 79 35
s 8823 199 94
s 8824 55 28
s 8825 206 103
s 8827 309 147
s 8830 37 15
s 8832 254 136
s 8833 118 58
s 8835 215 103
s 8839 346 186
s 8840 120 64
s 8841 90 36
s 8842 50 25
s 8849 88 39
s 8859 79 47
s 8996 487 232
s 8997 163 75
s 8998 82 39
s 8999 182 76
s 9000 182 81
s 9001 304 141
s 9002 444 236
s 9003 150 63
s 9004 259 114
s 9005 143 71
s 9006 188 73
s 9007 142 55
s 9008 537 276
s 9009 544 263
s 9010 194 90
s 9011 163 84
s 9012 77 49
s 9013 307 113
s 9014 705 354
s 9015 305 147
s 9016 99 58
s 9017 108 60
s 9018 99 48
s 9019 87 37
s 9020 436 222
s 9021 41 21
s 9022 464 247
s 9023 156 75
s 9024 245 105
s 9025 24 8
s 9026 17 10
s 9027 344 163
s 9028 336 137
s 9029 330 152
s 9030 325 155
s 9031 750 371
s 9032 153 69
s 9033 71 26
s 9034 492 231
s 9035 334 157
s 9036 185 90
s 9037 60 25
s 9038 164 95
s 9039 95 44
s 9040 115 51
s 9041 116 57
s 9042 21 10
s 9043 112 41
s 9044 512 246
s 9045 617 288
s 9046 1064 495
s 9047 525 267
s 9048 489 275
s 9049 30 12
s 9050 87 48
s 9051 188 101
s 9052 52 27
s 9053 712 353
s 9054 60 29
s 9055 75 35
s 9056 282 135
s 9057 518 244
s 9058 267 128
s 9059 126 50
s 9060 429 206
s 9061 386 184
s 9062 109 45
s 9063 57 33
s 9064 670 321
s 9065 500 241
s 9066 149 64
s 9067 240 121
s 9068 270 103
s 9069 326 121
s 9070 257 133
s 9071 305 156
s 9072 376 165
s 9073 54 31
s 9074 178 71
s 9079 379 173
s 9080 132 52
s 9081 338 163
s 9083 511 247
s 9086 116 59
s 9088 433 198
s 9089 272 130
s 9091 288 121
s 9095 557 282
s 9096 219 92
s 9097 181 82
s 9098 103 55
s 9105 146 58
s 9115 105 50
s 9253 233 113
s 9254 81 46
s 9255 388 185
s 9256 262 109
s 9257 360 162
s 9258 399 197
s 9259 221 101
s 9260 362 170
s 9261 248 139
s 9262 246 109
s 9263 246 119
s 9264 794 376
s 9265 713 380
s 9266 294 140
s 9267 277 130
s 9268 121 67
s 9269 520 230
s 9270 902 437
s 9271 344 152
s 9272 197 106
s 9273 132 66
s 9274 141 68
s 9275 176 76
s 9276 405 220
s 9277 60 29
s 9278 691 367
s 9279 254 131
s 9280 362 166
s 9281 35 19
s 9282 27 19
s 9283 413 222
s 9284 523 234
s 9285 401 185
s 9286 426 225
s 9287 1169 628
s 9288 260 117
s 9289 93 36
s 9290 966 483
s 9291 523 243
s 9292 625 346
s 9293 45 20
s 9294 159 83
s 9295 144 75
s 9296 163 80
s 9297 136 74
s 9298 70 35
s 9299 169 77
s 9300 682 314
s 9301 894 424
s 9302 1735 875
s 9303 763 425
s 9304 877 476
s 9305 37 23
s 9306 222 114
s 9307 227 113
s 9308 81 28
s 9309 1010 496
s 9310 68 29
s 9311 114 58
s 9312 235 123
s 9313 652 334
s 9314 241 116
s 9315 87 38
s 9316 564 300
s 9317 583 255
s 9318 154 86
s 9319 67 40
s 9320 592 300
s 9321 804 402
s 9322 428 227
s 9323 408 215
s 9324 214 102
s 9325 463 200
s 9326 337 165
s 9327 491 247
s 9328 581 287
s 9329 155 76
s 9330 299 142
s 9335 598 335
s 9336 251 126
s 9337 544 272
s 9339 868 440
s 9342 292 128
s 9344 750 361
s 9345 245 117
s 9347 437 210
s 9351 564 287
s 9352 363 173
s 9353 187 86
s 9354 150 76
s 9361 227 97
s 9371 133 78
s 9510 30 17
s 9511 144 70
s 9512 32 14
s 9513 111 61
s 9514 159 84
s 9515 124 57
s 9516 138 66
s 9517 37 15
s 9518 87 43
s 9519 84 30
s 9520 313 150
s 9521 354 179
s 9522 29 10
s 9523 52 22
s 9524 35 19
s 9525 123 54
s 9526 297 132
s 9527 135 67
s 9528 69 26
s 9529 18 12
s 9530 25 15
s 9531 57 27
s 9532 215 116
s 9533 39 23
s 9534 136 75
s 9535 65 21
s 9536 49 20
s 9537 11 4
s 9538 3 2
s 9539 189 107
s 9540 65 33
s 9541 149 74
s 9542 156 74
s 9543 284 155
s 9544 50 17
s 9545 33 14
s 9546 439 215
s 9547 70 31
s 9548 328 184
s 9549 38 24
s 9550 68 35
s 9551 28 14
s 9552 51 27
s 9553 32 15
s 9554 24 12
s 9555 21 8
s 9556 117 55
s 9557 177 78
s 9558 388 184
s 9559 70 37
s 9560 226 121
s 9561 10 7
s 9562 65 29
s 9563 53 23
s 9564 29 18
s 9565 316 168
s 9566 31 15
s 9567 29 17
s 9568 99 46
s 9569 245 107
s 9570 112 50
s 9571 42 15
s 9572 115 65
s 9573 113 52
s 9574 24 9
s 9575 10 3
s 9576 274 146
s 9577 163 89
s 9578 184 87
s 9579 125 67
s 9580 98 34
s 9581 180 72
s 9582 110 58
s 9583 41 17
s 9584 55 32
s 9585 82 42
s 9586 84 37
s 9591 101 43
s 9592 105 41
s 9593 83 36
s 9595 127 56
s 9598 117 58
s 9600 189 90
s 9601 113 52
s 9603 52 26
s 9607 235 116
s 9608 118 53
s 9609 82 38
s 9610 43 12
s 9617 78 31
s 9627 32 21
s 9767 61 32
s 9768 32 12
s 9769 52 23
s 9770 27 13
s 9771 35 15
s 9772 50 11
s 9773 44 26
s 9774 51 23
s 9775 30 14
s 9776 159 72
s 9777 84 44
s 9778 63 33
s 9779 25 12
s 9780 24 12
s 9781 84 42
s 9782 151 75
s 9783 24 13
s 9784 34 20
s 9785 15 11
s 9786 22 9
s 9787 29 14
s 9788 25 13
s 9789 16 11
s 9790 104 60
s 9791 36 18
s 9792 71 34
s 9793 11 4
s 9794 6 3
s 9795 71 43
s 9796 74 37
s 9797 20 11
s 9798 75 39
s 9799 120 60
s 9800 24 7
s 9801 21 6
s 9802 171 74
s 9803 72 39
s 9804 110 65
s 9805 8 5
s 9806 8 2
s 9807 23 10
s 9808 30 19
s 9809 14 5
s 9810 9 2
s 9811 12 4
s 9812 71 29
s 9813 118 58
s 9814 282 134
s 9815 101 46
s 9816 99 51
s 9817 10 7
s 9818 65 32
s 9819 39 14
s 9820 13 8
s 9821 120 59
s 9822 8 2
s 9823 20 11
s 9824 7 4
s 9825 71 33
s 9826 22 10
s 9827 6 1
s 9828 75 33
s 9829 71 31
s 9830 18 7
s 9831 10 8
s 9832 38 18
s 9833 108 50
s 9834 90 42
s 9835 52 29
s 9836 6 1
s 9837 90 45
s 9838 51 29
s 9839 80 46
s 9840 118 69
s 9841 38 22
s 9842 44 22
s 9847 98 43
s 9848 40 23
s 9849 89 46
s 9851 133 55
s 9854 52 23
s 9856 105 53
s 9857 14 2
s 9859 75 38
s 9863 47 24
s 9864 63 24
s 9865 25 11
s 9866 27 11
s 9873 42 17
s 9883 14 10
s 10024 177 73
s 10025 214 89
s 10026 374 197
s 10027 133 63
s 10028 260 125
s 10029 144 63
s 10030 170 76
s 10031 136 67
s 10032 538 260
s 10033 479 224
s 10034 157 78
s 10035 139 61
s 10036 47 20
s 10037 314 145
s 10038 673 327
s 10039 316 135
s 10040 104 59
s 10041 77 43
s 10042 96 42
s 10043 68 24
s 10044 405 207
s 10045 32 12
s 10046 409 221
s 10047 151 65
s 10048 217 107
s 10049 17 7
s 10050 21 11
s 10051 321 154
s 10052 277 121
s 10053 300 127
s 10054 283 138
s 10055 683 352
s 10056 134 53
s 10057 76 31
s 10058 275 129
s 10059 285 121
s 10060 132 79
s 10061 52 24
s 10062 124 57
s 10063 64 30
s 10064 102 46
s 10065 92 45
s 10066 19 11
s 10067 94 40
s 10068 427 189
s 10069 538 240
s 10070 980 428
s 10071 476 221
s 10072 492 255
s 10073 25 11
s 10074 69 25
s 10075 145 74
s 10076 54 26
s 10077 627 299
s 10078 48 20
s 10079 75 30
s 10080 221 92
s 10081 402 167
s 10082 221 101
s 10083 84 30
s 10084 320 159
s 10085 335 152
s 10086 86 39
s 10087 37 21
s 10088 605 320
s 10089 412 191
s 10090 64 29
s 10091 174 89
s 10092 226 100
s 10093 338 148
s 10094 222 116
s 10095 243 112
s 10096 362 165
s 10097 39 19
s 10098 167 71
s 10103 378 172
s 10104 107 43
s 10105 328 165
s 10107 495 222
s 10110 85 40
s 10112 355 172
s 10113 236 101
s 10115 254 108
s 10119 500 247
s 10120 164 60
s 10121 128 62
s 10122 75 41
s 10129 140 45
s 10139 83 48
s 10281 108 54
s 10282 166 86
s 10283 100 54
s 10284 109 52
s 10285 36 17
s 10286 80 28
s 10287 123 54
s 10288 262 109
s 10289 306 147
s 10290 26 10
s 10291 55 27
s 10292 62 29
s 10293 133 61
s 10294 292 154
s 10295 114 53
s 10296 75 43
s 10297 21 13
s 10298 24 11
s 10299 58 23
s 10300 189 95
s 10301 27 8
s 10302 114 59
s 10303 51 27
s 10304 66 30
s 10305 15 5
s 10306 4 1
s 10307 140 71
s 10308 70 29
s 10309 130 60
s 10310 132 65
s 10311 199 107
s 10312 29 15
s 10313 34 12
s 10314 349 170
s 10315 72 33
s 10316 303 165
s 10317 35 21
s 10318 56 30
s 10319 29 13
s 10320 54 25
s 10321 38 17
s 10322 25 16
s 10323 31 11
s 10324 154 73
s 10325 184 81
s 10326 312 153
s 10327 109 56
s 10328 207 108
s 10329 16 6
s 10330 66 34
s 10331 57 26
s 10332 40 20
s 10333 319 157
s 10334 31 14
s 10335 29 10
s 10336 104 47
s 10337 185 85
s 10338 113 49
s 10339 36 16
s 10340 71 33
s 10341 108 43
s 10342 20 9
s 10343 26 7
s 10344 255 137
s 10345 130 73
s 10346 180 78
s 10347 109 52
s 10348 98 44
s 10349 134 59
s 10350 70 31
s 10351 66 30
s 10352 70 29
s 10353 56 24
s 10354 112 50
s 10359 86 44
s 10360 109 57
s 10361 94 43
s 10363 136 64
s 10366 95 52
s 10368 152 71
s 10369 109 55
s 10371 70 34
s 10375 188 100
s 10376 104 50
s 10377 77 35
s 10378 28 20
s 10385 71 29
s 10395 40 16
s 10538 158 99
s 10539 147 71
s 10540 19 7
s 10541 104 57
s 10542 28 12
s 10543 97 57
s 10544 37 17
s 10545 365 191
s 10546 101 51
s 10547 84 43
s 10548 62 37
s 10549 162 74
s 10550 25 9
s 10551 196 106
s 10552 41 17
s 10553 49 23
s 10554 66 32
s 10555 85 41
s 10556 208 107
s 10557 29 15
s 10558 245 139
s 10559 70 31
s 10560 168 75
s 10561 21 13
s 10562 1 1
s 10563 18 6
s 10564 282 156
s 10565 168 94
s 10566 27 17
s 10567 369 178
s 10568 67 36
s 10569 44 16
s 10570 1068 583
s 10571 237 116
s 10572 377 229
s 10573 35 17
s 10574 78 43
s 10575 57 32
s 10576 18 8
s 10577 36 20
s 10578 23 15
s 10579 54 29
s 10580 273 132
s 10581 359 167
s 10582 771 370
s 10583 342 168
s 10584 340 192
s 10585 2 1
s 10586 112 59
s 10587 98 51
s 10588 40 25
s 10589 122 58
s 10590 8 6
s 10591 11 6
s 10592 137 65
s 10593 301 146
s 10594 143 69
s 10595 68 27
s 10596 203 99
s 10597 303 158
s 10598 65 28
s 10599 21 10
s 10600 340 175
s 10601 344 187
s 10602 230 112
s 10603 155 75
s 10604 161 76
s 10605 21 10
s 10606 223 121
s 10607 157 71
s 10608 228 111
s 10609 84 51
s 10610 70 34
s 10615 254 134
s 10616 101 53
s 10617 197 120
s 10619 330 148
s 10622 147 69
s 10624 485 238
s 10625 146 70
s 10627 208 100
s 10631 373 206
s 10632 159 62
s 10633 108 57
s 10634 15 6
s 10641 36 16
s 10651 53 25
s 10795 187 100
s 10796 174 83
s 10797 148 88
s 10798 125 56
s 10799 180 91
s 10800 367 197
s 10801 352 189
s 10802 182 107
s 10803 119 52
s 10804 83 42
s 10805 283 139
s 10806 349 171
s 10807 106 54
s 10808 122 69
s 10809 59 27
s 10810 93 54
s 10811 127 72
s 10812 160 97
s 10813 53 26
s 10814 381 232
s 10815 151 78
s 10816 224 109
s 10817 27 17
s 10818 14 10
s 10819 176 97
s 10820 331 164
s 10821 110 56
s 10822 186 109
s 10823 557 316
s 10824 118 65
s 10825 55 16
s 10826 778 452
s 10827 329 173
s 10828 621 350
s 10829 31 14
s 10830 63 35
s 10831 58 32
s 10832 69 39
s 10833 47 22
s 10834 36 25
s 10835 87 46
s 10836 362 185
s 10837 493 268
s 10838 1041 559
s 10839 493 273
s 10840 511 294
s 10841 21 10
s 10842 170 96
s 10843 147 74
s 10844 58 32
s 10845 472 241
s 10846 45 22
s 10847 40 18
s 10848 103 58
s 10849 315 164
s 10850 100 46
s 10851 35 14
s 10852 235 122
s 10853 396 184
s 10854 86 46
s 10855 27 15
s 10856 219 120
s 10857 446 254
s 10858 392 205
s 10859 205 108
s 10860 86 40
s 10861 161 75
s 10862 266 146
s 10863 249 134
s 10864 298 169
s 10865 135 67
s 10866 163 86
s 10871 379 216
s 10872 174 90
s 10873 302 183
s 10875 476 236
s 10878 214 121
s 10880 468 242
s 10881 100 57
s 10883 262 141
s 10887 232 127
s 10888 211 116
s 10889 94 57
s 10890 65 40
s 10897 108 52
s 10907 59 39
s 11052 166 87
s 11053 81 42
s 11054 123 61
s 11055 81 37
s 11056 433 200
s 11057 302 150
s 11058 112 50
s 11059 110 44
s 11060 47 27
s 11061 216 88
s 11062 441 198
s 11063 112 65
s 11064 97 48
s 11065 38 19
s 11066 52 24
s 11067 57 35
s 11068 133 72
s 11069 28 15
s 11070 314 175
s 11071 79 36
s 11072 132 61
s 11073 14 7
s 11074 19 10
s 11075 216 117
s 11076 195 86
s 11077 142 68
s 11078 175 88
s 11079 488 234
s 11080 86 34
s 11081 52 18
s 11082 318 177
s 11083 175 82
s 11084 214 108
s 11085 34 19
s 11086 55 28
s 11087 46 25
s 11088 61 33
s 11089 59 36
s 11090 25 13
s 11091 63 32
s 11092 275 136
s 11093 376 185
s 11094 672 322
s 11095 317 160
s 11096 365 197
s 11097 18 9
s 11098 86 45
s 11099 111 53
s 11100 29 14
s 11101 405 180
s 11102 27 16
s 11103 32 14
s 11104 95 52
s 11105 275 131
s 11106 107 53
s 11107 46 15
s 11108 224 117
s 11109 208 81
s 11110 64 35
s 11111 18 13
s 11112 246 130
s 11113 277 137
s 11114 147 65
s 11115 141 74
s 11116 82 34
s 11117 227 81
s 11118 141 70
s 11119 182 91
s 11120 256 112
s 11121 65 28
s 11122 124 58
s 11127 256 126
s 11128 100 44
s 11129 190 90
s 11131 318 146
s 11134 106 52
s 11136 269 115
s 11137 73 34
s 11139 205 94
s 11143 214 106
s 11144 177 84
s 11145 79 35
s 11146 70 29
s 11153 92 39
s 11163 57 29
s 11309 114 59
s 11310 20 10
s 11311 150 85
s 11312 28 12
s 11313 449 221
s 11314 192 111
s 11315 81 46
s 11316 84 32
s 11317 145 55
s 11318 20 8
s 11319 186 90
s 11320 41 19
s 11321 51 30
s 11322 47 15
s 11323 115 53
s 11324 288 149
s 11325 30 22
s 11326 287 152
s 11327 87 42
s 11328 186 66
s 11329 22 16
s 11330 13 8
s 11331 15 8
s 11332 228 113
s 11333 192 89
s 11334 23 9
s 11335 502 239
s 11336 87 39
s 11337 35 13
s 11338 635 317
s 11339 226 110
s 11340 400 226
s 11341 43 27
s 11342 110 52
s 11343 70 40
s 11344 35 15
s 11345 50 28
s 11346 45 25
s 11347 55 19
s 11348 291 151
s 11349 398 184
s 11350 780 395
s 11351 353 181
s 11352 350 176
s 11353 1 1
s 11354 118 58
s 11355 84 44
s 11356 38 20
s 11357 116 52
s 11358 5 3
s 11359 11 7
s 11360 138 66
s 11361 495 264
s 11362 163 69
s 11363 65 32
s 11364 230 112
s 11365 274 123
s 11366 75 28
s 11367 35 18
s 11368 421 211
s 11369 354 168
s 11370 269 137
s 11371 169 90
s 11372 176 84
s 11373 9 2
s 11374 208 106
s 11375 218 105
s 11376 285 143
s 11377 120 70
s 11378 55 28
s 11383 245 126
s 11384 176 83
s 11385 275 145
s 11387 329 149
s 11390 190 100
s 11392 386 192
s 11393 169 86
s 11395 197 96
s 11399 413 234
s 11400 205 101
s 11401 130 61
s 11402 16 9
s 11409 35 16
s 11419 60 37
s 11566 76 37
s 11567 74 38
s 11568 289 157
s 11569 312 184
s 11570 54 31
s 11571 58 26
s 11572 38 21
s 11573 128 61
s 11574 270 142
s 11575 102 56
s 11576 62 32
s 11577 32 18
s 11578 40 23
s 11579 49 29
s 11580 157 89
s 11581 27 11
s 11582 100 58
s 11583 52 30
s 11584 86 43
s 11585 11 6
s 11586 5 4
s 11587 151 81
s 11588 91 44
s 11589 121 56
s 11590 130 70
s 11591 207 116
s 11592 46 22
s 11593 37 17
s 11594 353 206
s 11595 72 28
s 11596 255 142
s 11597 21 8
s 11598 71 43
s 11599 20 9
s 11600 51 22
s 11601 53 34
s 11602 28 15
s 11603 16 7
s 11604 136 71
s 11605 180 94
s 11606 314 173
s 11607 132 57
s 11608 170 97
s 11609 13 8
s 11610 66 29
s 11611 51 25
s 11612 28 17
s 11613 279 143
s 11614 26 13
s 11615 26 14
s 11616 91 46
s 11617 232 123
s 11618 110 33
s 11619 33 20
s 11620 86 44
s 11621 103 45
s 11622 29 15
s 11623 13 8
s 11624 238 128
s 11625 146 82
s 11626 176 83
s 11627 84 46
s 11628 88 44
s 11629 144 72
s 11630 114 65
s 11631 64 40
s 11632 101 54
s 11633 49 28
s 11634 66 33
s 11639 102 58
s 11640 78 31
s 11641 107 63
s 11643 134 68
s 11646 84 44
s 11648 151 65
s 11649 93 51
s 11651 72 32
s 11655 252 151
s 11656 86 43
s 11657 86 39
s 11658 59 26
s 11665 68 31
s 11675 42 20
s 11823 94 34
s 11824 65 32
s 11825 357 174
s 11826 115 61
s 11827 82 38
s 11828 47 24
s 11829 108 50
s 11830 62 25
s 11831 161 83
s 11832 17 6
s 11833 59 21
s 11834 56 21
s 11835 72 29
s 11836 237 113
s 11837 35 15
s 11838 220 106
s 11839 61 31
s 11840 149 71
s 11841 17 8
s 11842 11 7
s 11843 18 11
s 11844 168 82
s 11845 158 80
s 11846 37 15
s 11847 346 156
s 11848 64 27
s 11849 19 8
s 11850 424 201
s 11851 135 59
s 11852 282 145
s 11853 34 15
s 11854 80 40
s 11855 46 22
s 11856 25 13
s 11857 42 19
s 11858 30 11
s 11859 49 25
s 11860 258 122
s 11861 349 167
s 11862 634 293
s 11863 262 130
s 11864 224 113
s 11865 6 2
s 11866 105 57
s 11867 74 34
s 11868 67 42
s 11869 107 47
s 11870 1 1
s 11871 18 10
s 11872 133 65
s 11873 269 119
s 11874 136 63
s 11875 54 28
s 11876 210 96
s 11877 176 75
s 11878 44 18
s 11879 24 6
s 11880 272 131
s 11881 281 133
s 11882 198 100
s 11883 138 66
s 11884 98 32
s 11885 41 15
s 11886 152 74
s 11887 155 58
s 11888 245 125
s 11889 73 42
s 11890 45 24
s 11895 213 104
s 11896 135 67
s 11897 141 61
s 11899 300 143
s 11902 134 65
s 11904 278 122
s 11905 111 48
s 11907 169 72
s 11911 267 134
s 11912 149 68
s 11913 109 44
s 11914 15 6
s 11921 45 22
s 11931 65 26
s 12080 359 176
s 12081 299 155
s 12082 114 65
s 12083 99 46
s 12084 48 28
s 12085 199 93
s 12086 385 189
s 12087 110 43
s 12088 77 40
s 12089 53 22
s 12090 53 32
s 12091 58 24
s 12092 168 88
s 12093 20 11
s 12094 256 140
s 12095 87 44
s 12096 139 61
s 12097 22 11
s 12098 9 4
s 12099 183 100
s 12100 149 67
s 12101 130 59
s 12102 167 94
s 12103 427 219
s 12104 78 33
s 12105 39 18
s 12106 315 158
s 12107 146 65
s 12108 230 117
s 12109 21 10
s 12110 55 26
s 12111 52 26
s 12112 77 37
s 12113 58 27
s 12114 20 11
s 12115 60 30
s 12116 256 128
s 12117 327 152
s 12118 581 298
s 12119 279 132
s 12120 296 174
s 12121 13 9
s 12122 85 42
s 12123 102 49
s 12124 29 14
s 12125 372 170
s 12126 30 13
s 12127 30 16
s 12128 78 32
s 12129 253 137
s 12130 90 36
s 12131 41 16
s 12132 221 114
s 12133 181 92
s 12134 55 30
s 12135 16 10
s 12136 246 136
s 12137 288 147
s 12138 159 87
s 12139 147 77
s 12140 86 39
s 12141 210 76
s 12142 124 56
s 12143 165 86
s 12144 229 113
s 12145 47 22
s 12146 110 49
s 12151 224 117
s 12152 93 39
s 12153 168 82
s 12155 256 104
s 12158 82 36
s 12160 236 111
s 12161 74 32
s 12163 155 75
s 12167 209 101
s 12168 136 68
s 12169 60 22
s 12170 50 26
s 12177 94 37
s 12187 54 22
s 12337 1341 691
s 12338 375 215
s 12339 296 140
s 12340 178 86
s 12341 321 140
s 12342 40 23
s 12343 573 289
s 12344 98 49
s 12345 188 104
s 12346 163 77
s 12347 299 157
s 12348 828 457
s 12349 126 61
s 12350 789 419
s 12351 188 95
s 12352 396 190
s 12353 78 36
s 12354 29 13
s 12355 18 7
s 12356 510 241
s 12357 554 276
s 12358 49 23
s 12359 1247 672
s 12360 175 79
s 12361 77 34
s 12362 1587 799
s 12363 505 232
s 12364 1148 615
s 12365 137 73
s 12366 302 158
s 12367 216 109
s 12368 73 43
s 12369 110 48
s 12370 113 65
s 12371 219 94
s 12372 762 356
s 12373 1117 549
s 12374 1891 954
s 12375 837 420
s 12376 938 503
s 12377 5 4
s 12378 416 218
s 12379 467 230
s 12380 190 113
s 12381 279 135
s 12382 11 5
s 12383 15 8
s 12384 341 154
s 12385 981 493
s 12386 393 188
s 12387 178 80
s 12388 706 368
s 12389 732 337
s 12390 169 90
s 12391 86 49
s 12392 1039 550
s 12393 1086 542
s 12394 744 387
s 12395 504 267
s 12396 320 158
s 12397 29 10
s 12398 521 257
s 12399 571 298
s 12400 788 386
s 12401 316 158
s 12402 178 88
s 12407 619 310
s 12408 455 213
s 12409 607 312
s 12411 968 472
s 12414 448 211
s 12416 899 431
s 12417 422 204
s 12419 607 308
s 12423 991 510
s 12424 509 251
s 12425 390 185
s 12426 46 26
s 12433 128 53
s 12443 176 100
s 12594 470 269
s 12595 284 158
s 12596 181 114
s 12597 586 278
s 12598 1213 666
s 12599 380 200
s 12600 285 153
s 12601 132 65
s 12602 207 99
s 12603 189 101
s 12604 393 231
s 12605 99 56
s 12606 889 507
s 12607 288 153
s 12608 416 206
s 12609 57 33
s 12610 36 15
s 12611 629 337
s 12612 716 395
s 12613 316 160
s 12614 512 286
s 12615 1147 622
s 12616 274 139
s 12617 109 62
s 12618 1294 696
s 12619 537 265
s 12620 873 503
s 12621 71 41
s 12622 174 109
s 12623 173 83
s 12624 227 138
s 12625 119 68
s 12626 93 44
s 12627 204 96
s 12628 696 349
s 12629 1104 576
s 12630 2204 1161
s 12631 825 435
s 12632 897 484
s 12633 60 27
s 12634 372 197
s 12635 430 229
s 12636 113 73
s 12637 1097 591
s 12638 105 49
s 12639 113 55
s 12640 203 101
s 12641 654 359
s 12642 229 110
s 12643 84 39
s 12644 588 314
s 12645 782 385
s 12646 149 79
s 12647 77 45
s 12648 462 239
s 12649 1151 627
s 12650 564 286
s 12651 416 230
s 12652 189 102
s 12653 786 382
s 12654 477 258
s 12655 637 339
s 12656 872 471
s 12657 240 119
s 12658 267 125
s 12663 812 433
s 12664 270 117
s 12665 782 442
s 12667 1129 558
s 12670 337 179
s 12672 883 447
s 12673 172 83
s 12675 673 351
s 12679 562 329
s 12680 447 215
s 12681 212 117
s 12682 185 94
s 12689 315 167
s 12699 148 82
s 12851 60 26
s 12852 65 41
s 12853 199 99
s 12854 357 189
s 12855 190 107
s 12856 75 38
s 12857 34 21
s 12858 31 16
s 12859 105 62
s 12860 221 131
s 12861 58 32
s 12862 216 130
s 12863 53 33
s 12864 46 24
s 12865 22 11
s 12866 3 1
s 12867 182 91
s 12868 64 37
s 12869 157 81
s 12870 213 114
s 12871 308 169
s 12872 53 26
s 12873 31 12
s 12874 541 297
s 12875 64 33
s 12876 362 211
s 12877 42 24
s 12878 110 61
s 12879 27 15
s 12880 82 40
s 12881 43 28
s 12882 45 30
s 12883 22 10
s 12884 136 68
s 12885 179 98
s 12886 482 270
s 12887 85 43
s 12888 287 176
s 12889 24 9
s 12890 98 49
s 12891 81 46
s 12892 71 40
s 12893 359 197
s 12894 26 12
s 12895 42 24
s 12896 113 53
s 12897 290 178
s 12898 149 73
s 12899 78 35
s 12900 110 53
s 12901 151 72
s 12902 15 8
s 12903 21 12
s 12904 304 180
s 12905 214 118
s 12906 223 123
s 12907 154 101
s 12908 85 47
s 12909 244 116
s 12910 120 66
s 12911 34 20
s 12912 62 33
s 12913 116 69
s 12914 123 63
s 12919 126 65
s 12920 143 73
s 12921 102 67
s 12923 186 86
s 12926 121 57
s 12928 209 101
s 12929 117 57
s 12931 78 41
s 12935 292 141
s 12936 160 82
s 12937 138 68
s 12938 46 29
s 12945 127 69
s 12955 50 28
s 13108 47 22
s 13109 160 82
s 13110 218 106
s 13111 167 88
s 13112 69 35
s 13113 31 20
s 13114 35 24
s 13115 50 26
s 13116 137 64
s 13117 21 10
s 13118 79 44
s 13119 52 24
s 13120 43 19
s 13121 14 6
s 13122 12 6
s 13123 111 59
s 13124 71 33
s 13125 126 62
s 13126 114 60
s 13127 129 68
s 13128 45 29
s 13129 23 11
s 13130 312 150
s 13131 88 47
s 13132 270 156
s 13133 28 16
s 13134 59 27
s 13135 13 7
s 13136 45 19
s 13137 35 17
s 13138 19 16
s 13139 15 6
s 13140 100 45
s 13141 147 77
s 13142 297 124
s 13143 112 66
s 13144 114 62
s 13145 9 6
s 13146 82 39
s 13147 67 40
s 13148 38 20
s 13149 253 101
s 13150 26 10
s 13151 34 20
s 13152 63 32
s 13153 145 68
s 13154 100 49
s 13155 44 16
s 13156 65 36
s 13157 110 54
s 13158 21 9
s 13159 17 9
s 13160 187 101
s 13161 110 55
s 13162 148 73
s 13163 65 32
s 13164 85 33
s 13165 159 68
s 13166 92 52
s 13167 66 35
s 13168 89 39
s 13169 54 30
s 13170 86 44
s 13175 92 37
s 13176 89 43
s 13177 58 22
s 13179 130 58
s 13182 109 60
s 13184 183 99
s 13185 85 42
s 13187 66 29
s 13191 180 88
s 13192 80 38
s 13193 80 43
s 13194 44 16
s 13201 78 29
s 13211 29 11
s 13365 95 52
s 13366 173 93
s 13367 136 81
s 13368 35 21
s 13369 31 16
s 13370 25 11
s 13371 29 11
s 13372 122 77
s 13373 11 4
s 13374 156 88
s 13375 38 20
s 13376 64 24
s 13377 14 10
s 13378 6 3
s 13379 81 43
s 13380 75 34
s 13381 88 43
s 13382 64 30
s 13383 213 133
s 13384 38 15
s 13385 18 9
s 13386 125 65
s 13387 73 47
s 13388 61 33
s 13389 27 11
s 13390 48 25
s 13391 25 13
s 13392 30 15
s 13393 22 12
s 13394 12 9
s 13395 17 8
s 13396 119 67
s 13397 165 84
s 13398 316 169
s 13399 112 57
s 13400 151 84
s 13401 8 2
s 13402 50 27
s 13403 586 360
s 13404 29 17
s 13405 199 108
s 13406 10 7
s 13407 15 7
s 13408 64 34
s 13409 144 71
s 13410 70 31
s 13411 35 19
s 13412 119 61
s 13413 113 57
s 13414 33 18
s 13415 10 6
s 13416 172 96
s 13417 168 81
s 13418 46 26
s 13419 87 47
s 13420 64 37
s 13421 102 43
s 13422 83 45
s 13423 78 44
s 13424 141 76
s 13425 15 7
s 13426 42 25
s 13431 151 84
s 13432 47 26
s 13433 96 58
s 13435 163 73
s 13438 46 20
s 13440 129 65
s 13441 78 42
s 13443 106 64
s 13447 178 91
s 13448 81 42
s 13449 54 26
s 13450 17 10
s 13457 44 23
s 13467 26 13
s 13622 378 162
s 13623 308 151
s 13624 86 38
s 13625 69 30
s 13626 112 41
s 13627 135 54
s 13628 378 198
s 13629 53 23
s 13630 420 223
s 13631 114 50
s 13632 209 90
s 13633 28 15
s 13634 19 8
s 13635 193 88
s 13636 277 133
s 13637 321 142
s 13638 184 76
s 13639 733 338
s 13640 133 64
s 13641 75 31
s 13642 709 311
s 13643 289 128
s 13644 503 237
s 13645 59 25
s 13646 143 66
s 13647 66 29
s 13648 69 30
s 13649 102 43
s 13650 51 22
s 13651 94 36
s 13652 422 174
s 13653 503 213
s 13654 958 483
s 13655 417 190
s 13656 478 238
s 13657 23 13
s 13658 142 69
s 13659 115 54
s 13660 64 34
s 13661 426 194
s 13662 34 9
s 13663 54 30
s 13664 229 111
s 13665 422 198
s 13666 226 96
s 13667 103 38
s 13668 381 173
s 13669 303 128
s 13670 83 40
s 13671 42 21
s 13672 570 250
s 13673 440 195
s 13674 355 178
s 13675 253 115
s 13676 231 89
s 13677 168 63
s 13678 240 108
s 13679 241 108
s 13680 338 154
s 13681 135 66
s 13682 160 72
s 13687 386 179
s 13688 237 104
s 13689 238 101
s 13691 494 223
s 13694 259 118
s 13696 477 222
s 13697 247 114
s 13699 259 122
s 13703 502 219
s 13704 234 104
s 13705 169 69
s 13706 63 31
s 13713 116 47
s 13723 100 44
s 13879 660 369
s 13880 92 45
s 13881 142 74
s 13882 178 98
s 13883 270 143
s 13884 788 442
s 13885 90 49
s 13886 821 475
s 13887 234 114
s 13888 408 196
s 13889 74 43
s 13890 26 16
s 13891 22 10
s 13892 586 305
s 13893 600 302
s 13894 45 21
s 13895 1339 729
s 13896 172 89
s 13897 95 43
s 13898 1536 870
s 13899 542 292
s 13900 1215 709
s 13901 107 54
s 13902 249 134
s 13903 172 80
s 13904 56 31
s 13905 128 72
s 13906 88 47
s 13907 153 71
s 13908 749 390
s 13909 978 484
s 13910 2224 1211
s 13911 880 475
s 13912 1012 579
s 13913 5 2
s 13914 354 184
s 13915 279 146
s 13916 131 63
s 13917 286 148
s 13918 8 6
s 13919 12 8
s 13920 383 213
s 13921 957 490
s 13922 493 231
s 13923 160 76
s 13924 535 259
s 13925 771 391
s 13926 137 67
s 13927 74 41
s 13928 1061 592
s 13929 898 485
s 13930 801 400
s 13931 514 274
s 13932 393 183
s 13933 26 10
s 13934 524 295
s 13935 517 256
s 13936 843 476
s 13937 302 170
s 13938 160 84
s 13943 672 357
s 13944 448 227
s 13945 680 364
s 13947 1014 519
s 13950 459 248
s 13952 1006 547
s 13953 417 218
s 13955 598 312
s 13959 960 534
s 13960 483 238
s 13961 336 192
s 13962 39 24
s 13969 130 61
s 13979 179 102
s 14136 137 78
s 14137 42 24
s 14138 70 37
s 14139 111 57
s 14140 37 18
s 14141 54 29
s 14142 936 547
s 14143 110 56
s 14144 195 96
s 14145 31 15
s 14146 20 6
s 14147 293 166
s 14148 243 116
s 14149 35 16
s 14150 266 144
s 14151 1079 600
s 14152 121 56
s 14153 53 21
s 14154 732 383
s 14155 246 131
s 14156 635 364
s 14157 21 9
s 14158 19 8
s 14159 73 40
s 14160 118 61
s 14161 25 10
s 14162 60 36
s 14163 80 36
s 14164 293 150
s 14165 419 214
s 14166 853 462
s 14167 454 243
s 14168 617 348
s 14169 31 17
s 14170 188 101
s 14171 189 110
s 14172 38 24
s 14173 666 366
s 14174 65 32
s 14175 56 26
s 14176 11 7
s 14177 245 139
s 14178 32 14
s 14179 12 4
s 14180 327 154
s 14181 251 116
s 14182 80 39
s 14183 34 21
s 14184 57 32
s 14185 441 233
s 14186 448 238
s 14187 304 168
s 14188 16 6
s 14189 354 180
s 14190 213 103
s 14191 235 133
s 14192 450 240
s 14193 134 79
s 14194 176 80
s 14199 320 167
s 14200 199 103
s 14201 280 148
s 14203 434 216
s 14206 211 129
s 14208 434 218
s 14209 22 8
s 14211 236 115
s 14215 69 35
s 14216 257 122
s 14217 68 29
s 14218 96 56
s 14225 180 86
s 14235 56 37
s 14393 50 30
s 14394 38 15
s 14395 51 27
s 14396 183 100
s 14397 31 16
s 14398 133 71
s 14399 36 14
s 14400 92 55
s 14401 16 7
s 14402 6 2
s 14403 55 27
s 14404 117 59
s 14405 138 54
s 14406 59 27
s 14407 281 157
s 14408 54 24
s 14409 19 9
s 14410 299 157
s 14411 117 58
s 14412 191 111
s 14413 33 16
s 14414 50 32
s 14415 31 15
s 14416 19 10
s 14417 26 16
s 14418 26 18
s 14419 46 24
s 14420 194 111
s 14421 263 140
s 14422 426 227
s 14423 203 122
s 14424 191 95
s 14425 3 2
s 14426 70 32
s 14427 52 21
s 14428 35 25
s 14429 134 61
s 14430 7 1
s 14431 9 7
s 14432 99 55
s 14433 173 88
s 14434 99 58
s 14435 35 19
s 14436 175 99
s 14437 149 80
s 14438 37 21
s 14439 19 11
s 14440 249 126
s 14441 195 105
s 14442 143 73
s 14443 116 58
s 14444 95 48
s 14445 40 19
s 14446 117 73
s 14447 121 53
s 14448 148 76
s 14449 47 29
s 14450 44 23
s 14455 157 91
s 14456 74 32
s 14457 124 68
s 14459 222 118
s 14462 81 41
s 14464 179 89
s 14465 86 41
s 14467 120 70
s 14471 231 116
s 14472 117 58
s 14473 91 44
s 14474 13 9
s 14481 44 15
s 14491 48 17
s 14650 13 5
s 14651 29 15
s 14652 72 37
s 14653 19 12
s 14654 88 50
s 14655 31 15
s 14656 47 24
s 14657 2 1
s 14658 1 0
s 14659 60 36
s 14660 60 33
s 14661 36 22
s 14662 76 40
s 14663 121 59
s 14664 29 16
s 14665 17 6
s 14666 219 120
s 14667 65 34
s 14668 142 88
s 14669 14 7
s 14670 26 15
s 14671 14 7
s 14672 35 21
s 14673 29 16
s 14674 19 7
s 14675 13 5
s 14676 75 32
s 14677 97 52
s 14678 261 142
s 14679 79 42
s 14680 102 56
s 14681 4 3
s 14682 42 19
s 14683 42 20
s 14684 17 11
s 14685 164 88
s 14686 16 5
s 14687 23 14
s 14688 30 18
s 14689 111 63
s 14690 30 16
s 14691 17 8
s 14692 67 32
s 14693 81 51
s 14694 21 10
s 14695 9 7
s 14696 88 54
s 14697 117 65
s 14698 103 56
s 14699 59 28
s 14700 42 19
s 14701 96 39
s 14702 55 35
s 14703 55 24
s 14704 71 46
s 14705 44 23
s 14706 39 24
s 14711 61 30
s 14712 52 24
s 14713 74 43
s 14715 110 67
s 14718 66 29
s 14720 126 64
s 14721 41 21
s 14723 51 29
s 14727 98 49
s 14728 70 38
s 14729 33 22
s 14730 39 21
s 14737 49 26
s 14747 10 6
s 14907 38 19
s 14908 96 52
s 14909 17 8
s 14910 106 56
s 14911 33 18
s 14912 41 21
s 14913 10 5
s 14914 4 1
s 14915 92 47
s 14916 41 24
s 14917 77 33
s 14918 82 35
s 14919 177 96
s 14920 32 15
s 14921 25 9
s 14922 171 97
s 14923 57 31
s 14924 187 100
s 14925 22 12
s 14926 33 16
s 14927 13 8
s 14928 34 18
s 14929 26 14
s 14930 7 3
s 14931 18 6
s 14932 95 52
s 14933 90 47
s 14934 219 104
s 14935 89 51
s 14936 118 71
s 14937 9 3
s 14938 32 22
s 14939 36 20
s 14940 15 9
s 14941 183 95
s 14942 15 9
s 14943 26 11
s 14944 48 25
s 14945 96 45
s 14946 68 24
s 14947 22 12
s 14948 64 35
s 14949 61 27
s 14950 20 8
s 14951 4 3
s 14952 148 72
s 14953 101 61
s 14954 131 66
s 14955 89 45
s 14956 58 18
s 14957 93 39
s 14958 60 31
s 14959 49 30
s 14960 62 33
s 14961 40 22
s 14962 58 27
s 14967 90 43
s 14968 74 37
s 14969 48 26
s 14971 101 59
s 14974 61 26
s 14976 127 62
s 14977 51 27
s 14979 46 23
s 14983 114 61
s 14984 76 43
s 14985 67 29
s 14986 18 9
s 14993 49 20
s 15003 18 7
s 15164 139 67
s 15165 18 7
s 15166 195 105
s 15167 62 25
s 15168 97 46
s 15169 11 6
s 15170 9 4
s 15171 108 44
s 15172 120 63
s 15173 100 49
s 15174 113 58
s 15175 276 132
s 15176 60 22
s 15177 19 4
s 15178 192 88
s 15179 97 42
s 15180 95 47
s 15181 20 10
s 15182 66 26
s 15183 34 15
s 15184 53 26
s 15185 34 16
s 15186 18 8
s 15187 42 20
s 15188 143 58
s 15189 215 82
s 15190 409 201
s 15191 198 98
s 15192 194 98
s 15193 15 8
s 15194 47 19
s 15195 80 40
s 15196 15 8
s 15197 260 124
s 15198 15 5
s 15199 28 12
s 15200 72 34
s 15201 185 90
s 15202 86 39
s 15203 39 13
s 15204 145 66
s 15205 141 61
s 15206 25 13
s 15207 17 9
s 15208 161 84
s 15209 221 122
s 15210 68 25
s 15211 91 42
s 15212 79 36
s 15213 179 69
s 15214 85 37
s 15215 169 84
s 15216 178 87
s 15217 32 12
s 15218 75 27
s 15223 144 68
s 15224 51 25
s 15225 136 64
s 15227 244 107
s 15230 51 25
s 15232 172 91
s 15233 71 34
s 15235 151 77
s 15239 171 80
s 15240 98 43
s 15241 55 27
s 15242 27 10
s 15249 82 39
s 15259 40 18
s 15421 58 32
s 15422 469 269
s 15423 166 79
s 15424 320 154
s 15425 34 15
s 15426 14 10
s 15427 375 223
s 15428 374 194
s 15429 49 21
s 15430 304 150
s 15431 723 405
s 15432 160 74
s 15433 77 38
s 15434 933 516
s 15435 370 181
s 15436 776 445
s 15437 22 12
s 15438 20 13
s 15439 105 48
s 15440 173 84
s 15441 35 18
s 15442 82 52
s 15443 108 59
s 15444 437 226
s 15445 521 259
s 15446 1312 704
s 15447 510 274
s 15448 537 305
s 15449 32 15
s 15450 244 135
s 15451 323 194
s 15452 76 44
s 15453 697 384
s 15454 59 33
s 15455 85 45
s 15456 29 11
s 15457 284 162
s 15458 48 21
s 15459 19 7
s 15460 383 201
s 15461 453 232
s 15462 88 48
s 15463 49 29
s 15464 71 37
s 15465 646 355
s 15466 497 248
s 15467 317 175
s 15468 20 12
s 15469 402 193
s 15470 148 82
s 15471 329 183
s 15472 560 327
s 15473 196 119
s 15474 207 94
s 15479 502 277
s 15480 221 112
s 15481 479 264
s 15483 684 357
s 15486 273 139
s 15488 527 290
s 15489 28 15
s 15491 385 199
s 15495 63 35
s 15496 302 157
s 15497 80 45
s 15498 124 67
s 15505 193 93
s 15515 57 34
s 15678 80 39
s 15679 33 11
s 15680 39 26
s 15681 4 2
s 15682 5 1
s 15683 41 20
s 15684 62 27
s 15685 40 20
s 15686 43 22
s 15687 123 62
s 15688 23 9
s 15689 13 6
s 15690 96 55
s 15691 49 24
s 15692 63 33
s 15693 15 9
s 15694 22 16
s 15695 20 5
s 15696 12 7
s 15697 22 17
s 15698 6 4
s 15699 22 10
s 15700 83 39
s 15701 123 65
s 15702 185 97
s 15703 89 47
s 15704 76 48
s 15705 11 4
s 15706 30 17
s 15707 35 19
s 15708 13 6
s 15709 93 48
s 15710 13 7
s 15711 9 7
s 15712 31 15
s 15713 78 40
s 15714 36 15
s 15715 16 8
s 15716 74 33
s 15717 74 37
s 15718 19 12
s 15719 10 6
s 15720 89 47
s 15721 138 68
s 15722 32 15
s 15723 47 26
s 15724 26 14
s 15725 65 30
s 15726 64 31
s 15727 75 29
s 15728 83 43
s 15729 17 8
s 15730 25 8
s 15735 75 39
s 15736 31 16
s 15737 75 40
s 15739 105 48
s 15742 17 6
s 15744 84 39
s 15745 27 14
s 15747 77 40
s 15751 102 64
s 15752 57 30
s 15753 33 16
s 15754 19 13
s 15761 35 18
s 15771 15 7
s 15935 99 41
s 15936 201 97
s 15937 56 29
s 15938 14 7
s 15939 402 243
s 15940 240 149
s 15941 383 223
s 15942 320 192
s 15943 263 127
s 15944 114 61
s 15945 65 33
s 15946 896 501
s 15947 228 128
s 15948 794 488
s 15949 77 38
s 15950 156 98
s 15951 58 26
s 15952 163 88
s 15953 94 51
s 15954 85 50
s 15955 81 45
s 15956 279 160
s 15957 391 205
s 15958 684 395
s 15959 482 284
s 15960 259 143
s 15961 35 17
s 15962 211 110
s 15963 185 112
s 15964 119 63
s 15965 757 393
s 15966 68 35
s 15967 76 34
s 15968 232 123
s 15969 433 241
s 15970 304 141
s 15971 98 49
s 15972 180 86
s 15973 271 150
s 15974 68 40
s 15975 41 27
s 15976 619 357
s 15977 337 198
s 15978 537 307
s 15979 225 129
s 15980 253 144
s 15981 430 226
s 15982 243 138
s 15983 278 155
s 15984 453 275
s 15985 192 118
s 15986 226 124
s 15991 250 142
s 15992 284 147
s 15993 257 157
s 15995 333 191
s 15998 278 144
s 16000 442 232
s 16001 216 118
s 16003 238 137
s 16007 655 399
s 16008 273 153
s 16009 199 118
s 16010 106 55
s 16017 217 112
s 16027 93 54
s 16192 85 40
s 16193 16 5
s 16194 8 3
s 16195 79 42
s 16196 105 52
s 16197 109 48
s 16198 92 43
s 16199 246 104
s 16200 42 21
s 16201 32 13
s 16202 346 168
s 16203 97 44
s 16204 266 139
s 16205 26 8
s 16206 61 28
s 16207 27 14
s 16208 34 16
s 16209 41 22
s 16210 26 19
s 16211 28 17
s 16212 168 84
s 16213 230 111
s 16214 397 181
s 16215 185 96
s 16216 172 80
s 16217 6 2
s 16218 50 22
s 16219 66 32
s 16220 19 11
s 16221 227 115
s 16222 27 14
s 16223 22 9
s 16224 92 39
s 16225 199 93
s 16226 114 51
s 16227 44 14
s 16228 117 60
s 16229 121 53
s 16230 35 15
s 16231 9 5
s 16232 215 112
s 16233 165 65
s 16234 170 67
s 16235 91 41
s 16236 72 32
s 16237 126 50
s 16238 106 65
s 16239 96 57
s 16240 132 56
s 16241 68 24
s 16242 74 42
s 16247 124 54
s 16248 106 50
s 16249 92 48
s 16251 153 77
s 16254 102 51
s 16256 184 86
s 16257 91 25
s 16259 99 40
s 16263 219 114
s 16264 88 42
s 16265 76 39
s 16266 31 18
s 16273 52 20
s 16283 38 16
s 16449 25 11
s 16450 6 2
s 16451 219 107
s 16452 82 39
s 16453 189 81
s 16454 215 96
s 16455 339 174
s 16456 62 37
s 16457 49 24
s 16458 548 270
s 16459 122 46
s 16460 362 178
s 16461 45 23
s 16462 102 53
s 16463 20 8
s 16464 83 41
s 16465 67 33
s 16466 45 25
s 16467 33 14
s 16468 185 87
s 16469 283 127
s 16470 491 246
s 16471 114 53
s 16472 273 147
s 16473 12 4
s 16474 94 53
s 16475 83 31
s 16476 51 26
s 16477 411 204
s 16478 37 15
s 16479 49 19
s 16480 137 66
s 16481 337 166
s 16482 143 63
s 16483 63 25
s 16484 173 84
s 16485 190 82
s 16486 33 12
s 16487 18 12
s 16488 349 180
s 16489 202 92
s 16490 225 117
s 16491 159 72
s 16492 137 61
s 16493 212 85
s 16494 146 68
s 16495 77 41
s 16496 87 49
s 16497 105 62
s 16498 138 59
s 16503 122 59
s 16504 152 69
s 16505 95 39
s 16507 211 106
s 16510 166 79
s 16512 247 108
s 16513 173 78
s 16515 82 36
s 16519 333 158
s 16520 144 65
s 16521 123 54
s 16522 58 27
s 16529 110 42
s 16539 42 20
s 16706 3 3
s 16707 30 17
s 16708 21 8
s 16709 19 11
s 16710 35 19
s 16711 66 29
s 16712 13 6
s 16713 5 5
s 16714 63 30
s 16715 22 12
s 16716 41 22
s 16717 9 5
s 16718 14 7
s 16719 5 1
s 16720 13 9
s 16721 8 5
s 16722 10 3
s 16723 13 9
s 16724 40 21
s 16725 48 21
s 16726 93 41
s 16727 43 15
s 16728 53 29
s 16729 2 0
s 16730 17 8
s 16731 21 9
s 16732 6 4
s 16733 56 25
s 16734 2 0
s 16735 7 4
s 16736 10 2
s 16737 43 20
s 16738 15 4
s 16739 10 3
s 16740 45 18
s 16741 40 25
s 16742 6 3
s 16743 1 0
s 16744 44 22
s 16745 44 22
s 16746 22 8
s 16747 23 12
s 16748 12 6
s 16749 41 21
s 16750 36 25
s 16751 23 12
s 16752 38 23
s 16753 9 4
s 16754 19 13
s 16759 30 19
s 16760 21 10
s 16761 54 31
s 16763 44 24
s 16766 24 11
s 16768 55 32
s 16769 10 8
s 16771 32 19
s 16775 44 30
s 16776 33 15
s 16777 18 7
s 16778 10 6
s 16785 21 10
s 16795 6 5
s 16963 22 12
s 16964 4 2
s 16965 18 7
s 16966 13 5
s 16967 26 15
s 16968 9 4
s 16969 2 0
s 16970 40 28
s 16971 4 2
s 16972 33 18
s 16973 7 3
s 16974 9 6
s 16975 3 1
s 16976 12 4
s 16977 4 1
s 16978 6 4
s 16979 1 1
s 16980 10 4
s 16981 18 5
s 16982 34 19
s 16983 7 3
s 16984 18 10
s 16985 2 0
s 16986 7 3
s 16987 8 5
s 16988 3 2
s 16989 22 14
s 16990 2 1
s 16991 4 2
s 16992 12 6
s 16993 21 16
s 16994 12 5
s 16995 5 2
s 16996 9 6
s 16997 11 6
s 16998 2 2
s 17000 26 18
s 17001 20 13
s 17002 28 16
s 17003 15 10
s 17004 7 3
s 17005 25 11
s 17006 8 5
s 17007 2 1
s 17008 7 6
s 17009 8 4
s 17010 8 6
s 17015 15 10
s 17016 16 5
s 17017 7 3
s 17019 18 7
s 17022 14 8
s 17024 19 5
s 17025 9 5
s 17027 10 5
s 17031 24 12
s 17032 8 6
s 17033 9 4
s 17034 4 2
s 17041 13 6
s 17051 3 2
s 17220 305 157
s 17221 273 146
s 17222 22 12
s 17223 604 344
s 17224 100 50
s 17225 33 14
s 17226 826 461
s 17227 309 161
s 17228 590 332
s 17229 60 33
s 17230 119 69
s 17231 82 34
s 17232 22 13
s 17233 54 31
s 17234 34 22
s 17235 81 34
s 17236 319 158
s 17237 486 261
s 17238 967 518
s 17239 438 244
s 17240 512 269
s 17241 7 4
s 17242 170 90
s 17243 94 44
s 17244 58 35
s 17245 136 81
s 17246 1 0
s 17247 8 2
s 17248 192 93
s 17249 402 201
s 17250 193 83
s 17251 70 28
s 17252 225 118
s 17253 352 182
s 17254 78 41
s 17255 36 19
s 17256 546 288
s 17257 439 232
s 17258 377 192
s 17259 209 111
s 17260 184 86
s 17261 10 5
s 17262 288 158
s 17263 273 153
s 17264 355 210
s 17265 138 80
s 17266 75 36
s 17271 365 172
s 17272 244 110
s 17273 323 173
s 17275 451 223
s 17278 232 118
s 17280 454 240
s 17281 181 89
s 17283 222 117
s 17287 505 256
s 17288 258 135
s 17289 198 105
s 17290 26 13
s 17297 62 20
s 17307 81 45
s 17477 259 114
s 17478 245 127
s 17479 472 247
s 17480 99 48
s 17481 56 30
s 17482 743 401
s 17483 114 54
s 17484 513 287
s 17485 50 24
s 17486 123 71
s 17487 29 19
s 17488 127 64
s 17489 113 47
s 17490 51 23
s 17491 50 22
s 17492 251 125
s 17493 326 156
s 17494 672 326
s 17495 148 73
s 17496 356 185
s 17497 23 10
s 17498 150 70
s 17499 105 47
s 17500 72 40
s 17501 598 305
s 17502 57 28
s 17503 70 41
s 17504 189 92
s 17505 432 205
s 17506 221 110
s 17507 96 41
s 17508 189 106
s 17509 181 88
s 17510 47 23
s 17511 35 21
s 17512 508 279
s 17513 290 155
s 17514 374 196
s 17515 207 103
s 17516 175 80
s 17517 320 149
s 17518 157 84
s 17519 111 48
s 17520 122 61
s 17521 156 76
s 17522 161 77
s 17527 184 89
s 17528 221 114
s 17529 149 81
s 17531 300 147
s 17534 233 109
s 17536 363 184
s 17537 213 90
s 17539 110 53
s 17543 416 224
s 17544 235 119
s 17545 185 91
s 17546 75 32
s 17553 153 67
s 17563 67 30
s 17734 215 97
s 17735 504 264
s 17736 116 56
s 17737 57 30
s 17738 637 302
s 17739 236 113
s 17740 590 319
s 17741 20 9
s 17742 13 6
s 17743 71 28
s 17744 102 49
s 17745 29 18
s 17746 52 20
s 17747 69 26
s 17748 299 142
s 17749 369 189
s 17750 1012 508
s 17751 431 227
s 17752 434 232
s 17753 21 10
s 17754 158 77
s 17755 129 74
s 17756 45 25
s 17757 562 284
s 17758 51 26
s 17759 64 37
s 17760 18 8
s 17761 214 103
s 17762 33 17
s 17763 11 8
s 17764 219 105
s 17765 329 157
s 17766 63 24
s 17767 34 11
s 17768 73 41
s 17769 477 254
s 17770 395 191
s 17771 208 102
s 17772 19 5
s 17773 325 142
s 17774 198 94
s 17775 242 113
s 17776 343 164
s 17777 131 76
s 17778 142 62
s 17783 341 182
s 17784 160 75
s 17785 473 249
s 17787 477 218
s 17790 212 101
s 17792 378 186
s 17793 35 17
s 17795 232 111
s 17799 91 47
s 17800 175 76
s 17801 75 46
s 17802 86 44
s 17809 144 61
s 17819 49 24
s 17991 549 297
s 17992 91 42
s 17993 54 26
s 17994 796 390
s 17995 210 110
s 17996 494 249
s 17997 67 44
s 17998 151 82
s 17999 66 29
s 18000 27 14
s 18001 58 25
s 18002 37 11
s 18003 65 36
s 18004 321 150
s 18005 448 220
s 18006 896 466
s 18007 447 238
s 18008 422 228
s 18009 4 2
s 18010 158 88
s 18011 128 74
s 18012 78 42
s 18013 147 71
s 18014 8 5
s 18015 10 4
s 18016 165 82
s 18017 434 179
s 18018 193 90
s 18019 86 44
s 18020 324 163
s 18021 353 166
s 18022 83 46
s 18023 29 17
s 18024 442 241
s 18025 432 209
s 18026 355 175
s 18027 238 130
s 18028 164 90
s 18029 24 8
s 18030 246 131
s 18031 243 135
s 18032 350 197
s 18033 129 76
s 18034 83 42
s 18039 279 145
s 18040 193 95
s 18041 289 155
s 18043 408 207
s 18046 185 97
s 18048 495 238
s 18049 218 111
s 18051 260 127
s 18055 453 237
s 18056 246 113
s 18057 142 72
s 18058 30 15
s 18065 50 23
s 18075 84 45
s 18248 199 99
s 18249 123 57
s 18250 1550 832
s 18251 494 266
s 18252 1172 670
s 18253 109 60
s 18254 225 131
s 18255 109 51
s 18256 228 116
s 18257 150 77
s 18258 139 69
s 18259 136 66
s 18260 560 263
s 18261 745 379
s 18262 1257 639
s 18263 826 444
s 18264 522 284
s 18265 60 29
s 18266 347 209
s 18267 417 239
s 18268 167 94
s 18269 1217 649
s 18270 128 69
s 18271 156 74
s 18272 340 172
s 18273 697 355
s 18274 448 222
s 18275 180 77
s 18276 373 192
s 18277 471 236
s 18278 131 69
s 18279 45 23
s 18280 879 475
s 18281 637 333
s 18282 784 433
s 18283 368 205
s 18284 322 155
s 18285 683 320
s 18286 458 240
s 18287 497 264
s 18288 656 376
s 18289 352 187
s 18290 335 181
s 18295 397 212
s 18296 426 222
s 18297 482 263
s 18299 593 283
s 18302 448 217
s 18304 858 448
s 18305 366 179
s 18307 448 235
s 18311 924 527
s 18312 405 213
s 18313 302 167
s 18314 188 101
s 18321 372 198
s 18331 143 80
s 18505 23 6
s 18506 313 147
s 18507 84 37
s 18508 245 112
s 18509 27 10
s 18510 76 38
s 18511 31 15
s 18512 38 19
s 18513 37 17
s 18514 23 8
s 18515 30 11
s 18516 123 53
s 18517 181 76
s 18518 321 148
s 18519 157 79
s 18520 161 91
s 18521 8 4
s 18522 67 34
s 18523 106 46
s 18524 32 16
s 18525 197 94
s 18526 19 9
s 18527 23 10
s 18528 87 33
s 18529 175 82
s 18530 102 50
s 18531 32 12
s 18532 124 54
s 18533 114 50
s 18534 30 19
s 18535 19 10
s 18536 224 109
s 18537 133 51
s 18538 176 84
s 18539 106 53
s 18540 105 44
s 18541 107 49
s 18542 83 41
s 18543 69 32
s 18544 112 53
s 18545 56 25
s 18546 57 26
s 18551 95 36
s 18552 123 55
s 18553 91 39
s 18555 129 58
s 18558 125 54
s 18560 194 86
s 18561 104 44
s 18563 77 36
s 18567 203 107
s 18568 115 52
s 18569 68 33
s 18570 24 13
s 18577 51 18
s 18587 36 18
s 18762 152 71
s 18763 54 21
s 18764 99 42
s 18765 12 7
s 18766 17 8
s 18767 15 10
s 18768 23 7
s 18769 26 15
s 18770 17 7
s 18771 18 7
s 18772 72 40
s 18773 88 40
s 18774 227 104
s 18775 77 40
s 18776 80 38
s 18777 3 0
s 18778 31 17
s 18779 38 17
s 18780 13 7
s 18781 109 51
s 18782 12 3
s 18783 11 5
s 18784 37 17
s 18785 78 33
s 18786 39 21
s 18787 19 9
s 18788 60 30
s 18789 80 29
s 18790 25 12
s 18791 5 1
s 18792 93 45
s 18793 92 47
s 18794 71 30
s 18795 46 21
s 18796 31 11
s 18797 39 14
s 18798 58 27
s 18799 47 15
s 18800 49 24
s 18801 21 11
s 18802 34 13
s 18807 61 28
s 18808 53 25
s 18809 46 20
s 18811 100 50
s 18814 38 16
s 18816 104 45
s 18817 39 19
s 18819 41 17
s 18823 89 46
s 18824 60 29
s 18825 43 23
s 18826 10 2
s 18833 40 21
s 18843 20 5
s 19019 667 373
s 19020 376 199
s 19021 122 69
s 19022 351 190
s 19023 253 118
s 19024 250 145
s 19025 238 123
s 19026 77 48
s 19027 254 127
s 19028 905 441
s 19029 1428 723
s 19030 2364 1239
s 19031 1044 574
s 19032 1077 574
s 19033 83 48
s 19034 199 95
s 19035 412 226
s 19036 139 74
s 19037 1472 775
s 19038 155 76
s 19039 180 86
s 19040 495 231
s 19041 1165 592
s 19042 589 285
s 19043 231 113
s 19044 846 451
s 19045 786 389
s 19046 228 117
s 19047 89 50
s 19048 1656 898
s 19049 1217 644
s 19050 255 132
s 19051 442 223
s 19052 537 266
s 19053 980 459
s 19054 611 356
s 19055 728 389
s 19056 990 521
s 19057 141 76
s 19058 335 164
s 19063 789 412
s 19064 272 126
s 19065 810 433
s 19067 1172 585
s 19070 221 115
s 19072 991 489
s 19073 616 308
s 19075 695 350
s 19079 1230 686
s 19080 555 274
s 19081 411 204
s 19082 221 104
s 19089 348 151
s 19099 250 126
s 19276 503 278
s 19277 39 20
s 19278 149 78
s 19279 44 18
s 19280 99 57
s 19281 82 44
s 19282 44 26
s 19283 40 20
s 19284 250 104
s 19285 318 137
s 19286 602 286
s 19287 173 82
s 19288 359 192
s 19289 20 9
s 19290 133 61
s 19291 100 54
s 19292 56 34
s 19293 548 285
s 19294 54 25
s 19295 65 29
s 19296 236 100
s 19297 378 188
s 19298 184 90
s 19299 60 29
s 19300 198 106
s 19301 204 106
s 19302 48 25
s 19303 24 11
s 19304 484 247
s 19305 247 115
s 19306 306 159
s 19307 170 85
s 19308 187 76
s 19309 318 139
s 19310 152 68
s 19311 121 61
s 19312 174 98
s 19313 116 56
s 19314 170 69
s 19319 185 85
s 19320 190 94
s 19321 148 68
s 19323 251 110
s 19326 172 86
s 19328 328 162
s 19329 181 89
s 19331 112 45
s 19335 481 228
s 19336 194 97
s 19337 158 77
s 19338 81 38
s 19345 117 48
s 19355 56 33
s 19533 112 60
s 19534 326 175
s 19535 162 69
s 19536 156 93
s 19537 145 86
s 19538 45 26
s 19539 191 101
s 19540 656 332
s 19541 1064 566
s 19542 1909 1016
s 19543 863 479
s 19544 908 522
s 19545 54 31
s 19546 124 61
s 19547 296 164
s 19548 117 73
s 19549 1024 559
s 19550 88 46
s 19551 103 52
s 19552 398 206
s 19553 714 414
s 19554 371 194
s 19555 155 71
s 19556 506 272
s 19557 606 305
s 19558 179 101
s 19559 83 51
s 19560 935 519
s 19561 925 515
s 19562 66 30
s 19563 287 153
s 19564 411 214
s 19565 632 295
s 19566 407 235
s 19567 521 266
s 19568 782 426
s 19569 37 18
s 19570 216 104
s 19575 758 391
s 19576 133 65
s 19577 639 343
s 19579 1042 555
s 19582 74 34
s 19584 627 320
s 19585 310 159
s 19587 557 296
s 19591 958 519
s 19592 328 165
s 19593 260 138
s 19594 169 89
s 19601 241 122
s 19611 161 87
s 19790 5 2
s 19791 17 6
s 19792 29 17
s 19793 5 3
s 19794 12 9
s 19795 13 10
s 19796 73 28
s 19797 91 45
s 19798 230 124
s 19799 95 52
s 19800 84 38
s 19801 7 3
s 19802 42 20
s 19803 40 22
s 19804 10 4
s 19805 101 45
s 19806 7 2
s 19807 10 4
s 19808 6 6
s 19809 61 35
s 19810 12 4
s 19811 4 0
s 19812 67 35
s 19813 83 41
s 19814 24 11
s 19815 11 4
s 19816 26 15
s 19817 119 68
s 19818 76 40
s 19819 52 27
s 19820 9 2
s 19821 69 31
s 19822 37 20
s 19823 64 35
s 19824 98 42
s 19825 26 15
s 19826 36 19
s 19831 78 42
s 19832 46 24
s 19833 60 31
s 19835 105 59
s 19838 43 17
s 19840 76 41
s 19841 7 4
s 19843 67 33
s 19847 24 9
s 19848 58 30
s 19849 19 10
s 19850 14 6
s 19857 38 14
s 19867 15 10
s 20047 42 20
s 20048 56 35
s 20049 19 11
s 20050 27 16
s 20051 33 18
s 20052 147 73
s 20053 199 96
s 20054 450 230
s 20055 176 99
s 20056 208 118
s 20057 13 6
s 20058 103 65
s 20059 77 32
s 20060 21 11
s 20061 286 162
s 20062 27 15
s 20063 27 14
s 20064 10 2
s 20065 108 53
s 20066 16 8
s 20067 7 4
s 20068 123 63
s 20069 172 91
s 20070 27 15
s 20071 10 6
s 20072 31 14
s 20073 263 148
s 20074 201 114
s 20075 102 53
s 20076 8 5
s 20077 176 87
s 20078 122 65
s 20079 145 84
s 20080 225 138
s 20081 79 44
s 20082 70 35
s 20087 181 89
s 20088 86 47
s 20089 160 74
s 20091 316 175
s 20094 99 44
s 20096 201 107
s 20097 10 5
s 20099 184 97
s 20103 38 17
s 20104 115 55
s 20105 29 13
s 20106 30 12
s 20113 73 41
s 20123 17 11
s 20304 30 16
s 20305 23 12
s 20306 15 11
s 20307 16 6
s 20308 70 38
s 20309 108 41
s 20310 181 76
s 20311 60 28
s 20312 97 53
s 20313 4 2
s 20314 53 26
s 20315 34 16
s 20316 8 3
s 20317 142 54
s 20318 20 8
s 20319 13 5
s 20320 63 32
s 20321 110 59
s 20322 53 26
s 20323 28 11
s 20324 52 27
s 20325 66 24
s 20326 12 6
s 20327 6 3
s 20328 139 69
s 20329 86 43
s 20330 84 46
s 20331 68 33
s 20332 71 31
s 20333 104 41
s 20334 56 32
s 20335 30 7
s 20336 48 25
s 20337 44 22
s 20338 49 13
s 20343 38 18
s 20344 71 28
s 20345 45 20
s 20347 74 26
s 20350 73 25
s 20352 97 41
s 20353 70 37
s 20355 41 17
s 20359 127 65
s 20360 66 32
s 20361 44 17
s 20362 24 11
s 20369 65 24
s 20379 31 17
s 20561 26 7
s 20562 17 11
s 20563 34 17
s 20564 147 68
s 20565 178 83
s 20566 387 187
s 20567 161 89
s 20568 163 90
s 20569 2 2
s 20570 64 31
s 20571 58 31
s 20572 11 7
s 20573 93 52
s 20574 4 1
s 20575 4 1
s 20576 84 33
s 20577 149 73
s 20578 79 44
s 20579 26 16
s 20580 174 85
s 20581 129 69
s 20582 34 20
s 20583 12 7
s 20584 162 84
s 20585 232 125
s 20586 128 59
s 20587 82 43
s 20588 67 28
s 20589 40 24
s 20590 101 66
s 20591 98 51
s 20592 153 83
s 20593 38 20
s 20594 37 19
s 20599 136 63
s 20600 80 34
s 20601 131 65
s 20603 218 101
s 20606 72 33
s 20608 191 104
s 20609 64 38
s 20611 116 51
s 20615 166 88
s 20616 86 46
s 20617 63 29
s 20618 15 7
s 20625 39 15
s 20635 30 12
s 20818 16 8
s 20819 22 13
s 20820 95 43
s 20821 123 63
s 20822 306 161
s 20823 125 69
s 20824 140 77
s 20825 2 2
s 20826 42 19
s 20827 58 28
s 20828 17 8
s 20829 119 55
s 20830 15 5
s 20831 12 4
s 20832 27 13
s 20833 88 50
s 20834 33 20
s 20835 7 4
s 20836 98 41
s 20837 110 55
s 20838 29 13
s 20839 7 4
s 20840 57 31
s 20841 130 64
s 20842 102 49
s 20843 71 41
s 20844 31 13
s 20845 63 30
s 20846 70 35
s 20847 57 27
s 20848 108 54
s 20849 38 23
s 20850 31 14
s 20855 94 52
s 20856 62 33
s 20857 106 63
s 20859 120 60
s 20862 48 27
s 20864 154 71
s 20865 28 18
s 20867 61 28
s 20871 72 39
s 20872 58 30
s 20873 29 17
s 20874 20 10
s 20881 32 17
s 20891 11 7
s 21075 17 10
s 21076 68 34
s 21077 86 49
s 21078 182 97
s 21079 82 45
s 21080 81 42
s 21081 1 0
s 21082 18 4
s 21083 24 11
s 21084 8 4
s 21085 77 43
s 21086 2 0
s 21087 9 3
s 21088 30 12
s 21089 67 35
s 21090 36 25
s 21091 12 5
s 21092 54 27
s 21093 59 32
s 21094 14 9
s 21095 8 6
s 21096 111 61
s 21097 95 51
s 21098 29 16
s 21099 30 22
s 21100 34 20
s 21101 63 32
s 21102 44 27
s 21103 62 29
s 21104 95 58
s 21105 12 6
s 21106 27 13
s 21111 65 40
s 21112 18 9
s 21113 67 35
s 21115 111 62
s 21118 17 10
s 21120 76 47
s 21121 45 22
s 21123 52 23
s 21127 99 64
s 21128 32 20
s 21129 26 18
s 21130 9 4
s 21137 27 16
s 21147 20 15
s 21332 46 21
s 21333 96 50
s 21334 236 108
s 21335 39 22
s 21336 87 40
s 21337 8 1
s 21338 45 28
s 21339 34 16
s 21340 34 15
s 21341 177 79
s 21342 17 7
s 21343 20 10
s 21344 58 23
s 21345 136 66
s 21346 44 21
s 21347 29 13
s 21348 52 23
s 21349 85 37
s 21350 18 12
s 21351 6 3
s 21352 170 74
s 21353 91 48
s 21354 106 46
s 21355 71 37
s 21356 56 22
s 21357 116 44
s 21358 70 29
s 21359 26 8
s 21360 62 32
s 21361 62 39
s 21362 57 23
s 21367 58 23
s 21368 73 28
s 21369 48 22
s 21371 92 45
s 21374 64 25
s 21376 102 34
s 21377 63 30
s 21379 52 26
s 21383 160 76
s 21384 61 28
s 21385 56 23
s 21386 21 9
s 21393 56 28
s 21403 19 10
s 21589 443 219
s 21590 1009 511
s 21591 343 175
s 21592 453 226
s 21593 29 19
s 21594 180 96
s 21595 157 72
s 21596 80 47
s 21597 765 378
s 21598 75 39
s 21599 85 45
s 21600 219 107
s 21601 491 232
s 21602 263 104
s 21603 109 43
s 21604 267 135
s 21605 358 166
s 21606 79 35
s 21607 25 13
s 21608 624 311
s 21609 436 216
s 21610 446 204
s 21611 248 123
s 21612 249 115
s 21613 411 167
s 21614 261 125
s 21615 195 103
s 21616 263 129
s 21617 178 76
s 21618 226 107
s 21623 311 154
s 21624 279 119
s 21625 281 123
s 21627 424 201
s 21630 296 137
s 21632 540 252
s 21633 224 107
s 21635 223 109
s 21639 508 266
s 21640 282 131
s 21641 186 81
s 21642 132 64
s 21649 222 102
s 21659 85 42
s 21846 1472 709
s 21847 480 237
s 21848 640 332
s 21849 38 24
s 21850 374 189
s 21851 242 121
s 21852 108 56
s 21853 984 458
s 21854 118 51
s 21855 105 53
s 21856 274 133
s 21857 639 309
s 21858 281 120
s 21859 118 54
s 21860 360 169
s 21861 468 207
s 21862 83 40
s 21863 55 29
s 21864 720 356
s 21865 653 320
s 21866 703 303
s 21867 366 176
s 21868 246 111
s 21869 578 225
s 21870 389 204
s 21871 277 132
s 21872 406 199
s 21873 296 166
s 21874 256 114
s 21879 509 261
s 21880 372 162
s 21881 361 182
s 21883 643 298
s 21886 433 227
s 21888 698 332
s 21889 290 128
s 21891 296 149
s 21895 685 345
s 21896 364 172
s 21897 271 137
s 21898 165 79
s 21905 279 106
s 21915 121 47
s 22103 1023 501
s 22104 1060 555
s 22105 107 58
s 22106 473 241
s 22107 459 230
s 22108 195 108
s 22109 2036 1047
s 22110 185 87
s 22111 240 120
s 22112 709 347
s 22113 1595 796
s 22114 800 411
s 22115 313 141
s 22116 803 396
s 22117 745 357
s 22118 267 139
s 22119 127 67
s 22120 1744 871
s 22121 988 511
s 22122 1158 586
s 22123 658 344
s 22124 857 414
s 22125 1137 516
s 22126 638 337
s 22127 642 329
s 22128 994 512
s 22129 476 274
s 22130 640 314
s 22135 685 355
s 22136 753 352
s 22137 670 383
s 22139 905 433
s 22142 779 379
s 22144 1186 563
s 22145 728 379
s 22147 613 304
s 22151 1767 943
s 22152 740 382
s 22153 625 289
s 22154 273 135
s 22161 497 234
s 22171 288 136
s 22360 552 291
s 22361 33 16
s 22362 232 125
s 22363 138 68
s 22364 84 48
s 22365 972 500
s 22366 70 37
s 22367 98 41
s 22368 307 162
s 22369 618 306
s 22370 293 152
s 22371 145 75
s 22372 317 170
s 22373 360 172
s 22374 73 44
s 22375 32 10
s 22376 709 354
s 22377 384 205
s 22378 599 294
s 22379 338 171
s 22380 277 131
s 22381 545 267
s 22382 307 150
s 22383 117 52
s 22384 179 83
s 22385 197 117
s 22386 274 148
s 22391 248 118
s 22392 348 173
s 22393 149 73
s 22395 392 177
s 22398 337 173
s 22400 558 288
s 22401 318 140
s 22403 156 81
s 22407 769 416
s 22408 315 164
s 22409 252 121
s 22410 89 45
s 22417 245 110
s 22427 106 55
s 22617 46 29
s 22618 239 133
s 22619 245 124
s 22620 87 46
s 22621 965 528
s 22622 91 53
s 22623 107 62
s 22624 296 150
s 22625 573 300
s 22626 320 161
s 22627 129 63
s 22628 279 137
s 22629 379 189
s 22630 111 62
s 22631 60 40
s 22632 805 433
s 22633 478 253
s 22634 550 309
s 22635 273 153
s 22636 291 146
s 22637 535 265
s 22638 317 177
s 22639 354 194
s 22640 544 302
s 22641 190 106
s 22642 262 130
s 22647 388 212
s 22648 310 158
s 22649 347 185
s 22651 498 259
s 22654 307 155
s 22656 613 316
s 22657 284 142
s 22659 312 175
s 22663 797 464
s 22664 305 170
s 22665 285 152
s 22666 129 79
s 22673 251 124
s 22683 126 60
s 22874 14 5
s 22875 15 9
s 22876 8 6
s 22877 22 13
s 22880 13 7
s 22881 31 14
s 22882 19 11
s 22883 7 1
s 22884 19 11
s 22885 37 20
s 22886 8 5
s 22887 2 1
s 22888 33 13
s 22889 60 33
s 22890 43 17
s 22891 23 14
s 22892 13 7
s 22893 5 2
s 22894 22 11
s 22895 30 15
s 22896 31 18
s 22897 12 6
s 22898 14 9
s 22903 37 22
s 22904 24 10
s 22905 16 9
s 22907 44 24
s 22910 16 2
s 22912 35 17
s 22913 19 12
s 22915 20 8
s 22919 42 26
s 22920 25 11
s 22921 23 12
s 22929 9 5
s 22939 7 4
s 23131 109 57
s 23132 45 23
s 23133 329 189
s 23134 43 21
s 23135 44 18
s 23136 96 46
s 23137 236 130
s 23138 135 73
s 23139 69 37
s 23140 187 104
s 23141 161 82
s 23142 42 19
s 23143 21 11
s 23144 284 149
s 23145 281 142
s 23146 119 70
s 23147 105 55
s 23148 119 58
s 23149 270 126
s 23150 122 72
s 23151 140 78
s 23152 265 152
s 23153 42 22
s 23154 73 40
s 23159 176 97
s 23160 86 44
s 23161 187 108
s 23163 225 104
s 23166 60 30
s 23168 179 89
s 23169 105 55
s 23171 181 93
s 23175 305 172
s 23176 143 79
s 23177 92 38
s 23178 46 20
s 23185 88 46
s 23195 76 46
s 23388 40 25
s 23389 420 240
s 23390 22 8
s 23391 28 17
s 23392 102 45
s 23393 237 131
s 23394 141 63
s 23395 70 27
s 23396 162 81
s 23397 179 97
s 23398 40 25
s 23399 15 10
s 23400 284 154
s 23401 292 160
s 23402 182 99
s 23403 124 65
s 23404 83 45
s 23405 149 68
s 23406 112 71
s 23407 102 62
s 23408 145 73
s 23409 78 40
s 23410 80 43
s 23415 184 107
s 23416 117 65
s 23417 137 69
s 23419 247 133
s 23422 113 61
s 23424 236 112
s 23425 108 46
s 23427 127 69
s 23431 300 160
s 23432 231 129
s 23433 104 57
s 23434 113 65
s 23441 92 43
s 23451 103 53
s 23645 138 86
s 23646 17 9
s 23647 11 6
s 23648 22 13
s 23649 78 35
s 23650 28 16
s 23651 8 4
s 23652 75 37
s 23653 56 34
s 23654 19 13
s 23655 8 3
s 23656 71 43
s 23657 124 67
s 23658 87 58
s 23659 64 39
s 23660 31 15
s 23661 102 45
s 23662 62 32
s 23663 57 29
s 23664 94 57
s 23665 32 17
s 23666 37 27
s 23671 78 44
s 23672 56 23
s 23673 89 46
s 23675 103 59
s 23678 39 19
s 23680 93 51
s 23681 24 14
s 23683 71 39
s 23687 75 36
s 23688 61 30
s 23689 31 12
s 23690 18 13
s 23697 42 17
s 23707 13 5
s 23902 24 14
s 23903 47 23
s 23904 375 186
s 23905 809 425
s 23906 465 216
s 23907 162 79
s 23908 554 258
s 23909 710 357
s 23910 163 81
s 23911 77 47
s 23912 1021 529
s 23913 975 524
s 23914 658 329
s 23915 482 260
s 23916 398 196
s 23917 173 67
s 23918 488 237
s 23919 501 247
s 23920 750 399
s 23921 230 127
s 23922 200 93
s 23927 723 378
s 23928 356 161
s 23929 657 364
s 23931 1001 495
s 23934 430 227
s 23936 954 460
s 23937 382 170
s 23939 494 241
s 23943 917 516
s 23944 468 235
s 23945 345 166
s 23946 74 40
s 23953 151 84
s 23963 184 89
s 24159 6 1
s 24160 27 10
s 24161 98 55
s 24162 30 13
s 24163 17 7
s 24164 61 32
s 24165 64 34
s 24166 19 6
s 24167 10 6
s 24168 101 40
s 24169 91 41
s 24170 70 35
s 24171 46 25
s 24172 37 15
s 24173 6 2
s 24174 48 21
s 24175 49 20
s 24176 51 20
s 24177 23 12
s 24178 11 3
s 24183 64 31
s 24184 46 19
s 24185 59 39
s 24187 92 38
s 24190 39 20
s 24192 84 39
s 24193 33 15
s 24195 56 15
s 24199 70 30
s 24200 49 25
s 24201 32 11
s 24202 2 1
s 24209 9 4
s 24219 16 9
s 24416 44 24
s 24417 115 73
s 24418 46 21
s 24419 21 12
s 24420 74 41
s 24421 74 36
s 24422 18 9
s 24423 7 3
s 24424 106 54
s 24425 115 62
s 24426 72 40
s 24427 70 35
s 24428 44 20
s 24429 6 0
s 24430 54 32
s 24431 42 23
s 24432 68 37
s 24433 24 17
s 24434 14 8
s 24439 69 39
s 24440 49 26
s 24441 74 35
s 24443 102 44
s 24446 50 27
s 24448 99 49
s 24449 45 23
s 24451 56 28
s 24455 92 42
s 24456 55 27
s 24457 41 16
s 24458 5 2
s 24465 8 3
s 24475 23 11
s 24673 149 68
s 24674 21 6
s 24675 5 1
s 24676 187 83
s 24677 274 116
s 24678 46 22
s 24679 20 12
s 24680 34 19
s 24681 335 163
s 24682 252 133
s 24683 137 65
s 24684 7 2
s 24685 240 88
s 24686 148 64
s 24687 164 74
s 24688 244 120
s 24689 111 60
s 24690 126 52
s 24695 238 117
s 24696 107 45
s 24697 208 105
s 24699 343 159
s 24702 128 56
s 24704 265 115
s 24705 12 6
s 24707 167 80
s 24711 42 20
s 24712 161 69
s 24713 37 16
s 24714 47 24
s 24721 126 50
s 24731 35 13
s 24930 208 97
s 24931 68 30
s 24932 430 212
s 24933 482 231
s 24934 107 46
s 24935 40 15
s 24936 415 211
s 24937 1106 585
s 24938 452 219
s 24939 302 149
s 24940 156 85
s 24941 574 266
s 24942 449 238
s 24943 373 185
s 24944 558 285
s 24945 248 123
s 24946 266 126
s 24951 503 236
s 24952 251 113
s 24953 418 234
s 24955 612 269
s 24958 285 137
s 24960 744 363
s 24961 168 83
s 24963 399 186
s 24967 444 226
s 24968 345 168
s 24969 183 92
s 24970 134 71
s 24977 267 117
s 24987 85 56
s 25187 7 4
s 25188 232 105
s 25189 216 92
s 25190 42 17
s 25191 25 15
s 25192 87 35
s 25193 406 187
s 25194 236 105
s 25195 149 70
s 25196 25 10
s 25197 282 129
s 25198 151 75
s 25199 217 109
s 25200 311 150
s 25201 115 58
s 25202 139 61
s 25207 275 133
s 25208 109 49
s 25209 243 115
s 25211 352 144
s 25214 145 56
s 25216 332 145
s 25217 39 18
s 25219 240 114
s 25223 78 37
s 25224 166 72
s 25225 52 23
s 25226 68 24
s 25233 115 37
s 25243 47 21
s 25444 93 50
s 25445 122 48
s 25446 24 13
s 25447 7 4
s 25448 27 15
s 25449 150 65
s 25450 113 48
s 25451 78 41
s 25452 2 2
s 25453 99 31
s 25454 54 28
s 25455 90 45
s 25456 113 60
s 25457 48 24
s 25458 48 20
s 25463 109 50
s 25464 54 24
s 25465 78 41
s 25467 169 76
s 25470 67 32
s 25472 132 61
s 25473 13 6
s 25475 85 39
s 25479 25 6
s 25480 64 28
s 25481 19 10
s 25482 19 9
s 25489 46 16
s 25499 13 6
s 25701 253 119
s 25702 49 29
s 25703 28 13
s 25704 479 244
s 25705 337 177
s 25706 375 182
s 25707 214 108
s 25708 192 104
s 25709 442 229
s 25710 221 128
s 25711 163 80
s 25712 234 131
s 25713 163 84
s 25714 191 85
s 25719 217 103
s 25720 248 124
s 25721 184 105
s 25723 296 141
s 25726 246 119
s 25728 430 223
s 25729 187 79
s 25731 186 95
s 25735 543 309
s 25736 241 132
s 25737 158 72
s 25738 119 62
s 25745 153 57
s 25755 91 45
s 25958 61 25
s 25959 35 22
s 25960 1257 655
s 25961 368 179
s 25962 447 216
s 25963 225 117
s 25964 223 86
s 25965 381 162
s 25966 225 122
s 25967 190 86
s 25968 281 140
s 25969 180 84
s 25970 211 90
s 25975 213 107
s 25976 245 111
s 25977 230 109
s 25979 366 168
s 25982 250 117
s 25984 417 213
s 25985 247 106
s 25987 194 96
s 25991 538 265
s 25992 241 115
s 25993 236 121
s 25994 108 54
s 26001 205 82
s 26011 87 48
s 26215 8 2
s 26216 146 84
s 26217 89 48
s 26218 123 67
s 26219 72 37
s 26220 36 16
s 26221 74 38
s 26222 50 26
s 26223 37 14
s 26224 49 28
s 26225 36 21
s 26226 44 23
s 26231 68 23
s 26232 59 21
s 26233 46 23
s 26235 106 48
s 26238 64 34
s 26240 126 54
s 26241 43 22
s 26243 44 22
s 26247 112 63
s 26248 51 24
s 26249 51 24
s 26250 24 9
s 26257 48 24
s 26267 20 12
s 26472 42 23
s 26473 50 26
s 26474 57 25
s 26475 23 9
s 26476 16 7
s 26477 45 20
s 26478 31 19
s 26479 19 11
s 26480 19 9
s 26481 17 7
s 26482 13 7
s 26487 30 17
s 26488 25 11
s 26489 21 13
s 26491 52 29
s 26494 37 21
s 26496 48 18
s 26497 16 9
s 26499 29 18
s 26503 41 20
s 26504 19 11
s 26505 27 17
s 26506 13 7
s 26513 15 9
s 26523 3 3
s 26729 883 462
s 26730 612 342
s 26731 341 199
s 26732 26 15
s 26733 553 248
s 26734 357 208
s 26735 478 235
s 26736 599 309
s 26737 233 137
s 26738 290 137
s 26743 527 266
s 26744 231 110
s 26745 600 305
s 26747 893 432
s 26750 357 184
s 26752 822 412
s 26753 57 22
s 26755 477 245
s 26759 137 67
s 26760 356 173
s 26761 102 55
s 26762 145 68
s 26769 255 119
s 26779 84 45
s 26986 664 359
s 26987 363 183
s 26988 301 136
s 26989 640 284
s 26990 294 138
s 26991 297 152
s 26992 427 226
s 26993 290 166
s 26994 254 132
s 26999 317 168
s 27000 363 166
s 27001 331 156
s 27003 477 233
s 27006 377 189
s 27008 515 258
s 27009 333 140
s 27011 320 147
s 27015 766 390
s 27016 373 187
s 27017 294 154
s 27018 127 55
s 27025 295 139
s 27035 142 75
s 27243 184 81
s 27244 227 116
s 27245 455 204
s 27246 286 130
s 27247 341 164
s 27248 557 308
s 27249 25 16
s 27250 126 56
s 27255 498 234
s 27256 94 41
s 27257 401 216
s 27259 704 349
s 27262 43 25
s 27264 473 235
s 27265 230 92
s 27267 395 192
s 27271 624 338
s 27272 201 96
s 27273 161 78
s 27274 126 66
s 27281 144 66
s 27291 161 91
s 27500 125 53
s 27501 312 149
s 27502 196 96
s 27503 185 99
s 27504 295 162
s 27505 83 49
s 27506 119 57
s 27511 275 146
s 27512 142 58
s 27513 234 131
s 27515 329 162
s 27518 116 54
s 27520 314 161
s 27521 124 56
s 27523 228 117
s 27527 388 203
s 27528 179 84
s 27529 120 75
s 27530 73 40
s 27537 144 73
s 27547 77 45
s 27757 203 70
s 27758 115 55
s 27759 148 78
s 27760 209 100
s 27761 82 43
s 27762 129 65
s 27767 222 107
s 27768 98 46
s 27769 184 86
s 27771 326 142
s 27774 126 53
s 27776 287 127
s 27777 23 11
s 27779 177 79
s 27783 26 12
s 27784 120 59
s 27785 37 21
s 27786 51 26
s 27793 93 35
s 27803 39 14
s 28014 324 157
s 28015 362 176
s 28016 526 254
s 28017 192 96
s 28018 95 42
s 28023 415 184
s 28024 293 140
s 28025 352 161
s 28027 578 256
s 28030 265 140
s 28032 522 234
s 28033 220 91
s 28035 371 180
s 28039 564 274
s 28040 298 136
s 28041 233 103
s 28042 25 10
s 28049 71 33
s 28059 107 41
s 28271 166 80
s 28272 264 147
s 28273 111 63
s 28274 140 80
s 28279 240 123
s 28280 169 88
s 28281 214 105
s 28283 299 137
s 28286 166 85
s 28288 318 160
s 28289 171 93
s 28291 205 82
s 28295 359 190
s 28296 202 107
s 28297 118 67
s 28298 69 41
s 28305 127 62
s 28315 65 34
s 28528 121 60
s 28529 159 90
s 28530 145 74
s 28535 164 92
s 28536 189 93
s 28537 131 74
s 28539 284 136
s 28542 174 88
s 28544 301 158
s 28545 178 84
s 28547 98 43
s 28551 439 230
s 28552 207 102
s 28553 193 105
s 28554 69 33
s 28561 152 79
s 28571 61 33
s 28785 214 122
s 28786 204 109
s 28791 302 169
s 28792 320 150
s 28793 198 113
s 28795 400 195
s 28798 299 136
s 28800 431 216
s 28801 259 127
s 28803 224 116
s 28807 621 331
s 28808 277 145
s 28809 233 114
s 28810 102 42
s 28817 250 119
s 28827 113 67
s 29042 52 29
s 29047 165 98
s 29048 47 25
s 29049 188 111
s 29051 255 135
s 29054 23 10
s 29056 181 89
s 29057 100 47
s 29059 171 89
s 29063 271 150
s 29064 105 46
s 29065 72 37
s 29066 43 20
s 29073 67 32
s 29083 51 25
s 29303 205 94
s 29304 126 62
s 29305 163 83
s 29307 298 134
s 29310 97 49
s 29312 294 135
s 29313 130 55
s 29315 149 66
s 29319 256 142
s 29320 142 53
s 29321 84 40
s 29322 30 13
s 29329 48 21
s 29339 58 27
s 30584 284 127
s 30585 159 78
s 30587 295 146
s 30590 295 137
s 30592 381 196
s 30593 254 111
s 30595 179 95
s 30599 616 343
s 30600 239 126
s 30601 249 123
s 30602 80 45
s 30609 203 98
s 30619 100 42
s 30841 215 106
s 30843 385 177
s 30846 90 43
s 30848 303 142
s 30849 128 56
s 30851 232 113
s 30855 257 129
s 30856 143 58
s 30857 85 29
s 30858 64 35
s 30865 94 41
s 30875 54 32
s 31099 268 138
s 31102 221 114
s 31104 301 178
s 31105 174 84
s 31107 161 85
s 31111 545 303
s 31112 278 152
s 31113 300 158
s 31114 79 41
s 31121 197 103
s 31131 59 38
s 31614 402 182
s 31616 521 230
s 31617 315 140
s 31619 280 123
s 31623 715 332
s 31624 312 138
s 31625 299 143
s 31626 108 59
s 31633 257 126
s 31643 144 75
s 32384 341 175
s 32385 158 79
s 32387 192 103
s 32391 342 185
s 32392 165 71
s 32393 90 53
s 32394 77 39
s 32401 96 41
s 32411 51 28
s 32897 432 206
s 32899 345 165
s 32903 739 378
s 32904 365 179
s 32905 260 129
s 32906 140 73
s 32913 255 105
s 32923 106 48
s 33155 183 81
s 33159 58 33
s 33160 129 59
s 33161 35 17
s 33162 64 24
s 33169 113 56
s 33179 32 17
s 33671 480 237
s 33672 207 105
s 33673 187 87
s 33674 65 38
s 33681 160 74
s 33691 64 28
s 34696 357 185
s 34697 122 72
s 34698 151 68
s 34705 268 128
s 34715 75 42
s 34953 139 71
s 34954 85 43
s 34961 105 42
s 34971 60 34
s 35210 55 29
s 35217 92 49
s 35227 53 27
s 35473 19 6
s 35483 36 23
s 37275 59 24
