n 100000
b 1 11642 5821
b 2 13505 6546
b 3 3446 1747
b 4 1473 736
b 5 10902 5457
b 6 13516 5878
b 7 14554 7321
b 8 15040 7889
b 9 15944 7915
b 10 4459 2175
b 11 6446 2524
b 12 12413 6433
b 13 4377 2136
b 14 28915 14498
b 15 5033 2540
b 16 2214 1049
b 17 6525 3178
b 18 14000 7363
b 19 9098 4069
b 20 6341 3219
b 21 19264 9560
b 22 10502 5130
b 23 3860 1869
b 25 13406 6243
b 26 19967 9699
b 27 11966 6098
b 28 4649 2200
b 29 14510 6783
b 30 10999 5447
b 31 11675 6030
b 32 3304 1750
b 33 5779 3233
b 34 5090 2561
b 35 7460 3553
b 36 13793 6819
b 37 3473 1689
b 38 2149 1050
b 39 8283 3896
b 40 3213 1532
b 41 5260 2687
b 42 6204 3273
b 43 6105 2982
b 44 4979 2482
b 45 3483 1854
b 46 4439 2058
b 47 5171 2504
b 48 16218 8227
b 49 18505 9734
b 50 4935 2623
b 51 3650 1817
b 52 3262 1751
b 53 8516 3918
b 54 15084 7821
b 55 9737 5052
b 56 3609 1911
b 57 2177 1170
b 58 2704 1349
b 59 4172 1971
b 60 10197 5348
b 61 1742 882
b 62 12435 6995
b 63 3495 1716
b 64 4859 2252
b 65 1093 540
b 66 501 235
b 67 6767 3522
b 68 6813 3303
b 69 8262 4069
b 70 6705 3432
b 71 16916 8871
b 72 3438 1581
b 73 1629 720
b 74 20907 10831
b 75 6699 3237
b 76 16244 8760
b 77 1944 1038
b 78 4410 2319
b 79 2217 1033
b 80 3182 1596
b 81 2046 1044
b 82 1626 883
b 83 2296 1087
b 84 8353 4051
b 85 14118 6745
b 86 26688 13572
b 87 11929 6082
b 88 12883 6823
b 89 812 396
b 90 5370 2809
b 91 5141 2705
b 92 2349 1272
b 93 15649 8058
b 94 1210 575
b 95 1572 753
b 96 4613 2217
b 97 11494 5736
b 98 6344 2985
b 99 1896 858
b 100 8691 4250
b 101 9059 4422
b 102 2099 1053
b 103 1127 609
b 104 12099 6232
b 105 12760 6504
b 106 11972 5954
b 107 7486 3861
b 108 4719 2195
b 109 10057 4702
b 110 7689 3979
b 111 6994 3593
b 112 11563 6039
b 113 3979 2091
b 114 4745 2277
b 119 10219 5160
b 120 6575 3044
b 121 8536 4381
b 123 13515 6456
b 126 6896 3372
b 128 12520 6158
b 129 5279 2488
b 131 8036 3897
b 135 12885 6668
b 136 7292 3556
b 137 5105 2574
b 138 2405 1175
b 145 4462 2041
b 155 2997 1518
v 258 621 288
v 259 214 104
v 260 93 47
v 261 628 311
v 262 800 455
v 263 759 319
v 264 861 428
v 265 819 393
v 266 330 168
v 267 379 225
v 268 801 423
v 269 301 151
v 270 1583 792
v 271 299 176
v 272 137 75
v 273 308 183
v 274 829 380
v 275 486 261
v 276 401 195
v 277 1045 527
v 278 815 414
v 279 228 123
v 281 762 429
v 282 1160 576
v 283 692 340
v 284 265 132
v 285 880 499
v 286 641 332
v 287 779 368
v 288 182 84
v 289 273 119
v 290 418 216
v 291 394 195
v 292 772 415
v 293 220 107
v 294 129 65
v 295 447 247
v 296 178 95
v 297 348 171
v 298 444 224
v 299 370 201
v 300 368 176
v 301 259 123
v 302 274 142
v 303 239 113
v 304 1083 507
v 305 1096 538
v 306 352 168
v 307 195 92
v 308 186 91
v 309 503 279
v 310 867 438
v 311 645 311
v 312 204 98
v 313 140 69
v 314 102 43
v 315 313 144
v 316 514 222
v 317 122 66
v 318 588 264
v 319 198 110
v 320 268 152
v 321 65 34
v 322 23 15
v 323 370 174
v 324 457 243
v 325 485 254
v 326 454 203
v 327 748 349
v 328 214 117
v 329 99 55
v 330 1407 667
v 331 381 187
v 332 1072 514
v 333 83 41
v 334 275 152
v 335 137 77
v 336 192 82
v 337 94 46
v 338 155 59
v 339 113 57
v 340 602 338
v 341 751 400
v 342 1691 836
v 343 590 277
v 344 644 282
v 345 44 23
v 346 399 200
v 347 336 161
v 348 150 71
v 349 1022 474
v 350 89 57
v 351 102 44
v 352 231 114
v 353 636 319
v 354 378 190
v 355 110 63
v 356 479 251
v 357 745 381
v 358 126 72
v 359 51 24
v 360 671 300
v 361 766 380
v 362 614 319
v 363 378 166
v 364 250 134
v 365 681 367
v 366 350 165
v 367 531 277
v 368 917 447
v 369 278 141
v 370 268 120
v 375 547 259
v 376 394 224
v 377 557 282
v 379 637 336
v 382 330 167
v 384 686 326
v 385 330 181
v 387 474 247
v 391 687 328
v 392 362 177
v 393 299 140
v 394 140 70
v 401 244 127
v 411 212 123
v 515 202 100
v 516 87 43
v 517 755 387
v 518 878 481
v 519 1042 520
v 520 1004 477
v 521 1083 518
v 522 252 131
v 523 436 246
v 524 716 351
v 525 271 127
v 526 1854 849
v 527 382 176
v 528 159 81
v 529 424 205
v 530 937 405
v 531 644 347
v 532 407 182
v 533 1461 754
v 534 668 304
v 535 280 129
v 537 933 510
v 538 1457 746
v 539 839 390
v 540 331 161
v 541 1082 565
v 542 659 300
v 543 761 343
v 544 221 102
v 545 391 152
v 546 329 156
v 547 509 280
v 548 1112 526
v 549 217 121
v 550 146 77
v 551 598 317
v 552 195 90
v 553 330 155
v 554 500 243
v 555 421 206
v 556 316 167
v 557 195 90
v 558 306 169
v 559 384 189
v 560 1022 452
v 561 1310 608
v 562 787 358
v 563 245 119
v 564 193 87
v 565 559 291
v 566 1258 551
v 567 677 343
v 568 255 119
v 569 135 70
v 570 201 95
v 571 227 107
v 572 737 328
v 573 89 51
v 574 836 334
v 575 279 142
v 576 301 170
v 577 66 27
v 578 30 17
v 579 548 220
v 580 397 180
v 581 570 273
v 582 584 272
v 583 1077 506
v 584 205 109
v 585 130 70
v 586 1426 677
v 587 421 219
v 588 1169 502
v 589 134 55
v 590 293 133
v 591 118 58
v 592 208 102
v 593 146 78
v 594 100 40
v 595 146 81
v 596 554 292
v 597 916 446
v 598 1977 947
v 599 794 383
v 600 926 441
v 601 45 26
v 602 295 129
v 603 298 139
v 604 150 66
v 605 1054 498
v 606 100 48
v 607 85 45
v 608 322 161
v 609 814 397
v 610 458 227
v 611 121 54
v 612 545 289
v 613 594 301
v 614 136 64
v 615 59 30
v 616 957 451
v 617 787 384
v 618 849 413
v 619 496 223
v 620 332 175
v 621 527 302
v 622 471 231
v 623 540 238
v 624 671 316
v 625 248 121
v 626 419 216
v 631 732 363
v 632 461 247
v 633 541 240
v 635 916 475
v 638 487 238
v 640 878 435
v 641 424 213
v 643 452 227
v 647 988 468
v 648 500 249
v 649 358 189
v 650 133 69
v 657 270 147
v 667 171 72
v 772 29 16
v 773 165 82
v 774 214 119
v 775 260 123
v 776 202 93
v 777 291 157
v 778 52 27
v 779 115 69
v 780 308 153
v 781 72 44
v 782 494 223
v 783 68 36
v 784 28 20
v 785 108 61
v 786 225 111
v 787 188 105
v 788 121 71
v 789 305 156
v 790 181 92
v 791 73 44
v 793 221 118
v 794 318 157
v 795 191 105
v 796 72 36
v 797 309 156
v 798 182 97
v 799 179 85
v 800 52 24
v 801 119 55
v 802 89 43
v 803 130 62
v 804 193 91
v 805 55 29
v 806 67 35
v 807 111 59
v 808 62 35
v 809 49 24
v 810 99 47
v 811 105 65
v 812 69 41
v 813 49 19
v 814 75 41
v 815 68 40
v 816 286 147
v 817 298 151
v 818 95 49
v 819 76 40
v 820 51 28
v 821 136 74
v 822 170 95
v 823 173 92
v 824 61 30
v 825 43 20
v 826 38 23
v 827 57 29
v 828 191 96
v 829 39 17
v 830 240 111
v 831 61 26
v 832 84 39
v 833 23 13
v 834 9 4
v 835 176 81
v 836 144 76
v 837 117 60
v 838 145 70
v 839 318 170
v 840 46 26
v 841 25 13
v 842 354 174
v 843 146 79
v 844 329 148
v 845 73 36
v 846 84 35
v 847 54 31
v 848 67 28
v 849 39 19
v 850 38 17
v 851 40 21
v 852 123 70
v 853 259 139
v 854 461 228
v 855 197 102
v 856 204 88
v 857 23 11
v 858 100 57
v 859 88 47
v 860 47 22
v 861 299 133
v 862 16 7
v 863 16 6
v 864 74 43
v 865 217 108
v 866 93 58
v 867 28 17
v 868 156 85
v 869 137 68
v 870 56 33
v 871 11 5
v 872 176 90
v 873 221 105
v 874 151 82
v 875 161 82
v 876 79 43
v 877 250 123
v 878 116 61
v 879 124 57
v 880 267 129
v 881 78 36
v 882 61 29
v 887 159 82
v 888 99 47
v 889 156 81
v 891 243 130
v 894 127 73
v 896 190 91
v 897 81 44
v 899 172 79
v 903 247 111
v 904 121 66
v 905 80 38
v 906 28 11
v 913 75 46
v 923 58 26
v 1029 87 40
v 1030 68 31
v 1031 121 69
v 1032 97 41
v 1033 117 49
v 1034 26 14
v 1035 40 23
v 1036 91 40
v 1037 43 24
v 1038 200 98
v 1039 42 18
v 1040 18 6
v 1041 62 19
v 1042 78 39
v 1043 61 37
v 1044 56 35
v 1045 166 83
v 1046 63 34
v 1047 36 12
v 1049 108 57
v 1050 145 76
v 1051 99 55
v 1052 25 12
v 1053 91 51
v 1054 75 31
v 1055 83 44
v 1056 36 17
v 1057 42 17
v 1058 27 10
v 1059 58 36
v 1060 95 48
v 1061 24 11
v 1062 6 3
v 1063 65 30
v 1064 26 14
v 1065 35 16
v 1066 43 24
v 1067 54 28
v 1068 26 12
v 1069 27 6
v 1070 27 9
v 1071 40 16
v 1072 126 59
v 1073 129 70
v 1074 24 8
v 1075 29 16
v 1076 21 12
v 1077 48 22
v 1078 102 51
v 1079 75 33
v 1080 23 9
v 1081 12 5
v 1082 18 7
v 1083 34 25
v 1084 119 57
v 1085 12 6
v 1086 94 45
v 1087 35 16
v 1088 37 24
v 1089 14 6
v 1090 4 2
v 1091 52 28
v 1092 38 21
v 1093 55 26
v 1094 47 28
v 1095 130 58
v 1096 24 15
v 1097 16 7
v 1098 128 67
v 1099 50 24
v 1100 98 50
v 1101 19 8
v 1102 26 9
v 1103 13 9
v 1104 20 12
v 1105 22 14
v 1106 12 10
v 1107 14 9
v 1108 69 44
v 1109 101 50
v 1110 179 82
v 1111 100 54
v 1112 93 48
v 1113 3 1
v 1114 37 17
v 1115 36 13
v 1116 19 10
v 1117 294 140
v 1118 17 9
v 1119 5 4
v 1120 32 22
v 1121 78 31
v 1122 46 30
v 1123 12 7
v 1124 70 31
v 1125 51 23
v 1126 19 11
v 1127 6 2
v 1128 84 33
v 1129 65 32
v 1130 81 46
v 1131 56 27
v 1132 24 11
v 1133 67 36
v 1134 40 17
v 1135 43 24
v 1136 92 49
v 1137 25 10
v 1138 31 16
v 1143 71 23
v 1144 111 71
v 1145 65 35
v 1147 103 49
v 1150 56 28
v 1152 80 48
v 1153 36 17
v 1155 64 38
v 1159 92 52
v 1160 47 30
v 1161 31 14
v 1162 15 5
v 1169 25 13
v 1179 36 21
v 1286 772 458
v 1287 770 392
v 1288 1036 459
v 1289 920 482
v 1290 274 132
v 1291 360 227
v 1292 501 248
v 1293 269 125
v 1294 1634 757
v 1295 271 143
v 1296 134 65
v 1297 329 178
v 1298 770 389
v 1299 506 275
v 1300 353 176
v 1301 1087 560
v 1302 615 290
v 1303 210 103
v 1305 740 380
v 1306 1170 588
v 1307 737 360
v 1308 220 111
v 1309 785 441
v 1310 656 339
v 1311 680 343
v 1312 212 99
v 1313 322 134
v 1314 263 137
v 1315 428 232
v 1316 745 402
v 1317 183 103
v 1318 91 55
v 1319 439 232
v 1320 168 95
v 1321 303 137
v 1322 340 163
v 1323 363 188
v 1324 255 132
v 1325 216 103
v 1326 208 120
v 1327 289 138
v 1328 760 359
v 1329 899 443
v 1330 238 114
v 1331 218 123
v 1332 178 84
v 1333 485 255
v 1334 931 407
v 1335 489 253
v 1336 172 81
v 1337 92 39
v 1338 157 85
v 1339 222 116
v 1340 539 264
v 1341 55 33
v 1342 705 340
v 1343 177 85
v 1344 277 143
v 1345 64 27
v 1346 22 13
v 1347 367 200
v 1348 399 198
v 1349 436 230
v 1350 335 162
v 1351 885 446
v 1352 176 93
v 1353 87 46
v 1354 1127 551
v 1355 398 198
v 1356 888 441
v 1357 92 44
v 1358 240 105
v 1359 123 58
v 1360 162 79
v 1361 105 62
v 1362 85 50
v 1363 120 62
v 1364 459 226
v 1365 802 415
v 1366 1599 753
v 1367 695 358
v 1368 754 352
v 1369 49 32
v 1370 272 127
v 1371 221 99
v 1372 121 59
v 1373 916 441
v 1374 46 23
v 1375 74 39
v 1376 227 115
v 1377 596 296
v 1378 264 159
v 1379 111 56
v 1380 467 242
v 1381 534 265
v 1382 122 62
v 1383 58 29
v 1384 864 377
v 1385 680 327
v 1386 605 302
v 1387 433 198
v 1388 273 153
v 1389 508 291
v 1390 379 181
v 1391 334 174
v 1392 576 279
v 1393 198 89
v 1394 240 123
v 1399 600 284
v 1400 387 219
v 1401 487 230
v 1403 777 412
v 1406 402 211
v 1408 703 353
v 1409 303 169
v 1411 461 243
v 1415 717 323
v 1416 381 186
v 1417 262 122
v 1418 141 71
v 1425 252 130
v 1435 196 95
v 1543 905 401
v 1544 1077 420
v 1545 1093 499
v 1546 337 131
v 1547 393 220
v 1548 971 391
v 1549 262 106
v 1550 1807 742
v 1551 356 175
v 1552 139 65
v 1553 522 238
v 1554 978 373
v 1555 625 290
v 1556 432 170
v 1557 1470 637
v 1558 709 300
v 1559 259 110
v 1561 958 448
v 1562 1396 644
v 1563 842 354
v 1564 282 130
v 1565 1110 491
v 1566 719 348
v 1567 818 338
v 1568 246 108
v 1569 356 144
v 1570 318 138
v 1571 563 247
v 1572 916 443
v 1573 242 102
v 1574 135 61
v 1575 569 276
v 1576 252 112
v 1577 413 170
v 1578 423 179
v 1579 443 206
v 1580 355 164
v 1581 235 100
v 1582 273 119
v 1583 371 170
v 1584 1201 551
v 1585 1262 500
v 1586 329 144
v 1587 215 95
v 1588 199 85
v 1589 624 306
v 1590 1123 505
v 1591 649 236
v 1592 233 97
v 1593 155 71
v 1594 189 77
v 1595 271 130
v 1596 617 240
v 1597 107 42
v 1598 790 292
v 1599 256 127
v 1600 325 154
v 1601 82 48
v 1602 30 11
v 1603 756 312
v 1604 500 217
v 1605 552 239
v 1606 451 192
v 1607 1092 468
v 1608 202 101
v 1609 89 44
v 1610 1393 555
v 1611 461 194
v 1612 1102 443
v 1613 134 51
v 1614 281 96
v 1615 162 65
v 1616 189 81
v 1617 128 50
v 1618 96 41
v 1619 159 74
v 1620 517 218
v 1621 1043 469
v 1622 1865 840
v 1623 780 338
v 1624 854 357
v 1625 54 25
v 1626 349 153
v 1627 344 136
v 1628 152 61
v 1629 1121 501
v 1630 63 30
v 1631 78 44
v 1632 349 146
v 1633 720 312
v 1634 422 191
v 1635 139 74
v 1636 457 214
v 1637 649 296
v 1638 154 77
v 1639 51 20
v 1640 835 362
v 1641 857 370
v 1642 802 356
v 1643 485 184
v 1644 367 171
v 1645 766 391
v 1646 520 207
v 1647 533 212
v 1648 717 292
v 1649 271 101
v 1650 294 135
v 1655 709 299
v 1656 443 230
v 1657 617 258
v 1659 925 423
v 1662 498 218
v 1664 845 379
v 1665 349 141
v 1667 531 233
v 1671 922 414
v 1672 480 217
v 1673 325 127
v 1674 161 76
v 1681 291 142
v 1691 170 68
v 1800 1115 540
v 1801 1109 591
v 1802 325 162
v 1803 478 305
v 1804 1017 552
v 1805 290 148
v 1806 2068 1058
v 1807 335 158
v 1808 182 88
v 1809 437 230
v 1810 1043 511
v 1811 727 374
v 1812 495 253
v 1813 1410 688
v 1814 803 404
v 1815 255 133
v 1817 1020 523
v 1818 1598 792
v 1819 877 442
v 1820 364 194
v 1821 1056 550
v 1822 848 435
v 1823 842 406
v 1824 245 121
v 1825 414 205
v 1826 369 192
v 1827 588 291
v 1828 1001 501
v 1829 272 133
v 1830 151 78
v 1831 597 314
v 1832 208 107
v 1833 363 197
v 1834 425 210
v 1835 408 191
v 1836 379 176
v 1837 263 122
v 1838 340 161
v 1839 348 167
v 1840 1258 600
v 1841 1409 656
v 1842 332 154
v 1843 261 122
v 1844 255 119
v 1845 612 352
v 1846 1251 616
v 1847 703 350
v 1848 259 111
v 1849 158 68
v 1850 168 80
v 1851 357 190
v 1852 749 311
v 1853 153 85
v 1854 888 381
v 1855 237 118
v 1856 358 196
v 1857 91 43
v 1858 57 35
v 1859 526 235
v 1860 500 256
v 1861 595 303
v 1862 521 234
v 1863 1376 684
v 1864 253 130
v 1865 119 73
v 1866 1603 765
v 1867 515 267
v 1868 1126 507
v 1869 116 57
v 1870 322 170
v 1871 162 104
v 1872 234 117
v 1873 159 87
v 1874 123 66
v 1875 160 79
v 1876 606 337
v 1877 974 515
v 1878 2062 1021
v 1879 802 386
v 1880 967 468
v 1881 53 29
v 1882 409 205
v 1883 368 184
v 1884 166 79
v 1885 1057 536
v 1886 100 52
v 1887 111 63
v 1888 339 177
v 1889 931 503
v 1890 489 255
v 1891 150 93
v 1892 623 340
v 1893 650 307
v 1894 154 77
v 1895 71 36
v 1896 887 440
v 1897 876 434
v 1898 944 444
v 1899 588 304
v 1900 352 191
v 1901 661 349
v 1902 563 272
v 1903 579 263
v 1904 831 405
v 1905 277 136
v 1906 361 184
v 1911 756 404
v 1912 478 260
v 1913 662 332
v 1915 991 476
v 1918 520 278
v 1920 958 501
v 1921 391 205
v 1923 592 314
v 1927 930 453
v 1928 583 319
v 1929 352 182
v 1930 141 69
v 1937 305 168
v 1947 222 102
v 2057 1178 588
v 2058 341 164
v 2059 468 300
v 2060 900 454
v 2061 347 177
v 2062 2044 1061
v 2063 407 215
v 2064 140 81
v 2065 575 310
v 2066 1041 527
v 2067 716 407
v 2068 476 228
v 2069 1428 750
v 2070 784 426
v 2071 314 179
v 2073 966 532
v 2074 1497 783
v 2075 814 394
v 2076 329 202
v 2077 1132 699
v 2078 851 444
v 2079 935 485
v 2080 267 132
v 2081 340 162
v 2082 359 199
v 2083 595 331
v 2084 1018 547
v 2085 247 129
v 2086 151 75
v 2087 660 351
v 2088 276 171
v 2089 483 247
v 2090 539 261
v 2091 549 281
v 2092 374 211
v 2093 222 112
v 2094 370 190
v 2095 391 212
v 2096 1288 680
v 2097 1294 651
v 2098 261 122
v 2099 267 132
v 2100 180 80
v 2101 696 422
v 2102 1391 688
v 2103 735 375
v 2104 323 162
v 2105 99 47
v 2106 237 119
v 2107 262 126
v 2108 689 311
v 2109 103 54
v 2110 893 398
v 2111 231 128
v 2112 437 252
v 2113 68 35
v 2114 28 16
v 2115 582 266
v 2116 513 255
v 2117 607 323
v 2118 624 290
v 2119 1099 507
v 2120 281 147
v 2121 114 64
v 2122 1733 911
v 2123 552 297
v 2124 1232 594
v 2125 122 54
v 2126 296 137
v 2127 161 89
v 2128 248 126
v 2129 158 81
v 2130 101 46
v 2131 171 91
v 2132 566 303
v 2133 1047 572
v 2134 1896 966
v 2135 1088 574
v 2136 1198 617
v 2137 64 39
v 2138 382 192
v 2139 309 150
v 2140 164 71
v 2141 1404 729
v 2142 87 56
v 2143 139 68
v 2144 385 222
v 2145 879 481
v 2146 409 226
v 2147 145 92
v 2148 549 279
v 2149 662 372
v 2150 142 64
v 2151 73 34
v 2152 919 458
v 2153 1259 678
v 2154 850 425
v 2155 565 306
v 2156 465 270
v 2157 732 404
v 2158 966 523
v 2159 441 221
v 2160 505 252
v 2161 271 148
v 2162 417 224
v 2167 880 471
v 2168 458 272
v 2169 621 306
v 2171 1054 571
v 2174 590 317
v 2176 1004 538
v 2177 470 242
v 2179 505 266
v 2183 974 501
v 2184 544 302
v 2185 392 212
v 2186 183 103
v 2193 341 195
v 2203 214 106
v 2314 326 168
v 2315 479 298
v 2316 1056 499
v 2317 429 202
v 2318 2541 1236
v 2319 439 216
v 2320 155 83
v 2321 557 275
v 2322 1225 593
v 2323 686 378
v 2324 495 240
v 2325 1535 734
v 2326 898 444
v 2327 267 137
v 2329 1073 564
v 2330 1607 846
v 2331 938 481
v 2332 416 215
v 2333 1125 624
v 2334 877 436
v 2335 996 490
v 2336 283 123
v 2337 529 219
v 2338 391 198
v 2339 545 309
v 2340 1194 592
v 2341 267 127
v 2342 148 66
v 2343 745 392
v 2344 252 128
v 2345 406 183
v 2346 546 265
v 2347 490 257
v 2348 375 193
v 2349 263 132
v 2350 283 138
v 2351 397 219
v 2352 1237 582
v 2353 1451 675
v 2354 407 210
v 2355 304 141
v 2356 264 121
v 2357 697 385
v 2358 1189 557
v 2359 887 442
v 2360 277 136
v 2361 160 68
v 2362 224 102
v 2363 304 153
v 2364 841 387
v 2365 123 59
v 2366 1147 494
v 2367 257 144
v 2368 392 220
v 2369 72 40
v 2370 31 21
v 2371 521 236
v 2372 482 256
v 2373 684 323
v 2374 458 212
v 2375 1451 694
v 2376 283 150
v 2377 120 64
v 2378 1534 744
v 2379 563 311
v 2380 1416 657
v 2381 136 64
v 2382 335 168
v 2383 173 84
v 2384 228 123
v 2385 138 61
v 2386 152 70
v 2387 193 91
v 2388 675 311
v 2389 1089 555
v 2390 2250 1097
v 2391 1032 517
v 2392 1090 490
v 2393 82 36
v 2394 422 193
v 2395 424 202
v 2396 193 78
v 2397 1394 691
v 2398 94 49
v 2399 98 52
v 2400 361 183
v 2401 844 425
v 2402 454 235
v 2403 127 78
v 2404 666 351
v 2405 790 397
v 2406 172 87
v 2407 102 41
v 2408 1026 469
v 2409 1043 482
v 2410 1090 524
v 2411 631 302
v 2412 410 236
v 2413 863 450
v 2414 648 320
v 2415 542 255
v 2416 958 461
v 2417 317 158
v 2418 332 184
v 2423 974 470
v 2424 477 270
v 2425 691 332
v 2427 1163 624
v 2430 558 271
v 2432 927 494
v 2433 375 203
v 2435 681 344
v 2439 925 462
v 2440 564 304
v 2441 418 200
v 2442 173 85
v 2449 346 198
v 2459 254 131
v 2571 153 90
v 2572 207 82
v 2573 99 50
v 2574 661 326
v 2575 129 73
v 2576 35 21
v 2577 119 60
v 2578 268 126
v 2579 184 89
v 2580 161 82
v 2581 478 229
v 2582 197 109
v 2583 111 67
v 2585 282 140
v 2586 322 154
v 2587 215 99
v 2588 98 54
v 2589 320 177
v 2590 297 154
v 2591 269 149
v 2592 68 32
v 2593 119 46
v 2594 116 51
v 2595 175 95
v 2596 292 149
v 2597 85 42
v 2598 56 22
v 2599 201 101
v 2600 65 28
v 2601 97 47
v 2602 138 68
v 2603 120 65
v 2604 136 62
v 2605 72 35
v 2606 99 54
v 2607 130 64
v 2608 431 220
v 2609 423 190
v 2610 128 66
v 2611 101 52
v 2612 59 33
v 2613 194 94
v 2614 403 201
v 2615 221 103
v 2616 76 38
v 2617 53 28
v 2618 71 34
v 2619 86 50
v 2620 204 81
v 2621 46 27
v 2622 266 105
v 2623 80 40
v 2624 129 71
v 2625 23 15
v 2626 8 4
v 2627 141 58
v 2628 81 46
v 2629 143 63
v 2630 156 66
v 2631 604 275
v 2632 93 44
v 2633 51 29
v 2634 452 197
v 2635 146 82
v 2636 360 143
v 2637 43 20
v 2638 113 44
v 2639 65 25
v 2640 71 35
v 2641 46 22
v 2642 42 18
v 2643 63 31
v 2644 177 88
v 2645 359 189
v 2646 589 264
v 2647 231 90
v 2648 157 65
v 2649 18 8
v 2650 120 47
v 2651 132 63
v 2652 55 25
v 2653 373 171
v 2654 24 7
v 2655 29 11
v 2656 93 42
v 2657 248 116
v 2658 147 80
v 2659 45 27
v 2660 211 116
v 2661 156 78
v 2662 61 30
v 2663 22 9
v 2664 219 102
v 2665 248 111
v 2666 265 127
v 2667 165 85
v 2668 97 44
v 2669 244 126
v 2670 178 81
v 2671 185 94
v 2672 307 149
v 2673 96 48
v 2674 124 64
v 2679 228 102
v 2680 141 88
v 2681 143 65
v 2683 275 147
v 2686 166 66
v 2688 281 145
v 2689 136 68
v 2691 204 103
v 2695 326 160
v 2696 193 99
v 2697 105 55
v 2698 54 26
v 2705 87 51
v 2715 72 35
v 2828 391 144
v 2829 118 37
v 2830 898 377
v 2831 159 58
v 2832 68 32
v 2833 193 79
v 2834 441 160
v 2835 266 131
v 2836 188 75
v 2837 640 258
v 2838 332 138
v 2839 142 57
v 2841 463 196
v 2842 659 260
v 2843 418 165
v 2844 142 62
v 2845 514 212
v 2846 343 140
v 2847 377 125
v 2848 95 42
v 2849 158 52
v 2850 178 77
v 2851 275 100
v 2852 520 219
v 2853 109 42
v 2854 62 32
v 2855 272 125
v 2856 101 41
v 2857 159 69
v 2858 198 67
v 2859 220 88
v 2860 196 81
v 2861 116 42
v 2862 134 47
v 2863 161 68
v 2864 546 209
v 2865 582 203
v 2866 146 46
v 2867 108 38
v 2868 92 35
v 2869 283 120
v 2870 487 174
v 2871 304 111
v 2872 106 33
v 2873 75 31
v 2874 95 32
v 2875 156 70
v 2876 323 125
v 2877 65 26
v 2878 384 123
v 2879 132 54
v 2880 162 68
v 2881 36 9
v 2882 15 8
v 2883 194 72
v 2884 232 86
v 2885 240 83
v 2886 217 87
v 2887 490 172
v 2888 114 46
v 2889 56 25
v 2890 694 273
v 2891 218 96
v 2892 545 183
v 2893 52 19
v 2894 115 44
v 2895 75 34
v 2896 85 31
v 2897 73 27
v 2898 47 19
v 2899 61 36
v 2900 297 103
v 2901 497 198
v 2902 872 336
v 2903 395 151
v 2904 364 117
v 2905 27 6
v 2906 203 69
v 2907 180 62
v 2908 75 24
v 2909 528 218
v 2910 42 23
v 2911 53 19
v 2912 131 51
v 2913 390 159
v 2914 216 92
v 2915 61 24
v 2916 297 133
v 2917 307 122
v 2918 69 37
v 2919 35 11
v 2920 387 169
v 2921 388 143
v 2922 431 205
v 2923 235 88
v 2924 167 77
v 2925 398 160
v 2926 270 94
v 2927 229 86
v 2928 345 128
v 2929 145 54
v 2930 156 66
v 2935 324 127
v 2936 214 92
v 2937 314 127
v 2939 398 159
v 2942 213 72
v 2944 438 177
v 2945 181 72
v 2947 229 88
v 2951 406 144
v 2952 239 81
v 2953 151 65
v 2954 76 27
v 2961 143 70
v 2971 102 50
v 3085 274 142
v 3086 1624 802
v 3087 272 150
v 3088 153 66
v 3089 365 186
v 3090 1738 803
v 3091 531 288
v 3092 420 222
v 3093 1136 633
v 3094 618 359
v 3095 228 124
v 3097 724 399
v 3098 1164 609
v 3099 859 475
v 3100 317 197
v 3101 793 381
v 3102 657 333
v 3103 713 352
v 3104 167 80
v 3105 377 196
v 3106 300 174
v 3107 397 234
v 3108 908 459
v 3109 194 104
v 3110 144 72
v 3111 499 281
v 3112 240 150
v 3113 314 154
v 3114 383 196
v 3115 317 176
v 3116 327 161
v 3117 202 89
v 3118 250 148
v 3119 280 163
v 3120 1254 625
v 3121 1234 595
v 3122 307 144
v 3123 263 145
v 3124 428 213
v 3125 483 278
v 3126 810 437
v 3127 529 236
v 3128 226 125
v 3129 169 83
v 3130 137 81
v 3131 233 126
v 3132 714 394
v 3133 111 59
v 3134 820 376
v 3135 241 127
v 3136 251 139
v 3137 78 42
v 3138 21 10
v 3139 354 197
v 3140 448 259
v 3141 524 268
v 3142 330 173
v 3143 976 455
v 3144 257 141
v 3145 98 58
v 3146 1258 680
v 3147 444 258
v 3148 900 470
v 3149 140 72
v 3150 317 165
v 3151 171 98
v 3152 164 69
v 3153 130 75
v 3154 101 47
v 3155 167 90
v 3156 586 331
v 3157 986 521
v 3158 1689 845
v 3159 686 336
v 3160 788 348
v 3161 49 24
v 3162 340 162
v 3163 341 160
v 3164 168 92
v 3165 861 433
v 3166 164 95
v 3167 103 65
v 3168 259 122
v 3169 709 360
v 3170 393 198
v 3171 107 64
v 3172 594 312
v 3173 548 307
v 3174 144 67
v 3175 77 34
v 3176 706 329
v 3177 818 428
v 3178 797 396
v 3179 452 219
v 3180 262 135
v 3181 664 400
v 3182 428 213
v 3183 476 240
v 3184 753 376
v 3185 261 133
v 3186 290 159
v 3191 691 354
v 3192 417 231
v 3193 535 281
v 3195 891 499
v 3198 354 175
v 3200 700 349
v 3201 339 197
v 3203 515 272
v 3207 809 419
v 3208 470 233
v 3209 345 169
v 3210 138 78
v 3217 258 129
v 3227 172 85
v 3342 622 308
v 3343 133 62
v 3344 39 17
v 3345 171 99
v 3346 334 157
v 3347 185 99
v 3348 158 73
v 3349 434 231
v 3350 210 88
v 3351 65 36
v 3353 313 163
v 3354 297 131
v 3355 197 89
v 3356 86 36
v 3357 297 154
v 3358 259 128
v 3359 249 120
v 3360 49 18
v 3361 143 57
v 3362 134 68
v 3363 162 83
v 3364 280 132
v 3365 75 33
v 3366 48 24
v 3367 257 138
v 3368 76 43
v 3369 144 70
v 3370 122 53
v 3371 111 56
v 3372 100 54
v 3373 60 23
v 3374 89 43
v 3375 91 42
v 3376 275 117
v 3377 341 137
v 3378 115 52
v 3379 80 45
v 3380 73 36
v 3381 200 96
v 3382 326 162
v 3383 287 128
v 3384 64 33
v 3385 49 23
v 3386 75 43
v 3387 104 48
v 3388 142 49
v 3389 28 9
v 3390 252 111
v 3391 96 48
v 3392 105 53
v 3393 23 11
v 3394 8 6
v 3395 138 61
v 3396 163 81
v 3397 204 100
v 3398 151 66
v 3399 467 237
v 3400 96 65
v 3401 31 17
v 3402 645 336
v 3403 95 50
v 3404 306 133
v 3405 48 23
v 3406 129 76
v 3407 48 26
v 3408 74 38
v 3409 36 13
v 3410 26 8
v 3411 46 21
v 3412 148 73
v 3413 290 140
v 3414 567 255
v 3415 252 111
v 3416 202 92
v 3417 12 7
v 3418 112 52
v 3419 98 45
v 3420 55 21
v 3421 363 154
v 3422 25 11
v 3423 47 23
v 3424 99 49
v 3425 259 131
v 3426 173 98
v 3427 38 23
v 3428 222 112
v 3429 154 78
v 3430 44 20
v 3431 25 12
v 3432 203 91
v 3433 313 145
v 3434 297 154
v 3435 141 71
v 3436 117 57
v 3437 226 126
v 3438 183 85
v 3439 182 79
v 3440 293 132
v 3441 85 41
v 3442 109 46
v 3447 249 126
v 3448 149 86
v 3449 152 75
v 3451 291 142
v 3454 210 93
v 3456 270 132
v 3457 124 59
v 3459 200 107
v 3463 301 150
v 3464 158 87
v 3465 103 55
v 3466 54 28
v 3473 92 43
v 3483 87 35
v 3599 719 358
v 3600 293 154
v 3601 962 507
v 3602 2109 967
v 3603 1201 672
v 3604 921 460
v 3605 2782 1399
v 3606 1459 757
v 3607 516 268
v 3609 1908 993
v 3610 2933 1529
v 3611 1825 924
v 3612 733 361
v 3613 2330 1210
v 3614 1645 834
v 3615 1877 910
v 3616 403 202
v 3617 894 417
v 3618 742 385
v 3619 870 476
v 3620 1997 1083
v 3621 532 258
v 3622 314 160
v 3623 1246 669
v 3624 435 228
v 3625 679 364
v 3626 875 394
v 3627 942 479
v 3628 632 337
v 3629 486 251
v 3630 527 277
v 3631 689 366
v 3632 2301 1121
v 3633 2732 1300
v 3634 797 367
v 3635 544 285
v 3636 498 227
v 3637 1124 636
v 3638 2549 1203
v 3639 1492 724
v 3640 470 222
v 3641 324 142
v 3642 412 228
v 3643 549 285
v 3644 1400 658
v 3645 275 144
v 3646 2117 911
v 3647 562 285
v 3648 693 367
v 3649 163 86
v 3650 107 60
v 3651 804 398
v 3652 1005 525
v 3653 1232 627
v 3654 1277 583
v 3655 2590 1268
v 3656 475 244
v 3657 216 123
v 3658 3247 1575
v 3659 893 448
v 3660 2332 1102
v 3661 292 127
v 3662 617 314
v 3663 280 168
v 3664 479 250
v 3665 339 157
v 3666 270 118
v 3667 319 173
v 3668 1213 642
v 3669 2273 1120
v 3670 4184 2085
v 3671 1927 934
v 3672 1802 867
v 3673 110 52
v 3674 876 435
v 3675 863 394
v 3676 373 154
v 3677 2561 1287
v 3678 178 92
v 3679 228 127
v 3680 686 338
v 3681 1717 824
v 3682 1378 701
v 3683 302 161
v 3684 1185 604
v 3685 1424 698
v 3686 314 148
v 3687 174 66
v 3688 1639 837
v 3689 2052 1017
v 3690 1689 882
v 3691 1130 548
v 3692 673 388
v 3693 1624 840
v 3694 1213 618
v 3695 1083 537
v 3696 1913 930
v 3697 608 276
v 3698 829 409
v 3703 1641 812
v 3704 951 496
v 3705 1426 679
v 3707 2109 1069
v 3710 950 456
v 3712 1669 857
v 3713 699 376
v 3715 1261 624
v 3719 2020 940
v 3720 1119 537
v 3721 825 393
v 3722 291 169
v 3729 704 372
v 3739 407 198
v 3856 55 25
v 3857 202 102
v 3858 328 158
v 3859 225 130
v 3860 158 79
v 3861 520 279
v 3862 294 165
v 3863 78 47
v 3865 351 173
v 3866 535 310
v 3867 334 161
v 3868 133 68
v 3869 443 248
v 3870 284 145
v 3871 346 170
v 3872 102 50
v 3873 134 51
v 3874 97 44
v 3875 227 108
v 3876 366 193
v 3877 84 43
v 3878 61 27
v 3879 306 161
v 3880 70 30
v 3881 181 76
v 3882 179 88
v 3883 183 96
v 3884 127 73
v 3885 66 32
v 3886 98 53
v 3887 155 78
v 3888 314 159
v 3889 413 204
v 3890 89 36
v 3891 93 46
v 3892 71 35
v 3893 227 115
v 3894 478 249
v 3895 218 105
v 3896 102 59
v 3897 49 19
v 3898 64 33
v 3899 118 72
v 3900 289 144
v 3901 32 15
v 3902 343 158
v 3903 96 53
v 3904 153 81
v 3905 26 12
v 3906 13 10
v 3907 156 80
v 3908 172 84
v 3909 243 136
v 3910 141 78
v 3911 434 190
v 3912 105 58
v 3913 38 21
v 3914 511 258
v 3915 186 105
v 3916 411 208
v 3917 35 16
v 3918 89 42
v 3919 49 28
v 3920 68 32
v 3921 48 20
v 3922 39 17
v 3923 55 24
v 3924 229 125
v 3925 361 197
v 3926 683 333
v 3927 263 130
v 3928 330 156
v 3929 22 10
v 3930 99 42
v 3931 81 38
v 3932 41 22
v 3933 400 191
v 3934 24 16
v 3935 38 28
v 3936 121 57
v 3937 266 122
v 3938 135 70
v 3939 50 26
v 3940 165 82
v 3941 252 152
v 3942 61 37
v 3943 40 13
v 3944 335 159
v 3945 243 107
v 3946 294 139
v 3947 145 73
v 3948 138 64
v 3949 213 115
v 3950 177 87
v 3951 175 93
v 3952 230 113
v 3953 98 44
v 3954 147 73
v 3959 251 118
v 3960 147 84
v 3961 215 106
v 3963 339 180
v 3966 173 86
v 3968 298 149
v 3969 141 82
v 3971 192 95
v 3975 332 158
v 3976 172 94
v 3977 118 53
v 3978 55 30
v 3985 110 56
v 3995 65 33
v 4113 65 31
v 4114 163 75
v 4115 97 54
v 4116 82 37
v 4117 220 113
v 4118 119 62
v 4119 39 28
v 4121 171 74
v 4122 249 112
v 4123 140 59
v 4124 55 28
v 4125 163 79
v 4126 148 76
v 4127 125 55
v 4128 35 17
v 4129 52 27
v 4130 49 24
v 4131 79 37
v 4132 162 71
v 4133 40 18
v 4134 23 12
v 4135 89 48
v 4136 36 19
v 4137 74 32
v 4138 79 40
v 4139 57 21
v 4140 45 26
v 4141 39 22
v 4142 61 29
v 4143 50 22
v 4144 171 80
v 4145 192 78
v 4146 45 19
v 4147 47 25
v 4148 35 15
v 4149 93 41
v 4150 178 71
v 4151 95 47
v 4152 42 20
v 4153 26 14
v 4154 30 13
v 4155 43 26
v 4156 110 46
v 4157 14 7
v 4158 90 36
v 4159 44 22
v 4160 56 27
v 4161 9 1
v 4162 12 6
v 4163 76 36
v 4164 73 30
v 4165 103 46
v 4166 71 36
v 4167 191 100
v 4168 36 18
v 4169 19 8
v 4170 271 134
v 4171 63 33
v 4172 195 97
v 4173 19 11
v 4174 49 26
v 4175 37 15
v 4176 28 13
v 4177 30 17
v 4178 13 5
v 4179 26 8
v 4180 113 60
v 4181 162 69
v 4182 305 142
v 4183 120 58
v 4184 133 63
v 4185 10 5
v 4186 39 21
v 4187 48 20
v 4188 22 9
v 4189 185 81
v 4190 16 6
v 4191 11 7
v 4192 43 17
v 4193 115 60
v 4194 59 23
v 4195 29 14
v 4196 103 55
v 4197 102 46
v 4198 20 10
v 4199 7 2
v 4200 160 73
v 4201 133 56
v 4202 139 60
v 4203 86 33
v 4204 55 29
v 4205 120 56
v 4206 80 34
v 4207 69 25
v 4208 135 74
v 4209 41 15
v 4210 41 21
v 4215 101 50
v 4216 80 39
v 4217 106 46
v 4219 146 77
v 4222 77 38
v 4224 129 64
v 4225 79 40
v 4227 83 39
v 4231 165 67
v 4232 77 36
v 4233 54 24
v 4234 20 12
v 4241 50 27
v 4251 29 11
v 4370 432 185
v 4371 280 149
v 4372 234 121
v 4373 607 288
v 4374 407 213
v 4375 121 61
v 4377 427 223
v 4378 520 250
v 4379 300 129
v 4380 166 85
v 4381 508 246
v 4382 373 208
v 4383 422 185
v 4384 88 36
v 4385 158 75
v 4386 209 105
v 4387 293 150
v 4388 481 227
v 4389 124 59
v 4390 57 25
v 4391 333 190
v 4392 155 87
v 4393 194 91
v 4394 210 92
v 4395 177 88
v 4396 166 83
v 4397 101 48
v 4398 135 70
v 4399 159 82
v 4400 534 273
v 4401 588 247
v 4402 176 80
v 4403 143 82
v 4404 117 48
v 4405 345 200
v 4406 508 241
v 4407 364 187
v 4408 131 59
v 4409 80 28
v 4410 88 38
v 4411 116 52
v 4412 260 118
v 4413 45 21
v 4414 522 238
v 4415 95 49
v 4416 173 95
v 4417 31 17
v 4418 19 11
v 4419 238 100
v 4420 289 134
v 4421 263 127
v 4422 188 83
v 4423 546 250
v 4424 116 63
v 4425 47 23
v 4426 684 321
v 4427 162 69
v 4428 497 235
v 4429 55 29
v 4430 164 86
v 4431 91 49
v 4432 92 46
v 4433 54 22
v 4434 46 19
v 4435 70 33
v 4436 280 147
v 4437 550 276
v 4438 975 478
v 4439 270 128
v 4440 254 104
v 4441 24 14
v 4442 242 113
v 4443 159 70
v 4444 65 31
v 4445 486 224
v 4446 29 14
v 4447 44 24
v 4448 161 82
v 4449 359 184
v 4450 226 133
v 4451 46 24
v 4452 278 133
v 4453 242 126
v 4454 70 29
v 4455 55 27
v 4456 405 180
v 4457 421 202
v 4458 451 203
v 4459 253 118
v 4460 150 84
v 4461 308 163
v 4462 277 142
v 4463 212 94
v 4464 432 212
v 4465 111 52
v 4466 165 89
v 4471 324 171
v 4472 226 132
v 4473 239 114
v 4475 459 239
v 4478 225 115
v 4480 400 187
v 4481 183 89
v 4483 231 115
v 4487 435 197
v 4488 235 114
v 4489 181 88
v 4490 60 25
v 4497 151 94
v 4507 103 50
v 4627 609 354
v 4628 428 222
v 4629 1332 686
v 4630 699 368
v 4631 238 127
v 4633 991 562
v 4634 1440 758
v 4635 742 372
v 4636 286 140
v 4637 879 471
v 4638 798 411
v 4639 789 402
v 4640 226 110
v 4641 467 231
v 4642 310 163
v 4643 489 280
v 4644 932 468
v 4645 261 156
v 4646 163 100
v 4647 573 305
v 4648 182 91
v 4649 315 157
v 4650 444 202
v 4651 435 240
v 4652 291 156
v 4653 232 110
v 4654 332 167
v 4655 353 194
v 4656 1137 590
v 4657 1282 641
v 4658 363 175
v 4659 257 149
v 4660 203 91
v 4661 638 366
v 4662 1126 535
v 4663 936 502
v 4664 263 120
v 4665 133 72
v 4666 184 104
v 4667 265 145
v 4668 785 406
v 4669 131 76
v 4670 900 422
v 4671 225 121
v 4672 318 159
v 4673 85 48
v 4674 44 25
v 4675 405 207
v 4676 495 257
v 4677 601 321
v 4678 513 264
v 4679 1215 583
v 4680 242 141
v 4681 92 58
v 4682 1363 678
v 4683 468 256
v 4684 1223 575
v 4685 149 75
v 4686 408 221
v 4687 160 97
v 4688 250 126
v 4689 183 85
v 4690 125 64
v 4691 142 74
v 4692 552 283
v 4693 880 490
v 4694 1911 998
v 4695 921 496
v 4696 982 507
v 4697 67 39
v 4698 355 187
v 4699 410 211
v 4700 151 71
v 4701 1161 591
v 4702 76 37
v 4703 135 78
v 4704 304 175
v 4705 743 395
v 4706 440 227
v 4707 117 58
v 4708 562 306
v 4709 706 388
v 4710 156 92
v 4711 89 43
v 4712 803 429
v 4713 764 377
v 4714 913 492
v 4715 563 293
v 4716 321 177
v 4717 760 425
v 4718 377 183
v 4719 438 233
v 4720 667 314
v 4721 250 124
v 4722 317 164
v 4727 616 326
v 4728 461 238
v 4729 652 330
v 4731 1044 558
v 4734 513 303
v 4736 878 470
v 4737 348 211
v 4739 607 332
v 4743 894 456
v 4744 541 310
v 4745 362 195
v 4746 158 87
v 4753 323 184
v 4763 228 120
v 4884 296 115
v 4885 932 429
v 4886 501 212
v 4887 167 74
v 4889 611 303
v 4890 1032 493
v 4891 572 246
v 4892 218 107
v 4893 650 301
v 4894 501 205
v 4895 494 217
v 4896 149 60
v 4897 311 119
v 4898 235 105
v 4899 325 136
v 4900 692 297
v 4901 151 71
v 4902 98 47
v 4903 343 165
v 4904 104 41
v 4905 257 112
v 4906 244 105
v 4907 278 111
v 4908 240 102
v 4909 178 79
v 4910 202 95
v 4911 228 119
v 4912 797 333
v 4913 832 352
v 4914 198 79
v 4915 153 74
v 4916 119 45
v 4917 399 172
v 4918 763 294
v 4919 482 197
v 4920 174 70
v 4921 79 36
v 4922 114 53
v 4923 190 96
v 4924 450 194
v 4925 78 44
v 4926 568 204
v 4927 166 76
v 4928 195 101
v 4929 50 28
v 4930 24 11
v 4931 297 129
v 4932 351 147
v 4933 390 177
v 4934 332 155
v 4935 894 417
v 4936 172 82
v 4937 80 42
v 4938 1011 425
v 4939 305 154
v 4940 723 310
v 4941 80 40
v 4942 183 77
v 4943 118 55
v 4944 115 54
v 4945 91 37
v 4946 66 29
v 4947 86 50
v 4948 362 172
v 4949 546 256
v 4950 1251 550
v 4951 514 218
v 4952 648 261
v 4953 28 15
v 4954 224 95
v 4955 215 88
v 4956 99 36
v 4957 708 334
v 4958 65 26
v 4959 61 29
v 4960 201 86
v 4961 510 231
v 4962 343 172
v 4963 96 50
v 4964 431 213
v 4965 456 227
v 4966 86 38
v 4967 66 27
v 4968 607 286
v 4969 556 245
v 4970 589 257
v 4971 337 140
v 4972 213 108
v 4973 504 242
v 4974 312 134
v 4975 285 112
v 4976 525 205
v 4977 189 83
v 4978 230 99
v 4983 448 211
v 4984 270 122
v 4985 360 148
v 4987 646 308
v 4990 293 131
v 4992 646 306
v 4993 252 120
v 4995 352 162
v 4999 578 256
v 5000 332 155
v 5001 211 90
v 5002 127 57
v 5009 242 119
v 5019 125 43
v 5141 613 327
v 5142 346 204
v 5143 112 52
v 5145 430 235
v 5146 692 387
v 5147 385 181
v 5148 145 93
v 5149 455 233
v 5150 333 174
v 5151 355 163
v 5152 124 59
v 5153 196 83
v 5154 149 87
v 5155 224 122
v 5156 454 232
v 5157 113 58
v 5158 72 40
v 5159 245 131
v 5160 92 56
v 5161 172 93
v 5162 203 96
v 5163 211 101
v 5164 157 87
v 5165 104 50
v 5166 130 71
v 5167 160 77
v 5168 527 244
v 5169 563 270
v 5170 167 76
v 5171 123 57
v 5172 69 34
v 5173 242 140
v 5174 471 214
v 5175 333 136
v 5176 97 47
v 5177 76 30
v 5178 64 46
v 5179 120 57
v 5180 310 154
v 5181 59 27
v 5182 398 193
v 5183 106 60
v 5184 180 101
v 5185 30 22
v 5186 16 8
v 5187 254 119
v 5188 270 155
v 5189 300 167
v 5190 207 85
v 5191 556 272
v 5192 98 48
v 5193 56 37
v 5194 648 326
v 5195 219 118
v 5196 501 237
v 5197 49 24
v 5198 125 50
v 5199 73 43
v 5200 95 62
v 5201 63 28
v 5202 66 32
v 5203 76 41
v 5204 268 132
v 5205 463 252
v 5206 874 405
v 5207 468 231
v 5208 436 181
v 5209 28 11
v 5210 161 73
v 5211 137 70
v 5212 66 31
v 5213 521 261
v 5214 32 17
v 5215 56 32
v 5216 144 77
v 5217 383 202
v 5218 167 87
v 5219 58 37
v 5220 243 130
v 5221 290 149
v 5222 70 32
v 5223 28 10
v 5224 392 204
v 5225 385 191
v 5226 380 185
v 5227 243 118
v 5228 151 82
v 5229 354 184
v 5230 248 123
v 5231 214 94
v 5232 344 155
v 5233 128 63
v 5234 137 78
v 5239 298 148
v 5240 186 110
v 5241 262 140
v 5243 413 217
v 5246 218 111
v 5248 423 241
v 5249 175 80
v 5251 249 130
v 5255 421 210
v 5256 220 112
v 5257 141 64
v 5258 59 27
v 5265 136 72
v 5275 74 38
v 5398 1051 501
v 5399 381 214
v 5401 1329 710
v 5402 1988 988
v 5403 1169 570
v 5404 419 227
v 5405 1452 730
v 5406 1110 554
v 5407 1157 575
v 5408 333 161
v 5409 545 220
v 5410 501 235
v 5411 784 433
v 5412 1466 746
v 5413 341 187
v 5414 196 105
v 5415 922 480
v 5416 324 168
v 5417 637 287
v 5418 596 279
v 5419 616 318
v 5420 505 232
v 5421 313 144
v 5422 459 230
v 5423 567 315
v 5424 1679 791
v 5425 1781 835
v 5426 440 198
v 5427 362 197
v 5428 335 158
v 5429 909 493
v 5430 1364 672
v 5431 1004 483
v 5432 356 174
v 5433 171 78
v 5434 326 179
v 5435 388 227
v 5436 1043 522
v 5437 156 77
v 5438 1316 565
v 5439 351 181
v 5440 512 283
v 5441 87 46
v 5442 39 21
v 5443 662 322
v 5444 686 363
v 5445 794 412
v 5446 561 270
v 5447 1653 762
v 5448 362 200
v 5449 165 93
v 5450 2013 955
v 5451 641 323
v 5452 1582 708
v 5453 155 70
v 5454 425 179
v 5455 195 99
v 5456 290 142
v 5457 193 92
v 5458 153 68
v 5459 218 115
v 5460 786 385
v 5461 1344 724
v 5462 2748 1330
v 5463 1218 596
v 5464 1287 591
v 5465 73 44
v 5466 480 239
v 5467 481 214
v 5468 206 97
v 5469 1453 739
v 5470 100 51
v 5471 156 72
v 5472 563 282
v 5473 1114 544
v 5474 554 297
v 5475 177 90
v 5476 867 428
v 5477 836 424
v 5478 197 101
v 5479 107 48
v 5480 1135 539
v 5481 1200 547
v 5482 1205 609
v 5483 691 329
v 5484 466 250
v 5485 951 485
v 5486 747 350
v 5487 624 277
v 5488 1089 532
v 5489 382 175
v 5490 402 215
v 5495 983 500
v 5496 614 322
v 5497 867 413
v 5499 1349 726
v 5502 675 363
v 5504 1246 638
v 5505 536 252
v 5507 785 415
v 5511 1266 635
v 5512 725 366
v 5513 538 255
v 5514 237 118
v 5521 429 237
v 5531 302 154
v 5655 221 122
v 5657 727 388
v 5658 1111 524
v 5659 742 339
v 5660 245 126
v 5661 703 352
v 5662 567 280
v 5663 628 288
v 5664 216 107
v 5665 276 108
v 5666 253 127
v 5667 451 248
v 5668 659 320
v 5669 177 81
v 5670 107 46
v 5671 461 241
v 5672 187 96
v 5673 331 151
v 5674 339 148
v 5675 328 166
v 5676 268 132
v 5677 200 88
v 5678 269 133
v 5679 280 150
v 5680 803 404
v 5681 949 437
v 5682 253 107
v 5683 196 93
v 5684 160 74
v 5685 464 225
v 5686 808 380
v 5687 492 222
v 5688 192 91
v 5689 111 56
v 5690 142 62
v 5691 216 115
v 5692 546 274
v 5693 95 43
v 5694 726 295
v 5695 193 105
v 5696 245 131
v 5697 50 21
v 5698 30 7
v 5699 461 207
v 5700 360 202
v 5701 456 217
v 5702 336 164
v 5703 895 418
v 5704 182 92
v 5705 78 40
v 5706 1125 536
v 5707 386 192
v 5708 887 379
v 5709 118 54
v 5710 230 105
v 5711 132 71
v 5712 178 80
v 5713 123 69
v 5714 95 36
v 5715 113 62
v 5716 457 237
v 5717 743 368
v 5718 1510 763
v 5719 622 294
v 5720 705 340
v 5721 42 18
v 5722 263 125
v 5723 240 114
v 5724 98 47
v 5725 763 363
v 5726 63 37
v 5727 79 38
v 5728 247 127
v 5729 595 307
v 5730 267 142
v 5731 110 61
v 5732 448 234
v 5733 502 238
v 5734 103 47
v 5735 64 39
v 5736 694 320
v 5737 661 312
v 5738 624 293
v 5739 375 161
v 5740 296 151
v 5741 463 243
v 5742 369 185
v 5743 357 168
v 5744 583 269
v 5745 184 86
v 5746 216 123
v 5751 501 225
v 5752 336 175
v 5753 401 194
v 5755 727 378
v 5758 381 197
v 5760 667 331
v 5761 282 139
v 5763 406 215
v 5767 631 289
v 5768 400 206
v 5769 236 109
v 5770 102 48
v 5777 231 131
v 5787 125 51
v 5913 266 136
v 5914 432 214
v 5915 242 132
v 5916 118 72
v 5917 283 140
v 5918 183 98
v 5919 232 102
v 5920 70 37
v 5921 128 64
v 5922 89 49
v 5923 169 85
v 5924 279 138
v 5925 77 36
v 5926 36 21
v 5927 159 82
v 5928 57 27
v 5929 102 57
v 5930 123 55
v 5931 107 52
v 5932 110 55
v 5933 65 26
v 5934 96 54
v 5935 99 56
v 5936 315 169
v 5937 347 161
v 5938 92 37
v 5939 83 37
v 5940 65 26
v 5941 168 93
v 5942 356 158
v 5943 177 80
v 5944 60 24
v 5945 38 9
v 5946 42 19
v 5947 76 42
v 5948 201 100
v 5949 27 16
v 5950 217 81
v 5951 59 26
v 5952 102 54
v 5953 24 14
v 5954 11 5
v 5955 123 71
v 5956 123 56
v 5957 142 65
v 5958 138 68
v 5959 325 133
v 5960 59 26
v 5961 28 13
v 5962 456 197
v 5963 121 72
v 5964 293 113
v 5965 32 14
v 5966 87 33
v 5967 55 29
v 5968 56 31
v 5969 50 21
v 5970 23 11
v 5971 46 30
v 5972 169 81
v 5973 247 140
v 5974 529 240
v 5975 312 153
v 5976 277 133
v 5977 15 4
v 5978 86 42
v 5979 103 51
v 5980 51 29
v 5981 285 140
v 5982 24 14
v 5983 25 12
v 5984 71 36
v 5985 254 104
v 5986 130 69
v 5987 34 18
v 5988 158 82
v 5989 142 63
v 5990 52 30
v 5991 19 10
v 5992 242 122
v 5993 262 137
v 5994 230 106
v 5995 150 71
v 5996 104 51
v 5997 190 90
v 5998 146 57
v 5999 120 61
v 6000 212 104
v 6001 80 38
v 6002 107 47
v 6007 168 73
v 6008 127 68
v 6009 158 71
v 6011 237 126
v 6014 151 81
v 6016 249 122
v 6017 104 54
v 6019 155 74
v 6023 265 128
v 6024 140 72
v 6025 70 40
v 6026 42 21
v 6033 74 36
v 6043 54 28
v 6426 1372 685
v 6427 886 406
v 6428 343 159
v 6429 951 461
v 6430 726 335
v 6431 734 324
v 6432 206 87
v 6433 349 136
v 6434 348 152
v 6435 611 306
v 6436 1055 503
v 6437 208 99
v 6438 124 58
v 6439 601 307
v 6440 216 105
v 6441 351 149
v 6442 380 165
v 6443 485 249
v 6444 339 153
v 6445 238 99
v 6446 328 170
v 6447 412 199
v 6448 1137 550
v 6449 1324 567
v 6450 317 131
v 6451 212 94
v 6452 228 88
v 6453 547 261
v 6454 1020 477
v 6455 641 289
v 6456 210 90
v 6457 145 71
v 6458 181 87
v 6459 294 147
v 6460 655 308
v 6461 98 48
v 6462 796 315
v 6463 232 111
v 6464 348 175
v 6465 77 33
v 6466 29 18
v 6467 466 212
v 6468 477 244
v 6469 544 268
v 6470 472 203
v 6471 927 391
v 6472 244 108
v 6473 125 68
v 6474 1587 656
v 6475 471 232
v 6476 1295 529
v 6477 132 59
v 6478 293 127
v 6479 151 75
v 6480 236 111
v 6481 135 56
v 6482 79 35
v 6483 171 75
v 6484 585 277
v 6485 1032 532
v 6486 1856 828
v 6487 821 384
v 6488 757 331
v 6489 53 29
v 6490 362 143
v 6491 370 158
v 6492 153 62
v 6493 963 423
v 6494 84 44
v 6495 109 57
v 6496 312 133
v 6497 773 362
v 6498 449 209
v 6499 123 63
v 6500 536 251
v 6501 626 333
v 6502 159 78
v 6503 70 27
v 6504 760 346
v 6505 923 437
v 6506 815 411
v 6507 460 212
v 6508 299 153
v 6509 679 334
v 6510 608 287
v 6511 402 186
v 6512 761 320
v 6513 275 117
v 6514 295 158
v 6519 700 311
v 6520 399 202
v 6521 656 297
v 6523 946 434
v 6526 397 181
v 6528 865 416
v 6529 345 178
v 6531 514 241
v 6535 860 399
v 6536 532 252
v 6537 326 143
v 6538 174 89
v 6545 310 153
v 6555 203 100
v 6683 1340 640
v 6684 449 223
v 6685 1519 761
v 6686 1175 587
v 6687 1222 559
v 6688 375 173
v 6689 591 252
v 6690 519 242
v 6691 848 415
v 6692 1276 634
v 6693 341 171
v 6694 234 111
v 6695 822 437
v 6696 386 203
v 6697 518 255
v 6698 644 283
v 6699 615 308
v 6700 559 255
v 6701 413 181
v 6702 487 230
v 6703 539 274
v 6704 1564 717
v 6705 1797 796
v 6706 478 195
v 6707 365 187
v 6708 332 153
v 6709 924 492
v 6710 1529 759
v 6711 889 405
v 6712 383 164
v 6713 221 101
v 6714 247 118
v 6715 408 211
v 6716 1000 469
v 6717 155 75
v 6718 1203 524
v 6719 367 189
v 6720 542 286
v 6721 94 39
v 6722 47 25
v 6723 813 388
v 6724 725 376
v 6725 780 377
v 6726 648 318
v 6727 1733 781
v 6728 333 185
v 6729 186 100
v 6730 2190 1028
v 6731 717 356
v 6732 1570 715
v 6733 194 84
v 6734 414 182
v 6735 229 124
v 6736 318 153
v 6737 219 105
v 6738 128 62
v 6739 249 119
v 6740 917 466
v 6741 1430 705
v 6742 3090 1406
v 6743 1299 602
v 6744 1356 655
v 6745 78 39
v 6746 499 214
v 6747 503 220
v 6748 216 90
v 6749 1452 701
v 6750 105 43
v 6751 156 78
v 6752 459 221
v 6753 1194 584
v 6754 521 269
v 6755 204 107
v 6756 940 443
v 6757 954 473
v 6758 211 101
v 6759 107 44
v 6760 1287 627
v 6761 1308 651
v 6762 1171 551
v 6763 747 376
v 6764 492 265
v 6765 935 469
v 6766 785 397
v 6767 686 344
v 6768 1125 507
v 6769 436 206
v 6770 538 271
v 6775 990 484
v 6776 704 348
v 6777 829 384
v 6779 1354 698
v 6782 720 353
v 6784 1312 665
v 6785 634 330
v 6787 778 370
v 6791 1322 617
v 6792 711 361
v 6793 465 256
v 6794 208 104
v 6801 390 240
v 6811 260 126
v 6940 223 131
v 6941 957 521
v 6942 666 361
v 6943 740 373
v 6944 208 101
v 6945 369 164
v 6946 266 148
v 6947 513 271
v 6948 920 468
v 6949 232 116
v 6950 146 68
v 6951 474 258
v 6952 206 110
v 6953 303 163
v 6954 435 210
v 6955 381 198
v 6956 302 158
v 6957 203 91
v 6958 214 120
v 6959 312 152
v 6960 890 425
v 6961 1039 504
v 6962 286 124
v 6963 211 112
v 6964 194 89
v 6965 574 318
v 6966 899 451
v 6967 578 263
v 6968 193 93
v 6969 142 69
v 6970 142 69
v 6971 248 150
v 6972 570 275
v 6973 92 41
v 6974 692 315
v 6975 186 93
v 6976 306 177
v 6977 53 29
v 6978 33 18
v 6979 493 223
v 6980 445 216
v 6981 470 251
v 6982 384 210
v 6983 1050 506
v 6984 218 122
v 6985 100 49
v 6986 1303 619
v 6987 487 243
v 6988 884 443
v 6989 126 60
v 6990 252 129
v 6991 148 75
v 6992 200 105
v 6993 146 78
v 6994 106 47
v 6995 136 72
v 6996 490 271
v 6997 860 481
v 6998 1766 890
v 6999 754 376
v 7000 799 412
v 7001 57 21
v 7002 289 143
v 7003 264 137
v 7004 137 59
v 7005 934 475
v 7006 88 40
v 7007 59 27
v 7008 279 138
v 7009 669 352
v 7010 283 154
v 7011 99 53
v 7012 544 294
v 7013 543 289
v 7014 145 73
v 7015 72 29
v 7016 703 360
v 7017 753 381
v 7018 686 329
v 7019 409 219
v 7020 279 148
v 7021 662 317
v 7022 416 208
v 7023 403 192
v 7024 651 325
v 7025 234 95
v 7026 308 169
v 7031 628 327
v 7032 437 227
v 7033 491 251
v 7035 779 417
v 7038 388 202
v 7040 782 393
v 7041 333 174
v 7043 486 262
v 7047 865 409
v 7048 442 224
v 7049 298 133
v 7050 128 67
v 7057 240 140
v 7067 157 75
v 7197 351 160
v 7198 257 111
v 7199 257 117
v 7200 145 53
v 7201 118 50
v 7202 118 64
v 7203 156 76
v 7204 324 157
v 7205 79 36
v 7206 39 16
v 7207 174 95
v 7208 74 33
v 7209 134 72
v 7210 123 56
v 7211 140 71
v 7212 117 62
v 7213 84 31
v 7214 104 60
v 7215 114 64
v 7216 383 155
v 7217 416 172
v 7218 85 37
v 7219 90 37
v 7220 73 30
v 7221 224 111
v 7222 356 186
v 7223 236 100
v 7224 80 34
v 7225 42 19
v 7226 43 16
v 7227 86 45
v 7228 233 105
v 7229 27 13
v 7230 484 210
v 7231 103 53
v 7232 112 62
v 7233 25 12
v 7234 9 3
v 7235 145 71
v 7236 185 89
v 7237 184 88
v 7238 138 68
v 7239 349 169
v 7240 73 34
v 7241 32 17
v 7242 495 225
v 7243 173 90
v 7244 363 151
v 7245 28 13
v 7246 94 44
v 7247 43 18
v 7248 78 36
v 7249 53 23
v 7250 42 16
v 7251 49 29
v 7252 191 88
v 7253 317 185
v 7254 664 294
v 7255 316 134
v 7256 444 203
v 7257 12 4
v 7258 124 59
v 7259 120 59
v 7260 59 22
v 7261 359 159
v 7262 22 14
v 7263 52 20
v 7264 116 58
v 7265 264 134
v 7266 131 64
v 7267 49 24
v 7268 194 97
v 7269 221 105
v 7270 44 15
v 7271 20 9
v 7272 346 161
v 7273 226 99
v 7274 274 126
v 7275 175 75
v 7276 131 57
v 7277 258 131
v 7278 139 63
v 7279 178 86
v 7280 192 86
v 7281 82 35
v 7282 101 55
v 7287 192 92
v 7288 160 88
v 7289 199 96
v 7291 309 151
v 7294 158 80
v 7296 291 150
v 7297 128 61
v 7299 178 90
v 7303 300 141
v 7304 148 87
v 7305 110 50
v 7306 59 28
v 7313 102 54
v 7323 71 28
v 7454 697 329
v 7455 844 390
v 7456 229 92
v 7457 412 186
v 7458 350 163
v 7459 543 267
v 7460 1099 493
v 7461 257 129
v 7462 120 59
v 7463 616 303
v 7464 247 112
v 7465 323 166
v 7466 424 192
v 7467 493 218
v 7468 333 171
v 7469 264 110
v 7470 297 157
v 7471 432 192
v 7472 1078 548
v 7473 1397 626
v 7474 341 147
v 7475 245 111
v 7476 243 88
v 7477 565 298
v 7478 1138 459
v 7479 779 346
v 7480 261 121
v 7481 153 63
v 7482 187 92
v 7483 330 147
v 7484 833 371
v 7485 123 65
v 7486 884 363
v 7487 237 106
v 7488 347 183
v 7489 71 37
v 7490 28 13
v 7491 475 209
v 7492 488 246
v 7493 648 279
v 7494 670 291
v 7495 1271 568
v 7496 203 98
v 7497 107 62
v 7498 1464 661
v 7499 523 263
v 7500 1277 522
v 7501 140 74
v 7502 362 162
v 7503 147 79
v 7504 231 99
v 7505 149 72
v 7506 110 48
v 7507 164 84
v 7508 614 309
v 7509 1030 479
v 7510 1800 808
v 7511 886 380
v 7512 1010 451
v 7513 45 23
v 7514 366 171
v 7515 335 130
v 7516 143 69
v 7517 1530 627
v 7518 51 15
v 7519 84 49
v 7520 331 182
v 7521 878 388
v 7522 575 287
v 7523 135 78
v 7524 590 287
v 7525 750 351
v 7526 163 71
v 7527 77 35
v 7528 997 437
v 7529 925 427
v 7530 754 365
v 7531 487 245
v 7532 357 189
v 7533 675 342
v 7534 514 238
v 7535 553 241
v 7536 822 386
v 7537 266 111
v 7538 339 181
v 7543 759 337
v 7544 465 213
v 7545 591 253
v 7547 939 461
v 7550 447 246
v 7552 872 411
v 7553 377 219
v 7555 561 276
v 7559 1002 434
v 7560 533 245
v 7561 453 193
v 7562 163 74
v 7569 312 158
v 7579 207 88
v 7711 657 332
v 7712 192 83
v 7713 382 166
v 7714 280 141
v 7715 450 241
v 7716 822 399
v 7717 210 112
v 7718 123 61
v 7719 472 256
v 7720 201 107
v 7721 309 145
v 7722 349 157
v 7723 354 176
v 7724 272 142
v 7725 194 95
v 7726 265 135
v 7727 270 136
v 7728 826 427
v 7729 941 454
v 7730 281 134
v 7731 220 99
v 7732 170 79
v 7733 470 254
v 7734 840 393
v 7735 569 274
v 7736 219 103
v 7737 127 60
v 7738 166 84
v 7739 201 115
v 7740 568 261
v 7741 120 54
v 7742 693 300
v 7743 193 85
v 7744 279 153
v 7745 54 27
v 7746 30 11
v 7747 310 151
v 7748 398 204
v 7749 421 237
v 7750 384 178
v 7751 937 431
v 7752 187 113
v 7753 80 45
v 7754 1116 529
v 7755 376 205
v 7756 890 387
v 7757 122 55
v 7758 258 95
v 7759 110 62
v 7760 159 85
v 7761 99 44
v 7762 71 26
v 7763 137 78
v 7764 508 266
v 7765 838 413
v 7766 1553 736
v 7767 667 323
v 7768 725 326
v 7769 37 17
v 7770 306 141
v 7771 288 144
v 7772 122 60
v 7773 861 413
v 7774 78 40
v 7775 98 48
v 7776 229 119
v 7777 669 343
v 7778 221 120
v 7779 103 54
v 7780 479 258
v 7781 509 262
v 7782 118 60
v 7783 58 32
v 7784 697 354
v 7785 698 344
v 7786 651 317
v 7787 396 203
v 7788 233 131
v 7789 569 289
v 7790 416 185
v 7791 378 185
v 7792 695 325
v 7793 240 103
v 7794 285 160
v 7799 551 280
v 7800 353 193
v 7801 499 252
v 7803 799 421
v 7806 371 187
v 7808 641 313
v 7809 282 139
v 7811 478 232
v 7815 727 351
v 7816 410 193
v 7817 290 149
v 7818 136 64
v 7825 223 124
v 7835 159 88
v 7968 203 89
v 7969 348 159
v 7970 298 161
v 7971 422 241
v 7972 806 431
v 7973 200 119
v 7974 117 56
v 7975 471 255
v 7976 180 92
v 7977 288 161
v 7978 396 198
v 7979 357 186
v 7980 268 145
v 7981 223 114
v 7982 239 127
v 7983 315 157
v 7984 939 475
v 7985 1047 517
v 7986 316 148
v 7987 208 106
v 7988 187 82
v 7989 465 246
v 7990 897 441
v 7991 579 262
v 7992 220 97
v 7993 128 62
v 7994 160 72
v 7995 253 137
v 7996 614 301
v 7997 91 47
v 7998 711 331
v 7999 194 98
v 8000 306 178
v 8001 68 39
v 8002 28 17
v 8003 359 186
v 8004 439 228
v 8005 469 250
v 8006 360 184
v 8007 1034 500
v 8008 194 109
v 8009 95 53
v 8010 1193 603
v 8011 419 218
v 8012 1001 476
v 8013 137 60
v 8014 271 133
v 8015 120 71
v 8016 178 96
v 8017 92 55
v 8018 67 33
v 8019 133 71
v 8020 512 256
v 8021 865 458
v 8022 1637 843
v 8023 720 376
v 8024 789 387
v 8025 32 19
v 8026 332 165
v 8027 310 163
v 8028 144 56
v 8029 946 463
v 8030 76 34
v 8031 89 47
v 8032 297 169
v 8033 671 340
v 8034 311 162
v 8035 93 50
v 8036 535 282
v 8037 574 313
v 8038 155 80
v 8039 55 20
v 8040 696 388
v 8041 793 397
v 8042 709 387
v 8043 433 212
v 8044 275 148
v 8045 494 274
v 8046 453 218
v 8047 433 211
v 8048 714 346
v 8049 244 123
v 8050 254 134
v 8055 623 324
v 8056 389 213
v 8057 421 214
v 8059 818 437
v 8062 389 206
v 8064 694 377
v 8065 296 155
v 8067 474 250
v 8071 724 386
v 8072 414 204
v 8073 302 154
v 8074 123 65
v 8081 257 144
v 8091 147 77
v 8225 74 41
v 8226 69 35
v 8227 135 79
v 8228 248 135
v 8229 66 33
v 8230 30 19
v 8231 126 77
v 8232 58 29
v 8233 120 73
v 8234 118 60
v 8235 106 55
v 8236 85 49
v 8237 55 30
v 8238 60 31
v 8239 74 46
v 8240 244 124
v 8241 287 119
v 8242 88 48
v 8243 53 29
v 8244 55 33
v 8245 143 76
v 8246 245 128
v 8247 144 80
v 8248 69 44
v 8249 30 12
v 8250 55 32
v 8251 71 37
v 8252 166 70
v 8253 25 12
v 8254 151 77
v 8255 56 20
v 8256 74 37
v 8257 15 5
v 8258 11 7
v 8259 103 50
v 8260 145 86
v 8261 173 81
v 8262 114 57
v 8263 251 122
v 8264 43 23
v 8265 42 21
v 8266 402 211
v 8267 126 69
v 8268 263 132
v 8269 22 9
v 8270 58 30
v 8271 47 22
v 8272 64 33
v 8273 31 17
v 8274 29 15
v 8275 41 25
v 8276 128 70
v 8277 217 123
v 8278 452 238
v 8279 194 101
v 8280 249 133
v 8281 16 10
v 8282 71 36
v 8283 58 28
v 8284 33 15
v 8285 306 160
v 8286 24 14
v 8287 22 12
v 8288 68 28
v 8289 167 92
v 8290 88 48
v 8291 42 21
v 8292 137 76
v 8293 208 114
v 8294 47 27
v 8295 13 6
v 8296 236 136
v 8297 167 78
v 8298 200 112
v 8299 125 64
v 8300 83 37
v 8301 143 73
v 8302 127 66
v 8303 139 73
v 8304 172 97
v 8305 49 24
v 8306 85 49
v 8311 143 73
v 8312 99 56
v 8313 143 69
v 8315 203 105
v 8318 112 61
v 8320 196 113
v 8321 96 52
v 8323 118 67
v 8327 229 101
v 8328 96 48
v 8329 72 40
v 8330 51 31
v 8337 68 37
v 8347 41 23
v 8482 118 69
v 8483 213 120
v 8484 395 204
v 8485 80 46
v 8486 70 40
v 8487 221 129
v 8488 91 61
v 8489 137 81
v 8490 170 82
v 8491 158 93
v 8492 137 80
v 8493 100 58
v 8494 148 81
v 8495 140 89
v 8496 498 274
v 8497 567 322
v 8498 143 71
v 8499 103 63
v 8500 104 56
v 8501 248 146
v 8502 339 222
v 8503 329 181
v 8504 112 62
v 8505 70 39
v 8506 70 34
v 8507 128 75
v 8508 287 153
v 8509 49 22
v 8510 406 196
v 8511 79 42
v 8512 122 73
v 8513 36 18
v 8514 29 17
v 8515 191 85
v 8516 190 107
v 8517 260 162
v 8518 167 99
v 8519 481 258
v 8520 301 167
v 8521 50 27
v 8522 604 331
v 8523 227 125
v 8524 468 260
v 8525 55 31
v 8526 159 86
v 8527 61 40
v 8528 114 73
v 8529 40 21
v 8530 38 24
v 8531 51 26
v 8532 250 146
v 8533 487 278
v 8534 540 285
v 8535 334 204
v 8536 329 178
v 8537 39 16
v 8538 184 96
v 8539 185 100
v 8540 85 43
v 8541 354 211
v 8542 53 29
v 8543 39 19
v 8544 123 79
v 8545 313 200
v 8546 184 106
v 8547 60 35
v 8548 307 178
v 8549 246 147
v 8550 46 26
v 8551 36 16
v 8552 341 175
v 8553 413 214
v 8554 356 192
v 8555 205 115
v 8556 112 61
v 8557 274 157
v 8558 219 115
v 8559 246 141
v 8560 277 148
v 8561 105 59
v 8562 112 67
v 8567 316 180
v 8568 216 126
v 8569 247 140
v 8571 410 220
v 8574 201 104
v 8576 361 192
v 8577 122 71
v 8579 252 151
v 8583 505 263
v 8584 213 128
v 8585 138 70
v 8586 72 45
v 8593 141 81
v 8603 106 57
v 8739 176 100
v 8740 351 196
v 8741 92 51
v 8742 49 25
v 8743 174 98
v 8744 77 42
v 8745 120 66
v 8746 131 60
v 8747 147 74
v 8748 132 65
v 8749 103 55
v 8750 104 58
v 8751 99 59
v 8752 447 232
v 8753 503 250
v 8754 140 69
v 8755 73 41
v 8756 94 43
v 8757 213 117
v 8758 340 173
v 8759 259 133
v 8760 119 52
v 8761 59 24
v 8762 57 28
v 8763 108 55
v 8764 279 128
v 8765 48 24
v 8766 299 132
v 8767 93 45
v 8768 129 73
v 8769 38 19
v 8770 9 3
v 8771 258 131
v 8772 162 77
v 8773 193 90
v 8774 148 86
v 8775 354 184
v 8776 71 39
v 8777 37 20
v 8778 589 297
v 8779 150 75
v 8780 425 204
v 8781 54 30
v 8782 117 53
v 8783 68 35
v 8784 91 44
v 8785 53 22
v 8786 33 13
v 8787 55 33
v 8788 208 102
v 8789 372 185
v 8790 716 344
v 8791 284 137
v 8792 263 124
v 8793 23 10
v 8794 164 86
v 8795 153 68
v 8796 69 23
v 8797 379 176
v 8798 32 17
v 8799 43 23
v 8800 115 68
v 8801 306 157
v 8802 172 93
v 8803 56 32
v 8804 223 126
v 8805 219 105
v 8806 55 22
v 8807 25 11
v 8808 286 140
v 8809 365 165
v 8810 282 152
v 8811 199 91
v 8812 120 70
v 8813 284 161
v 8814 202 91
v 8815 212 115
v 8816 349 185
v 8817 143 65
v 8818 118 55
v 8823 261 130
v 8824 158 85
v 8825 230 104
v 8827 333 163
v 8830 155 79
v 8832 332 161
v 8833 138 75
v 8835 241 135
v 8839 347 183
v 8840 205 119
v 8841 136 72
v 8842 70 40
v 8849 112 58
v 8859 84 46
v 8996 542 263
v 8997 121 65
v 8998 71 38
v 8999 313 156
v 9000 141 68
v 9001 227 106
v 9002 246 109
v 9003 285 138
v 9004 209 90
v 9005 175 89
v 9006 135 73
v 9007 263 129
v 9008 599 274
v 9009 621 279
v 9010 175 70
v 9011 115 56
v 9012 100 46
v 9013 326 177
v 9014 574 269
v 9015 301 135
v 9016 111 47
v 9017 89 39
v 9018 91 41
v 9019 202 119
v 9020 335 151
v 9021 59 27
v 9022 406 175
v 9023 122 55
v 9024 171 88
v 9025 35 19
v 9026 21 7
v 9027 339 144
v 9028 297 149
v 9029 338 164
v 9030 256 119
v 9031 454 194
v 9032 137 73
v 9033 65 38
v 9034 770 362
v 9035 315 164
v 9036 833 354
v 9037 52 18
v 9038 135 50
v 9039 78 44
v 9040 104 53
v 9041 66 27
v 9042 50 27
v 9043 102 57
v 9044 341 161
v 9045 608 325
v 9046 1121 565
v 9047 489 246
v 9048 456 201
v 9049 26 15
v 9050 191 87
v 9051 138 64
v 9052 87 45
v 9053 545 244
v 9054 35 17
v 9055 53 25
v 9056 189 80
v 9057 450 206
v 9058 226 109
v 9059 66 31
v 9060 293 146
v 9061 407 207
v 9062 85 41
v 9063 39 17
v 9064 436 187
v 9065 407 182
v 9066 366 171
v 9067 230 88
v 9068 197 110
v 9069 343 170
v 9070 337 152
v 9071 287 144
v 9072 349 151
v 9073 137 62
v 9074 186 99
v 9079 363 165
v 9080 208 119
v 9081 339 165
v 9083 488 249
v 9086 235 113
v 9088 497 235
v 9089 221 109
v 9091 301 152
v 9095 425 202
v 9096 226 109
v 9097 164 71
v 9098 73 38
v 9105 153 88
v 9115 118 56
v 9253 262 146
v 9254 140 74
v 9255 665 348
v 9256 202 90
v 9257 363 185
v 9258 476 229
v 9259 479 221
v 9260 340 176
v 9261 236 85
v 9262 282 151
v 9263 426 216
v 9264 1046 491
v 9265 1351 675
v 9266 255 123
v 9267 276 129
v 9268 244 102
v 9269 631 323
v 9270 1033 499
v 9271 662 310
v 9272 282 136
v 9273 159 73
v 9274 196 104
v 9275 269 151
v 9276 674 322
v 9277 102 49
v 9278 1027 461
v 9279 285 140
v 9280 336 172
v 9281 73 35
v 9282 33 23
v 9283 485 248
v 9284 280 128
v 9285 593 278
v 9286 398 191
v 9287 1388 701
v 9288 254 128
v 9289 110 62
v 9290 1338 659
v 9291 478 238
v 9292 1137 512
v 9293 126 63
v 9294 304 155
v 9295 111 63
v 9296 213 111
v 9297 142 76
v 9298 110 57
v 9299 182 91
v 9300 634 326
v 9301 1021 515
v 9302 1912 926
v 9303 820 397
v 9304 793 366
v 9305 57 32
v 9306 329 141
v 9307 347 152
v 9308 160 67
v 9309 1133 560
v 9310 110 47
v 9311 100 56
v 9312 369 205
v 9313 801 403
v 9314 474 255
v 9315 131 78
v 9316 660 321
v 9317 532 244
v 9318 159 84
v 9319 103 52
v 9320 825 407
v 9321 733 369
v 9322 873 450
v 9323 491 222
v 9324 311 142
v 9325 669 378
v 9326 491 228
v 9327 293 129
v 9328 888 449
v 9329 239 104
v 9330 304 167
v 9335 730 368
v 9336 410 203
v 9337 479 214
v 9339 895 450
v 9342 496 226
v 9344 891 434
v 9345 372 196
v 9347 449 231
v 9351 886 443
v 9352 514 264
v 9353 335 141
v 9354 439 214
v 9361 293 158
v 9371 188 91
v 9510 32 15
v 9511 147 69
v 9512 57 27
v 9513 98 49
v 9514 71 37
v 9515 104 51
v 9516 109 48
v 9517 51 22
v 9518 72 38
v 9519 82 47
v 9520 299 144
v 9521 314 167
v 9522 94 48
v 9523 73 38
v 9524 60 27
v 9525 150 83
v 9526 248 116
v 9527 160 87
v 9528 61 29
v 9529 50 21
v 9530 37 14
v 9531 77 47
v 9532 166 71
v 9533 31 12
v 9534 201 84
v 9535 62 29
v 9536 95 43
v 9537 17 5
v 9538 14 5
v 9539 118 56
v 9540 134 71
v 9541 138 59
v 9542 114 57
v 9543 292 119
v 9544 48 26
v 9545 27 18
v 9546 369 181
v 9547 106 55
v 9548 256 102
v 9549 37 13
v 9550 67 36
v 9551 31 18
v 9552 59 27
v 9553 25 12
v 9554 25 13
v 9555 39 25
v 9556 125 62
v 9557 274 134
v 9558 467 237
v 9559 216 99
v 9560 227 96
v 9561 6 2
v 9562 86 47
v 9563 88 38
v 9564 35 14
v 9565 307 133
v 9566 12 6
v 9567 34 10
v 9568 82 45
v 9569 200 89
v 9570 98 54
v 9571 34 13
v 9572 145 81
v 9573 171 91
v 9574 45 17
v 9575 28 12
v 9576 266 112
v 9577 224 101
v 9578 221 105
v 9579 132 72
v 9580 89 46
v 9581 151 89
v 9582 117 51
v 9583 125 62
v 9584 209 86
v 9585 55 30
v 9586 87 47
v 9591 187 95
v 9592 113 51
v 9593 156 77
v 9595 203 110
v 9598 116 53
v 9600 216 111
v 9601 105 56
v 9603 133 70
v 9607 241 117
v 9608 118 65
v 9609 77 34
v 9610 35 20
v 9617 82 45
v 9627 72 34
v 9767 97 43
v 9768 31 12
v 9769 48 24
v 9770 56 25
v 9771 54 26
v 9772 39 17
v 9773 32 10
v 9774 42 18
v 9775 55 31
v 9776 185 95
v 9777 221 106
v 9778 67 28
v 9779 53 29
v 9780 25 6
v 9781 90 44
v 9782 128 67
v 9783 131 62
v 9784 78 31
v 9785 28 17
v 9786 24 14
v 9787 46 20
v 9788 130 68
v 9789 22 11
v 9790 145 75
v 9791 40 26
v 9792 40 19
v 9793 17 10
v 9794 3 3
v 9795 66 29
v 9796 71 35
v 9797 100 60
v 9798 75 43
v 9799 173 82
v 9800 47 23
v 9801 14 9
v 9802 258 124
v 9803 85 48
v 9804 179 80
v 9805 27 10
v 9806 47 18
v 9807 23 13
v 9808 40 17
v 9809 19 9
v 9810 23 8
v 9811 33 17
v 9812 98 53
v 9813 165 80
v 9814 283 127
v 9815 127 61
v 9816 139 60
v 9817 5 2
v 9818 66 27
v 9819 63 25
v 9820 34 18
v 9821 147 78
v 9822 11 7
v 9823 18 8
v 9824 56 32
v 9825 118 55
v 9826 66 35
v 9827 22 9
v 9828 107 50
v 9829 96 45
v 9830 18 9
v 9831 10 4
v 9832 144 63
v 9833 128 59
v 9834 135 63
v 9835 91 46
v 9836 39 20
v 9837 111 63
v 9838 83 38
v 9839 72 26
v 9840 116 49
v 9841 41 16
v 9842 42 20
v 9847 108 52
v 9848 78 38
v 9849 110 61
v 9851 110 51
v 9854 68 39
v 9856 143 71
v 9857 41 21
v 9859 87 47
v 9863 133 62
v 9864 89 45
v 9865 51 29
v 9866 30 16
v 9873 51 27
v 9883 32 13
v 10024 143 87
v 10025 229 92
v 10026 276 114
v 10027 280 147
v 10028 207 110
v 10029 118 50
v 10030 156 75
v 10031 231 110
v 10032 622 304
v 10033 720 338
v 10034 171 72
v 10035 185 85
v 10036 127 60
v 10037 373 186
v 10038 610 268
v 10039 427 202
v 10040 139 54
v 10041 90 36
v 10042 122 54
v 10043 181 79
v 10044 380 162
v 10045 68 33
v 10046 535 204
v 10047 148 74
v 10048 203 107
v 10049 58 31
v 10050 16 6
v 10051 290 132
v 10052 313 161
v 10053 338 155
v 10054 261 123
v 10055 702 328
v 10056 144 65
v 10057 62 39
v 10058 865 420
v 10059 285 122
v 10060 677 273
v 10061 73 27
v 10062 191 82
v 10063 83 38
v 10064 117 53
v 10065 72 26
v 10066 73 34
v 10067 85 36
v 10068 360 164
v 10069 609 294
v 10070 1168 535
v 10071 473 226
v 10072 485 222
v 10073 36 17
v 10074 234 113
v 10075 195 81
v 10076 88 40
v 10077 728 323
v 10078 35 16
v 10079 51 31
v 10080 187 91
v 10081 472 220
v 10082 225 116
v 10083 66 28
v 10084 438 197
v 10085 317 143
v 10086 68 31
v 10087 48 19
v 10088 501 227
v 10089 476 229
v 10090 549 243
v 10091 295 141
v 10092 186 99
v 10093 385 204
v 10094 273 128
v 10095 270 117
v 10096 470 228
v 10097 147 66
v 10098 200 101
v 10103 420 196
v 10104 295 154
v 10105 269 131
v 10107 556 297
v 10110 274 120
v 10112 551 269
v 10113 258 142
v 10115 268 123
v 10119 543 250
v 10120 337 168
v 10121 253 139
v 10122 111 57
v 10129 181 89
v 10139 108 57
v 10281 98 44
v 10282 124 60
v 10283 88 45
v 10284 90 48
v 10285 61 28
v 10286 52 25
v 10287 87 50
v 10288 221 104
v 10289 228 107
v 10290 74 40
v 10291 52 26
v 10292 45 15
v 10293 166 82
v 10294 269 135
v 10295 178 78
v 10296 65 28
v 10297 39 16
v 10298 56 26
v 10299 66 29
v 10300 132 62
v 10301 25 17
v 10302 185 79
v 10303 63 33
v 10304 84 46
v 10305 16 8
v 10306 10 8
v 10307 111 45
v 10308 113 55
v 10309 107 56
v 10310 92 44
v 10311 272 138
v 10312 52 23
v 10313 35 19
v 10314 326 131
v 10315 126 68
v 10316 260 104
v 10317 26 14
v 10318 63 29
v 10319 34 17
v 10320 47 26
v 10321 37 21
v 10322 14 7
v 10323 34 18
v 10324 134 71
v 10325 210 115
v 10326 463 216
v 10327 219 106
v 10328 205 86
v 10329 9 5
v 10330 80 43
v 10331 67 37
v 10332 32 14
v 10333 318 141
v 10334 15 9
v 10335 16 11
v 10336 90 44
v 10337 194 82
v 10338 71 35
v 10339 23 15
v 10340 150 81
v 10341 163 82
v 10342 53 25
v 10343 23 9
v 10344 304 109
v 10345 170 69
v 10346 173 90
v 10347 115 37
v 10348 83 48
v 10349 138 77
v 10350 117 48
v 10351 116 51
v 10352 167 88
v 10353 61 30
v 10354 55 28
v 10359 155 61
v 10360 98 49
v 10361 111 42
v 10363 224 115
v 10366 118 55
v 10368 208 107
v 10369 77 42
v 10371 115 53
v 10375 202 101
v 10376 110 48
v 10377 79 39
v 10378 35 17
v 10385 73 31
v 10395 52 23
v 10538 201 94
v 10539 155 88
v 10540 131 55
v 10541 106 61
v 10542 123 71
v 10543 136 66
v 10544 345 172
v 10545 404 215
v 10546 100 59
v 10547 122 62
v 10548 54 31
v 10549 262 140
v 10550 475 225
v 10551 266 146
v 10552 80 39
v 10553 58 17
v 10554 66 40
v 10555 109 56
v 10556 237 109
v 10557 42 21
v 10558 318 135
v 10559 141 77
v 10560 137 76
v 10561 28 14
v 10562 7 2
v 10563 193 87
v 10564 180 104
v 10565 189 91
v 10566 183 91
v 10567 544 282
v 10568 98 51
v 10569 39 19
v 10570 564 279
v 10571 169 85
v 10572 404 182
v 10573 41 19
v 10574 120 60
v 10575 53 25
v 10576 75 38
v 10577 56 28
v 10578 36 15
v 10579 55 26
v 10580 230 111
v 10581 373 232
v 10582 667 314
v 10583 263 135
v 10584 391 193
v 10585 15 7
v 10586 153 78
v 10587 103 52
v 10588 58 24
v 10589 480 237
v 10590 17 5
v 10591 38 20
v 10592 107 43
v 10593 328 178
v 10594 174 95
v 10595 46 23
v 10596 275 136
v 10597 218 97
v 10598 59 29
v 10599 40 24
v 10600 310 126
v 10601 314 160
v 10602 317 153
v 10603 214 117
v 10604 121 71
v 10605 261 154
v 10606 153 73
v 10607 139 60
v 10608 218 112
v 10609 87 45
v 10610 129 68
v 10615 243 142
v 10616 177 103
v 10617 165 81
v 10619 387 215
v 10622 210 120
v 10624 364 186
v 10625 187 108
v 10627 185 94
v 10631 359 193
v 10632 179 86
v 10633 144 82
v 10634 56 33
v 10641 111 59
v 10651 81 47
v 10795 208 125
v 10796 150 76
v 10797 119 56
v 10798 127 76
v 10799 150 74
v 10800 455 236
v 10801 503 245
v 10802 122 57
v 10803 121 61
v 10804 85 45
v 10805 280 161
v 10806 480 232
v 10807 238 114
v 10808 125 61
v 10809 43 16
v 10810 68 37
v 10811 114 62
v 10812 361 188
v 10813 57 25
v 10814 339 150
v 10815 85 49
v 10816 129 71
v 10817 28 18
v 10818 8 4
v 10819 227 113
v 10820 284 165
v 10821 408 226
v 10822 189 100
v 10823 618 321
v 10824 94 52
v 10825 61 40
v 10826 584 298
v 10827 305 177
v 10828 524 254
v 10829 50 20
v 10830 122 53
v 10831 57 29
v 10832 86 48
v 10833 69 37
v 10834 51 18
v 10835 58 31
v 10836 265 136
v 10837 330 168
v 10838 811 409
v 10839 397 221
v 10840 462 242
v 10841 13 3
v 10842 156 65
v 10843 99 45
v 10844 54 22
v 10845 518 264
v 10846 40 30
v 10847 47 30
v 10848 155 85
v 10849 391 216
v 10850 189 98
v 10851 58 35
v 10852 214 103
v 10853 403 225
v 10854 59 30
v 10855 38 25
v 10856 533 292
v 10857 430 222
v 10858 358 183
v 10859 231 117
v 10860 161 85
v 10861 253 142
v 10862 176 83
v 10863 200 105
v 10864 266 128
v 10865 110 62
v 10866 157 80
v 10871 311 160
v 10872 213 122
v 10873 280 147
v 10875 389 212
v 10878 175 100
v 10880 371 191
v 10881 155 93
v 10883 230 138
v 10887 406 200
v 10888 201 110
v 10889 168 99
v 10890 51 25
v 10897 126 76
v 10907 76 38
v 11052 155 61
v 11053 106 52
v 11054 141 67
v 11055 151 71
v 11056 484 234
v 11057 565 266
v 11058 143 74
v 11059 131 68
v 11060 101 51
v 11061 263 144
v 11062 431 226
v 11063 251 113
v 11064 119 49
v 11065 54 26
v 11066 102 57
v 11067 147 71
v 11068 351 151
v 11069 55 27
v 11070 348 125
v 11071 81 41
v 11072 148 81
v 11073 38 17
v 11074 9 4
v 11075 212 109
v 11076 156 75
v 11077 274 137
v 11078 188 105
v 11079 494 209
v 11080 114 63
v 11081 49 23
v 11082 680 283
v 11083 201 105
v 11084 524 243
v 11085 52 25
v 11086 140 60
v 11087 76 42
v 11088 92 37
v 11089 62 20
v 11090 44 21
v 11091 57 33
v 11092 250 133
v 11093 462 218
v 11094 832 386
v 11095 368 179
v 11096 391 169
v 11097 24 12
v 11098 163 64
v 11099 116 61
v 11100 81 30
v 11101 398 200
v 11102 37 18
v 11103 54 32
v 11104 135 68
v 11105 333 159
v 11106 169 100
v 11107 72 38
v 11108 291 144
v 11109 275 127
v 11110 61 27
v 11111 36 18
v 11112 395 198
v 11113 352 174
v 11114 354 177
v 11115 215 120
v 11116 148 83
v 11117 316 148
v 11118 265 132
v 11119 229 116
v 11120 310 149
v 11121 124 55
v 11122 123 65
v 11127 298 143
v 11128 196 112
v 11129 265 142
v 11131 391 192
v 11134 185 97
v 11136 393 202
v 11137 150 70
v 11139 244 124
v 11143 376 187
v 11144 217 102
v 11145 155 77
v 11146 79 40
v 11153 130 71
v 11163 84 40
v 11309 71 35
v 11310 135 67
v 11311 135 62
v 11312 433 194
v 11313 449 192
v 11314 115 55
v 11315 94 44
v 11316 75 27
v 11317 246 147
v 11318 425 209
v 11319 219 108
v 11320 84 42
v 11321 39 17
v 11322 66 34
v 11323 94 67
v 11324 263 129
v 11325 56 24
v 11326 298 127
v 11327 99 47
v 11328 122 60
v 11329 25 15
v 11330 21 12
v 11331 183 100
v 11332 224 118
v 11333 155 75
v 11334 159 80
v 11335 447 212
v 11336 94 48
v 11337 43 23
v 11338 592 298
v 11339 165 77
v 11340 359 175
v 11341 50 21
v 11342 101 54
v 11343 64 33
v 11344 83 42
v 11345 50 22
v 11346 43 18
v 11347 47 25
v 11348 200 95
v 11349 361 198
v 11350 781 400
v 11351 339 161
v 11352 273 126
v 11353 21 10
v 11354 129 64
v 11355 139 69
v 11356 61 37
v 11357 349 174
v 11358 29 15
v 11359 53 27
v 11360 100 48
v 11361 320 171
v 11362 143 76
v 11363 66 43
v 11364 212 113
v 11365 215 103
v 11366 54 26
v 11367 35 11
v 11368 292 127
v 11369 248 117
v 11370 281 134
v 11371 159 78
v 11372 120 70
v 11373 223 122
v 11374 145 63
v 11375 203 109
v 11376 276 146
v 11377 99 53
v 11378 122 65
v 11383 207 89
v 11384 173 88
v 11385 249 129
v 11387 322 172
v 11390 171 87
v 11392 330 162
v 11393 138 80
v 11395 214 114
v 11399 320 134
v 11400 155 78
v 11401 127 59
v 11402 65 31
v 11409 105 59
v 11419 57 25
v 11566 71 32
v 11567 82 47
v 11568 322 171
v 11569 305 150
v 11570 87 47
v 11571 80 38
v 11572 63 31
v 11573 154 95
v 11574 229 109
v 11575 156 76
v 11576 57 27
v 11577 40 24
v 11578 45 23
v 11579 66 30
v 11580 198 88
v 11581 30 15
v 11582 204 95
v 11583 92 50
v 11584 89 51
v 11585 15 6
v 11586 8 5
v 11587 90 50
v 11588 114 56
v 11589 181 95
v 11590 110 52
v 11591 271 121
v 11592 56 31
v 11593 27 17
v 11594 379 203
v 11595 127 63
v 11596 288 144
v 11597 23 12
v 11598 101 47
v 11599 38 19
v 11600 59 30
v 11601 35 16
v 11602 24 12
v 11603 36 10
v 11604 145 83
v 11605 267 151
v 11606 515 278
v 11607 213 107
v 11608 220 116
v 11609 12 7
v 11610 106 52
v 11611 90 46
v 11612 38 21
v 11613 228 118
v 11614 24 11
v 11615 28 17
v 11616 85 48
v 11617 223 102
v 11618 81 51
v 11619 24 15
v 11620 115 62
v 11621 201 120
v 11622 38 21
v 11623 18 13
v 11624 170 90
v 11625 208 121
v 11626 222 130
v 11627 146 69
v 11628 86 55
v 11629 136 88
v 11630 133 61
v 11631 134 77
v 11632 193 128
v 11633 68 26
v 11634 67 42
v 11639 172 82
v 11640 102 59
v 11641 152 81
v 11643 222 111
v 11646 141 81
v 11648 220 138
v 11649 91 49
v 11651 143 82
v 11655 205 119
v 11656 103 53
v 11657 104 53
v 11658 138 63
v 11665 66 43
v 11675 55 25
v 11823 109 45
v 11824 432 171
v 11825 400 149
v 11826 128 60
v 11827 86 37
v 11828 68 27
v 11829 181 96
v 11830 337 140
v 11831 204 76
v 11832 77 34
v 11833 54 24
v 11834 53 26
v 11835 84 40
v 11836 237 121
v 11837 33 12
v 11838 231 91
v 11839 84 37
v 11840 97 48
v 11841 35 17
v 11842 10 7
v 11843 147 53
v 11844 221 94
v 11845 178 99
v 11846 152 80
v 11847 378 176
v 11848 93 44
v 11849 39 16
v 11850 479 206
v 11851 117 54
v 11852 370 153
v 11853 43 18
v 11854 92 30
v 11855 36 15
v 11856 74 34
v 11857 44 21
v 11858 34 16
v 11859 31 15
v 11860 161 74
v 11861 293 139
v 11862 588 258
v 11863 283 123
v 11864 356 157
v 11865 9 5
v 11866 146 63
v 11867 124 63
v 11868 62 30
v 11869 305 128
v 11870 26 10
v 11871 46 21
v 11872 98 41
v 11873 257 116
v 11874 177 97
v 11875 47 25
v 11876 206 95
v 11877 264 124
v 11878 33 13
v 11879 29 15
v 11880 316 159
v 11881 460 206
v 11882 300 131
v 11883 165 61
v 11884 78 38
v 11885 259 115
v 11886 123 65
v 11887 185 88
v 11888 267 107
v 11889 83 42
v 11890 98 42
v 11895 189 76
v 11896 143 76
v 11897 183 77
v 11899 260 116
v 11902 158 78
v 11904 286 143
v 11905 109 55
v 11907 180 80
v 11911 286 112
v 11912 175 87
v 11913 104 69
v 11914 55 30
v 11921 84 40
v 11931 52 21
v 12080 396 188
v 12081 520 268
v 12082 123 53
v 12083 97 44
v 12084 95 39
v 12085 262 120
v 12086 360 177
v 12087 231 92
v 12088 112 44
v 12089 55 24
v 12090 95 46
v 12091 205 134
v 12092 284 149
v 12093 46 19
v 12094 352 149
v 12095 96 41
v 12096 118 69
v 12097 25 11
v 12098 10 5
v 12099 203 108
v 12100 181 100
v 12101 225 120
v 12102 138 64
v 12103 436 216
v 12104 102 56
v 12105 35 17
v 12106 477 217
v 12107 202 112
v 12108 515 233
v 12109 56 23
v 12110 110 45
v 12111 63 30
v 12112 85 36
v 12113 53 26
v 12114 37 17
v 12115 44 26
v 12116 222 116
v 12117 348 162
v 12118 689 309
v 12119 303 151
v 12120 375 179
v 12121 24 13
v 12122 124 67
v 12123 125 56
v 12124 58 27
v 12125 418 202
v 12126 27 13
v 12127 40 18
v 12128 116 52
v 12129 282 123
v 12130 182 98
v 12131 54 33
v 12132 179 84
v 12133 241 114
v 12134 49 24
v 12135 32 15
v 12136 296 131
v 12137 309 144
v 12138 285 142
v 12139 193 91
v 12140 125 63
v 12141 255 128
v 12142 220 104
v 12143 156 73
v 12144 321 149
v 12145 88 40
v 12146 142 75
v 12151 245 112
v 12152 152 66
v 12153 211 96
v 12155 337 166
v 12158 152 83
v 12160 321 169
v 12161 130 51
v 12163 199 93
v 12167 294 144
v 12168 184 90
v 12169 104 44
v 12170 63 27
v 12177 125 66
v 12187 73 32
v 12337 1557 723
v 12338 452 222
v 12339 278 135
v 12340 263 126
v 12341 661 334
v 12342 1319 621
v 12343 739 342
v 12344 319 146
v 12345 214 96
v 12346 225 125
v 12347 350 200
v 12348 883 433
v 12349 201 93
v 12350 996 419
v 12351 299 152
v 12352 364 198
v 12353 84 42
v 12354 48 24
v 12355 517 228
v 12356 536 272
v 12357 626 351
v 12358 563 290
v 12359 1462 701
v 12360 271 157
v 12361 147 89
v 12362 1806 873
v 12363 496 257
v 12364 1340 597
v 12365 179 85
v 12366 403 181
v 12367 177 104
v 12368 306 163
v 12369 179 90
v 12370 135 56
v 12371 200 107
v 12372 650 351
v 12373 1199 683
v 12374 2145 1059
v 12375 1007 517
v 12376 934 437
v 12377 79 44
v 12378 395 192
v 12379 487 230
v 12380 218 99
v 12381 1371 672
v 12382 109 58
v 12383 125 69
v 12384 369 202
v 12385 960 497
v 12386 489 281
v 12387 144 79
v 12388 761 391
v 12389 678 360
v 12390 166 72
v 12391 91 46
v 12392 935 461
v 12393 1047 529
v 12394 981 521
v 12395 602 294
v 12396 322 167
v 12397 1054 553
v 12398 633 307
v 12399 594 286
v 12400 1100 527
v 12401 370 184
v 12402 366 185
v 12407 768 373
v 12408 503 273
v 12409 748 399
v 12411 1165 603
v 12414 532 262
v 12416 1071 535
v 12417 405 207
v 12419 750 402
v 12423 1114 521
v 12424 587 312
v 12425 437 193
v 12426 215 115
v 12433 398 233
v 12443 231 109
v 12594 478 241
v 12595 308 157
v 12596 330 157
v 12597 700 379
v 12598 1472 736
v 12599 935 476
v 12600 351 169
v 12601 207 93
v 12602 230 120
v 12603 463 241
v 12604 1151 602
v 12605 168 96
v 12606 1144 532
v 12607 321 183
v 12608 420 237
v 12609 113 51
v 12610 56 31
v 12611 627 297
v 12612 528 294
v 12613 823 473
v 12614 624 335
v 12615 1574 773
v 12616 284 164
v 12617 137 81
v 12618 1987 1012
v 12619 611 315
v 12620 1652 778
v 12621 230 120
v 12622 472 219
v 12623 217 115
v 12624 326 163
v 12625 179 102
v 12626 153 74
v 12627 200 108
v 12628 715 375
v 12629 1204 675
v 12630 2472 1294
v 12631 1164 613
v 12632 1385 686
v 12633 80 48
v 12634 514 246
v 12635 478 234
v 12636 300 151
v 12637 1539 764
v 12638 101 56
v 12639 120 56
v 12640 434 227
v 12641 1048 550
v 12642 781 408
v 12643 178 106
v 12644 834 471
v 12645 845 459
v 12646 184 88
v 12647 114 48
v 12648 1199 613
v 12649 1286 674
v 12650 1244 635
v 12651 723 345
v 12652 436 236
v 12653 1024 619
v 12654 661 324
v 12655 666 343
v 12656 1218 604
v 12657 395 184
v 12658 418 234
v 12663 1002 531
v 12664 628 357
v 12665 879 457
v 12667 1356 762
v 12670 602 332
v 12672 1099 575
v 12673 460 261
v 12675 842 465
v 12679 1293 679
v 12680 738 404
v 12681 539 297
v 12682 236 131
v 12689 423 241
v 12699 314 154
v 12851 81 43
v 12852 95 55
v 12853 173 89
v 12854 291 155
v 12855 221 108
v 12856 78 41
v 12857 69 34
v 12858 57 32
v 12859 93 52
v 12860 280 146
v 12861 55 34
v 12862 301 144
v 12863 94 45
v 12864 105 49
v 12865 20 12
v 12866 17 13
v 12867 182 89
v 12868 181 104
v 12869 191 101
v 12870 151 78
v 12871 399 208
v 12872 82 48
v 12873 31 17
v 12874 481 234
v 12875 171 95
v 12876 416 190
v 12877 48 24
v 12878 112 55
v 12879 60 29
v 12880 86 47
v 12881 50 24
v 12882 48 21
v 12883 65 38
v 12884 213 112
v 12885 380 197
v 12886 649 346
v 12887 302 150
v 12888 289 147
v 12889 17 11
v 12890 154 68
v 12891 153 62
v 12892 45 18
v 12893 443 222
v 12894 28 18
v 12895 34 24
v 12896 83 45
v 12897 289 159
v 12898 126 73
v 12899 43 18
v 12900 226 118
v 12901 214 115
v 12902 42 19
v 12903 21 14
v 12904 158 86
v 12905 374 212
v 12906 271 149
v 12907 180 97
v 12908 77 40
v 12909 302 177
v 12910 185 97
v 12911 199 104
v 12912 346 184
v 12913 106 59
v 12914 107 67
v 12919 253 129
v 12920 145 74
v 12921 245 121
v 12923 328 180
v 12926 169 94
v 12928 270 153
v 12929 100 59
v 12931 250 144
v 12935 272 139
v 12936 188 102
v 12937 138 69
v 12938 49 27
v 12945 128 67
v 12955 100 57
v 13108 54 26
v 13109 157 83
v 13110 306 137
v 13111 158 73
v 13112 68 40
v 13113 37 17
v 13114 61 28
v 13115 86 52
v 13116 175 82
v 13117 34 15
v 13118 234 97
v 13119 63 33
v 13120 91 56
v 13121 20 11
v 13122 10 3
v 13123 114 55
v 13124 127 63
v 13125 173 80
v 13126 123 63
v 13127 323 173
v 13128 71 39
v 13129 33 17
v 13130 400 186
v 13131 119 65
v 13132 316 138
v 13133 48 19
v 13134 81 38
v 13135 43 18
v 13136 47 27
v 13137 37 20
v 13138 27 13
v 13139 39 19
v 13140 152 78
v 13141 249 125
v 13142 476 259
v 13143 232 118
v 13144 254 114
v 13145 17 8
v 13146 112 52
v 13147 83 38
v 13148 37 17
v 13149 247 129
v 13150 15 9
v 13151 21 9
v 13152 76 41
v 13153 179 81
v 13154 125 59
v 13155 33 16
v 13156 155 89
v 13157 159 77
v 13158 33 16
v 13159 22 16
v 13160 203 109
v 13161 238 105
v 13162 254 134
v 13163 153 71
v 13164 107 66
v 13165 190 83
v 13166 120 50
v 13167 109 49
v 13168 217 95
v 13169 66 30
v 13170 81 49
v 13175 188 93
v 13176 93 45
v 13177 155 69
v 13179 263 138
v 13182 127 67
v 13184 197 96
v 13185 104 55
v 13187 144 67
v 13191 215 105
v 13192 132 72
v 13193 67 33
v 13194 59 38
v 13201 78 45
v 13211 43 25
v 13365 128 65
v 13366 212 111
v 13367 180 97
v 13368 63 24
v 13369 32 13
v 13370 36 22
v 13371 49 26
v 13372 179 94
v 13373 43 16
v 13374 228 100
v 13375 48 23
v 13376 67 32
v 13377 11 8
v 13378 6 4
v 13379 100 52
v 13380 116 66
v 13381 152 85
v 13382 96 47
v 13383 262 131
v 13384 65 29
v 13385 21 8
v 13386 330 171
v 13387 108 59
v 13388 241 123
v 13389 40 24
v 13390 80 37
v 13391 41 23
v 13392 68 40
v 13393 38 23
v 13394 37 17
v 13395 37 20
v 13396 117 61
v 13397 195 98
v 13398 379 193
v 13399 204 94
v 13400 153 65
v 13401 13 6
v 13402 73 32
v 13403 76 36
v 13404 30 15
v 13405 332 196
v 13406 16 10
v 13407 16 9
v 13408 73 38
v 13409 175 101
v 13410 113 55
v 13411 25 14
v 13412 159 98
v 13413 120 67
v 13414 31 19
v 13415 18 8
v 13416 184 87
v 13417 247 141
v 13418 232 121
v 13419 131 71
v 13420 71 46
v 13421 163 101
v 13422 100 50
v 13423 102 55
v 13424 233 127
v 13425 70 43
v 13426 63 32
v 13431 249 136
v 13432 116 77
v 13433 163 90
v 13435 236 135
v 13438 94 48
v 13440 201 110
v 13441 82 49
v 13443 132 73
v 13447 200 100
v 13448 121 69
v 13449 96 58
v 13450 38 23
v 13457 88 54
v 13467 51 28
v 13622 579 279
v 13623 383 164
v 13624 133 52
v 13625 94 34
v 13626 119 48
v 13627 199 103
v 13628 388 165
v 13629 64 23
v 13630 533 208
v 13631 141 59
v 13632 214 119
v 13633 45 21
v 13634 21 9
v 13635 343 130
v 13636 307 159
v 13637 330 164
v 13638 278 131
v 13639 589 264
v 13640 140 70
v 13641 63 29
v 13642 931 409
v 13643 301 154
v 13644 751 337
v 13645 84 26
v 13646 179 68
v 13647 100 49
v 13648 166 94
v 13649 99 49
v 13650 62 33
v 13651 86 40
v 13652 376 181
v 13653 601 279
v 13654 1262 584
v 13655 541 250
v 13656 553 240
v 13657 31 14
v 13658 210 103
v 13659 184 76
v 13660 91 36
v 13661 654 287
v 13662 32 21
v 13663 57 29
v 13664 205 103
v 13665 532 262
v 13666 295 143
v 13667 86 38
v 13668 410 187
v 13669 406 200
v 13670 83 32
v 13671 48 18
v 13672 513 237
v 13673 493 219
v 13674 584 265
v 13675 320 138
v 13676 223 111
v 13677 433 177
v 13678 315 141
v 13679 271 112
v 13680 436 201
v 13681 153 67
v 13682 238 119
v 13687 474 196
v 13688 279 143
v 13689 314 149
v 13691 558 261
v 13694 313 151
v 13696 532 242
v 13697 201 91
v 13699 322 149
v 13703 594 235
v 13704 264 130
v 13705 216 102
v 13706 104 41
v 13713 211 96
v 13723 135 61
v 13879 674 325
v 13880 289 141
v 13881 156 61
v 13882 196 104
v 13883 276 147
v 13884 700 335
v 13885 108 52
v 13886 809 354
v 13887 248 130
v 13888 408 219
v 13889 55 25
v 13890 28 17
v 13891 577 307
v 13892 353 191
v 13893 542 279
v 13894 577 280
v 13895 1102 504
v 13896 258 155
v 13897 112 74
v 13898 1696 906
v 13899 478 259
v 13900 1190 534
v 13901 137 61
v 13902 307 152
v 13903 169 90
v 13904 237 116
v 13905 132 66
v 13906 127 62
v 13907 169 97
v 13908 643 335
v 13909 1015 556
v 13910 1815 908
v 13911 994 527
v 13912 1045 519
v 13913 63 32
v 13914 383 196
v 13915 381 191
v 13916 150 65
v 13917 1305 623
v 13918 107 38
v 13919 134 55
v 13920 477 278
v 13921 818 412
v 13922 424 235
v 13923 129 77
v 13924 616 304
v 13925 671 329
v 13926 150 78
v 13927 90 43
v 13928 944 495
v 13929 1359 748
v 13930 818 445
v 13931 631 325
v 13932 410 252
v 13933 840 463
v 13934 720 376
v 13935 441 212
v 13936 693 341
v 13937 295 139
v 13938 360 208
v 13943 887 448
v 13944 472 243
v 13945 620 303
v 13947 993 540
v 13950 473 242
v 13952 960 551
v 13953 441 255
v 13955 567 303
v 13959 988 498
v 13960 567 276
v 13961 428 230
v 13962 155 90
v 13969 320 172
v 13979 228 115
v 14136 227 103
v 14137 112 58
v 14138 118 62
v 14139 222 146
v 14140 531 267
v 14141 74 38
v 14142 556 260
v 14143 165 78
v 14144 208 102
v 14145 63 33
v 14146 24 13
v 14147 243 125
v 14148 317 160
v 14149 439 206
v 14150 311 158
v 14151 749 369
v 14152 166 90
v 14153 70 40
v 14154 1033 524
v 14155 305 167
v 14156 775 368
v 14157 79 41
v 14158 243 120
v 14159 97 57
v 14160 157 78
v 14161 95 56
v 14162 91 43
v 14163 108 61
v 14164 408 221
v 14165 725 416
v 14166 1344 659
v 14167 513 251
v 14168 604 276
v 14169 25 9
v 14170 268 122
v 14171 240 106
v 14172 128 69
v 14173 705 366
v 14174 27 14
v 14175 89 43
v 14176 220 107
v 14177 528 274
v 14178 356 175
v 14179 85 54
v 14180 438 260
v 14181 410 217
v 14182 105 56
v 14183 56 27
v 14184 622 312
v 14185 635 320
v 14186 696 340
v 14187 367 178
v 14188 262 146
v 14189 468 274
v 14190 367 199
v 14191 245 113
v 14192 701 353
v 14193 194 111
v 14194 219 110
v 14199 566 284
v 14200 305 176
v 14201 411 214
v 14203 748 386
v 14206 331 180
v 14208 590 313
v 14209 239 128
v 14211 436 214
v 14215 635 306
v 14216 318 174
v 14217 257 135
v 14218 122 62
v 14225 227 125
v 14235 188 91
v 14393 29 14
v 14394 67 26
v 14395 82 43
v 14396 173 95
v 14397 34 19
v 14398 136 55
v 14399 69 41
v 14400 93 48
v 14401 20 9
v 14402 8 4
v 14403 135 60
v 14404 147 89
v 14405 181 94
v 14406 102 57
v 14407 284 142
v 14408 50 27
v 14409 31 19
v 14410 395 186
v 14411 129 68
v 14412 319 173
v 14413 34 14
v 14414 73 34
v 14415 33 18
v 14416 47 24
v 14417 38 21
v 14418 24 13
v 14419 38 24
v 14420 159 89
v 14421 277 165
v 14422 481 255
v 14423 250 141
v 14424 281 140
v 14425 9 6
v 14426 98 51
v 14427 103 60
v 14428 48 24
v 14429 287 135
v 14430 22 15
v 14431 22 10
v 14432 72 44
v 14433 187 96
v 14434 107 56
v 14435 33 21
v 14436 126 73
v 14437 172 96
v 14438 35 16
v 14439 24 7
v 14440 212 119
v 14441 218 107
v 14442 211 106
v 14443 129 62
v 14444 87 50
v 14445 165 81
v 14446 176 89
v 14447 148 72
v 14448 178 76
v 14449 72 37
v 14450 89 56
v 14455 165 100
v 14456 121 62
v 14457 160 86
v 14459 211 100
v 14462 126 63
v 14464 222 127
v 14465 68 39
v 14467 151 85
v 14471 214 104
v 14472 121 68
v 14473 91 50
v 14474 35 21
v 14481 98 51
v 14491 63 32
v 14650 22 9
v 14651 56 31
v 14652 100 50
v 14653 19 9
v 14654 132 62
v 14655 31 18
v 14656 53 27
v 14657 17 10
v 14658 6 2
v 14659 76 42
v 14660 68 34
v 14661 107 55
v 14662 67 36
v 14663 155 74
v 14664 31 19
v 14665 15 8
v 14666 272 148
v 14667 73 45
v 14668 177 85
v 14669 16 6
v 14670 43 21
v 14671 24 14
v 14672 51 21
v 14673 15 9
v 14674 13 4
v 14675 31 15
v 14676 78 37
v 14677 135 75
v 14678 307 152
v 14679 144 74
v 14680 150 80
v 14681 11 7
v 14682 75 34
v 14683 53 27
v 14684 34 17
v 14685 169 92
v 14686 6 5
v 14687 17 14
v 14688 64 31
v 14689 144 82
v 14690 85 54
v 14691 25 18
v 14692 105 56
v 14693 90 46
v 14694 28 19
v 14695 16 9
v 14696 112 66
v 14697 144 74
v 14698 111 66
v 14699 84 47
v 14700 34 21
v 14701 103 53
v 14702 84 49
v 14703 83 44
v 14704 151 80
v 14705 37 18
v 14706 45 18
v 14711 108 52
v 14712 68 37
v 14713 98 53
v 14715 147 75
v 14718 79 48
v 14720 141 76
v 14721 54 32
v 14723 103 55
v 14727 152 85
v 14728 60 28
v 14729 59 31
v 14730 53 27
v 14737 47 22
v 14747 30 14
v 14907 64 36
v 14908 115 53
v 14909 18 10
v 14910 186 77
v 14911 58 33
v 14912 57 34
v 14913 16 10
v 14914 8 3
v 14915 53 34
v 14916 90 44
v 14917 137 73
v 14918 97 50
v 14919 244 116
v 14920 53 28
v 14921 27 13
v 14922 269 136
v 14923 88 57
v 14924 229 110
v 14925 14 6
v 14926 70 35
v 14927 26 15
v 14928 34 19
v 14929 32 13
v 14930 32 14
v 14931 28 16
v 14932 112 64
v 14933 184 105
v 14934 375 181
v 14935 180 85
v 14936 182 75
v 14937 9 3
v 14938 84 38
v 14939 63 26
v 14940 30 13
v 14941 223 107
v 14942 12 5
v 14943 25 9
v 14944 68 39
v 14945 145 72
v 14946 91 42
v 14947 32 16
v 14948 107 62
v 14949 139 64
v 14950 17 10
v 14951 17 6
v 14952 166 80
v 14953 163 75
v 14954 149 85
v 14955 113 53
v 14956 62 32
v 14957 121 64
v 14958 104 45
v 14959 92 52
v 14960 159 71
v 14961 51 19
v 14962 66 38
v 14967 138 67
v 14968 108 66
v 14969 125 66
v 14971 206 107
v 14974 88 40
v 14976 130 59
v 14977 45 24
v 14979 107 56
v 14983 202 97
v 14984 103 48
v 14985 94 44
v 14986 26 12
v 14993 75 42
v 15003 49 28
v 15164 218 121
v 15165 35 15
v 15166 298 129
v 15167 83 44
v 15168 91 50
v 15169 25 12
v 15170 12 7
v 15171 131 54
v 15172 65 28
v 15173 138 59
v 15174 143 71
v 15175 354 142
v 15176 70 46
v 15177 38 21
v 15178 362 158
v 15179 168 87
v 15180 428 204
v 15181 44 23
v 15182 111 50
v 15183 37 20
v 15184 86 37
v 15185 41 17
v 15186 38 15
v 15187 61 28
v 15188 204 100
v 15189 289 145
v 15190 617 295
v 15191 262 130
v 15192 225 103
v 15193 11 5
v 15194 113 52
v 15195 119 49
v 15196 53 16
v 15197 321 148
v 15198 25 8
v 15199 40 22
v 15200 103 53
v 15201 239 106
v 15202 131 61
v 15203 34 14
v 15204 177 71
v 15205 187 97
v 15206 33 14
v 15207 27 16
v 15208 192 75
v 15209 296 138
v 15210 279 153
v 15211 158 75
v 15212 117 70
v 15213 222 91
v 15214 176 84
v 15215 156 59
v 15216 246 111
v 15217 70 25
v 15218 123 67
v 15223 204 93
v 15224 123 73
v 15225 182 81
v 15227 228 124
v 15230 142 69
v 15232 236 128
v 15233 113 62
v 15235 169 91
v 15239 254 126
v 15240 143 65
v 15241 98 54
v 15242 55 22
v 15249 91 45
v 15259 66 29
v 15421 118 49
v 15422 468 191
v 15423 187 96
v 15424 207 119
v 15425 61 23
v 15426 23 12
v 15427 379 192
v 15428 461 261
v 15429 437 251
v 15430 325 170
v 15431 692 336
v 15432 135 80
v 15433 83 48
v 15434 1018 524
v 15435 429 241
v 15436 832 427
v 15437 135 55
v 15438 254 135
v 15439 135 73
v 15440 152 79
v 15441 127 62
v 15442 69 29
v 15443 93 47
v 15444 344 173
v 15445 663 380
v 15446 1509 834
v 15447 616 288
v 15448 771 372
v 15449 67 44
v 15450 266 134
v 15451 246 123
v 15452 104 49
v 15453 696 353
v 15454 68 35
v 15455 99 56
v 15456 250 140
v 15457 605 331
v 15458 310 170
v 15459 111 62
v 15460 356 177
v 15461 557 301
v 15462 84 38
v 15463 47 26
v 15464 682 354
v 15465 628 322
v 15466 566 308
v 15467 385 190
v 15468 252 142
v 15469 623 340
v 15470 321 150
v 15471 571 311
v 15472 734 369
v 15473 193 86
v 15474 254 149
v 15479 504 256
v 15480 347 194
v 15481 540 289
v 15483 704 393
v 15486 341 187
v 15488 598 308
v 15489 275 144
v 15491 444 231
v 15495 687 324
v 15496 343 194
v 15497 303 151
v 15498 89 50
v 15505 236 138
v 15515 157 91
v 15678 110 49
v 15679 36 19
v 15680 33 20
v 15681 5 2
v 15682 4 1
v 15683 64 26
v 15684 64 33
v 15685 79 48
v 15686 56 23
v 15687 124 52
v 15688 28 18
v 15689 25 13
v 15690 230 122
v 15691 66 30
v 15692 139 62
v 15693 21 10
v 15694 39 18
v 15695 23 11
v 15696 20 10
v 15697 14 9
v 15698 18 3
v 15699 26 15
v 15700 84 52
v 15701 148 80
v 15702 244 132
v 15703 98 46
v 15704 108 53
v 15705 5 3
v 15706 50 28
v 15707 82 42
v 15708 26 7
v 15709 115 57
v 15710 15 8
v 15711 8 5
v 15712 30 15
v 15713 97 44
v 15714 70 35
v 15715 17 10
v 15716 77 39
v 15717 76 39
v 15718 19 10
v 15719 9 5
v 15720 105 56
v 15721 110 44
v 15722 78 43
v 15723 56 26
v 15724 31 18
v 15725 106 64
v 15726 67 23
v 15727 76 46
v 15728 81 34
v 15729 60 41
v 15730 33 16
v 15735 79 41
v 15736 44 27
v 15737 87 45
v 15739 111 52
v 15742 50 26
v 15744 97 47
v 15745 32 15
v 15747 85 41
v 15751 93 49
v 15752 83 45
v 15753 56 32
v 15754 26 13
v 15761 49 28
v 15771 23 10
v 15935 199 117
v 15936 280 160
v 15937 61 39
v 15938 31 15
v 15939 366 205
v 15940 392 223
v 15941 551 301
v 15942 384 221
v 15943 1147 556
v 15944 240 148
v 15945 113 69
v 15946 1299 725
v 15947 384 237
v 15948 1058 570
v 15949 115 67
v 15950 274 165
v 15951 108 64
v 15952 177 95
v 15953 139 75
v 15954 111 51
v 15955 123 69
v 15956 503 294
v 15957 849 510
v 15958 1693 947
v 15959 738 393
v 15960 875 482
v 15961 58 30
v 15962 315 162
v 15963 338 175
v 15964 151 80
v 15965 1236 633
v 15966 59 34
v 15967 141 67
v 15968 273 163
v 15969 701 382
v 15970 354 222
v 15971 114 67
v 15972 553 307
v 15973 558 330
v 15974 134 82
v 15975 89 52
v 15976 747 387
v 15977 856 463
v 15978 762 445
v 15979 487 260
v 15980 292 180
v 15981 706 418
v 15982 450 255
v 15983 442 236
v 15984 751 396
v 15985 221 120
v 15986 296 163
v 15991 650 377
v 15992 412 239
v 15993 545 292
v 15995 906 522
v 15998 417 227
v 16000 770 445
v 16001 277 165
v 16003 502 289
v 16007 743 381
v 16008 450 252
v 16009 354 194
v 16010 154 91
v 16017 313 194
v 16027 249 128
v 16192 76 29
v 16193 19 10
v 16194 8 3
v 16195 91 48
v 16196 138 77
v 16197 145 75
v 16198 111 56
v 16199 295 144
v 16200 59 32
v 16201 25 12
v 16202 383 219
v 16203 125 56
v 16204 285 134
v 16205 33 15
v 16206 95 44
v 16207 43 22
v 16208 57 29
v 16209 31 15
v 16210 28 12
v 16211 44 19
v 16212 151 78
v 16213 292 158
v 16214 429 189
v 16215 204 97
v 16216 204 106
v 16217 10 5
v 16218 93 51
v 16219 75 33
v 16220 38 14
v 16221 256 120
v 16222 29 18
v 16223 35 25
v 16224 81 43
v 16225 204 90
v 16226 97 55
v 16227 28 19
v 16228 168 85
v 16229 141 61
v 16230 49 19
v 16231 18 6
v 16232 231 112
v 16233 234 106
v 16234 199 99
v 16235 150 64
v 16236 107 54
v 16237 168 80
v 16238 154 66
v 16239 112 52
v 16240 181 93
v 16241 54 25
v 16242 83 44
v 16247 179 101
v 16248 87 49
v 16249 143 69
v 16251 199 99
v 16254 123 58
v 16256 228 110
v 16257 93 45
v 16259 142 70
v 16263 213 94
v 16264 122 62
v 16265 75 36
v 16266 38 18
v 16273 68 30
v 16283 42 19
v 16449 28 12
v 16450 8 6
v 16451 155 66
v 16452 147 69
v 16453 208 95
v 16454 168 72
v 16455 431 191
v 16456 95 53
v 16457 43 26
v 16458 505 226
v 16459 163 84
v 16460 395 160
v 16461 34 19
v 16462 86 39
v 16463 61 40
v 16464 60 23
v 16465 59 29
v 16466 24 9
v 16467 54 24
v 16468 222 101
v 16469 355 177
v 16470 713 317
v 16471 272 119
v 16472 283 122
v 16473 18 8
v 16474 121 60
v 16475 118 50
v 16476 53 24
v 16477 378 163
v 16478 32 17
v 16479 47 19
v 16480 127 63
v 16481 277 124
v 16482 122 60
v 16483 30 15
v 16484 226 106
v 16485 227 104
v 16486 59 27
v 16487 22 6
v 16488 411 179
v 16489 324 143
v 16490 292 134
v 16491 189 87
v 16492 132 60
v 16493 246 125
v 16494 175 90
v 16495 167 73
v 16496 278 125
v 16497 82 44
v 16498 128 58
v 16503 250 117
v 16504 149 80
v 16505 210 106
v 16507 344 180
v 16510 166 81
v 16512 332 155
v 16513 124 73
v 16515 181 84
v 16519 316 134
v 16520 173 93
v 16521 118 58
v 16522 66 29
v 16529 93 42
v 16539 69 38
v 16706 2 1
v 16707 34 13
v 16708 47 26
v 16709 41 19
v 16710 45 30
v 16711 82 41
v 16712 30 17
v 16713 6 3
v 16714 104 47
v 16715 32 13
v 16716 84 30
v 16717 11 6
v 16718 22 9
v 16719 13 4
v 16720 19 9
v 16721 8 4
v 16722 5 2
v 16723 12 8
v 16724 55 23
v 16725 72 38
v 16726 145 77
v 16727 59 24
v 16728 65 30
v 16729 5 3
v 16730 32 14
v 16731 45 20
v 16732 17 11
v 16733 99 47
v 16734 12 4
v 16735 11 8
v 16736 31 18
v 16737 64 41
v 16738 40 23
v 16739 16 6
v 16740 62 35
v 16741 30 15
v 16742 15 5
v 16743 5 4
v 16744 43 17
v 16745 65 33
v 16746 74 36
v 16747 38 14
v 16748 25 8
v 16749 58 27
v 16750 52 26
v 16751 13 7
v 16752 92 41
v 16753 17 6
v 16754 38 26
v 16759 61 33
v 16760 44 28
v 16761 43 14
v 16763 100 46
v 16766 31 20
v 16768 63 31
v 16769 22 11
v 16771 47 29
v 16775 76 33
v 16776 46 26
v 16777 20 11
v 16778 11 6
v 16785 28 12
v 16795 17 6
v 16963 8 5
v 16964 16 12
v 16965 20 11
v 16966 15 6
v 16967 57 28
v 16968 9 6
v 16969 1 1
v 16970 59 27
v 16971 12 8
v 16972 43 14
v 16973 3 1
v 16974 17 5
v 16975 7 4
v 16976 12 3
v 16977 3 1
v 16978 5 3
v 16979 5 3
v 16980 20 13
v 16981 35 16
v 16982 66 32
v 16983 23 10
v 16984 22 11
v 16985 4 2
v 16986 15 8
v 16987 15 7
v 16988 3 3
v 16989 41 18
v 16991 6 3
v 16992 4 2
v 16993 30 12
v 16994 8 4
v 16995 7 0
v 16996 25 10
v 16997 24 12
v 16998 5 2
v 16999 3 0
v 17000 23 13
v 17001 35 14
v 17002 26 14
v 17003 25 9
v 17004 9 5
v 17005 36 18
v 17006 20 10
v 17007 19 11
v 17008 33 20
v 17009 9 8
v 17010 9 5
v 17015 24 10
v 17016 24 12
v 17017 21 5
v 17019 31 14
v 17022 17 6
v 17024 36 20
v 17025 12 7
v 17027 25 10
v 17031 26 10
v 17032 15 5
v 17033 13 7
v 17034 5 2
v 17041 15 8
v 17051 5 2
v 17220 313 170
v 17221 289 145
v 17222 228 120
v 17223 591 278
v 17224 64 38
v 17225 48 29
v 17226 566 265
v 17227 262 140
v 17228 584 290
v 17229 61 34
v 17230 119 66
v 17231 60 33
v 17232 90 44
v 17233 52 25
v 17234 49 18
v 17235 66 35
v 17236 252 137
v 17237 355 160
v 17238 961 517
v 17239 430 221
v 17240 395 189
v 17241 27 13
v 17242 166 85
v 17243 120 70
v 17244 69 33
v 17245 534 249
v 17246 44 18
v 17247 51 20
v 17248 154 75
v 17249 412 231
v 17250 234 123
v 17251 71 37
v 17252 287 139
v 17253 301 161
v 17254 43 22
v 17255 24 14
v 17256 446 224
v 17257 361 198
v 17258 404 201
v 17259 196 95
v 17260 137 70
v 17261 322 158
v 17262 201 92
v 17263 268 134
v 17264 561 296
v 17265 151 69
v 17266 167 103
v 17271 322 175
v 17272 206 117
v 17273 349 188
v 17275 445 242
v 17278 228 112
v 17280 437 216
v 17281 170 106
v 17283 275 155
v 17287 427 210
v 17288 227 117
v 17289 175 79
v 17290 70 34
v 17297 170 90
v 17307 75 29
v 17477 289 150
v 17478 265 118
v 17479 543 253
v 17480 101 53
v 17481 39 21
v 17482 721 321
v 17483 218 111
v 17484 593 268
v 17485 92 45
v 17486 168 83
v 17487 58 35
v 17488 104 51
v 17489 71 32
v 17490 43 21
v 17491 89 49
v 17492 307 159
v 17493 509 265
v 17494 944 454
v 17495 395 194
v 17496 416 202
v 17497 25 10
v 17498 179 79
v 17499 231 113
v 17500 85 38
v 17501 317 160
v 17502 77 40
v 17503 44 22
v 17504 144 74
v 17505 435 224
v 17506 136 63
v 17507 44 18
v 17508 286 144
v 17509 282 122
v 17510 75 43
v 17511 26 15
v 17512 453 215
v 17513 411 185
v 17514 442 203
v 17515 252 113
v 17516 153 85
v 17517 354 188
v 17518 271 138
v 17519 293 129
v 17520 395 189
v 17521 156 59
v 17522 132 75
v 17527 314 159
v 17528 246 132
v 17529 283 139
v 17531 448 233
v 17534 238 98
v 17536 398 191
v 17537 203 102
v 17539 256 118
v 17543 409 200
v 17544 257 130
v 17545 213 98
v 17546 93 40
v 17553 140 76
v 17563 91 43
v 17734 247 123
v 17735 692 325
v 17736 145 73
v 17737 59 27
v 17738 836 384
v 17739 279 152
v 17740 737 354
v 17741 89 41
v 17742 219 105
v 17743 92 51
v 17744 159 77
v 17745 93 43
v 17746 63 29
v 17747 74 44
v 17748 296 155
v 17749 568 278
v 17750 906 445
v 17751 515 261
v 17752 626 299
v 17753 37 20
v 17754 220 100
v 17755 294 139
v 17756 87 38
v 17757 630 310
v 17758 112 56
v 17759 56 34
v 17760 241 114
v 17761 447 227
v 17762 264 143
v 17763 80 37
v 17764 296 133
v 17765 367 187
v 17766 99 54
v 17767 45 26
v 17768 537 256
v 17769 516 237
v 17770 496 249
v 17771 355 174
v 17772 202 107
v 17773 433 223
v 17774 311 134
v 17775 246 132
v 17776 565 266
v 17777 165 68
v 17778 172 78
v 17783 440 216
v 17784 272 133
v 17785 297 149
v 17787 581 318
v 17790 291 154
v 17792 441 226
v 17793 220 112
v 17795 326 178
v 17799 549 250
v 17800 286 131
v 17801 206 91
v 17802 93 49
v 17809 187 104
v 17819 153 79
v 17991 640 310
v 17992 88 53
v 17993 62 41
v 17994 701 353
v 17995 199 105
v 17996 527 266
v 17997 57 28
v 17998 99 45
v 17999 68 39
v 18000 117 53
v 18001 81 43
v 18002 51 24
v 18003 72 42
v 18004 244 120
v 18005 500 236
v 18006 910 458
v 18007 355 183
v 18008 457 230
v 18009 26 11
v 18010 169 73
v 18011 170 90
v 18012 62 25
v 18013 555 275
v 18014 35 16
v 18015 65 34
v 18016 158 88
v 18017 500 245
v 18018 259 139
v 18019 58 30
v 18020 310 146
v 18021 258 138
v 18022 54 28
v 18023 34 14
v 18024 415 203
v 18025 376 179
v 18026 378 177
v 18027 271 140
v 18028 164 88
v 18029 306 165
v 18030 379 184
v 18031 209 115
v 18032 337 163
v 18033 138 66
v 18034 176 93
v 18039 287 158
v 18040 199 107
v 18041 254 127
v 18043 353 179
v 18046 249 131
v 18048 467 262
v 18049 171 101
v 18051 266 147
v 18055 406 200
v 18056 264 134
v 18057 161 90
v 18058 80 41
v 18065 163 88
v 18075 102 47
v 18248 317 168
v 18249 148 90
v 18250 1880 913
v 18251 553 302
v 18252 1471 701
v 18253 141 74
v 18254 387 181
v 18255 228 141
v 18256 253 138
v 18257 161 76
v 18258 143 64
v 18259 198 103
v 18260 685 345
v 18261 1269 696
v 18262 2495 1282
v 18263 968 501
v 18264 1153 566
v 18265 70 43
v 18266 452 209
v 18267 406 199
v 18268 200 98
v 18269 1420 710
v 18270 111 62
v 18271 160 83
v 18272 376 199
v 18273 995 542
v 18274 732 381
v 18275 125 70
v 18276 780 414
v 18277 811 446
v 18278 162 86
v 18279 88 40
v 18280 956 535
v 18281 1103 569
v 18282 1206 619
v 18283 644 337
v 18284 669 361
v 18285 863 465
v 18286 650 318
v 18287 619 320
v 18288 1007 480
v 18289 308 169
v 18290 400 219
v 18295 896 439
v 18296 479 285
v 18297 763 409
v 18299 1171 645
v 18302 634 337
v 18304 1008 530
v 18305 549 296
v 18307 684 385
v 18311 1135 572
v 18312 587 346
v 18313 424 246
v 18314 204 105
v 18321 364 195
v 18331 260 125
v 18505 25 11
v 18506 319 139
v 18507 99 48
v 18508 296 122
v 18509 40 16
v 18510 86 34
v 18511 36 17
v 18512 58 24
v 18513 39 13
v 18514 36 13
v 18515 47 22
v 18516 126 53
v 18517 269 122
v 18518 487 225
v 18519 204 81
v 18520 216 105
v 18521 14 9
v 18522 91 43
v 18523 92 43
v 18524 34 14
v 18525 264 115
v 18526 18 12
v 18527 24 12
v 18528 80 33
v 18529 189 89
v 18530 86 50
v 18531 29 15
v 18532 145 68
v 18533 127 56
v 18534 43 17
v 18535 24 10
v 18536 196 81
v 18537 199 95
v 18538 172 82
v 18539 121 60
v 18540 79 35
v 18541 172 90
v 18542 132 60
v 18543 90 39
v 18544 237 111
v 18545 69 26
v 18546 81 38
v 18551 197 74
v 18552 99 60
v 18553 130 62
v 18555 230 116
v 18558 127 53
v 18560 218 91
v 18561 95 46
v 18563 155 71
v 18567 214 109
v 18568 108 50
v 18569 107 44
v 18570 47 24
v 18577 77 40
v 18587 52 22
v 18762 188 84
v 18763 61 27
v 18764 114 46
v 18765 23 10
v 18766 31 12
v 18767 9 4
v 18768 23 7
v 18769 23 13
v 18770 17 5
v 18771 23 9
v 18772 70 34
v 18773 121 52
v 18774 223 106
v 18775 98 39
v 18776 98 41
v 18777 5 3
v 18778 47 19
v 18779 31 19
v 18780 19 9
v 18781 154 60
v 18782 9 5
v 18783 14 6
v 18784 28 14
v 18785 97 52
v 18786 67 27
v 18787 15 5
v 18788 85 37
v 18789 69 33
v 18790 16 6
v 18791 6 2
v 18792 93 35
v 18793 98 37
v 18794 101 51
v 18795 66 28
v 18796 38 21
v 18797 77 37
v 18798 63 25
v 18799 61 23
v 18800 85 35
v 18801 42 16
v 18802 64 35
v 18807 92 32
v 18808 41 16
v 18809 66 28
v 18811 121 68
v 18814 52 22
v 18816 108 50
v 18817 45 20
v 18819 64 37
v 18823 113 38
v 18824 48 19
v 18825 39 17
v 18826 21 10
v 18833 26 17
v 18843 21 13
v 19019 609 345
v 19020 1816 856
v 19021 188 98
v 19022 491 254
v 19023 218 116
v 19024 335 176
v 19025 201 106
v 19026 167 73
v 19027 244 137
v 19028 925 517
v 19029 1455 771
v 19030 2964 1510
v 19031 1282 651
v 19032 1273 615
v 19033 67 39
v 19034 616 291
v 19035 563 274
v 19036 251 118
v 19037 1524 793
v 19038 105 52
v 19039 146 88
v 19040 479 242
v 19041 1302 705
v 19042 552 315
v 19043 217 116
v 19044 992 511
v 19045 919 502
v 19046 217 113
v 19047 115 59
v 19048 1276 629
v 19049 1421 749
v 19050 1210 646
v 19051 776 370
v 19052 473 274
v 19053 1025 584
v 19054 796 383
v 19055 694 354
v 19056 1256 624
v 19057 434 221
v 19058 459 227
v 19063 1095 571
v 19064 924 478
v 19065 917 469
v 19067 1365 733
v 19070 1120 562
v 19072 1365 698
v 19073 625 340
v 19075 867 454
v 19079 1389 671
v 19080 812 449
v 19081 525 283
v 19082 202 114
v 19089 506 289
v 19099 292 177
v 19276 511 223
v 19277 81 37
v 19278 156 73
v 19279 84 47
v 19280 94 42
v 19281 95 39
v 19282 47 24
v 19283 64 32
v 19284 282 139
v 19285 430 243
v 19286 981 487
v 19287 416 209
v 19288 471 187
v 19289 37 20
v 19290 178 77
v 19291 133 67
v 19292 59 23
v 19293 572 239
v 19294 29 15
v 19295 49 26
v 19296 168 94
v 19297 387 194
v 19298 152 88
v 19299 80 46
v 19300 273 128
v 19301 336 169
v 19302 76 42
v 19303 44 20
v 19304 472 214
v 19305 355 164
v 19306 354 183
v 19307 235 118
v 19308 172 95
v 19309 347 177
v 19310 243 91
v 19311 279 133
v 19312 334 159
v 19313 144 60
v 19314 184 88
v 19319 357 187
v 19320 199 109
v 19321 266 131
v 19323 422 221
v 19326 223 118
v 19328 426 209
v 19329 185 95
v 19331 241 129
v 19335 370 192
v 19336 218 113
v 19337 184 93
v 19338 76 43
v 19345 133 79
v 19355 69 35
v 19533 183 90
v 19534 325 165
v 19535 174 103
v 19536 262 149
v 19537 149 82
v 19538 137 63
v 19539 183 100
v 19540 690 382
v 19541 1104 637
v 19542 1771 926
v 19543 1010 506
v 19544 1165 541
v 19545 71 37
v 19546 492 245
v 19547 414 193
v 19548 170 78
v 19549 1311 721
v 19550 89 46
v 19551 99 62
v 19552 344 199
v 19553 920 489
v 19554 524 337
v 19555 172 92
v 19556 667 357
v 19557 754 435
v 19558 204 123
v 19559 97 41
v 19560 1172 638
v 19561 1031 526
v 19562 936 491
v 19563 628 343
v 19564 348 203
v 19565 819 468
v 19566 631 331
v 19567 609 342
v 19568 1020 524
v 19569 368 164
v 19570 351 211
v 19575 850 453
v 19576 493 252
v 19577 716 371
v 19579 1123 628
v 19582 502 281
v 19584 1035 598
v 19585 338 199
v 19587 680 368
v 19591 1046 541
v 19592 592 281
v 19593 394 219
v 19594 188 103
v 19601 349 192
v 19611 252 143
v 19790 48 24
v 19791 17 11
v 19792 27 10
v 19793 12 8
v 19794 20 10
v 19795 16 9
v 19796 69 44
v 19797 155 88
v 19798 313 181
v 19799 130 67
v 19800 115 54
v 19801 24 12
v 19802 61 37
v 19803 52 28
v 19804 29 16
v 19805 151 68
v 19806 5 4
v 19807 20 9
v 19808 44 31
v 19809 112 59
v 19810 65 35
v 19811 21 15
v 19812 61 31
v 19813 117 69
v 19814 22 10
v 19815 17 12
v 19816 121 72
v 19817 113 55
v 19818 96 48
v 19819 51 31
v 19820 42 27
v 19821 124 60
v 19822 59 25
v 19823 97 55
v 19824 90 49
v 19825 43 27
v 19826 38 20
v 19831 66 33
v 19832 62 30
v 19833 116 65
v 19835 117 53
v 19838 61 40
v 19840 114 67
v 19841 55 32
v 19843 92 55
v 19847 130 51
v 19848 67 37
v 19849 52 25
v 19850 20 12
v 19857 40 22
v 19867 29 12
v 20047 44 25
v 20048 67 36
v 20049 38 24
v 20050 35 15
v 20051 53 29
v 20052 171 91
v 20053 291 176
v 20054 576 315
v 20055 250 134
v 20056 279 142
v 20057 17 10
v 20058 117 63
v 20059 132 63
v 20060 60 27
v 20061 346 156
v 20062 24 11
v 20063 28 18
v 20064 91 48
v 20065 245 133
v 20066 134 71
v 20067 38 26
v 20068 202 100
v 20069 181 95
v 20070 41 19
v 20071 31 14
v 20072 250 116
v 20073 276 142
v 20074 237 139
v 20075 179 83
v 20076 91 52
v 20077 190 110
v 20078 171 92
v 20079 154 79
v 20080 276 138
v 20081 76 40
v 20082 87 46
v 20087 245 131
v 20088 161 97
v 20089 189 99
v 20091 284 135
v 20094 151 70
v 20096 286 149
v 20097 112 61
v 20099 188 94
v 20103 300 144
v 20104 150 79
v 20105 100 54
v 20106 49 31
v 20113 107 55
v 20123 86 48
v 20304 37 14
v 20305 34 16
v 20306 24 9
v 20307 23 15
v 20308 92 43
v 20309 148 76
v 20310 284 137
v 20311 161 73
v 20312 153 68
v 20313 8 5
v 20314 58 34
v 20315 51 26
v 20316 27 13
v 20317 154 75
v 20318 12 7
v 20319 11 2
v 20320 58 22
v 20321 149 77
v 20322 61 23
v 20323 22 14
v 20324 92 42
v 20325 110 47
v 20326 15 9
v 20327 6 2
v 20328 124 59
v 20329 144 66
v 20330 130 51
v 20331 83 43
v 20332 43 22
v 20333 104 54
v 20334 93 45
v 20335 93 39
v 20336 147 65
v 20337 41 19
v 20338 60 24
v 20343 90 52
v 20344 71 32
v 20345 121 59
v 20347 134 67
v 20350 76 41
v 20352 128 62
v 20353 55 29
v 20355 109 47
v 20359 152 63
v 20360 86 40
v 20361 62 35
v 20362 24 13
v 20369 60 30
v 20379 40 25
v 20561 26 10
v 20562 31 17
v 20563 41 23
v 20564 121 62
v 20565 226 121
v 20566 452 223
v 20567 192 90
v 20568 204 105
v 20569 23 11
v 20570 95 44
v 20571 83 45
v 20572 31 14
v 20573 300 151
v 20574 10 6
v 20575 22 7
v 20576 61 32
v 20577 201 104
v 20578 93 56
v 20579 35 13
v 20580 120 63
v 20581 144 72
v 20582 31 18
v 20583 18 9
v 20584 210 107
v 20585 206 105
v 20586 187 77
v 20587 115 65
v 20588 79 31
v 20589 182 93
v 20590 134 63
v 20591 113 66
v 20592 170 78
v 20593 57 26
v 20594 78 44
v 20599 161 79
v 20600 104 56
v 20601 150 74
v 20603 235 122
v 20606 103 60
v 20608 178 85
v 20609 83 34
v 20611 132 60
v 20615 195 105
v 20616 127 57
v 20617 77 40
v 20618 39 19
v 20625 67 32
v 20635 38 20
v 20818 14 5
v 20819 25 18
v 20820 102 49
v 20821 144 91
v 20822 259 133
v 20823 132 73
v 20824 154 76
v 20825 7 2
v 20826 57 34
v 20827 42 25
v 20828 35 17
v 20829 140 67
v 20830 17 8
v 20831 22 13
v 20832 50 23
v 20833 134 66
v 20834 66 34
v 20835 16 9
v 20836 78 42
v 20837 89 47
v 20838 25 9
v 20839 14 4
v 20840 127 72
v 20841 114 54
v 20842 120 74
v 20843 93 37
v 20844 42 26
v 20845 100 50
v 20846 60 27
v 20847 80 40
v 20848 78 30
v 20849 42 24
v 20850 71 33
v 20855 100 49
v 20856 72 38
v 20857 90 50
v 20859 144 70
v 20862 66 28
v 20864 141 70
v 20865 60 39
v 20867 71 34
v 20871 127 59
v 20872 70 38
v 20873 52 16
v 20874 21 14
v 20881 46 23
v 20891 35 26
v 21075 25 15
v 21076 67 40
v 21077 138 70
v 21078 215 113
v 21079 92 48
v 21080 124 57
v 21081 10 5
v 21082 37 20
v 21083 49 27
v 21084 29 14
v 21085 122 74
v 21086 14 8
v 21087 16 6
v 21088 27 16
v 21089 84 37
v 21090 51 28
v 21091 15 10
v 21092 71 35
v 21093 83 42
v 21094 24 17
v 21095 9 3
v 21096 92 48
v 21097 107 46
v 21098 132 76
v 21099 75 48
v 21100 23 9
v 21101 69 46
v 21102 64 39
v 21103 65 37
v 21104 58 24
v 21105 49 25
v 21106 40 20
v 21111 92 50
v 21112 52 29
v 21113 73 36
v 21115 126 75
v 21118 57 37
v 21120 90 47
v 21121 44 29
v 21123 72 35
v 21127 95 50
v 21128 62 33
v 21129 51 24
v 21130 11 6
v 21137 37 19
v 21147 27 13
v 21332 109 50
v 21333 170 87
v 21334 314 143
v 21335 125 58
v 21336 154 75
v 21337 9 5
v 21338 66 31
v 21339 52 19
v 21340 25 6
v 21341 184 88
v 21342 13 5
v 21343 30 13
v 21344 40 22
v 21345 158 79
v 21346 148 73
v 21347 25 10
v 21348 108 46
v 21349 95 57
v 21350 30 13
v 21351 16 6
v 21352 143 62
v 21353 169 59
v 21354 152 77
v 21355 84 35
v 21356 54 29
v 21357 142 70
v 21358 98 36
v 21359 79 40
v 21360 119 58
v 21361 39 18
v 21362 56 30
v 21367 96 50
v 21368 59 29
v 21369 107 53
v 21371 150 81
v 21374 65 36
v 21376 136 58
v 21377 66 26
v 21379 112 48
v 21383 168 89
v 21384 93 46
v 21385 47 22
v 21386 33 13
v 21393 57 33
v 21403 30 11
v 21589 618 297
v 21590 1136 524
v 21591 500 236
v 21592 546 258
v 21593 36 21
v 21594 176 81
v 21595 215 93
v 21596 88 31
v 21597 702 311
v 21598 52 25
v 21599 63 31
v 21600 189 102
v 21601 549 290
v 21602 332 185
v 21603 88 43
v 21604 399 193
v 21605 394 189
v 21606 94 42
v 21607 42 22
v 21608 557 250
v 21609 538 243
v 21610 478 242
v 21611 305 141
v 21612 210 103
v 21613 461 247
v 21614 325 155
v 21615 262 128
v 21616 459 225
v 21617 150 75
v 21618 207 110
v 21623 391 191
v 21624 245 137
v 21625 347 153
v 21627 554 273
v 21630 277 136
v 21632 532 262
v 21633 238 127
v 21635 330 164
v 21639 559 241
v 21640 319 160
v 21641 200 113
v 21642 99 52
v 21649 171 93
v 21659 142 62
v 21846 1956 918
v 21847 812 394
v 21848 909 403
v 21849 55 22
v 21850 383 178
v 21851 374 177
v 21852 151 81
v 21853 1053 478
v 21854 120 57
v 21855 140 69
v 21856 309 165
v 21857 855 394
v 21858 682 330
v 21859 131 75
v 21860 595 292
v 21861 597 294
v 21862 139 83
v 21863 83 38
v 21864 743 345
v 21865 922 431
v 21866 787 373
v 21867 476 216
v 21868 313 156
v 21869 759 394
v 21870 584 267
v 21871 509 250
v 21872 857 377
v 21873 288 133
v 21874 372 195
v 21879 696 334
v 21880 446 227
v 21881 632 292
v 21883 955 464
v 21886 413 199
v 21888 1318 649
v 21889 309 175
v 21891 568 290
v 21895 911 398
v 21896 599 257
v 21897 362 162
v 21898 182 86
v 21905 286 154
v 21915 170 79
v 22103 1691 856
v 22104 1858 932
v 22105 99 53
v 22106 792 366
v 22107 658 301
v 22108 329 144
v 22109 2087 1023
v 22110 157 94
v 22111 214 119
v 22112 616 330
v 22113 1330 697
v 22114 766 438
v 22115 297 173
v 22116 1260 605
v 22117 1254 673
v 22118 271 144
v 22119 162 67
v 22120 1840 856
v 22121 1765 915
v 22122 1625 797
v 22123 1074 528
v 22124 422 252
v 22125 1393 756
v 22126 1064 498
v 22127 890 415
v 22128 1523 699
v 22129 514 253
v 22130 674 352
v 22135 1421 721
v 22136 847 427
v 22137 1177 590
v 22139 1808 945
v 22142 999 518
v 22144 1731 920
v 22145 742 420
v 22147 1054 572
v 22151 1682 783
v 22152 1047 524
v 22153 669 331
v 22154 329 170
v 22161 602 327
v 22171 401 206
v 22360 781 385
v 22361 47 21
v 22362 311 155
v 22363 287 140
v 22364 133 68
v 22365 675 391
v 22366 91 51
v 22367 98 54
v 22368 294 147
v 22369 668 340
v 22370 305 168
v 22371 113 65
v 22372 543 299
v 22373 591 301
v 22374 121 57
v 22375 64 32
v 22376 800 379
v 22377 736 381
v 22378 682 332
v 22379 439 210
v 22380 265 140
v 22381 551 321
v 22382 450 226
v 22383 444 219
v 22384 689 321
v 22385 243 106
v 22386 309 157
v 22391 649 345
v 22392 460 242
v 22393 493 243
v 22395 803 402
v 22398 468 256
v 22400 728 379
v 22401 295 161
v 22403 468 239
v 22407 686 345
v 22408 396 210
v 22409 281 133
v 22410 129 65
v 22417 273 155
v 22427 163 92
v 22617 66 42
v 22618 304 165
v 22619 298 158
v 22620 155 60
v 22621 1062 515
v 22622 39 27
v 22623 113 65
v 22624 337 179
v 22625 747 391
v 22626 326 203
v 22627 84 56
v 22628 553 299
v 22629 667 361
v 22630 137 67
v 22631 71 30
v 22632 869 443
v 22633 860 484
v 22634 790 406
v 22635 507 256
v 22636 321 158
v 22637 599 351
v 22638 460 255
v 22639 463 255
v 22640 717 349
v 22641 232 109
v 22642 350 192
v 22647 666 353
v 22648 523 295
v 22649 554 280
v 22651 889 486
v 22654 521 283
v 22656 752 409
v 22657 310 184
v 22659 485 270
v 22663 650 371
v 22664 494 276
v 22665 308 163
v 22666 132 75
v 22673 308 165
v 22683 177 79
v 22874 24 9
v 22875 24 8
v 22876 21 10
v 22877 85 43
v 22878 5 4
v 22879 9 5
v 22880 13 1
v 22881 41 21
v 22882 17 10
v 22883 10 8
v 22884 42 25
v 22885 45 27
v 22886 11 7
v 22887 4 1
v 22888 38 17
v 22889 48 21
v 22890 62 32
v 22891 36 13
v 22892 15 10
v 22893 50 27
v 22894 25 13
v 22895 25 12
v 22896 53 22
v 22897 23 13
v 22898 14 8
v 22903 52 30
v 22904 24 17
v 22905 36 11
v 22907 63 35
v 22910 22 10
v 22912 37 13
v 22913 16 10
v 22915 26 11
v 22919 55 22
v 22920 24 13
v 22921 29 18
v 22922 12 8
v 22929 10 8
v 22939 11 3
v 23131 163 91
v 23132 74 35
v 23133 390 191
v 23134 35 15
v 23135 24 18
v 23136 110 58
v 23137 318 153
v 23138 153 84
v 23139 47 26
v 23140 229 125
v 23141 227 108
v 23142 51 27
v 23143 24 12
v 23144 345 175
v 23145 367 204
v 23146 325 149
v 23147 204 110
v 23148 133 80
v 23149 278 153
v 23150 203 100
v 23151 168 80
v 23152 376 195
v 23153 113 58
v 23154 100 44
v 23159 265 131
v 23160 157 92
v 23161 237 117
v 23163 425 232
v 23166 218 116
v 23168 311 152
v 23169 153 86
v 23171 249 134
v 23175 366 182
v 23176 206 114
v 23177 148 81
v 23178 58 39
v 23185 124 71
v 23195 89 41
v 23388 72 37
v 23389 336 182
v 23390 22 19
v 23391 47 19
v 23392 118 67
v 23393 298 154
v 23394 178 105
v 23395 50 30
v 23396 239 136
v 23397 209 103
v 23398 51 20
v 23399 30 15
v 23400 285 129
v 23401 411 213
v 23402 373 182
v 23403 207 107
v 23404 86 37
v 23405 344 205
v 23406 231 114
v 23407 217 116
v 23408 384 191
v 23409 116 58
v 23410 90 43
v 23415 290 153
v 23416 158 89
v 23417 271 137
v 23419 389 212
v 23422 149 80
v 23424 290 147
v 23425 115 61
v 23427 209 115
v 23431 329 158
v 23432 210 113
v 23433 153 81
v 23434 75 38
v 23441 133 71
v 23451 75 43
v 23645 156 83
v 23646 15 9
v 23647 14 5
v 23648 53 27
v 23649 129 70
v 23650 79 39
v 23651 21 13
v 23652 104 47
v 23653 93 44
v 23654 25 12
v 23655 22 13
v 23656 138 78
v 23657 158 82
v 23658 147 88
v 23659 79 42
v 23660 46 22
v 23661 140 76
v 23662 100 49
v 23663 107 61
v 23664 147 70
v 23665 56 34
v 23666 43 22
v 23671 117 57
v 23672 101 54
v 23673 114 45
v 23675 175 90
v 23678 78 42
v 23680 143 83
v 23681 60 31
v 23683 109 66
v 23687 169 94
v 23688 76 40
v 23689 60 33
v 23690 26 15
v 23697 62 28
v 23707 36 18
v 23902 80 53
v 23903 140 68
v 23904 359 196
v 23905 904 452
v 23906 489 282
v 23907 184 105
v 23908 711 384
v 23909 635 334
v 23910 197 100
v 23911 76 30
v 23912 931 467
v 23913 758 317
v 23914 1128 656
v 23915 667 351
v 23916 363 202
v 23917 772 415
v 23918 572 291
v 23919 557 290
v 23920 1167 594
v 23921 282 139
v 23922 366 188
v 23927 814 435
v 23928 545 307
v 23929 513 230
v 23931 1000 533
v 23934 569 323
v 23936 925 474
v 23937 379 176
v 23939 601 310
v 23943 999 479
v 23944 568 283
v 23945 396 200
v 23946 191 90
v 23953 352 205
v 23963 247 123
v 24159 7 4
v 24160 20 8
v 24161 72 31
v 24162 36 20
v 24163 15 8
v 24164 53 27
v 24165 70 33
v 24166 10 5
v 24167 3 1
v 24168 98 40
v 24169 89 37
v 24170 76 35
v 24171 37 13
v 24172 31 16
v 24173 56 23
v 24174 67 30
v 24175 39 22
v 24176 71 35
v 24177 22 7
v 24178 26 12
v 24183 59 30
v 24184 35 12
v 24185 39 17
v 24187 93 48
v 24190 41 18
v 24192 75 38
v 24193 15 9
v 24195 49 17
v 24199 75 28
v 24200 30 18
v 24201 29 15
v 24202 15 5
v 24209 28 18
v 24219 9 4
v 24416 26 20
v 24417 126 64
v 24418 46 25
v 24419 13 8
v 24420 91 39
v 24421 64 32
v 24422 28 13
v 24423 12 4
v 24424 111 57
v 24425 91 39
v 24426 94 52
v 24427 59 28
v 24428 37 20
v 24429 78 36
v 24430 54 27
v 24431 47 19
v 24432 71 32
v 24433 32 13
v 24434 38 15
v 24439 78 36
v 24440 43 18
v 24441 62 24
v 24443 90 45
v 24446 44 24
v 24448 103 45
v 24449 63 28
v 24451 41 21
v 24455 123 61
v 24456 82 43
v 24457 44 18
v 24458 23 10
v 24465 38 19
v 24475 33 15
v 24673 263 128
v 24674 146 71
v 24675 47 21
v 24676 167 82
v 24677 212 114
v 24678 41 17
v 24679 31 21
v 24680 275 131
v 24681 323 147
v 24682 312 136
v 24683 169 76
v 24684 117 62
v 24685 203 92
v 24686 173 86
v 24687 137 52
v 24688 238 105
v 24689 92 47
v 24690 100 49
v 24695 239 110
v 24696 154 77
v 24697 197 83
v 24699 296 139
v 24702 158 77
v 24704 288 123
v 24705 136 65
v 24707 178 82
v 24711 305 155
v 24712 168 71
v 24713 103 58
v 24714 51 24
v 24721 116 65
v 24731 62 30
v 24930 358 196
v 24931 112 57
v 24932 525 273
v 24933 507 274
v 24934 128 65
v 24935 66 26
v 24936 727 374
v 24937 797 405
v 24938 661 336
v 24939 408 198
v 24940 255 139
v 24941 591 312
v 24942 431 215
v 24943 449 224
v 24944 631 290
v 24945 271 131
v 24946 275 138
v 24951 551 280
v 24952 383 191
v 24953 558 259
v 24955 796 417
v 24958 394 202
v 24960 714 370
v 24961 319 165
v 24963 493 275
v 24967 845 413
v 24968 428 236
v 24969 287 134
v 24970 133 58
v 24977 279 145
v 24987 159 80
v 25187 72 36
v 25188 354 167
v 25189 186 87
v 25190 75 35
v 25191 47 21
v 25192 346 175
v 25193 392 191
v 25194 381 167
v 25195 273 128
v 25196 154 80
v 25197 284 147
v 25198 247 122
v 25199 208 95
v 25200 470 227
v 25201 125 62
v 25202 158 74
v 25207 326 149
v 25208 196 104
v 25209 164 64
v 25211 504 276
v 25214 213 95
v 25216 409 189
v 25217 160 81
v 25219 255 125
v 25223 427 197
v 25224 262 136
v 25225 189 75
v 25226 88 41
v 25233 125 53
v 25243 118 58
v 25444 89 39
v 25445 88 46
v 25446 15 5
v 25447 10 1
v 25448 120 47
v 25449 142 69
v 25450 104 48
v 25451 55 24
v 25452 55 20
v 25453 83 40
v 25454 71 29
v 25455 78 37
v 25456 91 38
v 25457 27 10
v 25458 32 17
v 25463 94 36
v 25464 56 30
v 25465 97 43
v 25467 101 47
v 25470 54 28
v 25472 142 67
v 25473 66 34
v 25475 81 33
v 25479 126 60
v 25480 65 27
v 25481 58 21
v 25482 22 9
v 25489 39 24
v 25499 16 9
v 25701 393 198
v 25702 76 40
v 25703 49 27
v 25704 464 240
v 25705 603 286
v 25706 569 261
v 25707 317 137
v 25708 225 98
v 25709 508 268
v 25710 360 155
v 25711 312 149
v 25712 497 223
v 25713 146 66
v 25714 220 111
v 25719 433 204
v 25720 292 157
v 25721 363 187
v 25723 561 286
v 25726 288 151
v 25728 622 303
v 25729 276 147
v 25731 391 202
v 25735 647 297
v 25736 288 153
v 25737 195 89
v 25738 106 57
v 25745 194 102
v 25755 126 56
v 25958 110 50
v 25959 52 29
v 25960 537 253
v 25961 572 266
v 25962 556 294
v 25963 362 172
v 25964 216 107
v 25965 405 207
v 25966 313 153
v 25967 286 133
v 25968 458 224
v 25969 180 84
v 25970 223 110
v 25975 471 215
v 25976 313 180
v 25977 356 170
v 25979 601 312
v 25982 293 150
v 25984 578 293
v 25985 273 139
v 25987 329 160
v 25991 580 292
v 25992 334 166
v 25993 220 94
v 25994 75 41
v 26001 201 101
v 26011 140 59
v 26215 9 5
v 26216 124 59
v 26217 143 71
v 26218 92 47
v 26219 68 38
v 26220 46 25
v 26221 116 55
v 26222 90 48
v 26223 78 33
v 26224 112 62
v 26225 48 20
v 26226 54 31
v 26231 96 39
v 26232 87 46
v 26233 94 41
v 26235 123 69
v 26238 67 37
v 26240 115 64
v 26241 52 25
v 26243 61 36
v 26247 146 68
v 26248 57 30
v 26249 49 24
v 26250 24 13
v 26257 34 21
v 26267 29 12
v 26472 87 45
v 26473 58 34
v 26474 64 39
v 26475 34 17
v 26476 30 19
v 26477 51 25
v 26478 32 15
v 26479 38 20
v 26480 79 42
v 26481 21 10
v 26482 27 20
v 26487 59 28
v 26488 25 15
v 26489 54 29
v 26491 79 43
v 26494 38 24
v 26496 65 30
v 26497 30 14
v 26499 53 33
v 26503 63 36
v 26504 37 21
v 26505 35 21
v 26506 21 8
v 26513 27 15
v 26523 18 10
v 26729 669 323
v 26730 654 370
v 26731 464 251
v 26732 325 188
v 26733 555 318
v 26734 522 273
v 26735 247 117
v 26736 399 162
v 26737 239 109
v 26738 363 186
v 26743 655 346
v 26744 427 235
v 26745 486 243
v 26747 803 438
v 26750 401 220
v 26752 774 422
v 26753 346 188
v 26755 315 145
v 26759 856 388
v 26760 464 242
v 26761 313 165
v 26762 124 74
v 26769 257 151
v 26779 154 79
v 26986 761 405
v 26987 475 240
v 26988 272 138
v 26989 553 318
v 26990 501 240
v 26991 528 246
v 26992 909 464
v 26993 277 136
v 26994 211 139
v 26999 667 349
v 27000 470 264
v 27001 623 284
v 27003 952 509
v 27006 416 214
v 27008 783 386
v 27009 309 170
v 27011 577 298
v 27015 865 419
v 27016 427 227
v 27017 358 168
v 27018 126 63
v 27025 290 157
v 27035 228 112
v 27243 534 256
v 27244 282 145
v 27245 594 315
v 27246 349 156
v 27247 288 109
v 27248 753 354
v 27249 218 99
v 27250 339 177
v 27255 618 297
v 27256 478 266
v 27257 474 216
v 27259 892 466
v 27262 456 230
v 27264 743 370
v 27265 306 166
v 27267 515 285
v 27271 769 387
v 27272 449 237
v 27273 327 167
v 27274 128 59
v 27281 258 131
v 27291 167 82
v 27500 187 102
v 27501 388 216
v 27502 280 165
v 27503 248 121
v 27504 438 216
v 27505 142 67
v 27506 198 110
v 27511 384 176
v 27512 269 149
v 27513 309 156
v 27515 496 277
v 27518 242 129
v 27520 478 244
v 27521 237 135
v 27523 295 161
v 27527 500 246
v 27528 246 113
v 27529 217 109
v 27530 103 57
v 27537 184 103
v 27547 123 75
v 27757 207 102
v 27758 193 73
v 27759 128 58
v 27760 246 115
v 27761 72 38
v 27762 120 60
v 27767 261 106
v 27768 160 77
v 27769 201 103
v 27771 302 153
v 27774 163 80
v 27776 306 161
v 27777 122 60
v 27779 179 77
v 27783 297 136
v 27784 147 72
v 27785 118 64
v 27786 62 30
v 27793 90 52
v 27803 63 28
v 28014 317 127
v 28015 417 184
v 28016 426 162
v 28017 211 98
v 28018 225 112
v 28023 512 240
v 28024 319 162
v 28025 437 181
v 28027 671 334
v 28030 343 190
v 28032 590 277
v 28033 224 116
v 28035 434 200
v 28039 689 338
v 28040 446 237
v 28041 243 103
v 28042 157 75
v 28049 248 135
v 28059 153 74
v 28271 240 107
v 28272 509 277
v 28273 166 83
v 28274 149 94
v 28279 394 207
v 28280 239 140
v 28281 331 176
v 28283 554 291
v 28286 233 102
v 28288 937 456
v 28289 182 107
v 28291 293 160
v 28295 489 250
v 28296 326 171
v 28297 195 103
v 28298 90 45
v 28305 189 108
v 28315 109 51
v 28528 413 196
v 28529 169 80
v 28530 146 73
v 28535 365 180
v 28536 305 148
v 28537 351 177
v 28539 484 256
v 28542 280 158
v 28544 377 191
v 28545 170 85
v 28547 293 150
v 28551 484 233
v 28552 298 139
v 28553 159 85
v 28554 77 48
v 28561 163 93
v 28571 116 64
v 28785 252 130
v 28786 228 111
v 28791 646 340
v 28792 288 168
v 28793 566 270
v 28795 852 466
v 28798 402 206
v 28800 723 373
v 28801 253 160
v 28803 533 289
v 28807 705 387
v 28808 406 253
v 28809 305 158
v 28810 250 126
v 28817 295 165
v 28827 195 99
v 29042 90 44
v 29047 180 90
v 29048 144 90
v 29049 197 99
v 29051 268 155
v 29054 135 63
v 29056 246 126
v 29057 109 58
v 29059 189 100
v 29063 285 142
v 29064 137 74
v 29065 104 46
v 29066 47 25
v 29073 100 55
v 29083 66 42
v 29303 202 94
v 29304 163 95
v 29305 206 106
v 29307 285 143
v 29310 185 100
v 29312 317 159
v 29313 121 58
v 29315 170 83
v 29319 297 142
v 29320 196 104
v 29321 127 62
v 29322 61 32
v 29329 105 59
v 29339 71 33
v 30584 382 197
v 30585 422 222
v 30587 863 471
v 30590 325 172
v 30592 620 300
v 30593 231 115
v 30595 415 220
v 30599 647 334
v 30600 322 180
v 30601 237 117
v 30602 106 53
v 30609 209 117
v 30619 174 84
v 30841 211 88
v 30843 433 207
v 30846 236 120
v 30848 488 228
v 30849 188 86
v 30851 266 128
v 30855 422 185
v 30856 232 112
v 30857 169 82
v 30858 71 34
v 30865 147 76
v 30875 106 45
v 31099 596 305
v 31102 284 163
v 31104 507 281
v 31105 213 109
v 31107 382 193
v 31111 529 266
v 31112 340 172
v 31113 197 97
v 31114 98 55
v 31121 180 102
v 31131 104 53
v 31614 481 226
v 31616 819 396
v 31617 349 162
v 31619 626 293
v 31623 887 393
v 31624 519 249
v 31625 354 164
v 31626 149 77
v 31633 323 174
v 31643 222 112
v 32384 451 233
v 32385 207 123
v 32387 265 121
v 32391 456 216
v 32392 236 121
v 32393 174 92
v 32394 70 35
v 32401 152 75
v 32411 115 52
v 32897 369 177
v 32899 501 257
v 32903 845 399
v 32904 468 226
v 32905 301 155
v 32906 135 72
v 32913 277 156
v 32923 216 105
v 33155 211 106
v 33159 340 162
v 33160 186 93
v 33161 111 50
v 33162 65 24
v 33169 113 61
v 33179 80 37
v 33671 531 272
v 33672 314 152
v 33673 210 103
v 33674 88 42
v 33681 199 79
v 33691 131 61
v 34696 482 252
v 34697 302 160
v 34698 142 68
v 34705 271 140
v 34715 192 92
v 34953 207 95
v 34954 109 47
v 34961 161 78
v 34971 109 46
v 35210 52 28
v 35217 122 67
v 35227 68 37
v 35473 66 35
v 35483 49 22
v 37275 80 41
s 258 846 446
s 259 225 118
s 260 20 8
s 261 590 295
s 262 62 30
s 263 805 404
s 264 53 20
s 265 895 453
s 266 18 6
s 267 254 98
s 268 27 15
s 269 228 105
s 270 1680 816
s 271 245 133
s 272 109 66
s 273 362 177
s 274 53 20
s 275 331 146
s 276 294 150
s 277 938 431
s 278 596 277
s 279 229 125
s 281 767 351
s 282 1109 508
s 283 675 324
s 284 258 119
s 285 812 413
s 286 610 299
s 287 699 370
s 288 116 65
s 289 321 174
s 290 253 120
s 291 404 200
s 292 578 260
s 293 210 106
s 294 146 77
s 295 466 225
s 296 197 96
s 297 22 10
s 298 220 120
s 299 338 169
s 300 25 10
s 301 202 121
s 302 48 23
s 303 269 130
s 304 62 33
s 305 1015 539
s 306 331 177
s 307 204 117
s 308 157 80
s 309 217 109
s 310 48 27
s 311 519 271
s 312 64 25
s 313 118 64
s 314 156 71
s 315 213 81
s 316 607 324
s 317 86 51
s 318 679 411
s 319 141 71
s 320 285 132
s 321 75 32
s 322 27 11
s 323 30 11
s 324 367 169
s 325 467 234
s 326 56 30
s 327 1000 504
s 328 152 81
s 329 61 28
s 330 1175 617
s 331 385 187
s 332 884 478
s 333 117 69
s 334 239 119
s 335 132 53
s 336 65 37
s 337 79 41
s 338 80 44
s 339 134 68
s 340 433 204
s 341 821 405
s 342 1571 819
s 343 660 341
s 344 741 381
s 345 5 3
s 346 318 173
s 347 232 115
s 348 151 75
s 349 251 135
s 350 19 7
s 351 21 12
s 352 225 105
s 353 683 327
s 354 327 131
s 355 119 44
s 356 444 223
s 357 498 230
s 358 138 60
s 359 59 29
s 360 709 337
s 361 825 440
s 362 687 333
s 363 427 205
s 364 253 119
s 365 46 15
s 366 466 257
s 367 425 221
s 368 733 421
s 369 210 129
s 370 152 74
s 375 556 274
s 376 333 141
s 377 546 286
s 379 837 390
s 382 421 211
s 384 699 342
s 385 285 137
s 387 496 236
s 391 698 359
s 392 442 224
s 393 273 137
s 394 41 20
s 401 92 40
s 411 168 92
s 515 210 88
s 516 96 40
s 517 763 373
s 518 941 389
s 519 724 323
s 520 1060 513
s 521 1178 568
s 522 322 149
s 523 441 167
s 524 838 404
s 525 313 149
s 526 1446 682
s 527 165 79
s 528 65 25
s 529 448 211
s 530 904 477
s 531 484 202
s 532 363 177
s 533 1146 567
s 534 770 392
s 535 110 54
s 537 887 391
s 538 1321 613
s 539 790 389
s 540 56 24
s 541 95 37
s 542 845 412
s 543 791 418
s 544 218 103
s 545 87 49
s 546 313 161
s 547 538 255
s 548 596 286
s 549 255 129
s 550 37 12
s 551 555 258
s 552 255 129
s 553 347 172
s 554 156 86
s 555 229 116
s 556 343 170
s 557 246 126
s 558 290 139
s 559 249 113
s 560 1029 504
s 561 530 282
s 562 432 218
s 563 192 95
s 564 218 110
s 565 564 247
s 566 1006 529
s 567 49 20
s 568 244 133
s 569 87 51
s 570 156 71
s 571 225 107
s 572 74 45
s 573 82 39
s 574 720 386
s 575 221 106
s 576 346 158
s 577 56 25
s 578 30 12
s 579 471 219
s 580 455 219
s 581 72 27
s 582 396 189
s 583 898 417
s 584 222 106
s 585 87 40
s 586 1437 707
s 587 476 250
s 588 1020 547
s 589 27 15
s 590 33 14
s 591 147 64
s 592 186 97
s 593 69 34
s 594 106 58
s 595 138 71
s 596 445 206
s 597 682 325
s 598 1737 860
s 599 822 411
s 600 730 386
s 601 50 26
s 602 326 158
s 603 258 134
s 604 82 37
s 605 1025 515
s 606 71 30
s 607 82 39
s 608 22 9
s 609 318 147
s 610 73 28
s 611 21 9
s 612 489 219
s 613 728 350
s 614 101 48
s 615 53 24
s 616 89 45
s 617 826 404
s 618 718 339
s 619 412 223
s 620 30 7
s 621 653 301
s 622 454 226
s 623 443 223
s 624 704 365
s 625 269 124
s 626 294 124
s 631 679 327
s 632 303 130
s 633 546 287
s 635 976 489
s 638 382 162
s 640 791 390
s 641 39 20
s 643 494 223
s 647 132 65
s 648 397 191
s 649 101 39
s 650 173 82
s 657 280 123
s 667 87 39
s 772 35 19
s 773 62 35
s 774 197 92
s 775 236 118
s 776 231 117
s 777 246 111
s 778 80 34
s 779 131 46
s 780 219 119
s 781 87 39
s 782 390 198
s 783 60 35
s 784 34 22
s 785 121 64
s 786 273 144
s 787 151 85
s 788 60 24
s 789 238 121
s 790 128 68
s 791 61 30
s 793 205 92
s 794 137 67
s 795 75 40
s 796 75 41
s 797 233 112
s 798 68 33
s 799 63 29
s 800 41 21
s 801 80 50
s 802 88 45
s 803 100 39
s 804 210 100
s 805 11 7
s 806 36 19
s 807 112 56
s 808 25 9
s 809 57 29
s 810 86 49
s 811 106 56
s 812 93 45
s 813 35 21
s 814 63 31
s 815 64 32
s 816 312 156
s 817 342 175
s 818 32 15
s 819 32 19
s 820 57 37
s 821 134 70
s 822 286 144
s 823 163 94
s 824 45 22
s 825 32 15
s 826 29 18
s 827 58 28
s 828 179 87
s 829 35 18
s 830 160 95
s 831 41 19
s 832 38 20
s 833 18 7
s 834 3 1
s 835 117 62
s 836 44 21
s 837 148 72
s 838 111 61
s 839 187 98
s 840 52 25
s 841 25 9
s 842 372 190
s 843 35 16
s 844 269 151
s 845 40 22
s 846 106 73
s 847 18 8
s 848 52 23
s 849 36 17
s 850 31 21
s 851 14 4
s 852 71 40
s 853 148 62
s 854 316 162
s 855 73 43
s 856 156 79
s 857 17 11
s 858 93 47
s 859 65 43
s 860 39 21
s 861 251 133
s 862 29 8
s 863 26 12
s 864 87 37
s 865 205 109
s 866 115 39
s 867 23 15
s 868 68 32
s 869 88 38
s 870 24 11
s 871 15 4
s 872 168 78
s 873 135 76
s 874 204 100
s 875 124 70
s 876 69 36
s 877 165 85
s 878 115 57
s 879 43 21
s 880 82 44
s 881 57 30
s 882 78 44
s 887 85 45
s 888 111 54
s 889 95 56
s 891 119 60
s 894 106 56
s 896 158 75
s 897 94 38
s 899 55 30
s 903 267 148
s 904 76 41
s 905 83 47
s 906 48 14
s 913 105 51
s 923 42 23
s 1029 89 35
s 1030 29 18
s 1031 119 59
s 1032 30 22
s 1033 124 65
s 1034 10 1
s 1035 32 10
s 1036 21 11
s 1037 23 9
s 1038 195 92
s 1039 37 19
s 1040 12 5
s 1041 42 21
s 1042 30 15
s 1043 54 28
s 1044 38 19
s 1045 119 65
s 1046 92 54
s 1047 29 16
s 1049 79 34
s 1050 155 71
s 1051 107 50
s 1052 30 13
s 1053 84 34
s 1054 80 42
s 1055 73 35
s 1056 19 10
s 1057 36 20
s 1058 32 22
s 1059 42 16
s 1060 80 29
s 1061 24 14
s 1062 12 5
s 1063 57 27
s 1064 21 9
s 1065 12 5
s 1066 36 21
s 1067 43 23
s 1068 11 7
s 1069 34 14
s 1070 13 2
s 1071 29 13
s 1072 37 18
s 1073 110 58
s 1074 32 15
s 1075 31 16
s 1076 22 12
s 1077 51 23
s 1078 29 13
s 1079 52 26
s 1080 12 6
s 1081 15 11
s 1082 11 6
s 1083 35 13
s 1084 61 37
s 1085 13 6
s 1086 93 53
s 1087 20 9
s 1088 33 19
s 1089 11 6
s 1091 9 3
s 1092 41 20
s 1093 51 28
s 1094 22 11
s 1095 104 64
s 1096 20 8
s 1097 6 1
s 1098 157 79
s 1099 58 31
s 1100 98 52
s 1101 9 4
s 1102 21 13
s 1103 10 5
s 1104 6 4
s 1105 5 1
s 1106 9 4
s 1107 14 5
s 1108 65 37
s 1109 103 50
s 1110 196 107
s 1111 78 34
s 1112 75 41
s 1113 2 1
s 1114 36 14
s 1115 35 13
s 1116 13 8
s 1117 45 23
s 1118 2 1
s 1119 3 2
s 1120 24 15
s 1121 75 42
s 1122 41 17
s 1123 11 6
s 1124 46 17
s 1125 58 27
s 1126 16 8
s 1127 5 3
s 1128 72 34
s 1129 69 33
s 1130 63 41
s 1131 55 27
s 1132 43 21
s 1133 21 10
s 1134 69 39
s 1135 60 35
s 1136 74 39
s 1137 22 9
s 1138 18 10
s 1143 53 27
s 1144 40 19
s 1145 57 25
s 1147 101 50
s 1150 36 20
s 1152 90 35
s 1153 53 28
s 1155 60 33
s 1159 86 43
s 1160 52 27
s 1161 27 19
s 1162 14 10
s 1169 14 8
s 1179 21 9
s 1286 705 318
s 1287 669 339
s 1288 1064 556
s 1289 603 311
s 1290 227 103
s 1291 316 137
s 1292 641 325
s 1293 263 130
s 1294 1271 672
s 1295 298 139
s 1296 102 40
s 1297 436 206
s 1298 722 366
s 1299 421 204
s 1300 258 126
s 1301 907 428
s 1302 442 219
s 1303 206 104
s 1305 656 306
s 1306 472 224
s 1307 245 134
s 1308 267 124
s 1309 830 381
s 1310 198 104
s 1311 170 75
s 1312 195 123
s 1313 281 153
s 1314 230 111
s 1315 370 186
s 1316 793 385
s 1317 64 36
s 1318 111 58
s 1319 414 199
s 1320 109 42
s 1321 278 125
s 1322 386 206
s 1323 316 164
s 1324 276 139
s 1325 98 54
s 1326 215 79
s 1327 290 143
s 1328 781 412
s 1329 945 480
s 1330 59 37
s 1331 128 66
s 1332 157 84
s 1333 426 199
s 1334 831 415
s 1335 482 250
s 1336 195 99
s 1337 63 26
s 1338 77 43
s 1339 203 107
s 1340 563 278
s 1341 61 31
s 1342 556 313
s 1343 136 74
s 1344 95 48
s 1345 48 29
s 1346 8 5
s 1347 394 213
s 1348 136 64
s 1349 493 272
s 1350 343 183
s 1351 714 369
s 1352 128 62
s 1353 85 30
s 1354 976 508
s 1355 180 92
s 1356 905 486
s 1357 91 43
s 1358 207 111
s 1359 50 24
s 1360 162 78
s 1361 112 61
s 1362 74 43
s 1363 51 25
s 1364 256 120
s 1365 448 213
s 1366 1034 510
s 1367 195 99
s 1368 605 327
s 1369 48 22
s 1370 202 104
s 1371 148 80
s 1372 102 55
s 1373 969 509
s 1374 65 28
s 1375 93 47
s 1376 233 108
s 1377 556 283
s 1378 341 160
s 1379 114 50
s 1380 281 144
s 1381 352 159
s 1382 66 35
s 1383 36 11
s 1384 652 359
s 1385 348 179
s 1386 678 325
s 1387 388 200
s 1388 299 146
s 1389 540 259
s 1390 321 158
s 1391 109 50
s 1392 171 86
s 1393 174 93
s 1394 284 144
s 1399 313 160
s 1400 347 157
s 1401 171 89
s 1403 411 187
s 1406 375 201
s 1408 492 250
s 1409 292 133
s 1411 147 65
s 1415 691 373
s 1416 317 146
s 1417 272 130
s 1418 104 42
s 1425 221 102
s 1435 113 58
s 1543 1051 442
s 1544 27 11
s 1545 1051 480
s 1546 9 4
s 1547 249 83
s 1548 19 9
s 1549 293 134
s 1550 2152 999
s 1551 266 121
s 1552 140 57
s 1553 424 203
s 1554 37 24
s 1555 390 136
s 1556 340 157
s 1557 927 388
s 1558 681 296
s 1559 260 112
s 1561 836 323
s 1562 1282 511
s 1563 782 366
s 1564 334 127
s 1565 1124 439
s 1566 708 322
s 1567 699 312
s 1568 146 69
s 1569 334 165
s 1570 292 115
s 1571 363 164
s 1572 844 390
s 1573 218 84
s 1574 125 59
s 1575 547 224
s 1576 205 78
s 1577 38 18
s 1578 314 145
s 1579 396 159
s 1580 13 6
s 1581 229 94
s 1582 26 9
s 1583 339 133
s 1584 25 11
s 1585 1223 557
s 1586 275 131
s 1587 319 130
s 1588 191 91
s 1589 249 104
s 1590 26 8
s 1591 610 278
s 1592 54 22
s 1593 143 73
s 1594 150 60
s 1595 284 119
s 1596 760 354
s 1597 91 32
s 1598 795 387
s 1599 146 71
s 1600 331 111
s 1601 69 33
s 1602 41 19
s 1603 19 7
s 1604 415 147
s 1605 548 222
s 1606 28 12
s 1607 1146 531
s 1608 128 57
s 1609 80 27
s 1610 1290 564
s 1611 424 173
s 1612 1127 529
s 1613 122 58
s 1614 290 133
s 1615 133 51
s 1616 57 21
s 1617 97 36
s 1618 85 43
s 1619 238 116
s 1620 732 302
s 1621 1254 539
s 1622 1696 727
s 1623 755 315
s 1624 919 413
s 1625 7 3
s 1626 304 147
s 1627 256 124
s 1628 158 70
s 1629 240 116
s 1630 6 2
s 1631 12 4
s 1632 373 153
s 1633 711 325
s 1634 393 144
s 1635 127 52
s 1636 795 338
s 1637 579 250
s 1638 166 86
s 1639 90 38
s 1640 850 391
s 1641 766 345
s 1642 791 367
s 1643 479 210
s 1644 355 128
s 1645 36 18
s 1646 531 218
s 1647 465 208
s 1648 709 331
s 1649 231 109
s 1650 169 76
s 1655 657 293
s 1656 458 192
s 1657 445 195
s 1659 833 300
s 1662 461 192
s 1664 818 356
s 1665 365 149
s 1667 495 201
s 1671 855 394
s 1672 541 230
s 1673 391 184
s 1674 42 16
s 1681 117 48
s 1691 178 80
s 1800 1008 527
s 1801 892 450
s 1802 344 182
s 1803 418 157
s 1804 1072 604
s 1805 203 99
s 1806 1559 802
s 1807 354 200
s 1808 109 48
s 1809 317 138
s 1810 857 450
s 1811 518 229
s 1812 433 229
s 1813 1233 625
s 1814 618 319
s 1815 198 90
s 1817 679 307
s 1818 1185 586
s 1819 807 420
s 1820 216 110
s 1821 698 316
s 1822 667 325
s 1823 741 378
s 1824 193 107
s 1825 353 187
s 1826 247 109
s 1827 434 208
s 1828 923 470
s 1829 265 122
s 1830 125 65
s 1831 452 205
s 1832 208 99
s 1833 351 178
s 1834 349 187
s 1835 379 194
s 1836 348 181
s 1837 214 106
s 1838 305 136
s 1839 320 156
s 1840 1204 588
s 1841 864 444
s 1842 322 178
s 1843 197 92
s 1844 152 81
s 1845 547 241
s 1846 1038 546
s 1847 578 303
s 1848 286 159
s 1849 140 86
s 1850 169 90
s 1851 214 100
s 1852 542 300
s 1853 114 64
s 1854 614 365
s 1855 233 122
s 1856 308 121
s 1857 66 37
s 1858 34 12
s 1859 482 265
s 1860 491 258
s 1861 414 204
s 1862 468 234
s 1863 726 387
s 1864 213 88
s 1865 100 41
s 1866 1044 545
s 1867 461 223
s 1868 726 407
s 1869 92 53
s 1870 219 126
s 1871 159 76
s 1872 210 106
s 1873 128 62
s 1874 93 51
s 1875 142 72
s 1876 484 251
s 1877 876 460
s 1878 1558 810
s 1879 758 380
s 1880 627 308
s 1881 59 37
s 1882 288 154
s 1883 302 150
s 1884 110 65
s 1885 1062 558
s 1886 82 44
s 1887 96 54
s 1888 218 106
s 1889 630 284
s 1890 353 162
s 1891 102 45
s 1892 540 283
s 1893 504 260
s 1894 139 72
s 1895 55 31
s 1896 627 327
s 1897 734 346
s 1898 573 295
s 1899 311 162
s 1900 270 115
s 1901 787 370
s 1902 525 293
s 1903 450 231
s 1904 748 402
s 1905 192 100
s 1906 274 136
s 1911 532 267
s 1912 292 125
s 1913 469 222
s 1915 774 401
s 1918 333 163
s 1920 772 362
s 1921 285 145
s 1923 499 242
s 1927 716 373
s 1928 392 182
s 1929 237 118
s 1930 170 78
s 1937 281 130
s 1947 144 72
s 2057 1234 669
s 2058 21 8
s 2059 264 102
s 2060 10 4
s 2061 359 182
s 2062 2124 1113
s 2063 347 190
s 2064 190 105
s 2065 489 240
s 2066 24 9
s 2067 352 174
s 2068 375 217
s 2069 1072 528
s 2070 794 393
s 2071 273 137
s 2073 1022 518
s 2074 1672 871
s 2075 1031 545
s 2076 343 157
s 2077 1159 593
s 2078 923 463
s 2079 1071 605
s 2080 176 95
s 2081 419 245
s 2082 350 178
s 2083 523 252
s 2084 904 469
s 2085 229 119
s 2086 130 63
s 2087 630 315
s 2088 280 137
s 2089 24 10
s 2090 325 179
s 2091 524 278
s 2092 16 8
s 2093 291 160
s 2094 44 21
s 2095 391 224
s 2096 23 10
s 2097 1218 699
s 2098 293 156
s 2099 269 155
s 2100 210 111
s 2101 336 136
s 2102 12 7
s 2103 683 373
s 2104 63 36
s 2105 134 70
s 2106 208 111
s 2107 334 158
s 2108 797 428
s 2109 85 43
s 2110 952 554
s 2111 188 87
s 2112 376 178
s 2113 80 42
s 2114 25 14
s 2115 9 2
s 2116 484 244
s 2117 618 317
s 2118 36 13
s 2119 1301 703
s 2120 194 100
s 2121 81 40
s 2122 1388 755
s 2123 522 252
s 2124 1301 750
s 2125 120 63
s 2126 291 164
s 2127 153 69
s 2128 49 25
s 2129 119 62
s 2130 71 39
s 2131 152 79
s 2132 631 342
s 2133 939 464
s 2134 1976 1042
s 2135 929 493
s 2136 1030 592
s 2137 10 5
s 2138 358 190
s 2139 216 119
s 2140 172 93
s 2141 254 139
s 2142 9 4
s 2143 11 6
s 2144 361 179
s 2145 1002 532
s 2146 444 218
s 2147 127 60
s 2148 494 245
s 2149 733 389
s 2150 119 59
s 2151 71 34
s 2152 971 505
s 2153 795 432
s 2154 877 458
s 2155 557 307
s 2156 401 213
s 2157 21 10
s 2158 522 293
s 2159 503 277
s 2160 802 423
s 2161 266 152
s 2162 160 70
s 2167 801 425
s 2168 477 232
s 2169 690 364
s 2171 947 476
s 2174 517 280
s 2176 947 486
s 2177 371 195
s 2179 505 244
s 2183 902 491
s 2184 439 244
s 2185 380 207
s 2186 63 27
s 2193 108 50
s 2203 199 103
s 2314 336 163
s 2315 481 174
s 2316 933 461
s 2317 371 176
s 2318 1507 753
s 2319 382 192
s 2320 163 76
s 2321 580 292
s 2322 1121 565
s 2323 705 319
s 2324 384 181
s 2325 1091 538
s 2326 495 252
s 2327 334 164
s 2329 974 430
s 2330 949 451
s 2331 654 351
s 2332 358 159
s 2333 1216 569
s 2334 499 246
s 2335 522 261
s 2336 261 120
s 2337 383 219
s 2338 327 173
s 2339 498 232
s 2340 1057 526
s 2341 139 65
s 2342 162 75
s 2343 655 320
s 2344 138 73
s 2345 402 217
s 2346 581 306
s 2347 442 226
s 2348 377 186
s 2349 168 86
s 2350 311 132
s 2351 384 200
s 2352 1249 654
s 2353 1748 952
s 2354 196 97
s 2355 185 94
s 2356 224 125
s 2357 624 284
s 2358 1266 669
s 2359 644 325
s 2360 285 155
s 2361 108 57
s 2362 148 76
s 2363 297 134
s 2364 826 404
s 2365 121 58
s 2366 517 253
s 2367 176 81
s 2368 223 97
s 2369 68 37
s 2370 16 8
s 2371 555 276
s 2372 291 128
s 2373 706 358
s 2374 485 229
s 2375 750 382
s 2376 163 75
s 2377 99 44
s 2378 1340 680
s 2379 278 145
s 2380 1372 774
s 2381 158 81
s 2382 399 213
s 2383 119 54
s 2384 267 131
s 2385 164 78
s 2386 117 64
s 2387 120 54
s 2388 473 231
s 2389 776 373
s 2390 1080 573
s 2391 546 274
s 2392 674 350
s 2393 57 29
s 2394 327 181
s 2395 253 141
s 2396 133 72
s 2397 1296 652
s 2398 81 33
s 2399 115 60
s 2400 393 184
s 2401 717 354
s 2402 521 229
s 2403 123 57
s 2404 414 216
s 2405 407 192
s 2406 108 53
s 2407 74 38
s 2408 924 491
s 2409 548 251
s 2410 1039 512
s 2411 451 221
s 2412 395 193
s 2413 751 351
s 2414 344 185
s 2415 345 177
s 2416 563 266
s 2417 292 161
s 2418 339 157
s 2423 481 245
s 2424 498 227
s 2425 301 141
s 2427 595 277
s 2430 513 251
s 2432 659 327
s 2433 376 166
s 2435 378 188
s 2439 970 471
s 2440 457 219
s 2441 440 230
s 2442 163 66
s 2449 316 143
s 2459 203 90
s 2571 80 29
s 2572 11 6
s 2573 105 48
s 2574 659 332
s 2575 83 33
s 2576 47 23
s 2577 124 62
s 2578 6 2
s 2579 136 55
s 2580 98 46
s 2581 306 137
s 2582 221 120
s 2583 87 34
s 2585 278 131
s 2586 458 231
s 2587 233 117
s 2588 98 45
s 2589 300 135
s 2590 224 109
s 2591 241 109
s 2592 47 20
s 2593 112 61
s 2594 116 53
s 2595 108 55
s 2596 241 107
s 2597 80 40
s 2598 54 24
s 2599 175 78
s 2600 68 33
s 2601 11 5
s 2602 82 54
s 2603 153 73
s 2604 4 3
s 2605 85 43
s 2606 12 4
s 2607 104 52
s 2608 13 7
s 2609 397 204
s 2610 108 57
s 2611 71 35
s 2612 41 17
s 2613 97 38
s 2614 10 5
s 2615 196 96
s 2616 13 7
s 2617 58 35
s 2618 66 46
s 2619 104 49
s 2620 251 134
s 2621 32 19
s 2622 247 132
s 2623 46 23
s 2624 120 58
s 2625 22 8
s 2626 6 1
s 2627 5 3
s 2628 161 71
s 2629 203 113
s 2630 18 10
s 2631 370 181
s 2632 51 20
s 2633 19 7
s 2634 465 252
s 2635 168 77
s 2636 378 198
s 2637 43 22
s 2638 99 52
s 2639 42 15
s 2640 23 11
s 2641 28 17
s 2642 42 29
s 2643 53 18
s 2644 187 96
s 2645 324 165
s 2646 576 283
s 2647 272 120
s 2648 317 157
s 2649 3 2
s 2650 112 64
s 2651 94 48
s 2652 44 29
s 2653 98 54
s 2654 3 1
s 2655 8 4
s 2656 101 43
s 2657 234 120
s 2658 136 59
s 2659 49 21
s 2660 216 117
s 2661 221 113
s 2662 50 23
s 2663 26 13
s 2664 258 119
s 2665 323 156
s 2666 282 129
s 2667 135 59
s 2668 114 47
s 2669 11 3
s 2670 163 87
s 2671 159 65
s 2672 277 146
s 2673 76 28
s 2674 49 29
s 2679 212 107
s 2680 138 54
s 2681 174 99
s 2683 278 124
s 2686 158 63
s 2688 291 143
s 2689 96 49
s 2691 172 80
s 2695 290 150
s 2696 176 74
s 2697 128 67
s 2698 22 12
s 2705 39 17
s 2715 64 35
s 2828 217 91
s 2829 60 19
s 2830 859 339
s 2831 116 48
s 2832 65 25
s 2833 106 43
s 2834 238 93
s 2835 225 72
s 2836 195 79
s 2837 473 183
s 2838 271 91
s 2839 122 43
s 2841 224 82
s 2842 623 245
s 2843 402 165
s 2844 165 58
s 2845 458 176
s 2846 328 116
s 2847 335 137
s 2848 67 26
s 2849 169 79
s 2850 76 34
s 2851 145 56
s 2852 315 125
s 2853 92 26
s 2854 65 26
s 2855 132 47
s 2856 83 30
s 2857 94 41
s 2858 163 71
s 2859 143 55
s 2860 106 41
s 2861 91 42
s 2862 92 32
s 2863 110 42
s 2864 332 117
s 2865 469 203
s 2866 139 59
s 2867 117 43
s 2868 51 31
s 2869 208 61
s 2870 293 133
s 2871 312 128
s 2872 53 25
s 2873 87 38
s 2874 67 24
s 2875 94 32
s 2876 293 130
s 2877 36 10
s 2878 348 169
s 2879 87 41
s 2880 177 48
s 2881 33 17
s 2882 17 5
s 2883 122 52
s 2884 202 72
s 2885 212 69
s 2886 142 48
s 2887 581 257
s 2888 71 25
s 2889 35 12
s 2890 395 143
s 2891 209 80
s 2892 201 78
s 2893 45 18
s 2894 132 53
s 2895 75 18
s 2896 46 14
s 2897 66 31
s 2898 34 16
s 2899 81 25
s 2900 312 114
s 2901 506 186
s 2902 811 335
s 2903 372 172
s 2904 345 161
s 2905 22 8
s 2906 98 38
s 2907 120 48
s 2908 52 23
s 2909 292 111
s 2910 28 9
s 2911 31 12
s 2912 173 71
s 2913 414 168
s 2914 179 66
s 2915 67 28
s 2916 392 158
s 2917 264 101
s 2918 75 29
s 2919 25 12
s 2920 396 156
s 2921 400 157
s 2922 157 58
s 2923 174 64
s 2924 163 55
s 2925 185 62
s 2926 186 76
s 2927 219 103
s 2928 317 121
s 2929 53 24
s 2930 102 42
s 2935 275 122
s 2936 156 54
s 2937 236 91
s 2939 406 152
s 2942 126 57
s 2944 333 118
s 2945 207 68
s 2947 237 81
s 2951 382 153
s 2952 219 100
s 2953 123 59
s 2954 50 19
s 2961 79 27
s 2971 72 21
s 3085 284 134
s 3086 1830 912
s 3087 218 119
s 3088 140 71
s 3089 382 194
s 3090 19 8
s 3091 339 158
s 3092 284 148
s 3093 844 428
s 3094 666 361
s 3095 224 113
s 3097 818 402
s 3098 1211 611
s 3099 660 375
s 3100 249 110
s 3101 971 486
s 3102 769 398
s 3103 707 381
s 3104 115 66
s 3105 351 206
s 3106 314 165
s 3107 399 217
s 3108 645 336
s 3109 222 110
s 3110 149 66
s 3111 495 248
s 3112 201 108
s 3113 13 9
s 3114 226 126
s 3115 371 193
s 3116 11 5
s 3117 222 122
s 3118 44 22
s 3119 315 155
s 3120 18 10
s 3121 1212 636
s 3122 381 214
s 3123 200 118
s 3124 148 76
s 3125 235 109
s 3126 5 3
s 3127 652 354
s 3128 55 26
s 3129 140 78
s 3130 174 85
s 3131 251 127
s 3132 641 335
s 3133 96 55
s 3134 722 403
s 3135 146 72
s 3136 298 138
s 3137 78 41
s 3138 34 25
s 3139 10 6
s 3140 471 259
s 3141 491 249
s 3142 26 16
s 3143 1028 552
s 3144 171 92
s 3145 56 31
s 3146 1289 682
s 3147 394 205
s 3148 951 513
s 3149 114 54
s 3150 277 149
s 3151 144 71
s 3152 43 27
s 3153 74 34
s 3154 65 38
s 3155 139 73
s 3156 479 233
s 3157 880 446
s 3158 1643 861
s 3159 759 450
s 3160 778 392
s 3161 3 0
s 3162 355 188
s 3163 205 101
s 3164 134 68
s 3165 206 94
s 3166 7 3
s 3167 7 6
s 3168 288 133
s 3169 643 317
s 3170 389 202
s 3171 123 52
s 3172 461 217
s 3173 553 286
s 3174 98 52
s 3175 78 45
s 3176 707 382
s 3177 862 468
s 3178 797 432
s 3179 463 253
s 3180 262 132
s 3181 17 9
s 3182 484 269
s 3183 437 210
s 3184 857 473
s 3185 224 115
s 3186 116 53
s 3191 583 311
s 3192 410 183
s 3193 612 317
s 3195 840 408
s 3198 425 202
s 3200 788 418
s 3201 285 136
s 3203 565 276
s 3207 788 420
s 3208 450 226
s 3209 302 159
s 3210 40 22
s 3217 112 49
s 3227 192 95
s 3342 582 292
s 3343 78 42
s 3344 28 12
s 3345 9 7
s 3346 314 164
s 3347 183 86
s 3348 129 76
s 3349 375 171
s 3350 159 88
s 3351 48 24
s 3353 31 13
s 3354 436 217
s 3355 237 112
s 3356 82 40
s 3357 274 138
s 3358 235 112
s 3359 242 126
s 3360 40 22
s 3361 112 57
s 3362 10 4
s 3363 29 10
s 3364 201 104
s 3365 72 39
s 3366 46 19
s 3367 42 11
s 3368 62 30
s 3369 94 45
s 3370 113 56
s 3371 60 28
s 3372 98 52
s 3373 54 28
s 3374 86 34
s 3375 56 26
s 3376 333 163
s 3377 262 138
s 3378 94 52
s 3379 86 44
s 3380 21 12
s 3381 175 84
s 3382 329 180
s 3383 212 107
s 3384 68 32
s 3385 39 23
s 3386 49 28
s 3387 34 14
s 3388 226 108
s 3389 16 11
s 3390 305 178
s 3391 67 30
s 3392 114 49
s 3393 15 11
s 3394 14 6
s 3395 134 72
s 3396 130 64
s 3397 187 89
s 3398 135 69
s 3399 324 166
s 3400 77 31
s 3401 32 14
s 3402 92 44
s 3403 127 52
s 3404 27 12
s 3405 34 19
s 3406 96 41
s 3407 52 24
s 3408 66 27
s 3409 43 20
s 3410 12 7
s 3411 36 14
s 3412 169 80
s 3413 305 128
s 3414 495 260
s 3415 248 112
s 3416 250 130
s 3417 9 7
s 3418 53 25
s 3419 85 47
s 3420 42 21
s 3421 306 160
s 3422 19 7
s 3423 27 10
s 3424 107 49
s 3425 176 84
s 3426 133 71
s 3427 43 26
s 3428 170 75
s 3429 176 82
s 3430 32 16
s 3431 20 11
s 3432 211 105
s 3433 257 131
s 3434 6 2
s 3435 113 50
s 3436 112 47
s 3437 201 94
s 3438 128 58
s 3439 120 70
s 3440 254 129
s 3441 11 1
s 3442 88 31
s 3447 229 127
s 3448 48 22
s 3449 139 64
s 3451 337 147
s 3454 29 14
s 3456 171 80
s 3457 107 50
s 3459 177 84
s 3463 264 132
s 3464 97 39
s 3465 69 34
s 3466 46 24
s 3473 80 31
s 3483 80 33
s 3599 726 340
s 3600 294 140
s 3601 809 362
s 3602 1896 986
s 3603 1030 463
s 3604 847 415
s 3605 2403 1188
s 3606 1117 560
s 3607 469 228
s 3609 1843 873
s 3610 2145 1042
s 3611 1236 590
s 3612 503 239
s 3613 1529 698
s 3614 1217 587
s 3615 1276 689
s 3616 418 216
s 3617 740 410
s 3618 681 354
s 3619 985 519
s 3620 1876 941
s 3621 389 178
s 3622 238 115
s 3623 1070 511
s 3624 358 183
s 3625 737 379
s 3626 730 388
s 3627 861 452
s 3628 666 335
s 3629 400 210
s 3630 673 316
s 3631 779 388
s 3632 2438 1223
s 3633 2173 1131
s 3634 557 294
s 3635 310 172
s 3636 434 236
s 3637 1126 530
s 3638 1966 1045
s 3639 1292 649
s 3640 540 293
s 3641 273 149
s 3642 299 145
s 3643 539 260
s 3644 1162 579
s 3645 211 95
s 3646 988 535
s 3647 409 217
s 3648 541 269
s 3649 134 67
s 3650 47 28
s 3651 864 473
s 3652 784 400
s 3653 980 458
s 3654 910 447
s 3655 1276 656
s 3656 372 160
s 3657 191 87
s 3658 2665 1451
s 3659 770 390
s 3660 2206 1216
s 3661 234 122
s 3662 504 263
s 3663 277 130
s 3664 406 191
s 3665 254 136
s 3666 205 109
s 3667 202 97
s 3668 776 388
s 3669 1283 589
s 3670 2836 1487
s 3671 1334 688
s 3672 1182 619
s 3673 111 60
s 3674 669 358
s 3675 646 333
s 3676 305 172
s 3677 1993 1003
s 3678 186 97
s 3679 212 110
s 3680 470 227
s 3681 1196 558
s 3682 638 293
s 3683 226 110
s 3684 761 344
s 3685 947 477
s 3686 243 117
s 3687 125 61
s 3688 1391 686
s 3689 1280 667
s 3690 1561 782
s 3691 788 410
s 3692 540 250
s 3693 1414 673
s 3694 929 514
s 3695 906 459
s 3696 1263 667
s 3697 551 286
s 3698 649 321
s 3703 1108 583
s 3704 832 363
s 3705 1044 539
s 3707 1414 692
s 3710 888 429
s 3712 1505 769
s 3713 580 276
s 3715 923 435
s 3719 1424 742
s 3720 849 405
s 3721 638 322
s 3722 362 185
s 3729 613 287
s 3739 335 159
s 3856 36 20
s 3857 173 86
s 3858 302 141
s 3859 203 99
s 3860 122 69
s 3861 369 170
s 3862 248 132
s 3863 69 28
s 3865 245 119
s 3866 511 252
s 3867 350 186
s 3868 53 21
s 3869 152 81
s 3870 263 135
s 3871 302 147
s 3872 70 33
s 3873 61 35
s 3874 87 44
s 3875 174 89
s 3876 232 124
s 3877 83 41
s 3878 20 12
s 3879 187 86
s 3880 95 38
s 3881 128 66
s 3882 111 55
s 3883 91 43
s 3884 111 50
s 3885 74 35
s 3886 71 27
s 3887 86 38
s 3888 275 119
s 3889 289 142
s 3890 113 63
s 3891 99 53
s 3892 50 31
s 3893 157 73
s 3894 310 160
s 3895 92 50
s 3896 72 34
s 3897 38 20
s 3898 56 25
s 3899 73 37
s 3900 105 53
s 3901 27 11
s 3902 330 179
s 3903 63 35
s 3904 123 57
s 3905 16 12
s 3906 7 3
s 3907 137 76
s 3908 141 80
s 3909 95 41
s 3910 145 82
s 3911 473 265
s 3912 75 33
s 3913 32 16
s 3914 387 194
s 3915 162 69
s 3916 361 192
s 3917 22 10
s 3918 44 23
s 3919 38 21
s 3920 61 38
s 3921 37 26
s 3922 27 9
s 3923 57 28
s 3924 225 105
s 3925 298 128
s 3926 607 324
s 3927 314 163
s 3928 364 203
s 3929 23 11
s 3930 82 38
s 3931 129 64
s 3932 44 28
s 3933 358 190
s 3934 30 12
s 3935 44 23
s 3936 56 28
s 3937 167 82
s 3938 58 24
s 3939 28 12
s 3940 245 130
s 3941 213 114
s 3942 57 28
s 3943 28 20
s 3944 130 72
s 3945 264 143
s 3946 256 136
s 3947 202 110
s 3948 53 24
s 3949 145 67
s 3950 127 67
s 3951 144 77
s 3952 210 108
s 3953 70 36
s 3954 127 60
s 3959 249 120
s 3960 134 63
s 3961 154 74
s 3963 282 119
s 3966 149 69
s 3968 237 131
s 3969 64 42
s 3971 150 78
s 3975 146 78
s 3976 172 85
s 3977 64 34
s 3978 35 16
s 3985 92 41
s 3995 63 31
s 4113 47 28
s 4114 136 57
s 4115 69 26
s 4116 58 28
s 4117 193 91
s 4118 136 73
s 4119 19 10
s 4121 102 46
s 4122 212 96
s 4123 155 70
s 4124 18 8
s 4125 59 26
s 4126 120 54
s 4127 150 67
s 4128 31 12
s 4129 35 19
s 4130 32 8
s 4131 71 32
s 4132 96 45
s 4133 44 24
s 4134 12 8
s 4135 65 29
s 4136 35 15
s 4137 62 28
s 4138 59 25
s 4139 35 20
s 4140 52 22
s 4141 42 22
s 4142 48 20
s 4143 39 19
s 4144 166 93
s 4145 110 49
s 4146 54 26
s 4147 31 15
s 4148 16 5
s 4149 108 46
s 4150 161 90
s 4151 32 17
s 4152 42 14
s 4153 18 6
s 4154 25 9
s 4155 32 14
s 4156 49 32
s 4157 17 6
s 4158 94 49
s 4159 35 20
s 4160 59 26
s 4161 12 6
s 4162 6 3
s 4163 85 38
s 4164 75 31
s 4165 34 17
s 4166 86 42
s 4167 152 77
s 4168 25 11
s 4169 10 5
s 4170 163 84
s 4171 76 35
s 4172 110 53
s 4173 14 6
s 4174 19 13
s 4175 24 9
s 4176 39 19
s 4177 14 10
s 4178 4 3
s 4179 22 9
s 4180 76 29
s 4181 107 51
s 4182 284 142
s 4183 104 53
s 4184 122 70
s 4185 9 2
s 4186 61 26
s 4187 37 19
s 4188 15 6
s 4189 153 70
s 4190 12 5
s 4191 19 7
s 4192 19 9
s 4193 86 34
s 4194 25 13
s 4195 5 1
s 4196 95 56
s 4197 105 50
s 4198 16 8
s 4199 13 4
s 4200 43 21
s 4201 115 51
s 4202 87 46
s 4203 72 29
s 4204 26 10
s 4205 101 50
s 4206 66 35
s 4207 71 32
s 4208 138 77
s 4209 26 16
s 4210 57 20
s 4215 118 58
s 4216 45 14
s 4217 79 42
s 4219 129 53
s 4222 58 27
s 4224 120 50
s 4225 30 12
s 4227 98 47
s 4231 61 30
s 4232 45 19
s 4233 26 8
s 4234 31 17
s 4241 46 19
s 4251 20 7
s 4370 436 227
s 4371 254 112
s 4372 176 79
s 4373 556 269
s 4374 236 124
s 4375 75 33
s 4377 55 21
s 4378 609 291
s 4379 433 215
s 4380 130 62
s 4381 462 210
s 4382 328 164
s 4383 400 196
s 4384 72 34
s 4385 151 84
s 4386 13 5
s 4387 62 29
s 4388 278 123
s 4389 104 60
s 4390 62 31
s 4391 56 20
s 4392 102 52
s 4393 174 78
s 4394 220 119
s 4395 89 38
s 4396 155 75
s 4397 84 43
s 4398 118 50
s 4399 92 55
s 4400 457 230
s 4401 347 184
s 4402 143 69
s 4403 115 61
s 4404 26 19
s 4405 254 116
s 4406 533 256
s 4407 310 156
s 4408 102 58
s 4409 57 25
s 4410 98 47
s 4411 38 21
s 4412 345 176
s 4413 14 9
s 4414 405 252
s 4415 112 54
s 4416 155 76
s 4417 21 14
s 4418 10 3
s 4419 212 97
s 4420 179 92
s 4421 277 143
s 4422 190 85
s 4423 561 287
s 4424 97 44
s 4425 47 19
s 4426 147 80
s 4427 196 89
s 4428 37 18
s 4429 45 25
s 4430 128 66
s 4431 54 27
s 4432 74 39
s 4433 58 27
s 4434 17 5
s 4435 74 38
s 4436 222 120
s 4437 442 203
s 4438 716 344
s 4439 416 179
s 4440 375 175
s 4441 23 11
s 4442 93 51
s 4443 109 57
s 4444 45 21
s 4445 490 233
s 4446 32 15
s 4447 50 25
s 4448 153 75
s 4449 264 118
s 4450 183 73
s 4451 60 25
s 4452 259 119
s 4453 263 106
s 4454 49 28
s 4455 37 29
s 4456 349 177
s 4457 363 198
s 4458 17 12
s 4459 154 75
s 4460 145 71
s 4461 343 181
s 4462 194 86
s 4463 198 97
s 4464 347 168
s 4465 13 2
s 4466 107 46
s 4471 364 181
s 4472 72 28
s 4473 247 131
s 4475 468 210
s 4478 42 18
s 4480 268 125
s 4481 134 60
s 4483 245 130
s 4487 406 208
s 4488 152 67
s 4489 118 54
s 4490 80 43
s 4497 102 43
s 4507 105 54
s 4627 384 175
s 4628 338 169
s 4629 1127 581
s 4630 763 413
s 4631 232 118
s 4633 946 486
s 4634 1389 684
s 4635 789 430
s 4636 330 184
s 4637 963 467
s 4638 743 366
s 4639 789 424
s 4640 150 88
s 4641 464 259
s 4642 344 177
s 4643 463 225
s 4644 797 432
s 4645 274 156
s 4646 147 77
s 4647 586 284
s 4648 229 116
s 4649 27 10
s 4650 254 136
s 4651 465 244
s 4652 12 6
s 4653 255 145
s 4654 43 21
s 4655 348 165
s 4656 33 10
s 4657 1210 686
s 4658 346 180
s 4659 231 125
s 4660 174 96
s 4661 309 148
s 4662 18 6
s 4663 736 390
s 4664 78 45
s 4665 156 92
s 4666 225 119
s 4667 263 142
s 4668 691 380
s 4669 81 39
s 4670 973 607
s 4671 157 83
s 4672 304 151
s 4673 74 32
s 4674 39 14
s 4675 13 5
s 4676 484 248
s 4677 541 289
s 4678 35 17
s 4679 1170 659
s 4680 192 95
s 4681 57 25
s 4682 1398 741
s 4683 499 242
s 4684 1159 661
s 4685 177 106
s 4686 309 161
s 4687 169 90
s 4688 55 30
s 4689 81 45
s 4690 94 47
s 4691 125 55
s 4692 597 319
s 4693 928 463
s 4694 1928 1013
s 4695 842 436
s 4696 859 496
s 4697 5 4
s 4698 391 211
s 4699 279 145
s 4700 164 90
s 4701 268 141
s 4702 7 3
s 4703 20 6
s 4704 297 155
s 4705 846 425
s 4706 461 228
s 4707 144 73
s 4708 487 267
s 4709 636 326
s 4710 118 64
s 4711 61 43
s 4712 787 421
s 4713 965 514
s 4714 913 468
s 4715 524 292
s 4716 286 159
s 4717 20 7
s 4718 577 326
s 4719 550 323
s 4720 943 519
s 4721 263 157
s 4722 166 94
s 4727 738 380
s 4728 420 205
s 4729 643 353
s 4731 984 502
s 4734 469 228
s 4736 807 414
s 4737 325 149
s 4739 575 293
s 4743 884 474
s 4744 445 248
s 4745 313 167
s 4746 51 20
s 4753 98 51
s 4763 241 133
s 4884 281 126
s 4885 795 356
s 4886 345 149
s 4887 169 77
s 4889 513 221
s 4890 800 339
s 4891 482 222
s 4892 161 69
s 4893 535 224
s 4894 468 215
s 4895 468 210
s 4896 103 43
s 4897 302 138
s 4898 181 83
s 4899 298 115
s 4900 556 249
s 4901 163 77
s 4902 81 33
s 4903 296 126
s 4904 132 53
s 4905 120 55
s 4906 169 87
s 4907 273 111
s 4908 168 87
s 4909 162 74
s 4910 139 52
s 4911 213 92
s 4912 425 174
s 4913 611 292
s 4914 210 88
s 4915 121 46
s 4916 130 77
s 4917 319 136
s 4918 364 177
s 4919 396 181
s 4920 116 60
s 4921 102 61
s 4922 93 38
s 4923 173 70
s 4924 354 163
s 4925 61 29
s 4926 462 248
s 4927 125 56
s 4928 197 84
s 4929 44 12
s 4930 25 7
s 4931 176 83
s 4932 312 129
s 4933 319 147
s 4934 197 86
s 4935 552 252
s 4936 129 58
s 4937 55 28
s 4938 794 371
s 4939 257 114
s 4940 609 273
s 4941 95 49
s 4942 198 97
s 4943 107 47
s 4944 116 52
s 4945 71 23
s 4946 55 31
s 4947 94 39
s 4948 308 130
s 4949 573 232
s 4950 1047 481
s 4951 490 200
s 4952 443 200
s 4953 26 11
s 4954 214 107
s 4955 186 91
s 4956 111 51
s 4957 451 206
s 4958 38 11
s 4959 44 17
s 4960 163 71
s 4961 462 224
s 4962 265 116
s 4963 65 25
s 4964 315 149
s 4965 344 152
s 4966 74 35
s 4967 45 22
s 4968 434 209
s 4969 495 217
s 4970 384 190
s 4971 271 120
s 4972 166 71
s 4973 257 117
s 4974 347 172
s 4975 325 144
s 4976 502 255
s 4977 158 84
s 4978 159 74
s 4983 407 187
s 4984 263 112
s 4985 302 129
s 4987 520 214
s 4990 238 100
s 4992 524 222
s 4993 203 71
s 4995 402 179
s 4999 558 245
s 5000 282 113
s 5001 171 71
s 5002 67 26
s 5009 117 44
s 5019 110 49
s 5141 479 243
s 5142 295 150
s 5143 110 49
s 5145 386 199
s 5146 477 225
s 5147 282 149
s 5148 141 73
s 5149 423 204
s 5150 223 118
s 5151 247 121
s 5152 85 42
s 5153 136 82
s 5154 156 85
s 5155 225 120
s 5156 408 206
s 5157 76 36
s 5158 66 34
s 5159 264 127
s 5160 86 37
s 5161 145 76
s 5162 185 98
s 5163 191 92
s 5164 133 79
s 5165 73 44
s 5166 116 59
s 5167 130 68
s 5168 389 202
s 5169 466 248
s 5170 84 37
s 5171 74 39
s 5172 87 48
s 5173 223 106
s 5174 345 177
s 5175 209 112
s 5176 95 52
s 5177 66 30
s 5178 78 38
s 5179 120 53
s 5180 265 133
s 5181 42 23
s 5182 308 160
s 5183 83 42
s 5184 104 50
s 5185 17 12
s 5186 15 5
s 5187 147 73
s 5188 157 79
s 5189 234 106
s 5190 160 75
s 5191 404 223
s 5192 79 39
s 5193 55 31
s 5194 567 301
s 5195 166 74
s 5196 475 248
s 5197 57 30
s 5198 117 60
s 5199 46 22
s 5200 60 26
s 5201 60 33
s 5202 40 28
s 5203 58 31
s 5204 205 90
s 5205 401 199
s 5206 647 335
s 5207 276 158
s 5208 350 200
s 5209 20 9
s 5210 132 72
s 5211 111 61
s 5212 60 28
s 5213 355 181
s 5214 29 15
s 5215 47 21
s 5216 117 54
s 5217 338 182
s 5218 167 68
s 5219 44 25
s 5220 234 117
s 5221 243 106
s 5222 73 36
s 5223 24 10
s 5224 320 170
s 5225 296 161
s 5226 324 170
s 5227 213 115
s 5228 124 62
s 5229 274 124
s 5230 194 103
s 5231 156 79
s 5232 206 107
s 5233 105 53
s 5234 133 71
s 5239 210 120
s 5240 188 95
s 5241 173 93
s 5243 289 141
s 5246 212 107
s 5248 329 179
s 5249 142 67
s 5251 153 70
s 5255 338 167
s 5256 194 96
s 5257 117 54
s 5258 53 30
s 5265 104 56
s 5275 81 42
s 5398 773 366
s 5399 297 121
s 5401 1028 470
s 5402 1616 775
s 5403 882 437
s 5404 401 200
s 5405 1218 583
s 5406 895 458
s 5407 914 471
s 5408 295 169
s 5409 424 220
s 5410 405 204
s 5411 580 269
s 5412 1182 598
s 5413 274 139
s 5414 170 90
s 5415 697 318
s 5416 232 110
s 5417 430 217
s 5418 563 296
s 5419 471 226
s 5420 399 188
s 5421 238 141
s 5422 329 153
s 5423 414 190
s 5424 1123 576
s 5425 1506 769
s 5426 388 194
s 5427 324 153
s 5428 241 131
s 5429 672 310
s 5430 1260 649
s 5431 670 352
s 5432 235 112
s 5433 180 100
s 5434 203 90
s 5435 317 149
s 5436 848 458
s 5437 137 67
s 5438 898 502
s 5439 260 132
s 5440 390 194
s 5441 69 40
s 5442 43 19
s 5443 555 296
s 5444 518 243
s 5445 746 358
s 5446 545 263
s 5447 1370 678
s 5448 245 101
s 5449 125 47
s 5450 1653 854
s 5451 541 262
s 5452 1335 717
s 5453 163 94
s 5454 345 194
s 5455 169 73
s 5456 247 135
s 5457 189 101
s 5458 126 74
s 5459 192 95
s 5460 729 358
s 5461 1269 623
s 5462 1861 944
s 5463 943 504
s 5464 984 535
s 5465 62 35
s 5466 391 208
s 5467 349 186
s 5468 191 110
s 5469 1262 677
s 5470 79 35
s 5471 109 55
s 5472 365 179
s 5473 903 450
s 5474 536 244
s 5475 180 62
s 5476 868 437
s 5477 656 345
s 5478 200 106
s 5479 88 41
s 5480 1007 542
s 5481 868 434
s 5482 1039 518
s 5483 591 311
s 5484 407 179
s 5485 727 309
s 5486 590 307
s 5487 559 290
s 5488 887 437
s 5489 295 154
s 5490 380 184
s 5495 714 367
s 5496 552 243
s 5497 549 273
s 5499 978 480
s 5502 577 296
s 5504 941 437
s 5505 424 197
s 5507 579 282
s 5511 1065 543
s 5512 556 260
s 5513 431 209
s 5514 177 83
s 5521 345 152
s 5531 247 120
s 5655 198 94
s 5657 488 216
s 5658 820 401
s 5659 479 260
s 5660 241 111
s 5661 766 353
s 5662 421 215
s 5663 449 238
s 5664 163 89
s 5665 214 126
s 5666 201 100
s 5667 265 117
s 5668 629 281
s 5669 124 60
s 5670 113 48
s 5671 334 152
s 5672 108 46
s 5673 339 168
s 5674 371 186
s 5675 237 120
s 5676 278 129
s 5677 107 67
s 5678 217 105
s 5679 239 109
s 5680 818 391
s 5681 849 429
s 5682 179 91
s 5683 129 62
s 5684 95 50
s 5685 377 171
s 5686 826 395
s 5687 380 175
s 5688 195 111
s 5689 95 53
s 5690 89 31
s 5691 158 61
s 5692 570 280
s 5693 78 40
s 5694 337 177
s 5695 108 53
s 5696 180 73
s 5697 38 18
s 5698 22 11
s 5699 412 213
s 5700 254 109
s 5701 420 207
s 5702 351 196
s 5703 620 316
s 5704 129 63
s 5705 92 35
s 5706 778 407
s 5707 249 112
s 5708 641 344
s 5709 84 48
s 5710 221 101
s 5711 80 32
s 5712 128 61
s 5713 110 53
s 5714 71 35
s 5715 98 58
s 5716 301 149
s 5717 557 269
s 5718 856 424
s 5719 467 229
s 5720 453 232
s 5721 58 26
s 5722 186 97
s 5723 188 89
s 5724 94 48
s 5725 764 391
s 5726 48 32
s 5727 81 42
s 5728 280 122
s 5729 544 257
s 5730 271 136
s 5731 95 46
s 5732 349 152
s 5733 285 136
s 5734 75 35
s 5735 47 30
s 5736 768 392
s 5737 422 225
s 5738 444 214
s 5739 288 141
s 5740 234 98
s 5741 498 208
s 5742 254 127
s 5743 231 115
s 5744 382 172
s 5745 140 84
s 5746 219 94
s 5751 325 154
s 5752 282 121
s 5753 304 154
s 5755 447 191
s 5758 301 137
s 5760 476 217
s 5761 275 129
s 5763 250 113
s 5767 567 288
s 5768 312 141
s 5769 237 111
s 5770 109 48
s 5777 211 99
s 5787 125 55
s 5913 196 87
s 5914 397 182
s 5915 237 120
s 5916 48 23
s 5917 132 44
s 5918 203 99
s 5919 205 122
s 5920 54 31
s 5921 66 45
s 5922 54 26
s 5923 112 51
s 5924 166 89
s 5925 72 35
s 5926 14 7
s 5927 101 49
s 5928 75 33
s 5929 113 61
s 5930 82 40
s 5931 88 49
s 5932 112 49
s 5933 88 46
s 5934 82 41
s 5935 65 27
s 5936 307 164
s 5937 166 96
s 5938 89 47
s 5939 58 29
s 5940 40 19
s 5941 174 82
s 5942 255 126
s 5943 73 36
s 5944 61 33
s 5945 29 18
s 5946 38 18
s 5947 58 30
s 5948 87 44
s 5949 21 10
s 5950 203 126
s 5951 63 30
s 5952 77 38
s 5953 12 6
s 5954 6 3
s 5955 129 65
s 5956 139 69
s 5957 88 42
s 5958 117 58
s 5959 260 132
s 5960 67 37
s 5961 37 13
s 5962 293 154
s 5963 119 59
s 5964 192 107
s 5965 14 8
s 5966 32 15
s 5967 42 22
s 5968 58 28
s 5969 26 16
s 5970 30 13
s 5971 45 20
s 5972 144 83
s 5973 252 124
s 5974 483 234
s 5975 236 105
s 5976 193 98
s 5977 13 5
s 5978 71 39
s 5979 73 34
s 5980 21 13
s 5981 268 131
s 5982 32 18
s 5983 26 12
s 5984 37 15
s 5985 139 61
s 5986 61 21
s 5987 10 6
s 5988 143 64
s 5989 159 70
s 5990 40 18
s 5991 26 9
s 5992 126 58
s 5993 231 103
s 5994 147 57
s 5995 89 51
s 5996 36 20
s 5997 196 89
s 5998 121 51
s 5999 136 67
s 6000 204 103
s 6001 57 36
s 6002 84 36
s 6007 192 84
s 6008 81 37
s 6009 139 73
s 6011 236 96
s 6014 67 29
s 6016 213 100
s 6017 51 23
s 6019 137 65
s 6023 101 48
s 6024 97 43
s 6025 41 15
s 6026 42 17
s 6033 69 28
s 6043 34 14
s 6426 1214 562
s 6427 750 353
s 6428 258 114
s 6429 999 444
s 6430 697 323
s 6431 751 347
s 6432 156 80
s 6433 362 176
s 6434 53 19
s 6435 153 64
s 6436 568 267
s 6437 228 105
s 6438 112 50
s 6439 138 62
s 6440 210 108
s 6441 332 178
s 6442 439 216
s 6443 244 109
s 6444 314 154
s 6445 197 104
s 6446 226 97
s 6447 180 82
s 6448 1054 489
s 6449 869 404
s 6450 318 157
s 6451 243 104
s 6452 81 42
s 6453 391 164
s 6454 1031 505
s 6455 597 292
s 6456 186 86
s 6457 149 84
s 6458 176 85
s 6459 113 43
s 6460 733 351
s 6461 52 30
s 6462 854 451
s 6463 230 98
s 6464 303 132
s 6465 49 14
s 6466 34 12
s 6467 449 210
s 6468 425 185
s 6469 533 249
s 6470 413 189
s 6471 1151 575
s 6472 248 111
s 6473 92 40
s 6474 410 194
s 6475 401 186
s 6476 153 71
s 6477 104 57
s 6478 280 130
s 6479 143 67
s 6480 167 72
s 6481 129 53
s 6482 34 17
s 6483 168 72
s 6484 517 228
s 6485 927 385
s 6486 1515 709
s 6487 753 383
s 6488 672 311
s 6489 47 22
s 6490 136 58
s 6491 280 144
s 6492 102 52
s 6493 914 448
s 6494 78 32
s 6495 89 37
s 6496 304 140
s 6497 602 265
s 6498 377 187
s 6499 151 56
s 6500 555 281
s 6501 469 211
s 6502 141 70
s 6503 56 34
s 6504 820 401
s 6505 717 336
s 6506 103 42
s 6507 286 136
s 6508 285 114
s 6509 643 262
s 6510 361 157
s 6511 481 240
s 6512 704 342
s 6513 48 21
s 6514 210 102
s 6519 628 309
s 6520 175 86
s 6521 583 271
s 6523 825 350
s 6526 121 48
s 6528 542 243
s 6529 321 158
s 6531 555 259
s 6535 849 387
s 6536 328 155
s 6537 250 113
s 6538 127 58
s 6545 212 89
s 6555 163 87
s 6683 524 238
s 6684 495 230
s 6685 1408 642
s 6686 509 262
s 6687 538 285
s 6688 331 169
s 6689 479 278
s 6690 434 211
s 6691 722 329
s 6692 1374 648
s 6693 202 98
s 6694 230 112
s 6695 809 369
s 6696 196 95
s 6697 559 291
s 6698 640 332
s 6699 528 240
s 6700 494 260
s 6701 250 132
s 6702 448 220
s 6703 409 197
s 6704 1463 732
s 6705 1545 764
s 6706 264 137
s 6707 247 130
s 6708 245 138
s 6709 733 327
s 6710 1546 805
s 6711 747 374
s 6712 351 179
s 6713 166 87
s 6714 189 94
s 6715 358 170
s 6716 1068 550
s 6717 132 61
s 6718 813 432
s 6719 286 138
s 6720 257 114
s 6721 80 42
s 6722 24 7
s 6723 643 321
s 6724 424 215
s 6725 762 360
s 6726 732 386
s 6727 1164 595
s 6728 288 130
s 6729 136 70
s 6730 1857 921
s 6731 435 210
s 6732 1429 723
s 6733 175 103
s 6734 405 200
s 6735 139 62
s 6736 305 150
s 6737 231 114
s 6738 139 60
s 6739 116 56
s 6740 555 252
s 6741 1034 490
s 6742 1753 850
s 6743 609 289
s 6744 922 451
s 6745 74 36
s 6746 378 204
s 6747 299 150
s 6748 195 113
s 6749 1526 761
s 6750 133 55
s 6751 192 93
s 6752 486 231
s 6753 1038 482
s 6754 682 319
s 6755 180 82
s 6756 554 258
s 6757 660 306
s 6758 157 68
s 6759 72 43
s 6760 1296 631
s 6761 714 360
s 6762 992 487
s 6763 580 285
s 6764 474 211
s 6765 936 438
s 6766 607 314
s 6767 379 207
s 6768 599 293
s 6769 327 170
s 6770 499 247
s 6775 511 249
s 6776 611 260
s 6777 495 249
s 6779 755 323
s 6782 626 282
s 6784 980 463
s 6785 585 270
s 6787 443 217
s 6791 1326 686
s 6792 572 282
s 6793 455 245
s 6794 249 125
s 6801 437 197
s 6811 248 122
s 6940 318 159
s 6941 831 389
s 6942 239 125
s 6943 276 125
s 6944 195 117
s 6945 277 157
s 6946 299 176
s 6947 446 233
s 6948 819 421
s 6949 81 38
s 6950 114 60
s 6951 482 245
s 6952 107 55
s 6953 350 164
s 6954 408 235
s 6955 342 176
s 6956 302 171
s 6957 159 77
s 6958 273 121
s 6959 308 148
s 6960 849 421
s 6961 992 513
s 6962 121 63
s 6963 117 60
s 6964 165 91
s 6965 464 207
s 6966 881 476
s 6967 472 252
s 6968 234 128
s 6969 87 41
s 6970 98 53
s 6971 226 109
s 6972 623 327
s 6973 92 43
s 6974 502 291
s 6975 182 86
s 6976 128 58
s 6977 47 27
s 6978 12 5
s 6979 405 205
s 6980 220 115
s 6981 497 261
s 6982 521 273
s 6983 719 362
s 6984 152 67
s 6985 91 46
s 6986 1201 627
s 6987 230 110
s 6988 907 515
s 6989 105 58
s 6990 248 139
s 6991 53 27
s 6992 191 93
s 6993 113 63
s 6994 96 44
s 6995 63 29
s 6996 297 124
s 6997 608 282
s 6998 1036 527
s 6999 280 135
s 7000 538 297
s 7001 57 34
s 7002 267 137
s 7003 152 76
s 7004 102 62
s 7005 976 505
s 7006 60 30
s 7007 92 39
s 7008 272 133
s 7009 632 337
s 7010 435 213
s 7011 121 50
s 7012 335 173
s 7013 365 187
s 7014 84 42
s 7015 51 28
s 7016 717 360
s 7017 403 199
s 7018 696 353
s 7019 364 190
s 7020 307 155
s 7021 618 314
s 7022 348 194
s 7023 182 98
s 7024 268 145
s 7025 178 83
s 7026 308 156
s 7031 303 163
s 7032 355 157
s 7033 260 135
s 7035 372 184
s 7038 423 220
s 7040 587 314
s 7041 331 153
s 7043 193 93
s 7047 793 441
s 7048 309 171
s 7049 258 121
s 7050 128 58
s 7057 242 112
s 7067 134 77
s 7197 78 35
s 7198 244 113
s 7199 283 129
s 7200 60 26
s 7201 35 20
s 7202 109 45
s 7203 160 65
s 7204 176 90
s 7205 87 40
s 7206 15 7
s 7207 163 70
s 7208 83 36
s 7209 109 61
s 7210 78 50
s 7211 83 35
s 7212 137 76
s 7213 76 34
s 7214 133 65
s 7215 79 34
s 7216 366 184
s 7217 218 115
s 7218 122 68
s 7219 71 35
s 7220 55 29
s 7221 187 83
s 7222 357 170
s 7223 52 32
s 7224 102 50
s 7225 29 13
s 7226 68 41
s 7227 70 25
s 7228 39 18
s 7229 32 15
s 7230 221 101
s 7231 81 31
s 7232 127 53
s 7233 16 5
s 7234 15 7
s 7235 128 65
s 7236 139 54
s 7237 47 22
s 7238 136 68
s 7239 322 165
s 7240 80 33
s 7241 27 10
s 7242 433 211
s 7243 165 82
s 7244 303 152
s 7245 12 8
s 7246 20 10
s 7247 58 26
s 7248 73 32
s 7249 22 9
s 7250 31 13
s 7251 56 22
s 7252 183 91
s 7253 313 142
s 7254 625 337
s 7255 297 165
s 7256 230 126
s 7257 16 6
s 7258 98 47
s 7259 133 59
s 7260 26 12
s 7261 307 145
s 7262 29 9
s 7263 34 17
s 7264 20 9
s 7265 145 72
s 7266 38 15
s 7267 6 3
s 7268 172 81
s 7269 183 76
s 7270 40 22
s 7271 30 14
s 7272 65 34
s 7273 269 121
s 7274 222 97
s 7275 137 59
s 7276 18 3
s 7277 228 87
s 7278 131 67
s 7279 157 75
s 7280 237 124
s 7281 74 35
s 7282 117 52
s 7287 248 102
s 7288 122 50
s 7289 173 85
s 7291 308 138
s 7294 154 82
s 7296 232 100
s 7297 28 16
s 7299 191 91
s 7303 86 43
s 7304 130 61
s 7305 36 15
s 7306 42 24
s 7313 136 65
s 7323 34 18
s 7454 769 360
s 7455 842 405
s 7456 195 88
s 7457 72 31
s 7458 309 149
s 7459 555 251
s 7460 650 284
s 7461 233 120
s 7462 34 18
s 7463 589 246
s 7464 211 107
s 7465 358 166
s 7466 215 112
s 7467 260 105
s 7468 342 164
s 7469 255 117
s 7470 317 141
s 7471 254 115
s 7472 1196 571
s 7473 583 293
s 7474 317 156
s 7475 247 106
s 7476 213 102
s 7477 525 215
s 7478 1047 499
s 7479 73 36
s 7480 255 143
s 7481 110 55
s 7482 156 61
s 7483 230 106
s 7484 57 27
s 7485 109 50
s 7486 772 415
s 7487 251 130
s 7488 361 170
s 7489 58 32
s 7490 42 22
s 7491 479 233
s 7492 528 234
s 7493 77 30
s 7494 412 205
s 7495 950 462
s 7496 219 87
s 7497 109 34
s 7498 1767 848
s 7499 497 207
s 7500 1110 547
s 7501 31 21
s 7502 48 30
s 7503 178 71
s 7504 220 96
s 7505 84 35
s 7506 113 65
s 7507 162 64
s 7508 498 215
s 7509 825 385
s 7510 2046 990
s 7511 851 410
s 7512 818 407
s 7513 45 15
s 7514 361 195
s 7515 323 156
s 7516 72 34
s 7517 1004 484
s 7518 102 35
s 7519 110 45
s 7520 31 12
s 7521 348 152
s 7522 90 42
s 7523 15 5
s 7524 526 251
s 7525 659 320
s 7526 135 53
s 7527 54 28
s 7528 96 38
s 7529 892 428
s 7530 807 366
s 7531 439 203
s 7532 30 14
s 7533 741 337
s 7534 489 255
s 7535 559 256
s 7536 761 349
s 7537 282 145
s 7538 302 128
s 7543 697 329
s 7544 329 150
s 7545 613 301
s 7547 1015 456
s 7550 460 206
s 7552 864 404
s 7553 55 25
s 7555 581 266
s 7559 114 54
s 7560 463 213
s 7561 116 54
s 7562 191 87
s 7569 282 124
s 7579 94 44
s 7711 194 106
s 7712 161 79
s 7713 294 166
s 7714 253 114
s 7715 401 178
s 7716 765 374
s 7717 60 32
s 7718 119 59
s 7719 447 210
s 7720 82 38
s 7721 269 148
s 7722 345 188
s 7723 335 145
s 7724 317 165
s 7725 133 70
s 7726 212 98
s 7727 293 143
s 7728 855 425
s 7729 1041 576
s 7730 68 41
s 7731 114 62
s 7732 120 60
s 7733 394 180
s 7734 825 423
s 7735 532 281
s 7736 195 109
s 7737 68 41
s 7738 76 32
s 7739 219 100
s 7740 565 308
s 7741 87 41
s 7742 508 285
s 7743 148 75
s 7744 100 37
s 7745 56 27
s 7746 7 3
s 7747 418 219
s 7748 132 59
s 7749 459 235
s 7750 383 175
s 7751 734 406
s 7752 148 68
s 7753 75 35
s 7754 1004 505
s 7755 176 80
s 7756 915 500
s 7757 105 57
s 7758 229 124
s 7759 58 28
s 7760 162 82
s 7761 134 65
s 7762 86 49
s 7763 44 18
s 7764 263 114
s 7765 463 204
s 7766 1000 482
s 7767 218 112
s 7768 548 274
s 7769 40 19
s 7770 271 136
s 7771 191 99
s 7772 100 57
s 7773 872 461
s 7774 70 32
s 7775 82 40
s 7776 255 116
s 7777 576 293
s 7778 355 150
s 7779 98 39
s 7780 274 127
s 7781 320 165
s 7782 55 25
s 7783 32 15
s 7784 673 338
s 7785 394 215
s 7786 677 336
s 7787 366 181
s 7788 277 120
s 7789 561 243
s 7790 295 136
s 7791 99 59
s 7792 199 99
s 7793 225 120
s 7794 247 123
s 7799 305 149
s 7800 407 194
s 7801 241 124
s 7803 443 201
s 7806 372 186
s 7808 491 235
s 7809 270 117
s 7811 183 91
s 7815 686 326
s 7816 343 168
s 7817 278 134
s 7818 97 50
s 7825 249 121
s 7835 122 63
s 7968 199 102
s 7969 285 176
s 7970 281 141
s 7971 372 177
s 7972 736 375
s 7973 64 32
s 7974 118 58
s 7975 466 215
s 7976 94 50
s 7977 333 186
s 7978 417 218
s 7979 310 154
s 7980 290 142
s 7981 123 75
s 7982 216 100
s 7983 272 139
s 7984 863 460
s 7985 1020 560
s 7986 79 37
s 7987 98 51
s 7988 190 112
s 7989 388 190
s 7990 957 499
s 7991 520 282
s 7992 193 97
s 7993 92 40
s 7994 102 38
s 7995 239 128
s 7996 633 319
s 7997 99 52
s 7998 578 342
s 7999 179 89
s 8000 106 45
s 8001 49 28
s 8002 6 2
s 8003 410 234
s 8004 130 66
s 8005 520 275
s 8006 411 216
s 8007 683 378
s 8008 127 57
s 8009 89 44
s 8010 1066 540
s 8011 187 104
s 8012 965 531
s 8013 124 67
s 8014 231 118
s 8015 58 36
s 8016 194 104
s 8017 120 58
s 8018 95 50
s 8019 48 18
s 8020 245 123
s 8021 453 221
s 8022 1029 530
s 8023 219 122
s 8024 581 321
s 8025 42 20
s 8026 267 145
s 8027 154 88
s 8028 122 67
s 8029 998 536
s 8030 64 37
s 8031 88 43
s 8032 265 130
s 8033 636 331
s 8034 383 176
s 8035 100 54
s 8036 248 135
s 8037 320 158
s 8038 63 36
s 8039 39 20
s 8040 706 394
s 8041 375 199
s 8042 724 358
s 8043 425 219
s 8044 280 122
s 8045 580 285
s 8046 316 175
s 8047 121 59
s 8048 175 84
s 8049 215 118
s 8050 290 143
s 8055 306 162
s 8056 384 201
s 8057 786 413
s 8059 428 197
s 8062 392 201
s 8064 518 272
s 8065 328 152
s 8067 196 83
s 8071 780 444
s 8072 341 191
s 8073 299 165
s 8074 125 62
s 8081 277 138
s 8091 154 65
s 8225 41 21
s 8226 55 30
s 8227 89 45
s 8228 202 105
s 8229 64 38
s 8230 27 14
s 8231 75 41
s 8232 52 30
s 8233 50 24
s 8234 111 63
s 8235 94 49
s 8236 44 23
s 8237 55 20
s 8238 29 13
s 8239 79 41
s 8240 147 72
s 8241 194 103
s 8242 55 37
s 8243 43 27
s 8244 42 22
s 8245 132 77
s 8246 160 86
s 8247 139 81
s 8248 31 16
s 8249 30 19
s 8250 38 22
s 8251 50 23
s 8252 134 72
s 8253 15 9
s 8254 138 82
s 8255 38 20
s 8256 82 35
s 8257 12 4
s 8258 6 3
s 8259 66 40
s 8260 83 43
s 8261 130 61
s 8262 72 32
s 8263 270 152
s 8264 65 38
s 8265 22 11
s 8266 193 102
s 8267 110 61
s 8268 161 96
s 8269 25 13
s 8270 58 28
s 8271 38 25
s 8272 37 21
s 8273 28 17
s 8274 18 11
s 8275 34 17
s 8276 127 60
s 8277 208 113
s 8278 395 199
s 8279 196 113
s 8280 211 122
s 8281 4 0
s 8282 54 28
s 8283 50 25
s 8284 34 16
s 8285 191 104
s 8286 9 4
s 8287 22 14
s 8288 70 42
s 8289 154 89
s 8290 90 47
s 8291 26 16
s 8292 100 54
s 8293 127 63
s 8294 34 19
s 8295 19 10
s 8296 195 105
s 8297 156 96
s 8298 100 50
s 8299 93 50
s 8300 82 44
s 8301 82 34
s 8302 102 58
s 8303 92 55
s 8304 164 86
s 8305 44 25
s 8306 69 35
s 8311 176 89
s 8312 83 42
s 8313 163 93
s 8315 237 121
s 8318 76 35
s 8320 181 96
s 8321 76 45
s 8323 126 62
s 8327 188 98
s 8328 99 51
s 8329 75 42
s 8330 16 9
s 8337 52 28
s 8347 33 13
s 8482 156 88
s 8483 167 91
s 8484 235 139
s 8485 84 49
s 8486 32 15
s 8487 177 87
s 8488 69 36
s 8489 101 58
s 8490 99 54
s 8491 109 57
s 8492 135 85
s 8493 82 46
s 8494 123 71
s 8495 88 54
s 8496 496 268
s 8497 357 218
s 8498 147 85
s 8499 139 73
s 8500 93 50
s 8501 179 100
s 8502 457 281
s 8503 37 27
s 8504 98 58
s 8505 42 29
s 8506 69 38
s 8507 91 49
s 8508 53 38
s 8509 41 15
s 8510 396 220
s 8511 73 41
s 8512 132 68
s 8513 20 7
s 8514 13 9
s 8515 195 114
s 8516 204 127
s 8517 56 27
s 8518 187 116
s 8519 486 293
s 8520 78 42
s 8521 29 13
s 8522 575 335
s 8523 197 109
s 8524 460 279
s 8525 19 12
s 8526 39 21
s 8527 50 25
s 8528 106 54
s 8529 28 21
s 8530 54 32
s 8531 72 32
s 8532 175 94
s 8533 364 197
s 8534 768 419
s 8535 326 175
s 8536 358 222
s 8537 21 11
s 8538 115 62
s 8539 151 83
s 8540 45 27
s 8541 417 232
s 8542 33 15
s 8543 56 34
s 8544 26 12
s 8545 199 101
s 8546 62 30
s 8547 11 7
s 8548 279 145
s 8549 179 99
s 8550 48 27
s 8551 25 8
s 8552 81 48
s 8553 342 192
s 8554 381 215
s 8555 228 123
s 8556 28 18
s 8557 322 160
s 8558 151 91
s 8559 167 95
s 8560 368 215
s 8561 114 74
s 8562 132 66
s 8567 255 157
s 8568 152 75
s 8569 185 111
s 8571 355 184
s 8574 169 106
s 8576 271 162
s 8577 32 14
s 8579 231 127
s 8583 75 39
s 8584 185 107
s 8585 66 42
s 8586 55 33
s 8593 147 77
s 8603 65 37
s 8739 53 20
s 8740 206 101
s 8741 81 41
s 8742 37 17
s 8743 36 12
s 8744 77 35
s 8745 119 70
s 8746 179 96
s 8747 83 38
s 8748 124 65
s 8749 52 27
s 8750 110 51
s 8751 69 35
s 8752 432 216
s 8753 318 155
s 8754 145 72
s 8755 96 48
s 8756 22 10
s 8757 174 73
s 8758 396 204
s 8759 196 100
s 8760 61 30
s 8761 56 32
s 8762 37 20
s 8763 45 22
s 8764 270 150
s 8765 25 13
s 8766 367 209
s 8767 85 47
s 8768 128 62
s 8769 14 7
s 8770 9 3
s 8771 163 88
s 8772 158 71
s 8773 183 90
s 8774 193 100
s 8775 417 221
s 8776 67 29
s 8777 38 19
s 8778 132 66
s 8779 156 79
s 8780 41 23
s 8781 41 22
s 8782 122 59
s 8783 51 31
s 8784 81 39
s 8785 57 30
s 8786 15 5
s 8787 52 21
s 8788 192 98
s 8789 342 168
s 8790 561 278
s 8791 309 171
s 8792 307 161
s 8793 24 15
s 8794 50 23
s 8795 100 44
s 8796 41 22
s 8797 331 177
s 8798 28 15
s 8799 46 29
s 8800 115 46
s 8801 238 118
s 8802 121 57
s 8803 54 25
s 8804 197 87
s 8805 192 95
s 8806 64 33
s 8807 44 21
s 8808 297 156
s 8809 348 185
s 8810 32 14
s 8811 113 63
s 8812 113 64
s 8813 256 115
s 8814 175 82
s 8815 185 100
s 8816 305 173
s 8817 17 5
s 8818 79 42
s 8823 233 116
s 8824 61 29
s 8825 265 133
s 8827 315 156
s 8830 29 14
s 8832 225 109
s 8833 117 66
s 8835 216 100
s 8839 339 176
s 8840 135 61
s 8841 92 49
s 8842 52 28
s 8849 102 55
s 8859 83 47
s 8996 389 184
s 8997 120 61
s 8998 62 30
s 8999 152 76
s 9000 120 53
s 9001 208 101
s 9002 279 151
s 9003 127 55
s 9004 152 58
s 9005 107 63
s 9006 121 48
s 9007 103 48
s 9008 468 245
s 9009 446 226
s 9010 154 74
s 9011 152 80
s 9012 61 29
s 9013 236 92
s 9014 545 250
s 9015 308 136
s 9016 76 41
s 9017 77 45
s 9018 81 40
s 9019 76 35
s 9020 397 206
s 9021 36 18
s 9022 402 232
s 9023 118 50
s 9024 182 80
s 9025 30 12
s 9026 13 6
s 9027 261 135
s 9028 244 103
s 9029 266 129
s 9030 244 113
s 9031 594 306
s 9032 115 56
s 9033 53 22
s 9034 328 165
s 9035 242 114
s 9036 148 70
s 9037 56 22
s 9038 144 75
s 9039 63 30
s 9040 86 36
s 9041 103 51
s 9042 11 4
s 9043 101 48
s 9044 347 164
s 9045 489 215
s 9046 844 385
s 9047 410 197
s 9048 397 211
s 9049 33 13
s 9050 93 50
s 9051 157 77
s 9052 49 26
s 9053 571 276
s 9054 35 12
s 9055 51 21
s 9056 191 96
s 9057 343 171
s 9058 205 110
s 9059 70 22
s 9060 315 159
s 9061 263 122
s 9062 98 37
s 9063 49 28
s 9064 454 219
s 9065 385 192
s 9066 126 61
s 9067 200 88
s 9068 195 64
s 9069 272 119
s 9070 231 130
s 9071 238 121
s 9072 351 160
s 9073 38 18
s 9074 125 52
s 9079 338 171
s 9080 119 52
s 9081 243 117
s 9083 419 200
s 9086 90 40
s 9088 343 154
s 9089 220 87
s 9091 251 89
s 9095 422 210
s 9096 197 73
s 9097 129 65
s 9098 73 37
s 9105 122 51
s 9115 86 37
s 9253 218 103
s 9254 81 48
s 9255 372 167
s 9256 219 92
s 9257 347 162
s 9258 285 138
s 9259 227 106
s 9260 282 145
s 9261 210 108
s 9262 223 95
s 9263 244 112
s 9264 844 421
s 9265 848 442
s 9266 292 149
s 9267 303 145
s 9268 117 55
s 9269 519 239
s 9270 770 375
s 9271 416 195
s 9272 201 103
s 9273 127 73
s 9274 159 79
s 9275 196 92
s 9276 388 215
s 9277 70 35
s 9278 824 456
s 9279 247 123
s 9280 335 166
s 9281 50 25
s 9282 35 19
s 9283 325 163
s 9284 456 201
s 9285 418 186
s 9286 384 214
s 9287 1227 639
s 9288 243 102
s 9289 76 25
s 9290 933 479
s 9291 488 222
s 9292 712 368
s 9293 68 33
s 9294 198 96
s 9295 150 70
s 9296 170 80
s 9297 123 60
s 9298 84 42
s 9299 162 81
s 9300 544 263
s 9301 893 420
s 9302 1680 863
s 9303 799 444
s 9304 917 480
s 9305 36 18
s 9306 228 123
s 9307 248 119
s 9308 105 49
s 9309 948 472
s 9310 62 25
s 9311 92 43
s 9312 202 91
s 9313 583 308
s 9314 253 120
s 9315 74 37
s 9316 582 292
s 9317 548 257
s 9318 131 70
s 9319 80 47
s 9320 566 295
s 9321 778 402
s 9322 557 281
s 9323 451 234
s 9324 222 101
s 9325 482 222
s 9326 395 191
s 9327 490 251
s 9328 606 303
s 9329 164 85
s 9330 267 128
s 9335 663 360
s 9336 285 130
s 9337 573 271
s 9339 888 420
s 9342 303 145
s 9344 676 321
s 9345 225 97
s 9347 498 242
s 9351 554 292
s 9352 382 183
s 9353 219 107
s 9354 134 70
s 9361 227 98
s 9371 169 99
s 9510 30 16
s 9511 121 51
s 9512 28 11
s 9513 90 44
s 9514 103 48
s 9515 111 52
s 9516 125 54
s 9517 26 11
s 9518 78 32
s 9519 76 29
s 9520 263 119
s 9521 348 179
s 9522 21 7
s 9523 49 25
s 9524 30 15
s 9525 109 51
s 9526 266 117
s 9527 133 67
s 9528 67 24
s 9529 14 12
s 9530 28 13
s 9531 66 33
s 9532 180 95
s 9533 39 17
s 9534 143 74
s 9535 53 21
s 9536 25 12
s 9537 14 4
s 9538 3 2
s 9539 140 83
s 9540 44 19
s 9541 128 60
s 9542 140 79
s 9543 252 130
s 9544 40 11
s 9545 26 14
s 9546 339 178
s 9547 53 25
s 9548 295 162
s 9549 41 25
s 9550 67 40
s 9551 23 15
s 9552 39 20
s 9553 31 18
s 9554 25 9
s 9555 11 4
s 9556 88 47
s 9557 141 60
s 9558 339 165
s 9559 47 29
s 9560 189 98
s 9561 10 5
s 9562 73 32
s 9563 56 15
s 9564 34 17
s 9565 274 142
s 9566 18 7
s 9567 20 13
s 9568 79 33
s 9569 196 95
s 9570 114 59
s 9571 41 18
s 9572 108 58
s 9573 98 43
s 9574 18 8
s 9575 12 6
s 9576 195 102
s 9577 124 57
s 9578 192 97
s 9579 129 62
s 9580 71 21
s 9581 181 83
s 9582 97 48
s 9583 50 22
s 9584 70 40
s 9585 78 39
s 9586 91 44
s 9591 103 44
s 9592 92 35
s 9593 72 40
s 9595 111 46
s 9598 118 56
s 9600 149 72
s 9601 98 46
s 9603 45 16
s 9607 199 96
s 9608 101 45
s 9609 83 41
s 9610 45 14
s 9617 71 30
s 9627 33 23
s 9767 68 32
s 9768 33 11
s 9769 42 24
s 9770 15 7
s 9771 35 14
s 9772 55 17
s 9773 37 23
s 9774 59 35
s 9775 28 13
s 9776 188 97
s 9777 111 56
s 9778 66 36
s 9779 33 15
s 9780 32 16
s 9781 96 45
s 9782 156 74
s 9783 28 13
s 9784 31 16
s 9785 18 10
s 9786 19 8
s 9787 33 19
s 9788 24 12
s 9789 22 16
s 9790 120 66
s 9791 29 11
s 9792 59 30
s 9793 13 4
s 9794 8 2
s 9795 71 34
s 9796 73 35
s 9797 19 11
s 9798 67 38
s 9799 127 69
s 9800 26 11
s 9801 22 4
s 9802 188 91
s 9803 66 33
s 9804 121 70
s 9805 10 5
s 9806 12 5
s 9807 32 15
s 9808 35 18
s 9809 15 9
s 9810 19 8
s 9811 21 9
s 9812 68 30
s 9813 115 59
s 9814 293 133
s 9815 129 62
s 9816 124 65
s 9817 8 4
s 9818 87 46
s 9819 49 20
s 9820 14 8
s 9821 138 61
s 9822 10 3
s 9823 24 13
s 9824 7 4
s 9825 60 33
s 9826 25 9
s 9827 3 0
s 9828 86 36
s 9829 80 31
s 9830 19 8
s 9831 6 2
s 9832 37 19
s 9833 130 61
s 9834 108 54
s 9835 55 32
s 9836 8 4
s 9837 115 60
s 9838 71 32
s 9839 84 44
s 9840 142 84
s 9841 41 23
s 9842 43 17
s 9847 96 48
s 9848 49 26
s 9849 85 44
s 9851 154 71
s 9854 56 29
s 9856 120 67
s 9857 13 5
s 9859 91 43
s 9863 41 15
s 9864 69 28
s 9865 29 11
s 9866 36 16
s 9873 44 14
s 9883 20 12
s 10024 142 59
s 10025 225 102
s 10026 296 158
s 10027 132 62
s 10028 221 109
s 10029 144 70
s 10030 158 71
s 10031 116 51
s 10032 578 288
s 10033 529 264
s 10034 171 79
s 10035 136 62
s 10036 54 30
s 10037 325 136
s 10038 652 325
s 10039 341 153
s 10040 109 59
s 10041 62 33
s 10042 91 40
s 10043 76 27
s 10044 410 204
s 10045 35 18
s 10046 499 268
s 10047 131 55
s 10048 174 86
s 10049 22 12
s 10050 19 6
s 10051 284 141
s 10052 233 100
s 10053 334 158
s 10054 273 133
s 10055 655 337
s 10056 143 62
s 10057 74 31
s 10058 275 132
s 10059 243 118
s 10060 126 62
s 10061 62 35
s 10062 141 66
s 10063 59 27
s 10064 107 49
s 10065 76 34
s 10066 16 11
s 10067 86 45
s 10068 305 131
s 10069 524 239
s 10070 944 449
s 10071 484 204
s 10072 465 252
s 10073 30 14
s 10074 72 31
s 10075 148 74
s 10076 70 34
s 10077 597 287
s 10078 46 20
s 10079 68 27
s 10080 184 79
s 10081 383 152
s 10082 216 93
s 10083 63 26
s 10084 319 144
s 10085 336 160
s 10086 91 45
s 10087 38 21
s 10088 500 255
s 10089 378 178
s 10090 82 40
s 10091 192 92
s 10092 206 96
s 10093 376 163
s 10094 255 138
s 10095 232 99
s 10096 410 199
s 10097 34 13
s 10098 174 72
s 10103 416 189
s 10104 113 45
s 10105 316 153
s 10107 510 240
s 10110 81 38
s 10112 349 162
s 10113 212 92
s 10115 286 129
s 10119 481 261
s 10120 173 71
s 10121 132 59
s 10122 91 49
s 10129 126 47
s 10139 106 56
s 10281 96 42
s 10282 109 54
s 10283 79 40
s 10284 97 50
s 10285 26 10
s 10286 67 25
s 10287 100 31
s 10288 221 94
s 10289 298 151
s 10290 19 12
s 10291 46 25
s 10292 54 25
s 10293 112 48
s 10294 244 120
s 10295 109 52
s 10296 65 36
s 10297 22 10
s 10298 27 16
s 10299 45 17
s 10300 146 77
s 10301 22 13
s 10302 115 60
s 10303 39 22
s 10304 39 17
s 10305 17 5
s 10306 5 3
s 10307 95 46
s 10308 50 17
s 10309 117 54
s 10310 126 61
s 10311 170 81
s 10312 31 17
s 10313 29 12
s 10314 273 137
s 10315 56 25
s 10316 294 157
s 10317 32 20
s 10318 68 36
s 10319 20 8
s 10320 51 23
s 10321 31 10
s 10322 18 12
s 10323 16 7
s 10324 112 48
s 10325 147 58
s 10326 245 126
s 10327 93 46
s 10328 146 82
s 10329 17 8
s 10330 70 35
s 10331 45 22
s 10332 33 13
s 10333 239 126
s 10334 15 5
s 10335 23 9
s 10336 86 42
s 10337 166 85
s 10338 91 41
s 10339 27 12
s 10340 76 33
s 10341 104 40
s 10342 16 8
s 10343 16 4
s 10344 187 91
s 10345 113 61
s 10346 175 86
s 10347 104 50
s 10348 76 35
s 10349 132 58
s 10350 78 21
s 10351 62 37
s 10352 66 30
s 10353 50 26
s 10354 86 44
s 10359 81 35
s 10360 105 55
s 10361 84 50
s 10363 132 60
s 10366 113 57
s 10368 119 48
s 10369 68 37
s 10371 53 29
s 10375 175 93
s 10376 101 47
s 10377 66 29
s 10378 27 14
s 10385 68 26
s 10395 41 16
s 10538 115 68
s 10539 148 71
s 10540 15 5
s 10541 90 54
s 10542 25 10
s 10543 116 55
s 10544 53 24
s 10545 360 182
s 10546 98 47
s 10547 84 44
s 10548 68 39
s 10549 157 73
s 10550 22 14
s 10551 237 130
s 10552 35 22
s 10553 42 18
s 10554 70 29
s 10555 81 42
s 10556 218 114
s 10557 25 13
s 10558 291 169
s 10559 55 24
s 10560 127 63
s 10561 18 10
s 10562 9 5
s 10563 11 5
s 10564 254 128
s 10565 173 97
s 10566 33 14
s 10567 363 188
s 10568 55 30
s 10569 47 21
s 10570 1017 545
s 10571 206 95
s 10572 379 214
s 10573 39 17
s 10574 96 55
s 10575 52 34
s 10576 15 4
s 10577 29 14
s 10578 25 15
s 10579 50 31
s 10580 207 95
s 10581 342 165
s 10582 722 361
s 10583 312 153
s 10584 337 187
s 10585 3 2
s 10586 115 57
s 10587 83 46
s 10588 53 37
s 10589 112 52
s 10590 6 3
s 10591 8 2
s 10592 119 59
s 10593 255 126
s 10594 148 77
s 10595 55 23
s 10596 188 92
s 10597 312 165
s 10598 50 27
s 10599 28 15
s 10600 305 152
s 10601 292 148
s 10602 221 110
s 10603 178 86
s 10604 154 76
s 10605 18 10
s 10606 232 125
s 10607 165 85
s 10608 234 118
s 10609 74 44
s 10610 63 35
s 10615 278 146
s 10616 126 57
s 10617 191 112
s 10619 355 185
s 10622 167 81
s 10624 495 260
s 10625 125 62
s 10627 195 90
s 10631 345 198
s 10632 149 57
s 10633 107 58
s 10634 18 11
s 10641 27 9
s 10651 62 34
s 10795 152 82
s 10796 118 55
s 10797 120 67
s 10798 84 40
s 10799 138 67
s 10800 310 165
s 10801 311 174
s 10802 110 58
s 10803 96 47
s 10804 90 50
s 10805 227 106
s 10806 273 130
s 10807 102 51
s 10808 100 59
s 10809 55 27
s 10810 84 40
s 10811 114 60
s 10812 128 71
s 10813 27 12
s 10814 342 206
s 10815 114 57
s 10816 168 78
s 10817 21 12
s 10818 8 4
s 10819 127 69
s 10820 231 117
s 10821 111 57
s 10822 118 72
s 10823 446 254
s 10824 89 49
s 10825 33 10
s 10826 608 345
s 10827 226 106
s 10828 512 298
s 10829 23 13
s 10830 70 42
s 10831 57 30
s 10832 62 23
s 10833 25 15
s 10834 30 18
s 10835 67 35
s 10836 236 124
s 10837 392 208
s 10838 845 444
s 10839 428 228
s 10840 424 227
s 10841 17 9
s 10842 145 82
s 10843 107 64
s 10844 47 24
s 10845 337 182
s 10846 30 12
s 10847 28 9
s 10848 80 52
s 10849 212 109
s 10850 73 27
s 10851 27 8
s 10852 200 105
s 10853 320 153
s 10854 53 29
s 10855 22 10
s 10856 165 91
s 10857 357 199
s 10858 340 177
s 10859 173 89
s 10860 58 22
s 10861 152 72
s 10862 232 129
s 10863 186 99
s 10864 271 135
s 10865 94 48
s 10866 127 70
s 10871 342 199
s 10872 162 83
s 10873 238 124
s 10875 376 184
s 10878 191 99
s 10880 357 175
s 10881 75 41
s 10883 201 96
s 10887 175 100
s 10888 191 99
s 10889 79 45
s 10890 57 36
s 10897 106 49
s 10907 47 30
s 11052 146 74
s 11053 90 53
s 11054 120 62
s 11055 97 44
s 11056 484 226
s 11057 370 186
s 11058 120 60
s 11059 112 51
s 11060 58 33
s 11061 202 86
s 11062 431 218
s 11063 140 77
s 11064 89 46
s 11065 35 18
s 11066 63 32
s 11067 87 44
s 11068 158 88
s 11069 26 13
s 11070 413 232
s 11071 104 49
s 11072 135 65
s 11073 16 8
s 11074 22 12
s 11075 191 105
s 11076 177 83
s 11077 164 72
s 11078 192 100
s 11079 545 264
s 11080 77 37
s 11081 42 18
s 11082 354 191
s 11083 174 78
s 11084 226 109
s 11085 43 18
s 11086 74 42
s 11087 56 28
s 11088 73 37
s 11089 61 38
s 11090 29 13
s 11091 71 35
s 11092 254 120
s 11093 415 184
s 11094 701 345
s 11095 372 182
s 11096 413 217
s 11097 20 10
s 11098 100 50
s 11099 127 65
s 11100 43 23
s 11101 425 200
s 11102 22 15
s 11103 39 18
s 11104 101 52
s 11105 265 142
s 11106 103 48
s 11107 28 8
s 11108 262 129
s 11109 209 101
s 11110 56 34
s 11111 29 18
s 11112 207 112
s 11113 326 148
s 11114 196 92
s 11115 205 104
s 11116 85 39
s 11117 305 143
s 11118 169 83
s 11119 189 82
s 11120 303 155
s 11121 75 32
s 11122 116 55
s 11127 288 137
s 11128 108 42
s 11129 230 108
s 11131 362 179
s 11134 130 65
s 11136 268 121
s 11137 92 47
s 11139 216 113
s 11143 249 120
s 11144 217 85
s 11145 90 37
s 11146 67 24
s 11153 113 52
s 11163 63 28
s 11309 82 40
s 11310 17 3
s 11311 135 81
s 11312 20 13
s 11313 453 236
s 11314 154 85
s 11315 84 36
s 11316 76 39
s 11317 107 48
s 11318 22 9
s 11319 215 109
s 11320 25 10
s 11321 45 22
s 11322 60 25
s 11323 101 48
s 11324 261 129
s 11325 24 12
s 11326 293 158
s 11327 63 31
s 11328 136 61
s 11329 20 12
s 11330 14 10
s 11331 8 6
s 11332 179 87
s 11333 158 70
s 11334 19 8
s 11335 413 210
s 11336 68 29
s 11337 18 6
s 11338 525 279
s 11339 154 77
s 11340 344 178
s 11341 39 20
s 11342 83 44
s 11343 54 23
s 11344 18 9
s 11345 33 14
s 11346 42 20
s 11347 41 13
s 11348 179 81
s 11349 342 150
s 11350 669 344
s 11351 317 152
s 11352 294 164
s 11354 124 77
s 11355 81 40
s 11356 40 22
s 11357 102 49
s 11358 3 0
s 11359 8 5
s 11360 103 51
s 11361 399 199
s 11362 145 58
s 11363 59 28
s 11364 206 101
s 11365 214 110
s 11366 53 25
s 11367 26 15
s 11368 306 154
s 11369 328 170
s 11370 272 133
s 11371 161 80
s 11372 120 58
s 11373 9 5
s 11374 224 121
s 11375 190 87
s 11376 264 136
s 11377 85 44
s 11378 45 17
s 11383 220 120
s 11384 126 55
s 11385 242 119
s 11387 283 131
s 11390 188 89
s 11392 315 156
s 11393 136 62
s 11395 180 86
s 11399 326 180
s 11400 182 82
s 11401 120 59
s 11402 9 7
s 11409 34 17
s 11419 67 34
s 11566 65 35
s 11567 61 33
s 11568 295 160
s 11569 307 180
s 11570 45 20
s 11571 55 28
s 11572 39 23
s 11573 129 64
s 11574 250 130
s 11575 134 76
s 11576 69 37
s 11577 30 14
s 11578 32 17
s 11579 52 28
s 11580 155 98
s 11581 22 9
s 11582 126 70
s 11583 38 21
s 11584 63 33
s 11585 14 7
s 11586 11 5
s 11587 114 66
s 11588 61 35
s 11589 135 73
s 11590 108 60
s 11591 210 119
s 11592 38 17
s 11593 29 12
s 11594 290 169
s 11595 53 21
s 11596 226 136
s 11597 16 8
s 11598 71 38
s 11599 18 9
s 11600 47 27
s 11601 44 25
s 11602 21 13
s 11603 17 8
s 11604 128 66
s 11605 172 93
s 11606 309 172
s 11607 126 64
s 11608 151 83
s 11609 16 8
s 11610 65 34
s 11611 61 34
s 11612 29 21
s 11613 261 132
s 11614 24 16
s 11615 24 15
s 11616 98 44
s 11617 184 116
s 11618 110 50
s 11619 24 13
s 11620 96 48
s 11621 109 51
s 11622 21 15
s 11623 19 10
s 11624 188 102
s 11625 138 74
s 11626 158 73
s 11627 109 64
s 11628 93 47
s 11629 167 83
s 11630 119 62
s 11631 53 34
s 11632 93 47
s 11633 44 22
s 11634 69 34
s 11639 108 57
s 11640 96 42
s 11641 97 51
s 11643 141 79
s 11646 109 63
s 11648 136 62
s 11649 94 48
s 11651 67 30
s 11655 219 130
s 11656 88 54
s 11657 71 27
s 11658 47 23
s 11665 68 34
s 11675 37 20
s 11823 94 36
s 11824 45 23
s 11825 405 197
s 11826 106 53
s 11827 106 50
s 11828 60 29
s 11829 95 42
s 11830 57 21
s 11831 199 104
s 11832 21 7
s 11833 72 28
s 11834 50 21
s 11835 80 33
s 11836 215 104
s 11837 30 18
s 11838 250 122
s 11839 68 39
s 11840 110 56
s 11841 18 7
s 11842 10 6
s 11843 10 5
s 11844 150 67
s 11845 150 65
s 11846 36 15
s 11847 374 184
s 11848 59 24
s 11849 17 7
s 11850 452 222
s 11851 140 59
s 11852 310 166
s 11853 38 20
s 11854 98 48
s 11855 47 23
s 11856 24 11
s 11857 29 16
s 11858 28 12
s 11859 58 25
s 11860 207 95
s 11861 327 147
s 11862 604 295
s 11863 263 132
s 11864 244 113
s 11865 4 1
s 11866 96 44
s 11867 83 40
s 11868 64 37
s 11869 110 51
s 11870 3 0
s 11871 7 4
s 11872 126 64
s 11873 262 106
s 11874 143 64
s 11875 32 16
s 11876 225 98
s 11877 168 76
s 11878 49 23
s 11879 25 7
s 11880 250 115
s 11881 283 144
s 11882 246 123
s 11883 182 97
s 11884 101 39
s 11885 44 15
s 11886 180 79
s 11887 175 81
s 11888 278 138
s 11889 66 28
s 11890 50 20
s 11895 231 112
s 11896 154 67
s 11897 166 65
s 11899 301 155
s 11902 131 66
s 11904 277 109
s 11905 138 65
s 11907 194 94
s 11911 263 115
s 11912 150 73
s 11913 107 48
s 11914 25 7
s 11921 47 27
s 11931 75 31
s 12080 371 178
s 12081 342 172
s 12082 100 59
s 12083 120 52
s 12084 58 31
s 12085 209 93
s 12086 375 178
s 12087 136 60
s 12088 68 41
s 12089 49 23
s 12090 65 33
s 12091 46 19
s 12092 143 77
s 12093 22 10
s 12094 323 157
s 12095 76 41
s 12096 102 42
s 12097 24 9
s 12098 15 9
s 12099 191 99
s 12100 129 56
s 12101 135 68
s 12102 164 87
s 12103 460 244
s 12104 88 39
s 12105 49 22
s 12106 297 156
s 12107 159 68
s 12108 209 108
s 12109 38 23
s 12110 72 28
s 12111 52 27
s 12112 80 45
s 12113 46 20
s 12114 26 14
s 12115 57 24
s 12116 226 114
s 12117 306 140
s 12118 581 281
s 12119 285 139
s 12120 317 184
s 12121 16 9
s 12122 101 55
s 12123 90 44
s 12124 44 21
s 12125 362 182
s 12126 23 13
s 12127 39 15
s 12128 68 32
s 12129 215 113
s 12130 94 35
s 12131 29 14
s 12132 219 103
s 12133 187 89
s 12134 60 32
s 12135 30 15
s 12136 203 105
s 12137 282 139
s 12138 171 88
s 12139 151 86
s 12140 66 30
s 12141 261 112
s 12142 134 54
s 12143 150 81
s 12144 253 123
s 12145 50 20
s 12146 106 47
s 12151 239 121
s 12152 96 38
s 12153 172 87
s 12155 269 124
s 12158 94 37
s 12160 253 127
s 12161 66 30
s 12163 179 83
s 12167 177 81
s 12168 145 68
s 12169 81 30
s 12170 49 24
s 12177 114 44
s 12187 71 37
s 12337 1564 813
s 12338 408 244
s 12339 325 159
s 12340 232 116
s 12341 319 143
s 12342 35 19
s 12343 793 395
s 12344 67 34
s 12345 208 119
s 12346 221 112
s 12347 357 185
s 12348 892 507
s 12349 141 72
s 12350 1024 582
s 12351 207 107
s 12352 361 186
s 12353 96 44
s 12354 34 18
s 12355 23 12
s 12356 510 240
s 12357 661 317
s 12358 58 30
s 12359 1388 773
s 12360 202 96
s 12361 72 25
s 12362 1636 849
s 12363 471 238
s 12364 1253 703
s 12365 182 104
s 12366 360 203
s 12367 219 112
s 12368 76 35
s 12369 107 49
s 12370 131 68
s 12371 220 103
s 12372 725 351
s 12373 1233 596
s 12374 2021 1016
s 12375 949 473
s 12376 1028 559
s 12377 7 4
s 12378 499 280
s 12379 528 281
s 12380 236 144
s 12381 297 150
s 12382 12 3
s 12383 15 4
s 12384 344 166
s 12385 993 509
s 12386 512 245
s 12387 148 62
s 12388 764 397
s 12389 739 364
s 12390 175 83
s 12391 92 53
s 12392 948 508
s 12393 1166 574
s 12394 953 480
s 12395 602 304
s 12396 328 137
s 12397 32 9
s 12398 623 310
s 12399 639 339
s 12400 961 494
s 12401 347 172
s 12402 207 99
s 12407 759 392
s 12408 548 264
s 12409 657 345
s 12411 1093 535
s 12414 545 283
s 12416 923 455
s 12417 440 229
s 12419 714 375
s 12423 1074 552
s 12424 573 301
s 12425 439 226
s 12426 51 30
s 12433 130 63
s 12443 240 124
s 12594 513 290
s 12595 309 176
s 12596 237 141
s 12597 644 328
s 12598 1275 697
s 12599 496 259
s 12600 343 186
s 12601 153 71
s 12602 241 123
s 12603 216 107
s 12604 458 258
s 12605 102 56
s 12606 1167 702
s 12607 312 171
s 12608 382 183
s 12609 64 31
s 12610 47 25
s 12611 585 310
s 12612 751 411
s 12613 390 199
s 12614 509 286
s 12615 1335 712
s 12616 300 157
s 12617 125 57
s 12618 1354 724
s 12619 552 272
s 12620 965 539
s 12621 104 59
s 12622 232 139
s 12623 221 99
s 12624 272 151
s 12625 123 65
s 12626 120 60
s 12627 183 88
s 12628 673 359
s 12629 1219 647
s 12630 2339 1243
s 12631 1007 521
s 12632 940 523
s 12633 80 37
s 12634 421 216
s 12635 511 266
s 12636 167 95
s 12637 1242 681
s 12638 99 53
s 12639 120 52
s 12640 199 100
s 12641 679 383
s 12642 313 160
s 12643 87 39
s 12644 698 366
s 12645 823 401
s 12646 160 89
s 12647 89 51
s 12648 424 220
s 12649 1351 711
s 12650 735 399
s 12651 491 272
s 12652 202 94
s 12653 950 480
s 12654 609 326
s 12655 720 397
s 12656 1136 588
s 12657 251 141
s 12658 292 156
s 12663 891 462
s 12664 355 166
s 12665 897 495
s 12667 1341 676
s 12670 375 208
s 12672 970 480
s 12673 189 96
s 12675 809 435
s 12679 629 349
s 12680 510 268
s 12681 261 143
s 12682 225 117
s 12689 354 172
s 12699 216 119
s 12851 54 27
s 12852 77 40
s 12853 197 87
s 12854 389 222
s 12855 227 125
s 12856 65 30
s 12857 30 23
s 12858 29 10
s 12859 123 69
s 12860 232 139
s 12861 60 31
s 12862 265 158
s 12863 63 32
s 12864 41 17
s 12865 23 11
s 12866 3 1
s 12867 168 88
s 12868 59 32
s 12869 171 88
s 12870 210 112
s 12871 328 186
s 12872 65 26
s 12873 36 13
s 12874 542 291
s 12875 59 36
s 12876 380 225
s 12877 67 40
s 12878 126 72
s 12879 28 13
s 12880 77 39
s 12881 38 25
s 12882 45 26
s 12883 21 12
s 12884 114 62
s 12885 167 82
s 12886 480 271
s 12887 65 35
s 12888 294 173
s 12889 29 19
s 12890 118 58
s 12891 92 49
s 12892 72 36
s 12893 377 209
s 12894 20 12
s 12895 47 24
s 12896 109 54
s 12897 262 150
s 12898 164 90
s 12899 72 30
s 12900 113 53
s 12901 126 56
s 12902 11 6
s 12903 15 10
s 12904 271 153
s 12905 227 120
s 12906 281 149
s 12907 142 83
s 12908 109 61
s 12909 273 136
s 12910 124 72
s 12911 37 17
s 12912 85 48
s 12913 131 75
s 12914 116 64
s 12919 162 73
s 12920 164 94
s 12921 106 62
s 12923 215 115
s 12926 127 66
s 12928 220 125
s 12929 120 61
s 12931 74 42
s 12935 312 161
s 12936 161 93
s 12937 140 64
s 12938 44 26
s 12945 120 54
s 12955 64 32
s 13108 57 29
s 13109 167 92
s 13110 234 119
s 13111 224 116
s 13112 77 42
s 13113 30 18
s 13114 38 25
s 13115 64 30
s 13116 166 90
s 13117 28 15
s 13118 98 50
s 13119 46 18
s 13120 40 14
s 13121 18 8
s 13122 11 4
s 13123 118 55
s 13124 67 32
s 13125 134 58
s 13126 105 57
s 13127 124 65
s 13128 45 26
s 13129 17 8
s 13130 327 173
s 13131 82 40
s 13132 309 161
s 13133 34 24
s 13134 69 33
s 13135 21 9
s 13136 56 21
s 13137 28 13
s 13138 28 16
s 13139 13 6
s 13140 88 38
s 13141 166 87
s 13142 340 157
s 13143 120 67
s 13144 133 72
s 13145 12 10
s 13146 90 51
s 13147 62 35
s 13148 51 29
s 13149 286 125
s 13150 20 12
s 13151 29 14
s 13152 61 31
s 13153 165 84
s 13154 111 62
s 13155 37 12
s 13156 69 35
s 13157 107 45
s 13158 15 4
s 13159 17 9
s 13160 202 94
s 13161 125 62
s 13162 191 81
s 13163 85 48
s 13164 87 44
s 13165 166 74
s 13166 107 58
s 13167 73 32
s 13168 109 55
s 13169 51 21
s 13170 93 45
s 13175 116 50
s 13176 108 52
s 13177 71 34
s 13179 129 58
s 13182 132 72
s 13184 181 94
s 13185 108 54
s 13187 71 35
s 13191 203 103
s 13192 93 42
s 13193 90 49
s 13194 48 19
s 13201 81 40
s 13211 24 9
s 13365 99 46
s 13366 202 108
s 13367 166 94
s 13368 31 13
s 13369 33 20
s 13370 33 19
s 13371 40 17
s 13372 144 86
s 13373 17 7
s 13374 223 135
s 13375 40 24
s 13376 55 26
s 13377 23 17
s 13378 6 3
s 13379 83 46
s 13380 76 31
s 13381 138 69
s 13382 70 38
s 13383 271 156
s 13384 51 23
s 13385 23 11
s 13386 140 72
s 13387 69 32
s 13388 81 43
s 13389 29 13
s 13390 53 26
s 13391 31 16
s 13392 40 23
s 13393 35 21
s 13394 13 10
s 13395 26 12
s 13396 118 63
s 13397 187 88
s 13398 376 197
s 13399 144 75
s 13400 160 96
s 13401 15 5
s 13402 52 25
s 13403 578 365
s 13404 31 18
s 13405 213 109
s 13406 9 5
s 13407 18 13
s 13408 66 37
s 13409 163 84
s 13410 88 38
s 13411 27 11
s 13412 125 64
s 13413 111 62
s 13414 30 13
s 13415 14 7
s 13416 164 96
s 13417 181 95
s 13418 59 38
s 13419 76 39
s 13420 81 43
s 13421 137 59
s 13422 104 64
s 13423 101 56
s 13424 193 105
s 13425 26 16
s 13426 51 29
s 13431 181 103
s 13432 54 35
s 13433 133 68
s 13435 195 86
s 13438 43 21
s 13440 148 74
s 13441 81 41
s 13443 133 74
s 13447 197 113
s 13448 74 35
s 13449 61 34
s 13450 34 17
s 13457 58 31
s 13467 49 25
s 13622 334 140
s 13623 402 191
s 13624 73 35
s 13625 67 29
s 13626 104 41
s 13627 161 65
s 13628 400 198
s 13629 50 25
s 13630 505 289
s 13631 118 56
s 13632 184 76
s 13633 39 20
s 13634 15 4
s 13635 175 80
s 13636 215 97
s 13637 372 182
s 13638 162 64
s 13639 797 390
s 13640 128 54
s 13641 71 36
s 13642 675 332
s 13643 277 122
s 13644 532 257
s 13645 65 28
s 13646 161 83
s 13647 72 27
s 13648 68 29
s 13649 68 29
s 13650 35 21
s 13651 96 47
s 13652 357 156
s 13653 543 236
s 13654 923 467
s 13655 440 208
s 13656 507 273
s 13657 24 12
s 13658 178 84
s 13659 124 59
s 13660 83 37
s 13661 398 195
s 13662 26 9
s 13663 46 20
s 13664 214 105
s 13665 404 183
s 13666 243 104
s 13667 65 21
s 13668 417 190
s 13669 307 137
s 13670 78 39
s 13671 52 24
s 13672 490 247
s 13673 436 194
s 13674 439 213
s 13675 265 127
s 13676 227 102
s 13677 195 74
s 13678 263 123
s 13679 202 102
s 13680 387 178
s 13681 130 56
s 13682 149 62
s 13687 419 193
s 13688 265 104
s 13689 269 118
s 13691 537 248
s 13694 276 122
s 13696 451 198
s 13697 250 108
s 13699 258 118
s 13703 477 214
s 13704 248 100
s 13705 192 84
s 13706 54 22
s 13713 114 47
s 13723 123 54
s 13879 767 414
s 13880 93 45
s 13881 142 70
s 13882 200 97
s 13883 303 155
s 13884 726 391
s 13885 90 47
s 13886 965 579
s 13887 202 99
s 13888 366 173
s 13889 83 46
s 13890 40 23
s 13891 8 3
s 13892 572 292
s 13893 655 337
s 13894 43 22
s 13895 1311 698
s 13896 184 96
s 13897 73 32
s 13898 1522 856
s 13899 525 286
s 13900 1228 706
s 13901 137 75
s 13902 295 148
s 13903 166 75
s 13904 55 30
s 13905 91 56
s 13906 83 45
s 13907 145 68
s 13908 567 310
s 13909 1004 477
s 13910 2143 1178
s 13911 902 487
s 13912 964 531
s 13913 13 4
s 13914 403 211
s 13915 286 145
s 13916 169 79
s 13917 266 131
s 13918 5 4
s 13919 21 14
s 13920 353 188
s 13921 859 449
s 13922 520 236
s 13923 130 72
s 13924 536 260
s 13925 707 353
s 13926 156 76
s 13927 84 47
s 13928 950 508
s 13929 867 471
s 13930 899 430
s 13931 554 280
s 13932 379 179
s 13933 28 19
s 13934 565 293
s 13935 484 245
s 13936 942 509
s 13937 290 154
s 13938 123 55
s 13943 777 381
s 13944 504 248
s 13945 671 354
s 13947 1070 521
s 13950 501 261
s 13952 968 523
s 13953 372 182
s 13955 647 326
s 13959 920 520
s 13960 497 243
s 13961 371 192
s 13962 55 29
s 13969 127 54
s 13979 211 117
s 14136 182 93
s 14137 70 42
s 14138 100 51
s 14139 155 79
s 14140 38 17
s 14141 66 38
s 14142 1348 796
s 14143 116 53
s 14144 191 84
s 14145 47 25
s 14146 24 6
s 14147 286 147
s 14148 277 125
s 14149 43 16
s 14150 319 184
s 14151 1463 802
s 14152 136 66
s 14153 59 27
s 14154 876 467
s 14155 260 133
s 14156 821 464
s 14157 15 6
s 14158 23 15
s 14159 91 49
s 14160 144 80
s 14161 37 16
s 14162 74 50
s 14163 117 56
s 14164 305 156
s 14165 483 240
s 14166 1029 542
s 14167 605 334
s 14168 785 433
s 14169 41 26
s 14170 263 141
s 14171 226 124
s 14172 47 30
s 14173 742 411
s 14174 57 31
s 14175 76 44
s 14176 12 6
s 14177 250 137
s 14178 46 19
s 14179 20 12
s 14180 454 205
s 14181 275 124
s 14182 87 44
s 14183 46 32
s 14184 42 19
s 14185 524 264
s 14186 667 327
s 14187 409 228
s 14188 12 3
s 14189 538 271
s 14190 271 130
s 14191 306 159
s 14192 608 324
s 14193 181 100
s 14194 209 97
s 14199 442 231
s 14200 272 143
s 14201 345 186
s 14203 553 282
s 14206 309 171
s 14208 476 244
s 14209 18 11
s 14211 335 161
s 14215 80 43
s 14216 309 159
s 14217 94 44
s 14218 116 63
s 14225 249 113
s 14235 76 40
s 14393 58 37
s 14394 39 23
s 14395 42 23
s 14396 202 108
s 14397 35 23
s 14398 182 100
s 14399 43 21
s 14400 71 36
s 14401 26 13
s 14402 11 7
s 14403 48 20
s 14404 108 56
s 14405 151 62
s 14406 44 18
s 14407 297 157
s 14408 49 23
s 14409 26 14
s 14410 303 163
s 14411 129 77
s 14412 237 144
s 14413 37 17
s 14414 79 50
s 14415 39 20
s 14416 24 11
s 14417 23 15
s 14418 22 17
s 14419 53 22
s 14420 153 77
s 14421 263 135
s 14422 439 249
s 14423 207 122
s 14424 201 95
s 14425 7 3
s 14426 89 48
s 14427 59 29
s 14428 33 22
s 14429 121 57
s 14430 7 1
s 14431 7 6
s 14432 75 39
s 14433 176 91
s 14434 105 62
s 14435 17 8
s 14436 227 121
s 14437 134 74
s 14438 36 18
s 14439 25 11
s 14440 229 122
s 14441 206 108
s 14442 185 99
s 14443 129 71
s 14444 77 38
s 14445 44 19
s 14446 122 79
s 14447 122 58
s 14448 185 105
s 14449 61 33
s 14450 46 25
s 14455 180 106
s 14456 93 48
s 14457 123 70
s 14459 227 127
s 14462 102 53
s 14464 203 104
s 14465 81 38
s 14467 139 74
s 14471 220 118
s 14472 123 59
s 14473 104 64
s 14474 19 8
s 14481 44 16
s 14491 47 23
s 14650 8 5
s 14651 31 17
s 14652 81 48
s 14653 21 14
s 14654 99 64
s 14655 32 18
s 14656 46 21
s 14657 5 2
s 14658 4 2
s 14659 52 28
s 14660 46 22
s 14661 42 20
s 14662 77 46
s 14663 133 71
s 14664 30 16
s 14665 19 8
s 14666 207 108
s 14667 46 23
s 14668 165 91
s 14669 19 10
s 14670 33 16
s 14671 12 5
s 14672 29 18
s 14673 16 8
s 14674 19 9
s 14675 11 2
s 14676 60 26
s 14677 87 47
s 14678 262 146
s 14679 79 40
s 14680 94 50
s 14681 12 8
s 14682 61 30
s 14683 42 23
s 14684 22 17
s 14685 147 82
s 14686 13 8
s 14687 18 9
s 14688 25 10
s 14689 101 58
s 14690 36 24
s 14691 14 6
s 14692 63 33
s 14693 75 43
s 14694 16 10
s 14695 8 7
s 14696 81 44
s 14697 118 66
s 14698 130 63
s 14699 59 33
s 14700 34 16
s 14701 117 54
s 14702 55 34
s 14703 51 24
s 14704 88 63
s 14705 45 25
s 14706 45 26
s 14711 72 34
s 14712 60 30
s 14713 68 35
s 14715 137 80
s 14718 55 26
s 14720 117 57
s 14721 43 24
s 14723 60 31
s 14727 112 55
s 14728 61 34
s 14729 40 24
s 14730 36 17
s 14737 41 20
s 14747 19 12
s 14907 43 24
s 14908 97 40
s 14909 16 6
s 14910 132 83
s 14911 30 17
s 14912 45 24
s 14913 8 3
s 14914 5 1
s 14915 90 56
s 14916 48 20
s 14917 91 42
s 14918 91 37
s 14919 182 90
s 14920 41 16
s 14921 26 11
s 14922 208 109
s 14923 67 32
s 14924 214 114
s 14925 27 17
s 14926 47 28
s 14927 13 7
s 14928 42 24
s 14929 24 12
s 14930 10 5
s 14931 17 8
s 14932 73 34
s 14933 114 51
s 14934 246 125
s 14935 106 65
s 14936 165 92
s 14937 9 2
s 14938 49 29
s 14939 45 22
s 14940 27 13
s 14941 215 111
s 14942 16 8
s 14943 24 12
s 14944 60 27
s 14945 116 60
s 14946 77 31
s 14947 23 18
s 14948 87 52
s 14949 70 37
s 14950 16 8
s 14951 9 7
s 14952 138 69
s 14953 108 63
s 14954 179 95
s 14955 113 57
s 14956 56 18
s 14957 127 61
s 14958 74 38
s 14959 40 25
s 14960 70 43
s 14961 44 24
s 14962 73 33
s 14967 128 73
s 14968 84 46
s 14969 68 30
s 14971 122 61
s 14974 80 36
s 14976 135 72
s 14977 57 28
s 14979 56 28
s 14983 122 64
s 14984 73 39
s 14985 68 35
s 14986 30 17
s 14993 66 28
s 15003 29 11
s 15164 172 80
s 15165 26 13
s 15166 230 119
s 15167 65 34
s 15168 104 53
s 15169 17 7
s 15170 9 4
s 15171 125 53
s 15172 142 58
s 15173 113 50
s 15174 114 57
s 15175 317 164
s 15176 70 30
s 15177 23 10
s 15178 217 102
s 15179 120 54
s 15180 113 57
s 15181 30 14
s 15182 71 35
s 15183 35 14
s 15184 63 32
s 15185 39 21
s 15186 22 10
s 15187 62 30
s 15188 152 59
s 15189 265 111
s 15190 464 234
s 15191 238 110
s 15192 246 118
s 15193 16 5
s 15194 68 31
s 15195 95 49
s 15196 37 17
s 15197 313 147
s 15198 17 5
s 15199 32 13
s 15200 67 35
s 15201 175 93
s 15202 98 48
s 15203 32 14
s 15204 185 77
s 15205 153 76
s 15206 30 18
s 15207 21 10
s 15208 169 79
s 15209 240 118
s 15210 87 37
s 15211 106 49
s 15212 80 40
s 15213 206 89
s 15214 123 59
s 15215 219 109
s 15216 244 114
s 15217 42 12
s 15218 90 32
s 15223 201 98
s 15224 57 24
s 15225 164 77
s 15227 286 130
s 15230 59 33
s 15232 169 82
s 15233 71 29
s 15235 176 91
s 15239 204 104
s 15240 106 37
s 15241 69 35
s 15242 39 17
s 15249 81 45
s 15259 51 24
s 15421 74 33
s 15422 560 318
s 15423 155 75
s 15424 244 131
s 15425 31 14
s 15426 20 10
s 15427 359 202
s 15428 352 170
s 15429 49 21
s 15430 283 135
s 15431 729 404
s 15432 167 78
s 15433 77 35
s 15434 926 510
s 15435 368 186
s 15436 822 460
s 15437 21 11
s 15438 14 9
s 15439 108 56
s 15440 166 87
s 15441 47 28
s 15442 81 52
s 15443 121 61
s 15444 387 202
s 15445 562 266
s 15446 1333 715
s 15447 593 313
s 15448 572 324
s 15449 36 20
s 15450 279 153
s 15451 340 204
s 15452 72 45
s 15453 727 398
s 15454 59 27
s 15455 63 26
s 15456 20 7
s 15457 257 136
s 15458 52 19
s 15459 11 8
s 15460 392 207
s 15461 413 218
s 15462 90 45
s 15463 44 25
s 15464 58 35
s 15465 695 372
s 15466 581 285
s 15467 327 176
s 15468 13 7
s 15469 485 233
s 15470 150 88
s 15471 324 174
s 15472 590 346
s 15473 204 120
s 15474 217 93
s 15479 601 322
s 15480 247 125
s 15481 431 221
s 15483 781 389
s 15486 309 148
s 15488 542 286
s 15489 32 17
s 15491 430 242
s 15495 55 25
s 15496 280 143
s 15497 93 53
s 15498 119 56
s 15505 172 79
s 15515 74 39
s 15678 91 57
s 15679 25 14
s 15680 33 18
s 15681 7 3
s 15682 10 4
s 15683 52 27
s 15684 51 20
s 15685 59 26
s 15686 46 18
s 15687 167 86
s 15688 26 5
s 15689 9 1
s 15690 92 44
s 15691 37 18
s 15692 66 33
s 15693 20 13
s 15694 34 21
s 15695 16 7
s 15696 16 8
s 15697 14 10
s 15698 11 5
s 15699 29 11
s 15700 68 41
s 15701 119 65
s 15702 192 103
s 15703 106 58
s 15704 81 51
s 15705 11 4
s 15706 38 21
s 15707 50 30
s 15708 21 10
s 15709 91 54
s 15710 12 6
s 15711 5 3
s 15712 32 12
s 15713 73 42
s 15714 41 19
s 15715 7 3
s 15716 85 40
s 15717 74 39
s 15718 19 10
s 15719 17 9
s 15720 88 52
s 15721 139 80
s 15722 42 22
s 15723 47 21
s 15724 23 8
s 15725 80 30
s 15726 54 27
s 15727 82 31
s 15728 130 68
s 15729 22 12
s 15730 20 8
s 15735 91 40
s 15736 36 19
s 15737 83 44
s 15739 110 51
s 15742 22 7
s 15744 77 48
s 15745 32 19
s 15747 83 39
s 15751 101 60
s 15752 69 34
s 15753 42 24
s 15754 19 10
s 15761 36 17
s 15771 20 9
s 15935 119 51
s 15936 207 104
s 15937 70 36
s 15938 16 6
s 15939 463 268
s 15940 277 166
s 15941 506 290
s 15942 371 219
s 15943 310 158
s 15944 135 72
s 15945 86 46
s 15946 1042 566
s 15947 241 116
s 15948 1017 601
s 15949 126 74
s 15950 228 136
s 15951 72 38
s 15952 222 124
s 15953 107 53
s 15954 99 62
s 15955 91 53
s 15956 331 173
s 15957 524 263
s 15958 768 460
s 15959 650 377
s 15960 272 153
s 15961 50 25
s 15962 280 163
s 15963 285 177
s 15964 158 85
s 15965 894 498
s 15966 66 40
s 15967 78 29
s 15968 245 133
s 15969 514 296
s 15970 392 191
s 15971 117 66
s 15972 242 119
s 15973 320 180
s 15974 73 42
s 15975 55 34
s 15976 653 382
s 15977 411 228
s 15978 788 430
s 15979 313 192
s 15980 260 159
s 15981 609 306
s 15982 327 200
s 15983 330 181
s 15984 672 411
s 15985 213 122
s 15986 272 148
s 15991 316 175
s 15992 359 208
s 15993 298 186
s 15995 406 224
s 15998 393 217
s 16000 525 296
s 16001 294 171
s 16003 348 201
s 16007 783 462
s 16008 335 206
s 16009 294 177
s 16010 140 77
s 16017 254 131
s 16027 143 83
s 16192 57 29
s 16193 21 10
s 16194 6 1
s 16195 74 34
s 16196 85 43
s 16197 110 58
s 16198 87 32
s 16199 245 119
s 16200 41 16
s 16201 23 7
s 16202 340 170
s 16203 93 39
s 16204 255 132
s 16205 22 7
s 16206 68 27
s 16207 21 10
s 16208 34 21
s 16209 35 15
s 16210 21 11
s 16211 26 16
s 16212 140 62
s 16213 221 104
s 16214 368 182
s 16215 169 84
s 16216 155 69
s 16217 10 5
s 16218 68 30
s 16219 64 38
s 16220 34 19
s 16221 223 113
s 16222 21 13
s 16223 21 13
s 16224 74 32
s 16225 183 93
s 16226 102 51
s 16227 28 11
s 16228 121 71
s 16229 107 49
s 16230 38 14
s 16231 9 4
s 16232 185 93
s 16233 146 67
s 16234 189 82
s 16235 90 41
s 16236 74 35
s 16237 140 69
s 16238 127 75
s 16239 108 59
s 16240 140 65
s 16241 71 35
s 16242 77 40
s 16247 126 56
s 16248 106 51
s 16249 104 57
s 16251 156 77
s 16254 130 78
s 16256 180 89
s 16257 89 33
s 16259 104 46
s 16263 194 94
s 16264 98 47
s 16265 76 37
s 16266 31 18
s 16273 57 27
s 16283 38 22
s 16449 19 10
s 16450 6 3
s 16451 172 81
s 16452 57 22
s 16453 191 82
s 16454 198 82
s 16455 304 150
s 16456 62 25
s 16457 27 12
s 16458 504 238
s 16459 96 45
s 16460 356 164
s 16461 44 16
s 16462 107 50
s 16463 26 10
s 16464 80 40
s 16465 48 20
s 16466 36 17
s 16467 27 16
s 16468 127 68
s 16469 197 98
s 16470 490 241
s 16471 99 49
s 16472 242 119
s 16473 13 6
s 16474 99 54
s 16475 71 29
s 16476 55 23
s 16477 382 196
s 16478 27 11
s 16479 44 17
s 16480 102 44
s 16481 273 138
s 16482 135 59
s 16483 50 19
s 16484 133 62
s 16485 138 58
s 16486 28 12
s 16487 18 12
s 16488 276 139
s 16489 178 86
s 16490 280 127
s 16491 154 71
s 16492 111 52
s 16493 241 107
s 16494 149 66
s 16495 61 33
s 16496 92 52
s 16497 79 58
s 16498 134 53
s 16503 119 56
s 16504 153 65
s 16505 77 29
s 16507 182 85
s 16510 158 69
s 16512 240 105
s 16513 150 71
s 16515 89 36
s 16519 302 134
s 16520 137 58
s 16521 100 40
s 16522 50 27
s 16529 96 27
s 16539 65 31
s 16706 4 1
s 16707 44 26
s 16708 27 13
s 16709 18 11
s 16710 34 20
s 16711 88 35
s 16712 18 10
s 16713 4 4
s 16714 73 37
s 16715 27 12
s 16716 47 23
s 16717 9 6
s 16718 18 8
s 16719 10 3
s 16720 17 7
s 16721 7 6
s 16722 11 3
s 16723 14 11
s 16724 41 19
s 16725 56 25
s 16726 112 46
s 16727 55 24
s 16728 60 34
s 16729 4 1
s 16730 21 9
s 16731 29 15
s 16732 9 5
s 16733 83 40
s 16734 6 3
s 16735 7 4
s 16736 12 4
s 16737 55 25
s 16738 21 10
s 16739 6 2
s 16740 66 26
s 16741 31 19
s 16742 8 5
s 16743 5 3
s 16744 40 17
s 16745 62 27
s 16746 30 14
s 16747 31 16
s 16748 12 6
s 16749 41 15
s 16750 40 21
s 16751 22 12
s 16752 62 36
s 16753 10 6
s 16754 18 12
s 16759 38 22
s 16760 29 12
s 16761 64 33
s 16763 57 30
s 16766 28 13
s 16768 61 32
s 16769 16 8
s 16771 41 20
s 16775 51 35
s 16776 37 17
s 16777 17 7
s 16778 18 9
s 16785 28 12
s 16795 11 9
s 16963 24 14
s 16964 7 0
s 16965 19 8
s 16966 18 7
s 16967 36 21
s 16968 10 4
s 16969 1 0
s 16970 60 36
s 16971 7 3
s 16972 31 16
s 16973 5 3
s 16974 24 12
s 16975 2 1
s 16976 12 4
s 16977 3 0
s 16978 6 2
s 16979 1 1
s 16980 12 6
s 16981 19 9
s 16982 45 22
s 16983 6 2
s 16984 25 13
s 16985 5 0
s 16986 8 4
s 16987 5 3
s 16988 6 3
s 16989 30 9
s 16990 3 1
s 16991 5 2
s 16992 13 9
s 16993 31 22
s 16994 10 3
s 16995 3 1
s 16996 13 5
s 16997 9 3
s 16998 1 1
s 16999 1 0
s 17000 27 15
s 17001 16 10
s 17002 37 17
s 17003 20 12
s 17004 6 3
s 17005 38 13
s 17006 12 7
s 17007 2 1
s 17008 6 4
s 17009 8 5
s 17010 5 2
s 17015 15 7
s 17016 17 5
s 17017 15 7
s 17019 29 12
s 17022 23 9
s 17024 17 7
s 17025 15 11
s 17027 11 6
s 17031 37 16
s 17032 8 4
s 17033 15 7
s 17034 4 2
s 17041 11 4
s 17051 8 4
s 17220 254 130
s 17221 287 164
s 17222 13 6
s 17223 555 310
s 17224 96 44
s 17225 27 15
s 17226 720 398
s 17227 256 138
s 17228 594 331
s 17229 71 34
s 17230 140 72
s 17231 78 34
s 17232 24 13
s 17233 46 20
s 17234 37 16
s 17235 77 34
s 17236 244 116
s 17237 455 230
s 17238 880 462
s 17239 435 234
s 17240 452 250
s 17241 4 1
s 17242 165 78
s 17243 100 52
s 17244 58 28
s 17245 131 71
s 17247 6 3
s 17248 153 76
s 17249 342 171
s 17250 202 94
s 17251 48 24
s 17252 201 92
s 17253 321 167
s 17254 73 39
s 17255 39 21
s 17256 452 243
s 17257 392 216
s 17258 381 197
s 17259 260 137
s 17260 161 78
s 17261 9 5
s 17262 264 135
s 17263 225 127
s 17264 384 216
s 17265 122 67
s 17266 62 37
s 17271 364 187
s 17272 242 110
s 17273 318 183
s 17275 471 236
s 17278 250 129
s 17280 390 197
s 17281 184 90
s 17283 257 121
s 17287 468 244
s 17288 253 131
s 17289 186 102
s 17290 16 7
s 17297 54 21
s 17307 99 58
s 17477 240 105
s 17478 193 97
s 17479 444 232
s 17480 74 32
s 17481 40 17
s 17482 699 375
s 17483 81 41
s 17484 521 266
s 17485 56 30
s 17486 137 74
s 17487 21 9
s 17488 103 55
s 17489 89 48
s 17490 43 24
s 17491 47 20
s 17492 160 81
s 17493 316 138
s 17494 625 307
s 17495 115 56
s 17496 316 150
s 17497 26 13
s 17498 143 67
s 17499 108 47
s 17500 67 32
s 17501 552 267
s 17502 49 28
s 17503 63 36
s 17504 165 83
s 17505 382 188
s 17506 209 102
s 17507 51 17
s 17508 160 79
s 17509 163 87
s 17510 37 12
s 17511 24 12
s 17512 447 238
s 17513 239 132
s 17514 379 186
s 17515 233 120
s 17516 171 72
s 17517 348 173
s 17518 193 91
s 17519 85 34
s 17520 110 60
s 17521 154 72
s 17522 134 67
s 17527 181 93
s 17528 219 103
s 17529 138 72
s 17531 293 131
s 17534 240 109
s 17536 346 163
s 17537 175 72
s 17539 111 54
s 17543 427 213
s 17544 231 110
s 17545 186 84
s 17546 54 27
s 17553 126 58
s 17563 77 38
s 17734 248 125
s 17735 563 279
s 17736 136 62
s 17737 59 27
s 17738 724 356
s 17739 245 118
s 17740 691 387
s 17741 22 12
s 17742 18 7
s 17743 74 36
s 17744 111 52
s 17745 39 19
s 17746 66 30
s 17747 85 36
s 17748 254 124
s 17749 440 199
s 17750 1158 570
s 17751 477 248
s 17752 488 264
s 17753 35 15
s 17754 222 103
s 17755 169 95
s 17756 68 33
s 17757 624 329
s 17758 39 14
s 17759 59 32
s 17760 16 6
s 17761 254 125
s 17762 40 17
s 17763 13 7
s 17764 281 123
s 17765 372 183
s 17766 62 24
s 17767 38 16
s 17768 54 32
s 17769 486 249
s 17770 478 261
s 17771 288 144
s 17772 21 7
s 17773 387 186
s 17774 243 113
s 17775 272 142
s 17776 445 217
s 17777 141 69
s 17778 165 69
s 17783 385 206
s 17784 195 88
s 17785 586 293
s 17787 573 275
s 17790 250 122
s 17792 442 215
s 17793 33 16
s 17795 342 160
s 17799 95 54
s 17800 206 99
s 17801 76 45
s 17802 108 55
s 17809 180 83
s 17819 51 26
s 17991 527 308
s 17992 88 40
s 17993 43 20
s 17994 753 390
s 17995 212 119
s 17996 471 255
s 17997 75 46
s 17998 158 84
s 17999 72 33
s 18000 35 20
s 18001 44 20
s 18002 35 17
s 18003 60 32
s 18004 258 129
s 18005 448 222
s 18006 889 486
s 18007 418 226
s 18008 389 213
s 18009 5 2
s 18010 172 97
s 18011 125 72
s 18012 82 48
s 18013 124 64
s 18014 10 5
s 18015 8 4
s 18016 153 75
s 18017 386 191
s 18018 198 102
s 18019 63 36
s 18020 301 139
s 18021 327 155
s 18022 74 48
s 18023 29 20
s 18024 375 194
s 18025 435 217
s 18026 386 191
s 18027 237 130
s 18028 154 78
s 18029 25 8
s 18030 252 133
s 18031 240 134
s 18032 408 231
s 18033 149 87
s 18034 94 37
s 18039 317 163
s 18040 230 114
s 18041 314 167
s 18043 415 213
s 18046 209 110
s 18048 450 203
s 18049 195 93
s 18051 281 130
s 18055 425 233
s 18056 223 98
s 18057 146 70
s 18058 27 9
s 18065 58 22
s 18075 84 43
s 18248 188 89
s 18249 104 46
s 18250 1568 879
s 18251 456 255
s 18252 1276 733
s 18253 135 75
s 18254 279 152
s 18255 124 49
s 18256 286 154
s 18257 132 63
s 18258 121 59
s 18259 138 62
s 18260 482 243
s 18261 808 410
s 18262 1189 632
s 18263 880 491
s 18264 504 273
s 18265 71 37
s 18266 368 206
s 18267 436 233
s 18268 217 124
s 18269 1237 654
s 18270 114 61
s 18271 131 60
s 18272 320 157
s 18273 669 325
s 18274 488 259
s 18275 150 67
s 18276 365 175
s 18277 467 231
s 18278 122 68
s 18279 64 37
s 18280 789 421
s 18281 604 308
s 18282 920 485
s 18283 416 224
s 18284 307 156
s 18285 796 389
s 18286 509 277
s 18287 507 290
s 18288 802 447
s 18289 375 215
s 18290 349 169
s 18295 454 252
s 18296 517 264
s 18297 525 270
s 18299 614 297
s 18302 535 262
s 18304 851 458
s 18305 332 167
s 18307 473 248
s 18311 981 563
s 18312 410 214
s 18313 330 204
s 18314 201 102
s 18321 395 190
s 18331 170 97
s 18505 23 5
s 18506 317 143
s 18507 92 37
s 18508 258 110
s 18509 36 12
s 18510 85 47
s 18511 27 12
s 18512 49 24
s 18513 31 17
s 18514 30 11
s 18515 31 16
s 18516 112 45
s 18517 179 76
s 18518 289 137
s 18519 154 77
s 18520 174 104
s 18521 11 6
s 18522 72 34
s 18523 114 54
s 18524 44 24
s 18525 226 97
s 18526 15 5
s 18527 26 13
s 18528 80 42
s 18529 184 86
s 18530 106 49
s 18531 22 6
s 18532 139 54
s 18533 82 38
s 18534 25 14
s 18535 23 16
s 18536 190 95
s 18537 127 57
s 18538 205 101
s 18539 118 49
s 18540 91 41
s 18541 135 52
s 18542 101 49
s 18543 79 38
s 18544 135 62
s 18545 55 29
s 18546 71 33
s 18551 115 46
s 18552 108 48
s 18553 77 36
s 18555 127 54
s 18558 121 59
s 18560 198 88
s 18561 93 38
s 18563 100 38
s 18567 229 118
s 18568 92 42
s 18569 75 33
s 18570 22 9
s 18577 50 18
s 18587 44 17
s 18762 151 77
s 18763 63 24
s 18764 88 37
s 18765 11 4
s 18766 25 15
s 18767 16 8
s 18768 19 8
s 18769 13 9
s 18770 14 6
s 18771 16 6
s 18772 47 20
s 18773 87 39
s 18774 206 89
s 18775 66 28
s 18776 72 46
s 18777 3 1
s 18778 25 14
s 18779 36 20
s 18780 16 10
s 18781 104 50
s 18782 9 3
s 18783 10 4
s 18784 28 9
s 18785 71 26
s 18786 46 24
s 18787 14 8
s 18788 59 29
s 18789 84 31
s 18790 19 7
s 18791 7 4
s 18792 66 28
s 18793 90 43
s 18794 75 33
s 18795 49 25
s 18796 33 15
s 18797 37 10
s 18798 59 32
s 18799 42 16
s 18800 55 28
s 18801 27 10
s 18802 29 9
s 18807 60 28
s 18808 58 21
s 18809 58 25
s 18811 85 41
s 18814 51 23
s 18816 95 39
s 18817 40 24
s 18819 40 17
s 18823 87 40
s 18824 59 22
s 18825 49 26
s 18826 10 2
s 18833 37 17
s 18843 17 7
s 19019 663 331
s 19020 367 196
s 19021 146 80
s 19022 428 231
s 19023 264 133
s 19024 283 149
s 19025 190 105
s 19026 97 59
s 19027 224 109
s 19028 758 370
s 19029 1397 678
s 19030 2313 1206
s 19031 1097 610
s 19032 1163 608
s 19033 91 52
s 19034 210 100
s 19035 400 216
s 19036 160 87
s 19037 1458 791
s 19038 161 85
s 19039 171 83
s 19040 439 215
s 19041 1080 543
s 19042 629 329
s 19043 180 92
s 19044 904 489
s 19045 716 356
s 19046 236 127
s 19047 85 47
s 19048 1386 755
s 19049 1202 633
s 19050 262 122
s 19051 465 241
s 19052 483 234
s 19053 1028 468
s 19054 654 366
s 19055 711 384
s 19056 1094 595
s 19057 119 64
s 19058 340 165
s 19063 896 461
s 19064 297 136
s 19065 781 414
s 19067 1237 626
s 19070 206 98
s 19072 974 514
s 19073 622 295
s 19075 791 396
s 19079 1240 681
s 19080 519 274
s 19081 403 194
s 19082 237 112
s 19089 344 175
s 19099 269 138
s 19276 511 268
s 19277 36 16
s 19278 159 84
s 19279 35 15
s 19280 96 49
s 19281 69 39
s 19282 54 31
s 19283 37 16
s 19284 191 88
s 19285 298 124
s 19286 613 275
s 19287 182 77
s 19288 311 164
s 19289 28 14
s 19290 133 71
s 19291 80 44
s 19292 62 38
s 19293 539 277
s 19294 42 15
s 19295 56 22
s 19296 181 78
s 19297 314 140
s 19298 184 96
s 19299 44 22
s 19300 204 104
s 19301 171 89
s 19302 33 17
s 19303 28 15
s 19304 408 212
s 19305 242 102
s 19306 350 181
s 19307 204 93
s 19308 162 70
s 19309 314 132
s 19310 176 85
s 19311 97 49
s 19312 178 106
s 19313 98 48
s 19314 143 55
s 19319 188 96
s 19320 175 73
s 19321 123 61
s 19323 261 109
s 19326 203 99
s 19328 294 138
s 19329 173 75
s 19331 122 51
s 19335 423 217
s 19336 186 101
s 19337 182 81
s 19338 61 25
s 19345 131 53
s 19355 51 23
s 19533 139 76
s 19534 405 225
s 19535 165 75
s 19536 194 105
s 19537 138 85
s 19538 55 29
s 19539 180 103
s 19540 618 317
s 19541 1136 597
s 19542 2060 1118
s 19543 956 494
s 19544 1000 597
s 19545 67 35
s 19546 145 78
s 19547 316 182
s 19548 141 84
s 19549 1109 611
s 19550 90 50
s 19551 101 43
s 19552 389 202
s 19553 659 379
s 19554 426 222
s 19555 138 71
s 19556 583 286
s 19557 623 315
s 19558 167 89
s 19559 90 52
s 19560 899 485
s 19561 975 539
s 19562 68 32
s 19563 326 175
s 19564 389 200
s 19565 769 376
s 19566 503 281
s 19567 532 288
s 19568 960 541
s 19569 44 22
s 19570 240 114
s 19575 900 488
s 19576 165 76
s 19577 620 347
s 19579 1116 593
s 19582 82 38
s 19584 602 314
s 19585 396 212
s 19587 593 328
s 19591 992 542
s 19592 352 174
s 19593 298 155
s 19594 183 98
s 19601 255 128
s 19611 228 119
s 19790 5 2
s 19791 17 8
s 19792 33 22
s 19793 4 3
s 19794 7 6
s 19795 22 14
s 19796 77 36
s 19797 113 54
s 19798 246 140
s 19799 109 58
s 19800 101 49
s 19801 10 4
s 19802 44 22
s 19803 44 26
s 19804 15 7
s 19805 136 75
s 19806 9 4
s 19807 15 7
s 19808 7 5
s 19809 58 34
s 19810 23 12
s 19811 5 1
s 19812 78 39
s 19813 89 46
s 19814 23 10
s 19815 14 8
s 19816 20 12
s 19817 134 74
s 19818 102 59
s 19819 66 39
s 19820 11 5
s 19821 86 41
s 19822 46 27
s 19823 55 26
s 19824 135 69
s 19825 38 25
s 19826 43 26
s 19831 117 57
s 19832 58 29
s 19833 100 55
s 19835 139 79
s 19838 59 24
s 19840 98 50
s 19841 14 6
s 19843 84 36
s 19847 17 7
s 19848 69 41
s 19849 21 14
s 19850 21 10
s 19857 31 16
s 19867 25 15
s 20047 52 28
s 20048 71 41
s 20049 20 13
s 20050 28 15
s 20051 42 24
s 20052 161 75
s 20053 218 112
s 20054 570 303
s 20055 230 120
s 20056 265 151
s 20057 23 6
s 20058 110 64
s 20059 101 50
s 20060 32 19
s 20061 357 201
s 20062 25 19
s 20063 32 17
s 20064 7 1
s 20065 120 58
s 20066 20 9
s 20067 6 4
s 20068 162 80
s 20069 201 106
s 20070 44 21
s 20071 20 13
s 20072 30 13
s 20073 312 169
s 20074 265 146
s 20075 157 84
s 20076 12 6
s 20077 229 113
s 20078 157 74
s 20079 157 85
s 20080 297 181
s 20081 83 37
s 20082 83 38
s 20087 220 116
s 20088 122 71
s 20089 187 81
s 20091 366 182
s 20094 133 64
s 20096 226 123
s 20097 10 3
s 20099 206 110
s 20103 51 29
s 20104 123 59
s 20105 38 24
s 20106 46 19
s 20113 103 51
s 20123 29 16
s 20304 32 17
s 20305 17 11
s 20306 15 8
s 20307 18 7
s 20308 59 30
s 20309 93 35
s 20310 182 81
s 20311 49 23
s 20312 107 56
s 20313 5 3
s 20314 62 27
s 20315 40 22
s 20316 18 9
s 20317 144 58
s 20318 21 13
s 20319 19 7
s 20320 48 25
s 20321 116 58
s 20322 63 26
s 20323 21 9
s 20324 59 31
s 20325 67 24
s 20326 15 6
s 20327 5 3
s 20328 132 59
s 20329 81 42
s 20330 100 52
s 20331 78 35
s 20332 61 26
s 20333 132 61
s 20334 73 41
s 20335 32 12
s 20336 70 33
s 20337 39 21
s 20338 48 16
s 20343 48 25
s 20344 68 28
s 20345 37 20
s 20347 82 30
s 20350 79 33
s 20352 102 45
s 20353 53 31
s 20355 34 16
s 20359 122 57
s 20360 61 30
s 20361 52 25
s 20362 17 7
s 20369 60 27
s 20379 35 18
s 20561 15 8
s 20562 20 11
s 20563 30 20
s 20564 126 55
s 20565 191 84
s 20566 405 210
s 20567 198 107
s 20568 184 88
s 20569 4 4
s 20570 78 35
s 20571 57 25
s 20572 28 17
s 20573 100 58
s 20574 4 2
s 20575 5 2
s 20576 69 27
s 20577 161 80
s 20578 102 60
s 20579 24 12
s 20580 206 98
s 20581 139 73
s 20582 29 15
s 20583 24 13
s 20584 155 80
s 20585 249 133
s 20586 175 87
s 20587 99 54
s 20588 75 32
s 20589 46 24
s 20590 116 64
s 20591 108 49
s 20592 195 110
s 20593 48 24
s 20594 44 19
s 20599 174 72
s 20600 93 40
s 20601 122 59
s 20603 221 119
s 20606 80 36
s 20608 192 98
s 20609 81 43
s 20611 124 57
s 20615 197 101
s 20616 104 58
s 20617 73 40
s 20618 12 6
s 20625 45 19
s 20635 53 18
s 20818 16 8
s 20819 26 13
s 20820 63 26
s 20821 122 60
s 20822 269 146
s 20823 112 62
s 20824 101 53
s 20825 5 4
s 20826 45 25
s 20827 59 36
s 20828 12 4
s 20829 112 51
s 20830 11 6
s 20831 9 5
s 20832 22 9
s 20833 83 46
s 20834 32 20
s 20835 11 5
s 20836 84 34
s 20837 98 52
s 20838 22 11
s 20839 9 7
s 20840 53 27
s 20841 135 67
s 20842 105 51
s 20843 65 37
s 20844 23 10
s 20845 64 26
s 20846 70 36
s 20847 54 25
s 20848 119 70
s 20849 31 22
s 20850 39 20
s 20855 99 55
s 20856 42 21
s 20857 111 64
s 20859 114 61
s 20862 56 29
s 20864 125 58
s 20865 26 14
s 20867 63 20
s 20871 79 41
s 20872 53 23
s 20873 28 15
s 20874 16 8
s 20881 27 11
s 20891 15 7
s 21075 17 9
s 21076 61 29
s 21077 107 65
s 21078 202 117
s 21079 94 43
s 21080 90 49
s 21082 25 13
s 21083 33 14
s 21084 10 5
s 21085 85 51
s 21086 1 1
s 21087 8 3
s 21088 27 14
s 21089 83 39
s 21090 52 32
s 21091 8 5
s 21092 67 36
s 21093 68 40
s 21094 18 11
s 21095 8 5
s 21096 88 45
s 21097 117 66
s 21098 33 19
s 21099 37 24
s 21100 34 17
s 21101 81 39
s 21102 54 32
s 21103 57 28
s 21104 120 75
s 21105 9 4
s 21106 28 18
s 21111 84 52
s 21112 17 10
s 21113 71 39
s 21115 109 67
s 21118 18 8
s 21120 74 43
s 21121 49 26
s 21123 76 35
s 21127 105 65
s 21128 42 23
s 21129 27 17
s 21130 16 4
s 21137 26 17
s 21147 20 11
s 21332 44 21
s 21333 91 42
s 21334 231 110
s 21335 45 26
s 21336 91 46
s 21337 8 1
s 21338 68 32
s 21339 33 16
s 21340 28 14
s 21341 159 72
s 21342 25 7
s 21343 20 5
s 21344 50 18
s 21345 107 49
s 21346 69 35
s 21347 17 4
s 21348 59 27
s 21349 72 32
s 21350 17 9
s 21351 5 2
s 21352 138 69
s 21353 95 46
s 21354 122 59
s 21355 76 39
s 21356 43 20
s 21357 130 52
s 21358 77 32
s 21359 20 6
s 21360 46 21
s 21361 50 29
s 21362 47 19
s 21367 70 29
s 21368 74 27
s 21369 42 23
s 21371 92 51
s 21374 80 38
s 21376 111 47
s 21377 58 30
s 21379 43 23
s 21383 147 72
s 21384 65 40
s 21385 50 18
s 21386 25 8
s 21393 49 17
s 21403 20 13
s 21589 371 183
s 21590 869 432
s 21591 254 125
s 21592 399 199
s 21593 29 14
s 21594 202 101
s 21595 144 70
s 21596 83 41
s 21597 610 314
s 21598 58 32
s 21599 68 31
s 21600 155 69
s 21601 358 181
s 21602 228 94
s 21603 81 33
s 21604 199 97
s 21605 268 117
s 21606 66 31
s 21607 22 11
s 21608 433 230
s 21609 373 209
s 21610 431 200
s 21611 218 108
s 21612 167 82
s 21613 359 150
s 21614 280 131
s 21615 153 77
s 21616 238 125
s 21617 159 76
s 21618 189 89
s 21623 289 151
s 21624 257 123
s 21625 255 125
s 21627 367 164
s 21630 271 116
s 21632 431 216
s 21633 195 94
s 21635 205 96
s 21639 397 210
s 21640 273 143
s 21641 155 62
s 21642 108 52
s 21649 188 93
s 21659 78 36
s 21846 1524 725
s 21847 463 243
s 21848 672 355
s 21849 58 30
s 21850 428 224
s 21851 274 137
s 21852 131 66
s 21853 993 498
s 21854 100 50
s 21855 98 47
s 21856 236 117
s 21857 615 302
s 21858 286 132
s 21859 92 39
s 21860 374 187
s 21861 429 208
s 21862 87 42
s 21863 40 19
s 21864 663 339
s 21865 645 313
s 21866 832 380
s 21867 408 209
s 21868 258 108
s 21869 673 287
s 21870 412 209
s 21871 239 127
s 21872 461 211
s 21873 281 144
s 21874 282 128
s 21879 542 268
s 21880 418 187
s 21881 379 174
s 21883 706 339
s 21886 451 223
s 21888 674 322
s 21889 308 140
s 21891 359 163
s 21895 681 321
s 21896 417 176
s 21897 312 155
s 21898 158 69
s 21905 267 115
s 21915 133 55
s 22103 1094 543
s 22104 975 531
s 22105 115 55
s 22106 519 275
s 22107 484 257
s 22108 256 137
s 22109 2034 1056
s 22110 151 76
s 22111 255 129
s 22112 644 328
s 22113 1515 781
s 22114 855 427
s 22115 231 107
s 22116 845 415
s 22117 644 314
s 22118 243 127
s 22119 123 70
s 22120 1544 791
s 22121 957 516
s 22122 1399 718
s 22123 731 398
s 22124 789 391
s 22125 1282 605
s 22126 738 392
s 22127 647 327
s 22128 1164 612
s 22129 463 253
s 22130 639 321
s 22135 736 394
s 22136 788 366
s 22137 670 359
s 22139 912 431
s 22142 832 413
s 22144 1171 588
s 22145 740 364
s 22147 672 332
s 22151 1734 890
s 22152 767 395
s 22153 664 335
s 22154 290 143
s 22161 535 246
s 22171 357 179
s 22360 606 320
s 22361 47 24
s 22362 292 169
s 22363 160 86
s 22364 131 61
s 22365 1002 515
s 22366 67 33
s 22367 89 36
s 22368 269 140
s 22369 611 305
s 22370 356 178
s 22371 114 57
s 22372 321 171
s 22373 371 185
s 22374 56 32
s 22375 32 12
s 22376 658 335
s 22377 423 214
s 22378 745 378
s 22379 404 210
s 22380 287 132
s 22381 648 335
s 22382 350 184
s 22383 103 48
s 22384 190 97
s 22385 223 120
s 22386 328 158
s 22391 344 164
s 22392 387 194
s 22393 169 82
s 22395 473 225
s 22398 409 215
s 22400 596 290
s 22401 335 143
s 22403 187 86
s 22407 814 437
s 22408 329 163
s 22409 283 140
s 22410 113 51
s 22417 273 128
s 22427 141 74
s 22617 50 26
s 22618 275 167
s 22619 290 158
s 22620 117 64
s 22621 997 533
s 22622 81 44
s 22623 95 51
s 22624 261 129
s 22625 549 286
s 22626 357 173
s 22627 128 68
s 22628 271 136
s 22629 321 166
s 22630 92 51
s 22631 63 42
s 22632 691 343
s 22633 454 252
s 22634 653 357
s 22635 305 175
s 22636 265 123
s 22637 602 303
s 22638 372 208
s 22639 368 181
s 22640 631 350
s 22641 213 122
s 22642 257 126
s 22647 425 217
s 22648 343 170
s 22649 354 188
s 22651 514 262
s 22654 359 181
s 22656 608 325
s 22657 269 137
s 22659 337 188
s 22663 815 447
s 22664 303 151
s 22665 317 172
s 22666 136 75
s 22673 283 122
s 22683 152 79
s 22874 13 5
s 22875 17 6
s 22876 9 6
s 22877 31 13
s 22879 3 1
s 22880 17 8
s 22881 33 16
s 22882 35 18
s 22883 8 3
s 22884 20 10
s 22885 34 16
s 22886 6 4
s 22887 1 0
s 22888 39 16
s 22889 55 25
s 22890 47 13
s 22891 36 19
s 22892 18 8
s 22893 6 2
s 22894 33 12
s 22895 33 15
s 22896 40 20
s 22897 13 4
s 22898 16 11
s 22903 43 23
s 22904 24 9
s 22905 21 9
s 22907 52 25
s 22910 18 5
s 22912 37 22
s 22913 22 12
s 22915 25 11
s 22919 53 27
s 22920 34 13
s 22921 24 12
s 22922 2 1
s 22929 9 6
s 22939 10 8
s 23131 134 77
s 23132 45 22
s 23133 398 227
s 23134 34 17
s 23135 51 21
s 23136 94 50
s 23137 245 122
s 23138 166 70
s 23139 67 38
s 23140 260 136
s 23141 167 92
s 23142 37 24
s 23143 31 15
s 23144 290 160
s 23145 291 149
s 23146 152 82
s 23147 112 51
s 23148 99 48
s 23149 330 156
s 23150 138 76
s 23151 148 88
s 23152 322 188
s 23153 52 27
s 23154 94 46
s 23159 228 117
s 23160 118 56
s 23161 198 103
s 23163 299 138
s 23166 91 42
s 23168 201 102
s 23169 118 71
s 23171 202 103
s 23175 315 171
s 23176 166 89
s 23177 111 55
s 23178 53 25
s 23185 105 49
s 23195 92 47
s 23388 43 22
s 23389 481 255
s 23390 26 14
s 23391 27 15
s 23392 94 43
s 23393 214 111
s 23394 152 66
s 23395 63 33
s 23396 212 109
s 23397 165 97
s 23398 38 21
s 23399 21 12
s 23400 264 143
s 23401 288 156
s 23402 223 132
s 23403 135 74
s 23404 88 48
s 23405 198 91
s 23406 140 81
s 23407 117 67
s 23408 207 99
s 23409 93 51
s 23410 83 46
s 23415 193 113
s 23416 140 85
s 23417 145 68
s 23419 272 145
s 23422 134 70
s 23424 239 115
s 23425 117 55
s 23427 158 86
s 23431 314 166
s 23432 209 113
s 23433 100 47
s 23434 116 61
s 23441 108 60
s 23451 157 86
s 23645 167 106
s 23646 14 7
s 23647 17 6
s 23648 27 17
s 23649 71 34
s 23650 30 15
s 23651 9 4
s 23652 110 59
s 23653 65 39
s 23654 20 13
s 23655 12 9
s 23656 65 37
s 23657 133 73
s 23658 117 73
s 23659 75 43
s 23660 41 25
s 23661 136 65
s 23662 74 44
s 23663 76 42
s 23664 127 75
s 23665 36 20
s 23666 47 28
s 23671 102 57
s 23672 69 27
s 23673 101 52
s 23675 147 79
s 23678 41 21
s 23680 112 68
s 23681 28 19
s 23683 82 49
s 23687 89 55
s 23688 94 52
s 23689 34 13
s 23690 15 8
s 23697 42 19
s 23707 22 8
s 23902 22 15
s 23903 43 17
s 23904 321 154
s 23905 739 387
s 23906 530 262
s 23907 108 48
s 23908 541 257
s 23909 655 347
s 23910 148 71
s 23911 85 54
s 23912 898 496
s 23913 1012 535
s 23914 778 413
s 23915 555 313
s 23916 344 164
s 23917 218 93
s 23918 551 263
s 23919 522 259
s 23920 857 464
s 23921 275 147
s 23922 214 118
s 23927 825 428
s 23928 426 203
s 23929 647 365
s 23931 1040 535
s 23934 471 226
s 23936 940 478
s 23937 398 182
s 23939 573 283
s 23943 919 479
s 23944 494 244
s 23945 373 194
s 23946 70 42
s 23953 160 89
s 23963 218 110
s 24159 2 0
s 24160 22 12
s 24161 77 44
s 24162 29 14
s 24163 9 2
s 24164 54 30
s 24165 54 23
s 24166 13 3
s 24167 8 3
s 24168 60 27
s 24169 76 41
s 24170 62 26
s 24171 47 19
s 24172 30 13
s 24173 5 2
s 24174 35 16
s 24175 33 18
s 24176 66 32
s 24177 13 8
s 24178 6 1
s 24183 72 26
s 24184 38 9
s 24185 61 35
s 24187 85 29
s 24190 42 26
s 24192 76 32
s 24193 35 19
s 24195 45 21
s 24199 74 36
s 24200 55 27
s 24201 36 19
s 24202 2 2
s 24209 8 3
s 24219 20 9
s 24416 34 17
s 24417 102 51
s 24418 52 23
s 24419 16 4
s 24420 75 36
s 24421 73 32
s 24422 16 7
s 24423 9 6
s 24424 75 43
s 24425 88 44
s 24426 94 52
s 24427 63 33
s 24428 34 17
s 24429 8 1
s 24430 60 31
s 24431 51 21
s 24432 71 29
s 24433 22 8
s 24434 14 11
s 24439 68 38
s 24440 41 17
s 24441 59 32
s 24443 110 51
s 24446 44 24
s 24448 98 47
s 24449 43 23
s 24451 69 35
s 24455 81 29
s 24456 53 29
s 24457 35 13
s 24458 5 3
s 24465 12 3
s 24475 24 12
s 24673 118 56
s 24674 14 6
s 24675 7 2
s 24676 162 71
s 24677 223 115
s 24678 41 27
s 24679 27 19
s 24680 18 10
s 24681 297 142
s 24682 256 132
s 24683 134 68
s 24684 4 1
s 24685 233 106
s 24686 158 74
s 24687 165 84
s 24688 253 127
s 24689 85 43
s 24690 115 51
s 24695 257 131
s 24696 114 43
s 24697 188 90
s 24699 322 151
s 24702 139 60
s 24704 265 119
s 24705 8 5
s 24707 171 74
s 24711 38 21
s 24712 160 71
s 24713 31 16
s 24714 52 28
s 24721 102 45
s 24731 34 18
s 24930 212 99
s 24931 61 27
s 24932 398 196
s 24933 403 189
s 24934 98 45
s 24935 39 17
s 24936 323 143
s 24937 921 517
s 24938 479 240
s 24939 319 166
s 24940 132 67
s 24941 578 289
s 24942 470 255
s 24943 356 182
s 24944 568 301
s 24945 205 104
s 24946 233 99
s 24951 538 255
s 24952 266 123
s 24953 414 210
s 24955 610 284
s 24958 298 146
s 24960 683 333
s 24961 139 61
s 24963 434 199
s 24967 389 195
s 24968 328 147
s 24969 155 89
s 24970 122 63
s 24977 257 116
s 24987 103 62
s 25187 11 4
s 25188 261 122
s 25189 229 108
s 25190 43 20
s 25191 23 13
s 25192 76 38
s 25193 431 208
s 25194 347 155
s 25195 222 111
s 25196 22 12
s 25197 334 150
s 25198 152 77
s 25199 232 118
s 25200 433 217
s 25201 137 66
s 25202 141 61
s 25207 362 183
s 25208 124 52
s 25209 253 126
s 25211 441 199
s 25214 147 66
s 25216 335 144
s 25217 31 12
s 25219 281 115
s 25223 73 35
s 25224 180 77
s 25225 62 31
s 25226 81 39
s 25233 137 51
s 25243 55 25
s 25444 78 36
s 25445 86 41
s 25446 22 8
s 25447 12 8
s 25448 11 6
s 25449 114 52
s 25450 94 34
s 25451 58 30
s 25452 4 3
s 25453 95 37
s 25454 42 15
s 25455 76 36
s 25456 93 46
s 25457 32 12
s 25458 49 23
s 25463 116 52
s 25464 53 19
s 25465 72 35
s 25467 137 63
s 25470 62 37
s 25472 110 44
s 25473 11 4
s 25475 72 25
s 25479 25 10
s 25480 61 31
s 25481 16 8
s 25482 22 13
s 25489 31 11
s 25499 16 7
s 25701 252 127
s 25702 52 27
s 25703 22 13
s 25704 408 213
s 25705 366 194
s 25706 446 220
s 25707 239 126
s 25708 172 85
s 25709 492 230
s 25710 247 134
s 25711 162 75
s 25712 264 142
s 25713 177 91
s 25714 209 98
s 25719 263 123
s 25720 297 124
s 25721 181 94
s 25723 338 152
s 25726 280 120
s 25728 455 228
s 25729 220 98
s 25731 213 96
s 25735 593 317
s 25736 258 126
s 25737 175 81
s 25738 124 67
s 25745 173 66
s 25755 115 58
s 25958 65 33
s 25959 44 29
s 25960 1113 573
s 25961 341 173
s 25962 474 238
s 25963 240 125
s 25964 195 84
s 25965 419 197
s 25966 218 110
s 25967 195 81
s 25968 314 158
s 25969 145 59
s 25970 215 95
s 25975 229 102
s 25976 258 114
s 25977 217 106
s 25979 333 139
s 25982 273 123
s 25984 383 198
s 25985 233 104
s 25987 217 110
s 25991 509 255
s 25992 271 143
s 25993 269 132
s 25994 104 51
s 26001 204 89
s 26011 106 51
s 26215 6 4
s 26216 116 67
s 26217 94 52
s 26218 115 59
s 26219 64 26
s 26220 34 17
s 26221 82 36
s 26222 51 33
s 26223 27 15
s 26224 47 26
s 26225 45 24
s 26226 39 20
s 26231 74 33
s 26232 54 21
s 26233 48 24
s 26235 95 47
s 26238 58 25
s 26240 97 45
s 26241 37 18
s 26243 45 22
s 26247 118 61
s 26248 69 32
s 26249 47 24
s 26250 28 14
s 26257 46 22
s 26267 21 11
s 26472 59 34
s 26473 62 36
s 26474 62 29
s 26475 34 16
s 26476 18 5
s 26477 51 25
s 26478 33 21
s 26479 23 11
s 26480 27 10
s 26481 14 5
s 26482 16 9
s 26487 49 28
s 26488 27 12
s 26489 38 25
s 26491 60 33
s 26494 37 21
s 26496 37 15
s 26497 16 11
s 26499 30 17
s 26503 54 31
s 26504 29 18
s 26505 28 16
s 26506 18 9
s 26513 21 12
s 26523 9 4
s 26729 791 419
s 26730 614 328
s 26731 360 186
s 26732 25 15
s 26733 569 269
s 26734 349 199
s 26735 428 228
s 26736 620 307
s 26737 222 125
s 26738 277 147
s 26743 540 266
s 26744 233 111
s 26745 514 268
s 26747 868 430
s 26750 354 195
s 26752 736 364
s 26753 36 13
s 26755 452 238
s 26759 125 64
s 26760 337 161
s 26761 111 59
s 26762 134 65
s 26769 201 92
s 26779 81 41
s 26986 766 395
s 26987 402 214
s 26988 248 112
s 26989 690 332
s 26990 321 151
s 26991 315 163
s 26992 490 258
s 26993 268 142
s 26994 255 121
s 26999 335 170
s 27000 388 174
s 27001 304 150
s 27003 488 241
s 27006 413 194
s 27008 537 277
s 27009 303 132
s 27011 342 157
s 27015 765 397
s 27016 413 200
s 27017 346 172
s 27018 132 60
s 27025 303 144
s 27035 182 96
s 27243 222 95
s 27244 242 114
s 27245 642 288
s 27246 358 165
s 27247 395 196
s 27248 723 384
s 27249 32 16
s 27250 138 63
s 27255 660 322
s 27256 115 47
s 27257 484 258
s 27259 865 405
s 27262 53 21
s 27264 499 244
s 27265 281 108
s 27267 492 240
s 27271 723 367
s 27272 263 122
s 27273 215 99
s 27274 136 54
s 27281 176 80
s 27291 208 107
s 27500 154 76
s 27501 390 199
s 27502 225 120
s 27503 219 119
s 27504 395 216
s 27505 101 56
s 27506 131 71
s 27511 339 172
s 27512 158 77
s 27513 263 150
s 27515 430 225
s 27518 137 56
s 27520 367 190
s 27521 129 61
s 27523 260 135
s 27527 394 205
s 27528 203 95
s 27529 129 76
s 27530 98 53
s 27537 148 76
s 27547 102 53
s 27757 214 83
s 27758 125 60
s 27759 144 81
s 27760 235 110
s 27761 86 43
s 27762 121 58
s 27767 218 108
s 27768 110 55
s 27769 166 73
s 27771 315 124
s 27774 151 68
s 27776 266 120
s 27777 14 8
s 27779 169 74
s 27783 29 14
s 27784 107 49
s 27785 35 19
s 27786 59 24
s 27793 76 33
s 27803 32 14
s 28014 378 193
s 28015 393 198
s 28016 682 340
s 28017 216 104
s 28018 118 51
s 28023 511 244
s 28024 354 167
s 28025 427 214
s 28027 727 334
s 28030 350 182
s 28032 568 264
s 28033 278 130
s 28035 448 228
s 28039 641 312
s 28040 379 166
s 28041 288 129
s 28042 30 17
s 28049 78 31
s 28059 155 68
s 28271 174 94
s 28272 337 191
s 28273 119 57
s 28274 152 79
s 28279 296 143
s 28280 195 97
s 28281 216 112
s 28283 358 160
s 28286 221 112
s 28288 333 164
s 28289 213 123
s 28291 232 111
s 28295 365 181
s 28296 226 107
s 28297 135 75
s 28298 77 43
s 28305 153 73
s 28315 99 56
s 28528 125 75
s 28529 159 100
s 28530 155 73
s 28535 190 87
s 28536 209 110
s 28537 142 79
s 28539 289 140
s 28542 214 106
s 28544 356 191
s 28545 140 63
s 28547 108 44
s 28551 459 251
s 28552 214 105
s 28553 189 109
s 28554 60 37
s 28561 156 77
s 28571 81 46
s 28785 250 136
s 28786 210 123
s 28791 405 210
s 28792 435 197
s 28793 224 117
s 28795 531 263
s 28798 407 211
s 28800 527 268
s 28801 292 141
s 28803 258 132
s 28807 759 390
s 28808 334 187
s 28809 316 170
s 28810 121 54
s 28817 303 156
s 28827 153 84
s 29042 45 21
s 29047 187 102
s 29048 43 23
s 29049 174 106
s 29051 277 142
s 29054 28 14
s 29056 170 83
s 29057 93 44
s 29059 166 85
s 29063 274 150
s 29064 110 49
s 29065 72 38
s 29066 40 21
s 29073 69 35
s 29083 72 35
s 29303 244 112
s 29304 141 68
s 29305 178 90
s 29307 289 135
s 29310 118 54
s 29312 266 133
s 29313 127 59
s 29315 169 89
s 29319 264 134
s 29320 141 65
s 29321 99 49
s 29322 30 12
s 29329 55 27
s 29339 56 26
s 30584 358 164
s 30585 190 82
s 30587 350 170
s 30590 348 166
s 30592 387 181
s 30593 305 142
s 30595 234 123
s 30599 686 373
s 30600 292 160
s 30601 307 157
s 30602 109 64
s 30609 229 110
s 30619 149 81
s 30841 247 125
s 30843 454 206
s 30846 92 39
s 30848 316 134
s 30849 129 54
s 30851 289 136
s 30855 289 149
s 30856 166 73
s 30857 100 43
s 30858 73 35
s 30865 110 52
s 30875 73 46
s 31099 274 143
s 31102 246 129
s 31104 331 170
s 31105 179 85
s 31107 150 76
s 31111 532 281
s 31112 284 159
s 31113 337 175
s 31114 76 31
s 31121 210 91
s 31131 84 45
s 31614 461 223
s 31616 567 273
s 31617 319 124
s 31619 335 146
s 31623 779 346
s 31624 332 141
s 31625 311 144
s 31626 133 69
s 31633 307 148
s 31643 192 107
s 32384 345 161
s 32385 169 75
s 32387 259 122
s 32391 410 204
s 32392 178 78
s 32393 122 58
s 32394 77 39
s 32401 102 48
s 32411 77 42
s 32897 377 187
s 32899 332 152
s 32903 699 348
s 32904 383 180
s 32905 286 149
s 32906 143 84
s 32913 250 97
s 32923 141 65
s 33155 217 102
s 33159 53 25
s 33160 128 48
s 33161 39 20
s 33162 64 25
s 33169 108 47
s 33179 40 23
s 33671 499 259
s 33672 259 125
s 33673 236 112
s 33674 92 42
s 33681 179 77
s 33691 109 48
s 34696 389 208
s 34697 154 92
s 34698 156 70
s 34705 312 139
s 34715 88 41
s 34953 147 72
s 34954 86 48
s 34961 129 46
s 34971 69 37
s 35210 65 32
s 35217 104 57
s 35227 44 19
s 35473 23 6
s 35483 40 27
s 37275 72 31
