n 50000
b 1 5873 2985
b 2 6745 3225
b 3 1684 856
b 4 711 339
b 5 5576 2767
b 6 7093 3118
b 7 7475 3725
b 8 7435 3903
b 9 7756 3802
b 10 2272 1119
b 11 3203 1269
b 12 6115 3169
b 13 2093 1045
b 14 14453 7281
b 15 2459 1248
b 16 1104 533
b 17 3233 1562
b 18 6910 3578
b 19 4361 2011
b 20 3149 1554
b 21 9636 4794
b 22 5192 2529
b 23 1991 958
b 25 6576 3026
b 26 9933 4867
b 27 5915 3017
b 28 2364 1125
b 29 7401 3459
b 30 5416 2662
b 31 5939 3044
b 32 1650 855
b 33 2847 1581
b 34 2614 1334
b 35 3828 1815
b 36 6867 3428
b 37 1775 862
b 38 1107 552
b 39 4124 1904
b 40 1636 780
b 41 2530 1310
b 42 3139 1645
b 43 2924 1445
b 44 2515 1220
b 45 1783 928
b 46 2241 1043
b 47 2645 1294
b 48 8012 4086
b 49 9169 4797
b 50 2515 1387
b 51 1842 916
b 52 1599 868
b 53 4464 2042
b 54 7446 3888
b 55 4702 2476
b 56 1756 926
b 57 1136 602
b 58 1293 655
b 59 2087 980
b 60 5178 2764
b 61 834 417
b 62 6180 3465
b 63 1727 814
b 64 2499 1200
b 65 570 308
b 66 241 118
b 67 3387 1761
b 68 3357 1652
b 69 4069 1988
b 70 3528 1812
b 71 8395 4382
b 72 1743 805
b 73 841 366
b 74 10543 5425
b 75 3307 1601
b 76 8084 4324
b 77 1014 533
b 78 2164 1153
b 79 1081 525
b 80 1511 776
b 81 997 508
b 82 864 457
b 83 1128 536
b 84 4251 2057
b 85 6811 3242
b 86 13391 6776
b 87 5923 3027
b 88 6436 3457
b 89 396 198
b 90 2642 1408
b 91 2602 1364
b 92 1151 626
b 93 8042 4115
b 94 607 290
b 95 788 375
b 96 2315 1091
b 97 5802 2883
b 98 3163 1453
b 99 996 438
b 100 4359 2147
b 101 4521 2202
b 102 1056 518
b 103 567 307
b 104 6061 3097
b 105 6634 3427
b 106 5855 2931
b 107 3712 1941
b 108 2314 1082
b 109 4911 2253
b 110 3819 1983
b 111 3501 1790
b 112 5960 3121
b 113 2003 1082
b 114 2367 1125
b 119 5119 2586
b 120 3454 1582
b 121 4244 2212
b 123 6801 3290
b 126 3327 1616
b 128 6253 3014
b 129 2612 1248
b 131 4054 1963
b 135 6540 3407
b 136 3597 1736
b 137 2439 1204
b 138 1211 611
b 145 2345 1103
b 155 1497 743
v 258 322 153
v 259 109 54
v 260 37 20
v 261 324 158
v 262 438 256
v 263 389 166
v 264 424 220
v 265 401 194
v 266 179 94
v 267 186 109
v 268 395 214
v 269 145 78
v 270 796 396
v 271 153 90
v 272 72 42
v 273 154 93
v 274 406 178
v 275 228 119
v 276 202 99
v 277 538 282
v 278 394 192
v 279 112 61
v 281 388 226
v 282 561 291
v 283 357 177
v 284 137 72
v 285 443 261
v 286 341 193
v 287 386 184
v 288 90 47
v 289 131 64
v 290 206 102
v 291 207 97
v 292 407 224
v 293 115 57
v 294 67 31
v 295 236 137
v 296 89 46
v 297 174 87
v 298 214 114
v 299 173 91
v 300 184 97
v 301 128 69
v 302 145 71
v 303 138 72
v 304 549 258
v 305 555 279
v 306 178 76
v 307 100 52
v 308 93 54
v 309 271 146
v 310 453 220
v 311 311 148
v 312 99 45
v 313 72 40
v 314 46 18
v 315 155 76
v 316 251 104
v 317 48 28
v 318 292 130
v 319 110 65
v 320 136 76
v 321 35 15
v 322 12 6
v 323 188 96
v 324 210 115
v 325 256 134
v 326 236 102
v 327 339 166
v 328 113 61
v 329 54 32
v 330 702 340
v 331 211 105
v 332 555 277
v 333 43 24
v 334 135 74
v 335 68 39
v 336 99 38
v 337 54 26
v 338 76 34
v 339 51 24
v 340 321 182
v 341 361 197
v 342 877 442
v 343 297 148
v 344 330 143
v 345 20 9
v 346 200 94
v 347 174 86
v 348 78 40
v 349 520 251
v 350 41 27
v 351 46 21
v 352 118 54
v 353 330 154
v 354 195 96
v 355 53 28
v 356 224 119
v 357 355 195
v 358 67 35
v 359 26 10
v 360 332 153
v 361 412 201
v 362 295 148
v 363 183 83
v 364 119 62
v 365 326 184
v 366 171 83
v 367 294 152
v 368 470 239
v 369 141 62
v 370 136 53
v 375 279 134
v 376 210 128
v 377 273 139
v 379 322 172
v 382 156 80
v 384 337 161
v 385 168 100
v 387 234 128
v 391 340 179
v 392 184 99
v 393 164 86
v 394 69 35
v 401 130 65
v 411 110 67
v 515 109 49
v 516 44 26
v 517 382 208
v 518 468 250
v 519 519 269
v 520 472 215
v 521 515 245
v 522 128 68
v 523 207 118
v 524 342 154
v 525 137 66
v 526 947 434
v 527 196 89
v 528 83 41
v 529 192 88
v 530 465 200
v 531 326 171
v 532 202 85
v 533 735 361
v 534 334 149
v 535 125 53
v 537 443 254
v 538 717 368
v 539 411 189
v 540 172 86
v 541 552 288
v 542 341 160
v 543 382 179
v 544 121 55
v 545 183 68
v 546 172 77
v 547 261 150
v 548 545 263
v 549 110 63
v 550 74 33
v 551 302 162
v 552 100 48
v 553 135 50
v 554 249 127
v 555 194 96
v 556 154 80
v 557 102 51
v 558 138 75
v 559 191 99
v 560 512 227
v 561 661 298
v 562 403 175
v 563 118 54
v 564 89 35
v 565 323 169
v 566 616 274
v 567 303 147
v 568 134 57
v 569 67 32
v 570 99 45
v 571 108 52
v 572 393 170
v 573 44 25
v 574 420 152
v 575 131 64
v 576 142 72
v 577 36 12
v 578 21 13
v 579 268 95
v 580 202 89
v 581 261 128
v 582 304 150
v 583 522 243
v 584 110 63
v 585 67 38
v 586 722 337
v 587 193 103
v 588 577 233
v 589 64 27
v 590 138 60
v 591 46 19
v 592 91 46
v 593 75 38
v 594 60 26
v 595 72 39
v 596 263 137
v 597 422 199
v 598 954 458
v 599 400 195
v 600 488 214
v 601 27 15
v 602 141 58
v 603 161 74
v 604 79 32
v 605 558 269
v 606 48 26
v 607 50 26
v 608 147 75
v 609 404 201
v 610 249 123
v 611 74 36
v 612 295 147
v 613 294 145
v 614 63 31
v 615 30 16
v 616 469 217
v 617 396 177
v 618 407 195
v 619 251 102
v 620 164 79
v 621 278 153
v 622 242 121
v 623 281 120
v 624 355 155
v 625 117 53
v 626 216 108
v 631 361 173
v 632 223 121
v 633 271 126
v 635 476 241
v 638 249 124
v 640 463 237
v 641 223 105
v 643 220 108
v 647 493 222
v 648 247 129
v 649 179 91
v 650 65 34
v 657 154 81
v 667 87 40
v 772 18 11
v 773 84 43
v 774 105 56
v 775 111 60
v 776 105 49
v 777 132 70
v 778 28 18
v 779 59 37
v 780 144 68
v 781 33 20
v 782 278 124
v 783 43 25
v 784 14 10
v 785 51 31
v 786 111 52
v 787 91 49
v 788 60 36
v 789 162 83
v 790 80 48
v 791 37 24
v 793 111 61
v 794 154 79
v 795 99 54
v 796 34 17
v 797 149 77
v 798 93 52
v 799 83 39
v 800 28 11
v 801 63 31
v 802 46 22
v 803 57 27
v 804 98 45
v 805 27 13
v 806 35 16
v 807 56 29
v 808 33 22
v 809 18 9
v 810 44 22
v 811 56 35
v 812 33 22
v 813 24 11
v 814 37 16
v 815 31 21
v 816 119 64
v 817 139 62
v 818 42 17
v 819 44 21
v 820 26 13
v 821 72 36
v 822 76 49
v 823 77 37
v 824 28 12
v 825 26 12
v 826 19 11
v 827 32 17
v 828 92 51
v 829 19 7
v 830 94 48
v 831 29 12
v 832 50 24
v 833 11 5
v 834 2 1
v 835 92 48
v 836 66 35
v 837 57 32
v 838 74 36
v 839 154 83
v 840 20 12
v 841 16 8
v 842 190 91
v 843 66 35
v 844 149 73
v 845 37 20
v 846 44 16
v 847 26 15
v 848 31 11
v 849 19 9
v 850 21 10
v 851 22 10
v 852 53 28
v 853 108 50
v 854 229 113
v 855 101 54
v 856 92 40
v 857 7 5
v 858 47 30
v 859 46 24
v 860 23 8
v 861 156 63
v 862 6 3
v 863 6 3
v 864 39 24
v 865 106 49
v 866 36 24
v 867 13 7
v 868 83 45
v 869 65 37
v 870 27 18
v 871 5 3
v 872 85 46
v 873 98 49
v 874 57 29
v 875 82 39
v 876 32 17
v 877 129 65
v 878 56 26
v 879 60 30
v 880 145 62
v 881 41 16
v 882 33 16
v 887 83 42
v 888 53 24
v 889 76 41
v 891 114 60
v 894 66 38
v 896 93 45
v 897 41 23
v 899 81 39
v 903 123 57
v 904 54 31
v 905 40 20
v 906 15 4
v 913 36 20
v 923 25 10
v 1029 37 19
v 1030 38 12
v 1031 58 34
v 1032 49 19
v 1033 54 20
v 1034 14 9
v 1035 17 11
v 1036 42 15
v 1037 28 16
v 1038 95 48
v 1039 18 6
v 1040 7 2
v 1041 29 14
v 1042 35 22
v 1043 22 12
v 1044 31 19
v 1045 73 32
v 1046 32 17
v 1047 22 8
v 1049 54 31
v 1050 77 39
v 1051 49 26
v 1052 12 5
v 1053 44 20
v 1054 31 11
v 1055 45 26
v 1056 17 9
v 1057 16 4
v 1058 15 4
v 1059 23 9
v 1060 36 19
v 1061 16 7
v 1062 1 1
v 1063 24 12
v 1064 13 8
v 1065 16 4
v 1066 20 11
v 1067 22 11
v 1068 12 4
v 1069 16 3
v 1070 12 4
v 1071 18 6
v 1072 71 38
v 1073 58 34
v 1074 12 4
v 1075 15 7
v 1076 11 6
v 1077 22 9
v 1078 44 19
v 1079 33 14
v 1080 11 3
v 1081 8 3
v 1082 8 2
v 1083 11 8
v 1084 68 33
v 1085 3 1
v 1086 46 22
v 1087 19 8
v 1088 11 8
v 1089 5 2
v 1090 1 1
v 1091 28 15
v 1092 21 11
v 1093 27 12
v 1094 27 12
v 1095 61 24
v 1096 10 6
v 1097 9 2
v 1098 56 21
v 1099 23 10
v 1100 48 25
v 1101 8 3
v 1102 13 2
v 1103 9 6
v 1104 11 6
v 1105 7 3
v 1106 7 7
v 1107 7 5
v 1108 34 19
v 1109 49 24
v 1110 86 36
v 1111 47 26
v 1112 46 21
v 1114 23 11
v 1115 13 6
v 1116 12 6
v 1117 152 72
v 1118 9 3
v 1119 1 1
v 1120 19 14
v 1121 31 10
v 1122 20 14
v 1123 9 4
v 1124 37 18
v 1125 25 9
v 1126 10 6
v 1127 5 2
v 1128 52 21
v 1129 31 12
v 1130 36 20
v 1131 30 12
v 1132 12 7
v 1133 36 19
v 1134 15 4
v 1135 17 7
v 1136 50 22
v 1137 13 4
v 1138 14 9
v 1143 39 16
v 1144 61 41
v 1145 35 20
v 1147 50 22
v 1150 31 10
v 1152 34 18
v 1153 17 7
v 1155 28 14
v 1159 38 24
v 1160 23 16
v 1161 12 6
v 1162 5 1
v 1169 8 4
v 1179 22 14
v 1286 419 250
v 1287 417 220
v 1288 525 237
v 1289 435 215
v 1290 136 67
v 1291 199 123
v 1292 239 125
v 1293 139 61
v 1294 846 400
v 1295 135 68
v 1296 60 29
v 1297 176 95
v 1298 382 197
v 1299 242 128
v 1300 182 93
v 1301 549 273
v 1302 309 149
v 1303 101 47
v 1305 369 195
v 1306 574 289
v 1307 353 172
v 1308 122 62
v 1309 394 221
v 1310 343 172
v 1311 367 186
v 1312 117 46
v 1313 163 65
v 1314 131 67
v 1315 221 122
v 1316 389 198
v 1317 95 48
v 1318 59 38
v 1319 218 113
v 1320 88 47
v 1321 137 62
v 1322 175 81
v 1323 184 97
v 1324 131 69
v 1325 101 51
v 1326 106 63
v 1327 169 78
v 1328 385 171
v 1329 450 212
v 1330 122 60
v 1331 98 58
v 1332 94 47
v 1333 269 145
v 1334 454 188
v 1335 263 132
v 1336 102 48
v 1337 54 23
v 1338 74 41
v 1339 110 52
v 1340 294 132
v 1341 30 16
v 1342 367 179
v 1343 94 45
v 1344 140 67
v 1345 36 15
v 1346 8 5
v 1347 187 99
v 1348 203 100
v 1349 216 115
v 1350 191 86
v 1351 415 195
v 1352 96 52
v 1353 44 22
v 1354 577 286
v 1355 207 98
v 1356 442 215
v 1357 46 20
v 1358 110 52
v 1359 65 27
v 1360 87 43
v 1361 52 35
v 1362 46 26
v 1363 60 25
v 1364 250 131
v 1365 400 202
v 1366 861 402
v 1367 349 177
v 1368 394 179
v 1369 20 13
v 1370 154 71
v 1371 108 52
v 1372 58 29
v 1373 472 232
v 1374 21 10
v 1375 29 14
v 1376 111 59
v 1377 302 156
v 1378 130 80
v 1379 56 34
v 1380 245 114
v 1381 268 142
v 1382 59 31
v 1383 34 18
v 1384 440 198
v 1385 351 168
v 1386 295 144
v 1387 239 106
v 1388 141 78
v 1389 254 134
v 1390 189 90
v 1391 181 92
v 1392 267 133
v 1393 93 42
v 1394 146 68
v 1399 320 149
v 1400 213 116
v 1401 251 114
v 1403 406 219
v 1406 192 104
v 1408 372 195
v 1409 144 84
v 1411 241 128
v 1415 382 169
v 1416 189 82
v 1417 111 58
v 1418 80 39
v 1425 144 74
v 1435 106 55
v 1543 512 223
v 1544 543 210
v 1545 542 259
v 1546 190 74
v 1547 212 115
v 1548 499 203
v 1549 139 54
v 1550 925 378
v 1551 171 84
v 1552 76 38
v 1553 274 130
v 1554 474 186
v 1555 299 123
v 1556 248 107
v 1557 741 322
v 1558 361 149
v 1559 145 67
v 1561 495 235
v 1562 734 333
v 1563 413 176
v 1564 144 66
v 1565 560 248
v 1566 373 189
v 1567 437 180
v 1568 117 57
v 1569 189 78
v 1570 170 73
v 1571 282 120
v 1572 488 241
v 1573 133 60
v 1574 80 37
v 1575 298 154
v 1576 125 60
v 1577 181 75
v 1578 212 95
v 1579 223 114
v 1580 208 100
v 1581 124 60
v 1582 154 68
v 1583 199 87
v 1584 637 292
v 1585 691 287
v 1586 195 91
v 1587 120 58
v 1588 113 44
v 1589 342 169
v 1590 593 272
v 1591 345 118
v 1592 118 51
v 1593 82 38
v 1594 101 42
v 1595 151 69
v 1596 341 137
v 1597 51 21
v 1598 417 149
v 1599 142 72
v 1600 187 84
v 1601 52 29
v 1602 13 4
v 1603 389 162
v 1604 239 91
v 1605 285 126
v 1606 266 117
v 1607 569 255
v 1608 104 55
v 1609 40 21
v 1610 735 295
v 1611 231 95
v 1612 583 234
v 1613 70 28
v 1614 140 46
v 1615 90 36
v 1616 102 45
v 1617 72 28
v 1618 50 19
v 1619 79 38
v 1620 277 121
v 1621 505 233
v 1622 990 470
v 1623 402 175
v 1624 421 171
v 1625 28 13
v 1626 201 89
v 1627 191 77
v 1628 77 33
v 1629 597 266
v 1630 35 19
v 1631 43 24
v 1632 183 80
v 1633 391 165
v 1634 220 100
v 1635 79 42
v 1636 263 130
v 1637 319 151
v 1638 84 43
v 1639 28 12
v 1640 435 193
v 1641 486 212
v 1642 398 187
v 1643 252 95
v 1644 180 81
v 1645 389 202
v 1646 268 101
v 1647 276 104
v 1648 395 160
v 1649 161 55
v 1650 157 70
v 1655 369 160
v 1656 238 127
v 1657 350 145
v 1659 499 225
v 1662 263 118
v 1664 435 198
v 1665 167 65
v 1667 292 126
v 1671 473 215
v 1672 254 121
v 1673 161 66
v 1674 96 46
v 1681 149 73
v 1691 95 41
v 1800 578 287
v 1801 563 297
v 1802 175 83
v 1803 243 143
v 1804 523 279
v 1805 148 67
v 1806 1088 563
v 1807 164 80
v 1808 90 44
v 1809 208 114
v 1810 495 232
v 1811 354 176
v 1812 254 135
v 1813 714 357
v 1814 422 215
v 1815 136 68
v 1817 519 260
v 1818 849 417
v 1819 458 228
v 1820 195 101
v 1821 570 299
v 1822 423 213
v 1823 415 194
v 1824 114 58
v 1825 235 111
v 1826 193 102
v 1827 311 152
v 1828 516 260
v 1829 135 73
v 1830 85 45
v 1831 303 149
v 1832 106 62
v 1833 197 106
v 1834 229 107
v 1835 213 88
v 1836 194 89
v 1837 132 59
v 1838 177 79
v 1839 189 93
v 1840 655 317
v 1841 722 346
v 1842 172 75
v 1843 127 62
v 1844 124 60
v 1845 339 192
v 1846 600 279
v 1847 351 178
v 1848 117 48
v 1849 87 34
v 1850 75 37
v 1851 181 102
v 1852 378 157
v 1853 66 39
v 1854 442 192
v 1855 111 59
v 1856 180 95
v 1857 48 24
v 1858 29 18
v 1859 256 120
v 1860 267 131
v 1861 323 156
v 1862 277 119
v 1863 678 331
v 1864 140 73
v 1865 65 41
v 1866 814 383
v 1867 257 131
v 1868 573 272
v 1869 65 32
v 1870 167 76
v 1871 75 47
v 1872 115 56
v 1873 78 45
v 1874 75 38
v 1875 84 43
v 1876 322 177
v 1877 503 262
v 1878 1055 518
v 1879 414 193
v 1880 488 246
v 1881 22 12
v 1882 213 105
v 1883 192 97
v 1884 77 38
v 1885 564 280
v 1886 44 22
v 1887 56 35
v 1888 187 97
v 1889 475 239
v 1890 249 138
v 1891 67 41
v 1892 312 168
v 1893 321 142
v 1894 76 35
v 1895 38 19
v 1896 460 227
v 1897 470 225
v 1898 470 226
v 1899 321 161
v 1900 182 96
v 1901 339 182
v 1902 298 145
v 1903 297 137
v 1904 442 201
v 1905 131 70
v 1906 190 93
v 1911 400 203
v 1912 273 149
v 1913 325 163
v 1915 522 236
v 1918 255 136
v 1920 511 268
v 1921 213 111
v 1923 312 160
v 1927 472 224
v 1928 287 156
v 1929 163 92
v 1930 76 37
v 1937 157 87
v 1947 102 49
v 2057 560 277
v 2058 172 85
v 2059 238 153
v 2060 417 214
v 2061 169 83
v 2062 986 517
v 2063 183 98
v 2064 63 35
v 2065 284 157
v 2066 520 273
v 2067 335 179
v 2068 233 108
v 2069 707 357
v 2070 371 202
v 2071 157 83
v 2073 475 263
v 2074 740 367
v 2075 401 199
v 2076 167 104
v 2077 566 341
v 2078 423 219
v 2079 456 237
v 2080 136 76
v 2081 167 78
v 2082 182 98
v 2083 306 176
v 2084 495 260
v 2085 118 65
v 2086 78 29
v 2087 314 167
v 2088 158 98
v 2089 215 117
v 2090 262 127
v 2091 271 137
v 2092 196 113
v 2093 102 57
v 2094 179 97
v 2095 192 105
v 2096 619 328
v 2097 652 322
v 2098 151 63
v 2099 139 69
v 2100 73 31
v 2101 359 223
v 2102 701 329
v 2103 356 181
v 2104 153 81
v 2105 53 26
v 2106 110 48
v 2107 135 59
v 2108 339 154
v 2109 44 25
v 2110 421 182
v 2111 109 68
v 2112 225 134
v 2113 28 14
v 2114 13 6
v 2115 283 119
v 2116 251 131
v 2117 291 149
v 2118 332 148
v 2119 532 248
v 2120 132 69
v 2121 63 37
v 2122 876 467
v 2123 266 151
v 2124 608 298
v 2125 63 29
v 2126 147 73
v 2127 71 38
v 2128 117 55
v 2129 71 40
v 2130 60 28
v 2131 83 40
v 2132 300 155
v 2133 481 264
v 2134 950 485
v 2135 536 293
v 2136 596 306
v 2137 33 18
v 2138 186 98
v 2139 157 76
v 2140 90 41
v 2141 705 375
v 2142 43 31
v 2143 79 42
v 2144 195 114
v 2145 434 249
v 2146 215 118
v 2147 80 51
v 2148 263 136
v 2149 295 177
v 2150 73 39
v 2151 28 17
v 2152 446 233
v 2153 659 356
v 2154 401 194
v 2155 291 158
v 2156 228 141
v 2157 367 200
v 2158 473 242
v 2159 221 106
v 2160 258 130
v 2161 135 73
v 2162 221 117
v 2167 454 243
v 2168 233 143
v 2169 299 146
v 2171 533 282
v 2174 288 157
v 2176 509 280
v 2177 234 116
v 2179 240 129
v 2183 501 255
v 2184 271 150
v 2185 176 98
v 2186 89 51
v 2193 176 98
v 2203 117 59
v 2314 184 98
v 2315 218 131
v 2316 504 249
v 2317 220 99
v 2318 1203 587
v 2319 198 97
v 2320 80 39
v 2321 276 145
v 2322 597 288
v 2323 322 162
v 2324 238 121
v 2325 748 356
v 2326 433 203
v 2327 124 62
v 2329 522 269
v 2330 792 413
v 2331 433 217
v 2332 204 104
v 2333 559 299
v 2334 419 207
v 2335 487 230
v 2336 131 63
v 2337 249 105
v 2338 189 92
v 2339 263 151
v 2340 572 280
v 2341 127 48
v 2342 74 31
v 2343 369 196
v 2344 136 68
v 2345 202 89
v 2346 248 123
v 2347 236 122
v 2348 195 104
v 2349 139 62
v 2350 164 80
v 2351 211 119
v 2352 575 259
v 2353 718 337
v 2354 190 91
v 2355 147 67
v 2356 117 52
v 2357 348 190
v 2358 549 252
v 2359 413 195
v 2360 129 62
v 2361 93 38
v 2362 99 45
v 2363 146 72
v 2364 431 197
v 2365 61 28
v 2366 536 231
v 2367 121 70
v 2368 201 113
v 2369 38 15
v 2370 16 9
v 2371 272 123
v 2372 247 130
v 2373 322 150
v 2374 240 109
v 2375 719 336
v 2376 134 65
v 2377 54 26
v 2378 749 357
v 2379 247 140
v 2380 626 293
v 2381 70 30
v 2382 168 82
v 2383 85 40
v 2384 97 49
v 2385 74 33
v 2386 88 45
v 2387 91 45
v 2388 365 167
v 2389 489 243
v 2390 1097 542
v 2391 485 242
v 2392 526 235
v 2393 48 18
v 2394 204 87
v 2395 207 94
v 2396 82 30
v 2397 684 346
v 2398 52 23
v 2399 42 19
v 2400 181 93
v 2401 424 213
v 2402 220 113
v 2403 69 42
v 2404 338 178
v 2405 374 194
v 2406 83 40
v 2407 52 17
v 2408 510 234
v 2409 521 235
v 2410 510 219
v 2411 317 146
v 2412 200 109
v 2413 413 203
v 2414 318 149
v 2415 262 130
v 2416 502 234
v 2417 166 82
v 2418 168 91
v 2423 488 236
v 2424 236 136
v 2425 342 156
v 2427 588 298
v 2430 266 131
v 2432 468 262
v 2433 171 85
v 2435 334 177
v 2439 455 226
v 2440 259 136
v 2441 184 83
v 2442 93 42
v 2449 174 93
v 2459 134 71
v 2571 82 48
v 2572 108 44
v 2573 44 22
v 2574 340 169
v 2575 59 33
v 2576 14 5
v 2577 58 27
v 2578 128 64
v 2579 94 47
v 2580 88 51
v 2581 229 113
v 2582 102 65
v 2583 62 39
v 2585 129 62
v 2586 155 69
v 2587 100 44
v 2588 54 27
v 2589 169 99
v 2590 148 75
v 2591 145 73
v 2592 37 19
v 2593 60 25
v 2594 66 33
v 2595 98 51
v 2596 154 81
v 2597 45 25
v 2598 26 12
v 2599 91 43
v 2600 35 13
v 2601 41 21
v 2602 63 27
v 2603 63 36
v 2604 71 31
v 2605 42 23
v 2606 50 32
v 2607 72 39
v 2608 223 110
v 2609 210 95
v 2610 62 36
v 2611 53 30
v 2612 31 16
v 2613 102 51
v 2614 201 109
v 2615 112 53
v 2616 36 20
v 2617 30 17
v 2618 33 18
v 2619 43 24
v 2620 117 42
v 2621 23 11
v 2622 149 65
v 2623 45 16
v 2624 75 38
v 2625 11 7
v 2626 4 2
v 2627 66 28
v 2628 50 28
v 2629 71 35
v 2630 87 35
v 2631 289 123
v 2632 55 24
v 2633 26 15
v 2634 238 107
v 2635 73 43
v 2636 169 70
v 2637 26 13
v 2638 49 14
v 2639 29 10
v 2640 31 13
v 2641 23 10
v 2642 24 9
v 2643 27 15
v 2644 90 48
v 2645 177 103
v 2646 310 137
v 2647 125 49
v 2648 85 37
v 2649 10 4
v 2650 52 19
v 2651 65 33
v 2652 31 15
v 2653 203 94
v 2654 11 5
v 2655 15 5
v 2656 41 20
v 2657 130 66
v 2658 65 37
v 2659 25 18
v 2660 105 58
v 2661 70 34
v 2662 32 15
v 2663 11 4
v 2664 111 55
v 2665 135 58
v 2666 134 65
v 2667 80 39
v 2668 46 17
v 2669 116 64
v 2670 80 35
v 2671 93 51
v 2672 160 81
v 2673 51 24
v 2674 59 35
v 2679 114 50
v 2680 74 49
v 2681 62 25
v 2683 142 83
v 2686 81 31
v 2688 142 81
v 2689 73 36
v 2691 100 50
v 2695 158 73
v 2696 92 46
v 2697 60 35
v 2698 31 13
v 2705 49 28
v 2715 43 21
v 2828 200 77
v 2829 61 17
v 2830 462 202
v 2831 79 26
v 2832 30 13
v 2833 99 43
v 2834 191 68
v 2835 125 58
v 2836 83 32
v 2837 326 131
v 2838 160 68
v 2839 74 27
v 2841 228 101
v 2842 335 132
v 2843 196 82
v 2844 72 30
v 2845 269 110
v 2846 172 71
v 2847 200 70
v 2848 59 31
v 2849 80 29
v 2850 94 44
v 2851 157 67
v 2852 255 104
v 2853 65 26
v 2854 28 15
v 2855 139 60
v 2856 46 19
v 2857 80 34
v 2858 90 35
v 2859 102 43
v 2860 96 40
v 2861 65 21
v 2862 73 29
v 2863 84 33
v 2864 265 95
v 2865 285 108
v 2866 72 22
v 2867 57 14
v 2868 46 22
v 2869 143 65
v 2870 245 93
v 2871 135 48
v 2872 53 14
v 2873 37 16
v 2874 46 17
v 2875 77 39
v 2876 161 60
v 2877 28 12
v 2878 203 70
v 2879 57 28
v 2880 88 40
v 2881 20 4
v 2882 7 4
v 2883 103 38
v 2884 115 34
v 2885 115 38
v 2886 117 49
v 2887 244 85
v 2888 58 25
v 2889 24 10
v 2890 365 136
v 2891 106 45
v 2892 243 94
v 2893 26 13
v 2894 57 23
v 2895 39 16
v 2896 36 16
v 2897 36 17
v 2898 18 5
v 2899 25 14
v 2900 143 53
v 2901 250 95
v 2902 425 169
v 2903 211 84
v 2904 181 49
v 2905 11 1
v 2906 100 36
v 2907 95 35
v 2908 32 11
v 2909 261 103
v 2910 18 9
v 2911 24 10
v 2912 67 25
v 2913 193 71
v 2914 101 44
v 2915 30 11
v 2916 144 56
v 2917 152 64
v 2918 25 13
v 2919 21 9
v 2920 201 88
v 2921 187 72
v 2922 208 99
v 2923 110 41
v 2924 79 38
v 2925 198 85
v 2926 148 54
v 2927 112 40
v 2928 167 62
v 2929 71 26
v 2930 86 36
v 2935 147 53
v 2936 118 53
v 2937 165 70
v 2939 190 66
v 2942 98 31
v 2944 211 91
v 2945 97 38
v 2947 108 48
v 2951 199 76
v 2952 115 42
v 2953 61 23
v 2954 43 16
v 2961 80 34
v 2971 44 25
v 3085 126 67
v 3086 816 384
v 3087 128 71
v 3088 85 40
v 3089 195 100
v 3090 876 411
v 3091 246 127
v 3092 217 127
v 3093 545 312
v 3094 304 174
v 3095 108 65
v 3097 353 197
v 3098 570 289
v 3099 426 233
v 3100 163 98
v 3101 383 180
v 3102 320 157
v 3103 343 176
v 3104 75 38
v 3105 186 102
v 3106 151 87
v 3107 204 120
v 3108 444 217
v 3109 99 56
v 3110 68 33
v 3111 243 139
v 3112 119 73
v 3113 152 75
v 3114 197 104
v 3115 151 87
v 3116 168 89
v 3117 100 41
v 3118 128 71
v 3119 137 80
v 3120 605 296
v 3121 611 290
v 3122 155 74
v 3123 139 77
v 3124 211 105
v 3125 252 150
v 3126 391 200
v 3127 249 112
v 3128 100 51
v 3129 89 43
v 3130 75 43
v 3131 113 62
v 3132 349 197
v 3133 49 25
v 3134 410 187
v 3135 130 71
v 3136 125 72
v 3137 35 15
v 3138 13 6
v 3139 180 103
v 3140 220 133
v 3141 267 134
v 3142 162 91
v 3143 504 240
v 3144 118 63
v 3145 54 33
v 3146 602 329
v 3147 220 130
v 3148 416 216
v 3149 73 40
v 3150 154 76
v 3151 75 42
v 3152 75 30
v 3153 68 39
v 3154 43 20
v 3155 87 47
v 3156 291 171
v 3157 458 240
v 3158 815 413
v 3159 324 162
v 3160 366 160
v 3161 24 12
v 3162 169 71
v 3163 166 75
v 3164 84 38
v 3165 428 216
v 3166 86 41
v 3167 48 30
v 3168 130 59
v 3169 375 198
v 3170 187 95
v 3171 50 35
v 3172 298 149
v 3173 272 136
v 3174 65 34
v 3175 44 20
v 3176 353 161
v 3177 432 226
v 3178 407 199
v 3179 219 112
v 3180 124 56
v 3181 320 204
v 3182 206 103
v 3183 238 120
v 3184 374 189
v 3185 131 69
v 3186 147 82
v 3191 342 175
v 3192 204 115
v 3193 264 136
v 3195 441 243
v 3198 159 84
v 3200 347 169
v 3201 163 100
v 3203 265 144
v 3207 423 215
v 3208 219 107
v 3209 151 78
v 3210 64 38
v 3217 148 77
v 3227 96 55
v 3342 289 141
v 3343 61 32
v 3344 16 9
v 3345 83 48
v 3346 156 75
v 3347 82 45
v 3348 89 42
v 3349 204 106
v 3350 86 34
v 3351 32 23
v 3353 157 87
v 3354 141 63
v 3355 91 44
v 3356 42 17
v 3357 140 69
v 3358 129 62
v 3359 122 55
v 3360 25 12
v 3361 70 31
v 3362 63 37
v 3363 67 40
v 3364 131 62
v 3365 39 18
v 3366 24 14
v 3367 135 75
v 3368 43 25
v 3369 66 33
v 3370 66 30
v 3371 48 27
v 3372 47 29
v 3373 30 11
v 3374 34 17
v 3375 46 18
v 3376 125 56
v 3377 137 61
v 3378 56 23
v 3379 37 19
v 3380 36 19
v 3381 107 48
v 3382 142 75
v 3383 126 54
v 3384 29 17
v 3385 28 14
v 3386 37 20
v 3387 50 27
v 3388 61 24
v 3389 16 6
v 3390 109 50
v 3391 43 20
v 3392 49 26
v 3393 14 9
v 3394 3 3
v 3395 70 33
v 3396 65 33
v 3397 104 51
v 3398 79 36
v 3399 220 108
v 3400 44 31
v 3401 11 6
v 3402 307 158
v 3403 55 26
v 3404 145 63
v 3405 22 13
v 3406 63 41
v 3407 23 13
v 3408 30 16
v 3409 18 7
v 3410 15 4
v 3411 28 16
v 3412 63 34
v 3413 133 65
v 3414 262 126
v 3415 129 55
v 3416 99 45
v 3417 3 0
v 3418 52 25
v 3419 58 29
v 3420 25 13
v 3421 185 74
v 3422 10 4
v 3423 23 12
v 3424 42 24
v 3425 122 67
v 3426 89 53
v 3427 15 11
v 3428 103 54
v 3429 77 39
v 3430 23 11
v 3431 17 8
v 3432 93 44
v 3433 151 69
v 3434 135 70
v 3435 62 32
v 3436 49 23
v 3437 101 59
v 3438 83 45
v 3439 90 37
v 3440 153 68
v 3441 40 19
v 3442 55 24
v 3447 117 60
v 3448 77 41
v 3449 68 30
v 3451 143 77
v 3454 104 50
v 3456 139 69
v 3457 57 29
v 3459 87 48
v 3463 150 77
v 3464 81 44
v 3465 43 21
v 3466 24 12
v 3473 48 20
v 3483 38 12
v 3599 351 177
v 3600 136 80
v 3601 490 277
v 3602 1007 480
v 3603 562 300
v 3604 449 231
v 3605 1401 696
v 3606 723 386
v 3607 264 139
v 3609 938 485
v 3610 1438 749
v 3611 896 450
v 3612 374 194
v 3613 1210 631
v 3614 825 426
v 3615 942 458
v 3616 200 110
v 3617 430 193
v 3618 394 204
v 3619 441 232
v 3620 1029 560
v 3621 270 136
v 3622 146 66
v 3623 638 346
v 3624 228 119
v 3625 322 173
v 3626 425 201
v 3627 444 222
v 3628 329 182
v 3629 243 124
v 3630 259 132
v 3631 338 166
v 3632 1131 547
v 3633 1363 649
v 3634 410 174
v 3635 281 155
v 3636 251 112
v 3637 598 332
v 3638 1253 582
v 3639 730 352
v 3640 252 122
v 3641 165 81
v 3642 202 117
v 3643 278 147
v 3644 704 318
v 3645 133 72
v 3646 1041 452
v 3647 288 156
v 3648 367 194
v 3649 90 46
v 3650 53 31
v 3651 412 205
v 3652 477 247
v 3653 614 314
v 3654 697 321
v 3655 1234 624
v 3656 239 120
v 3657 121 65
v 3658 1672 829
v 3659 433 214
v 3660 1130 545
v 3661 151 71
v 3662 315 152
v 3663 141 86
v 3664 229 120
v 3665 161 72
v 3666 140 58
v 3667 138 68
v 3668 641 345
v 3669 1097 541
v 3670 2064 1008
v 3671 931 452
v 3672 884 436
v 3673 59 25
v 3674 441 222
v 3675 448 203
v 3676 187 68
v 3677 1310 672
v 3678 89 46
v 3679 124 73
v 3680 336 165
v 3681 838 394
v 3682 707 374
v 3683 164 87
v 3684 607 314
v 3685 713 354
v 3686 167 76
v 3687 94 36
v 3688 806 421
v 3689 1094 538
v 3690 829 435
v 3691 567 279
v 3692 331 196
v 3693 787 417
v 3694 611 315
v 3695 529 264
v 3696 993 486
v 3697 294 130
v 3698 417 214
v 3703 809 403
v 3704 499 262
v 3705 700 331
v 3707 1066 542
v 3710 454 225
v 3712 814 432
v 3713 327 175
v 3715 647 331
v 3719 1026 470
v 3720 553 262
v 3721 371 190
v 3722 144 88
v 3729 372 196
v 3739 217 109
v 3856 22 11
v 3857 110 57
v 3858 156 78
v 3859 112 68
v 3860 70 36
v 3861 254 147
v 3862 157 84
v 3863 41 25
v 3865 160 82
v 3866 251 144
v 3867 157 77
v 3868 69 36
v 3869 212 123
v 3870 138 68
v 3871 172 87
v 3872 51 23
v 3873 59 22
v 3874 56 24
v 3875 114 54
v 3876 178 89
v 3877 38 20
v 3878 30 12
v 3879 153 80
v 3880 39 17
v 3881 89 36
v 3882 101 49
v 3883 80 44
v 3884 54 29
v 3885 36 19
v 3886 47 28
v 3887 71 41
v 3888 162 84
v 3889 207 105
v 3890 39 13
v 3891 49 25
v 3892 47 23
v 3893 126 65
v 3894 226 107
v 3895 115 56
v 3896 47 29
v 3897 26 13
v 3898 32 14
v 3899 49 23
v 3900 147 76
v 3901 14 7
v 3902 155 70
v 3903 52 28
v 3904 69 34
v 3905 13 7
v 3906 4 2
v 3907 87 43
v 3908 74 36
v 3909 105 58
v 3910 80 45
v 3911 207 90
v 3912 54 27
v 3913 20 14
v 3914 250 131
v 3915 89 55
v 3916 200 97
v 3917 21 9
v 3918 52 22
v 3919 25 14
v 3920 33 16
v 3921 25 12
v 3922 18 9
v 3923 27 11
v 3924 123 63
v 3925 163 95
v 3926 341 173
v 3927 142 67
v 3928 165 71
v 3929 10 3
v 3930 48 17
v 3931 40 13
v 3932 26 13
v 3933 194 105
v 3934 10 7
v 3935 15 11
v 3936 51 28
v 3937 126 65
v 3938 55 32
v 3939 27 14
v 3940 88 43
v 3941 119 73
v 3942 29 19
v 3943 23 8
v 3944 160 81
v 3945 126 58
v 3946 145 71
v 3947 57 26
v 3948 51 18
v 3949 102 56
v 3950 85 37
v 3951 70 35
v 3952 119 60
v 3953 47 22
v 3954 66 37
v 3959 131 57
v 3960 80 46
v 3961 101 50
v 3963 170 100
v 3966 79 44
v 3968 147 74
v 3969 58 35
v 3971 101 48
v 3975 169 79
v 3976 103 58
v 3977 59 30
v 3978 30 17
v 3985 57 28
v 3995 25 10
v 4113 35 17
v 4114 74 34
v 4115 47 31
v 4116 45 25
v 4117 110 60
v 4118 61 36
v 4119 23 16
v 4121 89 41
v 4122 135 68
v 4123 72 27
v 4124 25 13
v 4125 85 43
v 4126 70 35
v 4127 54 28
v 4128 22 12
v 4129 26 13
v 4130 24 11
v 4131 34 21
v 4132 85 34
v 4133 16 9
v 4134 15 8
v 4135 45 23
v 4136 19 9
v 4137 35 17
v 4138 36 21
v 4139 30 11
v 4140 28 16
v 4141 22 11
v 4142 27 12
v 4143 23 11
v 4144 82 41
v 4145 100 42
v 4146 29 10
v 4147 24 13
v 4148 14 8
v 4149 50 18
v 4150 96 34
v 4151 49 28
v 4152 23 10
v 4153 12 7
v 4154 18 7
v 4155 20 11
v 4156 53 23
v 4157 7 5
v 4158 46 17
v 4159 17 11
v 4160 38 15
v 4161 1 0
v 4162 5 2
v 4163 34 16
v 4164 40 20
v 4165 51 24
v 4166 43 20
v 4167 105 57
v 4168 20 11
v 4169 14 6
v 4170 132 70
v 4171 26 13
v 4172 95 43
v 4173 12 7
v 4174 22 12
v 4175 21 7
v 4176 8 3
v 4177 17 7
v 4178 8 3
v 4179 17 5
v 4180 60 35
v 4181 79 32
v 4182 146 66
v 4183 65 30
v 4184 66 33
v 4185 6 4
v 4186 14 8
v 4187 20 12
v 4188 7 2
v 4189 92 43
v 4190 6 2
v 4191 3 2
v 4192 20 8
v 4193 60 32
v 4194 25 6
v 4195 16 10
v 4196 45 26
v 4197 54 26
v 4198 10 4
v 4199 5 1
v 4200 74 34
v 4201 72 31
v 4202 76 34
v 4203 41 13
v 4204 28 15
v 4205 53 32
v 4206 28 15
v 4207 37 13
v 4208 70 41
v 4209 19 6
v 4210 20 11
v 4215 55 28
v 4216 42 24
v 4217 51 19
v 4219 72 40
v 4222 37 18
v 4224 56 26
v 4225 41 23
v 4227 48 20
v 4231 86 34
v 4232 36 19
v 4233 21 10
v 4234 10 6
v 4241 24 16
v 4251 15 6
v 4370 202 85
v 4371 132 60
v 4372 132 69
v 4373 303 145
v 4374 192 97
v 4375 61 32
v 4377 209 102
v 4378 242 124
v 4379 143 61
v 4380 85 46
v 4381 252 129
v 4382 189 99
v 4383 203 96
v 4384 38 18
v 4385 76 39
v 4386 119 59
v 4387 135 70
v 4388 240 113
v 4389 54 29
v 4390 28 13
v 4391 165 101
v 4392 77 50
v 4393 97 48
v 4394 95 42
v 4395 98 52
v 4396 83 46
v 4397 45 20
v 4398 75 35
v 4399 76 36
v 4400 274 132
v 4401 296 107
v 4402 86 39
v 4403 73 46
v 4404 54 22
v 4405 188 113
v 4406 244 109
v 4407 181 83
v 4408 66 32
v 4409 47 16
v 4410 43 18
v 4411 63 34
v 4412 130 52
v 4413 18 7
v 4414 245 118
v 4415 44 25
v 4416 86 41
v 4417 17 5
v 4418 8 5
v 4419 111 47
v 4420 129 53
v 4421 135 72
v 4422 107 46
v 4423 280 134
v 4424 55 32
v 4425 24 10
v 4426 353 164
v 4427 78 31
v 4428 227 108
v 4429 25 9
v 4430 69 33
v 4431 47 22
v 4432 50 24
v 4433 24 9
v 4434 24 11
v 4435 35 16
v 4436 133 71
v 4437 276 136
v 4438 464 221
v 4439 134 69
v 4440 128 58
v 4441 10 9
v 4442 116 52
v 4443 78 29
v 4444 30 15
v 4445 251 117
v 4446 14 8
v 4447 20 13
v 4448 83 47
v 4449 185 93
v 4450 109 62
v 4451 28 15
v 4452 141 65
v 4453 115 58
v 4454 33 16
v 4455 24 14
v 4456 196 86
v 4457 217 103
v 4458 210 99
v 4459 120 55
v 4460 62 33
v 4461 156 84
v 4462 138 70
v 4463 108 51
v 4464 222 105
v 4465 49 17
v 4466 76 41
v 4471 160 88
v 4472 115 64
v 4473 120 55
v 4475 226 121
v 4478 102 53
v 4480 185 88
v 4481 81 37
v 4483 123 57
v 4487 242 115
v 4488 124 57
v 4489 88 48
v 4490 34 15
v 4497 86 50
v 4507 57 31
v 4627 291 161
v 4628 192 96
v 4629 645 328
v 4630 340 183
v 4631 120 63
v 4633 504 282
v 4634 716 373
v 4635 377 188
v 4636 153 72
v 4637 458 248
v 4638 384 198
v 4639 411 215
v 4640 129 61
v 4641 213 104
v 4642 173 83
v 4643 269 147
v 4644 446 212
v 4645 119 67
v 4646 84 53
v 4647 264 141
v 4648 102 56
v 4649 161 75
v 4650 219 104
v 4651 202 108
v 4652 136 82
v 4653 118 55
v 4654 159 75
v 4655 178 95
v 4656 596 320
v 4657 620 302
v 4658 183 82
v 4659 142 80
v 4660 87 36
v 4661 305 166
v 4662 558 252
v 4663 452 230
v 4664 125 56
v 4665 56 31
v 4666 80 41
v 4667 131 68
v 4668 400 192
v 4669 63 41
v 4670 441 199
v 4671 111 60
v 4672 154 74
v 4673 31 18
v 4674 15 8
v 4675 185 97
v 4676 253 133
v 4677 286 148
v 4678 250 133
v 4679 594 275
v 4680 111 68
v 4681 42 25
v 4682 658 327
v 4683 219 119
v 4684 586 266
v 4685 84 40
v 4686 211 115
v 4687 84 49
v 4688 114 57
v 4689 81 37
v 4690 70 35
v 4691 64 31
v 4692 267 131
v 4693 433 240
v 4694 962 496
v 4695 466 239
v 4696 484 245
v 4697 36 17
v 4698 173 94
v 4699 207 97
v 4700 76 33
v 4701 606 298
v 4702 38 18
v 4703 67 41
v 4704 144 87
v 4705 372 189
v 4706 222 112
v 4707 64 33
v 4708 275 146
v 4709 352 198
v 4710 75 42
v 4711 48 19
v 4712 408 221
v 4713 384 184
v 4714 447 231
v 4715 278 144
v 4716 158 92
v 4717 354 183
v 4718 190 91
v 4719 220 121
v 4720 326 155
v 4721 115 60
v 4722 154 74
v 4727 324 180
v 4728 241 120
v 4729 327 162
v 4731 530 271
v 4734 241 150
v 4736 445 233
v 4737 178 109
v 4739 320 177
v 4743 443 220
v 4744 277 158
v 4745 173 90
v 4746 80 46
v 4753 179 95
v 4763 111 60
v 4884 149 64
v 4885 472 223
v 4886 256 115
v 4887 72 35
v 4889 300 167
v 4890 502 248
v 4891 263 119
v 4892 106 53
v 4893 332 151
v 4894 243 97
v 4895 225 105
v 4896 67 27
v 4897 151 56
v 4898 128 48
v 4899 166 76
v 4900 332 142
v 4901 74 36
v 4902 53 24
v 4903 172 93
v 4904 51 18
v 4905 122 54
v 4906 126 57
v 4907 125 50
v 4908 123 56
v 4909 98 45
v 4910 95 44
v 4911 95 49
v 4912 375 142
v 4913 378 169
v 4914 94 31
v 4915 76 40
v 4916 56 18
v 4917 187 70
v 4918 384 154
v 4919 212 94
v 4920 69 29
v 4921 41 24
v 4922 57 29
v 4923 93 49
v 4924 224 95
v 4925 43 26
v 4926 261 86
v 4927 68 40
v 4928 105 53
v 4929 28 15
v 4930 9 2
v 4931 150 66
v 4932 157 59
v 4933 186 93
v 4934 168 84
v 4935 428 215
v 4936 98 43
v 4937 40 24
v 4938 490 217
v 4939 144 64
v 4940 362 154
v 4941 41 19
v 4942 84 36
v 4943 63 31
v 4944 48 22
v 4945 48 19
v 4946 30 12
v 4947 35 22
v 4948 171 88
v 4949 248 118
v 4950 587 265
v 4951 243 103
v 4952 302 126
v 4953 17 10
v 4954 110 56
v 4955 118 56
v 4956 47 20
v 4957 342 163
v 4958 30 13
v 4959 25 11
v 4960 97 43
v 4961 228 114
v 4962 174 91
v 4963 53 32
v 4964 195 101
v 4965 210 109
v 4966 44 25
v 4967 29 9
v 4968 291 133
v 4969 276 123
v 4970 286 131
v 4971 140 57
v 4972 105 57
v 4973 231 125
v 4974 160 75
v 4975 126 48
v 4976 242 93
v 4977 90 32
v 4978 110 50
v 4983 204 105
v 4984 156 74
v 4985 176 69
v 4987 318 152
v 4990 146 69
v 4992 316 153
v 4993 115 53
v 4995 166 79
v 4999 270 122
v 5000 154 80
v 5001 88 35
v 5002 62 23
v 5009 105 49
v 5019 62 23
v 5141 300 160
v 5142 181 110
v 5143 62 31
v 5145 203 105
v 5146 342 192
v 5147 177 79
v 5148 74 49
v 5149 230 108
v 5150 169 87
v 5151 180 81
v 5152 57 24
v 5153 102 40
v 5154 81 43
v 5155 111 57
v 5156 227 108
v 5157 54 25
v 5158 39 21
v 5159 115 64
v 5160 51 31
v 5161 90 52
v 5162 105 40
v 5163 98 52
v 5164 87 45
v 5165 53 28
v 5166 65 34
v 5167 79 34
v 5168 246 115
v 5169 258 121
v 5170 83 36
v 5171 66 30
v 5172 31 14
v 5173 116 76
v 5174 227 102
v 5175 156 64
v 5176 46 26
v 5177 42 17
v 5178 21 14
v 5179 56 31
v 5180 154 74
v 5181 32 13
v 5182 184 96
v 5183 56 30
v 5184 87 46
v 5185 19 14
v 5186 8 5
v 5187 128 61
v 5188 141 73
v 5189 149 72
v 5190 99 37
v 5191 277 140
v 5192 54 22
v 5193 31 22
v 5194 312 155
v 5195 100 53
v 5196 243 118
v 5197 26 16
v 5198 59 22
v 5199 36 21
v 5200 40 27
v 5201 39 17
v 5202 29 15
v 5203 38 17
v 5204 134 64
v 5205 200 113
v 5206 438 195
v 5207 249 118
v 5208 209 85
v 5209 13 4
v 5210 76 33
v 5211 64 33
v 5212 35 16
v 5213 273 125
v 5214 19 9
v 5215 31 16
v 5216 71 38
v 5217 189 97
v 5218 84 46
v 5219 25 14
v 5220 121 61
v 5221 155 65
v 5222 31 15
v 5223 11 6
v 5224 194 98
v 5225 192 80
v 5226 197 90
v 5227 114 52
v 5228 77 40
v 5229 171 85
v 5230 119 58
v 5231 105 45
v 5232 191 81
v 5233 70 27
v 5234 67 37
v 5239 145 73
v 5240 101 59
v 5241 143 71
v 5243 212 110
v 5246 106 47
v 5248 205 117
v 5249 84 31
v 5251 118 62
v 5255 211 102
v 5256 103 50
v 5257 65 29
v 5258 33 14
v 5265 71 37
v 5275 38 22
v 5398 502 244
v 5399 202 115
v 5401 650 340
v 5402 998 497
v 5403 611 298
v 5404 220 120
v 5405 748 367
v 5406 570 286
v 5407 589 285
v 5408 163 78
v 5409 280 118
v 5410 259 130
v 5411 381 213
v 5412 753 390
v 5413 168 95
v 5414 90 45
v 5415 474 252
v 5416 167 82
v 5417 326 148
v 5418 306 145
v 5419 309 155
v 5420 250 116
v 5421 166 74
v 5422 258 132
v 5423 277 157
v 5424 790 376
v 5425 907 416
v 5426 206 87
v 5427 181 99
v 5428 165 77
v 5429 474 262
v 5430 673 337
v 5431 479 223
v 5432 172 91
v 5433 95 48
v 5434 153 83
v 5435 192 108
v 5436 524 261
v 5437 81 41
v 5438 660 295
v 5439 189 97
v 5440 237 137
v 5441 51 21
v 5442 16 8
v 5443 338 160
v 5444 328 175
v 5445 375 198
v 5446 282 145
v 5447 865 410
v 5448 183 103
v 5449 89 48
v 5450 977 451
v 5451 313 159
v 5452 767 350
v 5453 84 36
v 5454 234 98
v 5455 85 39
v 5456 151 70
v 5457 84 44
v 5458 73 32
v 5459 111 59
v 5460 407 197
v 5461 647 360
v 5462 1348 651
v 5463 605 305
v 5464 632 287
v 5465 31 22
v 5466 248 119
v 5467 243 109
v 5468 106 49
v 5469 753 369
v 5470 45 25
v 5471 80 40
v 5472 284 149
v 5473 537 266
v 5474 272 153
v 5475 85 38
v 5476 419 205
v 5477 460 234
v 5478 105 49
v 5479 50 21
v 5480 577 282
v 5481 620 269
v 5482 567 287
v 5483 350 164
v 5484 232 121
v 5485 455 230
v 5486 370 166
v 5487 311 140
v 5488 571 292
v 5489 198 97
v 5490 214 123
v 5495 498 257
v 5496 332 178
v 5497 431 213
v 5499 672 343
v 5502 324 176
v 5504 625 315
v 5505 254 121
v 5507 402 218
v 5511 628 321
v 5512 372 191
v 5513 255 114
v 5514 135 61
v 5521 223 124
v 5531 150 81
v 5655 120 68
v 5657 351 177
v 5658 553 275
v 5659 345 158
v 5660 127 64
v 5661 339 169
v 5662 281 138
v 5663 342 160
v 5664 104 55
v 5665 126 42
v 5666 115 58
v 5667 236 133
v 5668 312 149
v 5669 88 40
v 5670 50 23
v 5671 237 124
v 5672 109 57
v 5673 159 75
v 5674 177 83
v 5675 139 64
v 5676 134 64
v 5677 104 51
v 5678 123 58
v 5679 137 74
v 5680 375 195
v 5681 456 210
v 5682 123 51
v 5683 94 43
v 5684 87 40
v 5685 237 122
v 5686 402 176
v 5687 237 110
v 5688 104 54
v 5689 60 32
v 5690 71 31
v 5691 95 48
v 5692 285 140
v 5693 45 22
v 5694 347 133
v 5695 96 56
v 5696 130 71
v 5697 23 7
v 5698 12 3
v 5699 238 106
v 5700 181 99
v 5701 225 111
v 5702 181 87
v 5703 442 211
v 5704 83 43
v 5705 42 21
v 5706 578 282
v 5707 183 95
v 5708 434 190
v 5709 63 38
v 5710 103 47
v 5711 55 27
v 5712 94 37
v 5713 59 33
v 5714 47 18
v 5715 50 31
v 5716 228 123
v 5717 352 176
v 5718 758 379
v 5719 303 140
v 5720 352 155
v 5721 20 9
v 5722 119 55
v 5723 122 58
v 5724 53 23
v 5725 387 172
v 5726 31 15
v 5727 43 22
v 5728 125 63
v 5729 295 148
v 5730 128 70
v 5731 61 33
v 5732 211 105
v 5733 245 117
v 5734 59 24
v 5735 32 17
v 5736 346 159
v 5737 364 172
v 5738 308 139
v 5739 186 79
v 5740 144 78
v 5741 224 121
v 5742 169 87
v 5743 190 95
v 5744 302 134
v 5745 83 36
v 5746 94 60
v 5751 251 124
v 5752 170 87
v 5753 192 91
v 5755 353 186
v 5758 173 93
v 5760 306 150
v 5761 143 71
v 5763 204 104
v 5767 328 138
v 5768 198 101
v 5769 118 58
v 5770 50 23
v 5777 136 76
v 5787 59 20
v 5913 140 77
v 5914 224 108
v 5915 118 65
v 5916 60 36
v 5917 155 77
v 5918 97 51
v 5919 123 57
v 5920 36 17
v 5921 70 35
v 5922 47 23
v 5923 80 36
v 5924 139 73
v 5925 34 16
v 5926 16 6
v 5927 87 43
v 5928 32 15
v 5929 48 23
v 5930 67 30
v 5931 51 18
v 5932 60 33
v 5933 34 15
v 5934 48 31
v 5935 53 32
v 5936 162 85
v 5937 180 84
v 5938 49 20
v 5939 43 19
v 5940 30 14
v 5941 88 47
v 5942 191 88
v 5943 92 43
v 5944 33 10
v 5945 19 4
v 5946 21 12
v 5947 38 18
v 5948 101 45
v 5949 14 6
v 5950 127 45
v 5951 29 13
v 5952 52 29
v 5953 11 8
v 5954 6 3
v 5955 65 38
v 5956 62 24
v 5957 81 37
v 5958 78 37
v 5959 168 65
v 5960 32 12
v 5961 13 5
v 5962 233 107
v 5963 60 33
v 5964 134 54
v 5965 14 5
v 5966 38 12
v 5967 22 12
v 5968 24 15
v 5969 23 11
v 5970 14 7
v 5971 26 16
v 5972 83 44
v 5973 123 71
v 5974 275 131
v 5975 160 78
v 5976 141 62
v 5977 10 2
v 5978 43 17
v 5979 62 31
v 5980 26 16
v 5981 154 76
v 5982 8 5
v 5983 10 5
v 5984 37 23
v 5985 131 57
v 5986 59 36
v 5987 17 8
v 5988 79 41
v 5989 75 34
v 5990 34 16
v 5991 9 3
v 5992 143 66
v 5993 148 73
v 5994 112 58
v 5995 70 33
v 5996 54 23
v 5997 93 41
v 5998 71 34
v 5999 64 30
v 6000 112 56
v 6001 35 18
v 6002 56 24
v 6007 92 38
v 6008 72 39
v 6009 76 41
v 6011 122 64
v 6014 73 38
v 6016 134 64
v 6017 57 30
v 6019 89 37
v 6023 138 63
v 6024 70 33
v 6025 42 26
v 6026 19 12
v 6033 57 30
v 6043 28 14
v 6426 663 319
v 6427 439 205
v 6428 156 76
v 6429 484 229
v 6430 353 158
v 6431 358 158
v 6432 106 49
v 6433 152 59
v 6434 183 76
v 6435 328 158
v 6436 529 246
v 6437 100 42
v 6438 53 18
v 6439 268 145
v 6440 100 40
v 6441 159 69
v 6442 191 90
v 6443 218 107
v 6444 173 78
v 6445 122 58
v 6446 168 80
v 6447 217 104
v 6448 549 272
v 6449 669 291
v 6450 155 58
v 6451 101 47
v 6452 105 44
v 6453 275 122
v 6454 480 209
v 6455 299 137
v 6456 91 39
v 6457 64 33
v 6458 101 48
v 6459 139 66
v 6460 333 161
v 6461 41 21
v 6462 402 162
v 6463 116 50
v 6464 174 85
v 6465 40 19
v 6466 14 9
v 6467 237 105
v 6468 230 119
v 6469 264 137
v 6470 241 106
v 6471 457 194
v 6472 118 56
v 6473 59 28
v 6474 792 326
v 6475 215 104
v 6476 655 273
v 6477 64 30
v 6478 136 59
v 6479 74 33
v 6480 115 49
v 6481 70 30
v 6482 45 20
v 6483 72 33
v 6484 285 136
v 6485 524 273
v 6486 924 409
v 6487 415 196
v 6488 384 160
v 6489 23 10
v 6490 180 67
v 6491 167 72
v 6492 76 25
v 6493 481 213
v 6494 40 25
v 6495 52 23
v 6496 145 61
v 6497 389 174
v 6498 214 94
v 6499 72 36
v 6500 249 112
v 6501 304 174
v 6502 82 42
v 6503 32 13
v 6504 380 174
v 6505 443 207
v 6506 400 190
v 6507 231 97
v 6508 150 79
v 6509 327 162
v 6510 301 136
v 6511 181 81
v 6512 375 147
v 6513 139 59
v 6514 138 68
v 6519 345 153
v 6520 202 97
v 6521 304 136
v 6523 467 205
v 6526 185 81
v 6528 393 191
v 6529 180 89
v 6531 244 104
v 6535 435 198
v 6536 260 124
v 6537 149 66
v 6538 81 32
v 6545 140 71
v 6555 93 41
v 6683 642 326
v 6684 230 116
v 6685 778 391
v 6686 564 288
v 6687 641 302
v 6688 198 86
v 6689 297 132
v 6690 287 128
v 6691 416 216
v 6692 646 332
v 6693 168 86
v 6694 119 52
v 6695 412 224
v 6696 188 101
v 6697 233 120
v 6698 328 147
v 6699 302 145
v 6700 278 127
v 6701 208 102
v 6702 252 123
v 6703 280 144
v 6704 793 355
v 6705 882 393
v 6706 237 92
v 6707 190 98
v 6708 147 70
v 6709 467 247
v 6710 766 378
v 6711 409 192
v 6712 181 74
v 6713 124 51
v 6714 112 51
v 6715 186 95
v 6716 496 231
v 6717 69 37
v 6718 586 243
v 6719 184 95
v 6720 284 147
v 6721 53 17
v 6722 29 13
v 6723 389 178
v 6724 358 181
v 6725 353 165
v 6726 325 157
v 6727 865 397
v 6728 175 97
v 6729 104 56
v 6730 1094 509
v 6731 356 178
v 6732 759 357
v 6733 98 45
v 6734 197 87
v 6735 100 53
v 6736 141 63
v 6737 113 53
v 6738 63 31
v 6739 112 51
v 6740 469 239
v 6741 684 345
v 6742 1550 710
v 6743 643 303
v 6744 678 320
v 6745 35 17
v 6746 245 104
v 6747 254 116
v 6748 96 40
v 6749 739 358
v 6750 53 22
v 6751 75 36
v 6752 244 124
v 6753 593 312
v 6754 246 147
v 6755 107 64
v 6756 501 233
v 6757 466 230
v 6758 102 53
v 6759 46 18
v 6760 639 314
v 6761 676 330
v 6762 579 287
v 6763 348 181
v 6764 244 131
v 6765 443 232
v 6766 417 218
v 6767 332 165
v 6768 581 254
v 6769 225 107
v 6770 282 149
v 6775 502 255
v 6776 376 197
v 6777 402 190
v 6779 690 364
v 6782 344 169
v 6784 645 333
v 6785 316 163
v 6787 380 185
v 6791 684 326
v 6792 345 191
v 6793 221 115
v 6794 112 54
v 6801 201 128
v 6811 128 64
v 6940 124 79
v 6941 484 259
v 6942 334 184
v 6943 388 187
v 6944 103 52
v 6945 166 72
v 6946 137 80
v 6947 238 134
v 6948 434 215
v 6949 105 52
v 6950 73 32
v 6951 235 136
v 6952 94 56
v 6953 128 77
v 6954 212 93
v 6955 170 79
v 6956 152 79
v 6957 109 49
v 6958 100 52
v 6959 157 75
v 6960 455 207
v 6961 507 249
v 6962 142 61
v 6963 110 58
v 6964 96 42
v 6965 281 156
v 6966 450 242
v 6967 293 127
v 6968 85 39
v 6969 75 39
v 6970 64 29
v 6971 121 72
v 6972 268 130
v 6973 54 24
v 6974 353 157
v 6975 86 45
v 6976 152 80
v 6977 25 12
v 6978 21 14
v 6979 256 107
v 6980 224 105
v 6981 225 130
v 6982 203 104
v 6983 520 256
v 6984 116 67
v 6985 54 28
v 6986 679 325
v 6987 251 126
v 6988 429 211
v 6989 58 27
v 6990 122 63
v 6991 62 31
v 6992 89 48
v 6993 66 40
v 6994 59 26
v 6995 63 30
v 6996 259 139
v 6997 414 235
v 6998 881 472
v 6999 364 169
v 7000 366 188
v 7001 29 8
v 7002 152 78
v 7003 135 66
v 7004 61 19
v 7005 497 254
v 7006 42 20
v 7007 26 14
v 7008 125 65
v 7009 347 189
v 7010 136 74
v 7011 53 27
v 7012 274 144
v 7013 262 137
v 7014 88 47
v 7015 34 15
v 7016 335 173
v 7017 386 188
v 7018 338 160
v 7019 216 112
v 7020 136 64
v 7021 311 156
v 7022 201 112
v 7023 190 93
v 7024 339 176
v 7025 119 49
v 7026 143 80
v 7031 306 162
v 7032 228 120
v 7033 239 126
v 7035 365 192
v 7038 196 104
v 7040 388 203
v 7041 153 84
v 7043 246 137
v 7047 461 222
v 7048 224 111
v 7049 152 70
v 7050 59 33
v 7057 121 66
v 7067 94 50
v 7197 171 76
v 7198 134 51
v 7199 135 60
v 7200 71 24
v 7201 60 30
v 7202 60 33
v 7203 90 45
v 7204 157 76
v 7205 39 17
v 7206 22 8
v 7207 93 56
v 7208 36 16
v 7209 55 32
v 7210 59 25
v 7211 61 30
v 7212 66 40
v 7213 40 16
v 7214 37 18
v 7215 58 33
v 7216 193 73
v 7217 235 99
v 7218 44 19
v 7219 45 24
v 7220 38 12
v 7221 130 70
v 7222 180 89
v 7223 120 56
v 7224 42 14
v 7225 24 12
v 7226 18 4
v 7227 52 26
v 7228 118 49
v 7229 12 6
v 7230 243 120
v 7231 46 26
v 7232 55 31
v 7233 10 5
v 7234 6 2
v 7235 68 28
v 7236 93 42
v 7237 93 46
v 7238 69 32
v 7239 189 98
v 7240 41 20
v 7241 15 6
v 7242 255 117
v 7243 90 50
v 7244 183 85
v 7245 13 8
v 7246 54 24
v 7247 22 11
v 7248 51 27
v 7249 26 14
v 7250 20 8
v 7251 20 12
v 7252 88 45
v 7253 156 93
v 7254 340 155
v 7255 156 75
v 7256 215 99
v 7257 5 1
v 7258 63 27
v 7259 62 29
v 7260 29 12
v 7261 200 97
v 7262 14 10
v 7263 23 9
v 7264 54 24
v 7265 129 68
v 7266 65 38
v 7267 25 12
v 7268 111 63
v 7269 123 55
v 7270 22 7
v 7271 10 5
v 7272 187 79
v 7273 113 48
v 7274 131 58
v 7275 87 37
v 7276 63 29
v 7277 123 69
v 7278 71 32
v 7279 82 36
v 7280 108 46
v 7281 46 19
v 7282 49 23
v 7287 96 48
v 7288 79 44
v 7289 103 48
v 7291 151 71
v 7294 79 38
v 7296 143 77
v 7297 56 24
v 7299 91 46
v 7303 158 77
v 7304 75 45
v 7305 46 23
v 7306 26 10
v 7313 52 27
v 7323 37 18
v 7454 348 160
v 7455 432 192
v 7456 111 40
v 7457 202 97
v 7458 162 72
v 7459 277 142
v 7460 577 257
v 7461 116 63
v 7462 65 31
v 7463 312 154
v 7464 128 58
v 7465 148 73
v 7466 215 97
v 7467 243 102
v 7468 180 94
v 7469 140 66
v 7470 145 72
v 7471 244 106
v 7472 553 293
v 7473 683 313
v 7474 167 75
v 7475 117 49
v 7476 123 39
v 7477 290 159
v 7478 594 240
v 7479 383 166
v 7480 126 59
v 7481 81 41
v 7482 87 39
v 7483 184 78
v 7484 434 192
v 7485 57 26
v 7486 428 177
v 7487 121 58
v 7488 180 85
v 7489 37 20
v 7490 15 6
v 7491 259 115
v 7492 232 119
v 7493 298 130
v 7494 341 159
v 7495 645 275
v 7496 110 56
v 7497 64 41
v 7498 767 342
v 7499 271 138
v 7500 665 291
v 7501 78 39
v 7502 196 82
v 7503 80 38
v 7504 106 45
v 7505 77 36
v 7506 65 28
v 7507 88 47
v 7508 332 157
v 7509 507 235
v 7510 929 428
v 7511 451 199
v 7512 502 222
v 7513 20 9
v 7514 189 79
v 7515 173 66
v 7516 80 38
v 7517 783 297
v 7518 27 7
v 7519 43 23
v 7520 168 87
v 7521 478 204
v 7522 288 150
v 7523 78 46
v 7524 307 154
v 7525 373 178
v 7526 93 44
v 7527 36 18
v 7528 507 221
v 7529 494 243
v 7530 381 184
v 7531 243 120
v 7532 166 85
v 7533 329 166
v 7534 257 125
v 7535 287 133
v 7536 415 184
v 7537 136 56
v 7538 169 94
v 7543 404 175
v 7544 238 115
v 7545 296 126
v 7547 502 246
v 7550 205 106
v 7552 460 212
v 7553 186 106
v 7555 301 143
v 7559 552 245
v 7560 251 108
v 7561 214 94
v 7562 81 34
v 7569 178 91
v 7579 113 47
v 7711 326 160
v 7712 85 37
v 7713 203 95
v 7714 150 74
v 7715 204 109
v 7716 423 205
v 7717 97 49
v 7718 62 34
v 7719 220 122
v 7720 93 52
v 7721 157 73
v 7722 171 70
v 7723 180 88
v 7724 133 75
v 7725 98 52
v 7726 130 61
v 7727 136 68
v 7728 383 198
v 7729 464 222
v 7730 146 62
v 7731 120 54
v 7732 87 40
v 7733 212 112
v 7734 397 201
v 7735 277 127
v 7736 98 39
v 7737 63 28
v 7738 80 46
v 7739 97 54
v 7740 284 126
v 7741 43 15
v 7742 349 148
v 7743 84 32
v 7744 130 71
v 7745 22 10
v 7746 11 3
v 7747 150 70
v 7748 189 99
v 7749 229 126
v 7750 212 104
v 7751 449 204
v 7752 87 51
v 7753 46 25
v 7754 561 268
v 7755 183 106
v 7756 441 176
v 7757 62 28
v 7758 125 47
v 7759 46 25
v 7760 72 32
v 7761 44 15
v 7762 32 12
v 7763 77 43
v 7764 239 122
v 7765 410 204
v 7766 775 370
v 7767 307 144
v 7768 353 155
v 7769 17 8
v 7770 153 63
v 7771 137 70
v 7772 67 31
v 7773 444 216
v 7774 46 25
v 7775 52 27
v 7776 116 63
v 7777 335 172
v 7778 108 59
v 7779 49 28
v 7780 243 131
v 7781 246 132
v 7782 59 33
v 7783 29 13
v 7784 354 176
v 7785 344 162
v 7786 321 156
v 7787 190 98
v 7788 110 63
v 7789 278 150
v 7790 197 86
v 7791 190 97
v 7792 340 167
v 7793 116 40
v 7794 130 72
v 7799 253 123
v 7800 164 87
v 7801 244 108
v 7803 391 196
v 7806 178 84
v 7808 314 159
v 7809 121 48
v 7811 264 129
v 7815 317 157
v 7816 205 98
v 7817 138 68
v 7818 64 24
v 7825 118 62
v 7835 79 43
v 7968 94 37
v 7969 189 82
v 7970 150 83
v 7971 223 121
v 7972 405 208
v 7973 112 65
v 7974 55 28
v 7975 242 131
v 7976 95 47
v 7977 155 80
v 7978 195 92
v 7979 168 81
v 7980 126 62
v 7981 113 58
v 7982 120 64
v 7983 158 78
v 7984 487 252
v 7985 534 271
v 7986 149 64
v 7987 113 59
v 7988 90 43
v 7989 248 134
v 7990 444 221
v 7991 307 144
v 7992 122 53
v 7993 67 30
v 7994 93 36
v 7995 141 79
v 7996 311 147
v 7997 41 18
v 7998 389 167
v 7999 94 53
v 8000 139 76
v 8001 35 20
v 8002 10 4
v 8003 176 95
v 8004 210 106
v 8005 224 127
v 8006 195 100
v 8007 529 259
v 8008 84 49
v 8009 48 30
v 8010 617 303
v 8011 212 115
v 8012 499 239
v 8013 76 35
v 8014 136 69
v 8015 68 37
v 8016 93 44
v 8017 47 28
v 8018 44 24
v 8019 75 39
v 8020 266 126
v 8021 436 234
v 8022 827 416
v 8023 351 180
v 8024 409 200
v 8025 18 8
v 8026 150 70
v 8027 143 76
v 8028 66 29
v 8029 510 242
v 8030 39 15
v 8031 56 26
v 8032 151 79
v 8033 357 179
v 8034 150 75
v 8035 50 30
v 8036 275 150
v 8037 293 163
v 8038 83 47
v 8039 26 12
v 8040 360 209
v 8041 400 198
v 8042 358 178
v 8043 221 105
v 8044 137 76
v 8045 255 139
v 8046 231 113
v 8047 224 112
v 8048 381 182
v 8049 120 55
v 8050 129 70
v 8055 318 173
v 8056 210 109
v 8057 214 96
v 8059 435 223
v 8062 197 110
v 8064 362 193
v 8065 128 68
v 8067 244 127
v 8071 375 193
v 8072 189 101
v 8073 137 75
v 8074 69 35
v 8081 132 72
v 8091 77 35
v 8225 32 16
v 8226 44 18
v 8227 75 44
v 8228 122 70
v 8229 31 15
v 8230 13 8
v 8231 66 44
v 8232 29 14
v 8233 52 34
v 8234 66 28
v 8235 51 28
v 8236 41 26
v 8237 23 9
v 8238 29 15
v 8239 41 28
v 8240 126 62
v 8241 133 52
v 8242 38 17
v 8243 22 12
v 8244 23 12
v 8245 73 41
v 8246 120 64
v 8247 73 39
v 8248 29 18
v 8249 17 4
v 8250 23 14
v 8251 31 18
v 8252 83 33
v 8253 14 7
v 8254 73 37
v 8255 21 8
v 8256 33 19
v 8257 10 4
v 8258 4 2
v 8259 45 25
v 8260 71 39
v 8261 91 44
v 8262 59 28
v 8263 129 55
v 8264 20 8
v 8265 13 9
v 8266 202 100
v 8267 47 23
v 8268 124 53
v 8269 14 5
v 8270 34 15
v 8271 30 12
v 8272 29 14
v 8273 17 10
v 8274 13 6
v 8275 23 12
v 8276 60 32
v 8277 99 55
v 8278 251 126
v 8279 94 47
v 8280 130 67
v 8281 6 3
v 8282 38 18
v 8283 37 20
v 8284 12 5
v 8285 161 86
v 8286 10 5
v 8287 6 2
v 8288 32 14
v 8289 87 51
v 8290 38 17
v 8291 23 12
v 8292 71 35
v 8293 104 59
v 8294 27 15
v 8295 6 3
v 8296 123 70
v 8297 87 45
v 8298 95 54
v 8299 65 34
v 8300 47 18
v 8301 72 35
v 8302 74 38
v 8303 71 38
v 8304 89 48
v 8305 32 19
v 8306 49 28
v 8311 77 36
v 8312 52 29
v 8313 70 30
v 8315 94 48
v 8318 55 34
v 8320 96 55
v 8321 45 23
v 8323 62 38
v 8327 111 49
v 8328 43 22
v 8329 31 18
v 8330 33 17
v 8337 43 20
v 8347 18 9
v 8482 56 33
v 8483 116 61
v 8484 202 101
v 8485 43 26
v 8486 41 23
v 8487 98 63
v 8488 43 29
v 8489 71 39
v 8490 98 48
v 8491 79 47
v 8492 74 49
v 8493 43 29
v 8494 74 40
v 8495 66 42
v 8496 240 122
v 8497 272 155
v 8498 69 32
v 8499 50 26
v 8500 49 31
v 8501 133 75
v 8502 153 97
v 8503 165 89
v 8504 47 24
v 8505 40 22
v 8506 31 13
v 8507 66 38
v 8508 149 74
v 8509 21 15
v 8510 188 92
v 8511 40 22
v 8512 73 42
v 8513 19 9
v 8514 17 10
v 8515 91 41
v 8516 94 57
v 8517 121 76
v 8518 90 53
v 8519 246 130
v 8520 166 91
v 8521 28 15
v 8522 288 160
v 8523 123 70
v 8524 243 142
v 8525 22 9
v 8526 81 48
v 8527 30 20
v 8528 47 28
v 8529 17 9
v 8530 27 18
v 8531 22 12
v 8532 127 75
v 8533 218 117
v 8534 262 128
v 8535 177 107
v 8536 157 86
v 8537 19 11
v 8538 93 48
v 8539 81 43
v 8540 38 22
v 8541 179 101
v 8542 31 18
v 8543 14 5
v 8544 60 34
v 8545 155 95
v 8546 91 47
v 8547 33 18
v 8548 153 84
v 8549 125 68
v 8550 21 15
v 8551 13 6
v 8552 181 92
v 8553 203 99
v 8554 171 83
v 8555 94 56
v 8556 53 29
v 8557 118 69
v 8558 103 58
v 8559 120 68
v 8560 152 76
v 8561 47 27
v 8562 55 34
v 8567 163 97
v 8568 116 68
v 8569 108 63
v 8571 198 107
v 8574 97 55
v 8576 173 100
v 8577 63 36
v 8579 114 64
v 8583 241 124
v 8584 108 57
v 8585 66 37
v 8586 35 19
v 8593 82 52
v 8603 39 20
v 8739 95 57
v 8740 188 101
v 8741 51 24
v 8742 29 15
v 8743 79 46
v 8744 44 26
v 8745 53 30
v 8746 70 34
v 8747 77 37
v 8748 63 30
v 8749 49 27
v 8750 64 40
v 8751 45 23
v 8752 229 122
v 8753 244 120
v 8754 74 35
v 8755 41 21
v 8756 43 22
v 8757 109 59
v 8758 169 93
v 8759 134 72
v 8760 58 25
v 8761 31 9
v 8762 28 16
v 8763 63 34
v 8764 150 70
v 8765 22 13
v 8766 157 72
v 8767 50 30
v 8768 65 37
v 8769 19 9
v 8770 7 2
v 8771 119 58
v 8772 79 40
v 8773 90 47
v 8774 77 40
v 8775 178 91
v 8776 35 21
v 8777 18 10
v 8778 296 165
v 8779 75 43
v 8780 207 97
v 8781 40 22
v 8782 51 23
v 8783 31 18
v 8784 53 26
v 8785 22 7
v 8786 15 6
v 8787 31 16
v 8788 119 58
v 8789 176 83
v 8790 362 181
v 8791 141 70
v 8792 138 61
v 8793 15 7
v 8794 85 48
v 8795 69 29
v 8796 36 12
v 8797 192 92
v 8798 18 10
v 8799 20 12
v 8800 63 40
v 8801 171 86
v 8802 99 56
v 8803 26 16
v 8804 118 68
v 8805 118 59
v 8806 25 11
v 8807 17 6
v 8808 145 76
v 8809 193 93
v 8810 144 72
v 8811 95 40
v 8812 64 40
v 8813 146 76
v 8814 94 48
v 8815 120 58
v 8816 190 107
v 8817 74 34
v 8818 63 26
v 8823 131 66
v 8824 91 49
v 8825 105 48
v 8827 166 79
v 8830 77 41
v 8832 175 89
v 8833 66 33
v 8835 120 66
v 8839 174 93
v 8840 97 49
v 8841 68 39
v 8842 36 19
v 8849 63 32
v 8859 45 26
v 8996 283 124
v 8997 72 36
v 8998 38 20
v 8999 154 85
v 9000 75 38
v 9001 112 52
v 9002 124 47
v 9003 152 75
v 9004 102 42
v 9005 87 50
v 9006 79 42
v 9007 138 73
v 9008 291 123
v 9009 313 142
v 9010 90 37
v 9011 57 27
v 9012 49 23
v 9013 168 87
v 9014 298 139
v 9015 149 61
v 9016 48 20
v 9017 54 20
v 9018 51 21
v 9019 99 62
v 9020 171 76
v 9021 22 12
v 9022 220 96
v 9023 67 31
v 9024 82 41
v 9025 20 6
v 9026 13 4
v 9027 179 73
v 9028 161 87
v 9029 168 76
v 9030 131 56
v 9031 233 102
v 9032 78 39
v 9033 41 24
v 9034 385 184
v 9035 152 81
v 9036 436 197
v 9037 31 15
v 9038 67 25
v 9039 37 19
v 9040 48 26
v 9041 29 11
v 9042 27 17
v 9043 54 32
v 9044 163 80
v 9045 282 160
v 9046 577 283
v 9047 263 135
v 9048 243 103
v 9049 12 7
v 9050 104 50
v 9051 81 33
v 9052 42 20
v 9053 288 140
v 9054 19 9
v 9055 29 12
v 9056 106 44
v 9057 242 109
v 9058 109 54
v 9059 29 14
v 9060 141 61
v 9061 215 110
v 9062 53 23
v 9063 17 7
v 9064 234 99
v 9065 220 100
v 9066 189 85
v 9067 118 45
v 9068 104 64
v 9069 157 87
v 9070 171 77
v 9071 153 75
v 9072 187 80
v 9073 81 35
v 9074 92 58
v 9079 197 94
v 9080 120 69
v 9081 169 81
v 9083 249 122
v 9086 125 60
v 9088 264 127
v 9089 111 52
v 9091 164 80
v 9095 231 97
v 9096 122 56
v 9097 75 32
v 9098 42 21
v 9105 69 39
v 9115 60 32
v 9253 142 83
v 9254 73 35
v 9255 320 164
v 9256 103 43
v 9257 179 83
v 9258 241 124
v 9259 219 101
v 9260 186 95
v 9261 123 46
v 9262 144 79
v 9263 232 119
v 9264 493 218
v 9265 668 330
v 9266 134 61
v 9267 137 73
v 9268 113 42
v 9269 325 168
v 9270 492 252
v 9271 341 145
v 9272 140 72
v 9273 83 35
v 9274 96 51
v 9275 129 77
v 9276 335 158
v 9277 53 25
v 9278 499 224
v 9279 143 72
v 9280 177 91
v 9281 45 20
v 9282 17 12
v 9283 238 129
v 9284 138 60
v 9285 273 142
v 9286 235 111
v 9287 684 347
v 9288 131 72
v 9289 48 28
v 9290 684 351
v 9291 243 124
v 9292 534 243
v 9293 68 32
v 9294 132 66
v 9295 48 22
v 9296 97 49
v 9297 60 34
v 9298 57 26
v 9299 89 42
v 9300 301 163
v 9301 500 254
v 9302 938 464
v 9303 389 185
v 9304 383 181
v 9305 28 13
v 9306 180 79
v 9307 172 75
v 9308 90 35
v 9309 586 295
v 9310 60 29
v 9311 48 27
v 9312 187 110
v 9313 414 212
v 9314 218 123
v 9315 71 45
v 9316 331 166
v 9317 250 123
v 9318 78 40
v 9319 54 29
v 9320 413 217
v 9321 363 182
v 9322 410 210
v 9323 250 118
v 9324 140 68
v 9325 307 171
v 9326 254 125
v 9327 157 64
v 9328 439 224
v 9329 128 59
v 9330 143 83
v 9335 366 181
v 9336 200 103
v 9337 223 97
v 9339 438 203
v 9342 246 110
v 9344 458 253
v 9345 189 99
v 9347 235 114
v 9351 444 227
v 9352 255 141
v 9353 157 60
v 9354 205 96
v 9361 169 87
v 9371 90 46
v 9510 20 7
v 9511 71 29
v 9512 30 15
v 9513 46 21
v 9514 36 18
v 9515 46 20
v 9516 51 23
v 9517 25 8
v 9518 49 23
v 9519 41 20
v 9520 160 77
v 9521 151 88
v 9522 44 22
v 9523 35 16
v 9524 34 15
v 9525 85 45
v 9526 119 49
v 9527 72 43
v 9528 28 16
v 9529 29 12
v 9530 19 9
v 9531 41 26
v 9532 82 37
v 9533 17 8
v 9534 105 43
v 9535 32 17
v 9536 49 20
v 9537 13 2
v 9538 5 1
v 9539 56 31
v 9540 73 40
v 9541 70 29
v 9542 65 37
v 9543 135 57
v 9544 26 15
v 9545 17 11
v 9546 192 102
v 9547 53 25
v 9548 138 53
v 9549 23 8
v 9550 34 21
v 9551 13 6
v 9552 27 9
v 9553 13 6
v 9554 11 7
v 9555 27 18
v 9556 60 32
v 9557 144 70
v 9558 245 118
v 9559 106 50
v 9560 120 46
v 9561 2 1
v 9562 44 23
v 9563 45 22
v 9564 13 6
v 9565 159 67
v 9566 8 5
v 9567 17 3
v 9568 42 23
v 9569 109 47
v 9570 54 30
v 9571 18 7
v 9572 77 46
v 9573 82 42
v 9574 21 5
v 9575 13 6
v 9576 140 64
v 9577 121 50
v 9578 121 63
v 9579 66 35
v 9580 47 23
v 9581 81 53
v 9582 65 28
v 9583 65 31
v 9584 128 49
v 9585 28 14
v 9586 46 25
v 9591 90 44
v 9592 69 32
v 9593 71 32
v 9595 110 59
v 9598 58 29
v 9600 117 63
v 9601 57 30
v 9603 68 33
v 9607 136 65
v 9608 63 40
v 9609 36 19
v 9610 14 8
v 9617 44 24
v 9627 32 18
v 9767 53 25
v 9768 18 7
v 9769 24 10
v 9770 36 16
v 9771 29 16
v 9772 18 8
v 9773 21 7
v 9774 25 11
v 9775 30 20
v 9776 88 36
v 9777 110 53
v 9778 35 16
v 9779 32 18
v 9780 12 3
v 9781 51 27
v 9782 65 31
v 9783 68 30
v 9784 32 14
v 9785 14 11
v 9786 9 5
v 9787 21 12
v 9788 58 30
v 9789 14 7
v 9790 65 37
v 9791 26 17
v 9792 23 10
v 9793 8 5
v 9794 1 1
v 9795 33 17
v 9796 37 19
v 9797 50 30
v 9798 42 29
v 9799 97 43
v 9800 33 17
v 9801 7 5
v 9802 135 64
v 9803 44 25
v 9804 96 37
v 9805 16 6
v 9806 21 10
v 9807 14 8
v 9808 17 8
v 9809 8 4
v 9810 10 1
v 9811 18 8
v 9812 53 29
v 9813 98 50
v 9814 128 61
v 9815 67 27
v 9816 67 27
v 9817 5 2
v 9818 26 10
v 9819 27 10
v 9820 20 10
v 9821 82 48
v 9822 4 2
v 9823 9 4
v 9824 32 20
v 9825 56 28
v 9826 31 19
v 9827 8 3
v 9828 49 18
v 9829 59 28
v 9830 11 7
v 9831 6 2
v 9832 78 31
v 9833 73 34
v 9834 71 31
v 9835 49 26
v 9836 19 8
v 9837 60 35
v 9838 44 25
v 9839 33 14
v 9840 54 20
v 9841 18 8
v 9842 19 10
v 9847 59 34
v 9848 48 23
v 9849 63 32
v 9851 48 20
v 9854 34 23
v 9856 78 37
v 9857 22 10
v 9859 49 27
v 9863 70 31
v 9864 45 23
v 9865 24 11
v 9866 18 10
v 9873 27 13
v 9883 17 9
v 10024 69 38
v 10025 101 39
v 10026 134 47
v 10027 115 57
v 10028 103 59
v 10029 66 29
v 10030 83 40
v 10031 126 62
v 10032 295 131
v 10033 368 177
v 10034 87 34
v 10035 97 46
v 10036 56 29
v 10037 216 109
v 10038 311 138
v 10039 216 95
v 10040 75 25
v 10041 48 20
v 10042 58 27
v 10043 91 38
v 10044 185 73
v 10045 33 19
v 10046 268 94
v 10047 63 30
v 10048 94 42
v 10049 30 13
v 10050 9 2
v 10051 141 59
v 10052 144 77
v 10053 169 77
v 10054 141 66
v 10055 366 175
v 10056 76 33
v 10057 33 18
v 10058 427 191
v 10059 131 50
v 10060 330 122
v 10061 35 16
v 10062 105 41
v 10063 41 18
v 10064 66 31
v 10065 35 16
v 10066 32 18
v 10067 39 16
v 10068 201 87
v 10069 279 136
v 10070 597 276
v 10071 243 123
v 10072 229 96
v 10073 13 4
v 10074 129 59
v 10075 94 38
v 10076 43 22
v 10077 376 163
v 10078 21 8
v 10079 26 17
v 10080 93 44
v 10081 214 98
v 10082 124 70
v 10083 35 14
v 10084 203 89
v 10085 161 73
v 10086 37 17
v 10087 23 10
v 10088 231 99
v 10089 245 106
v 10090 280 124
v 10091 153 71
v 10092 85 44
v 10093 198 111
v 10094 137 63
v 10095 137 60
v 10096 239 108
v 10097 78 30
v 10098 95 46
v 10103 201 92
v 10104 152 79
v 10105 126 56
v 10107 286 152
v 10110 133 63
v 10112 270 140
v 10113 116 64
v 10115 133 56
v 10119 286 135
v 10120 163 86
v 10121 122 69
v 10122 52 32
v 10129 95 47
v 10139 57 32
v 10281 41 19
v 10282 72 35
v 10283 39 21
v 10284 47 24
v 10285 35 17
v 10286 28 14
v 10287 42 24
v 10288 115 57
v 10289 116 59
v 10290 39 16
v 10291 29 13
v 10292 17 8
v 10293 84 41
v 10294 137 60
v 10295 89 36
v 10296 35 18
v 10297 22 9
v 10298 20 10
v 10299 33 18
v 10300 68 31
v 10301 13 9
v 10302 93 42
v 10303 32 20
v 10304 44 27
v 10305 7 3
v 10306 3 3
v 10307 45 18
v 10308 60 30
v 10309 53 26
v 10310 51 25
v 10311 126 66
v 10312 23 9
v 10313 16 7
v 10314 162 65
v 10315 57 29
v 10316 135 56
v 10317 16 9
v 10318 31 12
v 10319 18 7
v 10320 19 11
v 10321 18 6
v 10322 9 5
v 10323 15 8
v 10324 66 39
v 10325 104 55
v 10326 241 121
v 10327 109 46
v 10328 103 43
v 10329 5 2
v 10330 41 24
v 10331 40 22
v 10332 18 9
v 10333 156 70
v 10334 5 3
v 10335 8 7
v 10336 47 20
v 10337 103 44
v 10338 42 20
v 10339 9 6
v 10340 77 37
v 10341 87 43
v 10342 29 15
v 10343 12 4
v 10344 158 60
v 10345 96 40
v 10346 78 40
v 10347 55 15
v 10348 42 26
v 10349 72 44
v 10350 55 24
v 10351 57 24
v 10352 90 50
v 10353 38 20
v 10354 28 14
v 10359 78 28
v 10360 57 26
v 10361 56 20
v 10363 102 55
v 10366 54 22
v 10368 112 63
v 10369 37 22
v 10371 59 30
v 10375 105 53
v 10376 57 24
v 10377 47 28
v 10378 19 9
v 10385 32 10
v 10395 29 12
v 10538 105 44
v 10539 77 40
v 10540 64 27
v 10541 60 35
v 10542 61 37
v 10543 66 31
v 10544 164 76
v 10545 180 101
v 10546 50 31
v 10547 57 31
v 10548 25 14
v 10549 123 72
v 10550 231 121
v 10551 110 61
v 10552 34 19
v 10553 29 7
v 10554 32 18
v 10555 59 30
v 10556 127 60
v 10557 20 7
v 10558 152 68
v 10559 65 40
v 10560 61 37
v 10561 16 5
v 10562 3 1
v 10563 90 42
v 10564 96 55
v 10565 94 42
v 10566 105 57
v 10567 272 146
v 10568 47 23
v 10569 11 4
v 10570 286 147
v 10571 73 34
v 10572 188 86
v 10573 21 11
v 10574 58 27
v 10575 22 9
v 10576 35 17
v 10577 23 13
v 10578 16 8
v 10579 32 18
v 10580 119 57
v 10581 192 118
v 10582 322 151
v 10583 103 51
v 10584 179 89
v 10585 9 4
v 10586 75 38
v 10587 53 26
v 10588 31 16
v 10589 231 118
v 10590 9 3
v 10591 16 10
v 10592 48 19
v 10593 161 86
v 10594 87 54
v 10595 19 9
v 10596 135 72
v 10597 106 52
v 10598 34 17
v 10599 26 15
v 10600 144 59
v 10601 156 84
v 10602 142 73
v 10603 106 60
v 10604 60 37
v 10605 119 70
v 10606 73 36
v 10607 62 27
v 10608 110 62
v 10609 48 22
v 10610 66 36
v 10615 108 67
v 10616 95 58
v 10617 88 46
v 10619 192 108
v 10622 89 49
v 10624 176 93
v 10625 94 50
v 10627 107 56
v 10631 168 93
v 10632 82 38
v 10633 76 42
v 10634 28 16
v 10641 54 29
v 10651 35 19
v 10795 104 67
v 10796 72 35
v 10797 57 26
v 10798 66 41
v 10799 76 36
v 10800 245 127
v 10801 266 137
v 10802 68 26
v 10803 62 32
v 10804 35 19
v 10805 158 83
v 10806 238 121
v 10807 121 61
v 10808 56 20
v 10809 23 9
v 10810 37 18
v 10811 68 40
v 10812 208 103
v 10813 27 14
v 10814 161 66
v 10815 42 23
v 10816 74 42
v 10817 13 7
v 10818 6 3
v 10819 112 58
v 10820 149 78
v 10821 207 113
v 10822 102 54
v 10823 301 148
v 10824 48 24
v 10825 35 27
v 10826 285 142
v 10827 148 83
v 10828 270 129
v 10829 25 8
v 10830 55 26
v 10831 35 17
v 10832 44 24
v 10833 38 20
v 10834 31 13
v 10835 34 18
v 10836 131 68
v 10837 161 86
v 10838 417 200
v 10839 216 113
v 10840 231 122
v 10841 8 1
v 10842 76 32
v 10843 51 28
v 10844 28 10
v 10845 269 144
v 10846 23 15
v 10847 29 20
v 10848 77 45
v 10849 200 108
v 10850 101 54
v 10851 31 18
v 10852 102 51
v 10853 199 113
v 10854 27 16
v 10855 20 11
v 10856 258 136
v 10857 227 112
v 10858 173 85
v 10859 102 55
v 10860 85 44
v 10861 126 69
v 10862 87 40
v 10863 100 47
v 10864 164 76
v 10865 62 36
v 10866 80 44
v 10871 155 76
v 10872 105 53
v 10873 136 71
v 10875 182 111
v 10878 98 60
v 10880 185 96
v 10881 71 37
v 10883 105 64
v 10887 212 100
v 10888 99 53
v 10889 73 45
v 10890 24 11
v 10897 73 44
v 10907 35 18
v 11052 76 27
v 11053 53 25
v 11054 65 37
v 11055 76 35
v 11056 238 114
v 11057 257 122
v 11058 76 33
v 11059 54 28
v 11060 58 30
v 11061 131 72
v 11062 199 120
v 11063 110 50
v 11064 52 23
v 11065 32 14
v 11066 44 20
v 11067 79 40
v 11068 168 70
v 11069 27 16
v 11070 171 70
v 11071 42 25
v 11072 75 40
v 11073 20 8
v 11074 4 1
v 11075 112 52
v 11076 64 24
v 11077 134 67
v 11078 97 55
v 11079 223 90
v 11080 59 32
v 11081 24 11
v 11082 341 147
v 11083 106 54
v 11084 238 106
v 11085 33 15
v 11086 71 30
v 11087 35 19
v 11088 43 13
v 11089 25 9
v 11090 17 9
v 11091 26 16
v 11092 123 67
v 11093 212 96
v 11094 388 193
v 11095 174 86
v 11096 185 79
v 11097 13 4
v 11098 75 27
v 11099 62 36
v 11100 38 12
v 11101 184 93
v 11102 17 6
v 11103 26 18
v 11104 86 42
v 11105 171 83
v 11106 85 49
v 11107 30 18
v 11108 154 75
v 11109 130 63
v 11110 31 13
v 11111 15 11
v 11112 177 95
v 11113 184 90
v 11114 155 73
v 11115 98 58
v 11116 63 32
v 11117 145 66
v 11118 125 61
v 11119 101 53
v 11120 163 86
v 11121 54 25
v 11122 62 38
v 11127 136 66
v 11128 95 50
v 11129 124 66
v 11131 188 91
v 11134 86 48
v 11136 190 102
v 11137 74 36
v 11139 120 65
v 11143 177 87
v 11144 93 43
v 11145 70 37
v 11146 38 16
v 11153 71 40
v 11163 35 20
v 11309 33 14
v 11310 63 31
v 11311 69 36
v 11312 233 100
v 11313 229 93
v 11314 54 22
v 11315 44 17
v 11316 37 13
v 11317 142 86
v 11318 206 93
v 11319 105 46
v 11320 46 22
v 11321 22 9
v 11322 31 16
v 11323 52 36
v 11324 143 60
v 11325 22 6
v 11326 136 58
v 11327 43 19
v 11328 65 31
v 11329 12 8
v 11330 8 4
v 11331 87 47
v 11332 117 59
v 11333 72 40
v 11334 85 47
v 11335 232 101
v 11336 48 21
v 11337 23 12
v 11338 293 138
v 11339 92 38
v 11340 171 81
v 11341 25 14
v 11342 53 29
v 11343 32 15
v 11344 34 15
v 11345 20 8
v 11346 23 10
v 11347 26 14
v 11348 108 49
v 11349 172 91
v 11350 390 203
v 11351 179 84
v 11352 153 73
v 11353 13 6
v 11354 56 31
v 11355 68 33
v 11356 30 20
v 11357 165 81
v 11358 16 8
v 11359 30 16
v 11360 53 26
v 11361 161 84
v 11362 67 36
v 11363 39 25
v 11364 105 56
v 11365 106 52
v 11366 26 12
v 11367 22 3
v 11368 135 57
v 11369 138 61
v 11370 153 63
v 11371 77 33
v 11372 54 29
v 11373 105 60
v 11374 79 33
v 11375 100 50
v 11376 148 75
v 11377 44 24
v 11378 69 37
v 11383 100 36
v 11384 99 51
v 11385 124 65
v 11387 165 93
v 11390 85 37
v 11392 144 72
v 11393 68 35
v 11395 105 54
v 11399 168 72
v 11400 82 34
v 11401 63 33
v 11402 32 16
v 11409 48 29
v 11419 25 11
v 11566 42 16
v 11567 45 23
v 11568 161 86
v 11569 158 78
v 11570 53 25
v 11571 54 20
v 11572 27 13
v 11573 81 52
v 11574 105 49
v 11575 79 39
v 11576 25 11
v 11577 19 12
v 11578 22 7
v 11579 35 10
v 11580 103 48
v 11581 17 9
v 11582 109 46
v 11583 38 22
v 11584 50 29
v 11585 8 3
v 11586 7 4
v 11587 42 24
v 11588 60 34
v 11589 92 50
v 11590 59 25
v 11591 133 60
v 11592 34 17
v 11593 14 11
v 11594 197 107
v 11595 66 33
v 11596 149 74
v 11597 10 3
v 11598 51 28
v 11599 23 10
v 11600 31 16
v 11601 16 6
v 11602 17 9
v 11603 19 5
v 11604 81 49
v 11605 144 81
v 11606 250 137
v 11607 99 51
v 11608 120 54
v 11609 4 3
v 11610 54 30
v 11611 55 24
v 11612 15 7
v 11613 122 65
v 11614 19 10
v 11615 12 9
v 11616 35 19
v 11617 106 51
v 11618 31 18
v 11619 15 11
v 11620 54 29
v 11621 114 64
v 11622 16 9
v 11623 9 6
v 11624 88 44
v 11625 111 63
v 11626 111 67
v 11627 73 34
v 11628 44 32
v 11629 61 40
v 11630 64 32
v 11631 72 42
v 11632 101 60
v 11633 38 13
v 11634 31 19
v 11639 80 39
v 11640 63 40
v 11641 84 40
v 11643 114 57
v 11646 73 37
v 11648 114 68
v 11649 41 18
v 11651 65 36
v 11655 102 51
v 11656 48 26
v 11657 51 24
v 11658 78 35
v 11665 45 23
v 11675 28 14
v 11823 57 28
v 11824 227 84
v 11825 203 82
v 11826 67 28
v 11827 36 15
v 11828 37 12
v 11829 86 48
v 11830 157 73
v 11831 102 34
v 11832 40 18
v 11833 22 11
v 11834 24 12
v 11835 44 21
v 11836 129 69
v 11837 14 6
v 11838 117 47
v 11839 37 15
v 11840 43 21
v 11841 20 11
v 11842 8 6
v 11843 88 28
v 11844 110 49
v 11845 95 56
v 11846 91 50
v 11847 179 83
v 11848 40 21
v 11849 18 5
v 11850 266 112
v 11851 64 30
v 11852 172 70
v 11853 21 8
v 11854 44 11
v 11855 17 3
v 11856 33 12
v 11857 24 9
v 11858 19 9
v 11859 17 9
v 11860 79 39
v 11861 153 76
v 11862 293 123
v 11863 135 59
v 11864 183 70
v 11865 5 4
v 11866 72 33
v 11867 59 30
v 11868 33 19
v 11869 161 60
v 11870 12 6
v 11871 19 6
v 11872 52 23
v 11873 139 64
v 11874 86 53
v 11875 21 11
v 11876 107 48
v 11877 138 64
v 11878 15 5
v 11879 19 11
v 11880 155 77
v 11881 240 104
v 11882 132 58
v 11883 92 32
v 11884 30 12
v 11885 124 60
v 11886 67 36
v 11887 88 43
v 11888 138 57
v 11889 39 21
v 11890 51 20
v 11895 109 43
v 11896 72 40
v 11897 92 41
v 11899 123 50
v 11902 67 34
v 11904 150 78
v 11905 62 31
v 11907 92 41
v 11911 140 55
v 11912 78 42
v 11913 48 30
v 11914 23 16
v 11921 40 13
v 11931 27 13
v 12080 196 99
v 12081 265 137
v 12082 61 24
v 12083 41 22
v 12084 52 20
v 12085 140 69
v 12086 176 89
v 12087 121 48
v 12088 61 22
v 12089 32 15
v 12090 46 25
v 12091 102 67
v 12092 150 78
v 12093 29 10
v 12094 192 82
v 12095 50 21
v 12096 68 38
v 12097 9 2
v 12098 4 3
v 12099 98 56
v 12100 78 40
v 12101 116 68
v 12102 74 35
v 12103 207 106
v 12104 46 26
v 12105 17 7
v 12106 253 116
v 12107 105 60
v 12108 274 131
v 12109 25 12
v 12110 52 23
v 12111 37 17
v 12112 42 18
v 12113 21 11
v 12114 19 7
v 12115 22 14
v 12116 118 56
v 12117 164 76
v 12118 356 170
v 12119 150 72
v 12120 197 89
v 12121 15 7
v 12122 63 38
v 12123 73 30
v 12124 31 12
v 12125 228 124
v 12126 13 6
v 12127 17 9
v 12128 62 27
v 12129 140 67
v 12130 92 50
v 12131 30 20
v 12132 105 49
v 12133 115 56
v 12134 25 10
v 12135 18 8
v 12136 155 65
v 12137 151 63
v 12138 131 59
v 12139 94 45
v 12140 53 25
v 12141 123 70
v 12142 100 48
v 12143 86 41
v 12144 178 84
v 12145 43 19
v 12146 81 42
v 12151 120 57
v 12152 76 36
v 12153 101 45
v 12155 176 95
v 12158 78 42
v 12160 173 99
v 12161 64 28
v 12163 100 48
v 12167 157 78
v 12168 86 43
v 12169 51 25
v 12170 36 16
v 12177 75 34
v 12187 40 18
v 12337 759 354
v 12338 234 117
v 12339 140 65
v 12340 140 64
v 12341 370 184
v 12342 622 313
v 12343 339 153
v 12344 151 75
v 12345 105 39
v 12346 105 55
v 12347 186 113
v 12348 431 219
v 12349 94 42
v 12350 485 217
v 12351 148 75
v 12352 186 90
v 12353 49 19
v 12354 23 11
v 12355 234 101
v 12356 285 142
v 12357 309 172
v 12358 272 138
v 12359 697 336
v 12360 148 87
v 12361 72 45
v 12362 936 471
v 12363 249 136
v 12364 689 315
v 12365 95 44
v 12366 193 88
v 12367 87 54
v 12368 139 68
v 12369 93 42
v 12370 80 33
v 12371 92 51
v 12372 329 172
v 12373 577 316
v 12374 1060 508
v 12375 500 241
v 12376 481 221
v 12377 40 20
v 12378 175 75
v 12379 239 115
v 12380 95 41
v 12381 691 340
v 12382 52 31
v 12383 60 29
v 12384 203 109
v 12385 464 234
v 12386 229 142
v 12387 76 45
v 12388 388 197
v 12389 352 192
v 12390 71 38
v 12391 38 22
v 12392 434 211
v 12393 512 251
v 12394 470 249
v 12395 306 157
v 12396 150 81
v 12397 484 261
v 12398 313 159
v 12399 303 145
v 12400 549 270
v 12401 165 80
v 12402 165 91
v 12407 387 195
v 12408 245 124
v 12409 377 201
v 12411 563 290
v 12414 251 115
v 12416 522 282
v 12417 190 97
v 12419 371 202
v 12423 586 271
v 12424 289 155
v 12425 199 93
v 12426 111 52
v 12433 203 115
v 12443 111 52
v 12594 243 115
v 12595 161 85
v 12596 171 81
v 12597 378 205
v 12598 683 328
v 12599 444 220
v 12600 174 83
v 12601 96 45
v 12602 108 54
v 12603 232 122
v 12604 589 299
v 12605 83 48
v 12606 554 266
v 12607 155 91
v 12608 218 107
v 12609 62 28
v 12610 17 10
v 12611 302 149
v 12612 247 136
v 12613 416 240
v 12614 314 166
v 12615 786 386
v 12616 133 76
v 12617 64 39
v 12618 967 488
v 12619 309 143
v 12620 855 398
v 12621 116 58
v 12622 237 109
v 12623 112 61
v 12624 157 69
v 12625 73 41
v 12626 89 44
v 12627 84 50
v 12628 358 195
v 12629 536 308
v 12630 1240 646
v 12631 554 288
v 12632 713 341
v 12633 38 24
v 12634 250 112
v 12635 235 121
v 12636 140 74
v 12637 792 403
v 12638 48 25
v 12639 53 24
v 12640 214 116
v 12641 539 285
v 12642 390 212
v 12643 86 48
v 12644 397 218
v 12645 424 222
v 12646 81 42
v 12647 57 23
v 12648 588 307
v 12649 657 347
v 12650 592 290
v 12651 351 169
v 12652 210 116
v 12653 480 284
v 12654 331 156
v 12655 327 177
v 12656 631 307
v 12657 195 79
v 12658 243 133
v 12663 516 276
v 12664 315 180
v 12665 427 225
v 12667 673 368
v 12670 276 153
v 12672 546 302
v 12673 209 111
v 12675 397 213
v 12679 651 340
v 12680 376 206
v 12681 249 146
v 12682 130 71
v 12689 228 127
v 12699 153 69
v 12851 34 16
v 12852 43 24
v 12853 99 53
v 12854 163 89
v 12855 101 49
v 12856 43 25
v 12857 31 14
v 12858 25 14
v 12859 52 30
v 12860 142 73
v 12861 23 15
v 12862 156 75
v 12863 58 25
v 12864 57 28
v 12865 11 6
v 12866 11 9
v 12867 75 40
v 12868 97 55
v 12869 99 46
v 12870 87 49
v 12871 209 112
v 12872 48 28
v 12873 15 9
v 12874 240 120
v 12875 86 48
v 12876 195 100
v 12877 27 11
v 12878 65 29
v 12879 28 17
v 12880 47 27
v 12881 20 6
v 12882 24 13
v 12883 30 15
v 12884 116 64
v 12885 200 98
v 12886 331 186
v 12887 140 71
v 12888 152 78
v 12889 6 5
v 12890 68 34
v 12891 80 32
v 12892 31 12
v 12893 227 120
v 12894 14 7
v 12895 19 14
v 12896 47 27
v 12897 152 89
v 12898 75 49
v 12899 20 6
v 12900 118 66
v 12901 105 56
v 12902 22 11
v 12903 10 7
v 12904 78 46
v 12905 203 123
v 12906 144 77
v 12907 96 55
v 12908 37 20
v 12909 148 93
v 12910 98 53
v 12911 108 60
v 12912 183 101
v 12913 60 34
v 12914 51 32
v 12919 139 71
v 12920 68 39
v 12921 122 61
v 12923 171 92
v 12926 80 42
v 12928 131 82
v 12929 51 27
v 12931 120 75
v 12935 148 86
v 12936 88 47
v 12937 68 39
v 12938 23 15
v 12945 65 35
v 12955 53 32
v 13108 25 11
v 13109 78 43
v 13110 147 68
v 13111 83 39
v 13112 26 16
v 13113 22 12
v 13114 23 12
v 13115 39 26
v 13116 92 47
v 13117 17 9
v 13118 103 43
v 13119 31 21
v 13120 57 37
v 13121 10 6
v 13122 5 3
v 13123 56 32
v 13124 63 33
v 13125 92 43
v 13126 71 33
v 13127 170 92
v 13128 36 18
v 13129 19 10
v 13130 198 96
v 13131 55 32
v 13132 172 72
v 13133 22 7
v 13134 32 15
v 13135 20 7
v 13136 17 8
v 13137 17 9
v 13138 16 7
v 13139 16 9
v 13140 82 37
v 13141 117 62
v 13142 241 134
v 13143 109 54
v 13144 137 65
v 13145 5 2
v 13146 59 29
v 13147 37 16
v 13148 16 7
v 13149 124 68
v 13150 5 4
v 13151 10 5
v 13152 31 15
v 13153 88 41
v 13154 67 33
v 13155 17 8
v 13156 80 46
v 13157 82 34
v 13158 16 7
v 13159 6 4
v 13160 99 53
v 13161 124 45
v 13162 131 70
v 13163 80 40
v 13164 58 38
v 13165 100 40
v 13166 59 20
v 13167 50 24
v 13168 124 53
v 13169 35 13
v 13170 40 25
v 13175 88 47
v 13176 48 22
v 13177 78 35
v 13179 144 75
v 13182 65 37
v 13184 95 48
v 13185 52 25
v 13187 74 31
v 13191 114 54
v 13192 71 39
v 13193 39 21
v 13194 27 16
v 13201 38 22
v 13211 16 8
v 13365 71 35
v 13366 103 51
v 13367 88 49
v 13368 30 14
v 13369 16 5
v 13370 15 9
v 13371 24 12
v 13372 92 56
v 13373 18 5
v 13374 116 49
v 13375 20 13
v 13376 33 15
v 13377 4 3
v 13378 1 0
v 13379 52 28
v 13380 57 31
v 13381 75 40
v 13382 49 26
v 13383 115 63
v 13384 31 14
v 13385 12 5
v 13386 171 99
v 13387 46 25
v 13388 113 56
v 13389 15 6
v 13390 38 19
v 13391 17 9
v 13392 35 20
v 13393 21 14
v 13394 18 11
v 13395 17 9
v 13396 56 30
v 13397 95 48
v 13398 185 96
v 13399 104 47
v 13400 80 31
v 13401 8 4
v 13402 37 12
v 13403 45 22
v 13404 11 9
v 13405 167 103
v 13406 6 3
v 13407 9 5
v 13408 32 19
v 13409 89 55
v 13410 63 30
v 13411 14 8
v 13412 90 54
v 13413 59 37
v 13414 15 9
v 13415 10 6
v 13416 78 31
v 13417 126 76
v 13418 110 63
v 13419 63 37
v 13420 35 23
v 13421 80 49
v 13422 43 20
v 13423 41 24
v 13424 118 63
v 13425 34 21
v 13426 28 16
v 13431 127 71
v 13432 61 41
v 13433 91 53
v 13435 113 63
v 13438 43 24
v 13440 99 52
v 13441 37 23
v 13443 59 29
v 13447 109 52
v 13448 56 34
v 13449 41 25
v 13450 17 10
v 13457 49 29
v 13467 31 18
v 13622 303 140
v 13623 201 86
v 13624 67 22
v 13625 53 18
v 13626 51 18
v 13627 100 50
v 13628 196 83
v 13629 39 14
v 13630 294 107
v 13631 75 35
v 13632 110 58
v 13633 29 13
v 13634 9 5
v 13635 178 62
v 13636 149 75
v 13637 162 81
v 13638 154 78
v 13639 294 135
v 13640 69 33
v 13641 34 17
v 13642 484 200
v 13643 150 76
v 13644 384 176
v 13645 43 11
v 13646 78 28
v 13647 48 28
v 13648 84 47
v 13649 41 21
v 13650 31 17
v 13651 42 21
v 13652 206 99
v 13653 299 138
v 13654 680 326
v 13655 291 129
v 13656 292 120
v 13657 18 9
v 13658 114 53
v 13659 107 47
v 13660 42 19
v 13661 365 160
v 13662 18 10
v 13663 25 16
v 13664 107 48
v 13665 263 134
v 13666 142 74
v 13667 49 23
v 13668 218 93
v 13669 219 114
v 13670 43 14
v 13671 26 11
v 13672 263 114
v 13673 268 116
v 13674 289 137
v 13675 162 69
v 13676 113 54
v 13677 242 103
v 13678 159 77
v 13679 142 56
v 13680 237 108
v 13681 77 32
v 13682 130 68
v 13687 259 117
v 13688 158 79
v 13689 152 65
v 13691 307 137
v 13694 170 84
v 13696 274 121
v 13697 117 52
v 13699 172 77
v 13703 335 122
v 13704 151 71
v 13705 105 55
v 13706 53 20
v 13713 120 49
v 13723 67 31
v 13879 309 144
v 13880 129 70
v 13881 78 35
v 13882 87 49
v 13883 135 67
v 13884 362 164
v 13885 53 25
v 13886 381 169
v 13887 130 65
v 13888 207 107
v 13889 33 15
v 13890 14 8
v 13891 306 164
v 13892 168 94
v 13893 272 147
v 13894 285 128
v 13895 570 275
v 13896 128 82
v 13897 62 42
v 13898 843 457
v 13899 248 131
v 13900 600 273
v 13901 69 34
v 13902 149 80
v 13903 80 35
v 13904 105 54
v 13905 65 31
v 13906 69 36
v 13907 80 45
v 13908 316 166
v 13909 493 269
v 13910 897 445
v 13911 488 265
v 13912 494 258
v 13913 34 21
v 13914 194 110
v 13915 186 97
v 13916 75 33
v 13917 658 322
v 13918 55 20
v 13919 66 28
v 13920 261 152
v 13921 413 212
v 13922 231 132
v 13923 66 41
v 13924 306 147
v 13925 333 154
v 13926 84 42
v 13927 40 16
v 13928 486 270
v 13929 690 374
v 13930 409 223
v 13931 294 141
v 13932 193 121
v 13933 394 221
v 13934 348 187
v 13935 215 105
v 13936 344 173
v 13937 139 65
v 13938 166 104
v 13943 437 221
v 13944 239 125
v 13945 297 142
v 13947 500 265
v 13950 218 123
v 13952 483 286
v 13953 231 135
v 13955 275 151
v 13959 483 229
v 13960 275 142
v 13961 223 118
v 13962 75 46
v 13969 170 95
v 13979 112 53
v 14136 101 53
v 14137 56 33
v 14138 60 30
v 14139 104 65
v 14140 257 127
v 14141 31 17
v 14142 253 125
v 14143 86 40
v 14144 104 52
v 14145 33 14
v 14146 7 3
v 14147 124 65
v 14148 161 84
v 14149 191 95
v 14150 152 77
v 14151 352 179
v 14152 75 40
v 14153 41 22
v 14154 498 250
v 14155 131 75
v 14156 353 173
v 14157 42 27
v 14158 116 52
v 14159 37 22
v 14160 72 32
v 14161 47 28
v 14162 46 22
v 14163 46 25
v 14164 202 114
v 14165 336 183
v 14166 652 319
v 14167 231 110
v 14168 278 138
v 14169 11 3
v 14170 130 56
v 14171 128 57
v 14172 62 35
v 14173 340 181
v 14174 13 8
v 14175 39 15
v 14176 113 56
v 14177 264 132
v 14178 165 84
v 14179 40 24
v 14180 205 128
v 14181 210 116
v 14182 52 28
v 14183 34 16
v 14184 323 166
v 14185 335 159
v 14186 314 158
v 14187 181 89
v 14188 128 78
v 14189 235 145
v 14190 183 95
v 14191 129 65
v 14192 328 174
v 14193 93 53
v 14194 109 53
v 14199 261 136
v 14200 142 86
v 14201 192 107
v 14203 372 188
v 14206 165 89
v 14208 284 161
v 14209 119 64
v 14211 210 93
v 14215 322 161
v 14216 157 92
v 14217 119 62
v 14218 52 30
v 14225 111 58
v 14235 80 41
v 14393 17 7
v 14394 25 11
v 14395 39 22
v 14396 89 52
v 14397 14 6
v 14398 64 22
v 14399 28 18
v 14400 41 21
v 14401 7 4
v 14402 2 1
v 14403 65 29
v 14404 71 38
v 14405 80 37
v 14406 60 31
v 14407 131 65
v 14408 20 10
v 14409 15 10
v 14410 210 98
v 14411 63 34
v 14412 152 87
v 14413 14 8
v 14414 36 15
v 14415 17 8
v 14416 28 13
v 14417 22 13
v 14418 7 5
v 14419 20 13
v 14420 82 43
v 14421 129 73
v 14422 238 126
v 14423 112 59
v 14424 143 70
v 14425 4 3
v 14426 43 22
v 14427 51 28
v 14428 20 12
v 14429 145 77
v 14430 7 4
v 14431 11 7
v 14432 32 20
v 14433 94 45
v 14434 60 31
v 14435 18 11
v 14436 67 41
v 14437 81 48
v 14438 13 9
v 14439 14 5
v 14440 106 55
v 14441 107 53
v 14442 88 43
v 14443 73 35
v 14444 53 28
v 14445 88 48
v 14446 83 41
v 14447 70 39
v 14448 94 41
v 14449 35 17
v 14450 44 27
v 14455 70 40
v 14456 76 42
v 14457 80 41
v 14459 100 48
v 14462 60 26
v 14464 116 67
v 14465 29 15
v 14467 75 38
v 14471 101 51
v 14472 64 36
v 14473 49 27
v 14474 15 9
v 14481 54 30
v 14491 31 13
v 14650 11 4
v 14651 24 13
v 14652 60 32
v 14653 7 3
v 14654 63 33
v 14655 17 9
v 14656 27 13
v 14657 12 8
v 14658 3 1
v 14659 47 26
v 14660 38 19
v 14661 58 33
v 14662 49 27
v 14663 82 43
v 14664 14 8
v 14665 8 4
v 14666 144 81
v 14667 32 18
v 14668 102 43
v 14669 7 3
v 14670 17 7
v 14671 12 6
v 14672 22 9
v 14673 7 5
v 14674 5 0
v 14675 13 6
v 14676 38 17
v 14677 72 37
v 14678 172 83
v 14679 60 27
v 14680 79 43
v 14681 7 5
v 14682 38 15
v 14683 26 11
v 14684 13 9
v 14685 93 50
v 14686 1 1
v 14687 10 7
v 14688 33 15
v 14689 73 42
v 14690 37 23
v 14691 13 8
v 14692 47 25
v 14693 45 21
v 14694 18 12
v 14695 8 5
v 14696 60 36
v 14697 77 38
v 14698 57 31
v 14699 43 23
v 14700 13 8
v 14701 41 19
v 14702 47 32
v 14703 35 15
v 14704 81 43
v 14705 18 9
v 14706 23 9
v 14711 60 29
v 14712 37 15
v 14713 49 25
v 14715 81 42
v 14718 42 26
v 14720 76 41
v 14721 25 15
v 14723 59 28
v 14727 85 48
v 14728 32 13
v 14729 34 17
v 14730 24 11
v 14737 25 12
v 14747 14 7
v 14907 36 19
v 14908 56 23
v 14909 9 5
v 14910 86 38
v 14911 28 16
v 14912 28 17
v 14913 7 4
v 14914 4 1
v 14915 23 13
v 14916 43 23
v 14917 66 37
v 14918 54 25
v 14919 102 45
v 14920 25 14
v 14921 13 4
v 14922 133 71
v 14923 36 22
v 14924 109 61
v 14925 9 4
v 14926 25 13
v 14927 17 11
v 14928 17 8
v 14929 19 10
v 14930 15 7
v 14931 15 6
v 14932 53 28
v 14933 87 51
v 14934 187 90
v 14935 92 44
v 14936 81 36
v 14937 6 1
v 14938 39 21
v 14939 32 15
v 14940 15 8
v 14941 105 49
v 14942 3 2
v 14943 13 5
v 14944 34 21
v 14945 80 41
v 14946 51 20
v 14947 16 8
v 14948 52 36
v 14949 57 25
v 14950 7 6
v 14951 8 5
v 14952 82 40
v 14953 84 40
v 14954 60 34
v 14955 57 25
v 14956 23 12
v 14957 57 29
v 14958 52 24
v 14959 49 26
v 14960 78 37
v 14961 23 6
v 14962 29 17
v 14967 68 32
v 14968 53 37
v 14969 62 33
v 14971 96 53
v 14974 45 20
v 14976 60 30
v 14977 17 8
v 14979 47 25
v 14983 92 33
v 14984 59 25
v 14985 43 20
v 14986 12 6
v 14993 38 21
v 15003 30 21
v 15164 109 59
v 15165 13 4
v 15166 142 59
v 15167 38 19
v 15168 44 23
v 15169 15 5
v 15170 3 1
v 15171 64 27
v 15172 30 14
v 15173 67 25
v 15174 66 29
v 15175 163 66
v 15176 40 28
v 15177 19 9
v 15178 195 85
v 15179 97 51
v 15180 223 109
v 15181 25 16
v 15182 62 27
v 15183 21 10
v 15184 35 16
v 15185 27 10
v 15186 19 7
v 15187 30 14
v 15188 95 43
v 15189 151 75
v 15190 310 152
v 15191 133 64
v 15192 105 45
v 15193 5 2
v 15194 49 21
v 15195 52 18
v 15196 25 8
v 15197 152 67
v 15198 15 5
v 15199 19 12
v 15200 48 25
v 15201 108 53
v 15202 67 29
v 15203 17 8
v 15204 87 32
v 15205 96 49
v 15206 19 10
v 15207 13 6
v 15208 98 40
v 15209 150 62
v 15210 126 68
v 15211 98 46
v 15212 58 31
v 15213 112 51
v 15214 86 40
v 15215 78 29
v 15216 123 56
v 15217 38 13
v 15218 57 25
v 15223 103 47
v 15224 72 48
v 15225 98 46
v 15227 112 60
v 15230 76 37
v 15232 124 65
v 15233 53 28
v 15235 89 47
v 15239 125 69
v 15240 73 36
v 15241 44 22
v 15242 24 8
v 15249 41 16
v 15259 33 14
v 15421 65 29
v 15422 238 99
v 15423 98 54
v 15424 113 62
v 15425 40 13
v 15426 12 5
v 15427 185 94
v 15428 240 135
v 15429 236 138
v 15430 162 88
v 15431 351 174
v 15432 71 39
v 15433 35 19
v 15434 539 285
v 15435 221 127
v 15436 405 211
v 15437 84 34
v 15438 119 58
v 15439 69 38
v 15440 66 38
v 15441 53 30
v 15442 40 18
v 15443 48 29
v 15444 170 87
v 15445 334 191
v 15446 768 442
v 15447 307 141
v 15448 402 202
v 15449 28 17
v 15450 126 63
v 15451 126 64
v 15452 60 31
v 15453 365 195
v 15454 32 15
v 15455 65 36
v 15456 120 73
v 15457 300 172
v 15458 149 95
v 15459 67 38
v 15460 168 78
v 15461 257 141
v 15462 50 23
v 15463 24 10
v 15464 337 180
v 15465 335 175
v 15466 292 159
v 15467 188 88
v 15468 129 73
v 15469 318 189
v 15470 163 74
v 15471 300 170
v 15472 358 183
v 15473 103 45
v 15474 111 65
v 15479 275 138
v 15480 205 119
v 15481 263 143
v 15483 370 213
v 15486 158 88
v 15488 286 161
v 15489 135 73
v 15491 238 134
v 15495 333 152
v 15496 173 101
v 15497 144 74
v 15498 45 23
v 15505 127 71
v 15515 71 47
v 15678 50 23
v 15679 13 7
v 15680 15 10
v 15681 2 1
v 15682 2 0
v 15683 42 19
v 15684 33 19
v 15685 32 21
v 15686 33 11
v 15687 60 24
v 15688 9 6
v 15689 12 7
v 15690 102 48
v 15691 31 16
v 15692 77 32
v 15693 10 5
v 15694 22 9
v 15695 15 8
v 15696 13 7
v 15697 7 4
v 15698 12 2
v 15699 11 5
v 15700 39 23
v 15701 69 37
v 15702 134 70
v 15703 41 18
v 15704 50 25
v 15706 24 11
v 15707 34 15
v 15708 15 4
v 15709 57 25
v 15710 5 3
v 15711 4 3
v 15712 13 5
v 15713 45 20
v 15714 45 23
v 15715 11 6
v 15716 39 24
v 15717 34 18
v 15718 8 5
v 15719 4 2
v 15720 50 30
v 15721 52 22
v 15722 33 18
v 15723 28 10
v 15724 14 8
v 15725 53 35
v 15726 32 10
v 15727 32 19
v 15728 42 18
v 15729 29 20
v 15730 13 6
v 15735 43 22
v 15736 20 12
v 15737 40 20
v 15739 49 25
v 15742 19 9
v 15744 44 22
v 15745 18 11
v 15747 48 22
v 15751 51 26
v 15752 38 18
v 15753 20 13
v 15754 11 6
v 15761 27 15
v 15771 10 3
v 15935 102 63
v 15936 151 87
v 15937 30 19
v 15938 16 5
v 15939 188 101
v 15940 177 104
v 15941 265 160
v 15942 198 118
v 15943 569 275
v 15944 130 78
v 15945 57 34
v 15946 640 355
v 15947 188 111
v 15948 549 312
v 15949 69 38
v 15950 149 87
v 15951 45 27
v 15952 77 41
v 15953 70 35
v 15954 58 23
v 15955 72 34
v 15956 267 151
v 15957 411 235
v 15958 850 465
v 15959 370 183
v 15960 418 229
v 15961 31 16
v 15962 151 74
v 15963 176 89
v 15964 82 41
v 15965 633 312
v 15966 29 16
v 15967 73 37
v 15968 146 85
v 15969 350 189
v 15970 176 111
v 15971 66 39
v 15972 281 165
v 15973 269 155
v 15974 68 44
v 15975 51 31
v 15976 349 183
v 15977 465 257
v 15978 353 209
v 15979 245 123
v 15980 149 94
v 15981 361 219
v 15982 216 122
v 15983 218 113
v 15984 378 201
v 15985 94 51
v 15986 156 92
v 15991 328 184
v 15992 235 139
v 15993 260 151
v 15995 430 241
v 15998 179 90
v 16000 392 219
v 16001 155 91
v 16003 246 142
v 16007 396 200
v 16008 214 120
v 16009 168 95
v 16010 74 43
v 16017 159 92
v 16027 128 67
v 16192 42 14
v 16193 12 5
v 16194 6 2
v 16195 53 27
v 16196 68 35
v 16197 67 32
v 16198 56 25
v 16199 156 75
v 16200 32 18
v 16201 10 3
v 16202 179 105
v 16203 57 24
v 16204 127 57
v 16205 19 7
v 16206 49 16
v 16207 24 11
v 16208 21 10
v 16209 18 9
v 16210 22 8
v 16211 23 9
v 16212 71 37
v 16213 138 77
v 16214 213 90
v 16215 108 52
v 16216 101 48
v 16217 8 3
v 16218 50 29
v 16219 33 13
v 16220 17 6
v 16221 130 53
v 16222 17 9
v 16223 16 12
v 16224 35 17
v 16225 98 42
v 16226 33 22
v 16227 14 8
v 16228 85 43
v 16229 74 28
v 16230 23 9
v 16231 9 3
v 16232 109 50
v 16233 122 52
v 16234 106 58
v 16235 85 30
v 16236 61 32
v 16237 79 37
v 16238 80 28
v 16239 53 23
v 16240 91 43
v 16241 21 10
v 16242 34 18
v 16247 80 45
v 16248 41 23
v 16249 64 30
v 16251 109 50
v 16254 61 24
v 16256 114 55
v 16257 48 21
v 16259 69 33
v 16263 111 47
v 16264 46 26
v 16265 29 11
v 16266 13 6
v 16273 33 12
v 16283 22 9
v 16449 12 6
v 16450 6 4
v 16451 72 35
v 16452 69 39
v 16453 111 54
v 16454 87 34
v 16455 223 104
v 16456 45 25
v 16457 20 14
v 16458 259 126
v 16459 85 47
v 16460 219 86
v 16461 16 10
v 16462 50 20
v 16463 29 18
v 16464 22 9
v 16465 29 17
v 16466 14 6
v 16467 25 12
v 16468 122 56
v 16469 179 96
v 16470 386 187
v 16471 141 62
v 16472 138 59
v 16473 11 5
v 16474 60 29
v 16475 65 28
v 16476 26 18
v 16477 201 96
v 16478 18 9
v 16479 27 12
v 16480 62 30
v 16481 146 65
v 16482 72 40
v 16483 22 13
v 16484 117 54
v 16485 114 58
v 16486 29 13
v 16487 13 2
v 16488 213 95
v 16489 166 80
v 16490 151 73
v 16491 89 41
v 16492 66 27
v 16493 125 72
v 16494 95 44
v 16495 90 41
v 16496 154 74
v 16497 40 21
v 16498 70 31
v 16503 119 52
v 16504 74 45
v 16505 111 62
v 16507 183 108
v 16510 91 42
v 16512 165 83
v 16513 68 43
v 16515 87 40
v 16519 163 67
v 16520 103 55
v 16521 53 23
v 16522 31 13
v 16529 51 19
v 16539 38 20
v 16706 2 1
v 16707 16 5
v 16708 29 17
v 16709 19 10
v 16710 32 22
v 16711 42 26
v 16712 13 9
v 16713 3 1
v 16714 47 25
v 16715 13 5
v 16716 38 13
v 16717 9 6
v 16718 11 6
v 16719 5 2
v 16720 7 6
v 16721 5 2
v 16723 8 6
v 16724 26 10
v 16725 36 25
v 16726 76 41
v 16727 27 13
v 16728 36 21
v 16729 2 1
v 16730 15 6
v 16731 19 9
v 16732 7 4
v 16733 52 25
v 16734 9 3
v 16735 6 5
v 16736 14 7
v 16737 36 26
v 16738 26 17
v 16739 5 0
v 16740 44 25
v 16741 15 10
v 16742 7 3
v 16743 5 4
v 16744 23 13
v 16745 28 14
v 16746 36 19
v 16747 15 4
v 16748 14 5
v 16749 28 16
v 16750 20 8
v 16751 9 6
v 16752 57 31
v 16753 10 4
v 16754 21 15
v 16759 34 16
v 16760 31 24
v 16761 24 9
v 16763 46 19
v 16766 15 11
v 16768 33 15
v 16769 11 4
v 16771 22 16
v 16775 35 17
v 16776 28 17
v 16777 10 8
v 16778 4 3
v 16785 11 5
v 16795 11 6
v 16963 4 3
v 16964 11 8
v 16965 10 7
v 16966 7 2
v 16967 23 10
v 16968 7 5
v 16969 1 1
v 16970 29 15
v 16971 3 2
v 16972 20 8
v 16973 1 0
v 16974 10 3
v 16975 3 2
v 16976 4 1
v 16978 3 2
v 16979 2 2
v 16980 10 7
v 16981 20 9
v 16982 35 15
v 16983 11 5
v 16984 10 4
v 16985 1 0
v 16986 8 3
v 16987 8 5
v 16988 1 1
v 16989 21 7
v 16991 2 0
v 16992 2 1
v 16993 18 7
v 16994 5 2
v 16995 4 0
v 16996 10 5
v 16997 15 5
v 16998 3 1
v 17000 11 7
v 17001 19 8
v 17002 11 7
v 17003 13 5
v 17004 4 2
v 17005 17 10
v 17006 11 7
v 17007 9 6
v 17008 17 13
v 17009 4 3
v 17010 3 2
v 17015 12 6
v 17016 13 8
v 17017 9 2
v 17019 16 9
v 17022 7 2
v 17024 12 5
v 17025 7 5
v 17027 11 5
v 17031 13 5
v 17032 5 0
v 17033 6 4
v 17034 1 0
v 17041 6 4
v 17051 3 1
v 17220 150 93
v 17221 132 70
v 17222 116 64
v 17223 310 138
v 17224 27 17
v 17225 25 15
v 17226 280 135
v 17227 138 78
v 17228 289 139
v 17229 30 15
v 17230 56 32
v 17231 30 17
v 17232 44 21
v 17233 35 14
v 17234 29 10
v 17235 33 16
v 17236 142 72
v 17237 178 78
v 17238 450 253
v 17239 222 117
v 17240 212 102
v 17241 13 7
v 17242 78 41
v 17243 61 35
v 17244 36 14
v 17245 279 131
v 17246 27 8
v 17247 32 13
v 17248 63 38
v 17249 198 113
v 17250 121 64
v 17251 39 21
v 17252 152 74
v 17253 157 82
v 17254 20 12
v 17255 10 4
v 17256 218 104
v 17257 177 91
v 17258 195 93
v 17259 86 35
v 17260 64 33
v 17261 163 83
v 17262 110 48
v 17263 137 75
v 17264 294 143
v 17265 73 34
v 17266 77 47
v 17271 151 80
v 17272 113 59
v 17273 181 94
v 17275 222 118
v 17278 100 51
v 17280 225 110
v 17281 93 53
v 17283 138 80
v 17287 222 112
v 17288 114 57
v 17289 88 45
v 17290 32 15
v 17297 92 48
v 17307 29 11
v 17477 152 73
v 17478 122 52
v 17479 259 122
v 17480 54 27
v 17481 25 15
v 17482 363 174
v 17483 102 52
v 17484 293 144
v 17485 47 27
v 17486 81 44
v 17487 31 15
v 17488 48 22
v 17489 25 11
v 17490 26 13
v 17491 39 22
v 17492 148 79
v 17493 212 107
v 17494 458 232
v 17495 201 108
v 17496 197 101
v 17497 10 5
v 17498 88 39
v 17499 125 59
v 17500 46 20
v 17501 166 91
v 17502 47 24
v 17503 22 13
v 17504 70 40
v 17505 240 126
v 17506 71 36
v 17507 19 4
v 17508 129 67
v 17509 145 64
v 17510 40 22
v 17511 12 9
v 17512 225 112
v 17513 214 98
v 17514 208 96
v 17515 128 57
v 17516 69 38
v 17517 171 97
v 17518 138 71
v 17519 143 68
v 17520 215 107
v 17521 85 31
v 17522 59 34
v 17527 165 82
v 17528 127 67
v 17529 150 75
v 17531 192 92
v 17534 123 47
v 17536 194 99
v 17537 104 51
v 17539 129 68
v 17543 194 102
v 17544 121 66
v 17545 101 52
v 17546 47 17
v 17553 70 35
v 17563 49 21
v 17734 130 68
v 17735 330 155
v 17736 76 37
v 17737 35 13
v 17738 420 196
v 17739 133 80
v 17740 347 166
v 17741 48 15
v 17742 102 48
v 17743 38 19
v 17744 83 41
v 17745 38 18
v 17746 38 18
v 17747 37 21
v 17748 142 76
v 17749 280 137
v 17750 434 207
v 17751 246 128
v 17752 302 139
v 17753 17 8
v 17754 109 56
v 17755 139 72
v 17756 41 15
v 17757 298 144
v 17758 54 25
v 17759 28 19
v 17760 122 60
v 17761 218 114
v 17762 138 77
v 17763 39 20
v 17764 155 67
v 17765 182 95
v 17766 41 22
v 17767 19 9
v 17768 286 137
v 17769 259 120
v 17770 262 124
v 17771 188 87
v 17772 99 55
v 17773 198 96
v 17774 162 74
v 17775 142 74
v 17776 276 130
v 17777 78 32
v 17778 93 40
v 17783 215 108
v 17784 150 72
v 17785 147 76
v 17787 288 151
v 17790 121 64
v 17792 214 107
v 17793 105 59
v 17795 170 93
v 17799 286 126
v 17800 130 63
v 17801 97 43
v 17802 55 29
v 17809 93 50
v 17819 78 43
v 17991 345 174
v 17992 48 28
v 17993 34 21
v 17994 365 184
v 17995 111 61
v 17996 271 136
v 17997 25 15
v 17998 55 23
v 17999 27 15
v 18000 52 21
v 18001 35 21
v 18002 30 12
v 18003 32 20
v 18004 121 58
v 18005 248 129
v 18006 493 258
v 18007 182 95
v 18008 240 122
v 18009 17 10
v 18010 75 36
v 18011 92 50
v 18012 36 12
v 18013 328 166
v 18014 14 8
v 18015 32 18
v 18016 88 48
v 18017 243 121
v 18018 137 78
v 18019 33 20
v 18020 177 81
v 18021 143 68
v 18022 23 13
v 18023 17 7
v 18024 216 112
v 18025 207 99
v 18026 196 90
v 18027 142 72
v 18028 74 33
v 18029 165 91
v 18030 193 94
v 18031 115 63
v 18032 183 82
v 18033 73 37
v 18034 96 53
v 18039 141 72
v 18040 115 60
v 18041 121 58
v 18043 196 108
v 18046 130 64
v 18048 240 134
v 18049 102 63
v 18051 135 68
v 18055 209 103
v 18056 129 67
v 18057 86 49
v 18058 48 26
v 18065 84 46
v 18075 52 30
v 18248 172 88
v 18249 78 48
v 18250 964 444
v 18251 260 134
v 18252 709 335
v 18253 76 41
v 18254 176 82
v 18255 126 75
v 18256 127 67
v 18257 77 35
v 18258 70 29
v 18259 98 51
v 18260 329 165
v 18261 644 354
v 18262 1264 659
v 18263 471 255
v 18264 566 258
v 18265 32 20
v 18266 221 91
v 18267 211 102
v 18268 90 47
v 18269 696 357
v 18270 64 35
v 18271 78 37
v 18272 196 106
v 18273 500 279
v 18274 365 187
v 18275 82 48
v 18276 389 196
v 18277 401 227
v 18278 67 36
v 18279 45 19
v 18280 473 263
v 18281 559 293
v 18282 559 297
v 18283 326 162
v 18284 317 180
v 18285 428 234
v 18286 313 150
v 18287 320 157
v 18288 501 248
v 18289 171 98
v 18290 201 104
v 18295 438 229
v 18296 234 139
v 18297 369 179
v 18299 589 324
v 18302 318 173
v 18304 514 270
v 18305 281 155
v 18307 342 187
v 18311 583 292
v 18312 291 174
v 18313 185 109
v 18314 115 59
v 18321 184 97
v 18331 140 65
v 18505 14 6
v 18506 163 74
v 18507 53 30
v 18508 148 68
v 18509 22 9
v 18510 37 16
v 18511 27 12
v 18512 26 11
v 18513 13 5
v 18514 15 6
v 18515 29 16
v 18516 68 30
v 18517 130 61
v 18518 228 95
v 18519 95 34
v 18520 105 48
v 18521 8 6
v 18522 47 21
v 18523 50 26
v 18524 13 4
v 18525 156 69
v 18526 12 6
v 18527 12 6
v 18528 32 11
v 18529 99 43
v 18530 48 28
v 18531 13 8
v 18532 70 35
v 18533 71 30
v 18534 20 9
v 18535 15 8
v 18536 100 41
v 18537 103 49
v 18538 78 39
v 18539 52 25
v 18540 35 21
v 18541 92 49
v 18542 70 28
v 18543 44 19
v 18544 117 52
v 18545 35 11
v 18546 39 21
v 18551 111 43
v 18552 48 27
v 18553 64 32
v 18555 116 60
v 18558 60 22
v 18560 109 51
v 18561 56 24
v 18563 83 38
v 18567 113 60
v 18568 57 25
v 18569 53 21
v 18570 24 12
v 18577 38 20
v 18587 24 9
v 18762 93 41
v 18763 28 11
v 18764 59 20
v 18765 12 4
v 18766 11 6
v 18767 5 3
v 18768 11 5
v 18769 12 8
v 18770 10 5
v 18771 15 6
v 18772 35 16
v 18773 54 20
v 18774 127 56
v 18775 48 17
v 18776 55 22
v 18777 1 0
v 18778 23 6
v 18779 17 10
v 18780 9 3
v 18781 83 33
v 18782 6 3
v 18783 8 3
v 18784 12 6
v 18785 54 28
v 18786 36 11
v 18787 8 3
v 18788 41 16
v 18789 41 22
v 18790 8 3
v 18792 42 17
v 18793 58 26
v 18794 56 29
v 18795 25 12
v 18796 21 9
v 18797 35 17
v 18798 37 11
v 18799 31 12
v 18800 42 15
v 18801 25 9
v 18802 29 16
v 18807 45 18
v 18808 24 7
v 18809 26 13
v 18811 64 34
v 18814 31 14
v 18816 66 32
v 18817 21 8
v 18819 30 16
v 18823 61 16
v 18824 23 4
v 18825 20 11
v 18826 10 4
v 18833 13 9
v 18843 9 7
v 19019 283 157
v 19020 926 430
v 19021 96 53
v 19022 246 122
v 19023 107 50
v 19024 166 90
v 19025 93 45
v 19026 89 42
v 19027 136 68
v 19028 473 270
v 19029 692 355
v 19030 1491 749
v 19031 656 331
v 19032 621 300
v 19033 27 15
v 19034 284 135
v 19035 294 142
v 19036 128 62
v 19037 805 429
v 19038 46 22
v 19039 83 46
v 19040 245 122
v 19041 656 345
v 19042 266 158
v 19043 110 57
v 19044 515 263
v 19045 465 251
v 19046 104 53
v 19047 53 30
v 19048 648 318
v 19049 760 380
v 19050 633 351
v 19051 378 184
v 19052 243 131
v 19053 515 291
v 19054 389 177
v 19055 367 184
v 19056 639 315
v 19057 207 101
v 19058 221 110
v 19063 542 269
v 19064 490 255
v 19065 461 232
v 19067 693 372
v 19070 533 256
v 19072 683 348
v 19073 346 181
v 19075 439 241
v 19079 699 331
v 19080 411 224
v 19081 233 122
v 19082 110 59
v 19089 261 150
v 19099 151 88
v 19276 249 111
v 19277 43 20
v 19278 80 32
v 19279 34 19
v 19280 42 19
v 19281 44 22
v 19282 21 8
v 19283 34 16
v 19284 141 64
v 19285 205 119
v 19286 500 249
v 19287 210 103
v 19288 234 83
v 19289 16 7
v 19290 90 41
v 19291 56 27
v 19292 30 13
v 19293 290 119
v 19294 12 5
v 19295 24 13
v 19296 87 52
v 19297 192 100
v 19298 74 48
v 19299 41 28
v 19300 138 66
v 19301 185 87
v 19302 37 21
v 19303 20 8
v 19304 223 106
v 19305 183 87
v 19306 177 85
v 19307 124 58
v 19308 83 42
v 19309 164 89
v 19310 130 53
v 19311 130 63
v 19312 163 80
v 19313 70 27
v 19314 84 41
v 19319 186 99
v 19320 101 53
v 19321 133 74
v 19323 211 108
v 19326 104 62
v 19328 231 115
v 19329 95 44
v 19331 121 66
v 19335 194 98
v 19336 109 56
v 19337 83 45
v 19338 30 20
v 19345 75 46
v 19355 37 16
v 19533 90 48
v 19534 179 90
v 19535 86 50
v 19536 120 62
v 19537 72 47
v 19538 81 37
v 19539 85 47
v 19540 367 209
v 19541 527 306
v 19542 893 470
v 19543 508 247
v 19544 621 292
v 19545 30 19
v 19546 242 111
v 19547 217 95
v 19548 86 41
v 19549 647 347
v 19550 48 22
v 19551 43 25
v 19552 171 99
v 19553 479 252
v 19554 267 167
v 19555 86 52
v 19556 330 181
v 19557 373 207
v 19558 108 67
v 19559 47 22
v 19560 583 327
v 19561 564 284
v 19562 454 228
v 19563 295 157
v 19564 164 95
v 19565 406 224
v 19566 339 173
v 19567 287 164
v 19568 535 278
v 19569 187 83
v 19570 180 111
v 19575 441 232
v 19576 248 119
v 19577 356 169
v 19579 562 309
v 19582 256 153
v 19584 491 286
v 19585 161 91
v 19587 366 198
v 19591 518 256
v 19592 285 139
v 19593 197 107
v 19594 107 59
v 19601 197 101
v 19611 117 72
v 19790 30 15
v 19791 9 7
v 19792 15 4
v 19793 4 2
v 19794 10 5
v 19795 9 7
v 19796 36 24
v 19797 76 42
v 19798 164 93
v 19799 75 35
v 19800 58 27
v 19801 12 8
v 19802 39 25
v 19803 27 16
v 19804 15 5
v 19805 95 45
v 19806 2 2
v 19807 10 6
v 19808 16 11
v 19809 55 24
v 19810 36 19
v 19811 10 7
v 19812 29 14
v 19813 55 28
v 19814 14 6
v 19815 7 5
v 19816 64 34
v 19817 61 33
v 19818 57 24
v 19819 33 20
v 19820 15 10
v 19821 56 24
v 19822 29 13
v 19823 52 29
v 19824 47 26
v 19825 27 15
v 19826 15 6
v 19831 36 24
v 19832 35 23
v 19833 53 27
v 19835 59 24
v 19838 29 19
v 19840 57 37
v 19841 28 16
v 19843 44 28
v 19847 65 27
v 19848 38 21
v 19849 26 15
v 19850 11 7
v 19857 24 11
v 19867 12 4
v 20047 21 12
v 20048 36 21
v 20049 18 13
v 20050 20 8
v 20051 26 15
v 20052 75 42
v 20053 142 89
v 20054 294 159
v 20055 127 65
v 20056 124 60
v 20057 10 5
v 20058 55 27
v 20059 64 30
v 20060 28 12
v 20061 166 80
v 20062 10 4
v 20063 12 6
v 20064 50 27
v 20065 114 65
v 20066 58 28
v 20067 24 16
v 20068 97 51
v 20069 90 47
v 20070 16 10
v 20071 22 11
v 20072 122 59
v 20073 145 74
v 20074 112 61
v 20075 92 41
v 20076 46 25
v 20077 86 48
v 20078 75 44
v 20079 67 41
v 20080 136 68
v 20081 27 17
v 20082 44 26
v 20087 123 67
v 20088 94 60
v 20089 100 47
v 20091 147 75
v 20094 62 28
v 20096 137 70
v 20097 53 25
v 20099 94 48
v 20103 142 67
v 20104 70 38
v 20105 41 19
v 20106 21 13
v 20113 56 26
v 20123 40 27
v 20304 15 6
v 20305 14 7
v 20306 18 7
v 20307 12 8
v 20308 52 23
v 20309 69 41
v 20310 142 67
v 20311 71 30
v 20312 79 38
v 20313 2 1
v 20314 30 16
v 20315 21 13
v 20316 16 9
v 20317 79 44
v 20318 4 2
v 20319 4 0
v 20320 26 8
v 20321 84 48
v 20322 32 13
v 20323 11 8
v 20324 44 24
v 20325 48 25
v 20326 12 7
v 20327 4 2
v 20328 54 31
v 20329 68 28
v 20330 47 21
v 20331 45 23
v 20332 19 9
v 20333 50 28
v 20334 37 17
v 20335 47 21
v 20336 80 35
v 20337 17 9
v 20338 28 10
v 20343 52 32
v 20344 35 15
v 20345 67 31
v 20347 64 35
v 20350 35 20
v 20352 58 29
v 20353 33 14
v 20355 56 18
v 20359 70 32
v 20360 42 23
v 20361 31 19
v 20362 15 8
v 20369 26 9
v 20379 18 11
v 20561 10 3
v 20562 15 11
v 20563 24 14
v 20564 46 23
v 20565 100 52
v 20566 206 99
v 20567 98 46
v 20568 98 49
v 20569 10 7
v 20570 45 23
v 20571 38 18
v 20572 14 6
v 20573 150 76
v 20574 7 4
v 20575 7 3
v 20576 31 19
v 20577 97 58
v 20578 54 32
v 20579 17 6
v 20580 59 33
v 20581 72 32
v 20582 14 7
v 20583 11 5
v 20584 111 59
v 20585 108 55
v 20586 98 36
v 20587 55 38
v 20588 41 14
v 20589 90 45
v 20590 59 31
v 20591 50 29
v 20592 95 49
v 20593 29 11
v 20594 29 18
v 20599 80 41
v 20600 50 29
v 20601 65 33
v 20603 113 60
v 20606 40 25
v 20608 81 40
v 20609 34 14
v 20611 65 29
v 20615 82 41
v 20616 58 25
v 20617 34 16
v 20618 13 3
v 20625 32 14
v 20635 22 14
v 20818 9 5
v 20819 13 10
v 20820 54 34
v 20821 80 49
v 20822 122 62
v 20823 69 33
v 20824 72 38
v 20825 4 1
v 20826 32 15
v 20827 22 14
v 20828 14 9
v 20829 77 37
v 20830 5 4
v 20831 14 6
v 20832 21 12
v 20833 69 37
v 20834 32 18
v 20835 8 4
v 20836 35 19
v 20837 46 24
v 20838 8 1
v 20839 8 3
v 20840 69 38
v 20841 60 29
v 20842 60 38
v 20843 40 17
v 20844 18 11
v 20845 51 25
v 20846 28 14
v 20847 33 16
v 20848 39 16
v 20849 23 12
v 20850 31 15
v 20855 57 25
v 20856 43 24
v 20857 46 23
v 20859 78 37
v 20862 36 15
v 20864 70 38
v 20865 32 19
v 20867 40 23
v 20871 56 20
v 20872 28 17
v 20873 26 8
v 20874 8 5
v 20881 25 14
v 20891 13 9
v 21075 13 6
v 21076 34 16
v 21077 68 32
v 21078 121 68
v 21079 52 29
v 21080 66 28
v 21081 5 1
v 21082 21 11
v 21083 25 12
v 21084 16 5
v 21085 67 37
v 21086 9 5
v 21087 8 4
v 21088 14 9
v 21089 37 16
v 21090 24 16
v 21091 8 4
v 21092 44 22
v 21093 47 24
v 21094 11 8
v 21095 5 2
v 21096 58 26
v 21097 59 24
v 21098 67 39
v 21099 45 27
v 21100 16 7
v 21101 39 24
v 21102 32 21
v 21103 29 18
v 21104 31 13
v 21105 26 15
v 21106 21 9
v 21111 37 16
v 21112 36 19
v 21113 39 13
v 21115 81 45
v 21118 24 15
v 21120 42 19
v 21121 12 5
v 21123 36 17
v 21127 35 18
v 21128 30 16
v 21129 31 14
v 21130 5 2
v 21137 25 13
v 21147 13 5
v 21332 49 22
v 21333 84 42
v 21334 156 73
v 21335 59 29
v 21336 78 39
v 21337 3 0
v 21338 33 14
v 21339 26 10
v 21340 11 2
v 21341 88 44
v 21342 11 3
v 21343 19 9
v 21344 29 18
v 21345 87 48
v 21346 77 41
v 21347 7 2
v 21348 54 28
v 21349 53 29
v 21350 15 6
v 21351 6 2
v 21352 74 33
v 21353 79 22
v 21354 77 38
v 21355 38 12
v 21356 27 17
v 21357 59 35
v 21358 47 16
v 21359 44 22
v 21360 67 29
v 21361 22 11
v 21362 27 12
v 21367 43 19
v 21368 28 13
v 21369 48 24
v 21371 61 29
v 21374 22 11
v 21376 67 27
v 21377 35 12
v 21379 54 23
v 21383 72 40
v 21384 53 24
v 21385 20 9
v 21386 21 10
v 21393 28 14
v 21403 15 4
v 21589 288 146
v 21590 580 270
v 21591 266 125
v 21592 278 131
v 21593 17 11
v 21594 82 37
v 21595 108 48
v 21596 41 15
v 21597 369 166
v 21598 21 11
v 21599 36 18
v 21600 101 57
v 21601 271 150
v 21602 170 97
v 21603 47 27
v 21604 207 100
v 21605 191 90
v 21606 49 20
v 21607 20 10
v 21608 286 135
v 21609 292 120
v 21610 242 117
v 21611 157 71
v 21612 105 51
v 21613 249 135
v 21614 157 72
v 21615 134 68
v 21616 250 125
v 21617 75 38
v 21618 108 58
v 21623 196 97
v 21624 127 75
v 21625 169 66
v 21627 293 137
v 21630 141 70
v 21632 270 132
v 21633 128 69
v 21635 170 80
v 21639 293 132
v 21640 161 75
v 21641 91 45
v 21642 40 22
v 21649 86 45
v 21659 77 35
v 21846 924 425
v 21847 385 184
v 21848 440 193
v 21849 31 14
v 21850 172 83
v 21851 178 87
v 21852 69 38
v 21853 541 248
v 21854 60 30
v 21855 67 34
v 21856 160 83
v 21857 426 190
v 21858 331 163
v 21859 63 35
v 21860 291 132
v 21861 292 142
v 21862 71 43
v 21863 34 13
v 21864 352 168
v 21865 482 222
v 21866 375 177
v 21867 232 109
v 21868 160 74
v 21869 327 171
v 21870 298 137
v 21871 256 127
v 21872 426 186
v 21873 152 71
v 21874 182 92
v 21879 328 147
v 21880 216 112
v 21881 316 140
v 21883 438 207
v 21886 176 83
v 21888 622 312
v 21889 160 80
v 21891 277 138
v 21895 430 187
v 21896 277 117
v 21897 163 72
v 21898 92 45
v 21905 160 83
v 21915 84 46
v 22103 842 415
v 22104 936 461
v 22105 42 21
v 22106 399 186
v 22107 320 145
v 22108 154 69
v 22109 1085 539
v 22110 88 53
v 22111 105 56
v 22112 288 159
v 22113 659 333
v 22114 371 222
v 22115 150 90
v 22116 609 295
v 22117 613 328
v 22118 142 75
v 22119 84 35
v 22120 931 419
v 22121 941 482
v 22122 798 373
v 22123 545 259
v 22124 211 125
v 22125 694 373
v 22126 532 232
v 22127 443 217
v 22128 766 342
v 22129 267 126
v 22130 352 179
v 22135 733 372
v 22136 456 237
v 22137 581 298
v 22139 892 455
v 22142 493 253
v 22144 881 475
v 22145 373 222
v 22147 541 297
v 22151 884 401
v 22152 522 268
v 22153 324 166
v 22154 158 76
v 22161 310 166
v 22171 201 102
v 22360 378 191
v 22361 20 9
v 22362 168 91
v 22363 142 70
v 22364 65 31
v 22365 345 194
v 22366 41 23
v 22367 49 29
v 22368 138 69
v 22369 331 182
v 22370 150 86
v 22371 56 29
v 22372 275 148
v 22373 292 155
v 22374 62 27
v 22375 37 16
v 22376 407 184
v 22377 387 196
v 22378 330 159
v 22379 212 93
v 22380 131 69
v 22381 241 133
v 22382 214 103
v 22383 220 104
v 22384 363 172
v 22385 104 51
v 22386 149 83
v 22391 338 168
v 22392 221 116
v 22393 248 111
v 22395 408 197
v 22398 218 122
v 22400 366 189
v 22401 160 92
v 22403 237 131
v 22407 359 178
v 22408 185 90
v 22409 144 73
v 22410 61 28
v 22417 134 67
v 22427 77 49
v 22617 39 26
v 22618 150 89
v 22619 166 91
v 22620 82 35
v 22621 535 263
v 22622 19 14
v 22623 59 33
v 22624 164 97
v 22625 382 205
v 22626 169 108
v 22627 45 29
v 22628 268 145
v 22629 343 184
v 22630 74 33
v 22631 41 18
v 22632 434 236
v 22633 459 253
v 22634 381 195
v 22635 244 124
v 22636 154 78
v 22637 299 186
v 22638 215 125
v 22639 248 140
v 22640 376 186
v 22641 118 52
v 22642 184 106
v 22647 344 195
v 22648 255 140
v 22649 279 139
v 22651 459 257
v 22654 239 138
v 22656 378 203
v 22657 149 89
v 22659 239 134
v 22663 334 202
v 22664 233 134
v 22665 155 83
v 22666 65 35
v 22673 164 86
v 22683 89 39
v 22874 13 4
v 22875 9 2
v 22876 10 4
v 22877 38 20
v 22878 4 3
v 22879 2 2
v 22880 7 1
v 22881 18 11
v 22882 6 2
v 22883 4 3
v 22884 22 14
v 22885 26 12
v 22886 5 3
v 22887 3 1
v 22888 18 7
v 22889 26 12
v 22890 38 20
v 22891 20 5
v 22892 3 2
v 22893 19 10
v 22894 13 4
v 22895 14 7
v 22896 19 8
v 22897 15 11
v 22898 3 2
v 22903 26 16
v 22904 18 13
v 22905 23 8
v 22907 25 15
v 22910 11 5
v 22912 23 10
v 22913 7 4
v 22915 11 5
v 22919 30 13
v 22920 12 8
v 22921 13 9
v 22922 3 2
v 22929 4 3
v 22939 6 3
v 23131 80 47
v 23132 31 16
v 23133 193 101
v 23134 12 4
v 23135 13 11
v 23136 54 32
v 23137 147 73
v 23138 88 47
v 23139 26 16
v 23140 105 56
v 23141 111 57
v 23142 26 16
v 23143 14 7
v 23144 175 87
v 23145 197 118
v 23146 159 74
v 23147 92 53
v 23148 69 41
v 23149 132 82
v 23150 97 50
v 23151 73 37
v 23152 190 107
v 23153 57 28
v 23154 46 26
v 23159 127 63
v 23160 78 50
v 23161 111 61
v 23163 210 105
v 23166 100 52
v 23168 139 73
v 23169 67 39
v 23171 132 72
v 23175 184 93
v 23176 93 56
v 23177 67 37
v 23178 26 19
v 23185 54 30
v 23195 36 21
v 23388 43 20
v 23389 169 90
v 23390 8 7
v 23391 25 10
v 23392 56 33
v 23393 142 75
v 23394 78 47
v 23395 25 15
v 23396 126 70
v 23397 109 56
v 23398 27 12
v 23399 14 9
v 23400 138 67
v 23401 220 118
v 23402 181 89
v 23403 100 58
v 23404 44 17
v 23405 163 93
v 23406 114 45
v 23407 108 53
v 23408 192 93
v 23409 66 31
v 23410 40 21
v 23415 145 74
v 23416 88 48
v 23417 141 72
v 23419 198 108
v 23422 82 40
v 23424 148 77
v 23425 53 28
v 23427 107 59
v 23431 186 89
v 23432 102 52
v 23433 81 41
v 23434 39 21
v 23441 76 38
v 23451 36 20
v 23645 65 35
v 23646 8 7
v 23647 8 3
v 23648 26 14
v 23649 66 36
v 23650 37 16
v 23651 9 6
v 23652 49 19
v 23653 43 17
v 23654 14 6
v 23655 10 6
v 23656 69 36
v 23657 70 34
v 23658 67 42
v 23659 38 20
v 23660 22 11
v 23661 62 35
v 23662 51 29
v 23663 50 27
v 23664 77 39
v 23665 25 16
v 23666 24 11
v 23671 61 23
v 23672 53 30
v 23673 68 27
v 23675 87 50
v 23678 38 25
v 23680 69 40
v 23681 28 16
v 23683 54 33
v 23687 78 42
v 23688 34 18
v 23689 31 19
v 23690 14 7
v 23697 25 15
v 23707 14 8
v 23902 47 34
v 23903 75 34
v 23904 176 98
v 23905 486 249
v 23906 234 136
v 23907 102 59
v 23908 348 195
v 23909 325 171
v 23910 105 59
v 23911 36 13
v 23912 469 240
v 23913 406 165
v 23914 571 329
v 23915 345 170
v 23916 197 105
v 23917 379 203
v 23918 299 154
v 23919 296 157
v 23920 615 304
v 23921 154 72
v 23922 196 102
v 23927 410 213
v 23928 300 169
v 23929 250 97
v 23931 539 275
v 23934 282 155
v 23936 482 251
v 23937 194 97
v 23939 280 139
v 23943 515 254
v 23944 292 144
v 23945 209 102
v 23946 99 44
v 23953 203 118
v 23963 126 63
v 24159 5 3
v 24160 10 3
v 24161 38 16
v 24162 21 11
v 24163 11 6
v 24164 26 11
v 24165 28 14
v 24166 3 2
v 24167 1 0
v 24168 46 17
v 24169 41 12
v 24170 49 22
v 24171 16 6
v 24172 20 11
v 24173 23 12
v 24174 37 17
v 24175 22 13
v 24176 33 13
v 24177 12 5
v 24178 11 5
v 24183 28 13
v 24184 17 5
v 24185 19 9
v 24187 45 23
v 24190 23 12
v 24192 40 24
v 24193 8 5
v 24195 21 7
v 24199 39 13
v 24200 17 12
v 24201 10 5
v 24202 8 3
v 24209 9 6
v 24219 5 2
v 24416 11 10
v 24417 66 30
v 24418 24 13
v 24419 7 5
v 24420 41 16
v 24421 33 17
v 24422 17 8
v 24423 4 2
v 24424 60 33
v 24425 49 24
v 24426 54 28
v 24427 27 15
v 24428 21 12
v 24429 39 20
v 24430 29 11
v 24431 25 9
v 24432 35 11
v 24433 13 4
v 24434 19 7
v 24439 31 12
v 24440 18 10
v 24441 34 17
v 24443 45 22
v 24446 23 14
v 24448 52 25
v 24449 28 11
v 24451 18 10
v 24455 61 30
v 24456 43 22
v 24457 26 11
v 24458 13 6
v 24465 16 6
v 24475 18 7
v 24673 140 76
v 24674 73 36
v 24675 25 13
v 24676 98 45
v 24677 98 58
v 24678 19 9
v 24679 19 12
v 24680 136 62
v 24681 172 83
v 24682 153 67
v 24683 81 35
v 24684 58 32
v 24685 92 44
v 24686 81 35
v 24687 80 28
v 24688 128 56
v 24689 56 25
v 24690 45 21
v 24695 113 48
v 24696 92 46
v 24697 105 42
v 24699 142 57
v 24702 71 35
v 24704 145 60
v 24705 74 31
v 24707 88 32
v 24711 150 76
v 24712 79 32
v 24713 56 29
v 24714 23 11
v 24721 58 33
v 24731 28 14
v 24930 173 96
v 24931 65 34
v 24932 273 141
v 24933 237 134
v 24934 53 29
v 24935 34 16
v 24936 359 180
v 24937 404 198
v 24938 330 164
v 24939 214 108
v 24940 127 69
v 24941 324 174
v 24942 204 105
v 24943 224 114
v 24944 351 166
v 24945 137 69
v 24946 134 66
v 24951 276 133
v 24952 193 98
v 24953 282 133
v 24955 412 211
v 24958 181 87
v 24960 361 185
v 24961 177 92
v 24963 242 138
v 24967 442 216
v 24968 226 130
v 24969 144 73
v 24970 63 28
v 24977 142 71
v 24987 77 39
v 25187 37 20
v 25188 152 68
v 25189 96 46
v 25190 33 15
v 25191 25 12
v 25192 179 87
v 25193 197 93
v 25194 186 82
v 25195 136 63
v 25196 74 33
v 25197 137 70
v 25198 119 62
v 25199 103 53
v 25200 239 110
v 25201 72 36
v 25202 68 37
v 25207 167 81
v 25208 107 56
v 25209 87 36
v 25211 269 150
v 25214 109 57
v 25216 198 86
v 25217 83 43
v 25219 135 63
v 25223 216 100
v 25224 120 64
v 25225 90 34
v 25226 48 16
v 25233 57 21
v 25243 59 28
v 25444 55 25
v 25445 46 24
v 25446 6 1
v 25447 7 0
v 25448 53 25
v 25449 85 36
v 25450 54 19
v 25451 21 6
v 25452 29 9
v 25453 41 19
v 25454 41 15
v 25455 39 18
v 25456 56 24
v 25457 13 4
v 25458 16 10
v 25463 43 19
v 25464 29 17
v 25465 58 26
v 25467 59 24
v 25470 25 11
v 25472 79 41
v 25473 32 12
v 25475 38 16
v 25479 63 32
v 25480 35 17
v 25481 37 12
v 25482 13 4
v 25489 20 12
v 25499 8 4
v 25701 201 95
v 25702 31 18
v 25703 29 16
v 25704 230 124
v 25705 310 142
v 25706 281 140
v 25707 158 72
v 25708 103 38
v 25709 257 139
v 25710 188 84
v 25711 159 75
v 25712 253 111
v 25713 77 37
v 25714 105 52
v 25719 207 95
v 25720 155 87
v 25721 180 98
v 25723 291 146
v 25726 137 78
v 25728 321 163
v 25729 122 69
v 25731 191 98
v 25735 330 154
v 25736 147 77
v 25737 90 43
v 25738 51 25
v 25745 86 41
v 25755 70 27
v 25958 62 26
v 25959 25 16
v 25960 270 130
v 25961 283 132
v 25962 260 140
v 25963 184 81
v 25964 100 46
v 25965 202 110
v 25966 145 67
v 25967 157 72
v 25968 263 128
v 25969 85 39
v 25970 113 52
v 25975 237 116
v 25976 172 99
v 25977 179 90
v 25979 296 150
v 25982 145 72
v 25984 293 151
v 25985 129 73
v 25987 166 74
v 25991 295 147
v 25992 155 82
v 25993 110 50
v 25994 34 18
v 26001 112 59
v 26011 73 26
v 26215 6 4
v 26216 70 31
v 26217 75 34
v 26218 39 20
v 26219 27 17
v 26220 25 14
v 26221 63 27
v 26222 47 26
v 26223 32 13
v 26224 60 28
v 26225 23 9
v 26226 31 20
v 26231 47 18
v 26232 50 29
v 26233 50 19
v 26235 59 29
v 26238 37 23
v 26240 65 37
v 26241 20 9
v 26243 27 16
v 26247 78 31
v 26248 24 13
v 26249 24 12
v 26250 12 7
v 26257 11 6
v 26267 13 4
v 26472 46 24
v 26473 22 12
v 26474 33 19
v 26475 11 5
v 26476 14 9
v 26477 23 10
v 26478 12 6
v 26479 16 6
v 26480 43 23
v 26481 10 6
v 26482 14 11
v 26487 34 19
v 26488 14 8
v 26489 28 15
v 26491 40 23
v 26494 20 13
v 26496 29 19
v 26497 14 9
v 26499 28 15
v 26503 31 18
v 26504 20 11
v 26505 16 7
v 26506 12 1
v 26513 13 10
v 26523 11 6
v 26729 335 167
v 26730 322 175
v 26731 235 128
v 26732 163 95
v 26733 268 150
v 26734 266 139
v 26735 114 57
v 26736 199 80
v 26737 121 49
v 26738 173 88
v 26743 312 168
v 26744 232 120
v 26745 269 129
v 26747 455 239
v 26750 208 106
v 26752 394 227
v 26753 182 103
v 26755 170 76
v 26759 421 184
v 26760 217 116
v 26761 141 78
v 26762 62 31
v 26769 133 78
v 26779 73 36
v 26986 389 208
v 26987 244 126
v 26988 147 78
v 26989 294 182
v 26990 246 122
v 26991 271 126
v 26992 509 260
v 26993 147 68
v 26994 107 70
v 26999 348 180
v 27000 264 154
v 27001 326 140
v 27003 482 257
v 27006 194 108
v 27008 408 205
v 27009 154 93
v 27011 300 159
v 27015 457 212
v 27016 219 131
v 27017 192 84
v 27018 62 29
v 27025 161 86
v 27035 126 64
v 27243 237 115
v 27244 134 70
v 27245 262 143
v 27246 174 72
v 27247 145 58
v 27248 367 173
v 27249 101 39
v 27250 171 84
v 27255 306 138
v 27256 253 141
v 27257 222 102
v 27259 456 238
v 27262 214 107
v 27264 379 184
v 27265 146 71
v 27267 270 148
v 27271 380 192
v 27272 219 117
v 27273 155 79
v 27274 79 39
v 27281 125 65
v 27291 86 43
v 27500 85 42
v 27501 194 113
v 27502 143 89
v 27503 128 64
v 27504 210 101
v 27505 80 38
v 27506 99 55
v 27511 176 88
v 27512 144 86
v 27513 150 72
v 27515 240 133
v 27518 113 63
v 27520 247 118
v 27521 100 58
v 27523 154 90
v 27527 239 121
v 27528 130 64
v 27529 109 60
v 27530 38 21
v 27537 104 63
v 27547 59 36
v 27757 112 51
v 27758 87 30
v 27759 70 27
v 27760 145 67
v 27761 37 16
v 27762 61 33
v 27767 127 55
v 27768 88 47
v 27769 103 50
v 27771 136 73
v 27774 82 42
v 27776 158 75
v 27777 53 21
v 27779 87 40
v 27783 153 69
v 27784 63 32
v 27785 59 34
v 27786 27 13
v 27793 42 20
v 27803 31 13
v 28014 155 52
v 28015 204 94
v 28016 218 83
v 28017 98 45
v 28018 115 57
v 28023 250 115
v 28024 165 82
v 28025 224 82
v 28027 305 162
v 28030 170 90
v 28032 289 129
v 28033 105 55
v 28035 227 105
v 28039 361 174
v 28040 203 101
v 28041 99 41
v 28042 76 28
v 28049 139 77
v 28059 74 39
v 28271 117 48
v 28272 262 134
v 28273 88 38
v 28274 69 39
v 28279 193 105
v 28280 113 73
v 28281 171 87
v 28283 283 148
v 28286 107 48
v 28288 456 217
v 28289 86 53
v 28291 139 78
v 28295 232 131
v 28296 160 84
v 28297 98 55
v 28298 49 22
v 28305 100 59
v 28315 46 25
v 28528 237 113
v 28529 79 33
v 28530 72 36
v 28535 177 86
v 28536 153 79
v 28537 165 85
v 28539 243 125
v 28542 129 74
v 28544 176 91
v 28545 71 33
v 28547 146 76
v 28551 219 101
v 28552 147 70
v 28553 78 44
v 28554 43 27
v 28561 75 37
v 28571 61 36
v 28785 117 59
v 28786 119 60
v 28791 326 161
v 28792 159 90
v 28793 264 124
v 28795 413 213
v 28798 207 105
v 28800 367 196
v 28801 120 76
v 28803 269 147
v 28807 379 196
v 28808 215 143
v 28809 144 77
v 28810 130 69
v 28817 160 91
v 28827 87 49
v 29042 50 24
v 29047 80 41
v 29048 72 44
v 29049 104 56
v 29051 147 86
v 29054 71 32
v 29056 130 71
v 29057 53 26
v 29059 98 56
v 29063 143 78
v 29064 70 41
v 29065 51 28
v 29066 23 13
v 29073 55 34
v 29083 37 24
v 29303 83 35
v 29304 81 44
v 29305 99 42
v 29307 144 70
v 29310 88 45
v 29312 146 77
v 29313 56 27
v 29315 87 47
v 29319 145 70
v 29320 99 54
v 29321 68 37
v 29322 35 19
v 29329 54 26
v 29339 35 15
v 30584 209 101
v 30585 221 116
v 30587 449 249
v 30590 151 81
v 30592 294 159
v 30593 121 58
v 30595 187 101
v 30599 312 164
v 30600 168 89
v 30601 113 55
v 30602 55 25
v 30609 112 63
v 30619 89 42
v 30841 108 45
v 30843 225 105
v 30846 120 56
v 30848 249 117
v 30849 97 50
v 30851 140 69
v 30855 229 95
v 30856 118 50
v 30857 90 43
v 30858 39 19
v 30865 74 41
v 30875 57 22
v 31099 311 157
v 31102 140 87
v 31104 255 141
v 31105 101 55
v 31107 189 99
v 31111 273 140
v 31112 177 91
v 31113 84 48
v 31114 39 26
v 31121 106 55
v 31131 49 26
v 31614 230 112
v 31616 405 205
v 31617 171 77
v 31619 321 146
v 31623 429 188
v 31624 248 116
v 31625 174 77
v 31626 83 43
v 31633 176 94
v 31643 102 49
v 32384 223 114
v 32385 95 56
v 32387 130 63
v 32391 232 104
v 32392 115 57
v 32393 80 42
v 32394 29 11
v 32401 79 33
v 32411 50 23
v 32897 189 90
v 32899 252 119
v 32903 400 185
v 32904 221 113
v 32905 147 75
v 32906 60 28
v 32913 139 77
v 32923 111 54
v 33155 109 55
v 33159 178 87
v 33160 92 49
v 33161 54 30
v 33162 31 12
v 33169 64 35
v 33179 37 21
v 33671 277 137
v 33672 162 74
v 33673 103 49
v 33674 48 22
v 33681 106 38
v 33691 58 27
v 34696 253 131
v 34697 152 88
v 34698 73 31
v 34705 153 78
v 34715 106 55
v 34953 109 48
v 34954 44 20
v 34961 77 36
v 34971 60 21
v 35210 30 19
v 35217 59 31
v 35227 30 13
v 35473 36 21
v 35483 24 12
v 37275 42 24
s 258 422 224
s 259 106 62
s 260 11 2
s 261 312 162
s 262 33 15
s 263 410 211
s 264 23 8
s 265 420 213
s 266 5 1
s 267 117 42
s 268 14 8
s 269 105 55
s 270 867 428
s 271 115 68
s 272 51 30
s 273 183 89
s 274 24 7
s 275 167 76
s 276 140 68
s 277 493 234
s 278 283 133
s 279 120 64
s 281 378 164
s 282 563 273
s 283 337 162
s 284 136 60
s 285 439 232
s 286 296 144
s 287 331 180
s 288 64 39
s 289 153 88
s 290 127 61
s 291 212 114
s 292 287 115
s 293 110 63
s 294 75 40
s 295 232 114
s 296 119 61
s 297 14 8
s 298 119 63
s 299 153 82
s 300 15 7
s 301 103 55
s 302 28 15
s 303 145 74
s 304 29 16
s 305 527 282
s 306 177 101
s 307 92 57
s 308 82 42
s 309 104 52
s 310 31 17
s 311 257 136
s 312 24 10
s 313 64 32
s 314 83 42
s 315 111 41
s 316 310 172
s 317 47 30
s 318 348 215
s 319 72 33
s 320 143 68
s 321 37 20
s 322 15 4
s 323 9 4
s 324 185 89
s 325 215 111
s 326 30 18
s 327 497 258
s 328 77 40
s 329 31 15
s 330 623 325
s 331 196 96
s 332 442 244
s 333 70 41
s 334 126 67
s 335 65 27
s 336 33 22
s 337 47 21
s 338 50 25
s 339 72 35
s 340 214 105
s 341 413 203
s 342 778 419
s 343 337 169
s 344 369 194
s 345 1 1
s 346 175 103
s 347 116 61
s 348 72 36
s 349 127 67
s 350 9 4
s 351 13 7
s 352 105 49
s 353 330 167
s 354 158 60
s 355 52 22
s 356 235 115
s 357 262 117
s 358 77 39
s 359 30 16
s 360 353 168
s 361 450 243
s 362 329 161
s 363 239 118
s 364 121 56
s 365 17 6
s 366 230 124
s 367 218 111
s 368 381 215
s 369 105 61
s 370 86 45
s 375 277 136
s 376 174 78
s 377 285 155
s 379 411 198
s 382 209 107
s 384 339 171
s 385 132 75
s 387 227 105
s 391 366 191
s 392 217 103
s 393 132 68
s 394 12 7
s 401 51 20
s 411 80 42
s 515 105 47
s 516 42 19
s 517 395 195
s 518 524 208
s 519 354 162
s 520 536 261
s 521 557 266
s 522 160 76
s 523 217 80
s 524 415 205
s 525 139 62
s 526 710 335
s 527 74 38
s 528 35 14
s 529 243 105
s 530 447 218
s 531 248 89
s 532 171 89
s 533 589 282
s 534 388 188
s 535 57 27
s 537 418 179
s 538 653 305
s 539 386 185
s 540 26 9
s 541 50 13
s 542 421 207
s 543 413 208
s 544 120 55
s 545 39 22
s 546 179 91
s 547 288 138
s 548 271 132
s 549 123 62
s 550 17 8
s 551 315 140
s 552 116 55
s 553 170 78
s 554 76 39
s 555 121 61
s 556 163 67
s 557 128 63
s 558 157 77
s 559 122 59
s 560 526 247
s 561 270 143
s 562 218 115
s 563 99 41
s 564 107 54
s 565 295 131
s 566 507 256
s 567 24 11
s 568 113 65
s 569 44 27
s 570 71 38
s 571 106 52
s 572 44 25
s 573 38 16
s 574 371 201
s 575 122 54
s 576 172 73
s 577 27 12
s 578 16 6
s 579 204 97
s 580 232 110
s 581 32 7
s 582 191 98
s 583 461 210
s 584 100 50
s 585 47 18
s 586 745 364
s 587 237 127
s 588 494 259
s 589 17 7
s 590 14 5
s 591 65 30
s 592 69 40
s 593 22 11
s 594 57 30
s 595 68 40
s 596 224 99
s 597 335 160
s 598 882 426
s 599 412 202
s 600 354 190
s 601 28 15
s 602 172 79
s 603 135 72
s 604 36 13
s 605 525 259
s 606 31 12
s 607 38 19
s 608 12 5
s 609 174 85
s 610 37 15
s 611 9 4
s 612 238 109
s 613 362 174
s 614 42 19
s 615 25 13
s 616 46 24
s 617 426 209
s 618 343 166
s 619 207 121
s 620 17 3
s 621 332 150
s 622 218 102
s 623 183 93
s 624 371 183
s 625 136 64
s 626 155 66
s 631 332 163
s 632 154 65
s 633 258 130
s 635 490 245
s 638 178 69
s 640 399 186
s 641 12 6
s 643 239 107
s 647 67 36
s 648 206 98
s 649 51 17
s 650 87 40
s 657 143 62
s 667 34 12
s 772 15 8
s 773 30 19
s 774 99 43
s 775 123 53
s 776 104 50
s 777 119 52
s 778 36 14
s 779 54 18
s 780 114 60
s 781 41 18
s 782 179 92
s 783 33 20
s 784 14 9
s 785 53 31
s 786 146 80
s 787 84 47
s 788 32 14
s 789 116 57
s 790 51 25
s 791 31 14
s 793 105 44
s 794 65 34
s 795 36 17
s 796 37 22
s 797 110 51
s 798 38 18
s 799 28 14
s 800 21 12
s 801 36 24
s 802 44 21
s 803 49 24
s 804 98 50
s 805 5 4
s 806 17 8
s 807 58 30
s 808 10 2
s 809 26 11
s 810 39 17
s 811 54 27
s 812 41 20
s 813 18 10
s 814 34 17
s 815 42 21
s 816 157 76
s 817 155 82
s 818 16 6
s 819 18 13
s 820 21 12
s 821 62 33
s 822 135 76
s 823 67 40
s 824 22 12
s 825 21 8
s 826 11 7
s 827 31 14
s 828 96 51
s 829 13 8
s 830 76 44
s 831 18 10
s 832 24 11
s 833 11 5
s 834 2 1
s 835 67 32
s 836 26 13
s 837 68 33
s 838 65 38
s 839 84 46
s 840 29 14
s 841 13 6
s 842 187 95
s 843 15 5
s 844 133 75
s 845 15 8
s 846 49 34
s 847 7 2
s 848 22 10
s 849 15 7
s 850 16 12
s 851 6 1
s 852 43 24
s 853 62 25
s 854 154 82
s 855 34 21
s 856 86 44
s 857 9 7
s 858 50 23
s 859 35 22
s 860 16 9
s 861 132 65
s 862 12 3
s 863 14 4
s 864 35 15
s 865 107 54
s 866 48 17
s 867 14 11
s 868 38 17
s 869 47 18
s 870 11 4
s 871 4 0
s 872 91 43
s 873 71 43
s 874 100 55
s 875 62 38
s 876 29 18
s 877 70 35
s 878 55 26
s 879 30 14
s 880 37 18
s 881 29 16
s 882 32 21
s 887 47 25
s 888 63 27
s 889 46 32
s 891 56 25
s 894 45 23
s 896 85 38
s 897 45 17
s 899 25 13
s 903 140 84
s 904 29 15
s 905 38 21
s 906 25 5
s 913 50 28
s 923 16 8
s 1029 51 16
s 1030 14 9
s 1031 67 31
s 1032 15 9
s 1033 51 22
s 1034 6 1
s 1035 16 3
s 1036 10 5
s 1037 9 4
s 1038 95 42
s 1039 13 8
s 1040 5 1
s 1041 24 8
s 1042 12 6
s 1043 20 11
s 1044 23 12
s 1045 61 35
s 1046 38 20
s 1047 17 10
s 1049 36 12
s 1050 65 28
s 1051 41 22
s 1052 17 9
s 1053 47 10
s 1054 40 18
s 1055 37 17
s 1056 5 3
s 1057 26 15
s 1058 16 13
s 1059 23 9
s 1060 43 13
s 1061 13 7
s 1063 30 12
s 1064 9 4
s 1065 9 3
s 1066 14 9
s 1067 22 11
s 1068 5 3
s 1069 17 8
s 1070 6 1
s 1071 9 3
s 1072 13 4
s 1073 44 23
s 1074 15 6
s 1075 14 6
s 1076 12 8
s 1077 26 11
s 1078 15 9
s 1079 31 13
s 1080 3 2
s 1081 7 5
s 1082 3 1
s 1083 16 4
s 1084 25 15
s 1085 5 3
s 1086 44 21
s 1087 11 6
s 1088 23 14
s 1089 7 3
s 1091 4 2
s 1092 21 12
s 1093 22 12
s 1094 12 6
s 1095 46 26
s 1096 10 2
s 1097 3 0
s 1098 73 38
s 1099 25 14
s 1100 45 20
s 1101 6 3
s 1102 16 11
s 1103 5 3
s 1104 4 3
s 1105 1 0
s 1106 7 3
s 1107 9 2
s 1108 24 14
s 1109 52 22
s 1110 95 53
s 1111 38 17
s 1112 41 22
s 1113 2 1
s 1114 15 7
s 1115 20 7
s 1116 3 0
s 1117 23 11
s 1118 1 1
s 1119 2 2
s 1120 13 7
s 1121 35 16
s 1122 21 8
s 1123 7 4
s 1124 23 9
s 1125 27 15
s 1126 11 5
s 1127 1 1
s 1128 23 10
s 1129 34 15
s 1130 33 22
s 1131 23 12
s 1132 22 10
s 1133 16 8
s 1134 34 19
s 1135 26 16
s 1136 39 21
s 1137 9 4
s 1138 11 5
s 1143 26 11
s 1144 23 9
s 1145 24 9
s 1147 50 23
s 1150 18 12
s 1152 39 12
s 1153 31 18
s 1155 30 18
s 1159 44 24
s 1160 25 12
s 1161 15 9
s 1162 9 7
s 1169 10 5
s 1179 8 0
s 1286 375 171
s 1287 334 163
s 1288 541 281
s 1289 322 157
s 1290 125 56
s 1291 179 75
s 1292 320 152
s 1293 140 71
s 1294 650 336
s 1295 148 71
s 1296 49 23
s 1297 219 98
s 1298 366 178
s 1299 191 87
s 1300 136 54
s 1301 472 221
s 1302 221 97
s 1303 104 49
s 1305 362 154
s 1306 233 109
s 1307 126 65
s 1308 143 65
s 1309 439 201
s 1310 104 53
s 1311 76 42
s 1312 105 68
s 1313 157 89
s 1314 122 63
s 1315 219 111
s 1316 401 186
s 1317 31 16
s 1318 57 32
s 1319 216 99
s 1320 54 16
s 1321 136 59
s 1322 201 112
s 1323 155 82
s 1324 140 65
s 1325 54 35
s 1326 108 42
s 1327 159 79
s 1328 394 208
s 1329 473 241
s 1330 25 14
s 1331 72 40
s 1332 72 38
s 1333 211 94
s 1334 420 212
s 1335 245 127
s 1336 94 51
s 1337 33 13
s 1338 34 26
s 1339 94 42
s 1340 265 131
s 1341 31 19
s 1342 276 156
s 1343 61 31
s 1344 42 21
s 1345 26 17
s 1346 5 4
s 1347 195 106
s 1348 69 31
s 1349 258 147
s 1350 180 98
s 1351 359 195
s 1352 81 39
s 1353 49 15
s 1354 524 267
s 1355 94 50
s 1356 430 236
s 1357 48 24
s 1358 100 54
s 1359 16 7
s 1360 76 43
s 1361 55 35
s 1362 44 24
s 1363 30 11
s 1364 134 64
s 1365 227 104
s 1366 530 270
s 1367 101 46
s 1368 304 163
s 1369 22 10
s 1370 105 53
s 1371 69 38
s 1372 49 27
s 1373 509 279
s 1374 35 16
s 1375 45 22
s 1376 106 48
s 1377 288 136
s 1378 177 86
s 1379 52 22
s 1380 149 73
s 1381 174 72
s 1382 40 22
s 1383 18 4
s 1384 355 191
s 1385 178 93
s 1386 334 156
s 1387 182 105
s 1388 145 68
s 1389 268 131
s 1390 176 92
s 1391 55 26
s 1392 89 50
s 1393 87 42
s 1394 136 61
s 1399 153 76
s 1400 194 86
s 1401 85 39
s 1403 215 101
s 1406 187 94
s 1408 264 133
s 1409 148 74
s 1411 70 28
s 1415 365 197
s 1416 154 68
s 1417 133 56
s 1418 56 22
s 1425 128 58
s 1435 54 24
s 1543 569 249
s 1544 13 7
s 1545 553 258
s 1546 4 2
s 1547 146 51
s 1548 7 4
s 1549 141 61
s 1550 1109 521
s 1551 141 61
s 1552 67 30
s 1553 206 96
s 1554 22 16
s 1555 197 68
s 1556 179 83
s 1557 486 196
s 1558 362 157
s 1559 152 63
s 1561 420 141
s 1562 654 252
s 1563 392 185
s 1564 185 76
s 1565 596 252
s 1566 375 169
s 1567 375 168
s 1568 74 36
s 1569 190 93
s 1570 167 70
s 1571 183 78
s 1572 438 207
s 1573 115 45
s 1574 69 37
s 1575 284 119
s 1576 121 51
s 1577 22 11
s 1578 160 76
s 1579 218 95
s 1580 5 1
s 1581 126 59
s 1582 16 8
s 1583 170 70
s 1584 10 7
s 1585 627 296
s 1586 142 73
s 1587 183 75
s 1588 98 48
s 1589 127 55
s 1590 13 6
s 1591 325 147
s 1592 30 10
s 1593 79 38
s 1594 81 36
s 1595 147 62
s 1596 385 188
s 1597 47 20
s 1598 411 199
s 1599 81 41
s 1600 165 57
s 1601 37 16
s 1602 22 9
s 1603 11 5
s 1604 224 94
s 1605 265 108
s 1606 18 7
s 1607 600 279
s 1608 69 35
s 1609 42 19
s 1610 708 317
s 1611 226 85
s 1612 579 276
s 1613 63 31
s 1614 167 80
s 1615 68 33
s 1616 24 9
s 1617 49 18
s 1618 55 22
s 1619 134 64
s 1620 368 150
s 1621 632 275
s 1622 896 367
s 1623 388 160
s 1624 473 212
s 1625 4 1
s 1626 165 84
s 1627 149 75
s 1628 81 39
s 1629 136 63
s 1630 3 2
s 1631 9 2
s 1632 195 87
s 1633 384 164
s 1634 202 81
s 1635 75 27
s 1636 418 177
s 1637 294 138
s 1638 81 42
s 1639 49 22
s 1640 418 194
s 1641 426 198
s 1642 413 197
s 1643 263 126
s 1644 186 71
s 1645 20 8
s 1646 269 104
s 1647 223 101
s 1648 394 192
s 1649 128 61
s 1650 100 43
s 1655 349 154
s 1656 246 100
s 1657 232 105
s 1659 428 153
s 1662 225 103
s 1664 424 177
s 1665 188 71
s 1667 261 111
s 1671 448 204
s 1672 294 132
s 1673 186 86
s 1674 25 10
s 1681 57 25
s 1691 101 45
s 1800 492 244
s 1801 456 218
s 1802 180 98
s 1803 215 79
s 1804 535 288
s 1805 100 51
s 1806 793 418
s 1807 189 110
s 1808 56 20
s 1809 160 65
s 1810 416 207
s 1811 240 112
s 1812 228 122
s 1813 624 308
s 1814 329 160
s 1815 84 45
s 1817 335 135
s 1818 611 294
s 1819 426 220
s 1820 112 55
s 1821 370 160
s 1822 328 160
s 1823 396 208
s 1824 105 56
s 1825 181 94
s 1826 136 61
s 1827 230 107
s 1828 483 242
s 1829 143 67
s 1830 63 29
s 1831 225 98
s 1832 105 50
s 1833 165 85
s 1834 174 93
s 1835 189 94
s 1836 174 88
s 1837 116 57
s 1838 159 66
s 1839 176 92
s 1840 609 311
s 1841 468 244
s 1842 158 88
s 1843 98 47
s 1844 72 41
s 1845 293 123
s 1846 533 289
s 1847 285 153
s 1848 134 69
s 1849 68 40
s 1850 83 42
s 1851 116 48
s 1852 273 153
s 1853 61 34
s 1854 286 174
s 1855 124 64
s 1856 175 67
s 1857 38 27
s 1858 24 9
s 1859 243 130
s 1860 251 134
s 1861 233 110
s 1862 252 131
s 1863 387 204
s 1864 115 48
s 1865 57 20
s 1866 523 264
s 1867 242 118
s 1868 386 211
s 1869 52 30
s 1870 108 61
s 1871 76 36
s 1872 113 57
s 1873 61 31
s 1874 50 27
s 1875 67 29
s 1876 249 130
s 1877 446 225
s 1878 796 401
s 1879 403 207
s 1880 320 160
s 1881 35 23
s 1882 145 84
s 1883 174 81
s 1884 47 26
s 1885 561 280
s 1886 47 24
s 1887 55 32
s 1888 112 52
s 1889 310 138
s 1890 171 74
s 1891 52 21
s 1892 307 167
s 1893 252 127
s 1894 79 41
s 1895 22 12
s 1896 318 161
s 1897 387 194
s 1898 281 156
s 1899 165 84
s 1900 147 65
s 1901 407 187
s 1902 275 151
s 1903 238 125
s 1904 392 216
s 1905 98 52
s 1906 140 59
s 1911 265 129
s 1912 148 66
s 1913 249 112
s 1915 410 222
s 1918 177 85
s 1920 383 182
s 1921 139 66
s 1923 253 123
s 1927 365 188
s 1928 198 83
s 1929 94 43
s 1930 90 42
s 1937 149 78
s 1947 79 37
s 2057 596 320
s 2058 12 3
s 2059 133 55
s 2060 6 3
s 2061 161 85
s 2062 1047 545
s 2063 173 99
s 2064 97 57
s 2065 259 128
s 2066 11 3
s 2067 169 84
s 2068 175 97
s 2069 548 269
s 2070 386 203
s 2071 136 66
s 2073 508 252
s 2074 809 425
s 2075 447 235
s 2076 169 77
s 2077 579 300
s 2078 430 207
s 2079 555 311
s 2080 95 52
s 2081 214 119
s 2082 187 98
s 2083 277 139
s 2084 445 236
s 2085 117 65
s 2086 66 30
s 2087 316 160
s 2088 134 67
s 2089 11 2
s 2090 172 100
s 2091 236 130
s 2092 8 3
s 2093 152 84
s 2094 24 12
s 2095 189 118
s 2096 14 6
s 2097 590 327
s 2098 145 70
s 2099 130 71
s 2100 92 45
s 2101 158 64
s 2102 6 3
s 2103 325 187
s 2104 30 21
s 2105 71 32
s 2106 102 63
s 2107 156 64
s 2108 421 229
s 2109 41 20
s 2110 471 271
s 2111 81 30
s 2112 195 103
s 2113 35 21
s 2114 15 8
s 2115 4 1
s 2116 240 123
s 2117 286 146
s 2118 19 8
s 2119 626 339
s 2120 91 43
s 2121 47 26
s 2122 700 374
s 2123 260 135
s 2124 644 365
s 2125 65 32
s 2126 128 74
s 2127 73 34
s 2128 26 16
s 2129 46 24
s 2130 47 25
s 2131 66 41
s 2132 326 174
s 2133 470 228
s 2134 974 510
s 2135 434 233
s 2136 503 297
s 2137 3 1
s 2138 191 102
s 2139 84 47
s 2140 72 32
s 2141 137 75
s 2142 2 1
s 2143 4 3
s 2144 168 88
s 2145 501 267
s 2146 214 103
s 2147 73 33
s 2148 257 134
s 2149 364 195
s 2150 54 26
s 2151 36 16
s 2152 475 248
s 2153 419 232
s 2154 426 210
s 2155 251 138
s 2156 201 107
s 2157 7 3
s 2158 273 152
s 2159 244 134
s 2160 439 228
s 2161 131 82
s 2162 73 36
s 2167 397 207
s 2168 252 127
s 2169 348 192
s 2171 486 250
s 2174 252 135
s 2176 497 250
s 2177 196 101
s 2179 261 128
s 2183 459 253
s 2184 212 117
s 2185 182 91
s 2186 32 17
s 2193 52 24
s 2203 89 45
s 2314 168 87
s 2315 231 80
s 2316 459 226
s 2317 185 83
s 2318 737 380
s 2319 188 95
s 2320 73 37
s 2321 269 130
s 2322 532 271
s 2323 328 146
s 2324 191 81
s 2325 524 250
s 2326 238 108
s 2327 167 87
s 2329 451 200
s 2330 458 234
s 2331 313 163
s 2332 181 78
s 2333 592 287
s 2334 245 127
s 2335 264 126
s 2336 122 54
s 2337 156 93
s 2338 160 89
s 2339 226 104
s 2340 513 256
s 2341 55 25
s 2342 88 38
s 2343 309 141
s 2344 76 41
s 2345 169 95
s 2346 305 153
s 2347 193 93
s 2348 184 85
s 2349 88 43
s 2350 135 67
s 2351 191 97
s 2352 590 303
s 2353 836 455
s 2354 91 46
s 2355 96 43
s 2356 106 68
s 2357 311 153
s 2358 633 328
s 2359 323 165
s 2360 135 74
s 2361 64 32
s 2362 70 37
s 2363 164 66
s 2364 395 199
s 2365 52 23
s 2366 276 129
s 2367 86 38
s 2368 102 43
s 2369 39 24
s 2370 6 3
s 2371 266 126
s 2372 129 58
s 2373 347 168
s 2374 260 121
s 2375 367 177
s 2376 77 31
s 2377 53 25
s 2378 653 320
s 2379 135 65
s 2380 641 351
s 2381 77 44
s 2382 197 106
s 2383 62 29
s 2384 113 55
s 2385 74 36
s 2386 73 40
s 2387 47 20
s 2388 240 115
s 2389 389 188
s 2390 531 270
s 2391 265 134
s 2392 319 171
s 2393 22 13
s 2394 174 91
s 2395 127 69
s 2396 58 27
s 2397 696 343
s 2398 40 15
s 2399 57 29
s 2400 189 91
s 2401 364 171
s 2402 247 99
s 2403 68 32
s 2404 182 87
s 2405 195 91
s 2406 60 31
s 2407 31 19
s 2408 455 240
s 2409 267 123
s 2410 494 241
s 2411 220 109
s 2412 197 90
s 2413 362 157
s 2414 172 88
s 2415 167 82
s 2416 282 132
s 2417 145 85
s 2418 155 69
s 2423 218 103
s 2424 248 111
s 2425 147 78
s 2427 269 118
s 2430 242 112
s 2432 306 144
s 2433 161 72
s 2435 203 110
s 2439 487 234
s 2440 217 104
s 2441 214 106
s 2442 89 32
s 2449 170 84
s 2459 99 41
s 2571 45 17
s 2572 9 5
s 2573 50 23
s 2574 332 166
s 2575 40 12
s 2576 27 14
s 2577 66 38
s 2578 3 1
s 2579 67 32
s 2580 53 21
s 2581 163 71
s 2582 109 59
s 2583 43 15
s 2585 137 64
s 2586 226 109
s 2587 117 58
s 2588 53 27
s 2589 152 62
s 2590 121 59
s 2591 119 61
s 2592 24 12
s 2593 51 28
s 2594 64 32
s 2595 58 29
s 2596 131 61
s 2597 45 23
s 2598 29 15
s 2599 89 39
s 2600 36 16
s 2601 7 3
s 2602 40 25
s 2603 72 38
s 2604 2 1
s 2605 48 22
s 2606 6 3
s 2607 57 30
s 2608 5 3
s 2609 195 100
s 2610 60 33
s 2611 35 19
s 2612 25 12
s 2613 56 18
s 2614 5 2
s 2615 116 64
s 2616 7 4
s 2617 31 17
s 2618 28 20
s 2619 54 28
s 2620 112 61
s 2621 13 7
s 2622 117 66
s 2623 19 7
s 2624 66 34
s 2625 11 6
s 2626 4 1
s 2627 3 2
s 2628 74 38
s 2629 113 64
s 2630 12 6
s 2631 188 90
s 2632 28 13
s 2633 13 4
s 2634 235 122
s 2635 84 35
s 2636 196 104
s 2637 19 9
s 2638 54 27
s 2639 17 7
s 2640 14 7
s 2641 17 11
s 2642 22 16
s 2643 21 5
s 2644 94 52
s 2645 159 81
s 2646 298 146
s 2647 142 63
s 2648 169 85
s 2649 3 2
s 2650 52 28
s 2651 45 18
s 2652 22 15
s 2653 47 21
s 2654 2 0
s 2655 6 3
s 2656 45 19
s 2657 127 66
s 2658 70 34
s 2659 26 9
s 2660 95 52
s 2661 126 65
s 2662 20 10
s 2663 14 7
s 2664 139 71
s 2665 171 81
s 2666 142 67
s 2667 64 27
s 2668 48 18
s 2669 4 0
s 2670 88 48
s 2671 67 30
s 2672 146 83
s 2673 38 14
s 2674 25 16
s 2679 101 45
s 2680 70 26
s 2681 93 55
s 2683 147 70
s 2686 72 34
s 2688 159 80
s 2689 44 24
s 2691 87 43
s 2695 149 74
s 2696 93 39
s 2697 60 30
s 2698 11 6
s 2705 24 12
s 2715 28 16
s 2828 109 46
s 2829 31 10
s 2830 418 164
s 2831 61 20
s 2832 30 13
s 2833 53 23
s 2834 109 48
s 2835 109 34
s 2836 92 37
s 2837 235 94
s 2838 132 50
s 2839 53 22
s 2841 116 47
s 2842 299 123
s 2843 195 85
s 2844 92 32
s 2845 234 92
s 2846 173 60
s 2847 175 68
s 2848 22 10
s 2849 85 38
s 2850 35 18
s 2851 71 28
s 2852 160 65
s 2853 48 12
s 2854 35 13
s 2855 61 18
s 2856 41 13
s 2857 53 24
s 2858 90 40
s 2859 64 21
s 2860 56 25
s 2861 42 17
s 2862 42 13
s 2863 59 22
s 2864 172 61
s 2865 244 107
s 2866 73 32
s 2867 61 24
s 2868 23 15
s 2869 123 34
s 2870 152 66
s 2871 140 61
s 2872 28 10
s 2873 49 19
s 2874 28 6
s 2875 46 14
s 2876 146 72
s 2877 18 4
s 2878 179 94
s 2879 39 18
s 2880 96 32
s 2881 22 11
s 2882 12 4
s 2883 56 24
s 2884 92 33
s 2885 108 36
s 2886 62 24
s 2887 303 137
s 2888 38 14
s 2889 17 8
s 2890 190 77
s 2891 116 40
s 2892 92 33
s 2893 24 9
s 2894 61 29
s 2895 33 10
s 2896 22 6
s 2897 34 14
s 2898 10 4
s 2899 39 10
s 2900 148 57
s 2901 251 85
s 2902 400 161
s 2903 185 91
s 2904 174 76
s 2905 11 4
s 2906 47 17
s 2907 57 24
s 2908 29 13
s 2909 146 58
s 2910 17 6
s 2911 17 8
s 2912 83 32
s 2913 199 76
s 2914 89 30
s 2915 29 12
s 2916 198 84
s 2917 124 47
s 2918 27 9
s 2919 11 4
s 2920 192 79
s 2921 202 89
s 2922 69 32
s 2923 70 26
s 2924 76 23
s 2925 86 24
s 2926 91 36
s 2927 98 46
s 2928 163 65
s 2929 29 12
s 2930 55 28
s 2935 142 65
s 2936 89 31
s 2937 123 53
s 2939 207 73
s 2942 66 30
s 2944 155 55
s 2945 112 42
s 2947 120 46
s 2951 194 87
s 2952 95 38
s 2953 52 27
s 2954 25 11
s 2961 41 15
s 2971 37 12
s 3085 132 62
s 3086 879 427
s 3087 98 52
s 3088 63 39
s 3089 184 92
s 3090 9 4
s 3091 159 67
s 3092 129 63
s 3093 438 223
s 3094 341 177
s 3095 121 54
s 3097 408 191
s 3098 590 309
s 3099 331 191
s 3100 129 56
s 3101 506 239
s 3102 360 195
s 3103 347 181
s 3104 53 30
s 3105 166 100
s 3106 169 91
s 3107 198 97
s 3108 327 182
s 3109 115 57
s 3110 77 36
s 3111 241 121
s 3112 99 57
s 3113 7 6
s 3114 100 60
s 3115 184 86
s 3116 4 3
s 3117 112 57
s 3118 24 10
s 3119 160 84
s 3120 10 6
s 3121 576 300
s 3122 194 117
s 3123 92 57
s 3124 73 40
s 3125 115 54
s 3126 3 2
s 3127 295 155
s 3128 30 14
s 3129 77 44
s 3130 80 37
s 3131 127 68
s 3132 325 175
s 3133 47 26
s 3134 346 202
s 3135 71 34
s 3136 148 66
s 3137 45 23
s 3138 18 15
s 3139 3 2
s 3140 241 135
s 3141 243 131
s 3142 13 11
s 3143 503 275
s 3144 84 42
s 3145 22 11
s 3146 604 319
s 3147 188 100
s 3148 458 248
s 3149 54 30
s 3150 131 71
s 3151 76 34
s 3152 27 20
s 3153 38 19
s 3154 36 23
s 3155 65 34
s 3156 246 116
s 3157 417 218
s 3158 846 442
s 3159 351 208
s 3160 391 189
s 3161 1 0
s 3162 172 95
s 3163 104 49
s 3164 70 34
s 3165 99 43
s 3166 4 2
s 3167 6 5
s 3168 140 61
s 3169 311 152
s 3170 206 105
s 3171 54 22
s 3172 239 119
s 3173 255 138
s 3174 45 21
s 3175 33 18
s 3176 321 168
s 3177 440 245
s 3178 385 229
s 3179 240 128
s 3180 136 62
s 3181 5 4
s 3182 243 140
s 3183 222 107
s 3184 439 252
s 3185 132 63
s 3186 53 30
s 3191 285 153
s 3192 214 89
s 3193 306 153
s 3195 419 196
s 3198 194 87
s 3200 357 192
s 3201 132 64
s 3203 293 154
s 3207 393 214
s 3208 216 103
s 3209 147 80
s 3210 20 11
s 3217 59 24
s 3227 103 50
s 3342 277 142
s 3343 38 23
s 3344 16 7
s 3345 4 3
s 3346 145 80
s 3347 84 44
s 3348 65 36
s 3349 167 76
s 3350 80 50
s 3351 27 14
s 3353 13 5
s 3354 234 117
s 3355 121 54
s 3356 38 20
s 3357 143 74
s 3358 117 57
s 3359 117 66
s 3360 21 8
s 3361 46 24
s 3362 5 3
s 3363 11 5
s 3364 90 47
s 3365 35 19
s 3366 24 11
s 3367 11 1
s 3368 29 15
s 3369 41 21
s 3370 52 28
s 3371 25 14
s 3372 51 26
s 3373 23 14
s 3374 44 14
s 3375 29 11
s 3376 161 82
s 3377 120 69
s 3378 49 26
s 3379 39 21
s 3380 9 6
s 3381 93 50
s 3382 147 82
s 3383 97 50
s 3384 25 11
s 3385 17 11
s 3386 25 15
s 3387 7 4
s 3388 109 52
s 3389 8 7
s 3390 150 93
s 3391 32 14
s 3392 59 32
s 3393 13 9
s 3394 5 3
s 3395 64 31
s 3396 65 31
s 3397 80 41
s 3398 67 39
s 3399 155 78
s 3400 36 12
s 3401 17 7
s 3402 49 27
s 3403 59 24
s 3404 13 5
s 3405 14 8
s 3406 44 22
s 3407 24 15
s 3408 28 10
s 3409 20 7
s 3410 7 4
s 3411 16 6
s 3412 68 28
s 3413 143 59
s 3414 233 121
s 3415 109 50
s 3416 110 61
s 3417 3 3
s 3418 24 12
s 3419 39 20
s 3420 18 10
s 3421 154 77
s 3422 10 5
s 3423 12 4
s 3424 59 24
s 3425 83 39
s 3426 63 34
s 3427 23 14
s 3428 74 31
s 3429 68 31
s 3430 13 8
s 3431 8 5
s 3432 98 53
s 3433 122 62
s 3434 4 2
s 3435 54 25
s 3436 53 23
s 3437 115 59
s 3438 55 30
s 3439 60 36
s 3440 127 68
s 3441 5 1
s 3442 28 13
s 3447 110 57
s 3448 31 12
s 3449 56 27
s 3451 171 78
s 3454 18 8
s 3456 88 36
s 3457 59 31
s 3459 95 49
s 3463 127 65
s 3464 53 24
s 3465 36 17
s 3466 25 11
s 3473 47 21
s 3483 41 18
s 3599 359 165
s 3600 146 68
s 3601 407 179
s 3602 911 490
s 3603 486 219
s 3604 414 185
s 3605 1202 604
s 3606 519 264
s 3607 245 117
s 3609 924 437
s 3610 1066 539
s 3611 614 285
s 3612 253 116
s 3613 760 339
s 3614 592 280
s 3615 670 363
s 3616 211 116
s 3617 360 205
s 3618 358 188
s 3619 505 264
s 3620 888 442
s 3621 188 95
s 3622 125 65
s 3623 529 256
s 3624 191 97
s 3625 362 194
s 3626 379 198
s 3627 398 221
s 3628 345 161
s 3629 216 102
s 3630 338 155
s 3631 413 215
s 3632 1198 601
s 3633 1078 551
s 3634 307 176
s 3635 153 89
s 3636 223 125
s 3637 585 276
s 3638 952 531
s 3639 629 310
s 3640 250 140
s 3641 147 86
s 3642 138 64
s 3643 279 131
s 3644 583 295
s 3645 98 49
s 3646 489 265
s 3647 199 101
s 3648 281 143
s 3649 73 40
s 3650 21 13
s 3651 414 232
s 3652 382 199
s 3653 447 207
s 3654 459 236
s 3655 631 318
s 3656 186 79
s 3657 102 44
s 3658 1321 722
s 3659 392 207
s 3660 1135 612
s 3661 128 66
s 3662 265 144
s 3663 138 64
s 3664 185 92
s 3665 133 65
s 3666 108 58
s 3667 103 44
s 3668 395 199
s 3669 615 284
s 3670 1458 750
s 3671 673 360
s 3672 588 294
s 3673 52 28
s 3674 340 180
s 3675 341 170
s 3676 167 101
s 3677 1045 537
s 3678 103 51
s 3679 96 53
s 3680 220 101
s 3681 596 275
s 3682 323 140
s 3683 110 56
s 3684 385 176
s 3685 487 243
s 3686 120 51
s 3687 62 28
s 3688 687 351
s 3689 648 341
s 3690 753 363
s 3691 389 206
s 3692 268 125
s 3693 693 326
s 3694 460 253
s 3695 475 238
s 3696 657 358
s 3697 278 152
s 3698 321 161
s 3703 564 300
s 3704 413 166
s 3705 519 284
s 3707 705 347
s 3710 427 209
s 3712 746 392
s 3713 290 144
s 3715 458 221
s 3719 760 396
s 3720 420 201
s 3721 298 153
s 3722 203 111
s 3729 337 167
s 3739 188 87
s 3856 15 11
s 3857 86 45
s 3858 138 67
s 3859 96 50
s 3860 62 33
s 3861 199 95
s 3862 107 56
s 3863 28 13
s 3865 130 63
s 3866 242 115
s 3867 166 94
s 3868 22 11
s 3869 70 34
s 3870 127 67
s 3871 141 69
s 3872 27 11
s 3873 29 14
s 3874 42 21
s 3875 94 48
s 3876 111 58
s 3877 43 25
s 3878 12 5
s 3879 80 40
s 3880 54 26
s 3881 50 28
s 3882 61 31
s 3883 39 19
s 3884 48 21
s 3885 39 18
s 3886 42 16
s 3887 39 19
s 3888 140 55
s 3889 128 60
s 3890 54 33
s 3891 52 26
s 3892 29 18
s 3893 86 38
s 3894 152 82
s 3895 39 23
s 3896 29 17
s 3897 23 12
s 3898 28 13
s 3899 33 15
s 3900 50 27
s 3901 11 3
s 3902 164 90
s 3903 30 17
s 3904 67 27
s 3905 7 4
s 3906 2 0
s 3907 69 40
s 3908 65 39
s 3909 47 21
s 3910 69 38
s 3911 233 121
s 3912 40 22
s 3913 13 9
s 3914 202 102
s 3915 76 36
s 3916 166 83
s 3917 12 6
s 3918 17 9
s 3919 15 7
s 3920 30 19
s 3921 16 11
s 3922 15 4
s 3923 27 11
s 3924 118 63
s 3925 149 60
s 3926 287 156
s 3927 144 73
s 3928 180 108
s 3929 8 4
s 3930 34 19
s 3931 60 34
s 3932 15 11
s 3933 183 97
s 3934 14 6
s 3935 22 13
s 3936 31 17
s 3937 77 36
s 3938 32 13
s 3939 15 6
s 3940 117 57
s 3941 92 50
s 3942 24 12
s 3943 10 7
s 3944 73 37
s 3945 142 77
s 3946 128 68
s 3947 96 53
s 3948 26 12
s 3949 64 31
s 3950 62 36
s 3951 71 35
s 3952 108 56
s 3953 31 16
s 3954 68 33
s 3959 116 58
s 3960 75 34
s 3961 81 38
s 3963 136 58
s 3966 76 37
s 3968 111 61
s 3969 34 23
s 3971 74 35
s 3975 77 43
s 3976 86 42
s 3977 35 14
s 3978 21 9
s 3985 59 25
s 3995 29 16
s 4113 28 16
s 4114 71 28
s 4115 35 12
s 4116 28 13
s 4117 100 53
s 4118 73 42
s 4119 6 4
s 4121 52 20
s 4122 104 45
s 4123 75 39
s 4124 5 2
s 4125 24 8
s 4126 59 25
s 4127 78 36
s 4128 17 9
s 4129 19 9
s 4130 15 6
s 4131 36 17
s 4132 47 22
s 4133 24 13
s 4134 5 4
s 4135 37 16
s 4136 18 7
s 4137 28 13
s 4138 34 11
s 4139 15 8
s 4140 27 12
s 4141 16 7
s 4142 21 6
s 4143 16 9
s 4144 85 46
s 4145 55 25
s 4146 22 9
s 4147 17 8
s 4148 4 1
s 4149 62 26
s 4150 77 44
s 4151 14 7
s 4152 17 5
s 4153 11 3
s 4154 16 7
s 4155 20 8
s 4156 30 21
s 4157 8 5
s 4158 43 21
s 4159 20 9
s 4160 28 15
s 4161 5 2
s 4162 2 1
s 4163 42 18
s 4164 40 17
s 4165 21 11
s 4166 33 17
s 4167 72 41
s 4168 10 4
s 4169 4 2
s 4170 91 47
s 4171 41 17
s 4172 57 29
s 4173 11 4
s 4174 10 6
s 4175 16 7
s 4176 17 5
s 4177 7 5
s 4178 2 1
s 4179 12 4
s 4180 40 14
s 4181 50 24
s 4182 138 77
s 4183 47 28
s 4184 63 38
s 4185 7 2
s 4186 25 11
s 4187 19 7
s 4188 8 4
s 4189 76 35
s 4190 9 3
s 4191 12 5
s 4192 12 7
s 4193 41 15
s 4194 17 8
s 4195 1 0
s 4196 48 29
s 4197 54 27
s 4198 10 6
s 4199 7 2
s 4200 28 16
s 4201 61 25
s 4202 40 21
s 4203 34 11
s 4204 12 3
s 4205 46 26
s 4206 36 18
s 4207 31 15
s 4208 66 40
s 4209 13 11
s 4210 23 10
s 4215 65 32
s 4216 21 9
s 4217 36 19
s 4219 71 29
s 4222 30 11
s 4224 54 23
s 4225 13 5
s 4227 51 29
s 4231 35 19
s 4232 22 9
s 4233 14 4
s 4234 16 9
s 4241 24 10
s 4251 11 3
s 4370 220 121
s 4371 115 50
s 4372 91 42
s 4373 274 117
s 4374 110 61
s 4375 36 15
s 4377 31 11
s 4378 305 145
s 4379 214 109
s 4380 63 35
s 4381 249 119
s 4382 160 75
s 4383 193 91
s 4384 34 14
s 4385 75 45
s 4386 7 2
s 4387 33 16
s 4388 136 51
s 4389 52 33
s 4390 32 18
s 4391 34 13
s 4392 49 30
s 4393 82 37
s 4394 100 59
s 4395 51 20
s 4396 73 34
s 4397 37 16
s 4398 61 23
s 4399 46 28
s 4400 206 114
s 4401 164 80
s 4402 79 40
s 4403 56 24
s 4404 16 11
s 4405 132 60
s 4406 270 125
s 4407 128 68
s 4408 58 31
s 4409 27 10
s 4410 46 25
s 4411 14 9
s 4412 156 80
s 4413 7 4
s 4414 210 128
s 4415 53 26
s 4416 72 35
s 4417 10 8
s 4418 2 1
s 4419 102 47
s 4420 97 50
s 4421 150 76
s 4422 105 51
s 4423 277 149
s 4424 45 22
s 4425 23 11
s 4426 72 38
s 4427 96 45
s 4428 21 7
s 4429 25 14
s 4430 69 33
s 4431 29 17
s 4432 28 12
s 4433 26 12
s 4434 11 5
s 4435 32 14
s 4436 112 63
s 4437 199 97
s 4438 382 188
s 4439 202 70
s 4440 179 81
s 4441 11 4
s 4442 49 31
s 4443 57 32
s 4444 26 10
s 4445 258 115
s 4446 11 9
s 4447 25 12
s 4448 81 35
s 4449 135 64
s 4450 90 38
s 4451 30 15
s 4452 120 54
s 4453 124 53
s 4454 26 17
s 4455 12 11
s 4456 169 83
s 4457 195 98
s 4458 11 7
s 4459 77 38
s 4460 63 33
s 4461 155 77
s 4462 95 35
s 4463 93 38
s 4464 187 91
s 4465 7 1
s 4466 55 21
s 4471 184 93
s 4472 40 14
s 4473 126 69
s 4475 213 105
s 4478 23 12
s 4480 122 51
s 4481 64 28
s 4483 121 64
s 4487 201 104
s 4488 77 37
s 4489 58 26
s 4490 38 23
s 4497 55 23
s 4507 53 20
s 4627 195 93
s 4628 178 92
s 4629 589 292
s 4630 390 208
s 4631 117 61
s 4633 453 238
s 4634 685 344
s 4635 397 209
s 4636 159 87
s 4637 480 225
s 4638 356 168
s 4639 379 196
s 4640 73 35
s 4641 213 117
s 4642 163 83
s 4643 237 116
s 4644 391 216
s 4645 135 78
s 4646 66 39
s 4647 305 140
s 4648 118 51
s 4649 11 4
s 4650 134 68
s 4651 221 110
s 4652 5 3
s 4653 132 73
s 4654 21 10
s 4655 176 74
s 4656 15 3
s 4657 599 336
s 4658 175 101
s 4659 113 62
s 4660 92 47
s 4661 161 75
s 4662 9 4
s 4663 342 172
s 4664 40 24
s 4665 79 48
s 4666 106 55
s 4667 123 68
s 4668 359 201
s 4669 36 14
s 4670 459 283
s 4671 68 41
s 4672 164 90
s 4673 40 17
s 4674 18 5
s 4675 6 3
s 4676 230 114
s 4677 287 156
s 4678 22 9
s 4679 566 319
s 4680 92 48
s 4681 29 13
s 4682 703 366
s 4683 247 122
s 4684 575 316
s 4685 83 46
s 4686 159 84
s 4687 82 40
s 4688 23 13
s 4689 36 23
s 4690 47 24
s 4691 66 30
s 4692 296 144
s 4693 442 221
s 4694 959 507
s 4695 414 203
s 4696 432 248
s 4697 3 3
s 4698 183 93
s 4699 149 75
s 4700 76 47
s 4701 129 70
s 4702 2 0
s 4703 10 3
s 4704 148 71
s 4705 419 203
s 4706 222 103
s 4707 73 35
s 4708 244 131
s 4709 306 148
s 4710 62 29
s 4711 36 26
s 4712 394 203
s 4713 476 253
s 4714 438 215
s 4715 252 128
s 4716 141 83
s 4717 7 2
s 4718 282 151
s 4719 274 159
s 4720 448 241
s 4721 141 83
s 4722 92 47
s 4727 357 182
s 4728 231 108
s 4729 324 180
s 4731 503 247
s 4734 207 90
s 4736 397 197
s 4737 154 68
s 4739 293 141
s 4743 449 251
s 4744 216 123
s 4745 145 71
s 4746 26 8
s 4753 52 31
s 4763 124 63
s 4884 135 58
s 4885 383 180
s 4886 160 67
s 4887 80 42
s 4889 241 102
s 4890 397 177
s 4891 226 107
s 4892 67 25
s 4893 249 110
s 4894 198 101
s 4895 250 116
s 4896 48 19
s 4897 144 63
s 4898 76 38
s 4899 137 57
s 4900 250 117
s 4901 81 42
s 4902 34 17
s 4903 142 70
s 4904 61 26
s 4905 62 28
s 4906 87 42
s 4907 133 61
s 4908 81 45
s 4909 80 38
s 4910 64 27
s 4911 111 54
s 4912 200 85
s 4913 300 148
s 4914 104 43
s 4915 63 22
s 4916 64 36
s 4917 164 63
s 4918 162 73
s 4919 200 106
s 4920 62 29
s 4921 49 25
s 4922 40 20
s 4923 96 35
s 4924 180 89
s 4925 26 11
s 4926 214 116
s 4927 75 34
s 4928 103 46
s 4929 19 5
s 4930 7 1
s 4931 77 38
s 4932 139 57
s 4933 139 62
s 4934 96 50
s 4935 256 125
s 4936 73 31
s 4937 27 12
s 4938 366 179
s 4939 114 58
s 4940 283 127
s 4941 46 28
s 4942 94 49
s 4943 49 25
s 4944 52 21
s 4945 32 12
s 4946 29 17
s 4947 50 19
s 4948 166 70
s 4949 278 121
s 4950 514 242
s 4951 230 99
s 4952 197 106
s 4953 10 6
s 4954 99 58
s 4955 82 40
s 4956 51 23
s 4957 215 105
s 4958 19 7
s 4959 20 8
s 4960 92 39
s 4961 215 115
s 4962 139 70
s 4963 38 16
s 4964 154 76
s 4965 155 75
s 4966 37 20
s 4967 22 12
s 4968 204 107
s 4969 258 122
s 4970 175 85
s 4971 127 58
s 4972 71 28
s 4973 124 60
s 4974 149 71
s 4975 147 75
s 4976 239 120
s 4977 73 39
s 4978 76 33
s 4983 197 100
s 4984 125 56
s 4985 149 64
s 4987 272 116
s 4990 111 46
s 4992 268 111
s 4993 87 29
s 4995 210 96
s 4999 262 120
s 5000 143 56
s 5001 78 30
s 5002 34 17
s 5009 61 24
s 5019 54 26
s 5141 223 109
s 5142 141 70
s 5143 52 25
s 5145 195 100
s 5146 247 114
s 5147 128 64
s 5148 64 35
s 5149 224 101
s 5150 107 58
s 5151 127 73
s 5152 52 25
s 5153 71 39
s 5154 71 38
s 5155 120 65
s 5156 186 97
s 5157 36 14
s 5158 36 18
s 5159 127 62
s 5160 40 16
s 5161 63 37
s 5162 95 51
s 5163 89 39
s 5164 83 49
s 5165 31 18
s 5166 55 29
s 5167 70 34
s 5168 214 104
s 5169 243 129
s 5170 39 17
s 5171 39 20
s 5172 41 21
s 5173 117 50
s 5174 177 93
s 5175 96 45
s 5176 54 28
s 5177 34 15
s 5178 29 14
s 5179 64 33
s 5180 133 67
s 5181 21 11
s 5182 147 69
s 5183 42 24
s 5184 48 26
s 5185 6 3
s 5186 10 3
s 5187 73 32
s 5188 69 25
s 5189 114 54
s 5190 91 40
s 5191 185 94
s 5192 41 18
s 5193 31 19
s 5194 289 138
s 5195 81 34
s 5196 223 115
s 5197 33 18
s 5198 53 29
s 5199 16 9
s 5200 25 14
s 5201 35 19
s 5202 22 12
s 5203 27 16
s 5204 98 46
s 5205 190 91
s 5206 332 166
s 5207 121 68
s 5208 182 108
s 5209 13 6
s 5210 53 25
s 5211 56 26
s 5212 32 15
s 5213 191 100
s 5214 13 6
s 5215 23 11
s 5216 54 23
s 5217 170 82
s 5218 73 29
s 5219 19 7
s 5220 109 56
s 5221 124 53
s 5222 40 18
s 5223 11 3
s 5224 165 79
s 5225 153 84
s 5226 159 82
s 5227 112 55
s 5228 57 29
s 5229 137 60
s 5230 101 54
s 5231 81 39
s 5232 106 52
s 5233 51 23
s 5234 71 38
s 5239 107 63
s 5240 100 48
s 5241 83 48
s 5243 144 70
s 5246 95 43
s 5248 168 89
s 5249 63 30
s 5251 69 29
s 5255 164 77
s 5256 96 46
s 5257 64 29
s 5258 30 19
s 5265 53 28
s 5275 46 25
s 5398 376 174
s 5399 142 54
s 5401 478 217
s 5402 842 404
s 5403 434 225
s 5404 208 105
s 5405 635 318
s 5406 445 219
s 5407 439 210
s 5408 169 92
s 5409 197 110
s 5410 200 98
s 5411 301 136
s 5412 566 299
s 5413 137 72
s 5414 90 50
s 5415 353 153
s 5416 107 51
s 5417 191 92
s 5418 277 138
s 5419 240 114
s 5420 205 94
s 5421 111 60
s 5422 168 77
s 5423 220 107
s 5424 550 283
s 5425 763 393
s 5426 186 102
s 5427 153 69
s 5428 118 66
s 5429 325 145
s 5430 617 331
s 5431 324 166
s 5432 115 54
s 5433 90 52
s 5434 98 46
s 5435 160 73
s 5436 430 245
s 5437 70 35
s 5438 449 248
s 5439 118 54
s 5440 212 102
s 5441 35 22
s 5442 17 8
s 5443 280 163
s 5444 273 136
s 5445 383 184
s 5446 317 151
s 5447 663 323
s 5448 126 45
s 5449 66 24
s 5450 836 436
s 5451 249 125
s 5452 673 354
s 5453 90 44
s 5454 162 91
s 5455 89 45
s 5456 133 69
s 5457 86 49
s 5458 58 32
s 5459 96 46
s 5460 385 198
s 5461 618 300
s 5462 902 473
s 5463 465 265
s 5464 469 264
s 5465 27 15
s 5466 192 104
s 5467 174 94
s 5468 98 61
s 5469 627 345
s 5470 44 21
s 5471 52 27
s 5472 186 93
s 5473 461 234
s 5474 264 123
s 5475 101 32
s 5476 414 216
s 5477 317 163
s 5478 107 55
s 5479 47 23
s 5480 484 245
s 5481 429 222
s 5482 527 266
s 5483 315 170
s 5484 194 92
s 5485 354 148
s 5486 297 162
s 5487 278 138
s 5488 458 231
s 5489 146 81
s 5490 192 84
s 5495 352 179
s 5496 296 134
s 5497 268 136
s 5499 482 234
s 5502 283 150
s 5504 482 218
s 5505 225 104
s 5507 285 140
s 5511 517 272
s 5512 273 124
s 5513 212 99
s 5514 95 49
s 5521 194 83
s 5531 129 63
s 5655 94 41
s 5657 245 106
s 5658 397 199
s 5659 241 129
s 5660 125 56
s 5661 395 178
s 5662 202 97
s 5663 233 131
s 5664 83 43
s 5665 109 60
s 5666 105 49
s 5667 132 57
s 5668 301 141
s 5669 54 28
s 5670 52 26
s 5671 167 80
s 5672 54 22
s 5673 162 79
s 5674 171 90
s 5675 106 53
s 5676 137 58
s 5677 54 33
s 5678 127 57
s 5679 116 51
s 5680 393 199
s 5681 397 191
s 5682 81 45
s 5683 60 30
s 5684 52 28
s 5685 208 97
s 5686 401 199
s 5687 181 86
s 5688 95 53
s 5689 53 32
s 5690 39 18
s 5691 84 31
s 5692 300 149
s 5693 40 18
s 5694 180 102
s 5695 54 24
s 5696 91 36
s 5697 26 14
s 5698 8 5
s 5699 207 102
s 5700 125 53
s 5701 200 101
s 5702 198 105
s 5703 312 154
s 5704 71 37
s 5705 48 16
s 5706 409 210
s 5707 124 56
s 5708 310 166
s 5709 42 25
s 5710 93 44
s 5711 37 14
s 5712 64 30
s 5713 52 25
s 5714 37 18
s 5715 43 27
s 5716 142 69
s 5717 268 127
s 5718 430 218
s 5719 222 108
s 5720 226 125
s 5721 28 12
s 5722 93 53
s 5723 78 39
s 5724 41 21
s 5725 385 202
s 5726 28 18
s 5727 40 21
s 5728 141 68
s 5729 267 121
s 5730 140 76
s 5731 50 22
s 5732 170 70
s 5733 147 73
s 5734 32 13
s 5735 26 16
s 5736 363 181
s 5737 227 122
s 5738 218 107
s 5739 149 66
s 5740 114 52
s 5741 240 91
s 5742 128 67
s 5743 102 55
s 5744 187 90
s 5745 64 39
s 5746 107 40
s 5751 160 78
s 5752 135 58
s 5753 160 77
s 5755 221 99
s 5758 139 59
s 5760 232 101
s 5761 150 76
s 5763 120 52
s 5767 293 154
s 5768 173 75
s 5769 109 45
s 5770 55 28
s 5777 101 41
s 5787 56 18
s 5913 105 45
s 5914 196 92
s 5915 126 68
s 5916 23 11
s 5917 77 25
s 5918 103 50
s 5919 109 66
s 5920 27 17
s 5921 32 20
s 5922 32 19
s 5923 55 25
s 5924 84 41
s 5925 29 14
s 5926 7 4
s 5927 53 28
s 5928 42 20
s 5929 49 28
s 5930 43 23
s 5931 42 21
s 5932 56 23
s 5933 43 18
s 5934 38 22
s 5935 34 12
s 5936 164 86
s 5937 88 52
s 5938 37 21
s 5939 32 16
s 5940 21 8
s 5941 89 37
s 5942 116 58
s 5943 42 19
s 5944 31 22
s 5945 13 7
s 5946 17 5
s 5947 28 13
s 5948 55 26
s 5949 11 6
s 5950 106 68
s 5951 29 14
s 5952 42 23
s 5953 10 5
s 5954 2 0
s 5955 68 35
s 5956 72 38
s 5957 55 25
s 5958 52 22
s 5959 134 74
s 5960 35 18
s 5961 22 5
s 5962 153 75
s 5963 58 32
s 5964 94 51
s 5965 8 4
s 5966 18 7
s 5967 22 11
s 5968 25 11
s 5969 12 8
s 5970 20 9
s 5971 25 8
s 5972 74 41
s 5973 129 67
s 5974 253 115
s 5975 126 52
s 5976 96 53
s 5977 8 2
s 5978 32 18
s 5979 34 18
s 5980 9 7
s 5981 151 80
s 5982 19 11
s 5983 16 4
s 5984 17 7
s 5985 66 30
s 5986 34 14
s 5987 3 2
s 5988 77 34
s 5989 95 40
s 5990 23 9
s 5991 14 4
s 5992 73 39
s 5993 123 57
s 5994 82 30
s 5995 44 26
s 5996 16 10
s 5997 103 41
s 5998 54 24
s 5999 74 34
s 6000 120 55
s 6001 30 18
s 6002 41 17
s 6007 90 40
s 6008 44 19
s 6009 78 36
s 6011 133 50
s 6014 39 17
s 6016 107 50
s 6017 26 13
s 6019 73 38
s 6023 59 29
s 6024 51 23
s 6025 21 8
s 6026 26 12
s 6033 37 15
s 6043 21 10
s 6426 610 293
s 6427 336 160
s 6428 123 58
s 6429 495 218
s 6430 323 144
s 6431 385 166
s 6432 79 42
s 6433 183 81
s 6434 30 13
s 6435 71 28
s 6436 305 148
s 6437 111 49
s 6438 59 28
s 6439 67 26
s 6440 110 55
s 6441 158 89
s 6442 213 103
s 6443 110 43
s 6444 151 71
s 6445 103 46
s 6446 109 44
s 6447 95 45
s 6448 527 242
s 6449 410 180
s 6450 166 88
s 6451 112 44
s 6452 45 27
s 6453 189 76
s 6454 514 255
s 6455 271 128
s 6456 93 45
s 6457 75 42
s 6458 65 27
s 6459 51 16
s 6460 358 163
s 6461 25 15
s 6462 427 215
s 6463 122 53
s 6464 170 75
s 6465 25 8
s 6466 15 4
s 6467 220 109
s 6468 205 89
s 6469 252 124
s 6470 204 90
s 6471 554 283
s 6472 116 58
s 6473 50 20
s 6474 199 91
s 6475 189 88
s 6476 82 39
s 6477 53 28
s 6478 147 76
s 6479 63 34
s 6480 77 37
s 6481 57 23
s 6482 17 8
s 6483 83 35
s 6484 261 113
s 6485 433 182
s 6486 743 337
s 6487 348 178
s 6488 307 141
s 6489 21 12
s 6490 62 27
s 6491 144 75
s 6492 50 23
s 6493 493 241
s 6494 45 19
s 6495 43 19
s 6496 147 53
s 6497 290 128
s 6498 182 91
s 6499 81 28
s 6500 261 131
s 6501 222 94
s 6502 67 32
s 6503 24 14
s 6504 424 201
s 6505 391 192
s 6506 53 21
s 6507 136 65
s 6508 138 62
s 6509 289 115
s 6510 153 61
s 6511 242 122
s 6512 367 181
s 6513 27 15
s 6514 99 48
s 6519 316 149
s 6520 82 45
s 6521 300 148
s 6523 416 177
s 6526 52 20
s 6528 260 113
s 6529 143 75
s 6531 280 127
s 6535 424 193
s 6536 146 68
s 6537 101 47
s 6538 60 28
s 6545 108 45
s 6555 78 36
s 6683 268 121
s 6684 234 113
s 6685 726 334
s 6686 257 121
s 6687 264 146
s 6688 154 73
s 6689 243 144
s 6690 236 122
s 6691 356 165
s 6692 666 316
s 6693 115 62
s 6694 112 55
s 6695 402 191
s 6696 102 46
s 6697 264 135
s 6698 314 175
s 6699 239 108
s 6700 254 136
s 6701 126 66
s 6702 238 112
s 6703 193 99
s 6704 728 361
s 6705 777 371
s 6706 142 78
s 6707 109 57
s 6708 108 61
s 6709 392 172
s 6710 758 395
s 6711 360 183
s 6712 162 74
s 6713 78 43
s 6714 88 44
s 6715 169 83
s 6716 548 286
s 6717 67 30
s 6718 403 211
s 6719 125 51
s 6720 143 72
s 6721 39 19
s 6722 10 2
s 6723 315 167
s 6724 205 103
s 6725 373 172
s 6726 397 215
s 6727 582 293
s 6728 142 68
s 6729 72 40
s 6730 918 448
s 6731 219 102
s 6732 724 361
s 6733 91 51
s 6734 187 99
s 6735 60 26
s 6736 136 59
s 6737 106 55
s 6738 74 32
s 6739 63 37
s 6740 276 124
s 6741 503 240
s 6742 847 413
s 6743 303 149
s 6744 449 227
s 6745 39 19
s 6746 190 103
s 6747 163 90
s 6748 84 48
s 6749 799 401
s 6750 57 21
s 6751 88 42
s 6752 241 113
s 6753 517 240
s 6754 343 168
s 6755 97 47
s 6756 275 120
s 6757 320 148
s 6758 80 34
s 6759 31 15
s 6760 648 310
s 6761 368 198
s 6762 460 228
s 6763 268 135
s 6764 235 116
s 6765 471 214
s 6766 301 159
s 6767 189 108
s 6768 308 155
s 6769 158 80
s 6770 246 116
s 6775 265 137
s 6776 326 134
s 6777 255 137
s 6779 389 170
s 6782 299 133
s 6784 514 239
s 6785 290 133
s 6787 204 105
s 6791 664 351
s 6792 287 143
s 6793 220 121
s 6794 113 62
s 6801 240 120
s 6811 128 62
s 6940 168 83
s 6941 414 196
s 6942 101 50
s 6943 129 57
s 6944 92 55
s 6945 134 72
s 6946 151 88
s 6947 223 114
s 6948 398 191
s 6949 43 14
s 6950 57 29
s 6951 252 125
s 6952 51 28
s 6953 180 84
s 6954 198 118
s 6955 166 78
s 6956 163 88
s 6957 83 38
s 6958 140 62
s 6959 156 76
s 6960 396 201
s 6961 479 249
s 6962 59 28
s 6963 55 32
s 6964 87 45
s 6965 248 110
s 6966 424 236
s 6967 214 116
s 6968 112 65
s 6969 47 19
s 6970 47 23
s 6971 107 55
s 6972 321 176
s 6973 43 21
s 6974 258 156
s 6975 94 47
s 6976 67 33
s 6977 22 11
s 6978 7 3
s 6979 188 98
s 6980 101 55
s 6981 228 123
s 6982 279 140
s 6983 360 178
s 6984 69 31
s 6985 48 20
s 6986 569 302
s 6987 107 53
s 6988 463 264
s 6989 54 31
s 6990 137 75
s 6991 28 17
s 6992 83 41
s 6993 52 27
s 6994 48 21
s 6995 23 12
s 6996 155 65
s 6997 300 136
s 6998 518 274
s 6999 129 64
s 7000 280 152
s 7001 28 16
s 7002 124 64
s 7003 76 38
s 7004 45 25
s 7005 498 257
s 7006 28 15
s 7007 46 21
s 7008 139 67
s 7009 317 176
s 7010 206 95
s 7011 62 28
s 7012 169 88
s 7013 186 92
s 7014 37 20
s 7015 24 14
s 7016 374 181
s 7017 191 94
s 7018 350 171
s 7019 199 107
s 7020 152 79
s 7021 322 157
s 7022 183 101
s 7023 94 46
s 7024 127 69
s 7025 77 37
s 7026 140 75
s 7031 164 89
s 7032 202 91
s 7033 128 72
s 7035 184 96
s 7038 201 101
s 7040 282 146
s 7041 172 82
s 7043 103 55
s 7047 404 225
s 7048 155 90
s 7049 109 51
s 7050 74 35
s 7057 128 61
s 7067 62 38
s 7197 38 16
s 7198 116 52
s 7199 156 70
s 7200 23 10
s 7201 19 12
s 7202 50 21
s 7203 88 34
s 7204 104 59
s 7205 53 23
s 7206 7 3
s 7207 81 29
s 7208 48 25
s 7209 52 27
s 7210 38 25
s 7211 43 21
s 7212 63 34
s 7213 37 15
s 7214 64 32
s 7215 42 16
s 7216 187 94
s 7217 126 69
s 7218 58 33
s 7219 37 16
s 7220 28 15
s 7221 110 52
s 7222 189 89
s 7223 23 12
s 7224 51 27
s 7225 14 8
s 7226 38 21
s 7227 33 10
s 7228 18 7
s 7229 7 1
s 7230 101 50
s 7231 39 12
s 7232 69 29
s 7233 9 3
s 7234 7 2
s 7235 63 33
s 7236 69 29
s 7237 18 9
s 7238 87 42
s 7239 148 72
s 7240 38 11
s 7241 10 4
s 7242 233 110
s 7243 81 49
s 7244 153 79
s 7245 9 6
s 7246 8 3
s 7247 39 16
s 7248 29 13
s 7249 11 4
s 7250 11 4
s 7251 29 13
s 7252 97 48
s 7253 154 71
s 7254 329 180
s 7255 144 78
s 7256 130 74
s 7257 10 4
s 7258 48 21
s 7259 68 34
s 7260 7 2
s 7261 159 73
s 7262 19 6
s 7263 11 6
s 7264 14 8
s 7265 78 39
s 7266 17 6
s 7267 2 1
s 7268 96 43
s 7269 95 38
s 7270 19 13
s 7271 16 8
s 7272 31 13
s 7273 138 68
s 7274 99 39
s 7275 67 34
s 7276 8 2
s 7277 119 49
s 7278 62 28
s 7279 84 42
s 7280 131 69
s 7281 44 22
s 7282 58 24
s 7287 123 55
s 7288 71 29
s 7289 86 42
s 7291 151 73
s 7294 69 36
s 7296 113 48
s 7297 18 9
s 7299 90 46
s 7303 41 22
s 7304 62 29
s 7305 23 7
s 7306 21 10
s 7313 78 45
s 7323 22 12
s 7454 406 189
s 7455 443 212
s 7456 98 41
s 7457 34 13
s 7458 178 91
s 7459 270 124
s 7460 344 140
s 7461 131 67
s 7462 17 9
s 7463 300 121
s 7464 107 60
s 7465 182 88
s 7466 106 55
s 7467 114 46
s 7468 192 93
s 7469 140 58
s 7470 172 82
s 7471 121 52
s 7472 603 287
s 7473 308 161
s 7474 183 98
s 7475 134 58
s 7476 96 49
s 7477 276 115
s 7478 517 253
s 7479 26 15
s 7480 134 68
s 7481 53 26
s 7482 75 33
s 7483 110 50
s 7484 32 14
s 7485 47 18
s 7486 403 207
s 7487 118 58
s 7488 183 87
s 7489 30 20
s 7490 23 11
s 7491 249 121
s 7492 247 108
s 7493 34 11
s 7494 230 118
s 7495 468 223
s 7496 112 45
s 7497 63 21
s 7498 928 438
s 7499 248 114
s 7500 560 278
s 7501 11 6
s 7502 28 20
s 7503 81 31
s 7504 122 58
s 7505 45 20
s 7506 51 27
s 7507 87 37
s 7508 235 98
s 7509 406 191
s 7510 1067 516
s 7511 400 188
s 7512 396 196
s 7513 17 4
s 7514 189 101
s 7515 156 75
s 7516 32 18
s 7517 516 242
s 7518 55 14
s 7519 53 20
s 7520 17 7
s 7521 180 79
s 7522 47 18
s 7523 10 3
s 7524 271 136
s 7525 317 147
s 7526 69 23
s 7527 26 14
s 7528 47 22
s 7529 480 232
s 7530 391 177
s 7531 241 108
s 7532 12 4
s 7533 345 153
s 7534 262 139
s 7535 280 126
s 7536 432 197
s 7537 150 80
s 7538 145 62
s 7543 344 171
s 7544 178 78
s 7545 307 155
s 7547 521 249
s 7550 243 113
s 7552 447 206
s 7553 21 12
s 7555 310 137
s 7559 56 25
s 7560 236 103
s 7561 50 28
s 7562 94 43
s 7569 149 70
s 7579 41 17
s 7711 99 51
s 7712 74 38
s 7713 152 84
s 7714 129 58
s 7715 217 93
s 7716 378 189
s 7717 24 13
s 7718 68 39
s 7719 213 103
s 7720 36 16
s 7721 115 67
s 7722 175 94
s 7723 165 72
s 7724 154 76
s 7725 73 41
s 7726 105 49
s 7727 142 66
s 7728 427 214
s 7729 506 275
s 7730 42 28
s 7731 61 33
s 7732 56 24
s 7733 202 99
s 7734 418 218
s 7735 245 129
s 7736 98 58
s 7737 31 17
s 7738 42 18
s 7739 120 61
s 7740 299 169
s 7741 49 23
s 7742 234 133
s 7743 69 32
s 7744 50 15
s 7745 35 19
s 7746 3 1
s 7747 196 95
s 7748 65 32
s 7749 229 110
s 7750 208 91
s 7751 329 184
s 7752 77 33
s 7753 40 20
s 7754 482 236
s 7755 97 41
s 7756 435 242
s 7757 46 21
s 7758 120 64
s 7759 29 16
s 7760 76 38
s 7761 62 25
s 7762 42 23
s 7763 22 10
s 7764 134 54
s 7765 222 94
s 7766 492 222
s 7767 106 62
s 7768 272 135
s 7769 22 7
s 7770 134 69
s 7771 92 49
s 7772 53 28
s 7773 452 233
s 7774 45 21
s 7775 37 19
s 7776 133 55
s 7777 302 142
s 7778 166 78
s 7779 56 23
s 7780 129 62
s 7781 158 76
s 7782 30 13
s 7783 6 1
s 7784 327 169
s 7785 215 122
s 7786 327 166
s 7787 174 96
s 7788 142 59
s 7789 260 98
s 7790 143 66
s 7791 52 32
s 7792 100 53
s 7793 109 60
s 7794 119 60
s 7799 158 77
s 7800 210 102
s 7801 142 68
s 7803 215 92
s 7806 164 83
s 7808 244 107
s 7809 103 44
s 7811 97 51
s 7815 349 169
s 7816 155 77
s 7817 128 66
s 7818 45 22
s 7825 120 65
s 7835 64 35
s 7968 107 53
s 7969 118 66
s 7970 152 73
s 7971 192 85
s 7972 379 197
s 7973 37 17
s 7974 65 33
s 7975 250 118
s 7976 51 29
s 7977 164 93
s 7978 223 109
s 7979 145 68
s 7980 151 72
s 7981 66 38
s 7982 107 53
s 7983 136 67
s 7984 425 234
s 7985 486 268
s 7986 37 13
s 7987 50 24
s 7988 98 59
s 7989 202 95
s 7990 493 255
s 7991 271 148
s 7992 99 52
s 7993 54 27
s 7994 42 18
s 7995 118 61
s 7996 337 165
s 7997 50 26
s 7998 286 160
s 7999 92 42
s 8000 45 18
s 8001 27 16
s 8002 4 2
s 8003 211 124
s 8004 63 31
s 8005 266 138
s 8006 222 115
s 8007 352 193
s 8008 75 35
s 8009 41 21
s 8010 531 271
s 8011 91 50
s 8012 505 263
s 8013 69 37
s 8014 105 60
s 8015 32 17
s 8016 102 58
s 8017 61 28
s 8018 53 23
s 8019 24 9
s 8020 136 68
s 8021 239 119
s 8022 507 256
s 8023 112 61
s 8024 282 159
s 8025 22 10
s 8026 128 74
s 8027 76 39
s 8028 63 32
s 8029 506 281
s 8030 26 13
s 8031 46 25
s 8032 136 64
s 8033 329 175
s 8034 203 90
s 8035 51 23
s 8036 127 68
s 8037 155 72
s 8038 32 23
s 8039 26 13
s 8040 373 209
s 8041 210 109
s 8042 359 183
s 8043 211 93
s 8044 128 51
s 8045 299 151
s 8046 162 93
s 8047 67 38
s 8048 93 43
s 8049 114 67
s 8050 152 69
s 8055 173 86
s 8056 205 110
s 8057 393 204
s 8059 221 102
s 8062 178 87
s 8064 251 133
s 8065 143 64
s 8067 97 39
s 8071 414 237
s 8072 190 105
s 8073 145 79
s 8074 64 31
s 8081 141 67
s 8091 81 31
s 8225 15 6
s 8226 28 19
s 8227 49 25
s 8228 100 55
s 8229 23 8
s 8230 18 8
s 8231 42 22
s 8232 25 13
s 8233 19 8
s 8234 60 36
s 8235 46 29
s 8236 23 11
s 8237 32 10
s 8238 14 5
s 8239 45 23
s 8240 73 36
s 8241 101 48
s 8242 33 24
s 8243 17 10
s 8244 19 8
s 8245 67 36
s 8246 88 49
s 8247 71 46
s 8248 16 7
s 8249 15 8
s 8250 16 7
s 8251 27 12
s 8252 67 36
s 8253 13 8
s 8254 58 32
s 8255 14 7
s 8256 39 19
s 8257 7 2
s 8258 3 2
s 8259 31 17
s 8260 42 23
s 8261 66 26
s 8262 42 18
s 8263 131 75
s 8264 31 20
s 8265 7 4
s 8266 93 52
s 8267 56 27
s 8268 72 42
s 8269 14 8
s 8270 22 13
s 8271 27 17
s 8272 14 7
s 8273 17 13
s 8274 12 7
s 8275 19 9
s 8276 65 31
s 8277 96 54
s 8278 195 91
s 8279 90 51
s 8280 108 64
s 8281 2 0
s 8282 31 14
s 8283 25 14
s 8284 14 6
s 8285 97 52
s 8286 7 3
s 8287 16 8
s 8288 43 21
s 8289 79 41
s 8290 46 20
s 8291 14 9
s 8292 46 26
s 8293 61 28
s 8294 17 7
s 8295 9 5
s 8296 89 49
s 8297 88 53
s 8298 52 26
s 8299 40 21
s 8300 37 20
s 8301 47 20
s 8302 46 22
s 8303 46 28
s 8304 84 37
s 8305 17 7
s 8306 39 18
s 8311 68 34
s 8312 43 22
s 8313 94 56
s 8315 115 61
s 8318 35 16
s 8320 89 45
s 8321 38 20
s 8323 65 28
s 8327 103 50
s 8328 43 24
s 8329 40 19
s 8330 6 2
s 8337 17 9
s 8347 20 7
s 8482 75 45
s 8483 87 49
s 8484 109 64
s 8485 43 26
s 8486 15 6
s 8487 83 43
s 8488 32 18
s 8489 53 30
s 8490 50 28
s 8491 49 28
s 8492 70 43
s 8493 48 23
s 8494 61 36
s 8495 44 28
s 8496 238 135
s 8497 159 97
s 8498 70 36
s 8499 58 31
s 8500 47 24
s 8501 85 44
s 8502 218 133
s 8503 19 14
s 8504 55 32
s 8505 24 17
s 8506 32 18
s 8507 46 29
s 8508 29 19
s 8509 22 6
s 8510 216 125
s 8511 35 18
s 8512 82 44
s 8513 12 5
s 8514 4 4
s 8515 98 63
s 8516 94 55
s 8517 32 14
s 8518 96 56
s 8519 234 144
s 8520 37 22
s 8521 12 8
s 8522 274 151
s 8523 92 50
s 8524 225 132
s 8525 9 5
s 8526 17 8
s 8527 25 13
s 8528 55 23
s 8529 16 10
s 8530 28 13
s 8531 40 16
s 8532 94 53
s 8533 173 94
s 8534 412 216
s 8535 168 91
s 8536 170 117
s 8537 7 4
s 8538 47 26
s 8539 84 40
s 8540 20 14
s 8541 208 106
s 8542 12 6
s 8543 32 20
s 8544 16 7
s 8545 97 51
s 8546 28 13
s 8547 6 5
s 8548 147 71
s 8549 77 46
s 8550 23 12
s 8551 12 4
s 8552 39 23
s 8553 178 99
s 8554 183 98
s 8555 117 63
s 8556 13 7
s 8557 148 70
s 8558 74 45
s 8559 79 44
s 8560 169 99
s 8561 50 38
s 8562 64 38
s 8567 129 71
s 8568 73 33
s 8569 92 55
s 8571 182 95
s 8574 86 52
s 8576 140 89
s 8577 19 8
s 8579 117 64
s 8583 41 22
s 8584 84 54
s 8585 38 24
s 8586 21 12
s 8593 79 38
s 8603 39 19
s 8739 28 10
s 8740 111 59
s 8741 49 25
s 8742 22 12
s 8743 19 3
s 8744 40 17
s 8745 54 32
s 8746 87 47
s 8747 38 13
s 8748 62 31
s 8749 24 12
s 8750 49 24
s 8751 36 18
s 8752 219 111
s 8753 165 89
s 8754 74 42
s 8755 56 33
s 8756 10 4
s 8757 95 46
s 8758 195 99
s 8759 99 50
s 8760 32 19
s 8761 30 16
s 8762 21 12
s 8763 25 13
s 8764 127 65
s 8765 13 5
s 8766 189 108
s 8767 42 24
s 8768 63 33
s 8769 4 4
s 8770 6 3
s 8771 88 41
s 8772 80 36
s 8773 91 45
s 8774 111 59
s 8775 205 115
s 8776 34 16
s 8777 22 14
s 8778 75 36
s 8779 82 41
s 8780 23 13
s 8781 19 9
s 8782 67 32
s 8783 26 17
s 8784 37 17
s 8785 30 15
s 8786 7 1
s 8787 33 12
s 8788 109 59
s 8789 160 78
s 8790 284 145
s 8791 160 91
s 8792 162 88
s 8793 9 5
s 8794 22 9
s 8795 45 27
s 8796 25 14
s 8797 166 87
s 8798 19 11
s 8799 26 18
s 8800 64 28
s 8801 124 61
s 8802 59 28
s 8803 34 17
s 8804 110 50
s 8805 107 51
s 8806 33 15
s 8807 28 12
s 8808 148 78
s 8809 169 92
s 8810 14 9
s 8811 45 27
s 8812 52 31
s 8813 131 58
s 8814 87 39
s 8815 103 50
s 8816 143 86
s 8817 9 2
s 8818 43 18
s 8823 124 58
s 8824 35 16
s 8825 113 56
s 8827 157 74
s 8830 16 7
s 8832 115 64
s 8833 59 31
s 8835 115 49
s 8839 178 97
s 8840 64 34
s 8841 46 22
s 8842 22 10
s 8849 48 23
s 8859 51 30
s 8996 197 95
s 8997 53 25
s 8998 29 17
s 8999 83 39
s 9000 65 28
s 9001 107 52
s 9002 145 79
s 9003 51 20
s 9004 85 30
s 9005 51 30
s 9006 74 31
s 9007 49 24
s 9008 236 130
s 9009 225 108
s 9010 86 43
s 9011 77 41
s 9012 28 13
s 9013 130 50
s 9014 287 136
s 9015 158 69
s 9016 35 21
s 9017 42 23
s 9018 45 24
s 9019 37 19
s 9020 200 98
s 9021 16 8
s 9022 224 123
s 9023 58 28
s 9024 101 50
s 9025 15 7
s 9026 6 3
s 9027 130 63
s 9028 119 47
s 9029 129 56
s 9030 130 61
s 9031 310 159
s 9032 64 34
s 9033 30 10
s 9034 171 84
s 9035 127 59
s 9036 69 27
s 9037 29 12
s 9038 73 41
s 9039 32 16
s 9040 44 15
s 9041 49 29
s 9042 6 1
s 9043 53 24
s 9044 185 87
s 9045 231 93
s 9046 418 195
s 9047 225 109
s 9048 192 112
s 9049 18 8
s 9050 40 26
s 9051 82 35
s 9052 25 16
s 9053 299 138
s 9054 21 8
s 9055 25 9
s 9056 93 40
s 9057 175 85
s 9058 120 62
s 9059 44 11
s 9060 175 86
s 9061 146 73
s 9062 49 16
s 9063 31 16
s 9064 219 102
s 9065 208 103
s 9066 64 33
s 9067 109 52
s 9068 95 32
s 9069 142 50
s 9070 111 66
s 9071 123 62
s 9072 178 86
s 9073 17 8
s 9074 61 24
s 9079 170 86
s 9080 57 24
s 9081 121 60
s 9083 207 99
s 9086 48 22
s 9088 168 74
s 9089 119 46
s 9091 135 45
s 9095 220 114
s 9096 91 30
s 9097 63 30
s 9098 37 21
s 9105 67 29
s 9115 52 24
s 9253 108 54
s 9254 38 22
s 9255 175 78
s 9256 114 45
s 9257 164 70
s 9258 143 76
s 9259 109 53
s 9260 138 66
s 9261 117 64
s 9262 111 49
s 9263 125 57
s 9264 428 217
s 9265 383 201
s 9266 142 71
s 9267 152 67
s 9268 67 32
s 9269 260 121
s 9270 384 194
s 9271 211 93
s 9272 87 44
s 9273 68 39
s 9274 78 36
s 9275 106 48
s 9276 191 113
s 9277 35 18
s 9278 409 222
s 9279 128 68
s 9280 181 97
s 9281 25 15
s 9282 23 15
s 9283 173 84
s 9284 232 107
s 9285 211 97
s 9286 205 115
s 9287 618 329
s 9288 128 56
s 9289 36 12
s 9290 502 268
s 9291 240 116
s 9292 344 192
s 9293 32 15
s 9294 89 52
s 9295 76 39
s 9296 72 35
s 9297 66 34
s 9298 44 19
s 9299 83 37
s 9300 268 129
s 9301 439 207
s 9302 872 434
s 9303 395 237
s 9304 437 238
s 9305 19 10
s 9306 124 66
s 9307 124 60
s 9308 47 18
s 9309 502 251
s 9310 25 8
s 9311 48 22
s 9312 110 53
s 9313 281 145
s 9314 120 62
s 9315 35 16
s 9316 295 160
s 9317 271 126
s 9318 68 37
s 9319 44 27
s 9320 285 143
s 9321 403 217
s 9322 273 143
s 9323 203 104
s 9324 99 50
s 9325 245 105
s 9326 186 95
s 9327 249 126
s 9328 303 152
s 9329 79 42
s 9330 138 68
s 9335 320 177
s 9336 144 74
s 9337 264 136
s 9339 458 230
s 9342 149 67
s 9344 359 163
s 9345 113 48
s 9347 244 107
s 9351 283 144
s 9352 179 76
s 9353 98 45
s 9354 77 43
s 9361 118 53
s 9371 86 57
s 9510 13 7
s 9511 56 25
s 9512 12 4
s 9513 45 23
s 9514 50 22
s 9515 56 24
s 9516 66 29
s 9517 16 7
s 9518 38 17
s 9519 44 16
s 9520 139 66
s 9521 161 79
s 9522 11 3
s 9523 27 14
s 9524 11 6
s 9525 59 25
s 9526 129 47
s 9527 57 28
s 9528 34 10
s 9529 6 4
s 9530 15 9
s 9531 31 15
s 9532 99 56
s 9533 19 9
s 9534 75 42
s 9535 29 9
s 9536 15 6
s 9537 6 2
s 9538 2 1
s 9539 76 45
s 9540 30 12
s 9541 71 30
s 9542 79 43
s 9543 128 70
s 9544 23 5
s 9545 14 9
s 9546 194 98
s 9547 22 11
s 9548 149 83
s 9549 22 15
s 9550 38 21
s 9551 13 10
s 9552 15 10
s 9553 14 7
s 9554 12 4
s 9555 6 3
s 9556 43 19
s 9557 69 31
s 9558 169 79
s 9559 27 19
s 9560 108 60
s 9561 6 5
s 9562 31 13
s 9563 28 9
s 9564 16 11
s 9565 156 81
s 9566 7 3
s 9567 8 5
s 9568 38 17
s 9569 105 45
s 9570 51 21
s 9571 20 7
s 9572 59 36
s 9573 52 23
s 9574 13 4
s 9575 5 2
s 9576 99 56
s 9577 81 40
s 9578 92 52
s 9579 71 40
s 9580 42 11
s 9581 89 38
s 9582 54 25
s 9583 19 9
s 9584 33 20
s 9585 40 21
s 9586 48 17
s 9591 53 23
s 9592 43 16
s 9593 44 21
s 9595 51 19
s 9598 65 30
s 9600 82 37
s 9601 49 24
s 9603 21 10
s 9607 98 40
s 9608 50 22
s 9609 33 11
s 9610 23 6
s 9617 40 16
s 9627 18 11
s 9767 32 17
s 9768 17 4
s 9769 27 16
s 9770 8 5
s 9771 19 8
s 9772 23 4
s 9773 24 15
s 9774 31 15
s 9775 15 7
s 9776 90 42
s 9777 59 32
s 9778 39 23
s 9779 18 10
s 9780 18 7
s 9781 49 25
s 9782 87 38
s 9783 13 6
s 9784 17 10
s 9785 9 7
s 9786 11 3
s 9787 21 12
s 9788 15 10
s 9789 12 8
s 9790 70 39
s 9791 16 6
s 9792 36 19
s 9793 9 3
s 9794 4 2
s 9795 37 21
s 9796 43 19
s 9797 6 4
s 9798 41 25
s 9799 71 34
s 9800 10 5
s 9801 14 4
s 9802 87 44
s 9803 40 22
s 9804 61 38
s 9805 5 2
s 9806 5 2
s 9807 10 5
s 9808 18 10
s 9809 7 3
s 9810 8 2
s 9811 6 2
s 9812 35 11
s 9813 52 25
s 9814 172 78
s 9815 59 26
s 9816 74 39
s 9817 5 2
s 9818 43 23
s 9819 22 7
s 9820 7 5
s 9821 68 32
s 9822 4 1
s 9823 11 6
s 9824 3 2
s 9825 34 17
s 9826 17 8
s 9827 2 0
s 9828 38 14
s 9829 33 12
s 9830 12 5
s 9831 3 1
s 9832 21 12
s 9833 64 34
s 9834 52 23
s 9835 28 19
s 9836 4 1
s 9837 59 33
s 9838 27 14
s 9839 47 26
s 9840 68 43
s 9841 21 13
s 9842 31 13
s 9847 49 23
s 9848 23 14
s 9849 49 28
s 9851 69 28
s 9854 36 19
s 9856 58 34
s 9857 7 2
s 9859 41 20
s 9863 28 12
s 9864 31 11
s 9865 15 6
s 9866 18 8
s 9873 24 6
s 9883 10 6
s 10024 71 30
s 10025 101 39
s 10026 156 78
s 10027 62 29
s 10028 106 49
s 10029 71 29
s 10030 89 36
s 10031 60 29
s 10032 286 139
s 10033 259 122
s 10034 79 36
s 10035 72 31
s 10036 27 13
s 10037 161 67
s 10038 325 158
s 10039 160 72
s 10040 54 30
s 10041 39 20
s 10042 49 19
s 10043 29 12
s 10044 215 109
s 10045 17 6
s 10046 221 116
s 10047 75 25
s 10048 88 46
s 10049 13 6
s 10050 10 3
s 10051 138 66
s 10052 113 43
s 10053 159 67
s 10054 130 73
s 10055 321 160
s 10056 66 26
s 10057 38 15
s 10058 131 64
s 10059 125 58
s 10060 66 38
s 10061 34 16
s 10062 66 26
s 10063 24 9
s 10064 46 17
s 10065 39 15
s 10066 7 6
s 10067 51 28
s 10068 160 70
s 10069 246 115
s 10070 468 216
s 10071 245 98
s 10072 236 126
s 10073 15 9
s 10074 36 15
s 10075 79 34
s 10076 31 14
s 10077 294 143
s 10078 21 10
s 10079 37 12
s 10080 85 32
s 10081 184 66
s 10082 115 50
s 10083 31 10
s 10084 174 78
s 10085 162 77
s 10086 45 21
s 10087 19 12
s 10088 257 132
s 10089 207 96
s 10090 38 21
s 10091 95 48
s 10092 107 48
s 10093 179 79
s 10094 121 59
s 10095 104 42
s 10096 218 100
s 10097 18 8
s 10098 84 38
s 10103 200 89
s 10104 63 23
s 10105 158 78
s 10107 253 115
s 10110 47 26
s 10112 176 83
s 10113 101 40
s 10115 132 59
s 10119 224 112
s 10120 83 38
s 10121 65 27
s 10122 43 24
s 10129 74 27
s 10139 48 30
s 10281 46 21
s 10282 57 26
s 10283 42 24
s 10284 43 21
s 10285 12 5
s 10286 35 15
s 10287 50 18
s 10288 127 52
s 10289 145 70
s 10290 9 5
s 10291 26 13
s 10292 28 11
s 10293 61 27
s 10294 131 66
s 10295 55 26
s 10296 34 19
s 10297 9 4
s 10298 11 7
s 10299 27 12
s 10300 76 43
s 10301 6 2
s 10302 56 28
s 10303 27 15
s 10304 21 8
s 10305 10 3
s 10306 2 1
s 10307 53 28
s 10308 28 11
s 10309 47 20
s 10310 62 32
s 10311 86 46
s 10312 12 8
s 10313 11 5
s 10314 126 64
s 10315 24 12
s 10316 148 72
s 10317 20 14
s 10318 36 18
s 10319 12 5
s 10320 26 12
s 10321 8 1
s 10322 11 8
s 10323 12 5
s 10324 64 29
s 10325 76 30
s 10326 134 64
s 10327 46 25
s 10328 82 48
s 10329 8 2
s 10330 35 17
s 10331 28 12
s 10332 16 8
s 10333 123 63
s 10334 11 4
s 10335 10 2
s 10336 45 18
s 10337 84 41
s 10338 59 27
s 10339 11 5
s 10340 33 15
s 10341 47 17
s 10342 8 3
s 10343 10 2
s 10344 96 44
s 10345 50 27
s 10346 94 41
s 10347 59 30
s 10348 36 15
s 10349 52 22
s 10350 29 9
s 10351 30 16
s 10352 34 15
s 10353 26 15
s 10354 46 22
s 10359 37 20
s 10360 59 31
s 10361 40 23
s 10363 74 34
s 10366 49 28
s 10368 61 26
s 10369 37 23
s 10371 33 17
s 10375 89 48
s 10376 52 24
s 10377 32 15
s 10378 11 8
s 10385 37 15
s 10395 19 5
s 10538 56 36
s 10539 65 32
s 10540 8 2
s 10541 37 21
s 10542 9 3
s 10543 41 25
s 10544 24 11
s 10545 178 88
s 10546 47 24
s 10547 39 25
s 10548 24 14
s 10549 81 33
s 10550 5 2
s 10551 116 65
s 10552 12 7
s 10553 24 10
s 10554 33 16
s 10555 46 24
s 10556 99 56
s 10557 12 6
s 10558 137 86
s 10559 26 10
s 10560 59 28
s 10561 12 8
s 10563 7 2
s 10564 129 64
s 10565 74 44
s 10566 18 10
s 10567 178 87
s 10568 25 13
s 10569 24 8
s 10570 505 271
s 10571 110 54
s 10572 182 110
s 10573 18 9
s 10574 42 25
s 10575 27 19
s 10576 5 2
s 10577 12 6
s 10578 11 6
s 10579 30 20
s 10580 103 42
s 10581 168 77
s 10582 358 185
s 10583 153 86
s 10584 155 94
s 10585 2 1
s 10586 60 32
s 10587 52 33
s 10588 22 15
s 10589 67 30
s 10590 4 1
s 10591 3 1
s 10592 66 37
s 10593 117 56
s 10594 72 35
s 10595 27 9
s 10596 95 46
s 10597 144 80
s 10598 28 17
s 10599 13 6
s 10600 139 73
s 10601 165 90
s 10602 106 53
s 10603 84 45
s 10604 76 31
s 10605 7 3
s 10606 113 71
s 10607 82 38
s 10608 117 58
s 10609 39 26
s 10610 35 16
s 10615 130 71
s 10616 48 31
s 10617 97 53
s 10619 166 81
s 10622 76 37
s 10624 229 121
s 10625 61 29
s 10627 94 45
s 10631 165 102
s 10632 80 32
s 10633 42 21
s 10634 6 2
s 10641 14 7
s 10651 32 19
s 10795 89 48
s 10796 64 33
s 10797 54 34
s 10798 51 22
s 10799 66 33
s 10800 147 74
s 10801 152 85
s 10802 66 34
s 10803 55 24
s 10804 38 21
s 10805 110 45
s 10806 127 58
s 10807 45 18
s 10808 53 33
s 10809 32 13
s 10810 53 28
s 10811 60 32
s 10812 59 32
s 10813 16 8
s 10814 181 113
s 10815 53 23
s 10816 81 34
s 10817 12 9
s 10818 3 2
s 10819 63 35
s 10820 119 60
s 10821 51 20
s 10822 75 43
s 10823 234 133
s 10824 50 27
s 10825 25 7
s 10826 321 183
s 10827 112 48
s 10828 259 147
s 10829 16 9
s 10830 25 12
s 10831 24 15
s 10832 29 14
s 10833 13 6
s 10834 14 9
s 10835 30 17
s 10836 108 59
s 10837 177 100
s 10838 405 203
s 10839 224 121
s 10840 204 113
s 10841 9 6
s 10842 79 44
s 10843 52 29
s 10844 32 15
s 10845 181 96
s 10846 16 8
s 10847 17 5
s 10848 51 34
s 10849 112 59
s 10850 42 13
s 10851 16 3
s 10852 100 50
s 10853 157 72
s 10854 33 16
s 10855 10 5
s 10856 78 38
s 10857 180 98
s 10858 177 93
s 10859 90 50
s 10860 33 16
s 10861 78 35
s 10862 127 70
s 10863 94 48
s 10864 128 68
s 10865 39 18
s 10866 64 32
s 10871 184 103
s 10872 74 37
s 10873 107 66
s 10875 212 103
s 10878 87 42
s 10880 178 83
s 10881 40 23
s 10883 107 53
s 10887 89 47
s 10888 94 48
s 10889 41 26
s 10890 23 14
s 10897 51 23
s 10907 27 16
s 11052 66 34
s 11053 38 23
s 11054 64 39
s 11055 47 19
s 11056 246 121
s 11057 182 93
s 11058 53 31
s 11059 59 28
s 11060 29 17
s 11061 98 44
s 11062 205 98
s 11063 62 36
s 11064 48 25
s 11065 14 5
s 11066 33 18
s 11067 38 23
s 11068 75 45
s 11069 12 7
s 11070 198 116
s 11071 44 20
s 11072 62 30
s 11073 7 4
s 11074 14 7
s 11075 89 49
s 11076 78 37
s 11077 75 36
s 11078 93 46
s 11079 262 114
s 11080 37 20
s 11081 22 8
s 11082 164 95
s 11083 88 42
s 11084 104 51
s 11085 17 9
s 11086 29 16
s 11087 21 13
s 11088 30 17
s 11089 32 23
s 11090 15 8
s 11091 28 17
s 11092 127 63
s 11093 186 87
s 11094 354 178
s 11095 180 96
s 11096 197 110
s 11097 10 5
s 11098 50 27
s 11099 66 32
s 11100 25 13
s 11101 210 100
s 11102 8 7
s 11103 16 8
s 11104 44 26
s 11105 120 67
s 11106 61 30
s 11107 14 3
s 11108 119 64
s 11109 104 45
s 11110 27 17
s 11111 14 11
s 11112 104 54
s 11113 157 78
s 11114 88 38
s 11115 89 52
s 11116 40 19
s 11117 141 57
s 11118 85 42
s 11119 83 45
s 11120 149 67
s 11121 37 11
s 11122 56 30
s 11127 153 71
s 11128 56 22
s 11129 107 48
s 11131 189 90
s 11134 60 30
s 11136 134 57
s 11137 39 22
s 11139 109 59
s 11143 123 58
s 11144 100 44
s 11145 38 16
s 11146 31 12
s 11153 55 25
s 11163 35 16
s 11309 49 22
s 11310 6 2
s 11311 69 42
s 11312 8 5
s 11313 218 114
s 11314 92 52
s 11315 38 18
s 11316 42 17
s 11317 56 26
s 11318 9 4
s 11319 99 51
s 11320 13 4
s 11321 18 12
s 11322 27 8
s 11323 55 29
s 11324 127 64
s 11325 9 6
s 11326 155 85
s 11327 31 14
s 11328 71 31
s 11329 8 5
s 11330 8 6
s 11331 4 2
s 11332 81 37
s 11333 81 34
s 11334 9 3
s 11335 213 99
s 11336 42 15
s 11337 10 4
s 11338 265 140
s 11339 77 36
s 11340 179 97
s 11341 16 8
s 11342 46 21
s 11343 25 14
s 11344 9 5
s 11345 18 8
s 11346 24 11
s 11347 23 6
s 11348 96 43
s 11349 159 68
s 11350 328 171
s 11351 160 78
s 11352 150 80
s 11354 60 35
s 11355 39 20
s 11356 14 9
s 11357 57 24
s 11358 1 0
s 11359 6 3
s 11360 57 27
s 11361 214 105
s 11362 61 21
s 11363 25 10
s 11364 109 48
s 11365 100 48
s 11366 34 14
s 11367 15 9
s 11368 159 80
s 11369 163 71
s 11370 134 60
s 11371 85 42
s 11372 70 35
s 11373 3 1
s 11374 112 57
s 11375 103 47
s 11376 153 71
s 11377 51 28
s 11378 20 11
s 11383 114 66
s 11384 60 24
s 11385 122 60
s 11387 139 62
s 11390 92 43
s 11392 153 76
s 11393 61 28
s 11395 89 35
s 11399 175 101
s 11400 86 39
s 11401 59 25
s 11402 5 4
s 11409 14 7
s 11419 33 20
s 11566 42 20
s 11567 32 20
s 11568 165 95
s 11569 166 102
s 11570 26 14
s 11571 28 13
s 11572 17 10
s 11573 67 35
s 11574 111 61
s 11575 66 36
s 11576 38 21
s 11577 17 8
s 11578 21 12
s 11579 22 13
s 11580 67 40
s 11581 13 5
s 11582 56 33
s 11583 25 15
s 11584 33 15
s 11585 9 6
s 11586 4 3
s 11587 56 26
s 11588 33 17
s 11589 66 31
s 11590 64 37
s 11591 108 61
s 11592 21 7
s 11593 17 9
s 11594 150 84
s 11595 29 9
s 11596 119 68
s 11597 9 3
s 11598 39 23
s 11599 10 5
s 11600 18 9
s 11601 27 14
s 11602 12 5
s 11603 6 3
s 11604 63 31
s 11605 84 46
s 11606 151 81
s 11607 56 25
s 11608 80 48
s 11609 9 4
s 11610 32 16
s 11611 30 16
s 11612 14 10
s 11613 145 76
s 11614 11 5
s 11615 11 6
s 11616 40 17
s 11617 97 62
s 11618 62 20
s 11619 11 6
s 11620 46 23
s 11621 54 22
s 11622 14 8
s 11623 9 5
s 11624 95 52
s 11625 65 37
s 11626 88 39
s 11627 48 27
s 11628 41 25
s 11629 74 39
s 11630 60 30
s 11631 35 26
s 11632 57 28
s 11633 19 11
s 11634 24 13
s 11639 57 34
s 11640 48 20
s 11641 55 32
s 11643 72 35
s 11646 49 29
s 11648 64 24
s 11649 44 29
s 11651 39 18
s 11655 128 77
s 11656 42 22
s 11657 38 13
s 11658 25 11
s 11665 29 13
s 11675 21 9
s 11823 53 21
s 11824 23 13
s 11825 209 101
s 11826 59 30
s 11827 55 28
s 11828 25 13
s 11829 53 24
s 11830 28 12
s 11831 101 53
s 11832 10 5
s 11833 37 11
s 11834 33 10
s 11835 42 20
s 11836 111 51
s 11837 12 7
s 11838 125 61
s 11839 35 18
s 11840 56 29
s 11841 7 3
s 11842 5 3
s 11843 4 2
s 11844 72 36
s 11845 67 29
s 11846 19 8
s 11847 185 87
s 11848 31 14
s 11849 7 4
s 11850 232 116
s 11851 79 34
s 11852 154 78
s 11853 16 8
s 11854 46 25
s 11855 22 11
s 11856 12 4
s 11857 12 4
s 11858 14 5
s 11859 28 16
s 11860 115 55
s 11861 155 73
s 11862 304 149
s 11863 134 59
s 11864 114 56
s 11865 2 1
s 11866 61 30
s 11867 45 23
s 11868 39 25
s 11869 54 24
s 11871 3 2
s 11872 74 37
s 11873 135 62
s 11874 78 34
s 11875 17 10
s 11876 113 51
s 11877 87 38
s 11878 22 8
s 11879 14 4
s 11880 124 56
s 11881 139 67
s 11882 112 58
s 11883 83 41
s 11884 51 16
s 11885 23 8
s 11886 83 40
s 11887 84 33
s 11888 140 69
s 11889 38 18
s 11890 21 11
s 11895 116 55
s 11896 72 36
s 11897 81 32
s 11899 160 86
s 11902 58 32
s 11904 130 48
s 11905 61 30
s 11907 83 34
s 11911 120 56
s 11912 80 37
s 11913 56 24
s 11914 10 3
s 11921 26 15
s 11931 41 17
s 12080 193 92
s 12081 176 86
s 12082 48 30
s 12083 71 35
s 12084 26 17
s 12085 116 57
s 12086 186 81
s 12087 66 26
s 12088 33 18
s 12089 30 14
s 12090 31 19
s 12091 27 11
s 12092 79 42
s 12093 10 4
s 12094 152 75
s 12095 44 22
s 12096 57 25
s 12097 14 7
s 12098 4 3
s 12099 89 49
s 12100 72 28
s 12101 67 29
s 12102 82 47
s 12103 223 115
s 12104 45 19
s 12105 23 8
s 12106 150 73
s 12107 83 35
s 12108 117 62
s 12109 18 9
s 12110 28 10
s 12111 28 16
s 12112 44 24
s 12113 23 9
s 12114 16 9
s 12115 29 13
s 12116 115 59
s 12117 155 68
s 12118 313 163
s 12119 149 72
s 12120 150 94
s 12121 7 4
s 12122 48 27
s 12123 46 21
s 12124 17 9
s 12125 185 88
s 12126 9 5
s 12127 18 10
s 12128 29 13
s 12129 106 53
s 12130 51 20
s 12131 16 6
s 12132 126 64
s 12133 92 46
s 12134 34 17
s 12135 11 5
s 12136 109 57
s 12137 148 73
s 12138 91 49
s 12139 78 48
s 12140 26 13
s 12141 130 52
s 12142 72 32
s 12143 93 51
s 12144 129 67
s 12145 24 10
s 12146 64 27
s 12151 136 67
s 12152 63 21
s 12153 91 45
s 12155 125 52
s 12158 47 21
s 12160 126 62
s 12161 34 17
s 12163 88 46
s 12167 92 37
s 12168 78 40
s 12169 27 8
s 12170 33 17
s 12177 54 21
s 12187 35 16
s 12337 756 395
s 12338 192 120
s 12339 171 82
s 12340 116 60
s 12341 174 76
s 12342 24 13
s 12343 355 184
s 12344 38 19
s 12345 109 62
s 12346 103 49
s 12347 178 90
s 12348 445 259
s 12349 57 29
s 12350 514 274
s 12351 104 56
s 12352 185 93
s 12353 49 23
s 12354 17 11
s 12355 8 4
s 12356 237 108
s 12357 344 170
s 12358 30 15
s 12359 692 377
s 12360 90 43
s 12361 45 16
s 12362 830 420
s 12363 234 113
s 12364 612 338
s 12365 96 51
s 12366 174 92
s 12367 106 65
s 12368 41 20
s 12369 52 20
s 12370 69 39
s 12371 99 43
s 12372 325 161
s 12373 573 288
s 12374 949 475
s 12375 483 248
s 12376 508 282
s 12377 1 0
s 12378 247 133
s 12379 276 146
s 12380 120 75
s 12381 158 80
s 12382 5 2
s 12383 6 2
s 12384 154 71
s 12385 491 260
s 12386 242 121
s 12387 81 37
s 12388 380 197
s 12389 375 184
s 12390 87 41
s 12391 58 35
s 12392 484 260
s 12393 585 309
s 12394 457 243
s 12395 295 156
s 12396 157 73
s 12397 15 6
s 12398 272 141
s 12399 321 172
s 12400 494 253
s 12401 169 86
s 12402 111 50
s 12407 372 194
s 12408 303 145
s 12409 323 170
s 12411 544 271
s 12414 267 125
s 12416 469 229
s 12417 208 112
s 12419 360 195
s 12423 516 263
s 12424 271 138
s 12425 212 108
s 12426 22 13
s 12433 57 26
s 12443 109 61
s 12594 267 163
s 12595 160 93
s 12596 119 77
s 12597 335 171
s 12598 625 329
s 12599 251 127
s 12600 153 79
s 12601 73 33
s 12602 117 61
s 12603 121 64
s 12604 217 122
s 12605 50 30
s 12606 581 346
s 12607 149 80
s 12608 200 97
s 12609 40 22
s 12610 22 12
s 12611 309 154
s 12612 386 220
s 12613 196 93
s 12614 266 146
s 12615 646 349
s 12616 157 84
s 12617 59 25
s 12618 683 360
s 12619 264 121
s 12620 469 269
s 12621 51 30
s 12622 117 73
s 12623 94 43
s 12624 124 78
s 12625 63 31
s 12626 56 29
s 12627 94 46
s 12628 335 175
s 12629 576 306
s 12630 1198 621
s 12631 476 241
s 12632 487 266
s 12633 36 14
s 12634 212 109
s 12635 272 147
s 12636 81 51
s 12637 650 352
s 12638 45 23
s 12639 65 32
s 12640 104 50
s 12641 355 194
s 12642 136 69
s 12643 44 21
s 12644 324 168
s 12645 415 208
s 12646 78 43
s 12647 48 24
s 12648 219 106
s 12649 698 374
s 12650 358 188
s 12651 239 133
s 12652 100 51
s 12653 464 230
s 12654 291 154
s 12655 366 193
s 12656 588 315
s 12657 129 69
s 12658 134 67
s 12663 459 237
s 12664 181 87
s 12665 418 226
s 12667 651 333
s 12670 188 113
s 12672 482 226
s 12673 83 42
s 12675 404 203
s 12679 313 171
s 12680 242 121
s 12681 112 59
s 12682 117 63
s 12689 177 95
s 12699 86 44
s 12851 33 17
s 12852 41 25
s 12853 116 58
s 12854 157 98
s 12855 119 73
s 12856 32 16
s 12857 16 12
s 12858 16 7
s 12859 66 38
s 12860 102 65
s 12861 29 17
s 12862 140 81
s 12863 26 13
s 12864 21 8
s 12865 15 8
s 12866 2 0
s 12867 93 45
s 12868 26 15
s 12869 87 44
s 12870 112 63
s 12871 150 90
s 12872 36 17
s 12873 21 8
s 12874 267 144
s 12875 30 19
s 12876 211 121
s 12877 35 23
s 12878 65 37
s 12879 7 4
s 12880 39 19
s 12881 15 12
s 12882 24 14
s 12883 10 5
s 12884 50 29
s 12885 86 45
s 12886 253 151
s 12887 39 21
s 12888 172 112
s 12889 14 8
s 12890 56 31
s 12891 48 27
s 12892 37 18
s 12893 190 102
s 12894 14 9
s 12895 25 12
s 12896 58 30
s 12897 144 91
s 12898 88 42
s 12899 44 18
s 12900 61 27
s 12901 67 27
s 12902 4 2
s 12903 8 6
s 12904 130 74
s 12905 121 66
s 12906 129 72
s 12907 77 51
s 12908 53 32
s 12909 143 74
s 12910 66 37
s 12911 10 6
s 12912 38 22
s 12913 63 39
s 12914 63 37
s 12919 75 40
s 12920 87 51
s 12921 51 36
s 12923 102 52
s 12926 66 35
s 12928 122 67
s 12929 61 31
s 12931 42 22
s 12935 145 73
s 12936 80 44
s 12937 70 36
s 12938 23 15
s 12945 65 33
s 12955 34 18
s 13108 26 14
s 13109 91 46
s 13110 116 55
s 13111 113 58
s 13112 39 23
s 13113 19 12
s 13114 18 16
s 13115 28 15
s 13116 75 40
s 13117 13 6
s 13118 50 27
s 13119 22 7
s 13120 18 7
s 13121 9 4
s 13122 7 2
s 13123 56 30
s 13124 37 14
s 13125 72 35
s 13126 58 34
s 13127 63 37
s 13128 22 13
s 13129 9 5
s 13130 162 77
s 13131 36 21
s 13132 166 93
s 13133 19 13
s 13134 34 13
s 13135 11 6
s 13136 26 10
s 13137 15 8
s 13138 12 9
s 13139 6 4
s 13140 50 20
s 13141 76 40
s 13142 150 64
s 13143 55 36
s 13144 71 37
s 13145 5 4
s 13146 55 28
s 13147 32 19
s 13148 21 11
s 13149 158 60
s 13150 11 8
s 13151 16 6
s 13152 29 17
s 13153 76 43
s 13154 54 26
s 13155 23 9
s 13156 39 22
s 13157 54 23
s 13158 8 1
s 13159 13 7
s 13160 96 49
s 13161 64 32
s 13162 90 43
s 13163 37 20
s 13164 39 17
s 13165 92 40
s 13166 50 32
s 13167 37 16
s 13168 56 24
s 13169 27 11
s 13170 51 24
s 13175 46 17
s 13176 60 28
s 13177 30 12
s 13179 68 32
s 13182 69 41
s 13184 92 51
s 13185 45 26
s 13187 44 20
s 13191 105 53
s 13192 54 23
s 13193 54 31
s 13194 23 7
s 13201 46 19
s 13211 12 4
s 13365 52 27
s 13366 97 56
s 13367 79 43
s 13368 17 10
s 13369 19 11
s 13370 16 9
s 13371 14 4
s 13372 70 44
s 13373 5 0
s 13374 110 64
s 13375 13 6
s 13376 29 11
s 13377 16 12
s 13378 4 1
s 13379 44 23
s 13380 39 18
s 13381 61 29
s 13382 32 16
s 13383 119 71
s 13384 25 10
s 13385 11 5
s 13386 64 31
s 13387 36 20
s 13388 38 22
s 13389 22 9
s 13390 29 17
s 13391 13 7
s 13392 18 11
s 13393 18 11
s 13394 8 6
s 13395 7 3
s 13396 61 35
s 13397 79 40
s 13398 181 102
s 13399 63 33
s 13400 80 48
s 13401 7 1
s 13402 25 14
s 13403 278 174
s 13404 19 11
s 13405 120 67
s 13406 6 4
s 13407 5 3
s 13408 30 20
s 13409 78 40
s 13410 43 17
s 13411 15 4
s 13412 68 31
s 13413 58 34
s 13414 14 4
s 13415 6 5
s 13416 90 52
s 13417 91 47
s 13418 27 17
s 13419 45 25
s 13420 31 17
s 13421 55 25
s 13422 51 28
s 13423 44 25
s 13424 107 63
s 13425 9 5
s 13426 19 12
s 13431 98 59
s 13432 34 22
s 13433 64 37
s 13435 102 42
s 13438 27 9
s 13440 76 36
s 13441 39 21
s 13443 73 43
s 13447 97 53
s 13448 41 19
s 13449 31 17
s 13450 10 7
s 13457 29 16
s 13467 17 8
s 13622 172 66
s 13623 202 96
s 13624 37 16
s 13625 39 16
s 13626 62 25
s 13627 88 37
s 13628 209 111
s 13629 33 15
s 13630 254 153
s 13631 56 25
s 13632 93 40
s 13633 17 10
s 13634 10 4
s 13635 90 38
s 13636 123 56
s 13637 200 100
s 13638 79 32
s 13639 401 181
s 13640 64 31
s 13641 50 22
s 13642 362 167
s 13643 153 68
s 13644 292 134
s 13645 36 14
s 13646 79 41
s 13647 34 16
s 13648 29 11
s 13649 40 17
s 13650 20 11
s 13651 51 21
s 13652 194 81
s 13653 271 109
s 13654 488 247
s 13655 213 95
s 13656 276 151
s 13657 10 6
s 13658 83 47
s 13659 68 31
s 13660 46 20
s 13661 205 96
s 13662 13 3
s 13663 22 11
s 13664 108 55
s 13665 209 95
s 13666 129 52
s 13667 34 10
s 13668 225 107
s 13669 147 65
s 13670 43 23
s 13671 24 9
s 13672 264 128
s 13673 250 109
s 13674 212 105
s 13675 141 70
s 13676 113 44
s 13677 92 40
s 13678 136 63
s 13679 121 56
s 13680 212 95
s 13681 74 34
s 13682 72 27
s 13687 223 108
s 13688 138 58
s 13689 143 64
s 13691 294 146
s 13694 150 66
s 13696 251 117
s 13697 138 63
s 13699 155 72
s 13703 264 122
s 13704 123 46
s 13705 106 40
s 13706 31 13
s 13713 64 24
s 13723 68 30
s 13879 371 209
s 13880 42 22
s 13881 73 38
s 13882 89 46
s 13883 145 78
s 13884 385 208
s 13885 47 22
s 13886 503 307
s 13887 103 48
s 13888 182 89
s 13889 46 31
s 13890 11 9
s 13891 5 3
s 13892 256 133
s 13893 324 160
s 13894 22 12
s 13895 647 340
s 13896 79 32
s 13897 35 16
s 13898 727 405
s 13899 242 135
s 13900 610 357
s 13901 68 38
s 13902 142 76
s 13903 84 37
s 13904 23 11
s 13905 43 25
s 13906 41 21
s 13907 70 31
s 13908 289 153
s 13909 472 225
s 13910 1091 611
s 13911 430 230
s 13912 499 282
s 13913 3 2
s 13914 189 101
s 13915 146 77
s 13916 79 34
s 13917 150 66
s 13918 4 4
s 13919 9 7
s 13920 160 88
s 13921 429 222
s 13922 266 113
s 13923 62 34
s 13924 262 129
s 13925 362 181
s 13926 72 32
s 13927 39 23
s 13928 489 271
s 13929 452 253
s 13930 429 213
s 13931 266 136
s 13932 180 84
s 13933 13 7
s 13934 281 153
s 13935 247 121
s 13936 478 259
s 13937 148 83
s 13938 75 34
s 13943 381 184
s 13944 252 125
s 13945 338 184
s 13947 502 251
s 13950 235 119
s 13952 452 235
s 13953 195 107
s 13955 326 163
s 13959 459 261
s 13960 248 121
s 13961 182 104
s 13962 20 13
s 13969 66 29
s 13979 90 47
s 14136 84 41
s 14137 26 14
s 14138 40 19
s 14139 75 41
s 14140 15 8
s 14141 35 19
s 14142 654 384
s 14143 60 30
s 14144 101 50
s 14145 18 10
s 14146 16 4
s 14147 140 80
s 14148 136 60
s 14149 21 8
s 14150 159 93
s 14151 681 380
s 14152 73 35
s 14153 24 10
s 14154 424 229
s 14155 129 70
s 14156 386 211
s 14157 10 5
s 14158 12 7
s 14159 43 24
s 14160 75 43
s 14161 10 4
s 14162 39 24
s 14163 49 24
s 14164 148 75
s 14165 244 125
s 14166 485 268
s 14167 260 146
s 14168 383 217
s 14169 18 11
s 14170 126 68
s 14171 118 64
s 14172 21 14
s 14173 382 216
s 14174 35 17
s 14175 38 20
s 14176 4 4
s 14177 138 75
s 14178 20 10
s 14179 9 3
s 14180 208 95
s 14181 123 61
s 14182 41 20
s 14183 26 17
s 14184 18 10
s 14185 275 144
s 14186 321 171
s 14187 187 109
s 14188 9 3
s 14189 226 127
s 14190 129 65
s 14191 132 79
s 14192 317 167
s 14193 83 51
s 14194 104 48
s 14199 226 112
s 14200 139 68
s 14201 164 90
s 14203 271 142
s 14206 143 95
s 14208 251 137
s 14209 11 5
s 14211 152 76
s 14215 42 20
s 14216 143 72
s 14217 43 17
s 14218 64 42
s 14225 135 59
s 14235 38 21
s 14393 25 15
s 14394 15 6
s 14395 25 13
s 14396 94 51
s 14397 19 12
s 14398 83 41
s 14399 14 7
s 14400 43 24
s 14401 12 5
s 14402 4 2
s 14403 29 12
s 14404 54 26
s 14405 69 22
s 14406 21 9
s 14407 146 78
s 14408 30 14
s 14409 7 4
s 14410 154 79
s 14411 56 33
s 14412 109 68
s 14413 17 7
s 14414 31 22
s 14415 22 12
s 14416 12 6
s 14417 9 5
s 14418 16 13
s 14419 26 14
s 14420 76 37
s 14421 128 63
s 14422 223 123
s 14423 114 70
s 14424 96 47
s 14425 1 1
s 14426 37 16
s 14427 23 10
s 14428 17 13
s 14429 67 29
s 14430 1 0
s 14431 4 3
s 14432 37 19
s 14433 75 38
s 14434 47 31
s 14435 10 7
s 14436 101 55
s 14437 62 36
s 14438 13 7
s 14439 12 6
s 14440 115 62
s 14441 104 54
s 14442 79 38
s 14443 61 31
s 14444 44 21
s 14445 22 9
s 14446 69 45
s 14447 60 30
s 14448 91 49
s 14449 35 22
s 14450 21 10
s 14455 91 55
s 14456 42 21
s 14457 51 30
s 14459 118 71
s 14462 50 24
s 14464 90 46
s 14465 35 16
s 14467 73 37
s 14471 127 63
s 14472 64 33
s 14473 53 30
s 14474 6 3
s 14481 23 8
s 14491 26 9
s 14650 2 2
s 14651 20 13
s 14652 48 26
s 14653 12 7
s 14654 48 28
s 14655 14 8
s 14656 28 13
s 14657 1 0
s 14659 27 17
s 14660 21 12
s 14661 20 12
s 14662 37 25
s 14663 66 32
s 14664 14 7
s 14665 12 4
s 14666 110 54
s 14667 24 11
s 14668 71 45
s 14669 12 6
s 14670 19 9
s 14671 5 2
s 14672 16 9
s 14673 11 4
s 14674 13 5
s 14675 7 1
s 14676 31 10
s 14677 49 27
s 14678 128 68
s 14679 43 24
s 14680 47 28
s 14681 4 2
s 14682 32 13
s 14683 19 10
s 14684 10 7
s 14685 82 43
s 14686 5 2
s 14687 10 5
s 14688 11 6
s 14689 55 31
s 14690 18 13
s 14691 11 4
s 14692 42 19
s 14693 43 26
s 14694 8 5
s 14695 6 5
s 14696 44 24
s 14697 60 33
s 14698 67 32
s 14699 33 19
s 14700 22 10
s 14701 67 32
s 14702 27 17
s 14703 30 15
s 14704 48 32
s 14705 27 15
s 14706 21 16
s 14711 36 16
s 14712 24 11
s 14713 40 25
s 14715 63 40
s 14718 26 10
s 14720 64 31
s 14721 24 12
s 14723 30 18
s 14727 56 23
s 14728 32 15
s 14729 19 16
s 14730 23 12
s 14737 25 15
s 14747 8 5
s 14907 21 13
s 14908 56 28
s 14909 8 4
s 14910 64 34
s 14911 17 8
s 14912 25 14
s 14913 5 2
s 14914 3 0
s 14915 37 23
s 14916 22 13
s 14917 43 20
s 14918 44 19
s 14919 91 49
s 14920 17 6
s 14921 15 5
s 14922 100 54
s 14923 29 14
s 14924 103 56
s 14925 15 7
s 14926 22 10
s 14927 5 5
s 14928 18 11
s 14929 12 8
s 14930 5 3
s 14931 7 2
s 14932 41 19
s 14933 38 22
s 14934 111 53
s 14935 48 29
s 14936 76 48
s 14937 5 1
s 14938 20 13
s 14939 18 14
s 14940 11 6
s 14941 99 53
s 14942 8 4
s 14943 11 5
s 14944 21 9
s 14945 51 26
s 14946 38 10
s 14947 13 9
s 14948 40 25
s 14949 32 17
s 14950 9 4
s 14951 2 2
s 14952 68 32
s 14953 58 34
s 14954 81 44
s 14955 60 31
s 14956 33 8
s 14957 57 30
s 14958 31 15
s 14959 23 16
s 14960 39 22
s 14961 26 14
s 14962 33 13
s 14967 59 33
s 14968 40 22
s 14969 27 10
s 14971 67 37
s 14974 38 17
s 14976 66 32
s 14977 30 14
s 14979 29 14
s 14983 63 37
s 14984 37 22
s 14985 32 16
s 14986 14 7
s 14993 31 10
s 15003 14 6
s 15164 82 39
s 15165 8 2
s 15166 114 58
s 15167 33 15
s 15168 55 30
s 15169 8 3
s 15170 5 2
s 15171 62 24
s 15172 67 31
s 15173 61 30
s 15174 59 31
s 15175 156 84
s 15176 34 12
s 15177 9 2
s 15178 100 44
s 15179 58 22
s 15180 59 27
s 15181 12 6
s 15182 40 16
s 15183 18 5
s 15184 30 15
s 15185 13 6
s 15186 12 5
s 15187 26 12
s 15188 65 25
s 15189 132 53
s 15190 230 113
s 15191 121 55
s 15192 125 65
s 15193 6 2
s 15194 31 16
s 15195 46 22
s 15196 14 6
s 15197 148 74
s 15198 7 1
s 15199 16 8
s 15200 33 16
s 15201 103 53
s 15202 53 21
s 15203 19 6
s 15204 85 30
s 15205 83 38
s 15206 9 6
s 15207 13 7
s 15208 75 36
s 15209 116 68
s 15210 45 17
s 15211 54 26
s 15212 33 17
s 15213 110 47
s 15214 58 25
s 15215 119 57
s 15216 119 57
s 15217 23 7
s 15218 47 16
s 15223 88 39
s 15224 31 14
s 15225 79 40
s 15227 147 66
s 15230 31 12
s 15232 95 51
s 15233 36 14
s 15235 105 50
s 15239 97 48
s 15240 55 23
s 15241 32 18
s 15242 18 9
s 15249 49 25
s 15259 22 11
s 15421 32 14
s 15422 293 162
s 15423 76 35
s 15424 136 75
s 15425 21 11
s 15426 5 4
s 15427 187 106
s 15428 173 86
s 15429 24 5
s 15430 157 79
s 15431 361 210
s 15432 87 36
s 15433 47 26
s 15434 460 245
s 15435 199 98
s 15436 438 243
s 15437 9 7
s 15438 11 7
s 15439 58 32
s 15440 83 48
s 15441 17 10
s 15442 44 28
s 15443 55 28
s 15444 210 112
s 15445 260 115
s 15446 680 372
s 15447 276 152
s 15448 279 162
s 15449 17 6
s 15450 147 83
s 15451 175 111
s 15452 45 28
s 15453 368 206
s 15454 25 17
s 15455 35 15
s 15456 15 6
s 15457 127 65
s 15458 24 11
s 15459 7 5
s 15460 210 108
s 15461 218 116
s 15462 38 21
s 15463 29 16
s 15464 31 17
s 15465 354 198
s 15466 282 131
s 15467 169 99
s 15468 7 3
s 15469 242 111
s 15470 77 43
s 15471 176 98
s 15472 331 201
s 15473 119 75
s 15474 99 34
s 15479 304 169
s 15480 131 68
s 15481 234 122
s 15483 385 202
s 15486 144 71
s 15488 277 147
s 15489 14 6
s 15491 231 131
s 15495 32 18
s 15496 150 82
s 15497 44 24
s 15498 68 38
s 15505 85 40
s 15515 39 23
s 15678 37 23
s 15679 11 6
s 15680 17 10
s 15681 4 2
s 15682 5 1
s 15683 21 8
s 15684 27 12
s 15685 30 14
s 15686 19 8
s 15687 74 39
s 15688 15 3
s 15689 5 1
s 15690 47 21
s 15691 20 8
s 15692 34 17
s 15693 7 5
s 15694 14 11
s 15695 11 3
s 15696 3 2
s 15697 7 6
s 15698 5 3
s 15699 15 8
s 15700 41 24
s 15701 54 31
s 15702 88 45
s 15703 52 28
s 15704 44 31
s 15705 8 3
s 15706 15 8
s 15707 21 12
s 15708 6 2
s 15709 52 30
s 15710 6 3
s 15711 2 1
s 15712 13 6
s 15713 38 21
s 15714 25 12
s 15715 4 2
s 15716 35 12
s 15717 38 19
s 15718 7 5
s 15719 6 2
s 15720 39 26
s 15721 70 36
s 15722 18 9
s 15723 27 11
s 15724 11 4
s 15725 33 15
s 15726 28 11
s 15727 38 13
s 15728 51 24
s 15729 9 6
s 15730 8 3
s 15735 40 17
s 15736 21 12
s 15737 48 27
s 15739 55 25
s 15742 9 1
s 15744 34 19
s 15745 11 6
s 15747 38 20
s 15751 54 35
s 15752 28 12
s 15753 20 12
s 15754 10 5
s 15761 20 10
s 15771 11 4
s 15935 63 25
s 15936 117 66
s 15937 35 18
s 15938 9 4
s 15939 239 136
s 15940 138 85
s 15941 246 141
s 15942 190 123
s 15943 142 74
s 15944 77 42
s 15945 42 23
s 15946 514 269
s 15947 123 66
s 15948 489 285
s 15949 60 33
s 15950 102 63
s 15951 39 20
s 15952 115 63
s 15953 54 28
s 15954 52 31
s 15955 49 26
s 15956 143 78
s 15957 249 122
s 15958 359 210
s 15959 319 182
s 15960 133 75
s 15961 22 9
s 15962 138 74
s 15963 120 74
s 15964 89 47
s 15965 455 237
s 15966 34 22
s 15967 37 13
s 15968 121 65
s 15969 238 131
s 15970 190 90
s 15971 53 28
s 15972 122 59
s 15973 158 89
s 15974 31 21
s 15975 35 24
s 15976 332 199
s 15977 220 127
s 15978 368 208
s 15979 154 96
s 15980 129 79
s 15981 295 153
s 15982 148 88
s 15983 170 94
s 15984 344 204
s 15985 106 63
s 15986 136 75
s 15991 152 86
s 15992 191 103
s 15993 161 109
s 15995 221 124
s 15998 189 102
s 16000 276 155
s 16001 133 71
s 16003 168 99
s 16007 405 236
s 16008 173 109
s 16009 136 83
s 16010 66 34
s 16017 145 77
s 16027 70 42
s 16192 29 18
s 16193 11 4
s 16194 4 1
s 16195 31 19
s 16196 48 23
s 16197 59 26
s 16198 44 17
s 16199 126 59
s 16200 19 6
s 16201 12 5
s 16202 161 84
s 16203 40 16
s 16204 134 68
s 16205 12 3
s 16206 38 15
s 16207 9 4
s 16208 18 10
s 16209 17 7
s 16210 9 5
s 16211 13 8
s 16212 72 33
s 16213 113 50
s 16214 183 88
s 16215 88 37
s 16216 72 31
s 16217 3 1
s 16218 32 13
s 16219 33 20
s 16220 14 7
s 16221 113 65
s 16222 13 6
s 16223 8 3
s 16224 46 22
s 16225 84 42
s 16226 57 29
s 16227 11 4
s 16228 62 35
s 16229 57 20
s 16230 19 6
s 16231 2 0
s 16232 84 40
s 16233 76 30
s 16234 104 41
s 16235 42 15
s 16236 30 14
s 16237 75 32
s 16238 62 39
s 16239 50 27
s 16240 76 36
s 16241 37 16
s 16242 36 20
s 16247 67 27
s 16248 60 28
s 16249 49 19
s 16251 75 40
s 16254 54 31
s 16256 84 36
s 16257 41 8
s 16259 50 22
s 16263 97 48
s 16264 38 18
s 16265 36 18
s 16266 18 11
s 16273 26 10
s 16283 18 10
s 16449 14 7
s 16450 4 2
s 16451 92 42
s 16452 24 9
s 16453 97 44
s 16454 109 48
s 16455 150 81
s 16456 27 13
s 16457 17 8
s 16458 249 131
s 16459 51 23
s 16460 161 73
s 16461 27 10
s 16462 57 28
s 16463 11 4
s 16464 41 22
s 16465 20 8
s 16466 18 8
s 16467 13 8
s 16468 67 36
s 16469 95 38
s 16470 238 127
s 16471 54 24
s 16472 134 70
s 16473 4 1
s 16474 52 33
s 16475 39 14
s 16476 28 16
s 16477 202 102
s 16478 13 4
s 16479 20 7
s 16480 49 24
s 16481 151 76
s 16482 61 26
s 16483 25 9
s 16484 77 38
s 16485 75 36
s 16486 16 7
s 16487 8 6
s 16488 132 71
s 16489 93 48
s 16490 126 60
s 16491 81 43
s 16492 52 25
s 16493 115 49
s 16494 72 33
s 16495 35 23
s 16496 41 27
s 16497 38 30
s 16498 67 27
s 16503 61 29
s 16504 82 35
s 16505 39 11
s 16507 101 48
s 16510 76 38
s 16512 124 51
s 16513 80 39
s 16515 44 17
s 16519 156 77
s 16520 71 36
s 16521 55 25
s 16522 27 17
s 16529 43 14
s 16539 26 12
s 16706 1 1
s 16707 20 15
s 16708 13 6
s 16709 10 8
s 16710 24 16
s 16711 45 19
s 16712 8 3
s 16713 2 2
s 16714 32 15
s 16715 16 9
s 16716 21 11
s 16717 6 3
s 16718 6 3
s 16719 5 1
s 16720 8 5
s 16721 4 4
s 16722 6 1
s 16723 9 9
s 16724 23 12
s 16725 23 11
s 16726 54 26
s 16727 31 13
s 16728 33 19
s 16729 2 0
s 16730 13 5
s 16731 15 7
s 16732 5 4
s 16733 39 20
s 16734 1 0
s 16735 3 2
s 16736 8 2
s 16737 26 13
s 16738 10 3
s 16739 3 1
s 16740 34 15
s 16741 22 15
s 16742 3 2
s 16743 1 0
s 16744 21 11
s 16745 28 13
s 16746 12 7
s 16747 15 8
s 16748 9 5
s 16749 22 10
s 16750 25 18
s 16751 13 9
s 16752 31 18
s 16753 3 2
s 16754 10 9
s 16759 18 13
s 16760 15 9
s 16761 30 18
s 16763 24 15
s 16766 15 7
s 16768 33 20
s 16769 5 4
s 16771 23 13
s 16775 29 23
s 16776 16 6
s 16777 13 5
s 16778 9 5
s 16785 15 9
s 16795 4 3
s 16963 9 5
s 16964 1 0
s 16965 9 5
s 16966 6 1
s 16967 14 8
s 16968 7 3
s 16969 1 0
s 16970 27 19
s 16971 4 2
s 16972 18 9
s 16973 4 2
s 16974 9 6
s 16975 2 1
s 16976 9 3
s 16977 2 0
s 16978 4 2
s 16979 1 1
s 16980 2 1
s 16981 10 2
s 16982 22 12
s 16983 3 2
s 16984 11 7
s 16985 3 0
s 16986 7 3
s 16987 2 1
s 16988 2 2
s 16989 13 6
s 16990 2 1
s 16991 2 1
s 16992 8 5
s 16993 14 11
s 16994 5 1
s 16995 2 0
s 16996 6 3
s 16997 4 3
s 16998 1 1
s 17000 12 10
s 17001 9 6
s 17002 21 9
s 17003 11 8
s 17004 4 2
s 17005 18 8
s 17006 6 2
s 17007 2 1
s 17008 5 4
s 17009 2 2
s 17010 3 2
s 17015 9 6
s 17016 11 3
s 17017 5 2
s 17019 14 4
s 17022 8 3
s 17024 8 2
s 17025 6 4
s 17027 6 4
s 17031 9 3
s 17032 2 2
s 17033 6 3
s 17034 2 1
s 17041 7 3
s 17051 3 2
s 17220 139 71
s 17221 140 76
s 17222 3 1
s 17223 271 155
s 17224 45 24
s 17225 11 5
s 17226 369 212
s 17227 133 74
s 17228 299 165
s 17229 34 17
s 17230 59 30
s 17231 38 13
s 17232 12 8
s 17233 17 9
s 17234 20 10
s 17235 37 17
s 17236 118 53
s 17237 221 113
s 17238 458 236
s 17239 224 128
s 17240 219 122
s 17241 4 1
s 17242 87 39
s 17243 45 20
s 17244 29 15
s 17245 62 39
s 17247 4 1
s 17248 84 40
s 17249 171 77
s 17250 106 48
s 17251 26 12
s 17252 99 52
s 17253 165 78
s 17254 29 14
s 17255 19 11
s 17256 238 125
s 17257 222 119
s 17258 193 102
s 17259 120 61
s 17260 70 32
s 17261 4 2
s 17262 139 70
s 17263 119 74
s 17264 204 123
s 17265 58 35
s 17266 34 20
s 17271 186 90
s 17272 137 60
s 17273 165 95
s 17275 232 121
s 17278 122 63
s 17280 201 102
s 17281 96 49
s 17283 115 47
s 17287 248 122
s 17288 122 62
s 17289 91 49
s 17290 14 6
s 17297 32 9
s 17307 45 24
s 17477 124 57
s 17478 110 57
s 17479 218 111
s 17480 39 24
s 17481 18 7
s 17482 370 194
s 17483 43 21
s 17484 222 121
s 17485 25 13
s 17486 62 37
s 17487 9 4
s 17488 54 31
s 17489 44 24
s 17490 19 10
s 17491 24 10
s 17492 89 47
s 17493 140 64
s 17494 305 151
s 17495 56 27
s 17496 148 74
s 17497 14 6
s 17498 72 37
s 17499 59 25
s 17500 32 17
s 17501 262 129
s 17502 22 11
s 17503 32 19
s 17504 83 37
s 17505 198 103
s 17506 99 51
s 17507 27 9
s 17508 79 40
s 17509 90 52
s 17510 20 9
s 17511 15 8
s 17512 211 106
s 17513 117 64
s 17514 194 99
s 17515 97 46
s 17516 75 35
s 17517 164 83
s 17518 76 36
s 17519 44 15
s 17520 59 33
s 17521 80 36
s 17522 68 35
s 17527 95 48
s 17528 103 51
s 17529 69 39
s 17531 150 73
s 17534 112 50
s 17536 178 88
s 17537 87 40
s 17539 59 29
s 17543 212 108
s 17544 107 51
s 17545 83 39
s 17546 27 11
s 17553 71 34
s 17563 39 16
s 17734 117 55
s 17735 277 133
s 17736 71 30
s 17737 30 18
s 17738 347 163
s 17739 126 56
s 17740 359 199
s 17741 13 6
s 17742 6 3
s 17743 44 23
s 17744 47 21
s 17745 15 7
s 17746 33 15
s 17747 37 12
s 17748 140 70
s 17749 197 102
s 17750 562 275
s 17751 233 120
s 17752 235 127
s 17753 17 7
s 17754 95 40
s 17755 89 50
s 17756 34 18
s 17757 303 155
s 17758 18 10
s 17759 34 15
s 17760 6 1
s 17761 114 55
s 17762 18 8
s 17763 7 5
s 17764 131 61
s 17765 168 83
s 17766 36 12
s 17767 23 7
s 17768 30 17
s 17769 284 150
s 17770 246 135
s 17771 138 71
s 17772 9 2
s 17773 201 100
s 17774 118 62
s 17775 134 71
s 17776 239 119
s 17777 67 37
s 17778 80 34
s 17783 182 99
s 17784 105 48
s 17785 285 139
s 17787 285 135
s 17790 132 61
s 17792 194 86
s 17793 17 7
s 17795 152 68
s 17799 55 31
s 17800 94 41
s 17801 41 26
s 17802 50 27
s 17809 87 35
s 17819 26 10
s 17991 288 162
s 17992 47 20
s 17993 27 13
s 17994 393 190
s 17995 102 55
s 17996 251 122
s 17997 47 31
s 17998 91 49
s 17999 34 16
s 18000 17 10
s 18001 22 6
s 18002 15 4
s 18003 27 17
s 18004 134 71
s 18005 225 114
s 18006 442 242
s 18007 230 116
s 18008 203 109
s 18009 2 1
s 18010 84 50
s 18011 60 37
s 18012 43 27
s 18013 67 35
s 18014 4 2
s 18015 5 3
s 18016 86 38
s 18017 213 87
s 18018 104 52
s 18019 33 20
s 18020 160 70
s 18021 166 78
s 18022 38 23
s 18023 15 11
s 18024 199 108
s 18025 231 111
s 18026 217 104
s 18027 139 75
s 18028 76 38
s 18029 8 3
s 18030 147 78
s 18031 120 65
s 18032 220 131
s 18033 74 45
s 18034 34 14
s 18039 155 80
s 18040 125 62
s 18041 150 79
s 18043 224 120
s 18046 108 60
s 18048 231 101
s 18049 113 58
s 18051 151 69
s 18055 223 121
s 18056 115 50
s 18057 71 34
s 18058 12 5
s 18065 37 17
s 18075 53 28
s 18248 101 47
s 18249 63 26
s 18250 777 435
s 18251 226 125
s 18252 606 343
s 18253 66 34
s 18254 125 72
s 18255 56 22
s 18256 131 68
s 18257 65 35
s 18258 74 33
s 18259 73 33
s 18260 250 120
s 18261 383 194
s 18262 576 285
s 18263 471 261
s 18264 229 125
s 18265 39 20
s 18266 185 110
s 18267 241 133
s 18268 123 70
s 18269 625 330
s 18270 63 36
s 18271 72 34
s 18272 147 63
s 18273 334 166
s 18274 264 133
s 18275 78 30
s 18276 185 89
s 18277 234 125
s 18278 68 37
s 18279 30 17
s 18280 393 211
s 18281 314 166
s 18282 471 246
s 18283 203 114
s 18284 151 78
s 18285 386 180
s 18286 237 126
s 18287 271 158
s 18288 413 231
s 18289 203 114
s 18290 163 80
s 18295 203 107
s 18296 258 130
s 18297 253 132
s 18299 307 153
s 18302 255 120
s 18304 434 226
s 18305 184 95
s 18307 238 119
s 18311 487 281
s 18312 198 102
s 18313 173 99
s 18314 98 49
s 18321 206 104
s 18331 92 51
s 18505 9 2
s 18506 164 78
s 18507 49 22
s 18508 131 50
s 18509 21 5
s 18510 44 24
s 18511 14 7
s 18512 19 10
s 18513 16 10
s 18514 16 5
s 18515 15 6
s 18516 53 21
s 18517 87 36
s 18518 140 65
s 18519 87 42
s 18520 87 56
s 18521 5 2
s 18522 35 17
s 18523 56 25
s 18524 19 12
s 18525 112 52
s 18526 7 3
s 18527 9 2
s 18528 35 15
s 18529 89 46
s 18530 54 27
s 18531 10 2
s 18532 78 30
s 18533 46 18
s 18534 13 9
s 18535 12 7
s 18536 96 44
s 18537 68 30
s 18538 109 53
s 18539 57 28
s 18540 51 22
s 18541 66 30
s 18542 47 24
s 18543 38 17
s 18544 67 34
s 18545 25 14
s 18546 38 14
s 18551 59 21
s 18552 69 36
s 18553 41 20
s 18555 67 35
s 18558 65 30
s 18560 108 50
s 18561 57 25
s 18563 50 20
s 18567 108 59
s 18568 47 22
s 18569 39 18
s 18570 7 4
s 18577 24 8
s 18587 14 6
s 18762 71 38
s 18763 26 10
s 18764 50 21
s 18765 6 3
s 18766 13 6
s 18767 8 6
s 18768 10 3
s 18769 9 7
s 18770 7 2
s 18771 8 2
s 18772 25 13
s 18773 41 20
s 18774 106 44
s 18775 32 12
s 18776 33 22
s 18777 2 0
s 18778 14 8
s 18779 16 8
s 18780 9 5
s 18781 48 20
s 18782 4 1
s 18783 7 3
s 18784 17 7
s 18785 39 13
s 18786 23 12
s 18787 9 5
s 18788 31 16
s 18789 46 13
s 18790 8 3
s 18791 3 1
s 18792 40 17
s 18793 51 25
s 18794 35 12
s 18795 20 9
s 18796 14 5
s 18797 18 6
s 18798 31 17
s 18799 20 6
s 18800 26 11
s 18801 9 4
s 18802 17 6
s 18807 30 16
s 18808 31 11
s 18809 23 11
s 18811 42 19
s 18814 23 9
s 18816 47 17
s 18817 17 10
s 18819 23 10
s 18823 41 20
s 18824 37 14
s 18825 24 11
s 18826 5 0
s 18833 19 9
s 18843 7 3
s 19019 326 174
s 19020 190 102
s 19021 60 33
s 19022 199 108
s 19023 130 63
s 19024 126 73
s 19025 101 51
s 19026 49 31
s 19027 116 60
s 19028 356 167
s 19029 728 358
s 19030 1186 631
s 19031 548 303
s 19032 579 294
s 19033 42 26
s 19034 98 49
s 19035 209 115
s 19036 86 43
s 19037 740 396
s 19038 76 38
s 19039 87 39
s 19040 211 101
s 19041 571 290
s 19042 319 158
s 19043 94 53
s 19044 442 247
s 19045 365 185
s 19046 117 58
s 19047 40 22
s 19048 716 386
s 19049 630 328
s 19050 129 63
s 19051 231 116
s 19052 237 112
s 19053 522 236
s 19054 350 204
s 19055 366 193
s 19056 575 301
s 19057 61 34
s 19058 167 79
s 19063 431 207
s 19064 149 67
s 19065 394 214
s 19067 631 319
s 19070 118 62
s 19072 489 244
s 19073 318 159
s 19075 387 188
s 19079 634 358
s 19080 261 132
s 19081 207 97
s 19082 110 58
s 19089 200 103
s 19099 148 73
s 19276 252 132
s 19277 24 12
s 19278 72 41
s 19279 17 10
s 19280 49 29
s 19281 30 17
s 19282 28 18
s 19283 18 8
s 19284 94 43
s 19285 159 64
s 19286 307 144
s 19287 85 32
s 19288 140 76
s 19289 11 6
s 19290 65 34
s 19291 40 21
s 19292 29 17
s 19293 254 124
s 19294 23 8
s 19295 30 11
s 19296 93 37
s 19297 151 65
s 19298 91 51
s 19299 27 12
s 19300 93 49
s 19301 74 43
s 19302 17 9
s 19303 11 6
s 19304 196 93
s 19305 127 53
s 19306 157 86
s 19307 81 37
s 19308 81 35
s 19309 156 68
s 19310 80 36
s 19311 58 25
s 19312 86 48
s 19313 51 25
s 19314 75 24
s 19319 88 40
s 19320 89 40
s 19321 63 30
s 19323 119 54
s 19326 82 34
s 19328 159 71
s 19329 85 41
s 19331 56 23
s 19335 214 102
s 19336 94 46
s 19337 84 36
s 19338 38 18
s 19345 56 25
s 19355 21 12
s 19533 77 38
s 19534 206 107
s 19535 90 42
s 19536 81 44
s 19537 68 44
s 19538 38 20
s 19539 94 54
s 19540 313 154
s 19541 541 289
s 19542 1025 561
s 19543 497 264
s 19544 472 272
s 19545 32 19
s 19546 71 39
s 19547 164 92
s 19548 74 45
s 19549 561 314
s 19550 43 21
s 19551 50 21
s 19552 191 94
s 19553 344 200
s 19554 216 114
s 19555 65 29
s 19556 275 142
s 19557 323 167
s 19558 93 49
s 19559 45 27
s 19560 425 231
s 19561 496 274
s 19562 43 20
s 19563 150 81
s 19564 212 110
s 19565 357 161
s 19566 225 125
s 19567 274 139
s 19568 494 276
s 19569 17 8
s 19570 117 55
s 19575 450 229
s 19576 83 34
s 19577 321 181
s 19579 572 319
s 19582 39 16
s 19584 302 148
s 19585 183 97
s 19587 303 164
s 19591 514 267
s 19592 171 85
s 19593 141 74
s 19594 104 53
s 19601 132 69
s 19611 98 53
s 19790 3 1
s 19791 8 3
s 19792 20 13
s 19793 2 1
s 19794 6 5
s 19795 8 5
s 19796 41 18
s 19797 61 29
s 19798 135 80
s 19799 63 35
s 19800 57 28
s 19801 7 3
s 19802 22 11
s 19803 24 14
s 19804 7 3
s 19805 72 38
s 19806 7 2
s 19807 7 3
s 19808 3 3
s 19809 37 22
s 19810 12 5
s 19811 3 0
s 19812 43 23
s 19813 47 23
s 19814 14 7
s 19815 7 3
s 19816 9 6
s 19817 74 42
s 19818 54 31
s 19819 42 23
s 19820 5 2
s 19821 45 20
s 19822 23 12
s 19823 35 18
s 19824 65 29
s 19825 18 12
s 19826 20 12
s 19831 57 29
s 19832 37 20
s 19833 33 19
s 19835 70 41
s 19838 27 13
s 19840 51 24
s 19841 6 3
s 19843 47 19
s 19847 12 5
s 19848 40 22
s 19849 10 5
s 19850 11 5
s 19857 16 7
s 19867 13 9
s 20047 22 12
s 20048 33 20
s 20049 11 7
s 20050 12 7
s 20051 21 12
s 20052 80 40
s 20053 99 48
s 20054 268 139
s 20055 110 62
s 20056 143 80
s 20057 11 3
s 20058 59 37
s 20059 50 20
s 20060 16 8
s 20061 182 104
s 20062 7 6
s 20063 17 11
s 20064 4 1
s 20065 59 26
s 20066 11 6
s 20067 4 3
s 20068 77 35
s 20069 98 57
s 20070 19 10
s 20071 9 5
s 20072 13 4
s 20073 178 96
s 20074 129 69
s 20075 70 38
s 20076 5 3
s 20077 106 51
s 20078 81 35
s 20079 79 47
s 20080 143 87
s 20081 37 19
s 20082 42 20
s 20087 111 53
s 20088 58 33
s 20089 89 36
s 20091 194 108
s 20094 68 30
s 20096 109 61
s 20097 3 0
s 20099 117 65
s 20103 28 15
s 20104 64 30
s 20105 16 8
s 20106 16 4
s 20113 51 32
s 20123 11 6
s 20304 14 8
s 20305 10 7
s 20306 9 6
s 20307 11 3
s 20308 28 15
s 20309 51 18
s 20310 91 41
s 20311 28 13
s 20312 57 33
s 20313 2 1
s 20314 33 17
s 20315 18 10
s 20316 4 1
s 20317 72 28
s 20318 11 7
s 20319 8 2
s 20320 26 16
s 20321 55 30
s 20322 28 14
s 20323 12 7
s 20324 31 19
s 20325 31 12
s 20326 7 3
s 20327 3 2
s 20328 69 32
s 20329 44 24
s 20330 48 26
s 20331 37 17
s 20332 29 12
s 20333 57 25
s 20334 32 19
s 20335 17 6
s 20336 33 15
s 20337 13 7
s 20338 22 3
s 20343 22 12
s 20344 40 20
s 20345 15 6
s 20347 42 13
s 20350 31 14
s 20352 46 22
s 20353 24 15
s 20355 17 8
s 20359 65 36
s 20360 33 16
s 20361 23 8
s 20362 10 6
s 20369 38 15
s 20379 16 11
s 20561 6 3
s 20562 11 7
s 20563 15 9
s 20564 56 25
s 20565 88 34
s 20566 201 101
s 20567 93 57
s 20568 97 52
s 20569 2 2
s 20570 40 18
s 20571 28 14
s 20572 8 5
s 20573 51 28
s 20574 1 1
s 20575 1 0
s 20576 42 15
s 20577 75 44
s 20578 46 24
s 20579 13 7
s 20580 85 41
s 20581 70 39
s 20582 16 8
s 20583 8 4
s 20584 68 36
s 20585 133 70
s 20586 76 42
s 20587 43 24
s 20588 36 14
s 20589 23 13
s 20590 55 36
s 20591 62 30
s 20592 91 55
s 20593 21 10
s 20594 20 9
s 20599 80 35
s 20600 46 22
s 20601 51 26
s 20603 123 65
s 20606 44 20
s 20608 102 58
s 20609 30 17
s 20611 63 25
s 20615 89 46
s 20616 53 30
s 20617 38 18
s 20618 7 3
s 20625 25 12
s 20635 19 6
s 20818 11 6
s 20819 12 7
s 20820 32 17
s 20821 52 23
s 20822 131 66
s 20823 68 37
s 20824 50 26
s 20825 2 2
s 20826 21 10
s 20827 31 15
s 20828 9 3
s 20829 64 30
s 20830 7 3
s 20831 5 2
s 20832 12 6
s 20833 37 22
s 20834 16 9
s 20835 2 2
s 20836 47 21
s 20837 49 27
s 20838 12 4
s 20839 5 3
s 20840 23 11
s 20841 62 29
s 20842 47 24
s 20843 28 16
s 20844 12 4
s 20845 31 17
s 20846 36 19
s 20847 29 14
s 20848 65 36
s 20849 17 12
s 20850 14 8
s 20855 49 29
s 20856 29 16
s 20857 51 31
s 20859 49 30
s 20862 23 15
s 20864 70 28
s 20865 12 9
s 20867 26 8
s 20871 30 11
s 20872 27 12
s 20873 16 8
s 20874 12 6
s 20881 18 10
s 20891 8 4
s 21075 9 6
s 21076 34 16
s 21077 49 29
s 21078 103 59
s 21079 54 27
s 21080 53 26
s 21082 9 1
s 21083 14 6
s 21084 7 3
s 21085 43 23
s 21087 5 2
s 21088 18 9
s 21089 40 19
s 21090 23 17
s 21091 3 1
s 21092 32 17
s 21093 32 20
s 21094 8 5
s 21095 6 4
s 21096 58 26
s 21097 56 30
s 21098 21 12
s 21099 21 16
s 21100 17 7
s 21101 40 18
s 21102 25 13
s 21103 30 13
s 21104 69 41
s 21105 7 3
s 21106 15 7
s 21111 46 28
s 21112 9 4
s 21113 40 21
s 21115 64 38
s 21118 9 6
s 21120 46 29
s 21121 29 15
s 21123 39 17
s 21127 51 35
s 21128 16 8
s 21129 15 10
s 21130 6 1
s 21137 13 9
s 21147 11 8
s 21332 21 11
s 21333 37 17
s 21334 113 52
s 21335 19 12
s 21336 42 23
s 21337 4 0
s 21338 26 16
s 21339 10 5
s 21340 14 7
s 21341 74 34
s 21342 9 2
s 21343 14 5
s 21344 17 8
s 21345 62 32
s 21346 28 15
s 21347 10 3
s 21348 24 9
s 21349 36 17
s 21350 10 5
s 21351 2 1
s 21352 76 36
s 21353 43 24
s 21354 53 21
s 21355 44 23
s 21356 28 15
s 21357 53 20
s 21358 32 12
s 21359 6 1
s 21360 30 12
s 21361 26 17
s 21362 23 11
s 21367 34 16
s 21368 39 16
s 21369 22 13
s 21371 49 29
s 21374 28 12
s 21376 57 22
s 21377 27 11
s 21379 26 13
s 21383 82 43
s 21384 31 18
s 21385 24 7
s 21386 11 4
s 21393 23 12
s 21403 12 9
s 21589 177 91
s 21590 437 221
s 21591 135 70
s 21592 208 105
s 21593 16 9
s 21594 86 45
s 21595 63 28
s 21596 40 25
s 21597 326 170
s 21598 30 18
s 21599 36 15
s 21600 74 35
s 21601 194 101
s 21602 120 40
s 21603 48 15
s 21604 101 46
s 21605 147 66
s 21606 34 16
s 21607 10 5
s 21608 220 113
s 21609 194 110
s 21610 222 103
s 21611 112 58
s 21612 85 46
s 21613 180 76
s 21614 145 71
s 21615 73 35
s 21616 123 63
s 21617 82 37
s 21618 90 42
s 21623 157 84
s 21624 139 63
s 21625 119 58
s 21627 190 84
s 21630 134 56
s 21632 243 113
s 21633 98 49
s 21635 123 54
s 21639 213 114
s 21640 139 69
s 21641 88 40
s 21642 67 33
s 21649 113 59
s 21659 38 15
s 21846 738 349
s 21847 216 114
s 21848 310 156
s 21849 23 13
s 21850 215 118
s 21851 128 60
s 21852 55 26
s 21853 471 223
s 21854 52 24
s 21855 50 27
s 21856 125 58
s 21857 288 141
s 21858 153 63
s 21859 46 22
s 21860 182 90
s 21861 216 102
s 21862 37 19
s 21863 23 11
s 21864 311 154
s 21865 329 160
s 21866 390 166
s 21867 200 96
s 21868 123 53
s 21869 307 123
s 21870 212 117
s 21871 122 71
s 21872 211 99
s 21873 136 75
s 21874 132 58
s 21879 273 136
s 21880 192 84
s 21881 170 78
s 21883 335 166
s 21886 215 116
s 21888 318 139
s 21889 144 61
s 21891 165 79
s 21895 346 161
s 21896 185 78
s 21897 144 67
s 21898 74 31
s 21905 135 62
s 21915 66 23
s 22103 559 286
s 22104 480 250
s 22105 63 31
s 22106 261 140
s 22107 245 123
s 22108 115 62
s 22109 1052 537
s 22110 75 36
s 22111 123 59
s 22112 321 152
s 22113 792 398
s 22114 433 209
s 22115 128 59
s 22116 422 205
s 22117 327 165
s 22118 124 66
s 22119 71 39
s 22120 778 388
s 22121 488 273
s 22122 671 324
s 22123 372 203
s 22124 390 189
s 22125 648 298
s 22126 377 199
s 22127 332 169
s 22128 601 320
s 22129 223 126
s 22130 329 167
s 22135 375 200
s 22136 428 189
s 22137 334 185
s 22139 453 221
s 22142 408 205
s 22144 570 272
s 22145 357 194
s 22147 320 158
s 22151 876 452
s 22152 384 188
s 22153 322 156
s 22154 142 71
s 22161 275 133
s 22171 177 83
s 22360 300 155
s 22361 23 13
s 22362 146 81
s 22363 78 44
s 22364 61 31
s 22365 528 266
s 22366 36 19
s 22367 46 16
s 22368 133 72
s 22369 300 146
s 22370 165 86
s 22371 55 25
s 22372 162 88
s 22373 184 89
s 22374 29 18
s 22375 14 5
s 22376 332 165
s 22377 214 109
s 22378 366 184
s 22379 206 107
s 22380 150 71
s 22381 319 167
s 22382 168 85
s 22383 51 26
s 22384 102 52
s 22385 110 59
s 22386 165 81
s 22391 167 73
s 22392 230 119
s 22393 79 36
s 22395 237 110
s 22398 198 98
s 22400 293 143
s 22401 176 71
s 22403 81 37
s 22407 412 223
s 22408 159 83
s 22409 139 61
s 22410 42 21
s 22417 136 64
s 22427 68 34
s 22617 26 15
s 22618 142 86
s 22619 141 75
s 22620 53 28
s 22621 512 270
s 22622 43 24
s 22623 49 29
s 22624 129 64
s 22625 280 153
s 22626 169 83
s 22627 62 30
s 22628 143 73
s 22629 158 81
s 22630 51 26
s 22631 37 27
s 22632 350 185
s 22633 242 134
s 22634 334 190
s 22635 158 95
s 22636 125 61
s 22637 295 149
s 22638 178 100
s 22639 168 83
s 22640 340 193
s 22641 107 62
s 22642 124 60
s 22647 221 112
s 22648 198 95
s 22649 172 88
s 22651 255 134
s 22654 184 92
s 22656 323 168
s 22657 138 65
s 22659 188 105
s 22663 407 231
s 22664 159 81
s 22665 146 79
s 22666 69 44
s 22673 155 70
s 22683 85 39
s 22874 7 3
s 22875 9 6
s 22876 6 4
s 22877 16 10
s 22880 7 5
s 22881 17 8
s 22882 14 7
s 22883 2 0
s 22884 10 6
s 22885 19 10
s 22886 4 3
s 22888 21 7
s 22889 33 18
s 22890 25 8
s 22891 15 10
s 22892 7 3
s 22893 2 1
s 22894 15 6
s 22895 16 7
s 22896 21 12
s 22897 7 2
s 22898 11 9
s 22903 23 15
s 22904 13 4
s 22905 10 6
s 22907 23 11
s 22910 10 1
s 22912 16 10
s 22913 14 9
s 22915 12 5
s 22919 30 14
s 22920 15 6
s 22921 12 7
s 22929 4 3
s 22939 4 3
s 23131 58 34
s 23132 26 11
s 23133 190 120
s 23134 10 8
s 23135 27 11
s 23136 42 27
s 23137 115 63
s 23138 79 38
s 23139 33 20
s 23140 119 66
s 23141 80 44
s 23142 14 8
s 23143 10 6
s 23144 146 81
s 23145 137 77
s 23146 63 35
s 23147 58 26
s 23148 52 25
s 23149 157 70
s 23150 69 41
s 23151 68 39
s 23152 176 99
s 23153 25 12
s 23154 37 20
s 23159 122 66
s 23160 62 28
s 23161 104 58
s 23163 143 69
s 23166 40 17
s 23168 84 39
s 23169 52 32
s 23171 100 49
s 23175 161 96
s 23176 87 48
s 23177 51 25
s 23178 22 9
s 23185 48 24
s 23195 50 28
s 23388 18 10
s 23389 245 133
s 23390 12 5
s 23391 13 6
s 23392 41 19
s 23393 118 65
s 23394 84 30
s 23395 31 12
s 23396 103 50
s 23397 90 51
s 23398 20 11
s 23399 6 4
s 23400 156 85
s 23401 162 96
s 23402 114 69
s 23403 79 45
s 23404 45 26
s 23405 88 44
s 23406 65 36
s 23407 57 30
s 23408 107 53
s 23409 40 21
s 23410 45 24
s 23415 105 60
s 23416 71 41
s 23417 69 33
s 23419 143 77
s 23422 67 31
s 23424 123 60
s 23425 60 26
s 23427 88 52
s 23431 158 89
s 23432 98 52
s 23433 47 21
s 23434 63 35
s 23441 52 27
s 23451 74 37
s 23645 91 59
s 23646 7 2
s 23647 6 3
s 23648 14 8
s 23649 33 14
s 23650 14 7
s 23651 4 3
s 23652 45 21
s 23653 25 18
s 23654 14 9
s 23655 5 3
s 23656 33 18
s 23657 75 39
s 23658 63 43
s 23659 40 24
s 23660 22 13
s 23661 69 30
s 23662 38 23
s 23663 31 16
s 23664 67 41
s 23665 15 9
s 23666 26 19
s 23671 53 26
s 23672 39 17
s 23673 51 26
s 23675 61 36
s 23678 22 12
s 23680 58 34
s 23681 15 10
s 23683 45 24
s 23687 44 21
s 23688 42 21
s 23689 22 8
s 23690 7 6
s 23697 24 10
s 23707 8 4
s 23902 9 7
s 23903 27 11
s 23904 159 79
s 23905 389 210
s 23906 271 126
s 23907 68 29
s 23908 279 118
s 23909 336 172
s 23910 75 33
s 23911 48 32
s 23912 458 240
s 23913 524 283
s 23914 391 196
s 23915 268 155
s 23916 183 93
s 23917 113 47
s 23918 269 124
s 23919 273 137
s 23920 466 250
s 23921 119 69
s 23922 107 51
s 23927 431 234
s 23928 223 100
s 23929 328 188
s 23931 528 262
s 23934 243 125
s 23936 495 243
s 23937 214 94
s 23939 292 145
s 23943 462 247
s 23944 253 123
s 23945 177 88
s 23946 37 24
s 23953 85 51
s 23963 107 57
s 24159 2 0
s 24160 11 6
s 24161 44 29
s 24162 10 5
s 24163 6 1
s 24164 25 16
s 24165 27 13
s 24166 7 1
s 24167 6 3
s 24168 34 14
s 24169 38 19
s 24170 33 11
s 24171 22 12
s 24172 12 5
s 24173 3 1
s 24174 21 11
s 24175 19 11
s 24176 28 10
s 24177 6 4
s 24178 4 1
s 24183 36 15
s 24184 22 5
s 24185 32 22
s 24187 43 18
s 24190 20 11
s 24192 38 17
s 24193 22 12
s 24195 20 8
s 24199 34 16
s 24200 23 14
s 24201 13 5
s 24202 1 1
s 24209 6 3
s 24219 10 4
s 24416 19 7
s 24417 52 31
s 24418 23 9
s 24419 8 3
s 24420 42 20
s 24421 35 18
s 24422 10 5
s 24423 4 1
s 24424 41 20
s 24425 48 23
s 24426 41 26
s 24427 35 17
s 24428 21 10
s 24429 3 0
s 24430 23 12
s 24431 25 15
s 24432 32 15
s 24433 8 3
s 24434 5 5
s 24439 38 21
s 24440 20 8
s 24441 33 18
s 24443 61 24
s 24446 26 15
s 24448 46 17
s 24449 17 10
s 24451 32 15
s 24455 40 15
s 24456 20 9
s 24457 20 7
s 24458 1 1
s 24465 4 1
s 24475 14 7
s 24673 57 28
s 24674 5 2
s 24675 2 0
s 24676 93 41
s 24677 128 59
s 24678 17 10
s 24679 13 10
s 24680 8 4
s 24681 168 77
s 24682 133 63
s 24683 65 32
s 24684 3 0
s 24685 110 44
s 24686 82 37
s 24687 79 37
s 24688 139 71
s 24689 47 24
s 24690 60 24
s 24695 131 63
s 24696 62 25
s 24697 94 40
s 24699 164 84
s 24702 68 29
s 24704 132 62
s 24705 5 4
s 24707 88 40
s 24711 21 12
s 24712 82 39
s 24713 18 10
s 24714 24 11
s 24721 56 22
s 24731 18 7
s 24930 115 51
s 24931 29 12
s 24932 205 98
s 24933 191 88
s 24934 56 24
s 24935 16 5
s 24936 157 69
s 24937 467 260
s 24938 237 123
s 24939 150 74
s 24940 68 36
s 24941 293 144
s 24942 238 129
s 24943 168 75
s 24944 299 159
s 24945 120 59
s 24946 122 52
s 24951 279 135
s 24952 140 59
s 24953 206 111
s 24955 312 149
s 24958 148 65
s 24960 333 157
s 24961 68 32
s 24963 233 102
s 24967 187 100
s 24968 166 79
s 24969 81 47
s 24970 60 33
s 24977 128 58
s 24987 49 35
s 25187 4 2
s 25188 139 62
s 25189 100 46
s 25190 22 8
s 25191 14 7
s 25192 40 18
s 25193 218 104
s 25194 154 63
s 25195 88 39
s 25196 12 6
s 25197 163 72
s 25198 82 40
s 25199 130 65
s 25200 211 100
s 25201 68 34
s 25202 74 31
s 25207 184 96
s 25208 72 28
s 25209 127 56
s 25211 204 92
s 25214 72 26
s 25216 156 62
s 25217 15 6
s 25219 156 66
s 25223 34 17
s 25224 83 36
s 25225 30 12
s 25226 39 16
s 25233 71 23
s 25243 28 12
s 25444 42 21
s 25445 50 20
s 25446 11 3
s 25447 8 5
s 25448 8 5
s 25449 70 29
s 25450 50 19
s 25451 38 21
s 25452 1 1
s 25453 55 18
s 25454 23 10
s 25455 42 21
s 25456 52 27
s 25457 16 6
s 25458 20 7
s 25463 53 21
s 25464 27 10
s 25465 41 23
s 25467 89 41
s 25470 29 17
s 25472 61 27
s 25473 9 4
s 25475 30 10
s 25479 11 4
s 25480 27 10
s 25481 9 5
s 25482 11 7
s 25489 17 7
s 25499 9 5
s 25701 120 62
s 25702 28 15
s 25703 10 6
s 25704 215 114
s 25705 183 101
s 25706 209 99
s 25707 132 76
s 25708 92 56
s 25709 236 114
s 25710 126 73
s 25711 85 37
s 25712 131 69
s 25713 86 48
s 25714 113 52
s 25719 126 56
s 25720 169 75
s 25721 85 45
s 25723 186 94
s 25726 135 55
s 25728 213 111
s 25729 91 46
s 25731 111 53
s 25735 307 167
s 25736 139 72
s 25737 85 36
s 25738 68 37
s 25745 91 32
s 25755 55 27
s 25958 25 9
s 25959 25 18
s 25960 569 300
s 25961 181 96
s 25962 226 115
s 25963 124 62
s 25964 99 41
s 25965 212 94
s 25966 118 62
s 25967 80 31
s 25968 175 80
s 25969 80 33
s 25970 108 44
s 25975 114 59
s 25976 135 58
s 25977 100 47
s 25979 170 78
s 25982 125 60
s 25984 195 100
s 25985 115 48
s 25987 113 55
s 25991 263 135
s 25992 139 71
s 25993 124 59
s 25994 50 25
s 26001 102 37
s 26011 53 28
s 26215 3 2
s 26216 64 38
s 26217 53 25
s 26218 72 39
s 26219 29 11
s 26220 16 8
s 26221 33 16
s 26222 26 16
s 26223 17 10
s 26224 23 11
s 26225 24 12
s 26226 17 9
s 26231 33 11
s 26232 30 11
s 26233 24 10
s 26235 45 26
s 26238 27 12
s 26240 47 20
s 26241 17 9
s 26243 22 9
s 26247 64 36
s 26248 30 12
s 26249 23 10
s 26250 11 6
s 26257 25 15
s 26267 10 6
s 26472 28 15
s 26473 33 20
s 26474 30 16
s 26475 14 6
s 26476 8 3
s 26477 28 13
s 26478 18 10
s 26479 8 3
s 26480 13 5
s 26481 8 3
s 26482 3 1
s 26487 20 10
s 26488 15 6
s 26489 18 11
s 26491 37 23
s 26494 22 14
s 26496 18 8
s 26497 9 6
s 26499 20 13
s 26503 29 17
s 26504 13 8
s 26505 15 9
s 26506 8 3
s 26513 10 7
s 26523 2 2
s 26729 409 216
s 26730 313 173
s 26731 178 96
s 26732 10 6
s 26733 292 128
s 26734 172 98
s 26735 200 103
s 26736 319 151
s 26737 110 62
s 26738 132 64
s 26743 255 126
s 26744 114 53
s 26745 261 132
s 26747 430 212
s 26750 164 88
s 26752 349 157
s 26753 21 9
s 26755 230 121
s 26759 66 31
s 26760 173 78
s 26761 46 27
s 26762 68 32
s 26769 106 57
s 26779 45 23
s 26986 404 219
s 26987 211 112
s 26988 119 50
s 26989 343 162
s 26990 170 74
s 26991 173 83
s 26992 244 130
s 26993 132 71
s 26994 138 65
s 26999 181 95
s 27000 212 94
s 27001 160 70
s 27003 268 134
s 27006 212 109
s 27008 261 143
s 27009 160 68
s 27011 190 87
s 27015 387 198
s 27016 221 110
s 27017 158 76
s 27018 63 29
s 27025 151 75
s 27035 95 51
s 27243 105 45
s 27244 111 52
s 27245 306 135
s 27246 168 72
s 27247 197 97
s 27248 362 198
s 27249 14 8
s 27250 63 29
s 27255 325 157
s 27256 55 21
s 27257 238 133
s 27259 439 213
s 27262 23 8
s 27264 248 123
s 27265 131 52
s 27267 238 119
s 27271 345 185
s 27272 120 62
s 27273 97 47
s 27274 68 29
s 27281 86 41
s 27291 111 62
s 27500 73 32
s 27501 180 94
s 27502 116 63
s 27503 111 61
s 27504 203 111
s 27505 56 35
s 27506 62 36
s 27511 164 86
s 27512 82 33
s 27513 135 78
s 27515 204 103
s 27518 62 26
s 27520 178 90
s 27521 59 27
s 27523 125 69
s 27527 215 110
s 27528 105 48
s 27529 72 44
s 27530 43 25
s 27537 79 42
s 27547 55 32
s 27757 106 39
s 27758 65 32
s 27759 72 39
s 27760 110 57
s 27761 34 18
s 27762 60 31
s 27767 103 48
s 27768 54 27
s 27769 79 34
s 27771 159 61
s 27774 70 29
s 27776 127 50
s 27777 7 5
s 27779 76 32
s 27783 8 4
s 27784 55 25
s 27785 19 11
s 27786 23 12
s 27793 40 21
s 27803 21 8
s 28014 191 98
s 28015 183 90
s 28016 343 168
s 28017 115 60
s 28018 62 26
s 28023 258 128
s 28024 181 75
s 28025 193 86
s 28027 362 172
s 28030 153 87
s 28032 275 120
s 28033 138 57
s 28035 230 116
s 28039 324 158
s 28040 163 70
s 28041 126 53
s 28042 18 11
s 28049 40 16
s 28059 70 23
s 28271 86 41
s 28272 170 96
s 28273 65 34
s 28274 81 48
s 28279 153 76
s 28280 109 57
s 28281 125 64
s 28283 170 76
s 28286 100 52
s 28288 167 82
s 28289 97 52
s 28291 118 46
s 28295 203 110
s 28296 115 55
s 28297 60 36
s 28298 41 25
s 28305 82 39
s 28315 50 25
s 28528 63 35
s 28529 83 56
s 28530 78 43
s 28535 95 51
s 28536 109 52
s 28537 67 36
s 28539 149 68
s 28542 96 46
s 28544 168 88
s 28545 84 41
s 28547 45 17
s 28551 224 119
s 28552 106 49
s 28553 86 51
s 28554 26 15
s 28561 84 46
s 28571 40 20
s 28785 127 75
s 28786 107 60
s 28791 217 123
s 28792 234 102
s 28793 115 64
s 28795 258 127
s 28798 192 89
s 28800 256 128
s 28801 156 81
s 28803 155 83
s 28807 378 200
s 28808 169 93
s 28809 151 77
s 28810 62 27
s 28817 167 88
s 28827 84 48
s 29042 26 16
s 29047 97 56
s 29048 32 18
s 29049 85 57
s 29051 120 62
s 29054 13 6
s 29056 83 40
s 29057 42 15
s 29059 95 50
s 29063 154 80
s 29064 55 24
s 29065 26 16
s 29066 26 14
s 29073 36 20
s 29083 39 18
s 29303 130 60
s 29304 84 41
s 29305 81 45
s 29307 158 75
s 29310 53 26
s 29312 146 70
s 29313 69 36
s 29315 85 43
s 29319 125 60
s 29320 64 30
s 29321 44 20
s 29322 9 3
s 29329 29 16
s 29339 39 19
s 30584 185 83
s 30585 95 42
s 30587 183 94
s 30590 197 92
s 30592 202 98
s 30593 142 65
s 30595 112 61
s 30599 360 192
s 30600 131 78
s 30601 153 79
s 30602 54 32
s 30609 118 60
s 30619 65 28
s 30841 124 65
s 30843 239 108
s 30846 51 23
s 30848 158 65
s 30849 73 30
s 30851 144 73
s 30855 149 73
s 30856 84 33
s 30857 54 22
s 30858 41 21
s 30865 57 26
s 30875 34 22
s 31099 134 71
s 31102 110 58
s 31104 147 81
s 31105 97 50
s 31107 79 42
s 31111 267 152
s 31112 150 80
s 31113 175 91
s 31114 34 16
s 31121 114 53
s 31131 34 19
s 31614 224 103
s 31616 280 123
s 31617 170 69
s 31619 175 78
s 31623 390 170
s 31624 162 67
s 31625 149 67
s 31626 64 37
s 31633 150 73
s 31643 99 55
s 32384 165 78
s 32385 75 34
s 32387 115 51
s 32391 196 99
s 32392 85 37
s 32393 44 21
s 32394 40 20
s 32401 52 26
s 32411 33 18
s 32897 213 105
s 32899 155 70
s 32903 351 175
s 32904 192 83
s 32905 133 72
s 32906 75 41
s 32913 132 51
s 32923 64 29
s 33155 92 41
s 33159 27 13
s 33160 65 22
s 33161 20 10
s 33162 35 13
s 33169 59 27
s 33179 20 10
s 33671 255 130
s 33672 121 59
s 33673 117 53
s 33674 45 25
s 33681 99 46
s 33691 48 21
s 34696 188 91
s 34697 65 39
s 34698 89 39
s 34705 164 71
s 34715 43 20
s 34953 57 29
s 34954 46 28
s 34961 69 27
s 34971 37 22
s 35210 30 14
s 35217 52 29
s 35227 23 10
s 35473 10 1
s 35483 17 12
s 37275 46 18
