n 200000
b 1 21738 11032
b 2 27946 13627
b 3 7459 3725
b 4 2946 1475
b 5 22425 11248
b 6 17739 7723
b 7 29449 14997
b 8 31873 16683
b 9 33429 16631
b 10 9103 4454
b 11 13848 5403
b 12 25928 13511
b 13 9101 4518
b 14 57488 28897
b 15 10296 5172
b 16 4672 2179
b 17 13348 6463
b 18 29491 15422
b 19 14989 6816
b 20 13395 6783
b 21 39354 19445
b 22 21144 10413
b 23 7833 3826
b 25 28256 13188
b 26 40408 19552
b 27 21032 10705
b 28 9670 4539
b 29 19905 9377
b 30 23069 11560
b 31 24149 12501
b 32 6564 3494
b 33 12146 6788
b 34 10454 5169
b 35 15049 7020
b 36 28287 13902
b 37 7264 3517
b 38 4475 2174
b 39 16651 7920
b 40 6741 3186
b 41 11121 5643
b 42 13234 6915
b 43 9990 4924
b 44 10512 5152
b 45 7147 3751
b 46 9051 4161
b 47 10650 5244
b 48 32822 16338
b 49 37630 19701
b 50 10235 5414
b 51 7849 3919
b 52 6641 3564
b 53 17641 7989
b 54 31767 16242
b 55 20568 10671
b 56 7670 4003
b 57 4527 2425
b 58 5871 2836
b 59 8498 3998
b 60 21062 11060
b 61 3158 1579
b 62 25611 14340
b 63 7177 3483
b 64 9900 4583
b 65 2185 1074
b 66 999 469
b 67 13931 7251
b 68 11427 5612
b 69 17807 8827
b 70 13574 6948
b 71 34526 18165
b 72 7397 3409
b 73 3281 1498
b 74 41920 21703
b 75 13855 6847
b 76 32945 17769
b 77 4027 2121
b 78 9505 4945
b 79 4621 2141
b 80 7118 3548
b 81 4494 2254
b 82 3228 1719
b 83 3907 1817
b 84 17276 8356
b 85 25011 11895
b 86 53465 26971
b 87 24150 12415
b 88 22169 11775
b 89 1725 872
b 90 11384 5979
b 91 10478 5489
b 92 4721 2575
b 93 31047 15892
b 94 2667 1247
b 95 3240 1633
b 96 10308 4899
b 97 23452 11658
b 98 13130 6074
b 99 4077 1831
b 100 18025 8899
b 101 18540 9106
b 102 4322 2169
b 103 2464 1306
b 104 21546 11122
b 105 25951 13104
b 106 24535 12391
b 107 15671 8086
b 108 10240 4707
b 109 16237 7648
b 110 15782 8081
b 111 11944 6200
b 112 23341 12055
b 113 8387 4397
b 114 9946 4688
b 119 20655 10395
b 120 13217 6218
b 121 17788 9202
b 123 27832 13269
b 126 14073 6898
b 128 25325 12327
b 129 10905 5076
b 131 16668 8117
b 135 26762 13657
b 136 11668 5841
b 137 9055 4611
b 138 4985 2397
b 145 9351 4279
b 155 6292 3106
v 258 1169 551
v 259 448 225
v 260 171 90
v 261 1272 629
v 262 984 565
v 263 1447 639
v 264 1706 850
v 265 1546 776
v 266 667 362
v 267 730 440
v 268 1545 814
v 269 572 283
v 270 2903 1485
v 271 570 328
v 272 274 155
v 273 638 388
v 274 1580 712
v 275 788 432
v 276 769 379
v 277 1967 1017
v 278 1643 828
v 279 407 225
v 281 1522 851
v 282 2113 1038
v 283 1093 539
v 284 529 259
v 285 1142 644
v 286 1257 651
v 287 1552 736
v 288 319 150
v 289 551 237
v 290 833 438
v 291 719 383
v 292 1481 811
v 293 407 214
v 294 245 130
v 295 816 436
v 296 350 197
v 297 680 347
v 298 864 465
v 299 544 300
v 300 704 346
v 301 526 263
v 302 510 262
v 303 453 237
v 304 2017 994
v 305 2047 1019
v 306 670 338
v 307 401 200
v 308 353 176
v 309 959 539
v 310 1698 884
v 311 1223 627
v 312 388 197
v 313 265 129
v 314 234 112
v 315 557 261
v 316 959 432
v 317 188 95
v 318 1164 551
v 319 370 197
v 320 512 272
v 321 121 58
v 322 49 32
v 323 747 366
v 324 745 387
v 325 962 496
v 326 893 403
v 327 1365 642
v 328 422 242
v 329 171 93
v 330 2618 1265
v 331 762 385
v 332 2139 1067
v 333 168 84
v 334 580 311
v 335 278 166
v 336 386 173
v 337 211 102
v 338 253 106
v 339 179 96
v 340 1185 671
v 341 1243 674
v 342 3151 1601
v 343 1095 498
v 344 1062 472
v 345 94 53
v 346 786 409
v 347 651 313
v 348 268 121
v 349 1800 839
v 350 183 121
v 351 200 95
v 352 461 234
v 353 1196 596
v 354 786 411
v 355 219 127
v 356 901 468
v 357 1463 777
v 358 262 137
v 359 94 46
v 360 1112 511
v 361 1454 708
v 362 1184 627
v 363 741 331
v 364 520 287
v 365 1085 583
v 366 674 325
v 367 903 461
v 368 1700 868
v 369 542 282
v 370 531 253
v 375 1003 499
v 376 737 398
v 377 1066 538
v 379 1221 642
v 382 694 354
v 384 1241 602
v 385 625 350
v 387 933 489
v 391 1374 670
v 392 535 244
v 393 488 244
v 394 266 131
v 401 496 270
v 411 405 226
v 515 431 199
v 516 188 90
v 517 1631 823
v 518 1233 687
v 519 2242 1110
v 520 2218 1088
v 521 2344 1149
v 522 517 269
v 523 952 561
v 524 1533 764
v 525 559 270
v 526 3887 1800
v 527 853 400
v 528 368 198
v 529 926 479
v 530 2029 897
v 531 1085 571
v 532 941 451
v 533 3012 1541
v 534 1457 709
v 535 572 266
v 537 1977 1098
v 538 3045 1522
v 539 1564 744
v 540 717 373
v 541 1501 771
v 542 1438 669
v 543 1629 753
v 544 470 213
v 545 850 361
v 546 684 340
v 547 1056 580
v 548 2326 1116
v 549 449 244
v 550 303 159
v 551 1192 603
v 552 406 193
v 553 710 372
v 554 1085 507
v 555 724 355
v 556 654 338
v 557 445 207
v 558 633 336
v 559 835 408
v 560 2129 989
v 561 2765 1277
v 562 1669 799
v 563 552 258
v 564 412 196
v 565 1248 662
v 566 2709 1244
v 567 1459 734
v 568 549 270
v 569 297 140
v 570 416 212
v 571 483 252
v 572 1568 691
v 573 170 88
v 574 1752 745
v 575 544 282
v 576 662 350
v 577 136 63
v 578 54 31
v 579 1148 490
v 580 720 329
v 581 1311 642
v 582 1275 604
v 583 2279 1080
v 584 484 240
v 585 243 134
v 586 2902 1365
v 587 929 459
v 588 2498 1087
v 589 305 130
v 590 674 308
v 591 276 144
v 592 507 240
v 593 342 189
v 594 196 80
v 595 256 147
v 596 1223 623
v 597 1716 865
v 598 4038 1961
v 599 1633 771
v 600 1648 771
v 601 95 49
v 602 697 315
v 603 646 303
v 604 338 139
v 605 2051 924
v 606 213 112
v 607 187 88
v 608 814 420
v 609 1717 837
v 610 991 501
v 611 288 151
v 612 1150 580
v 613 1227 610
v 614 317 152
v 615 154 76
v 616 1716 816
v 617 1704 839
v 618 1768 844
v 619 1064 464
v 620 798 435
v 621 869 495
v 622 1030 494
v 623 968 442
v 624 1410 669
v 625 536 268
v 626 933 464
v 631 1538 754
v 632 951 493
v 633 1146 518
v 635 1875 985
v 638 1041 518
v 640 1812 916
v 641 861 441
v 643 985 484
v 647 2065 1002
v 648 831 425
v 649 664 334
v 650 296 161
v 657 583 305
v 667 384 168
v 772 51 24
v 773 364 190
v 774 303 174
v 775 564 259
v 776 448 218
v 777 647 340
v 778 99 53
v 779 243 148
v 780 648 299
v 781 160 89
v 782 1076 490
v 783 144 74
v 784 66 43
v 785 226 120
v 786 497 259
v 787 305 161
v 788 268 134
v 789 675 328
v 790 379 186
v 791 150 73
v 793 529 295
v 794 712 347
v 795 360 187
v 796 137 75
v 797 465 231
v 798 412 203
v 799 442 203
v 800 118 56
v 801 249 117
v 802 189 107
v 803 288 146
v 804 436 221
v 805 130 72
v 806 145 66
v 807 237 122
v 808 129 80
v 809 123 56
v 810 247 112
v 811 187 111
v 812 155 85
v 813 116 47
v 814 152 76
v 815 161 88
v 816 663 337
v 817 717 363
v 818 215 106
v 819 136 68
v 820 117 64
v 821 335 183
v 822 385 209
v 823 423 206
v 824 149 69
v 825 88 38
v 826 107 60
v 827 141 73
v 828 432 220
v 829 65 26
v 830 517 232
v 831 114 54
v 832 184 93
v 833 54 30
v 834 17 8
v 835 364 163
v 836 232 124
v 837 294 144
v 838 364 166
v 839 669 327
v 840 135 65
v 841 57 34
v 842 798 385
v 843 332 162
v 844 697 320
v 845 159 71
v 846 200 93
v 847 121 68
v 848 161 72
v 849 88 43
v 850 85 30
v 851 65 36
v 852 284 153
v 853 473 260
v 854 984 473
v 855 456 220
v 856 368 163
v 857 47 22
v 858 231 118
v 859 203 109
v 860 101 42
v 861 690 320
v 862 46 22
v 863 40 21
v 864 185 98
v 865 415 205
v 866 201 111
v 867 66 37
v 868 356 195
v 869 309 160
v 870 125 65
v 871 46 24
v 872 313 160
v 873 514 258
v 874 389 195
v 875 367 189
v 876 185 94
v 877 465 231
v 878 291 149
v 879 244 121
v 880 559 271
v 881 187 93
v 882 129 64
v 887 393 192
v 888 198 93
v 889 341 170
v 891 574 304
v 894 269 147
v 896 415 207
v 897 179 97
v 899 364 174
v 903 581 273
v 904 212 108
v 905 153 76
v 906 62 33
v 913 175 90
v 923 119 56
v 1029 156 76
v 1030 97 46
v 1031 226 110
v 1032 186 83
v 1033 261 124
v 1034 52 26
v 1035 87 48
v 1036 175 75
v 1037 82 44
v 1038 386 190
v 1039 77 31
v 1040 44 18
v 1041 118 53
v 1042 168 78
v 1043 104 56
v 1044 124 69
v 1045 351 182
v 1046 131 65
v 1047 65 31
v 1049 197 103
v 1050 313 159
v 1051 156 78
v 1052 49 26
v 1053 122 70
v 1054 171 77
v 1055 159 82
v 1056 72 41
v 1057 82 39
v 1058 57 24
v 1059 118 62
v 1060 173 85
v 1061 59 29
v 1062 24 14
v 1063 135 71
v 1064 64 38
v 1065 80 40
v 1066 103 52
v 1067 76 40
v 1068 67 28
v 1069 62 24
v 1070 47 17
v 1071 82 31
v 1072 237 123
v 1073 249 134
v 1074 61 25
v 1075 58 32
v 1076 40 26
v 1077 95 49
v 1078 212 95
v 1079 187 94
v 1080 56 24
v 1081 41 14
v 1082 37 16
v 1083 70 52
v 1084 235 114
v 1085 23 12
v 1086 193 87
v 1087 81 35
v 1088 89 52
v 1089 24 13
v 1090 10 8
v 1091 103 60
v 1092 60 34
v 1093 122 56
v 1094 102 52
v 1095 302 128
v 1096 45 25
v 1097 26 11
v 1098 271 130
v 1099 107 55
v 1100 198 91
v 1101 43 24
v 1102 61 23
v 1103 26 13
v 1104 43 23
v 1105 40 22
v 1106 21 16
v 1107 28 18
v 1108 130 73
v 1109 159 76
v 1110 359 164
v 1111 195 101
v 1112 147 71
v 1113 11 7
v 1114 77 32
v 1115 71 27
v 1116 37 18
v 1117 592 304
v 1118 33 16
v 1119 18 12
v 1120 75 46
v 1121 160 73
v 1122 96 59
v 1123 23 13
v 1124 139 63
v 1125 120 63
v 1126 33 19
v 1127 14 7
v 1128 147 65
v 1129 143 72
v 1130 186 98
v 1131 124 60
v 1132 67 27
v 1133 111 61
v 1134 90 43
v 1135 79 45
v 1136 178 95
v 1137 66 33
v 1138 67 33
v 1143 133 51
v 1144 206 120
v 1145 135 68
v 1147 202 112
v 1150 98 54
v 1152 166 96
v 1153 77 37
v 1155 132 85
v 1159 192 101
v 1160 76 44
v 1161 59 26
v 1162 31 11
v 1169 56 31
v 1179 56 36
v 1286 1028 601
v 1287 1594 774
v 1288 2180 956
v 1289 2048 1060
v 1290 567 291
v 1291 775 469
v 1292 1108 548
v 1293 564 263
v 1294 3298 1562
v 1295 615 329
v 1296 268 133
v 1297 704 391
v 1298 1665 838
v 1299 841 431
v 1300 774 396
v 1301 2237 1139
v 1302 1239 587
v 1303 431 215
v 1305 1622 850
v 1306 2426 1264
v 1307 1345 663
v 1308 503 267
v 1309 1111 610
v 1310 1416 704
v 1311 1441 723
v 1312 415 202
v 1313 666 273
v 1314 536 271
v 1315 874 470
v 1316 1605 868
v 1317 403 223
v 1318 195 114
v 1319 970 516
v 1320 410 217
v 1321 687 336
v 1322 720 361
v 1323 615 307
v 1324 581 296
v 1325 451 217
v 1326 411 233
v 1327 610 295
v 1328 1653 812
v 1329 1914 931
v 1330 525 267
v 1331 476 240
v 1332 367 168
v 1333 1018 556
v 1334 2058 984
v 1335 1078 547
v 1336 391 190
v 1337 216 99
v 1338 338 190
v 1339 462 244
v 1340 1171 574
v 1341 115 65
v 1342 1495 689
v 1343 389 212
v 1344 592 312
v 1345 125 52
v 1346 51 30
v 1347 748 399
v 1348 681 347
v 1349 994 519
v 1350 678 335
v 1351 1858 942
v 1352 424 239
v 1353 180 96
v 1354 2356 1154
v 1355 877 426
v 1356 1889 910
v 1357 179 90
v 1358 575 261
v 1359 249 132
v 1360 353 179
v 1361 215 117
v 1362 170 98
v 1363 199 105
v 1364 1012 516
v 1365 1443 757
v 1366 3237 1562
v 1367 1493 760
v 1368 1322 613
v 1369 95 57
v 1370 584 279
v 1371 491 231
v 1372 251 120
v 1373 1816 886
v 1374 122 61
v 1375 177 90
v 1376 535 287
v 1377 1274 646
v 1378 577 339
v 1379 229 119
v 1380 996 506
v 1381 1130 569
v 1382 243 130
v 1383 135 64
v 1384 1596 713
v 1385 1424 687
v 1386 1282 648
v 1387 955 451
v 1388 615 351
v 1389 803 454
v 1390 827 387
v 1391 608 295
v 1392 1207 575
v 1393 433 202
v 1394 534 285
v 1399 1282 618
v 1400 793 417
v 1401 963 449
v 1403 1650 877
v 1406 795 410
v 1408 1404 697
v 1409 632 353
v 1411 905 468
v 1415 1536 706
v 1416 635 309
v 1417 459 220
v 1418 285 135
v 1425 521 263
v 1435 388 199
v 1543 1235 535
v 1544 1432 569
v 1545 1463 658
v 1546 465 188
v 1547 580 325
v 1548 1240 479
v 1549 351 151
v 1550 2305 931
v 1551 502 238
v 1552 192 89
v 1553 680 309
v 1554 1271 480
v 1555 750 337
v 1556 576 224
v 1557 1984 878
v 1558 938 405
v 1559 334 149
v 1561 1260 596
v 1562 1857 864
v 1563 1054 452
v 1564 409 195
v 1565 1237 532
v 1566 965 455
v 1567 1103 462
v 1568 322 149
v 1569 486 195
v 1570 417 184
v 1571 746 334
v 1572 1256 609
v 1573 324 141
v 1574 184 82
v 1575 758 366
v 1576 336 149
v 1577 552 221
v 1578 572 229
v 1579 539 245
v 1580 496 230
v 1581 309 132
v 1582 354 162
v 1583 536 254
v 1584 1592 739
v 1585 1669 654
v 1586 429 185
v 1587 311 134
v 1588 256 101
v 1589 805 391
v 1590 1488 670
v 1591 848 311
v 1592 301 124
v 1593 211 96
v 1594 261 115
v 1595 365 174
v 1596 815 308
v 1597 130 52
v 1598 1005 374
v 1599 353 177
v 1600 455 217
v 1601 101 55
v 1602 40 16
v 1603 944 394
v 1604 613 268
v 1605 803 367
v 1606 597 259
v 1607 1441 608
v 1608 282 147
v 1609 140 67
v 1610 1819 725
v 1611 625 276
v 1612 1445 572
v 1613 176 69
v 1614 373 138
v 1615 223 96
v 1616 271 119
v 1617 175 73
v 1618 122 52
v 1619 195 87
v 1620 676 289
v 1621 1286 576
v 1622 2450 1114
v 1623 1003 426
v 1624 1022 419
v 1625 71 29
v 1626 465 200
v 1627 441 173
v 1628 186 71
v 1629 1458 653
v 1630 85 42
v 1631 107 57
v 1632 464 206
v 1633 935 407
v 1634 599 281
v 1635 191 95
v 1636 622 288
v 1637 851 384
v 1638 209 96
v 1639 70 28
v 1640 1033 453
v 1641 1087 453
v 1642 1087 490
v 1643 633 242
v 1644 479 231
v 1645 935 472
v 1646 683 280
v 1647 639 262
v 1648 939 398
v 1649 355 137
v 1650 420 192
v 1655 937 393
v 1656 570 293
v 1657 809 331
v 1659 1231 552
v 1662 659 289
v 1664 1108 489
v 1665 443 180
v 1667 706 309
v 1671 1227 551
v 1672 557 257
v 1673 411 164
v 1674 220 100
v 1681 396 199
v 1691 246 99
v 1800 2342 1171
v 1801 2358 1252
v 1802 656 339
v 1803 1068 675
v 1804 2123 1133
v 1805 633 324
v 1806 4187 2184
v 1807 683 324
v 1808 377 184
v 1809 911 490
v 1810 2210 1064
v 1811 1205 632
v 1812 1031 530
v 1813 2924 1464
v 1814 1590 786
v 1815 581 316
v 1817 2178 1146
v 1818 3236 1641
v 1819 1556 796
v 1820 708 390
v 1821 1506 779
v 1822 1785 904
v 1823 1739 833
v 1824 500 238
v 1825 897 469
v 1826 772 401
v 1827 1162 607
v 1828 2117 1070
v 1829 566 288
v 1830 301 164
v 1831 1241 659
v 1832 464 252
v 1833 794 431
v 1834 910 442
v 1835 704 341
v 1836 846 411
v 1837 553 261
v 1838 705 355
v 1839 736 359
v 1840 2498 1237
v 1841 2797 1328
v 1842 704 315
v 1843 560 274
v 1844 530 250
v 1845 1300 753
v 1846 2638 1298
v 1847 1511 775
v 1848 567 252
v 1849 370 172
v 1850 390 202
v 1851 707 384
v 1852 1535 687
v 1853 247 138
v 1854 1803 807
v 1855 554 299
v 1856 773 424
v 1857 159 79
v 1858 105 61
v 1859 1067 472
v 1860 861 444
v 1861 1295 633
v 1862 1057 504
v 1863 2779 1362
v 1864 564 301
v 1865 241 143
v 1866 3328 1655
v 1867 1062 544
v 1868 2286 1065
v 1869 256 128
v 1870 686 356
v 1871 345 205
v 1872 492 256
v 1873 342 191
v 1874 221 128
v 1875 280 143
v 1876 1279 705
v 1877 1775 966
v 1878 4180 2069
v 1879 1703 819
v 1880 1701 843
v 1881 106 56
v 1882 862 428
v 1883 752 386
v 1884 339 159
v 1885 2097 1112
v 1886 226 119
v 1887 241 131
v 1888 727 393
v 1889 1914 1019
v 1890 1039 560
v 1891 299 179
v 1892 1355 728
v 1893 1390 665
v 1894 302 150
v 1895 174 85
v 1896 1649 809
v 1897 1895 952
v 1898 1961 896
v 1899 1157 603
v 1900 783 428
v 1901 1052 561
v 1902 1103 549
v 1903 965 464
v 1904 1679 840
v 1905 610 297
v 1906 785 424
v 1911 1543 808
v 1912 936 508
v 1913 1404 696
v 1915 1995 1015
v 1918 1052 559
v 1920 1975 1041
v 1921 824 443
v 1923 1245 651
v 1927 1998 980
v 1928 924 496
v 1929 661 334
v 1930 341 176
v 1937 670 366
v 1947 504 266
v 2057 2652 1344
v 2058 773 385
v 2059 1071 691
v 2060 2086 1018
v 2061 781 392
v 2062 4256 2230
v 2063 833 412
v 2064 359 216
v 2065 1268 672
v 2066 2418 1241
v 2067 1227 686
v 2068 1075 544
v 2069 3196 1652
v 2070 1651 874
v 2071 676 368
v 2073 2262 1254
v 2074 3191 1677
v 2075 1559 744
v 2076 777 473
v 2077 1610 983
v 2078 1864 967
v 2079 1986 980
v 2080 594 278
v 2081 815 378
v 2082 767 437
v 2083 1252 693
v 2084 2257 1210
v 2085 546 295
v 2086 323 170
v 2087 1415 742
v 2088 635 367
v 2089 1073 553
v 2090 1240 615
v 2091 892 465
v 2092 908 501
v 2093 458 232
v 2094 757 413
v 2095 835 441
v 2096 2770 1469
v 2097 2803 1423
v 2098 576 272
v 2099 665 335
v 2100 402 179
v 2101 1524 926
v 2102 3088 1604
v 2103 1605 790
v 2104 684 339
v 2105 259 122
v 2106 572 311
v 2107 581 297
v 2108 1590 715
v 2109 202 109
v 2110 1914 875
v 2111 498 270
v 2112 935 536
v 2113 138 72
v 2114 52 26
v 2115 1241 604
v 2116 924 460
v 2117 1429 751
v 2118 1282 624
v 2119 2348 1098
v 2120 623 321
v 2121 247 142
v 2122 3592 1879
v 2123 1198 618
v 2124 2674 1265
v 2125 272 124
v 2126 727 353
v 2127 351 198
v 2128 585 287
v 2129 358 189
v 2130 212 102
v 2131 323 167
v 2132 1315 729
v 2133 2057 1126
v 2134 4141 2159
v 2135 2296 1189
v 2136 2106 1083
v 2137 137 74
v 2138 871 446
v 2139 706 330
v 2140 303 131
v 2141 3032 1572
v 2142 192 117
v 2143 266 124
v 2144 931 536
v 2145 1870 1021
v 2146 863 483
v 2147 292 177
v 2148 1190 623
v 2149 1466 772
v 2150 310 145
v 2151 169 83
v 2152 1742 852
v 2153 2671 1419
v 2154 1891 935
v 2155 1300 679
v 2156 1013 594
v 2157 1215 673
v 2158 2078 1154
v 2159 777 388
v 2160 1134 561
v 2161 618 312
v 2162 892 495
v 2167 1896 1025
v 2168 1002 567
v 2169 1329 664
v 2171 2323 1272
v 2174 1264 665
v 2176 2158 1194
v 2177 986 547
v 2179 1117 602
v 2183 2085 1089
v 2184 920 503
v 2185 699 373
v 2186 415 230
v 2193 724 411
v 2203 509 269
v 2314 721 368
v 2315 1081 676
v 2316 2268 1017
v 2317 885 416
v 2318 5222 2554
v 2319 927 469
v 2320 347 192
v 2321 1241 636
v 2322 2688 1273
v 2323 1143 626
v 2324 1109 551
v 2325 3406 1706
v 2326 1886 963
v 2327 587 291
v 2329 2397 1246
v 2330 3468 1819
v 2331 1731 873
v 2332 894 462
v 2333 1614 883
v 2334 2019 1015
v 2335 2132 1042
v 2336 562 247
v 2337 1129 481
v 2338 841 415
v 2339 1154 655
v 2340 2569 1317
v 2341 570 282
v 2342 331 154
v 2343 1546 823
v 2344 596 322
v 2345 935 426
v 2346 1156 553
v 2347 845 451
v 2348 835 423
v 2349 594 299
v 2350 649 344
v 2351 895 452
v 2352 2636 1264
v 2353 3146 1470
v 2354 876 433
v 2355 652 330
v 2356 545 238
v 2357 1500 826
v 2358 2508 1229
v 2359 1912 933
v 2360 634 311
v 2361 340 158
v 2362 545 265
v 2363 713 368
v 2364 1775 835
v 2365 236 117
v 2366 2475 1062
v 2367 581 325
v 2368 832 464
v 2369 160 87
v 2370 81 49
v 2371 1166 546
v 2372 856 438
v 2373 1545 767
v 2374 985 474
v 2375 3108 1458
v 2376 630 337
v 2377 276 146
v 2378 3324 1594
v 2379 1175 615
v 2380 2991 1357
v 2381 300 148
v 2382 777 378
v 2383 362 179
v 2384 581 294
v 2385 346 152
v 2386 297 129
v 2387 316 151
v 2388 1451 695
v 2389 2020 1026
v 2390 4751 2338
v 2391 2143 1055
v 2392 1979 921
v 2393 170 76
v 2394 969 475
v 2395 854 412
v 2396 400 166
v 2397 2957 1498
v 2398 216 121
v 2399 211 113
v 2400 850 444
v 2401 1892 941
v 2402 974 535
v 2403 302 177
v 2404 1487 741
v 2405 1688 837
v 2406 389 183
v 2407 228 110
v 2408 1885 874
v 2409 2256 1097
v 2410 2271 1094
v 2411 1391 689
v 2412 888 491
v 2413 1415 736
v 2414 1326 647
v 2415 951 428
v 2416 2000 988
v 2417 675 327
v 2418 744 402
v 2423 1998 1000
v 2424 1015 542
v 2425 1518 742
v 2427 2449 1281
v 2430 1129 568
v 2432 2023 1049
v 2433 829 456
v 2435 1479 787
v 2439 2119 1068
v 2440 914 473
v 2441 776 364
v 2442 386 201
v 2449 769 438
v 2459 534 284
v 2571 343 203
v 2572 474 208
v 2573 182 85
v 2574 1349 672
v 2575 298 160
v 2576 99 54
v 2577 257 130
v 2578 582 267
v 2579 327 165
v 2580 333 160
v 2581 978 478
v 2582 369 195
v 2583 199 117
v 2585 623 319
v 2586 642 305
v 2587 389 186
v 2588 189 104
v 2589 444 237
v 2590 618 315
v 2591 547 286
v 2592 130 54
v 2593 243 95
v 2594 239 115
v 2595 367 207
v 2596 617 316
v 2597 183 88
v 2598 121 56
v 2599 398 199
v 2600 153 64
v 2601 196 99
v 2602 302 148
v 2603 222 117
v 2604 273 135
v 2605 161 95
v 2606 209 119
v 2607 259 131
v 2608 893 449
v 2609 889 396
v 2610 285 144
v 2611 192 98
v 2612 125 67
v 2613 424 218
v 2614 893 444
v 2615 458 213
v 2616 182 85
v 2617 118 66
v 2618 165 83
v 2619 196 99
v 2620 427 183
v 2621 81 43
v 2622 582 245
v 2623 174 88
v 2624 263 137
v 2625 46 28
v 2626 14 7
v 2627 301 131
v 2628 138 71
v 2629 310 123
v 2630 300 128
v 2631 1262 585
v 2632 214 115
v 2633 85 48
v 2634 903 401
v 2635 287 145
v 2636 746 309
v 2637 93 38
v 2638 235 105
v 2639 119 53
v 2640 153 75
v 2641 93 47
v 2642 87 33
v 2643 108 55
v 2644 408 201
v 2645 628 324
v 2646 1184 560
v 2647 444 197
v 2648 307 136
v 2649 40 20
v 2650 272 111
v 2651 285 134
v 2652 115 56
v 2653 685 310
v 2654 57 26
v 2655 61 29
v 2656 231 117
v 2657 534 259
v 2658 285 157
v 2659 100 58
v 2660 478 255
v 2661 312 156
v 2662 118 58
v 2663 41 16
v 2664 402 191
v 2665 507 222
v 2666 582 293
v 2667 369 179
v 2668 221 104
v 2669 385 201
v 2670 393 195
v 2671 294 155
v 2672 661 317
v 2673 188 83
v 2674 238 122
v 2679 491 234
v 2680 297 167
v 2681 340 158
v 2683 575 288
v 2686 333 152
v 2688 577 317
v 2689 289 155
v 2691 448 222
v 2695 695 359
v 2696 309 158
v 2697 208 104
v 2698 105 51
v 2705 190 109
v 2715 160 79
v 2828 846 280
v 2829 275 97
v 2830 1968 817
v 2831 320 128
v 2832 160 75
v 2833 448 178
v 2834 995 359
v 2835 487 233
v 2836 454 156
v 2837 1419 563
v 2838 720 296
v 2839 289 113
v 2841 1111 473
v 2842 1402 557
v 2843 740 280
v 2844 326 142
v 2845 725 291
v 2846 808 317
v 2847 872 305
v 2848 215 87
v 2849 370 130
v 2850 381 165
v 2851 600 246
v 2852 1102 461
v 2853 245 94
v 2854 137 64
v 2855 576 254
v 2856 212 91
v 2857 389 162
v 2858 478 161
v 2859 380 152
v 2860 409 168
v 2861 239 99
v 2862 322 130
v 2863 368 152
v 2864 1207 489
v 2865 1297 438
v 2866 336 105
v 2867 241 90
v 2868 217 85
v 2869 641 284
v 2870 1121 434
v 2871 720 257
v 2872 262 92
v 2873 173 65
v 2874 209 80
v 2875 330 149
v 2876 698 257
v 2877 119 42
v 2878 864 276
v 2879 275 118
v 2880 359 134
v 2881 84 22
v 2882 34 17
v 2883 435 163
v 2884 410 156
v 2885 576 210
v 2886 496 194
v 2887 1078 384
v 2888 244 102
v 2889 125 51
v 2890 1497 547
v 2891 477 197
v 2892 1177 387
v 2893 119 42
v 2894 289 108
v 2895 169 79
v 2896 229 94
v 2897 159 58
v 2898 97 45
v 2899 117 63
v 2900 652 245
v 2901 948 395
v 2902 1964 764
v 2903 867 326
v 2904 685 219
v 2905 63 18
v 2906 422 152
v 2907 380 131
v 2908 158 49
v 2909 1089 446
v 2910 112 54
v 2911 118 39
v 2912 345 140
v 2913 840 336
v 2914 480 227
v 2915 161 79
v 2916 632 260
v 2917 683 277
v 2918 167 85
v 2919 88 30
v 2920 711 279
v 2921 874 331
v 2922 892 376
v 2923 531 209
v 2924 374 164
v 2925 670 271
v 2926 570 205
v 2927 396 154
v 2928 771 275
v 2929 301 114
v 2930 338 130
v 2935 675 276
v 2936 439 187
v 2937 655 266
v 2939 921 376
v 2942 505 194
v 2944 938 369
v 2945 384 161
v 2947 548 216
v 2951 936 349
v 2952 388 136
v 2953 269 116
v 2954 169 66
v 2961 330 153
v 2971 202 86
v 3085 593 303
v 3086 3398 1702
v 3087 546 310
v 3088 348 171
v 3089 742 385
v 3090 3801 1753
v 3091 892 478
v 3092 927 511
v 3093 2438 1365
v 3094 1250 702
v 3095 506 266
v 3097 1619 909
v 3098 2533 1314
v 3099 1541 858
v 3100 679 424
v 3101 1134 554
v 3102 1450 715
v 3103 1475 755
v 3104 358 167
v 3105 821 421
v 3106 671 354
v 3107 832 496
v 3108 1974 961
v 3109 424 213
v 3110 313 154
v 3111 1088 625
v 3112 515 315
v 3113 710 368
v 3114 832 445
v 3115 553 316
v 3116 714 370
v 3117 442 203
v 3118 577 348
v 3119 606 360
v 3120 2664 1354
v 3121 2608 1261
v 3122 699 334
v 3123 567 307
v 3124 916 445
v 3125 1071 616
v 3126 1840 984
v 3127 1168 511
v 3128 471 262
v 3129 333 168
v 3130 341 193
v 3131 477 274
v 3132 1473 777
v 3133 192 104
v 3134 1742 808
v 3135 516 290
v 3136 562 320
v 3137 154 80
v 3138 53 27
v 3139 767 421
v 3140 766 437
v 3141 1152 599
v 3142 713 383
v 3143 2130 1017
v 3144 526 306
v 3145 193 109
v 3146 2691 1438
v 3147 980 576
v 3148 1826 973
v 3149 284 152
v 3150 713 365
v 3151 365 212
v 3152 400 188
v 3153 283 160
v 3154 216 104
v 3155 280 163
v 3156 1287 727
v 3157 1825 1002
v 3158 3491 1769
v 3159 1473 735
v 3160 1404 641
v 3161 125 56
v 3162 768 373
v 3163 756 336
v 3164 359 200
v 3165 1859 936
v 3166 416 235
v 3167 225 124
v 3168 600 283
v 3169 1515 764
v 3170 862 437
v 3171 239 148
v 3172 1266 642
v 3173 1165 631
v 3174 284 144
v 3175 165 79
v 3176 1317 615
v 3177 1787 936
v 3178 1701 843
v 3179 935 475
v 3180 583 295
v 3181 997 589
v 3182 935 462
v 3183 858 418
v 3184 1657 867
v 3185 618 315
v 3186 627 349
v 3191 1436 741
v 3192 851 481
v 3193 1188 612
v 3195 1897 1055
v 3198 781 416
v 3200 1499 763
v 3201 738 423
v 3203 1157 596
v 3207 1810 949
v 3208 773 385
v 3209 667 325
v 3210 279 160
v 3217 594 309
v 3227 391 194
v 3342 1266 659
v 3343 261 135
v 3344 83 39
v 3345 407 219
v 3346 670 312
v 3347 326 163
v 3348 330 162
v 3349 964 501
v 3350 445 221
v 3351 147 74
v 3353 709 380
v 3354 608 271
v 3355 356 175
v 3356 208 112
v 3357 417 215
v 3358 569 266
v 3359 566 279
v 3360 112 44
v 3361 323 129
v 3362 238 120
v 3363 296 154
v 3364 625 303
v 3365 154 72
v 3366 99 46
v 3367 546 300
v 3368 178 95
v 3369 289 141
v 3370 283 124
v 3371 197 106
v 3372 226 118
v 3373 164 72
v 3374 195 106
v 3375 210 92
v 3376 651 288
v 3377 720 321
v 3378 257 119
v 3379 181 94
v 3380 148 74
v 3381 431 205
v 3382 703 364
v 3383 608 284
v 3384 142 73
v 3385 99 48
v 3386 159 91
v 3387 184 87
v 3388 297 110
v 3389 47 14
v 3390 580 252
v 3391 194 100
v 3392 227 124
v 3393 55 29
v 3394 21 12
v 3395 292 136
v 3396 286 136
v 3397 456 232
v 3398 290 138
v 3399 1022 478
v 3400 213 135
v 3401 67 32
v 3402 1284 659
v 3403 201 103
v 3404 725 336
v 3405 106 50
v 3406 300 167
v 3407 113 70
v 3408 143 65
v 3409 82 35
v 3410 62 26
v 3411 99 56
v 3412 336 173
v 3413 574 273
v 3414 1134 554
v 3415 508 239
v 3416 350 154
v 3417 33 19
v 3418 268 123
v 3419 218 103
v 3420 99 40
v 3421 771 360
v 3422 58 26
v 3423 100 52
v 3424 237 123
v 3425 532 276
v 3426 348 185
v 3427 69 41
v 3428 461 240
v 3429 308 164
v 3430 94 39
v 3431 51 26
v 3432 409 190
v 3433 653 325
v 3434 618 318
v 3435 341 161
v 3436 236 122
v 3437 351 190
v 3438 403 205
v 3439 331 153
v 3440 624 292
v 3441 189 92
v 3442 231 111
v 3447 524 264
v 3448 302 177
v 3449 331 163
v 3451 648 320
v 3454 426 203
v 3456 589 303
v 3457 248 126
v 3459 404 205
v 3463 613 307
v 3464 246 127
v 3465 202 105
v 3466 102 56
v 3473 197 105
v 3483 189 92
v 3599 1531 786
v 3600 631 346
v 3601 1958 1026
v 3602 4339 1997
v 3603 1969 1099
v 3604 1874 924
v 3605 5542 2850
v 3606 2924 1493
v 3607 1081 546
v 3609 4013 2144
v 3610 5974 3121
v 3611 3102 1571
v 3612 1489 783
v 3613 3084 1618
v 3614 3462 1723
v 3615 3901 1891
v 3616 816 392
v 3617 1910 872
v 3618 1535 824
v 3619 1753 986
v 3620 4113 2202
v 3621 1120 575
v 3622 674 345
v 3623 2477 1312
v 3624 929 506
v 3625 1460 754
v 3626 1900 902
v 3627 1476 752
v 3628 1363 718
v 3629 1006 529
v 3630 1108 615
v 3631 1384 733
v 3632 4623 2312
v 3633 5541 2662
v 3634 1654 748
v 3635 1162 564
v 3636 1026 479
v 3637 2280 1292
v 3638 5339 2575
v 3639 3103 1503
v 3640 983 497
v 3641 665 312
v 3642 901 495
v 3643 1200 624
v 3644 2890 1359
v 3645 512 264
v 3646 4404 1959
v 3647 1132 580
v 3648 1427 786
v 3649 319 163
v 3650 196 118
v 3651 1664 829
v 3652 1698 898
v 3653 2694 1340
v 3654 2575 1189
v 3655 5273 2561
v 3656 1009 543
v 3657 445 251
v 3658 6406 3146
v 3659 1883 947
v 3660 4784 2209
v 3661 590 275
v 3662 1350 688
v 3663 613 339
v 3664 1063 548
v 3665 706 342
v 3666 524 238
v 3667 571 322
v 3668 2500 1322
v 3669 3999 2028
v 3670 8350 4240
v 3671 3759 1817
v 3672 3012 1456
v 3673 216 104
v 3674 1854 908
v 3675 1755 833
v 3676 733 312
v 3677 5058 2552
v 3678 376 198
v 3679 499 248
v 3680 1493 746
v 3681 3472 1684
v 3682 2829 1482
v 3683 633 336
v 3684 2489 1269
v 3685 2879 1427
v 3686 627 292
v 3687 384 171
v 3688 2886 1458
v 3689 4030 2000
v 3690 3473 1767
v 3691 2309 1095
v 3692 1435 802
v 3693 2658 1360
v 3694 2480 1257
v 3695 1787 862
v 3696 3843 1925
v 3697 1232 576
v 3698 1709 891
v 3703 3267 1619
v 3704 1856 930
v 3705 2946 1381
v 3707 4366 2233
v 3710 1970 964
v 3712 3312 1709
v 3713 1442 795
v 3715 2599 1251
v 3719 4195 2014
v 3720 1805 853
v 3721 1369 647
v 3722 638 342
v 3729 1478 801
v 3739 834 411
v 3856 117 60
v 3857 419 224
v 3858 757 357
v 3859 353 207
v 3860 356 185
v 3861 1084 581
v 3862 578 304
v 3863 176 92
v 3865 751 377
v 3866 1122 603
v 3867 580 280
v 3868 281 150
v 3869 594 328
v 3870 593 291
v 3871 676 340
v 3872 206 94
v 3873 275 101
v 3874 237 121
v 3875 436 214
v 3876 776 415
v 3877 171 84
v 3878 116 57
v 3879 628 316
v 3880 174 86
v 3881 413 180
v 3882 385 185
v 3883 304 158
v 3884 261 145
v 3885 157 68
v 3886 191 102
v 3887 331 155
v 3888 678 349
v 3889 890 434
v 3890 203 90
v 3891 195 94
v 3892 152 71
v 3893 490 248
v 3894 1008 528
v 3895 488 237
v 3896 208 106
v 3897 118 55
v 3898 183 93
v 3899 235 136
v 3900 621 320
v 3901 53 24
v 3902 694 318
v 3903 222 120
v 3904 310 172
v 3905 48 23
v 3906 28 18
v 3907 359 178
v 3908 287 151
v 3909 525 275
v 3910 308 165
v 3911 857 403
v 3912 204 116
v 3913 79 41
v 3914 1032 538
v 3915 426 227
v 3916 856 406
v 3917 83 31
v 3918 207 106
v 3919 96 57
v 3920 156 72
v 3921 109 50
v 3922 72 34
v 3923 96 50
v 3924 458 245
v 3925 647 341
v 3926 1417 705
v 3927 612 306
v 3928 612 296
v 3929 46 21
v 3930 225 97
v 3931 187 86
v 3932 92 50
v 3933 782 372
v 3934 54 29
v 3935 73 43
v 3936 263 135
v 3937 532 263
v 3938 328 171
v 3939 95 54
v 3940 384 187
v 3941 542 313
v 3942 129 80
v 3943 66 23
v 3944 618 300
v 3945 513 237
v 3946 626 284
v 3947 367 162
v 3948 314 161
v 3949 342 175
v 3950 360 169
v 3951 310 171
v 3952 474 225
v 3953 182 78
v 3954 287 152
v 3959 544 260
v 3960 304 177
v 3961 454 224
v 3963 670 354
v 3966 359 185
v 3968 619 307
v 3969 275 152
v 3971 377 188
v 3975 695 337
v 3976 286 165
v 3977 226 95
v 3978 121 65
v 3985 230 116
v 3995 149 72
v 4113 154 66
v 4114 322 140
v 4115 173 99
v 4116 170 83
v 4117 479 214
v 4118 239 115
v 4119 96 55
v 4121 365 166
v 4122 489 224
v 4123 280 132
v 4124 121 64
v 4125 221 107
v 4126 278 128
v 4127 250 106
v 4128 72 36
v 4129 126 58
v 4130 110 51
v 4131 170 78
v 4132 329 160
v 4133 80 34
v 4134 44 21
v 4135 183 92
v 4136 77 36
v 4137 169 78
v 4138 160 83
v 4139 104 41
v 4140 131 69
v 4141 81 38
v 4142 125 66
v 4143 122 55
v 4144 353 165
v 4145 404 170
v 4146 104 47
v 4147 108 56
v 4148 78 34
v 4149 219 107
v 4150 357 152
v 4151 236 108
v 4152 104 43
v 4153 52 21
v 4154 65 30
v 4155 108 57
v 4156 233 96
v 4157 37 19
v 4158 209 91
v 4159 86 43
v 4160 118 54
v 4161 24 8
v 4162 20 9
v 4163 153 70
v 4164 125 52
v 4165 232 99
v 4166 145 76
v 4167 412 205
v 4168 88 43
v 4169 30 13
v 4170 529 244
v 4171 149 67
v 4172 401 201
v 4173 50 30
v 4174 96 50
v 4175 71 39
v 4176 69 32
v 4177 70 34
v 4178 39 19
v 4179 50 23
v 4180 223 113
v 4181 286 137
v 4182 648 292
v 4183 278 121
v 4184 248 112
v 4185 19 8
v 4186 115 51
v 4187 97 45
v 4188 63 28
v 4189 399 190
v 4190 34 13
v 4191 22 12
v 4192 123 54
v 4193 260 120
v 4194 141 67
v 4195 58 33
v 4196 239 120
v 4197 217 103
v 4198 50 24
v 4199 21 5
v 4200 296 133
v 4201 275 121
v 4202 301 134
v 4203 195 79
v 4204 128 62
v 4205 182 85
v 4206 170 63
v 4207 121 47
v 4208 317 152
v 4209 92 34
v 4210 99 50
v 4215 262 131
v 4216 168 90
v 4217 238 110
v 4219 317 164
v 4222 167 76
v 4224 306 148
v 4225 140 71
v 4227 183 89
v 4231 333 139
v 4232 130 64
v 4233 96 40
v 4234 52 26
v 4241 109 51
v 4251 65 26
v 4370 958 430
v 4371 461 245
v 4372 461 238
v 4373 1327 640
v 4374 852 449
v 4375 242 123
v 4377 900 470
v 4378 1049 481
v 4379 534 228
v 4380 357 184
v 4381 687 353
v 4382 812 423
v 4383 856 387
v 4384 175 71
v 4385 352 154
v 4386 443 210
v 4387 590 326
v 4388 952 447
v 4389 280 140
v 4390 122 56
v 4391 678 366
v 4392 330 193
v 4393 438 192
v 4394 460 206
v 4395 307 152
v 4396 337 168
v 4397 204 92
v 4398 255 142
v 4399 340 168
v 4400 1084 546
v 4401 1200 507
v 4402 355 160
v 4403 331 171
v 4404 241 104
v 4405 743 434
v 4406 1089 538
v 4407 827 410
v 4408 274 125
v 4409 142 64
v 4410 209 92
v 4411 236 103
v 4412 539 245
v 4413 85 39
v 4414 1054 466
v 4415 225 114
v 4416 358 196
v 4417 66 36
v 4418 44 23
v 4419 489 233
v 4420 493 245
v 4421 609 287
v 4422 386 173
v 4423 1134 501
v 4424 258 136
v 4425 106 52
v 4426 1433 663
v 4427 357 159
v 4428 1087 502
v 4429 132 67
v 4430 360 188
v 4431 187 104
v 4432 224 110
v 4433 138 65
v 4434 96 39
v 4435 110 60
v 4436 577 286
v 4437 975 491
v 4438 1996 970
v 4439 611 278
v 4440 496 208
v 4441 50 30
v 4442 465 216
v 4443 329 141
v 4444 125 59
v 4445 998 449
v 4446 84 49
v 4447 99 49
v 4448 381 185
v 4449 765 394
v 4450 491 269
v 4451 128 68
v 4452 617 296
v 4453 493 249
v 4454 165 76
v 4455 122 58
v 4456 702 312
v 4457 845 388
v 4458 961 453
v 4459 517 258
v 4460 328 177
v 4461 502 252
v 4462 545 283
v 4463 371 162
v 4464 827 410
v 4465 240 100
v 4466 353 202
v 4471 645 324
v 4472 452 249
v 4473 466 215
v 4475 974 506
v 4478 472 237
v 4480 871 413
v 4481 376 198
v 4483 506 240
v 4487 926 427
v 4488 373 171
v 4489 311 151
v 4490 128 57
v 4497 304 181
v 4507 221 106
v 4627 1026 590
v 4628 908 456
v 4629 2928 1532
v 4630 1572 845
v 4631 506 263
v 4633 2085 1149
v 4634 3145 1668
v 4635 1313 648
v 4636 647 344
v 4637 1275 701
v 4638 1761 937
v 4639 1724 862
v 4640 465 237
v 4641 1003 476
v 4642 704 389
v 4643 1059 586
v 4644 1992 1014
v 4645 572 325
v 4646 341 202
v 4647 1205 627
v 4648 416 202
v 4649 735 366
v 4650 943 442
v 4651 713 378
v 4652 689 360
v 4653 481 241
v 4654 707 357
v 4655 787 415
v 4656 2482 1293
v 4657 2769 1351
v 4658 815 399
v 4659 573 312
v 4660 432 212
v 4661 1396 793
v 4662 2562 1238
v 4663 2003 1073
v 4664 591 276
v 4665 304 155
v 4666 407 231
v 4667 602 331
v 4668 1656 830
v 4669 263 148
v 4670 2010 933
v 4671 476 259
v 4672 683 371
v 4673 186 95
v 4674 102 53
v 4675 971 481
v 4676 869 441
v 4677 1300 678
v 4678 1088 547
v 4679 2662 1286
v 4680 544 307
v 4681 203 116
v 4682 2950 1460
v 4683 991 512
v 4684 2557 1223
v 4685 337 168
v 4686 894 481
v 4687 340 197
v 4688 566 289
v 4689 436 213
v 4690 271 156
v 4691 256 137
v 4692 1176 608
v 4693 1613 897
v 4694 3999 2074
v 4695 1923 1008
v 4696 1769 882
v 4697 134 78
v 4698 840 430
v 4699 884 460
v 4700 343 169
v 4701 2378 1193
v 4702 175 88
v 4703 302 166
v 4704 723 406
v 4705 1640 888
v 4706 960 517
v 4707 282 148
v 4708 1243 669
v 4709 1509 832
v 4710 302 176
v 4711 176 83
v 4712 1562 808
v 4713 1707 855
v 4714 1910 984
v 4715 1246 629
v 4716 696 390
v 4717 1254 691
v 4718 839 417
v 4719 799 414
v 4720 1377 638
v 4721 597 297
v 4722 728 391
v 4727 1362 696
v 4728 979 530
v 4729 1493 745
v 4731 2190 1182
v 4734 1065 606
v 4736 1893 1019
v 4737 739 424
v 4739 1331 716
v 4743 1966 1038
v 4744 896 492
v 4745 688 346
v 4746 350 189
v 4753 704 406
v 4763 514 285
v 4884 501 213
v 4885 1545 703
v 4886 813 356
v 4887 287 135
v 4889 1070 549
v 4890 1719 819
v 4891 843 374
v 4892 357 176
v 4893 788 379
v 4894 860 376
v 4895 836 374
v 4896 240 91
v 4897 533 198
v 4898 379 178
v 4899 541 239
v 4900 1145 477
v 4901 240 113
v 4902 166 78
v 4903 588 282
v 4904 188 75
v 4905 425 204
v 4906 424 199
v 4907 379 160
v 4908 393 180
v 4909 304 141
v 4910 355 161
v 4911 367 173
v 4912 1303 568
v 4913 1354 567
v 4914 352 134
v 4915 291 128
v 4916 216 85
v 4917 655 310
v 4918 1283 520
v 4919 829 368
v 4920 301 122
v 4921 147 64
v 4922 204 97
v 4923 312 160
v 4924 778 340
v 4925 121 64
v 4926 934 351
v 4927 291 128
v 4928 338 176
v 4929 83 40
v 4930 43 21
v 4931 507 206
v 4932 494 217
v 4933 682 315
v 4934 550 267
v 4935 1468 671
v 4936 276 135
v 4937 130 67
v 4938 1679 739
v 4939 514 244
v 4940 1181 488
v 4941 140 67
v 4942 310 134
v 4943 197 98
v 4944 208 104
v 4945 160 71
v 4946 112 48
v 4947 132 74
v 4948 585 271
v 4949 813 381
v 4950 2052 916
v 4951 888 384
v 4952 988 405
v 4953 58 28
v 4954 391 165
v 4955 373 159
v 4956 170 60
v 4957 1163 578
v 4958 104 45
v 4959 118 53
v 4960 371 172
v 4961 922 435
v 4962 623 315
v 4963 158 85
v 4964 752 389
v 4965 761 381
v 4966 150 73
v 4967 106 47
v 4968 909 426
v 4969 942 436
v 4970 972 418
v 4971 553 256
v 4972 354 168
v 4973 706 340
v 4974 485 217
v 4975 444 187
v 4976 875 363
v 4977 332 147
v 4978 397 182
v 4983 768 360
v 4984 491 227
v 4985 607 259
v 4987 1097 525
v 4990 515 249
v 4992 1013 475
v 4993 404 194
v 4995 631 295
v 4999 959 423
v 5000 449 205
v 5001 332 159
v 5002 211 100
v 5009 396 191
v 5019 234 94
v 5141 1303 682
v 5142 746 403
v 5143 264 136
v 5145 914 495
v 5146 1429 771
v 5147 744 360
v 5148 317 187
v 5149 660 331
v 5150 752 395
v 5151 807 401
v 5152 255 124
v 5153 447 195
v 5154 338 181
v 5155 503 275
v 5156 993 495
v 5157 259 127
v 5158 156 88
v 5159 567 305
v 5160 221 124
v 5161 400 205
v 5162 478 200
v 5163 338 167
v 5164 347 190
v 5165 248 120
v 5166 283 158
v 5167 345 168
v 5168 1099 552
v 5169 1182 549
v 5170 345 160
v 5171 276 139
v 5172 173 79
v 5173 580 345
v 5174 1072 505
v 5175 715 316
v 5176 231 115
v 5177 159 58
v 5178 146 91
v 5179 265 141
v 5180 673 347
v 5181 111 51
v 5182 795 376
v 5183 266 143
v 5184 352 200
v 5185 62 39
v 5186 30 17
v 5187 530 244
v 5188 439 248
v 5189 748 408
v 5190 439 196
v 5191 1204 579
v 5192 240 133
v 5193 117 69
v 5194 1396 687
v 5195 505 263
v 5196 1081 515
v 5197 107 54
v 5198 270 119
v 5199 158 84
v 5200 227 130
v 5201 153 75
v 5202 139 63
v 5203 125 63
v 5204 579 287
v 5205 871 465
v 5206 1885 897
v 5207 969 476
v 5208 759 331
v 5209 62 22
v 5210 378 174
v 5211 321 149
v 5212 152 77
v 5213 1063 525
v 5214 74 42
v 5215 122 64
v 5216 358 190
v 5217 817 426
v 5218 393 214
v 5219 133 80
v 5220 563 291
v 5221 648 337
v 5222 154 75
v 5223 84 42
v 5224 724 380
v 5225 809 413
v 5226 828 407
v 5227 549 279
v 5228 367 202
v 5229 603 322
v 5230 512 266
v 5231 372 166
v 5232 720 328
v 5233 272 131
v 5234 314 185
v 5239 649 311
v 5240 394 217
v 5241 577 296
v 5243 910 487
v 5246 488 260
v 5248 915 487
v 5249 347 174
v 5251 538 273
v 5255 922 453
v 5256 368 196
v 5257 298 150
v 5258 142 72
v 5265 291 159
v 5275 176 86
v 5398 2159 1063
v 5399 779 419
v 5401 2897 1554
v 5402 4082 2052
v 5403 2090 1017
v 5404 862 478
v 5405 1993 988
v 5406 2342 1131
v 5407 2480 1207
v 5408 718 341
v 5409 1216 520
v 5410 1014 499
v 5411 1560 850
v 5412 3032 1517
v 5413 710 376
v 5414 409 205
v 5415 1853 937
v 5416 711 387
v 5417 1311 618
v 5418 1250 582
v 5419 1013 519
v 5420 1123 513
v 5421 656 296
v 5422 920 480
v 5423 1249 690
v 5424 3437 1650
v 5425 3742 1763
v 5426 951 418
v 5427 778 418
v 5428 681 307
v 5429 1878 984
v 5430 2938 1482
v 5431 2195 1059
v 5432 769 376
v 5433 397 192
v 5434 681 354
v 5435 773 468
v 5436 2080 1017
v 5437 305 159
v 5438 2723 1181
v 5439 753 379
v 5440 1060 580
v 5441 202 107
v 5442 88 44
v 5443 1474 702
v 5444 1167 608
v 5445 1735 861
v 5446 1159 566
v 5447 3489 1606
v 5448 748 408
v 5449 331 175
v 5450 4129 1960
v 5451 1361 681
v 5452 3421 1512
v 5453 353 165
v 5454 946 426
v 5455 435 226
v 5456 687 348
v 5457 452 226
v 5458 301 138
v 5459 366 197
v 5460 1678 834
v 5461 2517 1346
v 5462 5543 2698
v 5463 2475 1212
v 5464 2218 1047
v 5465 156 80
v 5466 1078 503
v 5467 987 450
v 5468 449 207
v 5469 2951 1492
v 5470 219 110
v 5471 299 142
v 5472 1294 668
v 5473 2299 1141
v 5474 1151 594
v 5475 376 194
v 5476 1838 905
v 5477 1821 912
v 5478 401 201
v 5479 248 120
v 5480 2114 990
v 5481 2511 1168
v 5482 2514 1220
v 5483 1516 715
v 5484 1023 544
v 5485 1568 789
v 5486 1546 737
v 5487 1086 489
v 5488 2257 1113
v 5489 793 362
v 5490 926 497
v 5495 2047 1007
v 5496 1290 666
v 5497 1842 885
v 5499 2906 1539
v 5502 1440 735
v 5504 2547 1315
v 5505 1116 554
v 5507 1670 865
v 5511 2695 1329
v 5512 1174 582
v 5513 942 451
v 5514 511 259
v 5521 918 514
v 5531 647 319
v 5655 426 226
v 5657 1536 807
v 5658 2309 1126
v 5659 1256 589
v 5660 532 288
v 5661 996 522
v 5662 1214 614
v 5663 1279 620
v 5664 400 190
v 5665 602 247
v 5666 556 280
v 5667 905 502
v 5668 1414 685
v 5669 374 184
v 5670 232 102
v 5671 972 507
v 5672 411 226
v 5673 695 333
v 5674 764 344
v 5675 525 268
v 5676 555 291
v 5677 414 180
v 5678 515 260
v 5679 556 290
v 5680 1652 840
v 5681 1927 879
v 5682 509 229
v 5683 389 182
v 5684 304 142
v 5685 1008 544
v 5686 1665 782
v 5687 1042 484
v 5688 392 189
v 5689 239 109
v 5690 323 152
v 5691 456 227
v 5692 1170 537
v 5693 146 66
v 5694 1549 652
v 5695 405 217
v 5696 525 290
v 5697 97 48
v 5698 53 18
v 5699 900 408
v 5700 603 335
v 5701 930 452
v 5702 714 347
v 5703 1872 879
v 5704 398 201
v 5705 162 83
v 5706 2277 1084
v 5707 783 409
v 5708 1781 819
v 5709 221 100
v 5710 487 220
v 5711 253 131
v 5712 375 182
v 5713 241 130
v 5714 175 76
v 5715 210 117
v 5716 905 484
v 5717 1319 651
v 5718 3028 1522
v 5719 1296 589
v 5720 1239 601
v 5721 78 34
v 5722 556 248
v 5723 506 229
v 5724 197 91
v 5725 1557 734
v 5726 143 77
v 5727 164 69
v 5728 557 284
v 5729 1260 656
v 5730 544 297
v 5731 219 135
v 5732 930 461
v 5733 1031 493
v 5734 207 102
v 5735 122 65
v 5736 1282 609
v 5737 1342 664
v 5738 1292 616
v 5739 795 370
v 5740 594 296
v 5741 723 391
v 5742 794 395
v 5743 604 278
v 5744 1172 562
v 5745 449 212
v 5746 476 278
v 5751 1052 506
v 5752 688 364
v 5753 874 421
v 5755 1494 773
v 5758 827 426
v 5760 1357 714
v 5761 592 295
v 5763 823 412
v 5767 1362 642
v 5768 615 311
v 5769 417 209
v 5770 242 123
v 5777 469 272
v 5787 275 127
v 5913 604 309
v 5914 863 428
v 5915 455 243
v 5916 219 119
v 5917 393 197
v 5918 417 218
v 5919 455 208
v 5920 132 65
v 5921 257 121
v 5922 209 105
v 5923 322 166
v 5924 564 284
v 5925 137 63
v 5926 75 43
v 5927 329 164
v 5928 125 53
v 5929 228 118
v 5930 260 126
v 5931 172 85
v 5932 235 121
v 5933 139 61
v 5934 190 105
v 5935 203 111
v 5936 673 365
v 5937 721 338
v 5938 196 79
v 5939 170 75
v 5940 125 56
v 5941 355 192
v 5942 678 303
v 5943 366 169
v 5944 136 63
v 5945 98 43
v 5946 93 45
v 5947 168 88
v 5948 441 201
v 5949 55 30
v 5950 454 177
v 5951 134 64
v 5952 209 114
v 5953 50 28
v 5954 19 12
v 5955 258 124
v 5956 219 102
v 5957 320 156
v 5958 299 146
v 5959 653 274
v 5960 126 60
v 5961 53 23
v 5962 937 416
v 5963 286 152
v 5964 589 254
v 5965 77 35
v 5966 176 72
v 5967 96 53
v 5968 127 70
v 5969 94 43
v 5970 48 24
v 5971 72 47
v 5972 356 172
v 5973 449 237
v 5974 1058 481
v 5975 627 310
v 5976 491 258
v 5977 30 11
v 5978 196 93
v 5979 222 112
v 5980 95 45
v 5981 593 300
v 5982 47 26
v 5983 70 29
v 5984 175 83
v 5985 526 249
v 5986 289 148
v 5987 68 37
v 5988 340 168
v 5989 309 143
v 5990 90 49
v 5991 43 26
v 5992 436 216
v 5993 515 271
v 5994 504 223
v 5995 311 142
v 5996 239 120
v 5997 300 144
v 5998 284 139
v 5999 200 99
v 6000 426 194
v 6001 164 83
v 6002 220 114
v 6007 385 171
v 6008 250 134
v 6009 336 160
v 6011 502 262
v 6014 295 161
v 6016 478 243
v 6017 238 134
v 6019 329 174
v 6023 555 269
v 6024 227 116
v 6025 151 77
v 6026 105 57
v 6033 151 80
v 6043 135 62
v 6426 2984 1499
v 6427 1564 716
v 6428 693 322
v 6429 1342 662
v 6430 1634 737
v 6431 1691 757
v 6432 456 192
v 6433 826 309
v 6434 780 373
v 6435 1337 668
v 6436 2291 1131
v 6437 473 235
v 6438 272 124
v 6439 1278 663
v 6440 476 223
v 6441 778 351
v 6442 910 387
v 6443 834 404
v 6444 752 357
v 6445 497 209
v 6446 727 355
v 6447 876 441
v 6448 2464 1182
v 6449 2836 1235
v 6450 706 298
v 6451 515 238
v 6452 475 195
v 6453 1215 618
v 6454 2327 1085
v 6455 1392 633
v 6456 522 253
v 6457 311 140
v 6458 408 205
v 6459 617 303
v 6460 1449 664
v 6461 203 102
v 6462 1752 700
v 6463 510 236
v 6464 734 384
v 6465 146 61
v 6466 77 44
v 6467 1002 445
v 6468 835 399
v 6469 1229 626
v 6470 986 429
v 6471 2027 852
v 6472 548 265
v 6473 233 120
v 6474 3263 1405
v 6475 984 472
v 6476 2779 1111
v 6477 284 128
v 6478 660 285
v 6479 327 158
v 6480 534 262
v 6481 321 146
v 6482 169 75
v 6483 293 132
v 6484 1226 578
v 6485 1859 940
v 6486 3919 1801
v 6487 1720 795
v 6488 1405 618
v 6489 111 55
v 6490 864 355
v 6491 763 336
v 6492 332 142
v 6493 2046 933
v 6494 201 105
v 6495 215 110
v 6496 739 346
v 6497 1658 797
v 6498 916 436
v 6499 292 153
v 6500 1203 572
v 6501 1364 692
v 6502 330 159
v 6503 163 68
v 6504 1445 665
v 6505 1947 948
v 6506 1748 846
v 6507 1027 455
v 6508 718 362
v 6509 1139 563
v 6510 1334 656
v 6511 700 317
v 6512 1615 676
v 6513 629 269
v 6514 664 347
v 6519 1435 641
v 6520 894 455
v 6521 1371 620
v 6523 2071 992
v 6526 908 425
v 6528 1868 908
v 6529 757 369
v 6531 1124 549
v 6535 1833 865
v 6536 893 391
v 6537 613 275
v 6538 359 194
v 6545 673 335
v 6555 444 224
v 6683 2414 1125
v 6684 921 470
v 6685 2087 1040
v 6686 2454 1209
v 6687 2555 1172
v 6688 750 341
v 6689 1287 526
v 6690 1088 516
v 6691 1737 879
v 6692 2713 1334
v 6693 742 367
v 6694 494 244
v 6695 1687 874
v 6696 785 406
v 6697 1086 545
v 6698 1391 615
v 6699 1009 504
v 6700 1203 586
v 6701 784 350
v 6702 1006 488
v 6703 1107 546
v 6704 3247 1524
v 6705 3730 1666
v 6706 995 417
v 6707 832 422
v 6708 673 299
v 6709 1965 1027
v 6710 3214 1544
v 6711 2009 919
v 6712 828 359
v 6713 474 216
v 6714 575 295
v 6715 822 417
v 6716 2208 1035
v 6717 263 133
v 6718 2507 1096
v 6719 762 404
v 6720 1108 566
v 6721 189 87
v 6722 93 45
v 6723 1654 733
v 6724 1217 619
v 6725 1713 823
v 6726 1345 632
v 6727 3630 1663
v 6728 747 407
v 6729 366 187
v 6730 4373 2059
v 6731 1479 715
v 6732 3255 1514
v 6733 413 182
v 6734 894 403
v 6735 482 254
v 6736 696 338
v 6737 486 232
v 6738 279 123
v 6739 439 220
v 6740 1923 948
v 6741 2582 1267
v 6742 6228 2866
v 6743 2650 1246
v 6744 2337 1111
v 6745 169 70
v 6746 1084 472
v 6747 990 426
v 6748 446 173
v 6749 2970 1463
v 6750 228 107
v 6751 301 146
v 6752 1026 495
v 6753 2477 1245
v 6754 1062 568
v 6755 425 225
v 6756 1967 937
v 6757 1994 993
v 6758 437 228
v 6759 225 103
v 6760 2260 1074
v 6761 2670 1349
v 6762 2424 1118
v 6763 1572 760
v 6764 1108 576
v 6765 1491 743
v 6766 1601 775
v 6767 1167 550
v 6768 2364 1086
v 6769 876 392
v 6770 1109 559
v 6775 1990 947
v 6776 1486 730
v 6777 1795 825
v 6779 2894 1459
v 6782 1497 750
v 6784 2651 1327
v 6785 1278 665
v 6787 1693 819
v 6791 2751 1284
v 6792 1165 571
v 6793 821 448
v 6794 473 240
v 6801 860 494
v 6811 550 277
v 6940 419 236
v 6941 1217 652
v 6942 1231 643
v 6943 1325 656
v 6944 362 175
v 6945 652 282
v 6946 506 285
v 6947 921 489
v 6948 1655 840
v 6949 393 192
v 6950 265 133
v 6951 849 468
v 6952 356 193
v 6953 576 295
v 6954 830 390
v 6955 597 316
v 6956 537 288
v 6957 387 196
v 6958 405 219
v 6959 603 320
v 6960 1659 833
v 6961 1829 879
v 6962 520 232
v 6963 405 209
v 6964 373 184
v 6965 1039 583
v 6966 1674 832
v 6967 1029 451
v 6968 366 173
v 6969 234 110
v 6970 284 150
v 6971 445 264
v 6972 1071 507
v 6973 143 63
v 6974 1261 589
v 6975 371 200
v 6976 564 322
v 6977 93 50
v 6978 53 31
v 6979 879 393
v 6980 678 339
v 6981 857 449
v 6982 679 371
v 6983 1828 869
v 6984 438 242
v 6985 169 88
v 6986 2304 1122
v 6987 858 423
v 6988 1562 768
v 6989 236 116
v 6990 477 240
v 6991 257 138
v 6992 373 201
v 6993 265 144
v 6994 191 90
v 6995 210 115
v 6996 942 513
v 6997 1335 721
v 6998 3139 1571
v 6999 1365 672
v 7000 1205 594
v 7001 104 35
v 7002 534 269
v 7003 448 230
v 7004 237 103
v 7005 1643 830
v 7006 165 85
v 7007 119 59
v 7008 527 268
v 7009 1235 656
v 7010 509 281
v 7011 203 119
v 7012 988 514
v 7013 994 509
v 7014 262 130
v 7015 132 59
v 7016 1166 617
v 7017 1281 651
v 7018 1242 594
v 7019 764 385
v 7020 544 293
v 7021 984 478
v 7022 748 389
v 7023 617 303
v 7024 1123 553
v 7025 412 175
v 7026 543 292
v 7031 1087 545
v 7032 750 411
v 7033 883 435
v 7035 1391 753
v 7038 697 365
v 7040 1409 723
v 7041 651 345
v 7043 848 433
v 7047 1525 736
v 7048 622 312
v 7049 439 200
v 7050 252 133
v 7057 425 242
v 7067 292 145
v 7197 488 224
v 7198 550 245
v 7199 581 256
v 7200 309 125
v 7201 246 97
v 7202 247 134
v 7203 337 170
v 7204 708 317
v 7205 189 99
v 7206 102 46
v 7207 371 183
v 7208 156 78
v 7209 284 147
v 7210 311 134
v 7211 252 121
v 7212 271 138
v 7213 166 70
v 7214 225 118
v 7215 248 109
v 7216 746 332
v 7217 922 399
v 7218 186 80
v 7219 191 86
v 7220 141 62
v 7221 436 219
v 7222 757 398
v 7223 514 237
v 7224 194 83
v 7225 97 50
v 7226 111 49
v 7227 185 91
v 7228 557 248
v 7229 60 29
v 7230 1022 442
v 7231 213 109
v 7232 232 121
v 7233 57 24
v 7234 22 13
v 7235 311 146
v 7236 336 169
v 7237 424 205
v 7238 294 156
v 7239 750 363
v 7240 169 69
v 7241 70 37
v 7242 1008 480
v 7243 356 176
v 7244 745 319
v 7245 83 44
v 7246 194 91
v 7247 98 46
v 7248 197 99
v 7249 106 46
v 7250 80 35
v 7251 92 52
v 7252 431 210
v 7253 567 301
v 7254 1466 682
v 7255 636 258
v 7256 764 364
v 7257 46 16
v 7258 264 127
v 7259 237 115
v 7260 112 46
v 7261 717 337
v 7262 51 31
v 7263 114 46
v 7264 259 134
v 7265 555 256
v 7266 318 167
v 7267 98 52
v 7268 405 194
v 7269 503 246
v 7270 89 30
v 7271 59 22
v 7272 613 267
v 7273 516 228
v 7274 624 272
v 7275 367 158
v 7276 272 136
v 7277 475 223
v 7278 325 147
v 7279 306 134
v 7280 402 190
v 7281 175 84
v 7282 211 114
v 7287 367 164
v 7288 321 161
v 7289 445 207
v 7291 649 316
v 7294 351 175
v 7296 617 315
v 7297 269 133
v 7299 383 192
v 7303 666 323
v 7304 261 142
v 7305 218 99
v 7306 127 54
v 7313 202 104
v 7323 160 70
v 7454 976 463
v 7455 1186 543
v 7456 335 137
v 7457 572 259
v 7458 481 227
v 7459 745 373
v 7460 1499 683
v 7461 364 180
v 7462 188 93
v 7463 851 417
v 7464 353 164
v 7465 465 237
v 7466 626 289
v 7467 594 272
v 7468 500 257
v 7469 354 151
v 7470 411 215
v 7471 581 266
v 7472 1477 747
v 7473 1899 848
v 7474 497 215
v 7475 344 159
v 7476 331 127
v 7477 785 415
v 7478 1582 644
v 7479 1077 485
v 7480 352 166
v 7481 226 97
v 7482 257 131
v 7483 440 207
v 7484 1142 516
v 7485 162 89
v 7486 1266 534
v 7487 351 158
v 7488 499 262
v 7489 92 48
v 7490 36 16
v 7491 690 317
v 7492 586 291
v 7493 913 408
v 7494 910 391
v 7495 1807 815
v 7496 297 150
v 7497 141 82
v 7498 2018 909
v 7499 736 370
v 7500 1731 713
v 7501 203 104
v 7502 491 218
v 7503 222 121
v 7504 319 139
v 7505 226 113
v 7506 154 75
v 7507 208 104
v 7508 885 444
v 7509 1278 592
v 7510 2425 1131
v 7511 1230 548
v 7512 1256 554
v 7513 57 30
v 7514 541 260
v 7515 449 179
v 7516 208 97
v 7517 2066 890
v 7518 75 26
v 7519 122 66
v 7520 499 264
v 7521 1208 547
v 7522 757 373
v 7523 193 108
v 7524 844 404
v 7525 1026 482
v 7526 235 103
v 7527 112 48
v 7528 1304 587
v 7529 1257 594
v 7530 1063 518
v 7531 719 359
v 7532 492 259
v 7533 823 421
v 7534 734 346
v 7535 683 302
v 7536 1113 531
v 7537 381 160
v 7538 466 240
v 7543 1066 478
v 7544 663 305
v 7545 838 364
v 7547 1289 642
v 7550 646 351
v 7552 1217 584
v 7553 561 316
v 7555 802 394
v 7559 1387 614
v 7560 629 291
v 7561 567 253
v 7562 232 110
v 7569 442 233
v 7579 284 126
v 7711 1478 744
v 7712 408 172
v 7713 832 352
v 7714 641 336
v 7715 961 514
v 7716 1708 863
v 7717 469 244
v 7718 265 128
v 7719 968 510
v 7720 426 233
v 7721 692 331
v 7722 828 390
v 7723 600 296
v 7724 621 328
v 7725 430 205
v 7726 539 274
v 7727 600 304
v 7728 1824 953
v 7729 2067 1021
v 7730 617 300
v 7731 477 235
v 7732 366 188
v 7733 1012 560
v 7734 1756 869
v 7735 1191 594
v 7736 467 231
v 7737 275 125
v 7738 381 188
v 7739 444 237
v 7740 1307 603
v 7741 205 94
v 7742 1472 661
v 7743 436 207
v 7744 584 324
v 7745 103 54
v 7746 56 25
v 7747 683 337
v 7748 695 342
v 7749 940 496
v 7750 793 378
v 7751 2051 956
v 7752 444 249
v 7753 174 97
v 7754 2360 1144
v 7755 845 453
v 7756 1877 828
v 7757 278 126
v 7758 622 272
v 7759 258 134
v 7760 392 193
v 7761 269 136
v 7762 161 74
v 7763 247 138
v 7764 1063 546
v 7765 1552 798
v 7766 3205 1588
v 7767 1405 682
v 7768 1225 552
v 7769 92 41
v 7770 670 326
v 7771 603 311
v 7772 265 122
v 7773 1782 859
v 7774 185 98
v 7775 211 94
v 7776 523 277
v 7777 1405 704
v 7778 504 283
v 7779 212 112
v 7780 1022 526
v 7781 1093 558
v 7782 235 121
v 7783 154 75
v 7784 1304 662
v 7785 1510 759
v 7786 1422 697
v 7787 880 441
v 7788 554 314
v 7789 930 484
v 7790 893 410
v 7791 670 329
v 7792 1419 677
v 7793 488 221
v 7794 583 320
v 7799 1185 573
v 7800 774 417
v 7801 1090 516
v 7803 1708 884
v 7806 825 411
v 7808 1421 747
v 7809 591 312
v 7811 1015 536
v 7815 1614 820
v 7816 696 340
v 7817 500 254
v 7818 302 151
v 7825 506 279
v 7835 356 210
v 7968 423 192
v 7969 750 334
v 7970 626 326
v 7971 851 497
v 7972 1674 925
v 7973 464 271
v 7974 253 137
v 7975 1003 524
v 7976 427 237
v 7977 671 365
v 7978 868 430
v 7979 600 305
v 7980 629 335
v 7981 446 219
v 7982 520 284
v 7983 632 314
v 7984 1937 1011
v 7985 2203 1098
v 7986 634 290
v 7987 480 248
v 7988 412 188
v 7989 1054 557
v 7990 1979 1009
v 7991 1281 597
v 7992 482 223
v 7993 293 143
v 7994 373 185
v 7995 517 277
v 7996 1365 659
v 7997 174 95
v 7998 1524 704
v 7999 429 215
v 8000 620 347
v 8001 138 82
v 8002 55 34
v 8003 800 401
v 8004 725 385
v 8005 1064 559
v 8006 751 380
v 8007 2101 1043
v 8008 414 235
v 8009 195 102
v 8010 2526 1273
v 8011 931 468
v 8012 2050 980
v 8013 276 134
v 8014 599 292
v 8015 272 158
v 8016 422 237
v 8017 223 120
v 8018 141 71
v 8019 238 135
v 8020 1109 567
v 8021 1542 837
v 8022 3415 1795
v 8023 1516 775
v 8024 1344 641
v 8025 86 45
v 8026 690 343
v 8027 626 325
v 8028 268 106
v 8029 1958 963
v 8030 162 86
v 8031 187 96
v 8032 678 392
v 8033 1397 722
v 8034 629 337
v 8035 234 129
v 8036 1082 580
v 8037 1234 662
v 8038 291 164
v 8039 125 54
v 8040 1243 658
v 8041 1657 850
v 8042 1526 803
v 8043 913 460
v 8044 649 366
v 8045 811 452
v 8046 998 481
v 8047 784 384
v 8048 1467 738
v 8049 500 249
v 8050 569 290
v 8055 1303 684
v 8056 815 441
v 8057 980 491
v 8059 1814 972
v 8062 820 433
v 8064 1450 788
v 8065 629 354
v 8067 1035 548
v 8071 1581 812
v 8072 670 334
v 8073 577 291
v 8074 264 135
v 8081 541 304
v 8091 338 178
v 8225 168 89
v 8226 143 75
v 8227 252 148
v 8228 500 277
v 8229 136 81
v 8230 68 38
v 8231 256 147
v 8232 117 69
v 8233 215 127
v 8234 256 126
v 8235 166 86
v 8236 175 96
v 8237 123 59
v 8238 124 71
v 8239 173 105
v 8240 497 270
v 8241 569 251
v 8242 166 85
v 8243 112 59
v 8244 105 62
v 8245 326 180
v 8246 504 277
v 8247 295 153
v 8248 125 77
v 8249 60 26
v 8250 115 64
v 8251 134 75
v 8252 345 156
v 8253 40 20
v 8254 305 155
v 8255 126 61
v 8256 156 79
v 8257 31 16
v 8258 19 11
v 8259 238 113
v 8260 248 137
v 8261 341 174
v 8262 215 106
v 8263 532 260
v 8264 104 56
v 8265 64 31
v 8266 784 430
v 8267 254 130
v 8268 517 261
v 8269 53 26
v 8270 138 72
v 8271 94 48
v 8272 109 55
v 8273 76 36
v 8274 58 27
v 8275 68 40
v 8276 268 155
v 8277 381 222
v 8278 841 429
v 8279 418 217
v 8280 442 227
v 8281 30 11
v 8282 151 71
v 8283 116 56
v 8284 65 29
v 8285 598 337
v 8286 41 25
v 8287 51 25
v 8288 169 74
v 8289 360 194
v 8290 180 94
v 8291 91 54
v 8292 297 174
v 8293 406 223
v 8294 81 40
v 8295 32 18
v 8296 376 209
v 8297 328 153
v 8298 393 200
v 8299 285 137
v 8300 193 84
v 8301 228 119
v 8302 244 131
v 8303 258 141
v 8304 371 200
v 8305 112 50
v 8306 179 108
v 8311 292 151
v 8312 200 111
v 8313 291 144
v 8315 450 245
v 8318 222 124
v 8320 404 233
v 8321 183 102
v 8323 243 131
v 8327 442 217
v 8328 161 77
v 8329 130 70
v 8330 86 50
v 8337 145 82
v 8347 82 45
v 8482 263 142
v 8483 449 271
v 8484 852 486
v 8485 169 92
v 8486 169 101
v 8487 445 269
v 8488 193 112
v 8489 297 165
v 8490 407 205
v 8491 266 138
v 8492 288 159
v 8493 205 117
v 8494 329 196
v 8495 261 157
v 8496 1054 578
v 8497 1234 679
v 8498 302 148
v 8499 214 121
v 8500 202 106
v 8501 507 301
v 8502 739 466
v 8503 719 388
v 8504 272 144
v 8505 161 86
v 8506 165 89
v 8507 274 167
v 8508 626 346
v 8509 96 49
v 8510 910 455
v 8511 195 99
v 8512 270 164
v 8513 79 42
v 8514 47 27
v 8515 395 184
v 8516 346 181
v 8517 583 359
v 8518 340 189
v 8519 1011 520
v 8520 629 358
v 8521 106 57
v 8522 1261 677
v 8523 485 267
v 8524 1008 560
v 8525 114 60
v 8526 319 167
v 8527 127 80
v 8528 276 157
v 8529 110 54
v 8530 92 53
v 8531 102 49
v 8532 535 292
v 8533 891 517
v 8534 1086 583
v 8535 774 441
v 8536 597 326
v 8537 81 35
v 8538 401 216
v 8539 393 220
v 8540 157 75
v 8541 710 418
v 8542 125 66
v 8543 77 39
v 8544 283 161
v 8545 699 428
v 8546 401 250
v 8547 133 67
v 8548 633 362
v 8549 539 321
v 8550 106 58
v 8551 87 47
v 8552 610 318
v 8553 888 465
v 8554 754 400
v 8555 492 287
v 8556 235 138
v 8557 483 271
v 8558 465 255
v 8559 432 248
v 8560 575 293
v 8561 239 119
v 8562 248 144
v 8567 681 392
v 8568 434 244
v 8569 573 333
v 8571 934 542
v 8574 431 219
v 8576 800 446
v 8577 278 153
v 8579 566 341
v 8583 1099 597
v 8584 373 215
v 8585 261 151
v 8586 133 78
v 8593 309 181
v 8603 230 130
v 8739 363 208
v 8740 700 378
v 8741 213 110
v 8742 100 47
v 8743 393 207
v 8744 155 80
v 8745 300 157
v 8746 300 147
v 8747 256 122
v 8748 264 125
v 8749 191 98
v 8750 225 120
v 8751 227 127
v 8752 910 451
v 8753 1095 527
v 8754 297 142
v 8755 159 83
v 8756 186 85
v 8757 406 228
v 8758 773 367
v 8759 550 289
v 8760 217 110
v 8761 118 50
v 8762 154 75
v 8763 214 107
v 8764 574 256
v 8765 87 38
v 8766 626 282
v 8767 187 89
v 8768 258 140
v 8769 73 38
v 8770 25 9
v 8771 549 291
v 8772 289 135
v 8773 479 216
v 8774 319 160
v 8775 777 382
v 8776 161 90
v 8777 75 46
v 8778 1276 609
v 8779 315 149
v 8780 883 418
v 8781 116 62
v 8782 266 108
v 8783 147 79
v 8784 208 102
v 8785 130 64
v 8786 82 35
v 8787 93 53
v 8788 435 217
v 8789 673 327
v 8790 1527 750
v 8791 558 271
v 8792 494 213
v 8793 44 24
v 8794 336 169
v 8795 339 156
v 8796 131 47
v 8797 740 349
v 8798 67 40
v 8799 85 43
v 8800 257 148
v 8801 657 319
v 8802 348 193
v 8803 121 69
v 8804 488 258
v 8805 452 227
v 8806 114 50
v 8807 58 25
v 8808 549 261
v 8809 762 370
v 8810 568 293
v 8811 416 193
v 8812 270 162
v 8813 441 247
v 8814 396 196
v 8815 360 186
v 8816 687 355
v 8817 292 136
v 8818 232 121
v 8823 524 247
v 8824 303 162
v 8825 481 214
v 8827 742 374
v 8830 341 178
v 8832 659 322
v 8833 271 145
v 8835 479 252
v 8839 734 357
v 8840 333 172
v 8841 243 122
v 8842 147 80
v 8849 261 126
v 8859 169 86
v 8996 1108 549
v 8997 264 141
v 8998 141 70
v 8999 648 320
v 9000 302 148
v 9001 453 209
v 9002 524 227
v 9003 456 228
v 9004 475 196
v 9005 334 169
v 9006 304 167
v 9007 585 274
v 9008 1188 564
v 9009 1259 560
v 9010 353 142
v 9011 259 111
v 9012 205 91
v 9013 694 356
v 9014 1221 549
v 9015 648 277
v 9016 262 129
v 9017 188 81
v 9018 228 103
v 9019 410 231
v 9020 727 327
v 9021 99 42
v 9022 811 326
v 9023 255 118
v 9024 394 204
v 9025 71 39
v 9026 31 13
v 9027 691 272
v 9028 472 236
v 9029 712 344
v 9030 522 230
v 9031 984 413
v 9032 305 159
v 9033 127 65
v 9034 1575 716
v 9035 683 326
v 9036 1756 761
v 9037 128 57
v 9038 308 120
v 9039 156 85
v 9040 251 105
v 9041 171 79
v 9042 96 45
v 9043 165 92
v 9044 730 348
v 9045 1117 594
v 9046 2269 1102
v 9047 984 479
v 9048 759 326
v 9049 59 28
v 9050 404 180
v 9051 318 145
v 9052 182 88
v 9053 1089 481
v 9054 87 42
v 9055 115 58
v 9056 430 186
v 9057 897 403
v 9058 475 239
v 9059 156 84
v 9060 593 300
v 9061 819 397
v 9062 156 83
v 9063 98 44
v 9064 789 335
v 9065 833 358
v 9066 765 344
v 9067 502 208
v 9068 410 222
v 9069 561 271
v 9070 717 324
v 9071 483 230
v 9072 740 321
v 9073 286 121
v 9074 372 195
v 9079 731 335
v 9080 433 224
v 9081 706 331
v 9083 1033 515
v 9086 509 241
v 9088 968 446
v 9089 466 229
v 9091 616 298
v 9095 933 440
v 9096 385 171
v 9097 285 110
v 9098 179 89
v 9105 320 172
v 9115 231 113
v 9253 544 286
v 9254 291 154
v 9255 1396 709
v 9256 461 227
v 9257 806 395
v 9258 1089 523
v 9259 822 367
v 9260 726 365
v 9261 490 194
v 9262 583 315
v 9263 858 417
v 9264 2185 1042
v 9265 2901 1468
v 9266 555 265
v 9267 604 280
v 9268 539 233
v 9269 1366 690
v 9270 2222 1130
v 9271 1495 692
v 9272 561 261
v 9273 329 167
v 9274 413 218
v 9275 556 313
v 9276 1456 672
v 9277 184 96
v 9278 2139 929
v 9279 529 264
v 9280 691 346
v 9281 155 85
v 9282 65 42
v 9283 1017 502
v 9284 456 211
v 9285 1259 582
v 9286 851 406
v 9287 2850 1418
v 9288 563 282
v 9289 240 138
v 9290 2841 1368
v 9291 993 463
v 9292 2373 1069
v 9293 278 147
v 9294 674 333
v 9295 251 134
v 9296 514 269
v 9297 320 163
v 9298 207 109
v 9299 347 182
v 9300 1338 686
v 9301 1784 914
v 9302 3991 1951
v 9303 1626 779
v 9304 1410 631
v 9305 112 58
v 9306 740 314
v 9307 697 299
v 9308 344 134
v 9309 2275 1107
v 9310 204 87
v 9311 242 112
v 9312 826 453
v 9313 1729 885
v 9314 980 547
v 9315 299 181
v 9316 1307 642
v 9317 1141 542
v 9318 354 185
v 9319 204 105
v 9320 1466 703
v 9321 1576 779
v 9322 1837 922
v 9323 1118 504
v 9324 739 360
v 9325 1064 577
v 9326 996 496
v 9327 557 244
v 9328 1843 939
v 9329 514 230
v 9330 646 351
v 9335 1467 721
v 9336 821 419
v 9337 979 433
v 9339 1921 971
v 9342 1020 492
v 9344 1821 865
v 9345 784 429
v 9347 1021 517
v 9351 1872 911
v 9352 872 419
v 9353 630 265
v 9354 961 474
v 9361 586 314
v 9371 420 213
v 9510 71 36
v 9511 289 133
v 9512 124 63
v 9513 209 113
v 9514 188 98
v 9515 173 86
v 9516 228 110
v 9517 125 54
v 9518 166 93
v 9519 171 87
v 9520 616 307
v 9521 678 324
v 9522 211 105
v 9523 143 74
v 9524 136 52
v 9525 316 183
v 9526 602 271
v 9527 370 192
v 9528 132 61
v 9529 86 40
v 9530 92 44
v 9531 156 84
v 9532 352 155
v 9533 56 25
v 9534 444 187
v 9535 130 53
v 9536 186 86
v 9537 37 14
v 9538 21 9
v 9539 250 117
v 9540 241 125
v 9541 291 138
v 9542 238 115
v 9543 619 265
v 9544 121 64
v 9545 63 32
v 9546 772 377
v 9547 250 125
v 9548 565 236
v 9549 87 43
v 9550 164 87
v 9551 64 34
v 9552 139 66
v 9553 72 30
v 9554 54 28
v 9555 73 45
v 9556 320 165
v 9557 476 234
v 9558 1021 512
v 9559 457 207
v 9560 403 167
v 9561 14 7
v 9562 202 104
v 9563 192 85
v 9564 84 37
v 9565 620 278
v 9566 48 24
v 9567 64 20
v 9568 195 112
v 9569 436 215
v 9570 219 121
v 9571 80 35
v 9572 317 166
v 9573 352 181
v 9574 89 40
v 9575 60 27
v 9576 494 217
v 9577 482 219
v 9578 450 214
v 9579 303 145
v 9580 186 104
v 9581 259 149
v 9582 291 143
v 9583 219 112
v 9584 440 190
v 9585 125 62
v 9586 192 100
v 9591 384 189
v 9592 224 106
v 9593 339 148
v 9595 430 228
v 9598 259 120
v 9600 433 220
v 9601 198 98
v 9603 283 153
v 9607 506 239
v 9608 193 97
v 9609 159 69
v 9610 76 41
v 9617 200 100
v 9627 152 70
v 9767 197 93
v 9768 70 30
v 9769 106 48
v 9770 120 54
v 9771 95 44
v 9772 109 45
v 9773 68 31
v 9774 95 47
v 9775 109 61
v 9776 403 200
v 9777 464 213
v 9778 131 57
v 9779 114 63
v 9780 58 24
v 9781 190 94
v 9782 276 140
v 9783 286 127
v 9784 167 64
v 9785 46 27
v 9786 53 27
v 9787 98 46
v 9788 256 134
v 9789 49 22
v 9790 300 138
v 9791 87 48
v 9792 91 42
v 9793 32 13
v 9794 10 6
v 9795 132 60
v 9796 124 63
v 9797 211 116
v 9798 144 78
v 9799 380 186
v 9800 100 49
v 9801 33 19
v 9802 519 243
v 9803 162 89
v 9804 434 211
v 9805 43 13
v 9806 105 46
v 9807 58 29
v 9808 85 39
v 9809 54 31
v 9810 43 17
v 9811 51 22
v 9812 201 114
v 9813 297 142
v 9814 581 258
v 9815 277 120
v 9816 272 126
v 9817 12 4
v 9818 132 50
v 9819 125 50
v 9820 64 33
v 9821 313 166
v 9822 32 14
v 9823 45 29
v 9824 122 73
v 9825 256 115
v 9826 150 86
v 9827 54 27
v 9828 218 96
v 9829 193 93
v 9830 37 19
v 9831 27 8
v 9832 255 119
v 9833 281 124
v 9834 276 131
v 9835 185 88
v 9836 95 40
v 9837 191 105
v 9838 180 89
v 9839 128 54
v 9840 242 115
v 9841 104 48
v 9842 95 50
v 9847 213 111
v 9848 151 69
v 9849 229 118
v 9851 273 132
v 9854 156 81
v 9856 310 154
v 9857 111 56
v 9859 189 91
v 9863 309 143
v 9864 159 81
v 9865 96 58
v 9866 58 27
v 9873 114 65
v 9883 74 35
v 10024 312 174
v 10025 475 201
v 10026 600 296
v 10027 461 222
v 10028 443 223
v 10029 262 116
v 10030 313 151
v 10031 491 237
v 10032 1225 580
v 10033 1501 702
v 10034 374 169
v 10035 391 182
v 10036 288 137
v 10037 763 391
v 10038 1343 635
v 10039 891 442
v 10040 302 123
v 10041 185 79
v 10042 261 126
v 10043 359 152
v 10044 775 335
v 10045 113 60
v 10046 1079 442
v 10047 295 136
v 10048 431 206
v 10049 117 63
v 10050 40 17
v 10051 566 270
v 10052 500 248
v 10053 746 354
v 10054 553 252
v 10055 1463 682
v 10056 309 150
v 10057 136 72
v 10058 1762 842
v 10059 613 291
v 10060 1363 583
v 10061 140 54
v 10062 391 191
v 10063 170 84
v 10064 266 124
v 10065 189 83
v 10066 148 71
v 10067 151 70
v 10068 762 360
v 10069 1010 503
v 10070 2298 1086
v 10071 918 417
v 10072 830 388
v 10073 77 38
v 10074 475 246
v 10075 397 170
v 10076 181 81
v 10077 1445 648
v 10078 98 46
v 10079 116 61
v 10080 442 224
v 10081 983 467
v 10082 499 257
v 10083 143 63
v 10084 826 378
v 10085 649 305
v 10086 165 71
v 10087 104 32
v 10088 879 397
v 10089 961 481
v 10090 1098 485
v 10091 644 309
v 10092 415 210
v 10093 597 298
v 10094 592 294
v 10095 464 202
v 10096 914 458
v 10097 312 146
v 10098 433 217
v 10103 877 413
v 10104 585 291
v 10105 610 293
v 10107 1144 606
v 10110 583 263
v 10112 1098 539
v 10113 524 269
v 10115 598 271
v 10119 1137 524
v 10120 535 266
v 10121 421 214
v 10122 215 109
v 10129 379 174
v 10139 237 124
v 10281 203 90
v 10282 251 121
v 10283 157 79
v 10284 184 96
v 10285 145 65
v 10286 111 52
v 10287 200 105
v 10288 471 221
v 10289 479 230
v 10290 161 78
v 10291 123 57
v 10292 95 39
v 10293 329 161
v 10294 596 288
v 10295 374 149
v 10296 134 63
v 10297 82 37
v 10298 102 54
v 10299 134 64
v 10300 277 131
v 10301 56 31
v 10302 399 170
v 10303 133 68
v 10304 169 95
v 10305 30 18
v 10306 20 13
v 10307 203 94
v 10308 184 84
v 10309 267 136
v 10310 188 91
v 10311 598 268
v 10312 120 55
v 10313 67 32
v 10314 658 285
v 10315 277 138
v 10316 558 241
v 10317 68 35
v 10318 159 70
v 10319 71 34
v 10320 101 45
v 10321 88 45
v 10322 38 18
v 10323 59 28
v 10324 283 157
v 10325 389 217
v 10326 971 468
v 10327 438 219
v 10328 378 169
v 10329 30 15
v 10330 163 81
v 10331 155 75
v 10332 70 34
v 10333 656 305
v 10334 33 19
v 10335 48 23
v 10336 201 94
v 10337 391 181
v 10338 194 106
v 10339 64 34
v 10340 306 150
v 10341 341 159
v 10342 118 51
v 10343 53 20
v 10344 573 237
v 10345 381 173
v 10346 360 173
v 10347 254 93
v 10348 173 90
v 10349 229 117
v 10350 257 114
v 10351 225 103
v 10352 352 174
v 10353 143 66
v 10354 134 63
v 10359 325 143
v 10360 204 94
v 10361 247 107
v 10363 459 229
v 10366 250 119
v 10368 419 212
v 10369 160 76
v 10371 262 117
v 10375 448 206
v 10376 203 93
v 10377 135 66
v 10378 78 42
v 10385 155 71
v 10395 135 63
v 10538 492 233
v 10539 255 135
v 10540 294 138
v 10541 234 124
v 10542 237 147
v 10543 287 133
v 10544 749 381
v 10545 921 467
v 10546 230 133
v 10547 239 132
v 10548 118 54
v 10549 563 313
v 10550 1084 530
v 10551 624 329
v 10552 186 90
v 10553 133 55
v 10554 153 84
v 10555 240 123
v 10556 490 233
v 10557 77 41
v 10558 706 296
v 10559 299 165
v 10560 282 164
v 10561 55 29
v 10562 19 8
v 10563 416 195
v 10564 307 161
v 10565 433 210
v 10566 413 203
v 10567 1156 576
v 10568 215 120
v 10569 87 49
v 10570 1175 596
v 10571 390 204
v 10572 923 430
v 10573 86 39
v 10574 256 128
v 10575 125 55
v 10576 188 88
v 10577 128 63
v 10578 90 38
v 10579 94 52
v 10580 482 241
v 10581 641 372
v 10582 1346 649
v 10583 553 268
v 10584 702 335
v 10585 43 23
v 10586 305 149
v 10587 233 121
v 10588 148 68
v 10589 1066 517
v 10590 49 20
v 10591 92 48
v 10592 273 118
v 10593 703 378
v 10594 353 209
v 10595 107 63
v 10596 596 300
v 10597 463 228
v 10598 131 61
v 10599 71 42
v 10600 565 252
v 10601 678 353
v 10602 688 337
v 10603 457 246
v 10604 284 159
v 10605 425 250
v 10606 349 152
v 10607 262 119
v 10608 488 234
v 10609 202 92
v 10610 289 146
v 10615 551 293
v 10616 370 211
v 10617 400 191
v 10619 786 420
v 10622 445 226
v 10624 811 438
v 10625 359 200
v 10627 383 202
v 10631 768 409
v 10632 321 162
v 10633 262 141
v 10634 150 75
v 10641 227 122
v 10651 171 99
v 10795 355 191
v 10796 339 182
v 10797 254 126
v 10798 268 152
v 10799 327 161
v 10800 1011 537
v 10801 1144 576
v 10802 264 137
v 10803 262 137
v 10804 183 90
v 10805 610 355
v 10806 1106 564
v 10807 590 279
v 10808 280 150
v 10809 104 42
v 10810 176 96
v 10811 251 148
v 10812 820 447
v 10813 107 55
v 10814 749 340
v 10815 205 117
v 10816 278 151
v 10817 63 32
v 10818 19 13
v 10819 501 249
v 10820 483 272
v 10821 937 504
v 10822 374 207
v 10823 1304 660
v 10824 205 98
v 10825 126 71
v 10826 1257 617
v 10827 613 342
v 10828 1090 546
v 10829 93 33
v 10830 262 119
v 10831 152 78
v 10832 209 108
v 10833 168 82
v 10834 116 41
v 10835 109 63
v 10836 584 309
v 10837 633 304
v 10838 1772 928
v 10839 889 473
v 10840 828 416
v 10841 50 15
v 10842 303 128
v 10843 227 104
v 10844 127 59
v 10845 1102 551
v 10846 95 58
v 10847 94 52
v 10848 371 213
v 10849 840 439
v 10850 409 226
v 10851 127 79
v 10852 518 269
v 10853 856 462
v 10854 142 75
v 10855 94 57
v 10856 988 534
v 10857 847 426
v 10858 782 398
v 10859 528 260
v 10860 368 201
v 10861 443 241
v 10862 400 196
v 10863 359 191
v 10864 592 276
v 10865 238 122
v 10866 347 179
v 10871 678 341
v 10872 436 236
v 10873 577 280
v 10875 852 467
v 10878 379 221
v 10880 786 410
v 10881 325 181
v 10883 486 273
v 10887 884 441
v 10888 355 170
v 10889 293 148
v 10890 133 75
v 10897 301 183
v 10907 161 81
v 11052 249 116
v 11053 191 89
v 11054 207 106
v 11055 264 122
v 11056 788 396
v 11057 908 414
v 11058 259 130
v 11059 208 109
v 11060 158 78
v 11061 433 242
v 11062 759 401
v 11063 484 231
v 11064 186 83
v 11065 91 41
v 11066 191 103
v 11067 225 117
v 11068 547 258
v 11069 75 39
v 11070 603 217
v 11071 156 73
v 11072 243 127
v 11073 54 26
v 11074 18 11
v 11075 383 179
v 11076 226 108
v 11077 494 250
v 11078 319 178
v 11079 841 371
v 11080 180 94
v 11081 91 44
v 11082 1058 457
v 11083 333 176
v 11084 870 402
v 11085 96 42
v 11086 245 110
v 11087 125 61
v 11088 180 83
v 11089 97 36
v 11090 71 35
v 11091 81 46
v 11092 413 213
v 11093 682 336
v 11094 1355 646
v 11095 625 302
v 11096 590 263
v 11097 44 17
v 11098 268 113
v 11099 200 101
v 11100 129 53
v 11101 686 347
v 11102 65 36
v 11103 84 46
v 11104 244 121
v 11105 563 274
v 11106 298 173
v 11107 110 54
v 11108 461 234
v 11109 454 224
v 11110 110 53
v 11111 52 26
v 11112 568 271
v 11113 620 314
v 11114 635 317
v 11115 365 196
v 11116 270 147
v 11117 452 209
v 11118 437 219
v 11119 329 175
v 11120 518 254
v 11121 205 94
v 11122 237 126
v 11127 501 252
v 11128 321 175
v 11129 441 230
v 11131 646 321
v 11134 312 166
v 11136 626 304
v 11137 250 126
v 11139 386 215
v 11143 617 301
v 11144 295 136
v 11145 233 117
v 11146 142 77
v 11153 231 122
v 11163 136 68
v 11309 160 81
v 11310 263 131
v 11311 293 145
v 11312 918 427
v 11313 983 438
v 11314 275 123
v 11315 217 107
v 11316 149 56
v 11317 537 318
v 11318 932 441
v 11319 521 258
v 11320 198 98
v 11321 86 41
v 11322 152 79
v 11323 190 123
v 11324 589 269
v 11325 96 47
v 11326 622 257
v 11327 201 97
v 11328 297 149
v 11329 48 26
v 11330 33 18
v 11331 416 210
v 11332 373 189
v 11333 363 180
v 11334 341 178
v 11335 944 416
v 11336 203 106
v 11337 95 51
v 11338 1229 592
v 11339 389 187
v 11340 804 379
v 11341 113 49
v 11342 239 117
v 11343 139 70
v 11344 196 98
v 11345 124 55
v 11346 82 34
v 11347 97 50
v 11348 468 216
v 11349 641 337
v 11350 1609 800
v 11351 688 324
v 11352 475 202
v 11353 45 25
v 11354 303 136
v 11355 296 138
v 11356 120 68
v 11357 751 361
v 11358 71 35
v 11359 119 52
v 11360 247 125
v 11361 642 317
v 11362 307 174
v 11363 137 79
v 11364 469 229
v 11365 507 243
v 11366 118 54
v 11367 68 30
v 11368 539 234
v 11369 539 271
v 11370 597 277
v 11371 351 151
v 11372 268 149
v 11373 386 208
v 11374 324 135
v 11375 367 189
v 11376 553 271
v 11377 222 101
v 11378 271 153
v 11383 444 213
v 11384 352 170
v 11385 537 278
v 11387 688 337
v 11390 379 186
v 11392 716 360
v 11393 320 173
v 11395 481 252
v 11399 670 297
v 11400 277 129
v 11401 209 94
v 11402 112 61
v 11409 237 131
v 11419 144 60
v 11566 154 85
v 11567 198 103
v 11568 621 326
v 11569 665 335
v 11570 173 97
v 11571 157 78
v 11572 136 62
v 11573 333 201
v 11574 548 264
v 11575 348 171
v 11576 115 64
v 11577 84 46
v 11578 109 59
v 11579 130 60
v 11580 459 211
v 11581 61 34
v 11582 401 190
v 11583 170 87
v 11584 180 109
v 11585 32 15
v 11586 18 12
v 11587 207 117
v 11588 229 116
v 11589 377 192
v 11590 210 97
v 11591 594 274
v 11592 120 60
v 11593 50 28
v 11594 784 395
v 11595 254 123
v 11596 579 281
v 11597 57 31
v 11598 211 101
v 11599 76 40
v 11600 133 71
v 11601 87 43
v 11602 49 24
v 11603 59 25
v 11604 317 175
v 11605 460 252
v 11606 1050 570
v 11607 421 220
v 11608 418 202
v 11609 35 17
v 11610 204 102
v 11611 177 86
v 11612 88 32
v 11613 484 255
v 11614 54 22
v 11615 56 36
v 11616 194 109
v 11617 445 216
v 11618 173 101
v 11619 63 34
v 11620 279 146
v 11621 411 230
v 11622 73 42
v 11623 43 21
v 11624 309 166
v 11625 442 249
v 11626 437 245
v 11627 282 137
v 11628 187 112
v 11629 230 145
v 11630 301 152
v 11631 226 122
v 11632 414 241
v 11633 155 66
v 11634 153 88
v 11639 378 190
v 11640 204 118
v 11641 333 172
v 11643 474 250
v 11646 265 145
v 11648 456 262
v 11649 195 107
v 11651 293 169
v 11655 411 234
v 11656 174 88
v 11657 177 81
v 11658 296 149
v 11665 136 91
v 11675 138 65
v 11823 249 104
v 11824 864 374
v 11825 810 300
v 11826 242 120
v 11827 177 69
v 11828 127 51
v 11829 379 201
v 11830 718 313
v 11831 425 161
v 11832 171 79
v 11833 100 45
v 11834 111 53
v 11835 189 95
v 11836 482 232
v 11837 73 28
v 11838 516 184
v 11839 154 64
v 11840 189 91
v 11841 59 30
v 11842 27 13
v 11843 291 103
v 11844 366 157
v 11845 377 202
v 11846 322 164
v 11847 794 370
v 11848 163 76
v 11849 89 40
v 11850 979 423
v 11851 264 113
v 11852 779 339
v 11853 86 36
v 11854 203 72
v 11855 84 37
v 11856 155 79
v 11857 89 41
v 11858 82 36
v 11859 55 21
v 11860 344 166
v 11861 557 269
v 11862 1236 578
v 11863 571 251
v 11864 633 288
v 11865 23 14
v 11866 294 131
v 11867 261 128
v 11868 127 55
v 11869 674 287
v 11870 68 30
v 11871 83 38
v 11872 257 111
v 11873 560 257
v 11874 354 190
v 11875 93 49
v 11876 450 210
v 11877 511 236
v 11878 92 37
v 11879 65 29
v 11880 545 266
v 11881 938 430
v 11882 659 277
v 11883 347 139
v 11884 181 84
v 11885 452 205
v 11886 276 135
v 11887 301 142
v 11888 541 236
v 11889 201 93
v 11890 185 84
v 11895 370 153
v 11896 303 159
v 11897 449 186
v 11899 595 283
v 11902 321 151
v 11904 590 294
v 11905 241 111
v 11907 367 156
v 11911 621 258
v 11912 276 127
v 11913 204 114
v 11914 115 63
v 11921 177 82
v 11931 125 58
v 12080 840 408
v 12081 1113 585
v 12082 264 126
v 12083 217 104
v 12084 187 86
v 12085 553 274
v 12086 750 366
v 12087 541 216
v 12088 233 96
v 12089 120 53
v 12090 228 119
v 12091 459 290
v 12092 584 290
v 12093 78 38
v 12094 738 325
v 12095 214 109
v 12096 237 138
v 12097 52 26
v 12098 21 10
v 12099 406 201
v 12100 334 183
v 12101 507 273
v 12102 300 159
v 12103 977 483
v 12104 206 116
v 12105 80 44
v 12106 985 434
v 12107 421 229
v 12108 1067 480
v 12109 100 42
v 12110 231 103
v 12111 120 57
v 12112 203 91
v 12113 127 65
v 12114 81 35
v 12115 84 48
v 12116 433 228
v 12117 651 321
v 12118 1387 647
v 12119 625 308
v 12120 656 323
v 12121 54 28
v 12122 290 144
v 12123 265 133
v 12124 127 59
v 12125 826 407
v 12126 61 31
v 12127 76 40
v 12128 256 135
v 12129 579 261
v 12130 384 201
v 12131 135 85
v 12132 382 181
v 12133 503 236
v 12134 111 53
v 12135 66 34
v 12136 550 252
v 12137 642 304
v 12138 620 322
v 12139 397 184
v 12140 271 139
v 12141 418 226
v 12142 436 204
v 12143 271 121
v 12144 617 296
v 12145 204 88
v 12146 306 160
v 12151 525 263
v 12152 288 130
v 12153 450 213
v 12155 699 341
v 12158 326 163
v 12160 674 350
v 12161 276 134
v 12163 431 212
v 12167 694 340
v 12168 272 129
v 12169 213 99
v 12170 121 65
v 12177 265 139
v 12187 149 75
v 12337 3217 1492
v 12338 944 442
v 12339 592 273
v 12340 528 245
v 12341 1387 742
v 12342 2888 1352
v 12343 1602 731
v 12344 670 301
v 12345 427 192
v 12346 455 248
v 12347 699 402
v 12348 1853 888
v 12349 346 161
v 12350 2109 893
v 12351 618 312
v 12352 732 377
v 12353 177 93
v 12354 95 48
v 12355 1129 511
v 12356 888 440
v 12357 1366 731
v 12358 1157 559
v 12359 2980 1372
v 12360 581 315
v 12361 288 161
v 12362 3671 1725
v 12363 1046 499
v 12364 2639 1195
v 12365 382 189
v 12366 898 392
v 12367 365 215
v 12368 659 340
v 12369 425 223
v 12370 275 123
v 12371 338 191
v 12372 1281 657
v 12373 2104 1167
v 12374 4396 2160
v 12375 2077 1022
v 12376 1628 738
v 12377 164 92
v 12378 874 419
v 12379 987 457
v 12380 452 197
v 12381 2827 1398
v 12382 214 114
v 12383 255 124
v 12384 772 405
v 12385 2033 1044
v 12386 1074 593
v 12387 323 184
v 12388 1587 799
v 12389 1406 709
v 12390 340 151
v 12391 201 93
v 12392 1647 790
v 12393 2172 1087
v 12394 2033 1004
v 12395 1322 641
v 12396 708 360
v 12397 1762 901
v 12398 1266 603
v 12399 1033 480
v 12400 2335 1127
v 12401 779 379
v 12402 812 415
v 12407 1571 771
v 12408 1073 576
v 12409 1564 801
v 12411 2414 1241
v 12414 1083 542
v 12416 2134 1071
v 12417 840 432
v 12419 1564 815
v 12423 2323 1079
v 12424 969 482
v 12425 769 354
v 12426 445 238
v 12433 877 482
v 12443 506 263
v 12594 982 490
v 12595 728 380
v 12596 656 303
v 12597 1529 836
v 12598 3112 1567
v 12599 2107 1061
v 12600 761 381
v 12601 421 202
v 12602 541 278
v 12603 912 472
v 12604 2388 1242
v 12605 336 189
v 12606 2454 1124
v 12607 660 388
v 12608 837 477
v 12609 232 117
v 12610 116 63
v 12611 1328 618
v 12612 904 500
v 12613 1785 969
v 12614 1290 677
v 12615 3306 1618
v 12616 632 376
v 12617 261 151
v 12618 4219 2159
v 12619 1287 675
v 12620 3413 1599
v 12621 461 243
v 12622 1004 482
v 12623 450 238
v 12624 684 355
v 12625 426 239
v 12626 303 150
v 12627 344 179
v 12628 1519 785
v 12629 2132 1196
v 12630 4999 2642
v 12631 2428 1269
v 12632 2399 1174
v 12633 172 99
v 12634 1146 550
v 12635 1077 532
v 12636 560 280
v 12637 3210 1558
v 12638 219 118
v 12639 250 116
v 12640 1026 543
v 12641 2256 1192
v 12642 1627 867
v 12643 380 216
v 12644 1700 936
v 12645 1757 918
v 12646 360 177
v 12647 235 115
v 12648 2108 1084
v 12649 2611 1324
v 12650 2471 1267
v 12651 1503 740
v 12652 903 489
v 12653 1691 1019
v 12654 1440 705
v 12655 1136 575
v 12656 2465 1222
v 12657 887 433
v 12658 869 492
v 12663 2055 1080
v 12664 1259 712
v 12665 1848 936
v 12667 2736 1507
v 12670 1275 691
v 12672 2287 1186
v 12673 959 558
v 12675 1709 936
v 12679 2706 1423
v 12680 1136 610
v 12681 972 504
v 12682 470 261
v 12689 939 529
v 12699 616 305
v 12851 207 111
v 12852 200 103
v 12853 379 202
v 12854 690 378
v 12855 499 248
v 12856 183 95
v 12857 143 68
v 12858 133 70
v 12859 216 129
v 12860 605 303
v 12861 104 52
v 12862 626 301
v 12863 184 95
v 12864 242 125
v 12865 51 25
v 12866 38 24
v 12867 371 187
v 12868 347 186
v 12869 410 206
v 12870 308 156
v 12871 863 433
v 12872 178 104
v 12873 65 39
v 12874 1061 535
v 12875 362 180
v 12876 874 427
v 12877 101 47
v 12878 249 129
v 12879 121 60
v 12880 187 99
v 12881 113 53
v 12882 87 39
v 12883 105 62
v 12884 456 247
v 12885 643 339
v 12886 1347 701
v 12887 622 309
v 12888 522 267
v 12889 47 24
v 12890 351 156
v 12891 336 168
v 12892 98 45
v 12893 880 434
v 12894 66 46
v 12895 77 36
v 12896 194 110
v 12897 565 302
v 12898 257 146
v 12899 97 49
v 12900 456 251
v 12901 417 222
v 12902 105 52
v 12903 68 36
v 12904 286 154
v 12905 757 422
v 12906 581 315
v 12907 390 193
v 12908 189 105
v 12909 502 281
v 12910 411 218
v 12911 352 188
v 12912 676 362
v 12913 235 129
v 12914 241 137
v 12919 547 284
v 12920 282 141
v 12921 544 276
v 12923 755 414
v 12926 338 178
v 12928 585 326
v 12929 227 133
v 12931 539 300
v 12935 587 317
v 12936 304 163
v 12937 238 120
v 12938 94 51
v 12945 271 148
v 12955 214 107
v 13108 125 55
v 13109 359 186
v 13110 640 285
v 13111 382 175
v 13112 147 82
v 13113 90 38
v 13114 132 66
v 13115 192 105
v 13116 385 182
v 13117 57 22
v 13118 505 215
v 13119 158 86
v 13120 205 112
v 13121 38 18
v 13122 22 6
v 13123 246 120
v 13124 216 107
v 13125 379 178
v 13126 270 126
v 13127 724 361
v 13128 150 86
v 13129 74 37
v 13130 864 409
v 13131 242 126
v 13132 678 299
v 13133 99 44
v 13134 194 85
v 13135 88 47
v 13136 128 70
v 13137 93 54
v 13138 63 29
v 13139 72 37
v 13140 324 165
v 13141 485 239
v 13142 1055 557
v 13143 450 241
v 13144 437 204
v 13145 45 19
v 13146 268 104
v 13147 172 85
v 13148 96 40
v 13149 531 268
v 13150 38 24
v 13151 56 27
v 13152 179 94
v 13153 421 213
v 13154 293 155
v 13155 77 35
v 13156 383 210
v 13157 357 165
v 13158 77 39
v 13159 60 39
v 13160 395 202
v 13161 535 250
v 13162 528 266
v 13163 317 149
v 13164 215 126
v 13165 333 145
v 13166 293 139
v 13167 218 99
v 13168 481 220
v 13169 145 70
v 13170 180 108
v 13175 431 221
v 13176 235 126
v 13177 371 175
v 13179 569 295
v 13182 289 150
v 13184 471 238
v 13185 213 110
v 13187 340 169
v 13191 493 246
v 13192 206 116
v 13193 132 69
v 13194 114 67
v 13201 180 101
v 13211 108 61
v 13365 254 127
v 13366 460 237
v 13367 365 203
v 13368 131 59
v 13369 78 30
v 13370 99 60
v 13371 126 69
v 13372 361 187
v 13373 67 31
v 13374 471 203
v 13375 114 61
v 13376 152 79
v 13377 27 16
v 13378 14 9
v 13379 211 114
v 13380 192 103
v 13381 336 185
v 13382 195 94
v 13383 535 275
v 13384 115 56
v 13385 52 26
v 13386 668 340
v 13387 228 127
v 13388 544 268
v 13389 87 49
v 13390 165 80
v 13391 76 46
v 13392 142 80
v 13393 82 51
v 13394 69 37
v 13395 59 34
v 13396 247 131
v 13397 347 181
v 13398 807 415
v 13399 394 189
v 13400 283 124
v 13401 28 15
v 13402 181 90
v 13403 157 79
v 13404 73 34
v 13405 657 400
v 13406 35 24
v 13407 35 20
v 13408 151 87
v 13409 362 201
v 13410 231 126
v 13411 71 34
v 13412 306 184
v 13413 299 156
v 13414 70 40
v 13415 42 23
v 13416 344 180
v 13417 475 266
v 13418 464 246
v 13419 277 147
v 13420 178 106
v 13421 264 151
v 13422 212 108
v 13423 175 91
v 13424 474 255
v 13425 136 81
v 13426 153 80
v 13431 475 271
v 13432 229 140
v 13433 342 180
v 13435 486 277
v 13438 201 106
v 13440 406 222
v 13441 182 108
v 13443 293 160
v 13447 431 215
v 13448 193 107
v 13449 165 91
v 13450 80 45
v 13457 194 114
v 13467 117 69
v 13622 1263 602
v 13623 845 359
v 13624 331 133
v 13625 186 72
v 13626 270 111
v 13627 424 212
v 13628 855 372
v 13629 128 49
v 13630 1172 462
v 13631 305 137
v 13632 452 229
v 13633 98 48
v 13634 42 23
v 13635 723 285
v 13636 522 259
v 13637 778 380
v 13638 601 272
v 13639 1223 527
v 13640 353 173
v 13641 141 66
v 13642 1908 834
v 13643 630 306
v 13644 1504 668
v 13645 168 52
v 13646 422 162
v 13647 225 103
v 13648 362 191
v 13649 197 86
v 13650 140 73
v 13651 163 73
v 13652 765 376
v 13653 1103 491
v 13654 2596 1193
v 13655 1107 496
v 13656 1008 424
v 13657 59 30
v 13658 473 203
v 13659 362 159
v 13660 192 81
v 13661 1376 583
v 13662 102 52
v 13663 132 63
v 13664 441 222
v 13665 1088 502
v 13666 648 314
v 13667 190 92
v 13668 857 385
v 13669 845 401
v 13670 177 69
v 13671 105 43
v 13672 953 400
v 13673 1082 471
v 13674 1165 512
v 13675 720 299
v 13676 481 234
v 13677 737 310
v 13678 680 306
v 13679 493 205
v 13680 931 421
v 13681 319 142
v 13682 514 252
v 13687 945 404
v 13688 564 272
v 13689 729 328
v 13691 1229 578
v 13694 668 307
v 13696 1131 517
v 13697 475 228
v 13699 685 327
v 13703 1239 495
v 13704 435 187
v 13705 372 167
v 13706 212 92
v 13713 438 207
v 13723 277 129
v 13879 1509 723
v 13880 637 296
v 13881 301 119
v 13882 453 234
v 13883 636 316
v 13884 1509 690
v 13885 210 98
v 13886 1779 787
v 13887 508 268
v 13888 861 459
v 13889 145 68
v 13890 56 29
v 13891 1318 680
v 13892 705 380
v 13893 1222 588
v 13894 1207 583
v 13895 2389 1104
v 13896 596 345
v 13897 246 151
v 13898 3604 1894
v 13899 1019 521
v 13900 2552 1163
v 13901 265 118
v 13902 718 360
v 13903 351 191
v 13904 605 306
v 13905 338 182
v 13906 238 113
v 13907 284 152
v 13908 1433 744
v 13909 1885 1037
v 13910 3895 1943
v 13911 2174 1082
v 13912 1906 913
v 13913 128 62
v 13914 853 418
v 13915 803 414
v 13916 339 145
v 13917 2729 1339
v 13918 259 115
v 13919 313 142
v 13920 1058 614
v 13921 1800 891
v 13922 951 516
v 13923 295 169
v 13924 1302 665
v 13925 1442 725
v 13926 325 164
v 13927 231 121
v 13928 1795 932
v 13929 2866 1571
v 13930 1749 916
v 13931 1385 708
v 13932 1026 629
v 13933 1414 777
v 13934 1558 773
v 13935 813 380
v 13936 1498 734
v 13937 644 315
v 13938 775 413
v 13943 1852 958
v 13944 1024 510
v 13945 1304 633
v 13947 2147 1129
v 13950 1065 541
v 13952 2047 1146
v 13953 980 575
v 13955 1208 631
v 13959 2168 1098
v 13960 903 438
v 13961 770 416
v 13962 366 209
v 13969 770 423
v 13979 479 241
v 14136 518 259
v 14137 236 114
v 14138 287 160
v 14139 473 300
v 14140 1178 580
v 14141 140 82
v 14142 1208 562
v 14143 354 179
v 14144 478 261
v 14145 120 60
v 14146 49 28
v 14147 580 286
v 14148 572 290
v 14149 1015 524
v 14150 645 327
v 14151 1594 783
v 14152 383 203
v 14153 154 90
v 14154 2055 1031
v 14155 688 353
v 14156 1685 839
v 14157 193 94
v 14158 558 269
v 14159 209 123
v 14160 390 194
v 14161 220 118
v 14162 179 86
v 14163 194 114
v 14164 843 457
v 14165 1347 761
v 14166 2902 1403
v 14167 1173 588
v 14168 1077 497
v 14169 64 39
v 14170 580 277
v 14171 521 230
v 14172 270 143
v 14173 1545 795
v 14174 73 41
v 14175 202 105
v 14176 499 250
v 14177 1166 617
v 14178 732 370
v 14179 192 116
v 14180 949 525
v 14181 906 477
v 14182 225 120
v 14183 131 65
v 14184 1146 553
v 14185 1379 685
v 14186 1472 715
v 14187 818 413
v 14188 629 373
v 14189 728 435
v 14190 797 408
v 14191 440 189
v 14192 1425 715
v 14193 425 234
v 14194 486 254
v 14199 1214 622
v 14200 660 382
v 14201 877 450
v 14203 1595 859
v 14206 748 403
v 14208 1197 624
v 14209 536 303
v 14211 923 488
v 14215 1487 747
v 14216 548 277
v 14217 463 239
v 14218 237 126
v 14225 504 283
v 14235 387 205
v 14393 70 33
v 14394 151 82
v 14395 159 79
v 14396 372 182
v 14397 63 36
v 14398 332 127
v 14399 148 82
v 14400 210 120
v 14401 43 21
v 14402 17 9
v 14403 311 142
v 14404 259 154
v 14405 396 213
v 14406 243 131
v 14407 571 281
v 14408 119 60
v 14409 60 35
v 14410 850 436
v 14411 283 144
v 14412 696 361
v 14413 79 33
v 14414 157 91
v 14415 84 43
v 14416 146 82
v 14417 79 43
v 14418 46 23
v 14419 66 41
v 14420 327 181
v 14421 526 305
v 14422 1031 535
v 14423 499 273
v 14424 499 257
v 14425 34 14
v 14426 227 118
v 14427 203 116
v 14428 114 52
v 14429 596 284
v 14430 53 31
v 14431 62 33
v 14432 197 106
v 14433 415 213
v 14434 244 133
v 14435 80 46
v 14436 268 140
v 14437 396 208
v 14438 78 37
v 14439 62 25
v 14440 388 200
v 14441 490 243
v 14442 479 238
v 14443 318 160
v 14444 189 109
v 14445 321 148
v 14446 364 193
v 14447 247 129
v 14448 386 174
v 14449 155 81
v 14450 203 118
v 14455 363 190
v 14456 244 143
v 14457 389 205
v 14459 524 275
v 14462 287 150
v 14464 466 268
v 14465 165 85
v 14467 306 164
v 14471 494 242
v 14472 197 102
v 14473 148 75
v 14474 84 46
v 14481 195 104
v 14491 132 73
v 14650 58 34
v 14651 136 78
v 14652 211 104
v 14653 37 17
v 14654 279 125
v 14655 80 52
v 14656 118 70
v 14657 30 16
v 14658 14 6
v 14659 171 95
v 14660 124 56
v 14661 213 120
v 14662 150 72
v 14663 351 162
v 14664 77 47
v 14665 40 25
v 14666 534 283
v 14667 169 96
v 14668 389 193
v 14669 33 16
v 14670 106 48
v 14671 56 34
v 14672 100 46
v 14673 38 21
v 14674 43 15
v 14675 47 23
v 14676 196 100
v 14677 268 143
v 14678 589 304
v 14679 318 179
v 14680 244 140
v 14681 24 18
v 14682 134 62
v 14683 132 65
v 14684 71 36
v 14685 372 204
v 14686 22 16
v 14687 37 23
v 14688 143 77
v 14689 277 144
v 14690 180 111
v 14691 54 32
v 14692 210 113
v 14693 208 114
v 14694 52 34
v 14695 34 21
v 14696 200 114
v 14697 321 170
v 14698 222 122
v 14699 173 94
v 14700 89 52
v 14701 175 96
v 14702 175 86
v 14703 143 79
v 14704 304 156
v 14705 105 51
v 14706 98 45
v 14711 222 122
v 14712 123 69
v 14713 239 117
v 14715 315 169
v 14718 145 81
v 14720 293 161
v 14721 116 73
v 14723 190 97
v 14727 321 182
v 14728 114 55
v 14729 122 69
v 14730 117 63
v 14737 112 63
v 14747 66 36
v 14907 129 69
v 14908 264 133
v 14909 39 19
v 14910 401 164
v 14911 120 67
v 14912 137 77
v 14913 34 18
v 14914 25 13
v 14915 127 70
v 14916 144 69
v 14917 336 174
v 14918 223 105
v 14919 509 246
v 14920 132 67
v 14921 58 25
v 14922 580 289
v 14923 199 116
v 14924 489 213
v 14925 42 20
v 14926 138 67
v 14927 57 28
v 14928 103 48
v 14929 65 28
v 14930 58 23
v 14931 49 26
v 14932 244 133
v 14933 347 182
v 14934 803 399
v 14935 360 160
v 14936 335 146
v 14937 18 6
v 14938 175 86
v 14939 152 67
v 14940 59 26
v 14941 449 214
v 14942 34 18
v 14943 46 17
v 14944 158 82
v 14945 305 155
v 14946 220 116
v 14947 63 34
v 14948 246 114
v 14949 301 139
v 14950 49 20
v 14951 35 13
v 14952 305 149
v 14953 335 142
v 14954 334 172
v 14955 267 118
v 14956 155 79
v 14957 217 118
v 14958 245 115
v 14959 164 87
v 14960 324 150
v 14961 108 41
v 14962 159 79
v 14967 328 146
v 14968 237 123
v 14969 261 127
v 14971 445 219
v 14974 196 81
v 14976 341 161
v 14977 125 66
v 14979 230 109
v 14983 412 190
v 14984 162 68
v 14985 179 76
v 14986 55 28
v 14993 153 75
v 15003 104 52
v 15164 482 248
v 15165 71 41
v 15166 604 244
v 15167 165 82
v 15168 202 114
v 15169 50 26
v 15170 25 14
v 15171 264 108
v 15172 128 54
v 15173 283 117
v 15174 301 146
v 15175 727 298
v 15176 159 94
v 15177 79 42
v 15178 792 342
v 15179 343 170
v 15180 841 394
v 15181 80 37
v 15182 242 112
v 15183 77 36
v 15184 190 93
v 15185 85 39
v 15186 70 29
v 15187 105 53
v 15188 428 216
v 15189 497 248
v 15190 1285 593
v 15191 531 261
v 15192 415 195
v 15193 40 19
v 15194 261 127
v 15195 268 118
v 15196 101 36
v 15197 630 292
v 15198 58 24
v 15199 72 36
v 15200 220 118
v 15201 480 228
v 15202 261 130
v 15203 83 42
v 15204 360 141
v 15205 401 201
v 15206 90 42
v 15207 47 26
v 15208 370 147
v 15209 603 275
v 15210 605 315
v 15211 349 172
v 15212 241 139
v 15213 387 158
v 15214 334 172
v 15215 267 108
v 15216 526 231
v 15217 144 56
v 15218 211 108
v 15223 444 214
v 15224 266 144
v 15225 388 172
v 15227 476 255
v 15230 305 139
v 15232 507 254
v 15233 235 124
v 15235 338 164
v 15239 556 260
v 15240 225 101
v 15241 169 97
v 15242 117 50
v 15249 188 101
v 15259 134 67
v 15421 214 89
v 15422 998 410
v 15423 385 203
v 15424 470 276
v 15425 115 50
v 15426 37 19
v 15427 830 423
v 15428 746 409
v 15429 986 549
v 15430 652 345
v 15431 1390 662
v 15432 321 192
v 15433 167 90
v 15434 2153 1093
v 15435 879 478
v 15436 1745 886
v 15437 259 114
v 15438 558 291
v 15439 270 148
v 15440 360 175
v 15441 265 125
v 15442 148 67
v 15443 161 85
v 15444 771 388
v 15445 1183 675
v 15446 3172 1751
v 15447 1319 640
v 15448 1307 659
v 15449 153 80
v 15450 614 309
v 15451 518 245
v 15452 225 107
v 15453 1476 755
v 15454 155 91
v 15455 239 117
v 15456 605 333
v 15457 1307 713
v 15458 686 391
v 15459 225 128
v 15460 841 422
v 15461 1181 647
v 15462 181 84
v 15463 117 60
v 15464 1248 657
v 15465 1312 670
v 15466 1209 647
v 15467 827 418
v 15468 566 332
v 15469 1045 546
v 15470 727 352
v 15471 992 526
v 15472 1507 766
v 15473 422 192
v 15474 569 333
v 15479 1071 543
v 15480 733 418
v 15481 1086 585
v 15483 1440 781
v 15486 675 372
v 15488 1272 671
v 15489 587 313
v 15491 953 505
v 15495 1547 756
v 15496 559 299
v 15497 525 263
v 15498 213 120
v 15505 525 291
v 15515 339 183
v 15678 208 90
v 15679 62 35
v 15680 64 35
v 15681 9 5
v 15682 9 3
v 15683 114 45
v 15684 91 43
v 15685 146 84
v 15686 112 47
v 15687 228 106
v 15688 55 33
v 15689 34 18
v 15690 434 236
v 15691 132 63
v 15692 259 120
v 15693 43 21
v 15694 74 32
v 15695 51 31
v 15696 48 26
v 15697 31 16
v 15698 32 5
v 15699 35 20
v 15700 144 83
v 15701 245 132
v 15702 434 234
v 15703 176 84
v 15704 165 73
v 15705 14 6
v 15706 101 54
v 15707 113 55
v 15708 47 17
v 15709 232 111
v 15710 22 10
v 15711 19 10
v 15712 70 37
v 15713 179 88
v 15714 110 55
v 15715 29 15
v 15716 155 75
v 15717 149 78
v 15718 36 18
v 15719 17 10
v 15720 178 92
v 15721 215 85
v 15722 165 85
v 15723 101 42
v 15724 55 34
v 15725 148 88
v 15726 124 51
v 15727 130 70
v 15728 162 67
v 15729 120 73
v 15730 69 30
v 15735 150 68
v 15736 91 54
v 15737 170 86
v 15739 222 118
v 15742 86 39
v 15744 195 91
v 15745 60 30
v 15747 159 77
v 15751 196 106
v 15752 121 62
v 15753 93 47
v 15754 42 23
v 15761 91 47
v 15771 47 24
v 15935 389 222
v 15936 631 378
v 15937 146 89
v 15938 64 38
v 15939 765 415
v 15940 665 390
v 15941 1223 676
v 15942 784 436
v 15943 2430 1228
v 15944 489 303
v 15945 225 137
v 15946 2652 1435
v 15947 823 485
v 15948 2229 1183
v 15949 228 127
v 15950 621 349
v 15951 228 144
v 15952 455 258
v 15953 312 169
v 15954 222 105
v 15955 238 136
v 15956 1106 632
v 15957 1572 948
v 15958 3580 1994
v 15959 1544 814
v 15960 1485 793
v 15961 151 89
v 15962 704 366
v 15963 670 346
v 15964 319 167
v 15965 2510 1337
v 15966 151 90
v 15967 297 140
v 15968 586 339
v 15969 1462 774
v 15970 751 478
v 15971 253 147
v 15972 1151 587
v 15973 1148 668
v 15974 305 178
v 15975 182 100
v 15976 1413 751
v 15977 1798 991
v 15978 1601 925
v 15979 1070 564
v 15980 635 393
v 15981 1199 688
v 15982 1027 563
v 15983 777 421
v 15984 1568 842
v 15985 494 275
v 15986 640 363
v 15991 1399 803
v 15992 792 463
v 15993 1132 625
v 15995 1933 1130
v 15998 875 483
v 16000 1580 908
v 16001 608 371
v 16003 1061 623
v 16007 1615 835
v 16008 746 403
v 16009 646 342
v 16010 286 178
v 16017 654 392
v 16027 550 301
v 16192 161 82
v 16193 42 21
v 16194 20 7
v 16195 229 113
v 16196 234 133
v 16197 308 160
v 16198 232 122
v 16199 623 286
v 16200 129 69
v 16201 56 28
v 16202 807 403
v 16203 232 108
v 16204 562 260
v 16205 75 36
v 16206 191 90
v 16207 86 44
v 16208 130 69
v 16209 86 44
v 16210 64 28
v 16211 76 37
v 16212 304 158
v 16213 515 264
v 16214 902 392
v 16215 384 188
v 16216 364 173
v 16217 25 9
v 16218 190 90
v 16219 172 78
v 16220 87 35
v 16221 568 258
v 16222 61 35
v 16223 65 38
v 16224 168 84
v 16225 422 189
v 16226 176 100
v 16227 61 34
v 16228 362 165
v 16229 309 140
v 16230 100 46
v 16231 42 18
v 16232 411 197
v 16233 435 208
v 16234 429 206
v 16235 317 150
v 16236 211 104
v 16237 272 136
v 16238 322 152
v 16239 210 94
v 16240 406 211
v 16241 122 63
v 16242 184 94
v 16247 356 182
v 16248 192 105
v 16249 286 149
v 16251 457 238
v 16254 254 120
v 16256 470 217
v 16257 215 103
v 16259 292 149
v 16263 450 220
v 16264 213 112
v 16265 136 63
v 16266 75 35
v 16273 165 77
v 16283 94 45
v 16449 64 26
v 16450 21 11
v 16451 295 127
v 16452 271 121
v 16453 431 206
v 16454 329 147
v 16455 830 382
v 16456 189 108
v 16457 85 47
v 16458 1044 463
v 16459 340 169
v 16460 813 333
v 16461 75 40
v 16462 192 90
v 16463 129 81
v 16464 166 68
v 16465 113 57
v 16466 65 26
v 16467 105 53
v 16468 446 208
v 16469 649 321
v 16470 1398 625
v 16471 589 265
v 16472 506 221
v 16473 36 15
v 16474 258 126
v 16475 247 109
v 16476 109 50
v 16477 800 345
v 16478 70 39
v 16479 91 34
v 16480 273 138
v 16481 593 266
v 16482 278 143
v 16483 86 45
v 16484 477 219
v 16485 452 199
v 16486 127 57
v 16487 53 19
v 16488 697 286
v 16489 633 289
v 16490 617 296
v 16491 390 182
v 16492 272 135
v 16493 382 181
v 16494 362 181
v 16495 269 116
v 16496 532 249
v 16497 198 90
v 16498 246 117
v 16503 514 246
v 16504 304 157
v 16505 440 211
v 16507 714 363
v 16510 338 176
v 16512 664 324
v 16513 248 142
v 16515 413 182
v 16519 664 296
v 16520 283 135
v 16521 226 105
v 16522 127 57
v 16529 230 108
v 16539 172 84
v 16706 4 2
v 16707 62 29
v 16708 77 38
v 16709 89 43
v 16710 82 50
v 16711 185 85
v 16712 53 31
v 16713 15 7
v 16714 228 102
v 16715 68 34
v 16716 185 81
v 16717 25 11
v 16718 52 19
v 16719 26 14
v 16720 39 17
v 16721 23 9
v 16722 11 3
v 16723 20 10
v 16724 113 52
v 16725 133 68
v 16726 290 148
v 16727 125 56
v 16728 112 55
v 16729 15 8
v 16730 74 30
v 16731 77 42
v 16732 35 19
v 16733 203 98
v 16734 20 8
v 16735 19 10
v 16736 64 37
v 16737 136 76
v 16738 72 43
v 16739 28 12
v 16740 118 64
v 16741 65 29
v 16742 26 10
v 16743 16 10
v 16744 93 43
v 16745 143 73
v 16746 145 68
v 16747 77 37
v 16748 50 24
v 16749 98 43
v 16750 101 47
v 16751 38 16
v 16752 167 74
v 16753 37 16
v 16754 61 39
v 16759 115 60
v 16760 75 41
v 16761 87 31
v 16763 180 83
v 16766 74 41
v 16768 132 70
v 16769 58 30
v 16771 104 61
v 16775 153 67
v 16776 74 38
v 16777 40 21
v 16778 18 9
v 16785 60 29
v 16795 39 18
v 16963 20 12
v 16964 25 15
v 16965 46 25
v 16966 31 14
v 16967 102 48
v 16968 22 11
v 16969 3 2
v 16970 100 43
v 16971 29 15
v 16972 73 32
v 16973 9 5
v 16974 29 10
v 16975 14 7
v 16976 25 7
v 16977 10 3
v 16978 13 8
v 16979 13 6
v 16980 42 22
v 16981 59 28
v 16982 122 62
v 16983 48 27
v 16984 39 18
v 16985 5 2
v 16986 38 19
v 16987 31 13
v 16988 7 4
v 16989 76 31
v 16990 8 3
v 16991 10 5
v 16992 18 9
v 16993 62 29
v 16994 32 16
v 16995 15 5
v 16996 43 18
v 16997 39 21
v 16998 8 4
v 16999 7 0
v 17000 39 21
v 17001 81 32
v 17002 53 27
v 17003 44 18
v 17004 23 10
v 17005 53 28
v 17006 42 20
v 17007 35 19
v 17008 70 45
v 17009 16 11
v 17010 20 9
v 17015 50 20
v 17016 40 19
v 17017 45 18
v 17019 68 32
v 17022 29 12
v 17024 62 31
v 17025 20 13
v 17027 53 24
v 17031 71 39
v 17032 25 9
v 17033 24 13
v 17034 12 6
v 17041 31 15
v 17051 19 7
v 17220 533 303
v 17221 650 351
v 17222 475 255
v 17223 1280 605
v 17224 188 105
v 17225 119 69
v 17226 1230 566
v 17227 540 289
v 17228 1230 612
v 17229 125 66
v 17230 259 131
v 17231 153 85
v 17232 223 119
v 17233 131 59
v 17234 110 46
v 17235 131 70
v 17236 536 301
v 17237 612 287
v 17238 1954 1037
v 17239 929 467
v 17240 707 323
v 17241 53 22
v 17242 340 172
v 17243 252 127
v 17244 150 66
v 17245 1126 522
v 17246 88 39
v 17247 99 47
v 17248 360 198
v 17249 815 432
v 17250 486 254
v 17251 156 80
v 17252 573 290
v 17253 684 349
v 17254 112 57
v 17255 64 31
v 17256 805 409
v 17257 783 407
v 17258 892 411
v 17259 452 219
v 17260 318 172
v 17261 524 282
v 17262 387 187
v 17263 496 253
v 17264 1131 610
v 17265 344 174
v 17266 361 218
v 17271 673 354
v 17272 422 228
v 17273 739 397
v 17275 906 489
v 17278 451 224
v 17280 915 456
v 17281 377 230
v 17283 606 337
v 17287 892 441
v 17288 361 189
v 17289 299 134
v 17290 162 81
v 17297 319 176
v 17307 165 72
v 17477 518 264
v 17478 442 203
v 17479 939 434
v 17480 182 96
v 17481 71 39
v 17482 1167 546
v 17483 386 200
v 17484 985 443
v 17485 160 78
v 17486 299 151
v 17487 105 61
v 17488 208 113
v 17489 134 61
v 17490 84 40
v 17491 123 65
v 17492 519 278
v 17493 769 422
v 17494 1549 778
v 17495 678 331
v 17496 624 299
v 17497 40 16
v 17498 322 149
v 17499 422 214
v 17500 150 72
v 17501 514 260
v 17502 131 70
v 17503 75 39
v 17504 271 146
v 17505 712 367
v 17506 236 113
v 17507 81 42
v 17508 499 263
v 17509 492 229
v 17510 131 71
v 17511 52 24
v 17512 708 344
v 17513 734 345
v 17514 766 358
v 17515 406 182
v 17516 283 164
v 17517 517 281
v 17518 482 236
v 17519 424 192
v 17520 707 344
v 17521 261 106
v 17522 227 124
v 17527 543 260
v 17528 414 218
v 17529 500 248
v 17531 725 382
v 17534 413 191
v 17536 677 327
v 17537 340 180
v 17539 477 231
v 17543 674 323
v 17544 362 181
v 17545 303 149
v 17546 148 68
v 17553 255 136
v 17563 140 62
v 17734 530 255
v 17735 1542 716
v 17736 356 196
v 17737 134 72
v 17738 1872 866
v 17739 648 346
v 17740 1544 733
v 17741 191 85
v 17742 494 255
v 17743 208 120
v 17744 369 167
v 17745 225 101
v 17746 157 74
v 17747 147 95
v 17748 738 383
v 17749 1051 554
v 17750 1926 955
v 17751 1117 563
v 17752 1086 500
v 17753 84 43
v 17754 465 210
v 17755 613 298
v 17756 195 90
v 17757 1337 689
v 17758 300 150
v 17759 123 69
v 17760 574 292
v 17761 967 487
v 17762 604 341
v 17763 190 92
v 17764 705 327
v 17765 819 414
v 17766 215 105
v 17767 116 54
v 17768 983 458
v 17769 1081 527
v 17770 1087 538
v 17771 804 376
v 17772 481 262
v 17773 740 373
v 17774 702 321
v 17775 489 240
v 17776 1173 560
v 17777 365 164
v 17778 405 203
v 17783 960 465
v 17784 594 304
v 17785 718 364
v 17787 1289 688
v 17790 622 328
v 17792 1092 551
v 17793 500 277
v 17795 702 370
v 17799 1276 608
v 17800 500 234
v 17801 412 184
v 17802 211 113
v 17809 402 231
v 17819 348 191
v 17991 1288 628
v 17992 218 120
v 17993 133 85
v 17994 1424 710
v 17995 413 208
v 17996 1031 515
v 17997 131 61
v 17998 239 114
v 17999 141 77
v 18000 236 116
v 18001 155 83
v 18002 119 49
v 18003 140 79
v 18004 529 255
v 18005 930 460
v 18006 1833 931
v 18007 737 362
v 18008 783 391
v 18009 62 27
v 18010 380 191
v 18011 365 186
v 18012 131 62
v 18013 1056 526
v 18014 77 46
v 18015 154 69
v 18016 385 213
v 18017 1049 532
v 18018 537 304
v 18019 145 75
v 18020 688 331
v 18021 532 287
v 18022 140 74
v 18023 71 33
v 18024 788 376
v 18025 791 389
v 18026 763 383
v 18027 529 269
v 18028 389 222
v 18029 533 277
v 18030 812 378
v 18031 377 199
v 18032 647 307
v 18033 283 135
v 18034 364 198
v 18039 574 298
v 18040 428 219
v 18041 533 260
v 18043 795 403
v 18046 488 253
v 18048 942 510
v 18049 374 212
v 18051 568 314
v 18055 867 445
v 18056 416 213
v 18057 294 157
v 18058 168 84
v 18065 314 173
v 18075 220 113
v 18248 677 363
v 18249 289 164
v 18250 3768 1808
v 18251 1164 632
v 18252 3085 1463
v 18253 305 162
v 18254 825 415
v 18255 460 274
v 18256 605 346
v 18257 390 201
v 18258 306 154
v 18259 326 179
v 18260 1470 793
v 18261 2227 1246
v 18262 5076 2626
v 18263 2012 1002
v 18264 2042 1014
v 18265 158 84
v 18266 1002 484
v 18267 858 407
v 18268 396 188
v 18269 2844 1413
v 18270 244 137
v 18271 346 168
v 18272 857 464
v 18273 2128 1157
v 18274 1530 837
v 18275 296 175
v 18276 1628 861
v 18277 1633 913
v 18278 342 182
v 18279 191 99
v 18280 1730 913
v 18281 2380 1235
v 18282 2501 1250
v 18283 1410 719
v 18284 1416 763
v 18285 1436 774
v 18286 1373 672
v 18287 1018 520
v 18288 2102 1030
v 18289 646 340
v 18290 872 480
v 18295 1923 961
v 18296 1009 583
v 18297 1555 804
v 18299 2525 1402
v 18302 1331 710
v 18304 2076 1115
v 18305 1166 638
v 18307 1473 827
v 18311 2397 1239
v 18312 976 568
v 18313 760 422
v 18314 414 231
v 18321 802 456
v 18331 567 289
v 18505 50 24
v 18506 742 325
v 18507 240 110
v 18508 618 249
v 18509 72 31
v 18510 199 79
v 18511 82 39
v 18512 161 72
v 18513 83 35
v 18514 55 21
v 18515 72 34
v 18516 305 140
v 18517 518 253
v 18518 1027 467
v 18519 420 164
v 18520 413 183
v 18521 29 16
v 18522 188 82
v 18523 185 84
v 18524 78 31
v 18525 565 254
v 18526 48 28
v 18527 55 26
v 18528 171 76
v 18529 437 201
v 18530 186 95
v 18531 71 37
v 18532 356 170
v 18533 287 124
v 18534 85 35
v 18535 55 22
v 18536 369 154
v 18537 452 222
v 18538 423 203
v 18539 303 141
v 18540 198 95
v 18541 305 166
v 18542 263 123
v 18543 180 78
v 18544 494 242
v 18545 141 54
v 18546 194 94
v 18551 421 184
v 18552 246 127
v 18553 299 144
v 18555 521 253
v 18558 252 105
v 18560 459 224
v 18561 214 112
v 18563 337 155
v 18567 485 242
v 18568 194 91
v 18569 182 78
v 18570 102 60
v 18577 171 85
v 18587 115 54
v 18762 399 166
v 18763 116 54
v 18764 242 99
v 18765 40 21
v 18766 81 33
v 18767 26 10
v 18768 47 19
v 18769 40 23
v 18770 32 12
v 18771 34 13
v 18772 157 80
v 18773 206 97
v 18774 460 225
v 18775 217 93
v 18776 165 79
v 18777 10 5
v 18778 106 45
v 18779 60 33
v 18780 39 17
v 18781 314 131
v 18782 24 15
v 18783 25 14
v 18784 75 38
v 18785 211 111
v 18786 147 69
v 18787 37 16
v 18788 162 76
v 18789 152 71
v 18790 31 14
v 18791 22 9
v 18792 186 77
v 18793 211 88
v 18794 182 81
v 18795 111 49
v 18796 89 51
v 18797 129 67
v 18798 133 53
v 18799 91 40
v 18800 177 75
v 18801 75 31
v 18802 103 55
v 18807 160 58
v 18808 103 46
v 18809 142 57
v 18811 256 134
v 18814 113 50
v 18816 223 108
v 18817 87 40
v 18819 142 77
v 18823 223 86
v 18824 82 36
v 18825 78 39
v 18826 40 20
v 18833 67 38
v 18843 42 21
v 19019 1352 714
v 19020 3629 1716
v 19021 394 202
v 19022 987 514
v 19023 485 254
v 19024 739 395
v 19025 414 220
v 19026 317 157
v 19027 399 225
v 19028 1902 1044
v 19029 2589 1362
v 19030 5922 3014
v 19031 2548 1244
v 19032 2208 1066
v 19033 156 85
v 19034 1297 608
v 19035 1119 542
v 19036 503 252
v 19037 2979 1542
v 19038 220 124
v 19039 283 172
v 19040 1049 552
v 19041 2651 1390
v 19042 1176 661
v 19043 433 230
v 19044 2026 1053
v 19045 1852 1009
v 19046 438 210
v 19047 267 146
v 19048 2265 1136
v 19049 2863 1522
v 19050 2567 1348
v 19051 1650 786
v 19052 1042 620
v 19053 1625 922
v 19054 1642 827
v 19055 1229 625
v 19056 2540 1296
v 19057 935 475
v 19058 973 521
v 19063 2177 1173
v 19064 1906 986
v 19065 1924 957
v 19067 2815 1474
v 19070 2151 1060
v 19072 2831 1484
v 19073 1264 679
v 19075 1826 976
v 19079 2905 1432
v 19080 1314 682
v 19081 954 516
v 19082 449 259
v 19089 1051 574
v 19099 624 364
v 19276 1064 506
v 19277 201 90
v 19278 320 161
v 19279 153 80
v 19280 230 106
v 19281 206 88
v 19282 103 50
v 19283 108 52
v 19284 599 303
v 19285 802 439
v 19286 2067 1062
v 19287 854 415
v 19288 845 368
v 19289 63 28
v 19290 374 169
v 19291 287 134
v 19292 143 68
v 19293 1186 515
v 19294 68 35
v 19295 110 54
v 19296 375 217
v 19297 798 398
v 19298 333 206
v 19299 160 92
v 19300 560 270
v 19301 690 340
v 19302 168 83
v 19303 84 37
v 19304 911 427
v 19305 786 380
v 19306 760 377
v 19307 480 252
v 19308 371 197
v 19309 567 299
v 19310 542 249
v 19311 478 222
v 19312 704 340
v 19313 285 125
v 19314 399 208
v 19319 715 371
v 19320 460 234
v 19321 609 304
v 19323 921 493
v 19326 471 259
v 19328 879 449
v 19329 361 190
v 19331 520 277
v 19335 762 395
v 19336 357 178
v 19337 335 164
v 19338 177 94
v 19345 291 158
v 19355 173 86
v 19533 354 160
v 19534 728 375
v 19535 354 197
v 19536 570 309
v 19537 353 195
v 19538 281 139
v 19539 317 184
v 19540 1444 812
v 19541 2025 1149
v 19542 3567 1874
v 19543 2072 1045
v 19544 2104 947
v 19545 136 77
v 19546 1047 516
v 19547 853 423
v 19548 359 162
v 19549 2619 1470
v 19550 206 118
v 19551 221 133
v 19552 805 469
v 19553 1885 1025
v 19554 1082 682
v 19555 339 182
v 19556 1394 718
v 19557 1580 890
v 19558 407 241
v 19559 227 118
v 19560 2104 1148
v 19561 2121 1121
v 19562 1910 1055
v 19563 1319 710
v 19564 803 486
v 19565 1336 757
v 19566 1323 690
v 19567 1049 590
v 19568 2094 1111
v 19569 783 364
v 19570 794 462
v 19575 1782 953
v 19576 1040 546
v 19577 1489 778
v 19579 2340 1302
v 19582 1007 572
v 19584 2135 1254
v 19585 756 457
v 19587 1438 811
v 19591 2176 1181
v 19592 959 477
v 19593 741 402
v 19594 399 217
v 19601 778 446
v 19611 525 298
v 19790 97 51
v 19791 43 24
v 19792 65 29
v 19793 30 20
v 19794 41 19
v 19795 26 16
v 19796 158 92
v 19797 280 155
v 19798 622 320
v 19799 280 156
v 19800 211 104
v 19801 56 23
v 19802 121 71
v 19803 104 57
v 19804 48 23
v 19805 322 146
v 19806 11 8
v 19807 49 20
v 19808 114 71
v 19809 232 124
v 19810 128 77
v 19811 44 25
v 19812 152 77
v 19813 257 150
v 19814 40 20
v 19815 35 19
v 19816 217 119
v 19817 224 106
v 19818 229 119
v 19819 135 68
v 19820 103 61
v 19821 208 103
v 19822 134 57
v 19823 167 86
v 19824 169 98
v 19825 96 54
v 19826 91 46
v 19831 172 86
v 19832 136 65
v 19833 231 123
v 19835 237 120
v 19838 134 80
v 19840 243 136
v 19841 96 57
v 19843 204 119
v 19847 287 131
v 19848 108 61
v 19849 86 41
v 19850 45 26
v 19857 97 55
v 19867 62 30
v 20047 125 74
v 20048 161 79
v 20049 87 49
v 20050 86 44
v 20051 86 50
v 20052 367 197
v 20053 536 311
v 20054 1260 692
v 20055 543 273
v 20056 532 263
v 20057 39 18
v 20058 268 127
v 20059 263 123
v 20060 119 55
v 20061 738 344
v 20062 50 24
v 20063 59 29
v 20064 234 118
v 20065 540 284
v 20066 297 164
v 20067 102 67
v 20068 423 214
v 20069 391 205
v 20070 93 36
v 20071 82 46
v 20072 496 239
v 20073 603 313
v 20074 593 334
v 20075 431 205
v 20076 225 127
v 20077 334 200
v 20078 356 187
v 20079 269 139
v 20080 612 312
v 20081 191 100
v 20082 209 119
v 20087 506 260
v 20088 360 200
v 20089 427 213
v 20091 654 306
v 20094 330 165
v 20096 602 318
v 20097 266 142
v 20099 422 219
v 20103 685 345
v 20104 263 138
v 20105 201 109
v 20106 104 61
v 20113 224 127
v 20123 191 103
v 20304 86 34
v 20305 67 32
v 20306 49 23
v 20307 43 25
v 20308 202 94
v 20309 283 136
v 20310 583 279
v 20311 371 163
v 20312 263 114
v 20313 26 14
v 20314 126 68
v 20315 101 42
v 20316 45 19
v 20317 337 159
v 20318 24 13
v 20319 25 8
v 20320 150 67
v 20321 307 160
v 20322 132 55
v 20323 45 27
v 20324 217 94
v 20325 248 116
v 20326 29 15
v 20327 24 11
v 20328 224 103
v 20329 317 150
v 20330 278 111
v 20331 180 94
v 20332 107 59
v 20333 174 88
v 20334 190 92
v 20335 145 63
v 20336 340 143
v 20337 105 43
v 20338 121 53
v 20343 207 118
v 20344 167 75
v 20345 238 114
v 20347 306 143
v 20350 166 82
v 20352 277 125
v 20353 121 63
v 20355 213 93
v 20359 330 143
v 20360 146 60
v 20361 102 53
v 20362 44 22
v 20369 132 71
v 20379 76 45
v 20561 66 27
v 20562 70 33
v 20563 64 42
v 20564 307 148
v 20565 445 241
v 20566 953 467
v 20567 439 205
v 20568 373 196
v 20569 54 21
v 20570 238 107
v 20571 188 102
v 20572 87 37
v 20573 596 277
v 20574 29 18
v 20575 54 23
v 20576 155 83
v 20577 438 217
v 20578 231 135
v 20579 77 35
v 20580 295 145
v 20581 326 166
v 20582 72 34
v 20583 44 23
v 20584 405 202
v 20585 471 241
v 20586 441 216
v 20587 280 150
v 20588 193 94
v 20589 315 164
v 20590 312 157
v 20591 204 100
v 20592 394 179
v 20593 153 79
v 20594 197 104
v 20599 366 184
v 20600 235 117
v 20601 355 179
v 20603 529 272
v 20606 240 132
v 20608 421 194
v 20609 188 87
v 20611 309 150
v 20615 459 230
v 20616 220 105
v 20617 161 87
v 20618 95 46
v 20625 177 91
v 20635 98 54
v 20818 36 14
v 20819 38 23
v 20820 225 113
v 20821 278 165
v 20822 587 304
v 20823 309 168
v 20824 280 136
v 20825 15 6
v 20826 121 68
v 20827 101 57
v 20828 65 30
v 20829 309 146
v 20830 36 18
v 20831 41 23
v 20832 117 60
v 20833 259 128
v 20834 158 77
v 20835 46 22
v 20836 198 100
v 20837 193 96
v 20838 51 24
v 20839 32 12
v 20840 256 143
v 20841 242 122
v 20842 291 156
v 20843 182 76
v 20844 122 64
v 20845 179 88
v 20846 150 73
v 20847 148 73
v 20848 182 75
v 20849 113 60
v 20850 125 65
v 20855 203 102
v 20856 150 72
v 20857 189 83
v 20859 321 163
v 20862 141 65
v 20864 317 156
v 20865 143 80
v 20867 168 78
v 20871 304 141
v 20872 128 70
v 20873 92 40
v 20874 43 26
v 20881 112 54
v 20891 73 42
v 21075 32 18
v 21076 144 83
v 21077 232 127
v 21078 464 250
v 21079 202 108
v 21080 206 103
v 21081 19 9
v 21082 88 51
v 21083 89 47
v 21084 48 24
v 21085 230 121
v 21086 25 14
v 21087 34 16
v 21088 69 40
v 21089 164 74
v 21090 103 60
v 21091 33 21
v 21092 147 81
v 21093 153 74
v 21094 43 27
v 21095 28 13
v 21096 168 93
v 21097 188 86
v 21098 244 131
v 21099 136 73
v 21100 60 30
v 21101 123 74
v 21102 128 63
v 21103 116 58
v 21104 105 45
v 21105 104 59
v 21106 73 37
v 21111 176 98
v 21112 106 62
v 21113 154 73
v 21115 253 150
v 21118 118 79
v 21120 183 94
v 21121 94 57
v 21123 139 60
v 21127 219 105
v 21128 102 55
v 21129 85 49
v 21130 32 15
v 21137 73 41
v 21147 56 25
v 21332 191 87
v 21333 268 136
v 21334 536 241
v 21335 239 105
v 21336 224 103
v 21337 15 10
v 21338 120 52
v 21339 98 36
v 21340 38 12
v 21341 314 143
v 21342 26 11
v 21343 53 21
v 21344 89 47
v 21345 262 124
v 21346 255 133
v 21347 40 19
v 21348 183 87
v 21349 178 98
v 21350 40 17
v 21351 25 11
v 21352 221 104
v 21353 268 99
v 21354 246 120
v 21355 152 66
v 21356 106 56
v 21357 212 103
v 21358 159 61
v 21359 117 57
v 21360 223 102
v 21361 77 37
v 21362 97 45
v 21367 168 86
v 21368 107 56
v 21369 176 82
v 21371 251 130
v 21374 116 58
v 21376 223 95
v 21377 117 54
v 21379 188 85
v 21383 300 153
v 21384 132 65
v 21385 61 30
v 21386 51 20
v 21393 103 57
v 21403 62 24
v 21589 1117 544
v 21590 2410 1140
v 21591 1066 506
v 21592 949 454
v 21593 75 42
v 21594 421 180
v 21595 429 195
v 21596 205 83
v 21597 1480 668
v 21598 107 46
v 21599 166 80
v 21600 428 223
v 21601 1136 568
v 21602 719 401
v 21603 184 91
v 21604 822 394
v 21605 821 420
v 21606 209 99
v 21607 93 44
v 21608 1057 479
v 21609 1093 515
v 21610 1014 495
v 21611 663 318
v 21612 471 241
v 21613 706 377
v 21614 671 321
v 21615 483 227
v 21616 960 446
v 21617 348 163
v 21618 434 245
v 21623 825 405
v 21624 538 277
v 21625 773 330
v 21627 1161 590
v 21630 542 267
v 21632 1139 563
v 21633 468 246
v 21635 704 331
v 21639 1184 541
v 21640 522 259
v 21641 383 201
v 21642 203 95
v 21649 364 188
v 21659 288 141
v 21846 3444 1571
v 21847 1516 713
v 21848 1439 656
v 21849 109 44
v 21850 707 320
v 21851 662 313
v 21852 286 144
v 21853 1887 856
v 21854 226 99
v 21855 227 113
v 21856 588 314
v 21857 1509 709
v 21858 1245 624
v 21859 265 149
v 21860 1108 551
v 21861 1097 556
v 21862 263 145
v 21863 168 77
v 21864 1166 540
v 21865 1645 776
v 21866 1468 691
v 21867 868 383
v 21868 599 314
v 21869 1123 578
v 21870 1029 473
v 21871 769 366
v 21872 1538 697
v 21873 532 237
v 21874 680 357
v 21879 1250 584
v 21880 786 380
v 21881 1124 514
v 21883 1723 843
v 21886 757 349
v 21888 2383 1175
v 21889 572 312
v 21891 1073 535
v 21895 1675 757
v 21896 880 372
v 21897 604 277
v 21898 339 155
v 21905 538 279
v 21915 346 155
v 22103 3354 1684
v 22104 3151 1550
v 22105 235 122
v 22106 1649 756
v 22107 1411 652
v 22108 660 301
v 22109 4167 2007
v 22110 360 203
v 22111 458 247
v 22112 1434 777
v 22113 2794 1466
v 22114 1563 881
v 22115 647 369
v 22116 2618 1314
v 22117 2574 1321
v 22118 574 303
v 22119 348 152
v 22120 3273 1491
v 22121 3675 1911
v 22122 3338 1635
v 22123 2201 1056
v 22124 919 573
v 22125 2232 1188
v 22126 2193 1060
v 22127 1567 738
v 22128 3095 1445
v 22129 1147 550
v 22130 1416 751
v 22135 2838 1393
v 22136 1722 892
v 22137 2511 1214
v 22139 3810 1995
v 22142 1999 1028
v 22144 3536 1847
v 22145 1516 839
v 22147 2207 1137
v 22151 3520 1699
v 22152 1635 802
v 22153 1217 591
v 22154 655 334
v 22161 1259 691
v 22171 827 428
v 22360 1357 658
v 22361 97 47
v 22362 640 315
v 22363 612 286
v 22364 274 135
v 22365 1349 757
v 22366 202 110
v 22367 188 98
v 22368 641 334
v 22369 1369 722
v 22370 657 374
v 22371 264 147
v 22372 1158 610
v 22373 1164 603
v 22374 253 125
v 22375 134 67
v 22376 1403 690
v 22377 1522 771
v 22378 1496 723
v 22379 966 499
v 22380 576 299
v 22381 934 531
v 22382 932 489
v 22383 754 373
v 22384 1433 689
v 22385 533 239
v 22386 668 349
v 22391 1319 710
v 22392 903 476
v 22393 1051 522
v 22395 1725 903
v 22398 1013 545
v 22400 1468 771
v 22401 633 357
v 22403 999 504
v 22407 1422 725
v 22408 651 343
v 22409 482 241
v 22410 265 139
v 22417 557 307
v 22427 374 199
v 22617 104 58
v 22618 579 320
v 22619 512 267
v 22620 261 115
v 22621 1771 891
v 22622 88 62
v 22623 202 104
v 22624 642 349
v 22625 1299 690
v 22626 592 365
v 22627 172 107
v 22628 958 531
v 22629 1174 637
v 22630 235 126
v 22631 134 55
v 22632 1338 691
v 22633 1488 850
v 22634 1412 692
v 22635 885 453
v 22636 590 323
v 22637 855 489
v 22638 791 428
v 22639 697 358
v 22640 1229 623
v 22641 409 204
v 22642 623 350
v 22647 1187 650
v 22648 915 530
v 22649 960 492
v 22651 1529 830
v 22654 897 483
v 22656 1313 704
v 22657 579 329
v 22659 886 481
v 22663 1220 682
v 22664 699 374
v 22665 490 262
v 22666 239 142
v 22673 518 279
v 22683 324 166
v 22874 54 26
v 22875 45 17
v 22876 34 12
v 22877 158 87
v 22878 10 6
v 22879 14 8
v 22880 36 10
v 22881 80 40
v 22882 41 21
v 22883 15 12
v 22884 82 42
v 22885 86 48
v 22886 23 13
v 22887 9 5
v 22888 75 31
v 22889 109 55
v 22890 122 62
v 22891 75 34
v 22892 24 15
v 22893 86 51
v 22894 56 27
v 22895 42 19
v 22896 108 45
v 22897 50 27
v 22898 47 29
v 22903 113 64
v 22904 55 31
v 22905 78 33
v 22907 146 83
v 22910 67 36
v 22912 84 32
v 22913 41 21
v 22915 65 31
v 22919 104 42
v 22920 41 20
v 22921 57 32
v 22922 25 16
v 22929 29 20
v 22939 28 12
v 23131 364 198
v 23132 156 82
v 23133 809 400
v 23134 78 39
v 23135 64 40
v 23136 259 146
v 23137 652 325
v 23138 346 201
v 23139 104 59
v 23140 533 280
v 23141 471 233
v 23142 110 58
v 23143 60 29
v 23144 638 313
v 23145 795 443
v 23146 754 377
v 23147 424 213
v 23148 274 168
v 23149 451 253
v 23150 440 222
v 23151 316 143
v 23152 798 416
v 23153 278 133
v 23154 246 128
v 23159 591 305
v 23160 346 189
v 23161 546 271
v 23163 892 507
v 23166 470 243
v 23168 683 354
v 23169 326 178
v 23171 531 280
v 23175 755 399
v 23176 336 177
v 23177 271 135
v 23178 124 82
v 23185 279 159
v 23195 207 97
v 23388 127 65
v 23389 670 367
v 23390 56 41
v 23391 97 40
v 23392 242 137
v 23393 635 330
v 23394 364 202
v 23395 105 52
v 23396 538 292
v 23397 440 234
v 23398 100 49
v 23399 72 37
v 23400 506 243
v 23401 849 431
v 23402 801 395
v 23403 407 196
v 23404 213 108
v 23405 552 300
v 23406 433 219
v 23407 349 181
v 23408 806 397
v 23409 252 132
v 23410 219 109
v 23415 550 283
v 23416 323 184
v 23417 575 286
v 23419 837 472
v 23422 332 172
v 23424 646 333
v 23425 264 145
v 23427 477 265
v 23431 726 360
v 23432 346 171
v 23433 267 136
v 23434 150 80
v 23441 296 162
v 23451 155 85
v 23645 302 154
v 23646 31 19
v 23647 26 13
v 23648 109 62
v 23649 278 148
v 23650 155 82
v 23651 52 34
v 23652 205 104
v 23653 214 110
v 23654 43 18
v 23655 47 28
v 23656 219 126
v 23657 322 179
v 23658 281 164
v 23659 172 94
v 23660 110 61
v 23661 238 125
v 23662 193 94
v 23663 174 102
v 23664 335 174
v 23665 112 69
v 23666 92 53
v 23671 238 111
v 23672 191 109
v 23673 211 97
v 23675 358 196
v 23678 153 82
v 23680 307 182
v 23681 123 64
v 23683 234 141
v 23687 334 181
v 23688 136 66
v 23689 116 55
v 23690 52 35
v 23697 126 69
v 23707 80 48
v 23902 161 101
v 23903 262 127
v 23904 807 428
v 23905 1846 922
v 23906 1009 558
v 23907 420 256
v 23908 1408 730
v 23909 1258 663
v 23910 396 205
v 23911 188 82
v 23912 1669 848
v 23913 1500 631
v 23914 2280 1324
v 23915 1356 702
v 23916 840 473
v 23917 1246 657
v 23918 1165 604
v 23919 983 487
v 23920 2252 1147
v 23921 587 288
v 23922 786 418
v 23927 1629 871
v 23928 1092 591
v 23929 1071 476
v 23931 2081 1116
v 23934 1142 636
v 23936 1845 934
v 23937 815 391
v 23939 1161 617
v 23943 2073 1025
v 23944 897 440
v 23945 701 350
v 23946 381 189
v 23953 744 414
v 23963 482 240
v 24159 11 5
v 24160 51 24
v 24161 170 72
v 24162 81 44
v 24163 29 14
v 24164 115 50
v 24165 149 71
v 24166 27 14
v 24167 11 5
v 24168 186 78
v 24169 214 94
v 24170 155 79
v 24171 98 38
v 24172 65 33
v 24173 87 38
v 24174 126 65
v 24175 77 41
v 24176 163 77
v 24177 59 23
v 24178 53 27
v 24183 123 66
v 24184 88 38
v 24185 103 47
v 24187 203 95
v 24190 77 34
v 24192 148 74
v 24193 55 30
v 24195 96 31
v 24199 163 67
v 24200 61 31
v 24201 59 25
v 24202 31 13
v 24209 58 36
v 24219 23 11
v 24416 75 49
v 24417 242 126
v 24418 79 42
v 24419 29 16
v 24420 190 94
v 24421 137 76
v 24422 46 18
v 24423 17 7
v 24424 215 119
v 24425 179 90
v 24426 198 110
v 24427 127 62
v 24428 85 46
v 24429 120 64
v 24430 131 69
v 24431 74 33
v 24432 131 60
v 24433 70 32
v 24434 83 38
v 24439 158 72
v 24440 100 51
v 24441 134 60
v 24443 177 84
v 24446 112 61
v 24448 217 109
v 24449 104 59
v 24451 115 61
v 24455 237 117
v 24456 132 72
v 24457 79 33
v 24458 43 24
v 24465 73 39
v 24475 58 30
v 24673 618 301
v 24674 354 173
v 24675 93 45
v 24676 472 237
v 24677 487 244
v 24678 101 46
v 24679 59 35
v 24680 582 280
v 24681 715 351
v 24682 684 304
v 24683 386 172
v 24684 286 139
v 24685 339 165
v 24686 396 186
v 24687 262 112
v 24688 555 238
v 24689 220 100
v 24690 250 107
v 24695 510 232
v 24696 352 171
v 24697 494 219
v 24699 706 340
v 24702 362 168
v 24704 636 305
v 24705 299 152
v 24707 408 205
v 24711 703 337
v 24712 282 123
v 24713 201 104
v 24714 125 66
v 24721 271 145
v 24731 137 70
v 24930 791 442
v 24931 258 136
v 24932 1121 568
v 24933 1065 562
v 24934 297 155
v 24935 146 58
v 24936 1338 652
v 24937 1632 822
v 24938 1412 687
v 24939 884 453
v 24940 581 301
v 24941 948 494
v 24942 890 446
v 24943 775 389
v 24944 1349 646
v 24945 565 271
v 24946 563 299
v 24951 1094 542
v 24952 813 410
v 24953 1133 553
v 24955 1633 828
v 24958 781 394
v 24960 1549 812
v 24961 696 357
v 24963 1036 550
v 24967 1742 852
v 24968 665 365
v 24969 536 244
v 24970 273 135
v 24977 552 287
v 24987 368 185
v 25187 162 82
v 25188 773 376
v 25189 400 180
v 25190 172 87
v 25191 107 44
v 25192 642 320
v 25193 869 427
v 25194 796 346
v 25195 617 270
v 25196 350 183
v 25197 483 247
v 25198 510 230
v 25199 352 162
v 25200 969 471
v 25201 273 120
v 25202 323 149
v 25207 680 308
v 25208 410 217
v 25209 385 152
v 25211 1061 566
v 25214 445 202
v 25216 844 404
v 25217 365 190
v 25219 548 269
v 25223 918 434
v 25224 439 202
v 25225 334 140
v 25226 181 91
v 25233 294 129
v 25243 239 111
v 25444 192 89
v 25445 208 100
v 25446 43 16
v 25447 22 5
v 25448 252 99
v 25449 308 161
v 25450 221 96
v 25451 128 51
v 25452 115 53
v 25453 153 78
v 25454 157 60
v 25455 142 61
v 25456 188 79
v 25457 72 36
v 25458 90 44
v 25463 210 81
v 25464 129 67
v 25465 192 74
v 25467 195 83
v 25470 140 69
v 25472 287 139
v 25473 145 69
v 25475 191 90
v 25479 287 139
v 25480 111 51
v 25481 118 44
v 25482 51 22
v 25489 88 44
v 25499 56 28
v 25701 814 422
v 25702 167 88
v 25703 102 53
v 25704 784 420
v 25705 1269 600
v 25706 1178 536
v 25707 707 321
v 25708 513 236
v 25709 865 453
v 25710 744 327
v 25711 541 274
v 25712 1085 494
v 25713 356 169
v 25714 469 237
v 25719 901 418
v 25720 631 329
v 25721 817 398
v 25723 1249 639
v 25726 686 365
v 25728 1259 638
v 25729 568 293
v 25731 808 419
v 25735 1386 658
v 25736 541 271
v 25737 379 187
v 25738 251 129
v 25745 426 228
v 25755 280 142
v 25958 244 113
v 25959 121 59
v 25960 1001 467
v 25961 1156 572
v 25962 1082 547
v 25963 727 352
v 25964 468 247
v 25965 646 343
v 25966 698 354
v 25967 543 236
v 25968 995 487
v 25969 424 194
v 25970 454 248
v 25975 1021 489
v 25976 668 364
v 25977 789 374
v 25979 1295 676
v 25982 617 313
v 25984 1194 614
v 25985 555 291
v 25987 717 379
v 25991 1218 625
v 25992 558 256
v 25993 410 188
v 25994 183 91
v 26001 415 228
v 26011 270 124
v 26215 19 9
v 26216 219 107
v 26217 281 135
v 26218 193 98
v 26219 165 86
v 26220 109 63
v 26221 198 93
v 26222 187 103
v 26223 125 55
v 26224 249 137
v 26225 93 38
v 26226 130 68
v 26231 203 98
v 26232 165 89
v 26233 199 85
v 26235 274 150
v 26238 123 59
v 26240 254 146
v 26241 112 60
v 26243 140 83
v 26247 322 147
v 26248 105 49
v 26249 87 43
v 26250 44 19
v 26257 79 47
v 26267 60 26
v 26472 145 84
v 26473 132 71
v 26474 146 83
v 26475 81 41
v 26476 73 42
v 26477 88 47
v 26478 76 41
v 26479 66 34
v 26480 159 80
v 26481 47 20
v 26482 61 48
v 26487 140 73
v 26488 61 34
v 26489 120 65
v 26491 170 90
v 26494 86 50
v 26496 136 70
v 26497 54 25
v 26499 128 76
v 26503 161 91
v 26504 63 35
v 26505 66 39
v 26506 42 20
v 26513 63 38
v 26523 42 23
v 26729 1231 622
v 26730 1197 651
v 26731 822 442
v 26732 607 355
v 26733 791 454
v 26734 975 502
v 26735 390 171
v 26736 672 288
v 26737 446 220
v 26738 674 360
v 26743 1154 625
v 26744 748 399
v 26745 928 454
v 26747 1452 800
v 26750 764 409
v 26752 1382 755
v 26753 651 357
v 26755 586 270
v 26759 1566 728
v 26760 678 345
v 26761 513 253
v 26762 226 131
v 26769 486 287
v 26779 280 157
v 26986 1501 772
v 26987 1041 514
v 26988 635 343
v 26989 912 516
v 26990 1063 506
v 26991 941 446
v 26992 1804 920
v 26993 600 304
v 26994 488 281
v 26999 1339 701
v 27000 918 516
v 27001 1325 635
v 27003 1964 1065
v 27006 890 454
v 27008 1639 853
v 27009 661 360
v 27011 1207 641
v 27015 1813 880
v 27016 713 370
v 27017 659 306
v 27018 298 145
v 27025 623 340
v 27035 485 230
v 27243 1163 590
v 27244 584 311
v 27245 988 539
v 27246 769 367
v 27247 504 190
v 27248 1538 738
v 27249 491 224
v 27250 715 378
v 27255 1271 604
v 27256 949 529
v 27257 957 441
v 27259 1912 1005
v 27262 934 502
v 27264 1576 813
v 27265 666 383
v 27267 1058 566
v 27271 1665 836
v 27272 709 370
v 27273 572 279
v 27274 278 131
v 27281 614 339
v 27291 377 181
v 27500 419 227
v 27501 627 340
v 27502 566 322
v 27503 439 207
v 27504 955 478
v 27505 304 142
v 27506 455 248
v 27511 858 409
v 27512 535 295
v 27513 677 332
v 27515 1117 637
v 27518 568 294
v 27520 1010 535
v 27521 461 258
v 27523 636 338
v 27527 1048 511
v 27528 433 205
v 27529 375 184
v 27530 199 108
v 27537 386 213
v 27547 265 157
v 27757 347 177
v 27758 387 167
v 27759 253 111
v 27760 569 249
v 27761 189 91
v 27762 278 141
v 27767 579 251
v 27768 366 169
v 27769 449 212
v 27771 684 329
v 27774 377 192
v 27776 662 335
v 27777 292 148
v 27779 397 191
v 27783 672 318
v 27784 259 116
v 27785 218 109
v 27786 125 65
v 27793 210 115
v 27803 138 62
v 28014 544 221
v 28015 595 266
v 28016 695 273
v 28017 360 161
v 28018 347 177
v 28023 827 387
v 28024 543 283
v 28025 705 296
v 28027 1128 577
v 28030 545 289
v 28032 984 466
v 28033 391 201
v 28035 739 340
v 28039 1150 563
v 28040 602 319
v 28041 348 151
v 28042 273 127
v 28049 425 231
v 28059 281 141
v 28271 402 174
v 28272 1069 575
v 28273 365 182
v 28274 320 192
v 28279 813 424
v 28280 497 291
v 28281 744 371
v 28283 1167 625
v 28286 476 238
v 28288 1821 919
v 28289 400 215
v 28291 633 326
v 28295 1052 552
v 28296 542 272
v 28297 376 202
v 28298 196 98
v 28305 395 230
v 28315 240 115
v 28528 721 344
v 28529 283 143
v 28530 254 133
v 28535 629 323
v 28536 518 273
v 28537 588 295
v 28539 840 458
v 28542 469 254
v 28544 700 370
v 28545 314 165
v 28547 513 260
v 28551 843 421
v 28552 399 188
v 28553 236 130
v 28554 117 71
v 28561 282 162
v 28571 195 113
v 28785 556 278
v 28786 503 267
v 28791 1265 664
v 28792 604 348
v 28793 1219 602
v 28795 1753 943
v 28798 822 419
v 28800 1477 763
v 28801 536 318
v 28803 1142 598
v 28807 1491 802
v 28808 627 380
v 28809 568 288
v 28810 482 248
v 28817 597 317
v 28827 415 225
v 29042 189 100
v 29047 403 194
v 29048 289 167
v 29049 439 224
v 29051 573 332
v 29054 281 141
v 29056 513 272
v 29057 229 128
v 29059 376 193
v 29063 591 298
v 29064 241 120
v 29065 185 83
v 29066 102 56
v 29073 219 117
v 29083 150 86
v 29303 482 220
v 29304 358 197
v 29305 432 206
v 29307 612 303
v 29310 415 198
v 29312 627 298
v 29313 261 124
v 29315 390 177
v 29319 641 301
v 29320 331 165
v 29321 242 116
v 29322 131 60
v 29329 224 126
v 29339 137 64
v 30584 791 410
v 30585 899 450
v 30587 1653 880
v 30590 683 352
v 30592 1308 655
v 30593 529 275
v 30595 876 450
v 30599 1322 674
v 30600 528 278
v 30601 403 197
v 30602 246 136
v 30609 446 253
v 30619 359 185
v 30841 407 162
v 30843 903 445
v 30846 465 236
v 30848 947 457
v 30849 371 174
v 30851 580 287
v 30855 836 372
v 30856 369 173
v 30857 290 130
v 30858 151 77
v 30865 325 161
v 30875 230 110
v 31099 1319 696
v 31102 618 342
v 31104 1081 588
v 31105 468 256
v 31107 864 423
v 31111 1229 635
v 31112 561 287
v 31113 369 184
v 31114 217 121
v 31121 445 258
v 31131 252 130
v 31614 928 444
v 31616 1756 853
v 31617 748 373
v 31619 1279 604
v 31623 1862 881
v 31624 813 370
v 31625 679 289
v 31626 341 179
v 31633 704 361
v 31643 470 242
v 32384 893 465
v 32385 439 247
v 32387 601 296
v 32391 952 469
v 32392 377 186
v 32393 286 146
v 32394 172 91
v 32401 314 162
v 32411 234 109
v 32897 770 386
v 32899 1026 514
v 32903 1760 813
v 32904 755 365
v 32905 575 259
v 32906 292 154
v 32913 584 305
v 32923 404 185
v 33155 447 213
v 33159 755 361
v 33160 313 156
v 33161 202 101
v 33162 143 61
v 33169 244 121
v 33179 170 87
v 33671 1177 586
v 33672 525 251
v 33673 392 192
v 33674 187 98
v 33681 413 200
v 33691 286 142
v 34696 776 397
v 34697 592 299
v 34698 293 145
v 34705 636 337
v 34715 443 212
v 34953 302 152
v 34954 165 80
v 34961 262 136
v 34971 164 82
v 35210 104 58
v 35217 220 123
v 35227 145 79
v 35473 127 70
v 35483 87 41
v 37275 157 74
s 258 1572 819
s 259 461 237
s 260 38 16
s 261 1123 558
s 262 72 33
s 263 1605 831
s 264 101 41
s 265 1720 867
s 266 34 14
s 267 479 190
s 268 63 34
s 269 435 228
s 270 3162 1578
s 271 411 231
s 272 240 144
s 273 725 344
s 274 105 56
s 275 516 237
s 276 545 279
s 277 1702 810
s 278 1114 552
s 279 418 222
s 281 1448 690
s 282 2082 1000
s 283 1120 560
s 284 474 218
s 285 1098 535
s 286 1240 642
s 287 1358 734
s 288 208 121
s 289 651 372
s 290 505 239
s 291 732 344
s 292 1109 528
s 293 433 220
s 294 263 134
s 295 861 397
s 296 373 182
s 297 61 28
s 298 427 232
s 299 506 256
s 300 52 19
s 301 385 215
s 302 90 39
s 303 525 268
s 304 112 59
s 305 1949 1040
s 306 609 346
s 307 390 217
s 308 272 140
s 309 444 187
s 310 90 43
s 311 1025 529
s 312 129 60
s 313 237 131
s 314 294 143
s 315 399 164
s 316 1211 638
s 317 151 81
s 318 1334 784
s 319 263 143
s 320 519 241
s 321 131 65
s 322 53 24
s 323 50 18
s 324 589 289
s 325 954 506
s 326 101 54
s 327 1882 978
s 328 338 166
s 329 111 52
s 330 2237 1207
s 331 736 357
s 332 1666 914
s 333 222 130
s 334 492 267
s 335 278 121
s 336 125 66
s 337 138 73
s 338 143 82
s 339 210 108
s 340 877 412
s 341 1386 677
s 342 2888 1529
s 343 1270 648
s 344 1184 637
s 345 8 3
s 346 654 378
s 347 457 218
s 348 245 132
s 349 425 226
s 350 31 12
s 351 36 18
s 352 497 237
s 353 1248 610
s 354 676 292
s 355 220 92
s 356 852 423
s 357 963 478
s 358 251 111
s 359 110 55
s 360 1158 564
s 361 1549 827
s 362 1274 638
s 363 836 420
s 364 498 239
s 365 60 20
s 366 904 499
s 367 684 351
s 368 1464 836
s 369 395 225
s 370 282 147
s 375 1057 515
s 376 661 282
s 377 1100 582
s 379 1588 754
s 382 747 381
s 384 1341 654
s 385 527 242
s 387 949 445
s 391 1347 700
s 392 665 347
s 393 474 257
s 394 89 45
s 401 179 88
s 411 320 165
s 515 494 231
s 516 184 75
s 517 1648 820
s 518 1256 524
s 519 1388 635
s 520 2335 1149
s 521 2528 1229
s 522 645 316
s 523 986 372
s 524 1899 961
s 525 653 321
s 526 2935 1433
s 527 356 163
s 528 127 49
s 529 937 454
s 530 1939 985
s 531 847 355
s 532 742 365
s 533 2395 1183
s 534 1608 836
s 535 231 108
s 537 2008 919
s 538 2814 1312
s 539 1395 688
s 540 109 49
s 541 129 49
s 542 1814 886
s 543 1731 902
s 544 429 212
s 545 174 88
s 546 664 323
s 547 1102 519
s 548 1241 587
s 549 520 259
s 550 73 30
s 551 1164 541
s 552 533 260
s 553 741 365
s 554 369 193
s 555 411 207
s 556 766 373
s 557 485 255
s 558 603 273
s 559 542 256
s 560 2178 1045
s 561 1109 561
s 562 875 471
s 563 438 215
s 564 439 220
s 565 1224 547
s 566 2217 1155
s 567 112 54
s 568 543 298
s 569 202 112
s 570 362 162
s 571 456 218
s 572 142 78
s 573 158 86
s 574 1519 815
s 575 447 212
s 576 721 339
s 577 102 48
s 578 63 27
s 579 978 490
s 580 813 392
s 581 157 59
s 582 853 417
s 583 1885 931
s 584 503 231
s 585 183 79
s 586 3080 1579
s 587 1068 543
s 588 2145 1159
s 589 53 26
s 590 67 26
s 591 321 140
s 592 430 216
s 593 168 74
s 594 219 116
s 595 235 102
s 596 977 469
s 597 1272 613
s 598 3604 1768
s 599 1690 816
s 600 1307 691
s 601 106 61
s 602 736 367
s 603 570 290
s 604 154 73
s 605 2125 1070
s 606 145 65
s 607 196 94
s 608 39 16
s 609 702 326
s 610 151 59
s 611 41 18
s 612 1005 473
s 613 1580 752
s 614 237 115
s 615 110 56
s 616 155 73
s 617 1688 819
s 618 1521 747
s 619 905 487
s 620 56 17
s 621 1137 542
s 622 925 454
s 623 794 411
s 624 1460 740
s 625 564 275
s 626 626 273
s 631 1424 696
s 632 651 287
s 633 1178 600
s 635 2029 953
s 638 842 387
s 640 1686 794
s 641 91 38
s 643 1099 511
s 647 247 124
s 648 628 307
s 649 186 85
s 650 359 168
s 657 602 264
s 667 197 92
s 772 83 44
s 773 130 74
s 774 277 117
s 775 490 248
s 776 554 273
s 777 586 282
s 778 178 73
s 779 305 113
s 780 505 277
s 781 179 88
s 782 835 417
s 783 140 72
s 784 78 43
s 785 244 126
s 786 634 331
s 787 258 135
s 788 131 49
s 789 565 278
s 790 290 153
s 791 140 65
s 793 488 222
s 794 315 138
s 795 137 72
s 796 153 79
s 797 351 175
s 798 148 75
s 799 116 52
s 800 87 37
s 801 217 125
s 802 174 81
s 803 226 96
s 804 458 229
s 805 31 14
s 806 74 36
s 807 263 127
s 808 57 27
s 809 159 76
s 810 193 109
s 811 170 89
s 812 203 98
s 813 75 41
s 814 162 68
s 815 164 72
s 816 636 317
s 817 747 380
s 818 64 34
s 819 69 37
s 820 111 68
s 821 288 152
s 822 638 327
s 823 365 202
s 824 122 56
s 825 68 38
s 826 65 36
s 827 137 62
s 828 416 206
s 829 69 37
s 830 355 208
s 831 104 39
s 832 76 38
s 833 38 16
s 834 6 2
s 835 266 144
s 836 67 38
s 837 338 165
s 838 249 145
s 839 435 223
s 840 104 51
s 841 59 26
s 842 805 418
s 843 100 44
s 844 577 310
s 845 85 42
s 846 235 143
s 847 37 17
s 848 124 55
s 849 90 45
s 850 60 36
s 851 28 10
s 852 162 79
s 853 241 110
s 854 697 350
s 855 150 81
s 856 295 154
s 857 32 21
s 858 196 97
s 859 147 85
s 860 78 41
s 861 539 253
s 862 56 24
s 863 61 32
s 864 198 91
s 865 411 206
s 866 282 121
s 867 73 37
s 868 163 76
s 869 205 96
s 870 43 22
s 871 29 10
s 872 353 174
s 873 288 161
s 874 472 245
s 875 266 141
s 876 163 74
s 877 288 141
s 878 239 126
s 879 75 37
s 880 176 94
s 881 144 74
s 882 147 75
s 887 206 95
s 888 254 117
s 889 214 118
s 891 306 141
s 894 240 123
s 896 348 177
s 897 201 85
s 899 131 57
s 903 560 287
s 904 131 67
s 905 158 81
s 906 93 33
s 913 207 100
s 923 107 60
s 1029 180 79
s 1030 41 25
s 1031 221 117
s 1032 65 39
s 1033 249 127
s 1034 23 6
s 1035 74 26
s 1036 50 23
s 1037 47 23
s 1038 378 181
s 1039 63 36
s 1040 26 12
s 1041 72 35
s 1042 66 32
s 1043 87 44
s 1044 96 40
s 1045 225 118
s 1046 193 104
s 1047 51 28
s 1049 194 88
s 1050 297 145
s 1051 193 97
s 1052 58 29
s 1053 118 53
s 1054 178 89
s 1055 154 75
s 1056 34 18
s 1057 74 42
s 1058 72 43
s 1059 93 39
s 1060 162 70
s 1061 53 31
s 1062 24 9
s 1063 119 58
s 1064 57 31
s 1065 22 11
s 1066 65 32
s 1067 66 36
s 1068 19 13
s 1069 58 24
s 1070 30 12
s 1071 64 33
s 1072 79 35
s 1073 217 121
s 1074 62 35
s 1075 63 31
s 1076 37 21
s 1077 100 47
s 1078 64 31
s 1079 126 71
s 1080 23 8
s 1081 31 22
s 1082 33 11
s 1083 62 22
s 1084 133 79
s 1085 19 8
s 1086 179 101
s 1087 39 17
s 1088 69 34
s 1089 16 8
s 1090 1 1
s 1091 18 9
s 1092 66 33
s 1093 115 57
s 1094 38 18
s 1095 231 135
s 1096 39 14
s 1097 16 3
s 1098 305 152
s 1099 103 56
s 1100 220 118
s 1101 24 12
s 1102 55 30
s 1103 25 14
s 1104 23 9
s 1105 15 7
s 1106 19 10
s 1107 26 11
s 1108 120 66
s 1109 181 82
s 1110 414 216
s 1111 176 82
s 1112 125 73
s 1113 2 1
s 1114 67 24
s 1115 58 28
s 1116 32 14
s 1117 92 51
s 1118 7 3
s 1119 8 6
s 1120 63 32
s 1121 167 88
s 1122 73 30
s 1123 26 13
s 1124 110 55
s 1125 115 56
s 1126 30 15
s 1127 14 10
s 1128 128 65
s 1129 149 76
s 1130 136 80
s 1131 112 60
s 1132 87 39
s 1133 33 15
s 1134 126 69
s 1135 96 53
s 1136 169 89
s 1137 49 25
s 1138 43 19
s 1143 129 63
s 1144 83 35
s 1145 122 59
s 1147 189 93
s 1150 80 48
s 1152 169 67
s 1153 92 45
s 1155 113 56
s 1159 170 85
s 1160 79 39
s 1161 44 26
s 1162 24 15
s 1169 33 13
s 1179 42 22
s 1286 926 420
s 1287 1395 682
s 1288 2342 1245
s 1289 1320 699
s 1290 444 215
s 1291 703 301
s 1292 1377 701
s 1293 544 269
s 1294 2504 1336
s 1295 647 327
s 1296 253 106
s 1297 884 419
s 1298 1571 799
s 1299 750 350
s 1300 569 284
s 1301 1861 916
s 1302 850 412
s 1303 432 210
s 1305 1434 660
s 1306 1001 479
s 1307 457 239
s 1308 562 268
s 1309 1163 528
s 1310 411 210
s 1311 383 182
s 1312 409 228
s 1313 598 319
s 1314 515 240
s 1315 782 370
s 1316 1661 795
s 1317 121 66
s 1318 231 117
s 1319 931 470
s 1320 224 96
s 1321 627 299
s 1322 852 446
s 1323 541 272
s 1324 595 271
s 1325 225 117
s 1326 439 196
s 1327 599 303
s 1328 1495 769
s 1329 1946 1015
s 1330 120 64
s 1331 292 157
s 1332 328 171
s 1333 893 406
s 1334 1827 917
s 1335 1101 599
s 1336 427 221
s 1337 143 71
s 1338 192 95
s 1339 435 214
s 1340 1162 598
s 1341 121 58
s 1342 1175 673
s 1343 302 150
s 1344 220 104
s 1345 95 51
s 1346 16 8
s 1347 859 469
s 1348 225 114
s 1349 1074 555
s 1350 766 399
s 1351 1519 811
s 1352 290 136
s 1353 186 78
s 1354 2002 1063
s 1355 365 194
s 1356 1860 1031
s 1357 212 99
s 1358 492 240
s 1359 113 52
s 1360 389 189
s 1361 273 135
s 1362 162 89
s 1363 89 40
s 1364 548 245
s 1365 827 397
s 1366 2119 1051
s 1367 383 200
s 1368 1060 560
s 1369 93 43
s 1370 439 226
s 1371 290 150
s 1372 213 109
s 1373 1894 995
s 1374 139 68
s 1375 192 106
s 1376 606 273
s 1377 1152 566
s 1378 740 355
s 1379 251 110
s 1380 592 289
s 1381 777 373
s 1382 126 76
s 1383 89 42
s 1384 1179 624
s 1385 737 363
s 1386 1418 723
s 1387 816 425
s 1388 625 298
s 1389 883 436
s 1390 638 304
s 1391 194 89
s 1392 370 192
s 1393 377 208
s 1394 618 295
s 1399 646 318
s 1400 711 322
s 1401 402 222
s 1403 883 399
s 1406 783 417
s 1408 1043 494
s 1409 621 296
s 1411 331 144
s 1415 1472 795
s 1416 519 262
s 1417 508 234
s 1418 234 104
s 1425 504 224
s 1435 278 142
s 1543 1365 571
s 1544 38 15
s 1545 1392 632
s 1546 11 4
s 1547 331 106
s 1548 23 10
s 1549 394 171
s 1550 2876 1349
s 1551 361 164
s 1552 197 72
s 1553 553 262
s 1554 51 29
s 1555 456 162
s 1556 475 220
s 1557 1204 505
s 1558 860 369
s 1559 345 155
s 1561 1141 437
s 1562 1715 699
s 1563 965 446
s 1564 430 162
s 1565 1242 480
s 1566 946 419
s 1567 925 408
s 1568 207 99
s 1569 453 217
s 1570 400 158
s 1571 494 215
s 1572 1080 478
s 1573 297 119
s 1574 190 85
s 1575 732 299
s 1576 270 102
s 1577 52 26
s 1578 451 220
s 1579 477 197
s 1580 24 9
s 1581 302 128
s 1582 39 14
s 1583 443 172
s 1584 35 13
s 1585 1580 735
s 1586 380 181
s 1587 446 181
s 1588 245 116
s 1589 348 142
s 1590 33 9
s 1591 797 355
s 1592 69 31
s 1593 204 99
s 1594 210 86
s 1595 359 161
s 1596 1003 471
s 1597 111 43
s 1598 1080 517
s 1599 196 100
s 1600 442 156
s 1601 94 44
s 1602 48 24
s 1603 26 10
s 1604 495 178
s 1605 759 312
s 1606 48 20
s 1607 1528 709
s 1608 188 84
s 1609 109 37
s 1610 1729 762
s 1611 571 229
s 1612 1484 713
s 1613 170 77
s 1614 389 179
s 1615 180 67
s 1616 71 27
s 1617 145 57
s 1618 99 49
s 1619 305 143
s 1620 981 407
s 1621 1642 714
s 1622 2252 973
s 1623 984 407
s 1624 1122 509
s 1625 9 3
s 1626 404 189
s 1627 324 160
s 1628 203 92
s 1629 314 153
s 1630 8 2
s 1631 16 5
s 1632 508 210
s 1633 958 430
s 1634 535 202
s 1635 179 70
s 1636 1086 472
s 1637 765 323
s 1638 226 120
s 1639 125 53
s 1640 1063 485
s 1641 1001 453
s 1642 1039 481
s 1643 662 286
s 1644 483 171
s 1645 42 23
s 1646 696 287
s 1647 556 259
s 1648 901 426
s 1649 305 141
s 1650 224 99
s 1655 826 373
s 1656 584 246
s 1657 576 256
s 1659 1094 401
s 1662 608 253
s 1664 1052 454
s 1665 506 203
s 1667 637 264
s 1671 1148 532
s 1672 647 279
s 1673 481 223
s 1674 56 19
s 1681 147 64
s 1691 226 99
s 1800 2184 1172
s 1801 1903 976
s 1802 709 384
s 1803 894 345
s 1804 2282 1282
s 1805 442 223
s 1806 3040 1573
s 1807 730 411
s 1808 245 105
s 1809 676 305
s 1810 1897 993
s 1811 861 384
s 1812 926 471
s 1813 2554 1305
s 1814 1286 674
s 1815 399 195
s 1817 1466 676
s 1818 2380 1169
s 1819 1403 732
s 1820 477 232
s 1821 951 446
s 1822 1486 775
s 1823 1528 780
s 1824 400 242
s 1825 757 399
s 1826 521 240
s 1827 924 451
s 1828 1888 954
s 1829 537 242
s 1830 247 136
s 1831 898 428
s 1832 441 207
s 1833 740 381
s 1834 791 419
s 1835 635 335
s 1836 775 404
s 1837 459 244
s 1838 676 311
s 1839 723 342
s 1840 2480 1222
s 1841 1842 964
s 1842 701 384
s 1843 402 202
s 1844 312 161
s 1845 1126 506
s 1846 2154 1131
s 1847 1225 622
s 1848 552 307
s 1849 292 177
s 1850 381 200
s 1851 449 223
s 1852 1109 609
s 1853 225 127
s 1854 1250 726
s 1855 481 248
s 1856 652 288
s 1857 123 60
s 1858 72 33
s 1859 1037 554
s 1860 814 431
s 1861 895 468
s 1862 961 501
s 1863 1547 825
s 1864 441 201
s 1865 196 85
s 1866 2158 1135
s 1867 952 478
s 1868 1590 885
s 1869 193 108
s 1870 489 260
s 1871 340 173
s 1872 464 249
s 1873 301 156
s 1874 182 99
s 1875 246 120
s 1876 1046 543
s 1877 1589 799
s 1878 3160 1606
s 1879 1626 853
s 1880 1090 570
s 1881 130 73
s 1882 588 306
s 1883 634 311
s 1884 250 142
s 1885 2074 1102
s 1886 194 103
s 1887 196 111
s 1888 486 236
s 1889 1259 605
s 1890 706 333
s 1891 214 93
s 1892 1070 575
s 1893 1040 526
s 1894 286 155
s 1895 140 75
s 1896 1136 586
s 1897 1516 748
s 1898 1159 587
s 1899 713 371
s 1900 541 248
s 1901 1248 610
s 1902 1113 603
s 1903 768 409
s 1904 1571 835
s 1905 396 203
s 1906 590 278
s 1911 1128 569
s 1912 638 299
s 1913 991 493
s 1915 1598 830
s 1918 700 361
s 1920 1547 745
s 1921 610 283
s 1923 1049 526
s 1927 1477 800
s 1928 628 322
s 1929 408 210
s 1930 349 170
s 1937 599 279
s 1947 316 161
s 2057 2695 1441
s 2058 33 15
s 2059 555 218
s 2060 26 11
s 2061 782 408
s 2062 4477 2319
s 2063 760 414
s 2064 396 215
s 2065 1088 536
s 2066 42 18
s 2067 610 300
s 2068 787 414
s 2069 2389 1194
s 2070 1741 891
s 2071 603 315
s 2073 2233 1121
s 2074 3436 1803
s 2075 1888 1027
s 2076 742 343
s 2077 1612 838
s 2078 2036 1027
s 2079 2327 1288
s 2080 363 200
s 2081 920 532
s 2082 743 374
s 2083 1114 539
s 2084 1921 979
s 2085 493 251
s 2086 293 141
s 2087 1394 694
s 2088 625 311
s 2089 53 27
s 2090 715 392
s 2091 859 460
s 2092 31 16
s 2093 580 314
s 2094 79 37
s 2095 837 468
s 2096 44 19
s 2097 2705 1512
s 2098 678 363
s 2099 570 322
s 2100 428 236
s 2101 687 296
s 2102 24 12
s 2103 1622 837
s 2104 132 79
s 2105 298 162
s 2106 480 248
s 2107 681 329
s 2108 1682 921
s 2109 165 82
s 2110 2044 1211
s 2111 379 185
s 2112 810 384
s 2113 168 83
s 2114 64 29
s 2115 19 8
s 2116 846 403
s 2117 1477 787
s 2118 68 21
s 2119 2837 1538
s 2120 408 210
s 2121 173 84
s 2122 2941 1587
s 2123 1120 578
s 2124 2752 1561
s 2125 275 142
s 2126 708 384
s 2127 317 147
s 2128 114 52
s 2129 238 120
s 2130 169 87
s 2131 259 135
s 2132 1394 739
s 2133 1691 841
s 2134 4218 2229
s 2135 1963 1077
s 2136 1836 1032
s 2137 19 9
s 2138 789 425
s 2139 441 235
s 2140 352 195
s 2141 519 261
s 2142 14 7
s 2143 26 17
s 2144 825 421
s 2145 2258 1194
s 2146 1005 485
s 2147 302 147
s 2148 1170 594
s 2149 1589 814
s 2150 274 147
s 2151 169 85
s 2152 1832 951
s 2153 1830 970
s 2154 1976 1059
s 2155 1250 675
s 2156 921 472
s 2157 30 15
s 2158 1171 657
s 2159 856 459
s 2160 1709 865
s 2161 562 307
s 2162 328 138
s 2167 1717 910
s 2168 1022 517
s 2169 1550 829
s 2171 2177 1091
s 2174 1108 582
s 2176 2039 1039
s 2177 836 428
s 2179 1179 576
s 2183 1983 1040
s 2184 779 431
s 2185 702 387
s 2186 152 73
s 2193 236 107
s 2203 414 221
s 2314 729 353
s 2315 1039 407
s 2316 2109 1048
s 2317 814 411
s 2318 3116 1612
s 2319 790 408
s 2320 379 172
s 2321 1229 593
s 2322 2591 1311
s 2323 1201 562
s 2324 817 414
s 2325 2419 1209
s 2326 1038 525
s 2327 674 333
s 2329 2158 954
s 2330 2073 989
s 2331 1159 603
s 2332 788 360
s 2333 1700 782
s 2334 1131 541
s 2335 1159 591
s 2336 510 235
s 2337 828 465
s 2338 717 359
s 2339 1025 482
s 2340 2313 1133
s 2341 338 175
s 2342 358 166
s 2343 1372 656
s 2344 314 160
s 2345 913 462
s 2346 1261 670
s 2347 769 391
s 2348 830 396
s 2349 336 173
s 2350 671 301
s 2351 770 386
s 2352 2661 1347
s 2353 3671 2008
s 2354 486 246
s 2355 437 218
s 2356 476 255
s 2357 1286 576
s 2358 2816 1468
s 2359 1454 735
s 2360 612 312
s 2361 243 130
s 2362 318 164
s 2363 646 292
s 2364 1799 881
s 2365 230 109
s 2366 1092 539
s 2367 389 179
s 2368 452 202
s 2369 137 64
s 2370 43 21
s 2371 1157 597
s 2372 493 225
s 2373 1659 839
s 2374 1019 502
s 2375 1613 822
s 2376 388 186
s 2377 206 88
s 2378 2853 1458
s 2379 666 311
s 2380 3001 1679
s 2381 344 171
s 2382 865 451
s 2383 291 138
s 2384 621 314
s 2385 360 162
s 2386 256 123
s 2387 204 85
s 2388 1014 501
s 2389 1429 662
s 2390 2305 1185
s 2391 1146 590
s 2392 1186 617
s 2393 124 69
s 2394 741 402
s 2395 525 293
s 2396 277 140
s 2397 2617 1338
s 2398 218 100
s 2399 276 148
s 2400 971 462
s 2401 1593 777
s 2402 1101 482
s 2403 302 145
s 2404 883 453
s 2405 867 406
s 2406 248 124
s 2407 143 78
s 2408 1726 920
s 2409 1153 548
s 2410 2267 1148
s 2411 1005 527
s 2412 875 409
s 2413 1271 586
s 2414 791 405
s 2415 593 325
s 2416 1208 587
s 2417 627 336
s 2418 789 359
s 2423 1033 513
s 2424 1075 507
s 2425 651 335
s 2427 1280 580
s 2430 1088 532
s 2432 1400 692
s 2433 866 381
s 2435 785 383
s 2439 2153 1058
s 2440 772 386
s 2441 766 390
s 2442 339 154
s 2449 721 340
s 2459 441 213
s 2571 192 71
s 2572 17 8
s 2573 223 101
s 2574 1336 671
s 2575 181 83
s 2576 100 50
s 2577 278 135
s 2578 24 8
s 2579 209 85
s 2580 230 112
s 2581 611 288
s 2582 474 242
s 2583 182 81
s 2585 567 271
s 2586 922 466
s 2587 425 203
s 2588 212 88
s 2589 407 184
s 2590 533 269
s 2591 529 251
s 2592 87 35
s 2593 258 148
s 2594 254 112
s 2595 251 118
s 2596 520 235
s 2597 179 85
s 2598 105 53
s 2599 345 161
s 2600 154 71
s 2601 24 13
s 2602 170 95
s 2603 231 106
s 2604 7 5
s 2605 166 83
s 2606 27 12
s 2607 214 98
s 2608 24 13
s 2609 801 408
s 2610 217 111
s 2611 165 80
s 2612 90 38
s 2613 197 81
s 2614 19 7
s 2615 438 221
s 2616 32 18
s 2617 108 57
s 2618 129 69
s 2619 201 96
s 2620 503 254
s 2621 64 39
s 2622 564 301
s 2623 96 52
s 2624 238 102
s 2625 43 20
s 2626 23 6
s 2627 7 4
s 2628 269 117
s 2629 439 228
s 2630 32 18
s 2631 808 399
s 2632 118 59
s 2633 36 10
s 2634 932 497
s 2635 353 169
s 2636 755 413
s 2637 85 40
s 2638 209 109
s 2639 91 37
s 2640 47 24
s 2641 71 37
s 2642 84 47
s 2643 85 32
s 2644 401 203
s 2645 590 268
s 2646 1159 557
s 2647 542 252
s 2648 540 269
s 2649 6 3
s 2650 258 135
s 2651 164 81
s 2652 97 57
s 2653 194 107
s 2654 3 1
s 2655 14 6
s 2656 242 109
s 2657 534 285
s 2658 313 140
s 2659 100 43
s 2660 465 232
s 2661 472 231
s 2662 108 59
s 2663 54 25
s 2664 498 252
s 2665 646 323
s 2666 574 265
s 2667 333 164
s 2668 236 108
s 2669 17 5
s 2670 355 192
s 2671 277 126
s 2672 557 292
s 2673 169 74
s 2674 111 65
s 2679 431 223
s 2680 285 120
s 2681 396 211
s 2683 610 272
s 2686 293 134
s 2688 570 268
s 2689 223 109
s 2691 378 184
s 2695 611 307
s 2696 285 137
s 2697 221 110
s 2698 40 20
s 2705 82 35
s 2715 135 67
s 2828 505 219
s 2829 145 57
s 2830 1901 754
s 2831 259 109
s 2832 146 53
s 2833 227 90
s 2834 553 207
s 2835 395 132
s 2836 436 177
s 2837 1032 375
s 2838 607 218
s 2839 255 93
s 2841 524 184
s 2842 1373 526
s 2843 792 308
s 2844 382 144
s 2845 634 243
s 2846 715 265
s 2847 745 321
s 2848 149 59
s 2849 415 203
s 2850 198 71
s 2851 309 116
s 2852 688 263
s 2853 201 70
s 2854 144 52
s 2855 299 100
s 2856 200 81
s 2857 211 92
s 2858 370 161
s 2859 231 91
s 2860 216 85
s 2861 204 89
s 2862 199 68
s 2863 266 101
s 2864 673 239
s 2865 1022 433
s 2866 306 130
s 2867 281 113
s 2868 119 64
s 2869 420 137
s 2870 645 276
s 2871 685 288
s 2872 125 53
s 2873 191 87
s 2874 163 62
s 2875 210 70
s 2876 679 291
s 2877 68 25
s 2878 787 353
s 2879 202 76
s 2880 342 98
s 2881 63 29
s 2882 37 14
s 2883 229 95
s 2884 359 130
s 2885 525 188
s 2886 312 119
s 2887 1277 578
s 2888 163 56
s 2889 82 25
s 2890 860 312
s 2891 436 164
s 2892 497 200
s 2893 107 44
s 2894 293 121
s 2895 163 51
s 2896 117 40
s 2897 159 71
s 2898 73 36
s 2899 158 45
s 2900 712 270
s 2901 921 342
s 2902 1730 673
s 2903 776 343
s 2904 666 285
s 2905 43 17
s 2906 219 81
s 2907 263 108
s 2908 135 64
s 2909 642 245
s 2910 68 22
s 2911 67 21
s 2912 432 176
s 2913 919 357
s 2914 361 124
s 2915 137 47
s 2916 888 365
s 2917 572 223
s 2918 161 65
s 2919 64 25
s 2920 754 308
s 2921 889 335
s 2922 392 156
s 2923 423 165
s 2924 362 111
s 2925 295 96
s 2926 477 189
s 2927 394 177
s 2928 700 268
s 2929 112 53
s 2930 228 79
s 2935 610 255
s 2936 322 117
s 2937 532 214
s 2939 896 334
s 2942 273 104
s 2944 725 254
s 2945 447 152
s 2947 521 197
s 2951 867 339
s 2952 364 149
s 2953 251 112
s 2954 107 37
s 2961 165 54
s 2971 198 65
s 3085 629 303
s 3086 3756 1924
s 3087 457 241
s 3088 313 153
s 3089 801 407
s 3090 54 23
s 3091 531 242
s 3092 597 302
s 3093 1839 926
s 3094 1384 724
s 3095 526 275
s 3097 1746 878
s 3098 2562 1299
s 3099 1221 661
s 3100 557 256
s 3101 1360 683
s 3102 1640 899
s 3103 1543 837
s 3104 253 143
s 3105 780 451
s 3106 649 335
s 3107 841 433
s 3108 1386 711
s 3109 446 212
s 3110 290 145
s 3111 1042 542
s 3112 425 224
s 3113 34 24
s 3114 464 253
s 3115 623 335
s 3116 18 9
s 3117 500 283
s 3118 82 41
s 3119 692 351
s 3120 37 19
s 3121 2551 1332
s 3122 799 430
s 3123 466 260
s 3124 339 185
s 3125 528 256
s 3126 20 10
s 3127 1375 715
s 3128 124 59
s 3129 294 168
s 3130 373 182
s 3131 568 292
s 3132 1398 754
s 3133 174 88
s 3134 1565 881
s 3135 311 145
s 3136 657 299
s 3137 171 82
s 3138 78 42
s 3139 15 8
s 3140 809 456
s 3141 1074 571
s 3142 54 30
s 3143 2175 1177
s 3144 387 211
s 3145 119 65
s 3146 2757 1515
s 3147 856 448
s 3148 2009 1098
s 3149 244 127
s 3150 608 319
s 3151 300 144
s 3152 110 60
s 3153 160 68
s 3154 138 68
s 3155 243 122
s 3156 1003 487
s 3157 1559 790
s 3158 3417 1796
s 3159 1610 911
s 3160 1398 738
s 3161 8 2
s 3162 816 454
s 3163 431 212
s 3164 285 141
s 3165 395 189
s 3166 11 5
s 3167 11 8
s 3168 659 316
s 3169 1358 659
s 3170 835 400
s 3171 265 125
s 3172 991 496
s 3173 1192 641
s 3174 221 114
s 3175 166 98
s 3176 1323 744
s 3177 1919 1026
s 3178 1668 889
s 3179 1041 554
s 3180 619 302
s 3181 24 14
s 3182 1081 580
s 3183 764 391
s 3184 1742 978
s 3185 473 255
s 3186 281 138
s 3191 1256 658
s 3192 873 415
s 3193 1229 648
s 3195 1850 931
s 3198 890 428
s 3200 1683 885
s 3201 659 323
s 3203 1187 606
s 3207 1715 908
s 3208 711 354
s 3209 578 306
s 3210 79 41
s 3217 221 93
s 3227 432 210
s 3342 1223 628
s 3343 169 87
s 3344 72 31
s 3345 11 7
s 3346 700 371
s 3347 306 136
s 3348 279 149
s 3349 792 395
s 3350 331 181
s 3351 108 50
s 3353 88 42
s 3354 874 443
s 3355 446 216
s 3356 189 90
s 3357 383 191
s 3358 535 272
s 3359 507 260
s 3360 87 50
s 3361 274 141
s 3362 15 5
s 3363 77 33
s 3364 434 221
s 3365 147 80
s 3366 86 36
s 3367 71 24
s 3368 149 62
s 3369 214 100
s 3370 245 128
s 3371 112 57
s 3372 220 108
s 3373 116 63
s 3374 183 75
s 3375 116 56
s 3376 705 352
s 3377 550 296
s 3378 215 124
s 3379 193 99
s 3380 39 24
s 3381 382 183
s 3382 711 383
s 3383 461 223
s 3384 124 57
s 3385 81 53
s 3386 127 65
s 3387 68 27
s 3388 490 253
s 3389 32 19
s 3390 641 362
s 3391 150 62
s 3392 209 90
s 3393 32 22
s 3394 25 9
s 3395 305 154
s 3396 215 111
s 3397 425 220
s 3398 286 144
s 3399 710 367
s 3400 174 76
s 3401 61 28
s 3402 202 93
s 3403 270 122
s 3404 53 26
s 3405 83 41
s 3406 222 106
s 3407 108 55
s 3408 157 78
s 3409 100 44
s 3410 28 17
s 3411 75 28
s 3412 355 178
s 3413 538 226
s 3414 1066 534
s 3415 538 246
s 3416 425 228
s 3417 22 15
s 3418 103 56
s 3419 170 91
s 3420 77 31
s 3421 640 339
s 3422 45 20
s 3423 49 26
s 3424 214 100
s 3425 404 185
s 3426 303 150
s 3427 93 46
s 3428 367 187
s 3429 369 187
s 3430 70 36
s 3431 50 29
s 3432 412 206
s 3433 530 276
s 3434 19 6
s 3435 224 102
s 3436 229 100
s 3437 340 155
s 3438 285 137
s 3439 204 112
s 3440 541 268
s 3441 17 3
s 3442 173 67
s 3447 482 259
s 3448 102 51
s 3449 334 171
s 3451 713 336
s 3454 50 25
s 3456 397 182
s 3457 220 109
s 3459 365 165
s 3463 590 313
s 3464 159 65
s 3465 139 58
s 3466 107 60
s 3473 157 62
s 3483 162 70
s 3599 1494 723
s 3600 601 292
s 3601 1723 790
s 3602 3922 2025
s 3603 1694 784
s 3604 1761 878
s 3605 4951 2466
s 3606 2263 1139
s 3607 906 438
s 3609 3863 1836
s 3610 4288 2107
s 3611 2185 1070
s 3612 1069 494
s 3613 2095 969
s 3614 2464 1221
s 3615 2657 1428
s 3616 862 455
s 3617 1507 831
s 3618 1420 725
s 3619 2083 1057
s 3620 3802 1893
s 3621 806 388
s 3622 509 232
s 3623 2175 1052
s 3624 741 372
s 3625 1531 753
s 3626 1559 840
s 3627 1377 710
s 3628 1461 714
s 3629 827 431
s 3630 1375 629
s 3631 1573 784
s 3632 4994 2494
s 3633 4464 2310
s 3634 1132 605
s 3635 624 327
s 3636 864 474
s 3637 2256 1055
s 3638 4088 2137
s 3639 2677 1371
s 3640 1164 608
s 3641 528 272
s 3642 657 329
s 3643 1076 504
s 3644 2347 1196
s 3645 392 177
s 3646 1903 1054
s 3647 858 443
s 3648 1100 546
s 3649 273 131
s 3650 96 59
s 3651 1838 977
s 3652 1351 713
s 3653 2016 954
s 3654 1798 907
s 3655 2546 1308
s 3656 811 358
s 3657 390 185
s 3658 5255 2788
s 3659 1635 846
s 3660 4397 2442
s 3661 444 220
s 3662 1071 558
s 3663 581 277
s 3664 897 439
s 3665 552 277
s 3666 402 211
s 3667 369 169
s 3668 1596 793
s 3669 2307 1064
s 3670 5628 2942
s 3671 2642 1373
s 3672 2115 1126
s 3673 233 124
s 3674 1396 758
s 3675 1319 689
s 3676 608 336
s 3677 4038 2041
s 3678 424 222
s 3679 437 237
s 3680 1081 530
s 3681 2389 1119
s 3682 1337 604
s 3683 476 219
s 3684 1586 748
s 3685 1965 993
s 3686 484 232
s 3687 278 150
s 3688 2424 1191
s 3689 2679 1374
s 3690 3202 1586
s 3691 1639 863
s 3692 1130 536
s 3693 2274 1066
s 3694 1927 1047
s 3695 1546 817
s 3696 2523 1316
s 3697 1155 617
s 3698 1292 618
s 3703 2208 1143
s 3704 1683 752
s 3705 2138 1121
s 3707 2874 1393
s 3710 1823 873
s 3712 3032 1508
s 3713 1151 533
s 3715 1871 904
s 3719 2968 1480
s 3720 1301 656
s 3721 1130 575
s 3722 725 361
s 3729 1277 600
s 3739 712 336
s 3856 74 40
s 3857 333 162
s 3858 634 316
s 3859 360 175
s 3860 278 146
s 3861 781 378
s 3862 506 269
s 3863 131 61
s 3865 583 280
s 3866 1009 496
s 3867 630 335
s 3868 112 50
s 3869 193 101
s 3870 583 308
s 3871 613 294
s 3872 165 89
s 3873 137 70
s 3874 208 100
s 3875 361 178
s 3876 499 255
s 3877 186 95
s 3878 51 27
s 3879 379 177
s 3880 188 83
s 3881 279 140
s 3882 262 134
s 3883 158 81
s 3884 219 99
s 3885 160 81
s 3886 138 56
s 3887 174 70
s 3888 582 285
s 3889 590 270
s 3890 215 120
s 3891 260 127
s 3892 121 66
s 3893 343 155
s 3894 710 367
s 3895 202 104
s 3896 156 80
s 3897 83 43
s 3898 125 54
s 3899 141 69
s 3900 228 117
s 3901 45 19
s 3902 647 334
s 3903 130 62
s 3904 240 108
s 3905 29 19
s 3906 11 5
s 3907 314 160
s 3908 261 141
s 3909 211 89
s 3910 281 146
s 3911 953 525
s 3912 154 68
s 3913 76 37
s 3914 775 401
s 3915 339 153
s 3916 734 390
s 3917 45 27
s 3918 98 48
s 3919 79 42
s 3920 141 81
s 3921 90 53
s 3922 70 34
s 3923 103 45
s 3924 508 249
s 3925 524 237
s 3926 1250 642
s 3927 629 324
s 3928 650 348
s 3929 43 22
s 3930 186 98
s 3931 315 159
s 3932 68 47
s 3933 747 376
s 3934 58 24
s 3935 71 36
s 3936 124 61
s 3937 371 172
s 3938 140 53
s 3939 51 23
s 3940 528 274
s 3941 445 224
s 3942 106 57
s 3943 55 34
s 3944 244 131
s 3945 504 273
s 3946 531 275
s 3947 431 227
s 3948 113 55
s 3949 232 100
s 3950 291 145
s 3951 267 139
s 3952 428 210
s 3953 148 74
s 3954 236 113
s 3959 514 259
s 3960 270 142
s 3961 333 160
s 3963 607 269
s 3966 338 155
s 3968 492 246
s 3969 136 77
s 3971 315 163
s 3975 314 170
s 3976 265 130
s 3977 123 67
s 3978 85 41
s 3985 201 88
s 3995 113 60
s 4113 95 50
s 4114 294 123
s 4115 137 53
s 4116 129 63
s 4117 408 192
s 4118 257 118
s 4119 49 23
s 4121 238 96
s 4122 461 200
s 4123 276 128
s 4124 37 18
s 4125 81 34
s 4126 269 120
s 4127 282 124
s 4128 64 20
s 4129 63 33
s 4130 64 20
s 4131 141 60
s 4132 208 105
s 4133 103 53
s 4134 24 14
s 4135 138 56
s 4136 79 34
s 4137 127 66
s 4138 115 52
s 4139 70 39
s 4140 142 65
s 4141 93 48
s 4142 113 55
s 4143 90 47
s 4144 362 175
s 4145 226 115
s 4146 111 57
s 4147 75 23
s 4148 50 25
s 4149 202 87
s 4150 348 174
s 4151 74 35
s 4152 85 37
s 4153 33 13
s 4154 60 23
s 4155 66 28
s 4156 95 52
s 4157 34 13
s 4158 222 115
s 4159 86 42
s 4160 123 47
s 4161 20 10
s 4162 12 5
s 4163 196 96
s 4164 145 65
s 4165 78 38
s 4166 168 73
s 4167 321 162
s 4168 75 32
s 4169 26 12
s 4170 358 182
s 4171 166 73
s 4172 251 119
s 4173 23 13
s 4174 37 22
s 4175 65 27
s 4176 81 37
s 4177 38 19
s 4178 14 8
s 4179 42 18
s 4180 170 67
s 4181 246 104
s 4182 636 316
s 4183 246 130
s 4184 211 117
s 4185 23 5
s 4186 117 58
s 4187 90 41
s 4188 34 15
s 4189 329 146
s 4190 30 9
s 4191 37 13
s 4192 56 24
s 4193 177 80
s 4194 65 29
s 4195 24 9
s 4196 193 104
s 4197 199 96
s 4198 38 18
s 4199 25 10
s 4200 92 39
s 4201 244 115
s 4202 174 89
s 4203 129 60
s 4204 53 20
s 4205 162 78
s 4206 150 67
s 4207 131 62
s 4208 281 153
s 4209 69 29
s 4210 121 52
s 4215 237 119
s 4216 84 27
s 4217 171 86
s 4219 285 123
s 4222 121 57
s 4224 260 109
s 4225 61 25
s 4227 188 86
s 4231 131 67
s 4232 82 36
s 4233 47 18
s 4234 64 29
s 4241 98 43
s 4251 45 18
s 4370 986 496
s 4371 414 191
s 4372 386 194
s 4373 1155 566
s 4374 480 238
s 4375 159 73
s 4377 147 65
s 4378 1277 624
s 4379 724 370
s 4380 283 139
s 4381 635 297
s 4382 727 352
s 4383 852 424
s 4384 142 69
s 4385 339 185
s 4386 22 7
s 4387 130 53
s 4388 618 288
s 4389 218 109
s 4390 109 49
s 4391 114 50
s 4392 227 110
s 4393 342 158
s 4394 471 241
s 4395 157 71
s 4396 332 165
s 4397 192 104
s 4398 239 99
s 4399 184 103
s 4400 948 463
s 4401 750 378
s 4402 288 143
s 4403 241 131
s 4404 52 32
s 4405 497 219
s 4406 1131 525
s 4407 670 333
s 4408 218 119
s 4409 117 54
s 4410 214 90
s 4411 81 37
s 4412 719 362
s 4413 23 13
s 4414 863 509
s 4415 224 105
s 4416 332 153
s 4417 42 25
s 4418 23 10
s 4419 447 221
s 4420 302 144
s 4421 647 313
s 4422 373 180
s 4423 1129 581
s 4424 224 106
s 4425 89 36
s 4426 296 153
s 4427 445 218
s 4428 81 45
s 4429 111 58
s 4430 290 144
s 4431 112 52
s 4432 184 85
s 4433 132 67
s 4434 40 20
s 4435 124 62
s 4436 502 245
s 4437 799 370
s 4438 1517 738
s 4439 856 384
s 4440 663 330
s 4441 54 25
s 4442 203 114
s 4443 234 113
s 4444 95 46
s 4445 996 467
s 4446 73 29
s 4447 101 52
s 4448 333 149
s 4449 571 260
s 4450 389 159
s 4451 136 53
s 4452 531 234
s 4453 585 268
s 4454 122 62
s 4455 86 58
s 4456 674 339
s 4457 758 395
s 4458 47 20
s 4459 298 146
s 4460 341 163
s 4461 519 270
s 4462 391 185
s 4463 356 174
s 4464 711 345
s 4465 38 16
s 4466 247 114
s 4471 744 344
s 4472 144 55
s 4473 546 277
s 4475 943 424
s 4478 84 35
s 4480 585 270
s 4481 305 140
s 4483 523 275
s 4487 871 442
s 4488 232 105
s 4489 210 97
s 4490 157 79
s 4497 220 93
s 4507 206 102
s 4627 600 282
s 4628 714 362
s 4629 2346 1232
s 4630 1597 847
s 4631 519 259
s 4633 2036 1007
s 4634 2938 1471
s 4635 1440 757
s 4636 751 389
s 4637 1385 682
s 4638 1665 852
s 4639 1664 875
s 4640 292 170
s 4641 1000 546
s 4642 707 368
s 4643 937 448
s 4644 1712 911
s 4645 595 324
s 4646 307 168
s 4647 1270 643
s 4648 490 233
s 4649 50 22
s 4650 540 282
s 4651 796 422
s 4652 27 13
s 4653 523 286
s 4654 83 38
s 4655 767 384
s 4656 70 35
s 4657 2578 1419
s 4658 740 397
s 4659 514 283
s 4660 417 224
s 4661 622 288
s 4662 37 15
s 4663 1654 894
s 4664 157 84
s 4665 343 196
s 4666 530 273
s 4667 592 296
s 4668 1538 838
s 4669 191 102
s 4670 2096 1289
s 4671 344 179
s 4672 658 323
s 4673 151 69
s 4674 75 29
s 4675 29 11
s 4676 869 423
s 4677 1289 703
s 4678 80 41
s 4679 2546 1418
s 4680 453 206
s 4681 117 55
s 4682 2963 1563
s 4683 1061 529
s 4684 2489 1397
s 4685 342 204
s 4686 701 378
s 4687 380 201
s 4688 112 63
s 4689 185 103
s 4690 197 110
s 4691 226 98
s 4692 1303 684
s 4693 1744 860
s 4694 4023 2106
s 4695 1784 943
s 4696 1593 910
s 4697 13 8
s 4698 885 451
s 4699 631 326
s 4700 359 201
s 4701 560 309
s 4702 10 4
s 4703 32 13
s 4704 686 348
s 4705 1831 927
s 4706 950 458
s 4707 303 150
s 4708 1036 564
s 4709 1393 720
s 4710 254 140
s 4711 159 92
s 4712 1453 783
s 4713 2050 1109
s 4714 1889 986
s 4715 1126 605
s 4716 678 346
s 4717 46 19
s 4718 1211 644
s 4719 971 576
s 4720 1995 1079
s 4721 628 358
s 4722 343 178
s 4727 1581 821
s 4728 920 436
s 4729 1352 722
s 4731 2116 1076
s 4734 1029 532
s 4736 1759 895
s 4737 740 349
s 4739 1236 632
s 4743 1957 1035
s 4744 739 418
s 4745 601 323
s 4746 104 40
s 4753 238 117
s 4763 493 263
s 4884 456 208
s 4885 1277 566
s 4886 632 282
s 4887 265 125
s 4889 893 379
s 4890 1363 577
s 4891 711 324
s 4892 306 133
s 4893 646 278
s 4894 802 380
s 4895 801 368
s 4896 169 78
s 4897 492 246
s 4898 321 156
s 4899 487 194
s 4900 940 437
s 4901 263 131
s 4902 143 64
s 4903 495 219
s 4904 213 93
s 4905 202 94
s 4906 322 158
s 4907 388 164
s 4908 257 133
s 4909 278 126
s 4910 228 90
s 4911 365 161
s 4912 677 294
s 4913 1010 490
s 4914 359 154
s 4915 218 92
s 4916 211 111
s 4917 529 221
s 4918 583 280
s 4919 701 322
s 4920 180 96
s 4921 169 91
s 4922 181 70
s 4923 270 118
s 4924 597 276
s 4925 95 46
s 4926 768 416
s 4927 204 93
s 4928 347 154
s 4929 73 23
s 4930 39 11
s 4931 285 135
s 4932 451 205
s 4933 555 265
s 4934 323 135
s 4935 924 424
s 4936 242 94
s 4937 91 43
s 4938 1319 620
s 4939 455 223
s 4940 1011 485
s 4941 177 89
s 4942 334 151
s 4943 169 73
s 4944 188 87
s 4945 123 45
s 4946 97 52
s 4947 124 52
s 4948 540 238
s 4949 823 337
s 4950 1750 816
s 4951 833 364
s 4952 683 308
s 4953 42 19
s 4954 368 182
s 4955 314 145
s 4956 164 78
s 4957 706 324
s 4958 58 20
s 4959 74 36
s 4960 280 121
s 4961 828 388
s 4962 429 190
s 4963 114 39
s 4964 540 268
s 4965 548 243
s 4966 127 61
s 4967 80 38
s 4968 638 308
s 4969 834 378
s 4970 683 321
s 4971 476 218
s 4972 290 132
s 4973 356 162
s 4974 588 304
s 4975 465 207
s 4976 816 399
s 4977 275 148
s 4978 258 120
s 4983 687 308
s 4984 425 180
s 4985 540 244
s 4987 894 380
s 4990 443 197
s 4992 891 390
s 4993 379 153
s 4995 636 287
s 4999 920 409
s 5000 377 166
s 5001 247 112
s 5002 107 41
s 5009 214 91
s 5019 190 85
s 5141 1038 520
s 5142 613 305
s 5143 246 116
s 5145 873 454
s 5146 1038 501
s 5147 504 262
s 5148 320 152
s 5149 570 280
s 5150 505 268
s 5151 527 273
s 5152 193 104
s 5153 299 176
s 5154 325 176
s 5155 513 256
s 5156 872 422
s 5157 163 75
s 5158 154 79
s 5159 551 266
s 5160 201 87
s 5161 304 156
s 5162 425 222
s 5163 316 159
s 5164 314 183
s 5165 189 109
s 5166 235 106
s 5167 285 145
s 5168 817 424
s 5169 1011 511
s 5170 197 96
s 5171 179 88
s 5172 182 93
s 5173 485 229
s 5174 775 399
s 5175 470 253
s 5176 199 110
s 5177 147 82
s 5178 172 80
s 5179 238 114
s 5180 574 302
s 5181 87 45
s 5182 663 346
s 5183 196 90
s 5184 252 129
s 5185 47 27
s 5186 24 8
s 5187 356 173
s 5188 281 142
s 5189 477 226
s 5190 340 160
s 5191 908 483
s 5192 185 91
s 5193 124 66
s 5194 1276 666
s 5195 376 188
s 5196 1015 534
s 5197 110 57
s 5198 278 156
s 5199 111 55
s 5200 174 86
s 5201 143 75
s 5202 87 56
s 5203 105 56
s 5204 494 233
s 5205 701 348
s 5206 1386 713
s 5207 599 341
s 5208 620 351
s 5209 42 21
s 5210 300 164
s 5211 231 134
s 5212 129 60
s 5213 792 408
s 5214 78 43
s 5215 92 44
s 5216 310 158
s 5217 721 373
s 5218 376 159
s 5219 108 52
s 5220 540 282
s 5221 510 249
s 5222 146 70
s 5223 66 29
s 5224 612 318
s 5225 621 326
s 5226 730 377
s 5227 466 254
s 5228 320 157
s 5229 431 189
s 5230 422 222
s 5231 275 146
s 5232 476 244
s 5233 235 134
s 5234 280 143
s 5239 455 245
s 5240 383 200
s 5241 410 215
s 5243 631 294
s 5246 426 197
s 5248 679 367
s 5249 301 133
s 5251 353 154
s 5255 767 367
s 5256 336 170
s 5257 228 121
s 5258 127 61
s 5265 220 111
s 5275 167 80
s 5398 1564 755
s 5399 640 285
s 5401 2239 1020
s 5402 3258 1564
s 5403 1635 818
s 5404 879 432
s 5405 1686 803
s 5406 1853 961
s 5407 1911 965
s 5408 582 310
s 5409 890 479
s 5410 863 432
s 5411 1194 532
s 5412 2438 1223
s 5413 580 295
s 5414 386 180
s 5415 1409 672
s 5416 532 231
s 5417 878 434
s 5418 1212 639
s 5419 774 375
s 5420 827 380
s 5421 523 286
s 5422 706 328
s 5423 886 429
s 5424 2293 1145
s 5425 3248 1647
s 5426 832 428
s 5427 754 364
s 5428 491 257
s 5429 1430 636
s 5430 2604 1298
s 5431 1477 770
s 5432 537 255
s 5433 368 198
s 5434 470 214
s 5435 713 328
s 5436 1824 961
s 5437 245 123
s 5438 1938 1099
s 5439 523 246
s 5440 781 364
s 5441 160 78
s 5442 75 32
s 5443 1129 592
s 5444 933 448
s 5445 1594 764
s 5446 1087 537
s 5447 2818 1443
s 5448 551 238
s 5449 263 107
s 5450 3328 1696
s 5451 1140 552
s 5452 2759 1484
s 5453 349 188
s 5454 827 437
s 5455 343 150
s 5456 573 313
s 5457 388 202
s 5458 269 148
s 5459 347 157
s 5460 1522 736
s 5461 2292 1098
s 5462 3823 1876
s 5463 1980 1054
s 5464 1757 948
s 5465 145 75
s 5466 888 451
s 5467 728 378
s 5468 387 214
s 5469 2552 1311
s 5470 197 83
s 5471 239 130
s 5472 891 423
s 5473 1887 930
s 5474 1153 512
s 5475 346 136
s 5476 1807 890
s 5477 1331 682
s 5478 415 211
s 5479 193 104
s 5480 1755 909
s 5481 1843 907
s 5482 2198 1117
s 5483 1344 695
s 5484 884 396
s 5485 1190 511
s 5486 1237 640
s 5487 960 496
s 5488 1814 868
s 5489 654 343
s 5490 817 385
s 5495 1511 774
s 5496 1171 509
s 5497 1187 609
s 5499 2060 990
s 5502 1259 627
s 5504 1954 910
s 5505 915 412
s 5507 1243 591
s 5511 2259 1136
s 5512 899 429
s 5513 755 387
s 5514 378 178
s 5521 728 319
s 5531 518 251
s 5655 401 206
s 5657 1037 462
s 5658 1651 808
s 5659 830 443
s 5660 500 230
s 5661 1076 493
s 5662 908 452
s 5663 941 490
s 5664 302 165
s 5665 462 259
s 5666 414 212
s 5667 586 270
s 5668 1277 586
s 5669 251 127
s 5670 218 89
s 5671 654 303
s 5672 228 103
s 5673 719 359
s 5674 748 376
s 5675 396 196
s 5676 604 297
s 5677 222 124
s 5678 447 214
s 5679 479 227
s 5680 1601 767
s 5681 1797 920
s 5682 351 183
s 5683 273 132
s 5684 230 125
s 5685 761 339
s 5686 1754 848
s 5687 823 395
s 5688 395 211
s 5689 217 115
s 5690 205 79
s 5691 359 139
s 5692 1176 614
s 5693 153 78
s 5694 692 360
s 5695 282 138
s 5696 380 163
s 5697 73 37
s 5698 44 19
s 5699 845 440
s 5700 435 195
s 5701 918 463
s 5702 698 375
s 5703 1288 653
s 5704 300 129
s 5705 167 74
s 5706 1548 810
s 5707 509 238
s 5708 1317 717
s 5709 188 101
s 5710 473 239
s 5711 163 73
s 5712 348 177
s 5713 231 114
s 5714 150 81
s 5715 152 84
s 5716 693 345
s 5717 989 454
s 5718 1751 863
s 5719 949 462
s 5720 784 395
s 5721 102 53
s 5722 405 206
s 5723 361 165
s 5724 189 103
s 5725 1535 794
s 5726 128 64
s 5727 176 94
s 5728 584 274
s 5729 1107 544
s 5730 602 279
s 5731 204 86
s 5732 723 339
s 5733 593 290
s 5734 164 73
s 5735 99 52
s 5736 1407 746
s 5737 839 444
s 5738 924 470
s 5739 622 311
s 5740 511 221
s 5741 828 358
s 5742 527 274
s 5743 419 212
s 5744 784 376
s 5745 318 178
s 5746 446 190
s 5751 641 308
s 5752 588 256
s 5753 604 297
s 5755 908 426
s 5758 605 285
s 5760 935 431
s 5761 565 245
s 5763 534 253
s 5767 1251 614
s 5768 485 239
s 5769 418 196
s 5770 214 96
s 5777 441 209
s 5787 289 132
s 5913 424 204
s 5914 779 369
s 5915 423 203
s 5916 89 44
s 5917 171 61
s 5918 449 225
s 5919 443 253
s 5920 102 60
s 5921 129 72
s 5922 118 56
s 5923 245 118
s 5924 351 186
s 5925 138 59
s 5926 39 17
s 5927 199 93
s 5928 133 63
s 5929 213 108
s 5930 165 92
s 5931 141 78
s 5932 222 101
s 5933 159 79
s 5934 169 84
s 5935 132 53
s 5936 650 319
s 5937 366 202
s 5938 198 104
s 5939 143 73
s 5940 85 44
s 5941 362 152
s 5942 570 278
s 5943 153 66
s 5944 135 72
s 5945 78 51
s 5946 82 36
s 5947 110 52
s 5948 170 79
s 5949 34 15
s 5950 428 256
s 5951 123 64
s 5952 162 75
s 5953 23 11
s 5954 16 8
s 5955 259 135
s 5956 247 125
s 5957 172 83
s 5958 240 117
s 5959 533 271
s 5960 151 77
s 5961 62 27
s 5962 603 320
s 5963 263 137
s 5964 446 249
s 5965 37 18
s 5966 76 34
s 5967 94 52
s 5968 133 65
s 5969 60 33
s 5970 56 30
s 5971 81 38
s 5972 285 152
s 5973 419 192
s 5974 1013 485
s 5975 454 201
s 5976 353 186
s 5977 30 15
s 5978 147 76
s 5979 171 89
s 5980 46 21
s 5981 547 268
s 5982 61 30
s 5983 68 32
s 5984 79 34
s 5985 285 125
s 5986 126 46
s 5987 32 15
s 5988 300 137
s 5989 334 146
s 5990 96 47
s 5991 48 21
s 5992 209 108
s 5993 482 218
s 5994 275 131
s 5995 232 118
s 5996 69 34
s 5997 312 137
s 5998 255 122
s 5999 232 119
s 6000 440 229
s 6001 122 70
s 6002 168 79
s 6007 370 173
s 6008 157 67
s 6009 315 163
s 6011 500 219
s 6014 160 72
s 6016 449 218
s 6017 101 42
s 6019 339 165
s 6023 209 100
s 6024 160 73
s 6025 76 33
s 6026 86 40
s 6033 152 74
s 6043 54 20
s 6426 2551 1162
s 6427 1385 670
s 6428 545 254
s 6429 1393 612
s 6430 1537 709
s 6431 1639 805
s 6432 306 152
s 6433 769 392
s 6434 127 53
s 6435 337 130
s 6436 1216 565
s 6437 492 224
s 6438 258 120
s 6439 287 124
s 6440 434 203
s 6441 745 389
s 6442 971 479
s 6443 414 185
s 6444 698 350
s 6445 423 218
s 6446 527 212
s 6447 430 198
s 6448 2249 1010
s 6449 1865 887
s 6450 697 355
s 6451 547 238
s 6452 171 85
s 6453 931 379
s 6454 2292 1081
s 6455 1387 677
s 6456 396 195
s 6457 345 186
s 6458 384 187
s 6459 253 103
s 6460 1595 784
s 6461 105 53
s 6462 1765 964
s 6463 456 200
s 6464 651 295
s 6465 98 35
s 6466 73 28
s 6467 1004 465
s 6468 740 345
s 6469 1211 553
s 6470 926 457
s 6471 2435 1220
s 6472 525 225
s 6473 185 77
s 6474 827 382
s 6475 851 403
s 6476 350 170
s 6477 236 122
s 6478 647 309
s 6479 316 139
s 6480 410 178
s 6481 308 131
s 6482 74 37
s 6483 308 140
s 6484 1118 507
s 6485 1717 725
s 6486 3219 1504
s 6487 1665 842
s 6488 1220 572
s 6489 118 59
s 6490 318 142
s 6491 589 313
s 6492 231 120
s 6493 1872 919
s 6494 177 82
s 6495 227 105
s 6496 751 329
s 6497 1338 628
s 6498 803 358
s 6499 299 118
s 6500 1231 607
s 6501 1056 480
s 6502 324 151
s 6503 151 77
s 6504 1492 722
s 6505 1608 730
s 6506 240 101
s 6507 625 303
s 6508 683 300
s 6509 1060 439
s 6510 812 367
s 6511 807 390
s 6512 1540 725
s 6513 138 61
s 6514 491 228
s 6519 1326 645
s 6520 340 154
s 6521 1314 624
s 6523 1799 764
s 6526 289 113
s 6528 1209 513
s 6529 738 349
s 6531 1138 501
s 6535 1804 836
s 6536 534 251
s 6537 463 214
s 6538 304 132
s 6545 519 212
s 6555 402 194
s 6683 898 419
s 6684 1003 439
s 6685 1968 914
s 6686 1139 581
s 6687 1166 578
s 6688 626 307
s 6689 1003 559
s 6690 908 426
s 6691 1479 667
s 6692 2819 1318
s 6693 414 197
s 6694 425 193
s 6695 1568 713
s 6696 433 196
s 6697 1232 622
s 6698 1408 708
s 6699 896 412
s 6700 1088 522
s 6701 523 279
s 6702 908 405
s 6703 912 458
s 6704 3034 1490
s 6705 3224 1585
s 6706 547 268
s 6707 513 264
s 6708 516 273
s 6709 1631 708
s 6710 3337 1672
s 6711 1656 842
s 6712 776 403
s 6713 339 170
s 6714 398 178
s 6715 741 337
s 6716 2167 1118
s 6717 249 112
s 6718 1767 957
s 6719 629 310
s 6720 552 237
s 6721 182 92
s 6722 54 17
s 6723 1357 681
s 6724 678 339
s 6725 1673 791
s 6726 1530 749
s 6727 2434 1250
s 6728 576 234
s 6729 308 139
s 6730 3761 1855
s 6731 943 469
s 6732 2928 1483
s 6733 402 216
s 6734 963 481
s 6735 268 122
s 6736 662 304
s 6737 475 222
s 6738 293 142
s 6739 204 90
s 6740 1169 528
s 6741 1833 870
s 6742 3524 1677
s 6743 1212 596
s 6744 1593 798
s 6745 173 77
s 6746 861 464
s 6747 666 339
s 6748 400 224
s 6749 3063 1495
s 6750 279 126
s 6751 377 186
s 6752 1030 471
s 6753 2159 1027
s 6754 1425 652
s 6755 423 200
s 6756 1215 570
s 6757 1315 630
s 6758 345 161
s 6759 152 82
s 6760 2327 1151
s 6761 1467 720
s 6762 2080 1028
s 6763 1252 631
s 6764 1075 488
s 6765 1548 710
s 6766 1270 654
s 6767 670 338
s 6768 1212 604
s 6769 747 380
s 6770 1024 476
s 6775 1062 500
s 6776 1186 545
s 6777 1111 552
s 6779 1484 655
s 6782 1305 613
s 6784 1980 926
s 6785 1208 534
s 6787 936 459
s 6791 2724 1394
s 6792 937 466
s 6793 837 436
s 6794 497 241
s 6801 918 425
s 6811 521 249
s 6940 565 265
s 6941 1073 523
s 6942 441 226
s 6943 463 217
s 6944 363 204
s 6945 512 293
s 6946 519 282
s 6947 794 418
s 6948 1563 782
s 6949 158 77
s 6950 203 102
s 6951 845 425
s 6952 222 108
s 6953 617 305
s 6954 743 408
s 6955 525 277
s 6956 558 297
s 6957 292 152
s 6958 485 212
s 6959 541 260
s 6960 1493 750
s 6961 1764 932
s 6962 214 110
s 6963 208 108
s 6964 306 156
s 6965 851 390
s 6966 1657 882
s 6967 856 461
s 6968 436 235
s 6969 165 80
s 6970 190 98
s 6971 403 192
s 6972 1093 572
s 6973 145 71
s 6974 876 489
s 6975 346 163
s 6976 236 104
s 6977 90 52
s 6978 26 11
s 6979 700 361
s 6980 329 170
s 6981 930 483
s 6982 955 495
s 6983 1233 638
s 6984 273 125
s 6985 159 86
s 6986 2113 1123
s 6987 430 209
s 6988 1657 904
s 6989 188 95
s 6990 447 243
s 6991 92 41
s 6992 359 181
s 6993 218 118
s 6994 167 89
s 6995 91 43
s 6996 525 226
s 6997 987 459
s 6998 1820 954
s 6999 503 254
s 7000 840 468
s 7001 88 55
s 7002 484 260
s 7003 275 139
s 7004 206 120
s 7005 1727 893
s 7006 118 60
s 7007 183 88
s 7008 545 266
s 7009 1139 603
s 7010 771 375
s 7011 226 86
s 7012 586 305
s 7013 695 337
s 7014 150 74
s 7015 89 48
s 7016 1155 583
s 7017 681 333
s 7018 1228 628
s 7019 681 366
s 7020 566 267
s 7021 861 426
s 7022 651 348
s 7023 255 133
s 7024 463 249
s 7025 359 183
s 7026 585 298
s 7031 511 268
s 7032 654 300
s 7033 452 250
s 7035 680 325
s 7038 754 378
s 7040 1050 551
s 7041 601 281
s 7043 363 177
s 7047 1420 773
s 7048 454 244
s 7049 428 212
s 7050 230 112
s 7057 447 202
s 7067 222 119
s 7197 93 43
s 7198 578 273
s 7199 583 270
s 7200 130 62
s 7201 75 42
s 7202 236 102
s 7203 340 141
s 7204 389 183
s 7205 187 86
s 7206 31 14
s 7207 348 145
s 7208 184 82
s 7209 227 119
s 7210 181 107
s 7211 130 63
s 7212 312 154
s 7213 167 72
s 7214 298 134
s 7215 180 80
s 7216 718 357
s 7217 428 226
s 7218 252 138
s 7219 169 90
s 7220 120 67
s 7221 416 175
s 7222 807 388
s 7223 103 54
s 7224 242 122
s 7225 64 31
s 7226 132 65
s 7227 158 66
s 7228 92 45
s 7229 56 29
s 7230 490 245
s 7231 182 80
s 7232 257 108
s 7233 32 13
s 7234 32 16
s 7235 273 131
s 7236 241 95
s 7237 99 38
s 7238 293 145
s 7239 666 325
s 7240 178 74
s 7241 63 26
s 7242 860 408
s 7243 352 161
s 7244 698 349
s 7245 32 16
s 7246 53 28
s 7247 120 51
s 7248 146 69
s 7249 58 29
s 7250 55 23
s 7251 96 46
s 7252 378 169
s 7253 526 238
s 7254 1317 662
s 7255 595 337
s 7256 409 223
s 7257 35 12
s 7258 235 121
s 7259 289 133
s 7260 61 30
s 7261 642 298
s 7262 59 24
s 7263 72 39
s 7264 45 24
s 7265 298 144
s 7266 83 31
s 7267 23 9
s 7268 359 180
s 7269 410 182
s 7270 84 43
s 7271 57 30
s 7272 108 57
s 7273 588 259
s 7274 520 223
s 7275 298 132
s 7276 48 20
s 7277 377 150
s 7278 301 140
s 7279 271 124
s 7280 498 256
s 7281 166 73
s 7282 232 96
s 7287 491 207
s 7288 257 116
s 7289 419 216
s 7291 676 300
s 7294 294 147
s 7296 531 225
s 7297 62 32
s 7299 399 185
s 7303 161 81
s 7304 213 98
s 7305 64 28
s 7306 115 56
s 7313 250 115
s 7323 70 33
s 7454 1103 523
s 7455 1149 552
s 7456 277 130
s 7457 108 51
s 7458 449 210
s 7459 787 348
s 7460 895 400
s 7461 346 166
s 7462 47 22
s 7463 811 350
s 7464 314 159
s 7465 498 234
s 7466 296 154
s 7467 317 125
s 7468 514 249
s 7469 367 174
s 7470 442 198
s 7471 352 165
s 7472 1643 774
s 7473 792 400
s 7474 462 225
s 7475 336 154
s 7476 306 150
s 7477 762 320
s 7478 1483 711
s 7479 82 39
s 7480 358 199
s 7481 158 79
s 7482 224 96
s 7483 318 148
s 7484 72 39
s 7485 131 60
s 7486 1095 593
s 7487 351 167
s 7488 500 235
s 7489 73 40
s 7490 59 32
s 7491 678 330
s 7492 667 305
s 7493 103 39
s 7494 571 289
s 7495 1299 651
s 7496 313 125
s 7497 147 55
s 7498 2541 1257
s 7499 684 303
s 7500 1552 779
s 7501 40 27
s 7502 55 30
s 7503 241 97
s 7504 324 145
s 7505 119 56
s 7506 142 79
s 7507 200 84
s 7508 695 312
s 7509 1038 488
s 7510 2783 1323
s 7511 1182 578
s 7512 1061 542
s 7513 75 30
s 7514 513 269
s 7515 425 209
s 7516 109 55
s 7517 1411 678
s 7518 141 49
s 7519 146 64
s 7520 34 13
s 7521 494 204
s 7522 117 52
s 7523 20 6
s 7524 731 358
s 7525 920 437
s 7526 190 74
s 7527 76 39
s 7528 114 47
s 7529 1258 579
s 7530 1104 505
s 7531 604 292
s 7532 39 18
s 7533 922 419
s 7534 701 366
s 7535 657 300
s 7536 1048 486
s 7537 413 215
s 7538 430 187
s 7543 957 446
s 7544 449 206
s 7545 844 421
s 7547 1416 644
s 7550 606 281
s 7552 1206 565
s 7553 68 28
s 7555 804 362
s 7559 160 80
s 7560 542 259
s 7561 146 67
s 7562 256 120
s 7569 411 172
s 7579 138 64
s 7711 397 207
s 7712 347 186
s 7713 651 368
s 7714 560 257
s 7715 844 374
s 7716 1625 791
s 7717 141 77
s 7718 274 129
s 7719 929 451
s 7720 190 88
s 7721 615 327
s 7722 775 414
s 7723 564 264
s 7724 666 346
s 7725 278 134
s 7726 444 213
s 7727 616 320
s 7728 1751 869
s 7729 2212 1216
s 7730 155 81
s 7731 243 124
s 7732 274 148
s 7733 854 373
s 7734 1882 930
s 7735 1132 587
s 7736 421 219
s 7737 161 98
s 7738 184 85
s 7739 473 225
s 7740 1234 657
s 7741 175 84
s 7742 1153 673
s 7743 317 153
s 7744 232 94
s 7745 124 54
s 7746 17 7
s 7747 864 478
s 7748 245 115
s 7749 1033 533
s 7750 798 397
s 7751 1543 863
s 7752 305 128
s 7753 161 73
s 7754 2137 1101
s 7755 374 174
s 7756 1875 1021
s 7757 213 117
s 7758 570 291
s 7759 127 56
s 7760 392 191
s 7761 272 145
s 7762 185 98
s 7763 73 27
s 7764 551 248
s 7765 805 366
s 7766 2096 1020
s 7767 441 238
s 7768 967 484
s 7769 98 49
s 7770 567 295
s 7771 393 198
s 7772 231 138
s 7773 1807 940
s 7774 159 68
s 7775 181 85
s 7776 599 293
s 7777 1235 631
s 7778 777 353
s 7779 217 89
s 7780 599 292
s 7781 715 355
s 7782 122 62
s 7783 69 36
s 7784 1210 634
s 7785 826 427
s 7786 1422 703
s 7787 801 409
s 7788 650 272
s 7789 922 416
s 7790 689 338
s 7791 195 106
s 7792 465 224
s 7793 502 290
s 7794 532 249
s 7799 657 339
s 7800 813 410
s 7801 530 267
s 7803 970 456
s 7806 766 393
s 7808 1025 488
s 7809 628 286
s 7811 412 211
s 7815 1509 749
s 7816 581 290
s 7817 519 257
s 7818 236 112
s 7825 576 276
s 7835 298 147
s 7968 429 226
s 7969 617 374
s 7970 594 307
s 7971 766 368
s 7972 1635 789
s 7973 139 70
s 7974 255 130
s 7975 1040 506
s 7976 201 105
s 7977 724 399
s 7978 883 454
s 7979 534 259
s 7980 635 322
s 7981 239 137
s 7982 480 216
s 7983 565 284
s 7984 1830 932
s 7985 2190 1163
s 7986 183 96
s 7987 233 112
s 7988 361 209
s 7989 841 416
s 7990 2038 1074
s 7991 1197 651
s 7992 462 237
s 7993 180 87
s 7994 219 99
s 7995 472 257
s 7996 1367 726
s 7997 197 102
s 7998 1193 717
s 7999 349 178
s 8000 206 94
s 8001 102 57
s 8002 16 7
s 8003 935 517
s 8004 224 110
s 8005 1176 630
s 8006 856 477
s 8007 1574 873
s 8008 287 127
s 8009 167 73
s 8010 2213 1149
s 8011 415 220
s 8012 2031 1131
s 8013 264 151
s 8014 518 260
s 8015 127 66
s 8016 445 241
s 8017 270 137
s 8018 188 96
s 8019 93 41
s 8020 519 273
s 8021 842 396
s 8022 2143 1097
s 8023 443 244
s 8024 1031 575
s 8025 87 50
s 8026 574 311
s 8027 314 165
s 8028 231 137
s 8029 2025 1088
s 8030 148 73
s 8031 176 89
s 8032 633 320
s 8033 1329 681
s 8034 802 374
s 8035 229 114
s 8036 569 305
s 8037 664 331
s 8038 123 71
s 8039 97 51
s 8040 1323 729
s 8041 791 412
s 8042 1502 766
s 8043 872 446
s 8044 633 272
s 8045 956 478
s 8046 635 344
s 8047 195 104
s 8048 397 206
s 8049 475 259
s 8050 656 331
s 8055 668 354
s 8056 790 402
s 8057 1642 895
s 8059 916 440
s 8062 857 452
s 8064 1078 534
s 8065 664 325
s 8067 406 186
s 8071 1662 912
s 8072 571 318
s 8073 560 301
s 8074 245 124
s 8081 590 286
s 8091 285 120
s 8225 127 71
s 8226 113 61
s 8227 190 100
s 8228 438 236
s 8229 129 71
s 8230 59 34
s 8231 166 85
s 8232 105 57
s 8233 97 48
s 8234 236 122
s 8235 153 76
s 8236 105 50
s 8237 114 57
s 8238 78 39
s 8239 154 82
s 8240 304 163
s 8241 398 211
s 8242 128 78
s 8243 94 53
s 8244 83 41
s 8245 255 139
s 8246 314 168
s 8247 286 171
s 8248 62 28
s 8249 57 33
s 8250 76 42
s 8251 106 54
s 8252 274 150
s 8253 32 21
s 8254 301 174
s 8255 82 39
s 8256 154 78
s 8257 31 12
s 8258 17 12
s 8259 150 86
s 8260 154 81
s 8261 271 138
s 8262 145 65
s 8263 552 321
s 8264 129 72
s 8265 50 30
s 8266 400 206
s 8267 236 126
s 8268 323 191
s 8269 52 28
s 8270 128 59
s 8271 77 50
s 8272 81 45
s 8273 50 29
s 8274 31 18
s 8275 58 25
s 8276 275 134
s 8277 370 212
s 8278 835 441
s 8279 378 217
s 8280 339 187
s 8281 14 5
s 8282 111 59
s 8283 85 45
s 8284 59 29
s 8285 349 182
s 8286 26 16
s 8287 39 24
s 8288 171 88
s 8289 309 176
s 8290 177 99
s 8291 57 31
s 8292 209 109
s 8293 262 129
s 8294 56 32
s 8295 39 24
s 8296 342 185
s 8297 337 206
s 8298 231 125
s 8299 198 106
s 8300 173 86
s 8301 128 54
s 8302 196 103
s 8303 153 86
s 8304 303 162
s 8305 80 46
s 8306 130 65
s 8311 353 192
s 8312 151 75
s 8313 295 167
s 8315 472 245
s 8318 143 75
s 8320 378 206
s 8321 144 82
s 8323 229 107
s 8327 394 215
s 8328 147 74
s 8329 122 64
s 8330 46 24
s 8337 89 54
s 8347 83 41
s 8482 312 181
s 8483 347 186
s 8484 530 308
s 8485 198 113
s 8486 58 30
s 8487 384 203
s 8488 150 72
s 8489 235 124
s 8490 203 114
s 8491 166 88
s 8492 311 178
s 8493 189 111
s 8494 267 150
s 8495 197 109
s 8496 1045 564
s 8497 766 456
s 8498 303 168
s 8499 268 143
s 8500 195 113
s 8501 430 242
s 8502 989 580
s 8503 80 50
s 8504 218 131
s 8505 90 58
s 8506 148 81
s 8507 199 100
s 8508 121 80
s 8509 95 46
s 8510 847 503
s 8511 159 92
s 8512 267 141
s 8513 48 27
s 8514 31 21
s 8515 370 217
s 8516 342 209
s 8517 116 57
s 8518 413 238
s 8519 1087 658
s 8520 197 103
s 8521 97 55
s 8522 1209 713
s 8523 427 241
s 8524 966 601
s 8525 40 26
s 8526 70 36
s 8527 116 59
s 8528 228 123
s 8529 78 45
s 8530 105 59
s 8531 126 59
s 8532 438 226
s 8533 685 381
s 8534 1697 939
s 8535 668 385
s 8536 691 417
s 8537 52 32
s 8538 262 139
s 8539 317 177
s 8540 72 43
s 8541 870 482
s 8542 76 39
s 8543 103 58
s 8544 49 21
s 8545 382 197
s 8546 122 59
s 8547 28 12
s 8548 621 325
s 8549 411 226
s 8550 106 62
s 8551 67 30
s 8552 142 83
s 8553 709 400
s 8554 768 425
s 8555 499 283
s 8556 57 36
s 8557 546 282
s 8558 340 191
s 8559 305 179
s 8560 772 428
s 8561 274 174
s 8562 289 153
s 8567 539 330
s 8568 307 157
s 8569 384 219
s 8571 763 396
s 8574 383 227
s 8576 584 342
s 8577 78 44
s 8579 525 278
s 8583 173 90
s 8584 306 171
s 8585 120 75
s 8586 137 85
s 8593 338 178
s 8603 117 65
s 8739 115 45
s 8740 420 202
s 8741 159 72
s 8742 87 33
s 8743 79 37
s 8744 161 69
s 8745 270 150
s 8746 383 203
s 8747 139 71
s 8748 281 142
s 8749 139 68
s 8750 243 107
s 8751 143 70
s 8752 889 429
s 8753 682 340
s 8754 301 157
s 8755 209 109
s 8756 49 27
s 8757 336 137
s 8758 871 436
s 8759 495 234
s 8760 151 76
s 8761 124 66
s 8762 111 48
s 8763 95 40
s 8764 593 318
s 8765 50 25
s 8766 728 392
s 8767 170 88
s 8768 245 108
s 8769 35 19
s 8770 28 13
s 8771 328 171
s 8772 246 115
s 8773 392 180
s 8774 360 174
s 8775 920 489
s 8776 159 64
s 8777 70 38
s 8778 252 113
s 8779 344 183
s 8780 84 40
s 8781 101 46
s 8782 248 123
s 8783 117 63
s 8784 184 94
s 8785 123 73
s 8786 30 11
s 8787 104 45
s 8788 410 194
s 8789 624 295
s 8790 1156 574
s 8791 634 353
s 8792 509 271
s 8793 50 27
s 8794 119 57
s 8795 214 111
s 8796 89 51
s 8797 681 363
s 8798 61 30
s 8799 94 54
s 8800 256 111
s 8801 474 228
s 8802 270 132
s 8803 127 62
s 8804 452 216
s 8805 397 182
s 8806 129 64
s 8807 81 38
s 8808 523 276
s 8809 717 350
s 8810 44 19
s 8811 237 124
s 8812 243 123
s 8813 455 210
s 8814 350 160
s 8815 333 180
s 8816 660 364
s 8817 39 17
s 8818 175 92
s 8823 477 226
s 8824 120 56
s 8825 535 276
s 8827 666 319
s 8830 67 36
s 8832 477 235
s 8833 264 130
s 8835 473 226
s 8839 717 350
s 8840 221 101
s 8841 162 83
s 8842 119 60
s 8849 199 97
s 8859 166 89
s 8996 829 391
s 8997 256 112
s 8998 134 61
s 8999 274 125
s 9000 246 110
s 9001 453 203
s 9002 552 281
s 9003 229 102
s 9004 356 159
s 9005 232 125
s 9006 251 104
s 9007 211 98
s 9008 983 458
s 9009 956 483
s 9010 354 175
s 9011 307 156
s 9012 121 61
s 9013 519 203
s 9014 1163 528
s 9015 655 288
s 9016 196 89
s 9017 165 92
s 9018 178 89
s 9019 152 62
s 9020 798 409
s 9021 59 26
s 9022 823 452
s 9023 245 109
s 9024 381 152
s 9025 63 30
s 9026 28 14
s 9027 532 269
s 9028 401 176
s 9029 582 269
s 9030 493 245
s 9031 1237 619
s 9032 245 106
s 9033 108 44
s 9034 662 313
s 9035 491 216
s 9036 306 143
s 9037 130 54
s 9038 339 159
s 9039 140 64
s 9040 197 88
s 9041 196 100
s 9042 43 19
s 9043 152 65
s 9044 693 331
s 9045 862 362
s 9046 1668 765
s 9047 826 411
s 9048 673 342
s 9049 66 29
s 9050 168 83
s 9051 307 156
s 9052 103 53
s 9053 1061 516
s 9054 83 33
s 9055 87 40
s 9056 454 220
s 9057 745 366
s 9058 423 196
s 9059 153 50
s 9060 635 313
s 9061 541 247
s 9062 175 74
s 9063 96 49
s 9064 811 378
s 9065 774 373
s 9066 260 121
s 9067 397 174
s 9068 429 158
s 9069 438 189
s 9070 482 241
s 9071 407 213
s 9072 699 299
s 9073 75 30
s 9074 290 121
s 9079 717 335
s 9080 241 99
s 9081 501 231
s 9083 835 384
s 9086 205 79
s 9088 710 321
s 9089 485 198
s 9091 528 201
s 9095 895 431
s 9096 319 119
s 9097 240 114
s 9098 152 65
s 9105 237 100
s 9115 181 76
s 9253 482 218
s 9254 189 103
s 9255 781 364
s 9256 474 213
s 9257 680 326
s 9258 650 337
s 9259 386 169
s 9260 594 277
s 9261 446 230
s 9262 487 225
s 9263 527 258
s 9264 1749 824
s 9265 1785 925
s 9266 620 318
s 9267 639 321
s 9268 273 128
s 9269 1131 502
s 9270 1639 779
s 9271 904 447
s 9272 400 201
s 9273 273 148
s 9274 352 174
s 9275 414 185
s 9276 843 454
s 9277 124 60
s 9278 1787 989
s 9279 485 234
s 9280 681 332
s 9281 102 45
s 9282 63 30
s 9283 683 354
s 9284 813 365
s 9285 877 398
s 9286 800 436
s 9287 2565 1348
s 9288 521 216
s 9289 170 66
s 9290 1953 1000
s 9291 1009 479
s 9292 1499 796
s 9293 155 88
s 9294 430 210
s 9295 315 142
s 9296 394 190
s 9297 270 131
s 9298 156 81
s 9299 264 116
s 9300 1143 548
s 9301 1616 725
s 9302 3467 1732
s 9303 1660 893
s 9304 1598 854
s 9305 89 44
s 9306 527 273
s 9307 569 280
s 9308 231 108
s 9309 1938 975
s 9310 155 64
s 9311 196 90
s 9312 451 205
s 9313 1223 627
s 9314 566 240
s 9315 163 69
s 9316 1179 591
s 9317 1195 564
s 9318 297 152
s 9319 159 95
s 9320 1006 538
s 9321 1572 783
s 9322 1165 587
s 9323 941 499
s 9324 466 218
s 9325 807 370
s 9326 870 411
s 9327 821 433
s 9328 1261 621
s 9329 366 198
s 9330 624 286
s 9335 1421 740
s 9336 609 269
s 9337 1192 574
s 9339 1845 869
s 9342 671 331
s 9344 1457 678
s 9345 481 208
s 9347 1079 537
s 9351 1176 601
s 9352 651 324
s 9353 361 183
s 9354 266 134
s 9361 486 213
s 9371 361 188
s 9510 75 36
s 9511 304 144
s 9512 58 24
s 9513 217 102
s 9514 233 121
s 9515 197 99
s 9516 232 103
s 9517 64 29
s 9518 163 73
s 9519 185 83
s 9520 564 262
s 9521 753 382
s 9522 48 20
s 9523 91 45
s 9524 84 46
s 9525 226 102
s 9526 668 314
s 9527 349 162
s 9528 139 57
s 9529 42 24
s 9530 46 20
s 9531 162 76
s 9532 402 213
s 9533 60 28
s 9534 298 156
s 9535 110 46
s 9536 55 25
s 9537 31 13
s 9538 4 2
s 9539 312 166
s 9540 69 27
s 9541 282 129
s 9542 261 133
s 9543 536 287
s 9544 87 35
s 9545 55 24
s 9546 735 365
s 9547 102 44
s 9548 580 320
s 9549 76 46
s 9550 159 83
s 9551 39 22
s 9552 97 45
s 9553 87 44
s 9554 58 28
s 9555 23 10
s 9556 171 94
s 9557 259 111
s 9558 670 320
s 9559 106 56
s 9560 345 181
s 9561 21 12
s 9562 173 75
s 9563 102 39
s 9564 69 35
s 9565 566 298
s 9566 41 18
s 9567 49 25
s 9568 183 87
s 9569 410 203
s 9570 225 109
s 9571 72 32
s 9572 223 125
s 9573 224 113
s 9574 42 17
s 9575 26 13
s 9576 369 186
s 9577 288 136
s 9578 420 208
s 9579 259 128
s 9580 203 70
s 9581 294 129
s 9582 209 87
s 9583 78 41
s 9584 125 63
s 9585 148 72
s 9586 197 94
s 9591 219 106
s 9592 223 82
s 9593 155 60
s 9595 269 116
s 9598 241 119
s 9600 340 156
s 9601 203 98
s 9603 127 53
s 9607 442 212
s 9608 169 83
s 9609 164 84
s 9610 86 32
s 9617 152 63
s 9627 81 49
s 9767 126 56
s 9768 81 33
s 9769 94 45
s 9770 48 23
s 9771 63 31
s 9772 118 46
s 9773 87 49
s 9774 126 63
s 9775 58 27
s 9776 394 187
s 9777 223 110
s 9778 117 71
s 9779 71 36
s 9780 77 39
s 9781 203 101
s 9782 328 156
s 9783 55 27
s 9784 84 44
s 9785 41 26
s 9786 57 27
s 9787 76 41
s 9788 53 30
s 9789 33 21
s 9790 241 127
s 9791 78 34
s 9792 121 63
s 9793 26 10
s 9794 19 8
s 9795 147 74
s 9796 128 61
s 9797 38 22
s 9798 147 73
s 9799 288 147
s 9800 85 39
s 9801 43 16
s 9802 402 197
s 9803 137 70
s 9804 276 150
s 9805 18 11
s 9806 28 12
s 9807 63 31
s 9808 78 40
s 9809 30 15
s 9810 38 18
s 9811 30 14
s 9812 165 71
s 9813 209 100
s 9814 572 272
s 9815 288 146
s 9816 219 113
s 9817 17 7
s 9818 177 92
s 9819 125 60
s 9820 30 18
s 9821 294 131
s 9822 25 8
s 9823 35 20
s 9824 15 6
s 9825 129 64
s 9826 52 18
s 9827 7 2
s 9828 225 97
s 9829 200 88
s 9830 38 17
s 9831 25 11
s 9832 64 35
s 9833 291 145
s 9834 215 108
s 9835 122 68
s 9836 19 9
s 9837 208 104
s 9838 148 63
s 9839 122 62
s 9840 292 158
s 9841 89 45
s 9842 91 38
s 9847 219 110
s 9848 100 55
s 9849 201 101
s 9851 308 148
s 9854 124 58
s 9856 238 123
s 9857 22 9
s 9859 214 103
s 9863 102 51
s 9864 109 50
s 9865 53 29
s 9866 69 29
s 9873 104 44
s 9883 42 23
s 10024 287 112
s 10025 483 236
s 10026 620 305
s 10027 234 115
s 10028 426 210
s 10029 266 128
s 10030 334 152
s 10031 240 114
s 10032 1254 616
s 10033 1049 529
s 10034 343 168
s 10035 309 139
s 10036 94 51
s 10037 657 268
s 10038 1361 663
s 10039 741 344
s 10040 240 112
s 10041 147 73
s 10042 195 90
s 10043 142 58
s 10044 830 434
s 10045 58 30
s 10046 1022 546
s 10047 293 123
s 10048 381 176
s 10049 52 27
s 10050 35 15
s 10051 604 314
s 10052 399 181
s 10053 749 330
s 10054 512 241
s 10055 1380 710
s 10056 309 136
s 10057 147 63
s 10058 551 259
s 10059 477 234
s 10060 264 125
s 10061 125 67
s 10062 343 171
s 10063 131 57
s 10064 232 109
s 10065 177 84
s 10066 42 24
s 10067 143 75
s 10068 656 289
s 10069 945 444
s 10070 1935 896
s 10071 1016 460
s 10072 805 436
s 10073 68 30
s 10074 164 78
s 10075 268 128
s 10076 146 68
s 10077 1211 602
s 10078 112 49
s 10079 131 61
s 10080 393 171
s 10081 737 325
s 10082 454 190
s 10083 151 63
s 10084 682 322
s 10085 671 305
s 10086 186 89
s 10087 82 42
s 10088 911 465
s 10089 830 405
s 10090 167 82
s 10091 393 194
s 10092 435 189
s 10093 592 262
s 10094 492 249
s 10095 401 188
s 10096 808 402
s 10097 76 32
s 10098 337 140
s 10103 819 385
s 10104 219 93
s 10105 608 310
s 10107 1061 511
s 10110 177 80
s 10112 709 321
s 10113 447 207
s 10115 605 285
s 10119 981 503
s 10120 284 121
s 10121 252 119
s 10122 192 99
s 10129 272 111
s 10139 228 109
s 10281 214 101
s 10282 257 127
s 10283 132 65
s 10284 187 90
s 10285 67 29
s 10286 124 50
s 10287 223 86
s 10288 471 216
s 10289 597 307
s 10290 53 29
s 10291 87 40
s 10292 117 57
s 10293 250 101
s 10294 555 273
s 10295 259 120
s 10296 139 70
s 10297 47 25
s 10298 56 32
s 10299 120 50
s 10300 330 168
s 10301 45 20
s 10302 254 123
s 10303 88 48
s 10304 94 39
s 10305 29 11
s 10306 7 4
s 10307 228 104
s 10308 83 30
s 10309 265 116
s 10310 245 120
s 10311 350 171
s 10312 71 36
s 10313 53 23
s 10314 620 308
s 10315 109 44
s 10316 590 319
s 10317 72 48
s 10318 138 76
s 10319 38 19
s 10320 121 53
s 10321 70 31
s 10322 54 34
s 10323 33 13
s 10324 218 92
s 10325 253 103
s 10326 552 268
s 10327 192 97
s 10328 282 159
s 10329 33 15
s 10330 147 73
s 10331 88 41
s 10332 70 34
s 10333 536 276
s 10334 49 21
s 10335 53 23
s 10336 188 88
s 10337 348 167
s 10338 208 87
s 10339 67 33
s 10340 172 78
s 10341 207 95
s 10342 38 18
s 10343 29 15
s 10344 364 173
s 10345 234 122
s 10346 369 169
s 10347 215 103
s 10348 171 65
s 10349 225 101
s 10350 172 68
s 10351 101 53
s 10352 139 67
s 10353 110 50
s 10354 182 83
s 10359 176 80
s 10360 213 95
s 10361 173 93
s 10363 282 128
s 10366 221 107
s 10368 274 122
s 10369 155 77
s 10371 108 59
s 10375 398 200
s 10376 166 79
s 10377 125 54
s 10378 74 30
s 10385 158 62
s 10395 93 41
s 10538 239 132
s 10539 289 139
s 10540 29 9
s 10541 204 117
s 10542 53 20
s 10543 273 141
s 10544 96 48
s 10545 810 421
s 10546 216 98
s 10547 174 87
s 10548 152 87
s 10549 299 143
s 10550 48 28
s 10551 531 285
s 10552 80 39
s 10553 84 39
s 10554 177 78
s 10555 186 90
s 10556 500 260
s 10557 40 21
s 10558 645 365
s 10559 130 60
s 10560 280 139
s 10561 37 20
s 10562 17 10
s 10563 20 10
s 10564 424 215
s 10565 419 225
s 10566 49 23
s 10567 804 429
s 10568 136 62
s 10569 78 34
s 10570 2148 1146
s 10571 434 210
s 10572 785 419
s 10573 89 43
s 10574 225 118
s 10575 121 65
s 10576 41 14
s 10577 64 27
s 10578 53 26
s 10579 92 48
s 10580 452 211
s 10581 633 307
s 10582 1512 788
s 10583 686 351
s 10584 585 328
s 10585 8 5
s 10586 265 143
s 10587 161 81
s 10588 111 76
s 10589 227 110
s 10590 10 4
s 10591 14 6
s 10592 298 145
s 10593 547 275
s 10594 341 164
s 10595 115 48
s 10596 413 213
s 10597 638 321
s 10598 97 46
s 10599 65 31
s 10600 580 296
s 10601 626 320
s 10602 501 247
s 10603 400 197
s 10604 358 185
s 10605 30 14
s 10606 551 296
s 10607 291 147
s 10608 505 255
s 10609 176 100
s 10610 120 62
s 10615 613 316
s 10616 290 132
s 10617 460 250
s 10619 750 384
s 10622 344 170
s 10624 1048 537
s 10625 296 138
s 10627 416 197
s 10631 773 413
s 10632 272 124
s 10633 187 93
s 10634 40 24
s 10641 60 29
s 10651 151 79
s 10795 248 135
s 10796 236 105
s 10797 243 123
s 10798 189 95
s 10799 312 166
s 10800 641 326
s 10801 689 365
s 10802 268 141
s 10803 227 112
s 10804 207 112
s 10805 525 247
s 10806 597 298
s 10807 246 130
s 10808 234 129
s 10809 113 59
s 10810 200 96
s 10811 246 129
s 10812 281 154
s 10813 59 27
s 10814 753 444
s 10815 227 102
s 10816 375 187
s 10817 49 24
s 10818 22 11
s 10819 270 137
s 10820 433 230
s 10821 261 137
s 10822 281 149
s 10823 947 531
s 10824 220 121
s 10825 80 34
s 10826 1319 741
s 10827 522 258
s 10828 1099 633
s 10829 64 37
s 10830 167 105
s 10831 126 58
s 10832 152 64
s 10833 68 30
s 10834 75 45
s 10835 113 60
s 10836 549 270
s 10837 727 382
s 10838 1839 937
s 10839 859 461
s 10840 741 417
s 10841 34 14
s 10842 339 192
s 10843 222 124
s 10844 108 53
s 10845 723 377
s 10846 65 30
s 10847 71 36
s 10848 155 89
s 10849 461 244
s 10850 164 62
s 10851 62 27
s 10852 436 227
s 10853 701 351
s 10854 120 66
s 10855 71 39
s 10856 308 160
s 10857 754 406
s 10858 753 383
s 10859 413 243
s 10860 149 70
s 10861 273 137
s 10862 480 266
s 10863 346 184
s 10864 612 320
s 10865 245 134
s 10866 273 129
s 10871 707 384
s 10872 347 181
s 10873 591 321
s 10875 860 408
s 10878 407 208
s 10880 734 369
s 10881 172 82
s 10883 473 221
s 10887 379 210
s 10888 324 170
s 10889 166 90
s 10890 143 71
s 10897 212 96
s 10907 114 57
s 11052 260 123
s 11053 148 79
s 11054 206 107
s 11055 179 91
s 11056 773 357
s 11057 572 298
s 11058 210 107
s 11059 211 97
s 11060 104 56
s 11061 349 151
s 11062 749 378
s 11063 243 129
s 11064 160 80
s 11065 63 32
s 11066 114 49
s 11067 123 68
s 11068 275 140
s 11069 38 19
s 11070 695 391
s 11071 170 81
s 11072 228 111
s 11073 27 15
s 11074 31 15
s 11075 352 199
s 11076 256 117
s 11077 289 138
s 11078 305 160
s 11079 972 499
s 11080 135 63
s 11081 76 29
s 11082 575 302
s 11083 295 144
s 11084 391 186
s 11085 62 27
s 11086 121 67
s 11087 94 42
s 11088 151 80
s 11089 97 58
s 11090 48 21
s 11091 102 43
s 11092 408 201
s 11093 597 276
s 11094 1144 557
s 11095 603 297
s 11096 575 300
s 11097 34 17
s 11098 173 90
s 11099 199 103
s 11100 65 34
s 11101 705 336
s 11102 50 27
s 11103 55 22
s 11104 166 80
s 11105 435 232
s 11106 195 87
s 11107 52 21
s 11108 423 209
s 11109 346 161
s 11110 97 59
s 11111 49 27
s 11112 298 154
s 11113 523 240
s 11114 348 177
s 11115 347 173
s 11116 158 73
s 11117 414 187
s 11118 295 145
s 11119 273 126
s 11120 466 238
s 11121 124 53
s 11122 207 100
s 11127 487 240
s 11128 183 80
s 11129 360 181
s 11131 602 305
s 11134 213 111
s 11136 442 208
s 11137 146 72
s 11139 369 181
s 11143 430 204
s 11144 282 124
s 11145 140 61
s 11146 110 44
s 11153 201 86
s 11163 102 46
s 11309 186 86
s 11310 34 8
s 11311 294 151
s 11312 51 24
s 11313 908 457
s 11314 327 184
s 11315 169 79
s 11316 151 72
s 11317 236 91
s 11318 35 15
s 11319 509 247
s 11320 55 26
s 11321 113 54
s 11322 139 60
s 11323 211 93
s 11324 531 277
s 11325 59 24
s 11326 629 343
s 11327 137 65
s 11328 272 131
s 11329 54 28
s 11330 25 15
s 11331 14 8
s 11332 312 167
s 11333 376 180
s 11334 36 14
s 11335 884 464
s 11336 154 58
s 11337 39 13
s 11338 1132 573
s 11339 390 208
s 11340 793 379
s 11341 89 44
s 11342 209 106
s 11343 110 47
s 11344 44 20
s 11345 73 28
s 11346 72 37
s 11347 80 32
s 11348 406 190
s 11349 639 295
s 11350 1433 691
s 11351 649 327
s 11352 522 287
s 11353 2 1
s 11354 302 165
s 11355 166 78
s 11356 105 62
s 11357 187 89
s 11358 5 2
s 11359 17 10
s 11360 252 111
s 11361 826 414
s 11362 316 141
s 11363 119 54
s 11364 450 218
s 11365 455 222
s 11366 121 60
s 11367 61 36
s 11368 589 296
s 11369 732 358
s 11370 575 288
s 11371 351 168
s 11372 266 126
s 11373 16 10
s 11374 453 242
s 11375 348 167
s 11376 559 278
s 11377 184 85
s 11378 113 47
s 11383 475 239
s 11384 320 149
s 11385 522 263
s 11387 617 287
s 11390 364 184
s 11392 654 323
s 11393 308 138
s 11395 412 186
s 11399 710 352
s 11400 283 141
s 11401 216 107
s 11402 28 17
s 11409 72 34
s 11419 149 74
s 11566 138 70
s 11567 132 65
s 11568 607 337
s 11569 627 353
s 11570 94 48
s 11571 112 62
s 11572 91 51
s 11573 266 125
s 11574 570 304
s 11575 308 163
s 11576 131 63
s 11577 62 29
s 11578 64 31
s 11579 133 77
s 11580 335 191
s 11581 40 17
s 11582 247 135
s 11583 104 55
s 11584 118 57
s 11585 30 18
s 11586 18 9
s 11587 242 133
s 11588 103 56
s 11589 297 152
s 11590 233 123
s 11591 434 233
s 11592 101 44
s 11593 56 24
s 11594 602 345
s 11595 134 60
s 11596 484 271
s 11597 47 26
s 11598 148 83
s 11599 49 27
s 11600 117 61
s 11601 85 50
s 11602 51 25
s 11603 37 15
s 11604 246 135
s 11605 319 165
s 11606 656 353
s 11607 244 129
s 11608 284 153
s 11609 24 12
s 11610 140 76
s 11611 122 66
s 11612 66 39
s 11613 510 257
s 11614 52 27
s 11615 55 30
s 11616 216 100
s 11617 376 220
s 11618 239 110
s 11619 63 29
s 11620 193 91
s 11621 216 97
s 11622 43 26
s 11623 37 18
s 11624 365 200
s 11625 286 160
s 11626 327 172
s 11627 225 123
s 11628 208 97
s 11629 272 138
s 11630 219 122
s 11631 94 54
s 11632 210 107
s 11633 106 53
s 11634 156 78
s 11639 215 118
s 11640 211 101
s 11641 191 108
s 11643 280 145
s 11646 228 125
s 11648 309 144
s 11649 191 96
s 11651 142 64
s 11655 444 256
s 11656 153 89
s 11657 138 63
s 11658 97 47
s 11665 156 81
s 11675 86 42
s 11823 208 85
s 11824 94 43
s 11825 820 402
s 11826 223 113
s 11827 212 105
s 11828 111 56
s 11829 202 88
s 11830 91 33
s 11831 431 225
s 11832 38 12
s 11833 136 53
s 11834 115 52
s 11835 167 74
s 11836 465 216
s 11837 56 30
s 11838 544 261
s 11839 118 61
s 11840 230 109
s 11841 42 16
s 11842 31 17
s 11843 32 16
s 11844 255 115
s 11845 332 145
s 11846 76 31
s 11847 795 364
s 11848 141 65
s 11849 33 10
s 11850 933 458
s 11851 282 127
s 11852 633 328
s 11853 82 40
s 11854 237 115
s 11855 122 59
s 11856 42 21
s 11857 60 33
s 11858 59 28
s 11859 100 42
s 11860 446 203
s 11861 604 265
s 11862 1233 576
s 11863 534 266
s 11864 458 209
s 11865 9 4
s 11866 242 120
s 11867 168 79
s 11868 107 62
s 11869 199 86
s 11870 6 1
s 11871 16 10
s 11872 263 116
s 11873 523 222
s 11874 300 134
s 11875 85 38
s 11876 463 206
s 11877 353 156
s 11878 93 41
s 11879 55 28
s 11880 454 221
s 11881 591 289
s 11882 507 246
s 11883 375 188
s 11884 209 89
s 11885 57 18
s 11886 388 180
s 11887 292 131
s 11888 546 264
s 11889 145 71
s 11890 103 39
s 11895 466 219
s 11896 280 117
s 11897 351 159
s 11899 639 301
s 11902 295 147
s 11904 543 213
s 11905 271 104
s 11907 420 195
s 11911 563 260
s 11912 236 110
s 11913 203 98
s 11914 38 12
s 11921 87 38
s 11931 150 66
s 12080 761 368
s 12081 743 372
s 12082 239 122
s 12083 236 115
s 12084 103 56
s 12085 418 184
s 12086 833 425
s 12087 305 152
s 12088 164 88
s 12089 89 48
s 12090 137 71
s 12091 120 47
s 12092 316 174
s 12093 42 15
s 12094 670 344
s 12095 147 71
s 12096 229 108
s 12097 38 15
s 12098 27 17
s 12099 384 202
s 12100 224 102
s 12101 331 159
s 12102 334 165
s 12103 934 495
s 12104 174 84
s 12105 86 38
s 12106 632 341
s 12107 321 147
s 12108 472 251
s 12109 82 46
s 12110 159 71
s 12111 101 52
s 12112 161 84
s 12113 107 48
s 12114 50 26
s 12115 91 38
s 12116 470 219
s 12117 569 267
s 12118 1217 610
s 12119 596 295
s 12120 532 305
s 12121 32 20
s 12122 185 100
s 12123 195 100
s 12124 83 48
s 12125 770 408
s 12126 55 25
s 12127 92 42
s 12128 158 73
s 12129 471 236
s 12130 206 83
s 12131 68 34
s 12132 446 219
s 12133 432 211
s 12134 106 51
s 12135 60 29
s 12136 338 173
s 12137 583 306
s 12138 362 178
s 12139 346 180
s 12140 177 82
s 12141 388 177
s 12142 300 136
s 12143 256 131
s 12144 542 273
s 12145 103 41
s 12146 218 98
s 12151 482 238
s 12152 204 88
s 12153 360 176
s 12155 607 284
s 12158 219 107
s 12160 503 252
s 12161 159 71
s 12163 385 184
s 12167 395 192
s 12168 231 110
s 12169 152 68
s 12170 108 49
s 12177 224 97
s 12187 133 69
s 12337 3202 1619
s 12338 882 485
s 12339 712 345
s 12340 462 230
s 12341 655 292
s 12342 68 36
s 12343 1718 860
s 12344 146 75
s 12345 412 225
s 12346 444 219
s 12347 734 350
s 12348 1857 1025
s 12349 255 131
s 12350 2151 1194
s 12351 412 203
s 12352 761 367
s 12353 191 89
s 12354 75 37
s 12355 40 20
s 12356 849 404
s 12357 1432 698
s 12358 112 49
s 12359 2808 1511
s 12360 434 220
s 12361 160 64
s 12362 3284 1669
s 12363 1005 488
s 12364 2632 1423
s 12365 361 197
s 12366 767 414
s 12367 469 224
s 12368 159 78
s 12369 237 122
s 12370 270 143
s 12371 371 177
s 12372 1552 751
s 12373 2231 1059
s 12374 4179 2039
s 12375 1888 948
s 12376 1773 948
s 12377 11 6
s 12378 1036 552
s 12379 1074 554
s 12380 493 286
s 12381 583 293
s 12382 17 4
s 12383 30 14
s 12384 783 355
s 12385 1939 973
s 12386 1064 492
s 12387 344 149
s 12388 1616 831
s 12389 1484 737
s 12390 393 186
s 12391 226 123
s 12392 1722 928
s 12393 2308 1131
s 12394 1966 1009
s 12395 1262 650
s 12396 777 312
s 12397 49 14
s 12398 1295 647
s 12399 1124 596
s 12400 2047 1013
s 12401 684 341
s 12402 397 190
s 12407 1603 799
s 12408 1120 521
s 12409 1391 708
s 12411 2331 1108
s 12414 1130 571
s 12416 1978 937
s 12417 919 450
s 12419 1444 732
s 12423 2290 1138
s 12424 966 491
s 12425 801 412
s 12426 102 49
s 12433 271 120
s 12443 521 248
s 12594 1089 570
s 12595 639 365
s 12596 474 268
s 12597 1327 641
s 12598 2727 1437
s 12599 1017 557
s 12600 780 443
s 12601 312 160
s 12602 514 266
s 12603 497 245
s 12604 953 537
s 12605 195 99
s 12606 2389 1421
s 12607 644 356
s 12608 821 403
s 12609 136 69
s 12610 96 43
s 12611 1261 666
s 12612 1278 692
s 12613 848 428
s 12614 1086 610
s 12615 2719 1482
s 12616 655 331
s 12617 263 128
s 12618 2710 1466
s 12619 1143 567
s 12620 1976 1096
s 12621 218 112
s 12622 494 282
s 12623 464 219
s 12624 627 329
s 12625 254 132
s 12626 211 108
s 12627 334 157
s 12628 1455 770
s 12629 2123 1119
s 12630 4700 2496
s 12631 2140 1122
s 12632 1681 943
s 12633 155 78
s 12634 927 490
s 12635 1042 550
s 12636 324 186
s 12637 2453 1302
s 12638 230 119
s 12639 258 124
s 12640 429 199
s 12641 1364 728
s 12642 619 315
s 12643 167 81
s 12644 1466 760
s 12645 1710 851
s 12646 376 201
s 12647 200 112
s 12648 792 398
s 12649 2730 1460
s 12650 1528 839
s 12651 1041 585
s 12652 444 202
s 12653 1546 794
s 12654 1307 689
s 12655 1240 684
s 12656 2308 1201
s 12657 559 307
s 12658 667 338
s 12663 1882 961
s 12664 700 327
s 12665 1880 1013
s 12667 2867 1442
s 12670 789 418
s 12672 1981 979
s 12673 424 216
s 12675 1724 913
s 12679 1419 782
s 12680 794 416
s 12681 453 244
s 12682 459 235
s 12689 774 381
s 12699 457 243
s 12851 103 52
s 12852 159 82
s 12853 448 187
s 12854 846 443
s 12855 463 258
s 12856 153 74
s 12857 51 35
s 12858 77 39
s 12859 253 128
s 12860 505 286
s 12861 116 58
s 12862 546 326
s 12863 131 67
s 12864 91 39
s 12865 45 25
s 12866 5 3
s 12867 337 187
s 12868 99 57
s 12869 433 232
s 12870 405 218
s 12871 711 396
s 12872 137 64
s 12873 70 27
s 12874 1107 583
s 12875 126 78
s 12876 771 438
s 12877 119 67
s 12878 263 154
s 12879 59 26
s 12880 200 109
s 12881 91 57
s 12882 94 51
s 12883 34 16
s 12884 242 140
s 12885 316 153
s 12886 994 537
s 12887 147 75
s 12888 516 302
s 12889 61 35
s 12890 284 148
s 12891 169 88
s 12892 153 84
s 12893 785 455
s 12894 63 32
s 12895 83 50
s 12896 254 119
s 12897 556 303
s 12898 353 181
s 12899 133 53
s 12900 267 135
s 12901 256 136
s 12902 32 14
s 12903 32 20
s 12904 515 302
s 12905 484 264
s 12906 592 331
s 12907 346 191
s 12908 223 113
s 12909 450 235
s 12910 296 168
s 12911 62 27
s 12912 178 93
s 12913 261 151
s 12914 242 118
s 12919 327 167
s 12920 346 186
s 12921 210 119
s 12923 473 240
s 12926 288 150
s 12928 477 258
s 12929 269 131
s 12931 177 82
s 12935 690 357
s 12936 273 154
s 12937 257 122
s 12938 98 60
s 12945 267 115
s 12955 135 69
s 13108 119 60
s 13109 389 196
s 13110 565 271
s 13111 542 266
s 13112 172 90
s 13113 50 33
s 13114 84 52
s 13115 132 65
s 13116 382 207
s 13117 50 26
s 13118 212 112
s 13119 116 52
s 13120 99 47
s 13121 38 16
s 13122 23 13
s 13123 272 131
s 13124 141 69
s 13125 321 161
s 13126 234 121
s 13127 291 156
s 13128 105 53
s 13129 41 19
s 13130 713 364
s 13131 176 88
s 13132 694 392
s 13133 70 41
s 13134 158 84
s 13135 63 23
s 13136 139 67
s 13137 78 39
s 13138 58 30
s 13139 23 11
s 13140 186 78
s 13141 300 154
s 13142 726 355
s 13143 276 150
s 13144 240 114
s 13145 27 16
s 13146 202 113
s 13147 127 71
s 13148 92 55
s 13149 572 265
s 13150 61 23
s 13151 63 33
s 13152 170 74
s 13153 364 188
s 13154 246 125
s 13155 87 31
s 13156 167 85
s 13157 264 126
s 13158 43 18
s 13159 33 14
s 13160 368 195
s 13161 275 131
s 13162 454 212
s 13163 212 114
s 13164 210 98
s 13165 295 139
s 13166 257 142
s 13167 131 57
s 13168 249 127
s 13169 145 73
s 13170 187 84
s 13175 256 120
s 13176 226 107
s 13177 161 82
s 13179 311 142
s 13182 278 138
s 13184 403 201
s 13185 214 89
s 13187 168 75
s 13191 473 226
s 13192 160 84
s 13193 174 95
s 13194 123 57
s 13201 169 79
s 13211 89 43
s 13365 213 93
s 13366 444 228
s 13367 333 189
s 13368 80 38
s 13369 57 35
s 13370 82 47
s 13371 83 42
s 13372 321 188
s 13373 32 15
s 13374 429 269
s 13375 98 51
s 13376 127 57
s 13377 32 22
s 13378 15 6
s 13379 183 94
s 13380 130 54
s 13381 282 155
s 13382 164 83
s 13383 539 309
s 13384 114 56
s 13385 42 20
s 13386 268 133
s 13387 181 93
s 13388 169 98
s 13389 58 33
s 13390 125 64
s 13391 66 35
s 13392 87 41
s 13393 71 40
s 13394 24 19
s 13395 49 26
s 13396 250 126
s 13397 345 169
s 13398 733 380
s 13399 324 179
s 13400 296 177
s 13401 27 14
s 13402 120 62
s 13403 1208 762
s 13404 75 43
s 13405 434 230
s 13406 25 10
s 13407 43 25
s 13408 162 86
s 13409 311 170
s 13410 184 84
s 13411 57 23
s 13412 281 148
s 13413 250 126
s 13414 64 37
s 13415 36 20
s 13416 304 181
s 13417 380 201
s 13418 130 85
s 13419 167 89
s 13420 164 91
s 13421 220 107
s 13422 209 129
s 13423 178 94
s 13424 359 196
s 13425 66 40
s 13426 106 53
s 13431 362 209
s 13432 118 66
s 13433 268 139
s 13435 410 190
s 13438 90 47
s 13440 309 158
s 13441 153 76
s 13443 268 150
s 13447 406 228
s 13448 133 68
s 13449 122 65
s 13450 63 35
s 13457 114 55
s 13467 124 69
s 13622 703 288
s 13623 833 400
s 13624 162 88
s 13625 169 77
s 13626 227 104
s 13627 360 145
s 13628 877 416
s 13629 92 36
s 13630 1120 591
s 13631 252 113
s 13632 385 151
s 13633 86 42
s 13634 38 12
s 13635 362 172
s 13636 393 175
s 13637 764 348
s 13638 323 132
s 13639 1674 789
s 13640 267 109
s 13641 126 57
s 13642 1425 677
s 13643 546 247
s 13644 1137 546
s 13645 159 61
s 13646 376 173
s 13647 166 62
s 13648 167 70
s 13649 155 60
s 13650 91 47
s 13651 163 66
s 13652 766 341
s 13653 1009 418
s 13654 1998 977
s 13655 913 432
s 13656 927 475
s 13657 37 17
s 13658 397 188
s 13659 266 127
s 13660 185 89
s 13661 834 389
s 13662 62 21
s 13663 85 36
s 13664 465 223
s 13665 828 358
s 13666 519 209
s 13667 153 63
s 13668 888 397
s 13669 687 327
s 13670 170 91
s 13671 108 55
s 13672 939 446
s 13673 925 392
s 13674 948 459
s 13675 618 308
s 13676 481 205
s 13677 320 123
s 13678 548 250
s 13679 372 191
s 13680 799 368
s 13681 269 128
s 13682 328 127
s 13687 843 386
s 13688 558 231
s 13689 544 249
s 13691 1097 484
s 13694 553 243
s 13696 975 429
s 13697 513 228
s 13699 567 265
s 13703 1043 479
s 13704 415 177
s 13705 336 146
s 13706 119 45
s 13713 253 95
s 13723 276 124
s 13879 1657 898
s 13880 187 87
s 13881 316 161
s 13882 489 216
s 13883 629 299
s 13884 1662 883
s 13885 188 95
s 13886 2047 1196
s 13887 429 219
s 13888 787 359
s 13889 181 97
s 13890 82 43
s 13891 23 10
s 13892 985 526
s 13893 1551 778
s 13894 110 51
s 13895 2805 1495
s 13896 426 208
s 13897 137 62
s 13898 3156 1720
s 13899 1127 587
s 13900 2591 1488
s 13901 322 170
s 13902 703 355
s 13903 371 170
s 13904 136 77
s 13905 221 119
s 13906 180 87
s 13907 306 146
s 13908 1211 613
s 13909 1821 866
s 13910 4442 2366
s 13911 1923 1033
s 13912 1675 910
s 13913 23 9
s 13914 867 447
s 13915 637 331
s 13916 360 179
s 13917 560 293
s 13918 12 6
s 13919 33 24
s 13920 811 414
s 13921 1828 911
s 13922 1096 498
s 13923 298 144
s 13924 1176 564
s 13925 1557 787
s 13926 293 144
s 13927 164 87
s 13928 1716 894
s 13929 1908 1032
s 13930 1970 981
s 13931 1203 643
s 13932 822 382
s 13933 43 24
s 13934 1195 614
s 13935 873 425
s 13936 1976 1068
s 13937 645 344
s 13938 319 149
s 13943 1645 845
s 13944 1090 536
s 13945 1508 802
s 13947 2306 1108
s 13950 1084 543
s 13952 2038 1028
s 13953 765 378
s 13955 1407 712
s 13959 2065 1104
s 13960 841 432
s 13961 718 380
s 13962 107 58
s 13969 243 105
s 13979 472 244
s 14136 387 201
s 14137 158 89
s 14138 217 101
s 14139 342 186
s 14140 79 34
s 14141 127 69
s 14142 2995 1749
s 14143 275 122
s 14144 424 199
s 14145 80 44
s 14146 49 17
s 14147 678 353
s 14148 477 220
s 14149 99 48
s 14150 671 384
s 14151 3172 1744
s 14152 319 162
s 14153 144 72
s 14154 1909 1010
s 14155 591 298
s 14156 1686 948
s 14157 38 22
s 14158 46 27
s 14159 204 98
s 14160 341 166
s 14161 95 46
s 14162 150 89
s 14163 206 96
s 14164 670 338
s 14165 867 442
s 14166 2143 1120
s 14167 1203 659
s 14168 1366 756
s 14169 104 62
s 14170 600 321
s 14171 484 270
s 14172 103 65
s 14173 1572 863
s 14174 143 75
s 14175 156 90
s 14176 26 12
s 14177 540 293
s 14178 115 58
s 14179 33 19
s 14180 955 468
s 14181 630 295
s 14182 166 85
s 14183 92 54
s 14184 66 30
s 14185 1118 564
s 14186 1410 730
s 14187 876 468
s 14188 27 12
s 14189 899 439
s 14190 556 269
s 14191 585 307
s 14192 1270 681
s 14193 428 224
s 14194 469 216
s 14199 913 465
s 14200 530 280
s 14201 754 402
s 14203 1164 599
s 14206 642 362
s 14208 978 498
s 14209 41 21
s 14211 770 370
s 14215 166 94
s 14216 523 262
s 14217 186 97
s 14218 240 129
s 14225 501 232
s 14235 173 87
s 14393 105 63
s 14394 103 53
s 14395 125 56
s 14396 445 222
s 14397 55 31
s 14398 427 220
s 14399 86 45
s 14400 173 86
s 14401 46 26
s 14402 22 14
s 14403 85 37
s 14404 182 87
s 14405 339 160
s 14406 88 42
s 14407 668 357
s 14408 98 52
s 14409 42 21
s 14410 632 341
s 14411 244 129
s 14412 483 277
s 14413 71 35
s 14414 179 100
s 14415 81 43
s 14416 44 21
s 14417 61 35
s 14418 50 35
s 14419 97 38
s 14420 322 161
s 14421 527 272
s 14422 962 523
s 14423 446 264
s 14424 347 167
s 14425 15 5
s 14426 196 108
s 14427 125 62
s 14428 76 45
s 14429 233 118
s 14430 16 4
s 14431 17 10
s 14432 209 95
s 14433 405 220
s 14434 246 127
s 14435 58 30
s 14436 510 282
s 14437 321 159
s 14438 94 47
s 14439 61 32
s 14440 425 230
s 14441 463 241
s 14442 388 218
s 14443 286 156
s 14444 182 82
s 14445 70 35
s 14446 256 141
s 14447 210 108
s 14448 404 222
s 14449 126 76
s 14450 109 54
s 14455 382 211
s 14456 204 107
s 14457 300 170
s 14459 493 264
s 14462 218 110
s 14464 437 222
s 14465 216 101
s 14467 300 166
s 14471 487 246
s 14472 209 111
s 14473 188 109
s 14474 35 16
s 14481 91 33
s 14491 95 44
s 14650 32 19
s 14651 82 39
s 14652 181 113
s 14653 44 25
s 14654 223 139
s 14655 72 34
s 14656 102 51
s 14657 18 9
s 14658 8 2
s 14659 140 82
s 14660 90 49
s 14661 107 52
s 14662 158 99
s 14663 274 151
s 14664 69 35
s 14665 38 18
s 14666 444 234
s 14667 105 49
s 14668 344 190
s 14669 35 18
s 14670 64 28
s 14671 29 15
s 14672 79 45
s 14673 42 18
s 14674 32 19
s 14675 22 6
s 14676 128 59
s 14677 155 76
s 14678 575 313
s 14679 173 89
s 14680 192 99
s 14681 22 13
s 14682 128 77
s 14683 107 59
s 14684 37 28
s 14685 298 168
s 14686 30 16
s 14687 34 17
s 14688 70 30
s 14689 214 118
s 14690 87 47
s 14691 26 11
s 14692 139 72
s 14693 161 93
s 14694 31 22
s 14695 21 11
s 14696 148 81
s 14697 248 137
s 14698 265 131
s 14699 129 74
s 14700 52 26
s 14701 178 80
s 14702 137 75
s 14703 80 42
s 14704 183 108
s 14705 97 55
s 14706 99 55
s 14711 158 70
s 14712 112 57
s 14713 152 90
s 14715 253 141
s 14718 132 65
s 14720 228 118
s 14721 77 38
s 14723 134 68
s 14727 220 122
s 14728 106 64
s 14729 70 38
s 14730 72 31
s 14737 98 54
s 14747 55 33
s 14907 128 68
s 14908 223 99
s 14909 37 11
s 14910 300 179
s 14911 63 33
s 14912 96 49
s 14913 24 13
s 14914 10 4
s 14915 220 122
s 14916 86 40
s 14917 215 98
s 14918 193 76
s 14919 396 190
s 14920 96 35
s 14921 60 35
s 14922 474 239
s 14923 134 64
s 14924 462 245
s 14925 61 29
s 14926 130 67
s 14927 32 14
s 14928 106 55
s 14929 49 23
s 14930 35 19
s 14931 36 13
s 14932 182 80
s 14933 239 109
s 14934 526 248
s 14935 226 124
s 14936 297 161
s 14937 23 7
s 14938 122 58
s 14939 98 46
s 14940 60 29
s 14941 429 212
s 14942 33 17
s 14943 52 26
s 14944 151 69
s 14945 251 124
s 14946 151 64
s 14947 50 29
s 14948 202 105
s 14949 183 85
s 14950 30 16
s 14951 17 12
s 14952 244 119
s 14953 225 118
s 14954 379 201
s 14955 246 116
s 14956 128 49
s 14957 206 101
s 14958 150 74
s 14959 73 39
s 14960 162 91
s 14961 108 51
s 14962 159 68
s 14967 246 122
s 14968 197 93
s 14969 151 68
s 14971 300 144
s 14974 176 76
s 14976 285 132
s 14977 128 57
s 14979 125 61
s 14983 298 142
s 14984 130 65
s 14985 112 50
s 14986 63 40
s 14993 138 57
s 15003 79 34
s 15164 330 153
s 15165 51 20
s 15166 520 270
s 15167 132 76
s 15168 193 86
s 15169 40 16
s 15170 19 6
s 15171 242 111
s 15172 248 109
s 15173 252 117
s 15174 244 118
s 15175 697 340
s 15176 153 68
s 15177 55 22
s 15178 433 193
s 15179 256 113
s 15180 238 112
s 15181 68 31
s 15182 146 79
s 15183 77 30
s 15184 144 68
s 15185 74 36
s 15186 46 19
s 15187 102 52
s 15188 330 132
s 15189 457 200
s 15190 930 465
s 15191 480 231
s 15192 414 189
s 15193 36 18
s 15194 133 59
s 15195 206 106
s 15196 72 40
s 15197 602 283
s 15198 44 16
s 15199 65 27
s 15200 154 76
s 15201 350 182
s 15202 205 89
s 15203 70 38
s 15204 375 162
s 15205 300 137
s 15206 64 33
s 15207 58 33
s 15208 309 145
s 15209 515 262
s 15210 193 79
s 15211 217 102
s 15212 159 71
s 15213 333 141
s 15214 262 129
s 15215 382 192
s 15216 500 238
s 15217 90 37
s 15218 175 81
s 15223 428 216
s 15224 118 55
s 15225 337 167
s 15227 576 247
s 15230 120 61
s 15232 363 169
s 15233 150 63
s 15235 369 186
s 15239 450 217
s 15240 182 80
s 15241 130 64
s 15242 86 34
s 15249 171 82
s 15259 120 63
s 15421 135 60
s 15422 1237 706
s 15423 325 164
s 15424 514 261
s 15425 72 35
s 15426 46 24
s 15427 743 427
s 15428 611 301
s 15429 111 53
s 15430 599 305
s 15431 1578 879
s 15432 361 174
s 15433 141 68
s 15434 1964 1060
s 15435 717 385
s 15436 1665 945
s 15437 39 24
s 15438 46 29
s 15439 227 112
s 15440 334 183
s 15441 113 61
s 15442 177 99
s 15443 204 100
s 15444 794 414
s 15445 1052 501
s 15446 2779 1480
s 15447 1249 655
s 15448 1002 567
s 15449 84 48
s 15450 595 327
s 15451 691 401
s 15452 131 84
s 15453 1530 828
s 15454 133 66
s 15455 142 73
s 15456 49 19
s 15457 505 254
s 15458 102 37
s 15459 26 15
s 15460 839 446
s 15461 918 484
s 15462 179 86
s 15463 92 54
s 15464 91 51
s 15465 1468 781
s 15466 1242 611
s 15467 696 382
s 15468 44 18
s 15469 796 383
s 15470 340 183
s 15471 541 286
s 15472 1246 713
s 15473 468 262
s 15474 437 206
s 15479 1202 674
s 15480 519 269
s 15481 944 495
s 15483 1628 829
s 15486 611 287
s 15488 1168 606
s 15489 66 33
s 15491 934 503
s 15495 112 53
s 15496 461 234
s 15497 180 103
s 15498 254 118
s 15505 400 186
s 15515 172 78
s 15678 173 101
s 15679 50 23
s 15680 68 34
s 15681 13 7
s 15682 15 6
s 15683 84 46
s 15684 86 45
s 15685 105 48
s 15686 75 32
s 15687 278 144
s 15688 48 15
s 15689 16 3
s 15690 170 84
s 15691 73 36
s 15692 117 59
s 15693 41 22
s 15694 59 37
s 15695 30 13
s 15696 39 20
s 15697 30 19
s 15698 16 9
s 15699 42 20
s 15700 147 79
s 15701 202 104
s 15702 344 172
s 15703 190 108
s 15704 142 80
s 15705 18 6
s 15706 81 40
s 15707 106 57
s 15708 37 16
s 15709 164 93
s 15710 23 11
s 15711 14 8
s 15712 73 38
s 15713 128 71
s 15714 81 33
s 15715 19 10
s 15716 159 73
s 15717 135 72
s 15718 33 18
s 15719 26 14
s 15720 138 77
s 15721 244 138
s 15722 76 43
s 15723 88 40
s 15724 48 18
s 15725 126 49
s 15726 108 52
s 15727 120 49
s 15728 229 131
s 15729 42 19
s 15730 41 15
s 15735 153 71
s 15736 63 33
s 15737 152 77
s 15739 210 100
s 15742 51 20
s 15744 129 76
s 15745 54 24
s 15747 141 66
s 15751 185 105
s 15752 88 40
s 15753 57 28
s 15754 31 19
s 15761 66 33
s 15771 31 17
s 15935 247 117
s 15936 457 235
s 15937 145 78
s 15938 50 21
s 15939 929 528
s 15940 475 279
s 15941 1097 611
s 15942 811 481
s 15943 650 339
s 15944 292 153
s 15945 163 87
s 15946 2166 1216
s 15947 502 257
s 15948 2192 1306
s 15949 271 150
s 15950 531 313
s 15951 160 77
s 15952 483 261
s 15953 243 131
s 15954 199 125
s 15955 148 80
s 15956 689 367
s 15957 954 488
s 15958 1579 916
s 15959 1371 817
s 15960 482 280
s 15961 117 61
s 15962 660 373
s 15963 574 350
s 15964 303 175
s 15965 1808 990
s 15966 156 85
s 15967 158 69
s 15968 574 330
s 15969 1029 587
s 15970 836 424
s 15971 264 133
s 15972 544 263
s 15973 629 350
s 15974 170 91
s 15975 116 69
s 15976 1157 676
s 15977 860 479
s 15978 1641 913
s 15979 698 415
s 15980 577 303
s 15981 1013 534
s 15982 686 415
s 15983 593 328
s 15984 1387 811
s 15985 500 269
s 15986 565 300
s 15991 667 368
s 15992 791 447
s 15993 682 420
s 15995 834 468
s 15998 855 467
s 16000 1122 630
s 16001 583 324
s 16003 726 426
s 16007 1660 959
s 16008 541 318
s 16009 544 319
s 16010 300 158
s 16017 542 280
s 16027 299 165
s 16192 125 58
s 16193 40 19
s 16194 14 5
s 16195 152 70
s 16196 153 80
s 16197 254 127
s 16198 184 78
s 16199 503 244
s 16200 95 40
s 16201 51 20
s 16202 663 329
s 16203 207 97
s 16204 525 268
s 16205 46 20
s 16206 159 67
s 16207 47 21
s 16208 91 48
s 16209 83 38
s 16210 43 20
s 16211 59 31
s 16212 301 130
s 16213 389 172
s 16214 739 368
s 16215 372 186
s 16216 277 130
s 16217 17 7
s 16218 141 75
s 16219 124 65
s 16220 65 37
s 16221 429 217
s 16222 49 27
s 16223 48 29
s 16224 186 78
s 16225 391 199
s 16226 227 101
s 16227 65 24
s 16228 288 142
s 16229 220 94
s 16230 72 32
s 16231 25 12
s 16232 346 182
s 16233 286 129
s 16234 421 192
s 16235 213 105
s 16236 182 88
s 16237 203 100
s 16238 224 124
s 16239 186 100
s 16240 299 151
s 16241 155 79
s 16242 146 67
s 16247 246 115
s 16248 224 114
s 16249 234 124
s 16251 320 150
s 16254 269 135
s 16256 363 182
s 16257 196 84
s 16259 246 113
s 16263 418 202
s 16264 178 87
s 16265 135 67
s 16266 65 36
s 16273 120 55
s 16283 80 42
s 16449 39 18
s 16450 9 3
s 16451 369 172
s 16452 97 44
s 16453 433 197
s 16454 405 179
s 16455 617 306
s 16456 128 59
s 16457 73 35
s 16458 997 449
s 16459 187 83
s 16460 762 370
s 16461 96 41
s 16462 227 110
s 16463 48 19
s 16464 184 92
s 16465 108 46
s 16466 76 35
s 16467 48 23
s 16468 262 136
s 16469 364 177
s 16470 985 474
s 16471 217 112
s 16472 419 211
s 16473 36 19
s 16474 219 103
s 16475 159 69
s 16476 113 55
s 16477 766 377
s 16478 65 29
s 16479 81 31
s 16480 258 110
s 16481 596 284
s 16482 317 131
s 16483 117 40
s 16484 280 127
s 16485 275 112
s 16486 69 36
s 16487 42 22
s 16488 519 258
s 16489 361 168
s 16490 551 256
s 16491 318 152
s 16492 252 107
s 16493 388 173
s 16494 327 157
s 16495 91 47
s 16496 206 106
s 16497 179 109
s 16498 240 90
s 16503 256 120
s 16504 314 135
s 16505 157 71
s 16507 363 161
s 16510 336 155
s 16512 484 221
s 16513 296 135
s 16515 181 81
s 16519 621 278
s 16520 213 98
s 16521 186 74
s 16522 110 48
s 16529 224 90
s 16539 134 64
s 16706 12 6
s 16707 77 39
s 16708 47 24
s 16709 60 24
s 16710 75 42
s 16711 166 66
s 16712 33 20
s 16713 11 6
s 16714 137 66
s 16715 49 24
s 16716 105 52
s 16717 20 10
s 16718 38 21
s 16719 26 9
s 16720 42 16
s 16721 19 13
s 16722 17 6
s 16723 24 15
s 16724 88 45
s 16725 101 49
s 16726 217 101
s 16727 105 48
s 16728 107 57
s 16729 11 4
s 16730 55 23
s 16731 57 26
s 16732 18 8
s 16733 156 79
s 16734 13 6
s 16735 12 6
s 16736 34 13
s 16737 111 52
s 16738 47 21
s 16739 16 9
s 16740 112 43
s 16741 68 40
s 16742 19 12
s 16743 11 6
s 16744 72 34
s 16745 119 66
s 16746 70 36
s 16747 75 37
s 16748 26 12
s 16749 75 38
s 16750 67 32
s 16751 51 25
s 16752 134 76
s 16753 29 15
s 16754 36 21
s 16759 87 52
s 16760 53 22
s 16761 111 57
s 16763 124 60
s 16766 46 23
s 16768 110 53
s 16769 30 18
s 16771 67 35
s 16775 101 60
s 16776 60 29
s 16777 35 14
s 16778 27 13
s 16785 63 23
s 16795 31 18
s 16963 36 19
s 16964 10 0
s 16965 47 25
s 16966 36 15
s 16967 65 33
s 16968 18 8
s 16969 6 2
s 16970 113 65
s 16971 10 6
s 16972 77 34
s 16973 12 4
s 16974 33 14
s 16975 6 4
s 16976 17 7
s 16977 7 2
s 16978 12 3
s 16979 2 2
s 16980 24 11
s 16981 30 12
s 16982 89 43
s 16983 6 2
s 16984 40 19
s 16985 6 0
s 16986 25 13
s 16987 10 7
s 16988 7 3
s 16989 62 27
s 16990 7 1
s 16991 13 7
s 16992 24 14
s 16993 65 36
s 16994 31 11
s 16995 7 3
s 16996 24 11
s 16997 24 10
s 16998 2 1
s 16999 4 2
s 17000 42 26
s 17001 44 24
s 17002 69 34
s 17003 36 20
s 17004 20 8
s 17005 56 23
s 17006 19 13
s 17007 9 4
s 17008 15 7
s 17009 17 10
s 17010 20 8
s 17015 26 12
s 17016 33 9
s 17017 28 14
s 17019 49 21
s 17022 44 21
s 17024 37 18
s 17025 29 16
s 17027 22 11
s 17031 69 31
s 17032 21 9
s 17033 30 17
s 17034 5 2
s 17041 23 12
s 17051 14 8
s 17220 431 227
s 17221 600 322
s 17222 33 13
s 17223 1170 659
s 17224 235 111
s 17225 51 24
s 17226 1489 822
s 17227 545 291
s 17228 1225 689
s 17229 128 63
s 17230 315 161
s 17231 161 70
s 17232 46 22
s 17233 106 49
s 17234 71 34
s 17235 123 50
s 17236 522 229
s 17237 837 421
s 17238 1853 961
s 17239 910 500
s 17240 824 464
s 17241 5 1
s 17242 374 195
s 17243 219 112
s 17244 132 63
s 17245 267 145
s 17247 15 8
s 17248 397 202
s 17249 715 371
s 17250 418 199
s 17251 130 61
s 17252 443 221
s 17253 615 329
s 17254 144 71
s 17255 81 37
s 17256 820 455
s 17257 808 437
s 17258 788 401
s 17259 533 275
s 17260 367 171
s 17261 13 6
s 17262 564 297
s 17263 403 232
s 17264 784 420
s 17265 279 155
s 17266 163 94
s 17271 766 414
s 17272 475 224
s 17273 630 356
s 17275 1004 498
s 17278 507 248
s 17280 791 383
s 17281 387 187
s 17283 573 280
s 17287 986 518
s 17288 381 203
s 17289 330 177
s 17290 37 16
s 17297 124 48
s 17307 205 103
s 17477 425 174
s 17478 347 169
s 17479 792 417
s 17480 123 50
s 17481 82 37
s 17482 1191 625
s 17483 145 75
s 17484 886 460
s 17485 104 58
s 17486 233 132
s 17487 44 17
s 17488 183 97
s 17489 155 83
s 17490 85 45
s 17491 72 33
s 17492 287 153
s 17493 471 210
s 17494 1050 507
s 17495 219 113
s 17496 485 227
s 17497 52 28
s 17498 258 126
s 17499 177 88
s 17500 113 60
s 17501 942 468
s 17502 81 41
s 17503 109 65
s 17504 286 143
s 17505 656 326
s 17506 331 160
s 17507 99 41
s 17508 292 142
s 17509 287 145
s 17510 63 24
s 17511 43 20
s 17512 665 348
s 17513 404 219
s 17514 636 309
s 17515 401 206
s 17516 288 126
s 17517 469 232
s 17518 325 152
s 17519 115 49
s 17520 191 93
s 17521 255 117
s 17522 239 108
s 17527 301 145
s 17528 343 162
s 17529 229 130
s 17531 493 217
s 17534 388 195
s 17536 556 277
s 17537 301 128
s 17539 187 92
s 17543 714 350
s 17544 325 156
s 17545 269 127
s 17546 104 47
s 17553 240 113
s 17563 133 65
s 17734 513 265
s 17735 1222 632
s 17736 316 143
s 17737 122 52
s 17738 1575 819
s 17739 549 266
s 17740 1569 866
s 17741 45 23
s 17742 48 22
s 17743 197 93
s 17744 256 123
s 17745 93 40
s 17746 131 68
s 17747 147 67
s 17748 609 296
s 17749 816 366
s 17750 2499 1266
s 17751 1026 547
s 17752 868 458
s 17753 77 44
s 17754 474 236
s 17755 383 209
s 17756 116 63
s 17757 1358 695
s 17758 101 35
s 17759 144 75
s 17760 37 11
s 17761 494 237
s 17762 108 50
s 17763 25 9
s 17764 643 297
s 17765 783 394
s 17766 153 67
s 17767 74 32
s 17768 106 61
s 17769 1065 528
s 17770 1046 544
s 17771 616 311
s 17772 41 16
s 17773 646 302
s 17774 549 270
s 17775 499 263
s 17776 965 466
s 17777 304 163
s 17778 405 171
s 17783 956 491
s 17784 433 209
s 17785 1270 631
s 17787 1359 665
s 17790 545 265
s 17792 929 448
s 17793 71 34
s 17795 723 366
s 17799 192 99
s 17800 342 166
s 17801 143 78
s 17802 220 103
s 17809 388 179
s 17819 119 62
s 17991 1105 606
s 17992 179 83
s 17993 88 52
s 17994 1571 831
s 17995 451 239
s 17996 972 532
s 17997 135 74
s 17998 340 186
s 17999 139 71
s 18000 71 45
s 18001 85 40
s 18002 78 45
s 18003 116 61
s 18004 545 275
s 18005 822 410
s 18006 1843 965
s 18007 908 467
s 18008 672 362
s 18009 11 7
s 18010 370 208
s 18011 314 167
s 18012 162 100
s 18013 257 129
s 18014 14 7
s 18015 15 6
s 18016 344 173
s 18017 819 387
s 18018 431 212
s 18019 140 75
s 18020 622 294
s 18021 658 324
s 18022 140 76
s 18023 67 34
s 18024 660 345
s 18025 883 456
s 18026 762 382
s 18027 486 259
s 18028 326 161
s 18029 36 12
s 18030 513 267
s 18031 422 229
s 18032 786 435
s 18033 319 184
s 18034 181 74
s 18039 653 327
s 18040 458 238
s 18041 622 343
s 18043 854 416
s 18046 429 228
s 18048 897 445
s 18049 431 220
s 18051 570 282
s 18055 840 441
s 18056 368 173
s 18057 285 145
s 18058 57 23
s 18065 123 47
s 18075 191 97
s 18248 416 203
s 18249 235 110
s 18250 3309 1805
s 18251 930 508
s 18252 2639 1482
s 18253 293 157
s 18254 588 316
s 18255 279 116
s 18256 600 318
s 18257 294 150
s 18258 251 119
s 18259 224 107
s 18260 1006 511
s 18261 1450 729
s 18262 2507 1340
s 18263 1742 975
s 18264 888 490
s 18265 143 79
s 18266 777 437
s 18267 902 515
s 18268 413 239
s 18269 2457 1307
s 18270 225 116
s 18271 281 142
s 18272 727 341
s 18273 1398 681
s 18274 1003 518
s 18275 318 152
s 18276 741 351
s 18277 968 509
s 18278 269 144
s 18279 134 74
s 18280 1407 753
s 18281 1236 635
s 18282 1914 1043
s 18283 900 483
s 18284 686 364
s 18285 1362 675
s 18286 1109 609
s 18287 891 509
s 18288 1619 896
s 18289 765 424
s 18290 766 386
s 18295 959 512
s 18296 1071 537
s 18297 1079 569
s 18299 1242 622
s 18302 1043 525
s 18304 1761 932
s 18305 710 353
s 18307 976 514
s 18311 2143 1188
s 18312 720 382
s 18313 595 348
s 18314 405 204
s 18321 797 383
s 18331 359 182
s 18505 43 19
s 18506 675 314
s 18507 188 80
s 18508 572 262
s 18509 86 37
s 18510 211 105
s 18511 59 20
s 18512 113 59
s 18513 85 45
s 18514 62 23
s 18515 49 25
s 18516 242 105
s 18517 345 148
s 18518 663 318
s 18519 326 158
s 18520 297 164
s 18521 21 11
s 18522 175 79
s 18523 249 114
s 18524 98 53
s 18525 474 208
s 18526 29 12
s 18527 52 30
s 18528 188 91
s 18529 408 194
s 18530 261 114
s 18531 56 18
s 18532 294 117
s 18533 202 92
s 18534 61 35
s 18535 35 20
s 18536 358 174
s 18537 275 116
s 18538 454 230
s 18539 243 116
s 18540 193 91
s 18541 216 87
s 18542 209 100
s 18543 153 79
s 18544 299 145
s 18545 117 59
s 18546 148 66
s 18551 236 105
s 18552 246 112
s 18553 196 97
s 18555 314 141
s 18558 268 124
s 18560 390 171
s 18561 220 88
s 18563 216 96
s 18567 469 219
s 18568 177 97
s 18569 136 58
s 18570 60 21
s 18577 142 58
s 18587 109 42
s 18762 299 158
s 18763 94 44
s 18764 187 80
s 18765 29 15
s 18766 46 25
s 18767 38 16
s 18768 64 29
s 18769 18 11
s 18770 21 12
s 18771 25 11
s 18772 117 56
s 18773 161 79
s 18774 422 185
s 18775 140 68
s 18776 132 76
s 18777 8 4
s 18778 63 31
s 18779 66 32
s 18780 26 14
s 18781 192 102
s 18782 17 4
s 18783 29 17
s 18784 51 18
s 18785 156 63
s 18786 99 44
s 18787 35 18
s 18788 128 57
s 18789 140 59
s 18790 39 16
s 18791 18 9
s 18792 130 56
s 18793 175 85
s 18794 173 77
s 18795 106 54
s 18796 81 30
s 18797 63 23
s 18798 117 63
s 18799 74 33
s 18800 127 63
s 18801 60 25
s 18802 69 28
s 18807 145 63
s 18808 99 37
s 18809 116 51
s 18811 181 96
s 18814 110 51
s 18816 172 75
s 18817 78 50
s 18819 95 44
s 18823 171 75
s 18824 89 37
s 18825 68 33
s 18826 19 2
s 18833 71 38
s 18843 42 18
s 19019 1362 708
s 19020 735 403
s 19021 331 184
s 19022 912 474
s 19023 527 243
s 19024 644 335
s 19025 453 251
s 19026 170 104
s 19027 389 184
s 19028 1601 792
s 19029 2518 1213
s 19030 4636 2445
s 19031 2282 1226
s 19032 2025 1089
s 19033 176 104
s 19034 454 227
s 19035 804 442
s 19036 345 189
s 19037 2899 1554
s 19038 340 164
s 19039 381 198
s 19040 1021 494
s 19041 2162 1073
s 19042 1281 637
s 19043 418 204
s 19044 1803 980
s 19045 1460 741
s 19046 490 257
s 19047 209 114
s 19048 2549 1403
s 19049 2457 1318
s 19050 535 275
s 19051 949 486
s 19052 1088 527
s 19053 1670 793
s 19054 1362 711
s 19055 1202 646
s 19056 2273 1235
s 19057 267 136
s 19058 747 350
s 19063 1827 967
s 19064 608 276
s 19065 1629 860
s 19067 2585 1290
s 19070 460 223
s 19072 1909 980
s 19073 1221 579
s 19075 1648 828
s 19079 2539 1329
s 19080 845 446
s 19081 696 355
s 19082 484 235
s 19089 720 352
s 19099 549 279
s 19276 1069 559
s 19277 105 53
s 19278 348 187
s 19279 66 29
s 19280 223 108
s 19281 156 84
s 19282 99 61
s 19283 60 27
s 19284 422 202
s 19285 530 240
s 19286 1223 579
s 19287 341 165
s 19288 591 321
s 19289 69 30
s 19290 290 158
s 19291 189 97
s 19292 129 73
s 19293 1111 602
s 19294 92 40
s 19295 128 71
s 19296 396 201
s 19297 677 334
s 19298 404 196
s 19299 123 46
s 19300 438 211
s 19301 370 187
s 19302 79 42
s 19303 61 34
s 19304 738 390
s 19305 515 243
s 19306 729 386
s 19307 479 233
s 19308 365 160
s 19309 512 222
s 19310 371 179
s 19311 166 86
s 19312 343 190
s 19313 231 118
s 19314 313 141
s 19319 397 209
s 19320 402 189
s 19321 255 132
s 19323 584 255
s 19326 448 214
s 19328 616 305
s 19329 380 179
s 19331 281 125
s 19335 884 439
s 19336 328 165
s 19337 309 140
s 19338 156 73
s 19345 301 133
s 19355 141 65
s 19533 274 150
s 19534 839 455
s 19535 324 155
s 19536 451 241
s 19537 333 188
s 19538 94 53
s 19539 306 167
s 19540 1260 645
s 19541 2070 1069
s 19542 4158 2249
s 19543 1980 1063
s 19544 1727 1005
s 19545 152 75
s 19546 347 179
s 19547 649 371
s 19548 272 158
s 19549 2273 1244
s 19550 199 97
s 19551 217 104
s 19552 868 435
s 19553 1403 782
s 19554 915 491
s 19555 315 153
s 19556 1217 613
s 19557 1296 664
s 19558 339 184
s 19559 205 120
s 19560 1596 855
s 19561 2033 1097
s 19562 142 78
s 19563 670 358
s 19564 828 415
s 19565 1280 646
s 19566 1066 595
s 19567 896 491
s 19568 1918 1079
s 19569 82 36
s 19570 530 257
s 19575 1795 972
s 19576 347 164
s 19577 1346 737
s 19579 2336 1226
s 19582 188 105
s 19584 1306 687
s 19585 783 409
s 19587 1349 727
s 19591 2089 1173
s 19592 584 309
s 19593 521 275
s 19594 368 184
s 19601 564 288
s 19611 455 225
s 19790 19 10
s 19791 42 24
s 19792 71 42
s 19793 15 7
s 19794 23 11
s 19795 43 27
s 19796 154 81
s 19797 201 96
s 19798 526 288
s 19799 215 115
s 19800 183 96
s 19801 18 8
s 19802 108 58
s 19803 82 51
s 19804 28 16
s 19805 267 145
s 19806 23 10
s 19807 34 19
s 19808 19 13
s 19809 121 71
s 19810 40 21
s 19811 11 6
s 19812 169 83
s 19813 173 89
s 19814 35 15
s 19815 30 19
s 19816 39 22
s 19817 270 141
s 19818 208 115
s 19819 150 81
s 19820 20 9
s 19821 147 74
s 19822 119 66
s 19823 111 60
s 19824 281 147
s 19825 70 42
s 19826 93 54
s 19831 242 121
s 19832 108 59
s 19833 176 88
s 19835 290 159
s 19838 121 57
s 19840 207 109
s 19841 23 12
s 19843 199 96
s 19847 43 17
s 19848 104 61
s 19849 48 33
s 19850 44 21
s 19857 87 38
s 19867 41 25
s 20047 116 57
s 20048 181 99
s 20049 46 28
s 20050 65 38
s 20051 84 47
s 20052 339 158
s 20053 439 207
s 20054 1275 672
s 20055 545 290
s 20056 462 250
s 20057 49 22
s 20058 266 145
s 20059 206 117
s 20060 75 48
s 20061 726 404
s 20062 63 36
s 20063 65 33
s 20064 20 6
s 20065 250 120
s 20066 54 25
s 20067 18 9
s 20068 360 176
s 20069 432 238
s 20070 82 38
s 20071 34 21
s 20072 62 29
s 20073 675 358
s 20074 573 310
s 20075 322 165
s 20076 28 12
s 20077 381 184
s 20078 315 158
s 20079 294 165
s 20080 628 364
s 20081 179 88
s 20082 214 99
s 20087 491 255
s 20088 239 130
s 20089 381 186
s 20091 793 400
s 20094 303 149
s 20096 458 239
s 20097 34 14
s 20099 446 244
s 20103 99 58
s 20104 225 111
s 20105 81 48
s 20106 113 51
s 20113 217 117
s 20123 63 33
s 20304 76 30
s 20305 33 18
s 20306 32 16
s 20307 28 12
s 20308 126 58
s 20309 164 66
s 20310 392 172
s 20311 98 44
s 20312 201 103
s 20313 14 8
s 20314 134 60
s 20315 97 47
s 20316 55 28
s 20317 303 126
s 20318 43 21
s 20319 38 14
s 20320 107 52
s 20321 241 117
s 20322 131 49
s 20323 45 22
s 20324 125 62
s 20325 141 63
s 20326 35 16
s 20327 9 5
s 20328 226 111
s 20329 180 89
s 20330 227 109
s 20331 164 74
s 20332 121 48
s 20333 229 106
s 20334 134 67
s 20335 52 23
s 20336 134 67
s 20337 97 54
s 20338 102 43
s 20343 111 58
s 20344 142 58
s 20345 107 52
s 20347 167 69
s 20350 157 65
s 20352 220 101
s 20353 123 57
s 20355 85 40
s 20359 285 137
s 20360 99 53
s 20361 98 49
s 20362 52 28
s 20369 107 50
s 20379 69 35
s 20561 56 27
s 20562 35 16
s 20563 59 31
s 20564 276 123
s 20565 377 162
s 20566 926 464
s 20567 452 235
s 20568 350 176
s 20569 5 4
s 20570 190 99
s 20571 120 50
s 20572 78 45
s 20573 226 121
s 20574 9 4
s 20575 15 7
s 20576 185 85
s 20577 391 199
s 20578 235 118
s 20579 63 31
s 20580 537 265
s 20581 301 151
s 20582 62 31
s 20583 47 25
s 20584 319 159
s 20585 484 250
s 20586 416 207
s 20587 229 113
s 20588 170 71
s 20589 77 38
s 20590 247 133
s 20591 209 104
s 20592 460 237
s 20593 121 52
s 20594 94 49
s 20599 402 191
s 20600 202 94
s 20601 292 142
s 20603 501 263
s 20606 199 94
s 20608 425 215
s 20609 185 91
s 20611 299 139
s 20615 475 241
s 20616 183 99
s 20617 146 74
s 20618 48 21
s 20625 89 37
s 20635 126 56
s 20818 33 16
s 20819 49 25
s 20820 150 67
s 20821 229 113
s 20822 582 302
s 20823 266 132
s 20824 210 106
s 20825 17 8
s 20826 125 58
s 20827 129 81
s 20828 27 11
s 20829 262 122
s 20830 29 18
s 20831 35 19
s 20832 56 25
s 20833 183 98
s 20834 69 38
s 20835 21 10
s 20836 182 83
s 20837 199 101
s 20838 42 21
s 20839 28 17
s 20840 112 56
s 20841 301 148
s 20842 228 113
s 20843 140 75
s 20844 59 21
s 20845 103 43
s 20846 155 76
s 20847 115 55
s 20848 265 148
s 20849 85 47
s 20850 94 46
s 20855 216 114
s 20856 103 50
s 20857 253 138
s 20859 258 134
s 20862 124 54
s 20864 273 131
s 20865 62 33
s 20867 156 60
s 20871 171 100
s 20872 99 38
s 20873 55 30
s 20874 42 20
s 20881 68 35
s 20891 42 21
s 21075 27 15
s 21076 121 55
s 21077 211 115
s 21078 375 212
s 21079 179 87
s 21080 151 87
s 21081 5 1
s 21082 55 32
s 21083 67 37
s 21084 22 12
s 21085 183 105
s 21086 8 3
s 21087 16 8
s 21088 73 36
s 21089 172 77
s 21090 99 55
s 21091 26 16
s 21092 147 76
s 21093 131 72
s 21094 38 22
s 21095 17 7
s 21096 149 82
s 21097 237 127
s 21098 54 31
s 21099 83 45
s 21100 74 40
s 21101 134 59
s 21102 115 62
s 21103 88 48
s 21104 232 141
s 21105 19 8
s 21106 54 31
s 21111 169 95
s 21112 39 22
s 21113 130 77
s 21115 210 121
s 21118 56 23
s 21120 156 81
s 21121 71 34
s 21123 133 62
s 21127 218 124
s 21128 72 42
s 21129 50 29
s 21130 31 13
s 21137 59 31
s 21147 42 21
s 21332 82 32
s 21333 143 59
s 21334 397 196
s 21335 71 39
s 21336 138 70
s 21337 12 1
s 21338 112 56
s 21339 58 28
s 21340 43 22
s 21341 263 115
s 21342 36 13
s 21343 35 14
s 21344 102 45
s 21345 190 86
s 21346 116 56
s 21347 33 10
s 21348 103 49
s 21349 126 57
s 21350 28 14
s 21351 10 3
s 21352 211 107
s 21353 165 80
s 21354 224 113
s 21355 126 66
s 21356 75 35
s 21357 184 76
s 21358 137 56
s 21359 33 12
s 21360 84 37
s 21361 89 46
s 21362 88 37
s 21367 116 45
s 21368 125 49
s 21369 79 43
s 21371 170 80
s 21374 124 56
s 21376 196 86
s 21377 104 60
s 21379 82 40
s 21383 262 127
s 21384 84 52
s 21385 81 37
s 21386 45 17
s 21393 87 30
s 21403 39 21
s 21589 667 312
s 21590 1810 907
s 21591 544 278
s 21592 676 342
s 21593 66 34
s 21594 419 205
s 21595 313 150
s 21596 170 93
s 21597 1247 611
s 21598 136 73
s 21599 149 71
s 21600 366 151
s 21601 769 383
s 21602 482 209
s 21603 160 73
s 21604 435 208
s 21605 594 244
s 21606 139 71
s 21607 64 32
s 21608 810 415
s 21609 753 393
s 21610 907 407
s 21611 506 256
s 21612 386 182
s 21613 595 251
s 21614 552 273
s 21615 277 134
s 21616 551 301
s 21617 337 163
s 21618 406 192
s 21623 566 269
s 21624 506 246
s 21625 522 274
s 21627 802 351
s 21630 560 254
s 21632 877 425
s 21633 435 201
s 21635 415 195
s 21639 850 437
s 21640 438 241
s 21641 285 124
s 21642 238 115
s 21649 377 174
s 21659 185 83
s 21846 2753 1316
s 21847 856 430
s 21848 1029 548
s 21849 92 45
s 21850 801 425
s 21851 500 247
s 21852 240 116
s 21853 1769 867
s 21854 183 85
s 21855 186 94
s 21856 468 220
s 21857 1141 564
s 21858 546 251
s 21859 170 70
s 21860 654 327
s 21861 810 392
s 21862 162 76
s 21863 88 37
s 21864 1067 543
s 21865 1150 566
s 21866 1495 716
s 21867 745 378
s 21868 484 215
s 21869 1012 447
s 21870 708 358
s 21871 373 184
s 21872 831 397
s 21873 551 280
s 21874 530 238
s 21879 991 469
s 21880 706 321
s 21881 678 316
s 21883 1336 598
s 21886 807 392
s 21888 1279 599
s 21889 525 251
s 21891 671 300
s 21895 1241 599
s 21896 573 254
s 21897 489 241
s 21898 296 132
s 21905 501 205
s 21915 255 99
s 22103 2220 1099
s 22104 1655 889
s 22105 259 139
s 22106 1091 563
s 22107 1003 527
s 22108 503 272
s 22109 3923 2055
s 22110 339 159
s 22111 485 267
s 22112 1374 683
s 22113 3077 1566
s 22114 1828 877
s 22115 492 231
s 22116 1717 846
s 22117 1341 648
s 22118 469 230
s 22119 270 149
s 22120 2710 1362
s 22121 1982 1019
s 22122 2908 1503
s 22123 1526 784
s 22124 1697 814
s 22125 2035 974
s 22126 1502 770
s 22127 1122 582
s 22128 2304 1193
s 22129 962 508
s 22130 1332 645
s 22135 1496 793
s 22136 1638 786
s 22137 1411 752
s 22139 1856 864
s 22142 1739 856
s 22144 2360 1159
s 22145 1509 718
s 22147 1375 658
s 22151 3590 1892
s 22152 1263 667
s 22153 1175 595
s 22154 618 299
s 22161 1167 520
s 22171 713 334
s 22360 1088 572
s 22361 105 55
s 22362 610 338
s 22363 336 176
s 22364 239 127
s 22365 2049 1059
s 22366 147 76
s 22367 207 98
s 22368 639 311
s 22369 1263 647
s 22370 791 375
s 22371 278 140
s 22372 667 357
s 22373 742 366
s 22374 147 79
s 22375 74 38
s 22376 1260 640
s 22377 899 448
s 22378 1499 785
s 22379 846 421
s 22380 606 284
s 22381 1019 516
s 22382 674 373
s 22383 193 89
s 22384 393 206
s 22385 486 253
s 22386 673 330
s 22391 703 353
s 22392 767 398
s 22393 391 193
s 22395 992 474
s 22398 835 434
s 22400 1196 576
s 22401 682 295
s 22403 409 213
s 22407 1685 873
s 22408 572 301
s 22409 500 253
s 22410 241 118
s 22417 605 278
s 22427 317 162
s 22617 98 52
s 22618 483 292
s 22619 477 268
s 22620 193 102
s 22621 1718 928
s 22622 146 77
s 22623 190 98
s 22624 478 239
s 22625 997 513
s 22626 665 318
s 22627 218 107
s 22628 513 264
s 22629 596 304
s 22630 167 92
s 22631 110 70
s 22632 1042 518
s 22633 770 406
s 22634 1079 588
s 22635 549 307
s 22636 529 262
s 22637 854 445
s 22638 657 361
s 22639 530 267
s 22640 1052 596
s 22641 364 209
s 22642 478 233
s 22647 719 381
s 22648 603 310
s 22649 603 328
s 22651 886 475
s 22654 598 297
s 22656 1054 566
s 22657 491 245
s 22659 570 310
s 22663 1437 777
s 22664 449 232
s 22665 487 266
s 22666 255 133
s 22673 505 236
s 22683 279 145
s 22874 41 19
s 22875 32 11
s 22876 23 14
s 22877 50 20
s 22879 3 1
s 22880 42 15
s 22881 92 43
s 22882 61 30
s 22883 14 8
s 22884 46 24
s 22885 72 36
s 22886 17 9
s 22887 6 1
s 22888 76 32
s 22889 132 60
s 22890 107 52
s 22891 63 37
s 22892 44 22
s 22893 8 4
s 22894 66 30
s 22895 59 29
s 22896 89 48
s 22897 30 12
s 22898 27 17
s 22903 90 47
s 22904 57 24
s 22905 72 37
s 22907 121 60
s 22910 45 18
s 22912 95 59
s 22913 40 19
s 22915 68 36
s 22919 112 56
s 22920 57 24
s 22921 48 27
s 22922 5 1
s 22929 17 10
s 22939 33 18
s 23131 298 168
s 23132 108 52
s 23133 808 470
s 23134 89 39
s 23135 99 43
s 23136 241 126
s 23137 522 278
s 23138 376 168
s 23139 165 85
s 23140 532 296
s 23141 376 190
s 23142 87 52
s 23143 62 30
s 23144 533 300
s 23145 643 338
s 23146 337 175
s 23147 273 143
s 23148 265 138
s 23149 571 287
s 23150 310 168
s 23151 250 152
s 23152 659 369
s 23153 100 53
s 23154 182 86
s 23159 490 261
s 23160 250 115
s 23161 426 236
s 23163 669 318
s 23166 171 83
s 23168 430 214
s 23169 269 151
s 23171 442 224
s 23175 713 384
s 23176 276 150
s 23177 214 118
s 23178 118 56
s 23185 235 118
s 23195 191 104
s 23388 99 53
s 23389 967 528
s 23390 55 29
s 23391 52 28
s 23392 229 101
s 23393 479 248
s 23394 315 142
s 23395 143 68
s 23396 436 231
s 23397 330 182
s 23398 80 46
s 23399 53 29
s 23400 499 264
s 23401 579 315
s 23402 484 276
s 23403 308 176
s 23404 198 91
s 23405 314 135
s 23406 281 145
s 23407 203 116
s 23408 412 212
s 23409 203 113
s 23410 166 78
s 23415 399 222
s 23416 285 144
s 23417 312 150
s 23419 596 303
s 23422 271 137
s 23424 493 244
s 23425 231 112
s 23427 327 175
s 23431 657 334
s 23432 388 213
s 23433 200 105
s 23434 238 130
s 23441 238 125
s 23451 331 185
s 23645 339 197
s 23646 29 14
s 23647 32 14
s 23648 54 32
s 23649 160 92
s 23650 63 32
s 23651 23 12
s 23652 247 139
s 23653 135 80
s 23654 44 25
s 23655 25 18
s 23656 131 69
s 23657 280 162
s 23658 229 130
s 23659 162 94
s 23660 65 40
s 23661 222 115
s 23662 143 83
s 23663 146 86
s 23664 273 151
s 23665 80 46
s 23666 101 57
s 23671 219 119
s 23672 130 60
s 23673 199 108
s 23675 315 171
s 23678 102 60
s 23680 223 126
s 23681 65 41
s 23683 173 91
s 23687 186 102
s 23688 158 91
s 23689 80 38
s 23690 42 18
s 23697 91 50
s 23707 45 18
s 23902 56 27
s 23903 82 37
s 23904 727 359
s 23905 1499 766
s 23906 1052 502
s 23907 224 92
s 23908 1175 559
s 23909 1420 716
s 23910 290 148
s 23911 174 98
s 23912 1561 832
s 23913 1986 1001
s 23914 1643 849
s 23915 1140 615
s 23916 757 351
s 23917 328 147
s 23918 1090 532
s 23919 875 436
s 23920 1726 924
s 23921 590 315
s 23922 447 219
s 23927 1643 861
s 23928 858 428
s 23929 1384 755
s 23931 2176 1071
s 23934 908 426
s 23936 1882 964
s 23937 749 348
s 23939 1213 604
s 23943 1936 1024
s 23944 804 399
s 23945 665 328
s 23946 153 74
s 23953 307 166
s 23963 422 214
s 24159 6 0
s 24160 65 36
s 24161 154 80
s 24162 71 30
s 24163 24 11
s 24164 114 57
s 24165 120 49
s 24166 30 14
s 24167 20 10
s 24168 137 67
s 24169 173 89
s 24170 149 66
s 24171 119 66
s 24172 75 29
s 24173 7 2
s 24174 98 47
s 24175 66 34
s 24176 144 57
s 24177 30 17
s 24178 28 11
s 24183 140 52
s 24184 93 35
s 24185 131 65
s 24187 164 70
s 24190 93 52
s 24192 159 71
s 24193 71 36
s 24195 114 52
s 24199 168 71
s 24200 84 43
s 24201 59 31
s 24202 8 3
s 24209 24 9
s 24219 51 22
s 24416 75 36
s 24417 213 118
s 24418 104 50
s 24419 30 13
s 24420 161 78
s 24421 153 66
s 24422 37 15
s 24423 18 11
s 24424 164 89
s 24425 180 93
s 24426 202 117
s 24427 122 66
s 24428 78 42
s 24429 14 2
s 24430 142 69
s 24431 92 43
s 24432 152 70
s 24433 55 27
s 24434 45 26
s 24439 151 82
s 24440 88 36
s 24441 125 71
s 24443 193 87
s 24446 97 51
s 24448 194 91
s 24449 87 42
s 24451 138 67
s 24455 186 88
s 24456 96 52
s 24457 59 27
s 24458 9 4
s 24465 26 9
s 24475 43 22
s 24673 249 117
s 24674 42 17
s 24675 16 4
s 24676 372 175
s 24677 506 250
s 24678 83 44
s 24679 60 37
s 24680 41 18
s 24681 656 294
s 24682 576 295
s 24683 302 149
s 24684 21 4
s 24685 398 180
s 24686 349 168
s 24687 286 148
s 24688 579 273
s 24689 208 107
s 24690 252 101
s 24695 609 310
s 24696 244 98
s 24697 441 212
s 24699 751 336
s 24702 325 144
s 24704 582 250
s 24705 23 13
s 24707 416 191
s 24711 79 33
s 24712 278 130
s 24713 76 39
s 24714 121 49
s 24721 226 106
s 24731 79 42
s 24930 448 209
s 24931 129 54
s 24932 814 402
s 24933 880 448
s 24934 200 96
s 24935 109 51
s 24936 556 254
s 24937 1986 1057
s 24938 1095 555
s 24939 661 331
s 24940 276 140
s 24941 934 465
s 24942 924 502
s 24943 610 317
s 24944 1172 620
s 24945 420 226
s 24946 517 232
s 24951 1092 529
s 24952 552 269
s 24953 916 480
s 24955 1313 578
s 24958 657 323
s 24960 1381 662
s 24961 304 135
s 24963 882 400
s 24967 794 386
s 24968 547 259
s 24969 284 155
s 24970 273 142
s 24977 533 248
s 24987 205 105
s 25187 27 13
s 25188 544 254
s 25189 503 241
s 25190 99 41
s 25191 59 30
s 25192 129 59
s 25193 872 406
s 25194 759 357
s 25195 448 222
s 25196 53 22
s 25197 536 246
s 25198 323 149
s 25199 421 213
s 25200 857 420
s 25201 263 122
s 25202 295 121
s 25207 719 366
s 25208 281 113
s 25209 541 261
s 25211 918 387
s 25214 341 158
s 25216 689 283
s 25217 70 27
s 25219 573 247
s 25223 170 79
s 25224 292 135
s 25225 116 61
s 25226 172 81
s 25233 285 118
s 25243 116 56
s 25444 167 77
s 25445 189 92
s 25446 39 17
s 25447 19 12
s 25448 26 13
s 25449 255 106
s 25450 221 92
s 25451 141 70
s 25452 10 5
s 25453 164 66
s 25454 88 38
s 25455 131 65
s 25456 217 106
s 25457 83 35
s 25458 105 46
s 25463 226 102
s 25464 101 44
s 25465 165 71
s 25467 308 138
s 25470 124 58
s 25472 228 91
s 25473 20 8
s 25475 156 72
s 25479 50 18
s 25480 78 39
s 25481 33 16
s 25482 49 19
s 25489 79 32
s 25499 34 14
s 25701 525 261
s 25702 117 60
s 25703 72 42
s 25704 775 397
s 25705 762 409
s 25706 1004 490
s 25707 514 257
s 25708 401 188
s 25709 854 417
s 25710 523 271
s 25711 277 131
s 25712 607 320
s 25713 410 219
s 25714 424 209
s 25719 528 268
s 25720 599 272
s 25721 457 228
s 25723 768 363
s 25726 597 268
s 25728 999 489
s 25729 500 221
s 25731 480 227
s 25735 1222 623
s 25736 414 211
s 25737 314 147
s 25738 261 125
s 25745 382 166
s 25755 250 126
s 25958 125 62
s 25959 102 57
s 25960 2026 1028
s 25961 652 335
s 25962 1029 518
s 25963 541 289
s 25964 442 189
s 25965 693 318
s 25966 450 235
s 25967 349 163
s 25968 643 322
s 25969 321 157
s 25970 446 191
s 25975 507 238
s 25976 523 250
s 25977 456 230
s 25979 725 327
s 25982 590 279
s 25984 759 391
s 25985 475 206
s 25987 445 219
s 25991 1089 555
s 25992 427 229
s 25993 449 224
s 25994 206 98
s 26001 399 177
s 26011 212 99
s 26215 12 7
s 26216 198 107
s 26217 195 108
s 26218 249 119
s 26219 150 69
s 26220 82 43
s 26221 163 73
s 26222 119 71
s 26223 53 29
s 26224 104 52
s 26225 86 45
s 26226 92 49
s 26231 150 64
s 26232 137 63
s 26233 107 56
s 26235 212 106
s 26238 130 64
s 26240 188 89
s 26241 94 47
s 26243 110 48
s 26247 228 119
s 26248 104 48
s 26249 84 47
s 26250 59 27
s 26257 91 47
s 26267 45 19
s 26472 113 69
s 26473 139 71
s 26474 146 76
s 26475 89 46
s 26476 40 12
s 26477 107 48
s 26478 75 43
s 26479 42 20
s 26480 80 28
s 26481 37 21
s 26482 43 20
s 26487 95 55
s 26488 77 44
s 26489 80 43
s 26491 135 71
s 26494 82 38
s 26496 107 57
s 26497 43 23
s 26499 71 37
s 26503 118 60
s 26504 57 35
s 26505 55 29
s 26506 40 23
s 26513 55 27
s 26523 22 9
s 26729 1387 734
s 26730 1109 583
s 26731 669 354
s 26732 48 23
s 26733 833 408
s 26734 689 387
s 26735 664 367
s 26736 1110 557
s 26737 413 239
s 26738 503 270
s 26743 999 490
s 26744 406 205
s 26745 970 516
s 26747 1541 767
s 26750 636 336
s 26752 1302 685
s 26753 75 29
s 26755 837 448
s 26759 203 99
s 26760 496 243
s 26761 162 86
s 26762 241 110
s 26769 418 178
s 26779 141 73
s 26986 1617 839
s 26987 865 464
s 26988 561 245
s 26989 1157 548
s 26990 694 321
s 26991 552 301
s 26992 1079 554
s 26993 591 307
s 26994 588 274
s 26999 668 329
s 27000 767 338
s 27001 659 321
s 27003 1001 471
s 27006 841 399
s 27008 1151 588
s 27009 630 287
s 27011 734 348
s 27015 1675 839
s 27016 680 342
s 27017 619 300
s 27018 278 122
s 27025 637 304
s 27035 390 197
s 27243 502 223
s 27244 577 248
s 27245 1032 486
s 27246 752 371
s 27247 701 359
s 27248 1462 780
s 27249 68 31
s 27250 360 171
s 27255 1367 673
s 27256 220 109
s 27257 1065 582
s 27259 1832 896
s 27262 133 62
s 27264 1062 533
s 27265 583 253
s 27267 1023 505
s 27271 1575 800
s 27272 401 191
s 27273 390 191
s 27274 293 136
s 27281 402 187
s 27291 418 221
s 27500 343 167
s 27501 662 339
s 27502 475 251
s 27503 390 214
s 27504 855 474
s 27505 214 123
s 27506 297 141
s 27511 687 350
s 27512 347 175
s 27513 569 313
s 27515 930 469
s 27518 310 138
s 27520 777 384
s 27521 304 137
s 27523 547 290
s 27527 886 442
s 27528 330 165
s 27529 245 137
s 27530 198 100
s 27537 312 143
s 27547 241 124
s 27757 379 145
s 27758 292 134
s 27759 271 141
s 27760 506 234
s 27761 202 100
s 27762 246 115
s 27767 522 259
s 27768 233 109
s 27769 370 173
s 27771 731 295
s 27774 324 153
s 27776 566 258
s 27777 21 10
s 27779 393 165
s 27783 73 31
s 27784 190 87
s 27785 60 31
s 27786 144 61
s 27793 199 83
s 27803 73 33
s 28014 631 306
s 28015 573 285
s 28016 1141 547
s 28017 330 156
s 28018 192 86
s 28023 843 402
s 28024 558 270
s 28025 721 353
s 28027 1176 553
s 28030 554 274
s 28032 1001 450
s 28033 474 213
s 28035 780 391
s 28039 1084 523
s 28040 516 232
s 28041 414 197
s 28042 51 25
s 28049 139 60
s 28059 284 127
s 28271 334 176
s 28272 651 348
s 28273 234 117
s 28274 348 177
s 28279 600 282
s 28280 430 218
s 28281 455 241
s 28283 725 325
s 28286 454 229
s 28288 699 340
s 28289 452 236
s 28291 502 252
s 28295 810 419
s 28296 363 179
s 28297 272 153
s 28298 159 82
s 28305 363 156
s 28315 220 105
s 28528 213 126
s 28529 290 166
s 28530 296 149
s 28535 347 170
s 28536 375 198
s 28537 248 134
s 28539 544 275
s 28542 366 172
s 28544 594 331
s 28545 298 144
s 28547 208 95
s 28551 796 422
s 28552 314 161
s 28553 327 185
s 28554 121 69
s 28561 300 153
s 28571 127 67
s 28785 538 290
s 28786 469 238
s 28791 806 397
s 28792 866 396
s 28793 486 242
s 28795 1106 555
s 28798 808 429
s 28800 1085 537
s 28801 590 279
s 28803 529 264
s 28807 1601 819
s 28808 555 294
s 28809 561 310
s 28810 230 102
s 28817 636 312
s 28827 338 169
s 29042 126 59
s 29047 420 226
s 29048 84 40
s 29049 374 213
s 29051 575 288
s 29054 59 24
s 29056 367 166
s 29057 201 98
s 29059 376 197
s 29063 581 301
s 29064 171 84
s 29065 144 78
s 29066 86 50
s 29073 153 77
s 29083 156 78
s 29303 505 223
s 29304 282 131
s 29305 407 200
s 29307 617 279
s 29310 268 121
s 29312 577 269
s 29313 278 123
s 29315 364 197
s 29319 602 302
s 29320 219 109
s 29321 185 89
s 29322 75 28
s 29329 123 60
s 29339 123 52
s 30584 687 323
s 30585 407 199
s 30587 750 372
s 30590 733 332
s 30592 831 399
s 30593 578 267
s 30595 486 236
s 30599 1423 753
s 30600 468 255
s 30601 524 271
s 30602 211 110
s 30609 479 225
s 30619 332 171
s 30841 521 268
s 30843 922 402
s 30846 189 76
s 30848 679 297
s 30849 262 109
s 30851 590 264
s 30855 634 313
s 30856 250 114
s 30857 162 78
s 30858 153 78
s 30865 252 120
s 30875 155 79
s 31099 580 292
s 31102 560 309
s 31104 713 351
s 31105 414 196
s 31107 309 144
s 31111 1163 634
s 31112 453 267
s 31113 640 343
s 31114 180 87
s 31121 449 202
s 31131 206 117
s 31614 1012 503
s 31616 1177 560
s 31617 694 292
s 31619 697 327
s 31623 1706 743
s 31624 582 260
s 31625 576 276
s 31626 277 143
s 31633 662 302
s 31643 401 210
s 32384 700 312
s 32385 361 155
s 32387 607 316
s 32391 877 430
s 32392 277 121
s 32393 215 110
s 32394 175 81
s 32401 234 106
s 32411 182 98
s 32897 764 345
s 32899 726 341
s 32903 1469 711
s 32904 600 295
s 32905 491 259
s 32906 303 157
s 32913 532 207
s 32923 317 146
s 33155 458 202
s 33159 114 56
s 33160 221 92
s 33161 76 42
s 33162 142 59
s 33169 226 99
s 33179 70 40
s 33671 1082 531
s 33672 408 193
s 33673 411 193
s 33674 182 81
s 33681 412 176
s 33691 250 114
s 34696 600 303
s 34697 271 154
s 34698 340 178
s 34705 619 274
s 34715 201 110
s 34953 206 103
s 34954 147 80
s 34961 206 88
s 34971 117 61
s 35210 108 53
s 35217 216 109
s 35227 79 37
s 35473 54 16
s 35483 83 47
s 37275 126 55
