n 40000
b 1 2398 1201
b 2 7581 3485
b 3 2307 1160
b 4 669 337
b 5 2452 1207
b 6 3579 1576
b 7 3327 1674
b 8 4545 2433
b 9 5036 2675
b 10 1075 532
b 11 5709 2650
b 12 3645 1837
b 13 1551 756
b 14 6338 3280
b 15 2187 1046
b 16 1222 548
b 17 2231 1073
b 18 4082 2097
b 19 2181 1080
b 20 4873 2426
b 21 6054 3144
b 22 2014 936
b 23 1449 743
b 25 7387 3527
b 26 10638 4938
b 27 6018 2820
b 28 4629 2390
b 29 4306 2110
b 30 5897 2820
b 31 6841 3442
b 32 622 309
b 33 1445 819
b 34 1630 814
b 35 2990 1388
b 36 4922 2490
b 37 1688 784
b 38 1302 662
b 39 3018 1403
b 40 696 336
b 41 2054 962
b 42 2438 1237
b 43 1713 830
b 44 2028 965
b 45 623 300
b 46 2310 1108
b 47 2687 1301
b 48 5114 2599
b 49 5328 2936
b 50 2263 1103
b 51 1832 886
b 52 841 434
b 53 2205 1058
b 54 10122 5276
b 55 3396 1827
b 56 1346 630
b 57 543 280
b 58 680 353
b 59 845 388
b 60 6165 3089
b 61 411 199
b 62 2547 1517
b 63 959 480
b 64 3765 1846
b 65 439 223
b 66 189 90
b 67 3454 1731
b 68 1630 762
b 69 3471 1745
b 70 4275 2114
b 71 6217 3214
b 72 713 349
b 73 577 285
b 74 6679 3464
b 75 3297 1600
b 76 4576 2434
b 77 625 373
b 78 1307 686
b 79 1834 870
b 80 1736 864
b 81 905 414
b 82 459 233
b 83 1452 738
b 84 4575 2185
b 85 8594 4299
b 86 9251 4821
b 87 5107 2604
b 88 1799 964
b 89 360 180
b 90 2499 1347
b 91 1809 974
b 92 590 308
b 93 3043 1610
b 94 1342 631
b 95 757 383
b 96 4618 2208
b 97 3231 1563
b 98 3199 1530
b 99 1518 653
b 100 4759 2416
b 101 3765 1755
b 102 787 376
b 103 304 162
b 104 2775 1354
b 105 4990 2606
b 106 5113 2671
b 107 3299 1793
b 108 6227 2962
b 109 2877 1398
b 110 2916 1524
b 111 2209 1131
b 112 4684 2545
b 113 1343 658
b 114 1174 598
b 119 5159 2641
b 120 3211 1584
b 121 5048 2615
b 123 8968 4269
b 126 2373 1144
b 128 7915 3826
b 129 2253 1114
b 131 4084 2112
b 135 7700 4033
b 136 1159 628
b 137 1677 873
b 138 1178 557
b 145 1959 964
b 155 1218 690
v 258 143 64
v 259 72 40
v 260 31 12
v 261 92 47
v 262 87 41
v 263 84 42
v 264 164 91
v 265 124 56
v 266 38 26
v 267 164 84
v 268 109 60
v 269 45 25
v 270 194 95
v 271 58 41
v 272 35 20
v 273 135 78
v 274 127 56
v 275 55 25
v 276 153 75
v 277 130 68
v 278 92 55
v 279 36 11
v 281 256 132
v 282 364 180
v 283 171 93
v 284 116 53
v 285 135 73
v 286 178 94
v 287 246 124
v 288 24 9
v 289 32 16
v 290 81 45
v 291 69 36
v 292 138 79
v 293 48 32
v 294 37 16
v 295 79 41
v 296 30 13
v 297 89 44
v 298 113 66
v 299 57 28
v 300 104 53
v 301 23 17
v 302 57 24
v 303 60 38
v 304 159 70
v 305 128 57
v 306 73 39
v 307 48 21
v 308 31 15
v 309 55 31
v 310 262 137
v 311 129 60
v 312 36 19
v 313 14 8
v 314 15 7
v 315 37 21
v 316 108 52
v 317 12 8
v 318 62 18
v 319 27 11
v 320 126 64
v 321 5 4
v 322 7 5
v 323 113 58
v 324 67 31
v 325 142 77
v 326 124 64
v 327 145 64
v 328 22 6
v 329 26 18
v 330 260 122
v 331 111 55
v 332 270 126
v 333 15 8
v 334 48 22
v 335 58 31
v 336 36 18
v 337 28 17
v 338 13 6
v 339 29 14
v 340 160 96
v 341 203 107
v 342 296 136
v 343 126 58
v 344 55 23
v 345 5 1
v 346 101 46
v 347 66 25
v 348 18 10
v 349 99 43
v 350 72 49
v 351 29 17
v 352 97 48
v 353 97 47
v 354 133 72
v 355 51 31
v 356 110 50
v 357 189 101
v 358 25 16
v 359 4 1
v 360 92 39
v 361 147 71
v 362 111 52
v 363 73 36
v 364 151 77
v 365 100 48
v 366 58 33
v 367 87 51
v 368 151 70
v 369 40 18
v 370 37 13
v 375 132 70
v 376 57 34
v 377 220 114
v 379 199 89
v 382 58 25
v 384 190 89
v 385 61 28
v 387 121 52
v 391 221 119
v 392 33 12
v 393 64 26
v 394 30 12
v 401 51 25
v 411 54 23
v 515 184 83
v 516 40 20
v 517 260 117
v 518 364 172
v 519 329 152
v 520 428 213
v 521 460 189
v 522 56 29
v 523 508 252
v 524 245 114
v 525 129 53
v 526 706 283
v 527 296 148
v 528 120 56
v 529 192 103
v 530 386 167
v 531 206 96
v 532 495 206
v 533 543 263
v 534 179 96
v 535 120 53
v 537 745 346
v 538 1064 539
v 539 643 317
v 540 523 243
v 541 462 230
v 542 610 272
v 543 615 267
v 544 48 22
v 545 136 50
v 546 163 80
v 547 281 151
v 548 585 241
v 549 172 79
v 550 120 56
v 551 288 150
v 552 59 26
v 553 159 88
v 554 295 127
v 555 170 90
v 556 158 82
v 557 63 33
v 558 230 104
v 559 288 141
v 560 476 222
v 561 502 192
v 562 333 179
v 563 167 92
v 564 76 32
v 565 185 85
v 566 1044 429
v 567 301 111
v 568 135 64
v 569 43 21
v 570 53 27
v 571 57 31
v 572 669 293
v 573 41 23
v 574 233 83
v 575 89 44
v 576 332 154
v 577 36 14
v 578 18 9
v 579 398 174
v 580 145 66
v 581 299 149
v 582 562 271
v 583 596 247
v 584 72 30
v 585 57 24
v 586 647 274
v 587 278 110
v 588 496 216
v 589 53 21
v 590 112 41
v 591 186 92
v 592 175 73
v 593 71 32
v 594 32 15
v 595 129 65
v 596 427 193
v 597 877 405
v 598 839 394
v 599 423 193
v 600 134 51
v 601 14 7
v 602 230 96
v 603 178 82
v 604 60 35
v 605 224 101
v 606 144 64
v 607 48 28
v 608 451 219
v 609 332 159
v 610 374 169
v 611 170 97
v 612 425 183
v 613 345 170
v 614 86 41
v 615 34 14
v 616 303 149
v 617 464 212
v 618 482 211
v 619 312 123
v 620 636 310
v 621 184 99
v 622 244 108
v 623 271 114
v 624 423 181
v 625 125 62
v 626 166 75
v 631 431 206
v 632 300 152
v 633 461 190
v 635 826 421
v 638 206 103
v 640 757 362
v 641 228 101
v 643 389 173
v 647 912 407
v 648 113 47
v 649 181 85
v 650 67 38
v 657 161 84
v 667 84 28
v 772 19 8
v 773 68 29
v 774 113 58
v 775 107 52
v 776 100 47
v 777 178 85
v 778 22 15
v 779 157 78
v 780 114 63
v 781 45 23
v 782 142 73
v 783 51 27
v 784 36 21
v 785 66 35
v 786 92 37
v 787 96 57
v 788 132 74
v 789 178 85
v 790 60 26
v 791 33 17
v 793 201 107
v 794 276 143
v 795 146 80
v 796 111 60
v 797 164 83
v 798 154 81
v 799 184 91
v 800 21 13
v 801 50 25
v 802 47 32
v 803 65 37
v 804 135 59
v 805 49 30
v 806 50 22
v 807 63 43
v 808 14 5
v 809 55 33
v 810 72 33
v 811 40 20
v 812 47 24
v 813 20 14
v 814 46 29
v 815 69 39
v 816 147 81
v 817 171 73
v 818 69 36
v 819 55 32
v 820 31 13
v 821 79 39
v 822 277 152
v 823 116 56
v 824 50 29
v 825 14 9
v 826 19 11
v 827 22 9
v 828 185 99
v 829 18 7
v 830 117 53
v 831 25 16
v 832 88 48
v 833 13 7
v 834 4 1
v 835 101 43
v 836 34 17
v 837 108 54
v 838 149 69
v 839 175 78
v 840 14 4
v 841 14 7
v 842 192 90
v 843 159 71
v 844 184 90
v 845 33 10
v 846 47 23
v 847 69 40
v 848 59 26
v 849 34 19
v 850 14 6
v 851 47 19
v 852 97 50
v 853 267 133
v 854 266 122
v 855 137 64
v 856 55 17
v 857 10 6
v 858 86 49
v 859 55 26
v 860 19 6
v 861 102 46
v 862 27 10
v 863 17 9
v 864 134 64
v 865 82 43
v 866 78 46
v 867 38 21
v 868 116 62
v 869 100 50
v 870 38 15
v 871 9 5
v 872 70 30
v 873 185 91
v 874 133 64
v 875 96 48
v 876 174 99
v 877 97 52
v 878 74 38
v 879 54 31
v 880 153 58
v 881 41 21
v 882 27 10
v 887 164 79
v 888 86 49
v 889 131 63
v 891 319 177
v 894 77 38
v 896 181 88
v 897 47 29
v 899 186 98
v 903 217 101
v 904 30 13
v 905 47 25
v 906 23 12
v 913 74 39
v 923 39 20
v 1029 29 13
v 1030 20 11
v 1031 24 11
v 1032 33 14
v 1033 40 14
v 1034 7 3
v 1035 47 28
v 1036 35 9
v 1037 14 3
v 1038 50 26
v 1039 9 3
v 1040 8 4
v 1041 23 10
v 1042 29 14
v 1043 19 9
v 1044 35 14
v 1045 62 29
v 1046 20 8
v 1047 12 7
v 1049 56 28
v 1050 98 54
v 1051 65 39
v 1052 34 18
v 1053 29 17
v 1054 41 18
v 1055 50 27
v 1056 4 4
v 1057 11 4
v 1058 8 5
v 1059 24 10
v 1060 38 17
v 1061 15 9
v 1062 8 3
v 1063 21 14
v 1064 11 5
v 1065 15 9
v 1066 21 16
v 1067 17 9
v 1068 22 13
v 1069 4 2
v 1070 23 14
v 1071 20 9
v 1072 34 18
v 1073 25 15
v 1074 17 8
v 1075 15 6
v 1076 5 4
v 1077 15 8
v 1078 65 28
v 1079 37 23
v 1080 11 3
v 1081 4 2
v 1082 8 3
v 1083 9 3
v 1084 91 51
v 1085 4 3
v 1086 21 11
v 1087 14 7
v 1088 29 13
v 1089 3 2
v 1090 5 3
v 1091 29 13
v 1092 10 4
v 1093 11 4
v 1094 41 20
v 1095 69 40
v 1096 8 4
v 1097 9 4
v 1098 56 29
v 1099 29 14
v 1100 22 10
v 1101 6 3
v 1102 12 4
v 1103 10 6
v 1104 12 5
v 1105 4 2
v 1106 7 3
v 1107 8 4
v 1108 42 22
v 1109 77 36
v 1110 61 28
v 1111 35 20
v 1112 18 11
v 1113 3 2
v 1114 18 11
v 1115 15 8
v 1116 2 0
v 1117 95 52
v 1118 19 10
v 1119 8 6
v 1120 33 13
v 1121 26 11
v 1122 25 15
v 1123 13 7
v 1124 47 24
v 1125 30 11
v 1126 8 7
v 1127 1 0
v 1128 20 9
v 1129 34 16
v 1130 35 19
v 1131 36 17
v 1132 47 24
v 1133 18 10
v 1134 34 15
v 1135 17 10
v 1136 45 17
v 1137 11 3
v 1138 9 4
v 1143 40 23
v 1144 88 53
v 1145 35 14
v 1147 75 37
v 1150 15 8
v 1152 57 28
v 1153 13 9
v 1155 26 16
v 1159 69 28
v 1160 7 4
v 1161 14 7
v 1162 8 6
v 1169 14 6
v 1179 6 4
v 1286 106 58
v 1287 88 44
v 1288 159 63
v 1289 157 90
v 1290 34 22
v 1291 186 95
v 1292 87 47
v 1293 49 26
v 1294 222 109
v 1295 70 35
v 1296 27 15
v 1297 70 32
v 1298 140 59
v 1299 74 42
v 1300 149 64
v 1301 204 97
v 1302 69 30
v 1303 61 32
v 1305 221 107
v 1306 384 208
v 1307 217 98
v 1308 110 50
v 1309 145 77
v 1310 206 88
v 1311 231 122
v 1312 19 9
v 1313 41 19
v 1314 47 20
v 1315 137 74
v 1316 133 61
v 1317 75 35
v 1318 36 19
v 1319 102 58
v 1320 16 8
v 1321 70 35
v 1322 74 36
v 1323 62 28
v 1324 63 34
v 1325 18 8
v 1326 58 24
v 1327 76 44
v 1328 154 70
v 1329 147 78
v 1330 78 48
v 1331 61 31
v 1332 35 13
v 1333 79 44
v 1334 299 147
v 1335 103 49
v 1336 38 22
v 1337 11 4
v 1338 24 12
v 1339 27 17
v 1340 171 87
v 1341 15 9
v 1342 88 39
v 1343 36 22
v 1344 103 54
v 1345 11 7
v 1346 3 2
v 1347 109 55
v 1348 50 24
v 1349 106 52
v 1350 121 51
v 1351 182 79
v 1352 33 20
v 1353 28 16
v 1354 204 95
v 1355 107 55
v 1356 132 60
v 1357 13 6
v 1358 34 16
v 1359 31 16
v 1360 51 32
v 1361 38 22
v 1362 10 5
v 1363 39 20
v 1364 154 82
v 1365 228 108
v 1366 293 139
v 1367 177 82
v 1368 61 26
v 1369 19 13
v 1370 64 24
v 1371 47 14
v 1372 23 14
v 1373 111 59
v 1374 32 18
v 1375 33 14
v 1376 150 80
v 1377 92 40
v 1378 71 37
v 1379 56 29
v 1380 131 70
v 1381 135 80
v 1382 21 10
v 1383 6 3
v 1384 125 59
v 1385 141 63
v 1386 153 80
v 1387 93 40
v 1388 190 101
v 1389 68 39
v 1390 81 35
v 1391 69 29
v 1392 110 53
v 1393 41 14
v 1394 41 16
v 1399 140 69
v 1400 78 39
v 1401 130 52
v 1403 296 143
v 1406 62 33
v 1408 234 113
v 1409 62 33
v 1411 96 50
v 1415 216 90
v 1416 35 17
v 1417 55 22
v 1418 30 13
v 1425 63 29
v 1435 34 17
v 1543 142 64
v 1544 189 90
v 1545 214 79
v 1546 41 15
v 1547 316 156
v 1548 139 57
v 1549 59 22
v 1550 262 101
v 1551 81 32
v 1552 50 21
v 1553 89 44
v 1554 176 64
v 1555 73 30
v 1556 195 89
v 1557 266 112
v 1558 89 36
v 1559 50 17
v 1561 344 164
v 1562 500 247
v 1563 302 145
v 1564 195 95
v 1565 251 112
v 1566 267 122
v 1567 304 143
v 1568 23 12
v 1569 63 15
v 1570 84 30
v 1571 180 86
v 1572 246 129
v 1573 81 46
v 1574 50 28
v 1575 142 70
v 1576 39 19
v 1577 110 58
v 1578 108 40
v 1579 79 39
v 1580 127 58
v 1581 23 9
v 1582 95 43
v 1583 139 63
v 1584 276 130
v 1585 219 74
v 1586 93 46
v 1587 71 27
v 1588 26 14
v 1589 85 42
v 1590 626 253
v 1591 123 41
v 1592 57 28
v 1593 30 11
v 1594 35 16
v 1595 29 9
v 1596 225 99
v 1597 20 9
v 1598 109 37
v 1599 45 19
v 1600 196 93
v 1601 16 8
v 1602 7 2
v 1603 215 75
v 1604 70 34
v 1605 140 69
v 1606 176 86
v 1607 227 96
v 1608 23 8
v 1609 29 13
v 1610 333 141
v 1611 148 76
v 1612 211 82
v 1613 15 3
v 1614 53 21
v 1615 96 37
v 1616 74 42
v 1617 37 15
v 1618 14 5
v 1619 59 16
v 1620 204 93
v 1621 464 197
v 1622 402 164
v 1623 225 90
v 1624 74 26
v 1625 21 9
v 1626 101 34
v 1627 89 27
v 1628 24 12
v 1629 120 52
v 1630 53 22
v 1631 27 11
v 1632 197 80
v 1633 122 59
v 1634 174 76
v 1635 140 68
v 1636 165 73
v 1637 171 78
v 1638 40 13
v 1639 10 2
v 1640 117 63
v 1641 209 84
v 1642 196 83
v 1643 121 48
v 1644 315 148
v 1645 132 54
v 1646 119 46
v 1647 123 56
v 1648 221 81
v 1649 61 37
v 1650 42 15
v 1655 209 93
v 1656 140 64
v 1657 246 125
v 1659 406 203
v 1662 96 39
v 1664 338 152
v 1665 65 28
v 1667 181 71
v 1671 360 148
v 1672 39 18
v 1673 59 29
v 1674 59 28
v 1681 89 37
v 1691 48 15
v 1800 177 77
v 1801 190 93
v 1802 41 23
v 1803 201 111
v 1804 310 138
v 1805 60 36
v 1806 277 142
v 1807 70 36
v 1808 76 46
v 1809 77 41
v 1810 164 85
v 1811 90 55
v 1812 214 116
v 1813 246 114
v 1814 73 38
v 1815 63 27
v 1817 277 150
v 1818 468 238
v 1819 280 146
v 1820 208 99
v 1821 163 86
v 1822 238 129
v 1823 270 133
v 1824 29 11
v 1825 69 32
v 1826 83 41
v 1827 104 46
v 1828 211 109
v 1829 64 37
v 1830 68 39
v 1831 137 79
v 1832 32 22
v 1833 80 47
v 1834 101 47
v 1835 58 26
v 1836 93 48
v 1837 26 10
v 1838 85 44
v 1839 96 51
v 1840 223 109
v 1841 229 112
v 1842 107 64
v 1843 74 41
v 1844 30 11
v 1845 89 46
v 1846 389 201
v 1847 136 74
v 1848 55 28
v 1849 26 16
v 1850 30 12
v 1851 37 18
v 1852 267 128
v 1853 32 18
v 1854 107 51
v 1855 46 18
v 1856 152 74
v 1857 25 17
v 1858 16 10
v 1859 158 68
v 1860 81 47
v 1861 150 74
v 1862 182 92
v 1863 268 131
v 1864 30 14
v 1865 24 15
v 1866 292 157
v 1867 149 69
v 1868 176 71
v 1869 27 10
v 1870 48 21
v 1871 68 39
v 1872 72 36
v 1873 49 28
v 1874 26 17
v 1875 58 28
v 1876 186 95
v 1877 352 185
v 1878 383 180
v 1879 199 91
v 1880 69 31
v 1881 21 12
v 1882 111 50
v 1883 70 40
v 1884 27 16
v 1885 112 58
v 1886 72 36
v 1887 31 13
v 1888 154 79
v 1889 131 70
v 1890 145 67
v 1891 60 36
v 1892 197 96
v 1893 175 95
v 1894 30 13
v 1895 15 6
v 1896 128 62
v 1897 199 95
v 1898 223 104
v 1899 129 48
v 1900 233 112
v 1901 101 56
v 1902 112 56
v 1903 94 52
v 1904 199 100
v 1905 64 30
v 1906 48 24
v 1911 222 99
v 1912 143 75
v 1913 226 99
v 1915 382 198
v 1918 101 55
v 1920 343 171
v 1921 83 44
v 1923 165 86
v 1927 317 145
v 1928 49 19
v 1929 78 33
v 1930 51 32
v 1937 85 54
v 1947 49 30
v 2057 268 146
v 2058 53 28
v 2059 314 166
v 2060 147 87
v 2061 86 43
v 2062 336 160
v 2063 93 51
v 2064 64 40
v 2065 119 68
v 2066 218 119
v 2067 111 61
v 2068 272 157
v 2069 343 190
v 2070 122 64
v 2071 96 55
v 2073 434 268
v 2074 660 352
v 2075 382 204
v 2076 218 112
v 2077 239 128
v 2078 334 190
v 2079 424 225
v 2080 44 24
v 2081 69 26
v 2082 74 43
v 2083 179 106
v 2084 261 141
v 2085 96 62
v 2086 37 19
v 2087 177 105
v 2088 60 31
v 2089 137 72
v 2090 188 102
v 2091 95 49
v 2092 157 101
v 2093 42 26
v 2094 145 77
v 2095 165 91
v 2096 302 154
v 2097 251 125
v 2098 107 56
v 2099 106 62
v 2100 48 21
v 2101 108 70
v 2102 757 409
v 2103 158 81
v 2104 70 40
v 2105 19 11
v 2106 37 22
v 2107 49 27
v 2108 294 152
v 2109 24 11
v 2110 127 54
v 2111 48 25
v 2112 239 136
v 2113 25 11
v 2114 7 2
v 2115 213 110
v 2116 91 46
v 2117 137 78
v 2118 282 137
v 2119 341 158
v 2120 30 17
v 2121 34 19
v 2122 441 241
v 2123 219 129
v 2124 201 95
v 2125 30 16
v 2126 63 37
v 2127 64 43
v 2128 102 58
v 2129 53 28
v 2130 24 10
v 2131 68 37
v 2132 292 154
v 2133 482 246
v 2134 522 275
v 2135 355 178
v 2136 121 61
v 2137 13 4
v 2138 134 65
v 2139 90 42
v 2140 33 14
v 2141 198 105
v 2142 77 45
v 2143 51 24
v 2144 266 154
v 2145 203 119
v 2146 135 80
v 2147 65 41
v 2148 212 109
v 2149 235 135
v 2150 38 20
v 2151 22 17
v 2152 160 74
v 2153 368 197
v 2154 269 138
v 2155 189 85
v 2156 556 329
v 2157 122 63
v 2158 277 149
v 2159 104 59
v 2160 156 73
v 2161 87 44
v 2162 63 31
v 2167 257 142
v 2168 180 98
v 2169 289 147
v 2171 544 285
v 2174 140 71
v 2176 513 290
v 2177 220 127
v 2179 150 78
v 2183 448 224
v 2184 71 31
v 2185 99 49
v 2186 77 35
v 2193 105 58
v 2203 59 28
v 2314 65 33
v 2315 339 200
v 2316 239 139
v 2317 100 59
v 2318 402 211
v 2319 144 82
v 2320 58 34
v 2321 165 90
v 2322 304 178
v 2323 158 88
v 2324 262 145
v 2325 416 205
v 2326 153 81
v 2327 80 44
v 2329 485 266
v 2330 639 370
v 2331 316 161
v 2332 324 164
v 2333 272 138
v 2334 390 211
v 2335 419 242
v 2336 33 20
v 2337 119 50
v 2338 93 47
v 2339 164 94
v 2340 314 171
v 2341 91 54
v 2342 84 47
v 2343 189 103
v 2344 44 21
v 2345 119 67
v 2346 115 51
v 2347 103 50
v 2348 107 62
v 2349 26 14
v 2350 144 68
v 2351 157 82
v 2352 305 163
v 2353 360 181
v 2354 140 73
v 2355 138 84
v 2356 53 23
v 2357 135 73
v 2358 620 327
v 2359 236 113
v 2360 96 54
v 2361 42 23
v 2362 56 29
v 2363 56 31
v 2364 387 198
v 2365 20 12
v 2366 202 85
v 2367 62 40
v 2368 224 126
v 2369 26 10
v 2370 15 8
v 2371 192 93
v 2372 83 47
v 2373 258 134
v 2374 243 130
v 2375 381 191
v 2376 48 22
v 2377 25 16
v 2378 399 208
v 2379 165 88
v 2380 307 151
v 2381 47 23
v 2382 88 45
v 2383 125 70
v 2384 111 56
v 2385 41 25
v 2386 33 19
v 2387 103 60
v 2388 215 120
v 2389 532 285
v 2390 620 320
v 2391 354 180
v 2392 107 48
v 2393 22 11
v 2394 158 72
v 2395 90 43
v 2396 39 17
v 2397 228 100
v 2398 77 41
v 2399 31 13
v 2400 286 146
v 2401 191 102
v 2402 206 117
v 2403 77 51
v 2404 327 170
v 2405 252 148
v 2406 59 31
v 2407 28 18
v 2408 145 74
v 2409 354 177
v 2410 364 186
v 2411 219 113
v 2412 395 225
v 2413 190 96
v 2414 178 84
v 2415 130 62
v 2416 323 173
v 2417 75 39
v 2418 86 45
v 2423 432 231
v 2424 225 125
v 2425 291 143
v 2427 706 402
v 2430 147 85
v 2432 483 268
v 2433 143 66
v 2435 315 171
v 2439 475 255
v 2440 68 32
v 2441 127 63
v 2442 78 43
v 2449 157 86
v 2459 90 46
v 2571 66 37
v 2572 26 12
v 2573 9 5
v 2574 79 38
v 2575 51 22
v 2576 16 9
v 2577 25 13
v 2578 36 12
v 2579 39 15
v 2580 77 41
v 2581 90 43
v 2582 15 6
v 2583 31 20
v 2585 90 48
v 2586 103 41
v 2587 63 27
v 2588 66 37
v 2589 58 30
v 2590 96 53
v 2591 103 58
v 2592 10 7
v 2593 25 11
v 2594 18 12
v 2595 38 19
v 2596 48 20
v 2597 17 9
v 2598 12 6
v 2599 33 20
v 2600 10 4
v 2601 25 13
v 2602 26 12
v 2603 24 13
v 2604 14 8
v 2605 5 3
v 2606 34 19
v 2607 34 15
v 2608 68 32
v 2609 77 36
v 2610 38 17
v 2611 35 18
v 2612 9 1
v 2613 31 23
v 2614 254 125
v 2615 33 15
v 2616 14 7
v 2617 9 4
v 2618 14 4
v 2619 11 9
v 2620 53 20
v 2621 2 1
v 2622 44 23
v 2623 13 8
v 2624 61 29
v 2625 15 10
v 2626 3 1
v 2627 33 18
v 2628 18 6
v 2629 38 11
v 2630 42 20
v 2631 111 59
v 2632 14 8
v 2633 7 5
v 2634 76 34
v 2635 39 25
v 2636 51 23
v 2637 9 3
v 2638 19 9
v 2639 28 21
v 2640 23 9
v 2641 11 6
v 2642 6 3
v 2643 19 8
v 2644 56 31
v 2645 99 54
v 2646 166 90
v 2647 66 29
v 2648 9 4
v 2649 3 2
v 2650 40 22
v 2651 29 15
v 2652 8 4
v 2653 50 26
v 2654 10 3
v 2655 5 2
v 2656 64 27
v 2657 55 21
v 2658 51 29
v 2659 26 16
v 2660 56 29
v 2661 29 15
v 2662 4 3
v 2663 4 3
v 2664 24 14
v 2665 52 24
v 2666 94 44
v 2667 41 18
v 2668 101 51
v 2669 53 29
v 2670 57 33
v 2671 26 12
v 2672 73 34
v 2673 21 11
v 2674 24 13
v 2679 76 36
v 2680 51 28
v 2681 60 24
v 2683 108 53
v 2686 36 21
v 2688 111 53
v 2689 32 17
v 2691 53 22
v 2695 146 70
v 2696 13 7
v 2697 29 17
v 2698 14 8
v 2705 28 13
v 2715 25 11
v 2828 236 102
v 2829 97 48
v 2830 511 229
v 2831 144 74
v 2832 86 47
v 2833 173 91
v 2834 277 127
v 2835 152 73
v 2836 350 171
v 2837 459 202
v 2838 157 75
v 2839 107 43
v 2841 653 325
v 2842 736 383
v 2843 393 190
v 2844 291 129
v 2845 289 149
v 2846 405 218
v 2847 487 220
v 2848 41 20
v 2849 87 37
v 2850 98 49
v 2851 257 122
v 2852 360 173
v 2853 132 67
v 2854 90 45
v 2855 229 119
v 2856 57 24
v 2857 132 65
v 2858 174 80
v 2859 139 62
v 2860 125 57
v 2861 39 18
v 2862 220 111
v 2863 180 99
v 2864 426 204
v 2865 278 110
v 2866 157 79
v 2867 124 67
v 2868 48 26
v 2869 169 83
v 2870 828 346
v 2871 261 111
v 2872 94 41
v 2873 32 14
v 2874 46 25
v 2875 58 30
v 2876 473 220
v 2877 35 18
v 2878 185 75
v 2879 66 30
v 2880 293 136
v 2881 36 13
v 2882 9 5
v 2883 255 127
v 2884 97 55
v 2885 241 120
v 2886 312 149
v 2887 389 174
v 2888 46 25
v 2889 46 18
v 2890 513 211
v 2891 261 114
v 2892 307 138
v 2893 31 9
v 2894 71 23
v 2895 142 68
v 2896 128 63
v 2897 62 34
v 2898 32 17
v 2899 157 83
v 2900 315 142
v 2901 636 298
v 2902 708 299
v 2903 320 132
v 2904 81 40
v 2905 15 5
v 2906 188 71
v 2907 147 63
v 2908 55 27
v 2909 185 88
v 2910 96 38
v 2911 53 26
v 2912 308 140
v 2913 190 82
v 2914 218 113
v 2915 152 78
v 2916 343 157
v 2917 307 146
v 2918 53 22
v 2919 25 14
v 2920 173 79
v 2921 360 163
v 2922 368 163
v 2923 219 98
v 2924 519 249
v 2925 326 141
v 2926 230 96
v 2927 157 69
v 2928 365 149
v 2929 89 39
v 2930 78 26
v 2935 318 144
v 2936 196 109
v 2937 400 178
v 2939 631 310
v 2942 141 60
v 2944 624 298
v 2945 179 85
v 2947 297 134
v 2951 579 237
v 2952 89 35
v 2953 113 49
v 2954 83 43
v 2961 154 75
v 2971 93 44
v 3085 83 40
v 3086 286 129
v 3087 83 46
v 3088 110 62
v 3089 93 48
v 3090 419 198
v 3091 91 41
v 3092 248 132
v 3093 261 114
v 3094 80 47
v 3095 60 30
v 3097 287 164
v 3098 465 235
v 3099 267 158
v 3100 263 146
v 3101 195 86
v 3102 247 133
v 3103 299 168
v 3104 20 14
v 3105 38 20
v 3106 78 43
v 3107 99 52
v 3108 250 128
v 3109 80 40
v 3110 86 47
v 3111 158 88
v 3112 31 21
v 3113 95 50
v 3114 93 41
v 3115 66 40
v 3116 87 49
v 3117 30 16
v 3118 60 41
v 3119 78 44
v 3120 383 187
v 3121 256 111
v 3122 103 50
v 3123 79 51
v 3124 104 46
v 3125 90 40
v 3126 575 289
v 3127 147 53
v 3128 45 23
v 3129 23 13
v 3130 21 8
v 3131 28 17
v 3132 306 167
v 3133 11 6
v 3134 129 43
v 3135 41 20
v 3136 166 85
v 3137 14 9
v 3138 12 8
v 3139 124 67
v 3140 66 43
v 3141 187 94
v 3142 148 78
v 3143 295 145
v 3144 45 22
v 3145 33 14
v 3146 268 121
v 3147 196 113
v 3148 164 98
v 3149 35 15
v 3150 80 35
v 3151 94 47
v 3152 60 22
v 3153 28 17
v 3154 25 11
v 3155 70 36
v 3156 201 101
v 3157 403 202
v 3158 384 178
v 3159 224 107
v 3160 72 35
v 3161 25 16
v 3162 99 39
v 3163 114 53
v 3164 32 19
v 3165 112 43
v 3166 121 64
v 3167 22 10
v 3168 197 104
v 3169 132 66
v 3170 142 68
v 3171 68 34
v 3172 240 118
v 3173 164 97
v 3174 30 18
v 3175 13 6
v 3176 113 52
v 3177 238 108
v 3178 215 90
v 3179 138 63
v 3180 193 95
v 3181 96 56
v 3182 137 64
v 3183 106 40
v 3184 205 100
v 3185 71 40
v 3186 51 31
v 3191 261 132
v 3192 153 79
v 3193 222 106
v 3195 423 220
v 3198 85 43
v 3200 349 175
v 3201 102 64
v 3203 221 115
v 3207 389 188
v 3208 59 34
v 3209 104 56
v 3210 42 18
v 3217 92 44
v 3227 41 20
v 3342 113 48
v 3343 38 19
v 3344 26 15
v 3345 61 32
v 3346 88 44
v 3347 62 27
v 3348 97 41
v 3349 124 65
v 3350 32 15
v 3351 25 13
v 3353 165 90
v 3354 156 72
v 3355 88 43
v 3356 76 32
v 3357 70 28
v 3358 114 54
v 3359 141 70
v 3360 34 13
v 3361 39 18
v 3362 27 14
v 3363 43 22
v 3364 81 46
v 3365 29 16
v 3366 30 14
v 3367 95 53
v 3368 16 6
v 3369 42 18
v 3370 56 29
v 3371 32 16
v 3372 32 15
v 3373 19 7
v 3374 33 19
v 3375 42 26
v 3376 95 42
v 3377 93 40
v 3378 37 20
v 3379 46 28
v 3380 16 9
v 3381 38 17
v 3382 157 69
v 3383 83 44
v 3384 28 15
v 3385 13 6
v 3386 15 6
v 3387 14 5
v 3388 90 37
v 3389 5 0
v 3390 50 18
v 3391 22 10
v 3392 72 34
v 3393 11 4
v 3394 7 5
v 3395 56 32
v 3396 36 19
v 3397 64 23
v 3398 78 37
v 3399 152 66
v 3400 20 14
v 3401 11 4
v 3402 182 74
v 3403 38 17
v 3404 84 37
v 3405 16 7
v 3406 33 14
v 3407 42 24
v 3408 35 18
v 3409 24 10
v 3410 6 4
v 3411 34 17
v 3412 90 47
v 3413 161 84
v 3414 175 80
v 3415 110 54
v 3416 21 10
v 3417 10 2
v 3418 57 25
v 3419 24 13
v 3420 12 5
v 3421 48 18
v 3422 26 13
v 3423 10 7
v 3424 96 50
v 3425 66 36
v 3426 60 33
v 3427 21 12
v 3428 82 41
v 3429 37 22
v 3430 15 9
v 3431 6 2
v 3432 47 20
v 3433 117 52
v 3434 99 46
v 3435 47 16
v 3436 117 67
v 3437 61 26
v 3438 60 36
v 3439 48 28
v 3440 102 46
v 3441 22 15
v 3442 23 14
v 3447 135 69
v 3448 58 32
v 3449 92 43
v 3451 176 97
v 3454 82 39
v 3456 152 85
v 3457 49 26
v 3459 87 44
v 3463 186 90
v 3464 23 8
v 3465 44 20
v 3466 25 13
v 3473 46 14
v 3483 25 12
v 3599 166 93
v 3600 103 50
v 3601 162 86
v 3602 270 133
v 3603 137 72
v 3604 390 209
v 3605 437 234
v 3606 170 98
v 3607 139 78
v 3609 550 309
v 3610 995 522
v 3611 523 283
v 3612 400 190
v 3613 324 182
v 3614 556 303
v 3615 560 266
v 3616 56 21
v 3617 93 43
v 3618 144 77
v 3619 243 138
v 3620 449 234
v 3621 150 83
v 3622 76 35
v 3623 252 135
v 3624 68 33
v 3625 163 81
v 3626 231 113
v 3627 136 74
v 3628 180 100
v 3629 51 29
v 3630 163 93
v 3631 203 123
v 3632 400 199
v 3633 361 171
v 3634 161 87
v 3635 134 68
v 3636 68 42
v 3637 154 81
v 3638 912 450
v 3639 219 101
v 3640 106 58
v 3641 37 21
v 3642 31 16
v 3643 67 29
v 3644 459 225
v 3645 34 13
v 3646 175 81
v 3647 88 42
v 3648 320 157
v 3649 25 12
v 3650 18 10
v 3651 278 147
v 3652 161 86
v 3653 219 120
v 3654 395 201
v 3655 528 266
v 3656 48 27
v 3657 47 22
v 3658 561 280
v 3659 266 135
v 3660 354 165
v 3661 30 10
v 3662 94 48
v 3663 120 75
v 3664 125 59
v 3665 87 55
v 3666 34 18
v 3667 127 63
v 3668 371 195
v 3669 728 379
v 3670 843 429
v 3671 413 215
v 3672 107 58
v 3673 26 12
v 3674 168 85
v 3675 168 82
v 3676 49 25
v 3677 258 128
v 3678 100 54
v 3679 62 33
v 3680 353 170
v 3681 301 162
v 3682 407 218
v 3683 118 71
v 3684 396 192
v 3685 327 182
v 3686 52 28
v 3687 26 12
v 3688 266 142
v 3689 405 202
v 3690 368 175
v 3691 248 116
v 3692 492 250
v 3693 225 117
v 3694 222 118
v 3695 168 90
v 3696 335 173
v 3697 110 63
v 3698 128 64
v 3703 346 177
v 3704 252 126
v 3705 431 217
v 3707 647 362
v 3710 178 83
v 3712 587 317
v 3713 162 78
v 3715 316 149
v 3719 619 299
v 3720 86 33
v 3721 150 71
v 3722 82 49
v 3729 155 65
v 3739 76 38
v 3856 30 14
v 3857 66 34
v 3858 104 50
v 3859 48 23
v 3860 123 53
v 3861 192 82
v 3862 50 24
v 3863 33 14
v 3865 188 82
v 3866 285 151
v 3867 139 75
v 3868 133 67
v 3869 135 66
v 3870 153 62
v 3871 214 105
v 3872 18 6
v 3873 30 8
v 3874 41 20
v 3875 87 49
v 3876 122 60
v 3877 47 20
v 3878 26 14
v 3879 117 54
v 3880 20 10
v 3881 65 38
v 3882 54 26
v 3883 56 33
v 3884 42 25
v 3885 16 8
v 3886 37 16
v 3887 77 33
v 3888 122 56
v 3889 154 64
v 3890 57 31
v 3891 51 29
v 3892 21 13
v 3893 55 30
v 3894 570 289
v 3895 102 49
v 3896 21 9
v 3897 26 11
v 3898 21 7
v 3899 25 10
v 3900 192 91
v 3901 9 3
v 3902 80 31
v 3903 43 18
v 3904 104 45
v 3905 7 2
v 3906 3 3
v 3907 80 32
v 3908 50 26
v 3909 91 39
v 3910 110 54
v 3911 188 89
v 3912 15 10
v 3913 13 5
v 3914 171 83
v 3915 92 49
v 3916 135 47
v 3917 16 4
v 3918 31 22
v 3919 46 31
v 3920 51 25
v 3921 30 12
v 3922 7 0
v 3923 21 10
v 3924 111 66
v 3925 264 120
v 3926 269 132
v 3927 134 57
v 3928 55 26
v 3929 9 6
v 3930 63 36
v 3931 32 14
v 3932 23 10
v 3933 80 36
v 3934 19 9
v 3935 25 12
v 3936 119 68
v 3937 86 40
v 3938 79 37
v 3939 37 15
v 3940 114 61
v 3941 126 65
v 3942 18 10
v 3943 12 3
v 3944 78 42
v 3945 112 45
v 3946 130 46
v 3947 75 38
v 3948 148 73
v 3949 74 32
v 3950 60 31
v 3951 46 21
v 3952 130 40
v 3953 32 17
v 3954 25 15
v 3959 141 68
v 3960 84 43
v 3961 135 64
v 3963 241 126
v 3966 76 38
v 3968 238 124
v 3969 63 32
v 3971 110 50
v 3975 183 78
v 3976 43 28
v 3977 35 13
v 3978 18 10
v 3985 43 25
v 3995 28 12
v 4113 35 15
v 4114 69 28
v 4115 27 6
v 4116 83 46
v 4117 82 36
v 4118 32 15
v 4119 22 10
v 4121 123 62
v 4122 156 78
v 4123 105 46
v 4124 76 32
v 4125 52 21
v 4126 87 44
v 4127 110 42
v 4128 7 4
v 4129 18 5
v 4130 30 15
v 4131 46 26
v 4132 64 31
v 4133 40 23
v 4134 16 10
v 4135 43 27
v 4136 6 2
v 4137 29 14
v 4138 34 19
v 4139 27 12
v 4140 30 9
v 4141 12 6
v 4142 35 17
v 4143 41 20
v 4144 92 34
v 4145 74 32
v 4146 38 20
v 4147 35 16
v 4148 11 5
v 4149 28 16
v 4150 148 67
v 4151 48 15
v 4152 20 10
v 4153 9 3
v 4154 14 6
v 4155 20 8
v 4156 102 40
v 4157 4 1
v 4158 38 10
v 4159 8 4
v 4160 58 27
v 4161 10 2
v 4162 4 2
v 4163 46 21
v 4164 21 9
v 4165 66 31
v 4166 52 23
v 4167 92 40
v 4168 15 5
v 4169 10 4
v 4170 101 43
v 4171 45 17
v 4172 81 41
v 4173 11 2
v 4174 26 9
v 4175 37 22
v 4176 25 11
v 4177 21 14
v 4178 7 2
v 4179 15 6
v 4180 55 23
v 4181 111 58
v 4182 142 60
v 4183 73 32
v 4184 21 8
v 4185 6 5
v 4186 37 17
v 4187 30 8
v 4188 6 3
v 4189 39 14
v 4190 21 8
v 4191 12 8
v 4192 65 30
v 4193 56 26
v 4194 44 17
v 4195 19 6
v 4196 96 48
v 4197 51 28
v 4198 12 3
v 4199 7 4
v 4200 47 26
v 4201 76 29
v 4202 58 21
v 4203 48 23
v 4204 90 45
v 4205 49 25
v 4206 43 13
v 4207 33 15
v 4208 76 32
v 4209 26 11
v 4210 13 6
v 4215 81 33
v 4216 57 19
v 4217 72 30
v 4219 144 65
v 4222 45 24
v 4224 101 49
v 4225 38 12
v 4227 66 28
v 4231 118 49
v 4232 16 7
v 4233 27 13
v 4234 14 7
v 4241 33 16
v 4251 22 6
v 4370 103 46
v 4371 75 39
v 4372 132 68
v 4373 154 62
v 4374 57 28
v 4375 40 20
v 4377 200 108
v 4378 246 119
v 4379 103 41
v 4380 139 77
v 4381 124 53
v 4382 185 96
v 4383 170 75
v 4384 13 9
v 4385 40 18
v 4386 62 28
v 4387 70 36
v 4388 103 55
v 4389 57 26
v 4390 45 21
v 4391 87 44
v 4392 21 12
v 4393 69 34
v 4394 57 24
v 4395 42 20
v 4396 49 22
v 4397 9 6
v 4398 54 31
v 4399 59 28
v 4400 139 55
v 4401 165 74
v 4402 56 25
v 4403 60 30
v 4404 32 15
v 4405 63 32
v 4406 295 152
v 4407 106 45
v 4408 37 21
v 4409 11 4
v 4410 25 14
v 4411 25 15
v 4412 126 63
v 4413 9 6
v 4414 80 30
v 4415 17 10
v 4416 111 51
v 4417 12 7
v 4418 3 1
v 4419 105 44
v 4420 70 37
v 4421 110 56
v 4422 106 47
v 4423 157 71
v 4424 18 7
v 4425 12 6
v 4426 182 80
v 4427 59 27
v 4428 116 50
v 4429 20 9
v 4430 50 22
v 4431 73 40
v 4432 47 21
v 4433 20 9
v 4434 16 8
v 4435 43 15
v 4436 114 62
v 4437 243 119
v 4438 263 135
v 4439 90 42
v 4440 45 17
v 4441 14 6
v 4442 92 44
v 4443 48 23
v 4444 16 9
v 4445 82 44
v 4446 42 20
v 4447 19 6
v 4448 139 60
v 4449 85 35
v 4450 105 62
v 4451 41 25
v 4452 125 58
v 4453 80 38
v 4454 18 10
v 4455 14 7
v 4456 64 30
v 4457 151 63
v 4458 186 81
v 4459 105 49
v 4460 144 83
v 4461 81 46
v 4462 96 45
v 4463 80 28
v 4464 166 75
v 4465 41 13
v 4466 30 17
v 4471 173 88
v 4472 99 49
v 4473 87 40
v 4475 291 157
v 4478 68 32
v 4480 273 148
v 4481 66 32
v 4483 131 63
v 4487 217 100
v 4488 26 17
v 4489 62 37
v 4490 26 12
v 4497 77 42
v 4507 48 20
v 4627 158 87
v 4628 227 119
v 4629 308 138
v 4630 88 46
v 4631 76 39
v 4633 382 196
v 4634 530 297
v 4635 268 127
v 4636 226 107
v 4637 163 83
v 4638 300 152
v 4639 352 169
v 4640 27 13
v 4641 75 26
v 4642 78 50
v 4643 146 82
v 4644 214 112
v 4645 79 37
v 4646 66 32
v 4647 142 78
v 4648 29 11
v 4649 86 41
v 4650 123 72
v 4651 89 47
v 4652 101 51
v 4653 35 20
v 4654 152 74
v 4655 131 56
v 4656 320 158
v 4657 302 139
v 4658 110 55
v 4659 114 50
v 4660 36 15
v 4661 112 50
v 4662 399 189
v 4663 332 189
v 4664 80 51
v 4665 30 15
v 4666 36 19
v 4667 40 21
v 4668 381 186
v 4669 38 21
v 4670 161 80
v 4671 46 26
v 4672 164 89
v 4673 24 12
v 4674 12 6
v 4675 176 87
v 4676 82 52
v 4677 152 78
v 4678 230 114
v 4679 353 178
v 4680 40 24
v 4681 24 10
v 4682 328 153
v 4683 160 74
v 4684 219 100
v 4685 58 27
v 4686 130 64
v 4687 100 52
v 4688 79 41
v 4689 83 49
v 4690 23 15
v 4691 57 27
v 4692 180 89
v 4693 385 189
v 4694 485 255
v 4695 294 165
v 4696 114 59
v 4697 15 5
v 4698 116 54
v 4699 106 44
v 4700 32 14
v 4701 146 69
v 4702 67 38
v 4703 58 26
v 4704 232 130
v 4705 152 73
v 4706 156 85
v 4707 47 31
v 4708 266 157
v 4709 215 117
v 4710 36 23
v 4711 11 5
v 4712 136 81
v 4713 245 129
v 4714 286 153
v 4715 198 83
v 4716 237 131
v 4717 158 93
v 4718 102 44
v 4719 116 62
v 4720 221 105
v 4721 63 28
v 4722 55 29
v 4727 258 132
v 4728 172 88
v 4729 270 133
v 4731 466 250
v 4734 117 68
v 4736 391 209
v 4737 123 61
v 4739 224 118
v 4743 371 181
v 4744 70 36
v 4745 84 45
v 4746 53 33
v 4753 112 63
v 4763 85 39
v 4884 115 55
v 4885 211 90
v 4886 51 28
v 4887 45 25
v 4889 213 100
v 4890 279 160
v 4891 132 66
v 4892 133 50
v 4893 119 64
v 4894 132 60
v 4895 159 72
v 4896 17 6
v 4897 73 35
v 4898 35 19
v 4899 69 31
v 4900 153 73
v 4901 41 21
v 4902 43 18
v 4903 65 37
v 4904 21 16
v 4905 55 27
v 4906 58 30
v 4907 33 18
v 4908 34 19
v 4909 14 5
v 4910 77 35
v 4911 60 30
v 4912 140 64
v 4913 151 66
v 4914 74 43
v 4915 58 27
v 4916 18 10
v 4917 72 39
v 4918 206 92
v 4919 120 50
v 4920 33 12
v 4921 18 8
v 4922 25 14
v 4923 22 12
v 4924 181 93
v 4925 13 9
v 4926 64 27
v 4927 23 11
v 4928 87 50
v 4929 10 5
v 4930 4 3
v 4931 77 41
v 4932 44 22
v 4933 132 71
v 4934 110 52
v 4935 190 104
v 4936 21 9
v 4937 17 8
v 4938 167 92
v 4939 95 51
v 4940 119 61
v 4941 15 4
v 4942 31 16
v 4943 69 33
v 4944 67 34
v 4945 27 16
v 4946 11 6
v 4947 23 12
v 4948 98 47
v 4949 168 86
v 4950 256 120
v 4951 133 56
v 4952 72 37
v 4953 7 4
v 4954 79 34
v 4955 40 20
v 4956 16 9
v 4957 74 42
v 4958 29 15
v 4959 25 16
v 4960 115 69
v 4961 74 46
v 4962 124 53
v 4963 37 16
v 4964 139 68
v 4965 116 60
v 4966 25 17
v 4967 9 3
v 4968 67 30
v 4969 137 68
v 4970 165 77
v 4971 97 37
v 4972 124 73
v 4973 87 40
v 4974 72 28
v 4975 53 25
v 4976 152 76
v 4977 26 15
v 4978 39 17
v 4983 183 75
v 4984 125 67
v 4985 132 65
v 4987 252 143
v 4990 88 46
v 4992 212 118
v 4993 67 27
v 4995 126 72
v 4999 181 87
v 5000 44 17
v 5001 41 23
v 5002 34 13
v 5009 79 39
v 5019 44 22
v 5141 384 184
v 5142 119 66
v 5143 104 44
v 5145 460 243
v 5146 733 395
v 5147 447 252
v 5148 274 138
v 5149 262 116
v 5150 370 197
v 5151 463 216
v 5152 32 19
v 5153 102 49
v 5154 103 54
v 5155 162 78
v 5156 305 133
v 5157 106 69
v 5158 61 30
v 5159 204 112
v 5160 39 19
v 5161 129 67
v 5162 179 89
v 5163 91 55
v 5164 133 68
v 5165 45 20
v 5166 148 76
v 5167 161 89
v 5168 320 148
v 5169 313 121
v 5170 151 80
v 5171 95 52
v 5172 55 26
v 5173 143 68
v 5174 594 299
v 5175 170 74
v 5176 90 48
v 5177 34 14
v 5178 28 14
v 5179 76 48
v 5180 415 189
v 5181 25 16
v 5182 156 52
v 5183 52 25
v 5184 234 115
v 5185 14 6
v 5186 5 3
v 5187 231 103
v 5188 121 67
v 5189 272 144
v 5190 254 126
v 5191 377 174
v 5192 33 16
v 5193 13 6
v 5194 434 217
v 5195 186 93
v 5196 267 115
v 5197 34 15
v 5198 65 36
v 5199 117 68
v 5200 108 62
v 5201 62 31
v 5202 26 17
v 5203 72 28
v 5204 300 159
v 5205 554 281
v 5206 567 260
v 5207 334 153
v 5208 102 46
v 5209 26 16
v 5210 146 61
v 5211 103 51
v 5212 37 19
v 5213 176 72
v 5214 97 55
v 5215 38 26
v 5216 285 157
v 5217 210 107
v 5218 180 91
v 5219 92 49
v 5220 302 147
v 5221 232 134
v 5222 43 19
v 5223 25 11
v 5224 154 93
v 5225 291 127
v 5226 304 147
v 5227 196 79
v 5228 399 204
v 5229 191 105
v 5230 157 78
v 5231 129 63
v 5232 291 126
v 5233 88 49
v 5234 59 29
v 5239 286 150
v 5240 187 93
v 5241 331 166
v 5243 600 314
v 5246 128 73
v 5248 485 233
v 5249 140 66
v 5251 223 115
v 5255 460 223
v 5256 64 34
v 5257 93 48
v 5258 76 44
v 5265 118 66
v 5275 59 23
v 5398 132 71
v 5399 125 67
v 5401 594 322
v 5402 754 415
v 5403 372 213
v 5404 391 201
v 5405 286 146
v 5406 443 240
v 5407 512 248
v 5408 47 25
v 5409 110 58
v 5410 120 67
v 5411 183 104
v 5412 388 175
v 5413 115 62
v 5414 111 55
v 5415 244 122
v 5416 57 35
v 5417 167 88
v 5418 151 86
v 5419 145 80
v 5420 147 73
v 5421 42 18
v 5422 176 86
v 5423 304 177
v 5424 420 217
v 5425 446 208
v 5426 131 69
v 5427 197 111
v 5428 59 29
v 5429 193 98
v 5430 789 413
v 5431 308 161
v 5432 100 61
v 5433 33 17
v 5434 61 31
v 5435 64 40
v 5436 478 237
v 5437 24 13
v 5438 220 100
v 5439 75 36
v 5440 280 141
v 5441 30 15
v 5442 12 5
v 5443 253 125
v 5444 119 65
v 5445 264 141
v 5446 312 158
v 5447 493 243
v 5448 59 32
v 5449 46 21
v 5450 427 214
v 5451 241 135
v 5452 328 168
v 5453 44 14
v 5454 86 42
v 5455 161 73
v 5456 148 69
v 5457 74 36
v 5458 31 15
v 5459 95 54
v 5460 325 171
v 5461 682 357
v 5462 771 403
v 5463 422 216
v 5464 142 70
v 5465 37 13
v 5466 204 95
v 5467 138 70
v 5468 52 30
v 5469 218 112
v 5470 94 55
v 5471 49 20
v 5472 434 217
v 5473 196 96
v 5474 232 148
v 5475 104 61
v 5476 397 210
v 5477 260 130
v 5478 43 25
v 5479 23 12
v 5480 178 94
v 5481 326 156
v 5482 416 216
v 5483 259 125
v 5484 421 234
v 5485 207 110
v 5486 222 109
v 5487 166 96
v 5488 360 157
v 5489 107 60
v 5490 93 51
v 5495 448 227
v 5496 283 143
v 5497 364 185
v 5499 735 412
v 5502 201 116
v 5504 627 344
v 5505 220 105
v 5507 318 150
v 5511 596 296
v 5512 95 53
v 5513 118 54
v 5514 90 57
v 5521 168 85
v 5531 122 56
v 5655 30 13
v 5657 212 102
v 5658 283 128
v 5659 175 88
v 5660 134 61
v 5661 123 62
v 5662 158 79
v 5663 184 89
v 5664 21 9
v 5665 34 14
v 5666 56 28
v 5667 91 44
v 5668 125 60
v 5669 63 25
v 5670 35 13
v 5671 79 40
v 5672 33 15
v 5673 60 24
v 5674 61 30
v 5675 44 26
v 5676 66 36
v 5677 20 15
v 5678 64 32
v 5679 73 42
v 5680 128 54
v 5681 132 56
v 5682 59 21
v 5683 45 20
v 5684 17 9
v 5685 67 22
v 5686 244 105
v 5687 96 43
v 5688 32 21
v 5689 19 7
v 5690 20 13
v 5691 21 8
v 5692 127 62
v 5693 12 6
v 5694 86 33
v 5695 26 11
v 5696 105 50
v 5697 14 8
v 5698 1 1
v 5699 73 37
v 5700 34 14
v 5701 76 31
v 5702 124 57
v 5703 158 67
v 5704 17 10
v 5705 22 9
v 5706 152 71
v 5707 78 38
v 5708 130 51
v 5709 12 5
v 5710 33 12
v 5711 35 15
v 5712 37 15
v 5713 25 11
v 5714 11 8
v 5715 47 19
v 5716 122 62
v 5717 170 83
v 5718 222 108
v 5719 114 46
v 5720 58 21
v 5721 9 3
v 5722 68 24
v 5723 53 20
v 5724 18 9
v 5725 76 34
v 5726 37 18
v 5727 26 12
v 5728 108 55
v 5729 76 42
v 5730 54 27
v 5731 57 26
v 5732 88 43
v 5733 129 66
v 5734 12 8
v 5735 13 8
v 5736 92 47
v 5737 106 45
v 5738 109 41
v 5739 68 26
v 5740 154 74
v 5741 65 30
v 5742 63 25
v 5743 46 23
v 5744 94 41
v 5745 29 12
v 5746 33 17
v 5751 107 45
v 5752 88 38
v 5753 133 55
v 5755 227 106
v 5758 53 24
v 5760 200 101
v 5761 73 40
v 5763 82 33
v 5767 183 79
v 5768 23 9
v 5769 46 21
v 5770 23 14
v 5777 56 28
v 5787 28 9
v 5913 145 72
v 5914 217 123
v 5915 108 67
v 5916 92 40
v 5917 83 50
v 5918 101 56
v 5919 117 66
v 5920 15 7
v 5921 30 12
v 5922 29 14
v 5923 69 32
v 5924 89 49
v 5925 34 20
v 5926 24 10
v 5927 44 31
v 5928 8 2
v 5929 35 16
v 5930 48 22
v 5931 28 16
v 5932 44 27
v 5933 9 8
v 5934 54 28
v 5935 54 31
v 5936 93 46
v 5937 89 43
v 5938 29 13
v 5939 37 20
v 5940 6 3
v 5941 39 17
v 5942 173 77
v 5943 53 29
v 5944 27 14
v 5945 11 5
v 5946 7 1
v 5947 18 13
v 5948 114 61
v 5949 7 6
v 5950 41 18
v 5951 17 6
v 5952 75 31
v 5953 4 2
v 5955 62 29
v 5956 23 15
v 5957 56 21
v 5958 84 44
v 5959 98 54
v 5960 12 10
v 5961 7 3
v 5962 154 74
v 5963 70 48
v 5964 86 38
v 5965 9 3
v 5966 23 15
v 5967 33 16
v 5968 22 14
v 5969 21 11
v 5970 7 4
v 5971 15 7
v 5972 98 51
v 5973 141 78
v 5974 176 84
v 5975 113 58
v 5976 40 16
v 5977 3 2
v 5978 37 19
v 5979 29 11
v 5980 12 9
v 5981 59 30
v 5982 15 11
v 5983 10 5
v 5984 80 46
v 5985 46 28
v 5986 63 35
v 5987 18 9
v 5988 75 40
v 5989 78 35
v 5990 15 10
v 5991 4 2
v 5992 45 27
v 5993 77 33
v 5994 105 44
v 5995 68 37
v 5996 126 54
v 5997 43 26
v 5998 42 24
v 5999 37 17
v 6000 68 31
v 6001 21 13
v 6002 31 15
v 6007 89 48
v 6008 47 25
v 6009 98 51
v 6011 170 88
v 6014 46 21
v 6016 142 72
v 6017 55 26
v 6019 68 28
v 6023 146 79
v 6024 15 8
v 6025 28 14
v 6026 23 10
v 6033 40 20
v 6043 16 6
v 6426 983 509
v 6427 594 309
v 6428 406 193
v 6429 401 203
v 6430 552 273
v 6431 625 307
v 6432 53 23
v 6433 130 51
v 6434 156 74
v 6435 412 198
v 6436 415 210
v 6437 176 98
v 6438 103 49
v 6439 301 167
v 6440 68 36
v 6441 192 102
v 6442 241 104
v 6443 181 94
v 6444 204 99
v 6445 65 32
v 6446 244 125
v 6447 299 140
v 6448 448 200
v 6449 632 249
v 6450 217 115
v 6451 171 89
v 6452 79 48
v 6453 209 119
v 6454 932 429
v 6455 329 146
v 6456 148 74
v 6457 54 22
v 6458 52 22
v 6459 66 38
v 6460 530 235
v 6461 32 16
v 6462 207 82
v 6463 89 38
v 6464 359 177
v 6465 43 21
v 6466 15 10
v 6467 331 147
v 6468 133 74
v 6469 294 142
v 6470 385 187
v 6471 523 220
v 6472 60 30
v 6473 51 27
v 6474 726 329
v 6475 305 163
v 6476 563 262
v 6477 64 21
v 6478 102 49
v 6479 154 67
v 6480 165 88
v 6481 85 44
v 6482 31 19
v 6483 139 63
v 6484 458 240
v 6485 783 378
v 6486 935 424
v 6487 501 220
v 6488 129 60
v 6489 30 15
v 6490 326 144
v 6491 164 76
v 6492 67 27
v 6493 202 93
v 6494 130 69
v 6495 72 34
v 6496 431 213
v 6497 313 156
v 6498 232 124
v 6499 140 70
v 6500 430 198
v 6501 339 162
v 6502 64 30
v 6503 26 14
v 6504 237 120
v 6505 485 226
v 6506 455 208
v 6507 279 118
v 6508 609 310
v 6509 247 111
v 6510 309 149
v 6511 193 77
v 6512 462 214
v 6513 157 73
v 6514 84 38
v 6519 451 206
v 6520 277 137
v 6521 452 229
v 6523 825 380
v 6526 188 86
v 6528 796 405
v 6529 212 107
v 6531 359 158
v 6535 683 301
v 6536 123 63
v 6537 117 54
v 6538 91 48
v 6545 169 86
v 6555 98 36
v 6683 1088 553
v 6684 657 283
v 6685 619 307
v 6686 906 462
v 6687 1031 472
v 6688 92 38
v 6689 175 84
v 6690 234 99
v 6691 459 229
v 6692 570 287
v 6693 231 104
v 6694 174 70
v 6695 402 200
v 6696 104 57
v 6697 277 152
v 6698 368 172
v 6699 235 111
v 6700 281 144
v 6701 74 42
v 6702 347 163
v 6703 342 176
v 6704 695 310
v 6705 660 264
v 6706 331 146
v 6707 214 95
v 6708 120 49
v 6709 263 143
v 6710 1435 617
v 6711 418 180
v 6712 161 75
v 6713 81 36
v 6714 73 36
v 6715 91 42
v 6716 853 372
v 6717 54 29
v 6718 293 117
v 6719 135 63
v 6720 594 273
v 6721 44 21
v 6722 26 10
v 6723 505 219
v 6724 237 130
v 6725 411 192
v 6726 572 271
v 6727 918 405
v 6728 98 47
v 6729 77 47
v 6730 949 433
v 6731 469 231
v 6732 558 226
v 6733 88 38
v 6734 166 81
v 6735 230 104
v 6736 216 98
v 6737 125 54
v 6738 58 20
v 6739 207 87
v 6740 690 332
v 6741 1123 539
v 6742 1409 605
v 6743 772 359
v 6744 230 96
v 6745 47 23
v 6746 323 139
v 6747 282 119
v 6748 84 31
v 6749 377 160
v 6750 149 67
v 6751 103 47
v 6752 612 295
v 6753 456 218
v 6754 338 175
v 6755 208 121
v 6756 643 292
v 6757 548 266
v 6758 111 59
v 6759 36 15
v 6760 399 200
v 6761 638 291
v 6762 637 277
v 6763 453 196
v 6764 823 360
v 6765 368 180
v 6766 351 153
v 6767 285 130
v 6768 651 274
v 6769 205 98
v 6770 162 78
v 6775 657 301
v 6776 441 184
v 6777 731 346
v 6779 1289 613
v 6782 262 120
v 6784 1142 538
v 6785 326 162
v 6787 515 227
v 6791 976 397
v 6792 148 64
v 6793 214 107
v 6794 154 82
v 6801 226 129
v 6811 131 44
v 6940 338 158
v 6941 386 177
v 6942 552 279
v 6943 613 274
v 6944 50 25
v 6945 87 39
v 6946 132 61
v 6947 264 128
v 6948 414 203
v 6949 153 75
v 6950 77 37
v 6951 229 125
v 6952 57 27
v 6953 156 86
v 6954 245 102
v 6955 152 70
v 6956 169 83
v 6957 56 20
v 6958 169 86
v 6959 228 114
v 6960 365 160
v 6961 400 170
v 6962 184 89
v 6963 112 60
v 6964 64 27
v 6965 157 80
v 6966 797 347
v 6967 225 87
v 6968 114 65
v 6969 58 22
v 6970 27 14
v 6971 60 35
v 6972 511 237
v 6973 30 11
v 6974 168 68
v 6975 77 36
v 6976 368 176
v 6977 26 13
v 6978 16 9
v 6979 289 131
v 6980 131 63
v 6981 217 97
v 6982 332 167
v 6983 482 226
v 6984 54 24
v 6985 47 19
v 6986 513 226
v 6987 282 126
v 6988 322 151
v 6989 40 18
v 6990 78 38
v 6991 112 54
v 6992 126 53
v 6993 77 37
v 6994 36 16
v 6995 103 56
v 6996 407 209
v 6997 651 305
v 6998 687 300
v 6999 401 201
v 7000 121 54
v 7001 24 7
v 7002 157 70
v 7003 119 48
v 7004 43 18
v 7005 238 112
v 7006 108 47
v 7007 61 25
v 7008 321 158
v 7009 254 121
v 7010 177 93
v 7011 102 54
v 7012 328 152
v 7013 284 142
v 7014 81 41
v 7015 25 13
v 7016 248 120
v 7017 356 166
v 7018 352 162
v 7019 236 90
v 7020 429 212
v 7021 225 110
v 7022 202 87
v 7023 165 74
v 7024 309 128
v 7025 99 43
v 7026 79 31
v 7031 311 155
v 7032 217 103
v 7033 392 156
v 7035 661 333
v 7038 169 88
v 7040 594 284
v 7041 170 81
v 7043 273 109
v 7047 611 241
v 7048 76 30
v 7049 125 58
v 7050 103 44
v 7057 109 52
v 7067 76 30
v 7197 275 140
v 7198 336 159
v 7199 431 219
v 7200 41 23
v 7201 75 35
v 7202 73 40
v 7203 131 78
v 7204 305 169
v 7205 83 55
v 7206 71 36
v 7207 191 118
v 7208 42 18
v 7209 116 71
v 7210 120 62
v 7211 96 48
v 7212 119 59
v 7213 39 19
v 7214 140 69
v 7215 171 89
v 7216 256 115
v 7217 339 150
v 7218 127 62
v 7219 91 55
v 7220 41 23
v 7221 116 66
v 7222 645 358
v 7223 201 94
v 7224 62 39
v 7225 24 13
v 7226 31 17
v 7227 52 24
v 7228 400 210
v 7229 19 10
v 7230 218 102
v 7231 41 27
v 7232 197 98
v 7233 22 12
v 7234 7 4
v 7235 177 94
v 7236 101 55
v 7237 187 89
v 7238 216 131
v 7239 308 164
v 7240 29 13
v 7241 32 21
v 7242 369 188
v 7243 218 131
v 7244 236 118
v 7245 45 21
v 7246 68 42
v 7247 77 36
v 7248 95 54
v 7249 56 35
v 7250 32 14
v 7251 91 48
v 7252 254 131
v 7253 470 240
v 7254 602 298
v 7255 308 163
v 7256 116 61
v 7257 34 16
v 7258 146 70
v 7259 92 42
v 7260 44 22
v 7261 154 76
v 7262 112 65
v 7263 67 27
v 7264 278 151
v 7265 199 104
v 7266 196 105
v 7267 97 53
v 7268 269 127
v 7269 265 148
v 7270 38 19
v 7271 18 8
v 7272 167 87
v 7273 309 162
v 7274 292 150
v 7275 223 100
v 7276 394 207
v 7277 275 134
v 7278 155 71
v 7279 144 87
v 7280 227 119
v 7281 65 38
v 7282 52 20
v 7287 239 115
v 7288 179 88
v 7289 295 146
v 7291 521 268
v 7294 127 65
v 7296 467 241
v 7297 126 63
v 7299 242 115
v 7303 494 228
v 7304 53 25
v 7305 89 41
v 7306 95 47
v 7313 87 49
v 7323 54 19
v 7454 314 157
v 7455 355 172
v 7456 31 18
v 7457 63 29
v 7458 87 41
v 7459 175 83
v 7460 272 143
v 7461 96 52
v 7462 64 36
v 7463 174 85
v 7464 49 27
v 7465 91 46
v 7466 142 76
v 7467 90 38
v 7468 119 58
v 7469 25 10
v 7470 120 58
v 7471 172 80
v 7472 273 140
v 7473 263 110
v 7474 106 55
v 7475 92 46
v 7476 51 19
v 7477 100 53
v 7478 482 225
v 7479 202 97
v 7480 58 24
v 7481 16 6
v 7482 31 13
v 7483 51 20
v 7484 379 176
v 7485 19 15
v 7486 132 63
v 7487 58 28
v 7488 212 110
v 7489 25 14
v 7490 7 3
v 7491 188 89
v 7492 97 48
v 7493 170 92
v 7494 356 172
v 7495 338 149
v 7496 28 17
v 7497 19 5
v 7498 375 181
v 7499 190 109
v 7500 257 110
v 7501 26 9
v 7502 62 35
v 7503 88 41
v 7504 98 51
v 7505 45 24
v 7506 20 7
v 7507 80 32
v 7508 221 113
v 7509 397 183
v 7510 428 203
v 7511 299 133
v 7512 85 36
v 7513 6 3
v 7514 129 54
v 7515 86 39
v 7516 30 10
v 7517 277 126
v 7518 56 26
v 7519 33 17
v 7520 269 139
v 7521 204 106
v 7522 193 102
v 7523 68 36
v 7524 222 123
v 7525 239 123
v 7526 45 23
v 7527 25 11
v 7528 180 85
v 7529 257 123
v 7530 275 141
v 7531 178 92
v 7532 353 188
v 7533 143 83
v 7534 139 65
v 7535 93 40
v 7536 239 106
v 7537 82 40
v 7538 69 33
v 7543 274 140
v 7544 165 78
v 7545 292 136
v 7547 453 218
v 7550 117 62
v 7552 420 201
v 7553 134 66
v 7555 253 124
v 7559 448 216
v 7560 67 36
v 7561 96 38
v 7562 63 35
v 7569 110 59
v 7579 61 25
v 7711 552 257
v 7712 49 24
v 7713 108 45
v 7714 117 54
v 7715 243 123
v 7716 387 182
v 7717 164 82
v 7718 93 49
v 7719 239 130
v 7720 53 27
v 7721 164 85
v 7722 224 118
v 7723 128 62
v 7724 160 81
v 7725 50 23
v 7726 173 97
v 7727 197 115
v 7728 354 159
v 7729 411 174
v 7730 187 93
v 7731 131 68
v 7732 57 24
v 7733 168 85
v 7734 772 353
v 7735 215 86
v 7736 95 48
v 7737 55 29
v 7738 45 20
v 7739 51 23
v 7740 449 204
v 7741 33 15
v 7742 142 48
v 7743 82 39
v 7744 308 148
v 7745 21 8
v 7746 18 12
v 7747 251 119
v 7748 122 53
v 7749 216 107
v 7750 335 137
v 7751 493 231
v 7752 55 23
v 7753 46 27
v 7754 527 244
v 7755 266 141
v 7756 343 147
v 7757 50 23
v 7758 98 51
v 7759 107 59
v 7760 144 69
v 7761 69 32
v 7762 25 14
v 7763 96 46
v 7764 356 190
v 7765 655 312
v 7766 691 324
v 7767 379 174
v 7768 138 57
v 7769 28 10
v 7770 174 75
v 7771 143 74
v 7772 41 22
v 7773 217 94
v 7774 123 54
v 7775 50 33
v 7776 345 179
v 7777 231 112
v 7778 182 93
v 7779 109 53
v 7780 295 138
v 7781 265 128
v 7782 57 32
v 7783 22 7
v 7784 246 107
v 7785 386 181
v 7786 307 133
v 7787 235 99
v 7788 453 223
v 7789 177 81
v 7790 218 94
v 7791 154 66
v 7792 362 173
v 7793 98 47
v 7794 78 39
v 7799 391 181
v 7800 199 106
v 7801 357 172
v 7803 696 329
v 7806 174 87
v 7808 543 256
v 7809 154 77
v 7811 300 140
v 7815 592 264
v 7816 91 35
v 7817 102 43
v 7818 98 52
v 7825 131 61
v 7835 79 37
v 7968 58 26
v 7969 107 45
v 7970 158 80
v 7971 302 164
v 7972 412 213
v 7973 155 89
v 7974 83 43
v 7975 262 154
v 7976 52 32
v 7977 174 98
v 7978 217 106
v 7979 140 68
v 7980 167 86
v 7981 63 37
v 7982 192 97
v 7983 219 125
v 7984 436 246
v 7985 470 195
v 7986 208 99
v 7987 119 54
v 7988 71 45
v 7989 172 92
v 7990 920 447
v 7991 280 134
v 7992 119 56
v 7993 49 20
v 7994 56 26
v 7995 76 43
v 7996 550 295
v 7997 40 25
v 7998 223 97
v 7999 89 40
v 8000 331 158
v 8001 33 19
v 8002 13 5
v 8003 293 153
v 8004 137 71
v 8005 286 146
v 8006 364 185
v 8007 559 277
v 8008 48 21
v 8009 48 22
v 8010 584 256
v 8011 281 148
v 8012 358 179
v 8013 53 24
v 8014 103 47
v 8015 161 83
v 8016 141 72
v 8017 57 34
v 8018 29 15
v 8019 117 63
v 8020 437 230
v 8021 773 374
v 8022 814 382
v 8023 480 223
v 8024 141 70
v 8025 27 14
v 8026 197 81
v 8027 152 69
v 8028 47 20
v 8029 276 119
v 8030 106 57
v 8031 56 25
v 8032 405 195
v 8033 293 154
v 8034 219 123
v 8035 146 80
v 8036 425 208
v 8037 351 208
v 8038 72 30
v 8039 20 9
v 8040 271 146
v 8041 469 208
v 8042 435 225
v 8043 280 122
v 8044 514 252
v 8045 203 117
v 8046 251 133
v 8047 212 107
v 8048 334 147
v 8049 126 58
v 8050 93 43
v 8055 433 219
v 8056 247 116
v 8057 585 279
v 8059 863 458
v 8062 204 100
v 8064 631 333
v 8065 173 74
v 8067 337 157
v 8071 687 349
v 8072 85 34
v 8073 155 72
v 8074 90 44
v 8081 145 75
v 8091 89 34
v 8225 14 7
v 8226 10 2
v 8227 17 7
v 8228 43 25
v 8229 12 8
v 8230 9 6
v 8231 23 11
v 8232 6 1
v 8233 16 8
v 8234 22 9
v 8235 10 5
v 8236 19 11
v 8237 9 3
v 8238 19 12
v 8239 21 10
v 8240 40 25
v 8241 45 20
v 8242 25 12
v 8243 8 2
v 8244 9 2
v 8245 16 8
v 8246 74 33
v 8247 23 9
v 8248 14 10
v 8249 6 3
v 8250 5 4
v 8251 7 4
v 8252 45 28
v 8253 3 2
v 8254 10 2
v 8255 16 9
v 8256 35 20
v 8258 1 0
v 8259 29 15
v 8260 17 7
v 8261 19 6
v 8262 37 18
v 8263 44 18
v 8264 8 4
v 8265 7 3
v 8266 56 30
v 8267 25 12
v 8268 27 16
v 8269 6 4
v 8270 11 6
v 8271 21 14
v 8272 17 7
v 8273 5 2
v 8274 2 1
v 8275 10 5
v 8276 30 17
v 8277 57 33
v 8278 80 39
v 8279 46 21
v 8280 23 7
v 8281 3 1
v 8282 23 8
v 8283 10 5
v 8284 7 3
v 8285 28 13
v 8286 12 7
v 8287 1 1
v 8288 33 18
v 8289 25 8
v 8290 25 14
v 8291 12 6
v 8292 33 16
v 8293 38 20
v 8294 9 6
v 8295 3 2
v 8296 32 17
v 8297 36 14
v 8298 39 16
v 8299 20 8
v 8300 40 19
v 8301 18 5
v 8302 23 11
v 8303 28 10
v 8304 19 9
v 8305 11 4
v 8306 13 5
v 8311 32 19
v 8312 19 11
v 8313 31 13
v 8315 74 37
v 8318 15 11
v 8320 65 33
v 8321 10 4
v 8323 32 19
v 8327 65 28
v 8328 8 5
v 8329 8 2
v 8330 7 3
v 8337 12 6
v 8347 5 2
v 8482 23 17
v 8483 46 28
v 8484 87 44
v 8485 54 29
v 8486 30 16
v 8487 46 25
v 8488 14 4
v 8489 30 16
v 8490 46 25
v 8491 28 20
v 8492 28 15
v 8493 11 5
v 8494 42 23
v 8495 31 18
v 8496 74 34
v 8497 117 73
v 8498 37 21
v 8499 34 20
v 8500 17 6
v 8501 37 18
v 8502 160 100
v 8503 67 40
v 8504 17 12
v 8505 8 6
v 8506 13 9
v 8507 20 11
v 8508 98 61
v 8509 6 2
v 8510 48 32
v 8511 7 4
v 8512 52 30
v 8513 12 11
v 8514 6 4
v 8515 61 37
v 8516 21 16
v 8517 68 39
v 8518 68 44
v 8519 97 55
v 8520 77 37
v 8521 14 7
v 8522 112 63
v 8523 95 52
v 8524 90 56
v 8525 5 3
v 8526 36 16
v 8527 23 19
v 8528 55 28
v 8529 15 10
v 8530 5 2
v 8531 24 13
v 8532 68 43
v 8533 195 112
v 8534 170 72
v 8535 99 59
v 8536 28 14
v 8537 16 8
v 8538 53 32
v 8539 40 19
v 8540 12 7
v 8541 45 23
v 8542 37 11
v 8543 17 12
v 8544 78 39
v 8545 50 35
v 8546 57 36
v 8547 27 13
v 8548 96 58
v 8549 70 50
v 8550 9 4
v 8551 6 4
v 8552 44 33
v 8553 111 70
v 8554 91 51
v 8555 52 27
v 8556 104 66
v 8557 44 24
v 8558 42 24
v 8559 35 18
v 8560 79 38
v 8561 14 8
v 8562 20 12
v 8567 112 65
v 8568 68 40
v 8569 84 47
v 8571 195 103
v 8574 53 24
v 8576 132 80
v 8577 29 15
v 8579 69 36
v 8583 184 94
v 8584 22 13
v 8585 27 14
v 8586 18 11
v 8593 46 29
v 8603 22 9
v 8739 58 29
v 8740 116 59
v 8741 27 13
v 8742 25 9
v 8743 52 32
v 8744 28 15
v 8745 44 21
v 8746 55 23
v 8747 33 14
v 8748 46 23
v 8749 12 7
v 8750 45 19
v 8751 50 23
v 8752 92 47
v 8753 116 57
v 8754 53 30
v 8755 27 15
v 8756 17 6
v 8757 47 24
v 8758 181 76
v 8759 56 25
v 8760 25 14
v 8761 6 3
v 8762 19 11
v 8763 10 6
v 8764 127 68
v 8765 12 7
v 8766 40 14
v 8767 22 8
v 8768 76 44
v 8769 10 4
v 8770 2 2
v 8771 112 58
v 8772 39 21
v 8773 82 45
v 8774 96 56
v 8775 113 53
v 8776 14 7
v 8777 15 9
v 8778 156 73
v 8779 57 23
v 8780 103 53
v 8781 11 1
v 8782 29 8
v 8783 44 23
v 8784 41 26
v 8785 20 10
v 8786 13 9
v 8787 34 20
v 8788 84 48
v 8789 185 82
v 8790 177 84
v 8791 105 52
v 8792 34 16
v 8793 8 7
v 8794 47 26
v 8795 45 23
v 8796 13 7
v 8797 47 28
v 8798 27 11
v 8799 21 12
v 8800 114 65
v 8801 59 35
v 8802 63 35
v 8803 35 20
v 8804 84 48
v 8805 65 30
v 8806 19 11
v 8807 10 3
v 8808 76 40
v 8809 109 55
v 8810 99 56
v 8811 60 17
v 8812 127 63
v 8813 47 29
v 8814 57 34
v 8815 44 18
v 8816 80 30
v 8817 31 12
v 8818 15 7
v 8823 80 43
v 8824 45 21
v 8825 117 58
v 8827 163 82
v 8830 65 33
v 8832 162 83
v 8833 39 20
v 8835 85 38
v 8839 152 81
v 8840 40 17
v 8841 40 19
v 8842 22 12
v 8849 35 16
v 8859 21 12
v 8996 196 93
v 8997 67 34
v 8998 40 25
v 8999 104 54
v 9000 30 18
v 9001 99 50
v 9002 85 45
v 9003 88 41
v 9004 117 60
v 9005 31 17
v 9006 102 57
v 9007 191 103
v 9008 181 82
v 9009 191 77
v 9010 81 37
v 9011 42 22
v 9012 16 5
v 9013 96 51
v 9014 401 160
v 9015 110 42
v 9016 48 24
v 9017 19 7
v 9018 19 9
v 9019 37 16
v 9020 181 78
v 9021 9 4
v 9022 90 36
v 9023 49 24
v 9024 158 78
v 9025 10 5
v 9026 8 4
v 9027 160 58
v 9028 60 28
v 9029 127 58
v 9030 144 65
v 9031 152 70
v 9032 18 9
v 9033 36 17
v 9034 251 107
v 9035 162 74
v 9036 274 128
v 9037 16 6
v 9038 42 17
v 9039 62 29
v 9040 55 24
v 9041 47 23
v 9042 17 9
v 9043 66 31
v 9044 214 101
v 9045 383 166
v 9046 334 155
v 9047 210 110
v 9048 41 20
v 9049 12 3
v 9050 91 39
v 9051 56 12
v 9052 12 6
v 9053 86 31
v 9054 55 34
v 9055 29 12
v 9056 162 92
v 9057 112 49
v 9058 115 53
v 9059 78 39
v 9060 132 59
v 9061 175 86
v 9062 39 24
v 9063 12 4
v 9064 110 44
v 9065 168 71
v 9066 126 49
v 9067 86 31
v 9068 254 128
v 9069 86 48
v 9070 130 51
v 9071 86 40
v 9072 145 64
v 9073 54 22
v 9074 38 17
v 9079 164 70
v 9080 99 43
v 9081 218 95
v 9083 312 152
v 9086 68 29
v 9088 278 116
v 9089 74 35
v 9091 123 44
v 9095 261 120
v 9096 42 14
v 9097 46 20
v 9098 45 18
v 9105 58 25
v 9115 33 17
v 9253 108 58
v 9254 75 40
v 9255 213 116
v 9256 33 22
v 9257 107 64
v 9258 163 97
v 9259 134 62
v 9260 106 51
v 9261 38 18
v 9262 135 67
v 9263 189 98
v 9264 320 152
v 9265 410 219
v 9266 139 66
v 9267 124 63
v 9268 76 35
v 9269 142 70
v 9270 658 329
v 9271 214 95
v 9272 76 42
v 9273 41 15
v 9274 40 20
v 9275 51 29
v 9276 309 145
v 9277 25 14
v 9278 187 79
v 9279 60 32
v 9280 185 98
v 9281 41 18
v 9282 10 8
v 9283 220 125
v 9284 117 52
v 9285 246 119
v 9286 226 127
v 9287 446 215
v 9288 42 25
v 9289 51 31
v 9290 377 188
v 9291 156 74
v 9292 253 120
v 9293 42 20
v 9294 66 35
v 9295 122 60
v 9296 117 61
v 9297 51 28
v 9298 22 15
v 9299 113 57
v 9300 297 153
v 9301 576 308
v 9302 573 270
v 9303 293 153
v 9304 93 44
v 9305 22 12
v 9306 143 64
v 9307 106 60
v 9308 37 14
v 9309 153 75
v 9310 82 37
v 9311 51 29
v 9312 314 167
v 9313 214 109
v 9314 197 117
v 9315 105 53
v 9316 352 183
v 9317 202 102
v 9318 59 33
v 9319 21 6
v 9320 164 84
v 9321 248 117
v 9322 356 199
v 9323 190 94
v 9324 340 151
v 9325 139 76
v 9326 149 86
v 9327 90 35
v 9328 331 150
v 9329 88 50
v 9330 49 21
v 9335 348 191
v 9336 180 88
v 9337 234 105
v 9339 563 301
v 9342 136 75
v 9344 504 268
v 9345 113 67
v 9347 240 118
v 9351 445 219
v 9352 74 39
v 9353 111 49
v 9354 336 161
v 9361 114 63
v 9371 73 35
v 9510 29 17
v 9511 59 38
v 9512 19 10
v 9513 43 23
v 9514 52 30
v 9515 26 11
v 9516 55 32
v 9517 10 2
v 9518 39 22
v 9519 52 29
v 9520 120 59
v 9521 108 47
v 9522 47 26
v 9523 27 12
v 9524 18 9
v 9525 58 27
v 9526 183 89
v 9527 64 33
v 9528 27 11
v 9529 10 4
v 9530 14 6
v 9531 25 10
v 9532 125 68
v 9533 9 4
v 9534 39 16
v 9535 25 7
v 9536 96 42
v 9537 12 5
v 9538 6 4
v 9539 67 32
v 9540 34 18
v 9541 57 23
v 9542 86 34
v 9543 136 48
v 9544 15 8
v 9545 14 1
v 9546 132 60
v 9547 71 37
v 9548 81 28
v 9549 11 3
v 9550 18 6
v 9551 23 14
v 9552 33 10
v 9553 23 13
v 9554 10 6
v 9555 33 17
v 9556 99 49
v 9557 191 84
v 9558 186 84
v 9559 109 53
v 9560 36 15
v 9561 8 6
v 9562 51 22
v 9563 40 24
v 9564 12 6
v 9565 59 19
v 9566 40 22
v 9567 27 17
v 9568 82 35
v 9569 71 27
v 9570 47 21
v 9571 42 21
v 9572 84 39
v 9573 88 40
v 9574 25 11
v 9575 9 2
v 9576 80 29
v 9577 109 50
v 9578 93 42
v 9579 69 30
v 9580 109 56
v 9581 66 34
v 9582 62 24
v 9583 49 18
v 9584 91 43
v 9585 24 11
v 9586 21 10
v 9591 93 37
v 9592 72 29
v 9593 100 39
v 9595 180 97
v 9598 37 17
v 9600 161 80
v 9601 59 30
v 9603 93 36
v 9607 132 58
v 9608 26 10
v 9609 41 22
v 9610 29 20
v 9617 50 25
v 9627 40 17
v 9767 41 28
v 9768 5 3
v 9769 34 18
v 9770 31 14
v 9771 18 10
v 9772 30 16
v 9773 8 5
v 9774 24 13
v 9775 33 16
v 9776 101 49
v 9777 73 39
v 9778 36 18
v 9779 35 21
v 9780 14 5
v 9781 53 26
v 9782 175 91
v 9783 64 21
v 9784 65 38
v 9785 6 5
v 9786 14 2
v 9787 7 4
v 9788 115 60
v 9789 6 4
v 9790 52 22
v 9791 10 5
v 9792 62 26
v 9793 12 7
v 9794 2 2
v 9795 35 24
v 9796 33 12
v 9797 59 37
v 9798 78 38
v 9799 104 50
v 9800 45 21
v 9801 7 4
v 9802 97 50
v 9803 53 32
v 9804 98 46
v 9805 9 5
v 9806 36 13
v 9807 35 23
v 9808 20 7
v 9809 14 5
v 9810 7 2
v 9811 26 12
v 9812 86 57
v 9813 145 72
v 9814 139 59
v 9815 107 59
v 9816 33 15
v 9817 6 5
v 9818 33 15
v 9819 25 12
v 9820 9 4
v 9821 40 17
v 9822 27 14
v 9823 11 2
v 9824 79 42
v 9825 55 32
v 9826 51 19
v 9827 18 7
v 9828 71 34
v 9829 59 33
v 9830 16 8
v 9831 7 5
v 9832 37 18
v 9833 75 33
v 9834 108 59
v 9835 56 23
v 9836 101 58
v 9837 43 25
v 9838 53 27
v 9839 32 16
v 9840 70 33
v 9841 18 4
v 9842 9 5
v 9847 112 59
v 9848 66 35
v 9849 86 46
v 9851 132 68
v 9854 51 31
v 9856 145 79
v 9857 40 23
v 9859 55 29
v 9863 127 68
v 9864 18 10
v 9865 21 10
v 9866 14 11
v 9873 33 14
v 9883 25 14
v 10024 21 10
v 10025 72 26
v 10026 81 41
v 10027 72 36
v 10028 86 42
v 10029 25 11
v 10030 75 39
v 10031 112 59
v 10032 199 102
v 10033 199 84
v 10034 81 30
v 10035 78 39
v 10036 33 19
v 10037 91 46
v 10038 380 162
v 10039 138 64
v 10040 40 19
v 10041 16 9
v 10042 24 10
v 10043 30 13
v 10044 180 80
v 10045 12 7
v 10046 101 35
v 10047 46 22
v 10048 143 65
v 10049 20 12
v 10050 5 5
v 10051 139 74
v 10052 73 39
v 10053 101 48
v 10054 148 69
v 10055 234 106
v 10056 31 17
v 10057 23 8
v 10058 273 116
v 10059 105 47
v 10060 168 75
v 10061 20 11
v 10062 58 29
v 10063 87 51
v 10064 51 21
v 10065 33 16
v 10066 15 8
v 10067 56 28
v 10068 172 78
v 10069 349 165
v 10070 330 145
v 10071 155 68
v 10072 64 33
v 10073 17 12
v 10074 84 37
v 10075 70 35
v 10076 27 8
v 10077 103 50
v 10078 56 20
v 10079 44 17
v 10080 187 102
v 10081 130 66
v 10082 122 62
v 10083 49 29
v 10084 213 99
v 10085 117 63
v 10086 41 24
v 10087 9 5
v 10088 109 56
v 10089 166 69
v 10090 195 86
v 10091 124 58
v 10092 209 98
v 10093 112 57
v 10094 104 51
v 10095 87 44
v 10096 191 94
v 10097 52 27
v 10098 42 23
v 10103 209 99
v 10104 138 66
v 10105 156 69
v 10107 325 157
v 10110 90 40
v 10112 329 163
v 10113 86 43
v 10115 132 62
v 10119 297 133
v 10120 52 25
v 10121 73 29
v 10122 45 22
v 10129 72 33
v 10139 55 23
v 10281 21 12
v 10282 22 13
v 10283 15 6
v 10284 15 8
v 10285 9 3
v 10286 15 8
v 10287 14 7
v 10288 40 16
v 10289 44 20
v 10290 21 9
v 10291 13 4
v 10292 10 4
v 10293 14 8
v 10294 81 34
v 10295 23 13
v 10296 13 5
v 10297 13 6
v 10298 6 3
v 10299 9 5
v 10300 44 25
v 10301 8 5
v 10302 24 12
v 10303 15 7
v 10304 39 20
v 10305 5 4
v 10306 6 4
v 10307 18 10
v 10308 13 6
v 10309 27 15
v 10310 31 12
v 10311 48 19
v 10312 11 6
v 10313 3 2
v 10314 58 31
v 10315 38 17
v 10316 23 9
v 10317 6 2
v 10318 13 5
v 10319 21 11
v 10320 16 8
v 10321 13 9
v 10322 7 3
v 10323 10 6
v 10324 36 15
v 10325 72 39
v 10326 75 37
v 10327 47 20
v 10328 21 9
v 10329 2 2
v 10330 22 10
v 10331 19 5
v 10332 5 3
v 10333 34 10
v 10334 10 5
v 10335 7 5
v 10336 39 23
v 10337 26 11
v 10338 15 4
v 10339 16 8
v 10340 49 21
v 10341 42 25
v 10342 12 4
v 10343 1 0
v 10344 46 19
v 10345 36 20
v 10346 37 20
v 10347 18 7
v 10348 42 22
v 10349 22 9
v 10350 33 9
v 10351 22 11
v 10352 40 23
v 10353 11 4
v 10354 8 6
v 10359 40 20
v 10360 18 14
v 10361 41 20
v 10363 63 32
v 10366 22 15
v 10368 61 30
v 10369 22 9
v 10371 26 14
v 10375 53 22
v 10376 8 3
v 10377 10 1
v 10378 12 5
v 10385 27 16
v 10395 15 6
v 10538 86 34
v 10539 44 27
v 10540 43 18
v 10541 13 7
v 10542 51 25
v 10543 72 33
v 10544 106 38
v 10545 113 54
v 10546 52 30
v 10547 37 18
v 10548 20 11
v 10549 49 27
v 10550 382 192
v 10551 103 46
v 10552 32 15
v 10553 9 6
v 10554 17 8
v 10555 18 8
v 10556 117 50
v 10557 9 4
v 10558 69 30
v 10559 35 23
v 10560 115 56
v 10561 13 9
v 10562 8 3
v 10563 75 35
v 10564 44 23
v 10565 80 34
v 10566 122 56
v 10567 183 76
v 10568 21 8
v 10569 17 7
v 10570 131 62
v 10571 72 33
v 10572 107 48
v 10573 12 4
v 10574 28 10
v 10575 55 29
v 10576 34 16
v 10577 31 16
v 10578 9 2
v 10579 44 21
v 10580 126 61
v 10581 255 135
v 10582 208 91
v 10583 113 51
v 10584 46 19
v 10585 10 5
v 10586 70 33
v 10587 40 16
v 10588 14 4
v 10589 102 41
v 10590 25 15
v 10591 22 9
v 10592 125 59
v 10593 108 46
v 10594 77 33
v 10595 38 21
v 10596 149 70
v 10597 94 41
v 10598 23 13
v 10599 9 1
v 10600 99 39
v 10601 142 61
v 10602 137 55
v 10603 78 40
v 10604 147 79
v 10605 66 26
v 10606 72 28
v 10607 54 23
v 10608 102 48
v 10609 41 20
v 10610 18 9
v 10615 125 59
v 10616 91 49
v 10617 116 49
v 10619 229 112
v 10622 67 26
v 10624 191 93
v 10625 54 19
v 10627 98 44
v 10631 205 119
v 10632 39 14
v 10633 47 27
v 10634 33 16
v 10641 46 18
v 10651 19 6
v 10795 45 21
v 10796 76 49
v 10797 27 18
v 10798 65 37
v 10799 95 48
v 10800 172 85
v 10801 154 71
v 10802 74 37
v 10803 50 28
v 10804 27 13
v 10805 61 39
v 10806 241 128
v 10807 68 28
v 10808 42 28
v 10809 15 8
v 10810 24 8
v 10811 25 14
v 10812 242 137
v 10813 10 2
v 10814 43 17
v 10815 27 16
v 10816 110 55
v 10817 3 2
v 10818 6 3
v 10819 125 70
v 10820 67 40
v 10821 181 97
v 10822 147 71
v 10823 201 102
v 10824 27 10
v 10825 13 7
v 10826 239 109
v 10827 109 60
v 10828 146 74
v 10829 14 8
v 10830 41 17
v 10831 58 31
v 10832 48 25
v 10833 28 17
v 10834 16 8
v 10835 37 11
v 10836 144 77
v 10837 222 99
v 10838 250 111
v 10839 159 80
v 10840 67 30
v 10841 14 8
v 10842 56 27
v 10843 49 18
v 10844 23 10
v 10845 77 33
v 10846 43 23
v 10847 24 12
v 10848 114 58
v 10849 119 53
v 10850 75 38
v 10851 38 19
v 10852 131 62
v 10853 125 66
v 10854 28 18
v 10855 9 4
v 10856 139 80
v 10857 163 88
v 10858 153 83
v 10859 93 53
v 10860 153 68
v 10861 67 31
v 10862 69 34
v 10863 60 30
v 10864 101 39
v 10865 48 25
v 10866 35 14
v 10871 144 69
v 10872 84 41
v 10873 191 92
v 10875 247 149
v 10878 78 48
v 10880 219 109
v 10881 67 31
v 10883 113 55
v 10887 197 96
v 10888 30 11
v 10889 44 25
v 10890 33 19
v 10897 44 21
v 10907 20 9
v 11052 45 24
v 11053 14 8
v 11054 44 24
v 11055 66 36
v 11056 97 44
v 11057 110 43
v 11058 36 15
v 11059 40 23
v 11060 21 15
v 11061 50 28
v 11062 229 112
v 11063 69 23
v 11064 31 18
v 11065 7 4
v 11066 23 10
v 11067 15 8
v 11068 140 60
v 11069 15 8
v 11070 55 21
v 11071 24 16
v 11072 71 39
v 11073 8 2
v 11074 4 3
v 11075 70 28
v 11076 38 17
v 11077 83 47
v 11078 83 38
v 11079 136 63
v 11080 14 7
v 11081 13 9
v 11082 121 52
v 11083 73 35
v 11084 106 53
v 11085 19 6
v 11086 29 13
v 11087 42 20
v 11088 39 19
v 11089 21 17
v 11090 9 4
v 11091 30 8
v 11092 112 59
v 11093 189 95
v 11094 202 111
v 11095 112 61
v 11096 49 19
v 11097 8 3
v 11098 39 12
v 11099 43 25
v 11100 10 7
v 11101 65 34
v 11102 33 20
v 11103 20 9
v 11104 81 33
v 11105 79 38
v 11106 44 22
v 11107 32 20
v 11108 113 54
v 11109 92 48
v 11110 13 8
v 11111 7 2
v 11112 52 25
v 11113 98 41
v 11114 91 40
v 11115 74 27
v 11116 143 80
v 11117 64 28
v 11118 70 35
v 11119 38 15
v 11120 83 46
v 11121 23 9
v 11122 25 11
v 11127 115 45
v 11128 73 34
v 11129 96 35
v 11131 187 89
v 11134 51 29
v 11136 192 86
v 11137 56 26
v 11139 66 30
v 11143 177 86
v 11144 27 12
v 11145 23 8
v 11146 32 15
v 11153 37 14
v 11163 21 11
v 11309 22 11
v 11310 43 19
v 11311 71 30
v 11312 124 51
v 11313 122 56
v 11314 73 36
v 11315 43 19
v 11316 27 15
v 11317 54 30
v 11318 275 138
v 11319 82 37
v 11320 40 21
v 11321 17 5
v 11322 25 10
v 11323 19 10
v 11324 184 96
v 11325 10 6
v 11326 45 24
v 11327 25 12
v 11328 96 47
v 11329 13 6
v 11330 6 4
v 11331 116 55
v 11332 53 21
v 11333 52 22
v 11334 121 62
v 11335 192 101
v 11336 17 10
v 11337 16 8
v 11338 173 77
v 11339 81 36
v 11340 109 53
v 11341 11 4
v 11342 23 12
v 11343 58 33
v 11344 64 35
v 11345 25 10
v 11346 19 10
v 11347 33 14
v 11348 127 57
v 11349 196 92
v 11350 241 116
v 11351 131 56
v 11352 34 16
v 11353 11 2
v 11354 75 39
v 11355 50 24
v 11356 12 4
v 11357 70 29
v 11358 28 17
v 11359 18 9
v 11360 107 53
v 11361 88 50
v 11362 72 33
v 11363 57 40
v 11364 98 52
v 11365 108 56
v 11366 23 12
v 11367 13 6
v 11368 69 31
v 11369 105 44
v 11370 82 28
v 11371 79 31
v 11372 152 73
v 11373 66 32
v 11374 58 21
v 11375 64 31
v 11376 107 48
v 11377 52 20
v 11378 29 14
v 11383 96 46
v 11384 66 24
v 11385 140 57
v 11387 215 104
v 11390 42 19
v 11392 212 105
v 11393 58 23
v 11395 105 48
v 11399 208 81
v 11400 30 10
v 11401 33 20
v 11402 24 13
v 11409 41 24
v 11419 22 15
v 11566 21 10
v 11567 19 9
v 11568 30 18
v 11569 36 20
v 11570 15 6
v 11571 17 11
v 11572 8 2
v 11573 25 17
v 11574 56 19
v 11575 21 11
v 11576 11 7
v 11577 4 2
v 11578 9 3
v 11579 8 7
v 11580 52 20
v 11581 4 1
v 11582 18 10
v 11583 14 5
v 11584 32 14
v 11585 9 7
v 11586 4 3
v 11587 27 16
v 11588 22 11
v 11589 25 10
v 11590 32 14
v 11591 45 24
v 11592 3 3
v 11593 4 4
v 11594 51 23
v 11595 26 14
v 11596 39 21
v 11597 6 2
v 11598 9 4
v 11599 12 5
v 11600 10 2
v 11601 14 7
v 11602 1 0
v 11603 4 3
v 11604 44 19
v 11605 50 19
v 11606 75 31
v 11607 38 13
v 11608 20 11
v 11609 4 1
v 11610 19 9
v 11611 19 8
v 11612 11 8
v 11613 18 11
v 11614 9 6
v 11615 10 5
v 11616 36 17
v 11617 28 14
v 11618 19 7
v 11619 20 9
v 11620 28 12
v 11621 44 20
v 11622 17 10
v 11623 3 1
v 11624 18 11
v 11625 43 22
v 11626 44 17
v 11627 31 16
v 11628 43 24
v 11629 16 4
v 11630 18 7
v 11631 11 7
v 11632 45 19
v 11633 9 3
v 11634 8 5
v 11639 43 20
v 11640 26 13
v 11641 42 21
v 11643 56 29
v 11646 13 8
v 11648 43 20
v 11649 10 5
v 11651 25 12
v 11655 54 25
v 11656 14 9
v 11657 14 7
v 11658 23 7
v 11665 13 10
v 11675 6 1
v 11823 83 46
v 11824 165 84
v 11825 126 47
v 11826 70 33
v 11827 53 27
v 11828 19 11
v 11829 71 37
v 11830 309 127
v 11831 81 31
v 11832 38 18
v 11833 14 9
v 11834 15 7
v 11835 19 9
v 11836 175 75
v 11837 11 3
v 11838 55 21
v 11839 24 11
v 11840 109 58
v 11841 17 5
v 11842 3 2
v 11843 86 35
v 11844 52 33
v 11845 93 39
v 11846 132 62
v 11847 171 71
v 11848 31 16
v 11849 19 8
v 11850 200 97
v 11851 87 36
v 11852 159 72
v 11853 18 8
v 11854 24 14
v 11855 51 29
v 11856 55 22
v 11857 24 12
v 11858 12 3
v 11859 39 17
v 11860 141 67
v 11861 225 111
v 11862 278 128
v 11863 151 80
v 11864 56 28
v 11865 12 8
v 11866 73 39
v 11867 65 28
v 11868 17 7
v 11869 76 27
v 11870 36 21
v 11871 23 12
v 11872 146 80
v 11873 99 47
v 11874 113 51
v 11875 46 22
v 11876 149 72
v 11877 141 76
v 11878 25 13
v 11879 10 5
v 11880 115 58
v 11881 189 80
v 11882 144 63
v 11883 74 39
v 11884 154 70
v 11885 103 53
v 11886 67 30
v 11887 72 31
v 11888 135 64
v 11889 38 21
v 11890 40 18
v 11895 129 59
v 11896 93 46
v 11897 154 71
v 11899 267 137
v 11902 51 26
v 11904 240 113
v 11905 63 35
v 11907 118 50
v 11911 217 103
v 11912 34 13
v 11913 47 20
v 11914 29 13
v 11921 53 28
v 11931 37 22
v 12080 171 89
v 12081 213 89
v 12082 82 43
v 12083 63 38
v 12084 28 13
v 12085 94 39
v 12086 353 160
v 12087 91 43
v 12088 46 19
v 12089 31 13
v 12090 35 17
v 12091 47 29
v 12092 218 120
v 12093 11 4
v 12094 84 38
v 12095 34 14
v 12096 128 71
v 12097 24 11
v 12098 8 3
v 12099 102 51
v 12100 56 29
v 12101 99 49
v 12102 144 68
v 12103 203 111
v 12104 33 18
v 12105 33 15
v 12106 178 87
v 12107 123 67
v 12108 184 84
v 12109 9 3
v 12110 34 19
v 12111 56 28
v 12112 57 30
v 12113 28 16
v 12114 12 8
v 12115 51 25
v 12116 157 71
v 12117 268 134
v 12118 281 125
v 12119 186 95
v 12120 62 29
v 12121 19 11
v 12122 92 37
v 12123 55 34
v 12124 18 8
v 12125 97 49
v 12126 38 13
v 12127 5 4
v 12128 155 78
v 12129 77 42
v 12130 140 74
v 12131 134 74
v 12132 140 58
v 12133 168 97
v 12134 30 15
v 12135 15 5
v 12136 98 39
v 12137 159 80
v 12138 151 82
v 12139 89 36
v 12140 179 82
v 12141 103 49
v 12142 88 42
v 12143 79 45
v 12144 132 55
v 12145 44 16
v 12146 39 19
v 12151 157 77
v 12152 70 39
v 12153 184 86
v 12155 320 177
v 12158 56 28
v 12160 266 127
v 12161 67 29
v 12163 122 59
v 12167 231 114
v 12168 33 15
v 12169 49 20
v 12170 38 19
v 12177 58 26
v 12187 29 11
v 12337 414 180
v 12338 161 91
v 12339 115 58
v 12340 42 18
v 12341 148 80
v 12342 582 260
v 12343 181 82
v 12344 113 61
v 12345 39 15
v 12346 45 18
v 12347 63 40
v 12348 470 239
v 12349 30 17
v 12350 162 63
v 12351 50 33
v 12352 233 109
v 12353 22 16
v 12354 15 12
v 12355 257 124
v 12356 87 44
v 12357 164 71
v 12358 230 119
v 12359 395 204
v 12360 44 18
v 12361 33 20
v 12362 448 225
v 12363 219 115
v 12364 291 136
v 12365 40 17
v 12366 131 63
v 12367 92 47
v 12368 117 65
v 12369 78 52
v 12370 41 19
v 12371 93 48
v 12372 258 150
v 12373 589 335
v 12374 611 297
v 12375 327 162
v 12376 108 51
v 12377 34 15
v 12378 160 75
v 12379 103 54
v 12380 40 15
v 12381 191 81
v 12382 72 45
v 12383 39 21
v 12384 239 131
v 12385 200 120
v 12386 190 103
v 12387 91 48
v 12388 337 171
v 12389 234 127
v 12390 57 30
v 12391 15 7
v 12392 160 84
v 12393 302 151
v 12394 361 167
v 12395 221 103
v 12396 365 178
v 12397 205 111
v 12398 196 98
v 12399 140 65
v 12400 323 149
v 12401 74 40
v 12402 81 46
v 12407 331 158
v 12408 230 113
v 12409 330 159
v 12411 592 314
v 12414 143 63
v 12416 513 275
v 12417 130 65
v 12419 274 118
v 12423 525 252
v 12424 67 26
v 12425 107 48
v 12426 85 38
v 12433 120 62
v 12443 74 32
v 12594 142 68
v 12595 127 69
v 12596 61 31
v 12597 148 69
v 12598 662 357
v 12599 243 117
v 12600 93 58
v 12601 35 15
v 12602 45 21
v 12603 56 29
v 12604 557 320
v 12605 18 7
v 12606 184 81
v 12607 66 42
v 12608 237 125
v 12609 24 9
v 12610 9 2
v 12611 217 118
v 12612 89 51
v 12613 264 141
v 12614 311 185
v 12615 419 215
v 12616 46 26
v 12617 31 13
v 12618 403 214
v 12619 193 113
v 12620 356 183
v 12621 43 19
v 12622 103 48
v 12623 117 80
v 12624 112 67
v 12625 60 36
v 12626 28 14
v 12627 60 39
v 12628 275 167
v 12629 490 274
v 12630 593 306
v 12631 339 179
v 12632 126 74
v 12633 19 10
v 12634 146 64
v 12635 122 63
v 12636 38 22
v 12637 264 135
v 12638 79 50
v 12639 38 21
v 12640 315 171
v 12641 194 119
v 12642 340 193
v 12643 91 63
v 12644 327 177
v 12645 243 144
v 12646 55 33
v 12647 26 12
v 12648 159 99
v 12649 365 180
v 12650 404 212
v 12651 215 110
v 12652 369 219
v 12653 233 127
v 12654 160 81
v 12655 121 69
v 12656 315 155
v 12657 72 44
v 12658 74 41
v 12663 369 199
v 12664 201 122
v 12665 381 209
v 12667 648 366
v 12670 143 91
v 12672 555 309
v 12673 159 79
v 12675 263 156
v 12679 488 244
v 12680 81 47
v 12681 168 84
v 12682 100 54
v 12689 144 77
v 12699 85 44
v 12851 47 26
v 12852 17 10
v 12853 66 38
v 12854 260 128
v 12855 74 42
v 12856 27 18
v 12857 17 8
v 12858 20 5
v 12859 18 5
v 12860 217 95
v 12861 12 5
v 12862 82 36
v 12863 46 17
v 12864 89 41
v 12865 16 8
v 12866 6 2
v 12867 115 53
v 12868 75 38
v 12869 83 43
v 12870 129 65
v 12871 155 80
v 12872 15 7
v 12873 16 9
v 12874 192 93
v 12875 100 39
v 12876 140 61
v 12877 13 4
v 12878 36 15
v 12879 42 20
v 12880 53 25
v 12881 26 15
v 12882 10 6
v 12883 36 17
v 12884 105 57
v 12885 274 137
v 12886 236 108
v 12887 156 77
v 12888 42 17
v 12889 10 5
v 12890 74 34
v 12891 56 30
v 12892 22 13
v 12893 85 32
v 12894 44 20
v 12895 22 16
v 12896 100 54
v 12897 104 49
v 12898 72 40
v 12899 53 30
v 12900 112 48
v 12901 84 43
v 12902 23 15
v 12903 9 5
v 12904 52 27
v 12905 165 83
v 12906 133 67
v 12907 104 45
v 12908 159 84
v 12909 79 33
v 12910 82 40
v 12911 62 19
v 12912 153 72
v 12913 51 21
v 12914 33 14
v 12919 140 62
v 12920 98 55
v 12921 156 69
v 12923 258 129
v 12926 87 52
v 12928 205 99
v 12929 42 19
v 12931 122 62
v 12935 187 84
v 12936 25 13
v 12937 48 23
v 12938 30 16
v 12945 68 30
v 12955 40 16
v 13108 8 3
v 13109 54 23
v 13110 244 119
v 13111 88 37
v 13112 39 21
v 13113 7 5
v 13114 20 11
v 13115 18 11
v 13116 131 77
v 13117 11 6
v 13118 61 20
v 13119 21 8
v 13120 83 38
v 13121 10 5
v 13122 3 2
v 13123 67 36
v 13124 29 16
v 13125 107 54
v 13126 89 48
v 13127 158 81
v 13128 23 11
v 13129 12 6
v 13130 135 62
v 13131 72 35
v 13132 99 53
v 13133 24 9
v 13134 48 19
v 13135 45 21
v 13136 48 17
v 13137 11 6
v 13138 12 6
v 13139 40 17
v 13140 88 51
v 13141 170 71
v 13142 231 104
v 13143 113 58
v 13144 40 22
v 13145 3 2
v 13146 59 22
v 13147 35 16
v 13148 11 7
v 13149 62 31
v 13150 14 8
v 13151 14 4
v 13152 94 49
v 13153 57 33
v 13154 79 35
v 13155 27 14
v 13156 149 65
v 13157 71 37
v 13158 11 5
v 13159 5 2
v 13160 41 20
v 13161 132 60
v 13162 163 76
v 13163 93 44
v 13164 147 81
v 13165 60 27
v 13166 52 19
v 13167 45 26
v 13168 128 60
v 13169 25 10
v 13170 30 18
v 13175 165 82
v 13176 84 41
v 13177 101 49
v 13179 240 118
v 13182 66 28
v 13184 182 105
v 13185 53 28
v 13187 101 54
v 13191 174 88
v 13192 20 12
v 13193 32 19
v 13194 37 22
v 13201 53 23
v 13211 31 11
v 13365 23 10
v 13366 77 42
v 13367 38 21
v 13368 13 7
v 13369 5 5
v 13370 5 3
v 13371 10 7
v 13372 69 29
v 13373 5 3
v 13374 37 20
v 13375 15 9
v 13376 39 26
v 13377 8 5
v 13378 7 1
v 13379 36 16
v 13380 13 8
v 13381 34 16
v 13382 35 16
v 13383 65 37
v 13384 8 4
v 13385 4 2
v 13386 59 28
v 13387 37 20
v 13388 51 32
v 13389 7 1
v 13390 19 12
v 13391 20 10
v 13392 11 3
v 13393 14 6
v 13394 4 2
v 13395 9 7
v 13396 34 17
v 13397 77 37
v 13398 103 46
v 13399 57 30
v 13400 9 6
v 13401 6 5
v 13402 26 10
v 13403 18 9
v 13404 5 2
v 13405 50 29
v 13406 13 5
v 13407 14 9
v 13408 43 19
v 13409 35 20
v 13410 38 18
v 13411 21 14
v 13412 44 18
v 13413 41 17
v 13414 8 5
v 13415 3 1
v 13416 33 15
v 13417 46 20
v 13418 58 30
v 13419 43 18
v 13420 64 36
v 13421 23 11
v 13422 31 11
v 13423 23 15
v 13424 57 26
v 13425 12 10
v 13426 10 7
v 13431 59 29
v 13432 27 17
v 13433 40 18
v 13435 92 47
v 13438 32 22
v 13440 93 42
v 13441 26 13
v 13443 42 23
v 13447 79 46
v 13448 19 12
v 13449 13 6
v 13450 13 6
v 13457 27 13
v 13467 15 9
v 13622 260 127
v 13623 92 33
v 13624 47 22
v 13625 14 6
v 13626 25 15
v 13627 25 15
v 13628 138 60
v 13629 8 3
v 13630 71 24
v 13631 17 6
v 13632 88 37
v 13633 11 7
v 13634 12 7
v 13635 114 53
v 13636 40 18
v 13637 123 64
v 13638 116 56
v 13639 147 75
v 13640 22 12
v 13641 17 6
v 13642 166 74
v 13643 89 52
v 13644 137 66
v 13645 14 10
v 13646 48 22
v 13647 60 26
v 13648 68 31
v 13649 31 18
v 13650 11 3
v 13651 28 12
v 13652 113 60
v 13653 254 119
v 13654 268 116
v 13655 151 76
v 13656 49 18
v 13657 9 3
v 13658 75 40
v 13659 47 26
v 13660 16 5
v 13661 87 32
v 13662 21 7
v 13663 21 11
v 13664 127 61
v 13665 83 38
v 13666 112 50
v 13667 38 22
v 13668 122 57
v 13669 113 63
v 13670 21 5
v 13671 8 2
v 13672 55 29
v 13673 146 63
v 13674 136 52
v 13675 93 44
v 13676 202 105
v 13677 91 46
v 13678 89 35
v 13679 52 27
v 13680 158 88
v 13681 30 15
v 13682 42 26
v 13687 164 78
v 13688 115 60
v 13689 135 59
v 13691 235 122
v 13694 70 33
v 13696 191 98
v 13697 61 25
v 13699 116 55
v 13703 193 97
v 13704 35 16
v 13705 45 21
v 13706 22 12
v 13713 56 25
v 13723 53 29
v 13879 360 180
v 13880 184 103
v 13881 52 30
v 13882 53 27
v 13883 94 40
v 13884 694 364
v 13885 57 33
v 13886 296 118
v 13887 124 63
v 13888 501 271
v 13889 50 18
v 13890 16 6
v 13891 503 269
v 13892 183 100
v 13893 430 201
v 13894 801 408
v 13895 772 389
v 13896 78 43
v 13897 55 30
v 13898 850 430
v 13899 381 213
v 13900 563 270
v 13901 47 17
v 13902 123 63
v 13903 204 116
v 13904 196 102
v 13905 120 64
v 13906 49 29
v 13907 223 121
v 13908 666 380
v 13909 1153 596
v 13910 1094 563
v 13911 666 367
v 13912 197 100
v 13913 39 20
v 13914 292 150
v 13915 208 103
v 13916 65 32
v 13917 475 213
v 13918 287 150
v 13919 135 69
v 13920 745 422
v 13921 425 200
v 13922 363 199
v 13923 150 97
v 13924 566 287
v 13925 458 229
v 13926 83 41
v 13927 36 20
v 13928 361 201
v 13929 721 374
v 13930 586 320
v 13931 473 218
v 13932 1069 617
v 13933 530 292
v 13934 363 179
v 13935 268 136
v 13936 547 253
v 13937 159 81
v 13938 154 77
v 13943 637 328
v 13944 361 170
v 13945 603 301
v 13947 1127 593
v 13950 312 169
v 13952 942 529
v 13953 318 180
v 13955 487 250
v 13959 916 466
v 13960 129 60
v 13961 211 100
v 13962 100 64
v 13969 245 131
v 13979 140 50
v 14136 96 53
v 14137 15 11
v 14138 48 21
v 14139 29 18
v 14140 270 148
v 14141 9 3
v 14142 122 52
v 14143 37 21
v 14144 166 97
v 14145 24 14
v 14146 13 7
v 14147 84 53
v 14148 58 34
v 14149 196 96
v 14150 160 86
v 14151 272 141
v 14152 29 14
v 14153 26 15
v 14154 271 124
v 14155 102 61
v 14156 202 113
v 14157 37 20
v 14158 63 29
v 14159 93 51
v 14160 78 41
v 14161 24 11
v 14162 17 8
v 14163 57 31
v 14164 162 98
v 14165 331 199
v 14166 442 232
v 14167 215 122
v 14168 79 34
v 14169 12 9
v 14170 111 58
v 14171 75 28
v 14172 16 11
v 14173 120 63
v 14174 22 14
v 14175 42 14
v 14176 216 119
v 14177 162 90
v 14178 118 62
v 14179 41 22
v 14180 206 117
v 14181 126 68
v 14182 28 19
v 14183 8 6
v 14184 98 57
v 14185 243 110
v 14186 251 126
v 14187 163 97
v 14188 323 181
v 14189 77 52
v 14190 111 44
v 14191 138 69
v 14192 225 111
v 14193 47 22
v 14194 51 31
v 14199 276 139
v 14200 162 98
v 14201 215 112
v 14203 404 231
v 14206 93 47
v 14208 353 187
v 14209 120 72
v 14211 175 95
v 14215 332 171
v 14216 56 26
v 14217 69 36
v 14218 37 25
v 14225 101 50
v 14235 93 35
v 14393 13 4
v 14394 18 9
v 14395 16 7
v 14396 61 24
v 14397 4 3
v 14398 38 14
v 14399 17 10
v 14400 61 32
v 14401 6 1
v 14402 4 4
v 14403 59 28
v 14404 37 21
v 14405 68 30
v 14406 72 42
v 14407 71 35
v 14408 14 7
v 14409 13 6
v 14410 102 51
v 14411 50 25
v 14412 76 30
v 14413 14 2
v 14414 23 5
v 14415 36 17
v 14416 35 22
v 14417 12 6
v 14418 5 3
v 14419 26 14
v 14420 65 28
v 14421 162 82
v 14422 149 67
v 14423 89 37
v 14424 30 8
v 14425 6 4
v 14426 39 20
v 14427 28 12
v 14428 13 6
v 14429 46 20
v 14430 14 5
v 14431 14 6
v 14432 89 46
v 14433 47 21
v 14434 61 34
v 14435 19 10
v 14436 57 23
v 14437 55 26
v 14438 6 2
v 14439 5 2
v 14440 53 29
v 14441 84 38
v 14442 94 41
v 14443 45 15
v 14444 97 49
v 14445 48 14
v 14446 59 25
v 14447 36 24
v 14448 63 21
v 14449 21 10
v 14450 24 11
v 14455 105 43
v 14456 60 29
v 14457 94 46
v 14459 156 80
v 14462 49 20
v 14464 119 60
v 14465 25 10
v 14467 69 37
v 14471 140 73
v 14472 21 6
v 14473 30 17
v 14474 25 12
v 14481 30 13
v 14491 29 10
v 14650 5 1
v 14651 14 8
v 14652 48 25
v 14653 6 4
v 14654 12 7
v 14655 10 6
v 14656 21 14
v 14657 1 0
v 14658 2 1
v 14659 25 10
v 14660 10 5
v 14661 30 14
v 14662 35 20
v 14663 44 24
v 14664 4 4
v 14665 7 2
v 14666 43 16
v 14667 27 13
v 14668 30 13
v 14669 3 1
v 14670 12 6
v 14671 15 3
v 14672 8 4
v 14673 5 4
v 14674 3 3
v 14675 4 1
v 14676 28 14
v 14677 54 20
v 14678 55 28
v 14679 31 17
v 14680 6 3
v 14681 7 3
v 14682 18 11
v 14683 12 7
v 14684 5 2
v 14685 29 17
v 14686 9 1
v 14687 4 1
v 14688 38 24
v 14689 26 14
v 14690 24 15
v 14691 9 6
v 14692 34 16
v 14693 29 14
v 14694 8 6
v 14695 1 1
v 14696 22 11
v 14697 50 31
v 14698 32 17
v 14699 21 6
v 14700 57 30
v 14701 29 18
v 14702 13 5
v 14703 20 11
v 14704 25 14
v 14705 4 1
v 14706 7 5
v 14711 43 20
v 14712 10 3
v 14713 30 17
v 14715 42 20
v 14718 18 9
v 14720 46 23
v 14721 15 10
v 14723 26 13
v 14727 45 18
v 14728 6 3
v 14729 5 3
v 14730 13 6
v 14737 12 6
v 14747 9 6
v 14907 9 2
v 14908 50 21
v 14909 4 4
v 14910 24 11
v 14911 3 2
v 14912 28 9
v 14913 6 2
v 14914 7 1
v 14915 22 11
v 14916 14 7
v 14917 48 25
v 14918 40 23
v 14919 57 26
v 14920 8 3
v 14921 2 2
v 14922 56 35
v 14923 22 10
v 14924 35 14
v 14925 9 2
v 14926 8 6
v 14927 11 6
v 14928 10 6
v 14929 9 4
v 14930 4 2
v 14931 13 3
v 14932 28 18
v 14933 54 22
v 14934 83 46
v 14935 41 21
v 14936 25 11
v 14937 3 1
v 14938 30 13
v 14939 17 10
v 14940 8 4
v 14941 30 12
v 14942 11 7
v 14943 11 6
v 14944 33 20
v 14945 23 14
v 14946 33 19
v 14947 7 4
v 14948 41 23
v 14949 30 19
v 14950 2 1
v 14951 4 4
v 14952 21 15
v 14953 59 29
v 14954 55 35
v 14955 25 16
v 14956 49 21
v 14957 25 11
v 14958 16 12
v 14959 21 8
v 14960 67 31
v 14961 8 4
v 14962 4 2
v 14967 49 23
v 14968 31 15
v 14969 42 23
v 14971 88 58
v 14974 28 13
v 14976 63 41
v 14977 16 6
v 14979 36 18
v 14983 70 36
v 14984 8 2
v 14985 22 9
v 14986 8 6
v 14993 22 8
v 15003 12 2
v 15164 76 36
v 15165 2 1
v 15166 34 8
v 15167 12 6
v 15168 40 21
v 15169 1 1
v 15170 1 0
v 15171 44 19
v 15172 30 13
v 15173 31 12
v 15174 38 14
v 15175 53 24
v 15176 4 1
v 15177 9 4
v 15178 55 27
v 15179 50 18
v 15180 85 43
v 15181 6 1
v 15182 13 7
v 15183 16 10
v 15184 18 8
v 15185 9 3
v 15186 7 2
v 15187 16 7
v 15188 60 24
v 15189 85 39
v 15190 104 42
v 15191 68 28
v 15192 18 8
v 15193 3 1
v 15194 22 9
v 15195 20 4
v 15196 5 4
v 15197 28 14
v 15198 15 7
v 15199 7 4
v 15200 39 22
v 15201 41 15
v 15202 22 8
v 15203 20 9
v 15204 53 25
v 15205 51 22
v 15206 7 4
v 15207 6 5
v 15208 24 9
v 15209 46 18
v 15210 99 45
v 15211 44 20
v 15212 65 30
v 15213 29 11
v 15214 32 15
v 15215 19 6
v 15216 42 20
v 15217 13 7
v 15218 11 3
v 15223 48 27
v 15224 36 15
v 15225 54 31
v 15227 81 33
v 15230 27 10
v 15232 61 28
v 15233 23 9
v 15235 37 17
v 15239 79 36
v 15240 8 2
v 15241 14 5
v 15242 9 4
v 15249 24 11
v 15259 18 11
v 15421 64 28
v 15422 165 62
v 15423 54 24
v 15424 274 125
v 15425 31 15
v 15426 12 6
v 15427 307 142
v 15428 130 80
v 15429 245 123
v 15430 284 152
v 15431 372 167
v 15432 45 24
v 15433 41 24
v 15434 524 254
v 15435 270 157
v 15436 321 146
v 15437 56 17
v 15438 107 47
v 15439 162 79
v 15440 136 73
v 15441 106 55
v 15442 52 17
v 15443 97 54
v 15444 330 179
v 15445 609 289
v 15446 747 379
v 15447 417 201
v 15448 122 54
v 15449 56 29
v 15450 193 91
v 15451 123 46
v 15452 50 19
v 15453 181 94
v 15454 102 59
v 15455 69 31
v 15456 450 228
v 15457 237 122
v 15458 206 123
v 15459 130 74
v 15460 323 164
v 15461 278 154
v 15462 59 26
v 15463 12 7
v 15464 230 129
v 15465 346 153
v 15466 306 146
v 15467 255 128
v 15468 515 270
v 15469 320 142
v 15470 341 163
v 15471 223 116
v 15472 403 184
v 15473 108 60
v 15474 114 59
v 15479 391 168
v 15480 246 121
v 15481 443 224
v 15483 704 354
v 15486 145 83
v 15488 596 307
v 15489 202 106
v 15491 349 176
v 15495 813 347
v 15496 103 49
v 15497 123 64
v 15498 82 43
v 15505 138 68
v 15515 81 34
v 15678 8 3
v 15679 3 1
v 15680 16 6
v 15681 2 0
v 15682 3 2
v 15683 23 11
v 15684 5 3
v 15685 26 13
v 15686 27 14
v 15687 30 13
v 15688 2 1
v 15689 3 1
v 15690 52 23
v 15691 23 14
v 15692 27 11
v 15693 6 2
v 15694 4 2
v 15695 15 9
v 15696 5 3
v 15697 4 4
v 15698 2 2
v 15699 10 4
v 15700 25 16
v 15701 51 21
v 15702 57 32
v 15703 17 8
v 15704 5 4
v 15705 1 1
v 15706 6 2
v 15707 10 2
v 15709 13 7
v 15710 3 1
v 15711 7 3
v 15712 14 8
v 15713 13 7
v 15714 11 7
v 15715 10 4
v 15716 16 9
v 15717 11 5
v 15718 5 2
v 15719 2 2
v 15720 12 3
v 15721 30 16
v 15722 18 11
v 15723 20 11
v 15724 22 12
v 15725 11 4
v 15726 14 6
v 15727 11 4
v 15728 15 4
v 15729 14 9
v 15730 11 4
v 15735 24 11
v 15736 13 6
v 15737 35 17
v 15739 46 21
v 15742 13 8
v 15744 36 18
v 15745 12 5
v 15747 28 12
v 15751 35 19
v 15752 7 4
v 15753 10 3
v 15754 5 4
v 15761 7 3
v 15771 2 0
v 15935 19 11
v 15936 84 57
v 15937 20 13
v 15938 6 4
v 15939 91 63
v 15940 42 25
v 15941 116 62
v 15942 150 85
v 15943 238 147
v 15944 22 13
v 15945 20 13
v 15946 186 123
v 15947 89 59
v 15948 156 85
v 15949 22 15
v 15950 53 26
v 15951 62 43
v 15952 62 37
v 15953 20 13
v 15954 14 9
v 15955 63 39
v 15956 136 80
v 15957 276 164
v 15958 285 163
v 15959 152 96
v 15960 82 44
v 15961 14 9
v 15962 98 53
v 15963 50 26
v 15964 13 9
v 15965 128 69
v 15966 33 21
v 15967 24 14
v 15968 155 105
v 15969 109 61
v 15970 90 50
v 15971 43 34
v 15972 167 106
v 15973 99 62
v 15974 40 24
v 15975 6 4
v 15976 74 45
v 15977 155 91
v 15978 175 103
v 15979 116 69
v 15980 216 142
v 15981 97 62
v 15982 94 57
v 15983 89 52
v 15984 139 81
v 15985 40 20
v 15986 22 12
v 15991 203 123
v 15992 104 66
v 15993 165 93
v 15995 331 204
v 15998 83 54
v 16000 227 135
v 16001 58 46
v 16003 150 87
v 16007 228 127
v 16008 34 20
v 16009 54 23
v 16010 32 20
v 16017 64 37
v 16027 36 23
v 16192 55 29
v 16193 12 9
v 16194 5 2
v 16195 31 15
v 16196 21 10
v 16197 40 18
v 16198 55 37
v 16199 64 24
v 16200 4 4
v 16201 7 2
v 16202 70 42
v 16203 33 22
v 16204 48 25
v 16205 11 6
v 16206 28 14
v 16207 20 6
v 16208 21 10
v 16209 14 6
v 16210 8 2
v 16211 13 6
v 16212 62 29
v 16213 126 66
v 16214 93 34
v 16215 48 27
v 16216 17 7
v 16217 6 2
v 16218 35 21
v 16219 30 15
v 16220 12 4
v 16221 34 12
v 16222 10 5
v 16223 8 5
v 16224 55 25
v 16225 42 20
v 16226 35 21
v 16227 27 20
v 16228 61 32
v 16229 36 14
v 16230 14 8
v 16231 5 3
v 16232 36 18
v 16233 53 25
v 16234 47 21
v 16235 32 13
v 16236 69 37
v 16237 50 22
v 16238 41 22
v 16239 31 18
v 16240 51 22
v 16241 22 8
v 16242 9 2
v 16247 49 19
v 16248 33 23
v 16249 51 21
v 16251 106 50
v 16254 36 21
v 16256 84 46
v 16257 29 18
v 16259 46 27
v 16263 97 49
v 16264 18 7
v 16265 16 6
v 16266 11 5
v 16273 20 12
v 16283 15 6
v 16449 23 8
v 16450 7 3
v 16451 145 79
v 16452 59 26
v 16453 137 61
v 16454 222 100
v 16455 307 157
v 16456 22 11
v 16457 29 14
v 16458 317 159
v 16459 168 98
v 16460 215 103
v 16461 23 5
v 16462 68 28
v 16463 69 27
v 16464 65 28
v 16465 31 19
v 16466 17 12
v 16467 74 42
v 16468 257 128
v 16469 585 285
v 16470 482 220
v 16471 252 113
v 16472 73 33
v 16473 15 5
v 16474 106 36
v 16475 76 33
v 16476 23 14
v 16477 133 62
v 16478 53 33
v 16479 39 15
v 16480 221 93
v 16481 152 78
v 16482 128 65
v 16483 85 52
v 16484 214 104
v 16485 178 86
v 16486 34 17
v 16487 10 7
v 16488 170 73
v 16489 220 104
v 16490 220 105
v 16491 135 63
v 16492 299 160
v 16493 114 60
v 16494 154 72
v 16495 110 54
v 16496 196 86
v 16497 70 36
v 16498 54 28
v 16503 216 102
v 16504 144 61
v 16505 253 113
v 16507 395 191
v 16510 100 47
v 16512 368 171
v 16513 119 60
v 16515 154 71
v 16519 357 173
v 16520 52 25
v 16521 93 45
v 16522 61 32
v 16529 100 53
v 16539 47 18
v 16706 2 0
v 16707 14 8
v 16708 5 1
v 16709 25 14
v 16710 23 12
v 16711 37 22
v 16712 1 0
v 16713 2 0
v 16714 17 9
v 16715 25 16
v 16716 20 10
v 16717 7 3
v 16718 10 4
v 16719 9 3
v 16720 6 5
v 16721 4 4
v 16722 5 4
v 16723 8 5
v 16724 23 9
v 16725 56 28
v 16726 50 29
v 16727 27 14
v 16728 10 6
v 16729 2 2
v 16730 18 11
v 16731 9 2
v 16732 4 2
v 16733 26 12
v 16734 2 2
v 16735 6 2
v 16736 25 14
v 16737 12 4
v 16738 19 8
v 16739 11 7
v 16740 27 11
v 16741 18 9
v 16742 5 3
v 16743 3 1
v 16744 12 4
v 16745 28 15
v 16746 27 11
v 16747 20 15
v 16748 29 18
v 16749 17 10
v 16750 21 9
v 16751 12 5
v 16752 29 14
v 16753 4 0
v 16754 9 5
v 16759 37 12
v 16760 19 7
v 16761 23 14
v 16763 54 38
v 16766 17 9
v 16768 50 29
v 16769 17 11
v 16771 29 13
v 16775 43 19
v 16776 7 3
v 16777 10 4
v 16778 7 3
v 16785 13 3
v 16795 12 6
v 16963 9 5
v 16964 3 1
v 16965 11 3
v 16966 8 4
v 16967 11 2
v 16968 2 1
v 16969 2 0
v 16970 16 13
v 16971 3 2
v 16972 14 7
v 16973 3 1
v 16974 5 3
v 16975 3 2
v 16976 5 1
v 16977 3 1
v 16978 2 1
v 16979 4 3
v 16980 5 4
v 16981 19 12
v 16982 15 4
v 16983 8 6
v 16984 2 1
v 16985 1 1
v 16986 9 5
v 16987 2 0
v 16988 3 2
v 16989 3 0
v 16990 3 3
v 16991 1 1
v 16992 8 4
v 16993 12 5
v 16994 5 1
v 16995 2 1
v 16996 14 9
v 16997 8 4
v 16998 1 0
v 16999 3 1
v 17000 4 1
v 17001 18 10
v 17002 18 8
v 17003 11 5
v 17004 17 9
v 17005 12 7
v 17006 5 2
v 17007 5 3
v 17008 16 7
v 17009 3 1
v 17010 4 3
v 17015 11 5
v 17016 9 4
v 17017 9 6
v 17019 20 7
v 17022 6 2
v 17024 18 6
v 17025 3 3
v 17027 4 3
v 17031 13 5
v 17032 6 2
v 17033 6 5
v 17034 3 2
v 17041 3 1
v 17051 1 1
v 17220 89 49
v 17221 145 78
v 17222 202 105
v 17223 256 111
v 17224 22 12
v 17225 26 10
v 17226 309 130
v 17227 173 98
v 17228 209 101
v 17229 22 10
v 17230 42 19
v 17231 82 44
v 17232 97 47
v 17233 37 17
v 17234 19 7
v 17235 62 33
v 17236 192 106
v 17237 273 112
v 17238 412 185
v 17239 261 128
v 17240 89 46
v 17241 22 10
v 17242 95 42
v 17243 74 32
v 17244 25 12
v 17245 133 51
v 17246 60 28
v 17247 43 23
v 17248 203 105
v 17249 170 107
v 17250 111 61
v 17251 49 26
v 17252 191 84
v 17253 184 101
v 17254 33 18
v 17255 8 2
v 17256 123 69
v 17257 199 93
v 17258 205 101
v 17259 136 60
v 17260 246 109
v 17261 111 61
v 17262 91 48
v 17263 135 64
v 17264 250 123
v 17265 77 43
v 17266 41 27
v 17271 196 97
v 17272 118 63
v 17273 235 106
v 17275 365 197
v 17278 96 45
v 17280 351 181
v 17281 86 46
v 17283 171 79
v 17287 325 138
v 17288 33 10
v 17289 91 44
v 17290 40 22
v 17297 77 35
v 17307 36 15
v 17477 64 28
v 17478 114 51
v 17479 126 62
v 17480 13 5
v 17481 12 3
v 17482 130 60
v 17483 70 34
v 17484 85 42
v 17485 16 3
v 17486 36 19
v 17487 30 16
v 17488 29 9
v 17489 20 11
v 17490 11 5
v 17491 39 18
v 17492 112 51
v 17493 201 96
v 17494 197 79
v 17495 90 40
v 17496 28 17
v 17497 4 2
v 17498 60 21
v 17499 83 39
v 17500 12 5
v 17501 41 22
v 17502 43 20
v 17503 12 10
v 17504 78 40
v 17505 72 32
v 17506 51 25
v 17507 32 19
v 17508 88 32
v 17509 70 31
v 17510 34 21
v 17511 5 4
v 17512 52 27
v 17513 107 45
v 17514 107 43
v 17515 68 33
v 17516 121 52
v 17517 52 21
v 17518 64 31
v 17519 84 35
v 17520 102 45
v 17521 25 13
v 17522 23 12
v 17527 78 39
v 17528 79 37
v 17529 85 36
v 17531 141 76
v 17534 42 16
v 17536 130 56
v 17537 49 23
v 17539 78 35
v 17543 112 55
v 17544 30 11
v 17545 32 15
v 17546 26 15
v 17553 31 16
v 17563 35 11
v 17734 132 59
v 17735 290 154
v 17736 25 18
v 17737 19 9
v 17738 281 132
v 17739 124 60
v 17740 212 117
v 17741 21 7
v 17742 94 49
v 17743 86 50
v 17744 127 61
v 17745 28 16
v 17746 27 16
v 17747 43 23
v 17748 178 94
v 17749 329 155
v 17750 389 172
v 17751 214 97
v 17752 67 38
v 17753 17 6
v 17754 125 48
v 17755 106 55
v 17756 24 11
v 17757 105 57
v 17758 138 66
v 17759 14 10
v 17760 308 164
v 17761 123 73
v 17762 155 84
v 17763 48 30
v 17764 230 116
v 17765 165 84
v 17766 31 17
v 17767 13 6
v 17768 96 51
v 17769 232 114
v 17770 221 98
v 17771 190 75
v 17772 296 158
v 17773 134 69
v 17774 127 66
v 17775 111 58
v 17776 257 120
v 17777 55 26
v 17778 35 18
v 17783 262 121
v 17784 144 75
v 17785 236 117
v 17787 404 223
v 17790 102 57
v 17792 321 176
v 17793 87 41
v 17795 170 83
v 17799 342 160
v 17800 52 22
v 17801 82 38
v 17802 46 23
v 17809 83 38
v 17819 96 49
v 17991 366 171
v 17992 31 16
v 17993 34 16
v 17994 356 178
v 17995 146 69
v 17996 241 108
v 17997 21 13
v 17998 45 19
v 17999 78 40
v 18000 100 46
v 18001 48 30
v 18002 28 13
v 18003 65 31
v 18004 237 122
v 18005 472 220
v 18006 524 255
v 18007 252 114
v 18008 108 48
v 18009 17 7
v 18010 135 53
v 18011 107 49
v 18012 25 10
v 18013 159 76
v 18014 59 32
v 18015 57 26
v 18016 269 141
v 18017 210 116
v 18018 203 109
v 18019 68 36
v 18020 242 106
v 18021 150 80
v 18022 38 14
v 18023 17 9
v 18024 152 82
v 18025 232 113
v 18026 238 116
v 18027 182 84
v 18028 325 184
v 18029 117 65
v 18030 222 115
v 18031 129 64
v 18032 232 106
v 18033 78 36
v 18034 59 33
v 18039 228 107
v 18040 158 80
v 18041 274 122
v 18043 448 230
v 18046 140 68
v 18048 447 209
v 18049 112 54
v 18051 208 99
v 18055 381 167
v 18056 45 23
v 18057 90 40
v 18058 69 38
v 18065 97 47
v 18075 39 15
v 18248 69 34
v 18249 52 29
v 18250 523 250
v 18251 247 146
v 18252 380 174
v 18253 40 19
v 18254 104 49
v 18255 178 99
v 18256 138 85
v 18257 66 33
v 18258 41 23
v 18259 100 54
v 18260 382 206
v 18261 703 383
v 18262 762 399
v 18263 435 218
v 18264 151 74
v 18265 25 13
v 18266 166 73
v 18267 135 65
v 18268 44 19
v 18269 259 116
v 18270 117 62
v 18271 72 38
v 18272 346 195
v 18273 244 135
v 18274 323 151
v 18275 110 70
v 18276 393 195
v 18277 291 169
v 18278 49 24
v 18279 17 9
v 18280 218 115
v 18281 388 194
v 18282 429 205
v 18283 284 133
v 18284 606 317
v 18285 206 102
v 18286 218 112
v 18287 178 93
v 18288 348 170
v 18289 99 58
v 18290 112 65
v 18295 474 226
v 18296 214 109
v 18297 379 192
v 18299 711 375
v 18302 207 106
v 18304 569 301
v 18305 195 102
v 18307 307 144
v 18311 625 293
v 18312 82 38
v 18313 128 74
v 18314 90 50
v 18321 146 78
v 18331 114 42
v 18505 5 1
v 18506 66 32
v 18507 27 10
v 18508 44 21
v 18509 11 7
v 18510 17 6
v 18511 18 9
v 18512 18 10
v 18513 14 6
v 18514 7 3
v 18515 13 7
v 18516 37 17
v 18517 80 41
v 18518 83 45
v 18519 46 17
v 18520 21 11
v 18521 3 1
v 18522 19 11
v 18523 13 7
v 18524 7 5
v 18525 27 14
v 18526 7 4
v 18527 2 0
v 18528 29 12
v 18529 39 18
v 18530 20 9
v 18531 9 7
v 18532 58 28
v 18533 31 19
v 18534 7 1
v 18535 2 0
v 18536 18 7
v 18537 29 10
v 18538 44 24
v 18539 32 9
v 18540 36 14
v 18541 29 11
v 18542 28 13
v 18543 14 5
v 18544 44 21
v 18545 10 3
v 18546 16 5
v 18551 57 27
v 18552 27 16
v 18553 37 18
v 18555 62 31
v 18558 31 16
v 18560 70 38
v 18561 19 8
v 18563 45 19
v 18567 59 37
v 18568 14 6
v 18569 8 4
v 18570 17 11
v 18577 8 6
v 18587 16 6
v 18762 64 29
v 18763 23 11
v 18764 30 15
v 18765 4 1
v 18766 6 1
v 18767 13 6
v 18768 15 8
v 18769 7 1
v 18770 5 3
v 18771 5 3
v 18772 35 18
v 18773 47 24
v 18774 63 27
v 18775 46 22
v 18776 14 4
v 18777 3 3
v 18778 10 4
v 18779 11 6
v 18780 2 2
v 18781 26 19
v 18782 10 6
v 18783 6 2
v 18784 22 9
v 18785 27 16
v 18786 21 9
v 18787 11 7
v 18788 28 11
v 18789 20 12
v 18790 12 9
v 18791 2 0
v 18792 25 12
v 18793 31 20
v 18794 32 13
v 18795 21 10
v 18796 51 26
v 18797 18 9
v 18798 30 17
v 18799 16 6
v 18800 46 20
v 18801 18 10
v 18802 12 4
v 18807 32 20
v 18808 15 4
v 18809 36 13
v 18811 63 30
v 18814 19 8
v 18816 50 25
v 18817 14 5
v 18819 24 9
v 18823 55 30
v 18824 11 6
v 18825 7 4
v 18826 11 3
v 18833 14 5
v 18843 10 4
v 19019 271 154
v 19020 341 171
v 19021 54 25
v 19022 117 60
v 19023 185 105
v 19024 132 73
v 19025 72 34
v 19026 36 15
v 19027 125 67
v 19028 403 223
v 19029 757 395
v 19030 833 406
v 19031 404 202
v 19032 114 56
v 19033 24 9
v 19034 199 93
v 19035 154 63
v 19036 49 29
v 19037 217 104
v 19038 89 53
v 19039 72 42
v 19040 382 217
v 19041 312 173
v 19042 217 126
v 19043 126 70
v 19044 428 215
v 19045 304 175
v 19046 58 24
v 19047 23 12
v 19048 246 113
v 19049 447 221
v 19050 468 228
v 19051 281 121
v 19052 535 282
v 19053 212 117
v 19054 255 128
v 19055 201 117
v 19056 385 184
v 19057 126 72
v 19058 84 49
v 19063 414 225
v 19064 424 213
v 19065 451 221
v 19067 684 364
v 19070 341 167
v 19072 682 369
v 19073 182 93
v 19075 354 161
v 19079 673 326
v 19080 101 37
v 19081 113 57
v 19082 90 56
v 19089 180 96
v 19099 89 32
v 19276 169 85
v 19277 45 12
v 19278 37 16
v 19279 76 42
v 19280 83 44
v 19281 41 18
v 19282 27 16
v 19283 49 23
v 19284 192 100
v 19285 297 144
v 19286 382 181
v 19287 192 95
v 19288 78 29
v 19289 22 14
v 19290 83 41
v 19291 81 36
v 19292 22 11
v 19293 131 61
v 19294 61 32
v 19295 25 14
v 19296 178 93
v 19297 153 77
v 19298 102 57
v 19299 71 37
v 19300 185 89
v 19301 168 77
v 19302 51 29
v 19303 11 7
v 19304 151 82
v 19305 176 85
v 19306 153 66
v 19307 135 58
v 19308 245 118
v 19309 135 78
v 19310 113 55
v 19311 133 60
v 19312 200 91
v 19313 49 21
v 19314 73 34
v 19319 194 88
v 19320 123 72
v 19321 233 105
v 19323 308 154
v 19326 92 37
v 19328 414 216
v 19329 92 48
v 19331 147 72
v 19335 460 245
v 19336 49 18
v 19337 62 27
v 19338 44 23
v 19345 73 39
v 19355 50 24
v 19533 38 18
v 19534 64 42
v 19535 92 45
v 19536 98 53
v 19537 51 29
v 19538 35 15
v 19539 80 43
v 19540 275 148
v 19541 447 236
v 19542 543 285
v 19543 294 138
v 19544 212 92
v 19545 28 18
v 19546 157 89
v 19547 110 54
v 19548 38 19
v 19549 156 91
v 19550 40 23
v 19551 36 13
v 19552 235 144
v 19553 174 98
v 19554 186 99
v 19555 65 36
v 19556 268 136
v 19557 232 127
v 19558 51 34
v 19559 17 12
v 19560 201 120
v 19561 294 156
v 19562 238 119
v 19563 193 94
v 19564 341 186
v 19565 165 91
v 19566 140 77
v 19567 132 73
v 19568 318 165
v 19569 82 36
v 19570 63 33
v 19575 313 158
v 19576 193 95
v 19577 293 152
v 19579 538 310
v 19582 108 66
v 19584 427 239
v 19585 113 57
v 19587 251 142
v 19591 429 210
v 19592 67 38
v 19593 90 53
v 19594 58 35
v 19601 119 69
v 19611 71 35
v 19790 13 8
v 19791 22 15
v 19792 14 8
v 19793 8 5
v 19794 2 1
v 19795 6 3
v 19796 29 22
v 19797 61 39
v 19798 89 54
v 19799 42 30
v 19800 15 9
v 19801 21 7
v 19802 11 9
v 19803 12 5
v 19804 7 4
v 19805 23 15
v 19806 13 6
v 19807 16 11
v 19808 39 26
v 19809 24 14
v 19810 22 9
v 19811 6 2
v 19812 52 32
v 19813 25 15
v 19814 2 0
v 19815 1 0
v 19816 18 8
v 19817 44 22
v 19818 46 28
v 19819 32 20
v 19820 49 34
v 19821 40 28
v 19822 22 11
v 19823 20 14
v 19824 32 17
v 19825 13 9
v 19826 10 7
v 19831 42 19
v 19832 24 14
v 19833 44 25
v 19835 49 32
v 19838 9 9
v 19840 56 39
v 19841 32 17
v 19843 30 16
v 19847 57 33
v 19848 10 5
v 19849 15 9
v 19850 9 6
v 19857 16 6
v 19867 14 9
v 20047 23 14
v 20048 28 14
v 20049 12 6
v 20050 5 5
v 20051 22 8
v 20052 59 34
v 20053 126 71
v 20054 149 77
v 20055 97 40
v 20056 44 21
v 20057 5 3
v 20058 34 17
v 20059 36 21
v 20060 9 5
v 20061 55 26
v 20062 11 7
v 20063 8 4
v 20064 72 44
v 20065 41 26
v 20066 49 25
v 20067 23 14
v 20068 80 36
v 20069 68 44
v 20070 14 9
v 20071 6 3
v 20072 32 15
v 20073 78 34
v 20074 90 45
v 20075 69 42
v 20076 117 62
v 20077 38 19
v 20078 37 19
v 20079 29 12
v 20080 80 49
v 20081 20 9
v 20082 16 6
v 20087 106 53
v 20088 64 30
v 20089 79 43
v 20091 161 85
v 20094 50 26
v 20096 121 72
v 20097 39 19
v 20099 59 32
v 20103 126 61
v 20104 17 9
v 20105 31 17
v 20106 11 9
v 20113 34 17
v 20123 27 14
v 20304 43 21
v 20305 21 11
v 20306 10 2
v 20307 33 14
v 20308 88 46
v 20309 163 72
v 20310 204 87
v 20311 178 85
v 20312 35 12
v 20313 15 7
v 20314 64 22
v 20315 25 13
v 20316 18 6
v 20317 64 27
v 20318 32 18
v 20319 15 7
v 20320 116 59
v 20321 76 40
v 20322 66 26
v 20323 29 15
v 20324 120 52
v 20325 110 61
v 20326 24 10
v 20327 12 6
v 20328 59 31
v 20329 110 51
v 20330 100 40
v 20331 70 29
v 20332 136 75
v 20333 63 45
v 20334 59 24
v 20335 46 25
v 20336 154 66
v 20337 29 16
v 20338 16 6
v 20343 120 62
v 20344 94 39
v 20345 127 65
v 20347 201 110
v 20350 66 41
v 20352 153 76
v 20353 50 25
v 20355 142 67
v 20359 180 77
v 20360 24 7
v 20361 29 11
v 20362 23 10
v 20369 52 30
v 20379 29 9
v 20561 15 9
v 20562 5 3
v 20563 34 18
v 20564 99 54
v 20565 182 86
v 20566 196 83
v 20567 113 45
v 20568 26 9
v 20569 10 6
v 20570 55 26
v 20571 41 20
v 20572 11 4
v 20573 71 40
v 20574 17 11
v 20575 13 6
v 20576 98 49
v 20577 60 29
v 20578 68 28
v 20579 38 23
v 20580 98 41
v 20581 90 53
v 20582 11 7
v 20583 9 5
v 20584 64 36
v 20585 115 52
v 20586 107 56
v 20587 66 36
v 20588 127 63
v 20589 70 34
v 20590 61 27
v 20591 38 18
v 20592 118 55
v 20593 25 14
v 20594 38 18
v 20599 136 59
v 20600 70 32
v 20601 106 54
v 20603 195 109
v 20606 58 35
v 20608 177 93
v 20609 38 23
v 20611 78 37
v 20615 168 76
v 20616 21 11
v 20617 28 11
v 20618 25 19
v 20625 47 31
v 20635 24 8
v 20818 6 1
v 20819 15 7
v 20820 48 21
v 20821 99 42
v 20822 92 40
v 20823 55 23
v 20824 22 11
v 20825 5 4
v 20826 21 12
v 20827 24 12
v 20828 8 4
v 20829 19 7
v 20830 16 5
v 20831 8 5
v 20832 54 28
v 20833 28 12
v 20834 42 17
v 20835 15 6
v 20836 58 27
v 20837 49 22
v 20838 13 6
v 20839 7 2
v 20840 46 22
v 20841 50 26
v 20842 52 27
v 20843 39 15
v 20844 52 21
v 20845 28 12
v 20846 25 9
v 20847 29 12
v 20848 44 23
v 20849 19 9
v 20850 10 8
v 20855 49 23
v 20856 28 9
v 20857 56 24
v 20859 101 49
v 20862 21 12
v 20864 78 30
v 20865 18 3
v 20867 53 19
v 20871 94 36
v 20872 8 7
v 20873 23 6
v 20874 10 7
v 20881 18 6
v 20891 13 7
v 21075 14 6
v 21076 24 12
v 21077 62 39
v 21078 50 29
v 21079 29 15
v 21080 6 4
v 21082 19 11
v 21083 13 7
v 21084 4 2
v 21085 16 8
v 21086 11 4
v 21087 9 7
v 21088 22 11
v 21089 14 3
v 21090 16 9
v 21091 10 5
v 21092 20 11
v 21093 19 10
v 21094 9 4
v 21095 7 1
v 21096 22 12
v 21097 24 9
v 21098 37 18
v 21099 16 7
v 21100 25 12
v 21101 13 7
v 21102 16 7
v 21103 14 6
v 21104 26 16
v 21105 14 11
v 21106 7 2
v 21111 32 15
v 21112 15 6
v 21113 37 18
v 21115 62 33
v 21118 16 9
v 21120 43 24
v 21121 14 5
v 21123 24 10
v 21127 40 21
v 21128 8 3
v 21129 14 9
v 21130 4 2
v 21137 14 6
v 21147 7 3
v 21332 76 48
v 21333 171 83
v 21334 173 86
v 21335 77 43
v 21336 19 11
v 21337 1 0
v 21338 56 28
v 21339 37 20
v 21340 9 2
v 21341 70 38
v 21342 19 13
v 21343 11 5
v 21344 74 43
v 21345 59 29
v 21346 118 64
v 21347 26 13
v 21348 110 46
v 21349 54 29
v 21350 9 4
v 21351 1 1
v 21352 64 39
v 21353 102 42
v 21354 93 48
v 21355 57 32
v 21356 145 77
v 21357 57 24
v 21358 53 22
v 21359 31 18
v 21360 102 51
v 21361 23 13
v 21362 17 9
v 21367 72 35
v 21368 50 25
v 21369 91 49
v 21371 181 97
v 21374 39 15
v 21376 152 88
v 21377 43 24
v 21379 80 36
v 21383 139 62
v 21384 25 13
v 21385 27 11
v 21386 19 13
v 21393 31 19
v 21403 40 24
v 21589 549 245
v 21590 581 257
v 21591 310 161
v 21592 108 48
v 21593 24 10
v 21594 152 71
v 21595 107 47
v 21596 40 21
v 21597 182 84
v 21598 59 33
v 21599 52 25
v 21600 223 108
v 21601 199 94
v 21602 261 130
v 21603 110 65
v 21604 312 159
v 21605 237 120
v 21606 61 31
v 21607 17 4
v 21608 230 108
v 21609 270 123
v 21610 267 117
v 21611 182 88
v 21612 357 172
v 21613 183 87
v 21614 172 80
v 21615 158 71
v 21616 273 134
v 21617 91 51
v 21618 67 34
v 21623 254 121
v 21624 153 72
v 21625 275 113
v 21627 510 271
v 21630 122 61
v 21632 419 202
v 21633 136 74
v 21635 226 110
v 21639 426 191
v 21640 64 27
v 21641 83 43
v 21642 44 20
v 21649 107 61
v 21659 63 21
v 21846 1013 457
v 21847 524 240
v 21848 138 66
v 21849 41 21
v 21850 253 116
v 21851 182 77
v 21852 62 32
v 21853 341 149
v 21854 155 68
v 21855 106 58
v 21856 509 288
v 21857 326 159
v 21858 530 276
v 21859 151 85
v 21860 512 253
v 21861 393 225
v 21862 77 48
v 21863 39 22
v 21864 277 152
v 21865 537 255
v 21866 514 245
v 21867 339 138
v 21868 737 385
v 21869 318 163
v 21870 338 157
v 21871 188 100
v 21872 545 238
v 21873 166 83
v 21874 118 59
v 21879 485 241
v 21880 326 172
v 21881 509 254
v 21883 998 515
v 21886 223 120
v 21888 1567 824
v 21889 222 112
v 21891 457 209
v 21895 878 414
v 21896 147 75
v 21897 186 96
v 21898 147 79
v 21905 212 98
v 21915 113 46
v 22103 647 320
v 22104 240 107
v 22105 43 25
v 22106 315 147
v 22107 188 85
v 22108 61 32
v 22109 350 167
v 22110 139 83
v 22111 88 40
v 22112 504 276
v 22113 400 220
v 22114 318 179
v 22115 175 95
v 22116 606 314
v 22117 409 217
v 22118 76 49
v 22119 41 20
v 22120 344 166
v 22121 619 329
v 22122 639 298
v 22123 345 153
v 22124 772 491
v 22125 364 207
v 22126 384 195
v 22127 220 103
v 22128 579 267
v 22129 132 74
v 22130 132 74
v 22135 612 302
v 22136 391 217
v 22137 600 292
v 22139 1134 612
v 22142 296 150
v 22144 999 535
v 22145 276 143
v 22147 498 243
v 22151 834 400
v 22152 127 62
v 22153 171 82
v 22154 125 65
v 22161 211 102
v 22171 144 65
v 22360 103 47
v 22361 31 14
v 22362 145 58
v 22363 135 58
v 22364 31 13
v 22365 129 70
v 22366 105 65
v 22367 45 20
v 22368 297 174
v 22369 175 89
v 22370 153 78
v 22371 95 63
v 22372 364 179
v 22373 214 115
v 22374 33 21
v 22375 23 12
v 22376 156 78
v 22377 246 119
v 22378 325 161
v 22379 262 109
v 22380 416 224
v 22381 200 104
v 22382 174 90
v 22383 143 72
v 22384 302 128
v 22385 83 37
v 22386 85 36
v 22391 342 167
v 22392 253 132
v 22393 305 150
v 22395 595 309
v 22398 189 93
v 22400 471 253
v 22401 165 83
v 22403 280 142
v 22407 493 231
v 22408 72 32
v 22409 95 53
v 22410 55 28
v 22417 116 56
v 22427 82 39
v 22617 10 4
v 22618 81 37
v 22619 26 13
v 22620 15 8
v 22621 73 42
v 22622 20 11
v 22623 26 15
v 22624 98 53
v 22625 74 43
v 22626 66 39
v 22627 37 26
v 22628 128 66
v 22629 86 50
v 22630 21 11
v 22631 1 0
v 22632 59 27
v 22633 128 65
v 22634 109 54
v 22635 77 39
v 22636 110 64
v 22637 61 41
v 22638 67 34
v 22639 65 30
v 22640 98 36
v 22641 25 17
v 22642 29 15
v 22647 139 80
v 22648 85 41
v 22649 95 51
v 22651 207 111
v 22654 56 30
v 22656 215 127
v 22657 50 32
v 22659 75 34
v 22663 332 164
v 22664 24 10
v 22665 42 29
v 22666 22 10
v 22673 45 23
v 22683 40 21
v 22874 9 3
v 22875 5 3
v 22876 3 1
v 22877 18 8
v 22878 6 1
v 22879 3 2
v 22880 18 11
v 22881 11 5
v 22882 9 3
v 22883 11 7
v 22884 20 13
v 22885 24 12
v 22886 2 0
v 22887 1 0
v 22888 7 5
v 22889 23 9
v 22890 19 8
v 22891 14 7
v 22892 14 6
v 22893 13 6
v 22894 10 4
v 22895 8 1
v 22896 17 6
v 22897 8 3
v 22898 6 1
v 22903 28 17
v 22904 12 8
v 22905 14 5
v 22907 28 19
v 22910 5 4
v 22912 30 15
v 22913 10 4
v 22915 13 6
v 22919 27 11
v 22920 4 3
v 22921 4 2
v 22922 8 4
v 22929 16 10
v 22939 4 4
v 23131 54 27
v 23132 21 10
v 23133 104 54
v 23134 46 27
v 23135 16 10
v 23136 157 85
v 23137 102 45
v 23138 86 45
v 23139 51 35
v 23140 154 80
v 23141 114 54
v 23142 24 17
v 23143 10 4
v 23144 90 48
v 23145 183 97
v 23146 168 81
v 23147 97 49
v 23148 198 96
v 23149 76 47
v 23150 72 37
v 23151 68 24
v 23152 172 76
v 23153 49 24
v 23154 25 12
v 23159 168 87
v 23160 99 58
v 23161 166 94
v 23163 319 168
v 23166 104 64
v 23168 252 147
v 23169 68 34
v 23171 124 72
v 23175 224 125
v 23176 32 14
v 23177 57 28
v 23178 30 18
v 23185 66 33
v 23195 48 20
v 23388 17 8
v 23389 54 26
v 23390 27 15
v 23391 23 14
v 23392 99 52
v 23393 82 51
v 23394 63 33
v 23395 32 18
v 23396 95 48
v 23397 97 52
v 23398 16 12
v 23399 7 3
v 23400 62 37
v 23401 141 63
v 23402 141 74
v 23403 71 35
v 23404 141 79
v 23405 70 34
v 23406 66 41
v 23407 54 29
v 23408 120 60
v 23409 30 17
v 23410 17 9
v 23415 100 55
v 23416 51 26
v 23417 143 77
v 23419 172 98
v 23422 56 32
v 23424 165 91
v 23425 41 24
v 23427 75 37
v 23431 188 102
v 23432 39 18
v 23433 52 24
v 23434 29 14
v 23441 48 25
v 23451 30 15
v 23645 27 14
v 23646 9 4
v 23647 9 1
v 23648 31 16
v 23649 32 23
v 23650 19 10
v 23651 9 5
v 23652 27 12
v 23653 30 18
v 23654 4 3
v 23655 4 2
v 23656 24 13
v 23657 36 22
v 23658 33 16
v 23659 20 9
v 23660 39 27
v 23661 19 7
v 23662 9 4
v 23663 13 8
v 23664 38 18
v 23665 8 6
v 23666 3 2
v 23671 32 20
v 23672 29 13
v 23673 46 24
v 23675 71 41
v 23678 11 6
v 23680 50 20
v 23681 14 4
v 23683 26 11
v 23687 62 40
v 23688 11 3
v 23689 10 4
v 23690 6 3
v 23697 12 8
v 23707 6 2
v 23902 49 25
v 23903 24 9
v 23904 180 100
v 23905 122 72
v 23906 129 74
v 23907 100 73
v 23908 155 79
v 23909 131 77
v 23910 41 24
v 23911 13 6
v 23912 109 41
v 23913 158 60
v 23914 485 271
v 23915 136 71
v 23916 256 164
v 23917 99 45
v 23918 110 53
v 23919 98 54
v 23920 224 103
v 23921 45 28
v 23922 54 27
v 23927 200 100
v 23928 107 61
v 23929 147 68
v 23931 327 195
v 23934 102 61
v 23936 267 141
v 23937 80 39
v 23939 177 84
v 23943 249 108
v 23944 36 16
v 23945 73 32
v 23946 55 27
v 23953 61 35
v 23963 48 22
v 24159 7 4
v 24160 54 17
v 24161 48 18
v 24162 42 25
v 24163 24 18
v 24164 65 27
v 24165 78 47
v 24166 11 4
v 24167 3 1
v 24168 55 32
v 24169 87 36
v 24170 94 48
v 24171 54 21
v 24172 88 35
v 24173 41 15
v 24174 62 29
v 24175 41 19
v 24176 79 39
v 24177 18 7
v 24178 27 12
v 24183 80 30
v 24184 52 21
v 24185 78 31
v 24187 156 75
v 24190 29 12
v 24192 133 54
v 24193 28 10
v 24195 71 32
v 24199 142 64
v 24200 20 5
v 24201 24 8
v 24202 18 9
v 24209 27 13
v 24219 20 5
v 24416 29 19
v 24417 37 16
v 24418 24 13
v 24419 15 8
v 24420 39 22
v 24421 37 17
v 24422 8 4
v 24423 3 2
v 24424 35 21
v 24425 36 14
v 24426 50 24
v 24427 35 18
v 24428 47 19
v 24429 21 13
v 24430 19 5
v 24431 21 14
v 24432 36 20
v 24433 13 6
v 24434 9 4
v 24439 40 23
v 24440 22 12
v 24441 31 21
v 24443 83 39
v 24446 28 14
v 24448 79 43
v 24449 21 10
v 24451 33 17
v 24455 80 44
v 24456 16 9
v 24457 15 8
v 24458 10 6
v 24465 13 7
v 24475 6 2
v 24673 175 76
v 24674 226 113
v 24675 76 39
v 24676 299 154
v 24677 210 123
v 24678 39 21
v 24679 7 3
v 24680 150 81
v 24681 286 144
v 24682 333 158
v 24683 202 90
v 24684 400 189
v 24685 154 73
v 24686 173 76
v 24687 104 42
v 24688 271 121
v 24689 55 26
v 24690 73 29
v 24695 332 146
v 24696 170 89
v 24697 318 155
v 24699 521 270
v 24702 152 75
v 24704 476 244
v 24705 130 66
v 24707 251 102
v 24711 460 223
v 24712 67 22
v 24713 110 52
v 24714 60 30
v 24721 140 62
v 24731 64 31
v 24930 105 52
v 24931 65 36
v 24932 196 97
v 24933 156 83
v 24934 33 14
v 24935 13 5
v 24936 132 65
v 24937 218 101
v 24938 220 101
v 24939 129 63
v 24940 219 121
v 24941 99 53
v 24942 109 50
v 24943 98 48
v 24944 181 68
v 24945 48 25
v 24946 48 20
v 24951 152 61
v 24952 119 52
v 24953 235 99
v 24955 345 179
v 24958 115 48
v 24960 303 150
v 24961 110 49
v 24963 186 88
v 24967 377 168
v 24968 53 24
v 24969 63 27
v 24970 38 25
v 24977 88 41
v 24987 28 10
v 25187 79 45
v 25188 252 117
v 25189 104 43
v 25190 29 14
v 25191 9 6
v 25192 87 41
v 25193 181 77
v 25194 194 85
v 25195 177 77
v 25196 330 164
v 25197 102 50
v 25198 102 47
v 25199 75 35
v 25200 197 92
v 25201 48 24
v 25202 55 30
v 25207 221 97
v 25208 116 54
v 25209 145 60
v 25211 387 202
v 25214 103 45
v 25216 334 178
v 25217 71 37
v 25219 177 102
v 25223 301 147
v 25224 42 20
v 25225 84 41
v 25226 65 33
v 25233 82 41
v 25243 74 32
v 25444 70 28
v 25445 74 38
v 25446 16 5
v 25447 6 1
v 25448 97 36
v 25449 91 42
v 25450 87 30
v 25451 37 16
v 25452 133 62
v 25453 39 18
v 25454 44 10
v 25455 40 16
v 25456 79 28
v 25457 32 12
v 25458 12 5
v 25463 79 24
v 25464 39 12
v 25465 98 44
v 25467 164 78
v 25470 37 17
v 25472 145 68
v 25473 39 20
v 25475 67 29
v 25479 144 66
v 25480 19 8
v 25481 45 18
v 25482 23 9
v 25489 40 19
v 25499 29 4
v 25701 245 128
v 25702 42 18
v 25703 16 6
v 25704 114 65
v 25705 326 161
v 25706 347 158
v 25707 210 103
v 25708 379 204
v 25709 214 100
v 25710 188 81
v 25711 129 72
v 25712 292 136
v 25713 68 44
v 25714 87 46
v 25719 333 174
v 25720 221 108
v 25721 309 158
v 25723 509 267
v 25726 173 105
v 25728 500 258
v 25729 150 80
v 25731 257 125
v 25735 470 224
v 25736 80 41
v 25737 83 43
v 25738 67 32
v 25745 109 57
v 25755 81 38
v 25958 42 18
v 25959 21 8
v 25960 150 68
v 25961 232 108
v 25962 204 81
v 25963 157 63
v 25964 285 139
v 25965 125 54
v 25966 132 50
v 25967 105 44
v 25968 228 89
v 25969 81 30
v 25970 65 28
v 25975 240 116
v 25976 156 71
v 25977 260 107
v 25979 422 205
v 25982 87 41
v 25984 346 178
v 25985 115 57
v 25987 180 80
v 25991 368 163
v 25992 54 25
v 25993 84 52
v 25994 36 19
v 26001 66 30
v 26011 50 21
v 26215 1 0
v 26216 31 18
v 26217 56 26
v 26218 51 26
v 26219 42 21
v 26220 73 35
v 26221 28 15
v 26222 44 18
v 26223 20 12
v 26224 41 18
v 26225 15 7
v 26226 11 4
v 26231 49 20
v 26232 30 15
v 26233 43 20
v 26235 80 40
v 26238 15 9
v 26240 57 31
v 26241 23 9
v 26243 26 12
v 26247 69 37
v 26248 8 5
v 26249 19 10
v 26250 15 5
v 26257 14 7
v 26267 9 5
v 26472 14 6
v 26473 14 9
v 26474 16 7
v 26475 13 8
v 26476 22 12
v 26477 6 2
v 26478 15 7
v 26479 8 7
v 26480 15 9
v 26481 6 4
v 26482 2 2
v 26487 14 7
v 26488 7 3
v 26489 20 9
v 26491 25 16
v 26494 8 4
v 26496 29 16
v 26497 10 5
v 26499 21 13
v 26503 26 14
v 26504 6 3
v 26505 8 7
v 26506 6 2
v 26513 5 4
v 26523 7 3
v 26729 157 72
v 26730 140 65
v 26731 95 40
v 26732 220 111
v 26733 83 44
v 26734 130 62
v 26735 58 21
v 26736 102 47
v 26737 53 31
v 26738 51 27
v 26743 145 73
v 26744 85 48
v 26745 175 73
v 26747 314 150
v 26750 64 36
v 26752 243 127
v 26753 67 30
v 26755 102 38
v 26759 268 110
v 26760 38 13
v 26761 60 33
v 26762 41 21
v 26769 52 20
v 26779 25 13
v 26986 307 152
v 26987 215 104
v 26988 381 206
v 26989 170 92
v 26990 169 81
v 26991 177 78
v 26992 328 161
v 26993 71 44
v 26994 54 29
v 26999 342 177
v 27000 252 143
v 27001 324 171
v 27003 607 335
v 27006 164 91
v 27008 496 256
v 27009 106 51
v 27011 289 149
v 27015 491 262
v 27016 84 40
v 27017 116 50
v 27018 53 24
v 27025 126 63
v 27035 85 40
v 27243 302 154
v 27244 365 193
v 27245 213 116
v 27246 166 88
v 27247 120 55
v 27248 355 182
v 27249 66 36
v 27250 141 70
v 27255 372 175
v 27256 255 142
v 27257 292 154
v 27259 628 362
v 27262 168 98
v 27264 517 279
v 27265 147 77
v 27267 292 139
v 27271 506 267
v 27272 79 41
v 27273 107 57
v 27274 67 32
v 27281 149 85
v 27291 104 50
v 27500 262 165
v 27501 107 59
v 27502 117 59
v 27503 83 49
v 27504 169 83
v 27505 52 30
v 27506 45 26
v 27511 273 145
v 27512 143 80
v 27513 227 119
v 27515 383 209
v 27518 94 50
v 27520 292 158
v 27521 87 49
v 27523 167 92
v 27527 299 158
v 27528 45 20
v 27529 65 30
v 27530 39 25
v 27537 108 54
v 27547 75 36
v 27757 185 96
v 27758 238 117
v 27759 155 78
v 27760 363 150
v 27761 106 55
v 27762 74 29
v 27767 369 189
v 27768 306 139
v 27769 377 165
v 27771 692 332
v 27774 174 90
v 27776 667 309
v 27777 170 89
v 27779 321 148
v 27783 766 362
v 27784 83 36
v 27785 109 51
v 27786 80 37
v 27793 141 63
v 27803 95 40
v 28014 88 37
v 28015 87 46
v 28016 128 59
v 28017 39 13
v 28018 48 24
v 28023 190 85
v 28024 152 73
v 28025 165 78
v 28027 368 190
v 28030 98 54
v 28032 255 123
v 28033 70 36
v 28035 163 80
v 28039 273 131
v 28040 45 21
v 28041 51 16
v 28042 72 38
v 28049 83 40
v 28059 54 23
v 28271 65 23
v 28272 173 85
v 28273 47 23
v 28274 33 19
v 28279 201 102
v 28280 106 48
v 28281 179 78
v 28283 340 189
v 28286 87 45
v 28288 489 257
v 28289 99 57
v 28291 142 82
v 28295 258 139
v 28296 58 26
v 28297 47 23
v 28298 58 33
v 28305 62 38
v 28315 43 22
v 28528 121 57
v 28529 41 22
v 28530 25 16
v 28535 130 63
v 28536 107 48
v 28537 157 77
v 28539 231 115
v 28542 73 43
v 28544 198 110
v 28545 45 26
v 28547 112 57
v 28551 192 87
v 28552 38 18
v 28553 37 18
v 28554 27 12
v 28561 64 35
v 28571 23 11
v 28785 83 49
v 28786 50 26
v 28791 355 189
v 28792 142 84
v 28793 303 165
v 28795 565 330
v 28798 144 81
v 28800 473 285
v 28801 120 67
v 28803 289 151
v 28807 459 256
v 28808 68 35
v 28809 102 57
v 28810 95 49
v 28817 118 68
v 28827 84 48
v 29042 17 8
v 29047 68 38
v 29048 46 19
v 29049 102 46
v 29051 137 67
v 29054 33 20
v 29056 139 68
v 29057 31 16
v 29059 70 29
v 29063 160 72
v 29064 25 7
v 29065 30 15
v 29066 16 8
v 29073 27 6
v 29083 15 5
v 29303 67 35
v 29304 48 33
v 29305 67 37
v 29307 130 73
v 29310 50 32
v 29312 129 61
v 29313 37 20
v 29315 64 25
v 29319 113 60
v 29320 22 15
v 29321 17 7
v 29322 17 12
v 29329 29 16
v 29339 14 6
v 30584 218 122
v 30585 324 167
v 30587 782 424
v 30590 172 94
v 30592 529 274
v 30593 158 82
v 30595 328 190
v 30599 545 276
v 30600 79 35
v 30601 96 39
v 30602 85 52
v 30609 156 81
v 30619 105 43
v 30841 178 74
v 30843 361 186
v 30846 89 51
v 30848 346 183
v 30849 108 58
v 30851 171 90
v 30855 293 131
v 30856 39 24
v 30857 86 34
v 30858 30 15
v 30865 72 36
v 30875 79 29
v 31099 641 321
v 31102 148 83
v 31104 526 266
v 31105 118 60
v 31107 301 140
v 31111 490 241
v 31112 71 32
v 31113 92 56
v 31114 64 32
v 31121 113 50
v 31131 60 26
v 31614 257 121
v 31616 885 461
v 31617 234 106
v 31619 541 244
v 31623 844 390
v 31624 134 46
v 31625 220 84
v 31626 118 55
v 31633 245 121
v 31643 137 49
v 32384 224 113
v 32385 91 44
v 32387 121 61
v 32391 218 100
v 32392 30 15
v 32393 59 31
v 32394 29 11
v 32401 50 27
v 32411 30 11
v 32897 211 101
v 32899 380 177
v 32903 722 326
v 32904 116 56
v 32905 173 77
v 32906 108 63
v 32913 206 98
v 32923 90 38
v 33155 116 53
v 33159 231 112
v 33160 37 13
v 33161 48 21
v 33162 30 18
v 33169 64 39
v 33179 37 11
v 33671 377 197
v 33672 54 27
v 33673 100 48
v 33674 73 38
v 33681 94 52
v 33691 72 28
v 34696 89 41
v 34697 156 75
v 34698 109 59
v 34705 206 110
v 34715 101 47
v 34953 32 15
v 34954 7 4
v 34961 29 17
v 34971 22 7
v 35210 31 18
v 35217 43 19
v 35227 24 14
v 35473 33 19
v 35483 17 3
v 37275 44 20
s 258 281 139
s 259 69 31
s 260 2 0
s 261 77 32
s 262 7 0
s 263 110 53
s 264 5 2
s 265 101 46
s 267 78 35
s 268 9 5
s 269 43 17
s 270 191 109
s 271 39 16
s 272 37 20
s 273 59 31
s 274 6 4
s 275 18 11
s 276 109 54
s 277 117 58
s 278 64 31
s 279 41 20
s 281 196 96
s 282 345 175
s 283 228 104
s 284 116 51
s 285 140 75
s 286 186 90
s 287 205 104
s 288 8 4
s 289 46 26
s 290 53 24
s 291 77 35
s 292 106 48
s 293 59 25
s 294 34 15
s 295 97 44
s 296 20 7
s 297 4 1
s 298 31 15
s 299 53 28
s 300 4 0
s 301 16 9
s 302 14 5
s 303 79 34
s 304 7 4
s 305 138 81
s 306 74 38
s 307 44 27
s 308 20 9
s 309 22 11
s 310 24 14
s 311 68 32
s 312 11 5
s 313 17 10
s 314 17 11
s 315 26 12
s 316 202 92
s 317 13 6
s 318 61 34
s 319 13 3
s 320 99 51
s 321 18 9
s 322 9 5
s 323 7 4
s 324 55 27
s 325 89 45
s 326 8 4
s 327 193 92
s 328 9 4
s 329 10 5
s 330 184 98
s 331 90 44
s 332 118 63
s 333 16 11
s 334 34 17
s 335 55 21
s 336 13 4
s 337 16 8
s 338 18 8
s 339 30 14
s 340 132 61
s 341 249 128
s 342 282 155
s 343 143 67
s 344 59 33
s 346 65 40
s 347 46 26
s 348 18 10
s 349 16 5
s 350 4 2
s 351 1 1
s 352 114 47
s 353 102 54
s 354 89 45
s 355 54 23
s 356 99 54
s 357 119 62
s 358 28 9
s 359 14 8
s 360 103 59
s 361 171 98
s 362 136 65
s 363 95 58
s 364 160 90
s 365 5 3
s 366 72 32
s 367 85 43
s 368 146 71
s 369 51 24
s 370 18 10
s 375 134 69
s 376 95 59
s 377 150 87
s 379 282 136
s 382 51 21
s 384 223 116
s 385 53 23
s 387 117 61
s 391 239 119
s 392 37 19
s 393 59 25
s 394 6 1
s 401 23 10
s 411 39 23
s 515 231 109
s 516 52 22
s 517 259 112
s 518 398 167
s 519 199 87
s 520 432 220
s 521 487 249
s 522 107 49
s 523 525 217
s 524 405 164
s 525 130 65
s 526 415 175
s 527 120 52
s 528 36 17
s 529 170 79
s 530 354 159
s 531 113 55
s 532 438 205
s 533 492 249
s 534 202 79
s 535 80 43
s 537 727 318
s 538 1094 454
s 539 647 272
s 540 51 24
s 541 11 6
s 542 702 308
s 543 683 305
s 544 59 26
s 545 43 18
s 546 170 75
s 547 338 137
s 548 374 156
s 549 172 67
s 550 28 11
s 551 322 136
s 552 71 35
s 553 193 79
s 554 135 62
s 555 125 65
s 556 231 102
s 557 44 21
s 558 241 104
s 559 240 111
s 560 475 237
s 561 252 137
s 562 323 148
s 563 134 53
s 564 85 39
s 565 173 76
s 566 936 464
s 567 30 14
s 568 129 51
s 569 27 16
s 570 42 18
s 571 64 30
s 572 32 17
s 573 40 14
s 574 167 90
s 575 94 50
s 576 357 172
s 577 27 13
s 578 11 5
s 579 368 164
s 580 181 76
s 581 33 21
s 582 389 177
s 583 419 178
s 584 43 18
s 585 44 22
s 586 688 342
s 587 357 155
s 588 451 234
s 589 10 5
s 590 18 9
s 591 158 73
s 592 137 64
s 593 35 11
s 594 38 18
s 595 119 59
s 596 386 155
s 597 712 341
s 598 774 371
s 599 486 243
s 600 140 63
s 601 38 19
s 602 205 103
s 603 137 66
s 604 30 13
s 605 286 140
s 606 146 69
s 607 97 52
s 608 21 7
s 609 103 32
s 610 78 32
s 611 11 2
s 612 316 143
s 613 485 221
s 614 66 31
s 615 22 11
s 616 19 6
s 617 446 223
s 618 389 192
s 619 237 132
s 620 18 6
s 621 287 119
s 622 274 129
s 623 236 120
s 624 396 191
s 625 146 73
s 626 89 32
s 631 431 215
s 632 210 92
s 633 449 204
s 635 831 390
s 638 212 88
s 640 749 344
s 641 7 3
s 643 342 165
s 647 46 21
s 648 93 46
s 649 43 20
s 650 109 53
s 657 176 70
s 667 37 17
s 772 23 15
s 773 34 18
s 774 84 30
s 775 81 40
s 776 100 53
s 777 173 94
s 778 26 14
s 779 203 100
s 780 118 56
s 781 47 25
s 782 118 58
s 783 55 27
s 784 41 24
s 785 63 29
s 786 134 83
s 787 73 40
s 788 70 35
s 789 129 70
s 790 33 16
s 791 35 17
s 793 214 98
s 794 122 50
s 795 55 19
s 796 144 75
s 797 109 46
s 798 71 25
s 799 60 31
s 800 15 4
s 801 43 20
s 802 56 25
s 803 56 23
s 804 135 71
s 805 19 9
s 806 45 19
s 807 73 28
s 808 8 2
s 809 53 22
s 810 66 29
s 811 48 23
s 812 61 30
s 813 9 2
s 814 61 30
s 815 56 27
s 816 160 74
s 817 152 79
s 818 28 16
s 819 16 9
s 820 18 6
s 821 54 30
s 822 320 158
s 823 98 61
s 824 43 19
s 825 10 6
s 826 8 1
s 827 16 7
s 828 177 82
s 829 14 9
s 830 64 38
s 831 25 14
s 832 33 21
s 833 20 11
s 834 4 2
s 835 93 45
s 836 16 9
s 837 126 55
s 838 103 56
s 839 103 59
s 840 11 4
s 841 10 4
s 842 193 107
s 843 47 22
s 844 114 62
s 845 24 11
s 846 53 25
s 847 26 11
s 848 53 33
s 849 23 10
s 850 11 5
s 851 13 8
s 852 52 25
s 853 140 58
s 854 186 109
s 855 45 23
s 856 32 22
s 857 14 8
s 858 84 52
s 859 50 29
s 860 15 5
s 861 59 37
s 862 28 17
s 863 15 10
s 864 136 60
s 865 70 38
s 866 113 67
s 867 40 21
s 868 54 32
s 869 55 21
s 870 14 5
s 871 9 5
s 872 66 30
s 873 96 56
s 874 180 90
s 875 101 58
s 876 166 88
s 877 102 48
s 878 42 31
s 879 25 11
s 880 59 30
s 881 41 17
s 882 20 11
s 887 136 70
s 888 110 57
s 889 115 62
s 891 178 73
s 894 65 28
s 896 152 75
s 897 43 25
s 899 72 33
s 903 209 117
s 904 22 16
s 905 58 26
s 906 51 21
s 913 61 30
s 923 49 32
s 1029 22 9
s 1030 6 3
s 1031 20 11
s 1032 11 4
s 1033 41 20
s 1034 1 0
s 1035 25 13
s 1036 8 5
s 1037 10 7
s 1038 67 35
s 1039 14 5
s 1040 9 6
s 1041 16 8
s 1042 7 3
s 1043 10 4
s 1044 32 19
s 1045 23 15
s 1046 25 10
s 1047 10 5
s 1049 49 17
s 1050 70 27
s 1051 60 26
s 1052 30 17
s 1053 43 24
s 1054 56 33
s 1055 66 35
s 1056 5 3
s 1057 12 10
s 1058 13 6
s 1059 23 13
s 1060 36 21
s 1061 20 8
s 1062 8 3
s 1063 22 12
s 1064 7 5
s 1065 4 3
s 1066 18 11
s 1067 14 8
s 1068 5 2
s 1069 5 3
s 1070 4 3
s 1071 17 8
s 1072 10 7
s 1073 34 18
s 1074 24 10
s 1075 17 6
s 1076 6 3
s 1077 10 5
s 1078 14 4
s 1079 27 18
s 1080 9 4
s 1081 11 6
s 1082 3 0
s 1083 5 2
s 1084 38 18
s 1085 1 1
s 1086 15 9
s 1087 13 6
s 1088 38 19
s 1089 2 0
s 1090 3 2
s 1091 10 3
s 1092 22 14
s 1093 21 14
s 1094 6 3
s 1095 49 29
s 1096 4 3
s 1097 3 2
s 1098 58 33
s 1099 30 14
s 1100 41 23
s 1101 7 3
s 1102 9 4
s 1103 10 5
s 1104 5 3
s 1105 3 0
s 1106 4 4
s 1107 13 9
s 1108 43 20
s 1109 44 22
s 1110 63 35
s 1111 38 18
s 1112 14 8
s 1113 1 0
s 1114 16 6
s 1115 20 8
s 1116 5 3
s 1117 6 3
s 1118 2 2
s 1119 1 1
s 1120 31 14
s 1121 25 12
s 1122 28 12
s 1123 17 5
s 1124 24 10
s 1125 24 12
s 1126 11 7
s 1127 2 1
s 1128 27 14
s 1129 42 26
s 1130 38 17
s 1131 23 11
s 1132 57 28
s 1133 3 1
s 1134 28 14
s 1135 32 16
s 1136 23 8
s 1137 11 7
s 1138 8 5
s 1143 37 18
s 1144 14 8
s 1145 45 22
s 1147 62 28
s 1150 16 10
s 1152 51 23
s 1153 21 7
s 1155 29 12
s 1159 54 29
s 1160 7 4
s 1161 14 6
s 1162 4 3
s 1169 7 4
s 1179 12 7
s 1286 99 41
s 1287 91 43
s 1288 188 110
s 1289 107 56
s 1290 23 11
s 1291 172 82
s 1292 100 48
s 1293 43 17
s 1294 192 106
s 1295 84 45
s 1296 35 15
s 1297 72 27
s 1298 118 55
s 1299 60 22
s 1300 94 54
s 1301 148 87
s 1302 61 33
s 1303 46 23
s 1305 236 116
s 1306 167 88
s 1307 76 26
s 1308 143 68
s 1309 136 54
s 1310 75 35
s 1311 82 31
s 1312 24 13
s 1313 48 27
s 1314 46 22
s 1315 107 58
s 1316 175 78
s 1317 20 8
s 1318 53 28
s 1319 106 49
s 1320 16 10
s 1321 70 32
s 1322 102 51
s 1323 55 28
s 1324 73 34
s 1325 14 4
s 1326 76 39
s 1327 91 42
s 1328 144 69
s 1329 126 73
s 1330 23 8
s 1331 40 16
s 1332 21 6
s 1333 71 29
s 1334 281 132
s 1335 71 41
s 1336 53 27
s 1337 11 7
s 1338 9 7
s 1339 31 14
s 1340 151 80
s 1341 14 11
s 1342 69 46
s 1343 33 16
s 1344 47 19
s 1345 11 8
s 1346 3 0
s 1347 109 56
s 1348 26 13
s 1349 104 52
s 1350 143 73
s 1351 155 78
s 1352 16 7
s 1353 17 10
s 1354 187 94
s 1355 65 33
s 1356 123 63
s 1357 13 6
s 1358 39 27
s 1359 25 13
s 1360 67 34
s 1361 39 23
s 1362 12 5
s 1363 12 7
s 1364 84 36
s 1365 150 71
s 1366 193 98
s 1367 45 21
s 1368 43 23
s 1369 7 3
s 1370 53 27
s 1371 37 19
s 1372 19 9
s 1373 110 50
s 1374 39 15
s 1375 32 16
s 1376 143 78
s 1377 99 46
s 1378 89 49
s 1379 64 26
s 1380 72 34
s 1381 96 53
s 1382 25 11
s 1383 7 1
s 1384 98 40
s 1385 88 39
s 1386 123 58
s 1387 86 49
s 1388 176 78
s 1389 69 32
s 1390 70 38
s 1391 21 12
s 1392 22 12
s 1393 43 21
s 1394 42 23
s 1399 68 30
s 1400 77 37
s 1401 53 25
s 1403 153 79
s 1406 55 30
s 1408 145 72
s 1409 74 39
s 1411 55 25
s 1415 210 117
s 1416 45 23
s 1417 45 22
s 1418 33 16
s 1425 53 23
s 1435 20 12
s 1543 168 71
s 1544 2 1
s 1545 174 79
s 1546 1 0
s 1547 93 38
s 1548 4 3
s 1549 66 23
s 1550 357 180
s 1551 69 28
s 1552 48 14
s 1553 92 40
s 1554 5 3
s 1555 45 14
s 1556 204 91
s 1557 174 69
s 1558 85 37
s 1559 72 34
s 1561 309 124
s 1562 473 198
s 1563 286 112
s 1564 206 97
s 1565 179 82
s 1566 260 104
s 1567 299 140
s 1568 15 6
s 1569 46 21
s 1570 57 32
s 1571 114 51
s 1572 175 67
s 1573 56 16
s 1574 55 27
s 1575 143 49
s 1576 27 5
s 1577 2 0
s 1578 71 33
s 1579 77 38
s 1580 1 0
s 1581 31 11
s 1582 25 10
s 1583 111 54
s 1584 3 1
s 1585 185 90
s 1586 91 36
s 1587 91 38
s 1588 33 18
s 1589 41 13
s 1590 12 6
s 1591 115 60
s 1592 23 13
s 1593 19 9
s 1594 21 8
s 1595 30 8
s 1596 330 136
s 1597 9 2
s 1598 76 46
s 1599 20 7
s 1600 175 80
s 1601 16 8
s 1602 3 0
s 1603 2 1
s 1604 67 35
s 1605 123 59
s 1606 7 5
s 1607 291 122
s 1608 11 4
s 1609 11 8
s 1610 266 130
s 1611 153 65
s 1612 179 93
s 1613 22 15
s 1614 50 25
s 1615 66 23
s 1616 9 4
s 1617 34 14
s 1618 19 7
s 1619 118 55
s 1620 270 120
s 1621 546 255
s 1622 362 174
s 1623 210 94
s 1624 51 20
s 1625 1 0
s 1626 100 43
s 1627 63 32
s 1628 27 11
s 1629 37 18
s 1630 2 0
s 1631 6 2
s 1632 246 98
s 1633 160 63
s 1634 114 50
s 1635 77 23
s 1636 263 126
s 1637 161 61
s 1638 54 29
s 1639 14 6
s 1640 151 60
s 1641 200 85
s 1642 212 99
s 1643 135 76
s 1644 297 123
s 1645 1 0
s 1646 132 63
s 1647 91 44
s 1648 165 79
s 1649 56 27
s 1650 25 14
s 1655 189 89
s 1656 136 48
s 1657 176 84
s 1659 372 153
s 1662 87 33
s 1664 365 160
s 1665 99 38
s 1667 137 64
s 1671 338 165
s 1672 58 27
s 1673 67 26
s 1674 4 3
s 1681 22 12
s 1691 45 20
s 1800 187 92
s 1801 184 116
s 1802 51 27
s 1803 212 91
s 1804 184 98
s 1805 29 18
s 1806 227 111
s 1807 71 35
s 1808 19 9
s 1809 38 19
s 1810 160 78
s 1811 49 31
s 1812 201 98
s 1813 198 100
s 1814 66 33
s 1815 37 17
s 1817 147 77
s 1818 416 206
s 1819 254 115
s 1820 120 60
s 1821 126 64
s 1822 242 119
s 1823 257 122
s 1824 18 8
s 1825 39 22
s 1826 38 20
s 1827 77 35
s 1828 149 89
s 1829 80 37
s 1830 39 18
s 1831 57 22
s 1832 31 13
s 1833 68 34
s 1834 81 38
s 1835 44 16
s 1836 98 52
s 1837 38 22
s 1838 98 45
s 1839 79 38
s 1840 211 105
s 1841 103 53
s 1842 116 57
s 1843 60 33
s 1844 21 14
s 1845 81 40
s 1846 411 229
s 1847 120 61
s 1848 50 21
s 1849 17 8
s 1850 22 14
s 1851 34 12
s 1852 186 96
s 1853 11 7
s 1854 65 40
s 1855 32 15
s 1856 136 62
s 1857 16 9
s 1858 4 1
s 1859 141 80
s 1860 68 37
s 1861 118 58
s 1862 166 86
s 1863 178 94
s 1864 34 14
s 1865 13 6
s 1866 161 87
s 1867 136 66
s 1868 85 54
s 1869 20 14
s 1870 46 22
s 1871 73 40
s 1872 80 46
s 1873 31 18
s 1874 7 1
s 1875 47 26
s 1876 151 71
s 1877 310 164
s 1878 333 161
s 1879 183 85
s 1880 55 28
s 1881 12 4
s 1882 74 45
s 1883 55 28
s 1884 13 9
s 1885 123 70
s 1886 51 29
s 1887 25 12
s 1888 126 56
s 1889 88 41
s 1890 123 63
s 1891 66 19
s 1892 159 84
s 1893 121 58
s 1894 40 22
s 1895 7 4
s 1896 92 39
s 1897 200 105
s 1898 92 42
s 1899 56 29
s 1900 173 81
s 1901 133 64
s 1902 135 80
s 1903 95 47
s 1904 185 107
s 1905 23 11
s 1906 42 22
s 1911 176 101
s 1912 44 20
s 1913 153 68
s 1915 318 153
s 1918 37 15
s 1920 262 123
s 1921 55 28
s 1923 174 84
s 1927 247 135
s 1928 30 13
s 1929 56 26
s 1930 42 21
s 1937 52 26
s 1947 43 27
s 2057 267 158
s 2058 5 2
s 2059 103 43
s 2060 5 1
s 2061 80 42
s 2062 349 192
s 2063 125 65
s 2064 62 23
s 2065 103 57
s 2066 3 0
s 2067 51 26
s 2068 216 108
s 2069 239 127
s 2070 123 68
s 2071 77 49
s 2073 393 210
s 2074 689 349
s 2075 404 205
s 2076 243 122
s 2077 254 137
s 2078 414 204
s 2079 484 273
s 2080 18 10
s 2081 59 36
s 2082 95 58
s 2083 142 69
s 2084 231 116
s 2085 99 50
s 2086 64 33
s 2087 158 82
s 2088 51 23
s 2089 4 0
s 2090 90 56
s 2091 115 54
s 2092 4 1
s 2093 42 25
s 2094 18 7
s 2095 155 77
s 2096 3 2
s 2097 288 161
s 2098 110 51
s 2099 71 36
s 2100 40 28
s 2101 44 21
s 2102 8 5
s 2103 164 93
s 2104 18 8
s 2105 26 14
s 2106 33 24
s 2107 51 23
s 2108 360 184
s 2109 25 14
s 2110 145 81
s 2111 31 18
s 2112 235 119
s 2113 21 13
s 2114 11 7
s 2115 4 2
s 2116 88 34
s 2117 186 104
s 2118 11 5
s 2119 364 199
s 2120 11 8
s 2121 20 9
s 2122 349 175
s 2123 193 88
s 2124 291 172
s 2125 23 12
s 2126 48 25
s 2127 99 51
s 2128 14 8
s 2129 47 21
s 2130 25 12
s 2131 59 25
s 2132 250 119
s 2133 424 232
s 2134 538 295
s 2135 329 193
s 2136 100 54
s 2137 1 1
s 2138 144 77
s 2139 41 22
s 2140 32 21
s 2141 38 24
s 2142 6 2
s 2144 247 137
s 2145 240 138
s 2146 160 77
s 2147 70 32
s 2148 176 90
s 2149 203 111
s 2150 33 12
s 2151 18 12
s 2152 185 97
s 2153 250 146
s 2154 298 175
s 2155 165 94
s 2156 344 184
s 2157 2 1
s 2158 177 105
s 2159 128 68
s 2160 253 147
s 2161 68 36
s 2162 23 11
s 2167 287 156
s 2168 160 89
s 2169 327 197
s 2171 473 252
s 2174 125 70
s 2176 401 211
s 2177 132 68
s 2179 207 119
s 2183 427 240
s 2184 57 34
s 2185 86 50
s 2186 8 7
s 2193 33 16
s 2203 39 18
s 2314 62 36
s 2315 313 158
s 2316 229 135
s 2317 109 50
s 2318 242 142
s 2319 122 61
s 2320 69 33
s 2321 157 85
s 2322 298 155
s 2323 201 110
s 2324 169 84
s 2325 329 193
s 2326 68 39
s 2327 122 62
s 2329 378 179
s 2330 350 174
s 2331 212 105
s 2332 308 185
s 2333 248 122
s 2334 192 101
s 2335 228 130
s 2336 36 22
s 2337 103 58
s 2338 81 41
s 2339 105 57
s 2340 303 166
s 2341 41 13
s 2342 92 47
s 2343 156 80
s 2344 24 12
s 2345 90 41
s 2346 117 60
s 2347 100 44
s 2348 98 45
s 2349 19 12
s 2350 136 60
s 2351 138 69
s 2352 344 184
s 2353 492 289
s 2354 94 52
s 2355 110 52
s 2356 52 28
s 2357 140 93
s 2358 651 344
s 2359 222 127
s 2360 83 29
s 2361 13 6
s 2362 27 16
s 2363 46 20
s 2364 375 196
s 2365 25 11
s 2366 117 83
s 2367 38 12
s 2368 117 58
s 2369 15 9
s 2370 8 2
s 2371 236 122
s 2372 41 26
s 2373 237 132
s 2374 198 108
s 2375 191 105
s 2376 37 22
s 2377 45 21
s 2378 322 166
s 2379 81 46
s 2380 333 193
s 2381 54 36
s 2382 89 54
s 2383 100 46
s 2384 127 71
s 2385 52 30
s 2386 19 11
s 2387 61 31
s 2388 166 76
s 2389 365 177
s 2390 279 150
s 2391 190 96
s 2392 69 37
s 2393 28 16
s 2394 111 64
s 2395 67 40
s 2396 31 18
s 2397 173 91
s 2398 76 40
s 2399 41 21
s 2400 390 202
s 2401 137 73
s 2402 224 118
s 2403 68 30
s 2404 249 148
s 2405 77 37
s 2406 27 13
s 2407 17 11
s 2408 137 72
s 2409 163 90
s 2410 478 266
s 2411 217 126
s 2412 423 209
s 2413 212 114
s 2414 93 54
s 2415 83 47
s 2416 198 108
s 2417 62 31
s 2418 59 28
s 2423 187 99
s 2424 280 144
s 2425 114 61
s 2427 327 165
s 2430 146 80
s 2432 257 126
s 2433 108 58
s 2435 134 82
s 2439 433 221
s 2440 52 24
s 2441 113 53
s 2442 68 33
s 2449 144 79
s 2459 100 57
s 2571 27 18
s 2572 3 2
s 2573 25 12
s 2574 76 43
s 2575 17 5
s 2576 19 11
s 2577 30 15
s 2578 1 1
s 2579 15 7
s 2580 44 19
s 2581 69 31
s 2582 22 9
s 2583 19 8
s 2585 100 46
s 2586 132 55
s 2587 81 35
s 2588 47 24
s 2589 68 33
s 2590 50 22
s 2591 51 34
s 2592 3 2
s 2593 23 12
s 2594 22 13
s 2595 17 5
s 2596 41 18
s 2597 16 6
s 2598 25 9
s 2599 54 29
s 2600 10 6
s 2601 3 2
s 2602 11 5
s 2603 16 8
s 2604 1 0
s 2605 5 3
s 2606 5 1
s 2607 30 11
s 2608 2 1
s 2609 54 31
s 2610 29 11
s 2611 31 15
s 2612 9 3
s 2613 9 2
s 2614 6 4
s 2615 71 36
s 2616 4 1
s 2617 9 4
s 2618 12 7
s 2619 14 6
s 2620 79 49
s 2621 4 1
s 2622 39 26
s 2623 7 4
s 2624 26 13
s 2625 7 7
s 2626 2 0
s 2627 2 1
s 2628 17 9
s 2629 52 23
s 2631 76 42
s 2632 3 2
s 2633 1 1
s 2634 93 50
s 2635 37 15
s 2636 47 27
s 2637 4 2
s 2638 18 9
s 2639 18 9
s 2640 3 1
s 2641 4 0
s 2642 6 3
s 2643 22 10
s 2644 65 26
s 2645 127 70
s 2646 137 65
s 2647 75 41
s 2648 23 13
s 2649 1 0
s 2650 34 12
s 2651 24 14
s 2652 7 3
s 2653 15 5
s 2654 1 1
s 2655 3 2
s 2656 64 30
s 2657 29 17
s 2658 46 23
s 2659 22 12
s 2660 107 53
s 2661 62 29
s 2662 12 5
s 2663 1 1
s 2664 29 12
s 2665 68 37
s 2666 65 37
s 2667 50 25
s 2668 91 41
s 2669 2 1
s 2670 34 19
s 2671 33 20
s 2672 60 26
s 2673 7 2
s 2674 9 5
s 2679 83 45
s 2680 44 23
s 2681 57 29
s 2683 126 54
s 2686 38 16
s 2688 110 48
s 2689 37 19
s 2691 70 39
s 2695 94 46
s 2696 14 5
s 2697 16 10
s 2698 3 0
s 2705 14 10
s 2715 20 13
s 2828 118 52
s 2829 95 48
s 2830 462 231
s 2831 98 39
s 2832 69 30
s 2833 122 58
s 2834 96 36
s 2835 97 50
s 2836 342 172
s 2837 249 128
s 2838 146 74
s 2839 103 48
s 2841 347 162
s 2842 757 301
s 2843 443 191
s 2844 519 264
s 2845 301 128
s 2846 318 144
s 2847 400 182
s 2848 20 11
s 2849 91 44
s 2850 85 30
s 2851 126 62
s 2852 211 89
s 2853 118 46
s 2854 85 43
s 2855 126 56
s 2856 43 22
s 2857 51 22
s 2858 81 36
s 2859 98 39
s 2860 78 30
s 2861 34 13
s 2862 71 36
s 2863 128 55
s 2864 123 48
s 2865 207 102
s 2866 128 52
s 2867 173 90
s 2868 38 16
s 2869 80 35
s 2870 252 129
s 2871 199 101
s 2872 34 15
s 2873 50 33
s 2874 33 14
s 2875 55 28
s 2876 384 177
s 2877 29 10
s 2878 163 96
s 2879 31 13
s 2880 220 103
s 2881 19 11
s 2882 6 3
s 2883 88 43
s 2884 81 40
s 2885 211 88
s 2886 104 52
s 2887 408 196
s 2888 20 9
s 2889 18 7
s 2890 359 175
s 2891 200 99
s 2892 197 90
s 2893 29 19
s 2894 71 33
s 2895 120 52
s 2896 37 17
s 2897 41 17
s 2898 27 15
s 2899 212 114
s 2900 423 198
s 2901 706 327
s 2902 635 304
s 2903 329 133
s 2904 94 45
s 2905 12 4
s 2906 149 75
s 2907 107 47
s 2908 25 11
s 2909 99 47
s 2910 42 18
s 2911 24 15
s 2912 385 183
s 2913 247 112
s 2914 200 90
s 2915 111 48
s 2916 556 279
s 2917 279 122
s 2918 55 24
s 2919 20 12
s 2920 180 84
s 2921 299 143
s 2922 289 142
s 2923 218 105
s 2924 500 229
s 2925 58 25
s 2926 180 80
s 2927 123 57
s 2928 313 161
s 2929 65 26
s 2930 47 26
s 2935 315 146
s 2936 196 88
s 2937 280 121
s 2939 614 277
s 2942 125 60
s 2944 514 216
s 2945 181 86
s 2947 279 112
s 2951 486 231
s 2952 79 38
s 2953 101 58
s 2954 38 16
s 2961 49 23
s 2971 83 47
s 3085 73 31
s 3086 264 131
s 3087 78 40
s 3088 49 30
s 3089 98 33
s 3090 4 4
s 3091 42 14
s 3092 153 73
s 3093 201 102
s 3094 81 34
s 3095 57 28
s 3097 279 136
s 3098 482 228
s 3099 247 101
s 3100 173 89
s 3101 186 98
s 3102 240 118
s 3103 275 147
s 3104 16 9
s 3105 69 40
s 3106 76 38
s 3107 87 36
s 3108 184 89
s 3109 77 32
s 3110 62 37
s 3111 143 61
s 3112 26 12
s 3113 2 1
s 3114 52 25
s 3115 62 30
s 3116 5 2
s 3117 26 13
s 3118 25 10
s 3119 117 63
s 3120 5 4
s 3121 244 141
s 3122 131 66
s 3123 68 39
s 3124 20 10
s 3125 39 19
s 3126 2 0
s 3127 143 78
s 3128 16 7
s 3129 17 6
s 3130 33 15
s 3131 43 20
s 3132 264 146
s 3133 8 2
s 3134 130 76
s 3135 18 12
s 3136 200 103
s 3137 28 15
s 3138 9 3
s 3140 82 40
s 3141 168 90
s 3142 7 2
s 3143 289 145
s 3144 8 5
s 3145 12 4
s 3146 297 149
s 3147 148 81
s 3148 174 93
s 3149 29 17
s 3150 60 28
s 3151 77 37
s 3152 19 7
s 3153 16 7
s 3154 12 1
s 3155 58 28
s 3156 163 68
s 3157 399 203
s 3158 419 215
s 3159 225 120
s 3160 72 34
s 3161 2 0
s 3162 119 67
s 3163 55 28
s 3164 26 15
s 3165 35 22
s 3166 4 1
s 3168 209 111
s 3169 139 76
s 3170 167 78
s 3171 64 30
s 3172 172 89
s 3173 182 74
s 3174 28 13
s 3175 5 2
s 3176 112 49
s 3177 246 136
s 3178 239 128
s 3179 142 80
s 3180 307 142
s 3181 4 3
s 3182 141 83
s 3183 102 56
s 3184 236 132
s 3185 55 28
s 3186 22 9
s 3191 249 139
s 3192 135 67
s 3193 261 139
s 3195 425 211
s 3198 115 59
s 3200 383 208
s 3201 84 46
s 3203 221 109
s 3207 325 161
s 3208 27 19
s 3209 94 45
s 3210 8 2
s 3217 39 19
s 3227 55 32
s 3342 83 42
s 3343 27 16
s 3344 14 7
s 3345 2 1
s 3346 78 40
s 3347 40 14
s 3348 67 37
s 3349 94 41
s 3350 29 17
s 3351 14 8
s 3353 18 10
s 3354 182 78
s 3355 92 37
s 3356 77 39
s 3357 87 35
s 3358 118 57
s 3359 133 61
s 3360 7 2
s 3361 31 17
s 3362 3 2
s 3363 20 7
s 3364 51 28
s 3365 25 10
s 3366 35 15
s 3367 3 2
s 3368 23 11
s 3369 26 10
s 3370 35 16
s 3371 9 8
s 3372 31 19
s 3373 11 7
s 3374 28 13
s 3375 15 5
s 3376 98 54
s 3377 35 17
s 3378 35 14
s 3379 49 28
s 3380 1 1
s 3381 34 20
s 3382 205 103
s 3383 79 42
s 3384 19 11
s 3385 8 5
s 3386 16 12
s 3387 4 2
s 3388 113 55
s 3389 9 5
s 3390 57 30
s 3391 13 6
s 3392 67 31
s 3393 6 2
s 3394 1 0
s 3395 61 36
s 3396 30 17
s 3397 80 35
s 3398 64 27
s 3399 104 59
s 3400 17 12
s 3401 12 7
s 3402 12 5
s 3403 61 32
s 3404 2 1
s 3405 14 9
s 3406 33 16
s 3407 44 24
s 3408 44 24
s 3409 9 4
s 3410 4 2
s 3411 29 16
s 3412 67 36
s 3413 152 68
s 3414 160 74
s 3415 107 47
s 3416 28 16
s 3417 7 3
s 3418 20 10
s 3419 20 9
s 3420 6 3
s 3421 52 24
s 3422 21 10
s 3423 10 4
s 3424 94 37
s 3425 34 11
s 3426 61 35
s 3427 12 5
s 3428 113 58
s 3429 53 18
s 3430 16 6
s 3431 9 6
s 3432 47 24
s 3433 85 46
s 3434 2 1
s 3435 24 9
s 3436 122 63
s 3437 59 20
s 3438 43 23
s 3439 45 25
s 3440 105 49
s 3441 3 1
s 3442 16 7
s 3447 118 58
s 3448 18 6
s 3449 87 43
s 3451 177 85
s 3454 1 0
s 3456 117 67
s 3457 30 17
s 3459 75 35
s 3463 150 73
s 3464 11 3
s 3465 20 9
s 3466 14 8
s 3473 34 23
s 3483 32 18
s 3599 187 83
s 3600 76 38
s 3601 147 71
s 3602 261 137
s 3603 125 64
s 3604 372 192
s 3605 437 245
s 3606 163 86
s 3607 112 70
s 3609 510 260
s 3610 765 373
s 3611 406 186
s 3612 218 125
s 3613 200 100
s 3614 410 202
s 3615 466 253
s 3616 50 18
s 3617 102 58
s 3618 115 69
s 3619 295 146
s 3620 342 177
s 3621 119 59
s 3622 62 29
s 3623 207 107
s 3624 79 40
s 3625 169 83
s 3626 178 101
s 3627 122 63
s 3628 177 95
s 3629 53 25
s 3630 200 93
s 3631 209 120
s 3632 359 178
s 3633 300 157
s 3634 136 76
s 3635 71 38
s 3636 59 31
s 3637 161 83
s 3638 659 349
s 3639 197 111
s 3640 90 53
s 3641 58 30
s 3642 43 20
s 3643 63 27
s 3644 332 159
s 3645 40 21
s 3646 87 49
s 3647 80 48
s 3648 280 153
s 3649 18 7
s 3650 18 9
s 3651 222 106
s 3652 132 65
s 3653 184 90
s 3654 358 174
s 3655 268 128
s 3656 47 20
s 3657 53 24
s 3658 527 282
s 3659 242 136
s 3660 311 172
s 3661 26 11
s 3662 60 33
s 3663 114 51
s 3664 127 76
s 3665 60 34
s 3666 40 26
s 3667 88 47
s 3668 298 148
s 3669 404 210
s 3670 547 297
s 3671 311 160
s 3672 101 53
s 3673 25 13
s 3674 152 85
s 3675 122 56
s 3676 40 18
s 3677 241 115
s 3678 125 66
s 3679 61 36
s 3680 204 96
s 3681 197 94
s 3682 149 59
s 3683 89 40
s 3684 218 125
s 3685 255 139
s 3686 56 28
s 3687 22 8
s 3688 193 102
s 3689 293 154
s 3690 260 136
s 3691 187 107
s 3692 318 160
s 3693 194 94
s 3694 195 105
s 3695 149 91
s 3696 265 154
s 3697 139 77
s 3698 85 44
s 3703 259 135
s 3704 150 83
s 3705 387 195
s 3707 466 230
s 3710 142 67
s 3712 524 280
s 3713 150 81
s 3715 215 118
s 3719 417 234
s 3720 72 42
s 3721 78 37
s 3722 122 55
s 3729 130 62
s 3739 58 34
s 3856 23 11
s 3857 49 23
s 3858 89 53
s 3859 52 26
s 3860 120 56
s 3861 154 71
s 3862 48 21
s 3863 38 17
s 3865 157 67
s 3866 296 127
s 3867 179 82
s 3868 65 35
s 3869 74 37
s 3870 171 87
s 3871 182 71
s 3872 17 6
s 3873 26 15
s 3874 35 16
s 3875 75 31
s 3876 89 55
s 3877 40 19
s 3878 22 11
s 3879 70 34
s 3880 14 8
s 3881 47 18
s 3882 54 31
s 3883 39 11
s 3884 35 14
s 3885 13 4
s 3886 29 13
s 3887 63 29
s 3888 67 33
s 3889 123 69
s 3890 47 18
s 3891 54 29
s 3892 18 10
s 3893 35 16
s 3894 162 73
s 3895 59 29
s 3896 23 13
s 3897 12 6
s 3898 11 7
s 3899 16 8
s 3900 107 51
s 3901 5 3
s 3902 61 30
s 3903 28 14
s 3904 119 57
s 3905 10 3
s 3906 3 1
s 3907 80 41
s 3908 39 19
s 3909 49 26
s 3910 71 33
s 3911 188 89
s 3912 11 5
s 3913 7 4
s 3914 120 59
s 3915 71 32
s 3916 88 49
s 3917 7 6
s 3918 16 8
s 3919 36 17
s 3920 28 14
s 3921 32 12
s 3922 4 1
s 3923 44 24
s 3924 151 69
s 3925 230 102
s 3926 231 124
s 3927 142 74
s 3928 53 30
s 3929 10 4
s 3930 46 21
s 3931 47 27
s 3932 9 2
s 3933 60 29
s 3934 23 15
s 3935 16 11
s 3936 105 39
s 3937 58 25
s 3938 49 21
s 3939 23 5
s 3940 145 72
s 3941 92 37
s 3942 24 13
s 3943 8 4
s 3944 47 18
s 3945 106 54
s 3946 99 50
s 3947 85 46
s 3948 115 55
s 3949 44 18
s 3950 74 37
s 3951 60 39
s 3952 84 37
s 3953 28 12
s 3954 22 10
s 3959 149 68
s 3960 53 27
s 3961 118 61
s 3963 225 107
s 3966 50 28
s 3968 161 75
s 3969 55 27
s 3971 82 42
s 3975 108 63
s 3976 37 19
s 3977 37 16
s 3978 19 10
s 3985 29 11
s 3995 17 5
s 4113 23 14
s 4114 68 28
s 4115 19 5
s 4116 79 33
s 4117 61 25
s 4118 29 13
s 4119 9 6
s 4121 69 33
s 4122 158 66
s 4123 91 36
s 4124 35 12
s 4125 33 17
s 4126 96 47
s 4127 92 41
s 4128 7 4
s 4129 24 14
s 4130 17 6
s 4131 22 9
s 4132 50 22
s 4133 27 14
s 4134 9 3
s 4135 32 10
s 4136 14 4
s 4137 31 16
s 4138 34 13
s 4139 16 7
s 4140 54 26
s 4141 7 5
s 4142 31 14
s 4143 27 15
s 4144 81 43
s 4145 50 19
s 4146 49 21
s 4147 26 6
s 4148 11 2
s 4149 17 5
s 4150 180 91
s 4151 33 16
s 4152 18 1
s 4153 4 2
s 4154 12 7
s 4155 5 1
s 4156 46 27
s 4157 3 1
s 4158 35 17
s 4159 14 7
s 4160 73 33
s 4161 7 4
s 4162 3 1
s 4163 49 26
s 4164 27 14
s 4165 35 12
s 4166 68 30
s 4167 76 29
s 4168 10 4
s 4169 5 4
s 4170 57 24
s 4171 50 18
s 4172 24 11
s 4173 6 3
s 4174 16 8
s 4175 27 8
s 4176 24 7
s 4177 12 6
s 4178 5 4
s 4179 20 10
s 4180 54 24
s 4181 126 67
s 4182 124 61
s 4183 65 31
s 4184 26 11
s 4185 7 5
s 4186 28 14
s 4187 23 8
s 4188 4 0
s 4189 24 12
s 4190 25 8
s 4191 11 5
s 4192 31 17
s 4193 37 13
s 4194 22 14
s 4195 14 10
s 4196 64 27
s 4197 54 21
s 4198 12 5
s 4199 5 2
s 4200 24 11
s 4201 78 27
s 4202 37 20
s 4203 28 15
s 4204 34 15
s 4205 45 17
s 4206 37 21
s 4207 35 13
s 4208 67 30
s 4209 10 7
s 4210 14 6
s 4215 73 35
s 4216 30 19
s 4217 78 34
s 4219 158 64
s 4222 13 3
s 4224 112 44
s 4225 22 7
s 4227 59 30
s 4231 44 16
s 4232 9 6
s 4233 16 12
s 4234 23 8
s 4241 21 6
s 4251 17 3
s 4370 111 58
s 4371 57 23
s 4372 106 48
s 4373 127 66
s 4374 32 12
s 4375 18 10
s 4377 14 8
s 4378 262 110
s 4379 145 64
s 4380 109 55
s 4381 102 52
s 4382 145 61
s 4383 181 94
s 4384 10 7
s 4385 45 20
s 4386 3 3
s 4387 16 5
s 4388 91 42
s 4389 40 18
s 4390 28 19
s 4391 2 2
s 4392 17 9
s 4393 62 28
s 4394 54 34
s 4395 19 10
s 4396 37 18
s 4397 9 4
s 4398 41 17
s 4399 17 9
s 4400 140 61
s 4401 68 38
s 4402 62 27
s 4403 47 21
s 4404 1 0
s 4405 54 28
s 4406 295 149
s 4407 96 45
s 4408 35 17
s 4409 8 3
s 4410 17 11
s 4411 3 1
s 4412 193 73
s 4413 6 3
s 4414 81 50
s 4415 16 8
s 4416 100 42
s 4417 7 2
s 4418 6 4
s 4419 82 40
s 4420 41 21
s 4421 105 48
s 4422 115 58
s 4423 167 81
s 4424 20 7
s 4425 11 4
s 4426 19 10
s 4427 91 51
s 4428 7 3
s 4429 25 15
s 4430 25 13
s 4431 45 26
s 4432 53 25
s 4433 17 5
s 4434 5 1
s 4435 39 17
s 4436 107 47
s 4437 230 99
s 4438 191 105
s 4439 151 87
s 4440 51 31
s 4441 10 5
s 4442 83 47
s 4443 34 19
s 4444 7 1
s 4445 68 30
s 4446 41 17
s 4447 17 4
s 4448 139 78
s 4449 57 22
s 4450 88 36
s 4451 38 17
s 4452 124 69
s 4453 113 47
s 4454 15 7
s 4455 4 2
s 4456 61 31
s 4457 140 63
s 4458 9 4
s 4459 38 14
s 4460 166 84
s 4461 92 39
s 4462 86 45
s 4463 51 27
s 4464 123 71
s 4465 5 2
s 4466 25 16
s 4471 153 76
s 4472 15 5
s 4473 138 67
s 4475 272 119
s 4478 7 1
s 4480 187 90
s 4481 53 28
s 4483 113 52
s 4487 202 98
s 4488 13 5
s 4489 34 20
s 4490 22 11
s 4497 60 25
s 4507 48 25
s 4627 43 26
s 4628 192 87
s 4629 253 148
s 4630 106 44
s 4631 79 41
s 4633 349 161
s 4634 498 236
s 4635 293 137
s 4636 210 105
s 4637 220 102
s 4638 285 139
s 4639 373 165
s 4640 19 9
s 4641 83 48
s 4642 86 43
s 4643 116 50
s 4644 218 112
s 4645 87 38
s 4646 65 34
s 4647 160 84
s 4648 25 11
s 4649 2 0
s 4650 46 20
s 4651 99 44
s 4652 1 0
s 4653 27 7
s 4654 13 4
s 4655 124 59
s 4656 3 3
s 4657 283 155
s 4658 128 64
s 4659 85 41
s 4660 32 19
s 4661 32 16
s 4662 7 3
s 4663 218 122
s 4664 19 7
s 4665 22 10
s 4666 35 20
s 4667 37 24
s 4668 303 151
s 4669 12 9
s 4670 169 108
s 4671 21 11
s 4672 190 87
s 4673 35 14
s 4674 8 1
s 4675 1 0
s 4676 67 33
s 4677 177 101
s 4678 7 3
s 4679 292 154
s 4680 12 7
s 4681 6 1
s 4682 328 180
s 4683 181 98
s 4684 275 152
s 4685 42 26
s 4686 82 46
s 4687 97 45
s 4688 9 7
s 4689 22 9
s 4690 12 7
s 4691 45 31
s 4692 218 122
s 4693 376 195
s 4694 499 260
s 4695 294 148
s 4696 102 56
s 4698 124 77
s 4699 71 46
s 4700 26 15
s 4701 50 28
s 4702 3 0
s 4703 2 0
s 4704 197 91
s 4705 214 97
s 4706 135 71
s 4707 76 34
s 4708 174 91
s 4709 195 94
s 4710 30 10
s 4711 6 4
s 4712 97 51
s 4713 290 154
s 4714 301 156
s 4715 177 114
s 4716 264 135
s 4717 3 3
s 4718 156 92
s 4719 125 62
s 4720 272 158
s 4721 58 29
s 4722 18 9
s 4727 330 188
s 4728 172 75
s 4729 239 136
s 4731 479 230
s 4734 109 59
s 4736 379 180
s 4737 106 56
s 4739 191 108
s 4743 413 223
s 4744 44 30
s 4745 61 33
s 4746 10 3
s 4753 24 15
s 4763 59 34
s 4884 85 41
s 4885 151 79
s 4886 36 15
s 4887 31 16
s 4889 181 88
s 4890 231 114
s 4891 106 55
s 4892 93 53
s 4893 93 44
s 4894 140 72
s 4895 157 80
s 4896 10 7
s 4897 54 34
s 4898 29 16
s 4899 45 28
s 4900 104 50
s 4901 51 27
s 4902 40 14
s 4903 51 21
s 4904 20 9
s 4905 18 5
s 4906 21 10
s 4907 44 17
s 4908 16 9
s 4909 16 9
s 4910 32 12
s 4911 67 36
s 4912 51 24
s 4913 112 59
s 4914 56 27
s 4915 61 28
s 4916 17 10
s 4917 38 20
s 4918 98 49
s 4919 123 64
s 4920 21 9
s 4921 15 8
s 4922 32 16
s 4923 23 13
s 4924 132 58
s 4925 9 3
s 4926 81 50
s 4927 22 12
s 4928 100 51
s 4929 17 8
s 4930 6 3
s 4931 46 23
s 4932 37 11
s 4933 107 55
s 4934 58 27
s 4935 129 70
s 4936 13 8
s 4937 8 4
s 4938 120 66
s 4939 79 44
s 4940 107 54
s 4941 35 21
s 4942 45 27
s 4943 45 18
s 4944 16 7
s 4945 17 7
s 4946 7 4
s 4947 27 13
s 4948 89 50
s 4949 200 98
s 4950 265 116
s 4951 137 69
s 4952 44 21
s 4953 4 2
s 4954 72 35
s 4955 60 35
s 4956 8 2
s 4957 49 21
s 4958 14 5
s 4959 11 7
s 4960 103 42
s 4961 79 43
s 4962 100 52
s 4963 28 11
s 4964 100 37
s 4965 71 39
s 4966 10 5
s 4967 7 3
s 4968 50 26
s 4969 135 65
s 4970 102 50
s 4971 71 41
s 4972 131 57
s 4973 44 17
s 4974 75 36
s 4975 64 32
s 4976 150 83
s 4977 28 19
s 4978 32 17
s 4983 191 98
s 4984 86 38
s 4985 100 49
s 4987 250 112
s 4990 54 28
s 4992 191 94
s 4993 57 27
s 4995 147 68
s 4999 217 114
s 5000 21 9
s 5001 34 19
s 5002 18 12
s 5009 28 13
s 5019 55 29
s 5141 276 123
s 5142 109 50
s 5143 82 41
s 5145 437 207
s 5146 431 197
s 5147 215 106
s 5148 316 143
s 5149 276 139
s 5150 258 117
s 5151 249 139
s 5152 27 12
s 5153 51 33
s 5154 95 48
s 5155 186 85
s 5156 251 133
s 5157 80 35
s 5158 65 30
s 5159 166 73
s 5160 31 20
s 5161 100 43
s 5162 157 78
s 5163 107 48
s 5164 109 58
s 5165 22 8
s 5166 138 67
s 5167 172 79
s 5168 242 130
s 5169 290 155
s 5170 92 48
s 5171 83 43
s 5172 35 19
s 5173 87 44
s 5174 552 290
s 5175 132 67
s 5176 73 37
s 5177 25 12
s 5178 23 13
s 5179 45 20
s 5180 403 194
s 5181 20 10
s 5182 103 58
s 5183 40 19
s 5184 166 81
s 5185 18 6
s 5186 7 5
s 5187 166 80
s 5188 93 42
s 5189 166 87
s 5190 241 112
s 5191 267 128
s 5192 30 14
s 5193 29 16
s 5194 394 194
s 5195 138 81
s 5196 296 158
s 5197 23 16
s 5198 64 26
s 5199 77 38
s 5200 73 36
s 5201 54 24
s 5202 25 12
s 5203 67 30
s 5204 218 105
s 5205 442 239
s 5206 396 201
s 5207 198 102
s 5208 83 45
s 5209 14 6
s 5210 123 73
s 5211 73 40
s 5212 44 23
s 5213 139 65
s 5214 72 35
s 5215 42 18
s 5216 281 131
s 5217 186 91
s 5218 187 86
s 5219 96 38
s 5220 220 106
s 5221 171 96
s 5222 42 23
s 5223 11 6
s 5224 171 87
s 5225 184 82
s 5226 255 126
s 5227 177 90
s 5228 397 208
s 5229 126 60
s 5230 140 74
s 5231 73 43
s 5232 158 83
s 5233 80 41
s 5234 56 28
s 5239 162 79
s 5240 181 95
s 5241 233 119
s 5243 313 173
s 5246 126 66
s 5248 375 180
s 5249 140 79
s 5251 157 76
s 5255 486 256
s 5256 49 31
s 5257 79 41
s 5258 54 27
s 5265 95 46
s 5275 49 22
s 5398 106 52
s 5399 112 59
s 5401 349 168
s 5402 638 284
s 5403 368 170
s 5404 330 174
s 5405 284 125
s 5406 408 203
s 5407 406 206
s 5408 39 16
s 5409 88 46
s 5410 68 34
s 5411 122 56
s 5412 297 155
s 5413 104 54
s 5414 85 50
s 5415 147 71
s 5416 37 19
s 5417 95 40
s 5418 167 74
s 5419 87 31
s 5420 96 38
s 5421 38 21
s 5422 108 50
s 5423 147 79
s 5424 252 133
s 5425 411 244
s 5426 134 69
s 5427 161 93
s 5428 48 24
s 5429 125 69
s 5430 630 333
s 5431 219 133
s 5432 73 31
s 5433 41 25
s 5434 45 30
s 5435 57 22
s 5436 434 236
s 5437 17 8
s 5438 156 113
s 5439 42 20
s 5440 270 153
s 5441 34 19
s 5442 5 2
s 5443 182 88
s 5444 82 39
s 5445 260 133
s 5446 220 118
s 5447 411 240
s 5448 51 33
s 5449 24 18
s 5450 365 187
s 5451 200 97
s 5452 264 151
s 5453 42 27
s 5454 112 52
s 5455 114 54
s 5456 109 58
s 5457 51 17
s 5458 18 9
s 5459 112 62
s 5460 323 151
s 5461 628 322
s 5462 513 264
s 5463 335 178
s 5464 127 73
s 5465 7 2
s 5466 136 94
s 5467 95 52
s 5468 33 20
s 5469 174 100
s 5470 59 27
s 5471 35 16
s 5472 342 167
s 5473 177 87
s 5474 254 119
s 5475 90 49
s 5476 430 227
s 5477 226 94
s 5478 57 30
s 5479 23 15
s 5480 165 82
s 5481 311 163
s 5482 352 188
s 5483 235 146
s 5484 420 191
s 5485 143 78
s 5486 168 93
s 5487 148 78
s 5488 350 206
s 5489 54 27
s 5490 78 39
s 5495 328 186
s 5496 220 120
s 5497 285 152
s 5499 517 245
s 5502 155 74
s 5504 444 225
s 5505 144 76
s 5507 274 155
s 5511 512 289
s 5512 80 42
s 5513 102 55
s 5514 47 25
s 5521 111 59
s 5531 91 53
s 5655 28 11
s 5657 127 62
s 5658 235 95
s 5659 143 77
s 5660 100 45
s 5661 115 56
s 5662 120 50
s 5663 128 66
s 5664 14 7
s 5665 23 13
s 5666 30 14
s 5667 55 23
s 5668 102 48
s 5669 47 20
s 5670 24 10
s 5671 43 21
s 5672 14 10
s 5673 48 18
s 5674 68 32
s 5675 27 11
s 5676 62 27
s 5677 14 5
s 5678 54 21
s 5679 39 19
s 5680 121 53
s 5681 79 37
s 5682 36 15
s 5683 46 25
s 5684 16 8
s 5685 54 20
s 5686 256 128
s 5687 54 23
s 5688 30 11
s 5689 18 7
s 5690 9 3
s 5691 20 9
s 5692 171 74
s 5693 11 3
s 5694 26 12
s 5695 30 12
s 5696 73 31
s 5697 4 1
s 5698 3 0
s 5699 98 58
s 5700 35 12
s 5701 74 42
s 5702 113 54
s 5703 131 68
s 5704 14 6
s 5705 17 7
s 5706 97 48
s 5707 59 20
s 5708 46 16
s 5709 9 6
s 5710 32 14
s 5711 28 12
s 5712 43 17
s 5713 23 10
s 5714 9 5
s 5715 29 17
s 5716 126 59
s 5717 163 72
s 5718 159 76
s 5719 107 52
s 5720 33 16
s 5721 5 2
s 5722 21 9
s 5723 30 10
s 5724 8 4
s 5725 77 37
s 5726 34 12
s 5727 20 9
s 5728 99 39
s 5729 71 32
s 5730 51 24
s 5731 42 25
s 5732 81 40
s 5733 67 37
s 5734 19 9
s 5735 4 2
s 5736 114 63
s 5737 77 38
s 5738 63 32
s 5739 52 27
s 5740 150 58
s 5741 58 19
s 5742 36 13
s 5743 43 17
s 5744 68 31
s 5745 28 14
s 5746 34 18
s 5751 73 34
s 5752 44 21
s 5753 97 48
s 5755 105 43
s 5758 23 16
s 5760 131 54
s 5761 59 25
s 5763 64 35
s 5767 174 89
s 5768 20 8
s 5769 27 10
s 5770 26 10
s 5777 35 16
s 5787 30 21
s 5913 72 44
s 5914 179 93
s 5915 99 59
s 5916 35 19
s 5917 26 14
s 5918 117 63
s 5919 138 67
s 5920 11 6
s 5921 20 8
s 5922 18 7
s 5923 43 26
s 5924 47 30
s 5925 33 17
s 5926 14 5
s 5927 24 12
s 5928 9 7
s 5929 38 18
s 5930 30 14
s 5931 21 10
s 5932 30 12
s 5933 8 3
s 5934 40 16
s 5935 40 20
s 5936 106 55
s 5937 61 34
s 5938 32 19
s 5939 30 12
s 5940 8 4
s 5941 39 19
s 5942 151 80
s 5943 31 14
s 5944 31 16
s 5945 11 7
s 5946 13 8
s 5947 6 1
s 5948 40 26
s 5949 3 2
s 5950 32 20
s 5951 24 15
s 5952 74 32
s 5953 9 4
s 5954 4 2
s 5955 52 28
s 5956 36 15
s 5957 33 17
s 5958 63 22
s 5959 96 42
s 5960 25 12
s 5961 12 4
s 5962 69 40
s 5963 33 13
s 5964 48 25
s 5965 5 5
s 5966 13 4
s 5967 43 22
s 5968 19 6
s 5969 9 5
s 5970 5 3
s 5971 33 22
s 5972 83 44
s 5973 116 50
s 5974 161 73
s 5975 90 40
s 5976 20 9
s 5977 7 5
s 5978 24 18
s 5979 22 15
s 5980 7 4
s 5981 48 30
s 5982 29 14
s 5983 14 8
s 5984 39 20
s 5985 39 19
s 5986 27 10
s 5987 27 7
s 5988 77 35
s 5989 74 39
s 5990 11 6
s 5991 6 3
s 5992 23 11
s 5993 76 40
s 5994 36 16
s 5995 35 24
s 5996 61 31
s 5997 51 30
s 5998 48 23
s 5999 44 26
s 6000 92 47
s 6001 19 10
s 6002 16 7
s 6007 85 46
s 6008 35 16
s 6009 72 39
s 6011 162 91
s 6014 31 21
s 6016 116 54
s 6017 23 12
s 6019 74 40
s 6023 60 30
s 6024 23 12
s 6025 16 7
s 6026 19 10
s 6033 22 8
s 6043 23 14
s 6426 942 424
s 6427 551 244
s 6428 370 190
s 6429 424 210
s 6430 512 235
s 6431 614 300
s 6432 37 18
s 6433 115 68
s 6434 6 2
s 6435 67 26
s 6436 241 127
s 6437 139 64
s 6438 93 50
s 6439 28 13
s 6440 61 34
s 6441 214 103
s 6442 244 131
s 6443 64 33
s 6444 202 97
s 6445 44 19
s 6446 184 86
s 6447 94 34
s 6448 481 212
s 6449 252 136
s 6450 185 91
s 6451 178 74
s 6452 14 8
s 6453 133 55
s 6454 775 414
s 6455 266 121
s 6456 91 44
s 6457 47 21
s 6458 50 23
s 6459 32 14
s 6460 572 271
s 6461 17 6
s 6462 228 134
s 6463 62 34
s 6464 329 153
s 6465 26 14
s 6466 12 7
s 6467 330 151
s 6468 143 70
s 6469 307 145
s 6470 338 158
s 6471 551 287
s 6472 54 21
s 6473 53 32
s 6474 101 47
s 6475 275 124
s 6476 46 22
s 6477 47 29
s 6478 102 55
s 6479 168 74
s 6480 130 52
s 6481 71 32
s 6482 18 9
s 6483 149 75
s 6484 391 169
s 6485 864 400
s 6486 693 350
s 6487 461 222
s 6488 147 74
s 6489 35 21
s 6490 78 40
s 6491 116 61
s 6492 34 14
s 6493 211 113
s 6494 127 58
s 6495 61 29
s 6496 517 226
s 6497 234 111
s 6498 229 104
s 6499 140 60
s 6500 478 222
s 6501 278 121
s 6502 83 38
s 6503 30 16
s 6504 250 115
s 6505 388 190
s 6506 47 24
s 6507 127 70
s 6508 602 271
s 6509 237 110
s 6510 182 87
s 6511 218 106
s 6512 418 222
s 6513 17 8
s 6514 73 40
s 6519 489 226
s 6520 92 41
s 6521 565 279
s 6523 805 362
s 6526 43 18
s 6528 538 255
s 6529 191 85
s 6531 342 167
s 6535 687 347
s 6536 57 28
s 6537 122 52
s 6538 99 41
s 6545 131 63
s 6555 84 42
s 6683 341 140
s 6684 604 306
s 6685 609 255
s 6686 410 197
s 6687 444 206
s 6688 65 29
s 6689 111 63
s 6690 194 78
s 6691 394 178
s 6692 626 274
s 6693 122 55
s 6694 183 90
s 6695 437 189
s 6696 49 22
s 6697 278 118
s 6698 348 171
s 6699 197 94
s 6700 300 139
s 6701 63 27
s 6702 330 150
s 6703 360 145
s 6704 616 290
s 6705 578 271
s 6706 183 77
s 6707 124 56
s 6708 120 58
s 6709 244 107
s 6710 1452 726
s 6711 311 157
s 6712 183 84
s 6713 63 27
s 6714 39 19
s 6715 107 48
s 6716 858 395
s 6717 43 17
s 6718 162 83
s 6719 134 61
s 6720 284 130
s 6721 29 11
s 6722 15 7
s 6723 429 199
s 6724 120 63
s 6725 397 185
s 6726 660 308
s 6727 559 258
s 6728 77 30
s 6729 55 29
s 6730 852 423
s 6731 342 152
s 6732 617 297
s 6733 73 41
s 6734 131 67
s 6735 139 64
s 6736 194 82
s 6737 117 45
s 6738 61 30
s 6739 97 50
s 6740 422 189
s 6741 914 437
s 6742 785 394
s 6743 357 173
s 6744 150 74
s 6745 53 26
s 6746 258 137
s 6747 166 86
s 6748 60 28
s 6749 410 197
s 6750 204 91
s 6751 106 46
s 6752 566 253
s 6753 412 189
s 6754 449 206
s 6755 233 102
s 6756 358 162
s 6757 388 174
s 6758 92 41
s 6759 23 15
s 6760 461 186
s 6761 372 171
s 6762 593 299
s 6763 342 170
s 6764 784 361
s 6765 368 157
s 6766 321 166
s 6767 172 81
s 6768 351 164
s 6769 184 90
s 6770 148 75
s 6775 268 128
s 6776 351 149
s 6777 485 240
s 6779 550 238
s 6782 314 141
s 6784 755 348
s 6785 338 166
s 6787 288 128
s 6791 1093 538
s 6792 122 61
s 6793 180 99
s 6794 148 66
s 6801 215 94
s 6811 99 41
s 6940 349 165
s 6941 346 154
s 6942 204 77
s 6943 193 93
s 6944 54 25
s 6945 73 41
s 6946 147 71
s 6947 292 129
s 6948 387 177
s 6949 50 24
s 6950 92 45
s 6951 238 91
s 6952 38 16
s 6953 184 87
s 6954 241 135
s 6955 126 56
s 6956 216 92
s 6957 43 20
s 6958 175 83
s 6959 224 94
s 6960 324 163
s 6961 292 141
s 6962 76 39
s 6963 69 31
s 6964 51 21
s 6965 133 66
s 6966 735 357
s 6967 158 88
s 6968 95 42
s 6969 38 21
s 6970 19 5
s 6971 66 28
s 6972 440 211
s 6973 16 6
s 6974 90 47
s 6975 69 35
s 6976 164 78
s 6977 23 12
s 6978 9 6
s 6979 304 144
s 6980 102 55
s 6981 217 98
s 6982 467 200
s 6983 352 161
s 6984 40 16
s 6985 43 19
s 6986 549 281
s 6987 162 75
s 6988 353 190
s 6989 38 21
s 6990 85 38
s 6991 56 24
s 6992 94 53
s 6993 75 33
s 6994 38 19
s 6995 33 12
s 6996 202 83
s 6997 431 202
s 6998 506 251
s 6999 150 74
s 7000 102 48
s 7001 18 10
s 7002 170 93
s 7003 75 38
s 7004 38 20
s 7005 255 127
s 7006 101 42
s 7007 64 24
s 7008 305 142
s 7009 268 114
s 7010 231 106
s 7011 164 65
s 7012 171 72
s 7013 244 104
s 7014 47 19
s 7015 13 5
s 7016 234 103
s 7017 221 105
s 7018 274 153
s 7019 179 106
s 7020 493 231
s 7021 194 89
s 7022 212 111
s 7023 80 43
s 7024 135 78
s 7025 85 45
s 7026 90 40
s 7031 153 66
s 7032 163 85
s 7033 181 97
s 7035 314 147
s 7038 172 83
s 7040 447 203
s 7041 167 71
s 7043 151 72
s 7047 616 318
s 7048 58 27
s 7049 94 43
s 7050 80 41
s 7057 121 53
s 7067 34 16
s 7197 33 14
s 7198 324 157
s 7199 436 239
s 7200 30 14
s 7201 27 12
s 7202 62 29
s 7203 168 83
s 7204 180 89
s 7205 85 49
s 7206 28 16
s 7207 190 92
s 7208 22 16
s 7209 87 42
s 7210 91 46
s 7211 79 43
s 7212 133 64
s 7213 29 17
s 7214 197 108
s 7215 98 47
s 7216 268 139
s 7217 190 102
s 7218 139 83
s 7219 87 44
s 7220 44 26
s 7221 124 69
s 7222 667 359
s 7223 43 21
s 7224 114 54
s 7225 18 9
s 7226 21 7
s 7227 32 12
s 7228 56 31
s 7229 17 10
s 7230 103 58
s 7231 74 33
s 7232 198 117
s 7233 16 9
s 7234 6 2
s 7235 153 78
s 7236 81 37
s 7237 43 26
s 7238 241 124
s 7239 283 152
s 7240 45 21
s 7241 28 18
s 7242 303 164
s 7243 170 89
s 7244 226 113
s 7245 8 7
s 7246 24 16
s 7247 138 63
s 7248 83 43
s 7249 17 10
s 7250 25 12
s 7251 98 51
s 7252 262 120
s 7253 454 240
s 7254 525 277
s 7255 319 175
s 7256 68 41
s 7257 17 11
s 7258 97 52
s 7259 99 54
s 7260 23 12
s 7261 154 85
s 7262 67 32
s 7263 42 17
s 7264 46 23
s 7265 71 39
s 7266 65 34
s 7267 19 6
s 7268 291 157
s 7269 203 91
s 7270 32 13
s 7271 12 7
s 7272 22 14
s 7273 261 146
s 7274 251 123
s 7275 139 70
s 7276 84 43
s 7277 144 80
s 7278 149 68
s 7279 127 56
s 7280 263 151
s 7281 65 27
s 7282 59 35
s 7287 288 154
s 7288 169 91
s 7289 332 175
s 7291 565 275
s 7294 88 42
s 7296 448 218
s 7297 32 15
s 7299 241 129
s 7303 104 59
s 7304 50 23
s 7305 36 23
s 7306 75 35
s 7313 133 79
s 7323 32 15
s 7454 361 174
s 7455 378 183
s 7456 26 12
s 7457 18 9
s 7458 79 42
s 7459 177 74
s 7460 183 80
s 7461 99 48
s 7462 15 5
s 7463 164 71
s 7464 26 12
s 7465 100 41
s 7466 85 45
s 7467 75 25
s 7468 110 49
s 7469 45 19
s 7470 113 49
s 7471 131 50
s 7472 302 150
s 7473 166 93
s 7474 135 58
s 7475 95 53
s 7476 32 18
s 7477 98 42
s 7478 573 304
s 7479 6 1
s 7480 79 38
s 7481 21 10
s 7482 36 24
s 7483 30 13
s 7484 18 9
s 7485 13 6
s 7486 121 72
s 7487 52 27
s 7488 180 90
s 7489 18 7
s 7490 5 3
s 7491 193 92
s 7492 85 40
s 7493 11 4
s 7494 233 105
s 7495 241 119
s 7496 46 26
s 7497 35 22
s 7498 522 271
s 7499 189 90
s 7500 232 122
s 7501 3 1
s 7502 6 3
s 7503 111 50
s 7504 74 37
s 7505 29 11
s 7506 31 17
s 7507 75 34
s 7508 233 130
s 7509 412 214
s 7510 541 290
s 7511 287 141
s 7512 85 46
s 7513 20 11
s 7514 116 65
s 7515 83 46
s 7516 18 14
s 7517 159 85
s 7518 81 41
s 7519 40 22
s 7520 2 1
s 7521 46 16
s 7522 30 9
s 7523 8 3
s 7524 211 105
s 7525 167 83
s 7526 29 17
s 7527 13 5
s 7528 11 4
s 7529 270 141
s 7530 226 128
s 7531 125 58
s 7532 7 4
s 7533 156 79
s 7534 171 84
s 7535 142 72
s 7536 209 109
s 7537 64 31
s 7538 57 30
s 7543 277 131
s 7544 116 57
s 7545 215 116
s 7547 474 237
s 7550 118 58
s 7552 468 230
s 7553 4 0
s 7555 241 113
s 7559 30 14
s 7560 52 25
s 7561 30 17
s 7562 63 26
s 7569 86 43
s 7579 27 16
s 7711 187 89
s 7712 60 29
s 7713 74 35
s 7714 110 59
s 7715 293 145
s 7716 408 195
s 7717 63 33
s 7718 60 35
s 7719 239 103
s 7720 41 21
s 7721 162 70
s 7722 255 125
s 7723 144 60
s 7724 227 105
s 7725 30 13
s 7726 126 59
s 7727 243 122
s 7728 328 155
s 7729 378 207
s 7730 74 32
s 7731 63 28
s 7732 52 27
s 7733 107 47
s 7734 748 397
s 7735 188 98
s 7736 107 45
s 7737 31 10
s 7738 26 17
s 7739 63 30
s 7740 408 199
s 7741 28 13
s 7742 103 53
s 7743 74 31
s 7744 112 46
s 7745 22 10
s 7746 3 2
s 7747 302 141
s 7748 79 39
s 7749 227 98
s 7750 320 156
s 7751 338 170
s 7752 48 25
s 7753 27 15
s 7754 503 243
s 7755 139 54
s 7756 381 197
s 7757 37 19
s 7758 104 57
s 7759 61 34
s 7760 115 52
s 7761 110 44
s 7762 45 25
s 7763 28 13
s 7764 222 93
s 7765 379 181
s 7766 485 234
s 7767 134 61
s 7768 91 50
s 7769 24 10
s 7770 140 68
s 7771 91 44
s 7772 23 12
s 7773 239 106
s 7774 98 42
s 7775 71 37
s 7776 344 152
s 7777 233 104
s 7778 194 84
s 7779 140 59
s 7780 146 72
s 7781 200 84
s 7782 37 18
s 7783 11 3
s 7784 252 129
s 7785 223 108
s 7786 291 142
s 7787 210 110
s 7788 419 195
s 7789 171 79
s 7790 168 85
s 7791 80 38
s 7792 101 54
s 7793 95 43
s 7794 82 42
s 7799 246 124
s 7800 190 86
s 7801 189 86
s 7803 381 171
s 7806 151 64
s 7808 406 195
s 7809 156 88
s 7811 132 68
s 7815 484 246
s 7816 52 26
s 7817 105 55
s 7818 81 42
s 7825 164 79
s 7835 71 43
s 7968 56 23
s 7969 84 39
s 7970 130 63
s 7971 254 124
s 7972 402 206
s 7973 54 25
s 7974 89 40
s 7975 278 132
s 7976 20 5
s 7977 181 86
s 7978 255 126
s 7979 165 87
s 7980 219 108
s 7981 23 13
s 7982 185 82
s 7983 241 123
s 7984 441 207
s 7985 467 261
s 7986 60 23
s 7987 78 34
s 7988 70 42
s 7989 131 57
s 7990 962 495
s 7991 277 147
s 7992 111 56
s 7993 29 17
s 7994 24 10
s 7995 58 32
s 7996 573 290
s 7997 27 13
s 7998 173 105
s 7999 69 38
s 8000 140 72
s 8001 20 12
s 8002 6 1
s 8003 355 188
s 8004 46 21
s 8005 271 136
s 8006 444 231
s 8007 382 211
s 8008 51 20
s 8009 44 19
s 8010 514 269
s 8011 147 68
s 8012 433 227
s 8013 45 22
s 8014 85 38
s 8015 79 31
s 8016 121 63
s 8017 102 55
s 8018 25 11
s 8019 34 16
s 8020 178 93
s 8021 398 199
s 8022 552 287
s 8023 147 69
s 8024 121 53
s 8025 28 14
s 8026 151 76
s 8027 66 38
s 8028 42 21
s 8029 261 138
s 8030 132 58
s 8031 66 37
s 8032 396 202
s 8033 308 157
s 8034 270 137
s 8035 131 55
s 8036 207 103
s 8037 209 100
s 8038 39 19
s 8039 12 6
s 8040 256 141
s 8041 223 118
s 8042 380 199
s 8043 245 139
s 8044 525 247
s 8045 206 104
s 8046 199 105
s 8047 62 29
s 8048 102 50
s 8049 98 40
s 8050 98 50
s 8055 278 125
s 8056 217 107
s 8057 720 389
s 8059 443 216
s 8062 207 93
s 8064 475 233
s 8065 206 96
s 8067 134 72
s 8071 658 356
s 8072 88 50
s 8073 163 88
s 8074 84 35
s 8081 133 67
s 8091 73 50
s 8225 14 9
s 8226 9 4
s 8227 28 6
s 8228 28 16
s 8229 17 7
s 8230 9 4
s 8231 19 8
s 8232 4 2
s 8233 7 5
s 8234 25 14
s 8235 12 7
s 8236 7 3
s 8237 9 5
s 8238 11 8
s 8239 27 18
s 8240 20 13
s 8241 34 17
s 8242 9 4
s 8243 15 8
s 8244 5 2
s 8245 17 6
s 8246 39 21
s 8247 31 17
s 8248 5 1
s 8249 5 2
s 8250 8 4
s 8251 6 0
s 8252 50 32
s 8253 3 3
s 8254 13 9
s 8255 5 2
s 8256 31 12
s 8257 1 1
s 8258 3 1
s 8259 8 6
s 8260 13 6
s 8261 22 8
s 8262 19 10
s 8263 47 21
s 8264 1 1
s 8265 10 9
s 8266 33 13
s 8267 31 17
s 8268 18 14
s 8269 5 4
s 8270 11 6
s 8271 15 6
s 8272 12 6
s 8273 4 1
s 8274 3 2
s 8275 10 2
s 8276 40 17
s 8277 61 25
s 8278 55 27
s 8279 42 26
s 8280 10 7
s 8281 4 1
s 8282 12 7
s 8283 9 4
s 8284 3 2
s 8285 16 10
s 8286 10 4
s 8287 3 1
s 8288 33 19
s 8289 13 7
s 8290 11 4
s 8291 15 6
s 8292 22 10
s 8293 24 10
s 8294 9 1
s 8295 3 1
s 8296 24 11
s 8297 34 18
s 8298 14 6
s 8299 19 11
s 8300 51 23
s 8301 10 7
s 8302 26 16
s 8303 17 8
s 8304 29 19
s 8305 6 2
s 8306 7 4
s 8311 38 20
s 8312 9 2
s 8313 40 25
s 8315 54 34
s 8318 9 2
s 8320 42 21
s 8321 5 2
s 8323 21 8
s 8327 45 26
s 8328 11 9
s 8329 6 3
s 8330 3 0
s 8337 6 3
s 8347 3 2
s 8482 24 10
s 8483 32 22
s 8484 70 43
s 8485 29 19
s 8486 14 7
s 8487 35 20
s 8488 11 5
s 8489 24 11
s 8490 31 21
s 8491 15 8
s 8492 20 15
s 8493 12 8
s 8494 35 22
s 8495 32 18
s 8496 92 58
s 8497 87 58
s 8498 30 22
s 8499 52 28
s 8500 9 6
s 8501 58 38
s 8502 176 101
s 8503 19 11
s 8504 26 15
s 8505 9 3
s 8506 13 8
s 8507 12 8
s 8508 28 15
s 8509 6 2
s 8510 87 62
s 8511 12 4
s 8512 48 29
s 8513 6 4
s 8514 7 5
s 8515 60 30
s 8516 26 17
s 8517 21 11
s 8518 66 30
s 8519 146 85
s 8520 20 12
s 8521 14 7
s 8522 126 68
s 8523 52 25
s 8524 77 45
s 8525 10 6
s 8526 3 1
s 8527 21 12
s 8528 39 20
s 8529 11 4
s 8530 11 5
s 8531 24 13
s 8532 65 41
s 8533 122 83
s 8534 150 88
s 8535 77 42
s 8536 48 34
s 8537 9 3
s 8538 37 20
s 8539 35 23
s 8540 7 3
s 8541 50 29
s 8542 13 6
s 8543 6 4
s 8544 25 12
s 8545 26 11
s 8546 27 13
s 8547 10 5
s 8548 124 64
s 8549 32 17
s 8550 8 7
s 8551 5 3
s 8552 18 4
s 8553 88 61
s 8554 105 65
s 8555 95 58
s 8556 32 19
s 8557 49 28
s 8558 35 17
s 8559 33 28
s 8560 103 56
s 8561 27 14
s 8562 20 13
s 8567 94 60
s 8568 63 35
s 8569 54 31
s 8571 126 64
s 8574 38 21
s 8576 102 45
s 8577 9 4
s 8579 80 43
s 8583 41 21
s 8584 21 11
s 8585 15 8
s 8586 19 11
s 8593 51 29
s 8603 13 9
s 8739 20 9
s 8740 40 24
s 8741 27 16
s 8742 30 16
s 8743 4 1
s 8744 17 7
s 8745 53 23
s 8746 42 20
s 8747 14 7
s 8748 42 21
s 8749 9 6
s 8750 37 15
s 8751 13 9
s 8752 84 43
s 8753 51 33
s 8754 43 18
s 8755 35 19
s 8756 4 1
s 8757 27 11
s 8758 201 113
s 8759 77 37
s 8760 15 6
s 8761 17 11
s 8762 13 8
s 8763 6 0
s 8764 164 76
s 8765 4 2
s 8766 59 38
s 8767 21 11
s 8768 64 36
s 8769 2 1
s 8770 5 2
s 8771 75 36
s 8772 25 11
s 8773 71 33
s 8774 106 51
s 8775 155 76
s 8776 13 6
s 8777 15 7
s 8778 18 10
s 8779 68 37
s 8780 7 4
s 8781 7 4
s 8782 28 16
s 8783 44 30
s 8784 22 10
s 8785 13 10
s 8786 7 2
s 8787 24 17
s 8788 70 23
s 8789 202 101
s 8790 146 79
s 8791 88 41
s 8792 24 15
s 8793 5 3
s 8794 27 11
s 8795 34 19
s 8796 11 6
s 8797 47 29
s 8798 25 11
s 8799 17 9
s 8800 66 26
s 8801 54 20
s 8802 39 21
s 8803 38 14
s 8804 98 51
s 8805 62 27
s 8806 12 3
s 8807 6 4
s 8808 61 30
s 8809 97 53
s 8810 2 1
s 8811 30 17
s 8812 99 39
s 8813 64 24
s 8814 45 26
s 8815 53 32
s 8816 80 45
s 8817 7 1
s 8818 15 11
s 8823 67 33
s 8824 8 6
s 8825 121 72
s 8827 195 92
s 8830 2 0
s 8832 111 52
s 8833 41 23
s 8835 88 35
s 8839 146 85
s 8840 15 9
s 8841 36 19
s 8842 28 9
s 8849 31 16
s 8859 17 13
s 8996 125 63
s 8997 94 42
s 8998 33 18
s 8999 34 18
s 9000 34 17
s 9001 100 49
s 9002 146 69
s 9003 34 12
s 9004 96 36
s 9005 24 10
s 9006 35 15
s 9007 39 20
s 9008 125 52
s 9009 121 59
s 9010 83 31
s 9011 55 26
s 9012 8 5
s 9013 36 14
s 9014 353 181
s 9015 81 41
s 9016 25 13
s 9017 27 18
s 9018 18 6
s 9019 12 8
s 9020 193 92
s 9021 4 3
s 9022 60 32
s 9023 44 21
s 9024 168 66
s 9025 9 5
s 9026 4 2
s 9027 133 57
s 9028 73 24
s 9029 98 42
s 9030 151 75
s 9031 237 124
s 9032 29 13
s 9033 12 7
s 9034 89 45
s 9035 122 57
s 9036 34 18
s 9037 6 3
s 9038 42 21
s 9039 58 32
s 9040 36 15
s 9041 43 14
s 9042 4 1
s 9043 59 19
s 9044 213 93
s 9045 316 146
s 9046 282 136
s 9047 196 88
s 9048 44 18
s 9049 12 6
s 9050 22 15
s 9051 58 31
s 9052 10 5
s 9053 100 51
s 9054 30 10
s 9055 31 18
s 9056 181 82
s 9057 112 42
s 9058 82 39
s 9059 81 29
s 9060 147 68
s 9061 180 89
s 9062 46 21
s 9063 17 10
s 9064 104 46
s 9065 135 64
s 9066 28 14
s 9067 56 30
s 9068 246 108
s 9069 63 23
s 9070 88 49
s 9071 66 30
s 9072 124 60
s 9073 7 3
s 9074 29 13
s 9079 123 41
s 9080 32 13
s 9081 162 86
s 9083 240 104
s 9086 26 15
s 9088 239 109
s 9089 105 52
s 9091 107 55
s 9095 234 116
s 9096 25 11
s 9097 26 13
s 9098 36 18
s 9105 39 14
s 9115 25 14
s 9253 112 57
s 9254 63 37
s 9255 97 44
s 9256 34 14
s 9257 113 55
s 9258 123 47
s 9259 67 25
s 9260 105 51
s 9261 32 18
s 9262 83 44
s 9263 98 51
s 9264 213 107
s 9265 223 133
s 9266 134 75
s 9267 144 69
s 9268 29 14
s 9269 122 69
s 9270 446 209
s 9271 138 71
s 9272 57 27
s 9273 27 13
s 9274 40 23
s 9275 28 12
s 9276 288 145
s 9277 14 7
s 9278 154 93
s 9279 55 31
s 9280 215 106
s 9281 13 5
s 9282 10 5
s 9283 144 64
s 9284 99 47
s 9285 172 89
s 9286 221 116
s 9287 468 255
s 9288 35 17
s 9289 21 11
s 9290 211 115
s 9291 192 89
s 9292 151 86
s 9293 26 19
s 9294 75 35
s 9295 100 41
s 9296 86 45
s 9297 60 31
s 9298 25 18
s 9299 97 51
s 9300 290 151
s 9301 474 233
s 9302 463 269
s 9303 269 142
s 9304 125 67
s 9305 18 7
s 9306 94 60
s 9307 85 37
s 9308 23 13
s 9309 204 111
s 9310 71 36
s 9311 47 22
s 9312 212 98
s 9313 156 84
s 9314 118 56
s 9315 65 28
s 9316 279 147
s 9317 226 99
s 9318 43 18
s 9319 17 10
s 9320 154 80
s 9321 285 131
s 9322 180 102
s 9323 151 87
s 9324 270 143
s 9325 101 47
s 9326 138 76
s 9327 125 56
s 9328 257 150
s 9329 36 14
s 9330 51 25
s 9335 321 173
s 9336 105 59
s 9337 295 151
s 9339 515 259
s 9342 82 44
s 9344 409 185
s 9345 98 54
s 9347 220 111
s 9351 387 216
s 9352 56 29
s 9353 80 45
s 9354 36 13
s 9361 70 38
s 9371 75 44
s 9510 21 16
s 9511 74 27
s 9512 7 1
s 9513 49 25
s 9514 67 24
s 9515 35 15
s 9516 64 28
s 9517 9 4
s 9518 45 22
s 9519 45 22
s 9520 115 59
s 9521 108 54
s 9522 15 6
s 9523 13 5
s 9524 16 11
s 9525 49 21
s 9526 209 104
s 9527 58 21
s 9528 25 9
s 9529 12 4
s 9530 11 6
s 9531 7 5
s 9532 117 47
s 9533 5 2
s 9534 29 16
s 9535 21 10
s 9536 38 17
s 9537 11 2
s 9538 4 1
s 9539 99 45
s 9540 16 7
s 9541 41 18
s 9542 117 71
s 9543 110 54
s 9544 21 11
s 9545 14 6
s 9546 121 60
s 9547 33 14
s 9548 94 48
s 9549 13 6
s 9550 28 12
s 9551 19 6
s 9552 23 9
s 9553 23 11
s 9554 7 3
s 9555 14 9
s 9556 66 33
s 9557 98 46
s 9558 136 65
s 9559 31 12
s 9560 33 13
s 9561 6 4
s 9562 37 13
s 9563 16 7
s 9564 9 8
s 9565 58 32
s 9566 23 9
s 9567 16 7
s 9568 78 30
s 9569 71 28
s 9570 62 30
s 9571 46 20
s 9572 36 18
s 9573 74 33
s 9574 4 1
s 9575 9 6
s 9576 60 29
s 9577 60 30
s 9578 86 41
s 9579 58 26
s 9580 155 74
s 9581 39 16
s 9582 48 29
s 9583 13 6
s 9584 31 16
s 9585 26 11
s 9586 15 6
s 9591 73 37
s 9592 62 25
s 9593 60 28
s 9595 120 55
s 9598 44 16
s 9600 114 51
s 9601 66 34
s 9603 27 17
s 9607 162 72
s 9608 16 9
s 9609 29 14
s 9610 31 14
s 9617 35 13
s 9627 20 11
s 9767 30 13
s 9768 12 6
s 9769 38 16
s 9770 21 8
s 9771 20 14
s 9772 24 9
s 9773 10 4
s 9774 46 24
s 9775 21 13
s 9776 86 43
s 9777 56 24
s 9778 35 14
s 9779 29 19
s 9780 9 8
s 9781 49 29
s 9782 119 61
s 9783 19 8
s 9784 19 10
s 9785 6 2
s 9786 12 9
s 9787 11 4
s 9788 28 12
s 9789 2 1
s 9790 37 24
s 9791 15 7
s 9792 56 26
s 9793 1 1
s 9794 3 2
s 9795 45 28
s 9796 20 5
s 9797 19 5
s 9798 64 33
s 9799 75 35
s 9800 12 9
s 9801 6 2
s 9802 72 35
s 9803 52 25
s 9804 33 19
s 9805 10 7
s 9806 9 4
s 9807 37 20
s 9808 42 19
s 9809 7 3
s 9810 4 1
s 9811 20 8
s 9812 64 31
s 9813 108 59
s 9814 152 77
s 9815 71 42
s 9816 10 4
s 9817 6 4
s 9818 76 38
s 9819 27 19
s 9820 10 4
s 9821 31 13
s 9822 20 8
s 9823 15 8
s 9824 18 8
s 9825 30 18
s 9826 14 5
s 9827 11 3
s 9828 82 45
s 9829 59 30
s 9830 8 3
s 9831 7 5
s 9832 8 3
s 9833 88 49
s 9834 72 36
s 9835 64 39
s 9836 37 16
s 9837 55 23
s 9838 52 29
s 9839 50 24
s 9840 73 36
s 9841 19 10
s 9842 17 7
s 9847 93 52
s 9848 44 23
s 9849 93 52
s 9851 145 71
s 9854 26 15
s 9856 112 58
s 9857 7 6
s 9859 70 26
s 9863 52 28
s 9864 21 15
s 9865 16 6
s 9866 14 8
s 9873 39 27
s 9883 12 7
s 10024 20 7
s 10025 83 40
s 10026 89 38
s 10027 24 14
s 10028 75 37
s 10029 19 6
s 10030 81 39
s 10031 38 17
s 10032 198 83
s 10033 87 51
s 10034 75 31
s 10035 70 26
s 10036 4 2
s 10037 49 20
s 10038 441 226
s 10039 99 43
s 10040 46 20
s 10041 14 6
s 10042 14 7
s 10043 12 5
s 10044 246 114
s 10045 4 2
s 10046 67 44
s 10047 38 23
s 10048 152 68
s 10049 7 3
s 10050 4 2
s 10051 126 65
s 10052 56 23
s 10053 115 56
s 10054 168 67
s 10055 250 124
s 10056 19 8
s 10057 19 7
s 10058 30 15
s 10059 117 61
s 10060 14 5
s 10061 19 12
s 10062 38 21
s 10063 59 28
s 10064 51 23
s 10065 42 16
s 10066 1 0
s 10067 48 22
s 10068 193 85
s 10069 290 136
s 10070 319 145
s 10071 202 101
s 10072 52 26
s 10073 13 6
s 10074 21 10
s 10075 36 15
s 10076 9 4
s 10077 82 38
s 10078 45 15
s 10079 22 13
s 10080 146 71
s 10081 91 40
s 10082 80 31
s 10083 62 28
s 10084 170 83
s 10085 130 60
s 10086 23 12
s 10087 6 2
s 10088 83 39
s 10089 168 88
s 10090 10 7
s 10091 47 34
s 10092 254 103
s 10093 99 54
s 10094 89 42
s 10095 75 36
s 10096 159 88
s 10097 7 1
s 10098 30 18
s 10103 169 70
s 10104 28 15
s 10105 155 73
s 10107 318 142
s 10110 11 6
s 10112 231 105
s 10113 97 36
s 10115 140 63
s 10119 260 141
s 10120 27 19
s 10121 44 26
s 10122 48 19
s 10129 44 18
s 10139 30 14
s 10281 18 3
s 10282 33 20
s 10283 17 12
s 10284 25 11
s 10285 4 3
s 10286 18 13
s 10287 66 36
s 10288 38 17
s 10289 33 19
s 10290 10 4
s 10291 7 4
s 10292 6 2
s 10293 25 16
s 10294 81 37
s 10295 24 13
s 10296 8 5
s 10297 4 3
s 10298 3 0
s 10299 14 8
s 10300 43 17
s 10301 6 2
s 10302 10 3
s 10303 14 9
s 10304 20 12
s 10305 3 0
s 10306 2 2
s 10307 26 16
s 10308 9 1
s 10309 30 12
s 10310 31 17
s 10311 30 19
s 10312 4 1
s 10313 7 4
s 10314 41 25
s 10315 23 9
s 10316 31 16
s 10317 1 1
s 10318 9 6
s 10319 2 0
s 10320 12 5
s 10321 12 6
s 10322 4 2
s 10323 7 4
s 10324 22 9
s 10325 38 16
s 10326 28 17
s 10327 24 19
s 10328 17 9
s 10329 5 2
s 10330 8 2
s 10331 17 7
s 10332 5 2
s 10333 35 25
s 10334 14 6
s 10335 6 2
s 10336 37 16
s 10337 24 9
s 10338 23 13
s 10339 14 5
s 10340 31 14
s 10341 18 8
s 10342 10 6
s 10343 2 1
s 10344 22 13
s 10345 27 8
s 10346 41 18
s 10347 15 8
s 10348 40 16
s 10349 25 8
s 10350 18 9
s 10351 12 7
s 10352 10 2
s 10353 11 5
s 10354 9 5
s 10359 15 10
s 10360 26 9
s 10361 31 15
s 10363 45 20
s 10366 16 4
s 10368 58 22
s 10369 20 8
s 10371 10 4
s 10375 64 36
s 10376 13 5
s 10377 13 5
s 10378 15 9
s 10385 20 8
s 10395 6 2
s 10538 35 17
s 10539 38 15
s 10540 2 1
s 10541 15 7
s 10542 6 1
s 10543 68 33
s 10544 4 2
s 10545 84 44
s 10546 47 24
s 10547 37 16
s 10548 21 11
s 10549 24 4
s 10550 3 0
s 10551 64 28
s 10552 20 7
s 10553 14 10
s 10554 19 10
s 10555 14 7
s 10556 166 79
s 10557 4 2
s 10558 34 23
s 10559 12 6
s 10560 128 58
s 10561 11 7
s 10562 2 2
s 10563 2 0
s 10564 63 28
s 10565 72 35
s 10566 4 0
s 10567 140 57
s 10568 6 3
s 10569 5 3
s 10570 336 167
s 10571 104 50
s 10572 121 64
s 10573 15 5
s 10574 28 13
s 10575 32 16
s 10576 8 5
s 10577 8 3
s 10578 2 1
s 10579 36 18
s 10580 113 50
s 10581 209 107
s 10582 245 129
s 10583 135 62
s 10584 42 25
s 10586 37 20
s 10587 32 14
s 10588 12 7
s 10589 15 8
s 10590 2 1
s 10591 2 0
s 10592 95 40
s 10593 85 30
s 10594 86 43
s 10595 42 18
s 10596 89 39
s 10597 148 72
s 10598 25 9
s 10599 11 5
s 10600 65 23
s 10601 100 46
s 10602 89 48
s 10603 59 23
s 10604 158 84
s 10605 1 1
s 10606 103 59
s 10607 43 19
s 10608 91 46
s 10609 32 13
s 10610 8 5
s 10615 123 59
s 10616 46 24
s 10617 115 59
s 10619 216 103
s 10622 50 21
s 10624 314 142
s 10625 55 27
s 10627 93 35
s 10631 210 106
s 10632 14 7
s 10633 32 16
s 10634 5 2
s 10641 17 9
s 10651 27 20
s 10795 65 35
s 10796 42 17
s 10797 22 9
s 10798 36 21
s 10799 89 48
s 10800 47 25
s 10801 119 64
s 10802 71 39
s 10803 31 7
s 10804 13 7
s 10805 42 20
s 10806 112 49
s 10807 32 15
s 10808 34 19
s 10809 9 4
s 10810 15 11
s 10811 20 8
s 10812 94 58
s 10813 10 3
s 10814 56 34
s 10815 30 18
s 10816 120 62
s 10817 9 3
s 10818 5 4
s 10819 63 31
s 10820 89 40
s 10821 41 20
s 10822 52 21
s 10823 153 86
s 10824 14 4
s 10825 21 13
s 10826 199 103
s 10827 113 52
s 10828 179 91
s 10829 13 9
s 10830 25 13
s 10831 47 24
s 10832 25 11
s 10833 27 11
s 10834 14 6
s 10835 25 10
s 10836 147 73
s 10837 244 117
s 10838 274 139
s 10839 165 90
s 10840 52 28
s 10841 3 2
s 10842 61 38
s 10843 26 11
s 10844 9 6
s 10845 49 26
s 10846 22 14
s 10847 9 4
s 10848 90 48
s 10849 81 39
s 10850 63 32
s 10851 34 15
s 10852 95 51
s 10853 138 60
s 10854 34 15
s 10855 9 3
s 10856 71 30
s 10857 129 65
s 10858 100 50
s 10859 67 45
s 10860 110 70
s 10861 19 9
s 10862 92 49
s 10863 58 34
s 10864 90 46
s 10865 44 24
s 10866 14 5
s 10871 140 70
s 10872 54 31
s 10873 175 91
s 10875 230 118
s 10878 56 25
s 10880 242 122
s 10881 34 21
s 10883 90 50
s 10887 159 86
s 10888 26 17
s 10889 22 12
s 10890 25 11
s 10897 31 22
s 10907 16 8
s 11052 45 22
s 11053 7 3
s 11054 40 12
s 11055 37 13
s 11056 96 57
s 11057 70 33
s 11058 44 26
s 11059 50 19
s 11060 10 7
s 11061 45 14
s 11062 198 99
s 11063 45 22
s 11064 19 7
s 11065 12 5
s 11066 8 4
s 11067 8 4
s 11068 75 32
s 11069 2 2
s 11070 54 34
s 11071 19 9
s 11072 88 38
s 11073 9 4
s 11074 3 3
s 11075 81 48
s 11076 32 14
s 11077 51 30
s 11078 91 51
s 11079 166 87
s 11080 13 5
s 11081 9 3
s 11082 59 29
s 11083 72 32
s 11084 39 22
s 11085 5 4
s 11086 18 7
s 11087 32 8
s 11088 26 12
s 11089 22 10
s 11090 7 6
s 11091 35 23
s 11092 133 61
s 11093 166 77
s 11094 159 88
s 11095 125 69
s 11096 39 20
s 11097 7 2
s 11098 16 9
s 11099 28 11
s 11100 6 2
s 11101 55 31
s 11102 32 15
s 11103 20 9
s 11104 68 37
s 11105 62 36
s 11106 41 19
s 11107 19 9
s 11108 131 63
s 11109 68 36
s 11110 15 7
s 11111 5 3
s 11112 35 18
s 11113 75 35
s 11114 34 20
s 11115 41 21
s 11116 103 47
s 11117 62 33
s 11118 49 26
s 11119 42 25
s 11120 72 41
s 11121 9 2
s 11122 13 6
s 11127 80 36
s 11128 33 15
s 11129 77 39
s 11131 149 69
s 11134 16 8
s 11136 112 59
s 11137 41 22
s 11139 69 30
s 11143 117 53
s 11144 14 6
s 11145 16 10
s 11146 21 9
s 11153 32 17
s 11163 15 6
s 11309 21 11
s 11310 14 7
s 11311 78 36
s 11312 2 0
s 11313 91 58
s 11314 65 36
s 11315 24 12
s 11316 18 7
s 11317 19 7
s 11318 7 4
s 11319 54 27
s 11320 12 6
s 11321 21 11
s 11322 8 5
s 11323 17 6
s 11324 138 67
s 11325 3 3
s 11326 44 24
s 11327 16 8
s 11328 94 38
s 11329 6 2
s 11330 1 1
s 11331 4 1
s 11332 57 22
s 11333 63 33
s 11334 6 2
s 11335 123 54
s 11336 7 1
s 11337 10 3
s 11338 170 85
s 11339 95 54
s 11340 123 59
s 11341 13 8
s 11342 25 15
s 11343 32 20
s 11344 11 6
s 11345 23 11
s 11346 12 5
s 11347 30 15
s 11348 133 52
s 11349 193 100
s 11350 224 119
s 11351 123 63
s 11352 37 17
s 11353 1 0
s 11354 41 24
s 11355 23 10
s 11356 17 10
s 11357 11 4
s 11359 4 1
s 11360 103 55
s 11361 126 58
s 11362 71 29
s 11363 55 21
s 11364 67 27
s 11365 116 54
s 11366 19 11
s 11367 10 5
s 11368 98 46
s 11369 103 44
s 11370 93 48
s 11371 61 29
s 11372 170 85
s 11373 3 1
s 11374 70 43
s 11375 50 21
s 11376 93 48
s 11377 48 26
s 11378 5 5
s 11383 102 47
s 11384 52 21
s 11385 143 74
s 11387 190 88
s 11390 46 20
s 11392 185 83
s 11393 54 26
s 11395 85 43
s 11399 173 76
s 11400 23 8
s 11401 36 13
s 11402 1 0
s 11409 16 5
s 11419 20 11
s 11566 18 6
s 11567 24 14
s 11568 45 22
s 11569 48 23
s 11570 9 4
s 11571 6 2
s 11572 14 10
s 11573 20 10
s 11574 79 35
s 11575 13 4
s 11576 14 5
s 11577 3 1
s 11578 1 0
s 11579 3 1
s 11580 38 25
s 11581 5 1
s 11582 11 9
s 11583 6 2
s 11584 49 32
s 11586 2 0
s 11587 19 9
s 11588 10 3
s 11589 20 8
s 11590 23 13
s 11591 29 16
s 11592 4 1
s 11593 6 2
s 11594 48 19
s 11595 9 5
s 11596 28 16
s 11597 3 1
s 11598 8 3
s 11599 7 3
s 11600 17 9
s 11601 7 2
s 11602 3 0
s 11603 10 5
s 11604 25 12
s 11605 46 25
s 11606 44 19
s 11607 29 16
s 11608 13 6
s 11609 3 1
s 11610 10 6
s 11611 8 6
s 11612 7 3
s 11613 19 12
s 11614 8 4
s 11615 5 2
s 11616 39 18
s 11617 24 6
s 11618 21 9
s 11619 17 4
s 11620 27 9
s 11621 20 8
s 11622 10 5
s 11623 1 0
s 11624 25 12
s 11625 24 16
s 11626 27 17
s 11627 18 8
s 11628 44 17
s 11629 18 12
s 11630 8 3
s 11631 17 13
s 11632 9 3
s 11633 15 6
s 11634 5 1
s 11639 15 6
s 11640 19 8
s 11641 16 7
s 11643 34 18
s 11646 16 8
s 11648 38 17
s 11649 11 2
s 11651 24 10
s 11655 50 33
s 11656 7 4
s 11657 15 10
s 11658 9 6
s 11665 16 11
s 11675 6 2
s 11823 52 28
s 11824 29 12
s 11825 138 73
s 11826 60 24
s 11827 60 33
s 11828 16 7
s 11829 27 15
s 11830 42 24
s 11831 110 49
s 11832 9 3
s 11833 11 4
s 11834 24 8
s 11835 15 9
s 11836 183 95
s 11837 12 2
s 11838 73 40
s 11839 11 7
s 11840 97 43
s 11841 11 5
s 11842 3 2
s 11843 11 4
s 11844 42 22
s 11845 70 33
s 11846 42 21
s 11847 153 76
s 11848 7 4
s 11849 11 5
s 11850 188 77
s 11851 100 46
s 11852 126 68
s 11853 19 8
s 11854 24 13
s 11855 57 19
s 11856 15 7
s 11857 16 9
s 11858 8 3
s 11859 50 25
s 11860 151 78
s 11861 265 131
s 11862 263 136
s 11863 141 73
s 11864 38 22
s 11865 3 1
s 11866 78 40
s 11867 41 23
s 11868 10 5
s 11869 23 12
s 11870 6 3
s 11871 13 9
s 11872 121 46
s 11873 77 36
s 11874 86 39
s 11875 47 20
s 11876 166 86
s 11877 116 52
s 11878 15 6
s 11879 10 3
s 11880 76 36
s 11881 147 68
s 11882 128 66
s 11883 107 62
s 11884 184 79
s 11885 14 7
s 11886 74 41
s 11887 59 31
s 11888 130 75
s 11889 32 21
s 11890 17 6
s 11895 127 72
s 11896 71 40
s 11897 102 48
s 11899 261 114
s 11902 74 29
s 11904 209 95
s 11905 71 39
s 11907 107 48
s 11911 219 110
s 11912 35 14
s 11913 41 20
s 11914 7 3
s 11921 15 4
s 11931 38 24
s 12080 139 68
s 12081 119 66
s 12082 66 31
s 12083 72 36
s 12084 13 8
s 12085 62 35
s 12086 308 145
s 12087 92 50
s 12088 30 13
s 12089 20 12
s 12090 15 6
s 12091 11 6
s 12092 142 73
s 12093 6 1
s 12094 89 51
s 12095 34 17
s 12096 158 70
s 12097 7 4
s 12098 3 2
s 12099 112 54
s 12100 47 20
s 12101 86 48
s 12102 138 77
s 12103 216 102
s 12104 18 5
s 12105 19 6
s 12106 80 41
s 12107 115 49
s 12108 55 35
s 12109 13 5
s 12110 29 11
s 12111 38 11
s 12112 46 23
s 12113 36 15
s 12114 8 5
s 12115 42 20
s 12116 183 77
s 12117 299 159
s 12118 239 126
s 12119 138 69
s 12120 54 30
s 12121 10 5
s 12122 35 16
s 12123 45 28
s 12124 16 9
s 12125 90 52
s 12126 39 20
s 12127 25 10
s 12128 129 64
s 12129 92 40
s 12130 63 30
s 12131 45 18
s 12132 139 74
s 12133 108 46
s 12134 29 19
s 12135 10 3
s 12136 88 36
s 12137 149 77
s 12138 52 26
s 12139 81 45
s 12140 172 86
s 12141 74 37
s 12142 50 24
s 12143 57 24
s 12144 117 58
s 12145 13 5
s 12146 26 9
s 12151 150 77
s 12152 43 22
s 12153 134 69
s 12155 243 101
s 12158 26 11
s 12160 192 98
s 12161 50 24
s 12163 109 45
s 12167 192 78
s 12168 35 16
s 12169 29 11
s 12170 31 16
s 12177 53 22
s 12187 31 21
s 12337 333 202
s 12338 129 63
s 12339 145 61
s 12340 41 21
s 12341 62 22
s 12342 4 2
s 12343 251 136
s 12344 25 12
s 12345 37 17
s 12346 36 14
s 12347 37 17
s 12348 465 255
s 12349 27 12
s 12350 166 106
s 12351 29 16
s 12352 198 116
s 12353 33 16
s 12354 11 8
s 12355 4 2
s 12356 85 35
s 12357 217 105
s 12358 8 5
s 12359 397 214
s 12360 22 12
s 12361 21 14
s 12362 348 192
s 12363 171 78
s 12364 268 134
s 12365 40 23
s 12366 80 43
s 12367 148 72
s 12368 11 6
s 12369 29 14
s 12370 31 15
s 12371 87 40
s 12372 357 187
s 12373 611 326
s 12374 641 350
s 12375 300 156
s 12376 117 70
s 12378 192 110
s 12379 131 73
s 12380 48 27
s 12381 66 40
s 12382 4 0
s 12383 3 1
s 12384 306 136
s 12385 190 98
s 12386 223 105
s 12387 94 41
s 12388 309 160
s 12389 249 117
s 12390 37 20
s 12391 22 15
s 12392 125 60
s 12393 322 173
s 12394 353 203
s 12395 212 113
s 12396 357 172
s 12397 3 1
s 12398 166 78
s 12399 156 69
s 12400 340 161
s 12401 67 32
s 12402 29 16
s 12407 330 167
s 12408 215 106
s 12409 287 150
s 12411 608 306
s 12414 163 81
s 12416 516 252
s 12417 150 79
s 12419 272 148
s 12423 463 258
s 12424 80 41
s 12425 119 51
s 12426 8 4
s 12433 50 26
s 12443 69 37
s 12594 155 82
s 12595 106 56
s 12596 30 19
s 12597 135 71
s 12598 621 350
s 12599 208 133
s 12600 65 32
s 12601 33 20
s 12602 56 29
s 12603 28 15
s 12604 254 144
s 12605 23 14
s 12606 222 144
s 12607 53 26
s 12608 253 132
s 12609 18 12
s 12610 12 7
s 12611 203 111
s 12612 108 52
s 12613 203 106
s 12614 231 123
s 12615 344 200
s 12616 47 25
s 12617 27 10
s 12618 198 109
s 12619 185 89
s 12620 163 83
s 12621 24 12
s 12622 77 44
s 12623 101 56
s 12624 105 60
s 12625 40 20
s 12626 11 7
s 12627 63 34
s 12628 225 124
s 12629 490 274
s 12630 584 323
s 12631 373 203
s 12632 122 72
s 12633 25 11
s 12634 127 76
s 12635 112 70
s 12636 32 23
s 12637 178 103
s 12638 75 38
s 12639 57 37
s 12640 175 94
s 12641 111 56
s 12642 138 76
s 12643 61 30
s 12644 290 157
s 12645 236 115
s 12646 28 18
s 12647 12 8
s 12648 92 48
s 12649 374 219
s 12650 130 69
s 12651 116 59
s 12652 236 116
s 12653 169 96
s 12654 178 108
s 12655 155 83
s 12656 392 236
s 12657 40 17
s 12658 63 40
s 12663 432 250
s 12664 100 49
s 12665 375 207
s 12667 666 345
s 12670 78 37
s 12672 433 231
s 12673 61 37
s 12675 337 210
s 12679 435 267
s 12680 52 34
s 12681 79 42
s 12682 75 41
s 12689 106 54
s 12699 73 53
s 12851 27 12
s 12852 25 11
s 12853 114 60
s 12854 306 150
s 12855 78 45
s 12856 29 15
s 12857 10 3
s 12858 9 6
s 12859 31 14
s 12860 160 74
s 12861 17 11
s 12862 62 39
s 12863 14 5
s 12864 39 14
s 12865 11 3
s 12866 3 0
s 12867 112 59
s 12868 32 10
s 12869 75 38
s 12870 146 81
s 12871 121 64
s 12872 17 12
s 12873 15 8
s 12874 196 100
s 12875 44 23
s 12876 110 59
s 12877 10 6
s 12878 45 18
s 12879 21 12
s 12880 50 20
s 12881 33 17
s 12882 11 7
s 12883 10 6
s 12884 81 34
s 12885 128 61
s 12886 184 101
s 12887 35 10
s 12888 36 21
s 12889 10 7
s 12890 67 39
s 12891 30 11
s 12892 18 9
s 12893 72 33
s 12894 40 19
s 12895 20 12
s 12896 123 52
s 12897 66 29
s 12898 85 44
s 12899 52 20
s 12900 57 25
s 12901 74 33
s 12902 10 8
s 12903 9 3
s 12904 83 47
s 12905 117 53
s 12906 136 63
s 12907 87 45
s 12908 118 57
s 12909 84 39
s 12910 66 37
s 12911 14 9
s 12912 26 9
s 12913 43 20
s 12914 32 19
s 12919 85 45
s 12920 113 45
s 12921 60 29
s 12923 185 94
s 12926 59 30
s 12928 171 83
s 12929 37 19
s 12931 32 18
s 12935 214 110
s 12936 29 13
s 12937 72 30
s 12938 20 9
s 12945 62 25
s 12955 17 11
s 13108 15 5
s 13109 75 33
s 13110 194 89
s 13111 183 96
s 13112 39 18
s 13113 17 11
s 13114 11 6
s 13115 20 9
s 13116 93 40
s 13117 1 0
s 13118 15 12
s 13119 16 7
s 13120 50 25
s 13121 8 5
s 13122 1 1
s 13123 69 36
s 13124 30 16
s 13125 59 28
s 13126 68 36
s 13127 43 17
s 13128 27 14
s 13129 7 2
s 13130 147 75
s 13131 36 19
s 13132 80 41
s 13133 10 6
s 13134 27 11
s 13135 22 7
s 13136 41 18
s 13137 15 6
s 13138 13 4
s 13139 12 8
s 13140 33 16
s 13141 77 38
s 13142 162 73
s 13143 81 44
s 13144 8 5
s 13145 6 2
s 13146 69 35
s 13147 32 27
s 13148 12 3
s 13149 54 25
s 13150 21 9
s 13151 10 5
s 13152 103 47
s 13153 45 22
s 13154 71 31
s 13155 19 10
s 13156 26 10
s 13157 56 25
s 13158 4 1
s 13159 4 2
s 13160 45 20
s 13161 67 32
s 13162 116 60
s 13163 85 44
s 13164 134 51
s 13165 73 36
s 13166 65 41
s 13167 26 14
s 13168 66 31
s 13169 31 16
s 13170 26 13
s 13175 81 42
s 13176 95 46
s 13177 42 23
s 13179 148 68
s 13182 60 23
s 13184 156 65
s 13185 47 23
s 13187 55 30
s 13191 188 102
s 13192 18 10
s 13193 35 22
s 13194 21 8
s 13201 43 23
s 13211 28 14
s 13365 23 12
s 13366 121 59
s 13367 34 22
s 13368 2 2
s 13369 4 2
s 13370 6 3
s 13371 1 1
s 13372 62 31
s 13373 2 2
s 13374 15 8
s 13375 11 9
s 13376 56 27
s 13377 1 0
s 13378 1 0
s 13379 31 14
s 13380 14 7
s 13381 27 13
s 13382 44 17
s 13383 69 42
s 13384 8 6
s 13385 6 1
s 13386 17 7
s 13387 39 19
s 13388 10 7
s 13389 3 3
s 13390 10 6
s 13391 18 8
s 13392 16 6
s 13393 5 3
s 13395 15 8
s 13396 44 22
s 13397 90 42
s 13398 69 35
s 13399 45 25
s 13400 19 12
s 13401 2 0
s 13402 16 10
s 13403 112 72
s 13404 11 5
s 13405 19 12
s 13406 13 7
s 13407 6 4
s 13408 47 18
s 13409 36 19
s 13410 21 4
s 13411 10 4
s 13412 38 17
s 13413 34 15
s 13414 11 5
s 13415 4 1
s 13416 31 16
s 13417 44 27
s 13418 12 9
s 13419 17 9
s 13420 70 35
s 13421 28 12
s 13422 22 12
s 13423 24 11
s 13424 44 20
s 13425 12 9
s 13426 7 2
s 13431 41 26
s 13432 7 3
s 13433 35 22
s 13435 83 35
s 13438 5 1
s 13440 69 36
s 13441 26 15
s 13443 33 17
s 13447 78 38
s 13448 14 9
s 13449 10 3
s 13450 8 4
s 13457 13 9
s 13467 15 10
s 13622 113 43
s 13623 94 45
s 13624 16 5
s 13625 10 5
s 13626 25 10
s 13627 26 8
s 13628 130 69
s 13629 12 6
s 13630 99 53
s 13631 17 8
s 13632 111 52
s 13633 13 6
s 13634 10 3
s 13635 45 16
s 13636 35 16
s 13637 103 46
s 13638 61 28
s 13639 208 101
s 13640 10 7
s 13641 11 3
s 13642 134 72
s 13643 81 32
s 13644 91 49
s 13645 29 20
s 13646 37 22
s 13647 52 25
s 13648 20 13
s 13649 17 5
s 13650 9 5
s 13651 41 17
s 13652 149 63
s 13653 195 82
s 13654 204 117
s 13655 106 48
s 13656 49 17
s 13657 7 4
s 13658 48 25
s 13659 43 24
s 13660 6 2
s 13661 40 27
s 13662 20 9
s 13663 11 5
s 13664 139 60
s 13665 56 23
s 13666 80 35
s 13667 37 14
s 13668 173 93
s 13669 93 38
s 13670 13 5
s 13671 6 2
s 13672 61 25
s 13673 128 76
s 13674 124 59
s 13675 79 36
s 13676 178 83
s 13677 31 13
s 13678 67 32
s 13679 43 17
s 13680 123 64
s 13681 32 15
s 13682 30 18
s 13687 148 71
s 13688 89 51
s 13689 86 38
s 13691 240 100
s 13694 53 25
s 13696 162 71
s 13697 57 28
s 13699 108 62
s 13703 189 83
s 13704 31 13
s 13705 40 29
s 13706 19 11
s 13713 31 18
s 13723 46 27
s 13879 483 277
s 13880 56 27
s 13881 63 36
s 13882 85 40
s 13883 98 40
s 13884 836 424
s 13885 34 17
s 13886 339 205
s 13887 45 22
s 13888 511 277
s 13889 41 19
s 13890 20 12
s 13891 3 1
s 13892 223 119
s 13893 465 219
s 13894 21 11
s 13895 887 482
s 13896 35 17
s 13897 24 12
s 13898 772 434
s 13899 419 206
s 13900 530 288
s 13901 83 51
s 13902 157 79
s 13903 259 124
s 13904 27 9
s 13905 59 33
s 13906 39 21
s 13907 139 76
s 13908 469 250
s 13909 1005 526
s 13910 1141 615
s 13911 648 348
s 13912 241 142
s 13913 3 1
s 13914 293 166
s 13915 165 81
s 13916 77 48
s 13917 108 62
s 13918 4 0
s 13919 5 2
s 13920 562 274
s 13921 382 191
s 13922 411 209
s 13923 170 78
s 13924 455 246
s 13925 456 216
s 13926 83 40
s 13927 30 16
s 13928 382 185
s 13929 586 325
s 13930 565 293
s 13931 392 217
s 13932 726 373
s 13933 7 4
s 13934 344 182
s 13935 315 165
s 13936 730 415
s 13937 158 74
s 13938 52 29
s 13943 605 296
s 13944 468 249
s 13945 695 375
s 13947 1117 558
s 13950 313 158
s 13952 1054 547
s 13953 239 125
s 13955 552 306
s 13959 942 520
s 13960 137 75
s 13961 237 126
s 13962 14 9
s 13969 87 50
s 13979 113 68
s 14136 55 29
s 14137 12 5
s 14138 23 7
s 14139 29 17
s 14140 10 6
s 14141 22 12
s 14142 390 246
s 14143 35 17
s 14144 155 83
s 14145 14 5
s 14146 6 5
s 14147 119 64
s 14148 55 28
s 14149 16 6
s 14150 172 99
s 14151 628 359
s 14152 27 12
s 14153 16 9
s 14154 251 155
s 14155 115 63
s 14156 202 118
s 14157 3 1
s 14158 2 0
s 14159 72 32
s 14160 73 40
s 14161 16 8
s 14162 18 8
s 14163 71 37
s 14164 125 72
s 14165 262 129
s 14166 285 135
s 14167 251 139
s 14168 135 82
s 14169 12 7
s 14170 107 55
s 14171 64 37
s 14172 14 8
s 14173 128 78
s 14174 63 25
s 14175 29 15
s 14176 12 9
s 14177 34 16
s 14178 28 11
s 14179 5 3
s 14180 275 151
s 14181 76 36
s 14182 23 15
s 14183 13 10
s 14184 8 2
s 14185 188 101
s 14186 262 164
s 14187 173 104
s 14188 15 10
s 14189 152 78
s 14190 81 44
s 14191 72 38
s 14192 239 135
s 14193 35 18
s 14194 40 25
s 14199 207 95
s 14200 141 68
s 14201 146 79
s 14203 365 180
s 14206 96 43
s 14208 274 148
s 14209 6 2
s 14211 174 95
s 14215 27 18
s 14216 56 36
s 14217 25 13
s 14218 37 17
s 14225 84 43
s 14235 28 16
s 14393 11 5
s 14394 8 4
s 14395 10 6
s 14396 89 45
s 14397 4 3
s 14398 40 19
s 14399 7 4
s 14400 67 36
s 14401 7 3
s 14402 4 3
s 14403 8 3
s 14404 32 13
s 14405 47 21
s 14406 20 9
s 14407 112 55
s 14408 9 6
s 14409 6 2
s 14410 80 42
s 14411 49 22
s 14412 57 26
s 14413 10 4
s 14414 21 8
s 14415 26 12
s 14416 7 4
s 14417 10 5
s 14418 3 1
s 14419 25 10
s 14420 100 51
s 14421 136 60
s 14422 132 64
s 14423 80 40
s 14424 30 17
s 14425 7 2
s 14426 35 12
s 14427 25 12
s 14428 10 6
s 14429 19 7
s 14430 8 6
s 14431 5 2
s 14432 69 27
s 14433 40 18
s 14434 34 14
s 14435 26 14
s 14436 92 44
s 14437 56 31
s 14438 17 9
s 14439 7 5
s 14440 65 32
s 14441 82 41
s 14442 74 41
s 14443 68 31
s 14444 116 50
s 14445 11 4
s 14446 48 23
s 14447 34 11
s 14448 68 35
s 14449 19 9
s 14450 7 3
s 14455 87 48
s 14456 48 26
s 14457 68 39
s 14459 147 60
s 14462 26 9
s 14464 98 44
s 14465 27 9
s 14467 66 23
s 14471 107 54
s 14472 21 10
s 14473 24 13
s 14474 8 5
s 14481 12 2
s 14491 20 11
s 14650 5 3
s 14651 8 3
s 14652 23 12
s 14653 3 0
s 14654 10 4
s 14655 5 4
s 14656 18 10
s 14657 4 2
s 14658 2 0
s 14659 24 15
s 14660 16 9
s 14661 16 10
s 14662 26 11
s 14663 32 17
s 14664 6 2
s 14665 4 3
s 14666 51 28
s 14667 17 8
s 14668 35 21
s 14669 1 0
s 14670 6 3
s 14671 8 4
s 14672 8 5
s 14674 4 3
s 14675 2 1
s 14676 22 9
s 14677 34 18
s 14678 63 38
s 14679 19 14
s 14680 10 6
s 14681 5 2
s 14682 17 10
s 14683 13 4
s 14684 2 0
s 14685 17 8
s 14686 13 7
s 14687 9 4
s 14688 19 10
s 14689 12 5
s 14690 14 6
s 14691 11 5
s 14692 19 9
s 14693 17 10
s 14694 4 1
s 14696 13 9
s 14697 22 14
s 14698 16 6
s 14699 20 12
s 14700 28 14
s 14701 15 6
s 14702 11 1
s 14703 9 2
s 14704 20 11
s 14705 9 6
s 14706 4 2
s 14711 15 6
s 14712 19 11
s 14713 21 10
s 14715 35 16
s 14718 11 4
s 14720 45 26
s 14721 7 3
s 14723 14 5
s 14727 37 20
s 14728 12 7
s 14729 5 4
s 14730 9 6
s 14737 11 3
s 14747 6 4
s 14907 5 1
s 14908 39 18
s 14909 4 2
s 14910 29 16
s 14911 9 7
s 14912 14 8
s 14913 5 3
s 14914 3 2
s 14915 16 10
s 14916 3 2
s 14917 34 21
s 14918 36 14
s 14919 29 18
s 14920 7 6
s 14921 5 4
s 14922 58 29
s 14923 7 1
s 14924 41 22
s 14925 12 6
s 14926 13 12
s 14927 6 1
s 14928 17 10
s 14929 4 3
s 14930 3 1
s 14931 5 4
s 14932 25 16
s 14933 43 22
s 14934 51 32
s 14935 18 7
s 14936 10 5
s 14937 2 2
s 14938 25 12
s 14939 13 7
s 14940 8 4
s 14941 30 19
s 14942 11 6
s 14943 7 5
s 14944 46 22
s 14945 24 14
s 14946 23 6
s 14947 14 5
s 14948 25 13
s 14949 24 14
s 14950 1 1
s 14951 2 1
s 14952 17 10
s 14953 29 16
s 14954 53 25
s 14955 37 20
s 14956 43 21
s 14957 29 13
s 14958 16 7
s 14959 12 4
s 14960 15 8
s 14961 6 4
s 14962 12 6
s 14967 59 33
s 14968 34 17
s 14969 25 11
s 14971 61 23
s 14974 22 10
s 14976 40 19
s 14977 22 10
s 14979 20 12
s 14983 71 43
s 14984 9 7
s 14985 18 9
s 14986 9 4
s 14993 20 11
s 15003 18 11
s 15164 59 23
s 15165 6 2
s 15166 29 18
s 15167 10 7
s 15168 34 20
s 15169 3 2
s 15170 4 3
s 15171 28 9
s 15172 17 6
s 15173 27 10
s 15174 54 27
s 15175 72 31
s 15176 3 2
s 15177 6 3
s 15178 17 10
s 15179 30 13
s 15180 14 7
s 15181 7 6
s 15182 6 3
s 15183 18 4
s 15184 27 10
s 15185 12 4
s 15187 9 4
s 15188 57 28
s 15189 87 39
s 15190 92 36
s 15191 44 14
s 15192 15 9
s 15193 7 3
s 15194 8 4
s 15195 20 9
s 15196 8 4
s 15197 29 11
s 15198 8 4
s 15199 9 9
s 15200 39 12
s 15201 25 13
s 15202 31 15
s 15203 15 8
s 15204 58 34
s 15205 46 27
s 15206 9 5
s 15207 4 3
s 15208 23 10
s 15209 41 15
s 15210 10 3
s 15211 10 5
s 15212 53 23
s 15213 29 14
s 15214 24 11
s 15215 30 17
s 15216 52 27
s 15217 4 0
s 15218 19 7
s 15223 55 32
s 15224 17 6
s 15225 32 17
s 15227 77 37
s 15230 7 5
s 15232 51 19
s 15233 18 7
s 15235 35 14
s 15239 65 32
s 15240 7 3
s 15241 20 14
s 15242 7 4
s 15249 14 7
s 15259 6 3
s 15421 27 14
s 15422 200 128
s 15423 66 32
s 15424 258 131
s 15425 25 11
s 15426 8 3
s 15427 297 141
s 15428 115 55
s 15429 34 15
s 15430 376 181
s 15431 427 222
s 15432 39 20
s 15433 41 25
s 15434 503 274
s 15435 296 155
s 15436 346 192
s 15437 8 3
s 15438 12 7
s 15439 142 73
s 15440 120 65
s 15441 23 13
s 15442 28 20
s 15443 104 57
s 15444 319 160
s 15445 635 324
s 15446 695 358
s 15447 419 219
s 15448 112 53
s 15449 18 10
s 15450 191 99
s 15451 183 104
s 15452 25 12
s 15453 207 101
s 15454 88 47
s 15455 31 13
s 15456 14 6
s 15457 95 44
s 15458 73 38
s 15459 16 7
s 15460 354 171
s 15461 249 116
s 15462 41 12
s 15463 23 15
s 15464 19 10
s 15465 356 196
s 15466 400 209
s 15467 213 119
s 15468 29 12
s 15469 175 83
s 15470 54 27
s 15471 168 81
s 15472 403 223
s 15473 130 60
s 15474 62 30
s 15479 424 208
s 15480 205 108
s 15481 496 248
s 15483 756 347
s 15486 157 85
s 15488 620 305
s 15489 9 5
s 15491 316 165
s 15495 24 10
s 15496 71 43
s 15497 43 22
s 15498 92 36
s 15505 135 61
s 15515 30 14
s 15678 18 10
s 15679 8 1
s 15680 11 5
s 15681 2 1
s 15682 2 0
s 15683 8 4
s 15684 11 5
s 15685 15 8
s 15686 20 12
s 15687 37 18
s 15688 1 0
s 15689 3 2
s 15690 20 13
s 15691 16 5
s 15692 6 3
s 15693 4 4
s 15694 8 3
s 15695 10 4
s 15696 8 4
s 15697 4 3
s 15698 4 1
s 15699 9 2
s 15700 21 8
s 15701 42 25
s 15702 32 21
s 15703 30 16
s 15704 6 3
s 15705 2 0
s 15706 12 4
s 15707 14 10
s 15708 5 3
s 15709 9 5
s 15710 5 1
s 15711 2 2
s 15712 18 7
s 15713 14 8
s 15714 6 3
s 15715 12 5
s 15716 26 12
s 15717 20 10
s 15718 5 1
s 15719 1 1
s 15720 16 7
s 15721 20 10
s 15722 13 9
s 15723 6 4
s 15724 16 8
s 15725 13 7
s 15726 15 8
s 15727 9 4
s 15728 30 12
s 15729 6 2
s 15730 4 0
s 15735 22 9
s 15736 7 2
s 15737 25 15
s 15739 54 25
s 15742 4 3
s 15744 26 17
s 15745 6 4
s 15747 16 11
s 15751 32 12
s 15752 11 5
s 15753 2 1
s 15754 4 1
s 15761 11 4
s 15771 8 3
s 15935 16 4
s 15936 70 45
s 15937 21 13
s 15938 6 2
s 15939 119 65
s 15940 28 19
s 15941 95 51
s 15942 122 65
s 15943 28 15
s 15944 13 5
s 15945 15 13
s 15946 179 113
s 15947 44 25
s 15948 144 76
s 15949 40 28
s 15950 44 29
s 15951 45 25
s 15952 56 35
s 15953 27 20
s 15954 14 7
s 15955 30 19
s 15956 67 35
s 15957 135 77
s 15958 93 58
s 15959 136 83
s 15960 9 5
s 15961 12 9
s 15962 69 43
s 15963 63 44
s 15964 21 10
s 15965 101 57
s 15966 34 16
s 15967 25 17
s 15968 142 78
s 15969 64 39
s 15970 111 69
s 15971 33 15
s 15972 85 51
s 15973 48 21
s 15974 11 5
s 15975 3 3
s 15976 58 28
s 15977 93 62
s 15978 207 125
s 15979 80 54
s 15980 170 81
s 15981 96 52
s 15982 55 36
s 15983 70 42
s 15984 186 123
s 15985 38 20
s 15986 24 14
s 15991 74 35
s 15992 119 73
s 15993 82 50
s 15995 131 73
s 15998 72 48
s 16000 147 89
s 16001 39 21
s 16003 103 65
s 16007 218 138
s 16008 30 19
s 16009 52 32
s 16010 34 21
s 16017 64 37
s 16027 38 23
s 16192 34 13
s 16193 4 1
s 16195 22 13
s 16196 16 5
s 16197 24 11
s 16198 21 12
s 16199 59 31
s 16200 7 2
s 16201 4 2
s 16202 74 37
s 16203 44 24
s 16204 53 27
s 16205 8 4
s 16206 12 4
s 16207 15 5
s 16208 9 3
s 16209 11 5
s 16210 2 1
s 16211 10 5
s 16212 67 32
s 16213 87 42
s 16214 69 38
s 16215 49 28
s 16216 22 12
s 16217 3 2
s 16218 16 7
s 16219 23 12
s 16220 6 4
s 16221 18 12
s 16222 11 5
s 16223 1 1
s 16224 47 21
s 16225 25 11
s 16226 39 18
s 16227 25 6
s 16228 57 32
s 16229 34 17
s 16230 14 10
s 16231 7 5
s 16232 37 18
s 16233 39 17
s 16234 57 30
s 16235 32 16
s 16236 68 33
s 16237 11 5
s 16238 35 21
s 16239 16 9
s 16240 31 16
s 16241 18 8
s 16242 13 5
s 16247 54 28
s 16248 20 6
s 16249 73 37
s 16251 63 29
s 16254 28 15
s 16256 69 36
s 16257 27 14
s 16259 36 16
s 16263 95 59
s 16264 11 8
s 16265 17 9
s 16266 5 2
s 16273 9 3
s 16283 10 5
s 16449 25 9
s 16450 7 3
s 16451 146 63
s 16452 36 16
s 16453 140 72
s 16454 235 105
s 16455 223 98
s 16456 35 18
s 16457 32 15
s 16458 257 128
s 16459 75 36
s 16460 206 106
s 16461 28 20
s 16462 53 25
s 16463 43 19
s 16464 73 34
s 16465 53 15
s 16466 14 8
s 16467 23 11
s 16468 130 62
s 16469 250 109
s 16470 313 159
s 16471 92 42
s 16472 66 35
s 16473 18 10
s 16474 92 50
s 16475 57 32
s 16476 26 9
s 16477 148 79
s 16478 62 31
s 16479 31 18
s 16480 194 84
s 16481 152 79
s 16482 135 54
s 16483 77 33
s 16484 132 68
s 16485 93 47
s 16486 22 10
s 16487 8 3
s 16488 135 64
s 16489 113 56
s 16490 215 112
s 16491 122 65
s 16492 322 148
s 16493 122 54
s 16494 111 53
s 16495 45 23
s 16496 77 37
s 16497 61 31
s 16498 59 26
s 16503 130 75
s 16504 145 73
s 16505 79 30
s 16507 235 108
s 16510 99 44
s 16512 305 152
s 16513 143 67
s 16515 89 49
s 16519 358 191
s 16520 39 20
s 16521 68 33
s 16522 48 24
s 16529 84 46
s 16539 47 24
s 16706 3 2
s 16707 14 7
s 16708 6 2
s 16709 21 12
s 16710 18 9
s 16711 29 17
s 16712 4 3
s 16713 4 2
s 16714 24 16
s 16715 18 7
s 16716 11 4
s 16717 6 3
s 16718 7 5
s 16719 5 1
s 16720 13 6
s 16721 4 2
s 16722 3 3
s 16723 3 2
s 16724 21 13
s 16725 36 21
s 16726 63 39
s 16727 26 14
s 16728 12 2
s 16729 1 0
s 16730 12 9
s 16731 9 4
s 16732 2 1
s 16733 17 11
s 16734 2 0
s 16735 7 4
s 16736 13 4
s 16737 14 6
s 16738 10 5
s 16739 3 2
s 16740 31 15
s 16741 15 10
s 16742 2 1
s 16744 7 2
s 16745 27 19
s 16746 24 9
s 16747 13 8
s 16748 24 10
s 16749 20 11
s 16750 15 9
s 16751 9 6
s 16752 25 14
s 16753 3 1
s 16754 7 5
s 16759 20 10
s 16760 18 9
s 16761 15 11
s 16763 29 9
s 16766 7 5
s 16768 30 12
s 16769 8 6
s 16771 22 12
s 16775 32 17
s 16776 14 5
s 16777 8 6
s 16778 6 2
s 16785 7 3
s 16795 17 11
s 16963 6 2
s 16964 5 1
s 16965 8 5
s 16966 5 3
s 16967 7 1
s 16968 1 1
s 16969 3 0
s 16970 13 7
s 16971 4 1
s 16972 10 5
s 16973 6 5
s 16974 7 3
s 16975 8 1
s 16976 5 0
s 16977 5 2
s 16978 11 3
s 16979 3 0
s 16980 7 3
s 16981 11 2
s 16982 18 14
s 16983 10 3
s 16984 8 3
s 16985 1 0
s 16986 4 4
s 16987 13 5
s 16988 10 3
s 16989 6 4
s 16990 4 2
s 16992 9 5
s 16993 7 5
s 16994 3 3
s 16995 1 1
s 16996 6 3
s 16997 10 5
s 16998 1 0
s 16999 3 0
s 17000 7 6
s 17001 11 3
s 17002 9 5
s 17003 9 5
s 17004 11 7
s 17005 9 8
s 17006 2 1
s 17007 5 1
s 17008 5 2
s 17009 7 2
s 17010 6 2
s 17015 6 3
s 17016 3 1
s 17017 4 1
s 17019 12 7
s 17022 5 2
s 17024 13 8
s 17025 4 2
s 17027 2 2
s 17031 14 4
s 17032 3 0
s 17033 1 1
s 17034 1 1
s 17041 6 4
s 17051 5 1
s 17220 66 34
s 17221 132 73
s 17222 4 3
s 17223 286 155
s 17224 15 8
s 17225 7 2
s 17226 295 165
s 17227 168 80
s 17228 207 107
s 17229 20 5
s 17230 51 25
s 17231 80 36
s 17232 13 7
s 17233 25 12
s 17234 20 7
s 17235 57 27
s 17236 166 76
s 17237 393 201
s 17238 351 182
s 17239 216 115
s 17240 63 39
s 17241 2 0
s 17242 103 53
s 17243 54 30
s 17244 21 9
s 17245 20 9
s 17246 1 0
s 17247 4 1
s 17248 166 94
s 17249 134 63
s 17250 120 61
s 17251 65 29
s 17252 121 61
s 17253 152 75
s 17254 31 9
s 17255 12 6
s 17256 132 66
s 17257 219 103
s 17258 196 101
s 17259 146 79
s 17260 301 137
s 17261 1 0
s 17262 135 69
s 17263 98 59
s 17264 211 123
s 17265 50 19
s 17266 13 7
s 17271 191 90
s 17272 108 50
s 17273 250 135
s 17275 405 186
s 17278 94 41
s 17280 334 166
s 17281 101 48
s 17283 177 105
s 17287 376 205
s 17288 41 22
s 17289 80 43
s 17290 6 2
s 17297 21 13
s 17307 42 27
s 17477 46 17
s 17478 73 38
s 17479 91 39
s 17480 9 1
s 17481 16 9
s 17482 131 58
s 17483 29 13
s 17484 83 40
s 17485 10 8
s 17486 16 10
s 17487 17 7
s 17488 24 10
s 17489 29 15
s 17490 10 7
s 17491 18 9
s 17492 59 31
s 17493 76 35
s 17494 125 60
s 17495 44 22
s 17496 32 18
s 17497 8 4
s 17498 32 20
s 17499 23 13
s 17500 10 3
s 17501 80 42
s 17502 30 14
s 17503 16 7
s 17504 103 53
s 17505 70 33
s 17506 56 24
s 17507 31 10
s 17508 60 29
s 17509 41 17
s 17510 13 4
s 17511 2 2
s 17512 63 27
s 17513 60 26
s 17514 81 44
s 17515 60 36
s 17516 127 47
s 17517 64 25
s 17518 38 21
s 17519 18 7
s 17520 41 18
s 17521 31 18
s 17522 28 10
s 17527 52 22
s 17528 52 20
s 17529 34 14
s 17531 113 41
s 17534 35 17
s 17536 109 51
s 17537 54 28
s 17539 30 11
s 17543 152 64
s 17544 25 12
s 17545 30 16
s 17546 30 17
s 17553 39 16
s 17563 12 5
s 17734 165 83
s 17735 214 113
s 17736 27 14
s 17737 22 13
s 17738 230 113
s 17739 136 69
s 17740 184 99
s 17741 7 5
s 17742 17 11
s 17743 106 52
s 17744 82 38
s 17745 21 11
s 17746 9 1
s 17747 74 44
s 17748 161 83
s 17749 312 159
s 17750 429 231
s 17751 203 103
s 17752 81 48
s 17753 10 6
s 17754 103 55
s 17755 57 31
s 17756 9 3
s 17757 126 75
s 17758 38 13
s 17759 31 18
s 17760 21 8
s 17761 52 27
s 17762 46 27
s 17763 10 4
s 17764 175 82
s 17765 124 59
s 17766 21 11
s 17767 6 6
s 17768 19 8
s 17769 213 120
s 17770 264 143
s 17771 122 59
s 17772 21 9
s 17773 135 69
s 17774 91 46
s 17775 77 41
s 17776 261 138
s 17777 50 27
s 17778 50 25
s 17783 276 155
s 17784 154 78
s 17785 469 240
s 17787 450 208
s 17790 107 46
s 17792 307 138
s 17793 8 6
s 17795 198 101
s 17799 53 31
s 17800 33 16
s 17801 29 20
s 17802 50 26
s 17809 94 50
s 17819 37 18
s 17991 324 183
s 17992 17 10
s 17993 14 7
s 17994 393 213
s 17995 198 106
s 17996 242 129
s 17997 22 13
s 17998 70 41
s 17999 78 41
s 18000 9 2
s 18001 25 9
s 18002 14 6
s 18003 38 21
s 18004 228 102
s 18005 401 195
s 18006 449 220
s 18007 304 152
s 18008 90 48
s 18010 99 51
s 18011 78 42
s 18012 26 14
s 18013 35 19
s 18014 4 1
s 18015 5 2
s 18016 247 114
s 18017 186 90
s 18018 158 63
s 18019 58 27
s 18020 184 91
s 18021 207 97
s 18022 39 17
s 18023 14 8
s 18024 164 83
s 18025 245 131
s 18026 215 105
s 18027 170 84
s 18028 312 157
s 18029 7 5
s 18030 148 66
s 18031 110 64
s 18032 217 111
s 18033 64 32
s 18034 25 13
s 18039 259 129
s 18040 165 92
s 18041 324 168
s 18043 416 199
s 18046 118 56
s 18048 445 205
s 18049 141 60
s 18051 209 98
s 18055 435 216
s 18056 53 30
s 18057 80 48
s 18058 4 2
s 18065 34 14
s 18075 36 16
s 18248 48 20
s 18249 44 23
s 18250 475 273
s 18251 216 102
s 18252 341 186
s 18253 41 22
s 18254 73 43
s 18255 79 40
s 18256 139 67
s 18257 61 28
s 18258 38 21
s 18259 67 33
s 18260 187 90
s 18261 379 191
s 18262 360 189
s 18263 377 215
s 18264 58 28
s 18265 27 15
s 18266 156 95
s 18267 168 93
s 18268 48 26
s 18269 276 143
s 18270 94 43
s 18271 60 26
s 18272 263 125
s 18273 149 69
s 18274 234 110
s 18275 121 58
s 18276 151 78
s 18277 164 80
s 18278 46 19
s 18279 21 11
s 18280 175 84
s 18281 179 96
s 18282 353 189
s 18283 190 96
s 18284 365 188
s 18285 208 98
s 18286 186 104
s 18287 164 81
s 18288 274 155
s 18289 97 50
s 18290 89 53
s 18295 194 107
s 18296 194 90
s 18297 252 140
s 18299 297 142
s 18302 147 72
s 18304 442 220
s 18305 124 68
s 18307 198 106
s 18311 616 351
s 18312 78 44
s 18313 84 53
s 18314 97 51
s 18321 132 74
s 18331 56 34
s 18505 8 4
s 18506 53 31
s 18507 28 19
s 18508 22 9
s 18509 6 2
s 18510 17 13
s 18511 11 3
s 18512 7 4
s 18513 7 4
s 18514 2 2
s 18515 7 5
s 18516 45 18
s 18517 56 27
s 18518 74 37
s 18519 43 18
s 18520 15 9
s 18521 2 0
s 18522 18 9
s 18523 32 17
s 18524 6 4
s 18525 18 8
s 18526 5 0
s 18527 3 1
s 18528 33 16
s 18529 22 11
s 18530 27 13
s 18531 16 6
s 18532 54 20
s 18533 17 7
s 18534 4 4
s 18535 2 0
s 18536 25 12
s 18537 31 15
s 18538 52 25
s 18539 29 20
s 18540 57 29
s 18541 9 4
s 18542 17 11
s 18543 18 12
s 18544 30 21
s 18545 14 3
s 18546 4 3
s 18551 40 23
s 18552 31 16
s 18553 38 16
s 18555 49 24
s 18558 20 10
s 18560 79 35
s 18561 29 16
s 18563 29 15
s 18567 61 27
s 18568 8 3
s 18569 16 7
s 18570 2 1
s 18577 14 5
s 18587 15 11
s 18762 36 22
s 18763 21 9
s 18764 33 22
s 18765 2 2
s 18766 11 7
s 18767 5 1
s 18768 9 5
s 18769 1 1
s 18770 4 2
s 18771 3 1
s 18772 39 14
s 18773 53 20
s 18774 63 32
s 18775 22 7
s 18776 8 4
s 18777 1 1
s 18778 14 5
s 18779 16 8
s 18780 3 0
s 18781 19 9
s 18782 6 1
s 18783 1 0
s 18784 32 16
s 18785 21 12
s 18786 23 10
s 18787 15 7
s 18788 20 9
s 18789 28 12
s 18790 6 2
s 18791 3 2
s 18792 20 10
s 18793 39 24
s 18794 33 15
s 18795 14 4
s 18796 44 18
s 18797 2 1
s 18798 13 6
s 18799 12 6
s 18800 30 19
s 18801 11 5
s 18802 7 6
s 18807 31 16
s 18808 17 9
s 18809 35 18
s 18811 45 20
s 18814 23 14
s 18816 43 17
s 18817 15 7
s 18819 30 16
s 18823 34 8
s 18824 12 7
s 18825 23 13
s 18826 2 1
s 18833 13 5
s 18843 9 3
s 19019 236 110
s 19020 44 16
s 19021 41 22
s 19022 83 48
s 19023 171 87
s 19024 128 62
s 19025 78 30
s 19026 10 4
s 19027 131 72
s 19028 335 161
s 19029 666 356
s 19030 629 357
s 19031 366 189
s 19032 130 75
s 19033 31 15
s 19034 71 38
s 19035 89 45
s 19036 28 17
s 19037 178 88
s 19038 118 66
s 19039 60 23
s 19040 370 188
s 19041 255 126
s 19042 233 110
s 19043 113 55
s 19044 382 206
s 19045 256 116
s 19046 66 38
s 19047 24 10
s 19048 309 159
s 19049 435 244
s 19050 32 18
s 19051 93 49
s 19052 555 286
s 19053 234 128
s 19054 182 94
s 19055 173 84
s 19056 375 211
s 19057 35 19
s 19058 69 31
s 19063 376 200
s 19064 49 20
s 19065 408 216
s 19067 722 352
s 19070 25 12
s 19072 490 238
s 19073 174 83
s 19075 339 181
s 19079 544 288
s 19080 48 25
s 19081 86 36
s 19082 86 40
s 19089 110 53
s 19099 63 37
s 19276 163 81
s 19277 19 13
s 19278 56 30
s 19279 26 12
s 19280 66 34
s 19281 52 23
s 19282 23 13
s 19283 27 13
s 19284 129 66
s 19285 220 93
s 19286 212 105
s 19287 68 31
s 19288 47 29
s 19289 11 6
s 19290 74 36
s 19291 66 28
s 19292 26 12
s 19293 123 61
s 19294 63 34
s 19295 29 14
s 19296 176 79
s 19297 135 55
s 19298 127 56
s 19299 61 31
s 19300 131 81
s 19301 82 43
s 19302 25 10
s 19303 3 2
s 19304 117 67
s 19305 109 44
s 19306 193 102
s 19307 97 52
s 19308 243 116
s 19309 122 50
s 19310 92 48
s 19311 54 29
s 19312 80 43
s 19313 63 32
s 19314 55 23
s 19319 132 72
s 19320 98 54
s 19321 89 42
s 19323 212 105
s 19326 91 41
s 19328 234 106
s 19329 92 32
s 19331 69 36
s 19335 280 152
s 19336 29 9
s 19337 71 35
s 19338 43 14
s 19345 73 33
s 19355 24 14
s 19533 28 14
s 19534 70 36
s 19535 107 52
s 19536 96 52
s 19537 60 33
s 19538 3 1
s 19539 67 32
s 19540 274 134
s 19541 520 289
s 19542 459 254
s 19543 307 160
s 19544 86 52
s 19545 17 8
s 19546 48 25
s 19547 84 46
s 19548 29 22
s 19549 140 76
s 19550 70 39
s 19551 35 14
s 19552 285 151
s 19553 135 74
s 19554 148 78
s 19555 82 36
s 19556 228 124
s 19557 186 93
s 19558 40 22
s 19559 23 16
s 19560 150 77
s 19561 263 160
s 19562 15 11
s 19563 93 54
s 19564 347 170
s 19565 141 73
s 19566 131 75
s 19567 110 53
s 19568 262 150
s 19569 6 1
s 19570 36 18
s 19575 305 167
s 19576 36 18
s 19577 257 137
s 19579 495 242
s 19582 10 5
s 19584 302 167
s 19585 109 55
s 19587 190 107
s 19591 415 227
s 19592 35 15
s 19593 50 24
s 19594 52 26
s 19601 86 48
s 19611 46 29
s 19790 1 0
s 19791 10 8
s 19792 14 10
s 19793 3 2
s 19794 4 2
s 19795 9 5
s 19796 29 19
s 19797 45 30
s 19798 62 40
s 19799 45 28
s 19800 13 8
s 19802 22 15
s 19803 10 4
s 19804 1 1
s 19805 17 10
s 19806 4 2
s 19807 5 3
s 19808 12 8
s 19809 17 5
s 19810 10 6
s 19811 3 2
s 19812 40 28
s 19813 17 10
s 19814 2 1
s 19815 2 2
s 19816 5 3
s 19817 50 33
s 19818 44 25
s 19819 26 17
s 19820 8 2
s 19821 16 12
s 19822 15 6
s 19823 17 11
s 19824 48 34
s 19825 14 7
s 19826 9 7
s 19831 65 41
s 19832 44 26
s 19833 29 16
s 19835 96 55
s 19838 21 11
s 19840 63 38
s 19841 2 1
s 19843 29 16
s 19847 11 8
s 19848 9 6
s 19849 6 2
s 19850 15 7
s 19857 16 9
s 19867 3 1
s 20047 37 20
s 20048 35 19
s 20049 10 8
s 20050 12 9
s 20051 23 10
s 20052 73 38
s 20053 99 56
s 20054 185 95
s 20055 81 45
s 20056 29 15
s 20057 5 3
s 20058 32 16
s 20059 22 11
s 20060 7 3
s 20061 49 27
s 20062 23 14
s 20063 11 7
s 20064 4 2
s 20065 29 15
s 20066 17 7
s 20067 5 3
s 20068 69 34
s 20069 55 24
s 20070 14 5
s 20071 6 5
s 20072 7 4
s 20073 98 54
s 20074 88 52
s 20075 64 39
s 20076 8 3
s 20077 55 29
s 20078 47 29
s 20079 30 11
s 20080 88 50
s 20081 21 16
s 20082 21 12
s 20087 123 67
s 20088 56 29
s 20089 55 31
s 20091 148 73
s 20094 37 14
s 20096 101 50
s 20097 5 3
s 20099 74 48
s 20103 25 12
s 20104 15 6
s 20105 8 5
s 20106 20 11
s 20113 29 12
s 20123 14 8
s 20304 32 20
s 20305 31 12
s 20306 8 3
s 20307 19 11
s 20308 48 18
s 20309 124 49
s 20310 120 50
s 20311 57 33
s 20312 27 11
s 20313 5 2
s 20314 34 19
s 20315 31 19
s 20316 13 4
s 20317 72 34
s 20318 28 19
s 20319 17 6
s 20320 130 64
s 20321 78 30
s 20322 63 36
s 20323 27 14
s 20324 78 45
s 20325 32 16
s 20326 9 3
s 20327 5 3
s 20328 39 17
s 20329 77 42
s 20330 106 57
s 20331 76 37
s 20332 173 77
s 20333 76 44
s 20334 43 18
s 20335 20 9
s 20336 44 18
s 20337 30 15
s 20338 28 13
s 20343 73 30
s 20344 69 32
s 20345 58 26
s 20347 116 59
s 20350 49 26
s 20352 159 72
s 20353 51 28
s 20355 38 13
s 20359 172 93
s 20360 33 22
s 20361 25 6
s 20362 21 9
s 20369 47 24
s 20379 30 16
s 20561 15 8
s 20562 5 2
s 20563 38 24
s 20564 92 51
s 20565 167 76
s 20566 193 107
s 20567 111 48
s 20568 41 15
s 20569 2 1
s 20570 74 40
s 20571 37 20
s 20572 19 6
s 20573 23 13
s 20574 7 4
s 20575 5 3
s 20576 108 52
s 20577 47 21
s 20578 70 38
s 20579 36 16
s 20580 191 93
s 20581 81 38
s 20582 13 9
s 20583 2 0
s 20584 45 16
s 20585 109 56
s 20586 116 64
s 20587 61 37
s 20588 121 44
s 20589 14 7
s 20590 58 35
s 20591 37 18
s 20592 93 60
s 20593 26 15
s 20594 11 7
s 20599 123 54
s 20600 73 35
s 20601 92 47
s 20603 215 100
s 20606 47 23
s 20608 166 71
s 20609 37 15
s 20611 105 50
s 20615 172 90
s 20616 22 15
s 20617 37 22
s 20618 4 4
s 20625 18 11
s 20635 34 21
s 20818 4 2
s 20819 9 6
s 20820 69 24
s 20821 80 33
s 20822 102 53
s 20823 54 27
s 20824 15 9
s 20825 1 0
s 20826 14 10
s 20827 15 6
s 20828 5 3
s 20829 14 9
s 20830 7 5
s 20831 4 1
s 20832 30 11
s 20833 28 11
s 20834 23 5
s 20835 8 2
s 20836 37 13
s 20837 51 20
s 20838 7 3
s 20839 3 3
s 20840 12 7
s 20841 51 27
s 20842 43 21
s 20843 24 14
s 20844 44 19
s 20845 10 4
s 20846 29 15
s 20847 16 6
s 20848 34 19
s 20849 22 14
s 20850 12 8
s 20855 45 18
s 20856 23 11
s 20857 58 23
s 20859 86 31
s 20862 12 4
s 20864 76 30
s 20865 10 4
s 20867 24 15
s 20871 52 27
s 20872 13 8
s 20873 6 4
s 20874 5 3
s 20881 14 8
s 20891 12 7
s 21075 11 7
s 21076 21 15
s 21077 50 23
s 21078 49 26
s 21079 28 14
s 21080 10 4
s 21081 1 1
s 21082 4 2
s 21083 8 6
s 21084 9 3
s 21085 11 5
s 21086 7 4
s 21087 8 3
s 21088 26 14
s 21089 16 7
s 21090 15 4
s 21091 6 4
s 21092 23 9
s 21093 19 14
s 21094 7 1
s 21095 4 3
s 21096 18 6
s 21097 36 18
s 21098 7 3
s 21099 10 6
s 21100 23 9
s 21101 8 5
s 21102 15 7
s 21103 15 10
s 21104 33 18
s 21105 5 4
s 21106 5 4
s 21111 21 13
s 21112 11 5
s 21113 19 6
s 21115 54 24
s 21118 3 1
s 21120 34 17
s 21121 18 11
s 21123 24 12
s 21127 31 21
s 21128 4 3
s 21129 8 3
s 21130 5 4
s 21137 10 6
s 21147 7 3
s 21332 31 15
s 21333 58 24
s 21334 151 87
s 21335 20 10
s 21336 17 6
s 21337 7 6
s 21338 54 22
s 21339 32 20
s 21340 8 3
s 21341 44 28
s 21342 25 13
s 21343 14 8
s 21344 82 41
s 21345 43 23
s 21346 41 13
s 21347 32 12
s 21348 24 7
s 21349 60 20
s 21350 7 2
s 21351 5 1
s 21352 44 19
s 21353 66 33
s 21354 120 65
s 21355 44 25
s 21356 153 77
s 21357 50 21
s 21358 46 26
s 21359 8 6
s 21360 19 9
s 21361 24 13
s 21362 19 11
s 21367 76 45
s 21368 63 31
s 21369 36 17
s 21371 145 75
s 21374 42 22
s 21376 140 72
s 21377 30 12
s 21379 64 32
s 21383 131 67
s 21384 21 12
s 21385 32 21
s 21386 36 16
s 21393 27 12
s 21403 16 4
s 21589 259 130
s 21590 441 226
s 21591 160 83
s 21592 68 27
s 21593 9 3
s 21594 135 78
s 21595 84 40
s 21596 23 8
s 21597 149 68
s 21598 95 50
s 21599 26 10
s 21600 227 104
s 21601 156 70
s 21602 156 78
s 21603 100 34
s 21604 104 52
s 21605 169 70
s 21606 36 17
s 21607 19 12
s 21608 145 74
s 21609 180 94
s 21610 211 99
s 21611 158 77
s 21612 335 154
s 21613 137 53
s 21614 141 69
s 21615 58 23
s 21616 107 52
s 21617 66 29
s 21618 50 25
s 21623 153 79
s 21624 147 62
s 21625 208 101
s 21627 312 137
s 21630 116 57
s 21632 301 143
s 21633 120 58
s 21635 130 72
s 21639 429 215
s 21640 55 35
s 21641 69 32
s 21642 78 39
s 21649 81 36
s 21659 55 32
s 21846 861 457
s 21847 315 161
s 21848 143 84
s 21849 36 18
s 21850 328 166
s 21851 169 88
s 21852 82 53
s 21853 281 148
s 21854 142 57
s 21855 66 35
s 21856 453 209
s 21857 295 134
s 21858 245 118
s 21859 116 52
s 21860 250 123
s 21861 270 134
s 21862 38 18
s 21863 16 10
s 21864 230 120
s 21865 371 203
s 21866 577 321
s 21867 300 155
s 21868 636 295
s 21869 274 133
s 21870 192 102
s 21871 134 67
s 21872 302 161
s 21873 139 72
s 21874 101 44
s 21879 424 225
s 21880 353 179
s 21881 298 156
s 21883 778 385
s 21886 258 120
s 21888 609 280
s 21889 169 82
s 21891 256 127
s 21895 673 360
s 21896 92 52
s 21897 168 95
s 21898 125 53
s 21905 194 85
s 21915 83 51
s 22103 422 233
s 22104 102 64
s 22105 42 18
s 22106 180 103
s 22107 135 58
s 22108 56 35
s 22109 357 199
s 22110 130 63
s 22111 76 34
s 22112 576 299
s 22113 330 186
s 22114 378 182
s 22115 143 67
s 22116 419 228
s 22117 182 82
s 22118 74 37
s 22119 21 11
s 22120 229 118
s 22121 321 165
s 22122 547 298
s 22123 331 181
s 22124 987 495
s 22125 342 182
s 22126 206 108
s 22127 184 91
s 22128 430 252
s 22129 110 60
s 22130 133 68
s 22135 302 155
s 22136 347 172
s 22137 362 212
s 22139 474 242
s 22142 267 123
s 22144 597 300
s 22145 300 169
s 22147 315 177
s 22151 849 432
s 22152 123 76
s 22153 181 94
s 22154 149 70
s 22161 237 122
s 22171 139 84
s 22360 114 67
s 22361 19 9
s 22362 133 75
s 22363 63 37
s 22364 27 15
s 22365 236 142
s 22366 92 44
s 22367 44 23
s 22368 295 141
s 22369 216 111
s 22370 193 80
s 22371 83 42
s 22372 171 86
s 22373 169 80
s 22374 27 14
s 22375 11 5
s 22376 151 81
s 22377 185 97
s 22378 320 172
s 22379 186 103
s 22380 391 169
s 22381 200 103
s 22382 135 74
s 22383 50 28
s 22384 72 34
s 22385 58 31
s 22386 89 49
s 22391 225 118
s 22392 225 121
s 22393 137 68
s 22395 371 159
s 22398 176 82
s 22400 396 185
s 22401 188 92
s 22403 117 65
s 22407 511 266
s 22408 58 35
s 22409 107 61
s 22410 69 23
s 22417 102 56
s 22427 65 34
s 22617 9 6
s 22618 36 21
s 22619 37 23
s 22620 10 6
s 22621 75 40
s 22622 32 11
s 22623 27 17
s 22624 88 49
s 22625 47 21
s 22626 73 35
s 22627 34 21
s 22628 45 24
s 22629 40 20
s 22630 11 2
s 22631 10 4
s 22632 49 25
s 22633 65 33
s 22634 91 48
s 22635 50 33
s 22636 121 66
s 22637 65 30
s 22638 51 31
s 22639 55 33
s 22640 85 53
s 22641 17 12
s 22642 31 14
s 22647 58 24
s 22648 70 35
s 22649 67 37
s 22651 112 66
s 22654 59 31
s 22656 122 59
s 22657 48 24
s 22659 59 31
s 22663 175 103
s 22664 14 9
s 22665 28 19
s 22666 21 10
s 22673 48 20
s 22683 23 11
s 22874 11 6
s 22875 8 5
s 22876 4 2
s 22877 2 1
s 22878 1 0
s 22880 22 14
s 22881 23 8
s 22882 9 8
s 22883 11 6
s 22884 17 8
s 22885 19 12
s 22886 3 0
s 22888 7 4
s 22889 35 15
s 22890 23 11
s 22891 16 7
s 22892 33 18
s 22893 4 0
s 22894 14 7
s 22895 8 7
s 22896 19 13
s 22897 5 4
s 22898 5 2
s 22903 29 11
s 22904 19 10
s 22905 14 7
s 22907 45 21
s 22910 11 5
s 22912 34 21
s 22913 10 6
s 22915 19 10
s 22919 40 17
s 22920 3 1
s 22921 9 4
s 22922 3 1
s 22929 2 1
s 22939 4 1
s 23131 55 32
s 23132 15 8
s 23133 86 55
s 23134 53 26
s 23135 20 13
s 23136 124 60
s 23137 68 35
s 23138 99 48
s 23139 67 34
s 23140 155 88
s 23141 67 26
s 23142 25 12
s 23143 7 3
s 23144 71 36
s 23145 143 80
s 23146 92 54
s 23147 61 37
s 23148 210 98
s 23149 147 71
s 23150 67 37
s 23151 64 41
s 23152 143 83
s 23153 17 10
s 23154 25 12
s 23159 133 69
s 23160 73 32
s 23161 120 63
s 23163 243 114
s 23166 20 13
s 23168 145 71
s 23169 50 27
s 23171 124 62
s 23175 204 124
s 23176 29 21
s 23177 50 28
s 23178 37 19
s 23185 56 27
s 23195 51 35
s 23388 13 4
s 23389 91 52
s 23390 32 12
s 23391 15 9
s 23392 84 45
s 23393 54 27
s 23394 56 27
s 23395 48 23
s 23396 99 57
s 23397 46 26
s 23398 15 9
s 23399 7 2
s 23400 63 30
s 23401 105 64
s 23402 72 42
s 23403 59 36
s 23404 116 68
s 23405 41 18
s 23406 44 26
s 23407 27 14
s 23408 91 49
s 23409 42 20
s 23410 20 10
s 23415 86 51
s 23416 30 18
s 23417 72 40
s 23419 165 93
s 23422 34 16
s 23424 120 66
s 23425 48 26
s 23427 60 36
s 23431 121 68
s 23432 55 30
s 23433 30 16
s 23434 44 25
s 23441 28 16
s 23451 93 57
s 23645 20 12
s 23646 10 6
s 23647 3 2
s 23648 22 9
s 23649 18 12
s 23650 8 4
s 23651 10 5
s 23652 33 15
s 23653 20 11
s 23654 2 0
s 23655 6 1
s 23656 10 2
s 23657 31 17
s 23658 24 16
s 23659 15 7
s 23660 23 8
s 23661 26 10
s 23662 24 14
s 23663 17 8
s 23664 40 23
s 23665 7 2
s 23666 9 5
s 23671 30 19
s 23672 17 4
s 23673 50 31
s 23675 50 26
s 23678 11 6
s 23680 30 15
s 23681 5 3
s 23683 26 20
s 23687 36 22
s 23688 7 3
s 23689 9 3
s 23690 9 4
s 23697 14 10
s 23707 7 2
s 23902 17 8
s 23903 5 1
s 23904 145 74
s 23905 122 63
s 23906 125 55
s 23907 37 18
s 23908 142 79
s 23909 138 73
s 23910 29 13
s 23911 10 8
s 23912 105 52
s 23913 192 111
s 23914 127 68
s 23915 104 54
s 23916 244 118
s 23917 22 11
s 23918 99 42
s 23919 77 44
s 23920 138 80
s 23921 56 31
s 23922 20 12
s 23927 188 113
s 23928 99 44
s 23929 202 113
s 23931 337 178
s 23934 62 24
s 23936 257 141
s 23937 76 37
s 23939 159 83
s 23943 300 178
s 23944 40 25
s 23945 52 35
s 23946 10 6
s 23953 30 15
s 23963 45 29
s 24160 81 46
s 24161 58 32
s 24162 43 20
s 24163 27 12
s 24164 76 38
s 24165 64 31
s 24166 8 5
s 24167 7 2
s 24168 50 24
s 24169 93 49
s 24170 83 38
s 24171 56 22
s 24172 124 47
s 24173 3 2
s 24174 58 26
s 24175 29 15
s 24176 60 27
s 24177 9 4
s 24178 8 4
s 24183 66 35
s 24184 50 20
s 24185 98 38
s 24187 138 59
s 24190 33 17
s 24192 133 69
s 24193 40 18
s 24195 57 34
s 24199 110 49
s 24200 13 6
s 24201 25 10
s 24202 1 0
s 24209 12 5
s 24219 18 8
s 24416 53 24
s 24417 32 14
s 24418 27 11
s 24419 10 3
s 24420 37 20
s 24421 45 23
s 24422 4 2
s 24424 29 15
s 24425 63 41
s 24426 33 17
s 24427 31 19
s 24428 62 28
s 24429 2 1
s 24430 33 20
s 24431 27 15
s 24432 58 24
s 24433 10 5
s 24434 6 4
s 24439 53 27
s 24440 20 12
s 24441 50 25
s 24443 66 35
s 24446 20 12
s 24448 66 36
s 24449 29 15
s 24451 37 18
s 24455 63 36
s 24456 6 2
s 24457 13 5
s 24458 2 1
s 24465 4 0
s 24475 4 4
s 24673 46 23
s 24674 46 27
s 24675 9 5
s 24676 241 116
s 24677 207 92
s 24678 49 23
s 24679 12 4
s 24680 10 3
s 24681 273 142
s 24682 301 138
s 24683 169 91
s 24684 11 6
s 24685 164 77
s 24686 147 81
s 24687 123 50
s 24688 308 165
s 24689 60 24
s 24690 63 29
s 24695 309 145
s 24696 177 91
s 24697 280 134
s 24699 637 294
s 24702 131 64
s 24704 454 210
s 24705 11 6
s 24707 243 113
s 24711 29 13
s 24712 47 27
s 24713 32 14
s 24714 69 34
s 24721 98 56
s 24731 18 10
s 24930 69 33
s 24931 35 13
s 24932 135 61
s 24933 135 66
s 24934 32 18
s 24935 19 9
s 24936 50 26
s 24937 378 186
s 24938 141 79
s 24939 99 42
s 24940 105 37
s 24941 100 58
s 24942 135 67
s 24943 93 51
s 24944 150 83
s 24945 52 28
s 24946 52 23
s 24951 153 82
s 24952 63 35
s 24953 182 105
s 24955 286 134
s 24958 65 35
s 24960 308 139
s 24961 36 17
s 24963 148 77
s 24967 139 72
s 24968 39 15
s 24969 35 19
s 24970 45 24
s 24977 61 28
s 24987 26 16
s 25187 13 4
s 25188 187 96
s 25189 134 56
s 25190 24 8
s 25191 7 4
s 25192 25 12
s 25193 228 116
s 25194 196 91
s 25195 107 55
s 25196 48 23
s 25197 124 62
s 25198 88 48
s 25199 72 41
s 25200 198 113
s 25201 56 27
s 25202 42 16
s 25207 221 110
s 25208 106 52
s 25209 193 104
s 25211 377 155
s 25214 66 27
s 25216 340 155
s 25217 30 16
s 25219 188 92
s 25223 94 45
s 25224 42 23
s 25225 41 23
s 25226 42 21
s 25233 100 55
s 25243 24 13
s 25444 72 24
s 25445 88 28
s 25446 13 7
s 25447 7 4
s 25448 18 6
s 25449 87 34
s 25450 66 19
s 25451 38 18
s 25452 12 7
s 25453 48 18
s 25454 37 21
s 25455 32 12
s 25456 60 36
s 25457 30 13
s 25458 27 14
s 25463 72 28
s 25464 27 9
s 25465 81 40
s 25467 169 67
s 25470 33 14
s 25472 110 48
s 25473 9 6
s 25475 72 31
s 25479 24 9
s 25480 24 9
s 25481 11 6
s 25482 20 10
s 25489 32 11
s 25499 5 2
s 25701 157 70
s 25702 14 7
s 25703 6 3
s 25704 112 52
s 25705 180 94
s 25706 336 175
s 25707 194 104
s 25708 345 182
s 25709 255 127
s 25710 146 89
s 25711 67 36
s 25712 132 86
s 25713 61 27
s 25714 73 44
s 25719 202 105
s 25720 206 105
s 25721 164 83
s 25723 357 175
s 25726 159 84
s 25728 399 188
s 25729 136 63
s 25731 136 66
s 25735 561 283
s 25736 57 24
s 25737 102 53
s 25738 96 48
s 25745 101 45
s 25755 65 39
s 25958 29 12
s 25959 5 3
s 25960 372 181
s 25961 115 52
s 25962 202 88
s 25963 119 58
s 25964 242 98
s 25965 114 46
s 25966 88 37
s 25967 62 34
s 25968 136 69
s 25969 40 18
s 25970 61 26
s 25975 103 52
s 25976 116 62
s 25977 112 52
s 25979 200 91
s 25982 98 51
s 25984 218 95
s 25985 93 38
s 25987 83 43
s 25991 299 145
s 25992 49 28
s 25993 92 48
s 25994 63 24
s 26001 64 30
s 26011 34 15
s 26215 4 3
s 26216 35 21
s 26217 29 16
s 26218 29 17
s 26219 27 16
s 26220 44 26
s 26221 21 11
s 26222 26 12
s 26223 10 5
s 26224 23 9
s 26225 16 6
s 26226 13 8
s 26231 28 17
s 26232 26 10
s 26233 30 17
s 26235 62 27
s 26238 23 8
s 26240 65 28
s 26241 26 13
s 26243 18 8
s 26247 53 29
s 26248 10 7
s 26249 18 9
s 26250 15 5
s 26257 18 10
s 26267 6 3
s 26472 11 4
s 26473 15 9
s 26474 11 6
s 26475 16 12
s 26476 13 7
s 26477 8 3
s 26478 3 1
s 26479 8 3
s 26480 11 6
s 26481 8 2
s 26482 5 2
s 26487 11 4
s 26488 9 5
s 26489 12 5
s 26491 28 13
s 26494 16 8
s 26496 17 9
s 26497 5 3
s 26499 15 9
s 26503 21 12
s 26504 8 6
s 26505 1 1
s 26506 6 4
s 26513 6 3
s 26729 186 95
s 26730 134 62
s 26731 67 40
s 26732 14 7
s 26733 85 41
s 26734 80 37
s 26735 70 37
s 26736 103 40
s 26737 47 23
s 26738 52 29
s 26743 112 60
s 26744 60 31
s 26745 185 102
s 26747 297 139
s 26750 55 20
s 26752 246 124
s 26753 5 2
s 26755 101 58
s 26759 41 20
s 26760 33 22
s 26761 12 8
s 26762 39 20
s 26769 55 25
s 26779 12 8
s 26986 314 176
s 26987 194 105
s 26988 346 177
s 26989 187 97
s 26990 105 55
s 26991 79 43
s 26992 207 121
s 26993 106 59
s 26994 70 39
s 26999 138 77
s 27000 195 97
s 27001 149 83
s 27003 293 148
s 27006 133 74
s 27008 312 145
s 27009 112 59
s 27011 164 99
s 27015 480 238
s 27016 53 33
s 27017 103 44
s 27018 67 34
s 27025 147 75
s 27035 81 50
s 27243 63 36
s 27244 404 201
s 27245 257 141
s 27246 144 78
s 27247 115 61
s 27248 348 189
s 27249 9 7
s 27250 47 27
s 27255 442 234
s 27256 47 18
s 27257 287 145
s 27259 694 336
s 27262 11 5
s 27264 371 190
s 27265 124 64
s 27267 304 174
s 27271 543 283
s 27272 35 14
s 27273 74 39
s 27274 74 33
s 27281 97 50
s 27291 120 67
s 27500 228 111
s 27501 110 61
s 27502 81 40
s 27503 96 50
s 27504 191 110
s 27505 28 11
s 27506 43 27
s 27511 225 133
s 27512 46 20
s 27513 196 116
s 27515 348 188
s 27518 35 15
s 27520 221 102
s 27521 67 34
s 27523 173 100
s 27527 313 176
s 27528 33 20
s 27529 50 26
s 27530 58 27
s 27537 69 38
s 27547 65 43
s 27757 239 105
s 27758 171 78
s 27759 170 83
s 27760 340 172
s 27761 82 43
s 27762 100 51
s 27767 408 190
s 27768 208 90
s 27769 303 156
s 27771 699 309
s 27774 219 104
s 27776 606 253
s 27777 15 4
s 27779 298 157
s 27783 32 15
s 27784 73 39
s 27785 35 14
s 27786 87 42
s 27793 133 62
s 27803 51 26
s 28014 81 39
s 28015 92 48
s 28016 194 108
s 28017 41 18
s 28018 17 9
s 28023 178 93
s 28024 135 61
s 28025 185 84
s 28027 340 154
s 28030 90 40
s 28032 277 137
s 28033 109 56
s 28035 179 94
s 28039 291 132
s 28040 34 21
s 28041 74 46
s 28042 3 0
s 28049 26 18
s 28059 49 28
s 28271 68 35
s 28272 111 60
s 28273 58 28
s 28274 56 29
s 28279 137 64
s 28280 90 45
s 28281 103 51
s 28283 183 84
s 28286 68 37
s 28288 221 115
s 28289 139 65
s 28291 109 52
s 28295 221 127
s 28296 30 19
s 28297 57 31
s 28298 41 23
s 28305 50 25
s 28315 42 26
s 28528 34 16
s 28529 49 22
s 28530 37 15
s 28535 74 36
s 28536 78 37
s 28537 43 23
s 28539 165 72
s 28542 63 37
s 28544 163 82
s 28545 66 32
s 28547 37 24
s 28551 222 133
s 28552 36 19
s 28553 58 29
s 28554 26 10
s 28561 50 29
s 28571 17 7
s 28785 65 33
s 28786 63 37
s 28791 277 161
s 28792 278 153
s 28793 96 55
s 28795 429 226
s 28798 134 76
s 28800 329 164
s 28801 84 46
s 28803 139 72
s 28807 451 249
s 28808 46 30
s 28809 94 60
s 28810 57 30
s 28817 161 83
s 28827 93 57
s 29042 13 5
s 29047 61 30
s 29048 6 4
s 29049 81 42
s 29051 163 73
s 29054 7 4
s 29056 85 39
s 29057 38 15
s 29059 74 40
s 29063 114 55
s 29064 10 6
s 29065 17 10
s 29066 12 5
s 29073 25 9
s 29083 13 8
s 29303 78 42
s 29304 26 14
s 29305 62 29
s 29307 133 65
s 29310 26 11
s 29312 101 50
s 29313 45 17
s 29315 50 30
s 29319 110 59
s 29320 11 5
s 29321 22 13
s 29322 3 2
s 29329 13 4
s 29339 20 11
s 30584 256 134
s 30585 132 68
s 30587 261 112
s 30590 184 94
s 30592 308 144
s 30593 154 68
s 30595 150 82
s 30599 502 267
s 30600 58 25
s 30601 125 78
s 30602 64 31
s 30609 164 82
s 30619 103 65
s 30841 169 86
s 30843 426 197
s 30846 16 7
s 30848 247 127
s 30849 66 32
s 30851 201 94
s 30855 290 137
s 30856 31 14
s 30857 42 21
s 30858 45 28
s 30865 61 23
s 30875 41 22
s 31099 220 111
s 31102 138 63
s 31104 314 161
s 31105 86 46
s 31107 128 70
s 31111 461 250
s 31112 72 41
s 31113 193 110
s 31114 62 26
s 31121 134 62
s 31131 38 21
s 31614 286 132
s 31616 566 279
s 31617 224 117
s 31619 287 119
s 31623 871 424
s 31624 86 51
s 31625 183 81
s 31626 118 47
s 31633 260 127
s 31643 159 90
s 32384 168 76
s 32385 79 42
s 32387 148 79
s 32391 233 116
s 32392 24 12
s 32393 33 17
s 32394 26 11
s 32401 49 19
s 32411 49 28
s 32897 373 179
s 32899 310 157
s 32903 702 348
s 32904 102 60
s 32905 161 83
s 32906 110 49
s 32913 181 90
s 32923 66 28
s 33155 96 45
s 33159 23 12
s 33160 29 12
s 33161 15 9
s 33162 31 17
s 33169 54 22
s 33179 25 13
s 33671 438 239
s 33672 43 27
s 33673 113 59
s 33674 56 31
s 33681 142 75
s 33691 68 39
s 34696 83 41
s 34697 77 36
s 34698 136 69
s 34705 164 90
s 34715 48 27
s 34953 19 13
s 34954 19 11
s 34961 27 16
s 34971 16 10
s 35210 28 11
s 35217 46 17
s 35227 16 10
s 35473 10 2
s 35483 26 16
s 37275 44 20
