n 37205
b 1 1599 762
b 2 5802 2699
b 3 2223 1129
b 4 518 279
b 5 1962 1009
b 6 3032 1320
b 7 2712 1342
b 8 3444 1892
b 9 5898 3172
b 10 994 529
b 11 7087 3437
b 12 3152 1626
b 13 1721 843
b 14 5215 2599
b 15 2042 1002
b 16 1095 489
b 17 2358 1173
b 18 3583 1855
b 19 2920 1405
b 20 4010 1898
b 21 6353 3335
b 22 1824 862
b 23 1321 670
b 25 7284 3628
b 26 8734 3912
b 27 3981 1900
b 28 4839 2447
b 29 3611 1760
b 30 3892 1848
b 31 5963 2959
b 32 520 247
b 33 1452 867
b 34 1295 642
b 35 2039 916
b 36 4570 2349
b 37 1061 481
b 38 1414 741
b 39 2622 1233
b 40 522 258
b 41 1627 757
b 42 1502 731
b 43 1604 754
b 44 1106 535
b 45 540 283
b 46 1830 842
b 47 2148 1068
b 48 4772 2413
b 49 4183 2291
b 50 1396 669
b 51 2658 1354
b 52 772 397
b 53 2799 1381
b 54 8870 4580
b 55 3751 2038
b 56 1274 611
b 57 417 209
b 58 800 416
b 59 830 376
b 60 5443 2679
b 61 326 169
b 62 2982 1811
b 63 845 402
b 64 3214 1584
b 65 571 310
b 66 199 98
b 67 2944 1467
b 68 1125 497
b 69 3972 2018
b 70 3109 1473
b 71 5420 2805
b 72 797 375
b 73 603 301
b 74 5867 3028
b 75 2714 1263
b 76 3433 1779
b 77 741 441
b 78 1360 710
b 79 2017 953
b 80 1919 965
b 81 580 269
b 82 395 202
b 83 2438 1325
b 84 3832 1852
b 85 8167 4006
b 86 9917 5142
b 87 4800 2395
b 88 1827 985
b 89 313 162
b 90 2764 1544
b 91 1765 928
b 92 524 275
b 93 2846 1536
b 94 987 466
b 95 596 305
b 96 5104 2472
b 97 2645 1241
b 98 3128 1467
b 99 955 402
b 100 5840 2949
b 101 3217 1508
b 102 676 304
b 103 295 166
b 104 1716 866
b 105 3911 2034
b 106 6085 3183
b 107 4005 2112
b 108 7133 3264
b 109 2875 1447
b 110 2768 1411
b 111 1870 920
b 112 4861 2643
b 113 844 395
b 114 1118 549
b 119 5912 3021
b 120 3650 1798
b 121 4102 2012
b 123 8934 4288
b 126 2483 1250
b 128 7838 3714
b 129 2397 1135
b 131 4197 2153
b 135 7014 3611
b 136 1125 582
b 137 1495 826
b 138 1151 549
b 145 2130 1039
b 155 1681 974
v 258 58 20
v 259 39 25
v 260 17 5
v 261 56 26
v 262 55 25
v 263 53 26
v 264 91 43
v 265 99 42
v 266 32 18
v 267 113 48
v 268 81 38
v 269 39 23
v 270 126 58
v 271 54 38
v 272 23 11
v 273 111 55
v 274 83 34
v 275 55 30
v 276 86 42
v 277 99 47
v 278 74 41
v 279 20 5
v 281 189 90
v 282 180 84
v 283 99 45
v 284 94 41
v 285 91 46
v 286 83 44
v 287 155 87
v 288 13 4
v 289 22 9
v 290 49 20
v 291 37 19
v 292 86 46
v 293 19 8
v 294 24 9
v 295 55 34
v 296 15 5
v 297 48 29
v 298 53 24
v 299 39 17
v 300 42 17
v 301 19 9
v 302 32 12
v 303 37 19
v 304 105 46
v 305 73 35
v 306 39 21
v 307 58 28
v 308 17 9
v 309 46 26
v 310 172 88
v 311 116 60
v 312 20 10
v 313 8 3
v 314 11 6
v 315 24 12
v 316 54 28
v 317 7 4
v 318 51 19
v 319 20 11
v 320 73 32
v 321 9 6
v 322 3 2
v 323 63 33
v 324 27 11
v 325 118 63
v 326 67 42
v 327 95 36
v 328 18 9
v 329 13 9
v 330 150 63
v 331 69 28
v 332 165 74
v 333 13 7
v 334 38 19
v 335 48 33
v 336 28 14
v 337 8 2
v 338 17 6
v 339 27 13
v 340 90 53
v 341 146 67
v 342 243 103
v 343 87 34
v 344 44 13
v 345 3 1
v 346 83 33
v 347 55 23
v 348 10 3
v 349 68 29
v 350 48 28
v 351 14 7
v 352 57 30
v 353 60 28
v 354 92 51
v 355 21 15
v 356 102 46
v 357 113 49
v 358 13 11
v 359 2 0
v 360 49 15
v 361 100 43
v 362 85 36
v 363 74 41
v 364 124 59
v 365 68 30
v 366 36 20
v 367 60 37
v 368 125 51
v 369 26 11
v 370 29 15
v 375 107 57
v 376 34 17
v 377 124 63
v 379 141 65
v 382 41 14
v 384 145 71
v 385 58 28
v 387 86 40
v 391 145 74
v 392 16 5
v 393 37 17
v 394 17 6
v 401 36 17
v 411 66 28
v 515 149 64
v 516 26 10
v 517 166 69
v 518 263 132
v 519 219 93
v 520 274 129
v 521 451 190
v 522 52 22
v 523 608 296
v 524 167 80
v 525 122 54
v 526 488 216
v 527 219 103
v 528 97 45
v 529 158 90
v 530 267 129
v 531 239 118
v 532 313 144
v 533 494 236
v 534 147 65
v 535 103 45
v 537 642 281
v 538 696 367
v 539 316 155
v 540 436 197
v 541 293 145
v 542 336 170
v 543 439 215
v 544 36 17
v 545 125 42
v 546 100 50
v 547 137 85
v 548 478 208
v 549 103 48
v 550 114 45
v 551 209 97
v 552 26 15
v 553 98 52
v 554 115 59
v 555 130 73
v 556 66 29
v 557 42 22
v 558 158 69
v 559 167 79
v 560 358 162
v 561 333 134
v 562 179 91
v 563 213 99
v 564 73 27
v 565 194 86
v 566 736 306
v 567 303 127
v 568 95 42
v 569 22 10
v 570 65 28
v 571 48 33
v 572 448 204
v 573 18 10
v 574 240 89
v 575 65 32
v 576 246 110
v 577 41 14
v 578 12 3
v 579 278 126
v 580 93 47
v 581 284 136
v 582 350 189
v 583 384 171
v 584 65 32
v 585 49 23
v 586 477 211
v 587 190 86
v 588 274 120
v 589 52 17
v 590 111 39
v 591 150 68
v 592 167 72
v 593 42 19
v 594 28 13
v 595 196 87
v 596 299 124
v 597 648 311
v 598 784 372
v 599 349 160
v 600 109 43
v 601 8 3
v 602 202 82
v 603 161 74
v 604 36 18
v 605 148 66
v 606 68 32
v 607 42 19
v 608 435 199
v 609 208 108
v 610 291 141
v 611 81 49
v 612 440 191
v 613 250 126
v 614 62 32
v 615 27 10
v 616 154 77
v 617 274 129
v 618 489 216
v 619 283 126
v 620 611 325
v 621 141 68
v 622 200 92
v 623 199 80
v 624 326 140
v 625 64 33
v 626 136 65
v 631 458 219
v 632 275 136
v 633 311 134
v 635 729 373
v 638 189 102
v 640 581 286
v 641 202 104
v 643 311 135
v 647 676 296
v 648 91 49
v 649 129 54
v 650 59 28
v 657 149 80
v 667 104 37
v 772 18 6
v 773 52 19
v 774 101 55
v 775 83 46
v 776 71 35
v 777 229 108
v 778 19 11
v 779 183 95
v 780 107 58
v 781 54 30
v 782 129 62
v 783 60 32
v 784 39 19
v 785 76 33
v 786 89 37
v 787 128 74
v 788 116 67
v 789 187 92
v 790 61 33
v 791 28 19
v 793 207 108
v 794 212 120
v 795 80 41
v 796 121 68
v 797 156 74
v 798 106 62
v 799 141 70
v 800 15 10
v 801 68 28
v 802 40 27
v 803 47 27
v 804 139 62
v 805 31 17
v 806 56 25
v 807 57 35
v 808 8 3
v 809 30 16
v 810 40 20
v 811 36 16
v 812 16 7
v 813 13 7
v 814 37 22
v 815 59 28
v 816 127 74
v 817 132 62
v 818 32 17
v 819 77 33
v 820 21 11
v 821 99 48
v 822 261 143
v 823 136 69
v 824 45 26
v 825 10 6
v 826 23 12
v 827 26 10
v 828 161 84
v 829 12 4
v 830 148 66
v 831 18 12
v 832 68 32
v 833 13 6
v 834 4 2
v 835 91 33
v 836 30 15
v 837 122 56
v 838 112 55
v 839 149 66
v 840 19 7
v 841 16 7
v 842 164 85
v 843 142 76
v 844 139 68
v 845 45 17
v 846 49 25
v 847 96 56
v 848 73 37
v 849 21 12
v 850 10 5
v 851 72 29
v 852 70 34
v 853 253 137
v 854 276 130
v 855 127 65
v 856 59 19
v 857 10 8
v 858 119 56
v 859 53 28
v 860 18 5
v 861 102 44
v 862 27 12
v 863 14 6
v 864 156 79
v 865 66 39
v 866 68 43
v 867 22 13
v 868 156 87
v 869 69 30
v 870 33 17
v 871 8 5
v 872 36 11
v 873 142 71
v 874 183 89
v 875 133 74
v 876 220 119
v 877 112 60
v 878 73 39
v 879 53 30
v 880 196 80
v 881 18 10
v 882 24 8
v 887 204 102
v 888 96 53
v 889 112 61
v 891 340 194
v 894 79 37
v 896 202 106
v 897 48 29
v 899 210 113
v 903 207 99
v 904 27 13
v 905 40 20
v 906 23 13
v 913 81 42
v 923 54 26
v 1029 18 9
v 1030 18 12
v 1031 19 9
v 1032 21 10
v 1033 46 16
v 1034 3 1
v 1035 41 21
v 1036 28 10
v 1037 19 7
v 1038 35 21
v 1039 8 4
v 1040 13 7
v 1041 18 8
v 1042 20 10
v 1043 23 12
v 1044 26 12
v 1045 64 28
v 1046 15 6
v 1047 11 8
v 1049 33 17
v 1050 58 35
v 1051 32 18
v 1052 29 13
v 1053 22 15
v 1054 27 13
v 1055 39 21
v 1056 4 3
v 1057 8 3
v 1058 6 3
v 1059 15 8
v 1060 25 14
v 1061 10 8
v 1062 8 5
v 1063 19 12
v 1064 3 2
v 1065 10 6
v 1066 13 9
v 1067 13 10
v 1068 12 6
v 1069 4 4
v 1070 12 8
v 1071 20 12
v 1072 28 20
v 1073 21 14
v 1074 5 1
v 1075 22 9
v 1076 4 2
v 1077 12 8
v 1078 46 22
v 1079 34 19
v 1080 7 4
v 1081 4 3
v 1082 8 5
v 1083 8 1
v 1084 67 37
v 1085 4 3
v 1086 21 11
v 1087 8 6
v 1088 23 12
v 1089 6 3
v 1090 6 4
v 1091 17 10
v 1092 8 2
v 1093 13 5
v 1094 23 7
v 1095 56 32
v 1096 6 3
v 1097 8 4
v 1098 34 20
v 1099 18 11
v 1100 11 8
v 1101 8 6
v 1102 9 3
v 1103 12 8
v 1104 7 5
v 1105 4 3
v 1106 3 2
v 1107 7 5
v 1108 28 11
v 1109 52 29
v 1110 44 17
v 1111 38 22
v 1112 22 11
v 1113 2 2
v 1114 18 9
v 1115 14 8
v 1116 3 1
v 1117 97 57
v 1118 12 7
v 1119 6 5
v 1120 29 12
v 1121 17 8
v 1122 29 16
v 1123 8 5
v 1124 43 21
v 1125 20 10
v 1126 6 6
v 1127 2 0
v 1128 14 6
v 1129 24 15
v 1130 24 14
v 1131 34 16
v 1132 29 19
v 1133 14 8
v 1134 18 10
v 1135 9 7
v 1136 26 12
v 1137 4 2
v 1138 6 4
v 1143 32 18
v 1144 95 62
v 1145 27 11
v 1147 51 32
v 1150 14 6
v 1152 48 23
v 1153 11 7
v 1155 23 13
v 1159 45 19
v 1160 10 5
v 1161 9 3
v 1162 7 3
v 1169 9 5
v 1179 10 4
v 1286 60 32
v 1287 71 33
v 1288 102 47
v 1289 157 85
v 1290 33 25
v 1291 203 107
v 1292 75 42
v 1293 45 26
v 1294 147 71
v 1295 58 29
v 1296 20 9
v 1297 85 46
v 1298 99 48
v 1299 77 47
v 1300 109 53
v 1301 177 87
v 1302 63 30
v 1303 38 18
v 1305 190 103
v 1306 247 136
v 1307 126 71
v 1308 111 59
v 1309 103 55
v 1310 129 64
v 1311 158 80
v 1312 17 12
v 1313 36 18
v 1314 28 13
v 1315 75 37
v 1316 101 46
v 1317 62 26
v 1318 40 20
v 1319 80 53
v 1320 11 6
v 1321 53 28
v 1322 43 21
v 1323 47 21
v 1324 30 20
v 1325 9 5
v 1326 46 20
v 1327 64 43
v 1328 136 64
v 1329 103 59
v 1330 42 25
v 1331 69 32
v 1332 28 7
v 1333 80 39
v 1334 219 105
v 1335 99 53
v 1336 35 21
v 1337 9 5
v 1338 37 24
v 1339 22 12
v 1340 135 71
v 1341 5 3
v 1342 99 41
v 1343 23 12
v 1344 86 49
v 1345 11 7
v 1346 4 2
v 1347 83 39
v 1348 23 9
v 1349 99 45
v 1350 69 32
v 1351 142 61
v 1352 31 17
v 1353 22 9
v 1354 157 78
v 1355 77 40
v 1356 91 47
v 1357 13 9
v 1358 33 16
v 1359 37 18
v 1360 51 25
v 1361 15 8
v 1362 9 4
v 1363 69 25
v 1364 116 55
v 1365 178 84
v 1366 287 144
v 1367 138 75
v 1368 60 27
v 1369 10 7
v 1370 75 33
v 1371 40 19
v 1372 19 12
v 1373 97 51
v 1374 24 13
v 1375 24 10
v 1376 134 77
v 1377 64 30
v 1378 55 31
v 1379 39 21
v 1380 138 83
v 1381 86 52
v 1382 17 6
v 1383 5 2
v 1384 73 33
v 1385 73 33
v 1386 153 81
v 1387 90 50
v 1388 154 85
v 1389 66 36
v 1390 65 29
v 1391 36 19
v 1392 108 63
v 1393 26 7
v 1394 32 19
v 1399 140 68
v 1400 79 47
v 1401 91 48
v 1403 250 129
v 1406 67 38
v 1408 179 96
v 1409 78 41
v 1411 80 45
v 1415 174 74
v 1416 26 12
v 1417 48 18
v 1418 29 16
v 1425 58 29
v 1435 49 23
v 1543 122 55
v 1544 99 42
v 1545 221 86
v 1546 34 15
v 1547 394 203
v 1548 132 57
v 1549 62 28
v 1550 193 77
v 1551 60 25
v 1552 46 20
v 1553 77 38
v 1554 150 59
v 1555 109 44
v 1556 149 80
v 1557 281 122
v 1558 80 40
v 1559 49 17
v 1561 279 127
v 1562 373 196
v 1563 177 88
v 1564 194 95
v 1565 186 92
v 1566 143 65
v 1567 270 117
v 1568 18 5
v 1569 52 8
v 1570 58 26
v 1571 95 37
v 1572 172 87
v 1573 44 26
v 1574 51 19
v 1575 109 42
v 1576 16 6
v 1577 59 27
v 1578 57 21
v 1579 70 34
v 1580 61 27
v 1581 19 5
v 1582 46 21
v 1583 82 38
v 1584 234 109
v 1585 160 60
v 1586 54 25
v 1587 97 38
v 1588 28 17
v 1589 105 39
v 1590 444 169
v 1591 141 43
v 1592 45 19
v 1593 15 8
v 1594 33 15
v 1595 32 12
v 1596 178 89
v 1597 15 5
v 1598 115 37
v 1599 30 12
v 1600 156 68
v 1601 21 10
v 1602 12 7
v 1603 213 85
v 1604 41 19
v 1605 153 63
v 1606 114 55
v 1607 163 62
v 1608 23 11
v 1609 27 14
v 1610 253 112
v 1611 106 53
v 1612 138 62
v 1613 24 5
v 1614 47 19
v 1615 94 32
v 1616 84 43
v 1617 18 7
v 1618 13 3
v 1619 96 41
v 1620 165 77
v 1621 350 154
v 1622 407 170
v 1623 173 73
v 1624 70 29
v 1625 11 5
v 1626 111 38
v 1627 75 27
v 1628 14 10
v 1629 103 40
v 1630 30 13
v 1631 21 10
v 1632 187 75
v 1633 96 39
v 1634 166 66
v 1635 74 40
v 1636 218 93
v 1637 128 57
v 1638 35 13
v 1639 15 6
v 1640 52 19
v 1641 136 47
v 1642 267 98
v 1643 122 42
v 1644 325 156
v 1645 124 50
v 1646 113 47
v 1647 103 47
v 1648 200 77
v 1649 35 18
v 1650 45 15
v 1655 228 83
v 1656 160 77
v 1657 184 90
v 1659 408 200
v 1662 99 43
v 1664 342 166
v 1665 88 42
v 1667 177 70
v 1671 289 122
v 1672 43 22
v 1673 55 20
v 1674 49 24
v 1681 87 41
v 1691 72 23
v 1800 119 43
v 1801 201 78
v 1802 29 16
v 1803 227 117
v 1804 205 95
v 1805 66 39
v 1806 206 103
v 1807 51 28
v 1808 59 37
v 1809 70 31
v 1810 128 64
v 1811 88 50
v 1812 173 90
v 1813 219 106
v 1814 62 33
v 1815 49 23
v 1817 230 115
v 1818 348 173
v 1819 169 95
v 1820 180 85
v 1821 123 65
v 1822 152 82
v 1823 208 95
v 1824 17 10
v 1825 64 29
v 1826 59 30
v 1827 58 30
v 1828 152 79
v 1829 31 21
v 1830 62 36
v 1831 95 53
v 1832 19 11
v 1833 55 35
v 1834 57 31
v 1835 52 26
v 1836 55 26
v 1837 16 9
v 1838 73 38
v 1839 85 45
v 1840 152 79
v 1841 147 60
v 1842 57 36
v 1843 75 37
v 1844 32 13
v 1845 106 54
v 1846 300 141
v 1847 131 61
v 1848 57 31
v 1849 20 10
v 1850 26 12
v 1851 30 18
v 1852 193 91
v 1853 19 9
v 1854 98 47
v 1855 36 18
v 1856 111 59
v 1857 26 18
v 1858 16 10
v 1859 100 47
v 1860 48 29
v 1861 137 64
v 1862 128 68
v 1863 206 103
v 1864 31 14
v 1865 29 13
v 1866 216 113
v 1867 91 44
v 1868 121 49
v 1869 24 9
v 1870 46 25
v 1871 75 45
v 1872 73 37
v 1873 42 25
v 1874 17 8
v 1875 81 38
v 1876 143 75
v 1877 291 159
v 1878 366 166
v 1879 172 85
v 1880 80 33
v 1881 12 6
v 1882 98 38
v 1883 56 26
v 1884 15 6
v 1885 92 39
v 1886 41 22
v 1887 21 7
v 1888 149 81
v 1889 122 69
v 1890 139 59
v 1891 35 17
v 1892 222 115
v 1893 130 71
v 1894 23 13
v 1895 14 5
v 1896 71 32
v 1897 125 50
v 1898 247 106
v 1899 157 67
v 1900 239 127
v 1901 85 38
v 1902 101 58
v 1903 81 41
v 1904 184 90
v 1905 35 14
v 1906 53 29
v 1911 193 90
v 1912 146 74
v 1913 171 80
v 1915 319 155
v 1918 96 48
v 1920 283 139
v 1921 72 34
v 1923 158 72
v 1927 271 117
v 1928 39 23
v 1929 58 25
v 1930 36 22
v 1937 88 47
v 1947 55 28
v 2057 257 143
v 2058 49 25
v 2059 301 156
v 2060 119 71
v 2061 74 46
v 2062 219 114
v 2063 70 38
v 2064 51 32
v 2065 116 71
v 2066 157 88
v 2067 120 65
v 2068 195 107
v 2069 292 164
v 2070 85 45
v 2071 72 36
v 2073 352 205
v 2074 422 253
v 2075 223 126
v 2076 170 95
v 2077 156 80
v 2078 179 113
v 2079 316 166
v 2080 37 22
v 2081 50 21
v 2082 48 33
v 2083 112 70
v 2084 203 113
v 2085 52 34
v 2086 28 11
v 2087 129 72
v 2088 35 18
v 2089 89 48
v 2090 103 57
v 2091 63 38
v 2092 74 49
v 2093 30 18
v 2094 99 52
v 2095 89 47
v 2096 227 128
v 2097 172 90
v 2098 48 25
v 2099 125 72
v 2100 34 19
v 2101 116 70
v 2102 566 313
v 2103 137 75
v 2104 52 29
v 2105 19 12
v 2106 43 22
v 2107 33 19
v 2108 203 110
v 2109 14 7
v 2110 126 59
v 2111 27 14
v 2112 158 91
v 2113 31 12
v 2114 7 2
v 2115 151 78
v 2116 57 28
v 2117 119 61
v 2118 167 84
v 2119 218 100
v 2120 30 21
v 2121 24 14
v 2122 302 170
v 2123 150 89
v 2124 136 63
v 2125 22 12
v 2126 64 41
v 2127 73 48
v 2128 86 49
v 2129 29 15
v 2130 16 4
v 2131 97 41
v 2132 209 114
v 2133 349 190
v 2134 467 257
v 2135 301 150
v 2136 114 60
v 2137 8 4
v 2138 109 52
v 2139 72 34
v 2140 25 11
v 2141 142 79
v 2142 38 27
v 2143 33 16
v 2144 227 134
v 2145 128 77
v 2146 92 54
v 2147 30 18
v 2148 209 107
v 2149 189 104
v 2150 34 21
v 2151 15 10
v 2152 77 38
v 2153 233 118
v 2154 261 134
v 2155 190 91
v 2156 566 341
v 2157 89 43
v 2158 264 142
v 2159 77 48
v 2160 122 62
v 2161 49 25
v 2162 60 34
v 2167 266 155
v 2168 174 102
v 2169 179 109
v 2171 422 223
v 2174 121 67
v 2176 390 223
v 2177 210 125
v 2179 117 62
v 2183 328 176
v 2184 55 28
v 2185 72 30
v 2186 51 25
v 2193 100 56
v 2203 64 27
v 2314 67 38
v 2315 551 290
v 2316 233 133
v 2317 141 76
v 2318 406 229
v 2319 181 102
v 2320 80 48
v 2321 232 127
v 2322 340 190
v 2323 238 138
v 2324 262 143
v 2325 572 292
v 2326 163 91
v 2327 75 41
v 2329 601 311
v 2330 614 372
v 2331 264 137
v 2332 442 230
v 2333 289 161
v 2334 329 177
v 2335 442 244
v 2336 34 20
v 2337 146 60
v 2338 99 56
v 2339 146 90
v 2340 364 192
v 2341 57 34
v 2342 114 59
v 2343 198 115
v 2344 29 18
v 2345 115 59
v 2346 93 44
v 2347 113 54
v 2348 76 51
v 2349 33 17
v 2350 134 69
v 2351 160 85
v 2352 364 190
v 2353 345 177
v 2354 108 61
v 2355 265 150
v 2356 57 27
v 2357 213 118
v 2358 692 386
v 2359 335 161
v 2360 97 50
v 2361 36 21
v 2362 84 41
v 2363 72 35
v 2364 408 214
v 2365 21 11
v 2366 298 126
v 2367 70 43
v 2368 248 134
v 2369 34 14
v 2370 13 6
v 2371 218 112
v 2372 74 44
v 2373 340 168
v 2374 200 115
v 2375 413 213
v 2376 56 28
v 2377 44 27
v 2378 459 263
v 2379 178 107
v 2380 284 145
v 2381 56 23
v 2382 87 46
v 2383 151 82
v 2384 157 78
v 2385 37 20
v 2386 35 21
v 2387 196 95
v 2388 224 124
v 2389 679 378
v 2390 812 415
v 2391 397 202
v 2392 125 62
v 2393 19 9
v 2394 230 101
v 2395 147 80
v 2396 48 18
v 2397 264 115
v 2398 60 31
v 2399 31 10
v 2400 440 217
v 2401 192 110
v 2402 223 129
v 2403 65 48
v 2404 482 260
v 2405 269 149
v 2406 60 36
v 2407 31 21
v 2408 106 47
v 2409 344 169
v 2410 524 249
v 2411 349 185
v 2412 609 379
v 2413 261 148
v 2414 210 114
v 2415 140 71
v 2416 470 235
v 2417 45 29
v 2418 102 56
v 2423 619 335
v 2424 302 174
v 2425 289 148
v 2427 962 553
v 2430 165 95
v 2432 587 341
v 2433 163 90
v 2435 424 234
v 2439 548 304
v 2440 76 40
v 2441 138 60
v 2442 99 59
v 2449 184 101
v 2459 137 71
v 2571 78 47
v 2572 24 14
v 2573 15 9
v 2574 72 34
v 2575 50 23
v 2576 14 8
v 2577 22 12
v 2578 34 16
v 2579 40 18
v 2580 60 34
v 2581 76 41
v 2582 17 10
v 2583 27 16
v 2585 82 47
v 2586 85 42
v 2587 39 16
v 2588 71 41
v 2589 50 25
v 2590 55 31
v 2591 94 56
v 2592 7 4
v 2593 19 9
v 2594 14 10
v 2595 29 20
v 2596 52 26
v 2597 11 7
v 2598 16 8
v 2599 35 21
v 2600 7 0
v 2601 14 10
v 2602 13 7
v 2603 24 12
v 2604 8 7
v 2605 2 0
v 2606 27 15
v 2607 25 13
v 2608 54 28
v 2609 60 26
v 2610 23 16
v 2611 40 21
v 2612 5 3
v 2613 32 23
v 2614 245 133
v 2615 37 16
v 2616 19 10
v 2617 8 3
v 2618 14 6
v 2619 15 12
v 2620 40 17
v 2621 1 1
v 2622 38 18
v 2623 12 10
v 2624 57 32
v 2625 12 7
v 2626 3 2
v 2627 27 10
v 2628 16 8
v 2629 45 19
v 2630 36 20
v 2631 116 63
v 2632 19 11
v 2633 6 5
v 2634 70 33
v 2635 38 25
v 2636 38 20
v 2637 11 3
v 2638 23 11
v 2639 25 19
v 2640 29 13
v 2641 4 3
v 2642 3 2
v 2643 27 14
v 2644 53 27
v 2645 101 60
v 2646 164 89
v 2647 65 29
v 2648 7 3
v 2649 2 1
v 2650 37 17
v 2651 30 12
v 2652 8 5
v 2653 38 20
v 2654 7 5
v 2655 9 5
v 2656 58 29
v 2657 37 14
v 2658 40 27
v 2659 23 16
v 2660 79 39
v 2661 33 16
v 2662 9 5
v 2663 3 2
v 2664 14 7
v 2665 39 18
v 2666 101 51
v 2667 45 23
v 2668 131 81
v 2669 42 20
v 2670 43 25
v 2671 25 10
v 2672 69 42
v 2673 12 5
v 2674 21 12
v 2679 77 47
v 2680 58 32
v 2681 42 24
v 2683 126 66
v 2686 44 23
v 2688 111 63
v 2689 30 19
v 2691 40 22
v 2695 124 58
v 2696 14 9
v 2697 19 13
v 2698 14 7
v 2705 26 14
v 2715 26 14
v 2828 314 145
v 2829 144 76
v 2830 538 267
v 2831 141 73
v 2832 100 54
v 2833 231 133
v 2834 336 152
v 2835 257 124
v 2836 382 209
v 2837 617 264
v 2838 180 93
v 2839 132 58
v 2841 812 362
v 2842 885 486
v 2843 378 185
v 2844 350 168
v 2845 314 178
v 2846 382 194
v 2847 563 264
v 2848 46 25
v 2849 100 44
v 2850 125 62
v 2851 232 96
v 2852 472 225
v 2853 114 56
v 2854 133 64
v 2855 277 150
v 2856 55 29
v 2857 136 77
v 2858 154 81
v 2859 156 86
v 2860 90 47
v 2861 43 23
v 2862 223 117
v 2863 181 94
v 2864 529 249
v 2865 284 111
v 2866 119 63
v 2867 257 118
v 2868 72 36
v 2869 326 167
v 2870 1016 456
v 2871 414 185
v 2872 142 65
v 2873 29 10
v 2874 79 43
v 2875 63 37
v 2876 496 242
v 2877 34 19
v 2878 275 106
v 2879 65 30
v 2880 318 154
v 2881 51 17
v 2882 21 13
v 2883 284 149
v 2884 88 42
v 2885 363 190
v 2886 283 151
v 2887 454 209
v 2888 71 38
v 2889 66 29
v 2890 665 302
v 2891 257 124
v 2892 304 140
v 2893 56 17
v 2894 96 32
v 2895 181 86
v 2896 185 104
v 2897 54 28
v 2898 29 14
v 2899 321 139
v 2900 350 182
v 2901 800 380
v 2902 967 433
v 2903 414 211
v 2904 109 55
v 2905 20 4
v 2906 307 137
v 2907 198 104
v 2908 62 32
v 2909 204 90
v 2910 110 51
v 2911 45 23
v 2912 477 234
v 2913 228 120
v 2914 261 138
v 2915 103 53
v 2916 535 262
v 2917 314 176
v 2918 58 28
v 2919 31 14
v 2920 130 66
v 2921 379 182
v 2922 586 279
v 2923 378 177
v 2924 826 434
v 2925 494 218
v 2926 313 152
v 2927 162 84
v 2928 550 255
v 2929 73 41
v 2930 106 51
v 2935 510 244
v 2936 315 170
v 2937 387 179
v 2939 870 438
v 2942 200 97
v 2944 805 416
v 2945 269 130
v 2947 404 189
v 2951 702 300
v 2952 101 46
v 2953 140 57
v 2954 117 66
v 2961 221 123
v 2971 165 69
v 3085 86 49
v 3086 233 124
v 3087 70 42
v 3088 101 55
v 3089 90 43
v 3090 302 148
v 3091 98 49
v 3092 202 119
v 3093 253 116
v 3094 67 41
v 3095 46 21
v 3097 238 124
v 3098 350 190
v 3099 176 101
v 3100 296 167
v 3101 153 79
v 3102 169 103
v 3103 241 147
v 3104 18 11
v 3105 42 19
v 3106 56 31
v 3107 76 42
v 3108 215 110
v 3109 54 35
v 3110 80 49
v 3111 117 72
v 3112 23 14
v 3113 69 48
v 3114 59 28
v 3115 52 32
v 3116 43 23
v 3117 24 12
v 3118 47 31
v 3119 63 37
v 3120 294 146
v 3121 191 81
v 3122 65 33
v 3123 106 59
v 3124 96 43
v 3125 108 55
v 3126 479 241
v 3127 122 40
v 3128 47 21
v 3129 24 13
v 3130 25 10
v 3131 30 20
v 3132 290 161
v 3133 8 5
v 3134 129 48
v 3135 34 19
v 3136 138 77
v 3137 21 11
v 3138 9 6
v 3139 95 55
v 3140 43 31
v 3141 192 94
v 3142 104 52
v 3143 232 112
v 3144 39 19
v 3145 31 15
v 3146 238 106
v 3147 146 85
v 3148 126 76
v 3149 36 13
v 3150 73 32
v 3151 118 66
v 3152 60 23
v 3153 14 13
v 3154 18 8
v 3155 114 44
v 3156 173 85
v 3157 368 211
v 3158 362 181
v 3159 186 84
v 3160 74 34
v 3161 17 13
v 3162 97 42
v 3163 104 47
v 3164 25 18
v 3165 94 39
v 3166 86 44
v 3167 15 5
v 3168 195 98
v 3169 114 65
v 3170 131 60
v 3171 41 24
v 3172 268 128
v 3173 140 74
v 3174 24 15
v 3175 12 6
v 3176 62 32
v 3177 189 77
v 3178 229 110
v 3179 154 77
v 3180 165 78
v 3181 105 62
v 3182 106 58
v 3183 84 32
v 3184 190 90
v 3185 44 24
v 3186 37 25
v 3191 258 143
v 3192 147 81
v 3193 179 91
v 3195 382 198
v 3198 80 39
v 3200 297 157
v 3201 117 70
v 3203 194 105
v 3207 318 163
v 3208 48 29
v 3209 76 40
v 3210 34 15
v 3217 98 47
v 3227 52 27
v 3342 98 44
v 3343 41 23
v 3344 24 13
v 3345 67 38
v 3346 92 48
v 3347 106 51
v 3348 87 45
v 3349 149 75
v 3350 35 14
v 3351 23 12
v 3353 184 94
v 3354 161 82
v 3355 78 35
v 3356 105 49
v 3357 75 34
v 3358 94 49
v 3359 131 68
v 3360 35 11
v 3361 48 19
v 3362 30 20
v 3363 28 15
v 3364 108 66
v 3365 28 14
v 3366 28 13
v 3367 97 60
v 3368 14 6
v 3369 45 23
v 3370 34 15
v 3371 40 18
v 3372 24 13
v 3373 16 6
v 3374 30 18
v 3375 33 16
v 3376 104 50
v 3377 95 43
v 3378 25 15
v 3379 88 46
v 3380 17 8
v 3381 49 26
v 3382 179 90
v 3383 108 60
v 3384 29 18
v 3385 11 3
v 3386 15 8
v 3387 14 4
v 3388 113 49
v 3389 6 1
v 3390 68 25
v 3391 25 9
v 3392 74 36
v 3393 12 4
v 3394 4 3
v 3395 65 39
v 3396 28 13
v 3397 92 35
v 3398 67 36
v 3399 159 73
v 3400 19 8
v 3401 15 7
v 3402 175 87
v 3403 40 16
v 3404 70 29
v 3405 17 6
v 3406 42 23
v 3407 51 26
v 3408 46 20
v 3409 19 9
v 3410 9 6
v 3411 60 23
v 3412 92 44
v 3413 180 91
v 3414 203 98
v 3415 136 74
v 3416 22 11
v 3417 12 2
v 3418 87 37
v 3419 30 14
v 3420 13 7
v 3421 57 25
v 3422 17 7
v 3423 10 5
v 3424 132 58
v 3425 62 36
v 3426 66 39
v 3427 23 13
v 3428 121 59
v 3429 47 26
v 3430 12 6
v 3431 4 1
v 3432 31 13
v 3433 100 53
v 3434 137 66
v 3435 62 26
v 3436 147 86
v 3437 67 27
v 3438 64 36
v 3439 41 22
v 3440 133 61
v 3441 26 16
v 3442 23 9
v 3447 179 93
v 3448 78 48
v 3449 77 45
v 3451 209 107
v 3454 120 47
v 3456 184 107
v 3457 68 33
v 3459 103 47
v 3463 186 88
v 3464 28 6
v 3465 29 11
v 3466 27 13
v 3473 55 21
v 3483 40 16
v 3599 137 62
v 3600 79 46
v 3601 133 56
v 3602 214 96
v 3603 158 83
v 3604 284 152
v 3605 418 198
v 3606 137 71
v 3607 114 60
v 3609 508 254
v 3610 773 408
v 3611 302 166
v 3612 354 171
v 3613 241 125
v 3614 320 159
v 3615 430 211
v 3616 45 22
v 3617 74 33
v 3618 116 73
v 3619 154 87
v 3620 354 176
v 3621 87 50
v 3622 76 39
v 3623 196 94
v 3624 41 19
v 3625 114 57
v 3626 122 54
v 3627 112 71
v 3628 85 40
v 3629 37 14
v 3630 108 53
v 3631 134 68
v 3632 315 156
v 3633 245 108
v 3634 100 48
v 3635 173 82
v 3636 52 27
v 3637 175 90
v 3638 692 358
v 3639 201 96
v 3640 86 53
v 3641 30 13
v 3642 48 24
v 3643 55 32
v 3644 379 176
v 3645 24 8
v 3646 193 92
v 3647 72 35
v 3648 237 114
v 3649 32 14
v 3650 16 8
v 3651 211 111
v 3652 93 54
v 3653 244 131
v 3654 281 139
v 3655 403 202
v 3656 55 32
v 3657 49 27
v 3658 477 226
v 3659 201 101
v 3660 234 114
v 3661 37 10
v 3662 86 43
v 3663 125 68
v 3664 132 60
v 3665 47 25
v 3666 24 12
v 3667 149 78
v 3668 302 147
v 3669 574 283
v 3670 768 363
v 3671 350 174
v 3672 107 50
v 3673 19 8
v 3674 168 85
v 3675 126 73
v 3676 40 17
v 3677 230 111
v 3678 70 31
v 3679 38 20
v 3680 330 173
v 3681 239 118
v 3682 326 174
v 3683 76 50
v 3684 417 185
v 3685 238 124
v 3686 48 24
v 3687 20 7
v 3688 166 77
v 3689 269 117
v 3690 404 193
v 3691 282 120
v 3692 483 248
v 3693 196 97
v 3694 175 93
v 3695 112 67
v 3696 353 189
v 3697 59 36
v 3698 115 58
v 3703 331 165
v 3704 242 118
v 3705 292 132
v 3707 595 307
v 3710 180 86
v 3712 542 285
v 3713 169 84
v 3715 308 137
v 3719 513 241
v 3720 65 32
v 3721 107 43
v 3722 82 41
v 3729 152 64
v 3739 77 43
v 3856 28 12
v 3857 87 49
v 3858 81 37
v 3859 65 33
v 3860 95 50
v 3861 190 84
v 3862 49 28
v 3863 30 11
v 3865 211 92
v 3866 239 125
v 3867 93 49
v 3868 123 60
v 3869 120 65
v 3870 101 42
v 3871 185 90
v 3872 17 9
v 3873 25 9
v 3874 33 15
v 3875 69 38
v 3876 120 56
v 3877 37 20
v 3878 41 17
v 3879 103 45
v 3880 18 10
v 3881 59 36
v 3882 34 17
v 3883 55 31
v 3884 15 8
v 3885 16 2
v 3886 39 22
v 3887 66 28
v 3888 109 53
v 3889 105 47
v 3890 32 15
v 3891 80 40
v 3892 24 15
v 3893 58 31
v 3894 568 291
v 3895 106 53
v 3896 15 6
v 3897 16 6
v 3898 26 9
v 3899 27 13
v 3900 196 104
v 3901 6 2
v 3902 92 34
v 3903 37 20
v 3904 90 45
v 3905 7 0
v 3906 3 3
v 3907 55 19
v 3908 28 15
v 3909 108 49
v 3910 77 45
v 3911 161 82
v 3912 17 11
v 3913 14 6
v 3914 139 71
v 3915 74 50
v 3916 100 44
v 3917 17 2
v 3918 33 19
v 3919 44 29
v 3920 52 27
v 3921 21 10
v 3922 4 3
v 3923 61 24
v 3924 96 56
v 3925 247 118
v 3926 250 126
v 3927 133 68
v 3928 58 26
v 3929 11 6
v 3930 64 31
v 3931 32 14
v 3932 15 7
v 3933 68 33
v 3934 6 2
v 3935 20 10
v 3936 143 74
v 3937 64 34
v 3938 77 37
v 3939 22 9
v 3940 128 63
v 3941 118 66
v 3942 16 9
v 3943 9 3
v 3944 44 24
v 3945 87 35
v 3946 150 61
v 3947 105 51
v 3948 182 89
v 3949 67 32
v 3950 63 32
v 3951 51 27
v 3952 119 41
v 3953 24 11
v 3954 27 14
v 3959 172 87
v 3960 105 54
v 3961 117 56
v 3963 246 124
v 3966 80 37
v 3968 230 127
v 3969 67 35
v 3971 111 57
v 3975 169 79
v 3976 45 27
v 3977 37 15
v 3978 21 13
v 3985 30 16
v 3995 38 13
v 4113 36 14
v 4114 59 23
v 4115 40 16
v 4116 63 30
v 4117 95 40
v 4118 36 17
v 4119 22 12
v 4121 98 49
v 4122 129 69
v 4123 55 21
v 4124 75 37
v 4125 40 18
v 4126 48 21
v 4127 93 42
v 4128 5 0
v 4129 24 7
v 4130 21 10
v 4131 25 15
v 4132 63 31
v 4133 26 13
v 4134 29 19
v 4135 38 22
v 4136 5 2
v 4137 17 9
v 4138 20 8
v 4139 36 16
v 4140 17 6
v 4141 12 5
v 4142 30 19
v 4143 37 13
v 4144 76 28
v 4145 58 23
v 4146 29 16
v 4147 47 19
v 4148 8 4
v 4149 44 21
v 4150 111 45
v 4151 54 13
v 4152 14 8
v 4153 9 5
v 4154 20 9
v 4155 16 5
v 4156 71 28
v 4157 4 2
v 4158 37 8
v 4159 9 6
v 4160 51 26
v 4161 16 5
v 4162 6 3
v 4163 33 11
v 4164 20 10
v 4165 70 33
v 4166 42 21
v 4167 76 35
v 4168 16 6
v 4169 14 6
v 4170 90 38
v 4171 31 12
v 4172 58 22
v 4173 12 2
v 4174 24 8
v 4175 37 19
v 4176 21 8
v 4177 11 6
v 4178 8 3
v 4179 32 8
v 4180 50 22
v 4181 111 56
v 4182 166 71
v 4183 62 28
v 4184 23 10
v 4185 5 3
v 4186 36 17
v 4187 24 7
v 4188 2 0
v 4189 38 12
v 4190 14 5
v 4191 7 3
v 4192 65 31
v 4193 47 19
v 4194 41 18
v 4195 9 3
v 4196 105 51
v 4197 48 26
v 4198 13 4
v 4199 7 4
v 4200 26 16
v 4201 49 20
v 4202 70 31
v 4203 49 25
v 4204 101 52
v 4205 39 25
v 4206 41 17
v 4207 31 16
v 4208 73 30
v 4209 15 6
v 4210 11 6
v 4215 73 32
v 4216 62 22
v 4217 52 23
v 4219 127 62
v 4222 32 16
v 4224 107 51
v 4225 32 9
v 4227 57 19
v 4231 104 44
v 4232 17 7
v 4233 25 12
v 4234 16 10
v 4241 25 10
v 4251 25 10
v 4370 86 42
v 4371 98 49
v 4372 116 65
v 4373 198 85
v 4374 63 28
v 4375 39 19
v 4377 235 117
v 4378 207 104
v 4379 83 39
v 4380 164 81
v 4381 109 52
v 4382 156 75
v 4383 191 96
v 4384 14 9
v 4385 49 21
v 4386 61 29
v 4387 56 30
v 4388 125 65
v 4389 41 16
v 4390 41 17
v 4391 76 37
v 4392 15 9
v 4393 50 29
v 4394 45 29
v 4395 56 31
v 4396 20 7
v 4397 10 3
v 4398 47 23
v 4399 63 29
v 4400 147 60
v 4401 142 68
v 4402 42 22
v 4403 91 52
v 4404 30 15
v 4405 107 56
v 4406 300 158
v 4407 145 64
v 4408 44 22
v 4409 9 6
v 4410 26 12
v 4411 36 25
v 4412 120 65
v 4413 6 3
v 4414 121 55
v 4415 17 10
v 4416 88 41
v 4417 20 10
v 4418 4 1
v 4419 100 48
v 4420 44 23
v 4421 134 61
v 4422 80 48
v 4423 160 82
v 4424 22 11
v 4425 21 9
v 4426 157 68
v 4427 50 30
v 4428 89 42
v 4429 25 13
v 4430 54 25
v 4431 85 43
v 4432 66 35
v 4433 17 8
v 4434 19 12
v 4435 89 40
v 4436 131 65
v 4437 261 148
v 4438 325 160
v 4439 99 49
v 4440 62 31
v 4441 13 6
v 4442 124 57
v 4443 56 24
v 4444 22 12
v 4445 71 39
v 4446 35 13
v 4447 28 11
v 4448 175 83
v 4449 75 39
v 4450 117 72
v 4451 29 16
v 4452 183 92
v 4453 84 44
v 4454 15 8
v 4455 7 3
v 4456 42 18
v 4457 115 55
v 4458 248 124
v 4459 134 71
v 4460 191 112
v 4461 95 53
v 4462 106 56
v 4463 67 28
v 4464 192 90
v 4465 27 15
v 4466 32 19
v 4471 207 104
v 4472 128 60
v 4473 88 45
v 4475 301 156
v 4478 85 47
v 4480 260 146
v 4481 81 36
v 4483 153 67
v 4487 228 110
v 4488 30 15
v 4489 53 27
v 4490 25 10
v 4497 94 51
v 4507 66 34
v 4627 172 99
v 4628 182 90
v 4629 295 141
v 4630 80 39
v 4631 60 30
v 4633 340 198
v 4634 406 233
v 4635 163 75
v 4636 212 99
v 4637 135 69
v 4638 164 87
v 4639 280 143
v 4640 17 9
v 4641 70 27
v 4642 55 35
v 4643 88 56
v 4644 192 93
v 4645 43 24
v 4646 58 28
v 4647 111 60
v 4648 20 11
v 4649 69 37
v 4650 77 41
v 4651 76 43
v 4652 46 21
v 4653 21 10
v 4654 114 57
v 4655 116 43
v 4656 290 137
v 4657 242 113
v 4658 63 29
v 4659 146 69
v 4660 35 13
v 4661 128 58
v 4662 341 176
v 4663 378 218
v 4664 82 45
v 4665 20 12
v 4666 40 22
v 4667 38 23
v 4668 311 163
v 4669 26 12
v 4670 180 85
v 4671 38 22
v 4672 141 68
v 4673 32 15
v 4674 11 4
v 4675 134 61
v 4676 56 33
v 4677 167 79
v 4678 183 97
v 4679 288 149
v 4680 42 26
v 4681 28 13
v 4682 260 116
v 4683 139 70
v 4684 164 71
v 4685 57 27
v 4686 136 65
v 4687 108 59
v 4688 75 39
v 4689 44 27
v 4690 22 13
v 4691 91 39
v 4692 182 96
v 4693 352 185
v 4694 478 251
v 4695 256 143
v 4696 109 55
v 4697 15 7
v 4698 133 64
v 4699 87 40
v 4700 22 10
v 4701 121 52
v 4702 63 33
v 4703 59 25
v 4704 269 156
v 4705 103 54
v 4706 151 87
v 4707 36 25
v 4708 272 158
v 4709 154 87
v 4710 27 18
v 4711 14 6
v 4712 86 49
v 4713 169 88
v 4714 311 169
v 4715 225 97
v 4716 262 137
v 4717 155 94
v 4718 100 53
v 4719 90 45
v 4720 196 91
v 4721 39 20
v 4722 49 27
v 4727 279 146
v 4728 177 95
v 4729 220 115
v 4731 458 258
v 4734 99 57
v 4736 380 202
v 4737 106 53
v 4739 210 109
v 4743 296 149
v 4744 59 32
v 4745 71 39
v 4746 53 26
v 4753 93 51
v 4763 94 39
v 4884 138 72
v 4885 301 121
v 4886 58 27
v 4887 43 20
v 4889 335 145
v 4890 339 186
v 4891 129 68
v 4892 167 74
v 4893 146 77
v 4894 128 55
v 4895 210 94
v 4896 16 7
v 4897 95 43
v 4898 37 24
v 4899 72 35
v 4900 196 89
v 4901 51 26
v 4902 63 24
v 4903 98 59
v 4904 20 12
v 4905 68 28
v 4906 58 29
v 4907 45 24
v 4908 34 22
v 4909 16 5
v 4910 87 52
v 4911 73 35
v 4912 197 94
v 4913 159 66
v 4914 58 30
v 4915 103 47
v 4916 21 9
v 4917 119 65
v 4918 272 124
v 4919 185 83
v 4920 39 20
v 4921 22 15
v 4922 29 15
v 4923 32 19
v 4924 243 117
v 4925 15 8
v 4926 106 36
v 4927 34 16
v 4928 109 54
v 4929 21 9
v 4930 5 2
v 4931 123 63
v 4932 45 23
v 4933 179 90
v 4934 121 57
v 4935 240 117
v 4936 33 17
v 4937 29 12
v 4938 227 110
v 4939 101 58
v 4940 122 64
v 4941 27 10
v 4942 40 16
v 4943 93 48
v 4944 98 48
v 4945 26 17
v 4946 13 9
v 4947 89 41
v 4948 123 55
v 4949 245 134
v 4950 380 183
v 4951 186 77
v 4952 94 48
v 4953 7 3
v 4954 123 55
v 4955 72 36
v 4956 16 8
v 4957 98 46
v 4958 39 19
v 4959 17 6
v 4960 200 107
v 4961 87 52
v 4962 172 68
v 4963 40 20
v 4964 253 130
v 4965 162 86
v 4966 23 17
v 4967 16 9
v 4968 71 36
v 4969 151 71
v 4970 288 119
v 4971 167 66
v 4972 223 125
v 4973 123 52
v 4974 86 40
v 4975 67 38
v 4976 227 102
v 4977 22 14
v 4978 41 22
v 4983 277 104
v 4984 181 100
v 4985 157 77
v 4987 357 183
v 4990 116 50
v 4992 311 162
v 4993 97 44
v 4995 187 98
v 4999 250 115
v 5000 53 20
v 5001 51 29
v 5002 41 17
v 5009 109 50
v 5019 85 39
v 5141 300 134
v 5142 104 56
v 5143 75 28
v 5145 415 198
v 5146 564 300
v 5147 256 133
v 5148 278 140
v 5149 189 83
v 5150 210 112
v 5151 378 178
v 5152 29 15
v 5153 79 32
v 5154 66 31
v 5155 97 48
v 5156 273 115
v 5157 57 31
v 5158 63 23
v 5159 151 81
v 5160 32 17
v 5161 104 50
v 5162 105 57
v 5163 90 44
v 5164 65 41
v 5165 21 6
v 5166 103 55
v 5167 125 64
v 5168 282 124
v 5169 224 82
v 5170 75 34
v 5171 125 64
v 5172 44 15
v 5173 147 68
v 5174 476 218
v 5175 151 56
v 5176 75 43
v 5177 16 4
v 5178 26 11
v 5179 59 39
v 5180 323 138
v 5181 13 5
v 5182 174 59
v 5183 52 20
v 5184 202 102
v 5185 15 8
v 5186 4 1
v 5187 180 83
v 5188 72 36
v 5189 309 162
v 5190 177 88
v 5191 283 121
v 5192 30 12
v 5193 18 8
v 5194 340 158
v 5195 152 75
v 5196 184 79
v 5197 33 9
v 5198 73 36
v 5199 113 60
v 5200 90 44
v 5201 37 15
v 5202 22 8
v 5203 136 53
v 5204 246 116
v 5205 462 211
v 5206 530 236
v 5207 289 144
v 5208 108 47
v 5209 22 8
v 5210 133 52
v 5211 74 28
v 5212 25 13
v 5213 138 61
v 5214 66 34
v 5215 25 18
v 5216 268 144
v 5217 169 83
v 5218 152 76
v 5219 57 34
v 5220 299 144
v 5221 155 86
v 5222 33 16
v 5223 16 8
v 5224 105 53
v 5225 188 80
v 5226 298 135
v 5227 199 98
v 5228 369 193
v 5229 174 81
v 5230 155 74
v 5231 118 52
v 5232 276 116
v 5233 57 37
v 5234 44 18
v 5239 273 126
v 5240 162 80
v 5241 254 138
v 5243 487 236
v 5246 133 61
v 5248 445 200
v 5249 128 65
v 5251 202 101
v 5255 348 170
v 5256 56 26
v 5257 65 26
v 5258 68 38
v 5265 104 59
v 5275 76 24
v 5398 133 71
v 5399 133 73
v 5401 654 338
v 5402 718 394
v 5403 297 159
v 5404 468 242
v 5405 254 138
v 5406 349 182
v 5407 496 258
v 5408 56 29
v 5409 106 51
v 5410 110 55
v 5411 159 94
v 5412 383 179
v 5413 70 45
v 5414 131 59
v 5415 245 128
v 5416 54 31
v 5417 163 83
v 5418 114 63
v 5419 163 97
v 5420 100 55
v 5421 43 24
v 5422 155 78
v 5423 276 151
v 5424 447 252
v 5425 379 182
v 5426 106 57
v 5427 260 134
v 5428 64 29
v 5429 253 115
v 5430 796 406
v 5431 376 194
v 5432 127 78
v 5433 30 18
v 5434 82 42
v 5435 71 45
v 5436 448 233
v 5437 24 13
v 5438 294 132
v 5439 73 42
v 5440 270 137
v 5441 52 24
v 5442 17 9
v 5443 233 112
v 5444 94 58
v 5445 325 171
v 5446 253 140
v 5447 481 251
v 5448 77 46
v 5449 56 26
v 5450 416 209
v 5451 249 150
v 5452 293 152
v 5453 56 26
v 5454 115 57
v 5455 197 90
v 5456 195 96
v 5457 55 31
v 5458 31 14
v 5459 195 100
v 5460 313 169
v 5461 683 359
v 5462 944 496
v 5463 408 217
v 5464 161 79
v 5465 37 14
v 5466 234 108
v 5467 136 69
v 5468 40 22
v 5469 223 111
v 5470 74 41
v 5471 52 23
v 5472 519 273
v 5473 183 95
v 5474 248 153
v 5475 78 44
v 5476 545 285
v 5477 258 143
v 5478 46 23
v 5479 34 18
v 5480 130 66
v 5481 308 158
v 5482 572 293
v 5483 332 168
v 5484 543 300
v 5485 225 122
v 5486 235 120
v 5487 161 87
v 5488 429 189
v 5489 77 44
v 5490 96 56
v 5495 555 288
v 5496 326 171
v 5497 330 185
v 5499 831 461
v 5502 217 113
v 5504 667 365
v 5505 241 132
v 5507 366 184
v 5511 616 316
v 5512 92 56
v 5513 135 68
v 5514 108 62
v 5521 209 114
v 5531 151 63
v 5655 35 14
v 5657 194 83
v 5658 244 123
v 5659 118 53
v 5660 128 64
v 5661 87 48
v 5662 102 48
v 5663 142 70
v 5664 13 5
v 5665 24 9
v 5666 38 15
v 5667 65 32
v 5668 116 49
v 5669 42 17
v 5670 43 15
v 5671 71 36
v 5672 19 8
v 5673 44 21
v 5674 40 22
v 5675 45 26
v 5676 36 17
v 5677 19 13
v 5678 43 29
v 5679 61 32
v 5680 112 53
v 5681 100 43
v 5682 40 15
v 5683 56 20
v 5684 14 7
v 5685 69 30
v 5686 192 81
v 5687 88 39
v 5688 26 16
v 5689 14 2
v 5690 16 10
v 5691 17 11
v 5692 130 62
v 5693 11 6
v 5694 94 37
v 5695 17 5
v 5696 98 50
v 5697 14 5
v 5698 3 3
v 5699 78 47
v 5700 27 14
v 5701 91 42
v 5702 77 39
v 5703 149 71
v 5704 22 17
v 5705 21 11
v 5706 131 62
v 5707 78 36
v 5708 89 34
v 5709 13 2
v 5710 38 14
v 5711 50 24
v 5712 45 20
v 5713 15 11
v 5714 15 7
v 5715 75 25
v 5716 104 53
v 5717 173 94
v 5718 240 116
v 5719 105 48
v 5720 39 20
v 5721 8 4
v 5722 71 22
v 5723 45 14
v 5724 14 7
v 5725 69 35
v 5726 22 9
v 5727 22 6
v 5728 117 62
v 5729 63 32
v 5730 55 29
v 5731 35 17
v 5732 120 58
v 5733 103 55
v 5734 13 6
v 5735 9 2
v 5736 58 26
v 5737 69 39
v 5738 123 54
v 5739 66 27
v 5740 184 93
v 5741 58 25
v 5742 65 24
v 5743 32 17
v 5744 102 52
v 5745 10 3
v 5746 31 14
v 5751 132 70
v 5752 94 42
v 5753 124 53
v 5755 207 93
v 5758 65 32
v 5760 192 97
v 5761 78 42
v 5763 71 32
v 5767 156 59
v 5768 33 15
v 5769 39 14
v 5770 26 15
v 5777 45 24
v 5787 30 9
v 5913 134 64
v 5914 191 105
v 5915 75 45
v 5916 74 30
v 5917 80 40
v 5918 79 47
v 5919 92 52
v 5920 11 5
v 5921 34 16
v 5922 24 12
v 5923 37 18
v 5924 82 45
v 5925 17 10
v 5926 24 11
v 5927 45 28
v 5928 9 2
v 5929 37 15
v 5930 23 11
v 5931 29 10
v 5932 23 14
v 5933 12 9
v 5934 43 23
v 5935 35 18
v 5936 100 46
v 5937 58 29
v 5938 21 11
v 5939 55 26
v 5940 9 4
v 5941 52 27
v 5942 165 70
v 5943 61 27
v 5944 25 16
v 5945 8 3
v 5946 10 2
v 5947 20 13
v 5948 110 66
v 5949 7 6
v 5950 50 21
v 5951 13 6
v 5952 48 25
v 5953 5 2
v 5955 57 29
v 5956 13 6
v 5957 56 22
v 5958 67 40
v 5959 93 44
v 5960 14 9
v 5961 14 5
v 5962 166 78
v 5963 60 33
v 5964 55 25
v 5965 14 5
v 5966 21 15
v 5967 36 17
v 5968 28 13
v 5969 17 6
v 5970 4 2
v 5971 33 19
v 5972 84 43
v 5973 124 58
v 5974 181 87
v 5975 104 47
v 5976 30 13
v 5977 2 1
v 5978 49 23
v 5979 26 15
v 5980 11 5
v 5981 50 21
v 5982 9 7
v 5983 9 5
v 5984 87 46
v 5985 40 22
v 5986 78 47
v 5987 14 9
v 5988 96 57
v 5989 71 36
v 5990 8 7
v 5991 6 2
v 5992 33 15
v 5993 68 37
v 5994 92 40
v 5995 74 38
v 5996 118 60
v 5997 39 23
v 5998 39 19
v 5999 28 14
v 6000 65 32
v 6001 7 5
v 6002 24 9
v 6007 106 50
v 6008 55 28
v 6009 73 38
v 6011 156 77
v 6014 38 18
v 6016 145 77
v 6017 45 24
v 6019 79 33
v 6023 126 68
v 6024 16 10
v 6025 21 8
v 6026 20 10
v 6033 40 23
v 6043 20 7
v 6426 854 475
v 6427 373 193
v 6428 441 201
v 6429 374 184
v 6430 346 195
v 6431 592 294
v 6432 54 30
v 6433 132 49
v 6434 141 66
v 6435 297 164
v 6436 381 194
v 6437 115 65
v 6438 128 63
v 6439 248 134
v 6440 43 26
v 6441 178 83
v 6442 178 91
v 6443 192 97
v 6444 120 66
v 6445 55 24
v 6446 219 119
v 6447 235 126
v 6448 429 207
v 6449 577 247
v 6450 132 72
v 6451 278 137
v 6452 69 41
v 6453 308 172
v 6454 847 396
v 6455 350 159
v 6456 146 70
v 6457 41 20
v 6458 75 38
v 6459 72 44
v 6460 479 235
v 6461 36 15
v 6462 270 102
v 6463 70 32
v 6464 326 159
v 6465 58 27
v 6466 19 15
v 6467 313 154
v 6468 85 50
v 6469 342 167
v 6470 303 160
v 6471 516 234
v 6472 80 49
v 6473 56 28
v 6474 692 319
v 6475 244 138
v 6476 452 206
v 6477 86 34
v 6478 112 59
v 6479 185 92
v 6480 200 96
v 6481 56 30
v 6482 31 22
v 6483 266 123
v 6484 380 193
v 6485 828 408
v 6486 1136 540
v 6487 480 237
v 6488 155 74
v 6489 23 13
v 6490 333 140
v 6491 162 83
v 6492 58 23
v 6493 187 87
v 6494 94 51
v 6495 44 23
v 6496 535 275
v 6497 270 146
v 6498 229 135
v 6499 87 41
v 6500 567 263
v 6501 326 171
v 6502 74 36
v 6503 29 12
v 6504 142 73
v 6505 381 184
v 6506 584 267
v 6507 396 185
v 6508 771 434
v 6509 235 113
v 6510 314 160
v 6511 181 81
v 6512 483 216
v 6513 98 47
v 6514 88 41
v 6519 571 266
v 6520 356 175
v 6521 409 212
v 6523 910 475
v 6526 201 86
v 6528 818 431
v 6529 267 146
v 6531 389 204
v 6535 701 345
v 6536 147 73
v 6537 109 49
v 6538 91 48
v 6545 188 94
v 6555 133 55
v 6683 681 331
v 6684 610 256
v 6685 464 208
v 6686 510 269
v 6687 823 366
v 6688 63 27
v 6689 168 67
v 6690 166 64
v 6691 266 130
v 6692 471 222
v 6693 140 68
v 6694 180 70
v 6695 322 152
v 6696 68 34
v 6697 155 79
v 6698 204 89
v 6699 196 92
v 6700 147 65
v 6701 64 32
v 6702 227 104
v 6703 240 115
v 6704 589 256
v 6705 457 193
v 6706 184 77
v 6707 292 123
v 6708 96 44
v 6709 316 159
v 6710 1044 447
v 6711 393 158
v 6712 131 65
v 6713 53 27
v 6714 66 31
v 6715 83 43
v 6716 640 280
v 6717 38 21
v 6718 320 115
v 6719 108 53
v 6720 465 213
v 6721 64 22
v 6722 19 8
v 6723 380 159
v 6724 137 77
v 6725 397 177
v 6726 436 203
v 6727 708 297
v 6728 102 51
v 6729 78 42
v 6730 763 332
v 6731 354 177
v 6732 372 157
v 6733 101 39
v 6734 172 74
v 6735 229 109
v 6736 192 100
v 6737 72 35
v 6738 44 16
v 6739 307 124
v 6740 568 260
v 6741 873 410
v 6742 1422 581
v 6743 653 302
v 6744 207 87
v 6745 39 19
v 6746 294 104
v 6747 187 68
v 6748 50 15
v 6749 323 137
v 6750 97 39
v 6751 71 32
v 6752 582 276
v 6753 345 173
v 6754 291 151
v 6755 104 61
v 6756 724 321
v 6757 363 163
v 6758 86 45
v 6759 29 11
v 6760 225 102
v 6761 401 171
v 6762 673 290
v 6763 489 209
v 6764 841 389
v 6765 310 128
v 6766 318 132
v 6767 220 95
v 6768 555 218
v 6769 123 57
v 6770 147 67
v 6775 658 285
v 6776 442 179
v 6777 511 247
v 6779 1073 499
v 6782 278 117
v 6784 1014 472
v 6785 335 162
v 6787 464 193
v 6791 820 341
v 6792 137 64
v 6793 147 62
v 6794 134 74
v 6801 229 115
v 6811 156 56
v 6940 249 122
v 6941 250 114
v 6942 237 116
v 6943 392 178
v 6944 30 17
v 6945 56 23
v 6946 71 37
v 6947 142 73
v 6948 271 136
v 6949 62 32
v 6950 75 37
v 6951 138 72
v 6952 41 14
v 6953 77 42
v 6954 112 52
v 6955 111 63
v 6956 56 25
v 6957 39 21
v 6958 104 54
v 6959 104 55
v 6960 230 115
v 6961 202 82
v 6962 87 47
v 6963 116 62
v 6964 43 16
v 6965 153 75
v 6966 474 199
v 6967 180 77
v 6968 64 37
v 6969 33 10
v 6970 19 10
v 6971 47 25
v 6972 340 165
v 6973 15 6
v 6974 135 56
v 6975 51 24
v 6976 220 97
v 6977 22 9
v 6978 11 4
v 6979 159 82
v 6980 60 28
v 6981 189 84
v 6982 195 108
v 6983 317 143
v 6984 52 30
v 6985 45 18
v 6986 335 134
v 6987 159 74
v 6988 172 81
v 6989 33 13
v 6990 64 34
v 6991 88 52
v 6992 103 45
v 6993 38 19
v 6994 27 15
v 6995 111 50
v 6996 217 119
v 6997 449 222
v 6998 586 269
v 6999 280 150
v 7000 108 56
v 7001 12 4
v 7002 118 57
v 7003 86 44
v 7004 33 14
v 7005 151 68
v 7006 69 30
v 7007 35 18
v 7008 244 112
v 7009 159 78
v 7010 124 66
v 7011 52 31
v 7012 309 155
v 7013 170 79
v 7014 58 27
v 7015 20 9
v 7016 103 44
v 7017 145 63
v 7018 290 135
v 7019 208 96
v 7020 374 188
v 7021 153 62
v 7022 147 65
v 7023 100 44
v 7024 196 78
v 7025 36 19
v 7026 68 28
v 7031 259 133
v 7032 214 107
v 7033 230 94
v 7035 408 203
v 7038 134 68
v 7040 436 222
v 7041 159 77
v 7043 220 98
v 7047 406 162
v 7048 48 20
v 7049 70 28
v 7050 75 39
v 7057 96 44
v 7067 62 29
v 7197 269 136
v 7198 234 112
v 7199 436 218
v 7200 50 28
v 7201 73 32
v 7202 87 51
v 7203 99 58
v 7204 295 153
v 7205 52 33
v 7206 89 40
v 7207 205 113
v 7208 36 15
v 7209 94 55
v 7210 71 36
v 7211 101 57
v 7212 62 34
v 7213 27 10
v 7214 112 56
v 7215 137 72
v 7216 303 137
v 7217 269 114
v 7218 83 40
v 7219 156 75
v 7220 44 17
v 7221 163 83
v 7222 648 339
v 7223 273 118
v 7224 61 37
v 7225 20 11
v 7226 42 21
v 7227 52 22
v 7228 397 188
v 7229 26 12
v 7230 277 115
v 7231 52 31
v 7232 209 99
v 7233 27 13
v 7234 13 7
v 7235 162 87
v 7236 75 43
v 7237 249 132
v 7238 168 104
v 7239 309 161
v 7240 34 18
v 7241 31 18
v 7242 378 184
v 7243 205 119
v 7244 206 95
v 7245 48 17
v 7246 86 43
v 7247 98 47
v 7248 143 78
v 7249 42 19
v 7250 25 13
v 7251 166 79
v 7252 231 127
v 7253 509 265
v 7254 681 331
v 7255 345 182
v 7256 147 75
v 7257 24 10
v 7258 175 84
v 7259 110 57
v 7260 37 16
v 7261 154 79
v 7262 85 46
v 7263 68 34
v 7264 361 194
v 7265 180 99
v 7266 193 108
v 7267 58 28
v 7268 351 168
v 7269 277 156
v 7270 33 15
v 7271 16 9
v 7272 110 59
v 7273 252 117
v 7274 433 208
v 7275 308 142
v 7276 582 320
v 7277 346 157
v 7278 148 64
v 7279 143 89
v 7280 252 127
v 7281 45 29
v 7282 54 27
v 7287 306 158
v 7288 253 126
v 7289 274 139
v 7291 569 287
v 7294 152 77
v 7296 523 265
v 7297 150 81
v 7299 291 130
v 7303 518 250
v 7304 59 27
v 7305 89 36
v 7306 98 49
v 7313 99 51
v 7323 95 35
v 7454 177 88
v 7455 272 124
v 7456 28 15
v 7457 63 27
v 7458 65 34
v 7459 91 43
v 7460 204 98
v 7461 57 30
v 7462 56 32
v 7463 125 57
v 7464 30 19
v 7465 77 40
v 7466 76 41
v 7467 61 22
v 7468 59 31
v 7469 29 16
v 7470 95 46
v 7471 118 48
v 7472 224 112
v 7473 192 77
v 7474 52 24
v 7475 107 49
v 7476 45 18
v 7477 145 79
v 7478 341 152
v 7479 189 91
v 7480 54 26
v 7481 11 5
v 7482 23 10
v 7483 48 15
v 7484 288 129
v 7485 11 9
v 7486 143 68
v 7487 52 25
v 7488 165 95
v 7489 24 16
v 7490 7 4
v 7491 156 78
v 7492 59 31
v 7493 144 57
v 7494 253 117
v 7495 275 124
v 7496 33 24
v 7497 30 14
v 7498 283 138
v 7499 162 85
v 7500 191 92
v 7501 43 20
v 7502 58 34
v 7503 107 55
v 7504 96 51
v 7505 23 14
v 7506 14 7
v 7507 108 47
v 7508 158 81
v 7509 341 171
v 7510 455 211
v 7511 234 109
v 7512 90 43
v 7513 6 5
v 7514 145 59
v 7515 67 27
v 7516 23 8
v 7517 227 103
v 7518 39 18
v 7519 16 6
v 7520 291 148
v 7521 148 77
v 7522 157 82
v 7523 43 21
v 7524 265 133
v 7525 172 86
v 7526 31 17
v 7527 21 10
v 7528 90 49
v 7529 191 83
v 7530 299 147
v 7531 205 103
v 7532 391 202
v 7533 133 72
v 7534 141 68
v 7535 70 34
v 7536 222 85
v 7537 46 22
v 7538 48 24
v 7543 290 141
v 7544 176 84
v 7545 217 106
v 7547 379 189
v 7550 124 61
v 7552 384 199
v 7553 143 72
v 7555 225 112
v 7559 371 180
v 7560 56 27
v 7561 77 31
v 7562 57 31
v 7569 121 70
v 7579 62 27
v 7711 376 180
v 7712 39 20
v 7713 86 38
v 7714 75 31
v 7715 121 63
v 7716 258 108
v 7717 70 38
v 7718 65 31
v 7719 139 66
v 7720 25 14
v 7721 96 45
v 7722 88 45
v 7723 85 44
v 7724 64 28
v 7725 33 14
v 7726 94 47
v 7727 108 51
v 7728 223 111
v 7729 276 113
v 7730 76 32
v 7731 130 61
v 7732 50 21
v 7733 145 67
v 7734 450 208
v 7735 183 75
v 7736 67 37
v 7737 32 14
v 7738 42 21
v 7739 43 23
v 7740 314 150
v 7741 17 8
v 7742 115 38
v 7743 53 29
v 7744 167 86
v 7745 21 10
v 7746 16 12
v 7747 143 70
v 7748 58 31
v 7749 187 92
v 7750 175 78
v 7751 292 138
v 7752 40 15
v 7753 35 20
v 7754 309 141
v 7755 164 77
v 7756 188 80
v 7757 48 24
v 7758 82 44
v 7759 79 43
v 7760 135 65
v 7761 30 15
v 7762 17 7
v 7763 109 40
v 7764 199 101
v 7765 436 197
v 7766 496 248
v 7767 272 120
v 7768 109 43
v 7769 18 4
v 7770 129 51
v 7771 106 51
v 7772 25 11
v 7773 137 60
v 7774 69 28
v 7775 30 19
v 7776 255 139
v 7777 122 64
v 7778 120 60
v 7779 43 25
v 7780 274 131
v 7781 205 101
v 7782 39 24
v 7783 13 5
v 7784 107 45
v 7785 214 101
v 7786 287 141
v 7787 214 106
v 7788 348 173
v 7789 125 60
v 7790 156 69
v 7791 98 44
v 7792 246 109
v 7793 54 24
v 7794 59 31
v 7799 347 166
v 7800 164 82
v 7801 207 102
v 7803 484 242
v 7806 135 56
v 7808 353 177
v 7809 117 66
v 7811 222 103
v 7815 374 167
v 7816 50 20
v 7817 62 25
v 7818 68 33
v 7825 108 50
v 7835 86 37
v 7968 44 24
v 7969 96 46
v 7970 110 55
v 7971 180 100
v 7972 328 175
v 7973 92 52
v 7974 93 49
v 7975 236 124
v 7976 31 15
v 7977 159 88
v 7978 138 65
v 7979 132 69
v 7980 89 44
v 7981 47 25
v 7982 125 72
v 7983 158 77
v 7984 376 209
v 7985 347 138
v 7986 112 58
v 7987 166 71
v 7988 66 39
v 7989 176 89
v 7990 783 379
v 7991 278 122
v 7992 101 44
v 7993 38 17
v 7994 55 26
v 7995 77 42
v 7996 464 244
v 7997 28 11
v 7998 250 102
v 7999 79 37
v 8000 259 141
v 8001 36 19
v 8002 18 11
v 8003 249 126
v 8004 79 41
v 8005 309 157
v 8006 251 121
v 8007 462 238
v 8008 46 23
v 8009 42 18
v 8010 474 194
v 8011 242 140
v 8012 283 125
v 8013 61 25
v 8014 107 48
v 8015 146 80
v 8016 149 67
v 8017 36 18
v 8018 22 13
v 8019 202 96
v 8020 336 174
v 8021 650 308
v 8022 831 405
v 8023 421 198
v 8024 141 68
v 8025 17 10
v 8026 186 90
v 8027 131 65
v 8028 44 17
v 8029 243 107
v 8030 72 43
v 8031 52 19
v 8032 425 215
v 8033 214 107
v 8034 196 114
v 8035 85 41
v 8036 483 220
v 8037 299 169
v 8038 56 26
v 8039 21 8
v 8040 163 90
v 8041 329 153
v 8042 513 260
v 8043 323 139
v 8044 587 285
v 8045 177 85
v 8046 217 120
v 8047 192 98
v 8048 334 130
v 8049 81 46
v 8050 73 33
v 8055 487 236
v 8056 250 127
v 8057 469 243
v 8059 797 393
v 8062 192 92
v 8064 574 297
v 8065 165 81
v 8067 324 145
v 8071 561 288
v 8072 71 35
v 8073 150 73
v 8074 81 39
v 8081 163 79
v 8091 127 54
v 8225 8 5
v 8226 8 3
v 8227 11 5
v 8228 29 15
v 8229 5 3
v 8230 6 5
v 8231 19 8
v 8232 3 2
v 8233 14 6
v 8234 12 6
v 8235 8 3
v 8236 9 6
v 8237 8 2
v 8238 9 6
v 8239 10 2
v 8240 42 21
v 8241 33 18
v 8242 12 5
v 8243 8 3
v 8244 7 1
v 8245 19 8
v 8246 58 23
v 8247 21 8
v 8248 15 7
v 8249 4 1
v 8250 3 1
v 8251 8 4
v 8252 38 20
v 8253 1 0
v 8254 13 2
v 8255 9 8
v 8256 20 8
v 8258 1 1
v 8259 17 6
v 8260 8 3
v 8261 24 9
v 8262 22 7
v 8263 44 18
v 8264 4 2
v 8265 8 4
v 8266 53 31
v 8267 19 9
v 8268 15 8
v 8269 3 2
v 8270 7 6
v 8271 20 11
v 8272 15 8
v 8273 1 1
v 8274 1 1
v 8275 16 6
v 8276 19 10
v 8277 52 31
v 8278 70 34
v 8279 38 18
v 8280 19 4
v 8281 1 1
v 8282 16 3
v 8283 16 9
v 8284 7 3
v 8285 24 12
v 8286 13 7
v 8287 3 2
v 8288 37 13
v 8289 20 8
v 8290 23 12
v 8291 5 2
v 8292 35 19
v 8293 26 16
v 8294 5 5
v 8295 2 2
v 8296 10 5
v 8297 25 11
v 8298 38 16
v 8299 30 15
v 8300 37 19
v 8301 12 4
v 8302 24 10
v 8303 26 12
v 8304 28 12
v 8305 6 3
v 8306 10 4
v 8311 43 21
v 8312 13 7
v 8313 25 9
v 8315 62 28
v 8318 10 5
v 8320 50 26
v 8321 18 10
v 8323 32 18
v 8327 48 20
v 8328 4 2
v 8329 9 2
v 8330 8 4
v 8337 12 6
v 8347 13 4
v 8482 21 19
v 8483 31 18
v 8484 87 57
v 8485 53 30
v 8486 36 17
v 8487 41 23
v 8488 13 4
v 8489 23 14
v 8490 22 11
v 8491 27 17
v 8492 16 9
v 8493 9 4
v 8494 38 21
v 8495 35 24
v 8496 93 50
v 8497 104 65
v 8498 31 17
v 8499 47 28
v 8500 20 8
v 8501 45 25
v 8502 163 109
v 8503 91 53
v 8504 20 11
v 8505 9 6
v 8506 15 12
v 8507 16 10
v 8508 89 58
v 8509 8 5
v 8510 61 36
v 8511 10 6
v 8512 44 26
v 8513 19 16
v 8514 8 6
v 8515 53 35
v 8516 12 9
v 8517 82 49
v 8518 54 35
v 8519 88 56
v 8520 91 49
v 8521 14 6
v 8522 103 62
v 8523 75 45
v 8524 72 47
v 8525 11 7
v 8526 34 15
v 8527 24 20
v 8528 63 37
v 8529 8 6
v 8530 6 2
v 8531 38 22
v 8532 60 39
v 8533 225 139
v 8534 161 88
v 8535 93 60
v 8536 29 16
v 8537 19 9
v 8538 69 43
v 8539 45 23
v 8540 12 9
v 8541 55 32
v 8542 21 11
v 8543 7 5
v 8544 83 46
v 8545 35 23
v 8546 58 38
v 8547 31 19
v 8548 113 70
v 8549 69 49
v 8550 4 3
v 8551 7 5
v 8552 36 23
v 8553 107 74
v 8554 113 66
v 8555 74 52
v 8556 120 76
v 8557 50 28
v 8558 46 22
v 8559 41 23
v 8560 82 48
v 8561 11 5
v 8562 17 11
v 8567 145 86
v 8568 73 41
v 8569 73 42
v 8571 213 116
v 8574 52 26
v 8576 130 81
v 8577 32 21
v 8579 84 50
v 8583 197 107
v 8584 19 12
v 8585 27 14
v 8586 17 13
v 8593 54 35
v 8603 36 21
v 8739 28 14
v 8740 87 35
v 8741 20 10
v 8742 21 6
v 8743 29 15
v 8744 11 5
v 8745 36 20
v 8746 27 13
v 8747 23 13
v 8748 22 14
v 8749 13 9
v 8750 30 17
v 8751 35 14
v 8752 67 34
v 8753 75 33
v 8754 20 12
v 8755 37 21
v 8756 12 4
v 8757 43 21
v 8758 138 63
v 8759 51 27
v 8760 24 14
v 8761 9 2
v 8762 16 5
v 8763 9 6
v 8764 94 49
v 8765 11 5
v 8766 40 10
v 8767 15 9
v 8768 68 40
v 8769 16 7
v 8770 3 3
v 8771 102 51
v 8772 22 10
v 8773 78 40
v 8774 65 40
v 8775 82 38
v 8776 13 7
v 8777 12 10
v 8778 111 55
v 8779 47 23
v 8780 71 35
v 8781 6 0
v 8782 20 4
v 8783 41 26
v 8784 41 16
v 8785 6 3
v 8786 8 5
v 8787 40 19
v 8788 58 36
v 8789 144 63
v 8790 175 86
v 8791 87 44
v 8792 24 9
v 8793 7 7
v 8794 43 24
v 8795 35 17
v 8796 6 4
v 8797 33 19
v 8798 16 10
v 8799 13 9
v 8800 110 66
v 8801 45 27
v 8802 54 31
v 8803 20 14
v 8804 97 50
v 8805 48 22
v 8806 13 8
v 8807 9 3
v 8808 34 19
v 8809 77 44
v 8810 98 55
v 8811 62 25
v 8812 119 62
v 8813 39 21
v 8814 47 25
v 8815 37 16
v 8816 70 35
v 8817 19 8
v 8818 12 7
v 8823 71 33
v 8824 39 21
v 8825 77 41
v 8827 155 72
v 8830 55 25
v 8832 150 72
v 8833 33 17
v 8835 77 39
v 8839 109 55
v 8840 32 13
v 8841 39 12
v 8842 17 8
v 8849 34 15
v 8859 24 12
v 8996 133 61
v 8997 30 21
v 8998 43 18
v 8999 57 29
v 9000 15 5
v 9001 50 28
v 9002 41 21
v 9003 58 22
v 9004 39 19
v 9005 13 5
v 9006 58 33
v 9007 129 63
v 9008 136 62
v 9009 116 41
v 9010 43 16
v 9011 39 17
v 9012 14 6
v 9013 76 39
v 9014 257 103
v 9015 89 28
v 9016 28 12
v 9017 15 8
v 9018 17 5
v 9019 43 20
v 9020 122 49
v 9021 2 1
v 9022 78 27
v 9023 22 10
v 9024 91 35
v 9025 8 4
v 9026 9 5
v 9027 113 44
v 9028 42 21
v 9029 118 51
v 9030 75 30
v 9031 90 29
v 9032 15 11
v 9033 19 9
v 9034 141 52
v 9035 106 50
v 9036 179 88
v 9037 14 6
v 9038 37 16
v 9039 54 26
v 9040 41 15
v 9041 17 5
v 9042 6 2
v 9043 64 31
v 9044 129 49
v 9045 264 122
v 9046 283 125
v 9047 153 83
v 9048 26 10
v 9049 12 4
v 9050 63 25
v 9051 38 14
v 9052 11 6
v 9053 54 20
v 9054 38 22
v 9055 18 9
v 9056 133 73
v 9057 72 31
v 9058 79 38
v 9059 34 17
v 9060 143 58
v 9061 113 49
v 9062 25 14
v 9063 12 4
v 9064 49 19
v 9065 106 55
v 9066 102 36
v 9067 76 25
v 9068 217 107
v 9069 69 34
v 9070 117 47
v 9071 59 28
v 9072 105 51
v 9073 34 15
v 9074 22 13
v 9079 138 61
v 9080 81 33
v 9081 146 64
v 9083 189 80
v 9086 65 25
v 9088 208 105
v 9089 71 40
v 9091 95 37
v 9095 195 83
v 9096 30 10
v 9097 32 13
v 9098 32 8
v 9105 49 23
v 9115 31 18
v 9253 61 37
v 9254 86 44
v 9255 171 93
v 9256 18 10
v 9257 85 43
v 9258 91 54
v 9259 135 66
v 9260 56 29
v 9261 35 17
v 9262 105 54
v 9263 160 79
v 9264 303 156
v 9265 323 173
v 9266 85 45
v 9267 185 100
v 9268 72 37
v 9269 173 80
v 9270 550 292
v 9271 259 113
v 9272 70 36
v 9273 24 7
v 9274 34 11
v 9275 43 27
v 9276 272 131
v 9277 11 6
v 9278 230 101
v 9279 57 29
v 9280 172 91
v 9281 56 25
v 9282 11 7
v 9283 177 95
v 9284 91 37
v 9285 308 158
v 9286 158 91
v 9287 382 209
v 9288 43 24
v 9289 48 26
v 9290 315 153
v 9291 137 71
v 9292 206 107
v 9293 51 29
v 9294 75 39
v 9295 156 74
v 9296 123 72
v 9297 20 10
v 9298 18 12
v 9299 166 89
v 9300 252 136
v 9301 540 280
v 9302 631 306
v 9303 258 137
v 9304 93 48
v 9305 21 14
v 9306 173 77
v 9307 106 58
v 9308 37 16
v 9309 164 85
v 9310 51 25
v 9311 43 23
v 9312 341 187
v 9313 159 85
v 9314 197 131
v 9315 62 35
v 9316 395 195
v 9317 195 90
v 9318 56 36
v 9319 23 5
v 9320 87 46
v 9321 197 103
v 9322 393 213
v 9323 244 127
v 9324 414 220
v 9325 133 75
v 9326 140 78
v 9327 65 28
v 9328 362 168
v 9329 41 25
v 9330 46 23
v 9335 391 203
v 9336 219 102
v 9337 197 103
v 9339 526 279
v 9342 132 69
v 9344 496 261
v 9345 116 68
v 9347 259 130
v 9351 431 220
v 9352 67 40
v 9353 89 30
v 9354 369 184
v 9361 114 62
v 9371 103 41
v 9510 25 11
v 9511 31 21
v 9512 15 7
v 9513 26 15
v 9514 22 10
v 9515 17 6
v 9516 18 9
v 9517 11 5
v 9518 33 21
v 9519 32 11
v 9520 74 36
v 9521 59 26
v 9522 21 12
v 9523 32 16
v 9524 14 8
v 9525 59 27
v 9526 83 41
v 9527 45 22
v 9528 18 5
v 9529 6 2
v 9530 15 7
v 9531 17 6
v 9532 66 32
v 9533 7 4
v 9534 31 10
v 9535 14 6
v 9536 50 21
v 9537 7 1
v 9538 5 4
v 9539 43 16
v 9540 18 9
v 9541 48 15
v 9542 38 17
v 9543 71 21
v 9544 12 7
v 9545 10 1
v 9546 72 35
v 9547 48 26
v 9548 40 14
v 9549 9 1
v 9550 16 9
v 9551 21 11
v 9552 16 4
v 9553 12 8
v 9554 7 3
v 9555 41 17
v 9556 55 30
v 9557 98 41
v 9558 140 55
v 9559 57 24
v 9560 24 9
v 9561 9 5
v 9562 37 17
v 9563 31 20
v 9564 8 5
v 9565 47 17
v 9566 18 10
v 9567 14 9
v 9568 65 31
v 9569 43 16
v 9570 31 14
v 9571 16 9
v 9572 70 33
v 9573 62 25
v 9574 15 6
v 9575 6 0
v 9576 35 14
v 9577 70 32
v 9578 74 33
v 9579 55 25
v 9580 75 43
v 9581 43 22
v 9582 35 17
v 9583 31 12
v 9584 52 26
v 9585 15 6
v 9586 12 5
v 9591 66 30
v 9592 51 20
v 9593 62 21
v 9595 102 52
v 9598 24 14
v 9600 113 54
v 9601 48 27
v 9603 61 26
v 9607 76 31
v 9608 18 8
v 9609 26 11
v 9610 20 14
v 9617 36 18
v 9627 40 13
v 9767 44 20
v 9768 10 5
v 9769 32 18
v 9770 21 8
v 9771 26 16
v 9772 26 15
v 9773 9 8
v 9774 18 10
v 9775 32 18
v 9776 109 58
v 9777 59 31
v 9778 24 14
v 9779 71 39
v 9780 19 9
v 9781 71 46
v 9782 180 91
v 9783 67 21
v 9784 73 40
v 9785 6 4
v 9786 18 8
v 9787 8 3
v 9788 124 63
v 9789 4 1
v 9790 57 20
v 9791 11 6
v 9792 51 18
v 9793 14 7
v 9794 2 2
v 9795 34 22
v 9796 15 6
v 9797 75 43
v 9798 56 31
v 9799 122 64
v 9800 71 35
v 9801 8 4
v 9802 91 46
v 9803 55 35
v 9804 80 37
v 9805 13 6
v 9806 42 17
v 9807 31 22
v 9808 30 12
v 9809 10 2
v 9810 7 4
v 9811 44 19
v 9812 80 52
v 9813 150 80
v 9814 166 77
v 9815 112 60
v 9816 45 27
v 9817 5 4
v 9818 32 13
v 9819 29 12
v 9820 6 4
v 9821 43 18
v 9822 22 10
v 9823 10 5
v 9824 93 43
v 9825 56 38
v 9826 61 27
v 9827 19 7
v 9828 107 56
v 9829 65 40
v 9830 14 7
v 9831 11 8
v 9832 28 14
v 9833 63 29
v 9834 140 79
v 9835 83 38
v 9836 133 75
v 9837 51 25
v 9838 51 29
v 9839 29 15
v 9840 80 41
v 9841 12 7
v 9842 13 7
v 9847 143 72
v 9848 77 44
v 9849 82 47
v 9851 155 78
v 9854 50 28
v 9856 170 93
v 9857 43 23
v 9859 63 28
v 9863 143 86
v 9864 22 12
v 9865 28 13
v 9866 13 4
v 9873 38 18
v 9883 38 20
v 10024 18 9
v 10025 50 19
v 10026 50 28
v 10027 74 42
v 10028 41 19
v 10029 20 6
v 10030 49 28
v 10031 75 40
v 10032 170 80
v 10033 169 81
v 10034 44 17
v 10035 110 52
v 10036 39 19
v 10037 87 41
v 10038 312 148
v 10039 152 62
v 10040 38 21
v 10041 13 7
v 10042 19 6
v 10043 27 11
v 10044 145 65
v 10045 7 4
v 10046 125 48
v 10047 40 20
v 10048 129 51
v 10049 22 12
v 10050 4 2
v 10051 119 57
v 10052 55 33
v 10053 92 41
v 10054 115 56
v 10055 183 79
v 10056 36 17
v 10057 22 9
v 10058 227 99
v 10059 75 33
v 10060 107 50
v 10061 25 9
v 10062 57 30
v 10063 78 40
v 10064 65 29
v 10065 15 9
v 10066 13 7
v 10067 85 38
v 10068 125 62
v 10069 311 151
v 10070 339 155
v 10071 143 61
v 10072 63 30
v 10073 13 9
v 10074 92 39
v 10075 53 29
v 10076 29 12
v 10077 88 36
v 10078 31 13
v 10079 26 10
v 10080 170 87
v 10081 97 46
v 10082 114 65
v 10083 23 14
v 10084 253 131
v 10085 99 52
v 10086 24 16
v 10087 10 5
v 10088 61 23
v 10089 114 52
v 10090 194 85
v 10091 131 63
v 10092 224 96
v 10093 115 55
v 10094 93 42
v 10095 53 30
v 10096 168 79
v 10097 36 20
v 10098 51 26
v 10103 224 104
v 10104 136 64
v 10105 105 49
v 10107 298 143
v 10110 101 46
v 10112 319 158
v 10113 99 56
v 10115 127 54
v 10119 249 110
v 10120 50 24
v 10121 62 24
v 10122 43 19
v 10129 74 33
v 10139 66 30
v 10281 10 4
v 10282 9 5
v 10283 7 3
v 10284 8 6
v 10285 7 2
v 10286 5 5
v 10287 16 9
v 10288 29 19
v 10289 32 11
v 10290 7 3
v 10291 19 8
v 10292 5 1
v 10293 19 10
v 10294 53 19
v 10295 28 14
v 10296 12 6
v 10297 6 4
v 10298 9 5
v 10299 6 4
v 10300 36 21
v 10301 4 3
v 10302 13 8
v 10303 22 13
v 10304 27 12
v 10305 9 4
v 10306 5 2
v 10307 16 10
v 10308 10 7
v 10309 30 15
v 10310 25 12
v 10311 37 18
v 10312 9 6
v 10313 5 4
v 10314 35 15
v 10315 21 11
v 10316 22 10
v 10317 5 2
v 10318 9 4
v 10319 21 11
v 10320 15 5
v 10321 7 4
v 10322 3 2
v 10323 18 8
v 10324 30 13
v 10325 54 32
v 10326 79 36
v 10327 32 15
v 10328 11 6
v 10329 1 1
v 10330 29 10
v 10331 9 0
v 10332 4 3
v 10333 30 10
v 10334 9 7
v 10335 2 2
v 10336 37 23
v 10337 16 8
v 10338 12 8
v 10339 7 6
v 10340 55 26
v 10341 25 11
v 10342 12 4
v 10343 1 0
v 10344 26 12
v 10345 20 11
v 10346 34 16
v 10347 23 9
v 10348 38 21
v 10349 17 9
v 10350 27 11
v 10351 18 9
v 10352 25 10
v 10353 5 4
v 10354 5 3
v 10359 30 16
v 10360 27 15
v 10361 27 13
v 10363 50 21
v 10366 18 11
v 10368 53 31
v 10369 16 7
v 10371 22 12
v 10375 44 18
v 10376 6 3
v 10377 8 1
v 10378 11 4
v 10385 26 17
v 10395 17 7
v 10538 56 28
v 10539 45 25
v 10540 17 7
v 10541 11 4
v 10542 28 17
v 10543 47 21
v 10544 72 30
v 10545 85 41
v 10546 24 12
v 10547 54 18
v 10548 15 8
v 10549 56 28
v 10550 314 154
v 10551 105 49
v 10552 22 10
v 10553 7 4
v 10554 19 10
v 10555 20 10
v 10556 92 40
v 10557 10 4
v 10558 78 30
v 10559 30 19
v 10560 87 45
v 10561 16 9
v 10562 9 3
v 10563 60 34
v 10564 27 16
v 10565 57 27
v 10566 72 33
v 10567 155 57
v 10568 23 9
v 10569 14 5
v 10570 100 48
v 10571 61 26
v 10572 77 38
v 10573 12 4
v 10574 28 10
v 10575 50 27
v 10576 31 11
v 10577 9 6
v 10578 7 1
v 10579 59 27
v 10580 83 40
v 10581 184 81
v 10582 206 88
v 10583 91 40
v 10584 50 22
v 10585 11 4
v 10586 60 25
v 10587 28 11
v 10588 16 5
v 10589 79 28
v 10590 15 10
v 10591 11 5
v 10592 101 45
v 10593 64 29
v 10594 71 35
v 10595 22 12
v 10596 162 85
v 10597 62 23
v 10598 16 9
v 10599 7 1
v 10600 55 19
v 10601 73 26
v 10602 133 58
v 10603 84 38
v 10604 131 68
v 10605 49 18
v 10606 53 25
v 10607 30 14
v 10608 74 25
v 10609 20 12
v 10610 19 5
v 10615 127 59
v 10616 84 39
v 10617 79 37
v 10619 189 96
v 10622 75 29
v 10624 171 88
v 10625 58 24
v 10627 89 39
v 10631 171 102
v 10632 24 12
v 10633 35 20
v 10634 28 13
v 10641 50 18
v 10651 26 12
v 10795 29 12
v 10796 30 16
v 10797 15 7
v 10798 31 15
v 10799 37 17
v 10800 109 56
v 10801 97 48
v 10802 34 17
v 10803 49 22
v 10804 12 6
v 10805 52 30
v 10806 140 70
v 10807 42 18
v 10808 26 19
v 10809 7 3
v 10810 15 6
v 10811 15 10
v 10812 145 79
v 10813 9 3
v 10814 44 19
v 10815 21 7
v 10816 56 25
v 10817 5 3
v 10818 5 4
v 10819 68 36
v 10820 30 16
v 10821 182 93
v 10822 63 36
v 10823 109 51
v 10824 24 7
v 10825 19 5
v 10826 140 65
v 10827 54 28
v 10828 83 43
v 10829 8 4
v 10830 32 16
v 10831 45 23
v 10832 29 16
v 10833 9 6
v 10834 11 7
v 10835 34 10
v 10836 80 35
v 10837 128 62
v 10838 193 84
v 10839 128 65
v 10840 48 23
v 10841 10 3
v 10842 38 18
v 10843 36 17
v 10844 12 4
v 10845 48 24
v 10846 19 9
v 10847 14 6
v 10848 79 41
v 10849 77 31
v 10850 54 23
v 10851 16 7
v 10852 118 54
v 10853 85 40
v 10854 13 5
v 10855 6 2
v 10856 78 48
v 10857 74 39
v 10858 118 62
v 10859 72 39
v 10860 108 54
v 10861 40 17
v 10862 46 20
v 10863 40 22
v 10864 76 27
v 10865 18 9
v 10866 26 12
v 10871 95 43
v 10872 54 22
v 10873 105 49
v 10875 162 86
v 10878 45 29
v 10880 137 59
v 10881 44 17
v 10883 76 32
v 10887 132 61
v 10888 15 3
v 10889 30 14
v 10890 15 6
v 10897 28 13
v 10907 19 6
v 11052 24 11
v 11053 10 6
v 11054 28 15
v 11055 64 22
v 11056 109 56
v 11057 81 36
v 11058 20 8
v 11059 65 35
v 11060 16 12
v 11061 66 34
v 11062 186 88
v 11063 72 22
v 11064 30 19
v 11065 8 6
v 11066 27 14
v 11067 18 8
v 11068 131 57
v 11069 11 5
v 11070 47 15
v 11071 22 16
v 11072 79 44
v 11073 13 4
v 11074 3 3
v 11075 59 29
v 11076 30 13
v 11077 85 42
v 11078 63 24
v 11079 127 56
v 11080 12 7
v 11081 13 7
v 11082 112 47
v 11083 68 35
v 11084 69 37
v 11085 19 5
v 11086 30 16
v 11087 41 19
v 11088 50 21
v 11089 11 7
v 11090 8 2
v 11091 53 18
v 11092 98 49
v 11093 174 86
v 11094 223 111
v 11095 109 60
v 11096 57 19
v 11097 6 2
v 11098 54 16
v 11099 41 21
v 11100 11 8
v 11101 47 19
v 11102 29 16
v 11103 17 5
v 11104 95 42
v 11105 58 27
v 11106 57 29
v 11107 16 7
v 11108 132 53
v 11109 75 37
v 11110 13 8
v 11111 5 1
v 11112 35 15
v 11113 64 24
v 11114 110 46
v 11115 85 35
v 11116 154 87
v 11117 62 25
v 11118 67 30
v 11119 35 14
v 11120 68 32
v 11121 10 4
v 11122 25 12
v 11127 131 53
v 11128 64 29
v 11129 77 31
v 11131 204 97
v 11134 51 29
v 11136 194 87
v 11137 58 31
v 11139 63 29
v 11143 163 86
v 11144 26 13
v 11145 17 8
v 11146 30 14
v 11153 39 21
v 11163 22 11
v 11309 7 3
v 11310 18 6
v 11311 39 19
v 11312 80 37
v 11313 68 33
v 11314 25 14
v 11315 39 13
v 11316 15 6
v 11317 38 17
v 11318 134 69
v 11319 41 16
v 11320 22 12
v 11321 13 4
v 11322 17 7
v 11323 11 4
v 11324 95 50
v 11325 5 2
v 11326 35 14
v 11327 8 5
v 11328 46 29
v 11329 11 3
v 11330 5 3
v 11331 73 34
v 11332 26 12
v 11333 40 21
v 11334 50 29
v 11335 92 53
v 11336 13 9
v 11337 11 8
v 11338 97 48
v 11339 56 25
v 11340 44 19
v 11341 6 2
v 11342 19 10
v 11343 31 15
v 11344 32 18
v 11345 4 3
v 11346 9 4
v 11347 30 14
v 11348 58 27
v 11349 102 48
v 11350 150 77
v 11351 74 33
v 11352 27 8
v 11353 5 4
v 11354 56 29
v 11355 26 15
v 11356 14 6
v 11357 42 17
v 11358 11 9
v 11359 9 5
v 11360 71 38
v 11361 54 34
v 11362 33 11
v 11363 19 12
v 11364 82 43
v 11365 52 28
v 11366 17 7
v 11367 5 2
v 11368 33 15
v 11369 43 22
v 11370 60 23
v 11371 48 19
v 11372 99 57
v 11373 32 14
v 11374 31 13
v 11375 38 17
v 11376 57 24
v 11377 28 16
v 11378 20 12
v 11383 70 30
v 11384 45 16
v 11385 76 36
v 11387 124 63
v 11390 32 17
v 11392 121 68
v 11393 42 13
v 11395 68 29
v 11399 113 47
v 11400 24 11
v 11401 11 6
v 11402 9 5
v 11409 33 16
v 11419 20 8
v 11566 15 9
v 11567 13 7
v 11568 34 17
v 11569 32 18
v 11570 11 6
v 11571 19 10
v 11572 7 4
v 11573 28 16
v 11574 49 28
v 11575 22 10
v 11576 9 4
v 11577 4 3
v 11578 11 6
v 11579 12 10
v 11580 38 17
v 11581 2 1
v 11582 19 8
v 11583 12 7
v 11584 25 13
v 11585 9 7
v 11586 3 2
v 11587 24 14
v 11588 16 7
v 11589 32 17
v 11590 29 17
v 11591 32 15
v 11592 6 4
v 11593 10 7
v 11594 48 24
v 11595 24 14
v 11596 31 19
v 11597 6 3
v 11598 15 8
v 11599 14 6
v 11600 12 4
v 11601 6 3
v 11602 3 1
v 11603 14 8
v 11604 36 19
v 11605 48 30
v 11606 77 35
v 11607 33 16
v 11608 19 12
v 11609 3 1
v 11610 21 9
v 11611 20 10
v 11612 7 5
v 11613 20 12
v 11614 8 5
v 11615 10 3
v 11616 30 17
v 11617 27 16
v 11618 15 7
v 11619 14 7
v 11620 29 13
v 11621 38 19
v 11622 7 6
v 11624 11 6
v 11625 32 14
v 11626 44 22
v 11627 19 7
v 11628 50 24
v 11629 12 5
v 11630 14 6
v 11631 13 8
v 11632 46 23
v 11633 9 6
v 11634 7 4
v 11639 44 24
v 11640 17 10
v 11641 27 15
v 11643 41 21
v 11646 15 11
v 11648 47 24
v 11649 18 8
v 11651 20 10
v 11655 47 27
v 11656 14 7
v 11657 8 5
v 11658 25 9
v 11665 13 8
v 11675 10 4
v 11823 55 28
v 11824 146 62
v 11825 85 39
v 11826 39 20
v 11827 66 34
v 11828 17 9
v 11829 76 35
v 11830 230 93
v 11831 72 23
v 11832 27 16
v 11833 9 6
v 11834 16 9
v 11835 16 10
v 11836 125 53
v 11837 10 1
v 11838 59 21
v 11839 24 14
v 11840 79 36
v 11841 16 4
v 11842 2 1
v 11843 66 22
v 11844 39 24
v 11845 83 32
v 11846 100 50
v 11847 127 52
v 11848 28 11
v 11849 14 5
v 11850 159 75
v 11851 64 32
v 11852 95 41
v 11853 15 4
v 11854 22 10
v 11855 50 25
v 11856 39 19
v 11857 17 8
v 11858 6 1
v 11859 54 17
v 11860 111 49
v 11861 182 86
v 11862 280 117
v 11863 117 56
v 11864 47 17
v 11865 11 4
v 11866 67 29
v 11867 40 15
v 11868 23 8
v 11869 59 29
v 11870 19 8
v 11871 17 7
v 11872 146 74
v 11873 79 39
v 11874 108 55
v 11875 29 16
v 11876 158 82
v 11877 94 50
v 11878 15 10
v 11879 7 2
v 11880 48 23
v 11881 135 65
v 11882 153 66
v 11883 88 41
v 11884 133 51
v 11885 88 37
v 11886 51 21
v 11887 47 19
v 11888 126 55
v 11889 11 6
v 11890 30 11
v 11895 122 46
v 11896 98 46
v 11897 117 60
v 11899 197 91
v 11902 56 23
v 11904 216 111
v 11905 52 28
v 11907 108 51
v 11911 183 76
v 11912 27 10
v 11913 31 13
v 11914 23 12
v 11921 40 21
v 11931 40 16
v 12080 128 70
v 12081 140 67
v 12082 35 21
v 12083 89 51
v 12084 20 11
v 12085 108 41
v 12086 257 117
v 12087 93 45
v 12088 41 16
v 12089 14 7
v 12090 39 18
v 12091 45 30
v 12092 181 94
v 12093 5 2
v 12094 103 38
v 12095 24 8
v 12096 103 57
v 12097 24 11
v 12098 8 3
v 12099 84 43
v 12100 28 16
v 12101 117 62
v 12102 103 51
v 12103 148 73
v 12104 27 16
v 12105 29 15
v 12106 134 66
v 12107 102 56
v 12108 129 69
v 12109 11 2
v 12110 36 18
v 12111 43 24
v 12112 50 24
v 12113 8 2
v 12114 10 4
v 12115 71 26
v 12116 99 52
v 12117 224 105
v 12118 263 125
v 12119 156 82
v 12120 53 24
v 12121 13 5
v 12122 90 30
v 12123 50 32
v 12124 14 9
v 12125 78 40
v 12126 25 10
v 12127 6 4
v 12128 153 60
v 12129 58 37
v 12130 119 54
v 12131 67 39
v 12132 146 70
v 12133 114 69
v 12134 29 13
v 12135 12 7
v 12136 57 25
v 12137 103 55
v 12138 162 84
v 12139 88 42
v 12140 171 86
v 12141 91 39
v 12142 79 39
v 12143 50 32
v 12144 127 49
v 12145 25 12
v 12146 45 21
v 12151 174 86
v 12152 75 45
v 12153 125 71
v 12155 253 132
v 12158 52 22
v 12160 232 120
v 12161 57 29
v 12163 102 46
v 12167 192 107
v 12168 32 12
v 12169 48 19
v 12170 27 15
v 12177 55 20
v 12187 32 16
v 12337 307 138
v 12338 105 57
v 12339 175 82
v 12340 44 17
v 12341 192 111
v 12342 531 237
v 12343 182 83
v 12344 84 46
v 12345 25 8
v 12346 44 24
v 12347 63 33
v 12348 452 232
v 12349 30 18
v 12350 177 66
v 12351 51 32
v 12352 223 113
v 12353 33 19
v 12354 16 10
v 12355 208 98
v 12356 71 43
v 12357 196 87
v 12358 178 92
v 12359 369 197
v 12360 54 22
v 12361 35 22
v 12362 370 170
v 12363 160 74
v 12364 220 114
v 12365 48 15
v 12366 135 62
v 12367 105 65
v 12368 126 70
v 12369 53 29
v 12370 36 19
v 12371 132 73
v 12372 222 126
v 12373 579 326
v 12374 616 294
v 12375 312 159
v 12376 100 43
v 12377 26 13
v 12378 188 81
v 12379 101 54
v 12380 42 17
v 12381 179 81
v 12382 56 35
v 12383 30 15
v 12384 266 147
v 12385 158 91
v 12386 192 108
v 12387 54 29
v 12388 439 222
v 12389 205 110
v 12390 37 21
v 12391 12 7
v 12392 87 44
v 12393 257 134
v 12394 387 189
v 12395 256 132
v 12396 417 209
v 12397 208 107
v 12398 179 78
v 12399 105 49
v 12400 338 157
v 12401 58 29
v 12402 72 40
v 12407 377 187
v 12408 264 129
v 12409 243 120
v 12411 611 328
v 12414 163 86
v 12416 516 276
v 12417 120 60
v 12419 284 133
v 12423 510 259
v 12424 60 29
v 12425 109 46
v 12426 98 46
v 12433 140 78
v 12443 95 40
v 12594 91 47
v 12595 161 85
v 12596 53 32
v 12597 140 62
v 12598 471 268
v 12599 230 109
v 12600 74 47
v 12601 25 10
v 12602 41 19
v 12603 36 19
v 12604 409 241
v 12605 13 8
v 12606 169 66
v 12607 52 34
v 12608 158 83
v 12609 23 7
v 12610 10 3
v 12611 179 87
v 12612 52 34
v 12613 257 134
v 12614 198 113
v 12615 315 161
v 12616 43 25
v 12617 21 9
v 12618 306 160
v 12619 148 87
v 12620 250 136
v 12621 43 21
v 12622 90 46
v 12623 111 72
v 12624 102 57
v 12625 39 27
v 12626 18 7
v 12627 76 46
v 12628 187 110
v 12629 390 218
v 12630 530 274
v 12631 278 150
v 12632 112 66
v 12633 15 7
v 12634 119 46
v 12635 89 49
v 12636 24 14
v 12637 208 107
v 12638 54 37
v 12639 32 17
v 12640 277 143
v 12641 140 86
v 12642 286 165
v 12643 51 39
v 12644 330 194
v 12645 180 107
v 12646 32 19
v 12647 23 11
v 12648 78 48
v 12649 272 133
v 12650 413 208
v 12651 196 102
v 12652 337 198
v 12653 185 100
v 12654 128 68
v 12655 92 57
v 12656 279 134
v 12657 46 30
v 12658 59 32
v 12663 340 186
v 12664 182 116
v 12665 254 140
v 12667 523 300
v 12670 116 70
v 12672 424 234
v 12673 123 67
v 12675 243 134
v 12679 390 199
v 12680 58 32
v 12681 121 57
v 12682 64 37
v 12689 127 72
v 12699 91 43
v 12851 41 23
v 12852 12 5
v 12853 48 27
v 12854 152 74
v 12855 72 35
v 12856 18 13
v 12857 7 3
v 12858 18 6
v 12859 18 6
v 12860 117 50
v 12861 7 3
v 12862 65 28
v 12863 22 10
v 12864 57 27
v 12865 13 5
v 12866 6 1
v 12867 66 29
v 12868 37 19
v 12869 73 41
v 12870 69 37
v 12871 92 42
v 12872 11 6
v 12873 6 3
v 12874 100 49
v 12875 41 21
v 12876 69 34
v 12877 17 6
v 12878 29 10
v 12879 37 13
v 12880 32 17
v 12881 11 6
v 12882 5 3
v 12883 41 16
v 12884 53 32
v 12885 181 98
v 12886 158 71
v 12887 105 51
v 12888 29 14
v 12889 8 4
v 12890 58 30
v 12891 37 17
v 12892 9 5
v 12893 55 16
v 12894 26 10
v 12895 13 8
v 12896 78 37
v 12897 66 36
v 12898 54 28
v 12899 18 8
v 12900 99 41
v 12901 51 27
v 12902 10 7
v 12903 5 3
v 12904 17 9
v 12905 102 50
v 12906 107 48
v 12907 68 28
v 12908 121 64
v 12909 61 24
v 12910 46 19
v 12911 43 16
v 12912 116 46
v 12913 21 11
v 12914 21 11
v 12919 103 43
v 12920 79 39
v 12921 86 44
v 12923 167 80
v 12926 59 28
v 12928 121 59
v 12929 34 16
v 12931 72 30
v 12935 97 39
v 12936 22 11
v 12937 26 11
v 12938 17 7
v 12945 53 25
v 12955 40 16
v 13108 16 9
v 13109 119 62
v 13110 323 166
v 13111 151 67
v 13112 53 25
v 13113 13 10
v 13114 22 12
v 13115 30 19
v 13116 193 115
v 13117 11 4
v 13118 114 42
v 13119 29 14
v 13120 117 67
v 13121 23 11
v 13122 4 2
v 13123 109 49
v 13124 34 19
v 13125 183 97
v 13126 88 48
v 13127 214 106
v 13128 39 18
v 13129 13 7
v 13130 197 99
v 13131 90 56
v 13132 116 65
v 13133 37 21
v 13134 54 23
v 13135 75 37
v 13136 68 30
v 13137 20 10
v 13138 16 6
v 13139 117 44
v 13140 116 68
v 13141 283 140
v 13142 358 166
v 13143 163 82
v 13144 61 31
v 13145 8 4
v 13146 117 51
v 13147 55 26
v 13148 18 9
v 13149 78 34
v 13150 16 8
v 13151 15 7
v 13152 196 96
v 13153 70 39
v 13154 100 44
v 13155 21 14
v 13156 256 118
v 13157 89 47
v 13158 10 3
v 13159 7 1
v 13160 47 22
v 13161 159 77
v 13162 245 120
v 13163 164 76
v 13164 263 147
v 13165 104 54
v 13166 88 37
v 13167 69 39
v 13168 207 103
v 13169 23 12
v 13170 44 26
v 13175 253 141
v 13176 125 71
v 13177 132 70
v 13179 377 196
v 13182 102 49
v 13184 267 151
v 13185 67 40
v 13187 157 83
v 13191 224 125
v 13192 31 15
v 13193 42 19
v 13194 52 31
v 13201 90 49
v 13211 54 20
v 13365 25 12
v 13366 71 39
v 13367 39 17
v 13368 8 3
v 13369 4 4
v 13370 12 6
v 13371 10 7
v 13372 57 25
v 13373 3 1
v 13374 38 20
v 13375 11 6
v 13376 33 21
v 13377 7 3
v 13378 5 0
v 13379 24 16
v 13380 11 7
v 13381 37 16
v 13382 19 10
v 13383 53 25
v 13384 12 7
v 13385 6 2
v 13386 57 26
v 13387 28 18
v 13388 34 21
v 13389 8 2
v 13390 14 10
v 13391 24 12
v 13392 18 6
v 13393 10 4
v 13394 4 2
v 13395 22 11
v 13396 28 15
v 13397 70 31
v 13398 116 53
v 13399 45 29
v 13400 15 9
v 13401 6 4
v 13402 26 10
v 13403 15 9
v 13404 6 2
v 13405 62 36
v 13406 7 5
v 13407 9 4
v 13408 44 21
v 13409 29 16
v 13410 31 17
v 13411 10 6
v 13412 47 20
v 13413 37 12
v 13414 8 2
v 13415 4 1
v 13416 14 5
v 13417 37 18
v 13418 53 24
v 13419 36 16
v 13420 78 45
v 13421 26 11
v 13422 22 8
v 13423 20 13
v 13424 55 27
v 13425 12 9
v 13426 5 4
v 13431 63 32
v 13432 33 19
v 13433 34 15
v 13435 95 47
v 13438 28 14
v 13440 97 56
v 13441 19 11
v 13443 37 19
v 13447 71 37
v 13448 18 11
v 13449 11 4
v 13450 11 5
v 13457 26 8
v 13467 13 7
v 13622 317 155
v 13623 131 44
v 13624 53 27
v 13625 10 8
v 13626 45 22
v 13627 34 17
v 13628 171 86
v 13629 11 3
v 13630 110 40
v 13631 26 7
v 13632 117 52
v 13633 22 12
v 13634 13 5
v 13635 145 69
v 13636 38 22
v 13637 188 93
v 13638 112 64
v 13639 151 76
v 13640 31 18
v 13641 23 11
v 13642 216 101
v 13643 91 51
v 13644 137 72
v 13645 21 12
v 13646 51 24
v 13647 83 48
v 13648 107 50
v 13649 27 12
v 13650 22 7
v 13651 94 40
v 13652 146 71
v 13653 375 197
v 13654 397 187
v 13655 169 90
v 13656 55 17
v 13657 6 2
v 13658 107 49
v 13659 65 37
v 13660 23 11
v 13661 83 31
v 13662 19 8
v 13663 26 14
v 13664 194 89
v 13665 78 43
v 13666 141 72
v 13667 28 16
v 13668 211 103
v 13669 123 69
v 13670 21 11
v 13671 9 3
v 13672 42 21
v 13673 168 76
v 13674 231 104
v 13675 143 82
v 13676 311 161
v 13677 115 70
v 13678 108 46
v 13679 71 36
v 13680 231 127
v 13681 23 14
v 13682 49 30
v 13687 228 118
v 13688 161 84
v 13689 154 74
v 13691 349 171
v 13694 89 40
v 13696 272 136
v 13697 90 45
v 13699 166 77
v 13703 250 123
v 13704 39 20
v 13705 53 21
v 13706 34 17
v 13713 80 37
v 13723 81 39
v 13879 383 176
v 13880 166 86
v 13881 36 17
v 13882 74 36
v 13883 81 35
v 13884 556 279
v 13885 45 22
v 13886 333 131
v 13887 94 48
v 13888 394 223
v 13889 57 23
v 13890 20 7
v 13891 384 201
v 13892 121 75
v 13893 430 195
v 13894 539 276
v 13895 640 315
v 13896 82 43
v 13897 47 27
v 13898 734 366
v 13899 287 158
v 13900 419 210
v 13901 55 22
v 13902 104 55
v 13903 226 121
v 13904 206 100
v 13905 79 46
v 13906 40 22
v 13907 343 166
v 13908 475 262
v 13909 1005 529
v 13910 1177 602
v 13911 586 329
v 13912 218 113
v 13913 38 20
v 13914 285 125
v 13915 192 89
v 13916 50 21
v 13917 408 187
v 13918 229 115
v 13919 92 40
v 13920 831 456
v 13921 298 159
v 13922 305 158
v 13923 79 47
v 13924 617 321
v 13925 376 211
v 13926 68 39
v 13927 32 12
v 13928 196 111
v 13929 540 275
v 13930 648 345
v 13931 537 253
v 13932 1244 736
v 13933 489 274
v 13934 362 183
v 13935 214 118
v 13936 500 216
v 13937 93 52
v 13938 133 63
v 13943 701 359
v 13944 396 179
v 13945 455 232
v 13947 1055 554
v 13950 309 154
v 13952 902 512
v 13953 323 196
v 13955 496 243
v 13959 769 397
v 13960 116 56
v 13961 182 86
v 13962 92 54
v 13969 248 125
v 13979 190 74
v 14136 110 60
v 14137 17 12
v 14138 62 27
v 14139 48 26
v 14140 281 165
v 14141 13 5
v 14142 156 69
v 14143 40 26
v 14144 145 87
v 14145 32 17
v 14146 13 5
v 14147 87 50
v 14148 48 34
v 14149 250 127
v 14150 117 64
v 14151 262 135
v 14152 38 18
v 14153 34 19
v 14154 262 128
v 14155 96 63
v 14156 176 108
v 14157 40 16
v 14158 77 41
v 14159 95 51
v 14160 94 48
v 14161 17 12
v 14162 20 10
v 14163 121 70
v 14164 189 104
v 14165 384 221
v 14166 506 262
v 14167 250 144
v 14168 89 34
v 14169 11 7
v 14170 136 66
v 14171 82 36
v 14172 17 13
v 14173 142 70
v 14174 17 7
v 14175 41 16
v 14176 269 153
v 14177 155 86
v 14178 130 72
v 14179 33 19
v 14180 274 152
v 14181 128 72
v 14182 23 19
v 14183 6 5
v 14184 66 43
v 14185 249 113
v 14186 370 201
v 14187 199 114
v 14188 467 261
v 14189 96 62
v 14190 135 58
v 14191 149 79
v 14192 265 134
v 14193 33 16
v 14194 62 39
v 14199 385 193
v 14200 198 114
v 14201 182 111
v 14203 474 258
v 14206 120 60
v 14208 407 223
v 14209 134 86
v 14211 215 131
v 14215 332 169
v 14216 63 29
v 14217 73 37
v 14218 39 27
v 14225 124 64
v 14235 143 49
v 14393 7 4
v 14394 21 10
v 14395 12 6
v 14396 46 26
v 14397 5 3
v 14398 43 22
v 14399 9 7
v 14400 50 21
v 14401 10 2
v 14402 6 6
v 14403 50 23
v 14404 28 14
v 14405 77 34
v 14406 49 29
v 14407 66 27
v 14408 13 8
v 14409 8 5
v 14410 94 52
v 14411 53 28
v 14412 47 16
v 14413 11 3
v 14414 19 4
v 14415 50 21
v 14416 42 24
v 14417 8 3
v 14418 9 5
v 14419 50 22
v 14420 65 30
v 14421 185 103
v 14422 191 92
v 14423 73 37
v 14424 27 11
v 14425 6 4
v 14426 52 25
v 14427 19 10
v 14428 10 3
v 14429 49 22
v 14430 15 4
v 14431 11 5
v 14432 91 48
v 14433 37 13
v 14434 70 41
v 14435 13 6
v 14436 81 40
v 14437 40 14
v 14438 4 2
v 14439 3 1
v 14440 31 12
v 14441 59 33
v 14442 117 53
v 14443 65 25
v 14444 127 78
v 14445 42 16
v 14446 56 23
v 14447 32 19
v 14448 56 22
v 14449 19 10
v 14450 19 11
v 14455 111 45
v 14456 70 32
v 14457 82 48
v 14459 150 74
v 14462 50 24
v 14464 127 63
v 14465 31 14
v 14467 71 38
v 14471 120 66
v 14472 11 4
v 14473 20 9
v 14474 15 6
v 14481 40 16
v 14491 36 14
v 14650 3 0
v 14651 7 5
v 14652 37 19
v 14653 4 3
v 14654 13 6
v 14655 3 3
v 14656 13 6
v 14657 1 0
v 14658 2 1
v 14659 24 10
v 14660 9 6
v 14661 25 7
v 14662 16 7
v 14663 28 14
v 14664 5 4
v 14665 2 1
v 14666 34 15
v 14667 21 8
v 14668 26 11
v 14669 3 0
v 14670 8 2
v 14671 19 6
v 14672 11 4
v 14673 3 1
v 14674 4 3
v 14675 12 5
v 14676 19 8
v 14677 42 15
v 14678 53 31
v 14679 29 16
v 14680 7 1
v 14681 4 2
v 14682 16 8
v 14683 7 3
v 14684 4 1
v 14685 14 8
v 14686 6 2
v 14687 3 1
v 14688 36 20
v 14689 20 10
v 14690 26 17
v 14691 4 3
v 14692 40 18
v 14693 10 6
v 14694 5 3
v 14696 13 7
v 14697 28 20
v 14698 35 21
v 14699 22 6
v 14700 41 29
v 14701 22 12
v 14702 10 5
v 14703 14 9
v 14704 29 16
v 14705 2 1
v 14706 4 4
v 14711 36 17
v 14712 11 3
v 14713 32 12
v 14715 40 18
v 14718 9 5
v 14720 33 13
v 14721 13 7
v 14723 19 9
v 14727 39 20
v 14728 6 4
v 14729 4 1
v 14730 14 6
v 14737 10 6
v 14747 6 4
v 14907 10 1
v 14908 56 27
v 14909 6 3
v 14910 35 15
v 14911 1 0
v 14912 32 13
v 14913 6 2
v 14914 9 2
v 14915 27 15
v 14916 10 9
v 14917 67 31
v 14918 38 24
v 14919 56 21
v 14920 12 4
v 14921 7 5
v 14922 61 37
v 14923 15 7
v 14924 32 13
v 14925 12 5
v 14926 11 9
v 14927 18 12
v 14928 17 7
v 14929 4 2
v 14930 5 3
v 14931 24 10
v 14932 31 14
v 14933 80 47
v 14934 102 59
v 14935 48 23
v 14936 23 13
v 14937 4 2
v 14938 38 13
v 14939 28 15
v 14940 5 3
v 14941 27 12
v 14942 11 7
v 14943 11 7
v 14944 53 31
v 14945 29 21
v 14946 38 20
v 14947 8 3
v 14948 73 41
v 14949 34 21
v 14950 6 5
v 14951 5 5
v 14952 12 7
v 14953 57 35
v 14954 94 52
v 14955 31 15
v 14956 65 37
v 14957 33 15
v 14958 19 9
v 14959 23 11
v 14960 73 31
v 14961 9 5
v 14962 3 1
v 14967 61 32
v 14968 40 22
v 14969 41 22
v 14971 137 80
v 14974 33 14
v 14976 67 41
v 14977 19 7
v 14979 46 24
v 14983 77 33
v 14984 8 3
v 14985 26 13
v 14986 8 4
v 14993 26 17
v 15003 27 8
v 15164 62 31
v 15165 1 0
v 15166 45 12
v 15167 15 9
v 15168 36 20
v 15169 4 2
v 15170 1 0
v 15171 31 14
v 15172 21 7
v 15173 37 16
v 15174 32 13
v 15175 59 23
v 15176 6 2
v 15177 6 4
v 15178 45 20
v 15179 43 15
v 15180 63 36
v 15181 6 2
v 15182 9 5
v 15183 9 5
v 15184 26 14
v 15185 3 1
v 15186 2 1
v 15187 25 13
v 15188 39 16
v 15189 86 41
v 15190 119 52
v 15191 60 26
v 15192 19 9
v 15193 1 0
v 15194 28 14
v 15195 12 4
v 15196 4 2
v 15197 26 10
v 15198 13 9
v 15199 5 3
v 15200 55 26
v 15201 31 10
v 15202 22 7
v 15203 16 8
v 15204 67 28
v 15205 44 21
v 15206 4 1
v 15207 7 6
v 15208 16 4
v 15209 43 16
v 15210 137 64
v 15211 46 23
v 15212 69 29
v 15213 29 12
v 15214 44 23
v 15215 14 7
v 15216 45 22
v 15217 7 2
v 15218 16 6
v 15223 59 31
v 15224 44 17
v 15225 47 22
v 15227 84 37
v 15230 30 11
v 15232 69 32
v 15233 24 9
v 15235 38 16
v 15239 77 35
v 15240 14 5
v 15241 16 6
v 15242 12 6
v 15249 24 10
v 15259 28 15
v 15421 44 16
v 15422 177 65
v 15423 46 20
v 15424 215 101
v 15425 39 15
v 15426 12 7
v 15427 270 123
v 15428 94 58
v 15429 268 128
v 15430 179 109
v 15431 331 138
v 15432 51 30
v 15433 43 22
v 15434 444 213
v 15435 204 122
v 15436 228 93
v 15437 49 19
v 15438 108 44
v 15439 188 88
v 15440 121 60
v 15441 67 36
v 15442 46 19
v 15443 146 69
v 15444 263 131
v 15445 525 265
v 15446 801 389
v 15447 386 193
v 15448 125 60
v 15449 54 22
v 15450 188 73
v 15451 118 54
v 15452 44 16
v 15453 173 79
v 15454 70 39
v 15455 63 34
v 15456 456 216
v 15457 191 99
v 15458 179 100
v 15459 73 43
v 15460 357 167
v 15461 237 133
v 15462 59 29
v 15463 14 3
v 15464 159 90
v 15465 252 125
v 15466 368 172
v 15467 289 143
v 15468 590 308
v 15469 319 138
v 15470 281 139
v 15471 189 99
v 15472 423 194
v 15473 60 34
v 15474 99 54
v 15479 414 171
v 15480 262 135
v 15481 342 178
v 15483 655 330
v 15486 154 79
v 15488 566 283
v 15489 205 106
v 15491 342 170
v 15495 729 308
v 15496 96 45
v 15497 106 54
v 15498 77 39
v 15505 133 69
v 15515 90 37
v 15678 9 3
v 15679 3 2
v 15680 12 4
v 15681 3 0
v 15682 5 2
v 15683 15 7
v 15684 3 3
v 15685 30 16
v 15686 15 8
v 15687 15 6
v 15688 1 1
v 15689 1 1
v 15690 36 17
v 15691 14 7
v 15692 16 8
v 15693 6 4
v 15694 1 1
v 15695 14 9
v 15696 5 2
v 15697 1 1
v 15698 2 2
v 15699 11 3
v 15700 17 12
v 15701 35 19
v 15702 56 25
v 15703 9 3
v 15704 4 2
v 15705 2 1
v 15706 9 5
v 15707 8 3
v 15709 9 4
v 15710 1 1
v 15711 2 1
v 15712 13 7
v 15713 18 11
v 15714 11 6
v 15715 6 3
v 15716 28 17
v 15717 12 4
v 15718 3 2
v 15719 1 1
v 15720 8 2
v 15721 21 10
v 15722 15 9
v 15723 21 12
v 15724 21 14
v 15725 12 7
v 15726 12 4
v 15727 8 3
v 15728 20 10
v 15729 8 6
v 15730 6 2
v 15735 18 11
v 15736 14 6
v 15737 22 11
v 15739 42 18
v 15742 16 11
v 15744 33 20
v 15745 8 2
v 15747 22 12
v 15751 33 17
v 15752 8 4
v 15753 5 2
v 15754 10 6
v 15761 9 4
v 15771 5 2
v 15935 24 17
v 15936 97 60
v 15937 27 17
v 15938 11 9
v 15939 115 85
v 15940 34 24
v 15941 184 113
v 15942 125 77
v 15943 294 179
v 15944 28 17
v 15945 32 17
v 15946 180 114
v 15947 84 57
v 15948 133 78
v 15949 25 14
v 15950 54 31
v 15951 77 46
v 15952 73 53
v 15953 18 11
v 15954 11 5
v 15955 119 72
v 15956 136 79
v 15957 319 202
v 15958 388 236
v 15959 190 119
v 15960 83 43
v 15961 17 8
v 15962 102 57
v 15963 68 37
v 15964 18 13
v 15965 143 72
v 15966 34 21
v 15967 23 12
v 15968 204 132
v 15969 102 64
v 15970 114 72
v 15971 42 24
v 15972 230 151
v 15973 119 82
v 15974 42 25
v 15975 12 9
v 15976 64 45
v 15977 161 96
v 15978 261 151
v 15979 184 109
v 15980 307 204
v 15981 110 74
v 15982 105 63
v 15983 94 61
v 15984 178 113
v 15985 32 17
v 15986 33 19
v 15991 287 176
v 15992 137 93
v 15993 172 106
v 15995 417 247
v 15998 105 64
v 16000 276 165
v 16001 78 55
v 16003 168 99
v 16007 231 139
v 16008 35 21
v 16009 69 35
v 16010 42 23
v 16017 91 57
v 16027 68 34
v 16192 49 22
v 16193 15 10
v 16194 4 2
v 16195 33 18
v 16196 15 6
v 16197 36 18
v 16198 41 21
v 16199 59 25
v 16200 9 5
v 16201 9 5
v 16202 61 31
v 16203 30 12
v 16204 34 19
v 16205 9 5
v 16206 28 14
v 16207 28 11
v 16208 23 8
v 16209 9 2
v 16210 6 4
v 16211 25 13
v 16212 42 26
v 16213 131 67
v 16214 96 34
v 16215 56 27
v 16216 16 7
v 16217 3 0
v 16218 47 27
v 16219 28 13
v 16220 6 3
v 16221 29 11
v 16222 14 8
v 16223 5 3
v 16224 46 19
v 16225 32 19
v 16226 32 14
v 16227 14 10
v 16228 75 33
v 16229 37 18
v 16230 5 3
v 16231 4 2
v 16232 24 9
v 16233 33 20
v 16234 61 20
v 16235 35 10
v 16236 69 37
v 16237 39 14
v 16238 38 23
v 16239 18 9
v 16240 42 18
v 16241 16 8
v 16242 12 4
v 16247 47 20
v 16248 46 27
v 16249 45 19
v 16251 89 42
v 16254 35 17
v 16256 82 46
v 16257 25 12
v 16259 39 19
v 16263 93 42
v 16264 13 6
v 16265 9 3
v 16266 8 3
v 16273 19 10
v 16283 20 9
v 16449 26 8
v 16450 8 3
v 16451 125 62
v 16452 39 17
v 16453 152 64
v 16454 151 69
v 16455 228 116
v 16456 25 12
v 16457 27 15
v 16458 246 116
v 16459 135 73
v 16460 132 61
v 16461 30 9
v 16462 60 26
v 16463 67 31
v 16464 61 25
v 16465 22 13
v 16466 17 11
v 16467 103 52
v 16468 189 99
v 16469 550 280
v 16470 473 210
v 16471 240 123
v 16472 72 34
v 16473 11 6
v 16474 91 33
v 16475 72 30
v 16476 19 11
v 16477 118 52
v 16478 29 19
v 16479 29 15
v 16480 213 90
v 16481 126 68
v 16482 105 54
v 16483 49 32
v 16484 258 135
v 16485 148 78
v 16486 32 16
v 16487 4 2
v 16488 126 55
v 16489 147 70
v 16490 236 117
v 16491 129 57
v 16492 301 155
v 16493 107 63
v 16494 120 60
v 16495 80 41
v 16496 179 90
v 16497 40 14
v 16498 44 23
v 16503 230 115
v 16504 159 72
v 16505 182 82
v 16507 340 167
v 16510 117 57
v 16512 345 181
v 16513 116 63
v 16515 153 73
v 16519 319 161
v 16520 61 32
v 16521 67 31
v 16522 51 23
v 16529 91 58
v 16539 72 23
v 16706 2 0
v 16707 14 11
v 16708 7 3
v 16709 31 17
v 16710 19 10
v 16711 38 22
v 16712 3 1
v 16713 2 1
v 16714 22 10
v 16715 28 20
v 16716 26 15
v 16717 17 9
v 16718 12 4
v 16719 9 3
v 16720 12 8
v 16721 4 3
v 16722 5 3
v 16723 27 15
v 16724 28 10
v 16725 80 45
v 16726 76 47
v 16727 30 18
v 16728 13 8
v 16729 2 1
v 16730 24 15
v 16731 16 9
v 16732 5 2
v 16733 32 14
v 16734 2 2
v 16735 7 3
v 16736 37 20
v 16737 13 6
v 16738 27 13
v 16739 14 11
v 16740 47 26
v 16741 20 12
v 16742 6 4
v 16743 5 3
v 16744 12 4
v 16745 31 17
v 16746 44 21
v 16747 31 20
v 16748 51 30
v 16749 25 13
v 16750 23 13
v 16751 21 9
v 16752 43 21
v 16753 6 0
v 16754 12 8
v 16759 57 23
v 16760 30 10
v 16761 28 14
v 16763 73 46
v 16766 22 12
v 16768 63 40
v 16769 24 14
v 16771 38 16
v 16775 51 29
v 16776 11 6
v 16777 11 6
v 16778 8 5
v 16785 21 7
v 16795 17 9
v 16963 6 4
v 16964 5 0
v 16965 8 5
v 16966 2 1
v 16967 12 5
v 16968 1 0
v 16969 2 0
v 16970 13 10
v 16971 5 4
v 16972 12 7
v 16973 4 3
v 16974 6 4
v 16975 5 4
v 16976 3 0
v 16977 2 0
v 16978 2 0
v 16979 5 3
v 16980 7 5
v 16981 16 8
v 16982 22 6
v 16983 9 7
v 16984 2 1
v 16985 2 2
v 16986 5 2
v 16987 5 3
v 16988 4 2
v 16989 1 1
v 16990 3 2
v 16991 2 2
v 16992 12 6
v 16993 11 4
v 16994 7 3
v 16995 4 1
v 16996 16 9
v 16997 9 2
v 16999 3 1
v 17000 5 2
v 17001 15 9
v 17002 19 9
v 17003 12 7
v 17004 19 12
v 17005 8 7
v 17006 7 2
v 17007 6 4
v 17008 23 11
v 17009 3 3
v 17010 7 6
v 17015 16 8
v 17016 11 6
v 17017 9 6
v 17019 19 9
v 17022 5 0
v 17024 16 8
v 17025 6 4
v 17027 6 3
v 17031 14 3
v 17032 5 2
v 17033 4 3
v 17034 6 3
v 17041 3 2
v 17051 2 1
v 17220 53 33
v 17221 156 76
v 17222 120 63
v 17223 219 98
v 17224 21 12
v 17225 29 10
v 17226 240 114
v 17227 112 57
v 17228 137 72
v 17229 24 8
v 17230 47 24
v 17231 100 55
v 17232 89 39
v 17233 24 8
v 17234 19 7
v 17235 102 50
v 17236 137 81
v 17237 212 99
v 17238 395 186
v 17239 220 109
v 17240 86 49
v 17241 18 7
v 17242 91 43
v 17243 67 27
v 17244 23 13
v 17245 119 38
v 17246 34 23
v 17247 30 17
v 17248 198 102
v 17249 130 73
v 17250 111 73
v 17251 30 11
v 17252 225 99
v 17253 145 78
v 17254 29 14
v 17255 10 3
v 17256 69 38
v 17257 137 69
v 17258 216 104
v 17259 141 59
v 17260 250 121
v 17261 85 40
v 17262 67 28
v 17263 105 51
v 17264 251 106
v 17265 48 27
v 17266 31 19
v 17271 205 100
v 17272 126 68
v 17273 197 98
v 17275 314 164
v 17278 91 44
v 17280 317 157
v 17281 90 50
v 17283 162 84
v 17287 273 114
v 17288 35 15
v 17289 90 41
v 17290 35 18
v 17297 64 35
v 17307 48 18
v 17477 45 16
v 17478 51 25
v 17479 82 32
v 17480 14 5
v 17481 6 3
v 17482 84 35
v 17483 44 19
v 17484 50 25
v 17485 16 3
v 17486 30 19
v 17487 16 7
v 17488 16 5
v 17489 10 5
v 17490 7 2
v 17491 49 22
v 17492 59 22
v 17493 154 73
v 17494 151 58
v 17495 63 28
v 17496 25 16
v 17497 1 0
v 17498 41 14
v 17499 82 34
v 17500 8 2
v 17501 32 11
v 17502 25 6
v 17503 8 6
v 17504 63 38
v 17505 46 19
v 17506 36 18
v 17507 13 9
v 17508 78 27
v 17509 55 27
v 17510 22 17
v 17511 2 0
v 17512 44 16
v 17513 54 14
v 17514 80 32
v 17515 63 32
v 17516 94 40
v 17517 42 20
v 17518 37 19
v 17519 43 22
v 17520 102 42
v 17521 13 6
v 17522 12 5
v 17527 64 25
v 17528 66 31
v 17529 53 27
v 17531 103 50
v 17534 41 18
v 17536 98 43
v 17537 40 18
v 17539 67 25
v 17543 70 28
v 17544 21 6
v 17545 19 8
v 17546 22 10
v 17553 22 7
v 17563 51 16
v 17734 112 48
v 17735 289 151
v 17736 27 18
v 17737 25 14
v 17738 296 145
v 17739 127 66
v 17740 205 105
v 17741 32 13
v 17742 95 52
v 17743 107 67
v 17744 169 69
v 17745 31 13
v 17746 24 9
v 17747 106 55
v 17748 195 99
v 17749 409 187
v 17750 486 227
v 17751 239 117
v 17752 73 33
v 17753 15 5
v 17754 171 71
v 17755 133 66
v 17756 33 13
v 17757 124 66
v 17758 151 77
v 17759 14 10
v 17760 398 211
v 17761 120 73
v 17762 178 89
v 17763 48 27
v 17764 303 145
v 17765 183 101
v 17766 30 18
v 17767 16 5
v 17768 89 51
v 17769 212 110
v 17770 310 140
v 17771 276 125
v 17772 431 238
v 17773 173 89
v 17774 139 77
v 17775 100 47
v 17776 336 161
v 17777 44 24
v 17778 43 23
v 17783 368 182
v 17784 203 102
v 17785 225 119
v 17787 511 281
v 17790 134 69
v 17792 364 199
v 17793 115 60
v 17795 226 114
v 17799 370 188
v 17800 49 22
v 17801 90 41
v 17802 60 31
v 17809 109 51
v 17819 161 74
v 17991 250 101
v 17992 37 16
v 17993 23 7
v 17994 246 119
v 17995 99 43
v 17996 114 52
v 17997 16 9
v 17998 43 18
v 17999 57 25
v 18000 79 33
v 18001 25 13
v 18002 19 9
v 18003 74 25
v 18004 151 68
v 18005 356 167
v 18006 442 207
v 18007 195 84
v 18008 84 33
v 18009 13 4
v 18010 105 42
v 18011 64 27
v 18012 17 4
v 18013 126 52
v 18014 32 16
v 18015 42 23
v 18016 229 119
v 18017 172 93
v 18018 156 89
v 18019 33 16
v 18020 235 101
v 18021 98 42
v 18022 24 10
v 18023 17 9
v 18024 80 32
v 18025 139 67
v 18026 214 94
v 18027 174 87
v 18028 277 159
v 18029 95 43
v 18030 152 75
v 18031 90 48
v 18032 177 72
v 18033 41 16
v 18034 50 25
v 18039 207 91
v 18040 134 63
v 18041 188 97
v 18043 317 165
v 18046 127 55
v 18048 353 181
v 18049 114 53
v 18051 162 78
v 18055 285 120
v 18056 44 20
v 18057 56 22
v 18058 53 27
v 18065 89 43
v 18075 37 17
v 18248 75 34
v 18249 55 28
v 18250 406 212
v 18251 193 117
v 18252 254 121
v 18253 46 18
v 18254 107 57
v 18255 192 106
v 18256 135 80
v 18257 41 27
v 18258 38 15
v 18259 158 82
v 18260 300 158
v 18261 599 338
v 18262 801 397
v 18263 367 181
v 18264 152 67
v 18265 17 8
v 18266 173 82
v 18267 119 49
v 18268 39 18
v 18269 231 103
v 18270 80 42
v 18271 60 33
v 18272 356 188
v 18273 191 104
v 18274 285 144
v 18275 56 37
v 18276 454 228
v 18277 245 143
v 18278 43 22
v 18279 13 6
v 18280 126 70
v 18281 279 134
v 18282 490 231
v 18283 292 135
v 18284 649 349
v 18285 187 82
v 18286 201 103
v 18287 128 65
v 18288 311 153
v 18289 64 37
v 18290 97 60
v 18295 538 249
v 18296 216 116
v 18297 301 158
v 18299 622 329
v 18302 197 100
v 18304 545 304
v 18305 218 120
v 18307 263 130
v 18311 512 254
v 18312 92 50
v 18313 119 64
v 18314 65 34
v 18321 150 75
v 18331 146 61
v 18505 4 1
v 18506 63 38
v 18507 28 13
v 18508 45 24
v 18509 15 6
v 18510 22 7
v 18511 17 8
v 18512 22 12
v 18513 11 6
v 18514 10 5
v 18515 18 7
v 18516 47 23
v 18517 95 46
v 18518 101 49
v 18519 48 16
v 18520 31 18
v 18521 1 0
v 18522 29 11
v 18523 16 7
v 18524 6 3
v 18525 34 16
v 18526 8 2
v 18527 1 0
v 18528 33 14
v 18529 31 16
v 18530 25 15
v 18531 11 9
v 18532 81 33
v 18533 37 20
v 18534 8 1
v 18535 2 0
v 18536 14 4
v 18537 30 11
v 18538 58 30
v 18539 50 17
v 18540 47 21
v 18541 30 12
v 18542 29 13
v 18543 15 7
v 18544 52 25
v 18545 4 1
v 18546 20 7
v 18551 72 36
v 18552 33 19
v 18553 28 18
v 18555 75 27
v 18558 30 16
v 18560 80 39
v 18561 21 7
v 18563 50 24
v 18567 66 38
v 18568 14 6
v 18569 9 3
v 18570 21 11
v 18577 12 6
v 18587 18 6
v 18762 50 23
v 18763 26 14
v 18764 31 15
v 18765 3 1
v 18766 11 6
v 18767 18 11
v 18768 19 9
v 18769 11 5
v 18770 2 0
v 18771 17 10
v 18772 23 11
v 18773 63 31
v 18774 81 39
v 18775 42 21
v 18776 14 7
v 18777 2 1
v 18778 14 6
v 18779 18 11
v 18780 2 1
v 18781 33 21
v 18782 7 4
v 18783 5 3
v 18784 29 17
v 18785 26 14
v 18786 28 13
v 18787 10 7
v 18788 39 19
v 18789 30 14
v 18790 14 8
v 18791 2 0
v 18792 24 13
v 18793 26 15
v 18794 42 15
v 18795 32 9
v 18796 55 30
v 18797 21 13
v 18798 25 15
v 18799 18 9
v 18800 43 20
v 18801 9 4
v 18802 10 2
v 18807 30 19
v 18808 19 8
v 18809 24 8
v 18811 67 32
v 18814 19 9
v 18816 55 28
v 18817 20 10
v 18819 30 17
v 18823 49 21
v 18824 10 5
v 18825 11 6
v 18826 13 6
v 18833 21 10
v 18843 19 7
v 19019 216 132
v 19020 239 107
v 19021 57 22
v 19022 110 57
v 19023 205 116
v 19024 160 82
v 19025 49 33
v 19026 19 10
v 19027 188 88
v 19028 314 170
v 19029 667 356
v 19030 808 391
v 19031 356 179
v 19032 128 68
v 19033 19 10
v 19034 199 92
v 19035 133 56
v 19036 36 17
v 19037 176 78
v 19038 55 29
v 19039 53 31
v 19040 390 194
v 19041 228 131
v 19042 205 110
v 19043 69 43
v 19044 488 237
v 19045 220 119
v 19046 57 27
v 19047 22 11
v 19048 143 70
v 19049 335 166
v 19050 500 236
v 19051 326 148
v 19052 594 348
v 19053 190 106
v 19054 199 100
v 19055 159 94
v 19056 398 177
v 19057 86 50
v 19058 72 36
v 19063 477 270
v 19064 447 227
v 19065 357 178
v 19067 663 355
v 19070 354 167
v 19072 657 357
v 19073 176 91
v 19075 389 186
v 19079 568 282
v 19080 90 41
v 19081 80 30
v 19082 76 39
v 19089 216 111
v 19099 119 43
v 19276 99 46
v 19277 47 11
v 19278 37 14
v 19279 75 36
v 19280 79 34
v 19281 20 11
v 19282 17 8
v 19283 65 25
v 19284 150 76
v 19285 252 122
v 19286 385 174
v 19287 173 81
v 19288 74 27
v 19289 13 6
v 19290 83 35
v 19291 65 31
v 19292 17 5
v 19293 113 45
v 19294 38 17
v 19295 22 12
v 19296 149 73
v 19297 103 46
v 19298 81 45
v 19299 46 23
v 19300 223 100
v 19301 114 52
v 19302 41 19
v 19303 6 3
v 19304 98 47
v 19305 123 63
v 19306 170 70
v 19307 138 67
v 19308 212 115
v 19309 110 42
v 19310 108 45
v 19311 98 45
v 19312 159 75
v 19313 25 14
v 19314 67 33
v 19319 175 82
v 19320 119 59
v 19321 183 85
v 19323 243 118
v 19326 85 41
v 19328 396 193
v 19329 90 46
v 19331 124 56
v 19335 405 202
v 19336 56 26
v 19337 51 21
v 19338 41 20
v 19345 54 28
v 19355 56 18
v 19533 41 20
v 19534 62 36
v 19535 79 42
v 19536 97 49
v 19537 30 15
v 19538 26 16
v 19539 93 47
v 19540 186 102
v 19541 337 176
v 19542 465 245
v 19543 246 121
v 19544 162 67
v 19545 20 10
v 19546 117 59
v 19547 89 41
v 19548 28 9
v 19549 126 76
v 19550 26 13
v 19551 19 8
v 19552 186 107
v 19553 119 64
v 19554 157 79
v 19555 37 20
v 19556 258 129
v 19557 162 86
v 19558 33 23
v 19559 11 8
v 19560 116 61
v 19561 214 109
v 19562 225 101
v 19563 174 89
v 19564 283 149
v 19565 122 62
v 19566 109 51
v 19567 78 44
v 19568 257 132
v 19569 59 30
v 19570 47 24
v 19575 281 131
v 19576 162 80
v 19577 204 109
v 19579 443 245
v 19582 82 45
v 19584 347 190
v 19585 105 54
v 19587 169 91
v 19591 299 152
v 19592 49 25
v 19593 67 41
v 19594 54 31
v 19601 105 61
v 19611 89 37
v 19790 14 6
v 19791 22 14
v 19792 18 12
v 19793 5 2
v 19794 9 2
v 19795 17 7
v 19796 27 22
v 19797 81 47
v 19798 104 66
v 19799 53 33
v 19800 16 8
v 19801 27 9
v 19802 22 14
v 19803 13 7
v 19804 9 6
v 19805 38 19
v 19806 13 9
v 19807 19 12
v 19808 53 30
v 19809 27 17
v 19810 37 22
v 19811 8 3
v 19812 58 34
v 19813 37 22
v 19814 6 2
v 19815 1 0
v 19816 15 8
v 19817 45 23
v 19818 67 36
v 19819 42 23
v 19820 78 53
v 19821 62 38
v 19822 23 15
v 19823 22 16
v 19824 38 19
v 19825 7 6
v 19826 9 7
v 19831 54 27
v 19832 37 18
v 19833 47 28
v 19835 77 42
v 19838 15 13
v 19840 76 52
v 19841 38 23
v 19843 41 21
v 19847 66 40
v 19848 13 6
v 19849 13 6
v 19850 6 5
v 19857 16 8
v 19867 24 14
v 20047 24 14
v 20048 32 18
v 20049 6 3
v 20050 6 6
v 20051 42 22
v 20052 63 35
v 20053 106 56
v 20054 165 87
v 20055 102 50
v 20056 46 24
v 20057 4 2
v 20058 43 22
v 20059 42 20
v 20060 9 4
v 20061 64 28
v 20062 12 8
v 20063 9 5
v 20064 94 51
v 20065 35 22
v 20066 57 32
v 20067 16 8
v 20068 96 47
v 20069 65 37
v 20070 14 10
v 20071 5 3
v 20072 29 14
v 20073 79 35
v 20074 95 47
v 20075 88 51
v 20076 132 71
v 20077 39 20
v 20078 41 24
v 20079 31 12
v 20080 97 57
v 20081 12 6
v 20082 18 10
v 20087 116 62
v 20088 84 41
v 20089 87 45
v 20091 166 89
v 20094 60 29
v 20096 144 88
v 20097 54 29
v 20099 73 40
v 20103 120 56
v 20104 22 10
v 20105 25 12
v 20106 13 9
v 20113 37 19
v 20123 35 18
v 20304 51 20
v 20305 19 11
v 20306 9 1
v 20307 71 31
v 20308 88 52
v 20309 176 74
v 20310 245 107
v 20311 204 98
v 20312 48 17
v 20313 14 9
v 20314 70 22
v 20315 36 20
v 20316 18 8
v 20317 64 28
v 20318 29 20
v 20319 14 6
v 20320 165 80
v 20321 75 42
v 20322 66 27
v 20323 31 17
v 20324 147 62
v 20325 101 55
v 20326 18 9
v 20327 15 7
v 20328 51 26
v 20329 98 45
v 20330 157 66
v 20331 103 41
v 20332 166 87
v 20333 59 34
v 20334 59 26
v 20335 48 24
v 20336 165 74
v 20337 22 13
v 20338 27 15
v 20343 156 76
v 20344 117 54
v 20345 122 62
v 20347 262 141
v 20350 73 39
v 20352 183 93
v 20353 58 30
v 20355 181 81
v 20359 195 82
v 20360 29 11
v 20361 34 11
v 20362 26 15
v 20369 69 35
v 20379 48 16
v 20561 8 6
v 20562 8 3
v 20563 61 29
v 20564 83 35
v 20565 198 97
v 20566 231 106
v 20567 122 57
v 20568 33 16
v 20569 8 3
v 20570 77 36
v 20571 46 25
v 20572 12 5
v 20573 94 52
v 20574 10 7
v 20575 14 8
v 20576 140 73
v 20577 61 34
v 20578 79 38
v 20579 31 20
v 20580 142 63
v 20581 95 50
v 20582 20 10
v 20583 8 3
v 20584 56 25
v 20585 104 46
v 20586 141 65
v 20587 105 53
v 20588 173 87
v 20589 83 41
v 20590 61 31
v 20591 52 21
v 20592 143 62
v 20593 23 15
v 20594 43 19
v 20599 170 77
v 20600 99 39
v 20601 113 71
v 20603 240 134
v 20606 53 30
v 20608 188 102
v 20609 42 26
v 20611 108 49
v 20615 177 80
v 20616 27 14
v 20617 41 20
v 20618 27 16
v 20625 74 45
v 20635 40 18
v 20818 5 3
v 20819 19 10
v 20820 41 22
v 20821 60 25
v 20822 69 27
v 20823 34 18
v 20824 17 7
v 20825 2 0
v 20826 15 6
v 20827 21 10
v 20828 9 3
v 20829 17 10
v 20830 7 2
v 20831 4 1
v 20832 38 25
v 20833 21 9
v 20834 31 8
v 20835 5 2
v 20836 49 26
v 20837 27 11
v 20838 6 3
v 20839 7 3
v 20840 19 10
v 20841 29 16
v 20842 51 28
v 20843 33 17
v 20844 26 12
v 20845 13 8
v 20846 13 3
v 20847 16 9
v 20848 29 18
v 20849 8 4
v 20850 9 7
v 20855 30 14
v 20856 26 8
v 20857 31 10
v 20859 64 34
v 20862 17 8
v 20864 53 24
v 20865 19 7
v 20867 45 17
v 20871 64 22
v 20872 4 3
v 20873 16 3
v 20874 9 7
v 20881 13 5
v 20891 18 9
v 21075 16 4
v 21076 27 16
v 21077 50 27
v 21078 61 28
v 21079 26 15
v 21080 5 2
v 21082 16 10
v 21083 10 5
v 21084 4 3
v 21085 12 7
v 21086 10 3
v 21087 7 6
v 21088 21 12
v 21089 7 2
v 21090 16 9
v 21091 6 2
v 21092 23 10
v 21093 12 6
v 21094 4 0
v 21095 7 3
v 21096 6 4
v 21097 18 7
v 21098 44 19
v 21099 21 9
v 21100 24 11
v 21101 9 3
v 21102 13 6
v 21103 18 12
v 21104 27 15
v 21105 7 4
v 21106 8 4
v 21111 28 14
v 21112 20 11
v 21113 27 14
v 21115 53 23
v 21118 15 9
v 21120 29 18
v 21121 12 6
v 21123 17 8
v 21127 38 20
v 21128 5 2
v 21129 7 3
v 21130 7 5
v 21137 11 4
v 21147 11 7
v 21332 133 72
v 21333 324 187
v 21334 308 162
v 21335 141 81
v 21336 46 23
v 21337 3 1
v 21338 108 58
v 21339 56 34
v 21340 18 9
v 21341 92 53
v 21342 25 13
v 21343 18 9
v 21344 148 87
v 21345 93 55
v 21346 208 121
v 21347 31 16
v 21348 225 112
v 21349 86 44
v 21350 15 10
v 21351 11 6
v 21352 50 29
v 21353 126 62
v 21354 187 93
v 21355 135 72
v 21356 301 171
v 21357 112 60
v 21358 110 49
v 21359 54 35
v 21360 183 104
v 21361 26 14
v 21362 30 16
v 21367 166 83
v 21368 93 56
v 21369 142 77
v 21371 328 180
v 21374 74 38
v 21376 261 147
v 21377 68 44
v 21379 156 86
v 21383 242 127
v 21384 34 16
v 21385 61 27
v 21386 30 15
v 21393 58 37
v 21403 76 42
v 21589 470 223
v 21590 575 265
v 21591 277 138
v 21592 92 46
v 21593 20 10
v 21594 141 50
v 21595 83 36
v 21596 31 18
v 21597 160 71
v 21598 43 23
v 21599 35 18
v 21600 234 109
v 21601 159 76
v 21602 216 110
v 21603 52 32
v 21604 347 159
v 21605 183 99
v 21606 42 22
v 21607 22 6
v 21608 106 48
v 21609 186 88
v 21610 278 129
v 21611 209 97
v 21612 348 167
v 21613 163 74
v 21614 150 65
v 21615 105 43
v 21616 249 129
v 21617 44 26
v 21618 50 26
v 21623 272 136
v 21624 180 101
v 21625 214 103
v 21627 443 230
v 21630 126 61
v 21632 401 195
v 21633 146 73
v 21635 181 88
v 21639 370 175
v 21640 63 24
v 21641 65 30
v 21642 56 28
v 21649 113 63
v 21659 79 31
v 21846 1208 576
v 21847 498 243
v 21848 144 70
v 21849 32 16
v 21850 307 119
v 21851 166 83
v 21852 61 31
v 21853 311 138
v 21854 126 54
v 21855 74 33
v 21856 617 335
v 21857 274 143
v 21858 544 287
v 21859 73 41
v 21860 689 338
v 21861 335 178
v 21862 69 45
v 21863 32 14
v 21864 134 66
v 21865 413 200
v 21866 679 321
v 21867 423 181
v 21868 898 466
v 21869 336 168
v 21870 344 166
v 21871 163 88
v 21872 608 249
v 21873 85 42
v 21874 123 64
v 21879 600 279
v 21880 363 177
v 21881 404 207
v 21883 1002 505
v 21886 266 133
v 21888 1556 838
v 21889 243 130
v 21891 469 208
v 21895 776 365
v 21896 145 70
v 21897 177 79
v 21898 135 69
v 21905 235 123
v 21915 180 72
v 22103 653 326
v 22104 278 120
v 22105 36 18
v 22106 399 179
v 22107 204 99
v 22108 68 40
v 22109 408 195
v 22110 125 82
v 22111 84 39
v 22112 667 344
v 22113 332 185
v 22114 353 188
v 22115 151 92
v 22116 835 420
v 22117 434 237
v 22118 87 59
v 22119 42 18
v 22120 265 115
v 22121 581 296
v 22122 811 382
v 22123 475 203
v 22124 962 614
v 22125 411 211
v 22126 394 210
v 22127 216 110
v 22128 681 307
v 22129 98 52
v 22130 142 77
v 22135 813 403
v 22136 492 271
v 22137 567 279
v 22139 1310 711
v 22142 332 168
v 22144 1126 616
v 22145 335 181
v 22147 592 303
v 22151 890 433
v 22152 155 79
v 22153 167 72
v 22154 150 77
v 22161 248 131
v 22171 213 100
v 22360 118 51
v 22361 25 11
v 22362 160 65
v 22363 135 57
v 22364 35 17
v 22365 130 69
v 22366 84 50
v 22367 37 17
v 22368 299 172
v 22369 148 74
v 22370 165 81
v 22371 66 38
v 22372 448 214
v 22373 213 109
v 22374 37 28
v 22375 16 8
v 22376 118 64
v 22377 208 106
v 22378 394 190
v 22379 288 126
v 22380 432 243
v 22381 195 97
v 22382 162 92
v 22383 116 57
v 22384 282 124
v 22385 52 25
v 22386 77 33
v 22391 394 184
v 22392 274 141
v 22393 245 130
v 22395 595 307
v 22398 199 92
v 22400 458 248
v 22401 168 82
v 22403 259 128
v 22407 463 217
v 22408 80 38
v 22409 80 40
v 22410 65 32
v 22417 128 65
v 22427 114 48
v 22617 10 3
v 22618 96 44
v 22619 24 11
v 22620 16 9
v 22621 68 30
v 22622 13 9
v 22623 22 12
v 22624 106 58
v 22625 74 45
v 22626 62 35
v 22627 34 24
v 22628 148 79
v 22629 80 47
v 22630 17 11
v 22631 3 2
v 22632 54 28
v 22633 103 56
v 22634 133 78
v 22635 91 46
v 22636 128 80
v 22637 52 36
v 22638 71 41
v 22639 62 32
v 22640 96 34
v 22641 17 12
v 22642 38 20
v 22647 171 102
v 22648 99 50
v 22649 81 46
v 22651 192 109
v 22654 58 32
v 22656 249 144
v 22657 59 32
v 22659 68 32
v 22663 345 174
v 22664 23 10
v 22665 40 25
v 22666 15 7
v 22673 55 35
v 22683 42 19
v 22874 16 8
v 22875 8 4
v 22876 4 1
v 22877 23 9
v 22878 4 1
v 22879 1 0
v 22880 14 8
v 22881 8 2
v 22882 6 2
v 22883 6 4
v 22884 24 15
v 22885 14 8
v 22886 1 0
v 22887 1 0
v 22888 6 3
v 22889 21 9
v 22890 26 11
v 22891 18 9
v 22892 15 9
v 22893 14 7
v 22894 9 4
v 22895 4 1
v 22896 22 9
v 22897 4 2
v 22898 9 1
v 22903 31 17
v 22904 15 10
v 22905 12 6
v 22907 31 19
v 22910 5 2
v 22912 30 14
v 22913 13 4
v 22915 16 9
v 22919 21 11
v 22920 2 1
v 22921 2 1
v 22922 4 2
v 22929 14 9
v 22939 8 4
v 23131 82 44
v 23132 23 9
v 23133 104 59
v 23134 34 22
v 23135 20 11
v 23136 195 112
v 23137 92 35
v 23138 105 59
v 23139 23 14
v 23140 235 125
v 23141 107 50
v 23142 26 17
v 23143 7 1
v 23144 76 38
v 23145 178 96
v 23146 259 134
v 23147 147 80
v 23148 291 179
v 23149 97 60
v 23150 94 49
v 23151 80 37
v 23152 200 103
v 23153 31 15
v 23154 34 21
v 23159 234 123
v 23160 139 79
v 23161 143 85
v 23163 378 208
v 23166 117 65
v 23168 288 183
v 23169 87 52
v 23171 164 93
v 23175 235 128
v 23176 44 18
v 23177 70 38
v 23178 35 21
v 23185 95 49
v 23195 94 50
v 23388 16 10
v 23389 62 34
v 23390 21 11
v 23391 18 11
v 23392 112 62
v 23393 71 41
v 23394 80 54
v 23395 31 20
v 23396 122 63
v 23397 85 50
v 23398 11 9
v 23399 7 2
v 23400 34 21
v 23401 105 48
v 23402 194 95
v 23403 108 56
v 23404 169 99
v 23405 68 35
v 23406 67 34
v 23407 43 23
v 23408 166 88
v 23409 16 9
v 23410 20 12
v 23415 133 66
v 23416 82 46
v 23417 119 62
v 23419 224 125
v 23422 58 29
v 23424 162 90
v 23425 34 20
v 23427 99 50
v 23431 171 84
v 23432 34 13
v 23433 55 26
v 23434 29 15
v 23441 59 28
v 23451 46 21
v 23645 24 10
v 23646 5 2
v 23647 4 1
v 23648 42 23
v 23649 19 11
v 23650 21 11
v 23651 7 3
v 23652 28 14
v 23653 22 11
v 23654 3 3
v 23655 5 3
v 23656 14 6
v 23657 24 13
v 23658 33 15
v 23659 22 13
v 23660 48 28
v 23661 18 9
v 23662 14 7
v 23663 12 8
v 23664 33 15
v 23665 4 3
v 23666 4 1
v 23671 36 19
v 23672 25 12
v 23673 33 21
v 23675 69 36
v 23678 15 8
v 23680 50 24
v 23681 10 2
v 23683 30 13
v 23687 55 33
v 23688 14 6
v 23689 12 4
v 23690 6 2
v 23697 12 7
v 23707 7 2
v 23902 30 19
v 23903 16 6
v 23904 188 104
v 23905 97 59
v 23906 108 67
v 23907 77 52
v 23908 187 100
v 23909 121 73
v 23910 49 30
v 23911 14 4
v 23912 71 30
v 23913 115 50
v 23914 654 380
v 23915 179 96
v 23916 279 175
v 23917 96 42
v 23918 82 36
v 23919 81 44
v 23920 223 108
v 23921 33 18
v 23922 45 26
v 23927 219 119
v 23928 119 78
v 23929 127 59
v 23931 318 204
v 23934 103 67
v 23936 262 138
v 23937 73 34
v 23939 160 71
v 23943 247 124
v 23944 33 15
v 23945 70 31
v 23946 60 30
v 23953 62 39
v 23963 66 25
v 24159 4 3
v 24160 50 26
v 24161 33 11
v 24162 34 17
v 24163 6 5
v 24164 55 27
v 24165 54 36
v 24166 11 3
v 24167 2 1
v 24168 29 14
v 24169 59 23
v 24170 80 39
v 24171 51 24
v 24172 81 38
v 24173 27 11
v 24174 43 23
v 24175 32 13
v 24176 58 30
v 24177 11 4
v 24178 20 7
v 24183 77 27
v 24184 43 20
v 24185 56 24
v 24187 97 46
v 24190 34 17
v 24192 111 43
v 24193 26 13
v 24195 53 26
v 24199 108 48
v 24200 16 6
v 24201 12 4
v 24202 9 5
v 24209 24 10
v 24219 24 7
v 24416 29 15
v 24417 22 12
v 24418 18 7
v 24419 6 4
v 24420 34 19
v 24421 32 18
v 24422 7 5
v 24423 1 1
v 24424 16 12
v 24425 20 8
v 24426 60 32
v 24427 32 16
v 24428 36 15
v 24429 17 9
v 24430 13 5
v 24431 14 9
v 24432 31 18
v 24433 10 5
v 24434 9 5
v 24439 37 19
v 24440 21 12
v 24441 21 12
v 24443 75 32
v 24446 28 13
v 24448 63 37
v 24449 14 7
v 24451 26 12
v 24455 58 29
v 24456 15 8
v 24457 13 7
v 24458 8 4
v 24465 15 8
v 24475 8 2
v 24673 189 93
v 24674 299 160
v 24675 34 16
v 24676 387 197
v 24677 179 98
v 24678 42 24
v 24679 11 8
v 24680 97 46
v 24681 281 133
v 24682 487 231
v 24683 285 136
v 24684 503 254
v 24685 166 79
v 24686 203 97
v 24687 103 48
v 24688 330 141
v 24689 50 23
v 24690 58 32
v 24695 449 197
v 24696 235 110
v 24697 273 141
v 24699 659 355
v 24702 182 78
v 24704 561 285
v 24705 193 96
v 24707 306 146
v 24711 512 239
v 24712 72 31
v 24713 108 46
v 24714 63 36
v 24721 189 91
v 24731 114 56
v 24930 95 54
v 24931 39 20
v 24932 237 112
v 24933 110 58
v 24934 33 18
v 24935 10 3
v 24936 84 48
v 24937 141 61
v 24938 229 93
v 24939 158 78
v 24940 197 97
v 24941 82 37
v 24942 93 39
v 24943 73 34
v 24944 156 55
v 24945 24 12
v 24946 42 21
v 24951 140 61
v 24952 117 53
v 24953 179 83
v 24955 317 151
v 24958 90 40
v 24960 297 149
v 24961 104 51
v 24963 149 69
v 24967 325 145
v 24968 44 20
v 24969 51 20
v 24970 35 21
v 24977 72 31
v 24987 33 14
v 25187 59 36
v 25188 313 159
v 25189 94 43
v 25190 27 10
v 25191 7 4
v 25192 55 25
v 25193 156 67
v 25194 244 111
v 25195 226 88
v 25196 386 201
v 25197 120 70
v 25198 106 52
v 25199 55 28
v 25200 221 103
v 25201 30 17
v 25202 54 27
v 25207 254 105
v 25208 135 61
v 25209 151 68
v 25211 401 207
v 25214 94 34
v 25216 352 173
v 25217 76 41
v 25219 171 85
v 25223 284 136
v 25224 41 20
v 25225 88 36
v 25226 72 35
v 25233 86 43
v 25243 84 36
v 25444 79 35
v 25445 44 25
v 25446 8 1
v 25447 5 1
v 25448 47 15
v 25449 44 18
v 25450 72 22
v 25451 41 17
v 25452 94 48
v 25453 25 11
v 25454 33 7
v 25455 23 10
v 25456 53 19
v 25457 14 8
v 25458 12 4
v 25463 68 20
v 25464 30 9
v 25465 61 31
v 25467 94 41
v 25470 32 13
v 25472 96 45
v 25473 38 17
v 25475 40 19
v 25479 89 41
v 25480 14 7
v 25481 26 11
v 25482 21 5
v 25489 35 14
v 25499 22 4
v 25701 268 146
v 25702 48 21
v 25703 26 9
v 25704 94 54
v 25705 360 166
v 25706 481 216
v 25707 321 153
v 25708 628 341
v 25709 281 137
v 25710 243 115
v 25711 157 96
v 25712 405 185
v 25713 56 31
v 25714 101 53
v 25719 451 228
v 25720 320 153
v 25721 320 175
v 25723 682 353
v 25726 224 129
v 25728 648 334
v 25729 210 108
v 25731 358 165
v 25735 593 289
v 25736 103 57
v 25737 105 46
v 25738 97 50
v 25745 151 71
v 25755 133 55
v 25958 34 15
v 25959 18 9
v 25960 84 42
v 25961 163 84
v 25962 223 91
v 25963 170 75
v 25964 290 145
v 25965 109 45
v 25966 130 71
v 25967 87 41
v 25968 206 85
v 25969 43 19
v 25970 50 27
v 25975 268 125
v 25976 139 64
v 25977 183 84
v 25979 387 186
v 25982 95 39
v 25984 328 178
v 25985 108 58
v 25987 155 64
v 25991 325 149
v 25992 52 19
v 25993 71 33
v 25994 29 15
v 26001 72 28
v 26011 67 27
v 26215 1 0
v 26216 24 10
v 26217 27 9
v 26218 42 18
v 26219 39 14
v 26220 81 36
v 26221 31 12
v 26222 40 16
v 26223 15 4
v 26224 39 16
v 26225 12 6
v 26226 12 7
v 26231 54 25
v 26232 34 17
v 26233 32 18
v 26235 62 26
v 26238 19 12
v 26240 56 25
v 26241 25 14
v 26243 24 7
v 26247 53 27
v 26248 10 6
v 26249 18 10
v 26250 14 8
v 26257 13 3
v 26267 9 3
v 26472 7 2
v 26473 10 7
v 26474 27 14
v 26475 22 14
v 26476 27 16
v 26477 9 4
v 26478 15 9
v 26479 6 5
v 26480 21 10
v 26481 5 5
v 26482 5 3
v 26487 19 11
v 26488 11 7
v 26489 16 7
v 26491 33 20
v 26494 7 3
v 26496 34 20
v 26497 10 5
v 26499 21 15
v 26503 22 12
v 26504 4 1
v 26505 7 4
v 26506 5 4
v 26513 4 3
v 26523 8 4
v 26729 71 33
v 26730 109 50
v 26731 91 37
v 26732 175 108
v 26733 40 21
v 26734 94 53
v 26735 31 16
v 26736 50 18
v 26737 29 20
v 26738 36 19
v 26743 121 58
v 26744 76 38
v 26745 108 44
v 26747 181 89
v 26750 47 25
v 26752 171 94
v 26753 57 32
v 26755 63 21
v 26759 168 82
v 26760 22 7
v 26761 35 18
v 26762 26 12
v 26769 42 18
v 26779 23 12
v 26986 303 152
v 26987 215 112
v 26988 374 213
v 26989 143 74
v 26990 141 66
v 26991 124 61
v 26992 320 154
v 26993 41 26
v 26994 36 22
v 26999 350 180
v 27000 259 142
v 27001 225 133
v 27003 558 302
v 27006 132 66
v 27008 401 218
v 27009 100 49
v 27011 277 141
v 27015 354 191
v 27016 59 31
v 27017 79 34
v 27018 46 28
v 27025 124 62
v 27035 102 44
v 27243 453 241
v 27244 572 309
v 27245 269 136
v 27246 180 92
v 27247 121 49
v 27248 476 245
v 27249 50 23
v 27250 163 88
v 27255 527 241
v 27256 355 202
v 27257 294 156
v 27259 780 454
v 27262 189 114
v 27264 657 361
v 27265 192 107
v 27267 369 193
v 27271 515 263
v 27272 95 52
v 27273 118 64
v 27274 81 39
v 27281 201 110
v 27291 175 78
v 27500 401 230
v 27501 143 77
v 27502 147 85
v 27503 115 60
v 27504 242 117
v 27505 42 22
v 27506 54 35
v 27511 344 178
v 27512 225 113
v 27513 256 153
v 27515 523 273
v 27518 111 60
v 27520 417 232
v 27521 99 58
v 27523 228 125
v 27527 369 202
v 27528 56 29
v 27529 74 30
v 27530 64 39
v 27537 148 69
v 27547 137 55
v 27757 208 107
v 27758 254 117
v 27759 153 73
v 27760 499 196
v 27761 88 42
v 27762 91 34
v 27767 542 265
v 27768 416 200
v 27769 378 167
v 27771 890 417
v 27774 211 101
v 27776 781 364
v 27777 223 112
v 27779 431 182
v 27783 817 399
v 27784 101 50
v 27785 109 45
v 27786 85 37
v 27793 179 79
v 27803 185 71
v 28014 81 39
v 28015 67 38
v 28016 153 78
v 28017 24 8
v 28018 46 26
v 28023 268 123
v 28024 175 88
v 28025 141 74
v 28027 381 198
v 28030 107 57
v 28032 265 135
v 28033 74 42
v 28035 190 104
v 28039 267 138
v 28040 48 19
v 28041 45 16
v 28042 67 36
v 28049 89 48
v 28059 84 37
v 28271 59 26
v 28272 177 91
v 28273 36 16
v 28274 29 16
v 28279 215 110
v 28280 111 41
v 28281 146 66
v 28283 332 172
v 28286 101 49
v 28288 454 238
v 28289 103 59
v 28291 136 74
v 28295 231 117
v 28296 69 35
v 28297 50 28
v 28298 46 26
v 28305 85 52
v 28315 55 28
v 28528 108 49
v 28529 25 13
v 28530 21 10
v 28535 118 58
v 28536 120 44
v 28537 126 64
v 28539 200 101
v 28542 64 41
v 28544 168 79
v 28545 47 27
v 28547 107 56
v 28551 168 69
v 28552 34 15
v 28553 34 17
v 28554 26 13
v 28561 58 33
v 28571 29 11
v 28785 58 36
v 28786 52 25
v 28791 453 236
v 28792 178 106
v 28793 259 153
v 28795 697 390
v 28798 166 90
v 28800 460 281
v 28801 122 69
v 28803 344 188
v 28807 418 246
v 28808 67 33
v 28809 104 52
v 28810 106 58
v 28817 146 80
v 28827 135 70
v 29042 8 1
v 29047 48 24
v 29048 34 16
v 29049 55 23
v 29051 98 48
v 29054 18 10
v 29056 96 47
v 29057 19 9
v 29059 50 18
v 29063 92 39
v 29064 13 5
v 29065 19 10
v 29066 9 5
v 29073 22 8
v 29083 21 6
v 29303 68 41
v 29304 62 37
v 29305 57 32
v 29307 133 71
v 29310 50 29
v 29312 115 52
v 29313 42 21
v 29315 62 28
v 29319 104 51
v 29320 26 16
v 29321 25 13
v 29322 18 10
v 29329 35 13
v 29339 18 6
v 30584 317 163
v 30585 315 176
v 30587 972 516
v 30590 201 99
v 30592 643 325
v 30593 177 94
v 30595 400 220
v 30599 577 297
v 30600 91 47
v 30601 100 50
v 30602 92 48
v 30609 210 102
v 30619 160 67
v 30841 161 67
v 30843 466 244
v 30846 122 62
v 30848 441 240
v 30849 135 81
v 30851 228 122
v 30855 330 146
v 30856 50 26
v 30857 101 39
v 30858 37 15
v 30865 95 54
v 30875 121 43
v 31099 534 260
v 31102 130 66
v 31104 473 237
v 31105 116 54
v 31107 275 118
v 31111 379 181
v 31112 50 20
v 31113 91 42
v 31114 56 29
v 31121 112 51
v 31131 68 31
v 31614 292 135
v 31616 937 482
v 31617 239 122
v 31619 562 268
v 31623 798 382
v 31624 132 51
v 31625 210 86
v 31626 128 66
v 31633 275 145
v 31643 224 80
v 32384 266 143
v 32385 118 62
v 32387 121 68
v 32391 224 110
v 32392 34 18
v 32393 55 29
v 32394 24 9
v 32401 61 31
v 32411 49 20
v 32897 247 132
v 32899 421 175
v 32903 738 335
v 32904 111 60
v 32905 164 63
v 32906 116 76
v 32913 224 111
v 32923 125 42
v 33155 122 55
v 33159 194 100
v 33160 50 20
v 33161 49 25
v 33162 32 17
v 33169 69 40
v 33179 49 16
v 33671 379 195
v 33672 55 28
v 33673 95 40
v 33674 69 42
v 33681 125 63
v 33691 108 37
v 34696 110 51
v 34697 149 66
v 34698 102 63
v 34705 213 106
v 34715 144 56
v 34953 25 11
v 34954 15 6
v 34961 33 21
v 34971 28 8
v 35210 23 13
v 35217 48 28
v 35227 35 22
v 35473 33 17
v 35483 17 7
v 37275 74 37
s 258 149 73
s 259 43 22
s 260 1 1
s 261 42 19
s 262 4 0
s 263 57 27
s 264 6 2
s 265 84 38
s 267 54 27
s 268 9 4
s 269 29 9
s 270 98 50
s 271 27 13
s 272 35 22
s 273 40 21
s 274 4 4
s 275 18 11
s 276 64 29
s 277 86 36
s 278 39 20
s 279 33 16
s 281 128 68
s 282 209 91
s 283 89 45
s 284 67 27
s 285 86 43
s 286 87 41
s 287 146 68
s 288 5 3
s 289 28 17
s 290 24 14
s 291 38 17
s 292 68 28
s 293 32 9
s 294 27 10
s 295 59 30
s 296 16 8
s 297 4 1
s 298 14 9
s 299 34 16
s 300 4 1
s 301 18 8
s 302 3 2
s 303 45 24
s 304 2 0
s 305 92 48
s 306 34 19
s 307 44 26
s 308 19 7
s 309 20 7
s 310 16 9
s 311 48 26
s 312 2 2
s 313 5 4
s 314 10 3
s 315 16 6
s 316 124 55
s 317 7 4
s 318 54 29
s 319 11 3
s 320 83 36
s 321 18 7
s 322 7 4
s 323 6 1
s 324 35 19
s 325 94 49
s 326 3 0
s 327 133 69
s 328 8 3
s 329 5 2
s 330 122 61
s 331 67 30
s 332 73 37
s 333 13 7
s 334 32 15
s 335 36 14
s 336 5 4
s 337 5 2
s 338 8 1
s 339 31 17
s 340 91 30
s 341 160 81
s 342 205 96
s 343 102 40
s 344 40 22
s 346 48 26
s 347 22 9
s 348 12 4
s 349 20 7
s 350 4 1
s 352 94 42
s 353 65 35
s 354 59 23
s 355 19 7
s 356 88 42
s 357 85 43
s 358 23 8
s 359 10 6
s 360 45 23
s 361 92 52
s 362 122 57
s 363 73 41
s 364 127 57
s 365 3 2
s 366 58 26
s 367 59 25
s 368 116 55
s 369 16 7
s 370 17 6
s 375 111 59
s 376 77 41
s 377 92 49
s 379 183 83
s 382 41 17
s 384 161 71
s 385 50 19
s 387 85 41
s 391 160 84
s 392 22 6
s 393 37 19
s 394 2 1
s 401 23 11
s 411 36 24
s 515 182 87
s 516 29 16
s 517 186 92
s 518 255 113
s 519 145 68
s 520 304 160
s 521 510 275
s 522 91 49
s 523 528 227
s 524 283 126
s 525 114 59
s 526 262 115
s 527 113 54
s 528 37 12
s 529 177 88
s 530 222 98
s 531 146 61
s 532 282 104
s 533 459 240
s 534 164 73
s 535 57 29
s 537 558 270
s 538 719 291
s 539 330 131
s 540 59 23
s 541 12 4
s 542 379 166
s 543 498 220
s 544 43 20
s 545 22 10
s 546 94 45
s 547 177 65
s 548 284 132
s 549 82 33
s 550 19 7
s 551 250 110
s 552 37 16
s 553 134 57
s 554 89 36
s 555 99 46
s 556 106 47
s 557 33 18
s 558 152 61
s 559 147 61
s 560 372 187
s 561 187 94
s 562 162 74
s 563 160 68
s 564 56 28
s 565 192 82
s 566 712 350
s 567 26 13
s 568 95 31
s 569 17 8
s 570 53 29
s 571 53 28
s 572 26 12
s 573 27 13
s 574 172 94
s 575 63 34
s 576 270 131
s 577 26 14
s 578 10 4
s 579 248 118
s 580 101 34
s 581 41 20
s 582 236 99
s 583 297 120
s 584 40 17
s 585 35 16
s 586 509 250
s 587 215 88
s 588 277 134
s 589 12 4
s 590 14 5
s 591 155 68
s 592 130 54
s 593 27 12
s 594 26 10
s 595 191 105
s 596 253 105
s 597 572 273
s 598 689 341
s 599 382 196
s 600 112 46
s 601 29 19
s 602 171 92
s 603 107 57
s 604 17 10
s 605 219 102
s 606 71 35
s 607 57 27
s 608 31 14
s 609 72 19
s 610 55 23
s 611 11 3
s 612 348 159
s 613 414 205
s 614 39 21
s 615 16 7
s 616 11 3
s 617 323 147
s 618 388 195
s 619 246 124
s 620 15 5
s 621 231 110
s 622 196 105
s 623 149 74
s 624 334 164
s 625 73 38
s 626 75 29
s 631 409 205
s 632 219 96
s 633 301 127
s 635 731 339
s 638 177 81
s 640 619 282
s 641 7 4
s 643 318 153
s 647 50 22
s 648 73 39
s 649 46 24
s 650 100 51
s 657 155 64
s 667 46 25
s 772 24 13
s 773 13 8
s 774 63 20
s 775 69 37
s 776 75 38
s 777 258 139
s 778 23 13
s 779 282 141
s 780 108 50
s 781 50 28
s 782 101 47
s 783 52 27
s 784 35 20
s 785 74 31
s 786 124 75
s 787 97 46
s 788 69 29
s 789 158 75
s 790 25 14
s 791 33 17
s 793 232 121
s 794 81 33
s 795 28 10
s 796 140 71
s 797 91 39
s 798 36 14
s 799 36 17
s 800 15 5
s 801 38 18
s 802 40 18
s 803 37 15
s 804 134 72
s 805 8 3
s 806 43 21
s 807 57 24
s 808 5 3
s 809 50 21
s 810 31 16
s 811 42 20
s 812 28 11
s 813 6 2
s 814 47 16
s 815 63 37
s 816 131 68
s 817 116 59
s 818 15 4
s 819 30 15
s 820 19 7
s 821 73 37
s 822 266 143
s 823 126 71
s 824 42 23
s 825 4 2
s 826 12 6
s 827 18 7
s 828 170 88
s 829 13 6
s 830 86 53
s 831 10 5
s 832 30 12
s 833 21 12
s 834 6 3
s 835 75 34
s 836 11 6
s 837 160 79
s 838 88 46
s 839 89 46
s 840 18 6
s 841 10 6
s 842 183 98
s 843 39 20
s 844 83 41
s 845 33 16
s 846 54 25
s 847 22 8
s 848 64 27
s 849 18 8
s 850 11 5
s 851 11 5
s 852 38 14
s 853 134 66
s 854 203 119
s 855 36 22
s 856 32 21
s 857 13 8
s 858 93 63
s 859 50 30
s 860 18 8
s 861 73 47
s 862 18 11
s 863 10 8
s 864 157 63
s 865 50 23
s 866 110 65
s 867 22 16
s 868 73 39
s 869 49 23
s 870 11 3
s 871 9 5
s 872 35 16
s 873 83 46
s 874 211 110
s 875 144 80
s 876 199 99
s 877 95 50
s 878 39 24
s 879 16 4
s 880 37 16
s 881 16 7
s 882 21 10
s 887 169 93
s 888 144 80
s 889 96 47
s 891 188 91
s 894 61 24
s 896 154 80
s 897 45 24
s 899 77 35
s 903 207 105
s 904 23 14
s 905 42 21
s 906 37 16
s 913 80 44
s 923 71 45
s 1029 18 9
s 1030 3 3
s 1031 15 9
s 1032 8 4
s 1033 29 13
s 1034 1 0
s 1035 22 10
s 1036 5 3
s 1037 8 3
s 1038 42 24
s 1039 7 1
s 1040 9 5
s 1041 12 5
s 1042 6 4
s 1043 11 5
s 1044 27 15
s 1045 25 14
s 1046 21 13
s 1047 10 5
s 1049 43 21
s 1050 44 20
s 1051 33 18
s 1052 23 15
s 1053 39 22
s 1054 29 16
s 1055 40 19
s 1056 4 3
s 1057 10 9
s 1058 7 3
s 1059 14 10
s 1060 33 17
s 1061 7 4
s 1062 4 4
s 1063 23 17
s 1064 8 4
s 1065 4 2
s 1066 9 6
s 1067 14 8
s 1068 3 1
s 1069 5 4
s 1070 3 2
s 1071 14 6
s 1072 7 4
s 1073 19 9
s 1074 12 7
s 1075 19 8
s 1076 5 2
s 1077 11 7
s 1078 6 3
s 1079 21 13
s 1080 4 1
s 1081 5 2
s 1082 4 2
s 1083 5 1
s 1084 35 19
s 1085 1 1
s 1086 14 8
s 1087 8 3
s 1088 31 15
s 1089 2 0
s 1090 3 2
s 1091 6 2
s 1092 11 4
s 1093 20 12
s 1094 1 1
s 1095 34 24
s 1096 6 3
s 1097 2 1
s 1098 40 25
s 1099 28 17
s 1100 19 7
s 1101 7 5
s 1102 14 10
s 1103 13 8
s 1104 5 3
s 1106 3 3
s 1107 18 10
s 1108 28 17
s 1109 33 18
s 1110 61 36
s 1111 35 13
s 1112 9 7
s 1113 2 0
s 1114 16 7
s 1115 17 9
s 1116 2 1
s 1117 7 2
s 1118 1 1
s 1120 13 4
s 1121 19 8
s 1122 26 14
s 1123 14 5
s 1124 29 11
s 1125 17 10
s 1126 7 5
s 1127 3 1
s 1128 15 10
s 1129 19 12
s 1130 38 21
s 1131 24 17
s 1132 55 22
s 1133 2 2
s 1134 16 9
s 1135 22 12
s 1136 25 12
s 1137 5 1
s 1138 8 6
s 1143 34 17
s 1144 18 13
s 1145 33 17
s 1147 45 22
s 1150 8 5
s 1152 57 29
s 1153 19 8
s 1155 25 16
s 1159 41 27
s 1160 8 4
s 1161 11 6
s 1162 2 1
s 1169 4 3
s 1179 14 7
s 1286 75 34
s 1287 69 36
s 1288 155 93
s 1289 113 63
s 1290 19 11
s 1291 162 81
s 1292 67 34
s 1293 41 18
s 1294 143 79
s 1295 74 42
s 1296 20 10
s 1297 72 29
s 1298 103 62
s 1299 66 25
s 1300 61 38
s 1301 148 87
s 1302 50 25
s 1303 42 21
s 1305 178 95
s 1306 132 61
s 1307 31 14
s 1308 120 64
s 1309 96 49
s 1310 23 4
s 1311 51 21
s 1312 15 9
s 1313 35 19
s 1314 29 13
s 1315 48 26
s 1316 139 73
s 1317 3 1
s 1318 38 20
s 1319 65 36
s 1320 10 7
s 1321 42 23
s 1322 43 21
s 1323 39 18
s 1324 35 14
s 1325 11 2
s 1326 58 27
s 1327 57 25
s 1328 120 50
s 1329 93 54
s 1330 6 2
s 1331 50 22
s 1332 19 10
s 1333 89 43
s 1334 197 105
s 1335 87 55
s 1336 31 18
s 1337 3 2
s 1338 14 10
s 1339 24 9
s 1340 112 58
s 1341 8 6
s 1342 77 51
s 1343 15 7
s 1344 32 16
s 1345 10 6
s 1346 7 0
s 1347 81 43
s 1348 13 6
s 1349 107 62
s 1350 84 41
s 1351 140 84
s 1352 16 6
s 1353 18 10
s 1354 139 71
s 1355 34 13
s 1356 95 50
s 1357 15 11
s 1358 24 16
s 1359 32 13
s 1360 66 35
s 1361 22 12
s 1362 11 5
s 1363 13 7
s 1364 54 27
s 1365 110 57
s 1366 200 109
s 1367 29 14
s 1368 46 28
s 1369 7 4
s 1370 48 25
s 1371 29 15
s 1372 14 6
s 1373 106 53
s 1374 23 9
s 1375 28 14
s 1376 143 66
s 1377 70 35
s 1378 70 32
s 1379 28 10
s 1380 79 37
s 1381 68 36
s 1382 18 12
s 1383 5 4
s 1384 45 16
s 1385 51 28
s 1386 130 70
s 1387 91 52
s 1388 175 81
s 1389 56 25
s 1390 56 29
s 1391 17 9
s 1392 15 9
s 1393 34 15
s 1394 37 20
s 1399 86 40
s 1400 81 40
s 1401 30 12
s 1403 145 74
s 1406 68 35
s 1408 152 76
s 1409 68 34
s 1411 39 18
s 1415 180 103
s 1416 33 18
s 1417 44 20
s 1418 24 13
s 1425 48 21
s 1435 27 18
s 1543 111 37
s 1545 206 97
s 1546 2 0
s 1547 87 40
s 1548 2 2
s 1549 61 25
s 1550 255 121
s 1551 44 18
s 1552 39 15
s 1553 87 38
s 1554 3 1
s 1555 39 14
s 1556 120 51
s 1557 169 68
s 1558 72 29
s 1559 67 26
s 1561 224 94
s 1562 340 116
s 1563 171 75
s 1564 216 103
s 1565 156 64
s 1566 135 56
s 1567 215 95
s 1568 14 3
s 1569 38 22
s 1570 43 22
s 1571 63 17
s 1572 121 51
s 1573 36 12
s 1574 52 27
s 1575 105 31
s 1576 19 6
s 1578 31 13
s 1579 73 34
s 1580 1 1
s 1581 20 7
s 1582 11 5
s 1583 80 33
s 1585 122 59
s 1586 45 14
s 1587 131 49
s 1588 29 21
s 1589 40 15
s 1590 5 3
s 1591 116 59
s 1592 7 4
s 1593 20 10
s 1594 25 12
s 1595 25 12
s 1596 264 109
s 1597 5 3
s 1598 91 57
s 1599 14 5
s 1600 122 51
s 1601 16 8
s 1602 3 0
s 1603 1 0
s 1604 43 15
s 1605 138 58
s 1606 5 2
s 1607 231 94
s 1608 9 5
s 1609 10 5
s 1610 239 124
s 1611 110 48
s 1612 127 58
s 1613 22 13
s 1614 57 29
s 1615 75 38
s 1616 7 4
s 1617 11 5
s 1618 14 5
s 1619 190 96
s 1620 191 82
s 1621 499 225
s 1622 374 181
s 1623 169 66
s 1624 60 31
s 1625 2 0
s 1626 107 44
s 1627 56 29
s 1628 20 9
s 1629 43 23
s 1631 6 2
s 1632 251 100
s 1633 120 50
s 1634 116 50
s 1635 32 9
s 1636 325 162
s 1637 116 49
s 1638 40 19
s 1639 16 8
s 1640 62 24
s 1641 129 57
s 1642 242 99
s 1643 168 87
s 1644 327 131
s 1645 1 0
s 1646 106 43
s 1647 59 23
s 1648 140 65
s 1649 23 9
s 1650 25 13
s 1655 224 106
s 1656 150 53
s 1657 129 60
s 1659 316 127
s 1662 94 37
s 1664 330 142
s 1665 110 37
s 1667 147 71
s 1671 293 135
s 1672 50 23
s 1673 68 22
s 1674 5 4
s 1681 22 14
s 1691 68 30
s 1800 137 77
s 1801 174 95
s 1802 38 20
s 1803 215 98
s 1804 128 63
s 1805 32 18
s 1806 179 91
s 1807 65 36
s 1808 15 5
s 1809 38 15
s 1810 107 51
s 1811 55 34
s 1812 149 74
s 1813 197 99
s 1814 47 22
s 1815 30 13
s 1817 138 61
s 1818 311 142
s 1819 143 60
s 1820 104 47
s 1821 93 43
s 1822 161 83
s 1823 185 84
s 1824 18 6
s 1825 36 26
s 1826 29 13
s 1827 45 21
s 1828 110 62
s 1829 46 19
s 1830 29 14
s 1831 40 22
s 1832 24 11
s 1833 55 27
s 1834 39 18
s 1835 32 11
s 1836 50 28
s 1837 26 15
s 1838 64 24
s 1839 48 25
s 1840 188 94
s 1841 69 38
s 1842 62 31
s 1843 67 36
s 1844 19 8
s 1845 90 45
s 1846 326 178
s 1847 138 70
s 1848 43 24
s 1849 13 9
s 1850 28 18
s 1851 32 10
s 1852 155 73
s 1853 12 7
s 1854 63 36
s 1855 24 11
s 1856 96 37
s 1857 19 10
s 1858 5 2
s 1859 114 64
s 1860 50 26
s 1861 121 60
s 1862 113 56
s 1863 131 69
s 1864 29 11
s 1865 13 5
s 1866 129 65
s 1867 98 46
s 1868 71 42
s 1869 24 14
s 1870 45 19
s 1871 61 35
s 1872 65 36
s 1873 26 13
s 1874 6 1
s 1875 72 34
s 1876 104 50
s 1877 243 120
s 1878 305 152
s 1879 175 88
s 1880 45 23
s 1881 10 3
s 1882 69 44
s 1883 47 21
s 1884 10 8
s 1885 84 51
s 1886 35 16
s 1887 20 10
s 1888 132 63
s 1889 72 35
s 1890 101 46
s 1891 38 11
s 1892 166 85
s 1893 99 41
s 1894 25 11
s 1895 6 2
s 1896 55 22
s 1897 136 68
s 1898 90 45
s 1899 59 34
s 1900 176 78
s 1901 123 62
s 1902 116 65
s 1903 61 23
s 1904 171 98
s 1905 20 8
s 1906 32 19
s 1911 176 92
s 1912 57 26
s 1913 111 55
s 1915 267 127
s 1918 29 12
s 1920 235 111
s 1921 64 31
s 1923 171 90
s 1927 206 112
s 1928 22 7
s 1929 38 17
s 1930 38 16
s 1937 50 24
s 1947 44 26
s 2057 233 138
s 2058 4 2
s 2059 76 40
s 2060 5 2
s 2061 78 43
s 2062 234 129
s 2063 71 36
s 2064 54 22
s 2065 104 55
s 2067 51 26
s 2068 126 66
s 2069 203 117
s 2070 84 38
s 2071 64 36
s 2073 299 163
s 2074 462 226
s 2075 213 114
s 2076 198 102
s 2077 180 111
s 2078 238 119
s 2079 388 237
s 2080 10 4
s 2081 48 27
s 2082 69 44
s 2083 78 36
s 2084 137 79
s 2085 48 22
s 2086 50 31
s 2087 141 74
s 2088 26 15
s 2089 1 0
s 2090 33 23
s 2091 107 58
s 2092 2 0
s 2093 27 18
s 2094 10 5
s 2095 93 41
s 2096 2 0
s 2097 186 110
s 2098 51 22
s 2099 88 50
s 2100 38 24
s 2101 39 17
s 2102 3 1
s 2103 163 98
s 2104 7 4
s 2105 14 7
s 2106 37 23
s 2107 46 23
s 2108 271 145
s 2109 14 6
s 2110 142 89
s 2111 22 13
s 2112 176 89
s 2113 23 13
s 2114 10 7
s 2115 3 2
s 2116 57 22
s 2117 163 97
s 2118 4 1
s 2119 279 156
s 2120 13 9
s 2121 12 5
s 2122 252 139
s 2123 135 70
s 2124 197 111
s 2125 22 12
s 2126 49 25
s 2127 92 49
s 2128 7 3
s 2129 11 6
s 2130 17 8
s 2131 73 40
s 2132 154 84
s 2133 298 156
s 2134 460 263
s 2135 246 139
s 2136 83 47
s 2138 108 59
s 2139 27 17
s 2140 22 16
s 2141 44 28
s 2142 3 2
s 2143 1 1
s 2144 206 118
s 2145 202 119
s 2146 134 63
s 2147 36 14
s 2148 190 90
s 2149 167 87
s 2150 18 7
s 2151 14 11
s 2152 98 56
s 2153 150 95
s 2154 274 159
s 2155 179 103
s 2156 299 148
s 2157 3 2
s 2158 139 81
s 2159 92 53
s 2160 199 118
s 2161 35 21
s 2162 15 7
s 2167 263 143
s 2168 148 80
s 2169 235 140
s 2171 378 209
s 2174 100 62
s 2176 341 185
s 2177 117 61
s 2179 159 87
s 2183 310 166
s 2184 42 22
s 2185 70 45
s 2186 5 3
s 2193 25 14
s 2203 39 18
s 2314 80 51
s 2315 490 251
s 2316 238 147
s 2317 154 81
s 2318 236 125
s 2319 129 69
s 2320 106 49
s 2321 191 110
s 2322 332 190
s 2323 342 178
s 2324 182 87
s 2325 420 246
s 2326 64 38
s 2327 125 69
s 2329 487 252
s 2330 350 160
s 2331 171 80
s 2332 384 223
s 2333 259 135
s 2334 154 86
s 2335 227 134
s 2336 40 23
s 2337 139 79
s 2338 78 37
s 2339 93 43
s 2340 348 205
s 2341 29 14
s 2342 105 60
s 2343 173 85
s 2344 18 8
s 2345 98 52
s 2346 103 53
s 2347 107 54
s 2348 69 36
s 2349 13 9
s 2350 145 64
s 2351 127 66
s 2352 357 196
s 2353 501 285
s 2354 64 32
s 2355 197 101
s 2356 52 34
s 2357 230 143
s 2358 721 378
s 2359 281 154
s 2360 88 35
s 2361 12 3
s 2362 35 19
s 2363 61 31
s 2364 414 218
s 2365 28 14
s 2366 206 129
s 2367 36 13
s 2368 99 51
s 2369 24 15
s 2370 8 2
s 2371 255 132
s 2372 28 22
s 2373 347 195
s 2374 176 99
s 2375 208 124
s 2376 43 21
s 2377 47 23
s 2378 388 208
s 2379 81 47
s 2380 302 168
s 2381 78 42
s 2382 99 60
s 2383 154 74
s 2384 163 83
s 2385 45 26
s 2386 23 9
s 2387 165 97
s 2388 164 78
s 2389 395 201
s 2390 362 192
s 2391 205 109
s 2392 86 46
s 2393 29 17
s 2394 167 101
s 2395 97 53
s 2396 29 14
s 2397 212 122
s 2398 68 39
s 2399 43 25
s 2400 520 279
s 2401 137 66
s 2402 279 153
s 2403 56 30
s 2404 346 202
s 2405 92 44
s 2406 24 12
s 2407 27 18
s 2408 112 56
s 2409 169 87
s 2410 732 421
s 2411 311 187
s 2412 623 287
s 2413 253 133
s 2414 99 50
s 2415 87 49
s 2416 265 155
s 2417 42 22
s 2418 72 36
s 2423 268 144
s 2424 318 170
s 2425 105 53
s 2427 391 194
s 2430 189 103
s 2432 348 179
s 2433 150 71
s 2435 168 106
s 2439 491 247
s 2440 65 33
s 2441 116 66
s 2442 89 40
s 2449 191 103
s 2459 171 105
s 2571 22 12
s 2572 2 2
s 2573 29 13
s 2574 63 43
s 2575 23 13
s 2576 18 11
s 2577 27 15
s 2578 1 1
s 2579 15 8
s 2580 33 20
s 2581 66 33
s 2582 27 12
s 2583 15 5
s 2585 97 49
s 2586 112 45
s 2587 58 34
s 2588 59 30
s 2589 44 19
s 2590 41 20
s 2591 58 35
s 2592 2 1
s 2593 23 11
s 2594 16 13
s 2595 11 5
s 2596 47 25
s 2597 13 7
s 2598 22 12
s 2599 35 21
s 2600 8 4
s 2601 5 3
s 2602 4 0
s 2603 14 8
s 2604 2 2
s 2605 10 8
s 2606 5 1
s 2607 28 14
s 2608 1 1
s 2609 45 30
s 2610 18 8
s 2611 42 27
s 2612 11 4
s 2613 12 10
s 2614 3 0
s 2615 67 38
s 2616 4 1
s 2617 1 0
s 2618 10 5
s 2619 13 6
s 2620 71 42
s 2621 4 2
s 2622 45 30
s 2623 5 1
s 2624 25 13
s 2625 9 9
s 2626 4 1
s 2627 1 1
s 2628 11 7
s 2629 49 29
s 2631 76 48
s 2632 6 3
s 2633 3 2
s 2634 81 35
s 2635 31 13
s 2636 39 23
s 2637 4 3
s 2638 17 8
s 2639 19 10
s 2640 1 0
s 2641 4 1
s 2642 2 1
s 2643 23 10
s 2644 53 22
s 2645 122 72
s 2646 133 67
s 2647 69 44
s 2648 26 15
s 2650 31 15
s 2651 22 12
s 2652 4 2
s 2653 17 7
s 2654 1 1
s 2655 1 1
s 2656 72 38
s 2657 17 10
s 2658 39 20
s 2659 12 6
s 2660 109 56
s 2661 53 26
s 2662 11 4
s 2664 18 8
s 2665 52 26
s 2666 64 37
s 2667 57 28
s 2668 111 54
s 2669 2 1
s 2670 32 18
s 2671 27 15
s 2672 50 23
s 2673 5 0
s 2674 5 3
s 2679 92 54
s 2680 46 29
s 2681 52 25
s 2683 115 57
s 2686 47 23
s 2688 96 41
s 2689 31 13
s 2691 58 32
s 2695 89 48
s 2696 13 8
s 2697 21 11
s 2698 2 0
s 2705 10 5
s 2715 19 16
s 2828 99 41
s 2829 132 70
s 2830 505 235
s 2831 121 55
s 2832 73 28
s 2833 172 88
s 2834 84 36
s 2835 138 66
s 2836 331 154
s 2837 363 200
s 2838 149 75
s 2839 124 59
s 2841 431 213
s 2842 824 341
s 2843 381 175
s 2844 825 427
s 2845 373 164
s 2846 248 117
s 2847 432 194
s 2848 29 16
s 2849 129 73
s 2850 107 49
s 2851 110 52
s 2852 248 116
s 2853 88 36
s 2854 118 61
s 2855 170 75
s 2856 43 20
s 2857 37 12
s 2858 62 25
s 2859 118 49
s 2860 32 14
s 2861 44 23
s 2862 60 25
s 2863 153 74
s 2864 112 42
s 2865 220 106
s 2866 108 48
s 2867 351 189
s 2868 57 28
s 2869 125 64
s 2870 247 122
s 2871 312 157
s 2872 34 20
s 2873 54 34
s 2874 59 26
s 2875 83 37
s 2876 419 200
s 2877 17 6
s 2878 263 154
s 2879 47 17
s 2880 240 122
s 2881 35 21
s 2882 11 7
s 2883 81 41
s 2884 71 35
s 2885 334 162
s 2886 78 38
s 2887 454 236
s 2888 30 16
s 2889 21 8
s 2890 416 208
s 2891 205 100
s 2892 209 96
s 2893 60 41
s 2894 96 50
s 2895 195 90
s 2896 39 21
s 2897 34 13
s 2898 34 16
s 2899 386 198
s 2900 535 270
s 2901 906 438
s 2902 941 466
s 2903 381 173
s 2904 133 72
s 2905 13 4
s 2906 239 130
s 2907 130 57
s 2908 40 21
s 2909 129 68
s 2910 31 11
s 2911 23 8
s 2912 597 296
s 2913 240 112
s 2914 264 127
s 2915 78 32
s 2916 899 465
s 2917 297 143
s 2918 54 22
s 2919 30 17
s 2920 138 66
s 2921 272 138
s 2922 517 293
s 2923 373 187
s 2924 772 351
s 2925 52 18
s 2926 226 107
s 2927 147 78
s 2928 406 202
s 2929 59 31
s 2930 39 20
s 2935 506 246
s 2936 340 171
s 2937 291 118
s 2939 763 369
s 2942 192 95
s 2944 695 327
s 2945 249 115
s 2947 413 187
s 2951 583 279
s 2952 131 57
s 2953 127 75
s 2954 44 18
s 2961 61 22
s 2971 164 92
s 3085 61 30
s 3086 214 107
s 3087 75 44
s 3088 42 24
s 3089 94 44
s 3090 3 3
s 3091 53 24
s 3092 124 64
s 3093 177 91
s 3094 73 33
s 3095 47 30
s 3097 266 137
s 3098 374 179
s 3099 150 68
s 3100 169 87
s 3101 148 68
s 3102 153 78
s 3103 249 135
s 3104 13 7
s 3105 67 38
s 3106 52 25
s 3107 46 23
s 3108 139 71
s 3109 48 21
s 3110 49 25
s 3111 100 48
s 3112 24 15
s 3113 3 1
s 3114 22 13
s 3115 62 35
s 3116 4 2
s 3117 18 11
s 3118 10 6
s 3119 81 50
s 3120 2 2
s 3121 192 111
s 3122 71 39
s 3123 76 38
s 3124 19 12
s 3125 33 12
s 3126 2 1
s 3127 152 87
s 3128 10 5
s 3129 9 4
s 3130 42 21
s 3131 30 16
s 3132 209 114
s 3133 8 2
s 3134 134 75
s 3135 16 11
s 3136 163 89
s 3137 33 16
s 3138 7 3
s 3139 1 0
s 3140 56 29
s 3141 164 102
s 3142 4 0
s 3143 228 110
s 3144 9 5
s 3145 13 8
s 3146 242 122
s 3147 119 60
s 3148 130 60
s 3149 25 16
s 3150 55 28
s 3151 77 26
s 3152 14 5
s 3153 9 4
s 3154 10 1
s 3155 93 56
s 3156 121 54
s 3157 336 166
s 3158 473 253
s 3159 192 103
s 3160 72 34
s 3162 123 72
s 3163 48 25
s 3164 26 16
s 3165 31 20
s 3166 2 0
s 3167 1 0
s 3168 207 112
s 3169 103 50
s 3170 142 61
s 3171 41 22
s 3172 192 91
s 3173 132 58
s 3174 19 9
s 3175 7 4
s 3176 69 27
s 3177 175 89
s 3178 252 124
s 3179 165 86
s 3180 318 149
s 3181 4 3
s 3182 122 66
s 3183 83 43
s 3184 233 141
s 3185 30 10
s 3186 18 10
s 3191 231 121
s 3192 153 80
s 3193 202 117
s 3195 397 199
s 3198 123 71
s 3200 360 193
s 3201 84 41
s 3203 206 108
s 3207 294 157
s 3208 37 25
s 3209 71 40
s 3210 6 1
s 3217 37 20
s 3227 57 32
s 3342 61 30
s 3343 33 18
s 3344 10 3
s 3345 2 2
s 3346 87 46
s 3347 64 29
s 3348 60 28
s 3349 133 71
s 3350 28 18
s 3351 12 7
s 3353 22 10
s 3354 179 77
s 3355 74 34
s 3356 82 39
s 3357 75 37
s 3358 88 40
s 3359 123 61
s 3360 8 5
s 3361 40 20
s 3362 1 0
s 3363 11 5
s 3364 67 36
s 3365 25 12
s 3366 35 22
s 3367 3 2
s 3368 16 8
s 3369 37 13
s 3370 36 13
s 3371 11 7
s 3372 22 7
s 3373 9 6
s 3374 40 19
s 3375 13 7
s 3376 94 47
s 3377 33 16
s 3378 31 15
s 3379 71 36
s 3380 1 0
s 3381 51 23
s 3382 207 105
s 3383 90 52
s 3384 22 11
s 3385 8 2
s 3386 23 14
s 3387 6 3
s 3388 116 53
s 3389 6 4
s 3390 69 43
s 3391 16 8
s 3392 67 36
s 3393 8 6
s 3394 5 2
s 3395 51 33
s 3396 21 12
s 3397 103 52
s 3398 51 22
s 3399 113 61
s 3400 29 18
s 3401 11 6
s 3402 12 3
s 3403 64 26
s 3404 3 1
s 3405 23 14
s 3406 37 17
s 3407 47 25
s 3408 56 31
s 3409 12 4
s 3410 4 3
s 3411 60 40
s 3412 81 39
s 3413 201 95
s 3414 199 93
s 3415 113 50
s 3416 38 19
s 3417 7 1
s 3418 30 17
s 3419 31 17
s 3420 4 2
s 3421 51 25
s 3422 16 5
s 3423 15 6
s 3424 129 56
s 3425 31 12
s 3426 69 36
s 3427 15 6
s 3428 151 64
s 3429 66 25
s 3430 15 6
s 3431 14 7
s 3432 37 16
s 3433 82 46
s 3434 2 1
s 3435 34 15
s 3436 164 72
s 3437 63 26
s 3438 54 22
s 3439 39 19
s 3440 116 50
s 3441 6 3
s 3442 18 4
s 3447 171 76
s 3448 21 8
s 3449 76 38
s 3451 210 106
s 3454 1 0
s 3456 128 67
s 3457 43 26
s 3459 84 43
s 3463 161 77
s 3464 19 6
s 3465 24 12
s 3466 24 14
s 3473 54 35
s 3483 60 36
s 3599 150 67
s 3600 58 26
s 3601 128 57
s 3602 190 102
s 3603 149 62
s 3604 266 127
s 3605 425 217
s 3606 118 56
s 3607 89 50
s 3609 460 231
s 3610 575 245
s 3611 259 116
s 3612 204 108
s 3613 135 58
s 3614 253 116
s 3615 361 190
s 3616 40 18
s 3617 86 48
s 3618 102 60
s 3619 201 85
s 3620 298 146
s 3621 58 24
s 3622 72 40
s 3623 184 96
s 3624 39 24
s 3625 123 60
s 3626 101 57
s 3627 103 48
s 3628 86 42
s 3629 53 27
s 3630 144 58
s 3631 155 86
s 3632 300 141
s 3633 179 92
s 3634 70 39
s 3635 83 45
s 3636 49 23
s 3637 145 81
s 3638 511 261
s 3639 189 103
s 3640 78 43
s 3641 36 20
s 3642 46 23
s 3643 64 28
s 3644 280 130
s 3645 28 13
s 3646 83 51
s 3647 63 27
s 3648 200 98
s 3649 22 15
s 3650 13 8
s 3651 173 87
s 3652 95 41
s 3653 188 83
s 3654 256 104
s 3655 209 97
s 3656 56 25
s 3657 46 20
s 3658 397 205
s 3659 182 93
s 3660 227 130
s 3661 28 8
s 3662 60 30
s 3663 116 58
s 3664 113 57
s 3665 37 22
s 3666 32 18
s 3667 118 61
s 3668 197 96
s 3669 352 183
s 3670 532 277
s 3671 280 144
s 3672 94 46
s 3673 20 11
s 3674 137 74
s 3675 132 77
s 3676 35 16
s 3677 195 98
s 3678 72 36
s 3679 50 22
s 3680 165 78
s 3681 153 63
s 3682 138 54
s 3683 50 18
s 3684 261 131
s 3685 192 98
s 3686 49 21
s 3687 17 8
s 3688 122 63
s 3689 209 103
s 3690 295 160
s 3691 194 103
s 3692 322 150
s 3693 157 79
s 3694 165 83
s 3695 151 76
s 3696 235 133
s 3697 85 42
s 3698 69 35
s 3703 256 129
s 3704 154 87
s 3705 319 168
s 3707 415 210
s 3710 150 72
s 3712 476 238
s 3713 123 67
s 3715 200 101
s 3719 367 196
s 3720 67 35
s 3721 70 30
s 3722 118 58
s 3729 111 53
s 3739 79 51
s 3856 23 11
s 3857 48 29
s 3858 82 45
s 3859 74 39
s 3860 85 43
s 3861 147 73
s 3862 48 24
s 3863 34 16
s 3865 152 70
s 3866 244 104
s 3867 108 53
s 3868 70 35
s 3869 70 35
s 3870 114 58
s 3871 151 63
s 3872 17 4
s 3873 20 14
s 3874 30 13
s 3875 46 18
s 3876 89 55
s 3877 21 11
s 3878 24 11
s 3879 54 25
s 3880 11 5
s 3881 42 20
s 3882 38 18
s 3883 24 8
s 3884 17 6
s 3885 10 4
s 3886 21 13
s 3887 53 26
s 3888 65 29
s 3889 89 49
s 3890 22 9
s 3891 86 46
s 3892 14 8
s 3893 44 22
s 3894 145 71
s 3895 58 31
s 3896 18 9
s 3897 7 4
s 3898 17 9
s 3899 22 10
s 3900 98 48
s 3901 2 2
s 3902 77 48
s 3903 19 9
s 3904 85 37
s 3905 7 4
s 3906 2 1
s 3907 70 39
s 3908 29 12
s 3909 65 31
s 3910 59 25
s 3911 189 95
s 3912 13 5
s 3913 3 1
s 3914 115 58
s 3915 60 28
s 3916 74 36
s 3917 10 6
s 3918 21 10
s 3919 38 18
s 3920 30 16
s 3921 20 8
s 3922 2 0
s 3923 77 44
s 3924 109 48
s 3925 174 79
s 3926 247 139
s 3927 141 72
s 3928 63 37
s 3929 7 2
s 3930 58 25
s 3931 54 29
s 3932 16 3
s 3933 67 40
s 3934 15 9
s 3935 16 9
s 3936 113 45
s 3937 42 16
s 3938 48 20
s 3939 12 4
s 3940 178 89
s 3941 104 43
s 3942 17 8
s 3943 6 5
s 3944 34 13
s 3945 89 42
s 3946 116 61
s 3947 88 42
s 3948 137 64
s 3949 32 14
s 3950 70 31
s 3951 56 32
s 3952 93 46
s 3953 19 10
s 3954 23 8
s 3959 182 93
s 3960 61 27
s 3961 92 42
s 3963 231 113
s 3966 56 33
s 3968 170 82
s 3969 66 29
s 3971 83 39
s 3975 118 58
s 3976 39 23
s 3977 40 24
s 3978 15 9
s 3985 36 16
s 3995 32 15
s 4113 17 10
s 4114 57 20
s 4115 22 4
s 4116 57 21
s 4117 61 27
s 4118 24 8
s 4119 8 4
s 4121 51 23
s 4122 129 48
s 4123 61 27
s 4124 45 19
s 4125 27 11
s 4126 61 31
s 4127 77 31
s 4128 7 2
s 4129 22 13
s 4130 7 5
s 4131 10 7
s 4132 48 22
s 4133 25 11
s 4134 16 8
s 4135 18 6
s 4136 6 2
s 4137 20 10
s 4138 25 8
s 4139 17 5
s 4140 21 11
s 4141 8 7
s 4142 26 13
s 4143 27 12
s 4144 79 44
s 4145 35 17
s 4146 28 9
s 4147 46 13
s 4148 8 4
s 4149 21 9
s 4150 145 74
s 4151 43 18
s 4152 14 1
s 4153 5 3
s 4154 11 5
s 4155 6 0
s 4156 50 26
s 4157 1 1
s 4158 34 17
s 4159 10 6
s 4160 54 27
s 4161 5 3
s 4162 2 2
s 4163 43 21
s 4164 25 9
s 4165 39 15
s 4166 54 27
s 4167 70 31
s 4168 15 8
s 4169 8 6
s 4170 43 20
s 4171 56 19
s 4172 20 8
s 4173 8 4
s 4174 16 10
s 4175 37 11
s 4176 21 11
s 4177 10 6
s 4178 6 1
s 4179 37 19
s 4180 40 17
s 4181 116 50
s 4182 123 65
s 4183 54 27
s 4184 36 17
s 4185 3 2
s 4186 31 16
s 4187 19 7
s 4188 4 0
s 4189 28 17
s 4190 20 7
s 4191 10 7
s 4192 47 28
s 4193 33 8
s 4194 30 14
s 4195 7 4
s 4196 65 33
s 4197 43 23
s 4198 10 6
s 4199 6 2
s 4200 12 6
s 4201 48 17
s 4202 32 16
s 4203 24 9
s 4204 48 21
s 4205 42 14
s 4206 27 14
s 4207 23 9
s 4208 61 30
s 4209 4 1
s 4210 12 5
s 4215 86 42
s 4216 28 14
s 4217 63 24
s 4219 127 52
s 4222 14 6
s 4224 98 40
s 4225 22 7
s 4227 59 28
s 4231 51 21
s 4232 7 5
s 4233 14 7
s 4234 23 8
s 4241 28 9
s 4251 23 7
s 4370 103 60
s 4371 88 35
s 4372 95 48
s 4373 176 100
s 4374 34 17
s 4375 24 10
s 4377 27 15
s 4378 240 102
s 4379 95 53
s 4380 123 61
s 4381 107 52
s 4382 113 51
s 4383 184 93
s 4384 5 3
s 4385 48 23
s 4386 3 3
s 4387 14 5
s 4388 114 54
s 4389 38 18
s 4390 33 24
s 4391 4 2
s 4392 10 4
s 4393 53 26
s 4394 49 27
s 4395 18 6
s 4396 26 13
s 4397 9 4
s 4398 48 23
s 4399 16 9
s 4400 162 74
s 4401 57 28
s 4402 37 21
s 4403 95 46
s 4404 2 1
s 4405 75 35
s 4406 276 133
s 4407 116 55
s 4408 37 17
s 4409 7 5
s 4410 20 12
s 4411 5 2
s 4412 188 74
s 4413 6 1
s 4414 105 66
s 4415 18 5
s 4416 103 53
s 4417 6 1
s 4418 9 4
s 4419 83 50
s 4420 26 16
s 4421 137 75
s 4422 88 39
s 4423 152 72
s 4424 27 9
s 4425 14 5
s 4426 15 8
s 4427 81 40
s 4428 7 2
s 4429 34 22
s 4430 27 17
s 4431 53 25
s 4432 72 34
s 4433 13 7
s 4434 2 1
s 4435 71 40
s 4436 95 34
s 4437 265 117
s 4438 258 146
s 4439 140 79
s 4440 61 36
s 4441 7 4
s 4442 101 57
s 4443 55 29
s 4444 7 2
s 4445 66 33
s 4446 28 15
s 4447 16 7
s 4448 135 72
s 4449 56 28
s 4450 90 39
s 4451 29 12
s 4452 145 86
s 4453 121 55
s 4454 15 5
s 4455 11 4
s 4456 48 21
s 4457 116 59
s 4458 8 7
s 4459 47 22
s 4460 214 109
s 4461 96 45
s 4462 71 39
s 4463 47 20
s 4464 149 84
s 4465 4 2
s 4466 19 12
s 4471 207 111
s 4472 20 9
s 4473 135 65
s 4475 320 154
s 4478 5 3
s 4480 190 90
s 4481 59 25
s 4483 133 54
s 4487 216 117
s 4488 19 9
s 4489 26 16
s 4490 29 13
s 4497 63 28
s 4507 84 45
s 4627 38 19
s 4628 141 61
s 4629 244 139
s 4630 96 43
s 4631 49 27
s 4633 329 159
s 4634 365 153
s 4635 174 83
s 4636 192 96
s 4637 178 81
s 4638 215 105
s 4639 324 159
s 4640 17 6
s 4641 82 55
s 4642 53 22
s 4643 71 21
s 4644 164 88
s 4645 53 25
s 4646 68 31
s 4647 122 67
s 4648 16 8
s 4649 1 0
s 4650 21 10
s 4651 77 34
s 4652 1 1
s 4653 26 14
s 4654 10 6
s 4655 103 56
s 4656 2 2
s 4657 221 122
s 4658 82 40
s 4659 108 61
s 4660 32 18
s 4661 44 28
s 4662 6 4
s 4663 218 118
s 4664 12 5
s 4665 11 2
s 4666 49 25
s 4667 37 21
s 4668 280 138
s 4669 6 4
s 4670 187 124
s 4671 17 9
s 4672 149 62
s 4673 34 18
s 4674 7 2
s 4675 3 0
s 4676 47 23
s 4677 196 106
s 4678 4 3
s 4679 256 128
s 4680 11 6
s 4681 5 3
s 4682 282 151
s 4683 148 74
s 4684 203 110
s 4685 49 23
s 4686 83 53
s 4687 90 45
s 4688 5 3
s 4689 10 5
s 4690 7 4
s 4691 52 32
s 4692 150 79
s 4693 302 145
s 4694 483 243
s 4695 270 134
s 4696 103 56
s 4698 145 89
s 4699 50 31
s 4700 21 14
s 4701 58 33
s 4703 1 0
s 4704 204 95
s 4705 153 72
s 4706 134 71
s 4707 39 16
s 4708 184 95
s 4709 174 84
s 4710 28 9
s 4711 12 7
s 4712 61 41
s 4713 239 136
s 4714 322 163
s 4715 213 126
s 4716 292 141
s 4717 2 2
s 4718 147 84
s 4719 107 46
s 4720 275 160
s 4721 27 10
s 4722 25 14
s 4727 368 212
s 4728 161 75
s 4729 191 103
s 4731 425 211
s 4734 110 61
s 4736 331 169
s 4737 97 50
s 4739 191 107
s 4743 366 194
s 4744 33 22
s 4745 47 27
s 4746 4 1
s 4753 23 12
s 4763 73 41
s 4884 91 37
s 4885 191 102
s 4886 47 19
s 4887 38 16
s 4889 288 144
s 4890 258 120
s 4891 121 55
s 4892 161 81
s 4893 111 55
s 4894 136 63
s 4895 189 94
s 4896 10 4
s 4897 70 45
s 4898 50 25
s 4899 53 26
s 4900 146 68
s 4901 42 20
s 4902 61 27
s 4903 72 31
s 4904 20 10
s 4905 19 7
s 4906 22 10
s 4907 63 21
s 4908 7 2
s 4909 27 16
s 4910 40 11
s 4911 71 39
s 4912 59 23
s 4913 115 61
s 4914 50 24
s 4915 107 45
s 4916 20 11
s 4917 62 29
s 4918 114 63
s 4919 156 77
s 4920 16 5
s 4921 12 6
s 4922 43 23
s 4923 23 13
s 4924 162 66
s 4925 7 4
s 4926 128 82
s 4927 24 15
s 4928 115 46
s 4929 22 11
s 4930 3 2
s 4931 45 23
s 4932 48 25
s 4933 165 78
s 4934 57 22
s 4935 150 76
s 4936 18 11
s 4937 9 3
s 4938 164 86
s 4939 100 48
s 4940 109 53
s 4941 46 28
s 4942 47 25
s 4943 89 38
s 4944 26 10
s 4945 4 1
s 4946 11 8
s 4947 74 40
s 4948 129 66
s 4949 295 154
s 4950 360 154
s 4951 171 79
s 4952 49 22
s 4953 4 2
s 4954 130 65
s 4955 75 41
s 4956 16 5
s 4957 69 33
s 4958 12 4
s 4959 11 6
s 4960 163 75
s 4961 76 37
s 4962 140 67
s 4963 33 13
s 4964 149 58
s 4965 86 35
s 4966 15 6
s 4967 10 4
s 4968 48 27
s 4969 176 87
s 4970 205 103
s 4971 118 63
s 4972 275 127
s 4973 48 15
s 4974 112 60
s 4975 83 44
s 4976 229 126
s 4977 25 13
s 4978 29 15
s 4983 281 153
s 4984 128 58
s 4985 130 64
s 4987 390 177
s 4990 68 31
s 4992 301 141
s 4993 77 34
s 4995 192 82
s 4999 282 145
s 5000 26 11
s 5001 47 22
s 5002 25 15
s 5009 40 21
s 5019 82 45
s 5141 229 109
s 5142 88 36
s 5143 71 30
s 5145 388 182
s 5146 357 136
s 5147 138 69
s 5148 313 130
s 5149 201 95
s 5150 173 77
s 5151 212 99
s 5152 26 13
s 5153 45 29
s 5154 73 29
s 5155 127 56
s 5156 204 103
s 5157 41 19
s 5158 64 32
s 5159 140 65
s 5160 25 13
s 5161 69 25
s 5162 94 41
s 5163 89 41
s 5164 54 32
s 5165 24 9
s 5166 77 28
s 5167 108 53
s 5168 176 78
s 5169 189 94
s 5170 51 23
s 5171 112 62
s 5172 21 9
s 5173 95 44
s 5174 384 191
s 5175 132 65
s 5176 62 26
s 5177 27 13
s 5178 20 10
s 5179 36 11
s 5180 309 138
s 5181 10 2
s 5182 101 61
s 5183 37 17
s 5184 150 72
s 5185 17 8
s 5186 7 4
s 5187 110 48
s 5188 59 18
s 5189 154 77
s 5190 158 69
s 5191 216 105
s 5192 32 12
s 5193 27 11
s 5194 315 157
s 5195 112 56
s 5196 188 96
s 5197 31 15
s 5198 52 22
s 5199 72 35
s 5200 62 33
s 5201 28 12
s 5202 19 9
s 5203 96 48
s 5204 164 69
s 5205 386 196
s 5206 412 198
s 5207 181 92
s 5208 81 41
s 5209 11 3
s 5210 129 74
s 5211 69 33
s 5212 32 15
s 5213 111 52
s 5214 45 19
s 5215 27 14
s 5216 257 109
s 5217 167 77
s 5218 143 70
s 5219 52 17
s 5220 262 127
s 5221 143 76
s 5222 34 14
s 5223 10 6
s 5224 97 53
s 5225 151 72
s 5226 282 137
s 5227 198 90
s 5228 377 182
s 5229 110 49
s 5230 119 61
s 5231 52 24
s 5232 129 71
s 5233 57 29
s 5234 53 30
s 5239 154 70
s 5240 176 86
s 5241 186 83
s 5243 298 151
s 5246 120 58
s 5248 350 147
s 5249 117 67
s 5251 141 77
s 5255 395 203
s 5256 55 26
s 5257 65 38
s 5258 44 22
s 5265 76 35
s 5275 62 31
s 5398 116 61
s 5399 103 52
s 5401 434 236
s 5402 585 267
s 5403 294 143
s 5404 359 186
s 5405 301 146
s 5406 304 150
s 5407 444 233
s 5408 31 14
s 5409 99 55
s 5410 76 39
s 5411 98 44
s 5412 335 169
s 5413 81 40
s 5414 96 49
s 5415 161 85
s 5416 33 18
s 5417 80 37
s 5418 96 53
s 5419 101 43
s 5420 57 27
s 5421 33 19
s 5422 93 41
s 5423 156 78
s 5424 242 136
s 5425 373 212
s 5426 86 42
s 5427 260 151
s 5428 54 28
s 5429 176 98
s 5430 589 322
s 5431 251 147
s 5432 66 30
s 5433 44 30
s 5434 64 38
s 5435 66 29
s 5436 447 255
s 5437 17 7
s 5438 205 143
s 5439 47 21
s 5440 238 136
s 5441 43 22
s 5442 8 4
s 5443 162 80
s 5444 70 29
s 5445 318 159
s 5446 177 87
s 5447 400 233
s 5448 52 30
s 5449 33 22
s 5450 361 188
s 5451 201 108
s 5452 250 145
s 5453 60 31
s 5454 117 61
s 5455 126 62
s 5456 108 56
s 5457 40 20
s 5458 21 15
s 5459 207 113
s 5460 310 149
s 5461 723 359
s 5462 581 301
s 5463 357 174
s 5464 138 84
s 5465 7 4
s 5466 167 107
s 5467 107 60
s 5468 33 21
s 5469 185 102
s 5470 42 20
s 5471 32 13
s 5472 400 212
s 5473 169 81
s 5474 270 135
s 5475 70 33
s 5476 566 297
s 5477 230 105
s 5478 44 21
s 5479 32 19
s 5480 125 65
s 5481 276 142
s 5482 455 244
s 5483 339 202
s 5484 539 234
s 5485 164 89
s 5486 187 108
s 5487 133 75
s 5488 362 218
s 5489 39 18
s 5490 70 36
s 5495 380 214
s 5496 275 147
s 5497 229 106
s 5499 563 272
s 5502 170 87
s 5504 498 247
s 5505 158 79
s 5507 286 164
s 5511 563 299
s 5512 89 51
s 5513 101 51
s 5514 51 23
s 5521 129 65
s 5531 146 88
s 5655 20 6
s 5657 106 59
s 5658 176 76
s 5659 94 43
s 5660 115 53
s 5661 98 50
s 5662 84 35
s 5663 113 62
s 5664 14 9
s 5665 22 15
s 5666 11 6
s 5667 44 25
s 5668 88 44
s 5669 38 17
s 5670 28 12
s 5671 37 17
s 5672 15 10
s 5673 41 22
s 5674 43 20
s 5675 22 10
s 5676 35 16
s 5677 10 4
s 5678 38 17
s 5679 29 15
s 5680 117 50
s 5681 58 36
s 5682 19 8
s 5683 63 31
s 5684 13 6
s 5685 53 23
s 5686 226 113
s 5687 48 20
s 5688 25 8
s 5689 13 5
s 5690 16 5
s 5691 19 13
s 5692 163 80
s 5693 8 2
s 5694 30 17
s 5695 28 10
s 5696 71 28
s 5697 8 4
s 5698 6 0
s 5699 88 45
s 5700 24 8
s 5701 91 42
s 5702 78 36
s 5703 121 59
s 5704 16 5
s 5705 18 7
s 5706 74 38
s 5707 61 19
s 5708 37 17
s 5709 17 10
s 5710 29 15
s 5711 27 12
s 5712 47 27
s 5713 14 9
s 5714 5 3
s 5715 66 43
s 5716 110 48
s 5717 175 81
s 5718 160 78
s 5719 103 53
s 5720 39 19
s 5721 6 2
s 5722 34 14
s 5723 32 11
s 5724 11 6
s 5725 69 35
s 5726 22 7
s 5727 13 5
s 5728 115 47
s 5729 72 23
s 5730 63 29
s 5731 34 17
s 5732 113 54
s 5733 41 19
s 5734 15 6
s 5735 3 1
s 5736 59 34
s 5737 63 27
s 5738 74 41
s 5739 62 35
s 5740 161 64
s 5741 55 22
s 5742 34 14
s 5743 33 14
s 5744 66 33
s 5745 15 5
s 5746 29 16
s 5751 74 35
s 5752 45 21
s 5753 65 33
s 5755 108 41
s 5758 31 19
s 5760 142 56
s 5761 49 23
s 5763 59 30
s 5767 159 86
s 5768 18 8
s 5769 28 7
s 5770 33 11
s 5777 36 22
s 5787 36 25
s 5913 85 47
s 5914 156 80
s 5915 80 45
s 5916 37 16
s 5917 24 13
s 5918 76 40
s 5919 123 65
s 5920 5 1
s 5921 16 7
s 5922 13 4
s 5923 30 13
s 5924 58 26
s 5925 26 15
s 5926 17 5
s 5927 24 12
s 5928 10 6
s 5929 23 11
s 5930 22 12
s 5931 14 10
s 5932 16 9
s 5933 13 5
s 5934 36 17
s 5935 31 16
s 5936 96 43
s 5937 45 26
s 5938 19 9
s 5939 44 22
s 5940 5 3
s 5941 43 21
s 5942 124 66
s 5943 34 21
s 5944 30 14
s 5945 9 5
s 5946 11 7
s 5947 1 1
s 5948 45 28
s 5949 3 2
s 5950 44 33
s 5951 22 12
s 5952 61 28
s 5953 10 6
s 5954 5 1
s 5955 39 23
s 5956 26 12
s 5957 43 25
s 5958 53 19
s 5959 81 44
s 5960 25 12
s 5961 10 2
s 5962 65 37
s 5963 39 13
s 5964 38 26
s 5965 4 3
s 5966 14 6
s 5967 48 21
s 5968 19 10
s 5969 10 3
s 5970 1 1
s 5971 50 33
s 5972 79 40
s 5973 100 47
s 5974 155 64
s 5975 83 39
s 5976 22 13
s 5977 6 3
s 5978 25 19
s 5979 26 16
s 5980 6 5
s 5981 32 22
s 5982 15 9
s 5983 7 4
s 5984 45 21
s 5985 39 18
s 5986 24 9
s 5987 12 5
s 5988 78 35
s 5989 50 20
s 5990 9 6
s 5991 5 3
s 5992 9 2
s 5993 46 21
s 5994 42 17
s 5995 51 30
s 5996 61 34
s 5997 55 29
s 5998 41 26
s 5999 34 14
s 6000 90 49
s 6001 14 8
s 6002 14 4
s 6007 91 51
s 6008 34 16
s 6009 68 32
s 6011 138 75
s 6014 31 17
s 6016 129 57
s 6017 28 10
s 6019 68 40
s 6023 71 38
s 6024 18 8
s 6025 16 6
s 6026 23 13
s 6033 23 12
s 6043 25 16
s 6426 770 346
s 6427 371 182
s 6428 385 181
s 6429 372 185
s 6430 371 178
s 6431 555 262
s 6432 27 9
s 6433 132 82
s 6434 13 6
s 6435 52 21
s 6436 273 138
s 6437 103 48
s 6438 111 67
s 6439 46 20
s 6440 38 23
s 6441 168 77
s 6442 138 75
s 6443 70 27
s 6444 123 61
s 6445 51 25
s 6446 155 72
s 6447 84 43
s 6448 443 204
s 6449 185 98
s 6450 111 60
s 6451 288 147
s 6452 12 8
s 6453 181 96
s 6454 746 408
s 6455 328 156
s 6456 97 53
s 6457 43 20
s 6458 73 37
s 6459 36 16
s 6460 550 284
s 6461 20 8
s 6462 272 174
s 6463 64 39
s 6464 313 153
s 6465 42 24
s 6466 19 10
s 6467 281 135
s 6468 100 49
s 6469 367 182
s 6470 247 115
s 6471 541 276
s 6472 67 24
s 6473 44 23
s 6474 105 44
s 6475 247 110
s 6476 40 19
s 6477 65 43
s 6478 111 51
s 6479 197 84
s 6480 150 60
s 6481 49 26
s 6482 21 8
s 6483 280 162
s 6484 366 171
s 6485 818 392
s 6486 822 438
s 6487 452 228
s 6488 180 91
s 6489 34 21
s 6490 114 68
s 6491 108 62
s 6492 36 17
s 6493 196 112
s 6494 93 48
s 6495 54 30
s 6496 629 305
s 6497 190 95
s 6498 279 134
s 6499 89 42
s 6500 679 354
s 6501 270 120
s 6502 67 23
s 6503 22 13
s 6504 165 93
s 6505 313 160
s 6506 93 46
s 6507 171 89
s 6508 745 352
s 6509 240 115
s 6510 207 120
s 6511 180 84
s 6512 469 253
s 6513 17 10
s 6514 72 35
s 6519 596 292
s 6520 114 48
s 6521 454 224
s 6523 847 401
s 6526 58 32
s 6528 516 249
s 6529 230 99
s 6531 398 205
s 6535 634 312
s 6536 68 29
s 6537 112 57
s 6538 81 32
s 6545 167 90
s 6555 125 67
s 6683 172 77
s 6684 571 269
s 6685 498 211
s 6686 245 110
s 6687 343 153
s 6688 59 24
s 6689 105 65
s 6690 140 59
s 6691 266 97
s 6692 523 244
s 6693 70 31
s 6694 162 79
s 6695 299 132
s 6696 49 18
s 6697 193 83
s 6698 191 94
s 6699 167 69
s 6700 145 62
s 6701 46 22
s 6702 222 91
s 6703 257 100
s 6704 497 255
s 6705 391 182
s 6706 103 42
s 6707 156 63
s 6708 95 43
s 6709 266 124
s 6710 1173 535
s 6711 300 146
s 6712 151 68
s 6713 51 18
s 6714 53 23
s 6715 81 31
s 6716 659 284
s 6717 29 16
s 6718 161 83
s 6719 102 44
s 6720 228 101
s 6721 37 17
s 6722 13 4
s 6723 330 137
s 6724 81 35
s 6725 378 170
s 6726 457 194
s 6727 396 179
s 6728 103 42
s 6729 59 35
s 6730 696 322
s 6731 254 110
s 6732 418 198
s 6733 61 34
s 6734 131 67
s 6735 136 67
s 6736 200 94
s 6737 76 31
s 6738 49 18
s 6739 168 72
s 6740 342 159
s 6741 837 389
s 6742 724 334
s 6743 288 133
s 6744 155 73
s 6745 33 16
s 6746 214 116
s 6747 157 71
s 6748 45 19
s 6749 346 164
s 6750 136 55
s 6751 84 37
s 6752 566 239
s 6753 315 128
s 6754 427 183
s 6755 152 64
s 6756 423 190
s 6757 270 127
s 6758 86 41
s 6759 20 11
s 6760 248 102
s 6761 230 98
s 6762 587 290
s 6763 360 165
s 6764 771 338
s 6765 326 161
s 6766 280 134
s 6767 143 63
s 6768 307 141
s 6769 94 42
s 6770 127 61
s 6775 256 116
s 6776 350 152
s 6777 332 145
s 6779 422 170
s 6782 274 130
s 6784 693 294
s 6785 354 148
s 6787 264 127
s 6791 918 443
s 6792 92 46
s 6793 136 68
s 6794 129 55
s 6801 224 106
s 6811 145 71
s 6940 234 111
s 6941 194 84
s 6942 97 43
s 6943 129 60
s 6944 27 15
s 6945 50 32
s 6946 101 58
s 6947 135 59
s 6948 252 129
s 6949 28 14
s 6950 67 36
s 6951 148 55
s 6952 16 1
s 6953 93 40
s 6954 117 59
s 6955 94 42
s 6956 91 40
s 6957 29 16
s 6958 96 48
s 6959 111 51
s 6960 220 108
s 6961 150 77
s 6962 35 18
s 6963 55 24
s 6964 42 16
s 6965 129 58
s 6966 474 229
s 6967 121 75
s 6968 67 31
s 6969 20 13
s 6970 16 4
s 6971 57 25
s 6972 326 138
s 6973 13 8
s 6974 64 41
s 6975 47 21
s 6976 83 41
s 6977 24 16
s 6978 8 6
s 6979 184 91
s 6980 57 27
s 6981 164 71
s 6982 280 109
s 6983 223 108
s 6984 39 14
s 6985 27 10
s 6986 369 198
s 6987 87 33
s 6988 192 85
s 6989 33 21
s 6990 74 33
s 6991 46 20
s 6992 78 48
s 6993 35 18
s 6994 19 10
s 6995 42 23
s 6996 117 46
s 6997 314 153
s 6998 374 189
s 6999 115 54
s 7000 77 36
s 7001 10 6
s 7002 118 62
s 7003 54 29
s 7004 26 15
s 7005 162 81
s 7006 49 15
s 7007 41 19
s 7008 228 99
s 7009 165 72
s 7010 178 73
s 7011 75 27
s 7012 159 68
s 7013 160 76
s 7014 32 11
s 7015 7 4
s 7016 118 57
s 7017 115 61
s 7018 254 132
s 7019 162 90
s 7020 403 191
s 7021 136 74
s 7022 143 69
s 7023 50 26
s 7024 93 51
s 7025 34 17
s 7026 71 33
s 7031 130 60
s 7032 135 73
s 7033 97 45
s 7035 218 105
s 7038 146 70
s 7040 333 160
s 7041 154 69
s 7043 94 45
s 7047 423 226
s 7048 41 16
s 7049 69 37
s 7050 57 30
s 7057 93 38
s 7067 46 25
s 7197 38 22
s 7198 238 120
s 7199 405 221
s 7200 26 16
s 7201 28 14
s 7202 61 33
s 7203 128 65
s 7204 180 90
s 7205 56 28
s 7206 32 19
s 7207 153 73
s 7208 25 13
s 7209 85 42
s 7210 60 33
s 7211 77 37
s 7212 90 45
s 7213 32 16
s 7214 168 80
s 7215 83 47
s 7216 259 132
s 7217 158 79
s 7218 86 53
s 7219 156 79
s 7220 40 19
s 7221 182 91
s 7222 625 331
s 7223 59 33
s 7224 106 51
s 7225 14 6
s 7226 31 15
s 7227 42 12
s 7228 68 32
s 7229 12 6
s 7230 138 69
s 7231 73 28
s 7232 192 95
s 7233 21 12
s 7234 8 3
s 7235 157 78
s 7236 55 29
s 7237 86 48
s 7238 183 95
s 7239 240 128
s 7240 57 26
s 7241 28 20
s 7242 311 176
s 7243 155 73
s 7244 173 84
s 7245 18 10
s 7246 32 22
s 7247 158 72
s 7248 113 63
s 7249 12 4
s 7250 21 12
s 7251 178 101
s 7252 265 119
s 7253 532 278
s 7254 639 328
s 7255 355 182
s 7256 72 43
s 7257 13 6
s 7258 140 82
s 7259 99 56
s 7260 26 13
s 7261 148 75
s 7262 63 30
s 7263 22 12
s 7264 76 31
s 7265 62 30
s 7266 74 38
s 7267 12 3
s 7268 433 229
s 7269 169 87
s 7270 35 16
s 7271 16 6
s 7272 19 8
s 7273 239 128
s 7274 307 158
s 7275 178 97
s 7276 125 55
s 7277 159 83
s 7278 166 73
s 7279 108 51
s 7280 338 177
s 7281 46 20
s 7282 49 25
s 7287 388 191
s 7288 212 114
s 7289 294 149
s 7291 634 297
s 7294 106 49
s 7296 473 232
s 7297 37 15
s 7299 280 153
s 7303 126 62
s 7304 56 29
s 7305 33 22
s 7306 50 22
s 7313 158 80
s 7323 57 29
s 7454 226 105
s 7455 310 137
s 7456 30 13
s 7457 18 14
s 7458 55 25
s 7459 107 45
s 7460 152 68
s 7461 65 29
s 7462 15 7
s 7463 110 52
s 7464 22 11
s 7465 59 21
s 7466 57 25
s 7467 52 20
s 7468 49 24
s 7469 20 12
s 7470 78 36
s 7471 82 37
s 7472 243 118
s 7473 133 76
s 7474 74 28
s 7475 126 68
s 7476 33 22
s 7477 114 56
s 7478 468 250
s 7479 4 1
s 7480 57 27
s 7481 20 9
s 7482 38 23
s 7483 30 10
s 7484 13 7
s 7485 8 4
s 7486 128 68
s 7487 52 20
s 7488 147 84
s 7489 22 12
s 7490 4 3
s 7491 146 68
s 7492 56 20
s 7493 14 3
s 7494 136 58
s 7495 184 90
s 7496 37 20
s 7497 30 16
s 7498 463 237
s 7499 129 66
s 7500 170 79
s 7501 2 1
s 7502 8 4
s 7503 106 45
s 7504 79 32
s 7505 15 6
s 7506 20 9
s 7507 107 59
s 7508 177 103
s 7509 325 153
s 7510 503 268
s 7511 236 121
s 7512 79 46
s 7513 14 8
s 7514 126 65
s 7515 81 44
s 7516 11 10
s 7517 135 74
s 7518 45 21
s 7519 24 12
s 7520 6 3
s 7521 30 11
s 7522 22 8
s 7523 9 3
s 7524 252 120
s 7525 136 67
s 7526 33 20
s 7527 17 8
s 7528 8 6
s 7529 176 87
s 7530 241 127
s 7531 135 72
s 7532 5 4
s 7533 138 68
s 7534 130 66
s 7535 100 50
s 7536 167 92
s 7537 36 14
s 7538 54 27
s 7543 284 137
s 7544 129 64
s 7545 151 67
s 7547 466 226
s 7550 101 54
s 7552 421 205
s 7553 9 3
s 7555 226 96
s 7559 28 14
s 7560 50 22
s 7561 19 12
s 7562 70 29
s 7569 79 38
s 7579 31 19
s 7711 117 49
s 7712 30 14
s 7713 63 35
s 7714 63 29
s 7715 121 53
s 7716 249 120
s 7717 23 9
s 7718 58 32
s 7719 168 70
s 7720 10 6
s 7721 95 43
s 7722 114 53
s 7723 86 37
s 7724 83 33
s 7725 19 10
s 7726 63 25
s 7727 111 51
s 7728 239 107
s 7729 209 113
s 7730 32 17
s 7731 69 36
s 7732 36 18
s 7733 107 44
s 7734 492 253
s 7735 155 86
s 7736 60 25
s 7737 18 8
s 7738 24 15
s 7739 45 23
s 7740 258 126
s 7741 10 6
s 7742 103 57
s 7743 38 19
s 7744 63 23
s 7745 25 14
s 7746 2 1
s 7747 196 94
s 7748 32 16
s 7749 196 82
s 7750 168 63
s 7751 236 128
s 7752 29 14
s 7753 33 18
s 7754 315 154
s 7755 73 23
s 7756 213 110
s 7757 28 16
s 7758 99 53
s 7759 59 28
s 7760 96 46
s 7761 50 25
s 7762 14 6
s 7763 13 7
s 7764 93 35
s 7765 222 101
s 7766 390 182
s 7767 71 31
s 7768 77 46
s 7769 23 14
s 7770 117 61
s 7771 62 27
s 7772 15 10
s 7773 160 74
s 7774 52 20
s 7775 33 17
s 7776 249 108
s 7777 136 52
s 7778 139 62
s 7779 63 29
s 7780 121 63
s 7781 125 54
s 7782 25 11
s 7783 9 2
s 7784 108 50
s 7785 134 73
s 7786 281 132
s 7787 201 112
s 7788 316 139
s 7789 130 70
s 7790 107 55
s 7791 48 19
s 7792 76 35
s 7793 44 20
s 7794 64 29
s 7799 210 100
s 7800 168 76
s 7801 111 43
s 7803 291 137
s 7806 118 61
s 7808 292 126
s 7809 120 58
s 7811 78 41
s 7815 318 156
s 7816 44 22
s 7817 72 35
s 7818 52 25
s 7825 152 78
s 7835 65 36
s 7968 62 28
s 7969 80 41
s 7970 98 46
s 7971 174 75
s 7972 360 191
s 7973 27 6
s 7974 92 44
s 7975 240 105
s 7976 10 3
s 7977 171 78
s 7978 183 92
s 7979 155 77
s 7980 131 67
s 7981 20 10
s 7982 140 56
s 7983 162 81
s 7984 384 188
s 7985 331 184
s 7986 27 11
s 7987 87 40
s 7988 68 35
s 7989 145 62
s 7990 815 417
s 7991 274 155
s 7992 84 40
s 7993 19 8
s 7994 26 13
s 7995 55 28
s 7996 510 256
s 7997 20 13
s 7998 194 116
s 7999 66 35
s 8000 92 49
s 8001 29 19
s 8002 8 1
s 8003 295 146
s 8004 36 10
s 8005 312 163
s 8006 319 144
s 8007 343 186
s 8008 48 21
s 8009 44 24
s 8010 432 218
s 8011 97 48
s 8012 310 156
s 8013 50 25
s 8014 89 39
s 8015 76 31
s 8016 147 78
s 8017 64 28
s 8018 28 15
s 8019 46 28
s 8020 129 68
s 8021 332 167
s 8022 569 278
s 8023 90 43
s 8024 105 49
s 8025 21 9
s 8026 165 90
s 8027 73 36
s 8028 38 22
s 8029 234 129
s 8030 87 44
s 8031 59 31
s 8032 393 205
s 8033 231 116
s 8034 237 114
s 8035 75 27
s 8036 235 120
s 8037 195 84
s 8038 35 18
s 8039 10 6
s 8040 155 85
s 8041 169 85
s 8042 415 211
s 8043 282 150
s 8044 513 230
s 8045 200 91
s 8046 161 79
s 8047 38 20
s 8048 89 47
s 8049 68 30
s 8050 80 36
s 8055 290 155
s 8056 234 112
s 8057 632 326
s 8059 439 205
s 8062 195 96
s 8064 413 198
s 8065 193 90
s 8067 140 73
s 8071 570 288
s 8072 76 36
s 8073 151 82
s 8074 62 22
s 8081 137 65
s 8091 77 47
s 8225 13 7
s 8226 5 2
s 8227 18 4
s 8228 23 13
s 8229 8 3
s 8230 8 3
s 8231 12 4
s 8232 4 1
s 8233 2 1
s 8234 15 9
s 8235 7 5
s 8236 3 2
s 8237 4 2
s 8238 6 3
s 8239 19 8
s 8240 13 11
s 8241 21 10
s 8242 5 3
s 8243 17 7
s 8244 4 2
s 8245 16 7
s 8246 35 20
s 8247 38 20
s 8248 3 1
s 8249 2 2
s 8250 5 2
s 8251 3 0
s 8252 30 17
s 8253 1 1
s 8254 17 8
s 8255 3 2
s 8256 17 6
s 8257 4 3
s 8258 4 2
s 8259 14 11
s 8260 12 4
s 8261 25 10
s 8262 14 7
s 8263 37 20
s 8264 5 1
s 8265 4 3
s 8266 26 10
s 8267 23 12
s 8268 10 6
s 8269 2 2
s 8270 10 5
s 8271 12 4
s 8272 7 4
s 8273 4 2
s 8274 3 1
s 8275 14 5
s 8276 32 15
s 8277 56 22
s 8278 55 23
s 8279 32 23
s 8280 11 5
s 8281 5 3
s 8282 14 7
s 8283 6 4
s 8284 1 1
s 8285 12 8
s 8286 9 5
s 8287 5 2
s 8288 26 14
s 8289 15 7
s 8290 18 5
s 8291 7 1
s 8292 27 13
s 8293 27 10
s 8294 4 1
s 8295 1 1
s 8296 9 4
s 8297 15 6
s 8298 17 9
s 8299 16 7
s 8300 50 21
s 8301 13 7
s 8302 23 12
s 8303 13 3
s 8304 20 12
s 8305 4 1
s 8306 7 4
s 8311 36 19
s 8312 11 4
s 8313 24 11
s 8315 53 28
s 8318 10 5
s 8320 30 12
s 8321 12 5
s 8323 21 13
s 8327 38 19
s 8328 6 4
s 8329 12 5
s 8330 5 1
s 8337 12 8
s 8347 4 2
s 8482 16 8
s 8483 25 17
s 8484 73 50
s 8485 20 14
s 8486 9 2
s 8487 33 18
s 8488 8 6
s 8489 17 12
s 8490 23 15
s 8491 16 8
s 8492 15 9
s 8493 10 8
s 8494 29 20
s 8495 30 16
s 8496 85 49
s 8497 92 64
s 8498 30 24
s 8499 88 51
s 8500 8 4
s 8501 79 57
s 8502 160 99
s 8503 12 7
s 8504 30 17
s 8505 8 3
s 8506 19 12
s 8507 12 6
s 8508 24 6
s 8509 4 2
s 8510 105 79
s 8511 13 7
s 8512 45 23
s 8513 4 2
s 8514 7 6
s 8515 44 21
s 8516 15 9
s 8517 26 18
s 8518 56 27
s 8519 137 84
s 8520 24 13
s 8521 16 9
s 8522 100 53
s 8523 35 16
s 8524 63 40
s 8525 11 7
s 8526 1 1
s 8527 21 11
s 8528 45 27
s 8529 7 2
s 8530 8 5
s 8531 65 43
s 8532 65 45
s 8533 122 81
s 8534 160 99
s 8535 78 49
s 8536 54 30
s 8537 6 2
s 8538 50 24
s 8539 42 24
s 8540 6 3
s 8541 55 34
s 8542 9 4
s 8543 6 4
s 8544 25 16
s 8545 29 18
s 8546 23 11
s 8547 5 2
s 8548 142 75
s 8549 30 18
s 8550 7 5
s 8551 7 5
s 8552 6 2
s 8553 70 46
s 8554 119 74
s 8555 115 72
s 8556 24 16
s 8557 49 31
s 8558 40 17
s 8559 35 27
s 8560 118 68
s 8561 10 6
s 8562 17 10
s 8567 128 88
s 8568 77 49
s 8569 50 29
s 8571 145 83
s 8574 43 24
s 8576 111 53
s 8577 6 2
s 8579 89 48
s 8583 28 20
s 8584 24 16
s 8585 11 8
s 8586 21 11
s 8593 55 39
s 8603 21 10
s 8739 10 3
s 8740 39 16
s 8741 17 12
s 8742 19 9
s 8743 1 0
s 8744 12 1
s 8745 28 8
s 8746 30 17
s 8747 8 2
s 8748 22 12
s 8749 6 4
s 8750 23 11
s 8751 10 6
s 8752 67 30
s 8753 33 19
s 8754 28 15
s 8755 44 19
s 8756 1 1
s 8757 34 19
s 8758 146 81
s 8759 77 42
s 8760 11 7
s 8761 12 5
s 8762 15 9
s 8763 5 0
s 8764 134 67
s 8765 2 0
s 8766 54 34
s 8767 19 10
s 8768 42 26
s 8769 3 2
s 8770 1 0
s 8771 51 24
s 8772 13 4
s 8773 54 28
s 8774 61 27
s 8775 110 59
s 8776 10 5
s 8777 15 11
s 8778 14 9
s 8779 41 21
s 8780 7 4
s 8781 9 4
s 8782 27 17
s 8783 52 32
s 8784 28 12
s 8785 9 7
s 8786 6 1
s 8787 43 20
s 8788 58 31
s 8789 157 66
s 8790 121 68
s 8791 83 37
s 8792 22 13
s 8793 2 1
s 8794 19 6
s 8795 17 6
s 8796 8 4
s 8797 34 17
s 8798 17 8
s 8799 11 6
s 8800 89 33
s 8801 42 17
s 8802 41 19
s 8803 22 10
s 8804 107 59
s 8805 46 20
s 8806 13 7
s 8807 7 3
s 8808 42 19
s 8809 66 33
s 8810 4 3
s 8811 29 12
s 8812 123 57
s 8813 42 21
s 8814 37 20
s 8815 35 18
s 8816 68 35
s 8817 6 0
s 8818 13 8
s 8823 75 39
s 8824 9 4
s 8825 93 53
s 8827 138 67
s 8830 5 3
s 8832 92 41
s 8833 42 19
s 8835 69 32
s 8839 105 55
s 8840 11 3
s 8841 18 15
s 8842 23 8
s 8849 35 16
s 8859 22 16
s 8996 104 48
s 8997 42 18
s 8998 35 16
s 8999 15 6
s 9000 15 11
s 9001 53 31
s 9002 71 29
s 9003 24 6
s 9004 32 9
s 9005 18 6
s 9006 31 14
s 9007 18 8
s 9008 82 30
s 9009 74 37
s 9010 44 17
s 9011 66 32
s 9012 7 4
s 9013 28 14
s 9014 235 124
s 9015 74 35
s 9016 18 8
s 9017 12 8
s 9018 15 9
s 9019 9 6
s 9020 147 58
s 9022 59 33
s 9023 29 13
s 9024 98 39
s 9025 12 7
s 9026 2 1
s 9027 74 32
s 9028 39 13
s 9029 99 50
s 9030 86 37
s 9031 154 77
s 9032 25 10
s 9033 13 8
s 9034 74 34
s 9035 93 40
s 9036 25 10
s 9037 12 6
s 9038 26 11
s 9039 48 27
s 9040 37 16
s 9041 15 7
s 9042 5 4
s 9043 59 21
s 9044 126 51
s 9045 223 112
s 9046 228 121
s 9047 132 61
s 9048 40 15
s 9049 7 3
s 9050 27 16
s 9051 41 17
s 9052 9 7
s 9053 71 32
s 9054 18 5
s 9055 19 10
s 9056 156 68
s 9057 71 26
s 9058 49 26
s 9059 34 13
s 9060 149 65
s 9061 89 44
s 9062 27 16
s 9063 7 3
s 9064 48 22
s 9065 86 48
s 9066 34 15
s 9067 49 28
s 9068 204 88
s 9069 49 16
s 9070 60 26
s 9071 51 23
s 9072 103 51
s 9073 7 1
s 9074 22 13
s 9079 104 43
s 9080 29 8
s 9081 119 57
s 9083 184 75
s 9086 22 11
s 9088 161 62
s 9089 85 34
s 9091 78 39
s 9095 175 82
s 9096 15 8
s 9097 20 10
s 9098 22 10
s 9105 32 17
s 9115 20 12
s 9253 67 34
s 9254 74 44
s 9255 82 37
s 9256 33 17
s 9257 85 41
s 9258 62 25
s 9259 54 19
s 9260 44 25
s 9261 20 12
s 9262 59 32
s 9263 84 41
s 9264 195 103
s 9265 187 106
s 9266 68 38
s 9267 214 118
s 9268 31 15
s 9269 148 76
s 9270 319 153
s 9271 163 89
s 9272 53 24
s 9273 29 22
s 9274 50 24
s 9275 31 17
s 9276 267 147
s 9277 14 9
s 9278 191 119
s 9279 51 26
s 9280 185 79
s 9281 32 18
s 9282 11 5
s 9283 109 54
s 9284 67 30
s 9285 198 97
s 9286 133 64
s 9287 412 222
s 9288 37 16
s 9289 22 10
s 9290 182 103
s 9291 170 72
s 9292 112 66
s 9293 30 22
s 9294 74 35
s 9295 111 52
s 9296 100 54
s 9297 41 21
s 9298 17 11
s 9299 181 108
s 9300 231 112
s 9301 452 208
s 9302 505 290
s 9303 264 142
s 9304 135 80
s 9305 10 6
s 9306 109 74
s 9307 88 41
s 9308 18 9
s 9309 164 90
s 9310 38 17
s 9311 29 12
s 9312 243 126
s 9313 125 60
s 9314 115 53
s 9315 37 16
s 9316 335 179
s 9317 190 92
s 9318 39 24
s 9319 16 8
s 9320 81 40
s 9321 205 98
s 9322 250 151
s 9323 206 118
s 9324 310 143
s 9325 113 59
s 9326 125 65
s 9327 111 48
s 9328 269 154
s 9329 30 16
s 9330 56 23
s 9335 365 189
s 9336 143 72
s 9337 215 101
s 9339 519 261
s 9342 91 43
s 9344 436 201
s 9345 102 48
s 9347 242 130
s 9351 367 195
s 9352 54 30
s 9353 80 47
s 9354 27 12
s 9361 84 51
s 9371 110 61
s 9510 13 7
s 9511 45 11
s 9512 2 1
s 9513 27 12
s 9514 30 11
s 9515 21 7
s 9516 19 9
s 9517 8 5
s 9518 19 9
s 9519 26 14
s 9520 90 42
s 9521 63 33
s 9522 8 3
s 9523 6 2
s 9524 12 6
s 9525 54 26
s 9526 128 64
s 9527 40 18
s 9528 14 3
s 9529 7 2
s 9530 5 2
s 9531 3 2
s 9532 77 30
s 9533 3 1
s 9534 28 15
s 9535 16 8
s 9536 25 7
s 9537 12 3
s 9538 6 1
s 9539 63 29
s 9540 2 0
s 9541 35 16
s 9542 55 31
s 9543 78 41
s 9544 15 8
s 9545 13 5
s 9546 67 31
s 9547 18 9
s 9548 45 25
s 9549 9 6
s 9550 20 7
s 9551 18 5
s 9552 18 7
s 9553 5 1
s 9554 4 1
s 9555 13 8
s 9556 30 12
s 9557 51 20
s 9558 97 46
s 9559 23 7
s 9560 22 10
s 9561 7 4
s 9562 38 19
s 9563 17 9
s 9564 6 6
s 9565 39 21
s 9566 12 5
s 9567 11 6
s 9568 63 30
s 9569 36 14
s 9570 35 11
s 9571 16 5
s 9572 39 21
s 9573 43 19
s 9574 3 0
s 9575 3 1
s 9576 27 13
s 9577 35 18
s 9578 71 33
s 9579 51 27
s 9580 104 47
s 9581 21 8
s 9582 34 18
s 9583 9 1
s 9584 13 6
s 9585 8 2
s 9586 7 1
s 9591 55 30
s 9592 40 15
s 9593 38 13
s 9595 75 29
s 9598 36 17
s 9600 72 34
s 9601 41 22
s 9603 19 7
s 9607 113 50
s 9608 9 7
s 9609 18 8
s 9610 16 8
s 9617 27 12
s 9627 15 9
s 9767 33 16
s 9768 11 5
s 9769 33 13
s 9770 15 6
s 9771 20 13
s 9772 15 7
s 9773 10 7
s 9774 45 22
s 9775 35 21
s 9776 88 51
s 9777 52 28
s 9778 18 7
s 9779 46 27
s 9780 9 6
s 9781 69 37
s 9782 116 58
s 9783 14 7
s 9784 20 13
s 9785 7 2
s 9786 14 10
s 9787 12 5
s 9788 20 10
s 9789 4 2
s 9790 46 34
s 9791 16 9
s 9792 70 42
s 9793 5 4
s 9794 4 2
s 9795 43 24
s 9796 17 5
s 9797 27 8
s 9798 65 32
s 9799 80 34
s 9800 13 8
s 9801 5 1
s 9802 77 42
s 9803 63 29
s 9804 35 22
s 9805 9 5
s 9806 9 4
s 9807 42 24
s 9808 48 24
s 9809 4 1
s 9810 2 1
s 9811 33 16
s 9812 85 47
s 9813 134 73
s 9814 176 92
s 9815 94 48
s 9816 22 10
s 9817 6 4
s 9818 119 65
s 9819 23 13
s 9820 9 4
s 9821 44 23
s 9822 20 8
s 9823 12 6
s 9824 22 10
s 9825 23 12
s 9826 24 13
s 9827 10 5
s 9828 117 61
s 9829 65 32
s 9830 15 6
s 9831 6 5
s 9832 8 6
s 9833 74 45
s 9834 110 59
s 9835 71 43
s 9836 41 18
s 9837 71 37
s 9838 51 31
s 9839 36 18
s 9840 94 50
s 9841 13 8
s 9842 20 8
s 9847 120 67
s 9848 69 30
s 9849 78 41
s 9851 175 96
s 9854 33 20
s 9856 131 66
s 9857 17 10
s 9859 89 33
s 9863 34 16
s 9864 22 8
s 9865 11 4
s 9866 17 9
s 9873 43 30
s 9883 18 12
s 10024 19 8
s 10025 78 36
s 10026 62 32
s 10027 19 9
s 10028 49 25
s 10029 17 7
s 10030 59 23
s 10031 24 12
s 10032 170 72
s 10033 50 31
s 10034 52 18
s 10035 99 45
s 10036 1 1
s 10037 61 26
s 10038 332 170
s 10039 108 55
s 10040 32 13
s 10041 12 7
s 10042 15 6
s 10043 10 4
s 10044 227 106
s 10045 5 1
s 10046 86 53
s 10047 29 15
s 10048 117 49
s 10049 11 4
s 10050 5 3
s 10051 116 61
s 10052 47 19
s 10053 114 59
s 10054 115 47
s 10055 195 101
s 10056 19 8
s 10057 28 17
s 10058 23 13
s 10059 104 50
s 10060 11 1
s 10061 17 10
s 10062 40 19
s 10063 50 22
s 10064 50 23
s 10065 21 11
s 10066 2 0
s 10067 73 35
s 10068 165 73
s 10069 271 130
s 10070 338 160
s 10071 190 86
s 10072 64 31
s 10073 12 7
s 10074 29 15
s 10075 29 16
s 10076 6 3
s 10077 71 33
s 10078 43 15
s 10079 22 15
s 10080 176 92
s 10081 67 33
s 10082 84 38
s 10083 35 11
s 10084 183 87
s 10085 111 56
s 10086 25 10
s 10087 5 2
s 10088 67 38
s 10089 107 55
s 10090 13 6
s 10091 45 31
s 10092 247 97
s 10093 93 51
s 10094 87 40
s 10095 64 33
s 10096 125 68
s 10097 5 1
s 10098 34 19
s 10103 192 76
s 10104 34 18
s 10105 116 55
s 10107 293 138
s 10110 9 4
s 10112 203 88
s 10113 109 39
s 10115 125 55
s 10119 216 107
s 10120 25 18
s 10121 30 21
s 10122 42 20
s 10129 43 12
s 10139 42 22
s 10281 12 1
s 10282 18 9
s 10283 11 7
s 10284 17 8
s 10285 3 2
s 10286 14 10
s 10287 34 16
s 10288 28 16
s 10289 14 8
s 10290 6 2
s 10291 15 9
s 10292 5 2
s 10293 17 10
s 10294 58 25
s 10295 21 10
s 10296 5 4
s 10297 3 2
s 10298 1 0
s 10299 15 9
s 10300 34 10
s 10301 3 2
s 10302 10 4
s 10303 9 4
s 10304 6 2
s 10305 4 1
s 10306 2 2
s 10307 17 10
s 10308 9 1
s 10309 21 11
s 10310 20 11
s 10311 25 16
s 10312 3 1
s 10313 6 1
s 10314 32 20
s 10315 10 4
s 10316 21 13
s 10317 4 3
s 10318 9 5
s 10319 2 1
s 10320 12 7
s 10321 3 3
s 10322 3 1
s 10323 9 5
s 10324 18 8
s 10325 26 13
s 10326 37 20
s 10327 20 14
s 10328 9 5
s 10329 2 1
s 10330 12 3
s 10331 14 7
s 10332 4 1
s 10333 25 17
s 10334 4 1
s 10335 3 1
s 10336 28 12
s 10337 30 12
s 10338 20 11
s 10339 6 2
s 10340 30 15
s 10341 14 6
s 10342 6 3
s 10343 3 1
s 10344 17 11
s 10345 10 5
s 10346 38 18
s 10347 25 11
s 10348 30 12
s 10349 11 6
s 10350 15 9
s 10351 10 6
s 10352 12 3
s 10353 8 5
s 10354 13 4
s 10359 15 8
s 10360 30 13
s 10361 17 7
s 10363 35 19
s 10366 20 9
s 10368 46 20
s 10369 24 13
s 10371 13 4
s 10375 39 30
s 10376 14 7
s 10377 9 4
s 10378 11 6
s 10385 19 7
s 10395 12 4
s 10538 16 9
s 10539 30 14
s 10540 2 1
s 10541 12 8
s 10542 4 1
s 10543 46 31
s 10544 6 4
s 10545 61 32
s 10546 21 12
s 10547 51 19
s 10548 19 9
s 10549 23 7
s 10550 1 0
s 10551 64 32
s 10552 11 4
s 10553 6 4
s 10554 17 9
s 10555 10 4
s 10556 123 50
s 10557 1 1
s 10558 34 19
s 10559 10 5
s 10560 94 48
s 10561 12 6
s 10562 1 1
s 10563 3 0
s 10564 41 21
s 10565 64 30
s 10566 1 0
s 10567 115 50
s 10568 5 0
s 10569 4 2
s 10570 269 135
s 10571 70 32
s 10572 76 41
s 10573 12 5
s 10574 27 9
s 10575 29 19
s 10576 3 2
s 10577 2 0
s 10578 3 1
s 10579 40 21
s 10580 76 33
s 10581 161 73
s 10582 231 117
s 10583 105 45
s 10584 38 26
s 10586 37 21
s 10587 13 6
s 10588 13 8
s 10589 9 5
s 10590 2 2
s 10591 2 1
s 10592 104 53
s 10593 56 21
s 10594 74 27
s 10595 17 5
s 10596 82 35
s 10597 117 49
s 10598 18 4
s 10599 10 7
s 10600 30 11
s 10601 73 39
s 10602 101 49
s 10603 59 16
s 10604 141 71
s 10605 1 1
s 10606 102 57
s 10607 33 15
s 10608 86 45
s 10609 18 6
s 10610 6 3
s 10615 110 50
s 10616 46 19
s 10617 84 35
s 10619 178 78
s 10622 45 20
s 10624 283 120
s 10625 38 18
s 10627 79 35
s 10631 158 82
s 10632 19 10
s 10633 28 16
s 10634 2 0
s 10641 9 3
s 10651 35 24
s 10795 37 19
s 10796 11 5
s 10797 12 3
s 10798 11 6
s 10799 52 24
s 10800 37 19
s 10801 75 40
s 10802 24 8
s 10803 35 10
s 10804 8 7
s 10805 40 21
s 10806 52 26
s 10807 34 13
s 10808 16 8
s 10809 8 5
s 10810 15 9
s 10811 10 6
s 10812 62 29
s 10813 4 2
s 10814 43 27
s 10815 10 7
s 10816 71 39
s 10817 5 2
s 10818 4 3
s 10819 29 14
s 10820 37 9
s 10821 30 16
s 10822 28 9
s 10823 95 46
s 10824 7 1
s 10825 6 5
s 10826 128 56
s 10827 58 25
s 10828 100 47
s 10829 13 9
s 10830 23 11
s 10831 29 14
s 10832 9 2
s 10833 14 5
s 10834 8 5
s 10835 25 14
s 10836 73 35
s 10837 139 54
s 10838 194 103
s 10839 109 59
s 10840 36 13
s 10841 1 0
s 10842 45 27
s 10843 15 5
s 10844 10 4
s 10845 27 13
s 10846 7 4
s 10847 5 3
s 10848 55 22
s 10849 44 23
s 10850 35 20
s 10851 21 10
s 10852 74 35
s 10853 88 43
s 10854 17 5
s 10855 2 0
s 10856 33 15
s 10857 65 32
s 10858 84 38
s 10859 53 27
s 10860 79 39
s 10861 9 5
s 10862 60 31
s 10863 43 18
s 10864 69 37
s 10865 19 12
s 10866 11 6
s 10871 101 49
s 10872 57 30
s 10873 108 53
s 10875 177 86
s 10878 38 19
s 10880 175 79
s 10881 32 18
s 10883 58 27
s 10887 116 60
s 10888 19 10
s 10889 14 7
s 10890 13 4
s 10897 15 12
s 10907 19 11
s 11052 27 10
s 11053 10 5
s 11054 32 7
s 11055 24 8
s 11056 93 53
s 11057 55 25
s 11058 21 9
s 11059 76 32
s 11060 8 4
s 11061 60 24
s 11062 190 89
s 11063 50 28
s 11064 23 12
s 11065 10 5
s 11066 8 2
s 11067 9 4
s 11068 76 36
s 11069 4 2
s 11070 63 41
s 11071 15 7
s 11072 73 35
s 11073 10 5
s 11074 1 1
s 11075 61 32
s 11076 27 8
s 11077 45 26
s 11078 73 40
s 11079 168 87
s 11080 21 7
s 11081 6 1
s 11082 41 21
s 11083 53 19
s 11084 33 20
s 11085 5 3
s 11086 24 12
s 11087 44 14
s 11088 30 13
s 11089 19 8
s 11090 7 4
s 11091 58 36
s 11092 84 40
s 11093 160 67
s 11094 196 97
s 11095 118 60
s 11096 40 24
s 11097 9 5
s 11098 21 9
s 11099 22 12
s 11100 9 4
s 11101 56 30
s 11102 18 7
s 11103 11 3
s 11104 73 42
s 11105 41 20
s 11106 44 21
s 11107 13 4
s 11108 153 70
s 11109 67 32
s 11110 11 4
s 11111 3 3
s 11112 26 12
s 11113 53 32
s 11114 49 32
s 11115 57 29
s 11116 105 38
s 11117 65 36
s 11118 42 15
s 11119 40 21
s 11120 81 45
s 11121 9 3
s 11122 10 6
s 11127 99 44
s 11128 46 19
s 11129 67 26
s 11131 143 70
s 11134 25 11
s 11136 132 59
s 11137 41 19
s 11139 75 36
s 11143 112 50
s 11144 21 12
s 11145 19 10
s 11146 17 8
s 11153 34 17
s 11163 18 9
s 11309 14 8
s 11310 3 1
s 11311 32 21
s 11312 3 1
s 11313 44 28
s 11314 21 12
s 11315 27 17
s 11316 9 5
s 11317 13 4
s 11318 5 3
s 11319 40 23
s 11320 1 0
s 11321 10 6
s 11322 8 4
s 11323 12 2
s 11324 86 39
s 11325 3 3
s 11326 29 15
s 11327 8 4
s 11328 38 17
s 11329 4 2
s 11330 1 0
s 11331 3 0
s 11332 19 8
s 11333 42 21
s 11334 2 1
s 11335 72 36
s 11336 3 1
s 11337 11 1
s 11338 99 55
s 11339 52 27
s 11340 55 27
s 11341 5 2
s 11342 21 12
s 11343 23 14
s 11344 2 1
s 11345 5 2
s 11346 9 5
s 11347 19 8
s 11348 52 24
s 11349 102 51
s 11350 146 83
s 11351 81 41
s 11352 31 16
s 11354 30 19
s 11355 9 2
s 11356 7 3
s 11357 8 6
s 11360 70 37
s 11361 78 36
s 11362 40 20
s 11363 15 4
s 11364 53 24
s 11365 42 23
s 11366 14 6
s 11367 4 2
s 11368 34 11
s 11369 42 22
s 11370 70 41
s 11371 37 17
s 11372 100 43
s 11373 2 1
s 11374 56 32
s 11375 38 15
s 11376 58 29
s 11377 13 6
s 11378 3 1
s 11383 58 25
s 11384 46 23
s 11385 87 35
s 11387 110 49
s 11390 36 20
s 11392 126 56
s 11393 38 22
s 11395 44 25
s 11399 86 34
s 11400 16 5
s 11401 22 7
s 11409 6 2
s 11419 15 9
s 11566 18 7
s 11567 14 7
s 11568 37 18
s 11569 29 15
s 11570 4 2
s 11571 16 10
s 11572 12 9
s 11573 22 12
s 11574 56 25
s 11575 18 7
s 11576 7 3
s 11577 4 1
s 11579 5 2
s 11580 36 21
s 11581 4 2
s 11582 9 8
s 11583 6 1
s 11584 44 30
s 11586 3 1
s 11587 21 9
s 11588 2 0
s 11589 25 14
s 11590 19 11
s 11591 29 19
s 11592 2 0
s 11593 7 2
s 11594 46 22
s 11595 10 5
s 11596 23 13
s 11597 7 5
s 11598 8 6
s 11599 6 4
s 11600 14 8
s 11601 6 2
s 11602 3 1
s 11603 12 8
s 11604 22 8
s 11605 34 20
s 11606 37 16
s 11607 17 9
s 11608 16 8
s 11609 1 0
s 11610 10 7
s 11611 8 7
s 11612 3 2
s 11613 28 17
s 11614 5 0
s 11615 4 3
s 11616 42 20
s 11617 20 5
s 11618 13 7
s 11619 9 3
s 11620 27 14
s 11621 15 9
s 11622 4 3
s 11623 1 1
s 11624 11 7
s 11625 21 13
s 11626 31 22
s 11627 18 8
s 11628 36 15
s 11629 19 11
s 11630 7 3
s 11631 8 6
s 11632 11 3
s 11633 7 3
s 11634 9 4
s 11639 19 7
s 11640 15 8
s 11641 14 7
s 11643 41 20
s 11646 14 9
s 11648 38 17
s 11649 15 6
s 11651 14 4
s 11655 42 28
s 11656 7 5
s 11657 11 7
s 11658 10 6
s 11665 17 11
s 11675 11 5
s 11823 34 20
s 11824 17 6
s 11825 98 51
s 11826 30 12
s 11827 73 38
s 11828 12 7
s 11829 37 19
s 11830 16 7
s 11831 100 47
s 11832 7 3
s 11833 7 2
s 11834 19 7
s 11835 16 7
s 11836 133 66
s 11837 5 2
s 11838 77 47
s 11839 10 6
s 11840 80 35
s 11841 11 6
s 11842 6 3
s 11843 5 0
s 11844 22 10
s 11845 73 33
s 11846 15 7
s 11847 112 52
s 11848 7 3
s 11849 7 3
s 11850 126 46
s 11851 70 31
s 11852 75 33
s 11853 19 9
s 11854 25 11
s 11855 44 17
s 11856 8 1
s 11857 6 1
s 11858 8 3
s 11859 53 27
s 11860 123 62
s 11861 197 91
s 11862 270 137
s 11863 126 64
s 11864 36 19
s 11865 4 2
s 11866 84 49
s 11867 35 16
s 11868 11 6
s 11869 18 9
s 11870 2 0
s 11871 8 6
s 11872 105 41
s 11873 56 29
s 11874 61 28
s 11875 21 11
s 11876 154 72
s 11877 68 30
s 11878 11 7
s 11879 8 3
s 11880 38 12
s 11881 107 47
s 11882 127 65
s 11883 97 51
s 11884 187 79
s 11885 8 4
s 11886 64 32
s 11887 43 22
s 11888 125 69
s 11889 15 5
s 11890 14 2
s 11895 119 67
s 11896 77 35
s 11897 72 33
s 11899 226 102
s 11902 65 29
s 11904 201 87
s 11905 70 36
s 11907 87 33
s 11911 188 86
s 11912 29 12
s 11913 22 10
s 11914 5 3
s 11921 14 3
s 11931 43 26
s 12080 125 64
s 12081 90 52
s 12082 35 19
s 12083 86 46
s 12084 8 5
s 12085 65 35
s 12086 222 94
s 12087 78 45
s 12088 36 15
s 12089 8 5
s 12090 11 6
s 12091 10 6
s 12092 101 47
s 12093 4 1
s 12094 103 57
s 12095 24 8
s 12096 116 60
s 12097 13 7
s 12098 4 3
s 12099 77 41
s 12100 38 19
s 12101 94 54
s 12102 83 48
s 12103 189 91
s 12104 16 6
s 12105 14 8
s 12106 46 25
s 12107 88 39
s 12108 24 15
s 12109 14 9
s 12110 32 16
s 12111 37 12
s 12112 51 26
s 12113 23 12
s 12114 3 3
s 12115 71 34
s 12116 124 52
s 12117 239 125
s 12118 226 117
s 12119 133 69
s 12120 56 30
s 12121 6 5
s 12122 36 21
s 12123 39 27
s 12124 13 6
s 12125 63 36
s 12126 25 13
s 12127 11 6
s 12128 123 52
s 12129 55 17
s 12130 59 28
s 12131 30 11
s 12132 172 88
s 12133 87 39
s 12134 20 14
s 12135 9 3
s 12136 29 19
s 12137 98 52
s 12138 67 35
s 12139 85 47
s 12140 172 79
s 12141 68 30
s 12142 49 22
s 12143 45 19
s 12144 122 68
s 12145 8 3
s 12146 21 9
s 12151 155 84
s 12152 49 25
s 12153 99 53
s 12155 232 107
s 12158 26 14
s 12160 150 66
s 12161 57 32
s 12163 110 49
s 12167 152 64
s 12168 26 12
s 12169 23 12
s 12170 29 14
s 12177 51 24
s 12187 34 25
s 12337 258 154
s 12338 83 40
s 12339 176 86
s 12340 33 16
s 12341 60 25
s 12342 4 1
s 12343 260 145
s 12344 13 9
s 12345 34 17
s 12346 54 25
s 12347 39 14
s 12348 406 209
s 12349 19 11
s 12350 174 111
s 12351 26 18
s 12352 169 92
s 12353 40 22
s 12354 13 9
s 12355 2 1
s 12356 52 23
s 12357 256 124
s 12358 8 4
s 12359 363 188
s 12360 15 9
s 12361 21 12
s 12362 340 179
s 12363 163 71
s 12364 206 108
s 12365 52 27
s 12366 71 40
s 12367 166 76
s 12368 13 9
s 12369 15 6
s 12370 15 9
s 12371 203 114
s 12372 339 176
s 12373 574 294
s 12374 661 345
s 12375 282 143
s 12376 128 70
s 12377 2 0
s 12378 194 118
s 12379 101 49
s 12380 39 22
s 12381 75 48
s 12382 3 2
s 12383 1 0
s 12384 310 136
s 12385 153 69
s 12386 196 95
s 12387 54 18
s 12388 355 189
s 12389 203 95
s 12390 40 20
s 12391 24 15
s 12392 86 40
s 12393 255 127
s 12394 441 271
s 12395 248 128
s 12396 442 189
s 12397 2 0
s 12398 171 75
s 12399 122 53
s 12400 311 153
s 12401 40 15
s 12402 28 17
s 12407 364 201
s 12408 227 112
s 12409 230 111
s 12411 574 290
s 12414 163 85
s 12416 500 238
s 12417 163 82
s 12419 294 146
s 12423 449 251
s 12424 66 30
s 12425 96 54
s 12426 5 2
s 12433 44 24
s 12443 104 58
s 12594 82 39
s 12595 115 62
s 12596 22 14
s 12597 140 76
s 12598 464 266
s 12599 195 123
s 12600 55 24
s 12601 21 9
s 12602 59 32
s 12603 20 12
s 12604 195 103
s 12605 19 13
s 12606 198 125
s 12607 36 17
s 12608 182 105
s 12609 20 12
s 12610 12 8
s 12611 148 78
s 12612 56 24
s 12613 195 109
s 12614 151 87
s 12615 257 152
s 12616 46 22
s 12617 23 9
s 12618 138 80
s 12619 124 48
s 12620 109 53
s 12621 28 12
s 12622 68 38
s 12623 98 54
s 12624 97 54
s 12625 18 10
s 12626 11 7
s 12627 97 55
s 12628 164 95
s 12629 404 221
s 12630 524 291
s 12631 297 156
s 12632 110 64
s 12633 19 8
s 12634 114 72
s 12635 88 52
s 12636 19 15
s 12637 141 82
s 12638 54 26
s 12639 36 22
s 12640 165 88
s 12641 73 35
s 12642 133 68
s 12643 29 16
s 12644 285 153
s 12645 188 85
s 12646 23 15
s 12647 10 7
s 12648 46 27
s 12649 264 161
s 12650 107 57
s 12651 103 47
s 12652 251 115
s 12653 145 79
s 12654 136 81
s 12655 120 64
s 12656 321 195
s 12657 23 9
s 12658 49 32
s 12663 375 212
s 12664 77 38
s 12665 260 137
s 12667 579 298
s 12670 48 28
s 12672 342 173
s 12673 59 34
s 12675 276 172
s 12679 348 213
s 12680 46 31
s 12681 62 32
s 12682 60 32
s 12689 88 43
s 12699 83 53
s 12851 33 13
s 12852 15 6
s 12853 87 49
s 12854 174 82
s 12855 57 31
s 12856 18 10
s 12857 2 0
s 12858 8 5
s 12859 19 10
s 12860 99 46
s 12861 12 9
s 12862 54 33
s 12863 10 4
s 12864 18 12
s 12865 13 4
s 12867 82 40
s 12868 14 3
s 12869 56 29
s 12870 68 33
s 12871 64 32
s 12872 7 3
s 12873 14 6
s 12874 122 63
s 12875 20 9
s 12876 62 31
s 12877 14 9
s 12878 33 14
s 12879 15 7
s 12880 36 15
s 12881 14 5
s 12882 8 5
s 12883 10 4
s 12884 41 12
s 12885 67 27
s 12886 132 71
s 12887 22 6
s 12888 25 15
s 12889 8 6
s 12890 54 31
s 12891 24 12
s 12892 20 10
s 12893 58 26
s 12894 15 5
s 12895 8 6
s 12896 99 40
s 12897 56 25
s 12898 59 27
s 12899 24 7
s 12900 48 19
s 12901 50 22
s 12902 4 3
s 12903 6 3
s 12904 34 24
s 12905 66 28
s 12906 116 49
s 12907 70 36
s 12908 97 41
s 12909 60 30
s 12910 30 16
s 12911 7 4
s 12912 20 9
s 12913 25 12
s 12914 18 8
s 12919 67 38
s 12920 89 37
s 12921 30 14
s 12923 137 68
s 12926 36 20
s 12928 100 46
s 12929 22 12
s 12931 26 10
s 12935 117 59
s 12936 27 15
s 12937 37 16
s 12938 22 7
s 12945 40 20
s 12955 22 14
s 13108 21 8
s 13109 140 67
s 13110 258 132
s 13111 253 143
s 13112 50 26
s 13113 16 8
s 13114 18 8
s 13115 26 10
s 13116 138 70
s 13117 3 2
s 13118 26 17
s 13119 24 11
s 13120 55 27
s 13121 17 10
s 13122 1 1
s 13123 82 47
s 13124 28 13
s 13125 106 49
s 13126 74 33
s 13127 46 17
s 13128 32 15
s 13129 11 4
s 13130 182 93
s 13131 50 27
s 13132 101 55
s 13133 27 18
s 13134 45 27
s 13135 44 21
s 13136 63 28
s 13137 12 5
s 13138 16 6
s 13139 17 11
s 13140 41 20
s 13141 117 51
s 13142 298 168
s 13143 85 47
s 13144 20 12
s 13145 7 4
s 13146 114 65
s 13147 55 38
s 13148 17 5
s 13149 78 44
s 13150 33 16
s 13151 10 6
s 13152 167 75
s 13153 48 24
s 13154 120 64
s 13155 22 12
s 13156 36 24
s 13157 72 41
s 13158 12 7
s 13159 7 4
s 13160 44 21
s 13161 85 49
s 13162 211 105
s 13163 144 77
s 13164 273 118
s 13165 109 59
s 13166 80 54
s 13167 36 20
s 13168 109 63
s 13169 19 12
s 13170 32 17
s 13175 158 79
s 13176 151 73
s 13177 62 28
s 13179 221 95
s 13182 91 43
s 13184 247 116
s 13185 70 33
s 13187 100 63
s 13191 244 131
s 13192 29 19
s 13193 48 28
s 13194 46 19
s 13201 74 38
s 13211 58 33
s 13365 29 14
s 13366 96 40
s 13367 41 26
s 13368 5 4
s 13369 4 1
s 13370 5 3
s 13371 2 1
s 13372 53 25
s 13373 3 1
s 13374 23 13
s 13375 6 5
s 13376 40 23
s 13377 5 2
s 13378 2 0
s 13379 29 17
s 13380 10 6
s 13381 35 16
s 13382 37 18
s 13383 62 31
s 13384 12 9
s 13385 9 3
s 13386 15 7
s 13387 26 12
s 13388 10 6
s 13389 7 2
s 13390 6 3
s 13391 19 12
s 13392 16 8
s 13393 3 1
s 13394 1 0
s 13395 28 17
s 13396 34 17
s 13397 84 43
s 13398 73 34
s 13399 46 25
s 13400 13 8
s 13401 1 0
s 13402 14 10
s 13403 88 54
s 13404 8 3
s 13405 24 13
s 13406 7 3
s 13407 7 5
s 13408 54 26
s 13409 29 16
s 13410 21 5
s 13411 13 9
s 13412 46 23
s 13413 32 17
s 13414 13 6
s 13415 3 1
s 13416 16 10
s 13417 25 12
s 13418 11 9
s 13419 15 6
s 13420 68 28
s 13421 26 12
s 13422 21 14
s 13423 10 5
s 13424 42 22
s 13425 9 4
s 13426 8 1
s 13431 53 30
s 13432 9 2
s 13433 28 13
s 13435 81 35
s 13438 6 2
s 13440 60 30
s 13441 31 16
s 13443 41 23
s 13447 80 42
s 13448 15 8
s 13449 10 6
s 13450 10 5
s 13457 10 8
s 13467 21 13
s 13622 121 49
s 13623 133 63
s 13624 19 6
s 13625 10 3
s 13626 36 14
s 13627 30 12
s 13628 170 77
s 13629 18 9
s 13630 165 93
s 13631 26 12
s 13632 119 54
s 13633 18 11
s 13634 8 6
s 13635 48 21
s 13636 30 17
s 13637 153 71
s 13638 56 29
s 13639 231 114
s 13640 14 9
s 13641 12 5
s 13642 166 87
s 13643 83 29
s 13644 78 40
s 13645 37 27
s 13646 53 31
s 13647 68 34
s 13648 32 14
s 13649 9 3
s 13650 12 9
s 13651 104 55
s 13652 185 84
s 13653 269 119
s 13654 308 163
s 13655 126 64
s 13656 56 30
s 13657 9 5
s 13658 79 42
s 13659 48 20
s 13660 12 3
s 13661 58 35
s 13662 8 2
s 13663 9 4
s 13664 185 86
s 13665 64 28
s 13666 116 48
s 13667 26 9
s 13668 283 145
s 13669 102 51
s 13670 19 11
s 13671 9 3
s 13672 47 17
s 13673 156 87
s 13674 216 107
s 13675 129 64
s 13676 303 144
s 13677 39 23
s 13678 81 40
s 13679 40 14
s 13680 196 101
s 13681 23 12
s 13682 35 17
s 13687 244 119
s 13688 131 73
s 13689 96 44
s 13691 337 144
s 13694 65 33
s 13696 239 116
s 13697 70 32
s 13699 153 89
s 13703 215 103
s 13704 50 23
s 13705 49 35
s 13706 27 15
s 13713 42 21
s 13723 74 44
s 13879 497 295
s 13880 25 10
s 13881 42 24
s 13882 83 46
s 13883 81 33
s 13884 700 357
s 13885 29 12
s 13886 366 222
s 13887 46 25
s 13888 416 223
s 13889 52 30
s 13890 21 10
s 13891 3 2
s 13892 146 76
s 13893 496 243
s 13894 14 6
s 13895 709 380
s 13896 36 15
s 13897 28 11
s 13898 681 388
s 13899 322 149
s 13900 422 232
s 13901 89 62
s 13902 149 71
s 13903 265 121
s 13904 16 5
s 13905 28 15
s 13906 18 10
s 13907 219 124
s 13908 353 191
s 13909 918 458
s 13910 1136 618
s 13911 619 320
s 13912 208 125
s 13913 2 0
s 13914 296 173
s 13915 119 63
s 13916 61 39
s 13917 110 60
s 13918 2 2
s 13919 3 1
s 13920 568 260
s 13921 289 148
s 13922 417 204
s 13923 89 42
s 13924 518 285
s 13925 362 174
s 13926 68 27
s 13927 29 17
s 13928 210 99
s 13929 473 255
s 13930 602 293
s 13931 432 227
s 13932 746 368
s 13933 3 2
s 13934 313 174
s 13935 234 130
s 13936 714 398
s 13937 99 45
s 13938 52 27
s 13943 711 351
s 13944 477 250
s 13945 568 302
s 13947 1063 524
s 13950 308 150
s 13952 978 495
s 13953 267 136
s 13955 545 293
s 13959 794 405
s 13960 114 55
s 13961 178 98
s 13962 14 8
s 13969 72 31
s 13979 135 73
s 14136 64 35
s 14137 12 5
s 14138 34 11
s 14139 42 22
s 14140 15 8
s 14141 17 10
s 14142 534 342
s 14143 32 12
s 14144 173 88
s 14145 18 7
s 14146 8 5
s 14147 123 72
s 14148 43 28
s 14149 22 7
s 14150 157 88
s 14151 703 386
s 14152 34 13
s 14153 24 14
s 14154 244 151
s 14155 111 57
s 14156 168 101
s 14157 3 1
s 14158 2 0
s 14159 89 42
s 14160 104 56
s 14161 15 8
s 14162 17 9
s 14163 122 71
s 14164 144 83
s 14165 291 152
s 14166 338 171
s 14167 252 133
s 14168 157 95
s 14169 18 10
s 14170 130 72
s 14171 66 40
s 14172 6 3
s 14173 145 95
s 14174 58 25
s 14175 27 15
s 14176 12 7
s 14177 35 20
s 14178 33 14
s 14179 9 4
s 14180 354 192
s 14181 95 48
s 14182 25 10
s 14183 14 12
s 14184 7 3
s 14185 162 84
s 14186 356 199
s 14187 264 152
s 14188 12 7
s 14189 183 93
s 14190 103 52
s 14191 76 42
s 14192 284 158
s 14193 30 14
s 14194 44 25
s 14199 232 114
s 14200 165 88
s 14201 148 88
s 14203 385 193
s 14206 121 60
s 14208 289 153
s 14209 7 1
s 14211 202 101
s 14215 25 16
s 14216 63 37
s 14217 35 19
s 14218 45 20
s 14225 116 59
s 14235 31 20
s 14393 10 4
s 14394 12 8
s 14395 4 2
s 14396 87 46
s 14397 2 2
s 14398 49 23
s 14399 4 2
s 14400 56 24
s 14401 14 4
s 14402 2 1
s 14403 12 7
s 14404 17 8
s 14405 64 30
s 14406 7 3
s 14407 107 51
s 14408 8 5
s 14409 5 3
s 14410 81 41
s 14411 42 19
s 14412 53 23
s 14413 11 5
s 14414 24 10
s 14415 29 14
s 14416 3 1
s 14417 8 3
s 14418 5 2
s 14419 52 29
s 14420 78 43
s 14421 151 74
s 14422 154 73
s 14423 56 25
s 14424 36 19
s 14425 2 1
s 14426 34 12
s 14427 16 6
s 14428 12 6
s 14429 20 10
s 14430 4 2
s 14431 4 1
s 14432 108 58
s 14433 26 10
s 14434 31 11
s 14435 18 9
s 14436 128 66
s 14437 38 18
s 14438 9 6
s 14439 6 5
s 14440 33 19
s 14441 88 46
s 14442 110 61
s 14443 86 39
s 14444 130 54
s 14445 8 2
s 14446 55 34
s 14447 36 13
s 14448 89 51
s 14449 11 3
s 14450 13 7
s 14455 95 49
s 14456 71 37
s 14457 56 28
s 14459 152 62
s 14462 37 14
s 14464 110 55
s 14465 29 13
s 14467 72 33
s 14471 116 59
s 14472 23 12
s 14473 22 12
s 14474 7 5
s 14481 10 2
s 14491 33 18
s 14650 3 2
s 14651 5 2
s 14652 22 11
s 14653 2 0
s 14654 7 2
s 14655 2 1
s 14656 12 6
s 14657 3 1
s 14658 2 0
s 14659 19 10
s 14660 5 1
s 14661 13 6
s 14662 17 8
s 14663 18 10
s 14664 5 2
s 14665 5 3
s 14666 37 21
s 14667 14 5
s 14668 23 16
s 14669 1 0
s 14670 7 4
s 14671 4 2
s 14672 8 2
s 14673 2 2
s 14674 5 3
s 14675 3 3
s 14676 16 7
s 14677 15 7
s 14678 65 36
s 14679 15 11
s 14680 8 4
s 14681 3 0
s 14682 13 8
s 14683 12 5
s 14684 2 0
s 14685 13 5
s 14686 10 5
s 14687 3 2
s 14688 16 6
s 14689 13 7
s 14690 6 3
s 14691 2 0
s 14692 22 10
s 14693 11 6
s 14694 2 0
s 14695 1 1
s 14696 13 8
s 14697 12 8
s 14698 23 10
s 14699 20 10
s 14700 22 12
s 14701 11 4
s 14702 10 0
s 14703 8 4
s 14704 11 8
s 14705 4 3
s 14706 6 1
s 14711 24 12
s 14712 16 10
s 14713 16 8
s 14715 31 15
s 14718 15 8
s 14720 41 16
s 14721 7 2
s 14723 15 7
s 14727 29 14
s 14728 5 3
s 14729 8 6
s 14730 6 5
s 14737 2 0
s 14747 4 2
s 14907 7 2
s 14908 39 17
s 14909 5 3
s 14910 38 25
s 14911 5 3
s 14912 16 11
s 14913 9 7
s 14914 3 2
s 14915 26 17
s 14916 3 2
s 14917 53 32
s 14918 28 11
s 14919 38 23
s 14920 6 3
s 14921 11 7
s 14922 65 31
s 14923 15 6
s 14924 37 21
s 14925 12 6
s 14926 13 10
s 14927 7 1
s 14928 21 15
s 14929 5 3
s 14930 3 2
s 14931 16 8
s 14932 16 10
s 14933 38 19
s 14934 67 37
s 14935 26 15
s 14936 14 7
s 14937 2 2
s 14938 25 9
s 14939 14 9
s 14940 8 4
s 14941 36 24
s 14942 5 2
s 14943 9 5
s 14944 61 25
s 14945 24 14
s 14946 28 9
s 14947 10 4
s 14948 35 16
s 14949 29 14
s 14950 2 1
s 14951 1 1
s 14952 15 8
s 14953 27 13
s 14954 76 39
s 14955 57 30
s 14956 71 33
s 14957 33 14
s 14958 15 8
s 14959 6 1
s 14960 15 7
s 14961 6 2
s 14962 13 7
s 14967 68 37
s 14968 53 24
s 14969 20 12
s 14971 67 31
s 14974 24 10
s 14976 50 32
s 14977 22 7
s 14979 25 13
s 14983 72 42
s 14984 11 8
s 14985 24 16
s 14986 10 7
s 14993 25 13
s 15003 25 15
s 15164 56 22
s 15165 4 2
s 15166 36 22
s 15167 11 5
s 15168 29 16
s 15169 3 2
s 15170 7 4
s 15171 21 6
s 15172 11 4
s 15173 37 15
s 15174 31 16
s 15175 67 33
s 15176 4 1
s 15177 8 2
s 15178 17 9
s 15179 28 13
s 15180 12 6
s 15181 7 6
s 15182 8 3
s 15183 28 12
s 15184 23 10
s 15185 8 4
s 15186 2 1
s 15187 23 10
s 15188 41 21
s 15189 90 37
s 15190 95 35
s 15191 46 10
s 15192 12 6
s 15193 5 4
s 15194 11 5
s 15195 22 8
s 15196 6 5
s 15197 29 15
s 15198 6 1
s 15199 3 2
s 15200 47 18
s 15201 21 14
s 15202 32 15
s 15203 8 2
s 15204 69 38
s 15205 40 19
s 15206 6 4
s 15207 1 1
s 15208 19 7
s 15209 44 21
s 15210 13 8
s 15211 16 10
s 15212 68 29
s 15213 28 13
s 15214 23 9
s 15215 30 17
s 15216 54 31
s 15217 4 1
s 15218 14 3
s 15223 57 31
s 15224 18 5
s 15225 29 16
s 15227 88 35
s 15230 7 4
s 15232 58 24
s 15233 24 7
s 15235 33 12
s 15239 76 37
s 15240 7 4
s 15241 20 15
s 15242 7 2
s 15249 15 9
s 15259 13 8
s 15421 19 10
s 15422 185 119
s 15423 62 29
s 15424 228 116
s 15425 30 18
s 15426 10 5
s 15427 249 118
s 15428 70 26
s 15429 39 18
s 15430 255 118
s 15431 358 190
s 15432 50 21
s 15433 35 14
s 15434 392 201
s 15435 249 118
s 15436 245 134
s 15437 6 3
s 15438 20 8
s 15439 148 68
s 15440 124 62
s 15441 18 11
s 15442 28 15
s 15443 163 85
s 15444 239 110
s 15445 546 279
s 15446 701 362
s 15447 386 196
s 15448 104 48
s 15449 16 8
s 15450 206 119
s 15451 163 90
s 15452 21 10
s 15453 177 94
s 15454 90 45
s 15455 34 17
s 15456 21 10
s 15457 74 36
s 15458 68 34
s 15459 14 8
s 15460 407 202
s 15461 205 71
s 15462 39 10
s 15463 16 10
s 15464 10 7
s 15465 266 137
s 15466 414 198
s 15467 233 120
s 15468 29 9
s 15469 167 77
s 15470 33 13
s 15471 148 65
s 15472 357 188
s 15473 72 35
s 15474 57 25
s 15479 447 229
s 15480 196 97
s 15481 376 191
s 15483 688 320
s 15486 147 83
s 15488 550 273
s 15489 8 5
s 15491 310 158
s 15495 15 9
s 15496 72 42
s 15497 39 21
s 15498 80 35
s 15505 154 62
s 15515 45 25
s 15678 14 8
s 15679 4 0
s 15680 11 4
s 15681 2 1
s 15682 1 0
s 15683 5 2
s 15684 8 3
s 15685 12 8
s 15686 17 10
s 15687 21 9
s 15688 3 0
s 15689 1 0
s 15690 18 11
s 15691 11 5
s 15692 3 2
s 15693 4 3
s 15694 4 2
s 15695 10 5
s 15696 6 4
s 15698 4 1
s 15699 14 5
s 15700 15 9
s 15701 43 27
s 15702 30 22
s 15703 18 8
s 15704 9 5
s 15705 1 0
s 15706 10 6
s 15707 10 7
s 15708 4 2
s 15709 10 5
s 15710 2 0
s 15712 22 8
s 15713 13 8
s 15714 3 2
s 15715 6 3
s 15716 19 11
s 15717 16 7
s 15718 2 0
s 15719 2 1
s 15720 6 3
s 15721 17 10
s 15722 18 14
s 15723 9 3
s 15724 16 6
s 15725 14 9
s 15726 16 8
s 15727 6 2
s 15728 29 15
s 15729 6 1
s 15730 4 2
s 15735 27 10
s 15736 7 4
s 15737 15 9
s 15739 49 25
s 15742 2 2
s 15744 23 13
s 15745 6 4
s 15747 11 6
s 15751 25 12
s 15752 7 4
s 15753 1 0
s 15754 5 2
s 15761 7 5
s 15771 7 5
s 15935 16 5
s 15936 102 63
s 15937 32 22
s 15938 9 6
s 15939 119 63
s 15940 25 17
s 15941 138 90
s 15942 102 56
s 15943 41 21
s 15944 21 9
s 15945 17 10
s 15946 217 136
s 15947 46 31
s 15948 140 80
s 15949 36 25
s 15950 49 33
s 15951 51 28
s 15952 88 57
s 15953 21 16
s 15954 10 5
s 15955 63 47
s 15956 83 53
s 15957 158 90
s 15958 107 67
s 15959 181 111
s 15960 12 7
s 15961 14 10
s 15962 88 53
s 15963 71 48
s 15964 16 9
s 15965 123 73
s 15966 33 17
s 15967 25 17
s 15968 201 117
s 15969 61 35
s 15970 126 68
s 15971 29 9
s 15972 97 60
s 15973 62 34
s 15974 11 4
s 15975 5 3
s 15976 34 19
s 15977 100 66
s 15978 286 169
s 15979 122 79
s 15980 241 127
s 15981 113 69
s 15982 65 44
s 15983 72 45
s 15984 230 149
s 15985 29 17
s 15986 38 22
s 15991 100 49
s 15992 160 95
s 15993 79 49
s 15995 159 102
s 15998 94 59
s 16000 187 111
s 16001 51 31
s 16003 128 82
s 16007 239 152
s 16008 29 15
s 16009 58 38
s 16010 30 19
s 16017 92 52
s 16027 53 33
s 16192 23 8
s 16193 6 3
s 16195 12 8
s 16196 14 3
s 16197 29 19
s 16198 17 8
s 16199 37 19
s 16200 10 7
s 16201 5 2
s 16202 65 27
s 16203 32 13
s 16204 33 17
s 16205 8 4
s 16206 12 4
s 16207 15 5
s 16208 11 5
s 16209 6 3
s 16211 25 12
s 16212 47 19
s 16213 84 37
s 16214 78 37
s 16215 49 31
s 16216 23 12
s 16217 3 2
s 16218 22 11
s 16219 19 11
s 16220 5 3
s 16221 21 10
s 16222 13 6
s 16223 3 2
s 16224 47 20
s 16225 30 15
s 16226 41 18
s 16227 22 6
s 16228 64 31
s 16229 16 7
s 16230 10 8
s 16231 6 4
s 16232 20 9
s 16233 25 13
s 16234 61 34
s 16235 43 19
s 16236 78 36
s 16237 15 9
s 16238 26 19
s 16239 12 7
s 16240 28 12
s 16241 11 4
s 16242 14 3
s 16247 52 30
s 16248 24 6
s 16249 47 21
s 16251 65 28
s 16254 29 13
s 16256 72 32
s 16257 28 15
s 16259 39 20
s 16263 77 44
s 16264 11 6
s 16265 8 6
s 16266 8 2
s 16273 19 7
s 16283 13 7
s 16449 28 13
s 16450 5 4
s 16451 103 51
s 16452 23 11
s 16453 147 73
s 16454 150 66
s 16455 180 88
s 16456 34 20
s 16457 35 17
s 16458 235 124
s 16459 53 24
s 16460 148 70
s 16461 36 24
s 16462 68 35
s 16463 59 33
s 16464 79 36
s 16465 20 7
s 16466 13 9
s 16467 37 16
s 16468 86 42
s 16469 190 93
s 16470 333 178
s 16471 70 28
s 16472 71 36
s 16473 15 6
s 16474 87 46
s 16475 43 26
s 16476 22 7
s 16477 142 77
s 16478 49 28
s 16479 17 11
s 16480 200 88
s 16481 115 52
s 16482 121 46
s 16483 42 17
s 16484 134 65
s 16485 78 42
s 16486 20 7
s 16487 6 4
s 16488 73 41
s 16489 81 44
s 16490 246 144
s 16491 158 82
s 16492 316 141
s 16493 133 67
s 16494 97 43
s 16495 37 17
s 16496 57 26
s 16497 34 17
s 16498 62 30
s 16503 154 82
s 16504 164 72
s 16505 52 25
s 16507 229 104
s 16510 115 55
s 16512 270 124
s 16513 125 52
s 16515 77 39
s 16519 285 154
s 16520 30 12
s 16521 53 25
s 16522 35 13
s 16529 82 40
s 16539 49 27
s 16706 4 3
s 16707 19 11
s 16708 6 3
s 16709 20 12
s 16710 19 10
s 16711 32 19
s 16712 7 5
s 16713 8 4
s 16714 28 21
s 16715 22 9
s 16716 9 3
s 16717 5 2
s 16718 7 4
s 16719 8 1
s 16720 19 10
s 16721 5 3
s 16722 4 4
s 16723 19 15
s 16724 31 16
s 16725 55 32
s 16726 82 54
s 16727 34 21
s 16728 17 6
s 16729 2 1
s 16730 16 12
s 16731 11 4
s 16732 3 2
s 16733 20 9
s 16734 5 1
s 16735 7 4
s 16736 28 9
s 16737 13 6
s 16738 17 8
s 16739 4 1
s 16740 61 32
s 16741 16 9
s 16742 5 3
s 16744 8 4
s 16745 28 17
s 16746 26 9
s 16747 19 8
s 16748 38 20
s 16749 31 16
s 16750 14 11
s 16751 11 7
s 16752 37 19
s 16753 2 0
s 16754 7 6
s 16759 26 15
s 16760 31 15
s 16761 22 12
s 16763 43 16
s 16766 9 6
s 16768 41 21
s 16769 10 9
s 16771 30 17
s 16775 38 23
s 16776 15 5
s 16777 12 8
s 16778 8 4
s 16785 17 6
s 16795 23 13
s 16963 6 3
s 16964 5 1
s 16965 11 6
s 16966 3 2
s 16967 5 2
s 16969 2 0
s 16970 10 5
s 16971 2 1
s 16972 4 3
s 16973 6 6
s 16974 5 4
s 16975 8 2
s 16976 5 3
s 16977 2 2
s 16978 6 2
s 16979 4 0
s 16980 6 4
s 16981 11 2
s 16982 17 12
s 16983 11 2
s 16984 6 3
s 16986 4 3
s 16987 16 6
s 16988 3 1
s 16989 6 3
s 16990 5 2
s 16992 10 5
s 16993 9 5
s 16994 9 7
s 16995 3 1
s 16996 10 6
s 16997 10 5
s 16998 3 1
s 17000 7 4
s 17001 8 1
s 17002 13 5
s 17003 12 7
s 17004 15 10
s 17005 14 10
s 17006 3 0
s 17007 7 0
s 17008 6 4
s 17009 7 3
s 17010 5 2
s 17015 6 3
s 17016 4 1
s 17017 9 1
s 17019 11 7
s 17022 8 4
s 17024 15 10
s 17025 2 2
s 17027 8 2
s 17031 13 4
s 17032 4 1
s 17033 3 3
s 17034 2 1
s 17041 4 3
s 17051 7 3
s 17220 47 21
s 17221 140 82
s 17222 4 1
s 17223 231 130
s 17224 9 5
s 17225 7 2
s 17226 224 123
s 17227 115 50
s 17228 143 70
s 17229 23 8
s 17230 51 26
s 17231 69 31
s 17232 7 2
s 17233 13 6
s 17234 11 5
s 17235 79 47
s 17236 93 46
s 17237 351 181
s 17238 342 184
s 17239 202 103
s 17240 65 33
s 17241 1 0
s 17242 105 42
s 17243 46 26
s 17244 14 6
s 17245 30 16
s 17246 1 0
s 17247 4 1
s 17248 182 102
s 17249 107 47
s 17250 98 36
s 17251 40 18
s 17252 130 62
s 17253 126 68
s 17254 27 12
s 17255 14 6
s 17256 80 48
s 17257 147 61
s 17258 215 112
s 17259 140 73
s 17260 313 131
s 17261 1 0
s 17262 120 60
s 17263 86 39
s 17264 211 120
s 17265 40 20
s 17266 13 7
s 17271 226 99
s 17272 123 56
s 17273 187 83
s 17275 382 195
s 17278 93 46
s 17280 318 147
s 17281 114 48
s 17283 174 95
s 17287 304 166
s 17288 30 13
s 17289 63 34
s 17290 6 3
s 17297 21 8
s 17307 52 34
s 17477 44 22
s 17478 41 18
s 17479 80 38
s 17480 9 0
s 17481 8 6
s 17482 74 31
s 17483 21 8
s 17484 51 21
s 17485 7 5
s 17486 12 8
s 17487 12 6
s 17488 15 6
s 17489 19 9
s 17490 4 4
s 17491 13 5
s 17492 39 18
s 17493 49 18
s 17494 103 51
s 17495 31 14
s 17496 22 10
s 17497 5 2
s 17498 33 19
s 17499 19 8
s 17500 9 3
s 17501 36 15
s 17502 17 7
s 17503 5 3
s 17504 75 34
s 17505 54 23
s 17506 39 17
s 17507 15 4
s 17508 57 24
s 17509 19 8
s 17510 8 3
s 17511 1 1
s 17512 27 14
s 17513 37 12
s 17514 71 39
s 17515 48 22
s 17516 107 43
s 17517 39 16
s 17518 38 16
s 17519 11 3
s 17520 20 10
s 17521 13 9
s 17522 18 8
s 17527 49 27
s 17528 44 13
s 17529 27 8
s 17531 89 36
s 17534 29 12
s 17536 105 47
s 17537 53 21
s 17539 31 13
s 17543 101 40
s 17544 15 4
s 17545 26 12
s 17546 28 15
s 17553 26 8
s 17563 8 5
s 17734 149 71
s 17735 233 127
s 17736 27 14
s 17737 28 19
s 17738 267 140
s 17739 126 60
s 17740 175 94
s 17741 6 3
s 17742 21 14
s 17743 119 58
s 17744 106 49
s 17745 18 11
s 17746 21 6
s 17747 131 81
s 17748 179 89
s 17749 376 188
s 17750 536 293
s 17751 222 107
s 17752 96 60
s 17753 12 7
s 17754 144 79
s 17755 72 38
s 17756 8 4
s 17757 143 82
s 17758 40 16
s 17759 31 17
s 17760 38 17
s 17761 56 30
s 17762 47 27
s 17763 11 5
s 17764 240 119
s 17765 153 69
s 17766 19 5
s 17767 10 7
s 17768 11 5
s 17769 208 117
s 17770 375 196
s 17771 189 89
s 17772 37 16
s 17773 156 78
s 17774 110 55
s 17775 77 42
s 17776 316 172
s 17777 30 15
s 17778 52 21
s 17783 361 199
s 17784 188 95
s 17785 484 227
s 17787 546 259
s 17790 131 68
s 17792 358 149
s 17793 11 6
s 17795 230 115
s 17799 53 32
s 17800 55 29
s 17801 30 20
s 17802 64 36
s 17809 119 64
s 17819 45 22
s 17991 231 122
s 17992 13 8
s 17993 12 5
s 17994 284 136
s 17995 132 57
s 17996 147 78
s 17997 24 14
s 17998 71 33
s 17999 73 35
s 18000 12 3
s 18001 13 4
s 18002 9 2
s 18003 49 33
s 18004 150 70
s 18005 254 120
s 18006 399 195
s 18007 228 121
s 18008 85 45
s 18010 80 42
s 18011 46 22
s 18012 22 9
s 18013 21 11
s 18014 4 2
s 18015 3 1
s 18016 199 94
s 18017 137 57
s 18018 117 43
s 18019 29 12
s 18020 169 81
s 18021 146 65
s 18022 27 9
s 18023 6 3
s 18024 96 50
s 18025 156 88
s 18026 219 106
s 18027 147 77
s 18028 264 123
s 18029 5 3
s 18030 108 49
s 18031 87 36
s 18032 164 82
s 18033 37 18
s 18034 17 8
s 18039 223 110
s 18040 126 71
s 18041 232 114
s 18043 321 159
s 18046 85 45
s 18048 367 158
s 18049 117 46
s 18051 161 82
s 18055 294 129
s 18056 41 27
s 18057 69 45
s 18058 2 2
s 18065 21 6
s 18075 37 17
s 18248 45 20
s 18249 28 14
s 18250 375 203
s 18251 195 93
s 18252 249 143
s 18253 42 24
s 18254 67 39
s 18255 70 30
s 18256 127 73
s 18257 38 20
s 18258 34 17
s 18259 101 58
s 18260 171 82
s 18261 381 185
s 18262 349 187
s 18263 351 195
s 18264 45 19
s 18265 23 15
s 18266 153 100
s 18267 168 100
s 18268 40 19
s 18269 232 128
s 18270 73 34
s 18271 38 19
s 18272 243 112
s 18273 100 41
s 18274 211 99
s 18275 82 37
s 18276 151 72
s 18277 143 73
s 18278 39 15
s 18279 17 12
s 18280 103 58
s 18281 132 69
s 18282 361 177
s 18283 198 100
s 18284 347 182
s 18285 175 71
s 18286 178 97
s 18287 137 65
s 18288 257 151
s 18289 56 33
s 18290 87 50
s 18295 182 95
s 18296 202 97
s 18297 200 98
s 18299 252 119
s 18302 166 87
s 18304 460 223
s 18305 118 63
s 18307 175 88
s 18311 552 285
s 18312 59 33
s 18313 78 52
s 18314 95 47
s 18321 124 68
s 18331 63 41
s 18505 9 8
s 18506 49 28
s 18507 27 16
s 18508 26 12
s 18509 11 5
s 18510 18 12
s 18511 19 11
s 18512 6 1
s 18513 4 2
s 18514 4 3
s 18515 18 8
s 18516 48 19
s 18517 70 30
s 18518 92 45
s 18519 52 23
s 18520 18 11
s 18521 2 1
s 18522 27 12
s 18523 44 22
s 18524 5 4
s 18525 23 9
s 18526 4 0
s 18527 1 0
s 18528 40 21
s 18529 20 10
s 18530 28 13
s 18531 11 4
s 18532 69 29
s 18533 21 10
s 18534 6 1
s 18535 6 1
s 18536 25 16
s 18537 30 15
s 18538 67 33
s 18539 37 22
s 18540 73 34
s 18541 9 3
s 18542 20 11
s 18543 12 8
s 18544 36 24
s 18545 13 5
s 18546 6 5
s 18551 46 27
s 18552 39 20
s 18553 36 12
s 18555 57 20
s 18558 28 15
s 18560 97 43
s 18561 45 22
s 18563 29 18
s 18567 81 34
s 18568 14 7
s 18569 14 7
s 18570 3 2
s 18577 14 4
s 18587 19 12
s 18762 38 24
s 18763 26 12
s 18764 20 15
s 18765 5 4
s 18766 11 6
s 18767 12 6
s 18768 13 5
s 18769 1 0
s 18770 6 2
s 18771 6 5
s 18772 31 12
s 18773 54 24
s 18774 80 44
s 18775 30 13
s 18776 11 4
s 18777 2 1
s 18778 25 14
s 18779 13 6
s 18780 4 1
s 18781 15 7
s 18782 6 1
s 18783 2 1
s 18784 51 28
s 18785 19 7
s 18786 22 10
s 18787 19 10
s 18788 27 15
s 18789 31 16
s 18790 6 2
s 18791 2 1
s 18792 9 4
s 18793 35 19
s 18794 40 22
s 18795 19 8
s 18796 57 26
s 18797 3 1
s 18798 21 11
s 18799 13 6
s 18800 36 18
s 18801 10 4
s 18802 7 4
s 18807 49 26
s 18808 24 16
s 18809 35 21
s 18811 63 31
s 18814 19 12
s 18816 41 19
s 18817 23 11
s 18819 36 14
s 18823 45 16
s 18824 13 5
s 18825 27 16
s 18826 3 2
s 18833 6 3
s 18843 9 3
s 19019 177 82
s 19020 28 13
s 19021 39 20
s 19022 81 45
s 19023 166 82
s 19024 128 67
s 19025 44 18
s 19026 7 5
s 19027 183 107
s 19028 298 144
s 19029 606 310
s 19030 664 370
s 19031 330 174
s 19032 123 76
s 19033 27 12
s 19034 62 38
s 19035 80 42
s 19036 28 14
s 19037 151 77
s 19038 91 45
s 19039 39 15
s 19040 386 196
s 19041 211 99
s 19042 187 89
s 19043 62 27
s 19044 461 247
s 19045 192 82
s 19046 62 32
s 19047 23 12
s 19048 176 92
s 19049 326 175
s 19050 30 13
s 19051 114 66
s 19052 606 292
s 19053 230 132
s 19054 177 92
s 19055 163 79
s 19056 357 206
s 19057 19 7
s 19058 64 35
s 19063 382 203
s 19064 53 23
s 19065 327 168
s 19067 691 342
s 19070 33 20
s 19072 430 192
s 19073 180 92
s 19075 323 174
s 19079 446 225
s 19080 49 25
s 19081 77 37
s 19082 80 37
s 19089 124 55
s 19099 87 49
s 19276 107 51
s 19277 17 12
s 19278 47 18
s 19279 20 6
s 19280 52 29
s 19281 27 12
s 19282 17 13
s 19283 37 16
s 19284 86 41
s 19285 179 69
s 19286 229 107
s 19287 45 20
s 19288 49 28
s 19289 11 9
s 19290 66 31
s 19291 43 19
s 19292 16 9
s 19293 106 58
s 19294 45 22
s 19295 20 12
s 19296 163 74
s 19297 123 52
s 19298 105 45
s 19299 37 16
s 19300 154 90
s 19301 67 26
s 19302 20 8
s 19303 3 2
s 19304 84 46
s 19305 79 31
s 19306 182 93
s 19307 119 58
s 19308 255 111
s 19309 96 38
s 19310 71 37
s 19311 35 15
s 19312 65 34
s 19313 34 15
s 19314 43 19
s 19319 126 65
s 19320 101 59
s 19321 63 28
s 19323 186 73
s 19326 78 36
s 19328 224 101
s 19329 112 46
s 19331 58 34
s 19335 250 120
s 19336 30 12
s 19337 57 38
s 19338 30 12
s 19345 60 25
s 19355 29 17
s 19533 20 10
s 19534 64 31
s 19535 92 41
s 19536 81 41
s 19537 19 11
s 19538 3 2
s 19539 101 59
s 19540 177 80
s 19541 382 213
s 19542 399 221
s 19543 234 113
s 19544 71 45
s 19545 9 4
s 19546 40 20
s 19547 62 31
s 19548 21 13
s 19549 92 53
s 19550 39 23
s 19551 29 12
s 19552 245 115
s 19553 94 50
s 19554 113 55
s 19555 45 17
s 19556 237 120
s 19557 118 57
s 19558 31 16
s 19559 21 15
s 19560 81 40
s 19561 164 85
s 19562 23 16
s 19563 80 40
s 19564 293 131
s 19565 106 61
s 19566 114 59
s 19567 81 33
s 19568 220 131
s 19569 7 1
s 19570 35 17
s 19575 274 137
s 19576 40 20
s 19577 170 82
s 19579 373 182
s 19582 10 5
s 19584 216 118
s 19585 95 44
s 19587 166 99
s 19591 310 162
s 19592 26 15
s 19593 43 21
s 19594 33 14
s 19601 71 40
s 19611 44 32
s 19790 2 1
s 19791 18 10
s 19792 26 14
s 19793 5 3
s 19794 1 1
s 19795 31 19
s 19796 30 19
s 19797 49 29
s 19798 91 52
s 19799 44 28
s 19800 16 11
s 19801 1 1
s 19802 26 18
s 19803 12 7
s 19805 19 12
s 19806 5 2
s 19807 6 3
s 19808 7 4
s 19809 11 5
s 19810 12 8
s 19811 4 1
s 19812 61 43
s 19813 24 14
s 19814 6 4
s 19815 3 2
s 19816 3 1
s 19817 47 29
s 19818 73 40
s 19819 48 31
s 19820 12 6
s 19821 25 17
s 19822 20 13
s 19823 14 11
s 19824 58 42
s 19825 10 5
s 19826 15 11
s 19831 80 50
s 19832 49 29
s 19833 28 15
s 19835 131 79
s 19838 20 16
s 19840 66 39
s 19841 1 0
s 19843 41 24
s 19847 11 10
s 19848 8 6
s 19849 5 3
s 19850 12 8
s 19857 26 13
s 19867 8 3
s 20047 46 27
s 20048 48 27
s 20049 5 4
s 20050 10 6
s 20051 40 18
s 20052 62 32
s 20053 117 68
s 20054 210 109
s 20055 91 49
s 20056 29 15
s 20057 3 2
s 20058 34 18
s 20059 20 8
s 20060 5 3
s 20061 49 27
s 20062 19 11
s 20063 10 6
s 20064 8 4
s 20065 24 12
s 20066 18 7
s 20067 3 2
s 20068 97 48
s 20069 62 33
s 20070 10 5
s 20071 6 4
s 20072 8 6
s 20073 87 45
s 20074 98 56
s 20075 72 42
s 20076 10 5
s 20077 56 29
s 20078 53 29
s 20079 31 12
s 20080 93 55
s 20081 15 10
s 20082 26 16
s 20087 131 65
s 20088 74 40
s 20089 60 28
s 20091 153 72
s 20094 45 21
s 20096 118 61
s 20097 3 2
s 20099 84 48
s 20103 25 14
s 20104 14 4
s 20105 13 9
s 20106 24 17
s 20113 35 16
s 20123 18 13
s 20304 45 23
s 20305 17 9
s 20306 7 3
s 20307 38 17
s 20308 59 18
s 20309 137 56
s 20310 141 65
s 20311 59 26
s 20312 21 8
s 20313 5 3
s 20314 49 28
s 20315 36 17
s 20316 20 10
s 20317 61 29
s 20318 35 20
s 20319 13 5
s 20320 166 84
s 20321 70 28
s 20322 66 36
s 20323 17 7
s 20324 107 60
s 20325 37 16
s 20326 9 2
s 20327 5 2
s 20328 26 9
s 20329 50 26
s 20330 157 83
s 20331 128 61
s 20332 250 114
s 20333 90 46
s 20334 50 25
s 20335 15 8
s 20336 55 27
s 20337 26 8
s 20338 28 10
s 20343 103 55
s 20344 105 45
s 20345 62 27
s 20347 130 57
s 20350 65 33
s 20352 162 74
s 20353 59 34
s 20355 45 13
s 20359 178 100
s 20360 32 19
s 20361 26 13
s 20362 31 16
s 20369 69 36
s 20379 39 18
s 20561 11 3
s 20562 4 3
s 20563 68 34
s 20564 86 44
s 20565 202 95
s 20566 261 131
s 20567 135 70
s 20568 44 22
s 20570 101 62
s 20571 33 20
s 20572 13 5
s 20573 25 14
s 20574 1 0
s 20575 3 2
s 20576 142 71
s 20577 40 17
s 20578 71 35
s 20579 30 14
s 20580 257 132
s 20581 82 33
s 20582 11 7
s 20583 6 1
s 20584 35 13
s 20585 104 48
s 20586 154 85
s 20587 98 57
s 20588 171 86
s 20589 9 5
s 20590 66 40
s 20591 35 15
s 20592 124 77
s 20593 18 9
s 20594 15 7
s 20599 165 67
s 20600 96 44
s 20601 91 47
s 20603 253 121
s 20606 62 30
s 20608 192 102
s 20609 46 25
s 20611 106 46
s 20615 189 90
s 20616 33 21
s 20617 42 25
s 20618 5 3
s 20625 13 7
s 20635 48 30
s 20819 8 5
s 20820 29 10
s 20821 58 27
s 20822 68 35
s 20823 40 21
s 20824 12 7
s 20826 17 12
s 20827 7 3
s 20828 4 3
s 20829 18 12
s 20830 6 3
s 20831 2 0
s 20832 21 11
s 20833 19 5
s 20834 20 6
s 20835 5 3
s 20836 40 13
s 20837 35 13
s 20838 5 3
s 20839 3 2
s 20840 7 4
s 20841 25 13
s 20842 30 13
s 20843 31 15
s 20844 32 14
s 20845 6 2
s 20846 20 10
s 20847 10 3
s 20848 22 10
s 20849 11 3
s 20850 8 4
s 20855 36 15
s 20856 26 11
s 20857 32 7
s 20859 70 29
s 20862 13 4
s 20864 58 19
s 20865 15 4
s 20867 25 14
s 20871 45 27
s 20872 8 5
s 20873 12 5
s 20874 6 3
s 20881 9 2
s 20891 8 5
s 21075 9 6
s 21076 18 11
s 21077 52 25
s 21078 50 27
s 21079 18 11
s 21080 8 6
s 21082 9 4
s 21083 8 6
s 21084 5 3
s 21085 10 4
s 21086 4 2
s 21087 6 3
s 21088 28 17
s 21089 16 8
s 21090 18 2
s 21091 1 1
s 21092 32 16
s 21093 16 12
s 21094 4 1
s 21095 5 4
s 21096 10 5
s 21097 23 12
s 21098 9 3
s 21099 12 6
s 21100 31 18
s 21101 10 7
s 21102 13 7
s 21103 16 12
s 21104 35 22
s 21105 4 3
s 21106 4 3
s 21111 29 12
s 21112 7 4
s 21113 18 7
s 21115 51 19
s 21118 6 1
s 21120 37 19
s 21121 14 9
s 21123 20 11
s 21127 32 17
s 21128 7 6
s 21129 5 3
s 21130 2 1
s 21137 5 2
s 21147 9 6
s 21332 33 14
s 21333 68 33
s 21334 297 167
s 21335 32 19
s 21336 36 14
s 21337 11 8
s 21338 96 58
s 21339 60 31
s 21340 18 10
s 21341 68 40
s 21342 34 20
s 21343 17 9
s 21344 206 113
s 21345 56 34
s 21346 72 31
s 21347 28 10
s 21348 46 24
s 21349 91 36
s 21350 14 7
s 21351 7 4
s 21352 39 20
s 21353 87 48
s 21354 238 142
s 21355 113 64
s 21356 271 134
s 21357 99 51
s 21358 84 50
s 21359 10 6
s 21360 42 21
s 21361 34 18
s 21362 25 14
s 21367 175 94
s 21368 129 69
s 21369 54 31
s 21371 247 140
s 21374 70 44
s 21376 229 124
s 21377 59 25
s 21379 107 48
s 21383 204 103
s 21384 28 15
s 21385 56 36
s 21386 49 24
s 21393 55 21
s 21403 51 28
s 21589 167 87
s 21590 463 234
s 21591 109 57
s 21592 59 21
s 21593 10 5
s 21594 121 71
s 21595 82 39
s 21596 21 8
s 21597 132 64
s 21598 47 25
s 21599 21 13
s 21600 214 105
s 21601 108 53
s 21602 166 79
s 21603 58 17
s 21604 116 62
s 21605 120 53
s 21606 21 11
s 21607 17 13
s 21608 69 34
s 21609 136 73
s 21610 221 101
s 21611 166 80
s 21612 358 155
s 21613 131 54
s 21614 142 66
s 21615 31 14
s 21616 89 48
s 21617 40 19
s 21618 51 25
s 21623 153 67
s 21624 170 78
s 21625 144 76
s 21627 308 157
s 21630 140 67
s 21632 305 150
s 21633 114 61
s 21635 142 77
s 21639 391 199
s 21640 41 20
s 21641 54 33
s 21642 70 32
s 21649 87 38
s 21659 72 39
s 21846 979 516
s 21847 279 144
s 21848 127 75
s 21849 27 11
s 21850 400 214
s 21851 182 92
s 21852 69 40
s 21853 271 144
s 21854 96 49
s 21855 46 26
s 21856 518 253
s 21857 243 105
s 21858 233 94
s 21859 74 29
s 21860 302 146
s 21861 246 111
s 21862 35 12
s 21863 15 9
s 21864 157 88
s 21865 319 162
s 21866 682 354
s 21867 369 194
s 21868 673 294
s 21869 292 146
s 21870 184 89
s 21871 103 52
s 21872 258 127
s 21873 86 47
s 21874 97 40
s 21879 546 271
s 21880 410 197
s 21881 242 108
s 21883 896 438
s 21886 265 129
s 21888 658 283
s 21889 199 87
s 21891 280 139
s 21895 608 296
s 21896 102 52
s 21897 143 80
s 21898 152 69
s 21905 222 103
s 21915 125 71
s 22103 488 251
s 22104 109 60
s 22105 38 16
s 22106 207 120
s 22107 170 87
s 22108 52 31
s 22109 345 191
s 22110 119 59
s 22111 79 37
s 22112 682 340
s 22113 335 184
s 22114 430 215
s 22115 104 51
s 22116 590 316
s 22117 163 68
s 22118 75 35
s 22119 20 13
s 22120 191 102
s 22121 268 140
s 22122 739 395
s 22123 445 242
s 22124 1405 668
s 22125 379 213
s 22126 227 110
s 22127 176 83
s 22128 527 298
s 22129 87 43
s 22130 140 67
s 22135 333 174
s 22136 460 235
s 22137 322 181
s 22139 500 253
s 22142 318 158
s 22144 694 352
s 22145 365 189
s 22147 341 188
s 22151 858 434
s 22152 115 71
s 22153 210 119
s 22154 159 80
s 22161 300 138
s 22171 197 115
s 22360 124 68
s 22361 22 12
s 22362 153 88
s 22363 60 31
s 22364 26 12
s 22365 220 137
s 22366 75 38
s 22367 36 19
s 22368 308 140
s 22369 184 89
s 22370 205 89
s 22371 52 27
s 22372 195 96
s 22373 152 70
s 22374 31 17
s 22375 10 5
s 22376 111 53
s 22377 151 64
s 22378 350 185
s 22379 227 119
s 22380 426 167
s 22381 210 96
s 22382 147 76
s 22383 34 14
s 22384 71 30
s 22385 39 19
s 22386 83 41
s 22391 232 122
s 22392 225 109
s 22393 96 39
s 22395 395 165
s 22398 192 91
s 22400 402 172
s 22401 182 82
s 22403 128 68
s 22407 478 237
s 22408 58 37
s 22409 89 62
s 22410 57 22
s 22417 118 63
s 22427 79 42
s 22617 11 5
s 22618 40 20
s 22619 32 18
s 22620 9 6
s 22621 78 47
s 22622 22 7
s 22623 19 14
s 22624 106 57
s 22625 44 20
s 22626 84 45
s 22627 29 16
s 22628 60 37
s 22629 41 21
s 22630 11 1
s 22631 8 4
s 22632 38 20
s 22633 40 17
s 22634 117 63
s 22635 62 36
s 22636 140 70
s 22637 67 35
s 22638 57 32
s 22639 49 30
s 22640 81 50
s 22641 10 6
s 22642 32 14
s 22647 78 44
s 22648 74 33
s 22649 57 28
s 22651 124 73
s 22654 64 37
s 22656 128 72
s 22657 51 26
s 22659 69 36
s 22663 192 113
s 22664 18 10
s 22665 27 17
s 22666 27 11
s 22673 52 30
s 22683 16 8
s 22874 14 9
s 22875 6 5
s 22876 3 2
s 22877 4 2
s 22878 1 0
s 22880 22 16
s 22881 16 8
s 22882 8 5
s 22883 3 1
s 22884 17 8
s 22885 12 9
s 22886 4 1
s 22888 2 1
s 22889 27 12
s 22890 28 11
s 22891 16 10
s 22892 31 16
s 22893 4 0
s 22894 11 5
s 22895 7 6
s 22896 23 12
s 22897 3 2
s 22898 3 1
s 22903 26 11
s 22904 17 9
s 22905 10 3
s 22907 54 29
s 22910 13 6
s 22912 28 17
s 22913 13 9
s 22915 14 9
s 22919 31 13
s 22920 4 2
s 22921 7 3
s 22922 2 0
s 22929 5 1
s 22939 5 1
s 23131 56 25
s 23132 16 9
s 23133 81 51
s 23134 46 23
s 23135 19 14
s 23136 165 90
s 23137 53 28
s 23138 112 64
s 23139 59 28
s 23140 220 113
s 23141 57 31
s 23142 21 9
s 23143 8 5
s 23144 47 25
s 23145 133 73
s 23146 154 92
s 23147 95 58
s 23148 288 150
s 23149 167 95
s 23150 67 32
s 23151 61 37
s 23152 165 95
s 23153 10 5
s 23154 25 13
s 23159 164 86
s 23160 127 60
s 23161 111 54
s 23163 261 140
s 23166 33 20
s 23168 162 91
s 23169 70 39
s 23171 142 81
s 23175 208 124
s 23176 27 17
s 23177 39 29
s 23178 37 22
s 23185 79 49
s 23195 77 52
s 23388 9 3
s 23389 91 48
s 23390 24 10
s 23391 14 8
s 23392 92 42
s 23393 52 24
s 23394 59 27
s 23395 38 12
s 23396 137 68
s 23397 52 20
s 23398 21 9
s 23399 7 4
s 23400 38 21
s 23401 82 53
s 23402 95 54
s 23403 75 42
s 23404 131 68
s 23405 40 16
s 23406 47 28
s 23407 31 17
s 23408 94 51
s 23409 32 13
s 23410 22 10
s 23415 107 61
s 23416 40 22
s 23417 55 32
s 23419 172 88
s 23422 41 26
s 23424 108 53
s 23425 60 28
s 23427 70 33
s 23431 102 57
s 23432 48 27
s 23433 26 14
s 23434 56 37
s 23441 36 21
s 23451 159 92
s 23645 14 8
s 23646 9 6
s 23647 4 1
s 23648 18 8
s 23649 15 8
s 23650 11 4
s 23651 6 3
s 23652 59 35
s 23653 16 8
s 23655 5 1
s 23656 2 0
s 23657 20 8
s 23658 27 16
s 23659 19 11
s 23660 25 7
s 23661 28 10
s 23662 23 15
s 23663 14 9
s 23664 31 21
s 23665 3 0
s 23666 13 8
s 23671 29 15
s 23672 19 7
s 23673 34 21
s 23675 45 23
s 23678 10 5
s 23680 40 20
s 23681 7 2
s 23683 22 14
s 23687 30 21
s 23688 9 3
s 23689 12 7
s 23690 5 4
s 23697 15 11
s 23707 7 3
s 23902 12 6
s 23903 8 3
s 23904 175 84
s 23905 85 40
s 23906 113 52
s 23907 28 13
s 23908 173 88
s 23909 135 72
s 23910 21 10
s 23911 8 6
s 23912 73 40
s 23913 150 89
s 23914 128 71
s 23915 125 63
s 23916 268 137
s 23917 26 13
s 23918 89 37
s 23919 54 33
s 23920 168 97
s 23921 29 15
s 23922 17 10
s 23927 212 130
s 23928 102 51
s 23929 160 92
s 23931 340 182
s 23934 65 35
s 23936 279 143
s 23937 78 37
s 23939 148 75
s 23943 279 170
s 23944 39 21
s 23945 54 35
s 23946 11 5
s 23953 33 18
s 23963 57 37
s 24160 77 43
s 24161 45 27
s 24162 32 17
s 24163 16 6
s 24164 87 39
s 24165 39 18
s 24166 10 5
s 24167 4 1
s 24168 28 16
s 24169 57 26
s 24170 78 36
s 24171 59 29
s 24172 92 35
s 24173 3 2
s 24174 45 19
s 24175 11 7
s 24176 53 25
s 24177 3 1
s 24178 6 4
s 24183 52 31
s 24184 45 21
s 24185 72 24
s 24187 108 50
s 24190 35 21
s 24192 105 54
s 24193 27 12
s 24195 45 24
s 24199 83 35
s 24200 8 5
s 24201 18 7
s 24202 1 1
s 24209 9 6
s 24219 20 12
s 24416 44 22
s 24417 19 7
s 24418 24 11
s 24419 6 2
s 24420 41 23
s 24421 27 14
s 24422 2 1
s 24424 16 7
s 24425 27 16
s 24426 31 14
s 24427 31 18
s 24428 54 27
s 24429 1 0
s 24430 27 17
s 24431 20 15
s 24432 50 21
s 24433 5 2
s 24434 3 1
s 24439 53 23
s 24440 23 9
s 24441 35 14
s 24443 53 22
s 24446 14 9
s 24448 68 33
s 24449 32 14
s 24451 40 21
s 24455 62 41
s 24456 4 3
s 24457 11 7
s 24458 1 1
s 24465 6 2
s 24475 9 8
s 24673 52 21
s 24674 57 31
s 24675 10 4
s 24676 348 161
s 24677 236 101
s 24678 47 20
s 24679 19 11
s 24680 5 1
s 24681 265 136
s 24682 404 202
s 24683 243 129
s 24684 14 9
s 24685 209 102
s 24686 173 88
s 24687 106 45
s 24688 374 201
s 24689 48 21
s 24690 75 39
s 24695 442 217
s 24696 209 109
s 24697 263 121
s 24699 759 369
s 24702 164 86
s 24704 524 250
s 24705 7 5
s 24707 307 154
s 24711 31 15
s 24712 47 28
s 24713 40 21
s 24714 86 35
s 24721 131 67
s 24731 36 19
s 24930 51 22
s 24931 26 9
s 24932 164 77
s 24933 115 58
s 24934 20 11
s 24935 14 6
s 24936 28 13
s 24937 290 142
s 24938 143 68
s 24939 88 32
s 24940 101 37
s 24941 77 47
s 24942 131 66
s 24943 80 37
s 24944 140 83
s 24945 25 11
s 24946 46 19
s 24951 160 72
s 24952 60 32
s 24953 124 62
s 24955 213 103
s 24958 55 30
s 24960 279 127
s 24961 46 23
s 24963 157 82
s 24967 122 62
s 24968 35 10
s 24969 35 18
s 24970 36 15
s 24977 66 26
s 24987 24 7
s 25187 9 2
s 25188 228 109
s 25189 109 49
s 25190 24 9
s 25191 8 4
s 25192 15 6
s 25193 174 91
s 25194 226 118
s 25195 159 85
s 25196 60 26
s 25197 113 59
s 25198 94 49
s 25199 62 34
s 25200 209 108
s 25201 39 16
s 25202 47 13
s 25207 265 138
s 25208 115 52
s 25209 140 64
s 25211 400 161
s 25214 76 27
s 25216 339 149
s 25217 32 16
s 25219 187 84
s 25223 82 41
s 25224 39 18
s 25225 32 14
s 25226 43 20
s 25233 104 54
s 25243 41 21
s 25444 65 21
s 25445 44 20
s 25446 12 6
s 25447 7 6
s 25448 10 4
s 25449 38 13
s 25450 54 21
s 25451 38 17
s 25452 15 8
s 25453 34 15
s 25454 21 9
s 25455 21 9
s 25456 42 26
s 25457 13 3
s 25458 18 10
s 25463 56 31
s 25464 36 13
s 25465 50 21
s 25467 104 46
s 25470 28 13
s 25472 71 28
s 25473 9 6
s 25475 55 23
s 25479 18 8
s 25480 19 7
s 25481 5 3
s 25482 13 4
s 25489 18 8
s 25499 12 6
s 25701 200 94
s 25702 22 10
s 25703 9 2
s 25704 110 53
s 25705 205 112
s 25706 464 238
s 25707 259 116
s 25708 524 272
s 25709 286 137
s 25710 167 95
s 25711 76 37
s 25712 169 95
s 25713 62 27
s 25714 85 44
s 25719 281 148
s 25720 283 137
s 25721 179 84
s 25723 488 248
s 25726 188 99
s 25728 514 245
s 25729 174 78
s 25731 185 81
s 25735 654 348
s 25736 58 23
s 25737 105 57
s 25738 130 64
s 25745 135 64
s 25755 98 62
s 25958 24 16
s 25959 7 6
s 25960 248 117
s 25961 58 26
s 25962 227 98
s 25963 132 61
s 25964 221 87
s 25965 111 37
s 25966 66 34
s 25967 50 24
s 25968 113 57
s 25969 32 13
s 25970 62 24
s 25975 94 41
s 25976 125 76
s 25977 90 37
s 25979 164 66
s 25982 102 54
s 25984 191 93
s 25985 104 42
s 25987 75 42
s 25991 243 129
s 25992 47 26
s 25993 89 46
s 25994 60 24
s 26001 69 35
s 26011 49 23
s 26215 1 1
s 26216 29 14
s 26217 20 10
s 26218 35 19
s 26219 31 14
s 26220 49 19
s 26221 19 9
s 26222 22 9
s 26223 5 1
s 26224 20 5
s 26225 7 2
s 26226 6 3
s 26231 27 12
s 26232 27 9
s 26233 27 16
s 26235 63 26
s 26238 16 6
s 26240 59 21
s 26241 24 10
s 26243 15 5
s 26247 37 21
s 26248 7 3
s 26249 17 9
s 26250 18 8
s 26257 14 6
s 26267 4 4
s 26472 7 4
s 26473 10 8
s 26474 24 16
s 26475 14 10
s 26476 18 10
s 26477 5 1
s 26478 1 0
s 26479 5 2
s 26480 13 7
s 26481 4 1
s 26482 3 2
s 26487 19 8
s 26488 13 5
s 26489 14 7
s 26491 22 7
s 26494 16 12
s 26496 16 8
s 26497 6 4
s 26499 10 5
s 26503 18 13
s 26504 3 3
s 26505 4 2
s 26506 9 5
s 26513 9 6
s 26523 4 3
s 26729 96 55
s 26730 109 55
s 26731 65 31
s 26732 10 4
s 26733 68 38
s 26734 57 27
s 26735 44 24
s 26736 78 36
s 26737 23 9
s 26738 33 16
s 26743 85 52
s 26744 51 31
s 26745 102 57
s 26747 149 67
s 26750 43 15
s 26752 164 85
s 26753 4 2
s 26755 68 41
s 26759 41 20
s 26760 29 15
s 26761 14 10
s 26762 23 13
s 26769 41 18
s 26779 13 12
s 26986 323 188
s 26987 216 108
s 26988 324 157
s 26989 154 87
s 26990 85 43
s 26991 62 31
s 26992 191 117
s 26993 43 22
s 26994 54 32
s 26999 139 78
s 27000 203 103
s 27001 103 57
s 27003 222 118
s 27006 128 69
s 27008 267 115
s 27009 91 48
s 27011 121 71
s 27015 351 174
s 27016 40 24
s 27017 92 45
s 27018 56 29
s 27025 139 73
s 27035 106 69
s 27243 86 49
s 27244 603 295
s 27245 293 169
s 27246 174 83
s 27247 129 67
s 27248 464 256
s 27249 12 7
s 27250 46 24
s 27255 582 311
s 27256 60 25
s 27257 285 135
s 27259 878 441
s 27262 8 3
s 27264 423 213
s 27265 146 78
s 27267 385 210
s 27271 612 308
s 27272 48 23
s 27273 75 37
s 27274 92 45
s 27281 141 78
s 27291 195 123
s 27500 325 151
s 27501 160 98
s 27502 115 49
s 27503 101 57
s 27504 291 174
s 27505 19 7
s 27506 46 25
s 27511 339 197
s 27512 70 36
s 27513 213 110
s 27515 442 225
s 27518 34 17
s 27520 272 122
s 27521 97 48
s 27523 238 133
s 27527 324 178
s 27528 37 19
s 27529 57 34
s 27530 65 28
s 27537 111 57
s 27547 111 72
s 27757 306 135
s 27758 184 77
s 27759 172 90
s 27760 470 230
s 27761 85 40
s 27762 116 54
s 27767 612 263
s 27768 294 120
s 27769 273 125
s 27771 901 374
s 27774 274 122
s 27776 727 304
s 27777 14 2
s 27779 404 209
s 27783 43 18
s 27784 79 36
s 27785 38 16
s 27786 118 54
s 27793 226 96
s 27803 78 37
s 28014 81 34
s 28015 68 37
s 28016 209 118
s 28017 20 9
s 28018 19 10
s 28023 237 123
s 28024 160 76
s 28025 154 73
s 28027 363 172
s 28030 100 51
s 28032 303 140
s 28033 109 59
s 28035 196 111
s 28039 243 121
s 28040 34 17
s 28041 61 41
s 28042 4 1
s 28049 23 15
s 28059 72 40
s 28271 54 25
s 28272 120 64
s 28273 38 19
s 28274 51 25
s 28279 155 74
s 28280 107 50
s 28281 98 46
s 28283 191 87
s 28286 60 37
s 28288 249 115
s 28289 152 72
s 28291 105 62
s 28295 205 112
s 28296 37 23
s 28297 44 23
s 28298 32 19
s 28305 57 26
s 28315 47 29
s 28528 31 17
s 28529 30 12
s 28530 43 16
s 28535 86 43
s 28536 75 41
s 28537 37 16
s 28539 155 69
s 28542 63 32
s 28544 148 68
s 28545 71 30
s 28547 29 16
s 28551 198 104
s 28552 37 18
s 28553 51 26
s 28554 19 10
s 28561 50 26
s 28571 22 9
s 28785 48 26
s 28786 56 31
s 28791 375 213
s 28792 319 177
s 28793 89 43
s 28795 498 273
s 28798 148 90
s 28800 378 185
s 28801 113 59
s 28803 157 79
s 28807 441 230
s 28808 40 23
s 28809 91 54
s 28810 58 27
s 28817 221 111
s 28827 138 74
s 29042 8 2
s 29047 47 20
s 29048 8 5
s 29049 42 25
s 29051 93 46
s 29054 9 5
s 29056 63 26
s 29057 27 12
s 29059 51 26
s 29063 75 37
s 29064 9 5
s 29065 9 3
s 29066 3 3
s 29073 22 7
s 29083 12 8
s 29303 90 49
s 29304 35 17
s 29305 45 17
s 29307 128 61
s 29310 28 13
s 29312 103 56
s 29313 53 25
s 29315 46 28
s 29319 102 57
s 29320 12 5
s 29321 19 11
s 29322 5 2
s 29329 13 3
s 29339 20 13
s 30584 337 184
s 30585 120 61
s 30587 288 123
s 30590 208 108
s 30592 363 170
s 30593 219 100
s 30595 201 96
s 30599 563 292
s 30600 71 37
s 30601 125 70
s 30602 71 32
s 30609 213 97
s 30619 172 110
s 30841 167 84
s 30843 512 239
s 30846 23 13
s 30848 285 138
s 30849 70 36
s 30851 227 96
s 30855 280 142
s 30856 43 16
s 30857 36 17
s 30858 52 25
s 30865 83 34
s 30875 53 34
s 31099 177 87
s 31102 136 63
s 31104 296 130
s 31105 90 40
s 31107 116 64
s 31111 390 213
s 31112 67 34
s 31113 142 81
s 31114 48 21
s 31121 112 51
s 31131 49 33
s 31614 286 139
s 31616 588 266
s 31617 219 101
s 31619 306 123
s 31623 822 401
s 31624 88 50
s 31625 154 83
s 31626 137 64
s 31633 297 135
s 31643 234 135
s 32384 188 87
s 32385 96 47
s 32387 147 69
s 32391 242 121
s 32392 23 12
s 32393 34 18
s 32394 25 12
s 32401 53 18
s 32411 62 32
s 32897 394 186
s 32899 336 165
s 32903 669 320
s 32904 96 49
s 32905 140 74
s 32906 114 53
s 32913 172 83
s 32923 105 57
s 33155 105 53
s 33159 26 10
s 33160 39 17
s 33161 9 6
s 33162 38 17
s 33169 57 20
s 33179 24 11
s 33671 404 214
s 33672 45 26
s 33673 97 60
s 33674 59 36
s 33681 155 81
s 33691 108 61
s 34696 68 38
s 34697 66 35
s 34698 116 62
s 34705 170 88
s 34715 62 34
s 34953 20 14
s 34954 22 7
s 34961 24 14
s 34971 25 17
s 35210 21 11
s 35217 34 15
s 35227 19 13
s 35473 8 3
s 35483 41 32
s 37275 48 28
