n 20246
b 1 786 367
b 2 2942 1391
b 3 1389 716
b 4 261 139
b 5 1095 560
b 6 1422 619
b 7 1362 661
b 8 1658 953
b 9 3845 2092
b 10 552 307
b 11 3909 1927
b 12 1666 850
b 13 1101 542
b 14 2447 1256
b 15 1089 544
b 16 570 251
b 17 1508 770
b 18 2121 1097
b 19 1935 934
b 20 1716 786
b 21 3821 2030
b 22 893 428
b 23 679 332
b 25 3907 1928
b 26 3972 1737
b 27 1484 715
b 28 2570 1282
b 29 1750 846
b 30 1783 912
b 31 2812 1350
b 32 262 131
b 33 1000 611
b 34 612 290
b 35 845 369
b 36 2598 1326
b 37 542 238
b 38 885 466
b 39 1300 606
b 40 249 123
b 41 853 392
b 42 553 252
b 43 845 413
b 44 429 211
b 45 248 133
b 46 992 450
b 47 1148 593
b 48 2713 1390
b 49 2512 1337
b 50 683 328
b 51 1744 885
b 52 415 206
b 53 1770 899
b 54 4487 2202
b 55 2468 1333
b 56 695 328
b 57 197 96
b 58 578 304
b 59 473 224
b 60 2676 1266
b 61 169 89
b 62 1940 1192
b 63 433 204
b 64 1478 712
b 65 406 221
b 66 118 68
b 67 1414 688
b 68 460 204
b 69 2529 1300
b 70 1355 643
b 71 2893 1474
b 72 486 232
b 73 336 168
b 74 2956 1481
b 75 1202 536
b 76 1831 930
b 77 513 302
b 78 874 471
b 79 1127 530
b 80 1165 574
b 81 251 113
b 82 214 113
b 83 1498 835
b 84 1856 933
b 85 4300 2043
b 86 5709 2928
b 87 2566 1293
b 88 1060 564
b 89 183 93
b 90 1685 950
b 91 1038 564
b 92 277 138
b 93 1611 880
b 94 411 200
b 95 337 174
b 96 2722 1339
b 97 1152 527
b 98 1806 859
b 99 496 214
b 100 3483 1725
b 101 1732 778
b 102 261 104
b 103 189 110
b 104 727 357
b 105 2342 1202
b 106 3691 1939
b 107 2452 1289
b 108 3744 1648
b 109 1704 853
b 110 1509 767
b 111 955 468
b 112 3090 1676
b 113 346 164
b 114 609 310
b 119 3860 1985
b 120 2257 1137
b 121 2017 960
b 123 5319 2561
b 126 1416 731
b 128 3927 1784
b 129 1266 578
b 131 2469 1233
b 135 3653 1848
b 136 625 315
b 137 900 499
b 138 655 330
b 145 1365 667
b 155 1223 709
v 258 26 8
v 259 22 14
v 260 7 1
v 261 25 9
v 262 20 12
v 263 23 11
v 264 55 25
v 265 58 29
v 266 15 9
v 267 50 25
v 268 46 25
v 269 22 13
v 270 58 24
v 271 23 16
v 272 10 5
v 273 74 35
v 274 40 18
v 275 27 12
v 276 31 19
v 277 51 23
v 278 30 18
v 279 9 1
v 281 86 44
v 282 78 35
v 283 27 15
v 284 51 21
v 285 45 20
v 286 39 19
v 287 68 35
v 288 7 1
v 289 15 4
v 290 15 6
v 291 15 6
v 292 41 17
v 293 11 5
v 294 11 3
v 295 27 15
v 296 7 2
v 297 26 16
v 298 21 8
v 299 18 5
v 300 9 4
v 301 6 3
v 302 17 5
v 303 18 10
v 304 43 17
v 305 34 18
v 306 16 8
v 307 40 18
v 308 7 4
v 309 26 12
v 310 88 48
v 311 58 31
v 312 10 6
v 313 5 3
v 314 10 5
v 315 10 5
v 316 23 14
v 317 4 2
v 318 31 11
v 319 6 2
v 320 33 18
v 321 5 3
v 322 1 1
v 323 29 11
v 324 8 3
v 325 71 37
v 326 28 17
v 327 43 16
v 328 14 7
v 329 6 4
v 330 67 25
v 331 32 14
v 332 79 33
v 333 8 6
v 334 23 12
v 335 21 12
v 336 12 6
v 337 2 0
v 338 10 3
v 339 15 7
v 340 39 22
v 341 74 33
v 342 122 49
v 343 39 16
v 344 25 6
v 345 2 0
v 346 43 17
v 347 31 11
v 348 4 1
v 349 36 13
v 350 19 9
v 351 7 3
v 352 22 13
v 353 27 10
v 354 49 29
v 355 10 6
v 356 55 25
v 357 51 22
v 358 4 3
v 360 25 11
v 361 63 29
v 362 46 18
v 363 38 21
v 364 53 31
v 365 38 15
v 366 20 10
v 367 29 18
v 368 76 29
v 369 12 4
v 370 15 7
v 375 67 38
v 376 23 11
v 377 53 29
v 379 76 35
v 382 19 5
v 384 71 32
v 385 27 12
v 387 47 24
v 391 69 34
v 392 9 3
v 393 24 11
v 394 8 2
v 401 16 10
v 411 49 18
v 515 82 34
v 516 12 4
v 517 88 40
v 518 105 57
v 519 101 47
v 520 141 65
v 521 273 111
v 522 22 11
v 523 342 165
v 524 91 40
v 525 74 29
v 526 214 91
v 527 112 48
v 528 52 25
v 529 93 54
v 530 138 65
v 531 156 86
v 532 115 52
v 533 274 133
v 534 67 27
v 535 58 27
v 537 337 152
v 538 295 161
v 539 113 53
v 540 196 98
v 541 144 71
v 542 136 69
v 543 200 103
v 544 19 10
v 545 84 27
v 546 35 14
v 547 54 35
v 548 265 117
v 549 56 26
v 550 57 25
v 551 103 54
v 552 12 7
v 553 49 28
v 554 45 21
v 555 65 38
v 556 20 11
v 557 16 7
v 558 76 32
v 559 73 36
v 560 186 85
v 561 185 84
v 562 93 45
v 563 148 68
v 564 39 19
v 565 117 49
v 566 324 152
v 567 188 82
v 568 44 18
v 569 11 5
v 570 46 20
v 571 25 17
v 572 196 88
v 573 9 5
v 574 149 55
v 575 28 18
v 576 103 48
v 577 28 10
v 578 8 2
v 579 134 58
v 580 32 14
v 581 173 83
v 582 138 77
v 583 192 91
v 584 31 17
v 585 24 12
v 586 213 107
v 587 73 38
v 588 130 62
v 589 30 12
v 590 68 22
v 591 77 38
v 592 92 39
v 593 14 10
v 594 10 3
v 595 115 49
v 596 138 53
v 597 317 160
v 598 416 214
v 599 165 82
v 600 62 25
v 601 5 1
v 602 114 39
v 603 83 37
v 604 19 10
v 605 83 37
v 606 30 11
v 607 26 11
v 608 218 95
v 609 79 42
v 610 161 78
v 611 40 26
v 612 238 101
v 613 123 64
v 614 22 11
v 615 19 7
v 616 54 30
v 617 148 68
v 618 270 113
v 619 161 75
v 620 302 161
v 621 78 38
v 622 100 47
v 623 88 35
v 624 193 86
v 625 33 16
v 626 76 38
v 631 292 136
v 632 171 88
v 633 129 59
v 635 415 221
v 638 95 51
v 640 268 146
v 641 109 57
v 643 164 72
v 647 331 140
v 648 49 28
v 649 65 27
v 650 33 16
v 657 95 49
v 667 74 28
v 772 10 3
v 773 30 14
v 774 47 27
v 775 57 32
v 776 43 18
v 777 162 79
v 778 10 7
v 779 106 55
v 780 67 36
v 781 43 26
v 782 68 28
v 783 32 18
v 784 27 15
v 785 60 27
v 786 60 29
v 787 92 53
v 788 53 32
v 789 139 69
v 790 38 20
v 791 18 14
v 793 115 63
v 794 110 60
v 795 31 13
v 796 61 34
v 797 78 40
v 798 59 33
v 799 71 38
v 800 8 6
v 801 53 21
v 802 23 16
v 803 24 14
v 804 95 42
v 805 18 11
v 806 42 22
v 807 25 18
v 808 4 1
v 809 19 10
v 810 18 11
v 811 22 10
v 812 9 2
v 813 10 6
v 814 18 12
v 815 33 15
v 816 84 50
v 817 89 45
v 818 13 5
v 819 58 28
v 820 12 6
v 821 70 31
v 822 133 72
v 823 99 53
v 824 31 18
v 825 6 3
v 826 19 10
v 827 14 6
v 828 88 46
v 829 10 2
v 830 110 47
v 831 10 5
v 832 34 16
v 833 7 3
v 834 2 1
v 835 51 22
v 836 11 7
v 837 95 43
v 838 58 29
v 839 95 44
v 840 11 3
v 841 10 5
v 842 101 58
v 843 77 47
v 844 83 41
v 845 42 16
v 846 39 23
v 847 61 33
v 848 52 28
v 849 12 6
v 850 7 5
v 851 49 19
v 852 40 23
v 853 157 87
v 854 172 88
v 855 81 42
v 856 40 12
v 857 5 5
v 858 85 41
v 859 31 15
v 860 7 2
v 861 70 32
v 862 12 6
v 863 11 5
v 864 102 47
v 865 26 16
v 866 44 30
v 867 13 7
v 868 100 55
v 869 33 16
v 870 15 10
v 871 6 3
v 872 26 8
v 873 95 52
v 874 134 65
v 875 95 54
v 876 128 77
v 877 81 44
v 878 38 19
v 879 31 15
v 880 141 60
v 881 7 3
v 882 13 3
v 887 151 76
v 888 79 43
v 889 62 35
v 891 243 133
v 894 50 25
v 896 108 58
v 897 34 22
v 899 147 82
v 903 122 55
v 904 13 10
v 905 26 12
v 906 14 5
v 913 58 29
v 923 44 21
v 1029 11 6
v 1030 11 7
v 1031 13 7
v 1032 12 6
v 1033 29 11
v 1034 1 1
v 1035 20 12
v 1036 16 5
v 1037 11 6
v 1038 14 6
v 1039 4 2
v 1040 7 3
v 1041 13 4
v 1042 11 5
v 1043 14 7
v 1044 11 4
v 1045 34 16
v 1046 8 4
v 1047 6 5
v 1049 12 8
v 1050 17 13
v 1051 16 10
v 1052 10 5
v 1053 8 5
v 1054 8 1
v 1055 21 10
v 1056 2 1
v 1057 3 2
v 1058 4 2
v 1059 6 3
v 1060 10 5
v 1061 2 2
v 1062 4 2
v 1063 9 7
v 1064 1 0
v 1065 2 1
v 1066 7 4
v 1067 8 5
v 1068 5 3
v 1069 2 2
v 1070 5 3
v 1071 11 6
v 1072 10 8
v 1073 15 9
v 1075 12 5
v 1076 1 0
v 1077 5 4
v 1078 23 12
v 1079 22 12
v 1080 6 4
v 1081 1 1
v 1082 7 4
v 1083 7 1
v 1084 34 15
v 1085 1 1
v 1086 13 6
v 1087 5 3
v 1088 8 6
v 1089 6 3
v 1090 2 1
v 1091 6 1
v 1092 5 2
v 1093 10 3
v 1094 9 4
v 1095 31 18
v 1096 3 2
v 1097 6 2
v 1098 13 8
v 1099 9 6
v 1100 3 2
v 1101 7 5
v 1102 4 1
v 1103 5 4
v 1104 2 2
v 1105 2 2
v 1106 1 1
v 1107 4 2
v 1108 14 5
v 1109 19 14
v 1110 20 7
v 1111 17 10
v 1112 9 4
v 1113 2 2
v 1114 5 2
v 1115 8 4
v 1116 2 1
v 1117 63 35
v 1118 2 1
v 1119 2 2
v 1120 14 7
v 1121 8 3
v 1122 20 11
v 1123 5 3
v 1124 22 9
v 1125 11 7
v 1126 2 2
v 1127 2 0
v 1128 7 4
v 1129 12 8
v 1130 18 10
v 1131 16 9
v 1132 12 7
v 1133 6 3
v 1134 9 8
v 1135 2 2
v 1136 17 7
v 1137 1 1
v 1138 4 2
v 1143 21 9
v 1144 48 33
v 1145 14 9
v 1147 33 20
v 1150 7 2
v 1152 22 9
v 1153 8 5
v 1155 11 5
v 1159 19 6
v 1160 5 1
v 1161 6 2
v 1162 4 1
v 1169 2 2
v 1179 8 3
v 1286 32 14
v 1287 32 15
v 1288 51 20
v 1289 99 47
v 1290 17 14
v 1291 125 62
v 1292 41 22
v 1293 33 21
v 1294 71 29
v 1295 30 15
v 1296 11 5
v 1297 60 37
v 1298 59 26
v 1299 46 27
v 1300 51 22
v 1301 114 53
v 1302 36 16
v 1303 20 10
v 1305 107 58
v 1306 115 67
v 1307 54 30
v 1308 52 32
v 1309 55 29
v 1310 65 32
v 1311 72 39
v 1312 11 7
v 1313 30 15
v 1314 14 8
v 1315 35 15
v 1316 48 22
v 1317 39 18
v 1318 28 13
v 1319 37 26
v 1320 6 4
v 1321 37 18
v 1322 17 7
v 1323 25 12
v 1324 14 12
v 1325 3 2
v 1326 28 11
v 1327 37 27
v 1328 65 27
v 1329 56 33
v 1330 20 13
v 1331 45 21
v 1332 20 4
v 1333 53 24
v 1334 117 62
v 1335 68 38
v 1336 21 15
v 1337 6 3
v 1338 30 22
v 1339 13 7
v 1340 60 29
v 1341 3 3
v 1342 67 23
v 1343 11 7
v 1344 49 32
v 1345 10 6
v 1346 2 1
v 1347 33 13
v 1348 9 2
v 1349 67 28
v 1350 35 16
v 1351 76 36
v 1352 17 7
v 1353 13 5
v 1354 85 42
v 1355 34 19
v 1356 51 26
v 1357 9 7
v 1358 25 10
v 1359 21 10
v 1360 28 17
v 1361 7 4
v 1362 2 0
v 1363 47 18
v 1364 57 25
v 1365 96 48
v 1366 161 78
v 1367 77 38
v 1368 34 16
v 1369 3 2
v 1370 41 17
v 1371 21 9
v 1372 10 8
v 1373 62 33
v 1374 10 6
v 1375 13 4
v 1376 78 45
v 1377 30 14
v 1378 29 15
v 1379 21 9
v 1380 76 52
v 1381 49 29
v 1382 6 2
v 1383 5 2
v 1384 35 15
v 1385 43 20
v 1386 100 53
v 1387 53 32
v 1388 81 46
v 1389 37 21
v 1390 40 18
v 1391 22 12
v 1392 66 37
v 1393 12 3
v 1394 22 14
v 1399 89 39
v 1400 49 27
v 1401 48 27
v 1403 156 84
v 1406 40 23
v 1408 100 50
v 1409 48 25
v 1411 40 20
v 1415 99 44
v 1416 12 6
v 1417 29 10
v 1418 20 11
v 1425 42 22
v 1435 27 15
v 1543 55 21
v 1544 43 16
v 1545 131 50
v 1546 20 9
v 1547 197 106
v 1548 58 25
v 1549 33 17
v 1550 76 36
v 1551 18 10
v 1552 14 6
v 1553 37 16
v 1554 69 26
v 1555 57 20
v 1556 61 34
v 1557 157 68
v 1558 33 15
v 1559 17 8
v 1561 140 68
v 1562 164 85
v 1563 55 20
v 1564 91 46
v 1565 88 47
v 1566 50 17
v 1567 113 51
v 1568 5 1
v 1569 36 6
v 1570 29 15
v 1571 34 12
v 1572 83 41
v 1573 18 11
v 1574 29 12
v 1575 44 16
v 1576 7 5
v 1577 24 11
v 1578 20 8
v 1579 37 12
v 1580 13 5
v 1581 9 3
v 1582 22 10
v 1583 34 19
v 1584 120 48
v 1585 86 38
v 1586 20 7
v 1587 63 25
v 1588 11 5
v 1589 55 20
v 1590 172 70
v 1591 85 24
v 1592 21 9
v 1593 8 3
v 1594 19 8
v 1595 15 4
v 1596 59 36
v 1597 7 3
v 1598 70 23
v 1599 15 7
v 1600 66 29
v 1601 9 3
v 1602 9 6
v 1603 100 39
v 1604 13 7
v 1605 95 39
v 1606 36 13
v 1607 73 23
v 1608 12 7
v 1609 7 4
v 1610 111 50
v 1611 44 23
v 1612 67 34
v 1613 16 5
v 1614 26 10
v 1615 41 13
v 1616 48 28
v 1617 7 2
v 1618 8 1
v 1619 49 22
v 1620 81 35
v 1621 161 81
v 1622 192 88
v 1623 79 38
v 1624 37 15
v 1625 5 3
v 1626 51 17
v 1627 31 7
v 1628 9 7
v 1629 44 16
v 1630 14 6
v 1631 9 3
v 1632 90 35
v 1633 31 17
v 1634 68 21
v 1635 36 18
v 1636 121 51
v 1637 55 27
v 1638 10 2
v 1639 11 6
v 1640 23 8
v 1641 54 17
v 1642 150 58
v 1643 67 24
v 1644 154 80
v 1645 76 34
v 1646 43 21
v 1647 50 18
v 1648 101 34
v 1649 9 5
v 1650 22 9
v 1655 128 46
v 1656 82 36
v 1657 67 40
v 1659 209 94
v 1662 57 25
v 1664 151 75
v 1665 42 22
v 1667 91 41
v 1671 133 54
v 1672 17 8
v 1673 26 13
v 1674 31 14
v 1681 48 21
v 1691 45 15
v 1800 58 15
v 1801 126 47
v 1802 14 7
v 1803 125 56
v 1804 102 48
v 1805 41 23
v 1806 85 42
v 1807 21 11
v 1808 26 15
v 1809 42 18
v 1810 67 34
v 1811 53 30
v 1812 64 35
v 1813 115 54
v 1814 21 12
v 1815 27 12
v 1817 115 56
v 1818 154 68
v 1819 58 32
v 1820 86 41
v 1821 55 28
v 1822 62 31
v 1823 90 44
v 1824 7 5
v 1825 41 18
v 1826 33 18
v 1827 15 6
v 1828 80 40
v 1829 16 13
v 1830 37 22
v 1831 41 22
v 1832 6 3
v 1833 24 19
v 1834 23 13
v 1835 26 15
v 1836 16 8
v 1837 6 2
v 1838 31 18
v 1839 48 24
v 1840 81 35
v 1841 90 37
v 1842 30 17
v 1843 42 21
v 1844 11 5
v 1845 60 30
v 1846 145 77
v 1847 76 30
v 1848 34 18
v 1849 5 3
v 1850 19 7
v 1851 16 9
v 1852 83 46
v 1853 10 4
v 1854 51 25
v 1855 14 4
v 1856 44 22
v 1857 12 8
v 1858 8 5
v 1859 37 22
v 1860 21 14
v 1861 83 36
v 1862 58 27
v 1863 96 46
v 1864 16 8
v 1865 17 9
v 1866 101 54
v 1867 32 17
v 1868 63 24
v 1869 15 4
v 1870 30 15
v 1871 42 29
v 1872 41 19
v 1873 16 10
v 1874 9 3
v 1875 53 23
v 1876 55 28
v 1877 144 81
v 1878 189 83
v 1879 76 36
v 1880 44 15
v 1881 9 4
v 1882 64 25
v 1883 22 10
v 1884 9 5
v 1885 48 20
v 1886 15 5
v 1887 13 4
v 1888 73 41
v 1889 43 23
v 1890 74 29
v 1891 14 6
v 1892 117 55
v 1893 73 39
v 1894 7 3
v 1895 11 4
v 1896 30 11
v 1897 60 26
v 1898 142 58
v 1899 93 41
v 1900 111 57
v 1901 42 15
v 1902 52 31
v 1903 42 24
v 1904 111 57
v 1905 14 6
v 1906 24 14
v 1911 121 58
v 1912 87 41
v 1913 95 48
v 1915 171 87
v 1918 51 27
v 1920 122 59
v 1921 38 16
v 1923 99 49
v 1927 147 67
v 1928 19 10
v 1929 29 14
v 1930 21 11
v 1937 52 26
v 1947 38 20
v 2057 153 86
v 2058 24 13
v 2059 147 82
v 2060 58 33
v 2061 47 28
v 2062 88 47
v 2063 35 19
v 2064 29 18
v 2065 79 50
v 2066 88 51
v 2067 68 37
v 2068 68 42
v 2069 141 83
v 2070 32 19
v 2071 30 18
v 2073 154 98
v 2074 182 117
v 2075 73 43
v 2076 65 33
v 2077 71 38
v 2078 72 41
v 2079 141 79
v 2080 17 10
v 2081 25 12
v 2082 20 11
v 2083 42 30
v 2084 103 64
v 2085 31 20
v 2086 12 5
v 2087 58 30
v 2088 14 7
v 2089 47 25
v 2090 37 26
v 2091 30 20
v 2092 26 15
v 2093 14 7
v 2094 46 26
v 2095 42 21
v 2096 104 59
v 2097 87 51
v 2098 18 10
v 2099 67 39
v 2100 17 9
v 2101 57 33
v 2102 264 158
v 2103 88 52
v 2104 31 20
v 2105 11 8
v 2106 27 13
v 2107 16 8
v 2108 88 50
v 2109 8 3
v 2110 82 37
v 2111 11 6
v 2112 66 36
v 2113 18 8
v 2114 4 0
v 2115 65 34
v 2116 17 8
v 2117 71 35
v 2118 55 29
v 2119 112 60
v 2120 17 12
v 2121 16 7
v 2122 130 79
v 2123 58 37
v 2124 59 27
v 2125 13 8
v 2126 35 23
v 2127 38 24
v 2128 41 25
v 2129 11 5
v 2130 9 4
v 2131 54 25
v 2132 77 42
v 2133 150 87
v 2134 240 146
v 2135 135 68
v 2136 63 35
v 2137 5 2
v 2138 59 28
v 2139 34 14
v 2140 15 8
v 2141 65 35
v 2142 18 14
v 2143 16 8
v 2144 98 59
v 2145 43 27
v 2146 41 26
v 2147 13 8
v 2148 112 67
v 2149 114 72
v 2150 15 11
v 2151 7 5
v 2152 35 21
v 2153 118 66
v 2154 143 75
v 2155 95 47
v 2156 275 175
v 2157 55 26
v 2158 141 74
v 2159 41 29
v 2160 51 27
v 2161 19 13
v 2162 28 15
v 2167 157 91
v 2168 102 66
v 2169 77 45
v 2171 226 122
v 2174 63 36
v 2176 175 110
v 2177 119 78
v 2179 56 38
v 2183 137 73
v 2184 21 13
v 2185 43 18
v 2186 20 8
v 2193 54 36
v 2203 42 17
v 2314 42 21
v 2315 348 179
v 2316 143 89
v 2317 113 60
v 2318 232 125
v 2319 116 68
v 2320 48 29
v 2321 171 89
v 2322 252 138
v 2323 184 101
v 2324 125 74
v 2325 403 203
v 2326 85 47
v 2327 43 26
v 2329 389 207
v 2330 347 211
v 2331 122 67
v 2332 282 159
v 2333 181 108
v 2334 203 105
v 2335 251 133
v 2336 25 15
v 2337 114 49
v 2338 62 34
v 2339 72 47
v 2340 245 131
v 2341 35 21
v 2342 95 49
v 2343 111 65
v 2344 16 10
v 2345 60 31
v 2346 43 24
v 2347 73 35
v 2348 45 31
v 2349 20 8
v 2350 78 38
v 2351 104 52
v 2352 239 127
v 2353 238 133
v 2354 56 29
v 2355 193 113
v 2356 33 15
v 2357 158 92
v 2358 411 252
v 2359 248 123
v 2360 67 35
v 2361 23 15
v 2362 68 30
v 2363 46 22
v 2364 244 137
v 2365 13 6
v 2366 214 87
v 2367 43 31
v 2368 146 85
v 2369 27 12
v 2370 10 4
v 2371 129 66
v 2372 37 24
v 2373 262 131
v 2374 106 65
v 2375 263 137
v 2376 44 22
v 2377 29 19
v 2378 266 161
v 2379 94 56
v 2380 195 106
v 2381 51 22
v 2382 71 37
v 2383 98 53
v 2384 117 56
v 2385 20 9
v 2386 24 15
v 2387 142 68
v 2388 139 81
v 2389 426 250
v 2390 545 300
v 2391 252 121
v 2392 92 47
v 2393 15 5
v 2394 175 79
v 2395 99 52
v 2396 33 12
v 2397 183 78
v 2398 29 17
v 2399 22 6
v 2400 288 131
v 2401 104 68
v 2402 149 85
v 2403 40 29
v 2404 334 184
v 2405 164 93
v 2406 31 19
v 2407 21 13
v 2408 56 25
v 2409 247 123
v 2410 369 177
v 2411 254 136
v 2412 380 246
v 2413 179 102
v 2414 140 79
v 2415 83 42
v 2416 354 171
v 2417 20 16
v 2418 63 37
v 2423 477 257
v 2424 222 126
v 2425 170 93
v 2427 680 377
v 2430 101 62
v 2432 358 209
v 2433 98 59
v 2435 288 168
v 2439 340 193
v 2440 50 29
v 2441 93 40
v 2442 68 42
v 2449 142 77
v 2459 118 59
v 2571 34 16
v 2572 11 7
v 2573 10 7
v 2574 32 16
v 2575 26 12
v 2576 6 5
v 2577 13 7
v 2578 21 11
v 2579 27 11
v 2580 24 17
v 2581 50 28
v 2582 11 6
v 2583 11 6
v 2585 51 30
v 2586 42 24
v 2587 18 8
v 2588 31 19
v 2589 24 14
v 2590 29 17
v 2591 46 30
v 2592 2 1
v 2593 12 6
v 2594 7 4
v 2595 12 9
v 2596 29 13
v 2597 8 6
v 2598 10 5
v 2599 15 11
v 2600 6 0
v 2601 9 5
v 2602 4 2
v 2603 16 10
v 2604 5 4
v 2605 1 0
v 2606 11 7
v 2607 12 6
v 2608 25 13
v 2609 37 15
v 2610 11 7
v 2611 24 14
v 2612 2 1
v 2613 25 18
v 2614 143 86
v 2615 26 12
v 2616 10 6
v 2617 4 1
v 2618 10 3
v 2619 7 5
v 2620 17 8
v 2621 1 1
v 2622 22 13
v 2623 7 5
v 2624 25 14
v 2625 8 5
v 2626 2 1
v 2627 15 6
v 2628 7 5
v 2629 34 14
v 2630 13 8
v 2631 79 47
v 2632 13 9
v 2633 2 2
v 2634 34 18
v 2635 14 10
v 2636 25 14
v 2637 8 2
v 2638 13 4
v 2639 9 7
v 2640 20 9
v 2642 3 2
v 2643 19 8
v 2644 27 14
v 2645 50 34
v 2646 96 58
v 2647 38 17
v 2648 5 2
v 2649 2 1
v 2650 23 12
v 2651 20 10
v 2652 4 2
v 2653 24 13
v 2654 3 2
v 2655 7 4
v 2656 33 18
v 2657 16 8
v 2658 27 20
v 2659 16 12
v 2660 49 24
v 2661 18 10
v 2662 2 0
v 2663 2 1
v 2664 5 3
v 2665 23 11
v 2666 59 31
v 2667 21 16
v 2668 71 46
v 2669 26 13
v 2670 24 15
v 2671 11 4
v 2672 46 29
v 2673 4 2
v 2674 11 5
v 2679 41 24
v 2680 39 22
v 2681 26 14
v 2683 76 41
v 2686 26 13
v 2688 61 34
v 2689 17 13
v 2691 22 14
v 2695 72 36
v 2696 9 6
v 2697 12 10
v 2698 8 5
v 2705 14 9
v 2715 19 11
v 2828 175 85
v 2829 82 42
v 2830 259 130
v 2831 75 42
v 2832 56 28
v 2833 148 82
v 2834 204 99
v 2835 164 79
v 2836 167 90
v 2837 350 149
v 2838 94 52
v 2839 69 33
v 2841 455 207
v 2842 432 240
v 2843 151 71
v 2844 173 84
v 2845 164 100
v 2846 155 73
v 2847 256 129
v 2848 19 10
v 2849 76 30
v 2850 68 31
v 2851 103 51
v 2852 266 126
v 2853 69 33
v 2854 90 45
v 2855 138 74
v 2856 31 14
v 2857 77 46
v 2858 59 32
v 2859 80 39
v 2860 41 22
v 2861 21 12
v 2862 134 66
v 2863 95 52
v 2864 320 150
v 2865 163 66
v 2866 52 28
v 2867 166 79
v 2868 40 22
v 2869 227 115
v 2870 494 245
v 2871 265 114
v 2872 78 35
v 2873 13 4
v 2874 62 36
v 2875 35 20
v 2876 240 123
v 2877 14 7
v 2878 167 69
v 2879 29 14
v 2880 134 73
v 2881 39 12
v 2882 15 8
v 2883 128 73
v 2884 28 13
v 2885 221 125
v 2886 118 69
v 2887 248 112
v 2888 47 24
v 2889 42 19
v 2890 372 187
v 2891 118 60
v 2892 147 69
v 2893 36 12
v 2894 54 20
v 2895 107 54
v 2896 112 64
v 2897 26 14
v 2898 15 5
v 2899 200 87
v 2900 183 103
v 2901 461 220
v 2902 590 260
v 2903 237 118
v 2904 64 37
v 2905 11 3
v 2906 187 82
v 2907 122 71
v 2908 30 15
v 2909 116 54
v 2910 51 24
v 2911 35 18
v 2912 241 122
v 2913 108 52
v 2914 140 73
v 2915 50 29
v 2916 319 165
v 2917 165 102
v 2918 23 17
v 2919 16 7
v 2920 55 27
v 2921 224 117
v 2922 345 158
v 2923 238 116
v 2924 447 247
v 2925 305 133
v 2926 170 91
v 2927 78 37
v 2928 347 161
v 2929 31 13
v 2930 68 33
v 2935 337 154
v 2936 200 104
v 2937 183 90
v 2939 532 263
v 2942 115 49
v 2944 407 223
v 2945 167 90
v 2947 229 113
v 2951 378 163
v 2952 55 26
v 2953 84 34
v 2954 67 34
v 2961 150 76
v 2971 122 50
v 3085 56 33
v 3086 105 57
v 3087 33 21
v 3088 50 27
v 3089 62 30
v 3090 147 83
v 3091 57 24
v 3092 82 52
v 3093 150 66
v 3094 34 21
v 3095 28 16
v 3097 124 66
v 3098 148 85
v 3099 73 36
v 3100 163 92
v 3101 65 34
v 3102 76 46
v 3103 104 73
v 3104 7 4
v 3105 23 10
v 3106 23 11
v 3107 29 12
v 3108 109 54
v 3109 30 21
v 3110 44 28
v 3111 54 32
v 3112 10 6
v 3113 34 24
v 3114 24 8
v 3115 28 15
v 3116 24 12
v 3117 12 6
v 3118 29 21
v 3119 34 20
v 3120 168 83
v 3121 106 47
v 3122 35 18
v 3123 74 40
v 3124 55 25
v 3125 73 37
v 3126 243 106
v 3127 66 18
v 3128 27 14
v 3129 10 5
v 3130 16 6
v 3131 15 11
v 3132 141 74
v 3133 2 2
v 3134 75 27
v 3135 20 11
v 3136 70 45
v 3137 18 10
v 3138 4 2
v 3139 39 26
v 3140 17 11
v 3141 130 67
v 3142 52 25
v 3143 120 59
v 3144 22 12
v 3145 19 10
v 3146 133 60
v 3147 57 33
v 3148 76 49
v 3149 25 8
v 3150 42 18
v 3151 67 40
v 3152 33 12
v 3153 5 4
v 3154 11 5
v 3155 65 26
v 3156 82 39
v 3157 164 92
v 3158 214 101
v 3159 104 45
v 3160 49 23
v 3161 12 10
v 3162 57 22
v 3163 54 23
v 3164 16 12
v 3165 55 24
v 3166 32 15
v 3167 9 5
v 3168 89 49
v 3169 55 39
v 3170 63 25
v 3171 28 13
v 3172 153 67
v 3173 63 41
v 3174 5 3
v 3175 8 2
v 3176 21 10
v 3177 114 48
v 3178 125 56
v 3179 81 37
v 3180 86 42
v 3181 60 36
v 3182 54 32
v 3183 40 13
v 3184 122 58
v 3185 18 11
v 3186 17 9
v 3191 160 82
v 3192 86 43
v 3193 85 47
v 3195 221 111
v 3198 47 20
v 3200 152 83
v 3201 65 36
v 3203 109 57
v 3207 167 92
v 3208 30 19
v 3209 38 20
v 3210 18 7
v 3217 58 27
v 3227 34 19
v 3342 57 22
v 3343 24 14
v 3344 19 10
v 3345 54 31
v 3346 65 32
v 3347 81 39
v 3348 47 28
v 3349 105 50
v 3350 19 10
v 3351 9 4
v 3353 119 59
v 3354 82 38
v 3355 35 15
v 3356 64 31
v 3357 39 19
v 3358 51 25
v 3359 67 36
v 3360 28 9
v 3361 39 13
v 3362 14 8
v 3363 11 7
v 3364 65 40
v 3365 14 9
v 3366 22 11
v 3367 59 36
v 3368 9 4
v 3369 25 13
v 3370 19 8
v 3371 22 11
v 3372 11 6
v 3373 9 3
v 3374 21 11
v 3375 23 13
v 3376 60 26
v 3377 69 34
v 3378 15 9
v 3379 68 35
v 3380 9 5
v 3381 39 21
v 3382 116 65
v 3383 81 47
v 3384 20 11
v 3385 3 2
v 3386 14 7
v 3387 8 2
v 3388 87 35
v 3389 3 1
v 3390 55 21
v 3391 15 5
v 3392 44 21
v 3393 11 3
v 3394 4 3
v 3395 34 21
v 3396 14 5
v 3397 70 26
v 3398 33 18
v 3399 90 42
v 3400 12 4
v 3401 10 6
v 3402 106 53
v 3403 22 8
v 3404 45 22
v 3405 13 5
v 3406 26 15
v 3407 24 15
v 3408 34 17
v 3409 10 3
v 3410 2 1
v 3411 38 12
v 3412 45 21
v 3413 112 56
v 3414 150 75
v 3415 82 46
v 3416 12 6
v 3417 11 2
v 3418 66 27
v 3419 21 9
v 3420 8 4
v 3421 41 18
v 3422 9 6
v 3423 7 3
v 3424 81 33
v 3425 34 23
v 3426 40 25
v 3427 15 8
v 3428 84 43
v 3429 31 18
v 3430 8 6
v 3431 3 1
v 3432 17 7
v 3433 67 33
v 3434 95 43
v 3435 44 21
v 3436 93 51
v 3437 47 21
v 3438 38 21
v 3439 30 18
v 3440 100 49
v 3441 7 3
v 3442 7 1
v 3447 135 70
v 3448 53 32
v 3449 41 20
v 3451 145 79
v 3454 87 36
v 3456 106 65
v 3457 37 19
v 3459 64 33
v 3463 108 53
v 3464 16 4
v 3465 22 8
v 3466 18 11
v 3473 42 17
v 3483 29 14
v 3599 64 28
v 3600 44 29
v 3601 76 27
v 3602 115 55
v 3603 93 50
v 3604 118 57
v 3605 230 104
v 3606 61 37
v 3607 49 28
v 3609 228 115
v 3610 312 176
v 3611 97 51
v 3612 173 83
v 3613 96 55
v 3614 131 60
v 3615 195 103
v 3616 17 8
v 3617 44 17
v 3618 50 28
v 3619 52 33
v 3620 168 89
v 3621 43 28
v 3622 39 16
v 3623 87 45
v 3624 18 7
v 3625 44 23
v 3626 43 20
v 3627 52 35
v 3628 33 18
v 3629 15 5
v 3630 54 28
v 3631 58 25
v 3632 151 69
v 3633 132 66
v 3634 32 20
v 3635 90 41
v 3636 27 16
v 3637 92 50
v 3638 314 183
v 3639 124 62
v 3640 35 20
v 3641 11 8
v 3642 26 14
v 3643 26 16
v 3644 162 84
v 3645 10 6
v 3646 111 49
v 3647 33 19
v 3648 95 52
v 3649 21 11
v 3650 7 1
v 3651 97 58
v 3652 35 24
v 3653 131 78
v 3654 101 58
v 3655 190 99
v 3656 33 20
v 3657 29 15
v 3658 216 103
v 3659 72 37
v 3660 110 48
v 3661 18 6
v 3662 54 24
v 3663 62 35
v 3664 66 33
v 3665 21 10
v 3666 10 6
v 3667 79 41
v 3668 128 56
v 3669 238 120
v 3670 371 179
v 3671 168 83
v 3672 60 27
v 3673 8 3
v 3674 81 45
v 3675 61 33
v 3676 21 12
v 3677 112 58
v 3678 27 13
v 3679 21 10
v 3680 137 70
v 3681 94 48
v 3682 166 92
v 3683 39 24
v 3684 224 100
v 3685 122 67
v 3686 20 12
v 3687 11 4
v 3688 67 35
v 3689 121 51
v 3690 202 92
v 3691 138 62
v 3692 198 101
v 3693 104 55
v 3694 83 46
v 3695 51 29
v 3696 202 115
v 3697 24 17
v 3698 68 32
v 3703 194 101
v 3704 133 70
v 3705 112 57
v 3707 291 159
v 3710 77 38
v 3712 241 140
v 3713 80 43
v 3715 157 67
v 3719 227 120
v 3720 38 16
v 3721 54 22
v 3722 43 20
v 3729 89 37
v 3739 51 28
v 3856 14 7
v 3857 59 34
v 3858 52 23
v 3859 44 23
v 3860 38 22
v 3861 114 53
v 3862 24 11
v 3863 19 7
v 3865 117 52
v 3866 113 62
v 3867 37 17
v 3868 68 32
v 3869 55 27
v 3870 39 18
v 3871 100 48
v 3872 3 1
v 3873 15 5
v 3874 13 7
v 3875 23 15
v 3876 64 30
v 3877 21 11
v 3878 23 10
v 3879 54 25
v 3880 8 6
v 3881 33 21
v 3882 8 5
v 3883 29 14
v 3884 7 2
v 3885 6 1
v 3886 21 10
v 3887 45 17
v 3888 65 31
v 3889 72 34
v 3890 14 6
v 3891 48 27
v 3892 14 10
v 3893 33 20
v 3894 314 169
v 3895 48 26
v 3896 10 5
v 3897 7 2
v 3898 19 6
v 3899 17 7
v 3900 93 52
v 3901 2 0
v 3902 60 20
v 3903 21 14
v 3904 46 27
v 3905 4 0
v 3906 1 1
v 3907 25 12
v 3908 14 7
v 3909 66 32
v 3910 26 15
v 3911 82 37
v 3912 10 7
v 3913 7 2
v 3914 56 28
v 3915 39 27
v 3916 47 22
v 3917 13 2
v 3918 20 13
v 3919 18 11
v 3920 33 17
v 3921 6 3
v 3922 3 3
v 3923 42 15
v 3924 47 27
v 3925 125 72
v 3926 138 67
v 3927 83 41
v 3928 35 17
v 3929 6 4
v 3930 38 17
v 3931 12 5
v 3932 8 5
v 3933 40 23
v 3934 4 1
v 3935 11 6
v 3936 82 40
v 3937 25 13
v 3938 47 26
v 3939 14 6
v 3940 68 32
v 3941 69 42
v 3942 6 3
v 3943 8 2
v 3944 17 12
v 3945 57 26
v 3946 80 30
v 3947 65 31
v 3948 92 50
v 3949 34 17
v 3950 33 18
v 3951 23 13
v 3952 72 24
v 3953 8 4
v 3954 10 5
v 3959 115 60
v 3960 62 32
v 3961 50 24
v 3963 145 73
v 3966 43 19
v 3968 111 71
v 3969 32 17
v 3971 66 39
v 3975 92 42
v 3976 20 13
v 3977 26 10
v 3978 11 6
v 3985 16 10
v 3995 25 10
v 4113 22 6
v 4114 29 14
v 4115 27 13
v 4116 27 14
v 4117 55 20
v 4118 16 7
v 4119 10 5
v 4121 53 29
v 4122 60 28
v 4123 16 4
v 4124 28 13
v 4125 18 9
v 4126 24 10
v 4127 42 21
v 4128 4 0
v 4129 16 6
v 4130 7 4
v 4131 12 8
v 4132 40 21
v 4133 14 9
v 4134 22 14
v 4135 15 8
v 4136 2 0
v 4137 14 7
v 4138 5 2
v 4139 15 5
v 4140 8 2
v 4141 7 3
v 4142 16 12
v 4143 20 6
v 4144 47 14
v 4145 33 13
v 4146 12 8
v 4147 29 11
v 4148 4 2
v 4149 23 11
v 4150 45 17
v 4151 33 8
v 4152 8 5
v 4153 7 3
v 4154 14 7
v 4155 9 2
v 4156 31 13
v 4157 2 1
v 4158 25 5
v 4159 5 3
v 4160 25 13
v 4161 13 4
v 4162 3 2
v 4163 14 8
v 4164 9 6
v 4165 43 20
v 4166 16 5
v 4167 38 15
v 4168 8 3
v 4169 7 3
v 4170 41 19
v 4171 14 5
v 4172 33 13
v 4173 10 1
v 4174 13 6
v 4175 21 10
v 4176 12 5
v 4177 6 3
v 4178 4 3
v 4179 19 6
v 4180 26 10
v 4181 53 29
v 4182 83 40
v 4183 25 14
v 4184 12 5
v 4185 4 2
v 4186 24 12
v 4187 13 6
v 4188 2 0
v 4189 23 7
v 4190 5 1
v 4191 4 1
v 4192 35 15
v 4193 18 6
v 4194 26 10
v 4195 3 1
v 4196 65 30
v 4197 19 9
v 4198 5 2
v 4199 2 1
v 4200 7 5
v 4201 25 11
v 4202 41 14
v 4203 30 16
v 4204 48 25
v 4205 25 17
v 4206 22 7
v 4207 17 7
v 4208 42 15
v 4209 5 1
v 4210 4 2
v 4215 52 22
v 4216 35 13
v 4217 25 11
v 4219 63 33
v 4222 20 7
v 4224 51 24
v 4225 16 5
v 4227 30 12
v 4231 48 22
v 4232 8 2
v 4233 13 6
v 4234 10 7
v 4241 14 5
v 4251 19 6
v 4370 59 31
v 4371 80 44
v 4372 55 34
v 4373 147 63
v 4374 41 17
v 4375 22 13
v 4377 141 72
v 4378 129 60
v 4379 40 18
v 4380 93 49
v 4381 62 31
v 4382 88 43
v 4383 114 56
v 4384 5 3
v 4385 42 18
v 4386 28 11
v 4387 22 12
v 4388 84 45
v 4389 19 9
v 4390 34 15
v 4391 44 22
v 4392 10 6
v 4393 32 20
v 4394 22 17
v 4395 36 20
v 4396 5 3
v 4397 8 2
v 4398 29 14
v 4399 45 20
v 4400 94 39
v 4401 94 47
v 4402 17 12
v 4403 66 42
v 4404 15 8
v 4405 83 43
v 4406 176 89
v 4407 106 50
v 4408 27 12
v 4409 5 4
v 4410 23 11
v 4411 18 14
v 4412 72 41
v 4413 5 3
v 4414 92 41
v 4415 9 6
v 4416 40 21
v 4417 19 10
v 4418 2 0
v 4419 48 25
v 4420 17 9
v 4421 105 50
v 4422 30 20
v 4423 101 52
v 4424 15 7
v 4425 11 4
v 4426 85 39
v 4427 27 20
v 4428 58 31
v 4429 16 7
v 4430 35 17
v 4431 50 30
v 4432 45 27
v 4433 4 3
v 4434 14 7
v 4435 58 27
v 4436 79 38
v 4437 143 82
v 4438 216 104
v 4439 63 31
v 4440 41 23
v 4441 11 6
v 4442 84 41
v 4443 39 13
v 4444 15 7
v 4445 46 24
v 4446 13 5
v 4447 19 7
v 4448 102 49
v 4449 32 17
v 4450 80 50
v 4451 15 9
v 4452 120 59
v 4453 53 31
v 4454 8 3
v 4455 3 1
v 4456 25 12
v 4457 81 37
v 4458 179 95
v 4459 106 57
v 4460 126 74
v 4461 72 40
v 4462 59 31
v 4463 33 14
v 4464 150 79
v 4465 12 9
v 4466 18 10
v 4471 150 84
v 4472 93 43
v 4473 41 24
v 4475 207 114
v 4478 57 31
v 4480 162 93
v 4481 48 23
v 4483 101 52
v 4487 142 66
v 4488 23 12
v 4489 37 17
v 4490 18 6
v 4497 76 43
v 4507 61 32
v 4627 119 69
v 4628 82 35
v 4629 197 92
v 4630 43 18
v 4631 38 20
v 4633 213 128
v 4634 194 110
v 4635 65 30
v 4636 102 57
v 4637 58 29
v 4638 94 51
v 4639 139 76
v 4640 12 6
v 4641 42 16
v 4642 32 20
v 4643 42 27
v 4644 117 58
v 4645 24 14
v 4646 40 17
v 4647 54 31
v 4648 12 8
v 4649 45 23
v 4650 28 16
v 4651 45 21
v 4652 22 8
v 4653 7 2
v 4654 72 38
v 4655 69 23
v 4656 189 92
v 4657 148 76
v 4658 34 18
v 4659 105 51
v 4660 19 8
v 4661 80 34
v 4662 195 103
v 4663 281 160
v 4664 44 23
v 4665 8 4
v 4666 33 17
v 4667 21 13
v 4668 164 94
v 4669 12 5
v 4670 133 60
v 4671 20 13
v 4672 69 33
v 4673 22 11
v 4674 7 2
v 4675 65 36
v 4676 29 16
v 4677 107 45
v 4678 109 59
v 4679 179 87
v 4680 33 21
v 4681 21 11
v 4682 144 63
v 4683 71 38
v 4684 88 42
v 4685 41 19
v 4686 98 48
v 4687 71 36
v 4688 51 27
v 4689 26 17
v 4690 10 6
v 4691 61 26
v 4692 99 48
v 4693 207 114
v 4694 298 158
v 4695 153 82
v 4696 73 34
v 4697 6 3
v 4698 74 30
v 4699 52 23
v 4700 13 5
v 4701 67 35
v 4702 27 15
v 4703 38 17
v 4704 182 100
v 4705 51 31
v 4706 93 50
v 4707 22 14
v 4708 175 109
v 4709 91 52
v 4710 9 8
v 4711 11 4
v 4712 35 18
v 4713 118 65
v 4714 218 120
v 4715 158 72
v 4716 152 83
v 4717 89 54
v 4718 65 35
v 4719 48 25
v 4720 128 60
v 4721 18 8
v 4722 27 12
v 4727 182 93
v 4728 108 53
v 4729 116 58
v 4731 282 153
v 4734 58 33
v 4736 194 111
v 4737 64 28
v 4739 132 74
v 4743 157 78
v 4744 39 23
v 4745 40 24
v 4746 30 13
v 4753 62 35
v 4763 73 32
v 4884 73 34
v 4885 230 90
v 4886 42 22
v 4887 27 14
v 4889 206 94
v 4890 187 109
v 4891 64 29
v 4892 107 51
v 4893 83 49
v 4894 74 29
v 4895 123 52
v 4896 9 3
v 4897 80 34
v 4898 19 8
v 4899 46 23
v 4900 131 59
v 4901 29 15
v 4902 46 17
v 4903 60 39
v 4904 13 8
v 4905 45 20
v 4906 29 15
v 4907 26 12
v 4908 17 10
v 4909 11 3
v 4910 65 37
v 4911 45 22
v 4912 140 67
v 4913 118 47
v 4914 43 21
v 4915 75 31
v 4916 11 5
v 4917 88 48
v 4918 174 77
v 4919 151 72
v 4920 24 14
v 4921 14 9
v 4922 24 14
v 4923 16 8
v 4924 155 75
v 4925 11 5
v 4926 82 25
v 4927 24 13
v 4928 63 38
v 4929 16 7
v 4930 3 2
v 4931 71 37
v 4932 22 8
v 4933 133 65
v 4934 72 32
v 4935 154 80
v 4936 20 10
v 4937 19 9
v 4938 144 71
v 4939 53 30
v 4940 83 44
v 4941 19 7
v 4942 27 12
v 4943 59 31
v 4944 72 33
v 4945 14 7
v 4946 9 6
v 4947 61 29
v 4948 77 36
v 4949 161 83
v 4950 255 129
v 4951 124 52
v 4952 63 30
v 4953 3 1
v 4954 92 37
v 4955 49 22
v 4956 9 4
v 4957 76 36
v 4958 23 12
v 4959 11 2
v 4960 135 72
v 4961 51 35
v 4962 108 42
v 4963 25 13
v 4964 171 92
v 4965 111 58
v 4966 9 8
v 4967 8 3
v 4968 39 17
v 4969 119 59
v 4970 214 85
v 4971 113 45
v 4972 138 83
v 4973 96 45
v 4974 52 25
v 4975 43 24
v 4976 169 78
v 4977 13 10
v 4978 26 14
v 4983 202 81
v 4984 134 75
v 4985 94 46
v 4987 258 129
v 4990 81 35
v 4992 175 105
v 4993 54 27
v 4995 133 68
v 4999 163 80
v 5000 40 16
v 5001 36 18
v 5002 29 12
v 5009 83 41
v 5019 70 34
v 5141 140 53
v 5142 48 25
v 5143 38 15
v 5145 183 80
v 5146 219 110
v 5147 81 39
v 5148 126 61
v 5149 73 27
v 5150 82 41
v 5151 132 56
v 5152 14 5
v 5153 38 17
v 5154 18 10
v 5155 45 21
v 5156 118 52
v 5157 30 18
v 5158 28 10
v 5159 59 30
v 5160 14 7
v 5161 56 29
v 5162 28 17
v 5163 41 23
v 5164 26 14
v 5165 6 1
v 5166 50 26
v 5167 60 29
v 5168 120 47
v 5169 92 30
v 5170 28 14
v 5171 58 29
v 5172 17 4
v 5173 82 35
v 5174 174 82
v 5175 73 27
v 5176 31 15
v 5177 2 0
v 5178 13 4
v 5179 28 19
v 5180 127 51
v 5181 5 2
v 5182 81 26
v 5183 21 7
v 5184 77 35
v 5185 7 4
v 5186 4 1
v 5187 75 36
v 5188 20 8
v 5189 172 87
v 5190 66 31
v 5191 129 56
v 5192 16 7
v 5193 7 5
v 5194 134 66
v 5195 54 32
v 5196 69 29
v 5197 17 6
v 5198 41 17
v 5199 49 28
v 5200 48 22
v 5201 12 4
v 5202 14 4
v 5203 76 32
v 5204 89 36
v 5205 177 82
v 5206 243 105
v 5207 131 57
v 5208 42 16
v 5209 9 4
v 5210 55 22
v 5211 38 15
v 5212 9 5
v 5213 62 26
v 5214 24 11
v 5215 14 9
v 5216 104 45
v 5217 69 32
v 5218 75 38
v 5219 31 16
v 5220 147 65
v 5221 57 35
v 5222 10 4
v 5223 9 4
v 5224 36 20
v 5225 85 37
v 5226 140 65
v 5227 93 44
v 5228 135 78
v 5229 86 34
v 5230 75 38
v 5231 62 30
v 5232 141 58
v 5233 25 13
v 5234 16 6
v 5239 132 55
v 5240 84 36
v 5241 92 52
v 5243 225 107
v 5246 58 27
v 5248 170 83
v 5249 54 29
v 5251 84 39
v 5255 134 64
v 5256 23 8
v 5257 36 15
v 5258 27 14
v 5265 48 25
v 5275 40 13
v 5398 69 38
v 5399 74 43
v 5401 373 191
v 5402 362 203
v 5403 100 50
v 5404 281 160
v 5405 139 76
v 5406 167 78
v 5407 257 148
v 5408 25 13
v 5409 80 36
v 5410 57 34
v 5411 74 43
v 5412 248 118
v 5413 37 22
v 5414 94 41
v 5415 145 80
v 5416 31 19
v 5417 99 56
v 5418 48 30
v 5419 104 58
v 5420 43 21
v 5421 23 16
v 5422 102 46
v 5423 161 82
v 5424 299 167
v 5425 245 126
v 5426 62 31
v 5427 184 88
v 5428 36 15
v 5429 169 80
v 5430 453 245
v 5431 272 141
v 5432 82 54
v 5433 12 8
v 5434 65 31
v 5435 44 25
v 5436 234 132
v 5437 12 6
v 5438 210 95
v 5439 38 22
v 5440 140 78
v 5441 43 20
v 5442 11 3
v 5443 113 58
v 5444 44 25
v 5445 220 114
v 5446 121 65
v 5447 279 150
v 5448 44 26
v 5449 33 19
v 5450 238 123
v 5451 128 80
v 5452 167 90
v 5453 39 17
v 5454 81 39
v 5455 122 55
v 5456 121 63
v 5457 30 19
v 5458 20 10
v 5459 130 61
v 5460 171 89
v 5461 397 216
v 5462 591 322
v 5463 248 131
v 5464 105 51
v 5465 22 9
v 5466 143 67
v 5467 82 42
v 5468 26 15
v 5469 141 68
v 5470 33 15
v 5471 27 7
v 5472 330 173
v 5473 96 55
v 5474 163 90
v 5475 44 26
v 5476 368 201
v 5477 140 69
v 5478 19 10
v 5479 23 11
v 5480 69 32
v 5481 191 99
v 5482 364 186
v 5483 234 120
v 5484 313 184
v 5485 156 84
v 5486 137 71
v 5487 87 52
v 5488 303 132
v 5489 38 20
v 5490 62 35
v 5495 407 217
v 5496 219 113
v 5497 186 112
v 5499 550 318
v 5502 140 70
v 5504 374 220
v 5505 140 71
v 5507 220 110
v 5511 353 184
v 5512 54 33
v 5513 84 45
v 5514 64 36
v 5521 146 82
v 5531 115 48
v 5655 17 7
v 5657 78 38
v 5658 103 60
v 5659 37 11
v 5660 65 37
v 5661 41 20
v 5662 36 13
v 5663 53 29
v 5664 6 2
v 5665 15 6
v 5666 17 8
v 5667 28 15
v 5668 48 17
v 5669 25 10
v 5670 23 7
v 5671 38 19
v 5672 6 3
v 5673 16 6
v 5674 18 12
v 5675 29 14
v 5676 12 9
v 5677 9 6
v 5678 19 10
v 5679 35 19
v 5680 57 29
v 5681 57 27
v 5682 21 9
v 5683 33 11
v 5684 5 3
v 5685 44 21
v 5686 102 42
v 5687 48 18
v 5688 9 5
v 5689 7 2
v 5690 13 8
v 5691 12 9
v 5692 57 32
v 5693 7 4
v 5694 56 23
v 5695 6 2
v 5696 42 24
v 5697 7 4
v 5698 2 2
v 5699 39 23
v 5700 7 4
v 5701 58 27
v 5702 29 13
v 5703 75 32
v 5704 12 10
v 5705 10 8
v 5706 62 31
v 5707 29 16
v 5708 38 16
v 5709 10 2
v 5710 23 9
v 5711 20 8
v 5712 29 12
v 5713 7 6
v 5714 7 2
v 5715 44 14
v 5716 51 25
v 5717 83 44
v 5718 141 71
v 5719 50 25
v 5720 23 11
v 5721 3 2
v 5722 38 9
v 5723 29 8
v 5724 9 5
v 5725 38 25
v 5726 7 3
v 5727 10 2
v 5728 39 21
v 5729 28 15
v 5730 35 16
v 5731 17 7
v 5732 54 26
v 5733 48 28
v 5734 4 1
v 5735 6 2
v 5736 14 7
v 5737 36 20
v 5738 62 31
v 5739 40 16
v 5740 89 50
v 5741 27 13
v 5742 33 15
v 5743 13 9
v 5744 58 30
v 5745 5 1
v 5746 19 11
v 5751 81 44
v 5752 48 21
v 5753 52 19
v 5755 109 49
v 5758 33 17
v 5760 83 43
v 5761 38 22
v 5763 35 16
v 5767 72 27
v 5768 19 6
v 5769 22 8
v 5770 15 9
v 5777 22 11
v 5787 17 3
v 5913 77 42
v 5914 89 54
v 5915 20 15
v 5916 34 12
v 5917 41 20
v 5918 42 21
v 5919 47 29
v 5920 4 1
v 5921 20 11
v 5922 9 5
v 5923 11 6
v 5924 41 24
v 5925 10 5
v 5926 14 8
v 5927 24 15
v 5928 4 1
v 5929 18 8
v 5930 7 4
v 5931 15 5
v 5932 7 5
v 5933 6 3
v 5934 23 12
v 5935 18 9
v 5936 60 29
v 5937 24 10
v 5938 10 4
v 5939 33 13
v 5940 3 0
v 5941 32 14
v 5942 71 27
v 5943 44 18
v 5944 14 10
v 5945 3 2
v 5946 5 0
v 5947 8 4
v 5948 54 27
v 5949 2 2
v 5950 32 13
v 5951 6 2
v 5952 22 10
v 5953 4 2
v 5955 30 17
v 5956 7 3
v 5957 31 11
v 5958 21 13
v 5959 44 22
v 5960 10 6
v 5961 10 4
v 5962 89 43
v 5963 24 12
v 5964 24 11
v 5965 10 3
v 5966 8 5
v 5967 19 9
v 5968 14 8
v 5969 8 4
v 5971 15 7
v 5972 35 14
v 5973 68 32
v 5974 98 41
v 5975 55 27
v 5976 18 7
v 5977 1 0
v 5978 26 14
v 5979 15 8
v 5980 6 2
v 5981 28 10
v 5982 5 4
v 5983 5 2
v 5984 45 27
v 5985 14 8
v 5986 42 24
v 5987 7 5
v 5988 52 32
v 5989 33 16
v 5990 3 2
v 5991 5 1
v 5992 17 7
v 5993 39 22
v 5994 48 16
v 5995 46 25
v 5996 59 28
v 5997 22 12
v 5998 23 11
v 5999 7 4
v 6000 46 22
v 6001 1 1
v 6002 14 4
v 6007 66 31
v 6008 29 16
v 6009 38 19
v 6011 82 34
v 6014 22 9
v 6016 77 44
v 6017 19 9
v 6019 43 17
v 6023 58 33
v 6024 9 6
v 6025 12 5
v 6026 12 5
v 6033 21 12
v 6043 13 5
v 6426 360 210
v 6427 144 74
v 6428 228 106
v 6429 167 87
v 6430 152 82
v 6431 268 139
v 6432 30 15
v 6433 86 34
v 6434 66 29
v 6435 135 79
v 6436 201 101
v 6437 53 29
v 6438 74 30
v 6439 103 58
v 6440 20 14
v 6441 79 38
v 6442 62 31
v 6443 104 52
v 6444 44 20
v 6445 23 8
v 6446 131 67
v 6447 119 64
v 6448 240 124
v 6449 358 156
v 6450 71 40
v 6451 174 88
v 6452 34 23
v 6453 200 110
v 6454 435 207
v 6455 233 110
v 6456 81 41
v 6457 14 6
v 6458 57 29
v 6459 39 21
v 6460 229 115
v 6461 21 9
v 6462 170 65
v 6463 39 17
v 6464 149 68
v 6465 41 20
v 6466 9 6
v 6467 163 79
v 6468 32 18
v 6469 193 88
v 6470 128 64
v 6471 282 132
v 6472 50 31
v 6473 27 11
v 6474 340 162
v 6475 108 59
v 6476 223 98
v 6477 61 23
v 6478 70 37
v 6479 97 53
v 6480 117 55
v 6481 22 14
v 6482 11 7
v 6483 158 68
v 6484 200 88
v 6485 440 225
v 6486 648 308
v 6487 252 126
v 6488 93 49
v 6489 14 7
v 6490 195 77
v 6491 97 48
v 6492 30 13
v 6493 95 42
v 6494 37 21
v 6495 25 12
v 6496 289 149
v 6497 124 64
v 6498 130 73
v 6499 42 22
v 6500 331 158
v 6501 172 92
v 6502 23 12
v 6503 23 9
v 6504 57 32
v 6505 230 104
v 6506 348 166
v 6507 259 118
v 6508 409 242
v 6509 137 70
v 6510 172 84
v 6511 85 40
v 6512 309 134
v 6513 44 20
v 6514 49 21
v 6519 361 160
v 6520 228 105
v 6521 180 94
v 6523 539 276
v 6526 122 54
v 6528 396 220
v 6529 138 75
v 6531 226 117
v 6535 380 184
v 6536 80 42
v 6537 60 24
v 6538 52 26
v 6545 125 61
v 6555 91 39
v 6683 215 110
v 6684 274 110
v 6685 189 84
v 6686 180 90
v 6687 312 134
v 6688 22 10
v 6689 100 37
v 6690 66 28
v 6691 91 44
v 6692 221 98
v 6693 52 24
v 6694 100 38
v 6695 146 61
v 6696 22 10
v 6697 56 22
v 6698 59 29
v 6699 84 39
v 6700 39 12
v 6701 29 17
v 6702 112 56
v 6703 104 41
v 6704 287 110
v 6705 235 102
v 6706 64 28
v 6707 173 77
v 6708 45 23
v 6709 181 90
v 6710 435 203
v 6711 232 92
v 6712 51 23
v 6713 22 11
v 6714 42 21
v 6715 36 19
v 6716 252 110
v 6717 14 9
v 6718 184 64
v 6719 60 29
v 6720 167 81
v 6721 37 11
v 6722 9 3
v 6723 145 61
v 6724 44 22
v 6725 204 89
v 6726 139 63
v 6727 301 117
v 6728 65 31
v 6729 38 20
v 6730 323 132
v 6731 124 54
v 6732 155 65
v 6733 63 25
v 6734 97 32
v 6735 102 54
v 6736 79 42
v 6737 27 18
v 6738 17 8
v 6739 163 64
v 6740 240 101
v 6741 384 172
v 6742 711 295
v 6743 295 132
v 6744 93 38
v 6745 22 12
v 6746 154 51
v 6747 85 27
v 6748 21 6
v 6749 168 66
v 6750 36 15
v 6751 34 14
v 6752 266 130
v 6753 111 47
v 6754 134 63
v 6755 46 25
v 6756 360 147
v 6757 152 71
v 6758 30 16
v 6759 16 6
v 6760 75 28
v 6761 197 93
v 6762 329 148
v 6763 246 108
v 6764 365 178
v 6765 150 63
v 6766 147 60
v 6767 93 38
v 6768 289 122
v 6769 40 21
v 6770 71 33
v 6775 372 157
v 6776 238 81
v 6777 225 110
v 6779 523 231
v 6782 142 57
v 6784 445 213
v 6785 155 74
v 6787 230 95
v 6791 356 147
v 6792 76 35
v 6793 71 29
v 6794 64 31
v 6801 127 61
v 6811 97 33
v 6940 78 40
v 6941 87 37
v 6942 66 33
v 6943 115 54
v 6944 11 4
v 6945 26 10
v 6946 25 11
v 6947 44 22
v 6948 115 59
v 6949 26 8
v 6950 42 20
v 6951 52 26
v 6952 14 3
v 6953 27 15
v 6954 27 11
v 6955 39 19
v 6956 16 7
v 6957 16 8
v 6958 38 21
v 6959 39 20
v 6960 92 55
v 6961 87 34
v 6962 28 13
v 6963 38 20
v 6964 17 6
v 6965 74 33
v 6966 152 64
v 6967 89 34
v 6968 16 10
v 6969 9 4
v 6970 11 6
v 6971 16 6
v 6972 112 64
v 6973 3 2
v 6974 64 23
v 6975 21 9
v 6976 66 35
v 6977 16 6
v 6978 6 2
v 6979 53 25
v 6980 24 11
v 6981 80 35
v 6982 57 29
v 6983 114 51
v 6984 21 14
v 6985 17 10
v 6986 106 50
v 6987 55 23
v 6988 65 31
v 6989 18 6
v 6990 25 11
v 6991 24 13
v 6992 43 21
v 6993 8 2
v 6994 8 4
v 6995 56 27
v 6996 78 46
v 6997 162 86
v 6998 258 114
v 6999 88 54
v 7000 51 23
v 7001 4 2
v 7002 43 18
v 7003 33 18
v 7004 8 6
v 7005 54 25
v 7006 21 8
v 7007 14 8
v 7008 85 42
v 7009 48 23
v 7010 45 23
v 7011 25 17
v 7012 138 75
v 7013 73 38
v 7014 18 6
v 7015 9 3
v 7016 29 15
v 7017 50 22
v 7018 120 57
v 7019 82 33
v 7020 122 65
v 7021 70 24
v 7022 60 27
v 7023 33 15
v 7024 95 42
v 7025 11 7
v 7026 28 11
v 7031 120 63
v 7032 93 41
v 7033 84 36
v 7035 154 72
v 7038 65 31
v 7040 139 75
v 7041 60 33
v 7043 92 41
v 7047 152 53
v 7048 21 11
v 7049 37 14
v 7050 30 16
v 7057 45 20
v 7067 37 18
v 7197 137 72
v 7198 101 46
v 7199 203 102
v 7200 27 14
v 7201 52 21
v 7202 44 26
v 7203 44 26
v 7204 160 87
v 7205 25 16
v 7206 63 30
v 7207 111 60
v 7208 14 4
v 7209 41 21
v 7210 23 14
v 7211 50 31
v 7212 19 11
v 7213 12 5
v 7214 66 36
v 7215 60 31
v 7216 182 86
v 7217 154 64
v 7218 35 17
v 7219 91 39
v 7220 23 10
v 7221 102 54
v 7222 344 180
v 7223 183 72
v 7224 36 24
v 7225 9 5
v 7226 30 15
v 7227 25 10
v 7228 195 96
v 7229 11 5
v 7230 178 70
v 7231 29 18
v 7232 99 46
v 7233 21 11
v 7234 8 2
v 7235 75 45
v 7236 30 21
v 7237 159 80
v 7238 68 45
v 7239 170 84
v 7240 18 8
v 7241 15 9
v 7242 189 93
v 7243 93 52
v 7244 108 46
v 7245 35 13
v 7246 58 25
v 7247 60 26
v 7248 93 55
v 7249 17 8
v 7250 17 8
v 7251 92 40
v 7252 108 62
v 7253 261 136
v 7254 424 208
v 7255 190 96
v 7256 88 49
v 7257 12 6
v 7258 106 54
v 7259 65 34
v 7260 18 6
v 7261 74 40
v 7262 30 18
v 7263 36 18
v 7264 162 86
v 7265 72 39
v 7266 115 55
v 7267 28 14
v 7268 204 103
v 7269 138 81
v 7270 13 6
v 7271 11 6
v 7272 52 30
v 7273 155 70
v 7274 260 125
v 7275 201 90
v 7276 296 171
v 7277 213 89
v 7278 70 26
v 7279 68 41
v 7280 145 63
v 7281 18 12
v 7282 31 15
v 7287 187 94
v 7288 143 66
v 7289 128 68
v 7291 329 171
v 7294 83 45
v 7296 276 149
v 7297 78 47
v 7299 155 71
v 7303 265 130
v 7304 35 15
v 7305 54 23
v 7306 43 19
v 7313 56 27
v 7323 68 25
v 7454 75 40
v 7455 94 45
v 7456 15 9
v 7457 34 14
v 7458 26 15
v 7459 33 21
v 7460 99 45
v 7461 23 11
v 7462 33 17
v 7463 57 21
v 7464 19 12
v 7465 38 18
v 7466 21 14
v 7467 31 11
v 7468 17 7
v 7469 13 5
v 7470 49 23
v 7471 52 19
v 7472 117 58
v 7473 109 49
v 7474 23 12
v 7475 64 37
v 7476 18 8
v 7477 83 40
v 7478 144 76
v 7479 111 54
v 7480 24 10
v 7481 3 2
v 7482 21 9
v 7483 30 9
v 7484 117 55
v 7485 6 4
v 7486 95 45
v 7487 23 12
v 7488 71 38
v 7489 18 12
v 7490 6 3
v 7491 60 29
v 7492 22 9
v 7493 76 25
v 7494 112 52
v 7495 124 57
v 7496 22 16
v 7497 17 8
v 7498 116 59
v 7499 60 32
v 7500 86 43
v 7501 30 14
v 7502 34 20
v 7503 48 23
v 7504 51 28
v 7505 11 6
v 7506 5 5
v 7507 53 24
v 7508 77 41
v 7509 153 87
v 7510 237 110
v 7511 122 58
v 7512 50 23
v 7513 2 2
v 7514 77 30
v 7515 41 17
v 7516 12 3
v 7517 114 46
v 7518 10 4
v 7519 5 0
v 7520 133 66
v 7521 57 29
v 7522 84 45
v 7523 17 9
v 7524 138 68
v 7525 83 43
v 7526 9 6
v 7527 13 5
v 7528 39 21
v 7529 99 45
v 7530 166 78
v 7531 107 49
v 7532 193 101
v 7533 76 43
v 7534 62 29
v 7535 25 9
v 7536 131 49
v 7537 16 7
v 7538 23 9
v 7543 189 94
v 7544 109 54
v 7545 90 43
v 7547 192 94
v 7550 57 26
v 7552 177 90
v 7553 61 27
v 7555 123 58
v 7559 169 87
v 7560 31 15
v 7561 33 13
v 7562 31 19
v 7569 77 45
v 7579 38 16
v 7711 148 71
v 7712 14 6
v 7713 50 22
v 7714 18 10
v 7715 37 18
v 7716 126 57
v 7717 30 19
v 7718 41 20
v 7719 59 36
v 7720 7 4
v 7721 36 19
v 7722 31 17
v 7723 52 29
v 7724 13 7
v 7725 7 4
v 7726 31 21
v 7727 43 21
v 7728 111 52
v 7729 131 69
v 7730 31 17
v 7731 64 34
v 7732 19 11
v 7733 67 31
v 7734 201 107
v 7735 99 41
v 7736 33 18
v 7737 12 6
v 7738 25 12
v 7739 23 13
v 7740 126 68
v 7741 9 5
v 7742 59 21
v 7743 26 15
v 7744 63 30
v 7745 13 6
v 7746 6 5
v 7747 54 30
v 7748 21 12
v 7749 107 54
v 7750 75 33
v 7751 125 66
v 7752 20 7
v 7753 15 8
v 7754 125 61
v 7755 54 31
v 7756 104 46
v 7757 32 19
v 7758 54 29
v 7759 39 21
v 7760 75 39
v 7761 5 3
v 7762 6 4
v 7763 51 16
v 7764 68 34
v 7765 174 99
v 7766 237 129
v 7767 139 59
v 7768 59 28
v 7769 10 2
v 7770 65 26
v 7771 45 24
v 7772 15 8
v 7773 75 35
v 7774 21 10
v 7775 17 11
v 7776 117 69
v 7777 37 22
v 7778 66 36
v 7779 14 7
v 7780 138 77
v 7781 99 59
v 7782 12 8
v 7783 8 3
v 7784 42 18
v 7785 127 64
v 7786 159 75
v 7787 106 55
v 7788 144 79
v 7789 67 37
v 7790 63 33
v 7791 34 16
v 7792 150 70
v 7793 22 9
v 7794 23 17
v 7799 197 103
v 7800 90 52
v 7801 83 39
v 7803 254 144
v 7806 68 33
v 7808 147 85
v 7809 52 36
v 7811 113 58
v 7815 169 80
v 7816 23 10
v 7817 30 14
v 7818 36 19
v 7825 66 27
v 7835 55 28
v 7968 19 9
v 7969 52 20
v 7970 42 24
v 7971 62 36
v 7972 167 85
v 7973 47 27
v 7974 52 27
v 7975 110 49
v 7976 14 7
v 7977 75 44
v 7978 43 26
v 7979 55 26
v 7980 30 15
v 7981 20 8
v 7982 73 40
v 7983 68 29
v 7984 200 110
v 7985 189 74
v 7986 46 14
v 7987 88 33
v 7988 35 19
v 7989 87 44
v 7990 327 155
v 7991 161 65
v 7992 54 21
v 7993 14 7
v 7994 33 16
v 7995 44 24
v 7996 209 110
v 7997 10 4
v 7998 147 57
v 7999 28 14
v 8000 94 43
v 8001 26 13
v 8002 6 1
v 8003 112 48
v 8004 27 15
v 8005 158 72
v 8006 105 48
v 8007 198 103
v 8008 24 14
v 8009 23 10
v 8010 197 74
v 8011 87 56
v 8012 137 62
v 8013 43 17
v 8014 61 25
v 8015 57 30
v 8016 72 33
v 8017 13 8
v 8018 15 8
v 8019 95 43
v 8020 138 65
v 8021 310 149
v 8022 427 204
v 8023 204 93
v 8024 75 35
v 8025 9 4
v 8026 79 39
v 8027 67 32
v 8028 21 5
v 8029 128 55
v 8030 25 14
v 8031 24 8
v 8032 184 83
v 8033 76 44
v 8034 74 44
v 8035 35 12
v 8036 282 130
v 8037 147 84
v 8038 20 12
v 8039 12 3
v 8040 65 32
v 8041 153 64
v 8042 269 136
v 8043 157 68
v 8044 295 143
v 8045 84 44
v 8046 113 63
v 8047 87 40
v 8048 191 66
v 8049 38 20
v 8050 35 15
v 8055 289 136
v 8056 124 63
v 8057 202 104
v 8059 447 219
v 8062 98 39
v 8064 254 134
v 8065 90 47
v 8067 157 74
v 8071 248 134
v 8072 36 19
v 8073 89 47
v 8074 40 13
v 8081 89 38
v 8091 80 36
v 8225 6 3
v 8226 5 2
v 8227 3 1
v 8228 14 8
v 8229 3 2
v 8230 3 2
v 8231 9 4
v 8232 1 0
v 8233 9 3
v 8234 3 2
v 8235 4 2
v 8236 5 3
v 8237 6 2
v 8238 4 3
v 8239 7 2
v 8240 17 10
v 8241 15 8
v 8242 5 3
v 8243 5 2
v 8244 3 1
v 8245 10 6
v 8246 32 17
v 8247 12 3
v 8248 8 3
v 8249 1 0
v 8250 1 1
v 8251 1 0
v 8252 19 11
v 8254 6 1
v 8255 3 3
v 8256 9 4
v 8258 1 1
v 8259 6 4
v 8260 4 1
v 8261 15 6
v 8262 7 3
v 8263 24 11
v 8264 3 1
v 8265 6 3
v 8266 29 18
v 8267 8 5
v 8268 10 7
v 8269 3 2
v 8270 4 3
v 8271 10 6
v 8272 8 5
v 8273 1 1
v 8275 8 4
v 8276 11 5
v 8277 25 16
v 8278 38 22
v 8279 12 7
v 8280 13 2
v 8281 1 1
v 8282 10 1
v 8283 8 3
v 8284 5 3
v 8285 15 6
v 8286 8 3
v 8287 2 1
v 8288 17 4
v 8289 13 6
v 8290 12 4
v 8291 2 1
v 8292 20 13
v 8293 17 9
v 8294 2 2
v 8295 1 1
v 8296 4 3
v 8297 15 8
v 8298 21 8
v 8299 15 8
v 8300 17 9
v 8301 5 0
v 8302 15 7
v 8303 15 8
v 8304 14 6
v 8305 3 2
v 8306 4 1
v 8311 26 13
v 8312 9 5
v 8313 8 5
v 8315 32 14
v 8318 6 3
v 8320 24 13
v 8321 8 6
v 8323 17 9
v 8327 22 10
v 8328 4 2
v 8329 7 2
v 8330 2 0
v 8337 8 3
v 8347 7 2
v 8482 12 12
v 8483 20 13
v 8484 67 41
v 8485 36 20
v 8486 24 11
v 8487 26 15
v 8488 7 2
v 8489 10 6
v 8490 11 7
v 8491 18 12
v 8492 8 3
v 8493 5 2
v 8494 28 16
v 8495 20 15
v 8496 62 33
v 8497 76 46
v 8498 23 11
v 8499 38 24
v 8500 11 6
v 8501 30 18
v 8502 110 75
v 8503 73 46
v 8504 11 6
v 8505 4 2
v 8506 13 10
v 8507 13 8
v 8508 60 43
v 8509 5 3
v 8510 51 28
v 8511 5 3
v 8512 22 17
v 8513 18 15
v 8514 7 5
v 8515 28 20
v 8516 7 7
v 8517 64 36
v 8518 31 19
v 8519 63 38
v 8520 69 42
v 8521 11 5
v 8522 70 45
v 8523 45 29
v 8524 52 34
v 8525 10 6
v 8526 29 13
v 8527 17 13
v 8528 50 30
v 8529 4 3
v 8530 5 2
v 8531 25 13
v 8532 42 28
v 8533 151 94
v 8534 110 68
v 8535 56 35
v 8536 20 11
v 8537 16 7
v 8538 49 29
v 8539 34 20
v 8540 8 6
v 8541 41 23
v 8542 15 9
v 8543 6 4
v 8544 64 35
v 8545 18 15
v 8546 39 26
v 8547 26 15
v 8548 91 58
v 8549 50 37
v 8550 1 1
v 8551 5 3
v 8552 23 14
v 8553 76 52
v 8554 82 50
v 8555 56 42
v 8556 77 50
v 8557 36 19
v 8558 26 14
v 8559 24 14
v 8560 60 37
v 8561 2 2
v 8562 14 9
v 8567 109 65
v 8568 52 26
v 8569 48 27
v 8571 153 87
v 8574 41 22
v 8576 81 51
v 8577 21 15
v 8579 66 41
v 8583 125 73
v 8584 17 11
v 8585 22 11
v 8586 12 10
v 8593 49 32
v 8603 33 19
v 8739 9 4
v 8740 46 15
v 8741 9 6
v 8742 11 2
v 8743 13 7
v 8744 6 3
v 8745 15 6
v 8746 10 6
v 8747 13 6
v 8748 10 7
v 8749 5 3
v 8750 13 5
v 8751 16 5
v 8752 27 16
v 8753 45 17
v 8754 9 6
v 8755 19 10
v 8756 5 0
v 8757 24 9
v 8758 65 29
v 8759 37 18
v 8760 11 4
v 8761 6 1
v 8762 10 3
v 8763 6 5
v 8764 46 24
v 8765 5 2
v 8766 21 5
v 8767 8 4
v 8768 29 16
v 8769 8 4
v 8770 2 2
v 8771 49 22
v 8772 9 3
v 8773 42 19
v 8774 21 13
v 8775 33 13
v 8776 7 4
v 8777 5 3
v 8778 52 25
v 8779 19 10
v 8780 29 10
v 8781 3 0
v 8782 13 2
v 8783 20 15
v 8784 23 7
v 8785 4 2
v 8786 5 3
v 8787 27 10
v 8788 22 12
v 8789 65 25
v 8790 85 40
v 8791 31 16
v 8792 9 4
v 8793 3 3
v 8794 26 15
v 8795 20 9
v 8796 2 2
v 8797 14 7
v 8798 7 4
v 8799 6 4
v 8800 56 28
v 8801 18 11
v 8802 27 13
v 8803 7 4
v 8804 57 33
v 8805 19 10
v 8806 5 3
v 8807 8 2
v 8808 17 9
v 8809 35 19
v 8810 43 24
v 8811 31 12
v 8812 51 29
v 8813 20 10
v 8814 22 13
v 8815 21 7
v 8816 34 17
v 8817 4 1
v 8818 8 4
v 8823 44 21
v 8824 19 12
v 8825 33 13
v 8827 81 36
v 8830 23 12
v 8832 74 34
v 8833 17 9
v 8835 38 20
v 8839 53 26
v 8840 20 9
v 8841 23 5
v 8842 8 4
v 8849 19 10
v 8859 14 7
v 8996 51 27
v 8997 13 8
v 8998 17 10
v 8999 23 13
v 9000 9 3
v 9001 20 11
v 9002 15 7
v 9003 26 6
v 9004 12 5
v 9005 5 2
v 9006 25 18
v 9007 67 33
v 9008 58 19
v 9009 55 18
v 9010 10 4
v 9011 17 5
v 9012 8 4
v 9013 31 12
v 9014 99 42
v 9015 36 8
v 9016 13 6
v 9017 4 2
v 9018 8 2
v 9019 20 11
v 9020 37 16
v 9022 47 14
v 9023 7 1
v 9024 30 8
v 9025 6 4
v 9026 4 3
v 9027 42 20
v 9028 14 10
v 9029 62 26
v 9030 22 10
v 9031 33 10
v 9032 7 4
v 9033 9 5
v 9034 52 22
v 9035 40 20
v 9036 88 43
v 9037 8 4
v 9038 17 5
v 9039 30 12
v 9040 20 5
v 9041 4 0
v 9042 2 0
v 9043 36 17
v 9044 56 17
v 9045 108 45
v 9046 116 56
v 9047 56 28
v 9048 8 5
v 9049 4 3
v 9050 25 10
v 9051 21 6
v 9052 4 2
v 9053 26 9
v 9054 15 5
v 9055 9 5
v 9056 59 36
v 9057 27 11
v 9058 31 14
v 9059 12 6
v 9060 63 22
v 9061 53 23
v 9062 10 6
v 9063 1 0
v 9064 16 8
v 9065 50 23
v 9066 46 14
v 9067 25 12
v 9068 88 43
v 9069 22 10
v 9070 55 17
v 9071 25 13
v 9072 46 24
v 9073 11 5
v 9074 9 7
v 9079 67 30
v 9080 40 17
v 9081 59 28
v 9083 83 35
v 9086 24 8
v 9088 79 39
v 9089 33 19
v 9091 44 16
v 9095 80 32
v 9096 10 4
v 9097 12 4
v 9098 17 5
v 9105 21 10
v 9115 15 7
v 9253 35 22
v 9254 53 24
v 9255 99 52
v 9256 11 6
v 9257 48 24
v 9258 44 25
v 9259 70 33
v 9260 19 11
v 9261 13 7
v 9262 56 28
v 9263 103 51
v 9264 178 93
v 9265 204 116
v 9266 44 22
v 9267 121 69
v 9268 43 21
v 9269 133 61
v 9270 262 136
v 9271 188 88
v 9272 39 20
v 9273 10 3
v 9274 24 9
v 9275 29 18
v 9276 134 65
v 9277 3 1
v 9278 161 67
v 9279 31 15
v 9280 85 42
v 9281 39 16
v 9282 6 3
v 9283 99 53
v 9284 44 17
v 9285 187 94
v 9286 70 36
v 9287 208 120
v 9288 32 16
v 9289 30 17
v 9290 180 87
v 9291 55 28
v 9292 115 59
v 9293 37 24
v 9294 52 28
v 9295 95 44
v 9296 85 51
v 9297 8 4
v 9298 12 8
v 9299 117 62
v 9300 120 63
v 9301 293 151
v 9302 378 189
v 9303 148 76
v 9304 42 23
v 9305 9 5
v 9306 109 49
v 9307 72 38
v 9308 22 10
v 9309 94 44
v 9310 26 9
v 9311 27 17
v 9312 193 99
v 9313 65 32
v 9314 119 77
v 9315 34 21
v 9316 243 126
v 9317 105 48
v 9318 22 16
v 9319 20 5
v 9320 36 19
v 9321 120 64
v 9322 248 135
v 9323 145 71
v 9324 222 120
v 9325 84 47
v 9326 81 42
v 9327 36 14
v 9328 247 114
v 9329 19 11
v 9330 29 14
v 9335 266 135
v 9336 138 63
v 9337 104 54
v 9339 318 169
v 9342 77 40
v 9344 259 138
v 9345 54 30
v 9347 160 84
v 9351 253 131
v 9352 45 28
v 9353 54 19
v 9354 225 104
v 9361 75 44
v 9371 78 29
v 9510 12 6
v 9511 14 10
v 9512 11 4
v 9513 11 7
v 9514 10 3
v 9515 11 2
v 9516 6 3
v 9517 8 4
v 9518 18 12
v 9519 17 8
v 9520 39 17
v 9521 36 15
v 9522 9 4
v 9523 17 10
v 9524 7 5
v 9525 43 18
v 9526 38 21
v 9527 24 11
v 9528 6 2
v 9529 3 1
v 9530 8 2
v 9531 12 5
v 9532 23 11
v 9533 3 1
v 9534 16 2
v 9535 7 2
v 9536 21 5
v 9537 1 0
v 9538 2 2
v 9539 19 7
v 9540 7 4
v 9541 34 11
v 9542 13 9
v 9543 38 15
v 9544 5 2
v 9545 6 1
v 9546 27 14
v 9547 16 11
v 9548 19 7
v 9549 5 1
v 9550 10 5
v 9551 12 6
v 9552 10 3
v 9553 5 3
v 9554 4 2
v 9555 24 11
v 9556 24 13
v 9557 45 20
v 9558 85 34
v 9559 29 10
v 9560 10 5
v 9561 7 3
v 9562 22 8
v 9563 9 6
v 9564 1 1
v 9565 24 10
v 9566 7 5
v 9567 9 5
v 9568 26 12
v 9569 20 6
v 9570 20 12
v 9571 8 6
v 9572 44 19
v 9573 40 14
v 9574 5 1
v 9575 3 0
v 9576 13 3
v 9577 40 20
v 9578 43 16
v 9579 34 15
v 9580 28 14
v 9581 19 10
v 9582 18 7
v 9583 12 3
v 9584 32 17
v 9585 6 1
v 9586 6 3
v 9591 42 17
v 9592 23 6
v 9593 24 7
v 9595 49 24
v 9598 15 7
v 9600 48 23
v 9601 25 12
v 9603 33 15
v 9607 40 16
v 9608 7 4
v 9609 15 6
v 9610 12 6
v 9617 22 12
v 9627 28 9
v 9767 21 7
v 9768 5 2
v 9769 19 9
v 9770 6 2
v 9771 17 10
v 9772 12 8
v 9773 7 7
v 9774 7 4
v 9775 16 9
v 9776 68 33
v 9777 46 23
v 9778 15 9
v 9779 57 32
v 9780 10 5
v 9781 53 35
v 9782 110 60
v 9783 51 18
v 9784 57 31
v 9785 4 2
v 9786 14 7
v 9787 7 3
v 9788 64 31
v 9789 2 0
v 9790 35 17
v 9791 7 4
v 9792 24 11
v 9793 9 5
v 9794 1 1
v 9795 22 13
v 9796 7 3
v 9797 53 34
v 9798 28 17
v 9799 70 39
v 9800 49 23
v 9801 3 2
v 9802 62 34
v 9803 25 16
v 9804 50 23
v 9805 11 5
v 9806 29 12
v 9807 22 14
v 9808 18 8
v 9809 4 1
v 9810 5 3
v 9811 26 9
v 9812 41 28
v 9813 98 52
v 9814 104 45
v 9815 69 36
v 9816 24 17
v 9817 3 2
v 9818 22 11
v 9819 21 6
v 9820 4 4
v 9821 26 10
v 9822 12 6
v 9823 6 3
v 9824 65 29
v 9825 27 19
v 9826 41 15
v 9827 12 5
v 9828 72 38
v 9829 39 25
v 9830 6 2
v 9831 8 5
v 9832 16 7
v 9833 44 21
v 9834 97 55
v 9835 61 25
v 9836 76 48
v 9837 33 17
v 9838 33 19
v 9839 17 8
v 9840 51 27
v 9841 3 2
v 9842 8 4
v 9847 106 55
v 9848 48 27
v 9849 46 26
v 9851 109 55
v 9854 35 19
v 9856 95 51
v 9857 23 12
v 9859 34 17
v 9863 88 53
v 9864 18 10
v 9865 22 9
v 9866 8 2
v 9873 25 12
v 9883 32 15
v 10024 6 3
v 10025 27 10
v 10026 22 13
v 10027 37 22
v 10028 15 7
v 10029 7 1
v 10030 23 12
v 10031 40 19
v 10032 82 35
v 10033 88 44
v 10034 15 8
v 10035 72 32
v 10036 22 11
v 10037 35 18
v 10038 134 59
v 10039 89 36
v 10040 20 11
v 10041 6 4
v 10042 16 4
v 10043 15 6
v 10044 63 29
v 10045 4 3
v 10046 71 24
v 10047 21 13
v 10048 63 22
v 10049 15 9
v 10050 2 1
v 10051 54 26
v 10052 26 15
v 10053 51 21
v 10054 47 23
v 10055 93 46
v 10056 21 11
v 10057 10 4
v 10058 100 45
v 10059 32 15
v 10060 49 25
v 10061 17 4
v 10062 30 18
v 10063 45 22
v 10064 36 14
v 10065 4 3
v 10066 5 2
v 10067 52 23
v 10068 51 22
v 10069 139 72
v 10070 167 76
v 10071 67 24
v 10072 30 14
v 10073 6 3
v 10074 58 25
v 10075 31 16
v 10076 12 6
v 10077 47 22
v 10078 16 7
v 10079 15 7
v 10080 70 34
v 10081 45 23
v 10082 62 38
v 10083 8 4
v 10084 150 76
v 10085 50 29
v 10086 8 5
v 10087 6 3
v 10088 21 6
v 10089 62 24
v 10090 97 43
v 10091 63 35
v 10092 118 49
v 10093 71 34
v 10094 34 13
v 10095 28 19
v 10096 86 41
v 10097 16 9
v 10098 30 16
v 10103 130 54
v 10104 74 32
v 10105 50 22
v 10107 149 65
v 10110 57 22
v 10112 155 82
v 10113 51 30
v 10115 62 31
v 10119 116 51
v 10120 28 13
v 10121 31 9
v 10122 22 9
v 10129 41 18
v 10139 44 19
v 10281 7 3
v 10282 4 2
v 10283 2 1
v 10284 3 2
v 10285 5 1
v 10286 3 3
v 10287 10 5
v 10288 15 10
v 10289 19 8
v 10290 1 1
v 10291 13 5
v 10292 1 0
v 10293 9 6
v 10294 18 6
v 10295 14 10
v 10296 7 4
v 10297 3 1
v 10298 6 2
v 10299 3 1
v 10300 16 10
v 10301 1 1
v 10302 6 4
v 10303 9 4
v 10304 13 5
v 10305 6 4
v 10306 3 1
v 10307 6 3
v 10308 2 2
v 10309 18 8
v 10310 8 5
v 10311 17 9
v 10312 4 3
v 10313 3 2
v 10314 17 7
v 10315 11 4
v 10316 11 6
v 10317 2 1
v 10318 4 2
v 10319 13 6
v 10320 11 4
v 10321 2 2
v 10322 2 2
v 10323 10 4
v 10324 12 5
v 10325 20 12
v 10326 35 14
v 10327 13 7
v 10328 7 4
v 10329 1 1
v 10330 18 6
v 10331 6 0
v 10332 3 2
v 10333 9 4
v 10334 5 3
v 10335 1 1
v 10336 14 10
v 10337 6 4
v 10338 10 7
v 10339 6 5
v 10340 26 13
v 10341 11 3
v 10342 5 3
v 10343 1 0
v 10344 10 6
v 10345 13 7
v 10346 18 8
v 10347 9 4
v 10348 18 7
v 10349 8 5
v 10350 13 7
v 10351 7 3
v 10352 11 4
v 10353 3 3
v 10354 2 1
v 10359 18 9
v 10360 9 3
v 10361 11 4
v 10363 29 11
v 10366 6 2
v 10368 27 17
v 10369 9 4
v 10371 11 6
v 10375 18 8
v 10376 4 2
v 10377 5 1
v 10378 7 3
v 10385 10 5
v 10395 9 3
v 10538 20 8
v 10539 27 12
v 10540 9 3
v 10541 6 2
v 10542 12 8
v 10543 21 8
v 10544 42 19
v 10545 39 19
v 10546 14 9
v 10547 37 14
v 10548 9 4
v 10549 30 18
v 10550 150 79
v 10551 61 29
v 10552 10 4
v 10553 4 3
v 10554 13 7
v 10555 10 3
v 10556 34 10
v 10557 3 1
v 10558 44 14
v 10559 17 11
v 10560 41 18
v 10561 14 8
v 10562 5 1
v 10563 32 16
v 10564 11 5
v 10565 31 13
v 10566 29 13
v 10567 86 26
v 10568 10 3
v 10569 7 3
v 10570 55 30
v 10571 32 15
v 10572 40 23
v 10573 9 3
v 10574 21 6
v 10575 28 16
v 10576 16 6
v 10577 2 1
v 10578 3 0
v 10579 32 12
v 10580 32 13
v 10581 94 39
v 10582 107 47
v 10583 45 22
v 10584 31 15
v 10585 7 3
v 10586 33 15
v 10587 16 4
v 10588 13 4
v 10589 52 16
v 10590 4 3
v 10591 10 4
v 10592 47 16
v 10593 26 8
v 10594 40 22
v 10595 12 8
v 10596 98 51
v 10597 30 14
v 10598 6 2
v 10599 4 1
v 10600 20 5
v 10601 42 12
v 10602 82 36
v 10603 53 24
v 10604 65 39
v 10605 33 11
v 10606 35 15
v 10607 13 7
v 10608 49 18
v 10609 7 4
v 10610 8 3
v 10615 74 32
v 10616 54 27
v 10617 29 12
v 10619 110 55
v 10622 37 14
v 10624 104 56
v 10625 34 10
v 10627 45 23
v 10631 109 69
v 10632 10 6
v 10633 23 13
v 10634 13 6
v 10641 26 9
v 10651 14 7
v 10795 10 3
v 10796 7 2
v 10797 6 1
v 10798 13 6
v 10799 12 5
v 10800 35 18
v 10801 48 15
v 10802 10 4
v 10803 17 7
v 10804 7 4
v 10805 29 16
v 10806 39 21
v 10807 17 8
v 10808 9 7
v 10809 2 1
v 10810 7 2
v 10811 5 4
v 10812 43 21
v 10813 2 0
v 10814 21 6
v 10815 7 2
v 10816 19 8
v 10817 2 0
v 10818 1 0
v 10819 20 10
v 10820 8 5
v 10821 91 45
v 10822 18 10
v 10823 40 22
v 10824 9 0
v 10825 9 1
v 10826 35 21
v 10827 15 9
v 10828 19 9
v 10829 1 0
v 10830 11 4
v 10831 15 6
v 10832 10 6
v 10833 1 1
v 10834 6 3
v 10835 15 4
v 10836 24 8
v 10837 49 25
v 10838 83 39
v 10839 41 19
v 10840 21 8
v 10841 4 1
v 10842 15 5
v 10843 16 6
v 10844 7 3
v 10845 16 7
v 10846 5 2
v 10847 6 2
v 10848 30 17
v 10849 26 7
v 10850 24 7
v 10851 5 0
v 10852 46 22
v 10853 38 16
v 10854 4 2
v 10855 4 2
v 10856 17 9
v 10857 29 15
v 10858 52 29
v 10859 26 11
v 10860 27 13
v 10861 14 7
v 10862 17 7
v 10863 15 10
v 10864 39 12
v 10865 6 1
v 10866 11 5
v 10871 49 22
v 10872 23 11
v 10873 31 12
v 10875 70 37
v 10878 19 11
v 10880 43 19
v 10881 13 7
v 10883 23 6
v 10887 56 27
v 10888 5 1
v 10889 12 6
v 10890 7 2
v 10897 12 5
v 10907 10 3
v 11052 8 4
v 11053 4 3
v 11054 13 6
v 11055 33 14
v 11056 67 33
v 11057 52 25
v 11058 8 3
v 11059 34 21
v 11060 8 4
v 11061 35 19
v 11062 85 47
v 11063 46 14
v 11064 11 8
v 11065 5 3
v 11066 19 11
v 11067 12 6
v 11068 59 32
v 11069 5 2
v 11070 37 13
v 11071 12 7
v 11072 31 18
v 11073 7 2
v 11074 3 3
v 11075 30 17
v 11076 14 6
v 11077 49 23
v 11078 26 8
v 11079 65 33
v 11080 5 3
v 11081 7 3
v 11082 53 30
v 11083 30 13
v 11084 38 22
v 11085 16 5
v 11086 19 9
v 11087 23 11
v 11088 27 9
v 11089 4 2
v 11090 6 2
v 11091 32 12
v 11092 42 20
v 11093 104 58
v 11094 117 59
v 11095 60 40
v 11096 27 10
v 11097 5 1
v 11098 32 10
v 11099 22 9
v 11100 7 5
v 11101 18 12
v 11102 9 6
v 11103 9 2
v 11104 49 20
v 11105 25 11
v 11106 35 18
v 11107 10 5
v 11108 77 29
v 11109 47 21
v 11110 7 5
v 11111 3 1
v 11112 12 8
v 11113 37 16
v 11114 62 21
v 11115 40 18
v 11116 79 51
v 11117 43 16
v 11118 37 16
v 11119 21 9
v 11120 38 16
v 11121 7 3
v 11122 8 5
v 11127 82 31
v 11128 34 14
v 11129 28 14
v 11131 115 56
v 11134 29 15
v 11136 93 48
v 11137 30 18
v 11139 32 16
v 11143 81 46
v 11144 17 7
v 11145 12 6
v 11146 18 7
v 11153 22 13
v 11163 13 5
v 11309 3 2
v 11310 9 3
v 11311 19 9
v 11312 36 14
v 11313 33 14
v 11314 10 4
v 11315 18 7
v 11316 9 2
v 11317 17 7
v 11318 43 23
v 11319 23 12
v 11320 7 5
v 11321 6 4
v 11322 10 4
v 11323 2 1
v 11324 35 17
v 11325 2 1
v 11326 19 7
v 11327 2 0
v 11328 11 7
v 11329 4 1
v 11330 2 1
v 11331 30 11
v 11332 6 3
v 11333 18 8
v 11334 17 11
v 11335 36 22
v 11336 5 5
v 11337 6 5
v 11338 32 22
v 11339 19 8
v 11340 21 10
v 11341 3 0
v 11342 6 4
v 11343 12 6
v 11344 13 9
v 11346 2 1
v 11347 15 7
v 11348 22 9
v 11349 34 17
v 11350 58 30
v 11351 29 13
v 11352 7 2
v 11353 3 2
v 11354 17 10
v 11355 13 7
v 11356 7 2
v 11357 20 8
v 11358 3 3
v 11359 6 3
v 11360 30 16
v 11361 17 12
v 11362 12 5
v 11363 9 5
v 11364 40 22
v 11365 23 15
v 11366 6 5
v 11367 3 0
v 11368 9 4
v 11369 22 12
v 11370 24 7
v 11371 18 7
v 11372 38 26
v 11373 8 4
v 11374 11 5
v 11375 18 10
v 11376 26 9
v 11377 10 9
v 11378 5 4
v 11383 29 14
v 11384 18 3
v 11385 30 17
v 11387 48 27
v 11390 16 6
v 11392 50 30
v 11393 16 4
v 11395 34 11
v 11399 38 16
v 11400 10 4
v 11401 1 1
v 11402 4 1
v 11409 18 9
v 11419 14 6
v 11566 5 4
v 11567 10 4
v 11568 17 7
v 11569 17 10
v 11570 3 2
v 11571 11 8
v 11572 2 2
v 11573 14 7
v 11574 20 12
v 11575 14 7
v 11576 5 2
v 11577 3 2
v 11578 6 3
v 11579 6 5
v 11580 17 8
v 11582 6 3
v 11583 5 2
v 11584 10 6
v 11585 7 6
v 11586 2 1
v 11587 12 7
v 11588 5 3
v 11589 17 8
v 11590 8 5
v 11591 13 5
v 11592 4 3
v 11593 4 2
v 11594 22 10
v 11595 10 4
v 11596 12 8
v 11597 5 2
v 11598 10 4
v 11599 5 2
v 11600 8 4
v 11601 1 0
v 11603 6 3
v 11604 12 6
v 11605 22 15
v 11606 33 15
v 11607 13 5
v 11608 10 8
v 11609 1 0
v 11610 13 7
v 11611 7 4
v 11612 6 4
v 11613 10 7
v 11614 1 1
v 11615 3 2
v 11616 12 7
v 11617 8 4
v 11618 8 4
v 11619 5 3
v 11620 18 7
v 11621 19 9
v 11622 1 1
v 11624 5 4
v 11625 23 13
v 11626 16 5
v 11627 10 3
v 11628 22 14
v 11629 2 1
v 11630 8 3
v 11631 9 6
v 11632 18 13
v 11634 3 1
v 11639 24 13
v 11640 7 4
v 11641 12 8
v 11643 20 8
v 11646 9 7
v 11648 17 8
v 11649 8 3
v 11651 10 4
v 11655 23 15
v 11656 3 2
v 11657 7 4
v 11658 18 6
v 11665 8 6
v 11675 7 2
v 11823 28 14
v 11824 80 28
v 11825 53 28
v 11826 16 7
v 11827 41 19
v 11828 9 4
v 11829 45 18
v 11830 122 53
v 11831 49 15
v 11832 11 5
v 11833 3 2
v 11834 12 6
v 11835 6 4
v 11836 54 26
v 11837 4 1
v 11838 34 14
v 11839 11 5
v 11840 42 19
v 11841 10 1
v 11842 2 1
v 11843 36 14
v 11844 15 11
v 11845 43 19
v 11846 33 17
v 11847 75 32
v 11848 18 6
v 11849 8 3
v 11850 79 35
v 11851 25 13
v 11852 56 23
v 11853 13 4
v 11854 13 6
v 11855 28 16
v 11856 20 9
v 11857 11 7
v 11858 5 0
v 11859 30 9
v 11860 50 18
v 11861 99 50
v 11862 159 59
v 11863 67 26
v 11864 26 8
v 11865 4 2
v 11866 51 21
v 11867 25 10
v 11868 7 2
v 11869 32 18
v 11870 10 5
v 11871 11 4
v 11872 82 36
v 11873 38 21
v 11874 75 35
v 11875 15 6
v 11876 92 45
v 11877 53 32
v 11878 5 4
v 11879 6 1
v 11880 22 12
v 11881 76 35
v 11882 87 35
v 11883 58 27
v 11884 70 27
v 11885 43 15
v 11886 23 9
v 11887 24 9
v 11888 81 35
v 11889 4 1
v 11890 19 5
v 11895 78 29
v 11896 52 23
v 11897 56 29
v 11899 108 50
v 11902 22 9
v 11904 109 62
v 11905 27 15
v 11907 59 29
v 11911 100 48
v 11912 16 6
v 11913 20 8
v 11914 9 4
v 11921 27 13
v 11931 27 7
v 12080 65 39
v 12081 78 40
v 12082 19 9
v 12083 66 36
v 12084 9 6
v 12085 68 27
v 12086 130 63
v 12087 67 34
v 12088 22 7
v 12089 7 4
v 12090 30 14
v 12091 28 18
v 12092 82 43
v 12093 3 1
v 12094 60 23
v 12095 12 6
v 12096 49 29
v 12097 17 7
v 12098 6 1
v 12099 45 30
v 12100 8 4
v 12101 76 40
v 12102 45 21
v 12103 76 36
v 12104 16 8
v 12105 14 10
v 12106 60 37
v 12107 45 27
v 12108 70 44
v 12109 10 2
v 12110 19 12
v 12111 23 14
v 12112 33 19
v 12113 5 1
v 12114 3 2
v 12115 47 21
v 12116 51 27
v 12117 117 57
v 12118 137 75
v 12119 89 45
v 12120 34 17
v 12121 10 4
v 12122 43 17
v 12123 34 22
v 12124 7 4
v 12125 51 26
v 12126 10 5
v 12127 4 3
v 12128 76 29
v 12129 30 22
v 12130 65 27
v 12131 30 19
v 12132 83 40
v 12133 68 44
v 12134 10 7
v 12135 5 4
v 12136 25 10
v 12137 69 41
v 12138 95 47
v 12139 51 23
v 12140 85 44
v 12141 51 23
v 12142 41 23
v 12143 30 19
v 12144 76 34
v 12145 8 3
v 12146 25 13
v 12151 105 52
v 12152 45 29
v 12153 60 33
v 12155 138 73
v 12158 29 12
v 12160 112 59
v 12161 35 21
v 12163 57 28
v 12167 101 57
v 12168 16 6
v 12169 24 9
v 12170 13 8
v 12177 32 12
v 12187 26 12
v 12337 199 94
v 12338 57 35
v 12339 124 60
v 12340 26 8
v 12341 125 69
v 12342 290 133
v 12343 116 53
v 12344 49 28
v 12345 13 2
v 12346 34 17
v 12347 43 23
v 12348 243 123
v 12349 17 11
v 12350 112 40
v 12351 30 17
v 12352 117 57
v 12353 25 15
v 12354 8 3
v 12355 104 53
v 12356 34 24
v 12357 127 56
v 12358 80 40
v 12359 192 106
v 12360 32 14
v 12361 18 8
v 12362 186 93
v 12363 65 36
v 12364 129 68
v 12365 35 11
v 12366 97 46
v 12367 64 40
v 12368 72 40
v 12369 26 16
v 12370 19 10
v 12371 85 43
v 12372 100 57
v 12373 322 191
v 12374 365 183
v 12375 182 92
v 12376 64 26
v 12377 16 7
v 12378 124 63
v 12379 57 30
v 12380 22 10
v 12381 117 46
v 12382 24 15
v 12383 22 11
v 12384 146 76
v 12385 66 37
v 12386 120 68
v 12387 25 14
v 12388 289 151
v 12389 112 57
v 12390 13 8
v 12391 6 4
v 12392 41 27
v 12393 172 88
v 12394 241 116
v 12395 162 90
v 12396 237 120
v 12397 134 74
v 12398 98 42
v 12399 47 27
v 12400 223 105
v 12401 28 13
v 12402 37 21
v 12407 264 129
v 12408 162 78
v 12409 134 68
v 12411 371 194
v 12414 91 45
v 12416 263 143
v 12417 61 36
v 12419 174 83
v 12423 272 149
v 12424 37 20
v 12425 65 24
v 12426 55 26
v 12433 100 55
v 12443 67 26
v 12594 52 26
v 12595 112 65
v 12596 30 18
v 12597 92 34
v 12598 275 159
v 12599 154 73
v 12600 41 27
v 12601 7 2
v 12602 30 12
v 12603 25 13
v 12604 208 124
v 12605 8 5
v 12606 127 46
v 12607 26 13
v 12608 75 40
v 12609 15 4
v 12610 9 2
v 12611 88 38
v 12612 28 21
v 12613 182 95
v 12614 104 59
v 12615 195 99
v 12616 30 19
v 12617 11 5
v 12618 170 78
v 12619 73 43
v 12620 156 85
v 12621 35 16
v 12622 71 37
v 12623 65 38
v 12624 70 36
v 12625 20 12
v 12626 14 5
v 12627 50 30
v 12628 98 51
v 12629 217 124
v 12630 338 179
v 12631 161 85
v 12632 73 42
v 12633 13 6
v 12634 85 36
v 12635 47 21
v 12636 12 8
v 12637 127 64
v 12638 28 17
v 12639 15 9
v 12640 171 88
v 12641 70 42
v 12642 181 100
v 12643 30 22
v 12644 227 135
v 12645 114 67
v 12646 10 6
v 12647 20 9
v 12648 30 20
v 12649 171 84
v 12650 271 128
v 12651 121 62
v 12652 189 113
v 12653 130 68
v 12654 82 44
v 12655 55 31
v 12656 224 105
v 12657 23 14
v 12658 36 20
v 12663 234 127
v 12664 134 83
v 12665 124 70
v 12667 335 193
v 12670 70 41
v 12672 222 121
v 12673 69 39
v 12675 179 94
v 12679 227 121
v 12680 38 16
v 12681 77 35
v 12682 44 24
v 12689 86 49
v 12699 68 31
v 12851 21 12
v 12852 6 1
v 12853 27 15
v 12854 79 40
v 12855 45 21
v 12856 6 5
v 12857 3 2
v 12858 13 4
v 12859 11 3
v 12860 43 21
v 12861 2 1
v 12862 39 18
v 12863 11 4
v 12864 23 12
v 12865 10 4
v 12866 4 0
v 12867 23 9
v 12868 20 9
v 12869 47 28
v 12870 32 18
v 12871 38 17
v 12872 6 3
v 12873 3 1
v 12874 41 17
v 12875 18 9
v 12876 31 16
v 12877 8 3
v 12878 18 5
v 12879 18 6
v 12880 20 12
v 12881 7 3
v 12882 4 3
v 12883 24 9
v 12884 18 12
v 12885 87 51
v 12886 86 43
v 12887 53 25
v 12888 15 6
v 12889 5 1
v 12890 34 19
v 12891 18 8
v 12892 5 3
v 12893 29 10
v 12894 7 3
v 12895 7 5
v 12896 36 18
v 12897 30 19
v 12898 20 11
v 12899 7 3
v 12900 48 19
v 12901 23 13
v 12902 4 4
v 12903 3 2
v 12904 5 3
v 12905 57 28
v 12906 57 24
v 12907 40 16
v 12908 50 23
v 12909 25 12
v 12910 22 8
v 12911 23 5
v 12912 72 28
v 12913 7 2
v 12914 14 8
v 12919 71 29
v 12920 52 31
v 12921 43 23
v 12923 103 49
v 12926 27 15
v 12928 51 24
v 12929 16 7
v 12931 36 18
v 12935 44 16
v 12936 9 4
v 12937 13 5
v 12938 8 3
v 12945 32 18
v 12955 32 12
v 13108 11 6
v 13109 86 46
v 13110 212 113
v 13111 119 51
v 13112 37 18
v 13113 5 4
v 13114 16 8
v 13115 22 13
v 13116 122 73
v 13117 5 2
v 13118 91 35
v 13119 17 9
v 13120 71 39
v 13121 19 8
v 13122 2 0
v 13123 65 30
v 13124 14 8
v 13125 149 77
v 13126 43 22
v 13127 139 67
v 13128 23 12
v 13129 10 5
v 13130 116 58
v 13131 53 37
v 13132 79 45
v 13133 32 17
v 13134 42 16
v 13135 49 26
v 13136 48 24
v 13137 9 6
v 13138 11 5
v 13139 85 28
v 13140 64 39
v 13141 193 99
v 13142 244 122
v 13143 105 51
v 13144 42 26
v 13145 6 3
v 13146 84 34
v 13147 38 16
v 13148 11 7
v 13149 54 21
v 13150 5 2
v 13151 11 4
v 13152 111 47
v 13153 36 21
v 13154 62 27
v 13155 15 9
v 13156 179 94
v 13157 60 35
v 13158 2 2
v 13159 4 1
v 13160 24 17
v 13161 115 57
v 13162 183 85
v 13163 123 57
v 13164 168 107
v 13165 78 37
v 13166 54 24
v 13167 36 19
v 13168 168 81
v 13169 12 6
v 13170 27 16
v 13175 207 110
v 13176 93 51
v 13177 84 44
v 13179 275 141
v 13182 72 34
v 13184 148 82
v 13185 38 24
v 13187 111 57
v 13191 138 81
v 13192 19 8
v 13193 26 10
v 13194 28 18
v 13201 66 39
v 13211 46 15
v 13365 19 9
v 13366 39 18
v 13367 28 13
v 13368 3 0
v 13369 3 3
v 13370 6 3
v 13371 9 6
v 13372 31 14
v 13373 2 1
v 13374 25 12
v 13375 5 3
v 13376 10 5
v 13377 4 1
v 13378 3 0
v 13379 11 6
v 13380 8 5
v 13381 21 8
v 13382 7 3
v 13383 31 14
v 13384 5 2
v 13385 4 1
v 13386 26 9
v 13387 13 9
v 13388 17 9
v 13389 5 1
v 13390 10 6
v 13391 15 7
v 13392 7 3
v 13393 4 1
v 13394 3 2
v 13395 12 5
v 13396 18 12
v 13397 33 12
v 13398 64 33
v 13399 17 9
v 13400 8 5
v 13401 5 3
v 13402 17 5
v 13403 9 6
v 13404 3 1
v 13405 45 28
v 13407 5 2
v 13408 23 13
v 13409 15 7
v 13410 15 8
v 13411 5 3
v 13412 34 14
v 13413 20 8
v 13414 2 0
v 13415 3 0
v 13416 7 2
v 13417 17 8
v 13418 30 12
v 13419 22 11
v 13420 37 24
v 13421 16 8
v 13422 15 4
v 13423 9 4
v 13424 28 11
v 13425 5 4
v 13426 4 3
v 13431 42 23
v 13432 19 10
v 13433 15 8
v 13435 58 23
v 13438 15 7
v 13440 56 28
v 13441 13 7
v 13443 22 11
v 13447 35 22
v 13448 10 5
v 13449 8 3
v 13450 4 2
v 13457 16 5
v 13467 10 5
v 13622 185 101
v 13623 83 24
v 13624 31 20
v 13625 4 3
v 13626 32 16
v 13627 23 10
v 13628 87 49
v 13629 7 3
v 13630 78 25
v 13631 13 5
v 13632 57 29
v 13633 19 12
v 13634 8 2
v 13635 85 42
v 13636 15 8
v 13637 146 74
v 13638 61 40
v 13639 96 54
v 13640 26 13
v 13641 17 8
v 13642 124 65
v 13643 47 29
v 13644 88 48
v 13645 14 9
v 13646 34 14
v 13647 47 25
v 13648 72 36
v 13649 13 4
v 13650 13 3
v 13651 67 27
v 13652 84 45
v 13653 240 130
v 13654 270 138
v 13655 100 59
v 13656 36 12
v 13657 6 2
v 13658 69 33
v 13659 47 28
v 13660 15 8
v 13661 50 21
v 13662 10 5
v 13663 19 10
v 13664 123 61
v 13665 37 23
v 13666 107 53
v 13667 16 8
v 13668 155 74
v 13669 75 46
v 13670 8 5
v 13671 9 3
v 13672 20 12
v 13673 121 55
v 13674 149 66
v 13675 100 57
v 13676 197 104
v 13677 82 50
v 13678 64 27
v 13679 39 21
v 13680 172 100
v 13681 7 4
v 13682 25 13
v 13687 159 82
v 13688 107 54
v 13689 78 43
v 13691 253 125
v 13694 63 32
v 13696 164 87
v 13697 57 29
v 13699 114 60
v 13703 150 78
v 13704 25 13
v 13705 42 18
v 13706 26 14
v 13713 62 28
v 13723 66 33
v 13879 248 107
v 13880 84 43
v 13881 12 6
v 13882 50 25
v 13883 45 20
v 13884 238 125
v 13885 25 11
v 13886 212 78
v 13887 43 20
v 13888 157 92
v 13889 37 14
v 13890 12 3
v 13891 170 91
v 13892 42 26
v 13893 244 102
v 13894 241 112
v 13895 327 162
v 13896 41 20
v 13897 23 12
v 13898 332 149
v 13899 116 66
v 13900 208 93
v 13901 28 10
v 13902 59 27
v 13903 125 68
v 13904 110 55
v 13905 29 17
v 13906 20 10
v 13907 214 92
v 13908 202 111
v 13909 500 263
v 13910 638 306
v 13911 299 158
v 13912 127 62
v 13913 21 12
v 13914 161 69
v 13915 104 42
v 13916 18 7
v 13917 208 88
v 13918 90 42
v 13919 46 20
v 13920 429 220
v 13921 122 62
v 13922 160 75
v 13923 37 20
v 13924 336 165
v 13925 190 102
v 13926 23 14
v 13927 18 7
v 13928 73 41
v 13929 307 156
v 13930 360 190
v 13931 302 122
v 13932 646 376
v 13933 255 138
v 13934 185 93
v 13935 103 53
v 13936 286 111
v 13937 36 18
v 13938 69 35
v 13943 436 220
v 13944 233 101
v 13945 214 109
v 13947 575 288
v 13950 156 79
v 13952 390 223
v 13953 154 96
v 13955 284 127
v 13959 384 183
v 13960 63 25
v 13961 102 48
v 13962 49 26
v 13969 146 70
v 13979 140 53
v 14136 73 42
v 14137 9 6
v 14138 51 20
v 14139 32 18
v 14140 176 112
v 14141 7 2
v 14142 108 49
v 14143 20 12
v 14144 78 49
v 14145 26 15
v 14146 10 3
v 14147 53 29
v 14148 22 15
v 14149 191 91
v 14150 66 38
v 14151 160 87
v 14152 29 16
v 14153 22 12
v 14154 169 83
v 14155 52 37
v 14156 129 78
v 14157 34 13
v 14158 52 27
v 14159 68 34
v 14160 74 39
v 14161 9 5
v 14162 12 5
v 14163 85 48
v 14164 103 52
v 14165 258 156
v 14166 343 185
v 14167 144 76
v 14168 70 31
v 14169 8 5
v 14170 112 52
v 14171 50 17
v 14172 9 8
v 14173 86 39
v 14174 6 2
v 14175 28 11
v 14176 183 97
v 14177 83 42
v 14178 87 45
v 14179 21 12
v 14180 201 118
v 14181 82 47
v 14182 13 11
v 14183 3 3
v 14184 35 22
v 14185 178 82
v 14186 264 145
v 14187 133 77
v 14188 306 182
v 14189 57 37
v 14190 90 39
v 14191 108 54
v 14192 192 93
v 14193 14 7
v 14194 41 28
v 14199 295 146
v 14200 137 79
v 14201 108 68
v 14203 342 182
v 14206 78 40
v 14208 245 133
v 14209 91 59
v 14211 142 85
v 14215 206 108
v 14216 42 19
v 14217 44 17
v 14218 26 16
v 14225 96 48
v 14235 111 38
v 14393 5 4
v 14394 16 6
v 14395 9 5
v 14396 24 15
v 14397 2 2
v 14398 26 13
v 14399 3 2
v 14400 26 12
v 14401 7 1
v 14402 3 3
v 14403 24 12
v 14404 8 4
v 14405 42 18
v 14406 21 13
v 14407 36 16
v 14408 5 3
v 14409 4 3
v 14410 49 27
v 14411 24 10
v 14412 33 12
v 14413 7 1
v 14414 14 3
v 14415 27 13
v 14416 25 13
v 14417 4 2
v 14418 4 2
v 14419 29 15
v 14420 32 13
v 14421 95 54
v 14422 109 55
v 14423 36 16
v 14424 17 6
v 14425 4 4
v 14426 32 15
v 14427 10 4
v 14428 7 1
v 14429 28 12
v 14430 4 0
v 14431 5 2
v 14432 46 25
v 14433 15 3
v 14434 39 22
v 14435 8 3
v 14436 46 21
v 14437 19 8
v 14438 2 1
v 14439 1 0
v 14440 11 4
v 14441 39 21
v 14442 64 30
v 14443 44 18
v 14444 72 45
v 14445 25 8
v 14446 34 15
v 14447 15 7
v 14448 38 14
v 14449 8 4
v 14450 8 5
v 14455 76 30
v 14456 48 19
v 14457 45 25
v 14459 89 44
v 14462 32 15
v 14464 59 31
v 14465 15 7
v 14467 37 20
v 14471 50 30
v 14472 5 1
v 14473 14 4
v 14474 8 2
v 14481 28 12
v 14491 29 11
v 14650 2 0
v 14651 4 3
v 14652 14 6
v 14653 4 3
v 14654 8 6
v 14656 4 3
v 14657 1 0
v 14658 1 0
v 14659 12 4
v 14660 3 1
v 14661 15 3
v 14662 7 2
v 14663 12 5
v 14664 4 3
v 14665 1 0
v 14666 18 7
v 14667 5 3
v 14668 12 7
v 14669 1 0
v 14670 4 2
v 14671 11 4
v 14672 5 2
v 14674 2 2
v 14675 8 5
v 14676 7 3
v 14677 20 9
v 14678 30 18
v 14679 17 9
v 14680 3 0
v 14681 1 0
v 14682 13 7
v 14683 6 2
v 14684 2 0
v 14685 6 3
v 14686 1 0
v 14687 3 1
v 14688 17 11
v 14689 7 2
v 14690 13 9
v 14691 3 2
v 14692 23 12
v 14693 2 1
v 14694 1 1
v 14696 6 2
v 14697 12 9
v 14698 20 13
v 14699 15 3
v 14700 21 15
v 14701 14 9
v 14702 6 2
v 14703 5 3
v 14704 13 7
v 14705 1 0
v 14706 2 2
v 14711 22 10
v 14712 5 1
v 14713 16 7
v 14715 25 11
v 14718 5 3
v 14720 15 7
v 14721 7 5
v 14723 11 5
v 14727 12 4
v 14728 3 2
v 14729 2 0
v 14730 8 3
v 14737 7 3
v 14747 2 2
v 14907 6 0
v 14908 40 18
v 14909 5 2
v 14910 29 13
v 14911 1 0
v 14912 18 8
v 14913 5 2
v 14914 6 2
v 14915 18 10
v 14916 4 3
v 14917 50 23
v 14918 22 15
v 14919 41 15
v 14920 8 3
v 14921 6 4
v 14922 37 20
v 14923 9 2
v 14924 25 10
v 14925 8 3
v 14926 5 4
v 14927 14 9
v 14928 10 5
v 14929 3 2
v 14930 2 1
v 14931 14 6
v 14932 20 9
v 14933 60 34
v 14934 75 46
v 14935 35 15
v 14936 18 11
v 14937 3 1
v 14938 30 12
v 14939 20 9
v 14940 4 3
v 14941 22 9
v 14942 7 5
v 14943 7 5
v 14944 42 24
v 14945 17 14
v 14946 33 17
v 14947 5 0
v 14948 59 38
v 14949 26 18
v 14950 3 2
v 14951 5 5
v 14952 9 5
v 14953 37 23
v 14954 78 44
v 14955 21 11
v 14956 43 27
v 14957 29 14
v 14958 13 7
v 14959 14 4
v 14960 62 28
v 14961 4 3
v 14962 3 1
v 14967 53 28
v 14968 32 18
v 14969 23 12
v 14971 107 66
v 14974 24 9
v 14976 46 27
v 14977 9 4
v 14979 37 19
v 14983 52 23
v 14984 5 3
v 14985 17 8
v 14986 7 3
v 14993 19 11
v 15003 21 6
v 15164 35 17
v 15165 1 0
v 15166 28 7
v 15167 12 7
v 15168 22 12
v 15169 2 1
v 15171 18 9
v 15172 14 6
v 15173 24 11
v 15174 12 5
v 15175 31 15
v 15176 1 1
v 15177 3 3
v 15178 23 11
v 15179 20 8
v 15180 34 21
v 15181 5 2
v 15182 7 4
v 15183 3 3
v 15184 16 10
v 15185 2 0
v 15187 16 8
v 15188 23 9
v 15189 40 19
v 15190 72 37
v 15191 28 11
v 15192 15 8
v 15194 15 8
v 15195 7 2
v 15196 2 2
v 15197 18 6
v 15198 6 3
v 15199 4 2
v 15200 29 14
v 15201 12 5
v 15202 13 5
v 15203 7 4
v 15204 42 20
v 15205 24 13
v 15206 2 0
v 15207 7 6
v 15208 5 0
v 15209 31 12
v 15210 85 42
v 15211 38 19
v 15212 36 14
v 15213 17 9
v 15214 21 9
v 15215 8 5
v 15216 30 15
v 15217 4 1
v 15218 12 4
v 15223 39 19
v 15224 29 10
v 15225 28 14
v 15227 51 20
v 15230 19 9
v 15232 33 16
v 15233 16 9
v 15235 25 12
v 15239 44 24
v 15240 7 1
v 15241 12 5
v 15242 5 3
v 15249 12 5
v 15259 20 13
v 15421 22 7
v 15422 106 40
v 15423 23 15
v 15424 93 38
v 15425 23 8
v 15426 3 1
v 15427 129 61
v 15428 37 20
v 15429 151 68
v 15430 71 36
v 15431 171 72
v 15432 31 15
v 15433 17 4
v 15434 200 92
v 15435 84 48
v 15436 108 45
v 15437 31 13
v 15438 69 28
v 15439 105 52
v 15440 65 37
v 15441 25 13
v 15442 23 8
v 15443 82 39
v 15444 123 58
v 15445 235 126
v 15446 445 210
v 15447 183 82
v 15448 70 28
v 15449 33 13
v 15450 116 43
v 15451 61 27
v 15452 25 7
v 15453 83 39
v 15454 26 15
v 15455 33 17
v 15456 234 112
v 15457 80 40
v 15458 85 46
v 15459 33 17
v 15460 181 86
v 15461 110 63
v 15462 16 10
v 15463 6 0
v 15464 55 31
v 15465 132 63
v 15466 208 88
v 15467 177 84
v 15468 283 146
v 15469 177 71
v 15470 151 70
v 15471 89 49
v 15472 264 119
v 15473 19 10
v 15474 42 17
v 15479 248 99
v 15480 154 73
v 15481 154 85
v 15483 347 169
v 15486 89 41
v 15488 247 124
v 15489 100 51
v 15491 180 90
v 15495 336 141
v 15496 40 18
v 15497 66 27
v 15498 46 20
v 15505 73 38
v 15515 60 25
v 15678 1 0
v 15679 1 1
v 15680 8 2
v 15681 3 0
v 15682 4 2
v 15683 11 5
v 15684 1 1
v 15685 24 12
v 15686 6 4
v 15687 7 5
v 15688 1 1
v 15690 14 8
v 15691 6 2
v 15692 7 5
v 15693 5 3
v 15694 1 1
v 15695 8 6
v 15696 3 1
v 15697 1 1
v 15699 7 2
v 15700 10 8
v 15701 17 11
v 15702 38 18
v 15703 7 3
v 15704 2 2
v 15705 1 0
v 15706 5 2
v 15707 5 2
v 15709 3 1
v 15711 1 1
v 15712 9 5
v 15713 8 5
v 15714 5 1
v 15715 3 2
v 15716 11 8
v 15717 3 1
v 15718 2 1
v 15719 1 1
v 15720 5 1
v 15721 16 7
v 15722 9 5
v 15723 13 9
v 15724 13 8
v 15725 4 3
v 15726 7 2
v 15727 5 3
v 15728 11 4
v 15729 7 5
v 15730 2 0
v 15735 12 9
v 15736 8 4
v 15737 9 5
v 15739 26 11
v 15742 7 5
v 15744 15 9
v 15745 3 2
v 15747 15 8
v 15751 13 6
v 15752 2 1
v 15753 3 1
v 15754 4 2
v 15761 8 4
v 15771 2 0
v 15935 14 9
v 15936 58 36
v 15937 17 13
v 15938 5 4
v 15939 68 51
v 15940 20 14
v 15941 131 79
v 15942 72 47
v 15943 205 130
v 15944 23 14
v 15945 19 10
v 15946 124 84
v 15947 46 32
v 15948 89 55
v 15949 18 10
v 15950 38 20
v 15951 48 27
v 15952 49 34
v 15953 10 5
v 15954 6 3
v 15955 80 47
v 15956 83 47
v 15957 199 130
v 15958 269 157
v 15959 121 77
v 15960 55 24
v 15961 14 8
v 15962 72 38
v 15963 45 21
v 15964 11 9
v 15965 88 48
v 15966 16 10
v 15967 15 7
v 15968 132 85
v 15969 60 42
v 15970 73 42
v 15971 28 17
v 15972 167 110
v 15973 81 58
v 15974 19 15
v 15975 10 7
v 15976 35 24
v 15977 117 63
v 15978 171 102
v 15979 129 77
v 15980 203 136
v 15981 72 47
v 15982 71 46
v 15983 58 37
v 15984 134 82
v 15985 12 9
v 15986 22 15
v 15991 213 135
v 15992 99 66
v 15993 96 65
v 15995 287 169
v 15998 72 47
v 16000 179 106
v 16001 50 38
v 16003 116 74
v 16007 140 90
v 16008 22 13
v 16009 47 23
v 16010 29 13
v 16017 66 40
v 16027 52 27
v 16192 25 10
v 16193 10 7
v 16194 2 1
v 16195 15 8
v 16196 5 1
v 16197 17 7
v 16198 16 7
v 16199 27 10
v 16200 8 4
v 16201 5 3
v 16202 22 14
v 16203 10 4
v 16204 23 12
v 16205 4 3
v 16206 19 9
v 16207 20 9
v 16208 15 4
v 16209 2 0
v 16210 3 2
v 16211 13 7
v 16212 20 14
v 16213 71 34
v 16214 48 17
v 16215 28 14
v 16216 11 5
v 16217 2 0
v 16218 29 17
v 16219 15 9
v 16220 3 1
v 16221 10 2
v 16222 7 4
v 16223 4 2
v 16224 26 9
v 16225 12 6
v 16226 21 9
v 16227 8 7
v 16228 45 18
v 16229 15 9
v 16230 1 0
v 16231 4 2
v 16232 13 4
v 16233 20 12
v 16234 33 9
v 16235 20 7
v 16236 31 18
v 16237 31 13
v 16238 19 11
v 16239 8 3
v 16240 25 10
v 16241 10 4
v 16242 5 2
v 16247 27 10
v 16248 29 18
v 16249 19 8
v 16251 49 27
v 16254 15 8
v 16256 46 22
v 16257 14 8
v 16259 20 10
v 16263 49 23
v 16264 5 4
v 16265 5 2
v 16266 2 1
v 16273 10 3
v 16283 13 8
v 16449 15 3
v 16450 4 1
v 16451 50 20
v 16452 14 5
v 16453 88 36
v 16454 53 23
v 16455 107 53
v 16456 18 9
v 16457 14 9
v 16458 99 47
v 16459 50 24
v 16460 54 28
v 16461 16 4
v 16462 31 12
v 16463 32 14
v 16464 28 14
v 16465 10 4
v 16466 7 4
v 16467 54 24
v 16468 71 34
v 16469 244 125
v 16470 230 99
v 16471 119 60
v 16472 37 19
v 16473 7 4
v 16474 41 19
v 16475 36 13
v 16476 10 7
v 16477 54 25
v 16478 11 5
v 16479 13 8
v 16480 101 40
v 16481 54 31
v 16482 51 31
v 16483 19 12
v 16484 126 69
v 16485 72 35
v 16486 14 7
v 16487 1 0
v 16488 54 24
v 16489 67 28
v 16490 126 62
v 16491 68 28
v 16492 138 71
v 16493 49 25
v 16494 58 31
v 16495 34 17
v 16496 107 54
v 16497 14 4
v 16498 18 6
v 16503 122 59
v 16504 88 35
v 16505 69 33
v 16507 164 83
v 16510 60 30
v 16512 160 79
v 16513 43 22
v 16515 73 37
v 16519 142 75
v 16520 25 13
v 16521 34 14
v 16522 27 6
v 16529 54 34
v 16539 50 18
v 16706 1 0
v 16707 7 4
v 16708 1 1
v 16709 27 16
v 16710 11 7
v 16711 35 21
v 16712 3 1
v 16713 2 1
v 16714 13 6
v 16715 20 14
v 16716 20 14
v 16717 12 4
v 16718 7 2
v 16719 6 1
v 16720 11 7
v 16721 3 2
v 16722 3 2
v 16723 22 10
v 16724 13 6
v 16725 50 30
v 16726 54 32
v 16727 22 14
v 16728 8 4
v 16729 1 0
v 16730 20 14
v 16731 11 7
v 16732 3 2
v 16733 26 13
v 16734 2 2
v 16735 5 1
v 16736 27 12
v 16737 9 2
v 16738 17 10
v 16739 7 6
v 16740 34 19
v 16741 13 10
v 16742 4 2
v 16743 4 2
v 16744 7 4
v 16745 23 12
v 16746 33 15
v 16747 25 17
v 16748 36 23
v 16749 19 10
v 16750 12 8
v 16751 17 7
v 16752 40 20
v 16753 3 0
v 16754 11 7
v 16759 47 20
v 16760 25 8
v 16761 19 8
v 16763 60 39
v 16766 15 8
v 16768 43 30
v 16769 18 10
v 16771 31 12
v 16775 41 26
v 16776 5 2
v 16777 5 3
v 16778 6 4
v 16785 16 5
v 16795 12 7
v 16963 2 2
v 16964 2 0
v 16965 6 4
v 16966 2 1
v 16967 7 3
v 16969 1 0
v 16970 7 6
v 16971 1 1
v 16972 4 3
v 16973 1 1
v 16974 4 2
v 16975 2 2
v 16976 1 0
v 16977 1 0
v 16978 1 0
v 16979 3 2
v 16980 5 4
v 16981 9 5
v 16982 13 3
v 16983 3 3
v 16984 1 1
v 16985 2 2
v 16986 3 2
v 16987 4 2
v 16988 3 1
v 16989 1 1
v 16990 2 2
v 16991 1 1
v 16992 9 4
v 16993 5 2
v 16994 3 2
v 16995 1 1
v 16996 10 6
v 16997 4 2
v 16999 3 1
v 17000 3 2
v 17001 13 7
v 17002 14 7
v 17003 11 7
v 17004 12 9
v 17005 5 4
v 17006 5 1
v 17007 5 4
v 17008 19 9
v 17009 2 2
v 17010 3 2
v 17015 10 6
v 17016 7 4
v 17017 4 4
v 17019 15 8
v 17022 3 0
v 17024 8 4
v 17025 3 3
v 17027 5 3
v 17031 8 3
v 17032 4 2
v 17033 2 2
v 17034 3 2
v 17041 2 2
v 17051 2 1
v 17220 18 12
v 17221 102 50
v 17222 46 23
v 17223 99 39
v 17224 11 4
v 17225 12 3
v 17226 101 50
v 17227 38 19
v 17228 74 39
v 17229 16 6
v 17230 28 14
v 17231 55 29
v 17232 45 22
v 17233 7 3
v 17234 11 5
v 17235 59 25
v 17236 62 32
v 17237 96 47
v 17238 194 86
v 17239 107 48
v 17240 40 23
v 17241 10 3
v 17242 48 23
v 17243 40 15
v 17244 13 9
v 17245 55 20
v 17246 15 12
v 17247 11 6
v 17248 81 33
v 17249 50 25
v 17250 58 38
v 17251 16 6
v 17252 123 54
v 17253 77 39
v 17254 14 9
v 17255 6 3
v 17256 24 11
v 17257 62 30
v 17258 131 63
v 17259 71 32
v 17260 105 52
v 17261 37 20
v 17262 30 9
v 17263 55 28
v 17264 141 57
v 17265 19 10
v 17266 12 6
v 17271 126 59
v 17272 65 34
v 17273 94 43
v 17275 172 90
v 17278 46 19
v 17280 135 70
v 17281 40 22
v 17283 79 40
v 17287 115 47
v 17288 16 8
v 17289 50 29
v 17290 13 7
v 17297 40 21
v 17307 32 13
v 17477 19 8
v 17478 17 9
v 17479 30 10
v 17480 7 3
v 17481 4 2
v 17482 20 7
v 17483 11 7
v 17484 23 10
v 17485 7 1
v 17486 16 13
v 17487 10 5
v 17488 9 3
v 17489 2 1
v 17490 3 1
v 17491 26 11
v 17492 16 5
v 17493 44 22
v 17494 69 28
v 17495 25 12
v 17496 14 9
v 17498 24 11
v 17499 46 21
v 17500 4 2
v 17501 20 8
v 17502 12 1
v 17503 3 3
v 17504 25 17
v 17505 22 12
v 17506 16 8
v 17507 5 3
v 17508 39 15
v 17509 21 12
v 17510 6 6
v 17512 16 7
v 17513 26 4
v 17514 32 10
v 17515 22 12
v 17516 33 18
v 17517 23 8
v 17518 10 3
v 17519 18 9
v 17520 50 25
v 17521 10 5
v 17522 6 3
v 17527 37 12
v 17528 27 14
v 17529 13 5
v 17531 41 18
v 17534 17 6
v 17536 43 22
v 17537 11 4
v 17539 32 11
v 17543 22 7
v 17544 10 3
v 17545 9 6
v 17546 11 5
v 17553 11 5
v 17563 35 8
v 17734 52 23
v 17735 169 94
v 17736 18 12
v 17737 19 12
v 17738 173 80
v 17739 69 40
v 17740 135 71
v 17741 29 13
v 17742 70 37
v 17743 62 42
v 17744 115 51
v 17745 15 8
v 17746 16 6
v 17747 68 34
v 17748 108 59
v 17749 255 111
v 17750 318 146
v 17751 158 77
v 17752 43 19
v 17753 10 2
v 17754 114 47
v 17755 88 43
v 17756 23 10
v 17757 81 44
v 17758 83 40
v 17759 8 5
v 17760 265 143
v 17761 58 34
v 17762 121 54
v 17763 28 16
v 17764 200 100
v 17765 129 68
v 17766 13 10
v 17767 10 2
v 17768 38 22
v 17769 139 72
v 17770 235 109
v 17771 200 90
v 17772 257 153
v 17773 136 72
v 17774 89 53
v 17775 58 26
v 17776 234 112
v 17777 22 12
v 17778 24 14
v 17783 266 136
v 17784 139 70
v 17785 137 76
v 17787 380 213
v 17790 85 43
v 17792 204 110
v 17793 71 35
v 17795 149 77
v 17799 232 121
v 17800 34 16
v 17801 64 31
v 17802 41 20
v 17809 79 38
v 17819 130 63
v 17991 105 45
v 17992 18 8
v 17993 8 3
v 17994 101 43
v 17995 45 25
v 17996 46 24
v 17997 10 5
v 17998 30 11
v 17999 26 12
v 18000 37 14
v 18001 9 6
v 18002 6 4
v 18003 33 9
v 18004 57 23
v 18005 133 68
v 18006 204 92
v 18007 88 38
v 18008 40 19
v 18009 5 2
v 18010 56 22
v 18011 27 10
v 18012 7 3
v 18013 58 24
v 18014 7 3
v 18015 14 8
v 18016 89 48
v 18017 59 33
v 18018 90 52
v 18019 15 7
v 18020 108 43
v 18021 37 16
v 18022 11 4
v 18023 11 6
v 18024 40 18
v 18025 66 31
v 18026 112 57
v 18027 75 33
v 18028 111 66
v 18029 41 15
v 18030 68 34
v 18031 47 24
v 18032 83 40
v 18033 15 7
v 18034 28 13
v 18039 103 40
v 18040 72 33
v 18041 86 44
v 18043 155 79
v 18046 66 31
v 18048 156 85
v 18049 49 22
v 18051 80 38
v 18055 107 39
v 18056 25 11
v 18057 31 11
v 18058 26 11
v 18065 42 23
v 18075 22 10
v 18248 42 19
v 18249 24 8
v 18250 196 109
v 18251 93 58
v 18252 148 71
v 18253 34 16
v 18254 54 27
v 18255 100 53
v 18256 76 42
v 18257 15 8
v 18258 22 8
v 18259 105 53
v 18260 133 68
v 18261 300 166
v 18262 436 211
v 18263 192 90
v 18264 89 41
v 18265 6 2
v 18266 105 43
v 18267 73 29
v 18268 18 8
v 18269 117 54
v 18270 26 12
v 18271 37 20
v 18272 198 99
v 18273 85 51
v 18274 160 78
v 18275 32 20
v 18276 277 140
v 18277 123 76
v 18278 12 7
v 18279 5 4
v 18280 46 28
v 18281 169 82
v 18282 290 137
v 18283 165 80
v 18284 346 191
v 18285 98 38
v 18286 105 51
v 18287 79 44
v 18288 191 92
v 18289 18 8
v 18290 46 30
v 18295 337 154
v 18296 128 72
v 18297 154 75
v 18299 387 203
v 18302 116 55
v 18304 264 150
v 18305 111 66
v 18307 142 70
v 18311 264 141
v 18312 52 31
v 18313 66 36
v 18314 36 17
v 18321 90 44
v 18331 99 38
v 18505 1 0
v 18506 39 21
v 18507 14 6
v 18508 24 14
v 18509 11 4
v 18510 17 6
v 18511 12 6
v 18512 15 7
v 18513 6 3
v 18514 6 2
v 18515 13 6
v 18516 22 8
v 18517 63 35
v 18518 69 34
v 18519 29 8
v 18520 21 12
v 18521 1 0
v 18522 19 4
v 18523 8 5
v 18524 1 0
v 18525 21 13
v 18526 5 1
v 18527 1 0
v 18528 20 10
v 18529 14 5
v 18530 19 11
v 18531 9 8
v 18532 49 23
v 18533 21 10
v 18534 6 1
v 18535 1 0
v 18536 8 2
v 18537 21 9
v 18538 43 25
v 18539 35 11
v 18540 21 9
v 18541 20 10
v 18542 14 6
v 18543 6 0
v 18544 39 19
v 18545 2 1
v 18546 9 3
v 18551 53 29
v 18552 21 11
v 18553 16 12
v 18555 40 15
v 18558 23 12
v 18560 45 23
v 18561 12 6
v 18563 31 16
v 18567 31 24
v 18568 8 4
v 18569 5 2
v 18570 16 9
v 18577 8 5
v 18587 12 5
v 18762 30 13
v 18763 13 5
v 18764 15 9
v 18765 2 1
v 18766 6 3
v 18767 8 4
v 18768 11 5
v 18769 4 2
v 18770 2 0
v 18771 9 5
v 18772 10 4
v 18773 35 16
v 18774 56 27
v 18775 25 13
v 18776 7 5
v 18777 1 0
v 18778 11 4
v 18779 11 6
v 18780 1 0
v 18781 16 11
v 18782 5 4
v 18783 4 3
v 18784 19 12
v 18785 15 9
v 18786 17 12
v 18787 6 4
v 18788 26 12
v 18789 17 8
v 18790 6 4
v 18791 2 0
v 18792 14 8
v 18793 15 10
v 18794 26 8
v 18795 22 7
v 18796 26 10
v 18797 12 6
v 18798 11 8
v 18799 9 4
v 18800 26 12
v 18801 5 3
v 18802 4 1
v 18807 20 14
v 18808 12 5
v 18809 12 3
v 18811 40 21
v 18814 11 5
v 18816 32 18
v 18817 10 5
v 18819 20 12
v 18823 25 11
v 18824 6 3
v 18825 5 2
v 18826 10 6
v 18833 13 6
v 18843 11 4
v 19019 86 50
v 19020 111 49
v 19021 39 14
v 19022 66 33
v 19023 119 68
v 19024 92 51
v 19025 16 8
v 19026 8 2
v 19027 100 46
v 19028 147 78
v 19029 316 173
v 19030 437 197
v 19031 167 86
v 19032 64 36
v 19033 12 6
v 19034 112 48
v 19035 79 33
v 19036 20 11
v 19037 90 41
v 19038 19 8
v 19039 25 15
v 19040 187 89
v 19041 89 47
v 19042 125 58
v 19043 30 18
v 19044 284 134
v 19045 99 55
v 19046 25 12
v 19047 13 3
v 19048 54 25
v 19049 183 94
v 19050 281 132
v 19051 188 75
v 19052 292 173
v 19053 108 54
v 19054 97 44
v 19055 70 38
v 19056 256 115
v 19057 36 21
v 19058 34 17
v 19063 295 165
v 19064 248 121
v 19065 168 83
v 19067 373 197
v 19070 214 97
v 19072 307 176
v 19073 97 51
v 19075 209 89
v 19079 264 130
v 19080 36 19
v 19081 41 14
v 19082 42 21
v 19089 128 57
v 19099 90 34
v 19276 34 12
v 19277 31 8
v 19278 16 5
v 19279 30 13
v 19280 38 15
v 19281 8 2
v 19282 7 4
v 19283 34 11
v 19284 71 35
v 19285 111 53
v 19286 192 86
v 19287 80 39
v 19288 41 16
v 19289 5 2
v 19290 43 16
v 19291 35 14
v 19292 6 2
v 19293 56 22
v 19294 10 4
v 19295 14 10
v 19296 50 26
v 19297 44 26
v 19298 38 20
v 19299 22 10
v 19300 119 56
v 19301 48 21
v 19302 16 7
v 19303 3 1
v 19304 38 23
v 19305 54 25
v 19306 85 34
v 19307 76 34
v 19308 98 55
v 19309 50 23
v 19310 55 22
v 19311 49 21
v 19312 71 28
v 19313 6 4
v 19314 31 15
v 19319 90 41
v 19320 58 26
v 19321 68 32
v 19323 111 48
v 19326 36 16
v 19328 156 78
v 19329 34 14
v 19331 67 29
v 19335 184 79
v 19336 19 10
v 19337 28 11
v 19338 20 8
v 19345 29 18
v 19355 31 9
v 19533 29 15
v 19534 36 19
v 19535 46 24
v 19536 55 27
v 19537 14 6
v 19538 12 7
v 19539 60 29
v 19540 78 41
v 19541 184 92
v 19542 270 137
v 19543 132 62
v 19544 96 42
v 19545 13 6
v 19546 62 28
v 19547 49 19
v 19548 15 6
v 19549 69 41
v 19550 10 6
v 19551 6 2
v 19552 90 54
v 19553 53 27
v 19554 84 42
v 19555 20 10
v 19556 144 76
v 19557 83 50
v 19558 8 5
v 19559 7 6
v 19560 50 28
v 19561 126 65
v 19562 144 65
v 19563 93 43
v 19564 131 71
v 19565 68 36
v 19566 62 32
v 19567 34 20
v 19568 153 75
v 19569 24 14
v 19570 23 9
v 19575 174 82
v 19576 107 50
v 19577 102 51
v 19579 254 141
v 19582 36 19
v 19584 157 89
v 19585 56 28
v 19587 93 53
v 19591 160 76
v 19592 26 16
v 19593 41 23
v 19594 30 17
v 19601 68 39
v 19611 65 28
v 19790 11 6
v 19791 14 10
v 19792 16 10
v 19793 3 1
v 19794 6 0
v 19795 13 5
v 19796 15 12
v 19797 50 33
v 19798 81 52
v 19799 31 18
v 19800 10 4
v 19801 20 6
v 19802 19 11
v 19803 9 5
v 19804 5 3
v 19805 27 11
v 19806 8 6
v 19807 15 11
v 19808 37 21
v 19809 18 13
v 19810 27 14
v 19811 5 2
v 19812 43 26
v 19813 22 16
v 19814 2 2
v 19815 1 0
v 19816 5 2
v 19817 31 16
v 19818 46 26
v 19819 34 16
v 19820 49 32
v 19821 47 29
v 19822 18 12
v 19823 16 12
v 19824 28 13
v 19825 5 4
v 19826 6 4
v 19831 46 22
v 19832 29 12
v 19833 34 20
v 19835 48 25
v 19838 13 11
v 19840 43 27
v 19841 25 16
v 19843 34 19
v 19847 43 28
v 19848 10 4
v 19849 7 3
v 19850 2 2
v 19857 12 6
v 19867 18 12
v 20047 18 11
v 20048 18 11
v 20049 3 2
v 20050 4 4
v 20051 27 14
v 20052 31 18
v 20053 69 36
v 20054 113 64
v 20055 65 35
v 20056 35 17
v 20057 3 2
v 20058 34 16
v 20059 29 13
v 20060 6 3
v 20061 45 20
v 20062 9 7
v 20063 5 4
v 20064 62 32
v 20065 12 9
v 20066 42 26
v 20067 9 4
v 20068 59 29
v 20069 42 23
v 20070 9 7
v 20071 4 2
v 20072 13 6
v 20073 52 26
v 20074 66 34
v 20075 64 36
v 20076 77 45
v 20077 22 12
v 20078 29 17
v 20079 17 8
v 20080 69 41
v 20081 7 5
v 20082 7 2
v 20087 96 47
v 20088 64 31
v 20089 52 28
v 20091 115 64
v 20094 41 22
v 20096 88 59
v 20097 35 14
v 20099 51 31
v 20103 81 40
v 20104 16 8
v 20105 20 11
v 20106 11 7
v 20113 26 15
v 20123 24 14
v 20304 30 13
v 20305 5 2
v 20306 6 1
v 20307 51 24
v 20308 47 25
v 20309 88 38
v 20310 140 63
v 20311 119 59
v 20312 30 9
v 20313 8 5
v 20314 44 14
v 20315 23 12
v 20316 8 5
v 20317 41 19
v 20318 13 9
v 20319 7 2
v 20320 91 41
v 20321 36 23
v 20322 39 19
v 20323 11 4
v 20324 89 40
v 20325 60 34
v 20326 5 3
v 20327 9 3
v 20328 19 10
v 20329 66 28
v 20330 106 47
v 20331 60 24
v 20332 98 49
v 20333 34 21
v 20334 31 9
v 20335 27 16
v 20336 105 46
v 20337 9 6
v 20338 15 8
v 20343 107 54
v 20344 74 30
v 20345 53 24
v 20347 159 79
v 20350 42 25
v 20352 109 60
v 20353 32 19
v 20355 99 44
v 20359 108 50
v 20360 13 4
v 20361 22 8
v 20362 12 7
v 20369 39 22
v 20379 42 14
v 20561 4 2
v 20562 4 1
v 20563 42 18
v 20564 34 15
v 20565 118 59
v 20566 145 68
v 20567 71 30
v 20568 22 9
v 20569 4 1
v 20570 57 26
v 20571 31 17
v 20572 4 1
v 20573 57 30
v 20574 2 1
v 20575 9 4
v 20576 87 44
v 20577 27 15
v 20578 49 27
v 20579 15 10
v 20580 94 41
v 20581 57 26
v 20582 9 4
v 20583 8 3
v 20584 29 13
v 20585 73 31
v 20586 99 48
v 20587 74 38
v 20588 107 59
v 20589 61 31
v 20590 45 25
v 20591 33 16
v 20592 103 49
v 20593 12 8
v 20594 28 12
v 20599 131 60
v 20600 76 27
v 20601 63 37
v 20603 163 102
v 20606 35 19
v 20608 99 46
v 20609 20 11
v 20611 72 34
v 20615 102 49
v 20616 17 7
v 20617 31 14
v 20618 14 8
v 20625 58 34
v 20635 31 15
v 20818 3 1
v 20819 9 4
v 20820 17 5
v 20821 23 8
v 20822 29 10
v 20823 15 4
v 20824 9 4
v 20825 1 0
v 20826 8 4
v 20827 14 7
v 20828 5 3
v 20829 4 2
v 20830 1 0
v 20831 4 1
v 20832 11 8
v 20833 9 6
v 20834 16 3
v 20835 3 0
v 20836 26 13
v 20837 10 3
v 20838 3 1
v 20839 3 2
v 20840 7 4
v 20841 13 10
v 20842 21 11
v 20843 19 10
v 20844 13 7
v 20845 4 2
v 20846 7 2
v 20847 8 4
v 20848 17 9
v 20849 1 0
v 20850 3 2
v 20855 18 7
v 20856 12 2
v 20857 9 3
v 20859 36 17
v 20862 7 4
v 20864 25 10
v 20865 9 2
v 20867 21 7
v 20871 26 8
v 20872 1 1
v 20873 10 3
v 20874 5 3
v 20881 8 4
v 20891 14 8
v 21075 8 1
v 21076 12 9
v 21077 23 13
v 21078 34 17
v 21079 10 5
v 21080 3 1
v 21082 9 5
v 21083 7 4
v 21084 1 1
v 21085 6 5
v 21086 6 1
v 21087 5 4
v 21088 8 4
v 21089 3 0
v 21090 10 5
v 21091 4 2
v 21092 12 6
v 21093 6 3
v 21094 1 0
v 21095 6 3
v 21096 3 2
v 21097 8 5
v 21098 28 11
v 21099 16 7
v 21100 10 6
v 21101 4 3
v 21102 8 4
v 21103 10 7
v 21104 20 12
v 21105 6 3
v 21106 5 2
v 21111 16 8
v 21112 12 5
v 21113 15 8
v 21115 31 13
v 21118 10 6
v 21120 18 11
v 21121 4 2
v 21123 12 7
v 21127 27 14
v 21128 4 2
v 21129 3 1
v 21130 3 2
v 21137 8 4
v 21147 6 4
v 21332 77 40
v 21333 212 129
v 21334 199 112
v 21335 93 60
v 21336 29 16
v 21337 2 1
v 21338 72 46
v 21339 37 24
v 21340 10 4
v 21341 55 30
v 21342 13 8
v 21343 8 6
v 21344 96 55
v 21345 51 31
v 21346 130 80
v 21347 19 11
v 21348 150 73
v 21349 56 32
v 21350 9 5
v 21351 9 6
v 21352 25 15
v 21353 88 43
v 21354 113 52
v 21355 89 50
v 21356 181 108
v 21357 74 40
v 21358 66 29
v 21359 34 20
v 21360 112 64
v 21361 9 4
v 21362 19 7
v 21367 108 51
v 21368 59 34
v 21369 76 42
v 21371 203 115
v 21374 53 27
v 21376 151 93
v 21377 40 26
v 21379 117 65
v 21383 156 88
v 21384 22 13
v 21385 38 16
v 21386 17 7
v 21393 42 24
v 21403 59 30
v 21589 239 119
v 21590 309 142
v 21591 141 75
v 21592 42 23
v 21593 10 6
v 21594 81 29
v 21595 53 27
v 21596 14 10
v 21597 74 31
v 21598 14 9
v 21599 19 8
v 21600 117 54
v 21601 49 25
v 21602 98 50
v 21603 25 19
v 21604 180 86
v 21605 88 50
v 21606 17 10
v 21607 10 3
v 21608 41 25
v 21609 108 55
v 21610 147 76
v 21611 111 54
v 21612 157 81
v 21613 97 48
v 21614 66 35
v 21615 47 21
v 21616 138 76
v 21617 16 9
v 21618 26 12
v 21623 149 77
v 21624 90 54
v 21625 98 52
v 21627 225 118
v 21630 70 32
v 21632 193 98
v 21633 79 43
v 21635 95 51
v 21639 174 90
v 21640 43 14
v 21641 40 19
v 21642 35 17
v 21649 67 39
v 21659 57 24
v 21846 706 328
v 21847 252 116
v 21848 83 40
v 21849 18 8
v 21850 178 67
v 21851 97 51
v 21852 28 11
v 21853 169 71
v 21854 48 19
v 21855 33 14
v 21856 341 184
v 21857 113 57
v 21858 286 148
v 21859 36 20
v 21860 408 191
v 21861 166 83
v 21862 27 18
v 21863 21 7
v 21864 51 22
v 21865 226 117
v 21866 394 170
v 21867 257 108
v 21868 463 240
v 21869 191 99
v 21870 170 81
v 21871 71 43
v 21872 377 157
v 21873 40 16
v 21874 69 37
v 21879 384 171
v 21880 213 91
v 21881 199 105
v 21883 587 296
v 21886 160 78
v 21888 740 400
v 21889 123 74
v 21891 260 116
v 21895 403 184
v 21896 77 35
v 21897 115 50
v 21898 60 28
v 21905 149 79
v 21915 132 46
v 22103 367 197
v 22104 160 65
v 22105 23 11
v 22106 268 122
v 22107 126 61
v 22108 36 20
v 22109 237 107
v 22110 63 38
v 22111 52 24
v 22112 381 192
v 22113 150 85
v 22114 220 118
v 22115 92 55
v 22116 548 277
v 22117 264 146
v 22118 39 29
v 22119 24 8
v 22120 124 51
v 22121 392 200
v 22122 511 244
v 22123 300 127
v 22124 504 325
v 22125 270 138
v 22126 253 136
v 22127 107 58
v 22128 439 198
v 22129 41 21
v 22130 85 45
v 22135 544 265
v 22136 303 159
v 22137 303 151
v 22139 817 436
v 22142 195 95
v 22144 597 340
v 22145 195 106
v 22147 370 188
v 22151 502 254
v 22152 104 52
v 22153 95 39
v 22154 99 53
v 22161 164 83
v 22171 154 74
v 22360 72 31
v 22361 12 7
v 22362 104 39
v 22363 73 28
v 22364 16 8
v 22365 71 38
v 22366 35 13
v 22367 20 11
v 22368 159 92
v 22369 59 29
v 22370 97 45
v 22371 33 20
v 22372 246 125
v 22373 109 59
v 22374 17 13
v 22375 7 3
v 22376 54 30
v 22377 125 67
v 22378 256 121
v 22379 167 83
v 22380 221 129
v 22381 104 52
v 22382 85 43
v 22383 60 28
v 22384 176 83
v 22385 24 13
v 22386 45 15
v 22391 240 118
v 22392 173 87
v 22393 112 59
v 22395 338 179
v 22398 110 47
v 22400 235 138
v 22401 75 33
v 22403 154 82
v 22407 236 111
v 22408 40 20
v 22409 38 20
v 22410 43 21
v 22417 81 39
v 22427 84 40
v 22617 7 3
v 22618 56 23
v 22619 16 7
v 22620 8 5
v 22621 44 13
v 22622 6 4
v 22623 9 5
v 22624 57 34
v 22625 33 17
v 22626 34 18
v 22627 19 13
v 22628 99 48
v 22629 49 31
v 22630 8 5
v 22631 3 2
v 22632 29 17
v 22633 63 34
v 22634 84 46
v 22635 64 33
v 22636 72 49
v 22637 32 20
v 22638 41 27
v 22639 39 20
v 22640 54 22
v 22641 6 3
v 22642 24 7
v 22647 116 67
v 22648 73 37
v 22649 39 23
v 22651 117 62
v 22654 30 14
v 22656 136 82
v 22657 27 13
v 22659 41 20
v 22663 182 88
v 22664 13 7
v 22665 26 17
v 22666 9 3
v 22673 42 28
v 22683 35 16
v 22874 11 4
v 22875 5 3
v 22876 3 1
v 22877 16 6
v 22878 4 1
v 22879 1 0
v 22880 4 1
v 22881 3 0
v 22882 5 1
v 22883 1 0
v 22884 13 7
v 22885 9 4
v 22886 1 0
v 22887 1 0
v 22888 4 2
v 22889 10 2
v 22890 11 5
v 22891 16 8
v 22892 3 2
v 22893 8 5
v 22894 5 2
v 22895 2 1
v 22896 17 6
v 22897 1 1
v 22898 6 0
v 22903 24 13
v 22904 9 5
v 22905 7 4
v 22907 20 11
v 22910 2 1
v 22912 15 7
v 22913 10 3
v 22915 10 7
v 22919 5 1
v 22921 2 1
v 22922 2 1
v 22929 6 3
v 22939 7 4
v 23131 50 22
v 23132 11 5
v 23133 66 39
v 23134 17 12
v 23135 10 5
v 23136 116 67
v 23137 36 13
v 23138 68 35
v 23139 14 6
v 23140 155 87
v 23141 66 36
v 23142 12 10
v 23143 5 0
v 23144 32 17
v 23145 117 62
v 23146 184 92
v 23147 115 64
v 23148 161 105
v 23149 70 41
v 23150 52 30
v 23151 43 26
v 23152 141 77
v 23153 16 6
v 23154 16 7
v 23159 171 89
v 23160 95 51
v 23161 80 52
v 23163 269 153
v 23166 76 45
v 23168 147 97
v 23169 51 33
v 23171 107 59
v 23175 135 76
v 23176 23 11
v 23177 47 23
v 23178 22 13
v 23185 68 36
v 23195 77 40
v 23388 10 6
v 23389 34 17
v 23390 10 5
v 23391 14 9
v 23392 65 41
v 23393 40 25
v 23394 54 38
v 23395 15 10
v 23396 82 43
v 23397 51 36
v 23398 6 6
v 23399 4 2
v 23400 17 13
v 23401 61 29
v 23402 124 64
v 23403 67 34
v 23404 99 54
v 23405 46 25
v 23406 43 21
v 23407 21 11
v 23408 125 66
v 23409 10 5
v 23410 12 7
v 23415 92 46
v 23416 52 28
v 23417 70 41
v 23419 134 74
v 23422 37 18
v 23424 84 49
v 23425 21 13
v 23427 72 41
v 23431 97 54
v 23432 20 11
v 23433 38 19
v 23434 16 6
v 23441 41 21
v 23451 35 16
v 23645 10 5
v 23646 4 1
v 23647 2 1
v 23648 18 8
v 23649 8 4
v 23650 9 6
v 23651 4 1
v 23652 15 6
v 23653 11 6
v 23654 1 1
v 23655 4 2
v 23656 5 3
v 23657 15 6
v 23658 15 7
v 23659 15 9
v 23660 30 18
v 23661 13 5
v 23662 10 3
v 23663 6 5
v 23664 21 6
v 23665 2 1
v 23666 1 1
v 23671 22 12
v 23672 18 7
v 23673 17 10
v 23675 38 21
v 23678 7 2
v 23680 28 16
v 23681 3 0
v 23683 17 7
v 23687 32 14
v 23688 1 1
v 23689 6 3
v 23690 4 1
v 23697 7 4
v 23707 4 1
v 23902 14 8
v 23903 9 4
v 23904 104 60
v 23905 39 22
v 23906 69 41
v 23907 37 25
v 23908 111 59
v 23909 64 34
v 23910 25 17
v 23911 8 2
v 23912 26 10
v 23913 71 36
v 23914 406 247
v 23915 112 63
v 23916 159 102
v 23917 60 31
v 23918 53 25
v 23919 44 22
v 23920 139 74
v 23921 9 7
v 23922 26 17
v 23927 153 87
v 23928 81 56
v 23929 66 28
v 23931 206 138
v 23934 61 38
v 23936 133 73
v 23937 38 20
v 23939 95 37
v 23943 132 66
v 23944 16 7
v 23945 51 21
v 23946 29 16
v 23953 38 23
v 23963 51 20
v 24159 3 2
v 24160 16 11
v 24161 9 3
v 24162 14 6
v 24163 3 3
v 24164 26 14
v 24165 18 12
v 24166 4 2
v 24167 2 1
v 24168 7 5
v 24169 25 10
v 24170 34 16
v 24171 28 14
v 24172 34 10
v 24173 7 3
v 24174 16 8
v 24175 17 7
v 24176 27 15
v 24177 3 0
v 24178 5 0
v 24183 40 15
v 24184 20 5
v 24185 19 11
v 24187 44 21
v 24190 12 8
v 24192 43 20
v 24193 15 8
v 24195 33 16
v 24199 40 20
v 24200 7 1
v 24201 8 4
v 24202 4 2
v 24209 6 1
v 24219 10 3
v 24416 12 3
v 24417 11 6
v 24418 9 3
v 24419 2 2
v 24420 20 11
v 24421 22 12
v 24422 4 3
v 24423 1 1
v 24424 7 5
v 24425 11 5
v 24426 40 22
v 24427 21 11
v 24428 20 8
v 24429 9 4
v 24430 3 0
v 24431 6 4
v 24432 16 10
v 24433 5 2
v 24434 3 1
v 24439 26 13
v 24440 11 8
v 24441 15 9
v 24443 41 17
v 24446 20 7
v 24448 37 23
v 24449 9 6
v 24451 18 10
v 24455 34 15
v 24456 8 5
v 24457 8 4
v 24458 4 2
v 24465 12 6
v 24475 6 1
v 24673 79 38
v 24674 149 87
v 24675 19 9
v 24676 209 107
v 24677 104 61
v 24678 14 7
v 24679 5 4
v 24680 39 21
v 24681 171 78
v 24682 286 144
v 24683 167 79
v 24684 255 135
v 24685 93 46
v 24686 102 52
v 24687 54 29
v 24688 205 86
v 24689 20 11
v 24690 24 12
v 24695 277 124
v 24696 132 58
v 24697 128 67
v 24699 382 188
v 24702 110 44
v 24704 263 141
v 24705 108 55
v 24707 164 86
v 24711 256 123
v 24712 42 20
v 24713 68 29
v 24714 30 15
v 24721 122 56
v 24731 89 43
v 24930 45 27
v 24931 20 10
v 24932 118 57
v 24933 50 33
v 24934 8 5
v 24935 6 1
v 24936 35 19
v 24937 72 31
v 24938 105 43
v 24939 77 31
v 24940 94 49
v 24941 42 19
v 24942 46 17
v 24943 34 14
v 24944 70 25
v 24945 5 2
v 24946 28 13
v 24951 70 31
v 24952 58 23
v 24953 73 35
v 24955 167 70
v 24958 38 13
v 24960 134 73
v 24961 45 23
v 24963 70 34
v 24967 120 45
v 24968 18 7
v 24969 20 6
v 24970 17 8
v 24977 30 12
v 24987 17 8
v 25187 28 13
v 25188 202 105
v 25189 58 30
v 25190 11 4
v 25191 3 2
v 25192 23 12
v 25193 105 45
v 25194 151 62
v 25195 140 52
v 25196 221 119
v 25197 69 38
v 25198 60 24
v 25199 26 12
v 25200 154 70
v 25201 9 6
v 25202 30 14
v 25207 192 81
v 25208 88 39
v 25209 82 33
v 25211 262 147
v 25214 61 16
v 25216 188 104
v 25217 38 20
v 25219 121 64
v 25223 168 81
v 25224 15 6
v 25225 57 26
v 25226 43 19
v 25233 55 31
v 25243 59 28
v 25444 51 26
v 25445 31 18
v 25446 3 0
v 25447 3 1
v 25448 22 8
v 25449 24 10
v 25450 39 11
v 25451 24 9
v 25452 53 29
v 25453 15 7
v 25454 19 4
v 25455 10 4
v 25456 30 9
v 25457 4 0
v 25458 5 3
v 25463 39 14
v 25464 18 7
v 25465 28 14
v 25467 46 20
v 25470 20 8
v 25472 39 19
v 25473 15 9
v 25475 19 7
v 25479 48 23
v 25480 7 4
v 25481 14 6
v 25482 10 3
v 25489 26 10
v 25499 17 3
v 25701 136 77
v 25702 20 8
v 25703 17 6
v 25704 43 28
v 25705 240 112
v 25706 310 140
v 25707 209 91
v 25708 386 212
v 25709 168 76
v 25710 141 63
v 25711 89 50
v 25712 268 117
v 25713 28 14
v 25714 57 26
v 25719 316 161
v 25720 211 95
v 25721 175 96
v 25723 428 203
v 25726 139 75
v 25728 371 197
v 25729 132 68
v 25731 224 100
v 25735 348 175
v 25736 62 38
v 25737 69 31
v 25738 62 31
v 25745 103 46
v 25755 90 39
v 25958 16 7
v 25959 10 3
v 25960 36 18
v 25961 82 44
v 25962 144 55
v 25963 103 51
v 25964 163 77
v 25965 55 23
v 25966 76 41
v 25967 39 24
v 25968 142 56
v 25969 17 4
v 25970 29 15
v 25975 182 87
v 25976 84 41
v 25977 92 46
v 25979 226 102
v 25982 55 23
v 25984 158 77
v 25985 58 30
v 25987 84 30
v 25991 157 75
v 25992 31 10
v 25993 50 24
v 25994 15 4
v 26001 46 15
v 26011 42 17
v 26216 10 3
v 26217 8 1
v 26218 20 7
v 26219 18 6
v 26220 29 10
v 26221 15 6
v 26222 16 6
v 26223 4 1
v 26224 16 6
v 26225 3 1
v 26226 3 2
v 26231 21 8
v 26232 13 3
v 26233 12 5
v 26235 22 5
v 26238 7 4
v 26240 19 7
v 26241 11 6
v 26243 13 4
v 26247 17 10
v 26248 4 3
v 26249 6 3
v 26250 7 6
v 26257 7 1
v 26267 6 2
v 26472 3 1
v 26473 7 5
v 26474 16 8
v 26475 15 8
v 26476 18 10
v 26477 6 3
v 26478 7 4
v 26479 5 4
v 26480 15 6
v 26481 3 3
v 26482 4 2
v 26487 16 9
v 26488 8 5
v 26489 11 5
v 26491 21 13
v 26494 4 1
v 26496 22 15
v 26497 5 2
v 26499 16 11
v 26503 18 10
v 26505 5 2
v 26506 3 3
v 26513 3 2
v 26523 7 3
v 26729 29 13
v 26730 61 31
v 26731 45 19
v 26732 83 47
v 26733 14 7
v 26734 44 22
v 26735 7 2
v 26736 11 5
v 26737 16 12
v 26738 18 9
v 26743 60 25
v 26744 35 19
v 26745 38 14
v 26747 83 45
v 26750 14 6
v 26752 68 35
v 26753 18 11
v 26755 26 6
v 26759 71 32
v 26760 9 4
v 26761 23 12
v 26762 11 4
v 26769 25 12
v 26779 11 5
v 26986 198 100
v 26987 146 71
v 26988 215 125
v 26989 101 47
v 26990 85 39
v 26991 73 35
v 26992 231 110
v 26993 15 7
v 26994 20 14
v 26999 262 131
v 27000 179 96
v 27001 122 73
v 27003 360 194
v 27006 80 40
v 27008 192 106
v 27009 65 27
v 27011 171 90
v 27015 203 106
v 27016 44 25
v 27017 55 24
v 27018 29 17
v 27025 91 47
v 27035 70 30
v 27243 317 175
v 27244 340 184
v 27245 168 91
v 27246 112 62
v 27247 63 20
v 27248 330 167
v 27249 18 9
v 27250 101 54
v 27255 384 165
v 27256 253 147
v 27257 177 100
v 27259 513 294
v 27262 113 69
v 27264 369 211
v 27265 114 67
v 27267 228 130
v 27271 298 149
v 27272 60 31
v 27273 77 43
v 27274 48 27
v 27281 137 73
v 27291 137 59
v 27500 231 134
v 27501 93 53
v 27502 90 50
v 27503 80 42
v 27504 165 79
v 27505 16 8
v 27506 36 22
v 27511 246 127
v 27512 163 83
v 27513 148 96
v 27515 370 195
v 27518 72 37
v 27520 245 138
v 27521 47 30
v 27523 146 79
v 27527 220 120
v 27528 32 18
v 27529 59 26
v 27530 39 21
v 27537 114 54
v 27547 115 45
v 27757 111 62
v 27758 128 59
v 27759 79 37
v 27760 307 121
v 27761 36 18
v 27762 49 18
v 27767 316 154
v 27768 253 111
v 27769 180 80
v 27771 494 221
v 27774 107 49
v 27776 387 185
v 27777 101 52
v 27779 257 103
v 27783 386 181
v 27784 59 29
v 27785 57 22
v 27786 43 17
v 27793 105 44
v 27803 133 48
v 28014 43 21
v 28015 38 21
v 28016 111 57
v 28017 8 3
v 28018 29 17
v 28023 175 75
v 28024 108 58
v 28025 76 41
v 28027 237 120
v 28030 68 36
v 28032 149 80
v 28033 34 20
v 28035 130 74
v 28039 144 74
v 28040 27 13
v 28041 29 9
v 28042 39 17
v 28049 65 36
v 28059 65 25
v 28271 28 12
v 28272 123 58
v 28273 16 8
v 28274 16 8
v 28279 126 63
v 28280 72 27
v 28281 83 39
v 28283 192 99
v 28286 61 28
v 28288 254 140
v 28289 52 35
v 28291 78 46
v 28295 134 64
v 28296 40 22
v 28297 31 20
v 28298 21 8
v 28305 55 35
v 28315 38 18
v 28528 55 24
v 28529 13 7
v 28530 13 5
v 28535 65 34
v 28536 74 27
v 28537 67 36
v 28539 97 45
v 28542 32 19
v 28544 74 35
v 28545 27 15
v 28547 68 35
v 28551 80 34
v 28552 13 5
v 28553 19 9
v 28554 19 8
v 28561 33 20
v 28571 15 6
v 28785 26 16
v 28786 28 12
v 28791 352 184
v 28792 119 68
v 28793 139 90
v 28795 470 263
v 28798 106 53
v 28800 259 157
v 28801 80 48
v 28803 244 137
v 28807 248 150
v 28808 42 21
v 28809 76 39
v 28810 71 41
v 28817 109 60
v 28827 118 57
v 29042 4 1
v 29047 31 18
v 29048 15 8
v 29049 20 3
v 29051 45 21
v 29054 6 4
v 29056 36 18
v 29057 8 3
v 29059 18 6
v 29063 32 13
v 29064 4 1
v 29065 7 3
v 29066 3 2
v 29073 10 6
v 29083 9 2
v 29303 36 23
v 29304 37 24
v 29305 32 19
v 29307 82 44
v 29310 26 14
v 29312 60 30
v 29313 19 9
v 29315 40 19
v 29319 62 34
v 29320 15 12
v 29321 12 7
v 29322 11 7
v 29329 24 9
v 29339 13 6
v 30584 233 124
v 30585 177 106
v 30587 721 380
v 30590 134 65
v 30592 382 201
v 30593 96 54
v 30595 270 153
v 30599 369 193
v 30600 56 32
v 30601 68 33
v 30602 59 31
v 30609 161 74
v 30619 126 57
v 30841 97 43
v 30843 323 166
v 30846 82 42
v 30848 251 148
v 30849 80 49
v 30851 168 94
v 30855 187 88
v 30856 33 15
v 30857 67 27
v 30858 25 10
v 30865 64 41
v 30875 97 30
v 31099 300 150
v 31102 73 32
v 31104 227 109
v 31105 59 27
v 31107 142 66
v 31111 175 83
v 31112 27 10
v 31113 49 21
v 31114 29 12
v 31121 64 28
v 31131 47 23
v 31614 158 72
v 31616 479 267
v 31617 138 68
v 31619 363 179
v 31623 451 213
v 31624 75 28
v 31625 137 55
v 31626 73 40
v 31633 184 96
v 31643 175 63
v 32384 141 81
v 32385 63 36
v 32387 82 45
v 32391 111 54
v 32392 24 13
v 32393 32 22
v 32394 16 4
v 32401 40 21
v 32411 34 16
v 32897 128 75
v 32899 225 89
v 32903 336 156
v 32904 50 32
v 32905 83 32
v 32906 73 47
v 32913 135 66
v 32923 85 26
v 33155 83 35
v 33159 91 42
v 33160 26 12
v 33161 28 16
v 33162 20 12
v 33169 37 21
v 33179 33 12
v 33671 212 103
v 33672 33 19
v 33673 63 24
v 33674 39 21
v 33681 78 44
v 33691 89 26
v 34696 62 26
v 34697 102 43
v 34698 51 31
v 34705 131 65
v 34715 105 39
v 34953 18 7
v 34954 8 3
v 34961 25 17
v 34971 21 5
v 35210 18 11
v 35217 23 13
v 35227 28 17
v 35473 28 14
v 35483 14 6
v 37275 64 33
s 258 58 29
s 259 18 8
s 261 22 12
s 262 1 0
s 263 25 13
s 264 2 1
s 265 43 16
s 267 28 19
s 268 3 1
s 269 18 5
s 270 39 23
s 271 13 8
s 272 18 10
s 273 20 9
s 274 1 1
s 275 8 5
s 276 23 11
s 277 50 21
s 278 13 6
s 279 12 4
s 281 60 31
s 282 72 25
s 283 31 17
s 284 32 14
s 285 36 15
s 286 34 12
s 287 72 33
s 288 4 3
s 289 21 13
s 290 8 3
s 291 14 4
s 292 32 12
s 293 18 4
s 294 18 5
s 295 32 14
s 296 7 2
s 297 1 0
s 298 5 4
s 299 21 10
s 300 1 0
s 301 5 2
s 302 1 1
s 303 26 17
s 304 2 0
s 305 57 30
s 306 16 8
s 307 29 15
s 308 9 4
s 309 10 4
s 310 4 1
s 311 32 17
s 312 2 2
s 313 3 2
s 314 6 1
s 315 9 4
s 316 50 21
s 317 2 1
s 318 33 16
s 319 6 2
s 320 37 17
s 321 12 5
s 322 5 3
s 323 3 0
s 324 15 8
s 325 60 32
s 326 2 0
s 327 64 31
s 328 6 1
s 329 1 1
s 330 49 20
s 331 26 12
s 332 34 16
s 333 10 5
s 334 15 8
s 335 19 7
s 336 2 1
s 337 2 1
s 338 1 0
s 339 16 6
s 340 38 13
s 341 64 35
s 342 113 53
s 343 56 21
s 344 19 12
s 346 25 15
s 347 11 5
s 348 6 2
s 349 9 1
s 350 1 1
s 352 47 17
s 353 36 16
s 354 34 15
s 355 9 2
s 356 55 26
s 357 45 21
s 358 10 4
s 359 8 5
s 360 25 15
s 361 53 29
s 362 72 31
s 363 40 23
s 364 57 19
s 365 1 1
s 366 29 13
s 367 31 12
s 368 67 32
s 369 4 3
s 370 10 4
s 375 68 36
s 376 39 22
s 377 47 30
s 379 99 45
s 382 19 7
s 384 80 37
s 385 30 13
s 387 42 17
s 391 71 39
s 392 8 3
s 393 15 7
s 401 12 6
s 411 24 15
s 515 96 46
s 516 13 6
s 517 101 50
s 518 102 41
s 519 53 23
s 520 144 79
s 521 311 180
s 522 49 32
s 523 270 128
s 524 127 63
s 525 77 41
s 526 112 50
s 527 54 26
s 528 21 7
s 529 102 56
s 530 124 56
s 531 89 38
s 532 90 34
s 533 273 148
s 534 78 34
s 535 25 13
s 537 293 132
s 538 299 131
s 539 122 43
s 540 37 15
s 541 5 3
s 542 148 75
s 543 222 99
s 544 22 14
s 545 11 7
s 546 31 13
s 547 56 16
s 548 163 83
s 549 38 18
s 550 13 4
s 551 120 61
s 552 15 6
s 553 67 35
s 554 36 14
s 555 58 24
s 556 39 17
s 557 14 8
s 558 69 27
s 559 78 35
s 560 193 100
s 561 109 55
s 562 57 25
s 563 85 34
s 564 27 14
s 565 124 52
s 566 355 166
s 567 16 8
s 568 44 13
s 569 4 2
s 570 39 20
s 571 30 18
s 572 16 5
s 573 10 5
s 574 110 62
s 575 33 15
s 576 122 62
s 577 20 11
s 578 7 3
s 579 123 55
s 580 32 12
s 581 27 12
s 582 84 32
s 583 156 63
s 584 21 9
s 585 19 9
s 586 232 118
s 587 93 36
s 588 134 64
s 589 5 1
s 590 6 2
s 591 87 43
s 592 65 25
s 593 10 3
s 594 14 6
s 595 115 61
s 596 116 53
s 597 291 144
s 598 383 183
s 599 193 105
s 600 60 25
s 601 14 8
s 602 89 49
s 603 63 36
s 604 9 6
s 605 111 54
s 606 30 15
s 607 31 13
s 608 17 8
s 609 38 11
s 610 24 8
s 611 8 2
s 612 199 93
s 613 254 119
s 614 13 5
s 615 10 6
s 616 1 0
s 617 175 74
s 618 217 111
s 619 151 75
s 620 13 3
s 621 127 54
s 622 114 66
s 623 55 28
s 624 204 97
s 625 27 19
s 626 37 16
s 631 243 126
s 632 123 52
s 633 144 61
s 635 414 186
s 638 90 45
s 640 287 122
s 641 2 1
s 643 163 71
s 647 30 12
s 648 35 15
s 649 28 16
s 650 56 28
s 657 102 45
s 667 28 17
s 772 11 5
s 773 4 3
s 774 34 12
s 775 39 23
s 776 39 21
s 777 192 104
s 778 16 9
s 779 178 98
s 780 63 28
s 781 40 25
s 782 53 23
s 783 28 15
s 784 22 11
s 785 54 23
s 786 82 50
s 787 72 37
s 788 35 11
s 789 111 51
s 790 13 7
s 791 19 9
s 793 140 72
s 794 37 15
s 795 10 4
s 796 80 45
s 797 51 24
s 798 16 7
s 799 16 8
s 800 7 3
s 801 34 17
s 802 19 6
s 803 20 7
s 804 97 50
s 805 3 2
s 806 33 17
s 807 30 16
s 808 2 0
s 809 30 17
s 810 12 7
s 811 22 11
s 812 12 5
s 813 3 1
s 814 22 8
s 815 41 21
s 816 75 37
s 817 84 42
s 818 8 1
s 819 24 13
s 820 11 5
s 821 52 28
s 822 168 87
s 823 97 53
s 824 27 15
s 825 1 1
s 826 9 4
s 827 12 5
s 828 85 42
s 829 7 5
s 830 65 39
s 831 7 2
s 832 13 8
s 833 16 10
s 834 4 2
s 835 46 17
s 836 7 4
s 837 118 62
s 838 47 28
s 839 59 33
s 840 16 4
s 841 6 3
s 842 110 58
s 843 14 3
s 844 46 25
s 845 28 14
s 846 35 17
s 847 11 4
s 848 47 21
s 849 7 3
s 850 3 2
s 851 4 1
s 852 23 10
s 853 63 34
s 854 121 70
s 855 12 7
s 856 23 15
s 857 9 6
s 858 72 49
s 859 35 21
s 860 12 4
s 861 54 34
s 862 8 3
s 863 5 4
s 864 101 41
s 865 23 10
s 866 80 50
s 867 8 5
s 868 44 25
s 869 30 16
s 870 3 0
s 871 7 3
s 872 15 6
s 873 52 29
s 874 140 74
s 875 106 58
s 876 122 56
s 877 67 35
s 878 20 12
s 879 8 3
s 880 24 13
s 881 4 3
s 882 13 7
s 887 134 76
s 888 107 59
s 889 43 18
s 891 145 70
s 894 41 17
s 896 90 49
s 897 27 14
s 899 49 24
s 903 120 58
s 904 9 4
s 905 21 13
s 906 22 8
s 913 56 32
s 923 63 39
s 1029 10 6
s 1030 2 2
s 1031 7 2
s 1032 4 2
s 1033 18 9
s 1034 1 0
s 1035 9 4
s 1036 3 2
s 1037 5 1
s 1038 19 11
s 1039 4 1
s 1040 5 3
s 1041 10 3
s 1042 4 2
s 1043 6 3
s 1044 11 6
s 1045 12 6
s 1046 7 5
s 1047 5 2
s 1049 22 12
s 1050 15 5
s 1051 11 7
s 1052 14 9
s 1053 16 10
s 1054 12 5
s 1055 21 11
s 1056 1 1
s 1057 5 5
s 1058 5 2
s 1059 6 5
s 1060 19 12
s 1061 3 2
s 1062 1 1
s 1063 12 10
s 1064 3 1
s 1065 1 0
s 1066 1 1
s 1067 5 3
s 1068 2 1
s 1069 2 2
s 1070 3 2
s 1071 10 4
s 1072 2 1
s 1073 11 4
s 1074 6 3
s 1075 12 6
s 1076 3 1
s 1077 6 4
s 1079 15 8
s 1080 3 1
s 1081 2 1
s 1082 1 0
s 1083 4 0
s 1084 17 8
s 1086 10 5
s 1087 4 2
s 1088 9 3
s 1089 2 0
s 1090 3 2
s 1091 2 1
s 1092 4 1
s 1093 11 7
s 1095 15 12
s 1096 5 2
s 1097 1 1
s 1098 17 11
s 1099 15 10
s 1100 7 1
s 1101 5 4
s 1102 9 7
s 1103 8 7
s 1104 3 2
s 1106 2 2
s 1107 9 6
s 1108 12 8
s 1109 16 11
s 1110 37 22
s 1111 20 8
s 1112 4 2
s 1114 6 1
s 1115 11 5
s 1116 1 1
s 1117 2 1
s 1118 1 1
s 1120 4 2
s 1121 8 5
s 1122 10 7
s 1123 7 3
s 1124 15 6
s 1125 11 6
s 1126 3 2
s 1127 2 1
s 1128 4 2
s 1129 8 4
s 1130 29 17
s 1131 18 11
s 1132 30 12
s 1133 2 2
s 1134 8 4
s 1135 10 3
s 1136 9 6
s 1137 1 0
s 1138 4 3
s 1143 21 11
s 1144 13 9
s 1145 12 5
s 1147 28 12
s 1150 5 3
s 1152 24 10
s 1153 7 3
s 1155 15 8
s 1159 21 9
s 1160 3 2
s 1161 8 5
s 1162 2 1
s 1169 2 1
s 1179 11 6
s 1286 41 20
s 1287 35 17
s 1288 77 48
s 1289 67 36
s 1290 10 7
s 1291 99 44
s 1292 35 19
s 1293 27 12
s 1294 55 31
s 1295 38 19
s 1296 11 5
s 1297 48 21
s 1298 73 42
s 1299 42 16
s 1300 33 20
s 1301 90 53
s 1302 24 12
s 1303 25 13
s 1305 108 60
s 1306 85 42
s 1307 15 7
s 1308 66 40
s 1309 48 22
s 1310 8 0
s 1311 24 9
s 1312 10 6
s 1313 25 15
s 1314 10 2
s 1315 23 11
s 1316 76 38
s 1318 24 10
s 1319 33 19
s 1320 3 2
s 1321 31 17
s 1322 19 10
s 1323 19 10
s 1324 14 4
s 1325 6 0
s 1326 38 19
s 1327 24 11
s 1328 84 34
s 1329 59 29
s 1330 1 0
s 1331 31 14
s 1332 9 4
s 1333 66 34
s 1334 106 63
s 1335 55 35
s 1336 15 8
s 1337 1 1
s 1338 7 6
s 1339 13 2
s 1340 57 33
s 1341 4 3
s 1342 54 37
s 1343 6 2
s 1344 12 6
s 1345 5 3
s 1346 4 0
s 1347 37 17
s 1348 1 1
s 1349 60 39
s 1350 30 15
s 1351 79 46
s 1352 9 4
s 1353 10 6
s 1354 68 36
s 1355 15 5
s 1356 47 23
s 1357 13 11
s 1358 14 10
s 1359 20 8
s 1360 44 24
s 1361 10 4
s 1362 6 4
s 1363 11 6
s 1364 23 14
s 1365 52 26
s 1366 130 73
s 1367 15 9
s 1368 28 17
s 1369 3 2
s 1370 28 13
s 1371 18 9
s 1372 8 3
s 1373 65 33
s 1374 6 3
s 1375 20 10
s 1376 83 33
s 1377 28 12
s 1378 45 22
s 1379 19 6
s 1380 41 17
s 1381 46 27
s 1382 4 3
s 1383 1 0
s 1384 16 5
s 1385 28 12
s 1386 84 48
s 1387 59 33
s 1388 88 37
s 1389 32 11
s 1390 30 13
s 1391 10 6
s 1392 8 5
s 1393 14 7
s 1394 16 9
s 1399 62 31
s 1400 45 23
s 1401 8 4
s 1403 87 39
s 1406 44 24
s 1408 84 38
s 1409 38 18
s 1411 26 13
s 1415 93 48
s 1416 14 6
s 1417 24 11
s 1418 11 8
s 1425 35 13
s 1435 22 13
s 1543 48 15
s 1545 113 52
s 1547 40 19
s 1548 1 1
s 1549 30 11
s 1550 105 47
s 1551 18 9
s 1552 20 9
s 1553 52 27
s 1554 3 1
s 1555 20 7
s 1556 34 12
s 1557 73 28
s 1558 31 11
s 1559 31 12
s 1561 112 42
s 1562 147 46
s 1563 55 25
s 1564 92 47
s 1565 71 30
s 1566 47 26
s 1567 80 35
s 1568 10 2
s 1569 25 14
s 1570 19 7
s 1571 21 7
s 1572 52 16
s 1573 9 0
s 1574 26 15
s 1575 48 17
s 1576 5 2
s 1578 10 5
s 1579 30 13
s 1580 1 1
s 1581 11 4
s 1582 4 2
s 1583 29 11
s 1585 61 33
s 1586 20 4
s 1587 74 29
s 1588 15 10
s 1589 23 10
s 1590 3 2
s 1591 71 39
s 1592 1 0
s 1593 12 4
s 1594 21 11
s 1595 11 7
s 1596 109 36
s 1597 3 2
s 1598 55 35
s 1599 6 2
s 1600 56 20
s 1601 8 5
s 1602 1 0
s 1604 15 6
s 1605 82 32
s 1606 2 0
s 1607 115 44
s 1608 6 4
s 1609 7 4
s 1610 110 61
s 1611 49 21
s 1612 50 18
s 1613 10 4
s 1614 30 14
s 1615 34 19
s 1616 4 2
s 1617 5 2
s 1618 8 2
s 1619 114 65
s 1620 72 31
s 1621 248 104
s 1622 189 97
s 1623 92 34
s 1624 31 14
s 1625 1 0
s 1626 55 23
s 1627 26 13
s 1628 8 4
s 1629 28 17
s 1631 3 1
s 1632 129 58
s 1633 45 23
s 1634 58 23
s 1635 15 7
s 1636 168 80
s 1637 56 22
s 1638 15 5
s 1639 9 3
s 1640 19 8
s 1641 62 29
s 1642 124 55
s 1643 91 46
s 1644 146 65
s 1646 46 14
s 1647 24 7
s 1648 71 30
s 1649 6 1
s 1650 9 5
s 1655 119 55
s 1656 79 25
s 1657 58 24
s 1659 141 58
s 1662 43 16
s 1664 148 74
s 1665 55 16
s 1667 61 26
s 1671 125 59
s 1672 27 14
s 1673 39 14
s 1674 3 2
s 1681 12 8
s 1691 38 16
s 1800 62 37
s 1801 108 57
s 1802 22 12
s 1803 113 52
s 1804 56 25
s 1805 14 9
s 1806 76 34
s 1807 35 18
s 1808 8 3
s 1809 25 9
s 1810 68 29
s 1811 37 26
s 1812 62 27
s 1813 116 61
s 1814 26 14
s 1815 14 5
s 1817 61 31
s 1818 119 51
s 1819 63 23
s 1820 51 28
s 1821 43 20
s 1822 55 28
s 1823 82 36
s 1824 9 4
s 1825 21 16
s 1826 16 5
s 1827 23 11
s 1828 66 34
s 1829 21 6
s 1830 22 12
s 1831 19 9
s 1832 14 6
s 1833 22 11
s 1834 13 7
s 1835 14 5
s 1836 15 11
s 1837 7 4
s 1838 26 8
s 1839 23 13
s 1840 105 53
s 1841 33 14
s 1842 27 16
s 1843 45 23
s 1844 8 4
s 1845 57 31
s 1846 160 74
s 1847 80 39
s 1848 25 13
s 1849 6 4
s 1850 18 12
s 1851 14 5
s 1852 76 31
s 1853 5 2
s 1854 39 23
s 1855 14 7
s 1856 41 14
s 1857 15 9
s 1858 4 2
s 1859 50 27
s 1860 18 10
s 1861 70 37
s 1862 40 20
s 1863 69 37
s 1864 19 6
s 1865 7 3
s 1866 63 32
s 1867 40 19
s 1868 29 16
s 1869 17 10
s 1870 28 11
s 1871 31 18
s 1872 33 18
s 1873 7 2
s 1874 2 0
s 1875 37 17
s 1876 38 16
s 1877 116 54
s 1878 162 77
s 1879 87 42
s 1880 25 13
s 1881 4 1
s 1882 42 25
s 1883 31 13
s 1884 4 4
s 1885 37 22
s 1886 13 4
s 1887 11 5
s 1888 71 32
s 1889 31 13
s 1890 50 20
s 1891 14 4
s 1892 98 50
s 1893 49 20
s 1894 7 3
s 1895 3 1
s 1896 22 7
s 1897 81 43
s 1898 43 20
s 1899 25 18
s 1900 93 42
s 1901 71 37
s 1902 57 30
s 1903 30 11
s 1904 108 68
s 1905 8 2
s 1906 12 8
s 1911 115 63
s 1912 29 16
s 1913 51 24
s 1915 146 66
s 1918 14 5
s 1920 118 47
s 1921 33 13
s 1923 93 48
s 1927 98 52
s 1928 15 5
s 1929 19 6
s 1930 23 9
s 1937 33 17
s 1947 32 19
s 2057 130 86
s 2058 3 2
s 2059 34 16
s 2060 3 2
s 2061 46 26
s 2062 92 52
s 2063 37 21
s 2064 21 7
s 2065 63 34
s 2067 22 11
s 2068 40 26
s 2069 113 58
s 2070 44 22
s 2071 24 15
s 2073 136 83
s 2074 171 85
s 2075 73 39
s 2076 99 53
s 2077 69 43
s 2078 88 45
s 2079 199 123
s 2080 6 3
s 2081 32 17
s 2082 28 22
s 2083 24 10
s 2084 55 36
s 2085 18 9
s 2086 35 21
s 2087 69 42
s 2088 10 5
s 2089 1 0
s 2090 9 6
s 2091 46 26
s 2092 2 0
s 2093 9 5
s 2094 6 3
s 2095 41 19
s 2097 112 65
s 2098 17 7
s 2099 52 29
s 2100 22 14
s 2101 22 8
s 2102 1 0
s 2103 83 57
s 2104 1 1
s 2105 5 2
s 2106 23 17
s 2107 26 13
s 2108 119 66
s 2109 6 3
s 2110 90 59
s 2111 10 8
s 2112 80 42
s 2113 19 13
s 2114 6 4
s 2115 1 0
s 2116 22 8
s 2117 88 59
s 2118 3 1
s 2119 122 67
s 2120 8 7
s 2121 6 2
s 2122 104 63
s 2123 57 27
s 2124 87 54
s 2125 17 9
s 2126 30 14
s 2127 46 26
s 2129 5 2
s 2130 8 4
s 2131 33 21
s 2132 63 44
s 2133 136 76
s 2134 262 158
s 2135 123 69
s 2136 45 28
s 2138 62 35
s 2139 12 7
s 2140 7 4
s 2141 26 17
s 2142 1 1
s 2144 98 61
s 2145 100 62
s 2146 74 30
s 2147 18 11
s 2148 112 52
s 2149 89 50
s 2150 6 4
s 2151 9 7
s 2152 32 22
s 2153 77 49
s 2154 143 87
s 2155 92 50
s 2156 131 72
s 2157 2 2
s 2158 62 36
s 2159 40 24
s 2160 119 73
s 2161 11 7
s 2162 7 3
s 2167 149 85
s 2168 82 47
s 2169 110 72
s 2171 205 116
s 2174 54 33
s 2176 147 77
s 2177 47 32
s 2179 76 44
s 2183 144 70
s 2184 19 11
s 2185 42 29
s 2186 4 3
s 2193 12 8
s 2203 25 11
s 2314 51 34
s 2315 302 158
s 2316 157 97
s 2317 121 62
s 2318 135 72
s 2319 87 50
s 2320 65 35
s 2321 154 91
s 2322 239 137
s 2323 260 134
s 2324 100 45
s 2325 299 176
s 2326 38 20
s 2327 65 39
s 2329 293 156
s 2330 171 79
s 2331 89 47
s 2332 237 135
s 2333 163 88
s 2334 88 56
s 2335 125 73
s 2336 24 15
s 2337 109 63
s 2338 36 17
s 2339 39 19
s 2340 247 143
s 2341 15 6
s 2342 82 48
s 2343 102 50
s 2344 10 5
s 2345 70 38
s 2346 52 28
s 2347 74 39
s 2348 29 17
s 2349 8 4
s 2350 99 37
s 2351 74 42
s 2352 243 123
s 2353 359 196
s 2354 35 16
s 2355 155 85
s 2356 30 18
s 2357 167 104
s 2358 441 230
s 2359 223 122
s 2360 60 23
s 2361 5 3
s 2362 30 17
s 2363 41 17
s 2364 239 124
s 2365 15 6
s 2366 166 103
s 2367 17 9
s 2368 48 23
s 2369 20 13
s 2370 6 2
s 2371 146 71
s 2372 15 10
s 2373 257 150
s 2374 89 51
s 2375 150 86
s 2376 32 18
s 2377 37 20
s 2378 236 133
s 2379 44 29
s 2380 205 115
s 2381 53 27
s 2382 72 45
s 2383 107 45
s 2384 112 61
s 2385 26 14
s 2386 13 8
s 2387 116 68
s 2388 94 45
s 2389 231 118
s 2390 239 124
s 2391 123 70
s 2392 66 33
s 2393 23 14
s 2394 100 65
s 2395 67 35
s 2396 17 7
s 2397 131 73
s 2398 30 23
s 2399 29 16
s 2400 329 177
s 2401 76 38
s 2402 194 108
s 2403 27 13
s 2404 245 145
s 2405 67 34
s 2406 12 6
s 2407 21 14
s 2408 61 30
s 2409 104 52
s 2410 518 299
s 2411 231 137
s 2412 379 162
s 2413 176 97
s 2414 67 37
s 2415 52 26
s 2416 182 114
s 2417 21 12
s 2418 46 23
s 2423 212 122
s 2424 235 127
s 2425 56 28
s 2427 271 138
s 2430 122 71
s 2432 232 120
s 2433 99 47
s 2435 111 62
s 2439 310 161
s 2440 46 24
s 2441 80 48
s 2442 67 30
s 2449 135 71
s 2459 145 92
s 2571 13 7
s 2573 19 10
s 2574 34 23
s 2575 15 10
s 2576 10 6
s 2577 17 10
s 2578 1 1
s 2579 10 6
s 2580 13 6
s 2581 36 21
s 2582 12 5
s 2583 4 2
s 2585 52 28
s 2586 52 23
s 2587 21 15
s 2588 37 21
s 2589 21 9
s 2590 21 11
s 2591 33 21
s 2592 1 0
s 2593 15 8
s 2594 9 6
s 2595 6 2
s 2596 22 13
s 2597 8 3
s 2598 16 8
s 2599 21 10
s 2600 3 2
s 2601 3 2
s 2602 2 0
s 2603 7 3
s 2605 4 3
s 2606 1 0
s 2607 15 9
s 2608 1 1
s 2609 25 20
s 2610 8 4
s 2611 25 18
s 2612 7 2
s 2613 7 6
s 2614 1 0
s 2615 47 23
s 2616 1 1
s 2617 1 0
s 2618 8 3
s 2619 5 2
s 2620 39 25
s 2621 2 1
s 2622 27 18
s 2623 3 1
s 2624 10 6
s 2625 9 9
s 2626 2 1
s 2627 1 1
s 2628 3 1
s 2629 35 22
s 2631 39 26
s 2632 4 2
s 2634 39 18
s 2635 15 5
s 2636 20 13
s 2637 3 2
s 2638 12 7
s 2639 8 3
s 2640 1 0
s 2641 3 1
s 2642 2 1
s 2643 11 6
s 2644 29 10
s 2645 72 43
s 2646 84 46
s 2647 47 31
s 2648 15 7
s 2650 20 9
s 2651 11 8
s 2653 8 4
s 2654 1 1
s 2656 36 21
s 2657 5 3
s 2658 20 9
s 2659 4 0
s 2660 61 32
s 2661 26 12
s 2662 5 1
s 2664 5 5
s 2665 36 20
s 2666 37 19
s 2667 35 18
s 2668 58 29
s 2670 16 11
s 2671 20 11
s 2672 25 12
s 2673 3 0
s 2674 3 2
s 2679 68 40
s 2680 24 14
s 2681 21 9
s 2683 60 35
s 2686 29 17
s 2688 51 22
s 2689 22 12
s 2691 33 15
s 2695 43 21
s 2696 9 6
s 2697 13 7
s 2698 1 0
s 2705 7 3
s 2715 15 14
s 2828 50 19
s 2829 89 48
s 2830 247 129
s 2831 57 28
s 2832 44 17
s 2833 117 59
s 2834 46 20
s 2835 90 45
s 2836 132 61
s 2837 215 119
s 2838 81 40
s 2839 75 33
s 2841 226 111
s 2842 406 165
s 2843 172 86
s 2844 467 237
s 2845 173 75
s 2846 92 46
s 2847 208 88
s 2848 17 11
s 2849 88 53
s 2850 57 26
s 2851 46 23
s 2852 142 70
s 2853 53 26
s 2854 71 39
s 2855 83 35
s 2856 16 6
s 2857 19 5
s 2858 28 11
s 2859 62 25
s 2860 7 3
s 2861 16 8
s 2862 31 13
s 2863 77 38
s 2864 61 31
s 2865 141 65
s 2866 44 23
s 2867 237 128
s 2868 31 16
s 2869 77 41
s 2870 117 58
s 2871 209 105
s 2872 18 10
s 2873 31 21
s 2874 47 21
s 2875 47 25
s 2876 216 99
s 2877 8 2
s 2878 159 89
s 2879 29 9
s 2880 107 57
s 2881 28 16
s 2882 5 5
s 2883 36 20
s 2884 33 14
s 2885 220 110
s 2886 17 10
s 2887 250 124
s 2888 16 8
s 2889 11 6
s 2890 216 104
s 2891 100 43
s 2892 116 53
s 2893 40 26
s 2894 68 37
s 2895 100 44
s 2896 20 11
s 2897 14 5
s 2898 16 7
s 2899 242 120
s 2900 300 158
s 2901 468 230
s 2902 546 276
s 2903 214 100
s 2904 78 43
s 2905 6 2
s 2906 161 85
s 2907 65 25
s 2908 24 12
s 2909 74 46
s 2910 15 5
s 2911 17 6
s 2912 325 167
s 2913 97 48
s 2914 159 87
s 2915 41 17
s 2916 533 262
s 2917 187 95
s 2918 23 11
s 2919 18 10
s 2920 57 24
s 2921 142 70
s 2922 329 173
s 2923 237 113
s 2924 403 187
s 2925 24 6
s 2926 135 72
s 2927 75 41
s 2928 261 142
s 2929 23 13
s 2930 18 10
s 2935 309 157
s 2936 211 110
s 2937 148 58
s 2939 425 210
s 2942 116 56
s 2944 355 171
s 2945 144 60
s 2947 234 108
s 2951 299 143
s 2952 77 34
s 2953 75 45
s 2954 19 10
s 2961 37 12
s 2971 119 72
s 3085 39 19
s 3086 104 55
s 3087 38 22
s 3088 20 13
s 3089 51 22
s 3090 2 2
s 3091 31 15
s 3092 49 24
s 3093 102 57
s 3094 29 13
s 3095 31 19
s 3097 146 71
s 3098 170 80
s 3099 44 20
s 3100 77 37
s 3101 72 28
s 3102 70 42
s 3103 110 49
s 3104 7 5
s 3105 51 29
s 3106 18 10
s 3107 22 10
s 3108 61 31
s 3109 24 10
s 3110 29 15
s 3111 51 29
s 3112 14 11
s 3113 1 1
s 3114 7 4
s 3115 41 25
s 3116 3 2
s 3117 9 5
s 3118 5 4
s 3119 44 27
s 3120 2 2
s 3121 118 65
s 3122 35 19
s 3123 47 19
s 3124 9 6
s 3125 20 9
s 3126 2 1
s 3127 83 49
s 3128 6 4
s 3129 4 1
s 3130 29 15
s 3131 15 7
s 3132 90 45
s 3133 4 2
s 3134 78 42
s 3135 7 5
s 3136 75 37
s 3137 24 12
s 3138 6 2
s 3139 1 0
s 3140 23 12
s 3141 98 55
s 3142 1 0
s 3143 112 56
s 3144 7 4
s 3145 6 3
s 3146 93 37
s 3147 49 24
s 3148 65 25
s 3149 19 12
s 3150 37 24
s 3151 42 17
s 3152 8 3
s 3153 3 1
s 3154 6 0
s 3155 57 36
s 3156 44 21
s 3157 174 84
s 3158 291 150
s 3159 94 52
s 3160 46 21
s 3162 68 36
s 3163 22 14
s 3164 14 7
s 3165 19 12
s 3166 1 0
s 3168 106 55
s 3169 46 27
s 3170 82 36
s 3171 14 5
s 3172 115 57
s 3173 70 32
s 3174 11 5
s 3175 4 2
s 3176 33 12
s 3177 106 54
s 3178 156 76
s 3179 95 50
s 3180 165 70
s 3181 1 1
s 3182 66 37
s 3183 47 25
s 3184 139 79
s 3185 13 6
s 3186 11 6
s 3191 146 77
s 3192 86 48
s 3193 91 50
s 3195 228 115
s 3198 64 35
s 3200 184 93
s 3201 50 24
s 3203 121 61
s 3207 166 85
s 3208 25 14
s 3209 39 22
s 3210 4 0
s 3217 17 10
s 3227 39 20
s 3342 32 18
s 3343 18 12
s 3344 4 0
s 3345 2 2
s 3346 62 31
s 3347 49 23
s 3348 27 13
s 3349 95 52
s 3350 13 8
s 3351 6 3
s 3353 14 6
s 3354 101 41
s 3355 33 15
s 3356 48 27
s 3357 36 16
s 3358 58 31
s 3359 69 31
s 3360 5 2
s 3361 32 16
s 3363 2 1
s 3364 46 23
s 3365 13 5
s 3366 25 15
s 3367 2 1
s 3368 8 2
s 3369 26 11
s 3370 16 5
s 3371 7 5
s 3372 6 2
s 3373 5 2
s 3374 24 10
s 3375 8 5
s 3376 58 28
s 3377 26 11
s 3378 21 12
s 3379 51 26
s 3380 1 0
s 3381 37 19
s 3382 123 63
s 3383 69 38
s 3384 17 9
s 3385 6 1
s 3386 20 12
s 3387 4 1
s 3388 70 34
s 3389 4 2
s 3390 49 36
s 3391 9 4
s 3392 33 17
s 3393 6 4
s 3394 3 2
s 3395 28 15
s 3396 11 5
s 3397 78 39
s 3398 25 11
s 3399 61 31
s 3400 19 12
s 3401 8 5
s 3402 6 1
s 3403 34 13
s 3404 1 0
s 3405 19 11
s 3406 27 12
s 3407 35 18
s 3408 41 24
s 3409 7 2
s 3410 2 2
s 3411 46 31
s 3412 40 23
s 3413 125 57
s 3414 129 59
s 3415 66 32
s 3416 23 12
s 3417 3 0
s 3418 23 13
s 3419 21 11
s 3420 2 1
s 3421 27 13
s 3422 8 1
s 3423 11 5
s 3424 80 40
s 3425 17 5
s 3426 43 21
s 3427 11 4
s 3428 115 48
s 3429 39 17
s 3430 5 2
s 3431 11 6
s 3432 21 10
s 3433 60 34
s 3434 1 1
s 3435 25 11
s 3436 97 42
s 3437 48 18
s 3438 39 15
s 3439 25 13
s 3440 86 37
s 3441 3 2
s 3442 12 3
s 3447 133 56
s 3448 15 6
s 3449 33 19
s 3451 156 78
s 3456 64 29
s 3457 25 13
s 3459 59 30
s 3463 91 47
s 3464 15 6
s 3465 18 8
s 3466 10 7
s 3473 45 29
s 3483 52 30
s 3599 72 36
s 3600 16 10
s 3601 62 31
s 3602 99 53
s 3603 82 40
s 3604 97 58
s 3605 228 125
s 3606 48 22
s 3607 44 23
s 3609 230 116
s 3610 261 113
s 3611 87 42
s 3612 94 52
s 3613 62 25
s 3614 92 42
s 3615 161 93
s 3616 25 14
s 3617 47 26
s 3618 45 22
s 3619 78 34
s 3620 151 65
s 3621 32 13
s 3622 32 18
s 3623 84 51
s 3624 20 13
s 3625 48 26
s 3626 29 17
s 3627 47 21
s 3628 26 12
s 3629 21 9
s 3630 70 31
s 3631 75 46
s 3632 143 70
s 3633 94 47
s 3634 22 12
s 3635 50 29
s 3636 20 10
s 3637 83 49
s 3638 201 100
s 3639 106 58
s 3640 40 20
s 3641 15 7
s 3642 31 17
s 3643 30 13
s 3644 118 52
s 3645 12 8
s 3646 39 24
s 3647 30 14
s 3648 74 36
s 3649 14 11
s 3650 7 5
s 3651 60 25
s 3652 43 15
s 3653 87 41
s 3654 96 39
s 3655 118 57
s 3656 32 15
s 3657 23 10
s 3658 167 84
s 3659 77 39
s 3660 107 68
s 3661 13 4
s 3662 34 18
s 3663 48 25
s 3664 57 27
s 3665 12 4
s 3666 16 10
s 3667 65 34
s 3668 75 36
s 3669 162 87
s 3670 275 150
s 3671 140 78
s 3672 50 26
s 3673 9 5
s 3674 65 35
s 3675 73 48
s 3676 20 11
s 3677 87 47
s 3678 28 16
s 3679 31 12
s 3680 79 43
s 3681 60 26
s 3682 74 31
s 3683 20 9
s 3684 140 76
s 3685 81 37
s 3686 23 6
s 3687 10 5
s 3688 50 24
s 3689 105 51
s 3690 162 89
s 3691 97 52
s 3692 155 74
s 3693 77 41
s 3694 86 46
s 3695 66 34
s 3696 125 69
s 3697 36 20
s 3698 38 20
s 3703 147 77
s 3704 81 50
s 3705 160 85
s 3707 210 111
s 3710 67 28
s 3712 213 102
s 3713 55 33
s 3715 94 47
s 3719 177 100
s 3720 33 15
s 3721 27 8
s 3722 72 38
s 3729 54 31
s 3739 47 31
s 3856 12 4
s 3857 30 18
s 3858 52 29
s 3859 49 27
s 3860 30 15
s 3861 83 42
s 3862 18 10
s 3863 19 9
s 3865 74 32
s 3866 108 44
s 3867 41 22
s 3868 40 22
s 3869 34 20
s 3870 61 38
s 3871 76 32
s 3872 7 2
s 3873 15 10
s 3874 13 6
s 3875 17 6
s 3876 51 30
s 3877 10 5
s 3878 14 6
s 3879 30 12
s 3880 4 3
s 3881 21 10
s 3882 11 4
s 3883 12 5
s 3884 5 2
s 3885 5 1
s 3886 11 7
s 3887 22 13
s 3888 34 13
s 3889 53 28
s 3890 13 4
s 3891 54 30
s 3892 8 5
s 3893 27 14
s 3894 83 44
s 3895 37 19
s 3896 11 5
s 3897 3 1
s 3898 12 8
s 3899 14 7
s 3900 57 28
s 3901 1 1
s 3902 49 32
s 3903 10 4
s 3904 36 17
s 3905 5 3
s 3906 2 1
s 3907 33 18
s 3908 10 4
s 3909 42 20
s 3910 24 14
s 3911 96 50
s 3912 8 3
s 3913 1 0
s 3914 61 27
s 3915 28 12
s 3916 34 16
s 3917 6 4
s 3918 14 6
s 3919 25 13
s 3920 22 12
s 3921 8 1
s 3922 1 0
s 3923 47 26
s 3924 51 24
s 3925 75 33
s 3926 137 69
s 3927 78 38
s 3928 34 18
s 3929 2 0
s 3930 32 14
s 3931 40 25
s 3932 7 2
s 3933 36 20
s 3934 10 4
s 3935 8 6
s 3936 53 21
s 3937 16 5
s 3938 31 14
s 3939 6 0
s 3940 111 55
s 3941 63 27
s 3942 8 2
s 3943 4 3
s 3944 16 5
s 3945 62 30
s 3946 69 40
s 3947 47 23
s 3948 79 36
s 3949 14 6
s 3950 33 19
s 3951 28 17
s 3952 63 36
s 3953 7 4
s 3954 12 4
s 3959 104 56
s 3960 37 17
s 3961 43 18
s 3963 122 55
s 3966 26 14
s 3968 85 45
s 3969 41 16
s 3971 53 25
s 3975 58 24
s 3976 26 17
s 3977 18 10
s 3978 8 6
s 3985 22 11
s 3995 23 11
s 4113 8 2
s 4114 31 11
s 4115 14 4
s 4116 23 8
s 4117 35 17
s 4118 9 3
s 4119 3 1
s 4121 22 11
s 4122 47 15
s 4123 21 11
s 4124 27 13
s 4125 12 7
s 4126 25 11
s 4127 22 8
s 4128 4 1
s 4129 16 11
s 4130 3 3
s 4131 3 3
s 4132 28 12
s 4133 13 6
s 4134 10 5
s 4135 7 4
s 4136 2 0
s 4137 9 4
s 4138 9 2
s 4139 12 3
s 4140 9 4
s 4141 4 3
s 4142 12 6
s 4143 11 4
s 4144 42 24
s 4145 15 6
s 4146 13 4
s 4147 31 7
s 4148 4 2
s 4149 17 7
s 4150 70 30
s 4151 26 8
s 4152 11 1
s 4153 4 3
s 4154 6 3
s 4155 4 0
s 4156 23 16
s 4158 22 9
s 4159 5 3
s 4160 20 11
s 4161 1 0
s 4162 2 2
s 4163 15 6
s 4164 10 4
s 4165 32 11
s 4166 23 11
s 4167 40 16
s 4168 14 7
s 4169 2 2
s 4170 22 9
s 4171 24 7
s 4172 9 5
s 4173 5 2
s 4174 10 7
s 4175 19 6
s 4176 13 7
s 4177 6 4
s 4178 3 0
s 4179 26 14
s 4180 15 5
s 4181 63 27
s 4182 70 37
s 4183 28 10
s 4184 16 9
s 4185 1 1
s 4186 19 11
s 4187 14 5
s 4188 3 0
s 4189 15 10
s 4190 5 3
s 4191 6 3
s 4192 25 16
s 4193 14 3
s 4194 18 9
s 4195 5 3
s 4196 39 22
s 4197 19 11
s 4198 5 3
s 4199 3 1
s 4200 3 1
s 4201 28 10
s 4202 21 9
s 4203 13 4
s 4204 26 12
s 4205 28 8
s 4206 17 8
s 4207 12 5
s 4208 37 19
s 4209 1 0
s 4210 10 4
s 4215 57 27
s 4216 13 9
s 4217 37 14
s 4219 75 27
s 4222 6 2
s 4224 46 19
s 4225 10 4
s 4227 40 17
s 4231 23 7
s 4232 5 4
s 4233 5 1
s 4234 13 4
s 4241 17 8
s 4251 17 5
s 4370 68 44
s 4371 69 27
s 4372 49 27
s 4373 119 73
s 4374 22 12
s 4375 15 4
s 4377 17 10
s 4378 116 50
s 4379 53 26
s 4380 79 39
s 4381 66 35
s 4382 62 31
s 4383 95 48
s 4384 3 2
s 4385 38 21
s 4386 3 3
s 4387 8 4
s 4388 85 40
s 4389 24 11
s 4390 26 19
s 4391 4 2
s 4392 5 2
s 4393 35 16
s 4394 23 14
s 4395 10 4
s 4396 12 7
s 4397 5 3
s 4398 27 13
s 4399 12 6
s 4400 111 53
s 4401 38 20
s 4402 19 11
s 4403 73 39
s 4404 2 1
s 4405 58 28
s 4406 158 72
s 4407 81 38
s 4408 22 13
s 4409 4 4
s 4410 16 10
s 4411 5 2
s 4412 109 44
s 4413 5 1
s 4414 71 46
s 4415 10 2
s 4416 55 30
s 4417 5 1
s 4418 8 4
s 4419 57 35
s 4420 13 6
s 4421 91 54
s 4422 43 24
s 4423 101 44
s 4424 21 8
s 4425 7 3
s 4426 9 5
s 4427 41 20
s 4428 3 1
s 4429 25 14
s 4430 20 14
s 4431 34 14
s 4432 50 24
s 4433 4 0
s 4434 2 1
s 4435 57 32
s 4436 53 23
s 4437 170 75
s 4438 181 103
s 4439 93 51
s 4440 39 24
s 4441 5 3
s 4442 85 46
s 4443 43 21
s 4444 6 2
s 4445 48 25
s 4446 12 7
s 4447 8 3
s 4448 86 49
s 4449 25 13
s 4450 60 29
s 4451 18 6
s 4452 96 58
s 4453 79 34
s 4454 9 3
s 4455 7 2
s 4456 24 7
s 4457 76 37
s 4458 5 4
s 4459 33 17
s 4460 138 70
s 4461 60 31
s 4462 37 22
s 4463 27 11
s 4464 112 65
s 4465 4 2
s 4466 12 7
s 4471 161 90
s 4472 18 9
s 4473 79 37
s 4475 212 112
s 4478 2 1
s 4480 108 45
s 4481 39 17
s 4483 74 31
s 4487 138 79
s 4488 8 6
s 4489 15 10
s 4490 19 7
s 4497 46 20
s 4507 69 38
s 4627 20 11
s 4628 60 25
s 4629 161 87
s 4630 58 26
s 4631 26 13
s 4633 183 86
s 4634 180 71
s 4635 54 21
s 4636 103 47
s 4637 98 52
s 4638 115 63
s 4639 143 65
s 4640 10 4
s 4641 62 44
s 4642 31 12
s 4643 32 10
s 4644 90 43
s 4645 31 13
s 4646 48 23
s 4647 67 40
s 4648 6 3
s 4650 9 4
s 4651 46 21
s 4652 1 1
s 4653 13 7
s 4654 4 3
s 4655 61 39
s 4656 2 2
s 4657 134 70
s 4658 46 20
s 4659 74 41
s 4660 20 12
s 4661 33 22
s 4662 4 3
s 4663 152 79
s 4664 4 2
s 4665 7 2
s 4666 40 21
s 4667 20 11
s 4668 157 69
s 4669 3 2
s 4670 130 91
s 4671 9 5
s 4672 76 31
s 4673 26 13
s 4674 4 1
s 4675 1 0
s 4676 20 9
s 4677 137 75
s 4678 2 1
s 4679 134 62
s 4680 7 4
s 4681 1 0
s 4682 164 86
s 4683 73 31
s 4684 132 75
s 4685 41 20
s 4686 52 35
s 4687 56 29
s 4689 4 2
s 4690 5 3
s 4691 30 16
s 4692 77 43
s 4693 168 77
s 4694 294 138
s 4695 132 67
s 4696 69 39
s 4698 97 58
s 4699 28 16
s 4700 13 7
s 4701 45 23
s 4703 1 0
s 4704 115 58
s 4705 68 24
s 4706 75 39
s 4707 15 5
s 4708 106 58
s 4709 101 48
s 4710 12 5
s 4711 9 7
s 4712 30 21
s 4713 159 93
s 4714 212 111
s 4715 145 85
s 4716 175 79
s 4717 1 1
s 4718 85 49
s 4719 66 28
s 4720 193 112
s 4721 8 2
s 4722 17 7
s 4727 256 152
s 4728 110 56
s 4729 100 44
s 4731 297 146
s 4734 69 42
s 4736 161 81
s 4737 55 28
s 4739 132 77
s 4743 205 107
s 4744 16 11
s 4745 28 16
s 4753 17 9
s 4763 55 31
s 4884 40 17
s 4885 137 72
s 4886 27 12
s 4887 27 12
s 4889 191 98
s 4890 154 65
s 4891 59 25
s 4892 95 49
s 4893 60 32
s 4894 80 36
s 4895 112 55
s 4896 5 1
s 4897 55 35
s 4898 28 16
s 4899 31 15
s 4900 95 43
s 4901 23 9
s 4902 40 16
s 4903 44 19
s 4904 11 7
s 4905 6 1
s 4906 9 4
s 4907 40 15
s 4908 2 1
s 4909 16 9
s 4910 29 8
s 4911 46 24
s 4912 34 12
s 4913 74 33
s 4914 34 18
s 4915 77 34
s 4916 13 8
s 4917 44 22
s 4918 74 39
s 4919 117 56
s 4920 10 3
s 4921 9 5
s 4922 34 18
s 4923 19 12
s 4924 105 44
s 4925 5 4
s 4926 85 51
s 4927 21 13
s 4928 66 25
s 4929 18 8
s 4930 1 1
s 4931 24 13
s 4932 25 12
s 4933 121 57
s 4934 28 8
s 4935 94 48
s 4936 14 10
s 4937 5 2
s 4938 109 58
s 4939 57 27
s 4940 78 36
s 4941 35 22
s 4942 33 19
s 4943 59 24
s 4944 16 7
s 4945 2 0
s 4946 7 5
s 4947 54 32
s 4948 90 57
s 4949 186 100
s 4950 244 100
s 4951 100 41
s 4952 33 14
s 4953 1 0
s 4954 105 53
s 4955 59 35
s 4956 9 4
s 4957 50 22
s 4958 7 2
s 4959 4 2
s 4960 108 46
s 4961 38 18
s 4962 95 45
s 4963 18 9
s 4964 98 40
s 4965 46 21
s 4966 6 3
s 4967 8 3
s 4968 27 15
s 4969 131 62
s 4970 152 76
s 4971 85 46
s 4972 181 77
s 4973 33 11
s 4974 78 44
s 4975 58 32
s 4976 177 96
s 4977 16 9
s 4978 14 7
s 4983 220 122
s 4984 98 47
s 4985 76 34
s 4987 294 131
s 4990 46 21
s 4992 185 79
s 4993 43 21
s 4995 137 58
s 4999 179 91
s 5000 17 7
s 5001 35 14
s 5002 18 9
s 5009 33 17
s 5019 69 38
s 5141 94 43
s 5142 45 21
s 5143 33 15
s 5145 153 66
s 5146 144 52
s 5147 49 27
s 5148 125 56
s 5149 71 24
s 5150 70 28
s 5151 79 32
s 5152 8 3
s 5153 23 16
s 5154 32 8
s 5155 53 20
s 5156 88 45
s 5157 17 7
s 5158 34 20
s 5159 56 25
s 5160 9 4
s 5161 28 10
s 5162 31 10
s 5163 35 18
s 5164 16 9
s 5165 7 1
s 5166 32 11
s 5167 48 25
s 5168 78 38
s 5169 95 42
s 5170 17 6
s 5171 69 36
s 5172 12 6
s 5173 51 21
s 5174 143 62
s 5175 68 35
s 5176 28 9
s 5177 17 10
s 5178 12 4
s 5179 22 6
s 5180 132 59
s 5181 3 0
s 5182 58 37
s 5183 12 7
s 5184 70 36
s 5185 12 6
s 5186 4 3
s 5187 41 18
s 5188 19 5
s 5189 71 34
s 5190 57 25
s 5191 110 53
s 5192 16 4
s 5193 12 2
s 5194 124 54
s 5195 38 20
s 5196 79 39
s 5197 22 12
s 5198 27 12
s 5199 26 16
s 5200 25 10
s 5201 11 4
s 5202 8 3
s 5203 47 21
s 5204 63 29
s 5205 173 82
s 5206 193 83
s 5207 66 34
s 5208 28 17
s 5209 7 1
s 5210 65 32
s 5211 33 16
s 5212 19 9
s 5213 43 19
s 5214 10 5
s 5215 7 4
s 5216 100 36
s 5217 66 30
s 5218 66 31
s 5219 22 8
s 5220 133 54
s 5221 67 34
s 5222 19 7
s 5223 4 1
s 5224 37 24
s 5225 69 32
s 5226 125 61
s 5227 94 38
s 5228 148 61
s 5229 49 22
s 5230 52 29
s 5231 29 12
s 5232 66 36
s 5233 22 8
s 5234 21 11
s 5239 86 42
s 5240 82 44
s 5241 76 32
s 5243 142 72
s 5246 57 28
s 5248 133 53
s 5249 54 29
s 5251 69 38
s 5255 158 75
s 5256 29 9
s 5257 29 16
s 5258 20 10
s 5265 32 15
s 5275 37 18
s 5398 69 35
s 5399 63 31
s 5401 270 152
s 5402 289 127
s 5403 134 63
s 5404 215 107
s 5405 168 81
s 5406 163 95
s 5407 232 126
s 5408 20 9
s 5409 68 36
s 5410 43 21
s 5411 40 17
s 5412 219 105
s 5413 46 21
s 5414 62 33
s 5415 89 44
s 5416 17 10
s 5417 46 21
s 5418 32 20
s 5419 55 25
s 5420 22 9
s 5421 19 12
s 5422 47 21
s 5423 95 46
s 5424 147 89
s 5425 251 146
s 5426 51 24
s 5427 168 100
s 5428 38 19
s 5429 108 61
s 5430 308 160
s 5431 185 103
s 5432 35 12
s 5433 18 13
s 5434 53 30
s 5435 42 20
s 5436 255 139
s 5437 10 6
s 5438 137 97
s 5439 22 9
s 5440 125 74
s 5441 32 14
s 5442 5 3
s 5443 77 39
s 5444 26 8
s 5445 222 109
s 5446 82 44
s 5447 234 133
s 5448 34 21
s 5449 18 12
s 5450 211 108
s 5451 99 59
s 5452 170 101
s 5453 48 24
s 5454 80 44
s 5455 82 37
s 5456 71 35
s 5457 18 7
s 5458 15 10
s 5459 134 73
s 5460 168 86
s 5461 419 214
s 5462 348 183
s 5463 195 97
s 5464 95 56
s 5465 5 2
s 5466 110 67
s 5467 70 42
s 5468 18 12
s 5469 119 71
s 5470 21 10
s 5471 20 8
s 5472 236 125
s 5473 83 36
s 5474 182 102
s 5475 42 23
s 5476 381 196
s 5477 132 57
s 5478 14 7
s 5479 24 13
s 5480 52 28
s 5481 185 92
s 5482 314 171
s 5483 246 142
s 5484 298 131
s 5485 94 51
s 5486 122 72
s 5487 91 52
s 5488 256 150
s 5489 21 9
s 5490 38 19
s 5495 262 148
s 5496 189 107
s 5497 130 60
s 5499 357 188
s 5502 116 62
s 5504 281 136
s 5505 93 44
s 5507 192 108
s 5511 331 180
s 5512 56 37
s 5513 72 40
s 5514 30 13
s 5521 87 49
s 5531 113 64
s 5655 10 1
s 5657 47 24
s 5658 68 24
s 5659 41 17
s 5660 56 26
s 5661 48 27
s 5662 32 17
s 5663 49 27
s 5664 8 7
s 5665 17 13
s 5666 7 4
s 5667 18 12
s 5668 51 29
s 5669 18 8
s 5670 14 7
s 5671 20 10
s 5672 7 5
s 5673 20 12
s 5674 18 8
s 5675 16 7
s 5676 16 7
s 5677 3 2
s 5678 21 6
s 5679 17 11
s 5680 67 25
s 5681 35 22
s 5682 7 2
s 5683 31 15
s 5684 4 2
s 5685 34 18
s 5686 83 39
s 5687 26 11
s 5688 11 2
s 5689 4 0
s 5690 6 2
s 5691 11 8
s 5692 73 33
s 5693 5 2
s 5694 18 12
s 5695 11 3
s 5696 35 12
s 5697 5 1
s 5698 2 0
s 5699 39 23
s 5700 8 3
s 5701 50 29
s 5702 32 13
s 5703 49 20
s 5704 8 2
s 5705 9 2
s 5706 34 16
s 5707 27 10
s 5708 22 8
s 5709 11 6
s 5710 19 10
s 5711 13 7
s 5712 19 13
s 5713 4 2
s 5714 1 0
s 5715 38 24
s 5716 57 22
s 5717 78 42
s 5718 74 39
s 5719 41 19
s 5720 19 11
s 5721 3 0
s 5722 17 8
s 5723 18 9
s 5724 4 1
s 5725 33 19
s 5726 13 5
s 5727 7 2
s 5728 48 20
s 5729 34 14
s 5730 31 17
s 5731 21 11
s 5732 67 32
s 5733 22 7
s 5734 7 4
s 5735 1 0
s 5736 17 11
s 5737 36 18
s 5738 39 22
s 5739 38 23
s 5740 80 29
s 5741 29 13
s 5742 17 9
s 5743 15 6
s 5744 38 18
s 5745 7 2
s 5746 14 6
s 5751 40 18
s 5752 27 17
s 5753 33 18
s 5755 59 24
s 5758 24 15
s 5760 70 26
s 5761 22 10
s 5763 33 16
s 5767 78 41
s 5768 5 2
s 5769 15 3
s 5770 17 6
s 5777 20 13
s 5787 26 18
s 5913 42 22
s 5914 71 39
s 5915 35 22
s 5916 16 5
s 5917 9 5
s 5918 28 16
s 5919 47 25
s 5920 2 1
s 5921 11 5
s 5922 3 1
s 5923 11 3
s 5924 35 14
s 5925 10 4
s 5926 9 2
s 5927 10 4
s 5928 3 1
s 5929 8 4
s 5930 10 6
s 5931 8 6
s 5932 8 5
s 5933 5 2
s 5934 23 11
s 5935 13 6
s 5936 67 26
s 5937 27 17
s 5938 9 4
s 5939 27 14
s 5940 3 2
s 5941 24 15
s 5942 56 25
s 5943 22 13
s 5944 11 6
s 5945 4 3
s 5946 8 5
s 5947 1 1
s 5948 19 11
s 5949 2 1
s 5950 26 20
s 5951 12 7
s 5952 26 8
s 5953 7 4
s 5954 3 1
s 5955 13 5
s 5956 9 3
s 5957 27 18
s 5958 20 5
s 5959 44 23
s 5960 12 7
s 5961 4 1
s 5962 34 17
s 5963 16 5
s 5964 21 15
s 5965 3 2
s 5966 8 2
s 5967 29 13
s 5968 13 8
s 5969 2 0
s 5970 1 1
s 5971 34 22
s 5972 41 17
s 5973 56 20
s 5974 72 27
s 5975 45 21
s 5976 11 5
s 5977 3 2
s 5978 16 11
s 5979 13 7
s 5980 2 2
s 5981 17 10
s 5982 7 5
s 5983 3 2
s 5984 18 10
s 5985 22 8
s 5986 12 3
s 5987 5 3
s 5988 44 20
s 5989 26 11
s 5990 4 2
s 5991 3 2
s 5992 5 2
s 5993 29 13
s 5994 27 11
s 5995 24 14
s 5996 28 15
s 5997 32 14
s 5998 16 12
s 5999 21 8
s 6000 54 27
s 6001 5 3
s 6002 7 3
s 6007 59 35
s 6008 17 9
s 6009 31 13
s 6011 72 38
s 6014 16 10
s 6016 60 20
s 6017 12 3
s 6019 41 22
s 6023 35 17
s 6024 12 6
s 6025 6 2
s 6026 12 5
s 6033 16 8
s 6043 22 13
s 6426 329 137
s 6427 116 55
s 6428 185 82
s 6429 191 98
s 6430 159 94
s 6431 269 117
s 6432 13 4
s 6433 90 53
s 6434 7 2
s 6435 18 7
s 6436 170 88
s 6437 58 28
s 6438 79 44
s 6439 28 13
s 6440 20 12
s 6441 96 49
s 6442 40 17
s 6443 36 13
s 6444 47 26
s 6445 23 12
s 6446 87 36
s 6447 40 24
s 6448 220 99
s 6449 99 57
s 6450 46 23
s 6451 189 91
s 6452 8 4
s 6453 102 56
s 6454 375 197
s 6455 212 98
s 6456 47 23
s 6457 20 7
s 6458 50 23
s 6459 19 7
s 6460 264 135
s 6461 11 4
s 6462 170 104
s 6463 34 20
s 6464 146 70
s 6465 37 24
s 6466 15 8
s 6467 136 64
s 6468 41 21
s 6469 226 108
s 6470 118 51
s 6471 305 150
s 6472 37 14
s 6473 26 12
s 6474 44 15
s 6475 111 46
s 6476 23 12
s 6477 41 25
s 6478 67 37
s 6479 111 49
s 6480 91 34
s 6481 21 12
s 6482 13 7
s 6483 171 103
s 6484 188 91
s 6485 432 198
s 6486 478 247
s 6487 233 116
s 6488 107 53
s 6489 18 12
s 6490 75 45
s 6491 65 37
s 6492 22 9
s 6493 99 60
s 6494 42 24
s 6495 24 16
s 6496 331 158
s 6497 78 38
s 6498 173 88
s 6499 43 16
s 6500 435 221
s 6501 142 60
s 6502 24 4
s 6503 8 6
s 6504 67 39
s 6505 196 96
s 6506 63 30
s 6507 101 51
s 6508 394 183
s 6509 126 57
s 6510 115 68
s 6511 95 41
s 6512 288 152
s 6513 6 4
s 6514 37 20
s 6519 376 192
s 6520 76 33
s 6521 232 120
s 6523 484 226
s 6526 28 16
s 6528 243 114
s 6529 127 56
s 6531 234 109
s 6535 332 158
s 6536 42 16
s 6537 67 34
s 6538 48 18
s 6545 108 61
s 6555 87 46
s 6683 45 22
s 6684 257 115
s 6685 213 87
s 6686 97 46
s 6687 141 55
s 6688 23 12
s 6689 57 37
s 6690 54 24
s 6691 91 34
s 6692 244 107
s 6693 39 18
s 6694 82 43
s 6695 130 52
s 6696 13 4
s 6697 89 32
s 6698 64 28
s 6699 66 29
s 6700 59 25
s 6701 15 9
s 6702 97 40
s 6703 110 47
s 6704 233 121
s 6705 175 74
s 6706 39 20
s 6707 75 30
s 6708 46 22
s 6709 133 60
s 6710 474 199
s 6711 146 78
s 6712 73 34
s 6713 24 9
s 6714 32 15
s 6715 42 21
s 6716 302 115
s 6717 14 8
s 6718 87 41
s 6719 42 17
s 6720 87 34
s 6721 26 11
s 6722 6 2
s 6723 133 56
s 6724 33 15
s 6725 216 99
s 6726 169 64
s 6727 168 74
s 6728 52 18
s 6729 23 14
s 6730 321 138
s 6731 87 35
s 6732 194 91
s 6733 37 18
s 6734 69 38
s 6735 65 37
s 6736 109 50
s 6737 40 20
s 6738 28 13
s 6739 92 45
s 6740 148 74
s 6741 401 187
s 6742 329 139
s 6743 131 61
s 6744 70 33
s 6745 18 8
s 6746 100 53
s 6747 92 42
s 6748 28 8
s 6749 165 79
s 6750 52 26
s 6751 46 21
s 6752 237 95
s 6753 113 39
s 6754 210 87
s 6755 63 29
s 6756 223 88
s 6757 121 53
s 6758 33 10
s 6759 10 5
s 6760 106 40
s 6761 93 38
s 6762 291 139
s 6763 177 82
s 6764 328 126
s 6765 168 81
s 6766 141 62
s 6767 67 25
s 6768 177 83
s 6769 40 18
s 6770 52 25
s 6775 118 58
s 6776 169 75
s 6777 134 52
s 6779 185 77
s 6782 129 59
s 6784 308 116
s 6785 182 73
s 6787 136 69
s 6791 407 189
s 6792 56 30
s 6793 59 26
s 6794 65 31
s 6801 127 65
s 6811 93 45
s 6940 80 35
s 6941 63 25
s 6942 25 12
s 6943 51 18
s 6944 8 4
s 6945 28 18
s 6946 31 15
s 6947 35 14
s 6948 106 57
s 6949 11 6
s 6950 41 26
s 6951 54 19
s 6952 8 0
s 6953 40 20
s 6954 24 10
s 6955 27 12
s 6956 26 16
s 6957 13 8
s 6958 35 19
s 6959 41 16
s 6960 90 42
s 6961 65 33
s 6962 16 10
s 6963 27 13
s 6964 20 8
s 6965 61 32
s 6966 161 73
s 6967 61 39
s 6968 34 17
s 6969 8 6
s 6970 7 0
s 6971 22 12
s 6972 101 37
s 6973 5 2
s 6974 30 19
s 6975 20 7
s 6976 28 14
s 6977 9 6
s 6978 3 2
s 6979 63 27
s 6980 20 10
s 6981 65 34
s 6982 88 27
s 6983 79 41
s 6984 15 8
s 6985 11 4
s 6986 119 58
s 6987 24 6
s 6988 67 24
s 6989 15 10
s 6990 34 20
s 6991 20 10
s 6992 26 18
s 6993 9 3
s 6994 11 5
s 6995 16 9
s 6996 37 21
s 6997 111 54
s 6998 143 73
s 6999 38 21
s 7000 24 12
s 7001 4 3
s 7002 44 24
s 7003 27 16
s 7004 8 4
s 7005 69 34
s 7006 20 7
s 7007 19 9
s 7008 72 35
s 7009 44 16
s 7010 73 29
s 7011 35 20
s 7012 71 35
s 7013 56 20
s 7014 9 3
s 7015 4 2
s 7016 37 11
s 7017 49 27
s 7018 106 62
s 7019 72 33
s 7020 140 66
s 7021 43 24
s 7022 56 26
s 7023 16 6
s 7024 39 21
s 7025 14 9
s 7026 27 15
s 7031 62 31
s 7032 66 39
s 7033 29 15
s 7035 79 33
s 7038 53 29
s 7040 111 56
s 7041 54 27
s 7043 25 10
s 7047 144 78
s 7048 16 8
s 7049 29 15
s 7050 25 16
s 7057 36 13
s 7067 29 15
s 7197 17 10
s 7198 114 63
s 7199 185 94
s 7200 12 6
s 7201 20 10
s 7202 25 15
s 7203 51 20
s 7204 105 48
s 7205 24 13
s 7206 20 11
s 7207 70 35
s 7208 16 7
s 7209 43 25
s 7210 27 13
s 7211 49 26
s 7212 43 23
s 7213 16 9
s 7214 76 34
s 7215 42 23
s 7216 143 76
s 7217 86 42
s 7218 35 21
s 7219 104 50
s 7220 23 9
s 7221 112 57
s 7222 305 150
s 7223 46 26
s 7224 58 28
s 7225 5 2
s 7226 21 10
s 7227 26 9
s 7228 41 15
s 7229 6 2
s 7230 83 38
s 7231 39 15
s 7232 92 41
s 7233 16 10
s 7234 6 2
s 7235 75 36
s 7236 23 12
s 7237 63 40
s 7238 73 37
s 7239 121 64
s 7240 33 12
s 7241 17 12
s 7242 159 84
s 7243 65 27
s 7244 81 41
s 7245 11 5
s 7246 21 15
s 7247 86 40
s 7248 66 34
s 7249 5 1
s 7250 13 8
s 7251 112 62
s 7252 132 67
s 7253 281 147
s 7254 330 165
s 7255 181 91
s 7256 37 24
s 7257 6 2
s 7258 80 46
s 7259 60 34
s 7260 16 7
s 7261 79 40
s 7262 32 12
s 7263 11 6
s 7264 51 22
s 7265 26 13
s 7266 35 19
s 7267 8 1
s 7268 270 138
s 7269 89 41
s 7270 12 4
s 7271 9 4
s 7272 10 4
s 7273 141 75
s 7274 164 90
s 7275 103 60
s 7276 72 28
s 7277 98 48
s 7278 90 38
s 7279 56 27
s 7280 194 96
s 7281 21 11
s 7282 28 14
s 7287 240 114
s 7288 125 70
s 7289 143 66
s 7291 369 179
s 7294 58 29
s 7296 223 95
s 7297 21 8
s 7299 160 83
s 7303 62 22
s 7304 27 12
s 7305 23 16
s 7306 29 15
s 7313 99 48
s 7323 44 23
s 7454 83 47
s 7455 142 66
s 7456 11 5
s 7457 9 8
s 7458 20 10
s 7459 40 14
s 7460 82 37
s 7461 37 15
s 7462 7 2
s 7463 58 25
s 7464 4 2
s 7465 25 12
s 7466 23 11
s 7467 22 6
s 7468 22 10
s 7469 5 4
s 7470 40 17
s 7471 47 23
s 7472 128 58
s 7473 67 35
s 7474 32 13
s 7475 83 42
s 7476 17 12
s 7477 53 25
s 7478 211 114
s 7479 1 0
s 7480 27 11
s 7481 9 4
s 7482 26 18
s 7483 14 6
s 7484 1 0
s 7485 3 3
s 7486 70 35
s 7487 29 12
s 7488 50 29
s 7489 9 4
s 7490 3 2
s 7491 70 31
s 7492 14 3
s 7493 8 2
s 7494 52 21
s 7495 89 35
s 7496 14 8
s 7497 13 5
s 7498 204 100
s 7499 48 24
s 7500 86 41
s 7501 1 0
s 7502 4 1
s 7503 46 19
s 7504 48 19
s 7505 8 4
s 7506 8 4
s 7507 65 36
s 7508 77 45
s 7509 134 56
s 7510 263 137
s 7511 101 55
s 7512 31 18
s 7513 8 3
s 7514 75 39
s 7515 46 25
s 7516 3 2
s 7517 68 35
s 7518 19 9
s 7519 11 7
s 7520 5 2
s 7521 10 5
s 7522 7 2
s 7523 5 1
s 7524 129 61
s 7525 64 28
s 7526 14 10
s 7527 13 5
s 7528 3 2
s 7529 91 43
s 7530 139 69
s 7531 75 34
s 7532 1 1
s 7533 77 40
s 7534 62 35
s 7535 51 17
s 7536 90 49
s 7537 12 5
s 7538 29 14
s 7543 166 82
s 7544 70 39
s 7545 67 26
s 7547 261 132
s 7550 38 25
s 7552 201 103
s 7553 5 2
s 7555 119 44
s 7559 11 5
s 7560 25 11
s 7561 15 9
s 7562 40 19
s 7569 45 20
s 7579 20 12
s 7711 33 15
s 7712 15 7
s 7713 43 27
s 7714 27 15
s 7715 41 18
s 7716 116 64
s 7717 7 2
s 7718 34 21
s 7719 66 26
s 7720 5 2
s 7721 42 16
s 7722 35 17
s 7723 28 12
s 7724 24 11
s 7725 10 5
s 7726 26 13
s 7727 51 25
s 7728 105 53
s 7729 104 61
s 7730 6 3
s 7731 41 20
s 7732 16 9
s 7733 59 27
s 7734 204 114
s 7735 88 42
s 7736 27 15
s 7737 7 3
s 7738 15 8
s 7739 27 14
s 7740 105 55
s 7741 3 2
s 7742 63 36
s 7743 14 7
s 7744 17 8
s 7745 19 11
s 7747 87 37
s 7748 10 5
s 7749 120 54
s 7750 68 28
s 7751 109 64
s 7752 18 8
s 7753 17 11
s 7754 136 63
s 7755 18 3
s 7756 93 59
s 7757 16 9
s 7758 61 38
s 7759 28 17
s 7760 49 26
s 7761 15 8
s 7762 10 4
s 7763 5 4
s 7764 19 10
s 7765 82 42
s 7766 216 102
s 7767 24 11
s 7768 51 31
s 7769 13 7
s 7770 63 38
s 7771 39 19
s 7772 7 3
s 7773 75 38
s 7774 17 8
s 7775 19 12
s 7776 111 56
s 7777 53 21
s 7778 70 32
s 7779 23 10
s 7780 69 36
s 7781 63 26
s 7782 8 4
s 7783 2 1
s 7784 36 21
s 7785 61 36
s 7786 162 80
s 7787 122 66
s 7788 119 50
s 7789 69 35
s 7790 48 27
s 7791 16 7
s 7792 37 20
s 7793 16 7
s 7794 33 18
s 7799 143 66
s 7800 92 43
s 7801 36 17
s 7803 157 79
s 7806 61 32
s 7808 114 54
s 7809 51 26
s 7811 43 21
s 7815 135 69
s 7816 18 10
s 7817 47 26
s 7818 28 15
s 7825 92 46
s 7835 46 25
s 7968 23 12
s 7969 49 24
s 7970 47 22
s 7971 72 27
s 7972 163 84
s 7973 9 3
s 7974 46 19
s 7975 97 37
s 7976 5 2
s 7977 91 35
s 7978 56 27
s 7979 78 49
s 7980 47 25
s 7981 8 3
s 7982 61 28
s 7983 74 41
s 7984 185 96
s 7985 154 84
s 7986 9 3
s 7987 49 18
s 7988 34 16
s 7989 78 29
s 7990 374 176
s 7991 165 92
s 7992 31 15
s 7993 6 3
s 7994 18 10
s 7995 29 17
s 7996 205 88
s 7997 11 8
s 7998 115 72
s 7999 28 16
s 8000 36 22
s 8001 20 13
s 8002 5 1
s 8003 134 61
s 8004 11 0
s 8005 186 95
s 8006 127 56
s 8007 175 86
s 8008 26 13
s 8009 21 11
s 8010 192 100
s 8011 34 16
s 8012 157 72
s 8013 32 17
s 8014 50 26
s 8015 36 13
s 8016 86 40
s 8017 28 13
s 8018 18 8
s 8019 20 12
s 8020 40 19
s 8021 141 66
s 8022 284 126
s 8023 33 15
s 8024 64 28
s 8025 8 4
s 8026 94 51
s 8027 38 22
s 8028 21 14
s 8029 132 71
s 8030 26 12
s 8031 28 12
s 8032 171 89
s 8033 86 41
s 8034 129 51
s 8035 35 11
s 8036 134 68
s 8037 92 40
s 8038 13 8
s 8039 6 6
s 8040 57 30
s 8041 89 42
s 8042 207 106
s 8043 152 71
s 8044 237 93
s 8045 94 39
s 8046 65 36
s 8047 15 7
s 8048 40 18
s 8049 26 11
s 8050 41 20
s 8055 172 90
s 8056 124 54
s 8057 278 136
s 8059 215 101
s 8062 97 48
s 8064 176 70
s 8065 89 41
s 8067 59 34
s 8071 252 113
s 8072 38 16
s 8073 85 44
s 8074 25 11
s 8081 83 38
s 8091 48 29
s 8225 5 3
s 8226 3 2
s 8227 5 0
s 8228 14 6
s 8229 2 0
s 8230 5 2
s 8231 9 3
s 8233 1 0
s 8234 7 5
s 8235 2 1
s 8236 3 2
s 8237 1 0
s 8238 2 2
s 8239 7 5
s 8240 9 9
s 8241 14 7
s 8242 1 0
s 8243 12 5
s 8244 2 2
s 8245 9 4
s 8246 14 10
s 8247 29 13
s 8248 2 0
s 8249 1 1
s 8250 4 2
s 8251 2 0
s 8252 11 7
s 8253 1 1
s 8254 8 4
s 8255 2 2
s 8256 7 2
s 8257 1 1
s 8258 3 2
s 8259 4 2
s 8260 4 1
s 8261 10 4
s 8262 9 4
s 8263 16 10
s 8264 2 0
s 8265 4 3
s 8266 10 4
s 8267 7 3
s 8268 4 2
s 8269 1 1
s 8270 4 2
s 8271 3 1
s 8272 3 2
s 8273 1 0
s 8274 2 1
s 8275 7 4
s 8276 19 9
s 8277 34 12
s 8278 27 15
s 8279 21 16
s 8280 5 3
s 8281 4 3
s 8282 8 4
s 8283 2 2
s 8285 7 5
s 8286 6 3
s 8287 2 1
s 8288 11 7
s 8289 3 2
s 8290 12 5
s 8291 5 0
s 8292 13 5
s 8293 13 5
s 8294 3 0
s 8295 1 1
s 8296 3 1
s 8297 10 4
s 8298 7 4
s 8299 8 3
s 8300 24 11
s 8301 9 5
s 8302 12 5
s 8303 7 2
s 8304 10 7
s 8305 2 0
s 8306 4 2
s 8311 23 11
s 8312 6 3
s 8313 14 5
s 8315 29 15
s 8318 6 3
s 8320 14 5
s 8321 5 3
s 8323 9 7
s 8327 18 9
s 8328 3 1
s 8329 6 3
s 8330 3 1
s 8337 7 4
s 8347 4 2
s 8482 9 4
s 8483 12 8
s 8484 54 37
s 8485 10 7
s 8486 7 2
s 8487 22 11
s 8488 5 5
s 8489 9 8
s 8490 11 6
s 8491 10 5
s 8492 8 5
s 8493 5 5
s 8494 21 14
s 8495 24 14
s 8496 64 35
s 8497 68 51
s 8498 22 17
s 8499 68 37
s 8500 7 3
s 8501 60 42
s 8502 100 64
s 8503 10 6
s 8504 22 14
s 8505 4 2
s 8506 11 8
s 8507 9 5
s 8508 12 3
s 8509 4 2
s 8510 86 69
s 8511 6 4
s 8512 20 8
s 8513 3 2
s 8514 6 5
s 8515 27 13
s 8516 5 4
s 8517 17 11
s 8518 29 15
s 8519 93 59
s 8520 17 10
s 8521 12 6
s 8522 61 34
s 8523 19 9
s 8524 44 28
s 8525 9 6
s 8526 1 1
s 8527 12 7
s 8528 35 23
s 8529 4 2
s 8530 5 2
s 8531 49 33
s 8532 40 27
s 8533 80 54
s 8534 117 72
s 8535 48 30
s 8536 36 23
s 8537 6 2
s 8538 29 13
s 8539 32 21
s 8540 3 1
s 8541 37 22
s 8542 4 2
s 8543 5 3
s 8544 18 13
s 8545 16 11
s 8546 13 7
s 8547 5 2
s 8548 103 54
s 8549 18 11
s 8550 4 3
s 8551 5 3
s 8552 4 1
s 8553 52 36
s 8554 89 53
s 8555 92 58
s 8556 15 10
s 8557 35 21
s 8558 29 14
s 8559 22 18
s 8560 105 62
s 8561 5 3
s 8562 8 7
s 8567 110 77
s 8568 60 38
s 8569 30 19
s 8571 111 62
s 8574 29 18
s 8576 55 24
s 8577 2 2
s 8579 59 30
s 8583 18 13
s 8584 21 14
s 8585 7 6
s 8586 18 10
s 8593 39 26
s 8603 16 7
s 8739 8 2
s 8740 17 6
s 8741 7 5
s 8742 9 5
s 8744 3 0
s 8745 11 4
s 8746 8 3
s 8747 3 0
s 8748 8 4
s 8749 1 1
s 8750 7 3
s 8751 5 3
s 8752 38 14
s 8753 17 8
s 8754 9 5
s 8755 26 10
s 8756 1 1
s 8757 18 11
s 8758 60 33
s 8759 41 21
s 8760 8 6
s 8761 4 1
s 8762 10 6
s 8763 3 0
s 8764 67 30
s 8765 1 0
s 8766 29 14
s 8767 6 3
s 8768 22 14
s 8769 2 2
s 8771 20 7
s 8772 6 3
s 8773 27 13
s 8774 20 8
s 8775 55 28
s 8776 3 2
s 8777 9 6
s 8778 4 2
s 8779 16 7
s 8780 2 1
s 8781 7 3
s 8782 21 14
s 8783 24 14
s 8784 11 3
s 8785 7 5
s 8786 2 1
s 8787 23 11
s 8788 29 15
s 8789 80 31
s 8790 69 44
s 8791 41 19
s 8792 9 5
s 8793 1 0
s 8794 9 3
s 8795 10 4
s 8796 5 3
s 8797 21 10
s 8798 6 2
s 8799 5 3
s 8800 45 17
s 8801 19 9
s 8802 19 9
s 8803 12 5
s 8804 56 31
s 8805 23 6
s 8806 8 4
s 8807 2 1
s 8808 18 6
s 8809 36 18
s 8810 2 2
s 8811 15 5
s 8812 62 29
s 8813 22 10
s 8814 18 12
s 8815 13 5
s 8816 39 18
s 8817 3 0
s 8818 5 4
s 8823 34 17
s 8824 5 2
s 8825 44 24
s 8827 75 35
s 8830 1 1
s 8832 40 12
s 8833 19 6
s 8835 38 18
s 8839 47 23
s 8840 5 2
s 8841 4 3
s 8842 11 4
s 8849 16 6
s 8859 14 10
s 8996 50 26
s 8997 27 10
s 8998 20 10
s 8999 7 4
s 9000 6 5
s 9001 27 16
s 9002 26 10
s 9003 7 2
s 9004 10 4
s 9005 9 3
s 9006 11 5
s 9007 7 1
s 9008 35 13
s 9009 37 20
s 9010 13 4
s 9011 36 14
s 9012 2 1
s 9013 14 9
s 9014 94 47
s 9015 44 21
s 9016 7 4
s 9017 4 2
s 9018 10 7
s 9019 6 4
s 9020 63 22
s 9022 29 16
s 9023 12 6
s 9024 33 11
s 9025 6 3
s 9026 1 1
s 9027 27 11
s 9028 10 2
s 9029 57 32
s 9030 23 12
s 9031 69 31
s 9032 11 6
s 9033 5 4
s 9034 30 13
s 9035 33 13
s 9036 9 3
s 9037 6 2
s 9038 12 5
s 9039 19 9
s 9040 19 7
s 9041 3 2
s 9043 29 14
s 9044 44 18
s 9045 74 31
s 9046 108 54
s 9047 56 29
s 9048 15 4
s 9049 5 2
s 9050 14 11
s 9051 23 11
s 9052 1 0
s 9053 36 13
s 9054 6 3
s 9055 9 4
s 9056 57 25
s 9057 23 7
s 9058 18 11
s 9059 17 7
s 9060 62 28
s 9061 40 20
s 9062 8 4
s 9063 5 3
s 9064 15 7
s 9065 44 26
s 9066 15 7
s 9067 26 15
s 9068 76 31
s 9069 23 5
s 9070 28 14
s 9071 18 6
s 9072 54 22
s 9073 2 0
s 9074 7 3
s 9079 52 21
s 9080 14 3
s 9081 47 21
s 9083 85 34
s 9086 13 7
s 9088 64 21
s 9089 38 17
s 9091 26 13
s 9095 71 31
s 9096 11 6
s 9097 12 5
s 9098 11 2
s 9105 16 8
s 9115 10 5
s 9253 28 10
s 9254 48 29
s 9255 49 20
s 9256 21 12
s 9257 42 20
s 9258 26 10
s 9259 37 15
s 9260 13 9
s 9261 10 6
s 9262 31 16
s 9263 48 22
s 9264 113 61
s 9265 127 71
s 9266 36 18
s 9267 157 87
s 9268 14 5
s 9269 90 48
s 9270 165 76
s 9271 112 64
s 9272 30 13
s 9273 11 9
s 9274 36 15
s 9275 21 10
s 9276 142 70
s 9277 8 6
s 9278 136 84
s 9279 22 9
s 9280 81 30
s 9281 24 13
s 9282 5 2
s 9283 50 26
s 9284 25 12
s 9285 118 59
s 9286 53 19
s 9287 208 114
s 9288 24 11
s 9289 10 6
s 9290 103 58
s 9291 75 30
s 9292 59 32
s 9293 26 19
s 9294 54 26
s 9295 63 28
s 9296 50 26
s 9297 13 5
s 9298 9 7
s 9299 122 74
s 9300 113 58
s 9301 255 114
s 9302 306 171
s 9303 155 87
s 9304 73 42
s 9305 6 4
s 9306 73 53
s 9307 48 25
s 9308 9 5
s 9309 88 48
s 9310 18 7
s 9311 16 9
s 9312 146 75
s 9313 53 24
s 9314 68 31
s 9315 14 5
s 9316 210 112
s 9317 103 42
s 9318 19 13
s 9319 13 6
s 9320 34 16
s 9321 134 64
s 9322 174 108
s 9323 127 75
s 9324 174 81
s 9325 71 32
s 9326 60 28
s 9327 63 28
s 9328 193 112
s 9329 20 10
s 9330 26 12
s 9335 253 128
s 9336 87 43
s 9337 103 50
s 9339 328 168
s 9342 54 26
s 9344 231 104
s 9345 59 25
s 9347 149 80
s 9351 193 99
s 9352 29 15
s 9353 55 29
s 9354 11 6
s 9361 55 31
s 9371 86 44
s 9510 7 6
s 9511 22 4
s 9512 1 1
s 9513 17 6
s 9514 12 5
s 9515 11 3
s 9516 8 3
s 9517 4 3
s 9518 13 7
s 9519 11 6
s 9520 47 24
s 9521 36 17
s 9522 1 0
s 9523 2 0
s 9524 8 2
s 9525 36 19
s 9526 57 29
s 9527 22 11
s 9528 7 3
s 9529 6 2
s 9531 2 1
s 9532 34 12
s 9534 17 9
s 9535 11 5
s 9536 14 4
s 9537 8 2
s 9538 2 1
s 9539 25 8
s 9541 25 7
s 9542 20 11
s 9543 38 16
s 9544 13 7
s 9545 9 5
s 9546 34 17
s 9547 8 2
s 9548 21 10
s 9549 4 2
s 9550 15 5
s 9551 7 2
s 9552 12 3
s 9553 2 1
s 9554 2 1
s 9555 8 4
s 9556 13 6
s 9557 21 5
s 9558 61 28
s 9559 4 2
s 9560 15 5
s 9561 4 3
s 9562 24 13
s 9563 10 5
s 9564 1 1
s 9565 17 9
s 9566 4 2
s 9567 9 4
s 9568 31 17
s 9569 13 4
s 9570 20 5
s 9571 10 2
s 9572 21 10
s 9573 24 11
s 9574 2 0
s 9575 1 0
s 9576 8 5
s 9577 21 9
s 9578 42 23
s 9579 33 17
s 9580 51 23
s 9581 12 4
s 9582 17 8
s 9583 2 0
s 9584 7 4
s 9585 3 1
s 9586 4 1
s 9591 28 13
s 9592 23 9
s 9593 14 6
s 9595 45 17
s 9598 21 14
s 9600 32 12
s 9601 20 9
s 9603 8 4
s 9607 60 26
s 9608 1 1
s 9609 7 3
s 9610 11 5
s 9617 18 9
s 9627 10 6
s 9767 14 5
s 9768 6 2
s 9769 19 6
s 9770 5 3
s 9771 12 7
s 9772 3 2
s 9773 5 4
s 9774 29 12
s 9775 23 13
s 9776 45 27
s 9777 37 21
s 9778 10 4
s 9779 36 21
s 9780 6 3
s 9781 50 25
s 9782 65 26
s 9783 8 4
s 9784 12 8
s 9785 6 1
s 9786 11 7
s 9787 7 3
s 9788 11 4
s 9789 4 2
s 9790 29 22
s 9791 13 7
s 9792 38 20
s 9793 4 3
s 9794 1 1
s 9795 20 12
s 9796 11 5
s 9797 15 4
s 9798 36 16
s 9799 41 15
s 9800 8 6
s 9801 3 1
s 9802 56 31
s 9803 40 19
s 9804 19 11
s 9805 6 3
s 9806 3 2
s 9807 26 13
s 9808 30 17
s 9809 2 0
s 9810 1 1
s 9811 26 13
s 9812 42 22
s 9813 72 38
s 9814 109 59
s 9815 64 33
s 9816 12 6
s 9817 4 3
s 9818 93 52
s 9819 13 8
s 9820 5 3
s 9821 29 16
s 9822 11 5
s 9823 7 4
s 9824 12 5
s 9825 13 6
s 9826 17 10
s 9827 6 2
s 9828 78 39
s 9829 40 21
s 9830 7 2
s 9831 3 2
s 9832 4 3
s 9833 51 27
s 9834 77 46
s 9835 48 30
s 9836 22 10
s 9837 48 25
s 9838 31 17
s 9839 22 10
s 9840 76 42
s 9841 4 3
s 9842 14 5
s 9847 95 52
s 9848 49 20
s 9849 40 20
s 9851 123 70
s 9854 24 16
s 9856 75 38
s 9857 13 8
s 9859 57 22
s 9863 15 9
s 9864 12 4
s 9865 6 1
s 9866 10 5
s 9873 33 24
s 9883 13 10
s 10024 8 3
s 10025 34 14
s 10026 20 10
s 10027 9 4
s 10028 15 6
s 10029 10 4
s 10030 29 15
s 10031 12 6
s 10032 80 35
s 10033 24 15
s 10034 24 11
s 10035 64 32
s 10036 1 1
s 10037 33 12
s 10038 162 74
s 10039 60 31
s 10040 17 6
s 10041 2 2
s 10042 11 4
s 10043 4 1
s 10044 105 51
s 10045 3 1
s 10046 47 28
s 10047 18 9
s 10048 52 18
s 10049 5 1
s 10050 4 3
s 10051 46 23
s 10052 22 7
s 10053 66 35
s 10054 51 21
s 10055 111 57
s 10056 13 5
s 10057 17 9
s 10058 8 3
s 10059 45 20
s 10060 3 0
s 10061 10 7
s 10062 26 12
s 10063 25 15
s 10064 26 10
s 10065 8 4
s 10066 1 0
s 10067 43 24
s 10068 65 32
s 10069 130 62
s 10070 186 78
s 10071 104 48
s 10072 41 20
s 10073 7 4
s 10074 17 9
s 10075 20 12
s 10076 2 1
s 10077 48 25
s 10078 15 7
s 10079 9 4
s 10080 87 49
s 10081 28 13
s 10082 46 19
s 10083 16 4
s 10084 102 45
s 10085 44 17
s 10086 8 2
s 10087 2 1
s 10088 30 17
s 10089 46 23
s 10090 6 2
s 10091 26 18
s 10092 119 39
s 10093 46 25
s 10094 49 25
s 10095 30 15
s 10096 74 38
s 10098 16 11
s 10103 117 49
s 10104 17 10
s 10105 45 22
s 10107 150 69
s 10110 5 1
s 10112 83 36
s 10113 52 13
s 10115 66 28
s 10119 108 50
s 10120 13 8
s 10121 16 11
s 10122 25 14
s 10129 20 4
s 10139 31 17
s 10281 4 0
s 10282 5 3
s 10283 6 4
s 10284 8 2
s 10286 9 6
s 10287 13 6
s 10288 17 9
s 10289 6 2
s 10290 3 1
s 10291 10 7
s 10292 5 2
s 10293 10 5
s 10294 25 11
s 10295 13 7
s 10296 1 1
s 10297 1 1
s 10299 6 3
s 10300 15 4
s 10301 2 2
s 10302 7 3
s 10303 3 0
s 10304 4 1
s 10305 2 0
s 10306 2 2
s 10307 9 5
s 10308 3 1
s 10309 13 7
s 10310 9 3
s 10311 14 9
s 10312 1 0
s 10313 4 1
s 10314 13 7
s 10315 4 1
s 10316 13 8
s 10317 2 1
s 10318 4 2
s 10319 2 1
s 10320 3 3
s 10322 2 0
s 10323 5 3
s 10324 8 7
s 10325 10 5
s 10326 18 10
s 10327 12 9
s 10328 6 3
s 10330 6 2
s 10331 7 4
s 10332 3 0
s 10333 15 10
s 10334 1 0
s 10335 3 1
s 10336 17 7
s 10337 14 5
s 10338 8 5
s 10339 5 2
s 10340 10 3
s 10341 6 1
s 10342 3 2
s 10343 3 1
s 10344 3 1
s 10345 7 3
s 10346 15 8
s 10347 12 7
s 10348 13 6
s 10349 7 4
s 10350 6 2
s 10351 6 4
s 10352 6 1
s 10353 6 3
s 10354 8 4
s 10359 11 7
s 10360 17 9
s 10361 8 1
s 10363 21 10
s 10366 8 3
s 10368 21 10
s 10369 10 4
s 10371 4 3
s 10375 21 17
s 10376 9 2
s 10377 7 3
s 10378 6 6
s 10385 13 6
s 10395 3 2
s 10538 6 4
s 10539 20 9
s 10540 2 1
s 10541 6 4
s 10542 2 0
s 10543 28 16
s 10544 3 3
s 10545 39 16
s 10546 5 3
s 10547 35 14
s 10548 9 4
s 10549 11 3
s 10551 37 20
s 10552 6 2
s 10553 2 0
s 10554 14 7
s 10555 6 1
s 10556 65 29
s 10558 23 13
s 10559 6 4
s 10560 43 20
s 10561 9 3
s 10563 1 0
s 10564 17 9
s 10565 40 21
s 10566 1 0
s 10567 68 26
s 10568 3 0
s 10569 2 1
s 10570 134 69
s 10571 31 16
s 10572 33 16
s 10573 7 3
s 10574 15 3
s 10575 16 12
s 10576 1 1
s 10578 1 0
s 10579 27 14
s 10580 28 11
s 10581 91 45
s 10582 120 54
s 10583 53 21
s 10584 23 16
s 10586 17 8
s 10587 9 5
s 10588 8 5
s 10589 3 1
s 10590 1 1
s 10592 54 30
s 10593 31 9
s 10594 42 14
s 10595 8 4
s 10596 46 19
s 10597 61 17
s 10598 10 2
s 10599 6 5
s 10600 14 3
s 10601 39 25
s 10602 60 28
s 10603 28 9
s 10604 76 35
s 10606 61 34
s 10607 15 8
s 10608 57 27
s 10609 2 2
s 10610 3 3
s 10615 69 34
s 10616 21 8
s 10617 35 14
s 10619 89 42
s 10622 21 11
s 10624 146 60
s 10625 25 10
s 10627 43 16
s 10631 84 31
s 10632 13 8
s 10633 18 9
s 10634 2 0
s 10641 7 2
s 10651 16 11
s 10795 10 7
s 10796 4 2
s 10797 7 1
s 10798 5 2
s 10799 12 7
s 10800 16 10
s 10801 33 15
s 10802 10 5
s 10803 18 7
s 10804 6 5
s 10805 19 10
s 10806 11 6
s 10807 18 7
s 10808 2 0
s 10809 1 1
s 10810 7 5
s 10811 3 0
s 10812 17 6
s 10813 1 0
s 10814 22 12
s 10815 3 2
s 10816 18 12
s 10817 2 2
s 10818 3 2
s 10819 12 5
s 10820 15 4
s 10821 14 7
s 10822 5 1
s 10823 46 20
s 10824 4 0
s 10825 4 3
s 10826 50 20
s 10827 18 3
s 10828 46 20
s 10829 8 5
s 10830 4 2
s 10831 11 3
s 10832 3 1
s 10833 5 1
s 10834 4 2
s 10835 9 6
s 10836 22 11
s 10837 49 17
s 10838 77 39
s 10839 39 22
s 10840 14 3
s 10841 1 0
s 10842 17 8
s 10843 4 1
s 10844 5 0
s 10845 15 8
s 10846 3 1
s 10847 1 0
s 10848 20 6
s 10849 11 4
s 10850 19 12
s 10851 8 4
s 10852 28 13
s 10853 44 22
s 10854 5 2
s 10855 2 0
s 10856 7 2
s 10857 15 4
s 10858 36 12
s 10859 14 9
s 10860 26 11
s 10861 3 1
s 10862 23 11
s 10863 12 4
s 10864 35 16
s 10865 6 5
s 10866 5 3
s 10871 39 16
s 10872 23 10
s 10873 41 17
s 10875 73 29
s 10878 13 7
s 10880 60 25
s 10881 11 6
s 10883 26 11
s 10887 39 19
s 10888 4 1
s 10889 6 4
s 10890 6 2
s 10897 6 4
s 10907 7 4
s 11052 11 4
s 11053 3 1
s 11054 16 4
s 11055 12 4
s 11056 49 29
s 11057 34 20
s 11058 11 4
s 11059 45 20
s 11060 5 2
s 11061 35 14
s 11062 90 44
s 11063 25 17
s 11064 9 5
s 11065 5 2
s 11066 7 1
s 11067 6 4
s 11068 36 19
s 11069 1 1
s 11070 50 33
s 11071 9 5
s 11072 37 20
s 11073 8 3
s 11075 32 19
s 11076 6 2
s 11077 24 17
s 11078 30 19
s 11079 86 51
s 11080 10 3
s 11081 5 1
s 11082 17 6
s 11083 21 9
s 11084 18 13
s 11085 1 1
s 11086 15 7
s 11087 26 7
s 11088 18 8
s 11089 9 4
s 11090 4 2
s 11091 37 22
s 11092 39 21
s 11093 80 33
s 11094 118 56
s 11095 71 39
s 11096 26 14
s 11097 5 3
s 11098 9 5
s 11099 8 3
s 11100 5 3
s 11101 34 18
s 11102 9 4
s 11103 5 0
s 11104 38 22
s 11105 20 11
s 11106 19 11
s 11107 10 3
s 11108 97 46
s 11109 40 21
s 11110 4 2
s 11111 1 1
s 11112 7 3
s 11113 31 18
s 11114 37 23
s 11115 30 14
s 11116 50 21
s 11117 38 23
s 11118 21 10
s 11119 18 10
s 11120 48 27
s 11121 2 1
s 11122 3 2
s 11127 62 29
s 11128 29 12
s 11129 32 14
s 11131 83 34
s 11134 15 6
s 11136 57 22
s 11137 20 7
s 11139 45 21
s 11143 64 28
s 11144 11 5
s 11145 12 6
s 11146 9 5
s 11153 21 13
s 11163 14 7
s 11309 6 5
s 11310 1 1
s 11311 15 12
s 11312 2 1
s 11313 18 12
s 11314 7 6
s 11315 11 8
s 11316 4 2
s 11317 6 0
s 11318 2 0
s 11319 20 12
s 11321 5 3
s 11322 1 1
s 11323 4 2
s 11324 25 9
s 11325 2 2
s 11326 15 9
s 11327 2 1
s 11328 15 4
s 11329 2 1
s 11330 1 0
s 11331 2 0
s 11332 5 3
s 11333 15 9
s 11334 2 1
s 11335 23 12
s 11337 4 0
s 11338 34 19
s 11339 20 10
s 11340 20 7
s 11341 4 2
s 11342 9 4
s 11343 8 6
s 11345 2 1
s 11346 4 3
s 11347 8 4
s 11348 13 4
s 11349 40 20
s 11350 63 39
s 11351 26 14
s 11352 17 8
s 11354 12 9
s 11355 6 1
s 11356 4 2
s 11357 1 0
s 11360 21 10
s 11361 30 16
s 11362 19 6
s 11363 2 1
s 11364 28 13
s 11365 17 7
s 11366 4 2
s 11367 2 2
s 11368 12 5
s 11369 25 12
s 11370 33 19
s 11371 16 9
s 11372 32 11
s 11373 2 1
s 11374 20 12
s 11375 14 6
s 11376 21 13
s 11377 5 1
s 11378 1 0
s 11383 28 11
s 11384 29 14
s 11385 36 12
s 11387 45 22
s 11390 9 6
s 11392 52 22
s 11393 13 7
s 11395 17 10
s 11399 32 12
s 11400 10 4
s 11401 13 3
s 11409 2 0
s 11419 11 6
s 11566 8 2
s 11567 10 4
s 11568 19 10
s 11569 18 8
s 11570 1 0
s 11571 9 6
s 11572 7 5
s 11573 11 6
s 11574 21 9
s 11575 9 4
s 11576 1 1
s 11577 4 1
s 11579 2 2
s 11580 19 13
s 11581 2 1
s 11582 7 6
s 11584 16 10
s 11586 2 1
s 11587 8 5
s 11589 17 12
s 11590 7 5
s 11591 11 9
s 11592 1 0
s 11593 6 2
s 11594 16 8
s 11595 4 3
s 11596 16 8
s 11597 4 2
s 11598 8 6
s 11599 3 2
s 11600 8 4
s 11601 4 2
s 11602 1 0
s 11603 5 3
s 11604 12 3
s 11605 12 6
s 11606 18 8
s 11607 8 4
s 11608 5 4
s 11609 1 0
s 11610 2 1
s 11611 3 3
s 11612 2 1
s 11613 13 8
s 11614 2 0
s 11615 1 0
s 11616 22 11
s 11617 9 1
s 11618 4 2
s 11619 1 0
s 11620 13 8
s 11621 7 5
s 11622 2 1
s 11624 5 3
s 11625 14 10
s 11626 18 13
s 11627 9 4
s 11628 8 2
s 11629 10 6
s 11630 2 1
s 11631 3 3
s 11632 4 0
s 11633 3 1
s 11634 7 4
s 11639 11 5
s 11640 10 5
s 11641 6 5
s 11643 24 13
s 11646 5 3
s 11648 19 10
s 11649 7 3
s 11651 6 2
s 11655 14 9
s 11656 2 2
s 11657 6 3
s 11658 4 3
s 11665 12 9
s 11675 7 3
s 11823 19 13
s 11824 11 5
s 11825 55 27
s 11826 6 3
s 11827 47 24
s 11828 8 5
s 11829 24 12
s 11830 6 2
s 11831 73 35
s 11832 6 3
s 11833 1 0
s 11834 12 4
s 11835 7 4
s 11836 56 29
s 11837 3 1
s 11838 46 29
s 11839 4 2
s 11840 36 15
s 11841 6 4
s 11842 3 3
s 11844 7 1
s 11845 55 26
s 11846 6 3
s 11847 60 28
s 11848 3 0
s 11849 2 1
s 11850 60 19
s 11851 36 18
s 11852 38 17
s 11853 15 7
s 11854 17 5
s 11855 27 11
s 11856 3 0
s 11857 2 0
s 11858 3 1
s 11859 33 15
s 11860 70 34
s 11861 99 43
s 11862 156 77
s 11863 66 32
s 11864 20 12
s 11865 1 0
s 11866 58 35
s 11867 19 7
s 11868 7 4
s 11869 12 6
s 11870 1 0
s 11871 8 6
s 11872 57 23
s 11873 19 8
s 11874 36 19
s 11875 11 8
s 11876 87 36
s 11877 35 17
s 11878 2 0
s 11879 5 2
s 11880 18 7
s 11881 66 29
s 11882 74 36
s 11883 68 36
s 11884 99 37
s 11885 2 0
s 11886 37 17
s 11887 20 8
s 11888 84 44
s 11889 8 2
s 11890 11 2
s 11895 72 42
s 11896 53 25
s 11897 36 16
s 11899 133 59
s 11902 41 19
s 11904 106 40
s 11905 47 23
s 11907 52 18
s 11911 103 46
s 11912 14 5
s 11913 12 3
s 11914 2 1
s 11921 7 0
s 11931 27 17
s 12080 81 44
s 12081 57 29
s 12082 23 14
s 12083 52 33
s 12084 4 2
s 12085 41 24
s 12086 104 43
s 12087 56 35
s 12088 18 10
s 12089 4 3
s 12090 8 4
s 12091 4 3
s 12092 45 24
s 12093 2 0
s 12094 71 42
s 12095 12 3
s 12096 53 30
s 12097 11 5
s 12098 2 2
s 12099 32 15
s 12100 18 12
s 12101 59 35
s 12102 39 23
s 12103 101 48
s 12104 12 4
s 12105 7 6
s 12106 22 10
s 12107 41 17
s 12108 17 10
s 12109 11 7
s 12110 22 10
s 12111 21 6
s 12112 31 15
s 12113 9 6
s 12115 37 19
s 12116 67 30
s 12117 124 67
s 12118 128 61
s 12119 64 40
s 12120 28 15
s 12121 3 3
s 12122 21 12
s 12123 25 17
s 12124 9 4
s 12125 25 17
s 12126 15 8
s 12127 6 4
s 12128 67 32
s 12129 22 10
s 12130 29 18
s 12131 20 7
s 12132 103 49
s 12133 47 16
s 12134 7 4
s 12135 5 3
s 12136 11 8
s 12137 60 32
s 12138 43 23
s 12139 50 30
s 12140 84 34
s 12141 39 15
s 12142 21 9
s 12143 19 6
s 12144 81 49
s 12145 4 1
s 12146 15 7
s 12151 92 48
s 12152 28 15
s 12153 42 24
s 12155 141 67
s 12158 15 9
s 12160 78 36
s 12161 29 19
s 12163 66 35
s 12167 84 34
s 12168 15 7
s 12169 10 6
s 12170 18 10
s 12177 39 18
s 12187 25 17
s 12337 159 91
s 12338 43 21
s 12339 114 55
s 12340 19 9
s 12341 47 20
s 12342 2 0
s 12343 174 105
s 12344 1 1
s 12345 15 7
s 12346 41 18
s 12347 21 10
s 12348 220 126
s 12349 12 7
s 12350 116 81
s 12351 15 11
s 12352 79 42
s 12353 28 15
s 12354 11 7
s 12355 2 1
s 12356 24 11
s 12357 160 79
s 12358 5 3
s 12359 215 119
s 12360 10 6
s 12361 12 4
s 12362 185 95
s 12363 76 33
s 12364 109 53
s 12365 32 15
s 12366 42 23
s 12367 100 44
s 12368 9 6
s 12369 7 4
s 12370 7 3
s 12371 132 79
s 12372 195 111
s 12373 293 137
s 12374 398 212
s 12375 156 84
s 12376 75 42
s 12377 2 0
s 12378 111 68
s 12379 63 36
s 12380 21 10
s 12381 46 29
s 12382 2 1
s 12384 171 73
s 12385 73 31
s 12386 118 59
s 12387 30 10
s 12388 223 119
s 12389 105 49
s 12390 19 11
s 12391 15 9
s 12392 32 15
s 12393 153 73
s 12394 267 171
s 12395 160 75
s 12396 239 100
s 12397 2 0
s 12398 99 46
s 12399 58 21
s 12400 200 95
s 12401 14 7
s 12402 18 11
s 12407 249 136
s 12408 152 78
s 12409 129 63
s 12411 351 185
s 12414 103 51
s 12416 253 111
s 12417 92 48
s 12419 179 90
s 12423 258 143
s 12424 30 14
s 12425 56 34
s 12426 4 2
s 12433 29 15
s 12443 81 45
s 12594 43 20
s 12595 74 41
s 12596 18 13
s 12597 96 53
s 12598 245 128
s 12599 144 84
s 12600 32 15
s 12601 11 5
s 12602 50 27
s 12603 11 5
s 12604 109 49
s 12605 10 6
s 12606 147 91
s 12607 19 10
s 12608 83 46
s 12609 16 9
s 12610 7 6
s 12611 90 53
s 12612 28 14
s 12613 126 72
s 12614 86 48
s 12615 149 85
s 12616 38 19
s 12617 16 7
s 12618 75 42
s 12619 61 21
s 12620 69 33
s 12621 19 8
s 12622 48 30
s 12623 59 31
s 12624 57 29
s 12625 9 4
s 12626 7 5
s 12627 61 32
s 12628 90 53
s 12629 223 103
s 12630 333 180
s 12631 179 97
s 12632 67 39
s 12633 17 7
s 12634 79 46
s 12635 63 37
s 12636 10 8
s 12637 88 49
s 12638 31 17
s 12639 23 16
s 12640 96 47
s 12641 32 14
s 12642 82 42
s 12643 17 8
s 12644 177 91
s 12645 111 52
s 12646 10 5
s 12647 8 5
s 12648 26 14
s 12649 182 108
s 12650 68 37
s 12651 68 31
s 12652 153 70
s 12653 95 48
s 12654 87 47
s 12655 68 36
s 12656 213 121
s 12657 14 7
s 12658 27 19
s 12663 251 136
s 12664 55 26
s 12665 148 70
s 12667 369 190
s 12670 27 15
s 12672 176 80
s 12673 31 17
s 12675 178 104
s 12679 189 113
s 12680 31 20
s 12681 38 22
s 12682 34 16
s 12689 65 29
s 12699 66 39
s 12851 18 6
s 12852 7 1
s 12853 68 38
s 12854 72 29
s 12855 32 14
s 12856 10 4
s 12857 1 0
s 12858 4 3
s 12859 8 5
s 12860 52 24
s 12861 9 7
s 12862 37 20
s 12863 6 3
s 12864 6 4
s 12865 6 0
s 12867 34 14
s 12868 5 0
s 12869 29 14
s 12870 27 15
s 12871 31 16
s 12872 3 1
s 12873 9 5
s 12874 53 29
s 12875 4 1
s 12876 40 24
s 12877 9 4
s 12878 24 12
s 12879 11 5
s 12880 22 8
s 12881 6 1
s 12882 4 2
s 12883 5 3
s 12884 17 4
s 12885 28 7
s 12886 80 45
s 12887 11 4
s 12888 16 10
s 12889 5 5
s 12890 27 16
s 12891 17 9
s 12892 10 4
s 12893 29 9
s 12894 7 2
s 12895 3 2
s 12896 56 22
s 12897 22 11
s 12898 24 10
s 12899 9 4
s 12900 23 9
s 12901 22 7
s 12902 1 1
s 12903 4 1
s 12904 17 13
s 12905 41 17
s 12906 64 30
s 12907 47 22
s 12908 50 22
s 12909 28 17
s 12910 12 7
s 12911 2 0
s 12912 6 3
s 12913 7 5
s 12914 13 5
s 12919 46 27
s 12920 46 16
s 12921 18 8
s 12923 77 40
s 12926 20 13
s 12928 34 15
s 12929 11 8
s 12931 15 6
s 12935 46 21
s 12936 19 11
s 12937 16 8
s 12938 10 4
s 12945 30 15
s 12955 17 13
s 13108 13 5
s 13109 106 51
s 13110 156 72
s 13111 187 104
s 13112 31 14
s 13113 9 4
s 13114 15 8
s 13115 15 8
s 13116 83 41
s 13117 3 2
s 13118 19 12
s 13119 17 9
s 13120 27 10
s 13121 15 9
s 13122 1 1
s 13123 48 30
s 13124 11 6
s 13125 76 35
s 13126 40 18
s 13127 32 11
s 13128 21 11
s 13129 7 3
s 13130 106 43
s 13131 21 13
s 13132 69 37
s 13133 22 13
s 13134 32 22
s 13135 27 16
s 13136 46 22
s 13137 6 2
s 13138 8 1
s 13139 13 8
s 13140 19 9
s 13141 72 30
s 13142 204 115
s 13143 45 26
s 13144 11 6
s 13145 6 3
s 13146 80 46
s 13147 41 28
s 13148 8 3
s 13149 49 31
s 13150 17 8
s 13151 5 4
s 13152 105 50
s 13153 26 12
s 13154 88 45
s 13155 15 9
s 13156 17 12
s 13157 46 25
s 13158 6 4
s 13159 4 2
s 13160 25 13
s 13161 68 42
s 13162 150 71
s 13163 112 60
s 13164 171 76
s 13165 86 45
s 13166 54 34
s 13167 22 12
s 13168 77 42
s 13169 11 6
s 13170 15 8
s 13175 119 57
s 13176 105 53
s 13177 42 16
s 13179 166 69
s 13182 67 33
s 13184 162 76
s 13185 43 20
s 13187 76 47
s 13191 150 79
s 13192 13 9
s 13193 36 20
s 13194 33 14
s 13201 53 26
s 13211 51 28
s 13365 16 10
s 13366 49 18
s 13367 29 17
s 13368 1 1
s 13369 3 0
s 13370 4 3
s 13371 2 1
s 13372 27 13
s 13373 2 1
s 13374 17 9
s 13375 1 1
s 13376 15 7
s 13377 4 1
s 13378 1 0
s 13379 9 7
s 13380 6 2
s 13381 21 8
s 13382 14 6
s 13383 37 18
s 13384 6 4
s 13385 4 2
s 13386 4 2
s 13387 7 4
s 13388 4 2
s 13389 4 1
s 13390 3 2
s 13391 9 3
s 13392 11 6
s 13393 2 1
s 13394 1 0
s 13395 20 11
s 13396 16 8
s 13397 47 18
s 13398 52 22
s 13399 22 9
s 13400 6 4
s 13402 7 5
s 13403 47 27
s 13404 7 2
s 13405 13 8
s 13406 2 0
s 13407 4 2
s 13408 24 9
s 13409 15 9
s 13410 8 2
s 13411 6 5
s 13412 25 15
s 13413 21 11
s 13414 3 1
s 13415 1 0
s 13416 7 4
s 13417 15 6
s 13418 9 7
s 13419 7 0
s 13420 37 14
s 13421 18 8
s 13422 12 7
s 13423 3 2
s 13424 25 12
s 13425 5 2
s 13426 4 1
s 13431 30 18
s 13432 4 1
s 13433 11 4
s 13435 49 23
s 13438 3 2
s 13440 26 12
s 13441 18 9
s 13443 21 12
s 13447 39 19
s 13448 10 6
s 13449 5 2
s 13450 7 3
s 13457 4 3
s 13467 16 11
s 13622 73 30
s 13623 103 51
s 13624 13 5
s 13625 4 2
s 13626 26 9
s 13627 19 7
s 13628 88 39
s 13629 8 4
s 13630 122 74
s 13631 14 5
s 13632 55 23
s 13633 15 9
s 13634 6 5
s 13635 29 12
s 13636 20 12
s 13637 110 53
s 13638 23 12
s 13639 138 67
s 13640 8 6
s 13641 8 3
s 13642 99 57
s 13643 42 14
s 13644 52 27
s 13645 26 21
s 13646 37 20
s 13647 43 19
s 13648 17 7
s 13649 4 3
s 13650 7 5
s 13651 58 34
s 13652 104 47
s 13653 163 71
s 13654 211 113
s 13655 84 49
s 13656 30 17
s 13657 6 3
s 13658 57 31
s 13659 32 17
s 13660 9 0
s 13661 37 20
s 13662 4 2
s 13663 7 4
s 13664 119 62
s 13665 29 12
s 13666 79 35
s 13667 14 5
s 13668 186 97
s 13669 71 36
s 13670 4 2
s 13671 6 3
s 13672 27 10
s 13673 106 61
s 13674 143 76
s 13675 95 50
s 13676 175 82
s 13677 27 15
s 13678 54 26
s 13679 24 9
s 13680 145 76
s 13681 12 7
s 13682 21 8
s 13687 183 91
s 13688 92 56
s 13689 60 29
s 13691 224 97
s 13694 45 21
s 13696 136 67
s 13697 46 22
s 13699 109 62
s 13703 124 60
s 13704 32 12
s 13705 29 21
s 13706 20 14
s 13713 26 14
s 13723 61 40
s 13879 313 179
s 13880 6 3
s 13881 18 9
s 13882 54 28
s 13883 43 21
s 13884 339 154
s 13885 12 6
s 13886 234 135
s 13887 25 14
s 13888 180 84
s 13889 38 21
s 13890 15 8
s 13892 50 26
s 13893 306 143
s 13894 3 2
s 13895 377 203
s 13896 18 8
s 13897 10 4
s 13898 351 174
s 13899 125 52
s 13900 221 107
s 13901 63 45
s 13902 91 37
s 13903 140 59
s 13904 7 0
s 13905 8 4
s 13906 8 7
s 13907 124 71
s 13908 163 88
s 13909 460 198
s 13910 592 310
s 13911 315 161
s 13912 110 58
s 13914 179 106
s 13915 62 30
s 13916 33 18
s 13917 60 33
s 13918 1 1
s 13919 2 1
s 13920 263 117
s 13921 118 52
s 13922 217 107
s 13923 44 25
s 13924 289 148
s 13925 175 79
s 13926 24 4
s 13927 17 11
s 13928 83 34
s 13929 266 134
s 13930 328 150
s 13931 253 125
s 13932 351 154
s 13933 3 2
s 13934 153 77
s 13935 108 58
s 13936 427 223
s 13937 41 16
s 13938 33 17
s 13943 437 209
s 13944 273 142
s 13945 256 124
s 13947 576 265
s 13950 160 75
s 13952 473 226
s 13953 119 52
s 13955 297 148
s 13959 368 184
s 13960 61 25
s 13961 100 50
s 13962 10 7
s 13969 40 18
s 13979 91 49
s 14136 44 23
s 14137 5 1
s 14138 24 9
s 14139 28 16
s 14140 4 2
s 14141 13 6
s 14142 390 252
s 14143 21 10
s 14144 91 53
s 14145 15 6
s 14146 3 2
s 14147 71 42
s 14148 21 12
s 14149 17 3
s 14150 92 51
s 14151 464 253
s 14152 24 9
s 14153 18 11
s 14154 139 86
s 14155 62 31
s 14156 110 67
s 14157 1 0
s 14158 2 0
s 14159 53 26
s 14160 73 39
s 14161 10 4
s 14162 15 9
s 14163 82 49
s 14164 90 52
s 14165 182 94
s 14166 214 106
s 14167 155 82
s 14168 119 70
s 14169 12 7
s 14170 86 51
s 14171 43 25
s 14172 2 1
s 14173 94 62
s 14174 33 17
s 14175 22 12
s 14176 9 4
s 14177 22 13
s 14178 21 7
s 14179 6 1
s 14180 247 123
s 14181 67 34
s 14182 12 5
s 14183 11 9
s 14184 5 2
s 14185 113 55
s 14186 260 147
s 14187 191 106
s 14188 7 5
s 14189 127 60
s 14190 69 35
s 14191 49 31
s 14192 212 115
s 14193 17 9
s 14194 29 17
s 14199 177 83
s 14200 116 63
s 14201 94 53
s 14203 262 127
s 14206 96 42
s 14208 185 103
s 14209 3 1
s 14211 131 65
s 14215 17 11
s 14216 41 26
s 14217 25 12
s 14218 27 11
s 14225 77 38
s 14235 25 18
s 14393 5 3
s 14394 11 7
s 14395 4 2
s 14396 41 20
s 14397 1 1
s 14398 26 10
s 14400 24 8
s 14401 10 2
s 14403 5 3
s 14404 6 2
s 14405 40 18
s 14406 3 1
s 14407 61 31
s 14408 7 5
s 14409 4 2
s 14410 51 25
s 14411 15 6
s 14412 32 13
s 14413 6 2
s 14414 14 7
s 14415 15 6
s 14416 2 0
s 14417 4 2
s 14418 3 1
s 14419 31 17
s 14420 40 20
s 14421 90 43
s 14422 88 43
s 14423 30 15
s 14424 15 7
s 14425 1 1
s 14426 17 6
s 14427 7 2
s 14428 6 4
s 14429 9 5
s 14430 1 0
s 14431 2 1
s 14432 60 34
s 14433 9 4
s 14434 16 6
s 14435 5 3
s 14436 74 38
s 14437 20 7
s 14438 2 2
s 14439 2 2
s 14440 16 7
s 14441 47 23
s 14442 74 41
s 14443 53 27
s 14444 72 24
s 14445 3 0
s 14446 32 21
s 14447 22 8
s 14448 62 33
s 14449 4 1
s 14450 9 5
s 14455 58 31
s 14456 46 21
s 14457 28 16
s 14459 90 35
s 14462 27 12
s 14464 66 31
s 14465 13 4
s 14467 43 21
s 14471 59 31
s 14472 11 3
s 14473 14 8
s 14474 4 3
s 14481 6 1
s 14491 20 10
s 14650 3 2
s 14652 11 5
s 14654 6 2
s 14655 2 1
s 14656 6 3
s 14657 1 0
s 14658 2 0
s 14659 10 6
s 14660 1 0
s 14661 5 2
s 14662 8 4
s 14663 6 5
s 14664 3 2
s 14665 3 1
s 14666 16 8
s 14667 4 3
s 14668 11 6
s 14669 1 0
s 14670 6 3
s 14671 1 1
s 14672 6 1
s 14674 5 3
s 14675 2 2
s 14676 4 1
s 14677 7 4
s 14678 31 17
s 14679 6 3
s 14680 5 2
s 14681 1 0
s 14682 6 4
s 14683 9 3
s 14685 3 0
s 14686 4 3
s 14687 1 0
s 14688 11 4
s 14689 8 4
s 14690 3 2
s 14692 10 4
s 14693 4 3
s 14694 1 0
s 14695 1 1
s 14696 4 2
s 14697 7 4
s 14698 12 5
s 14699 11 7
s 14700 10 6
s 14701 5 1
s 14702 3 0
s 14703 2 1
s 14704 5 3
s 14705 3 2
s 14706 3 1
s 14711 13 6
s 14712 9 5
s 14713 9 4
s 14715 15 5
s 14718 10 5
s 14720 17 5
s 14721 6 1
s 14723 8 4
s 14727 12 5
s 14728 3 2
s 14729 4 4
s 14730 3 3
s 14747 3 1
s 14907 3 0
s 14908 25 10
s 14909 5 3
s 14910 27 18
s 14911 2 2
s 14912 8 6
s 14913 6 4
s 14914 2 1
s 14915 18 13
s 14916 2 1
s 14917 44 29
s 14918 15 7
s 14919 28 19
s 14920 4 3
s 14921 9 6
s 14922 49 25
s 14923 10 4
s 14924 25 15
s 14925 10 4
s 14926 10 7
s 14927 6 0
s 14928 18 13
s 14929 5 3
s 14930 2 2
s 14931 11 7
s 14932 11 7
s 14933 24 11
s 14934 48 22
s 14935 13 8
s 14936 11 6
s 14937 1 1
s 14938 17 8
s 14939 10 8
s 14940 4 1
s 14941 28 18
s 14942 1 1
s 14943 8 5
s 14944 40 17
s 14945 14 9
s 14946 20 7
s 14947 6 2
s 14948 23 11
s 14949 22 11
s 14952 9 5
s 14953 22 11
s 14954 60 33
s 14955 49 23
s 14956 52 23
s 14957 25 8
s 14958 11 6
s 14959 2 0
s 14960 12 5
s 14961 3 1
s 14962 10 7
s 14967 58 33
s 14968 43 20
s 14969 12 8
s 14971 58 26
s 14974 17 9
s 14976 40 28
s 14977 14 3
s 14979 17 8
s 14983 56 30
s 14984 10 8
s 14985 17 12
s 14986 9 7
s 14993 19 8
s 15003 23 13
s 15164 33 16
s 15165 4 2
s 15166 22 16
s 15167 4 3
s 15168 15 10
s 15169 1 0
s 15170 2 1
s 15171 7 1
s 15172 3 1
s 15173 27 10
s 15174 20 11
s 15175 36 20
s 15176 2 1
s 15177 5 1
s 15178 10 5
s 15179 11 4
s 15180 8 4
s 15181 3 3
s 15182 6 2
s 15183 17 8
s 15184 17 9
s 15185 3 2
s 15186 1 1
s 15187 15 8
s 15188 16 11
s 15189 54 24
s 15190 55 19
s 15191 27 7
s 15192 8 4
s 15193 4 3
s 15194 5 2
s 15195 14 7
s 15196 2 1
s 15197 13 6
s 15198 4 1
s 15200 26 9
s 15201 7 4
s 15202 19 8
s 15203 5 1
s 15204 38 19
s 15205 21 12
s 15206 5 3
s 15207 1 1
s 15208 14 5
s 15209 29 11
s 15210 8 6
s 15211 12 8
s 15212 37 13
s 15213 14 5
s 15214 12 6
s 15215 18 11
s 15216 34 21
s 15217 1 0
s 15218 7 2
s 15223 41 22
s 15224 8 2
s 15225 17 9
s 15227 61 25
s 15230 5 2
s 15232 32 17
s 15233 14 3
s 15235 21 8
s 15239 47 19
s 15240 4 2
s 15241 13 12
s 15242 2 1
s 15249 11 8
s 15259 10 7
s 15421 6 4
s 15422 104 64
s 15423 33 13
s 15424 108 48
s 15425 21 13
s 15426 4 3
s 15427 103 45
s 15428 25 10
s 15429 22 10
s 15430 104 39
s 15431 169 84
s 15432 24 10
s 15433 17 4
s 15434 173 88
s 15435 91 38
s 15436 118 66
s 15437 4 2
s 15438 14 4
s 15439 75 35
s 15440 63 30
s 15441 9 6
s 15442 11 5
s 15443 99 47
s 15444 102 51
s 15445 254 118
s 15446 358 179
s 15447 192 97
s 15448 48 21
s 15449 7 4
s 15450 113 70
s 15451 81 47
s 15452 9 4
s 15453 101 55
s 15454 29 16
s 15455 16 7
s 15456 11 5
s 15457 28 14
s 15458 35 16
s 15459 10 6
s 15460 235 117
s 15461 96 33
s 15462 14 1
s 15463 11 7
s 15464 7 4
s 15465 151 70
s 15466 229 101
s 15467 120 62
s 15468 18 4
s 15469 84 37
s 15470 17 8
s 15471 77 38
s 15472 186 99
s 15473 22 5
s 15474 28 12
s 15479 263 136
s 15480 96 43
s 15481 160 70
s 15483 377 164
s 15486 78 45
s 15488 241 108
s 15489 2 1
s 15491 182 89
s 15495 6 2
s 15496 38 17
s 15497 22 12
s 15498 43 19
s 15505 79 29
s 15515 26 13
s 15678 8 5
s 15679 3 0
s 15680 3 1
s 15681 1 1
s 15683 1 0
s 15684 2 1
s 15685 7 5
s 15686 4 2
s 15687 10 5
s 15688 3 0
s 15690 13 8
s 15691 3 1
s 15692 2 1
s 15693 3 3
s 15694 2 1
s 15695 6 3
s 15696 4 2
s 15698 1 0
s 15699 9 4
s 15700 8 5
s 15701 22 13
s 15702 18 14
s 15703 9 2
s 15704 3 1
s 15705 1 0
s 15706 7 3
s 15707 5 4
s 15708 4 2
s 15709 3 2
s 15712 9 4
s 15713 4 3
s 15714 3 2
s 15715 2 1
s 15716 16 8
s 15717 11 4
s 15718 1 0
s 15719 1 1
s 15720 4 2
s 15721 8 5
s 15722 12 9
s 15723 6 3
s 15724 5 2
s 15725 7 4
s 15726 8 3
s 15727 2 1
s 15728 19 8
s 15729 2 0
s 15730 3 1
s 15735 16 7
s 15736 3 1
s 15737 10 6
s 15739 22 11
s 15742 1 1
s 15744 5 2
s 15745 1 0
s 15747 6 4
s 15751 15 5
s 15752 5 3
s 15753 1 0
s 15754 4 2
s 15761 6 5
s 15771 5 3
s 15935 9 4
s 15936 54 34
s 15937 28 20
s 15938 4 4
s 15939 71 33
s 15940 11 8
s 15941 106 66
s 15942 60 34
s 15943 16 11
s 15944 17 7
s 15945 9 6
s 15946 136 91
s 15947 23 17
s 15948 98 56
s 15949 24 16
s 15950 32 21
s 15951 34 19
s 15952 64 41
s 15953 10 8
s 15954 10 5
s 15955 40 31
s 15956 45 32
s 15957 110 66
s 15958 70 42
s 15959 116 77
s 15960 7 6
s 15961 7 6
s 15962 56 35
s 15963 40 30
s 15964 10 5
s 15965 85 55
s 15966 16 9
s 15967 18 14
s 15968 126 74
s 15969 28 16
s 15970 89 48
s 15971 16 5
s 15972 62 37
s 15973 39 20
s 15974 8 2
s 15975 4 2
s 15976 15 7
s 15977 74 48
s 15978 205 124
s 15979 87 56
s 15980 126 70
s 15981 75 50
s 15982 46 31
s 15983 50 32
s 15984 160 103
s 15985 8 6
s 15986 23 12
s 15991 70 37
s 15992 118 69
s 15993 50 30
s 15995 106 71
s 15998 64 40
s 16000 126 74
s 16001 36 22
s 16003 90 58
s 16007 152 93
s 16008 16 6
s 16009 41 28
s 16010 18 13
s 16017 68 38
s 16027 43 27
s 16192 7 1
s 16193 6 3
s 16195 6 3
s 16196 4 2
s 16197 20 14
s 16198 9 3
s 16199 19 12
s 16200 4 2
s 16201 1 0
s 16202 38 15
s 16203 19 8
s 16204 13 4
s 16205 6 3
s 16206 7 1
s 16207 9 4
s 16208 6 3
s 16209 2 2
s 16211 16 9
s 16212 20 10
s 16213 42 15
s 16214 47 22
s 16215 29 16
s 16216 14 8
s 16218 13 8
s 16219 12 8
s 16220 1 0
s 16221 7 5
s 16222 8 4
s 16223 3 2
s 16224 22 8
s 16225 13 7
s 16226 21 9
s 16227 11 3
s 16228 40 18
s 16229 8 4
s 16230 2 2
s 16231 5 4
s 16232 8 4
s 16233 13 4
s 16234 36 23
s 16235 22 11
s 16236 43 17
s 16237 8 4
s 16238 11 8
s 16239 6 3
s 16240 16 7
s 16241 7 3
s 16242 11 3
s 16247 31 15
s 16248 12 3
s 16249 18 9
s 16251 35 13
s 16254 15 8
s 16256 36 16
s 16257 9 3
s 16259 18 8
s 16263 37 21
s 16264 6 4
s 16265 3 2
s 16266 4 1
s 16273 12 4
s 16283 6 3
s 16449 16 8
s 16450 1 0
s 16451 52 27
s 16452 4 1
s 16453 87 44
s 16454 53 25
s 16455 92 41
s 16456 19 12
s 16457 20 9
s 16458 98 53
s 16459 17 7
s 16460 74 34
s 16461 21 14
s 16462 34 19
s 16463 30 16
s 16464 37 15
s 16465 7 3
s 16466 3 1
s 16467 17 9
s 16468 28 13
s 16469 93 42
s 16470 166 86
s 16471 31 10
s 16472 42 21
s 16473 3 0
s 16474 47 25
s 16475 20 14
s 16476 9 4
s 16477 61 32
s 16478 17 10
s 16479 7 7
s 16480 84 36
s 16481 48 20
s 16482 57 23
s 16483 17 7
s 16484 62 31
s 16485 35 20
s 16486 4 1
s 16487 4 3
s 16488 22 10
s 16489 39 19
s 16490 127 74
s 16491 81 42
s 16492 141 65
s 16493 68 32
s 16494 43 18
s 16495 12 5
s 16496 22 9
s 16497 14 6
s 16498 32 17
s 16503 83 39
s 16504 84 39
s 16505 24 13
s 16507 124 52
s 16510 68 35
s 16512 119 50
s 16513 56 22
s 16515 40 20
s 16519 131 66
s 16520 13 5
s 16521 27 14
s 16522 17 6
s 16529 45 24
s 16539 31 14
s 16706 4 3
s 16707 12 8
s 16708 4 2
s 16709 15 10
s 16710 8 6
s 16711 21 12
s 16712 5 3
s 16713 5 2
s 16714 22 17
s 16715 17 6
s 16716 6 3
s 16717 5 2
s 16718 6 4
s 16719 5 1
s 16720 16 9
s 16721 2 2
s 16722 1 1
s 16723 18 14
s 16724 19 11
s 16725 37 21
s 16726 59 40
s 16727 23 16
s 16728 9 2
s 16729 2 1
s 16730 12 9
s 16731 8 3
s 16732 1 0
s 16733 13 5
s 16734 3 1
s 16735 5 3
s 16736 22 7
s 16737 6 2
s 16738 12 6
s 16739 4 1
s 16740 47 27
s 16741 11 6
s 16742 4 2
s 16744 4 2
s 16745 21 13
s 16746 16 3
s 16747 17 8
s 16748 26 12
s 16749 23 9
s 16750 10 8
s 16751 5 4
s 16752 28 16
s 16753 1 0
s 16754 5 5
s 16759 21 12
s 16760 21 10
s 16761 18 10
s 16763 36 15
s 16766 7 4
s 16768 29 16
s 16769 7 6
s 16771 26 15
s 16775 20 11
s 16776 8 1
s 16777 7 4
s 16778 5 2
s 16785 10 3
s 16795 19 11
s 16963 3 1
s 16964 2 1
s 16965 9 6
s 16966 1 1
s 16967 2 1
s 16969 1 0
s 16970 7 4
s 16971 1 1
s 16972 2 2
s 16973 5 5
s 16974 4 3
s 16975 3 2
s 16976 3 2
s 16977 1 1
s 16978 4 2
s 16979 2 0
s 16980 4 4
s 16981 8 1
s 16982 15 11
s 16983 7 2
s 16984 4 2
s 16986 1 0
s 16987 7 4
s 16988 1 1
s 16989 4 3
s 16990 1 1
s 16992 6 4
s 16993 5 3
s 16994 7 5
s 16995 3 1
s 16996 8 4
s 16997 3 2
s 17000 1 1
s 17001 4 1
s 17002 8 5
s 17003 4 4
s 17004 9 7
s 17005 8 6
s 17006 1 0
s 17007 1 0
s 17008 3 2
s 17009 3 1
s 17010 2 2
s 17015 5 2
s 17016 3 1
s 17017 4 0
s 17019 9 5
s 17022 6 4
s 17024 9 6
s 17025 2 2
s 17027 4 1
s 17031 6 1
s 17032 2 0
s 17033 3 3
s 17034 1 1
s 17041 4 3
s 17051 6 2
s 17220 15 7
s 17221 74 39
s 17223 116 56
s 17224 4 3
s 17225 4 1
s 17226 94 45
s 17227 38 12
s 17228 70 35
s 17229 16 6
s 17230 31 17
s 17231 32 13
s 17232 6 2
s 17233 4 2
s 17234 8 5
s 17235 41 25
s 17236 27 16
s 17237 158 78
s 17238 183 98
s 17239 99 51
s 17240 41 21
s 17241 1 0
s 17242 51 20
s 17243 25 17
s 17244 8 3
s 17245 21 12
s 17247 2 0
s 17248 77 43
s 17249 36 14
s 17250 43 16
s 17251 18 10
s 17252 77 37
s 17253 60 24
s 17254 12 6
s 17255 5 3
s 17256 26 15
s 17257 78 36
s 17258 113 58
s 17259 74 36
s 17260 150 56
s 17262 54 24
s 17263 43 21
s 17264 121 69
s 17265 6 1
s 17266 9 4
s 17271 119 57
s 17272 72 33
s 17273 91 41
s 17275 209 106
s 17278 46 24
s 17280 138 57
s 17281 55 24
s 17283 80 43
s 17287 148 82
s 17288 18 6
s 17289 41 23
s 17290 3 0
s 17297 12 4
s 17307 35 27
s 17477 21 9
s 17478 15 5
s 17479 37 19
s 17480 2 0
s 17481 3 2
s 17482 27 9
s 17483 7 2
s 17484 23 7
s 17485 6 5
s 17486 9 6
s 17487 6 4
s 17488 11 6
s 17489 8 5
s 17490 4 4
s 17491 8 2
s 17492 13 8
s 17493 26 9
s 17494 52 27
s 17495 8 1
s 17496 7 2
s 17497 2 1
s 17498 17 11
s 17499 7 2
s 17500 2 1
s 17501 21 8
s 17502 5 2
s 17503 2 1
s 17504 28 11
s 17505 19 9
s 17506 11 4
s 17507 5 0
s 17508 21 7
s 17509 7 4
s 17510 2 1
s 17511 1 1
s 17512 12 6
s 17513 20 5
s 17514 33 22
s 17515 25 12
s 17516 41 18
s 17517 14 6
s 17518 11 2
s 17519 4 3
s 17520 5 1
s 17521 6 3
s 17522 8 4
s 17527 27 18
s 17528 24 9
s 17529 11 1
s 17531 44 21
s 17534 10 8
s 17536 49 21
s 17537 22 7
s 17539 10 5
s 17543 43 18
s 17544 7 1
s 17545 11 5
s 17546 9 6
s 17553 14 4
s 17563 5 3
s 17734 75 43
s 17735 142 77
s 17736 18 10
s 17737 20 13
s 17738 170 83
s 17739 63 27
s 17740 109 57
s 17741 6 3
s 17742 15 11
s 17743 78 38
s 17744 76 35
s 17745 11 6
s 17746 16 5
s 17747 94 57
s 17748 104 56
s 17749 226 104
s 17750 350 196
s 17751 138 68
s 17752 64 39
s 17753 8 5
s 17754 105 59
s 17755 53 27
s 17756 4 1
s 17757 102 61
s 17758 19 7
s 17759 16 7
s 17760 18 7
s 17761 23 12
s 17762 32 20
s 17763 7 3
s 17764 155 78
s 17765 91 34
s 17766 9 2
s 17767 10 7
s 17768 4 3
s 17769 135 88
s 17770 250 124
s 17771 140 67
s 17772 26 10
s 17773 105 59
s 17774 74 36
s 17775 53 28
s 17776 234 124
s 17777 14 7
s 17778 32 12
s 17783 276 152
s 17784 139 75
s 17785 279 130
s 17787 375 180
s 17790 93 55
s 17792 205 82
s 17793 7 4
s 17795 159 75
s 17799 31 19
s 17800 24 12
s 17801 18 11
s 17802 32 22
s 17809 89 48
s 17819 33 15
s 17991 95 56
s 17992 7 4
s 17993 8 4
s 17994 112 53
s 17995 50 19
s 17996 66 38
s 17997 14 8
s 17998 39 20
s 17999 37 17
s 18000 4 1
s 18001 8 1
s 18002 4 0
s 18003 29 21
s 18004 60 27
s 18005 112 55
s 18006 200 94
s 18007 107 60
s 18008 40 22
s 18010 35 20
s 18011 13 6
s 18012 8 4
s 18013 12 7
s 18014 1 1
s 18015 1 0
s 18016 85 37
s 18017 46 17
s 18018 61 19
s 18019 13 9
s 18020 84 42
s 18021 62 28
s 18022 8 0
s 18023 4 2
s 18024 31 13
s 18025 72 44
s 18026 103 50
s 18027 72 34
s 18028 123 55
s 18029 4 3
s 18030 49 23
s 18031 37 20
s 18032 89 44
s 18033 13 7
s 18034 6 3
s 18039 136 63
s 18040 59 30
s 18041 90 44
s 18043 151 77
s 18046 46 27
s 18048 144 56
s 18049 47 19
s 18051 70 32
s 18055 117 51
s 18056 20 16
s 18057 35 21
s 18058 2 2
s 18065 10 2
s 18075 22 11
s 18248 27 11
s 18249 19 7
s 18250 199 108
s 18251 93 40
s 18252 146 87
s 18253 30 18
s 18254 39 26
s 18255 31 10
s 18256 63 38
s 18257 12 7
s 18258 9 6
s 18259 60 34
s 18260 82 42
s 18261 213 102
s 18262 179 97
s 18263 189 102
s 18264 26 10
s 18265 11 5
s 18266 78 48
s 18267 93 60
s 18268 21 8
s 18269 126 66
s 18270 31 13
s 18271 25 11
s 18272 120 56
s 18273 53 19
s 18274 114 56
s 18275 40 18
s 18276 80 40
s 18277 85 42
s 18278 18 6
s 18279 10 7
s 18280 41 25
s 18281 86 45
s 18282 206 101
s 18283 104 54
s 18284 165 79
s 18285 103 39
s 18286 93 47
s 18287 66 34
s 18288 164 90
s 18289 21 12
s 18290 49 28
s 18295 104 54
s 18296 117 56
s 18297 89 39
s 18299 134 52
s 18302 83 44
s 18304 249 111
s 18305 59 29
s 18307 92 45
s 18311 280 137
s 18312 35 20
s 18313 52 36
s 18314 53 27
s 18321 73 36
s 18331 42 26
s 18505 6 6
s 18506 26 15
s 18507 15 9
s 18508 16 7
s 18509 6 4
s 18510 16 10
s 18511 14 9
s 18512 4 1
s 18513 3 2
s 18514 4 3
s 18515 12 6
s 18516 29 7
s 18517 42 17
s 18518 62 31
s 18519 29 13
s 18520 9 6
s 18521 2 1
s 18522 19 10
s 18523 25 11
s 18524 3 3
s 18525 16 6
s 18526 1 0
s 18527 1 0
s 18528 25 15
s 18529 8 5
s 18530 19 9
s 18531 9 4
s 18532 43 17
s 18533 14 5
s 18534 3 0
s 18535 4 0
s 18536 10 7
s 18537 22 11
s 18538 40 20
s 18539 26 15
s 18540 42 18
s 18541 7 3
s 18542 12 8
s 18543 6 3
s 18544 25 17
s 18545 7 3
s 18546 4 3
s 18551 30 18
s 18552 23 12
s 18553 20 8
s 18555 37 14
s 18558 19 11
s 18560 57 22
s 18561 23 10
s 18563 15 9
s 18567 57 23
s 18568 10 6
s 18569 12 7
s 18570 1 0
s 18577 9 3
s 18587 17 11
s 18762 21 12
s 18763 8 3
s 18764 10 9
s 18765 3 2
s 18766 6 4
s 18767 9 5
s 18768 5 2
s 18770 2 0
s 18771 4 4
s 18772 17 6
s 18773 34 15
s 18774 41 22
s 18775 16 8
s 18776 8 2
s 18777 1 1
s 18778 16 9
s 18779 6 2
s 18780 2 1
s 18781 6 4
s 18782 3 1
s 18783 2 1
s 18784 25 17
s 18785 9 3
s 18786 13 7
s 18787 10 4
s 18788 16 9
s 18789 10 6
s 18790 3 2
s 18791 2 1
s 18792 2 1
s 18793 26 12
s 18794 33 16
s 18795 12 6
s 18796 32 16
s 18797 1 0
s 18798 16 9
s 18799 4 3
s 18800 23 11
s 18801 4 3
s 18802 4 2
s 18807 32 16
s 18808 14 8
s 18809 14 9
s 18811 44 20
s 18814 8 5
s 18816 24 8
s 18817 13 7
s 18819 24 9
s 18823 24 9
s 18824 5 2
s 18825 17 10
s 18833 3 2
s 18843 7 2
s 19019 86 38
s 19020 11 3
s 19021 28 16
s 19022 56 33
s 19023 86 42
s 19024 75 39
s 19025 17 6
s 19026 3 2
s 19027 102 62
s 19028 139 65
s 19029 304 145
s 19030 345 186
s 19031 156 77
s 19032 68 43
s 19033 12 5
s 19034 40 22
s 19035 43 21
s 19036 16 6
s 19037 67 38
s 19038 27 15
s 19039 17 9
s 19040 218 109
s 19041 84 35
s 19042 95 43
s 19043 32 16
s 19044 243 118
s 19045 102 36
s 19046 28 11
s 19047 18 9
s 19048 71 30
s 19049 189 96
s 19050 12 5
s 19051 61 31
s 19052 276 134
s 19053 143 86
s 19054 97 52
s 19055 74 35
s 19056 208 117
s 19057 8 4
s 19058 29 17
s 19063 239 125
s 19064 37 17
s 19065 149 73
s 19067 400 197
s 19070 7 4
s 19072 184 75
s 19073 90 38
s 19075 197 98
s 19079 209 98
s 19080 28 14
s 19081 47 20
s 19082 42 18
s 19089 71 28
s 19099 59 36
s 19276 46 19
s 19277 10 7
s 19278 23 9
s 19279 9 2
s 19280 22 13
s 19281 8 4
s 19282 8 6
s 19283 12 5
s 19284 32 11
s 19285 69 26
s 19286 88 40
s 19287 21 10
s 19288 24 11
s 19289 5 4
s 19290 28 15
s 19291 19 10
s 19292 8 4
s 19293 52 26
s 19294 20 11
s 19295 11 6
s 19296 68 31
s 19297 57 22
s 19298 52 26
s 19299 19 10
s 19300 79 45
s 19301 34 11
s 19302 9 3
s 19303 1 1
s 19304 31 17
s 19305 44 15
s 19306 89 45
s 19307 59 26
s 19308 100 40
s 19309 46 16
s 19310 38 15
s 19311 11 5
s 19312 25 10
s 19313 7 3
s 19314 19 9
s 19319 64 29
s 19320 51 30
s 19321 32 15
s 19323 99 40
s 19326 35 18
s 19328 105 47
s 19329 53 23
s 19331 29 13
s 19335 124 56
s 19336 19 7
s 19337 28 18
s 19338 10 5
s 19345 31 15
s 19355 20 11
s 19533 15 10
s 19534 35 17
s 19535 55 22
s 19536 45 21
s 19537 9 7
s 19538 3 2
s 19539 56 33
s 19540 83 42
s 19541 178 96
s 19542 229 125
s 19543 113 49
s 19544 49 29
s 19545 6 3
s 19546 24 11
s 19547 36 19
s 19548 9 6
s 19549 53 32
s 19550 12 6
s 19551 14 3
s 19552 129 57
s 19553 42 23
s 19554 67 26
s 19555 20 3
s 19556 148 70
s 19557 62 28
s 19558 9 4
s 19559 15 12
s 19560 36 16
s 19561 104 53
s 19562 16 11
s 19563 43 22
s 19564 145 59
s 19565 62 37
s 19566 48 24
s 19567 42 14
s 19568 138 80
s 19569 3 1
s 19570 18 9
s 19575 177 87
s 19576 27 13
s 19577 78 34
s 19579 216 97
s 19582 5 2
s 19584 84 34
s 19585 43 22
s 19587 92 57
s 19591 169 82
s 19592 16 7
s 19593 31 16
s 19594 19 8
s 19601 47 28
s 19611 30 22
s 19790 2 1
s 19791 14 8
s 19792 20 10
s 19793 2 1
s 19795 22 14
s 19796 23 14
s 19797 24 12
s 19798 75 43
s 19799 26 15
s 19800 13 8
s 19801 1 1
s 19802 18 12
s 19803 8 5
s 19805 13 7
s 19806 2 0
s 19807 2 1
s 19808 4 2
s 19809 4 2
s 19810 8 6
s 19811 2 0
s 19812 34 22
s 19813 9 3
s 19814 4 2
s 19815 3 2
s 19816 1 0
s 19817 40 25
s 19818 60 33
s 19819 36 25
s 19820 5 3
s 19821 17 12
s 19822 15 10
s 19823 8 7
s 19824 46 33
s 19825 6 2
s 19826 9 7
s 19831 66 42
s 19832 40 24
s 19833 20 9
s 19835 99 60
s 19838 14 11
s 19840 39 25
s 19841 1 0
s 19843 28 18
s 19847 7 6
s 19848 4 3
s 19849 3 2
s 19850 10 7
s 19857 20 11
s 19867 5 1
s 20047 28 18
s 20048 38 23
s 20049 2 2
s 20050 6 6
s 20051 30 13
s 20052 33 16
s 20053 77 44
s 20054 153 82
s 20055 49 30
s 20056 13 6
s 20057 3 2
s 20058 18 9
s 20059 9 5
s 20060 2 1
s 20061 38 23
s 20062 8 5
s 20063 6 4
s 20064 5 2
s 20065 15 7
s 20066 10 4
s 20067 3 2
s 20068 67 32
s 20069 35 18
s 20070 3 0
s 20071 3 2
s 20072 4 2
s 20073 56 32
s 20074 66 37
s 20075 54 33
s 20076 6 3
s 20077 44 22
s 20078 32 15
s 20079 20 7
s 20080 75 44
s 20081 7 4
s 20082 18 13
s 20087 98 49
s 20088 63 34
s 20089 38 19
s 20091 117 60
s 20094 33 16
s 20096 58 33
s 20097 1 0
s 20099 57 29
s 20103 14 5
s 20104 12 4
s 20105 13 9
s 20106 14 10
s 20113 25 9
s 20123 16 11
s 20304 27 15
s 20305 10 4
s 20306 4 1
s 20307 27 13
s 20308 35 11
s 20309 77 29
s 20310 73 34
s 20311 30 12
s 20312 13 2
s 20313 3 1
s 20314 29 17
s 20315 17 8
s 20316 10 6
s 20317 32 20
s 20318 13 7
s 20319 8 5
s 20320 94 47
s 20321 31 13
s 20322 42 22
s 20323 13 6
s 20324 71 38
s 20325 19 9
s 20326 8 1
s 20327 4 2
s 20328 8 3
s 20329 27 14
s 20330 101 51
s 20331 79 37
s 20332 134 56
s 20333 59 30
s 20334 25 14
s 20335 6 4
s 20336 31 14
s 20337 12 4
s 20338 17 6
s 20343 69 36
s 20344 65 32
s 20345 33 13
s 20347 71 28
s 20350 41 23
s 20352 89 41
s 20353 35 19
s 20355 25 8
s 20359 101 53
s 20360 16 10
s 20361 18 7
s 20362 21 12
s 20369 42 20
s 20379 27 11
s 20561 5 1
s 20562 2 1
s 20563 50 28
s 20564 38 15
s 20565 119 52
s 20566 151 79
s 20567 76 36
s 20568 28 14
s 20570 66 42
s 20571 18 10
s 20572 7 2
s 20573 16 8
s 20575 1 1
s 20576 91 41
s 20577 19 7
s 20578 46 23
s 20579 20 7
s 20580 172 82
s 20581 46 16
s 20582 5 2
s 20583 4 1
s 20584 16 8
s 20585 76 33
s 20586 98 54
s 20587 73 41
s 20588 88 42
s 20589 6 4
s 20590 44 25
s 20591 17 5
s 20592 90 57
s 20593 7 3
s 20594 11 6
s 20599 127 52
s 20600 70 31
s 20601 51 28
s 20603 173 83
s 20606 45 21
s 20608 116 57
s 20609 26 12
s 20611 69 28
s 20615 115 54
s 20616 17 11
s 20617 31 18
s 20618 2 2
s 20625 5 2
s 20635 39 24
s 20819 2 2
s 20820 12 5
s 20821 21 9
s 20822 27 13
s 20823 14 6
s 20824 4 2
s 20826 9 7
s 20827 4 1
s 20828 2 2
s 20829 8 5
s 20830 2 2
s 20832 11 7
s 20833 8 3
s 20834 9 2
s 20835 2 1
s 20836 15 1
s 20837 15 4
s 20839 2 1
s 20840 1 1
s 20841 14 7
s 20842 14 7
s 20843 15 9
s 20844 18 8
s 20845 2 1
s 20846 8 4
s 20847 6 2
s 20848 13 6
s 20849 5 2
s 20850 2 2
s 20855 20 9
s 20856 13 4
s 20857 14 3
s 20859 30 13
s 20862 7 3
s 20864 20 4
s 20865 9 3
s 20867 13 9
s 20871 25 13
s 20872 4 3
s 20873 6 1
s 20874 4 2
s 20881 7 1
s 20891 6 4
s 21075 4 3
s 21076 8 6
s 21077 29 12
s 21078 27 12
s 21079 14 9
s 21080 5 3
s 21082 6 3
s 21083 6 4
s 21084 3 2
s 21085 4 1
s 21086 2 1
s 21087 1 1
s 21088 18 12
s 21089 7 2
s 21090 10 1
s 21091 1 1
s 21092 18 10
s 21093 9 6
s 21094 1 0
s 21095 2 2
s 21096 4 2
s 21097 11 5
s 21098 9 3
s 21099 8 5
s 21100 14 9
s 21101 6 4
s 21102 7 3
s 21103 10 7
s 21104 24 16
s 21105 1 1
s 21106 3 2
s 21111 15 6
s 21112 6 4
s 21113 8 4
s 21115 27 12
s 21118 3 1
s 21120 15 7
s 21121 8 5
s 21123 11 8
s 21127 19 12
s 21128 2 2
s 21129 2 1
s 21130 2 1
s 21137 4 1
s 21147 7 5
s 21332 10 3
s 21333 34 13
s 21334 201 115
s 21335 20 13
s 21336 20 9
s 21337 8 6
s 21338 64 39
s 21339 40 20
s 21340 10 6
s 21341 48 31
s 21342 20 12
s 21343 12 6
s 21344 127 74
s 21345 22 14
s 21346 41 18
s 21347 15 7
s 21348 26 13
s 21349 57 23
s 21350 8 4
s 21351 5 3
s 21352 24 12
s 21353 54 32
s 21354 142 88
s 21355 72 41
s 21356 168 89
s 21357 66 33
s 21358 58 38
s 21359 8 5
s 21360 23 10
s 21361 14 4
s 21362 11 6
s 21367 120 72
s 21368 89 49
s 21369 40 25
s 21371 170 94
s 21374 42 31
s 21376 135 67
s 21377 36 15
s 21379 72 30
s 21383 108 58
s 21384 13 7
s 21385 39 28
s 21386 30 16
s 21393 33 13
s 21403 37 19
s 21589 58 29
s 21590 267 138
s 21591 43 21
s 21592 32 12
s 21593 3 1
s 21594 69 44
s 21595 42 27
s 21596 7 4
s 21597 69 40
s 21598 18 11
s 21599 15 8
s 21600 95 43
s 21601 34 17
s 21602 89 46
s 21603 31 12
s 21604 50 27
s 21605 58 24
s 21606 8 5
s 21607 16 12
s 21608 23 12
s 21609 67 35
s 21610 104 47
s 21611 79 39
s 21612 177 82
s 21613 64 21
s 21614 78 34
s 21615 8 2
s 21616 52 27
s 21617 14 7
s 21618 23 12
s 21623 87 37
s 21624 104 49
s 21625 70 40
s 21627 156 80
s 21630 75 31
s 21632 134 67
s 21633 65 40
s 21635 85 45
s 21639 189 101
s 21640 25 11
s 21641 22 11
s 21642 36 16
s 21649 53 29
s 21659 47 26
s 21846 576 284
s 21847 129 61
s 21848 67 42
s 21849 9 2
s 21850 243 131
s 21851 107 59
s 21852 37 19
s 21853 150 83
s 21854 33 20
s 21855 23 13
s 21856 242 114
s 21857 117 47
s 21858 128 46
s 21859 40 16
s 21860 169 81
s 21861 124 50
s 21862 15 5
s 21863 6 3
s 21864 71 35
s 21865 200 99
s 21866 403 201
s 21867 209 108
s 21868 347 152
s 21869 161 80
s 21870 98 43
s 21871 49 27
s 21872 142 64
s 21873 27 11
s 21874 54 23
s 21879 350 164
s 21880 252 123
s 21881 115 47
s 21883 535 253
s 21886 158 77
s 21888 345 135
s 21889 98 38
s 21891 171 83
s 21895 291 127
s 21896 56 27
s 21897 90 51
s 21898 90 41
s 21905 136 66
s 21915 88 52
s 22103 278 149
s 22104 61 32
s 22105 22 8
s 22106 132 73
s 22107 103 51
s 22108 27 15
s 22109 205 104
s 22110 58 31
s 22111 48 19
s 22112 366 186
s 22113 173 91
s 22114 259 133
s 22115 57 28
s 22116 365 188
s 22117 93 44
s 22118 22 13
s 22119 15 9
s 22120 88 49
s 22121 162 75
s 22122 501 266
s 22123 297 163
s 22124 872 397
s 22125 235 140
s 22126 122 58
s 22127 89 41
s 22128 352 194
s 22129 36 20
s 22130 84 43
s 22135 204 102
s 22136 316 168
s 22137 170 97
s 22139 288 148
s 22142 191 99
s 22144 390 187
s 22145 204 111
s 22147 214 121
s 22151 454 229
s 22152 74 41
s 22153 144 80
s 22154 90 48
s 22161 204 88
s 22171 155 88
s 22360 69 35
s 22361 15 11
s 22362 93 54
s 22363 39 18
s 22364 15 7
s 22365 128 80
s 22366 26 13
s 22367 14 6
s 22368 161 75
s 22369 81 40
s 22370 114 51
s 22371 32 17
s 22372 122 61
s 22373 80 33
s 22374 10 3
s 22375 7 4
s 22376 49 25
s 22377 82 28
s 22378 203 104
s 22379 132 70
s 22380 225 87
s 22381 141 66
s 22382 79 40
s 22383 15 4
s 22384 33 17
s 22385 20 11
s 22386 45 23
s 22391 154 85
s 22392 134 64
s 22393 42 18
s 22395 269 122
s 22398 108 52
s 22400 205 84
s 22401 90 37
s 22403 75 40
s 22407 266 133
s 22408 38 26
s 22409 57 39
s 22410 31 14
s 22417 70 37
s 22427 57 31
s 22617 11 5
s 22618 21 8
s 22619 18 12
s 22620 3 2
s 22621 53 34
s 22622 8 4
s 22623 10 7
s 22624 59 29
s 22625 14 7
s 22626 62 33
s 22627 17 9
s 22628 33 22
s 22629 23 10
s 22630 2 0
s 22631 7 4
s 22632 21 12
s 22633 28 12
s 22634 82 45
s 22635 41 21
s 22636 87 40
s 22637 39 19
s 22638 40 24
s 22639 26 15
s 22640 55 32
s 22641 4 3
s 22642 19 7
s 22647 54 30
s 22648 44 17
s 22649 42 21
s 22651 82 50
s 22654 39 19
s 22656 80 43
s 22657 25 15
s 22659 39 19
s 22663 119 64
s 22664 10 4
s 22665 16 10
s 22666 20 7
s 22673 31 17
s 22683 9 5
s 22874 7 5
s 22875 3 2
s 22876 2 1
s 22877 1 1
s 22878 1 0
s 22880 18 13
s 22881 5 2
s 22882 5 4
s 22883 3 1
s 22884 8 4
s 22885 6 4
s 22886 2 0
s 22888 1 1
s 22889 18 9
s 22890 18 8
s 22891 12 8
s 22892 16 5
s 22893 3 0
s 22894 6 2
s 22895 3 2
s 22896 17 10
s 22898 2 0
s 22903 21 9
s 22904 13 7
s 22905 8 3
s 22907 36 19
s 22910 10 5
s 22912 15 9
s 22913 6 4
s 22915 10 5
s 22919 20 9
s 22920 2 1
s 22921 5 2
s 22922 2 0
s 22929 4 1
s 22939 3 0
s 23131 32 16
s 23132 9 5
s 23133 58 35
s 23134 17 9
s 23135 16 11
s 23136 96 54
s 23137 28 14
s 23138 81 45
s 23139 29 12
s 23140 146 68
s 23141 35 19
s 23142 9 4
s 23143 3 3
s 23144 28 16
s 23145 92 53
s 23146 112 64
s 23147 74 46
s 23148 187 101
s 23149 108 61
s 23150 38 15
s 23151 36 24
s 23152 113 69
s 23153 5 3
s 23154 18 11
s 23159 109 64
s 23160 98 46
s 23161 63 30
s 23163 162 87
s 23166 22 15
s 23168 85 43
s 23169 47 29
s 23171 92 49
s 23175 106 61
s 23176 15 10
s 23177 25 19
s 23178 21 14
s 23185 59 39
s 23195 56 41
s 23388 8 3
s 23389 57 30
s 23390 10 3
s 23391 10 5
s 23392 56 29
s 23393 24 12
s 23394 37 19
s 23395 22 7
s 23396 85 43
s 23397 32 13
s 23398 13 5
s 23399 5 2
s 23400 17 8
s 23401 51 34
s 23402 52 33
s 23403 49 28
s 23404 63 30
s 23405 23 9
s 23406 25 15
s 23407 13 9
s 23408 57 29
s 23409 19 7
s 23410 13 6
s 23415 72 42
s 23416 23 17
s 23417 32 14
s 23419 123 67
s 23422 33 23
s 23424 49 20
s 23425 32 15
s 23427 40 16
s 23431 61 34
s 23432 30 19
s 23433 15 10
s 23434 39 27
s 23441 17 9
s 23451 108 62
s 23645 7 4
s 23646 6 5
s 23647 2 1
s 23648 10 5
s 23649 5 3
s 23650 6 3
s 23651 4 3
s 23652 36 23
s 23653 12 5
s 23655 3 1
s 23657 13 5
s 23658 16 12
s 23659 8 4
s 23660 11 1
s 23661 13 5
s 23662 11 8
s 23663 4 3
s 23664 18 9
s 23665 2 0
s 23666 8 4
s 23671 16 8
s 23672 8 3
s 23673 13 7
s 23675 31 17
s 23678 10 5
s 23680 16 8
s 23681 4 1
s 23683 12 6
s 23687 17 13
s 23688 4 0
s 23689 8 5
s 23690 3 2
s 23697 9 6
s 23707 5 2
s 23902 5 4
s 23903 6 3
s 23904 103 47
s 23905 32 16
s 23906 62 30
s 23907 21 9
s 23908 84 40
s 23909 84 43
s 23910 8 2
s 23911 7 6
s 23912 38 19
s 23913 96 57
s 23914 77 36
s 23915 79 36
s 23916 133 69
s 23917 18 9
s 23918 50 23
s 23919 25 18
s 23920 109 66
s 23921 13 9
s 23922 9 6
s 23927 142 86
s 23928 71 33
s 23929 84 44
s 23931 214 122
s 23934 41 25
s 23936 145 70
s 23937 47 20
s 23939 89 44
s 23943 146 92
s 23944 23 13
s 23945 33 22
s 23946 8 4
s 23953 19 11
s 23963 45 27
s 24160 31 19
s 24161 15 9
s 24162 10 6
s 24163 4 0
s 24164 44 19
s 24165 13 6
s 24166 3 1
s 24167 2 1
s 24168 13 8
s 24169 33 13
s 24170 36 15
s 24171 22 12
s 24172 31 9
s 24173 3 2
s 24174 24 7
s 24175 4 4
s 24176 27 12
s 24177 1 1
s 24178 2 2
s 24183 22 13
s 24184 23 12
s 24185 32 8
s 24187 39 14
s 24190 15 11
s 24192 41 17
s 24193 15 6
s 24195 20 12
s 24199 30 14
s 24200 2 1
s 24201 6 3
s 24209 2 1
s 24219 12 7
s 24416 22 12
s 24417 10 4
s 24418 16 8
s 24419 5 2
s 24420 28 15
s 24421 18 9
s 24422 2 1
s 24424 11 3
s 24425 16 9
s 24426 20 11
s 24427 21 13
s 24428 28 14
s 24429 1 0
s 24430 18 11
s 24431 13 10
s 24432 28 14
s 24433 4 2
s 24434 2 0
s 24439 31 14
s 24440 12 4
s 24441 14 3
s 24443 38 19
s 24446 10 8
s 24448 29 15
s 24449 20 10
s 24451 19 11
s 24455 33 22
s 24456 2 2
s 24457 8 5
s 24458 1 1
s 24465 4 1
s 24475 7 6
s 24673 18 7
s 24674 27 13
s 24675 6 4
s 24676 200 94
s 24677 125 45
s 24678 18 7
s 24679 10 6
s 24680 1 1
s 24681 161 80
s 24682 225 119
s 24683 146 73
s 24684 9 5
s 24685 133 64
s 24686 108 57
s 24687 43 17
s 24688 239 135
s 24689 17 8
s 24690 44 21
s 24695 281 139
s 24696 116 61
s 24697 117 58
s 24699 452 228
s 24702 82 40
s 24704 280 135
s 24705 5 3
s 24707 174 96
s 24711 19 10
s 24712 20 15
s 24713 23 16
s 24714 42 19
s 24721 90 48
s 24731 20 10
s 24930 23 12
s 24931 13 5
s 24932 71 35
s 24933 59 28
s 24934 6 2
s 24935 7 3
s 24936 13 8
s 24937 145 68
s 24938 65 31
s 24939 38 13
s 24940 42 10
s 24941 39 25
s 24942 54 27
s 24943 37 13
s 24944 76 45
s 24945 9 7
s 24946 22 11
s 24951 95 49
s 24952 27 12
s 24953 49 17
s 24955 100 49
s 24958 30 18
s 24960 93 43
s 24961 22 8
s 24963 70 31
s 24967 43 20
s 24968 18 4
s 24969 19 8
s 24970 20 8
s 24977 32 13
s 24987 15 6
s 25187 6 2
s 25188 148 70
s 25189 67 29
s 25190 8 3
s 25191 7 4
s 25192 7 4
s 25193 107 53
s 25194 158 82
s 25195 106 59
s 25196 29 12
s 25197 69 37
s 25198 54 27
s 25199 34 21
s 25200 138 68
s 25201 17 7
s 25202 23 4
s 25207 178 93
s 25208 75 38
s 25209 64 28
s 25211 244 103
s 25214 45 16
s 25216 178 68
s 25217 20 10
s 25219 127 59
s 25223 35 16
s 25224 19 9
s 25225 21 9
s 25226 27 13
s 25233 69 37
s 25243 30 17
s 25444 34 7
s 25445 22 11
s 25446 1 1
s 25447 5 4
s 25448 5 2
s 25449 27 9
s 25450 24 12
s 25451 24 11
s 25452 7 4
s 25453 14 7
s 25454 10 2
s 25455 13 7
s 25456 27 17
s 25457 7 2
s 25458 10 5
s 25463 38 19
s 25464 20 7
s 25465 24 12
s 25467 62 32
s 25470 15 5
s 25472 41 18
s 25473 4 2
s 25475 27 11
s 25479 12 5
s 25480 12 6
s 25481 3 2
s 25482 7 2
s 25489 13 5
s 25499 8 4
s 25701 137 59
s 25702 11 5
s 25703 3 0
s 25704 49 17
s 25705 132 75
s 25706 304 155
s 25707 164 74
s 25708 300 142
s 25709 177 82
s 25710 104 62
s 25711 43 22
s 25712 114 62
s 25713 29 11
s 25714 54 31
s 25719 196 101
s 25720 163 79
s 25721 112 49
s 25723 305 152
s 25726 108 61
s 25728 306 147
s 25729 110 51
s 25731 119 47
s 25735 370 201
s 25736 39 15
s 25737 73 37
s 25738 78 38
s 25745 78 32
s 25755 76 45
s 25958 8 4
s 25959 2 2
s 25960 111 48
s 25961 28 12
s 25962 145 69
s 25963 85 34
s 25964 93 38
s 25965 59 11
s 25966 37 21
s 25967 26 11
s 25968 68 37
s 25969 13 7
s 25970 34 14
s 25975 57 22
s 25976 74 41
s 25977 47 20
s 25979 96 42
s 25982 57 35
s 25984 94 39
s 25985 56 20
s 25987 37 18
s 25991 133 68
s 25992 23 12
s 25993 50 27
s 25994 31 13
s 26001 45 22
s 26011 32 16
s 26215 1 1
s 26216 7 4
s 26217 6 3
s 26218 15 9
s 26219 15 5
s 26220 18 5
s 26221 6 3
s 26222 7 2
s 26223 2 1
s 26224 3 0
s 26225 2 0
s 26226 1 1
s 26231 18 7
s 26232 9 5
s 26233 7 2
s 26235 29 12
s 26238 5 2
s 26240 19 4
s 26241 7 2
s 26243 4 1
s 26247 12 5
s 26248 4 3
s 26249 7 3
s 26250 7 4
s 26257 2 0
s 26267 2 2
s 26472 4 3
s 26473 7 6
s 26474 14 9
s 26475 9 6
s 26476 13 6
s 26477 4 1
s 26478 1 0
s 26479 3 1
s 26480 10 6
s 26481 1 1
s 26482 2 2
s 26487 14 7
s 26488 10 4
s 26489 11 6
s 26491 15 6
s 26494 13 10
s 26496 8 4
s 26497 4 3
s 26499 6 3
s 26503 10 7
s 26504 3 3
s 26505 3 1
s 26506 7 4
s 26513 2 1
s 26523 4 3
s 26729 46 27
s 26730 51 31
s 26731 31 12
s 26732 5 2
s 26733 30 19
s 26734 21 10
s 26735 14 7
s 26736 40 22
s 26737 11 2
s 26738 16 9
s 26743 40 25
s 26744 24 12
s 26745 35 22
s 26747 64 23
s 26750 22 8
s 26752 66 33
s 26753 1 1
s 26755 29 17
s 26759 16 8
s 26760 15 6
s 26761 5 3
s 26762 14 6
s 26769 22 10
s 26779 4 4
s 26986 213 126
s 26987 153 78
s 26988 180 73
s 26989 91 51
s 26990 47 21
s 26991 39 18
s 26992 125 74
s 26993 18 13
s 26994 32 20
s 26999 117 67
s 27000 136 73
s 27001 49 26
s 27003 149 82
s 27006 77 41
s 27008 155 63
s 27009 60 30
s 27011 76 41
s 27015 210 107
s 27016 25 12
s 27017 50 26
s 27018 26 13
s 27025 95 49
s 27035 80 50
s 27243 44 23
s 27244 345 163
s 27245 185 109
s 27246 111 46
s 27247 67 34
s 27248 301 167
s 27249 8 5
s 27250 26 14
s 27255 403 217
s 27256 42 20
s 27257 157 78
s 27259 593 291
s 27262 4 1
s 27264 226 109
s 27265 79 40
s 27267 246 131
s 27271 362 183
s 27272 29 13
s 27273 48 23
s 27274 61 29
s 27281 100 53
s 27291 149 96
s 27500 194 87
s 27501 107 67
s 27502 67 29
s 27503 51 28
s 27504 207 130
s 27505 11 4
s 27506 22 15
s 27511 237 134
s 27512 57 30
s 27513 125 65
s 27515 293 157
s 27518 21 9
s 27520 143 62
s 27521 56 24
s 27523 161 91
s 27527 179 97
s 27528 21 12
s 27529 37 25
s 27530 38 19
s 27537 82 44
s 27547 82 54
s 27757 180 80
s 27758 90 32
s 27759 89 41
s 27760 266 124
s 27761 28 13
s 27762 60 28
s 27767 378 150
s 27768 184 80
s 27769 127 57
s 27771 519 205
s 27774 161 75
s 27776 324 124
s 27777 6 1
s 27779 227 114
s 27783 21 7
s 27784 44 20
s 27785 23 11
s 27786 70 33
s 27793 150 62
s 27803 50 22
s 28014 49 19
s 28015 36 22
s 28016 142 83
s 28017 7 5
s 28018 13 7
s 28023 160 86
s 28024 104 53
s 28025 79 36
s 28027 247 117
s 28030 55 26
s 28032 163 75
s 28033 63 31
s 28035 130 71
s 28039 131 69
s 28040 25 12
s 28041 39 26
s 28042 1 0
s 28049 16 11
s 28059 52 26
s 28271 23 10
s 28272 81 47
s 28273 14 6
s 28274 26 15
s 28279 110 55
s 28280 66 30
s 28281 48 20
s 28283 119 54
s 28286 27 16
s 28288 128 53
s 28289 75 33
s 28291 54 33
s 28295 116 66
s 28296 19 14
s 28297 28 13
s 28298 20 12
s 28305 40 17
s 28315 34 21
s 28528 13 4
s 28529 14 7
s 28530 23 7
s 28535 50 26
s 28536 43 24
s 28537 15 6
s 28539 83 39
s 28542 39 22
s 28544 90 42
s 28545 37 15
s 28547 16 11
s 28551 98 50
s 28552 23 11
s 28553 31 16
s 28554 10 6
s 28561 28 14
s 28571 16 7
s 28785 24 10
s 28786 33 20
s 28791 288 164
s 28792 227 125
s 28793 44 19
s 28795 356 204
s 28798 102 62
s 28800 230 107
s 28801 69 38
s 28803 105 49
s 28807 264 138
s 28808 24 11
s 28809 68 43
s 28810 35 17
s 28817 162 80
s 28827 107 60
s 29042 2 1
s 29047 26 12
s 29048 4 3
s 29049 13 8
s 29051 32 12
s 29054 6 3
s 29056 18 7
s 29057 12 4
s 29059 25 14
s 29063 35 16
s 29064 2 1
s 29065 5 1
s 29066 2 2
s 29073 15 5
s 29083 7 5
s 29303 60 29
s 29304 22 11
s 29305 26 9
s 29307 72 35
s 29310 19 8
s 29312 57 34
s 29313 32 16
s 29315 29 15
s 29319 50 28
s 29320 4 2
s 29321 11 9
s 29322 3 2
s 29329 7 1
s 29339 15 10
s 30584 252 141
s 30585 64 26
s 30587 196 83
s 30590 145 75
s 30592 221 102
s 30593 134 53
s 30595 139 62
s 30599 365 197
s 30600 47 24
s 30601 96 57
s 30602 47 19
s 30609 168 77
s 30619 144 91
s 30841 87 41
s 30843 350 169
s 30846 13 10
s 30848 138 62
s 30849 44 21
s 30851 150 62
s 30855 160 89
s 30856 27 10
s 30857 27 11
s 30858 35 20
s 30865 59 26
s 30875 37 23
s 31099 90 41
s 31102 60 24
s 31104 141 58
s 31105 44 15
s 31107 64 36
s 31111 192 108
s 31112 37 15
s 31113 88 49
s 31114 26 12
s 31121 67 29
s 31131 30 20
s 31614 190 92
s 31616 309 135
s 31617 117 53
s 31619 196 72
s 31623 442 213
s 31624 44 24
s 31625 94 48
s 31626 69 39
s 31633 228 109
s 31643 195 108
s 32384 96 47
s 32385 51 24
s 32387 92 41
s 32391 129 63
s 32392 13 7
s 32393 17 10
s 32394 12 6
s 32401 32 12
s 32411 44 24
s 32897 184 74
s 32899 190 92
s 32903 333 146
s 32904 46 28
s 32905 84 45
s 32906 61 31
s 32913 95 44
s 32923 66 37
s 33155 64 31
s 33159 11 3
s 33160 15 3
s 33161 4 3
s 33162 17 8
s 33169 39 13
s 33179 16 6
s 33671 232 115
s 33672 26 12
s 33673 59 37
s 33674 41 25
s 33681 106 52
s 33691 90 51
s 34696 34 19
s 34697 38 20
s 34698 66 40
s 34705 100 55
s 34715 32 19
s 34953 14 10
s 34954 10 3
s 34961 11 6
s 34971 19 12
s 35210 13 6
s 35217 23 12
s 35227 16 12
s 35473 7 2
s 35483 29 25
s 37275 40 23
