n 6550
b 1 190 75
b 2 906 424
b 3 648 335
b 4 70 40
b 5 319 169
b 6 365 151
b 7 430 214
b 8 400 224
b 9 1639 884
b 10 158 91
b 11 1269 628
b 12 547 267
b 13 445 230
b 14 624 328
b 15 309 170
b 16 171 74
b 17 581 310
b 18 799 418
b 19 794 373
b 20 376 167
b 21 1350 705
b 22 207 104
b 23 213 105
b 25 1208 591
b 26 903 397
b 27 310 146
b 28 723 353
b 29 527 270
b 30 540 278
b 31 617 273
b 32 69 33
b 33 446 269
b 34 170 83
b 35 189 87
b 36 890 473
b 37 172 79
b 38 315 170
b 39 313 126
b 40 60 29
b 41 227 106
b 42 105 49
b 43 219 102
b 44 94 48
b 45 63 30
b 46 319 132
b 47 335 176
b 48 866 425
b 49 899 449
b 50 249 120
b 51 788 390
b 52 109 53
b 53 703 365
b 54 1441 696
b 55 975 498
b 56 267 126
b 57 50 27
b 58 249 133
b 59 144 71
b 60 705 342
b 61 60 33
b 62 750 468
b 63 112 62
b 64 287 131
b 65 143 70
b 66 49 29
b 67 371 189
b 68 109 48
b 69 951 484
b 70 323 139
b 71 836 405
b 72 165 81
b 73 114 53
b 74 991 507
b 75 269 125
b 76 587 293
b 77 229 136
b 78 344 192
b 79 390 177
b 80 434 232
b 81 72 37
b 82 68 39
b 83 450 268
b 84 468 238
b 85 1299 595
b 86 1830 933
b 87 692 319
b 88 306 158
b 89 79 50
b 90 692 397
b 91 380 208
b 92 73 33
b 93 481 267
b 94 111 45
b 95 114 67
b 96 968 482
b 97 266 116
b 98 593 298
b 99 116 42
b 100 1093 533
b 101 469 208
b 102 50 23
b 103 80 44
b 104 161 77
b 105 961 497
b 106 1392 722
b 107 979 502
b 108 1145 461
b 109 605 294
b 110 477 238
b 111 272 134
b 112 1385 782
b 113 87 47
b 114 151 79
b 119 1575 840
b 120 882 437
b 121 563 259
b 123 1939 914
b 126 444 209
b 128 1056 473
b 129 335 142
b 131 954 440
b 135 1019 501
b 136 167 84
b 137 254 131
b 138 194 108
b 145 592 308
b 155 578 336
v 258 7 0
v 259 6 3
v 260 4 0
v 261 3 1
v 262 2 1
v 263 5 1
v 264 14 5
v 265 18 8
v 266 3 1
v 267 10 6
v 268 12 4
v 269 7 3
v 270 14 6
v 271 4 2
v 272 1 0
v 273 24 9
v 274 13 7
v 275 6 1
v 276 5 3
v 277 18 9
v 278 6 2
v 279 4 1
v 281 16 8
v 282 12 4
v 283 4 1
v 284 16 6
v 285 9 1
v 286 8 5
v 287 14 5
v 289 3 1
v 290 6 2
v 291 1 0
v 292 13 6
v 293 1 1
v 294 1 1
v 295 4 2
v 296 3 1
v 297 6 4
v 298 5 0
v 299 3 0
v 300 4 1
v 302 3 0
v 303 6 2
v 304 10 3
v 305 7 4
v 306 5 2
v 307 13 6
v 308 2 0
v 309 7 5
v 310 18 8
v 311 19 10
v 312 3 3
v 313 1 0
v 314 4 1
v 315 2 1
v 316 4 4
v 318 13 5
v 319 1 0
v 320 5 2
v 321 1 0
v 323 7 1
v 325 22 10
v 326 9 5
v 327 12 5
v 328 5 3
v 330 22 9
v 331 7 2
v 332 16 5
v 333 1 0
v 334 10 4
v 335 1 0
v 336 3 1
v 337 1 0
v 338 1 0
v 339 3 1
v 340 8 3
v 341 13 6
v 342 27 10
v 343 8 3
v 344 3 0
v 346 10 3
v 347 9 1
v 349 10 2
v 350 3 2
v 351 1 1
v 352 5 2
v 353 6 2
v 354 12 5
v 355 4 3
v 356 15 3
v 357 9 2
v 360 2 1
v 361 21 11
v 362 13 5
v 363 12 6
v 364 15 8
v 365 6 3
v 366 5 1
v 367 9 6
v 368 24 7
v 370 2 0
v 375 22 11
v 376 10 4
v 377 9 4
v 379 21 8
v 382 3 0
v 384 18 5
v 385 2 1
v 387 13 7
v 391 12 6
v 392 2 0
v 393 5 2
v 394 2 0
v 401 5 3
v 411 15 4
v 515 31 18
v 516 4 2
v 517 23 13
v 518 23 14
v 519 30 14
v 520 27 13
v 521 110 46
v 522 4 1
v 523 100 44
v 524 28 14
v 525 31 14
v 526 56 17
v 527 35 14
v 528 16 7
v 529 35 22
v 530 40 17
v 531 67 35
v 532 28 13
v 533 89 54
v 534 15 6
v 535 16 8
v 537 102 46
v 538 68 30
v 539 18 7
v 540 50 27
v 541 51 26
v 542 38 16
v 543 51 26
v 544 8 5
v 545 40 16
v 546 12 3
v 547 17 9
v 548 77 31
v 549 21 8
v 550 14 7
v 551 21 13
v 552 2 2
v 553 11 4
v 554 8 4
v 555 10 6
v 556 7 3
v 557 2 2
v 558 31 14
v 559 22 8
v 560 62 29
v 561 53 24
v 562 37 18
v 563 62 30
v 564 9 2
v 565 44 16
v 566 96 40
v 567 71 30
v 568 17 7
v 569 3 1
v 570 18 6
v 571 11 9
v 572 52 24
v 573 4 3
v 574 63 19
v 575 6 3
v 576 23 11
v 577 9 3
v 578 4 1
v 579 41 15
v 580 10 3
v 581 64 32
v 582 29 18
v 583 56 24
v 584 11 7
v 585 11 7
v 586 70 30
v 587 24 11
v 588 34 11
v 589 13 6
v 590 22 8
v 591 35 17
v 592 30 13
v 593 4 3
v 594 3 1
v 595 35 15
v 596 31 8
v 597 94 49
v 598 114 56
v 599 52 27
v 600 15 7
v 601 3 0
v 602 39 13
v 603 24 9
v 604 7 4
v 605 28 10
v 606 6 1
v 607 10 4
v 608 77 29
v 609 17 13
v 610 41 20
v 611 4 2
v 612 66 34
v 613 29 15
v 614 4 0
v 615 8 5
v 616 13 9
v 617 59 30
v 618 101 50
v 619 58 30
v 620 86 55
v 621 27 13
v 622 31 16
v 623 21 6
v 624 86 39
v 625 6 1
v 626 17 9
v 631 96 43
v 632 67 31
v 633 38 20
v 635 138 73
v 638 28 18
v 640 74 37
v 641 34 17
v 643 59 25
v 647 81 34
v 648 11 7
v 649 18 10
v 650 7 4
v 657 40 22
v 667 33 12
v 772 2 1
v 773 9 7
v 774 18 12
v 775 26 16
v 776 19 10
v 777 98 49
v 778 2 0
v 779 46 23
v 780 30 15
v 781 29 17
v 782 19 6
v 783 11 3
v 784 9 8
v 785 30 18
v 786 33 20
v 787 61 32
v 788 13 7
v 789 75 38
v 790 7 3
v 791 4 3
v 793 47 23
v 794 24 12
v 795 9 2
v 796 27 14
v 797 31 17
v 798 23 10
v 799 20 11
v 800 2 2
v 801 33 13
v 802 10 7
v 803 5 2
v 804 46 23
v 805 7 4
v 806 29 13
v 807 8 6
v 808 2 0
v 809 5 2
v 810 4 3
v 811 9 5
v 812 5 2
v 813 3 2
v 814 6 6
v 815 7 3
v 816 39 24
v 817 47 27
v 818 8 3
v 819 42 22
v 820 3 3
v 821 39 16
v 822 55 27
v 823 59 31
v 824 21 10
v 825 2 1
v 826 8 5
v 827 5 0
v 828 30 19
v 829 4 0
v 830 69 30
v 831 3 1
v 832 8 5
v 833 6 3
v 834 2 1
v 835 12 4
v 836 4 2
v 837 44 22
v 838 17 8
v 839 33 16
v 840 4 0
v 841 7 4
v 842 45 27
v 843 20 9
v 844 40 22
v 845 27 10
v 846 19 12
v 847 29 15
v 848 33 16
v 849 4 2
v 850 4 2
v 851 18 6
v 852 9 6
v 853 64 37
v 854 70 39
v 855 31 22
v 856 20 7
v 857 3 3
v 858 60 32
v 859 16 8
v 860 3 1
v 861 28 12
v 862 6 4
v 863 7 3
v 864 56 27
v 865 7 3
v 866 20 13
v 867 4 3
v 868 48 29
v 869 8 5
v 870 5 3
v 871 4 1
v 872 10 3
v 873 54 28
v 874 71 35
v 875 61 33
v 876 64 38
v 877 43 25
v 878 18 9
v 879 15 7
v 880 90 37
v 881 2 0
v 882 9 2
v 887 79 38
v 888 51 29
v 889 25 13
v 891 142 80
v 894 25 11
v 896 39 20
v 897 8 7
v 899 82 45
v 903 45 20
v 904 6 3
v 905 9 5
v 906 6 2
v 913 40 21
v 923 27 15
v 1029 3 2
v 1030 3 3
v 1031 2 0
v 1032 4 2
v 1033 8 4
v 1035 3 1
v 1036 8 3
v 1037 3 0
v 1038 2 1
v 1040 2 2
v 1041 4 3
v 1042 4 3
v 1043 5 3
v 1044 4 1
v 1045 12 7
v 1046 1 1
v 1047 2 2
v 1049 3 3
v 1050 6 6
v 1051 4 4
v 1052 2 1
v 1053 3 2
v 1054 3 1
v 1055 2 1
v 1058 1 0
v 1059 3 1
v 1060 6 2
v 1061 1 1
v 1062 2 2
v 1063 4 3
v 1064 1 0
v 1066 2 2
v 1067 1 0
v 1069 2 2
v 1071 3 1
v 1072 2 1
v 1073 5 3
v 1075 5 4
v 1077 3 2
v 1078 4 2
v 1079 8 5
v 1080 2 1
v 1082 1 0
v 1083 2 0
v 1084 7 2
v 1086 4 1
v 1088 1 1
v 1089 1 1
v 1091 2 1
v 1093 6 2
v 1094 2 1
v 1095 12 10
v 1096 1 1
v 1097 1 0
v 1098 1 0
v 1099 1 1
v 1101 3 3
v 1102 2 1
v 1103 1 0
v 1105 1 1
v 1108 2 0
v 1109 5 4
v 1110 6 2
v 1111 5 4
v 1112 3 1
v 1114 4 2
v 1115 1 0
v 1116 1 1
v 1117 13 9
v 1120 2 1
v 1121 2 0
v 1122 5 3
v 1124 4 1
v 1125 2 1
v 1126 1 1
v 1127 1 0
v 1129 3 3
v 1130 2 1
v 1131 5 3
v 1132 5 5
v 1133 3 2
v 1134 1 1
v 1136 7 3
v 1143 7 4
v 1144 15 9
v 1145 4 3
v 1147 10 6
v 1150 3 1
v 1152 5 2
v 1153 1 1
v 1155 3 3
v 1159 4 1
v 1160 3 0
v 1162 2 0
v 1179 3 1
v 1286 9 4
v 1287 11 4
v 1288 12 7
v 1289 23 12
v 1290 5 5
v 1291 32 17
v 1292 17 10
v 1293 11 6
v 1294 13 7
v 1295 8 5
v 1296 4 3
v 1297 24 17
v 1298 13 8
v 1299 23 11
v 1300 14 7
v 1301 35 18
v 1302 6 3
v 1303 6 5
v 1305 34 21
v 1306 30 18
v 1307 10 10
v 1308 15 10
v 1309 15 7
v 1310 22 11
v 1311 17 11
v 1312 2 1
v 1313 15 6
v 1314 2 2
v 1315 11 4
v 1316 19 7
v 1317 15 5
v 1318 5 3
v 1319 9 7
v 1320 1 0
v 1321 6 4
v 1322 3 2
v 1323 7 4
v 1324 5 4
v 1326 13 5
v 1327 12 7
v 1328 22 10
v 1329 19 14
v 1330 9 7
v 1331 14 8
v 1332 4 1
v 1333 15 6
v 1334 36 18
v 1335 18 10
v 1336 8 5
v 1337 1 0
v 1338 13 9
v 1339 3 2
v 1340 18 10
v 1341 3 3
v 1342 24 12
v 1343 2 0
v 1344 9 7
v 1345 3 2
v 1346 1 1
v 1347 2 0
v 1348 2 0
v 1349 20 10
v 1350 8 4
v 1351 20 12
v 1352 3 2
v 1353 3 1
v 1354 26 10
v 1355 14 6
v 1356 11 6
v 1358 5 2
v 1359 9 5
v 1360 10 5
v 1361 2 2
v 1363 13 5
v 1364 17 9
v 1365 26 11
v 1366 55 24
v 1367 21 9
v 1368 8 4
v 1369 1 1
v 1370 13 5
v 1371 8 3
v 1372 5 5
v 1373 16 9
v 1374 2 1
v 1375 7 2
v 1376 20 11
v 1377 5 4
v 1378 13 5
v 1379 9 2
v 1380 26 18
v 1381 10 6
v 1382 2 1
v 1383 1 1
v 1384 8 1
v 1385 19 10
v 1386 35 17
v 1387 13 7
v 1388 25 17
v 1389 9 6
v 1390 11 5
v 1391 3 0
v 1392 25 15
v 1393 4 0
v 1394 4 1
v 1399 25 13
v 1400 15 8
v 1401 18 13
v 1403 45 23
v 1406 9 6
v 1408 30 17
v 1409 17 7
v 1411 10 6
v 1415 23 15
v 1416 4 1
v 1417 4 0
v 1418 6 4
v 1425 15 7
v 1435 11 7
v 1543 12 3
v 1544 10 3
v 1545 47 17
v 1546 3 0
v 1547 50 27
v 1548 15 5
v 1549 10 5
v 1550 16 11
v 1551 4 3
v 1552 1 1
v 1553 10 5
v 1554 29 10
v 1555 16 7
v 1556 13 9
v 1557 49 19
v 1558 10 4
v 1559 6 2
v 1561 35 11
v 1562 28 17
v 1563 9 1
v 1564 18 9
v 1565 23 16
v 1566 13 5
v 1567 26 14
v 1569 12 2
v 1570 7 5
v 1571 4 2
v 1572 23 9
v 1573 7 4
v 1574 10 2
v 1575 10 5
v 1576 3 2
v 1577 5 2
v 1578 3 1
v 1579 10 3
v 1580 3 1
v 1581 1 1
v 1582 2 0
v 1583 11 7
v 1584 23 12
v 1585 14 7
v 1586 5 2
v 1587 24 8
v 1588 1 0
v 1589 16 3
v 1590 39 16
v 1591 21 8
v 1592 7 5
v 1593 2 1
v 1594 6 1
v 1595 7 2
v 1596 14 8
v 1597 1 0
v 1598 25 8
v 1599 2 1
v 1600 7 2
v 1601 2 0
v 1602 3 1
v 1603 23 10
v 1604 3 2
v 1605 39 16
v 1606 4 2
v 1607 9 3
v 1608 6 4
v 1609 1 1
v 1610 34 11
v 1611 7 4
v 1612 16 5
v 1613 7 3
v 1614 9 0
v 1615 9 3
v 1616 16 9
v 1617 2 0
v 1618 2 0
v 1619 15 9
v 1620 20 5
v 1621 42 22
v 1622 48 22
v 1623 19 9
v 1624 8 5
v 1625 3 1
v 1626 11 1
v 1627 13 3
v 1629 11 5
v 1630 1 0
v 1631 4 2
v 1632 25 8
v 1633 5 3
v 1634 12 3
v 1635 7 5
v 1636 30 14
v 1637 11 8
v 1639 3 3
v 1640 3 0
v 1641 21 6
v 1642 42 16
v 1643 20 10
v 1644 37 18
v 1645 20 7
v 1646 14 6
v 1647 11 5
v 1648 36 10
v 1649 2 1
v 1650 3 2
v 1655 37 10
v 1656 21 8
v 1657 17 9
v 1659 53 21
v 1662 20 8
v 1664 41 20
v 1665 10 6
v 1667 25 12
v 1671 26 12
v 1672 5 1
v 1673 5 1
v 1674 6 1
v 1681 18 4
v 1691 19 4
v 1800 15 5
v 1801 57 20
v 1802 4 3
v 1803 40 18
v 1804 28 13
v 1805 20 12
v 1806 22 8
v 1807 5 4
v 1808 11 7
v 1809 17 8
v 1810 23 12
v 1811 27 17
v 1812 14 8
v 1813 46 24
v 1814 5 5
v 1815 7 2
v 1817 33 16
v 1818 28 9
v 1819 15 8
v 1820 26 14
v 1821 16 7
v 1822 18 8
v 1823 26 13
v 1824 3 2
v 1825 14 9
v 1826 12 7
v 1827 3 2
v 1828 24 13
v 1829 1 1
v 1830 14 8
v 1831 9 7
v 1832 1 1
v 1833 13 9
v 1834 10 6
v 1835 8 4
v 1836 3 1
v 1837 1 0
v 1838 13 10
v 1839 11 8
v 1840 28 10
v 1841 34 18
v 1842 8 5
v 1843 17 8
v 1844 1 0
v 1845 22 13
v 1846 43 26
v 1847 27 10
v 1848 14 8
v 1849 2 1
v 1850 14 4
v 1851 5 3
v 1852 22 11
v 1853 5 0
v 1854 18 12
v 1855 5 0
v 1856 8 5
v 1857 3 1
v 1858 2 0
v 1859 12 6
v 1860 7 5
v 1861 27 10
v 1862 15 6
v 1863 33 17
v 1864 5 1
v 1865 4 1
v 1866 31 17
v 1867 3 1
v 1868 19 8
v 1869 8 3
v 1870 15 9
v 1871 18 13
v 1872 13 4
v 1873 4 3
v 1874 2 1
v 1875 13 3
v 1876 15 9
v 1877 42 22
v 1878 65 32
v 1879 16 9
v 1880 8 1
v 1881 3 0
v 1882 26 9
v 1883 5 1
v 1884 3 2
v 1885 15 8
v 1886 5 0
v 1887 4 1
v 1888 20 11
v 1889 9 6
v 1890 19 7
v 1891 6 3
v 1892 40 20
v 1893 15 9
v 1894 2 2
v 1895 2 1
v 1896 8 3
v 1897 26 10
v 1898 58 22
v 1899 32 10
v 1900 28 16
v 1901 13 8
v 1902 12 7
v 1903 13 8
v 1904 43 24
v 1905 3 2
v 1906 4 2
v 1911 46 26
v 1912 30 13
v 1913 20 11
v 1915 63 35
v 1918 14 9
v 1920 30 15
v 1921 10 5
v 1923 39 21
v 1927 37 18
v 1928 8 4
v 1929 10 5
v 1930 5 2
v 1937 21 10
v 1947 21 11
v 2057 45 28
v 2058 9 7
v 2059 32 17
v 2060 16 9
v 2061 4 2
v 2062 22 12
v 2063 10 5
v 2064 3 2
v 2065 25 18
v 2066 25 14
v 2067 22 11
v 2068 12 8
v 2069 36 19
v 2070 6 4
v 2071 7 3
v 2073 35 21
v 2074 37 22
v 2075 18 12
v 2076 13 4
v 2077 22 11
v 2078 19 13
v 2079 25 15
v 2080 5 3
v 2081 6 3
v 2082 6 2
v 2083 8 5
v 2084 26 15
v 2085 7 6
v 2086 2 1
v 2087 15 4
v 2088 5 3
v 2089 10 4
v 2090 6 2
v 2091 5 2
v 2092 3 1
v 2093 1 1
v 2094 7 2
v 2095 9 5
v 2096 33 16
v 2097 27 15
v 2098 2 1
v 2099 17 8
v 2100 4 3
v 2101 13 6
v 2102 75 43
v 2103 31 17
v 2104 5 2
v 2105 2 1
v 2106 6 3
v 2107 3 1
v 2108 18 12
v 2109 3 1
v 2110 24 12
v 2111 2 1
v 2112 8 3
v 2113 7 2
v 2114 3 0
v 2115 18 10
v 2116 2 1
v 2117 14 11
v 2118 10 8
v 2119 20 8
v 2120 2 1
v 2121 6 3
v 2122 37 20
v 2123 15 8
v 2124 9 5
v 2125 4 2
v 2126 15 10
v 2127 11 6
v 2128 8 4
v 2129 4 1
v 2130 2 0
v 2131 13 6
v 2132 18 8
v 2133 30 15
v 2134 57 34
v 2135 23 13
v 2136 13 9
v 2138 24 11
v 2139 7 2
v 2140 3 2
v 2141 15 6
v 2142 7 6
v 2143 2 2
v 2144 26 17
v 2145 6 4
v 2146 7 4
v 2147 1 1
v 2148 31 15
v 2149 27 20
v 2150 1 1
v 2151 2 2
v 2152 7 4
v 2153 34 18
v 2154 42 21
v 2155 24 11
v 2156 75 50
v 2157 12 7
v 2158 35 17
v 2159 9 8
v 2160 19 9
v 2161 4 4
v 2162 1 0
v 2167 44 20
v 2168 39 27
v 2169 12 6
v 2171 56 30
v 2174 8 6
v 2176 37 27
v 2177 21 14
v 2179 14 12
v 2183 26 11
v 2184 5 4
v 2185 8 2
v 2186 4 2
v 2193 14 10
v 2203 12 5
v 2314 15 6
v 2315 139 75
v 2316 63 42
v 2317 52 28
v 2318 76 40
v 2319 40 22
v 2320 23 12
v 2321 88 46
v 2322 123 70
v 2323 107 58
v 2324 23 14
v 2325 186 90
v 2326 19 9
v 2327 20 13
v 2329 174 94
v 2330 109 72
v 2331 30 20
v 2332 109 57
v 2333 80 47
v 2334 90 45
v 2335 74 45
v 2336 8 3
v 2337 65 27
v 2338 26 13
v 2339 16 13
v 2340 108 51
v 2341 11 4
v 2342 50 26
v 2343 32 19
v 2344 5 4
v 2345 17 10
v 2346 14 7
v 2347 23 10
v 2348 12 8
v 2349 3 2
v 2350 35 21
v 2351 44 21
v 2352 97 54
v 2353 101 52
v 2354 31 18
v 2355 108 58
v 2356 10 6
v 2357 88 52
v 2358 180 116
v 2359 120 58
v 2360 33 18
v 2361 8 5
v 2362 34 15
v 2363 21 10
v 2364 69 42
v 2365 6 3
v 2366 93 34
v 2367 19 10
v 2368 33 16
v 2369 9 3
v 2370 8 4
v 2371 41 19
v 2372 6 3
v 2373 129 67
v 2374 30 17
v 2375 109 55
v 2376 24 13
v 2377 13 8
v 2378 126 75
v 2379 29 16
v 2380 75 41
v 2381 30 13
v 2382 40 21
v 2383 52 28
v 2384 58 29
v 2385 8 3
v 2386 8 5
v 2387 55 29
v 2388 35 22
v 2389 191 109
v 2390 214 121
v 2391 93 50
v 2392 29 15
v 2393 9 2
v 2394 91 42
v 2395 48 27
v 2396 8 2
v 2397 69 24
v 2398 12 10
v 2399 13 3
v 2400 127 51
v 2401 37 29
v 2402 74 40
v 2403 10 7
v 2404 131 76
v 2405 57 34
v 2406 13 8
v 2407 10 5
v 2408 15 4
v 2409 129 63
v 2410 175 80
v 2411 137 68
v 2412 148 104
v 2413 78 42
v 2414 62 37
v 2415 33 15
v 2416 226 107
v 2417 5 3
v 2418 25 13
v 2423 261 134
v 2424 115 63
v 2425 53 27
v 2427 343 187
v 2430 44 28
v 2432 132 75
v 2433 36 26
v 2435 139 91
v 2439 127 72
v 2440 21 16
v 2441 26 14
v 2442 25 11
v 2449 78 40
v 2459 75 41
v 2571 8 4
v 2572 2 1
v 2573 2 2
v 2574 9 6
v 2575 9 4
v 2577 3 2
v 2578 8 4
v 2579 9 4
v 2580 3 3
v 2581 17 8
v 2582 2 0
v 2583 3 2
v 2585 15 10
v 2586 9 5
v 2587 1 0
v 2588 9 5
v 2589 4 1
v 2590 7 5
v 2591 12 6
v 2593 5 3
v 2594 1 1
v 2595 3 3
v 2596 10 4
v 2597 1 1
v 2598 4 2
v 2599 2 2
v 2600 1 0
v 2601 2 1
v 2603 5 4
v 2604 2 1
v 2606 4 4
v 2607 1 1
v 2608 11 7
v 2609 10 3
v 2610 5 3
v 2611 7 5
v 2612 1 0
v 2613 6 6
v 2614 51 33
v 2615 8 3
v 2617 1 1
v 2618 3 1
v 2619 4 3
v 2620 2 0
v 2621 1 1
v 2622 7 3
v 2623 2 1
v 2624 4 3
v 2625 1 0
v 2626 1 1
v 2627 5 3
v 2628 3 1
v 2629 8 3
v 2630 1 1
v 2631 24 12
v 2632 5 3
v 2633 1 1
v 2634 9 6
v 2635 1 1
v 2636 7 4
v 2637 2 1
v 2638 6 2
v 2639 4 3
v 2640 4 0
v 2642 1 1
v 2643 1 0
v 2644 8 4
v 2645 16 8
v 2646 36 23
v 2647 10 5
v 2648 1 0
v 2650 6 3
v 2651 2 0
v 2653 7 4
v 2655 4 1
v 2656 7 4
v 2657 1 1
v 2658 6 4
v 2659 2 2
v 2660 16 11
v 2661 5 3
v 2664 1 1
v 2665 9 5
v 2666 25 11
v 2667 8 6
v 2668 21 14
v 2669 9 4
v 2670 9 7
v 2671 6 3
v 2672 22 13
v 2673 1 0
v 2674 2 1
v 2679 13 9
v 2680 15 9
v 2681 4 3
v 2683 19 10
v 2686 5 3
v 2688 14 9
v 2689 8 7
v 2691 8 6
v 2695 24 13
v 2696 2 1
v 2697 4 4
v 2705 2 2
v 2715 7 4
v 2828 54 24
v 2829 37 15
v 2830 65 29
v 2831 20 13
v 2832 12 6
v 2833 49 30
v 2834 82 43
v 2835 70 32
v 2836 36 23
v 2837 113 47
v 2838 23 14
v 2839 21 16
v 2841 161 74
v 2842 100 57
v 2843 35 14
v 2844 43 25
v 2845 55 34
v 2846 37 18
v 2847 63 31
v 2848 6 3
v 2849 29 8
v 2850 20 7
v 2851 24 11
v 2852 99 44
v 2853 22 9
v 2854 31 16
v 2855 37 22
v 2856 5 2
v 2857 25 17
v 2858 18 11
v 2859 18 11
v 2860 11 6
v 2861 5 4
v 2862 42 19
v 2863 25 12
v 2864 94 52
v 2865 48 19
v 2866 17 7
v 2867 79 37
v 2868 13 10
v 2869 96 54
v 2870 176 83
v 2871 98 40
v 2872 29 12
v 2873 2 1
v 2874 32 16
v 2875 7 5
v 2876 59 30
v 2877 9 4
v 2878 56 20
v 2879 9 5
v 2880 28 19
v 2881 12 3
v 2882 7 3
v 2883 35 19
v 2884 7 2
v 2885 77 47
v 2886 22 15
v 2887 78 36
v 2888 10 4
v 2889 19 8
v 2890 122 58
v 2891 26 8
v 2892 43 19
v 2893 18 5
v 2894 15 4
v 2895 44 25
v 2896 38 17
v 2897 15 7
v 2898 4 2
v 2899 70 31
v 2900 49 29
v 2901 151 77
v 2902 175 87
v 2903 69 35
v 2904 12 6
v 2905 5 1
v 2906 73 36
v 2907 47 29
v 2908 12 8
v 2909 30 14
v 2910 13 8
v 2911 12 5
v 2912 85 40
v 2913 28 14
v 2914 39 15
v 2915 11 5
v 2916 105 52
v 2917 46 27
v 2918 2 2
v 2919 8 3
v 2920 12 6
v 2921 90 50
v 2922 113 51
v 2923 113 57
v 2924 148 90
v 2925 114 53
v 2926 57 33
v 2927 10 4
v 2928 161 73
v 2929 5 1
v 2930 21 10
v 2935 134 55
v 2936 76 41
v 2937 49 26
v 2939 214 102
v 2942 34 17
v 2944 110 62
v 2945 43 26
v 2947 90 51
v 2951 118 51
v 2952 17 6
v 2953 20 7
v 2954 24 13
v 2961 69 33
v 2971 64 27
v 3085 20 11
v 3086 30 17
v 3087 9 3
v 3088 17 8
v 3089 26 10
v 3090 49 28
v 3091 17 7
v 3092 30 17
v 3093 50 24
v 3094 9 6
v 3095 9 5
v 3097 33 22
v 3098 34 21
v 3099 14 7
v 3100 55 27
v 3101 19 6
v 3102 19 12
v 3103 22 16
v 3104 1 1
v 3105 11 6
v 3106 1 0
v 3107 7 4
v 3108 33 14
v 3109 8 5
v 3110 19 10
v 3111 8 5
v 3113 8 5
v 3114 5 1
v 3115 10 6
v 3116 6 3
v 3117 7 4
v 3118 10 7
v 3119 10 6
v 3120 65 28
v 3121 40 17
v 3122 7 3
v 3123 29 16
v 3124 18 9
v 3125 38 18
v 3126 80 36
v 3127 21 4
v 3128 12 3
v 3130 10 5
v 3131 4 4
v 3132 47 19
v 3133 1 1
v 3134 37 13
v 3135 5 2
v 3136 14 11
v 3137 10 8
v 3138 3 2
v 3139 15 10
v 3140 4 3
v 3141 53 22
v 3142 9 2
v 3143 35 16
v 3144 8 4
v 3145 7 5
v 3146 44 14
v 3147 12 8
v 3148 23 14
v 3149 14 5
v 3150 16 7
v 3151 27 15
v 3152 16 5
v 3153 2 2
v 3154 4 2
v 3155 18 8
v 3156 28 12
v 3157 44 24
v 3158 67 26
v 3159 30 10
v 3160 13 5
v 3162 31 11
v 3163 21 6
v 3164 7 5
v 3165 16 6
v 3166 6 4
v 3167 3 2
v 3168 30 19
v 3169 23 19
v 3170 26 12
v 3171 3 2
v 3172 46 21
v 3173 16 9
v 3174 2 2
v 3175 2 0
v 3176 3 2
v 3177 50 19
v 3178 47 19
v 3179 29 13
v 3180 24 10
v 3181 17 8
v 3182 14 5
v 3183 17 5
v 3184 56 25
v 3185 4 0
v 3186 8 4
v 3191 65 35
v 3192 36 20
v 3193 25 14
v 3195 70 37
v 3198 17 8
v 3200 35 18
v 3201 13 10
v 3203 54 27
v 3207 45 29
v 3208 9 6
v 3209 13 8
v 3210 3 2
v 3217 22 8
v 3227 18 10
v 3342 10 3
v 3343 4 2
v 3344 11 6
v 3345 25 15
v 3346 33 19
v 3347 43 17
v 3348 10 6
v 3349 46 20
v 3350 5 2
v 3351 3 2
v 3353 36 26
v 3354 39 19
v 3355 11 6
v 3356 26 15
v 3357 15 8
v 3358 17 9
v 3359 25 14
v 3360 7 2
v 3361 25 8
v 3362 6 5
v 3363 2 2
v 3364 21 14
v 3365 9 5
v 3366 14 9
v 3367 12 7
v 3368 1 0
v 3369 6 3
v 3370 8 3
v 3371 4 3
v 3372 2 2
v 3373 4 2
v 3374 7 5
v 3375 6 5
v 3376 28 10
v 3377 33 16
v 3378 7 4
v 3379 38 21
v 3380 4 3
v 3381 19 11
v 3382 51 27
v 3383 36 21
v 3384 12 6
v 3386 4 3
v 3387 3 1
v 3388 34 15
v 3389 1 0
v 3390 22 8
v 3391 4 1
v 3392 7 3
v 3393 4 2
v 3394 1 1
v 3395 13 7
v 3396 1 0
v 3397 36 16
v 3398 8 6
v 3399 27 16
v 3400 3 2
v 3401 6 5
v 3402 47 25
v 3403 7 2
v 3404 18 10
v 3405 8 3
v 3406 10 5
v 3407 12 7
v 3408 15 7
v 3409 3 0
v 3410 1 1
v 3411 10 3
v 3412 9 4
v 3413 38 19
v 3414 61 37
v 3415 21 12
v 3416 4 2
v 3417 7 0
v 3418 35 13
v 3419 10 4
v 3420 3 3
v 3421 12 4
v 3422 2 2
v 3423 2 1
v 3424 34 14
v 3425 10 9
v 3426 19 12
v 3427 4 3
v 3428 34 20
v 3429 8 4
v 3430 1 1
v 3431 2 1
v 3432 4 2
v 3433 36 19
v 3434 51 25
v 3435 23 13
v 3436 32 17
v 3437 21 11
v 3438 13 7
v 3439 11 9
v 3440 61 28
v 3441 1 1
v 3442 3 1
v 3447 68 33
v 3448 27 16
v 3449 13 10
v 3451 69 37
v 3454 44 20
v 3456 28 22
v 3457 9 5
v 3459 36 21
v 3463 38 18
v 3464 5 0
v 3465 8 3
v 3466 7 4
v 3473 29 11
v 3483 20 9
v 3599 20 8
v 3600 13 7
v 3601 21 8
v 3602 37 20
v 3603 28 12
v 3604 21 10
v 3605 62 30
v 3606 16 10
v 3607 13 8
v 3609 55 25
v 3610 55 31
v 3611 25 16
v 3612 41 24
v 3613 20 13
v 3614 28 13
v 3615 31 19
v 3616 3 3
v 3617 12 6
v 3618 11 5
v 3619 9 6
v 3620 40 19
v 3621 12 7
v 3622 12 5
v 3623 19 12
v 3624 7 2
v 3625 15 8
v 3626 5 4
v 3627 13 9
v 3628 6 3
v 3629 3 1
v 3630 13 8
v 3631 21 8
v 3632 46 22
v 3633 35 20
v 3634 5 3
v 3635 29 10
v 3636 3 1
v 3637 26 13
v 3638 89 62
v 3639 34 15
v 3640 7 5
v 3641 3 2
v 3642 10 5
v 3643 6 4
v 3644 29 16
v 3646 37 14
v 3647 10 4
v 3648 17 12
v 3649 9 5
v 3650 2 0
v 3651 20 13
v 3652 12 9
v 3653 35 22
v 3654 19 10
v 3655 41 24
v 3656 7 5
v 3657 7 5
v 3658 70 34
v 3659 15 6
v 3660 16 6
v 3661 7 1
v 3662 16 7
v 3663 19 11
v 3664 13 8
v 3665 5 2
v 3666 4 2
v 3667 17 9
v 3668 40 14
v 3669 53 24
v 3670 104 60
v 3671 36 19
v 3672 12 5
v 3673 2 1
v 3674 30 18
v 3675 23 13
v 3676 6 2
v 3677 20 9
v 3678 2 2
v 3679 9 5
v 3680 32 15
v 3681 14 8
v 3682 42 26
v 3683 3 3
v 3684 66 30
v 3685 35 20
v 3686 2 0
v 3687 5 3
v 3688 7 5
v 3689 40 17
v 3690 55 25
v 3691 43 22
v 3692 50 24
v 3693 19 11
v 3694 21 12
v 3695 15 7
v 3696 68 40
v 3697 3 1
v 3698 13 5
v 3703 49 27
v 3704 50 27
v 3705 31 18
v 3707 77 47
v 3710 21 11
v 3712 60 37
v 3713 22 11
v 3715 54 24
v 3719 50 23
v 3720 7 4
v 3721 14 7
v 3722 12 3
v 3729 28 10
v 3739 14 7
v 3856 3 1
v 3857 14 5
v 3858 19 8
v 3859 15 11
v 3860 9 6
v 3861 34 20
v 3862 4 2
v 3863 9 3
v 3865 33 15
v 3866 19 10
v 3867 3 1
v 3868 20 12
v 3869 16 7
v 3870 9 6
v 3871 20 12
v 3873 4 1
v 3874 5 3
v 3875 6 4
v 3876 20 8
v 3877 11 6
v 3878 11 5
v 3879 12 8
v 3880 4 3
v 3881 13 6
v 3883 5 1
v 3884 2 1
v 3886 7 5
v 3887 6 2
v 3888 20 13
v 3889 21 12
v 3890 2 1
v 3891 19 12
v 3892 1 1
v 3893 12 10
v 3894 82 44
v 3895 21 11
v 3897 3 2
v 3898 9 4
v 3899 2 0
v 3900 22 13
v 3902 29 12
v 3903 3 3
v 3904 9 5
v 3906 1 1
v 3907 11 7
v 3908 2 1
v 3909 24 16
v 3910 10 9
v 3911 16 11
v 3912 3 2
v 3913 2 2
v 3914 17 8
v 3915 14 11
v 3916 16 10
v 3917 8 1
v 3918 5 4
v 3919 7 4
v 3920 9 7
v 3921 1 1
v 3922 1 1
v 3923 13 5
v 3924 13 10
v 3925 22 15
v 3926 40 20
v 3927 18 9
v 3928 13 5
v 3929 1 0
v 3930 12 6
v 3932 2 1
v 3933 10 5
v 3934 1 1
v 3935 2 0
v 3936 18 12
v 3937 4 1
v 3938 10 5
v 3939 1 0
v 3940 18 12
v 3941 18 11
v 3943 3 2
v 3944 3 3
v 3945 26 12
v 3946 27 10
v 3947 26 14
v 3948 18 13
v 3949 16 10
v 3950 8 4
v 3951 7 4
v 3952 27 9
v 3953 2 1
v 3954 1 0
v 3959 38 21
v 3960 14 10
v 3961 15 12
v 3963 44 26
v 3966 13 8
v 3968 35 22
v 3969 10 8
v 3971 23 14
v 3975 25 11
v 3976 4 3
v 3977 8 4
v 3978 4 1
v 3985 8 5
v 3995 10 3
v 4113 8 1
v 4114 12 4
v 4115 9 4
v 4116 5 3
v 4117 23 9
v 4118 5 2
v 4119 2 2
v 4121 21 10
v 4122 16 6
v 4123 2 0
v 4124 9 5
v 4125 5 0
v 4126 10 5
v 4127 7 5
v 4129 6 3
v 4131 3 2
v 4132 15 6
v 4133 4 2
v 4134 8 5
v 4135 2 2
v 4136 1 0
v 4137 4 1
v 4138 1 0
v 4139 2 2
v 4140 2 0
v 4141 1 1
v 4142 7 5
v 4143 4 1
v 4144 16 6
v 4145 9 3
v 4146 3 2
v 4147 16 8
v 4148 1 1
v 4149 8 4
v 4150 10 4
v 4151 17 5
v 4152 3 0
v 4153 1 1
v 4154 5 3
v 4155 1 1
v 4156 5 1
v 4158 7 0
v 4159 1 1
v 4160 5 4
v 4161 4 2
v 4162 3 2
v 4163 2 0
v 4164 3 2
v 4165 15 7
v 4166 4 3
v 4167 7 3
v 4168 1 1
v 4169 3 1
v 4170 17 8
v 4171 1 0
v 4172 11 5
v 4173 2 0
v 4174 6 4
v 4175 7 4
v 4176 3 1
v 4178 1 0
v 4179 9 3
v 4180 4 3
v 4181 6 2
v 4182 20 7
v 4183 9 4
v 4184 2 1
v 4185 2 1
v 4186 5 4
v 4187 8 3
v 4188 1 0
v 4189 6 2
v 4190 1 1
v 4191 1 0
v 4192 14 6
v 4193 4 1
v 4194 6 3
v 4195 2 1
v 4196 17 7
v 4197 4 2
v 4199 2 1
v 4201 12 4
v 4202 13 5
v 4203 10 8
v 4204 13 5
v 4205 9 5
v 4206 5 0
v 4207 2 2
v 4208 21 7
v 4209 1 1
v 4215 20 7
v 4216 14 4
v 4217 8 3
v 4219 20 12
v 4222 1 0
v 4224 13 4
v 4225 1 1
v 4227 14 7
v 4231 14 7
v 4232 1 0
v 4233 2 0
v 4234 3 2
v 4241 9 2
v 4251 8 3
v 4370 22 13
v 4371 42 27
v 4372 9 5
v 4373 58 29
v 4374 10 0
v 4375 8 5
v 4377 48 26
v 4378 43 18
v 4379 7 5
v 4380 24 14
v 4381 22 11
v 4382 31 17
v 4383 28 20
v 4384 1 1
v 4385 21 8
v 4386 9 4
v 4387 8 4
v 4388 26 10
v 4389 6 2
v 4390 14 7
v 4391 16 9
v 4392 2 0
v 4393 9 5
v 4394 6 6
v 4395 10 6
v 4397 1 1
v 4398 12 8
v 4399 13 3
v 4400 31 16
v 4401 41 18
v 4402 9 8
v 4403 31 20
v 4404 8 5
v 4405 37 19
v 4406 69 40
v 4407 48 31
v 4408 17 8
v 4409 2 2
v 4410 13 6
v 4411 4 3
v 4412 19 10
v 4413 2 1
v 4414 32 16
v 4415 2 1
v 4416 10 7
v 4417 14 7
v 4418 2 0
v 4419 12 6
v 4420 1 1
v 4421 51 24
v 4422 9 9
v 4423 31 19
v 4424 8 4
v 4425 2 0
v 4426 22 11
v 4427 10 8
v 4428 24 13
v 4429 6 2
v 4430 14 5
v 4431 21 14
v 4432 22 10
v 4433 1 0
v 4434 5 2
v 4435 19 11
v 4436 23 11
v 4437 53 39
v 4438 89 44
v 4439 21 11
v 4440 10 6
v 4441 6 2
v 4442 40 21
v 4443 19 9
v 4444 3 3
v 4445 11 5
v 4446 3 2
v 4447 8 2
v 4448 46 25
v 4449 8 6
v 4450 29 17
v 4451 5 5
v 4452 43 20
v 4453 18 12
v 4454 4 1
v 4455 2 1
v 4456 9 6
v 4457 40 16
v 4458 88 49
v 4459 69 37
v 4460 51 33
v 4461 33 24
v 4462 18 8
v 4463 8 5
v 4464 77 39
v 4466 4 2
v 4471 69 45
v 4472 45 19
v 4473 13 8
v 4475 98 58
v 4478 23 18
v 4480 57 33
v 4481 13 7
v 4483 47 24
v 4487 44 22
v 4488 11 7
v 4489 10 3
v 4490 6 0
v 4497 40 22
v 4507 33 16
v 4627 62 34
v 4628 20 9
v 4629 87 48
v 4630 7 2
v 4631 11 6
v 4633 77 50
v 4634 49 25
v 4635 19 10
v 4636 30 13
v 4637 20 9
v 4638 35 17
v 4639 44 25
v 4640 3 2
v 4641 25 10
v 4642 14 9
v 4643 12 10
v 4644 39 18
v 4645 6 3
v 4646 6 2
v 4647 18 13
v 4648 2 1
v 4649 10 7
v 4650 7 3
v 4651 13 8
v 4652 4 1
v 4653 2 1
v 4654 23 16
v 4655 29 10
v 4656 70 39
v 4657 67 38
v 4658 13 7
v 4659 62 27
v 4660 4 1
v 4661 37 17
v 4662 71 37
v 4663 147 88
v 4664 22 14
v 4665 3 0
v 4666 14 6
v 4667 11 6
v 4668 45 24
v 4669 4 1
v 4670 51 29
v 4671 7 5
v 4672 13 7
v 4673 10 6
v 4674 3 1
v 4675 17 8
v 4676 9 5
v 4677 47 20
v 4678 32 17
v 4679 62 37
v 4680 12 9
v 4681 10 5
v 4682 45 22
v 4683 21 11
v 4684 37 21
v 4685 19 9
v 4686 52 26
v 4687 33 18
v 4688 22 11
v 4689 7 4
v 4690 2 2
v 4691 17 6
v 4692 24 13
v 4693 81 46
v 4694 101 47
v 4695 57 27
v 4696 27 13
v 4697 2 1
v 4698 31 10
v 4699 19 11
v 4700 5 3
v 4701 26 12
v 4702 9 3
v 4703 13 5
v 4704 67 38
v 4705 13 6
v 4706 36 18
v 4707 8 7
v 4708 71 47
v 4709 31 17
v 4710 1 1
v 4711 6 2
v 4712 12 7
v 4713 58 33
v 4714 96 52
v 4715 78 39
v 4716 44 24
v 4717 38 20
v 4718 19 10
v 4719 15 7
v 4720 62 27
v 4721 2 2
v 4722 10 6
v 4727 87 49
v 4728 48 23
v 4729 48 23
v 4731 107 62
v 4734 20 12
v 4736 51 28
v 4737 27 11
v 4739 68 44
v 4743 50 26
v 4744 13 7
v 4745 13 8
v 4746 9 4
v 4753 26 14
v 4763 29 14
v 4884 18 7
v 4885 100 41
v 4886 8 4
v 4887 6 4
v 4889 82 40
v 4890 47 28
v 4891 16 8
v 4892 35 17
v 4893 33 17
v 4894 36 13
v 4895 33 14
v 4896 3 2
v 4897 52 22
v 4898 12 5
v 4899 9 2
v 4900 58 22
v 4901 10 4
v 4902 13 3
v 4903 18 14
v 4904 4 2
v 4905 19 8
v 4906 4 4
v 4907 5 3
v 4908 3 2
v 4909 3 0
v 4910 29 16
v 4911 14 7
v 4912 52 24
v 4913 49 23
v 4914 26 15
v 4915 36 16
v 4916 3 2
v 4917 47 25
v 4918 72 31
v 4919 83 44
v 4920 12 6
v 4921 6 4
v 4922 11 6
v 4923 8 3
v 4924 49 23
v 4925 7 3
v 4926 42 12
v 4927 6 3
v 4928 12 6
v 4929 6 3
v 4930 2 1
v 4931 21 6
v 4932 7 1
v 4933 61 23
v 4934 25 7
v 4935 60 28
v 4936 8 6
v 4937 8 4
v 4938 58 30
v 4939 13 4
v 4940 43 20
v 4941 7 2
v 4942 13 5
v 4943 23 14
v 4944 30 14
v 4945 7 4
v 4947 19 5
v 4948 19 11
v 4949 64 32
v 4950 104 47
v 4951 36 22
v 4952 20 9
v 4953 1 1
v 4954 48 17
v 4955 20 8
v 4956 2 2
v 4957 33 12
v 4958 12 8
v 4959 5 2
v 4960 55 27
v 4961 12 8
v 4962 34 12
v 4963 9 7
v 4964 68 37
v 4965 37 18
v 4966 2 2
v 4967 5 2
v 4968 12 3
v 4969 66 32
v 4970 102 37
v 4971 48 22
v 4972 60 37
v 4973 36 18
v 4974 20 8
v 4975 19 12
v 4976 88 34
v 4977 7 4
v 4978 6 3
v 4983 98 38
v 4984 70 40
v 4985 40 22
v 4987 132 64
v 4990 31 16
v 4992 67 35
v 4993 15 7
v 4995 62 33
v 4999 56 28
v 5000 13 5
v 5001 14 5
v 5002 6 1
v 5009 46 23
v 5019 39 16
v 5141 28 8
v 5142 11 6
v 5143 8 2
v 5145 53 24
v 5146 47 21
v 5147 16 8
v 5148 21 7
v 5149 13 4
v 5150 15 6
v 5151 19 8
v 5152 1 0
v 5153 8 2
v 5154 2 1
v 5155 7 2
v 5156 22 8
v 5157 7 6
v 5158 6 2
v 5159 6 4
v 5160 4 3
v 5161 14 5
v 5162 2 0
v 5163 10 8
v 5164 5 2
v 5166 8 4
v 5167 10 6
v 5168 30 17
v 5169 24 10
v 5170 7 6
v 5171 18 6
v 5172 4 0
v 5173 23 7
v 5174 38 17
v 5175 21 6
v 5176 12 7
v 5178 4 1
v 5179 6 4
v 5180 28 12
v 5181 1 0
v 5182 23 9
v 5183 3 1
v 5184 14 5
v 5185 1 1
v 5187 13 7
v 5188 1 1
v 5189 45 23
v 5190 16 10
v 5191 28 14
v 5192 1 0
v 5193 2 1
v 5194 38 15
v 5195 9 3
v 5196 11 3
v 5197 5 2
v 5198 7 3
v 5199 11 5
v 5200 8 5
v 5201 2 0
v 5202 2 0
v 5203 15 7
v 5204 18 5
v 5205 38 18
v 5206 51 18
v 5207 32 16
v 5208 10 4
v 5209 2 0
v 5210 16 8
v 5211 9 2
v 5213 17 6
v 5214 4 1
v 5215 2 0
v 5216 16 7
v 5217 14 4
v 5218 19 12
v 5219 5 2
v 5220 31 12
v 5221 17 12
v 5222 1 0
v 5223 3 1
v 5224 6 4
v 5225 17 7
v 5226 34 23
v 5227 19 7
v 5228 27 13
v 5229 19 9
v 5230 15 9
v 5231 18 8
v 5232 39 16
v 5233 5 0
v 5234 3 1
v 5239 35 12
v 5240 23 8
v 5241 17 11
v 5243 49 21
v 5246 12 7
v 5248 29 15
v 5249 14 10
v 5251 22 13
v 5255 33 16
v 5256 9 2
v 5257 6 3
v 5258 5 3
v 5265 8 3
v 5275 10 3
v 5398 20 9
v 5399 24 11
v 5401 140 73
v 5402 83 47
v 5403 19 8
v 5404 91 47
v 5405 45 22
v 5406 62 25
v 5407 64 36
v 5408 9 3
v 5409 40 21
v 5410 19 11
v 5411 15 8
v 5412 92 41
v 5413 11 5
v 5414 31 12
v 5415 37 21
v 5416 2 1
v 5417 25 11
v 5418 14 7
v 5419 31 19
v 5420 9 6
v 5421 9 5
v 5422 33 14
v 5423 52 27
v 5424 99 51
v 5425 92 49
v 5426 27 12
v 5427 93 43
v 5428 8 3
v 5429 76 32
v 5430 168 90
v 5431 115 62
v 5432 39 29
v 5433 3 3
v 5434 27 14
v 5435 17 9
v 5436 72 38
v 5437 2 1
v 5438 94 39
v 5439 10 2
v 5440 28 16
v 5441 22 8
v 5442 6 0
v 5443 29 13
v 5444 11 6
v 5445 98 59
v 5446 33 17
v 5447 92 51
v 5448 19 11
v 5449 13 7
v 5450 88 52
v 5451 31 19
v 5452 56 29
v 5453 18 5
v 5454 35 16
v 5455 48 23
v 5456 49 24
v 5457 4 4
v 5458 9 5
v 5459 36 18
v 5460 41 19
v 5461 126 69
v 5462 212 113
v 5463 77 47
v 5464 31 15
v 5465 11 3
v 5466 72 33
v 5467 35 18
v 5468 7 4
v 5469 51 23
v 5470 7 5
v 5471 12 3
v 5472 133 74
v 5473 25 16
v 5474 57 28
v 5475 5 4
v 5476 107 62
v 5477 39 17
v 5478 4 2
v 5479 7 4
v 5480 20 8
v 5481 80 45
v 5482 137 69
v 5483 102 53
v 5484 100 67
v 5485 54 33
v 5486 48 22
v 5487 22 17
v 5488 155 57
v 5489 11 6
v 5490 12 9
v 5495 189 93
v 5496 90 46
v 5497 61 41
v 5499 206 121
v 5502 52 27
v 5504 113 70
v 5505 44 22
v 5507 100 49
v 5511 102 57
v 5512 16 11
v 5513 25 14
v 5514 18 10
v 5521 74 45
v 5531 52 22
v 5655 5 3
v 5657 14 5
v 5658 19 12
v 5659 7 2
v 5660 7 5
v 5661 14 8
v 5662 4 1
v 5663 4 3
v 5664 2 0
v 5665 4 1
v 5666 4 1
v 5667 10 4
v 5668 13 3
v 5669 13 4
v 5670 4 1
v 5671 6 3
v 5673 4 1
v 5674 1 0
v 5675 5 1
v 5676 2 1
v 5677 3 2
v 5678 5 3
v 5679 4 3
v 5680 15 9
v 5681 14 8
v 5682 7 3
v 5683 7 2
v 5684 3 2
v 5685 9 4
v 5686 24 12
v 5687 12 6
v 5688 1 0
v 5689 1 0
v 5690 4 2
v 5691 4 4
v 5692 9 7
v 5693 3 2
v 5694 13 6
v 5696 2 1
v 5697 3 3
v 5698 1 1
v 5699 7 2
v 5700 1 1
v 5701 17 8
v 5702 7 2
v 5703 22 10
v 5704 1 1
v 5705 2 2
v 5706 17 8
v 5707 8 6
v 5708 8 7
v 5709 3 1
v 5710 8 3
v 5711 5 1
v 5712 8 4
v 5713 1 1
v 5714 2 1
v 5715 10 3
v 5716 14 9
v 5717 20 10
v 5718 33 15
v 5719 10 6
v 5720 4 2
v 5722 11 1
v 5723 12 4
v 5724 1 1
v 5725 11 9
v 5726 1 0
v 5727 4 0
v 5728 13 7
v 5729 3 2
v 5730 9 7
v 5731 6 3
v 5732 10 4
v 5733 12 9
v 5735 2 2
v 5736 5 3
v 5737 7 4
v 5738 9 3
v 5739 13 7
v 5740 22 15
v 5741 9 6
v 5742 9 4
v 5743 1 1
v 5744 21 10
v 5745 1 0
v 5746 5 3
v 5751 19 12
v 5752 10 2
v 5753 15 5
v 5755 24 16
v 5758 7 3
v 5760 21 10
v 5761 8 3
v 5763 7 4
v 5767 11 5
v 5768 7 4
v 5769 6 1
v 5770 7 4
v 5777 4 1
v 5787 3 2
v 5913 21 12
v 5914 20 15
v 5915 4 4
v 5916 8 1
v 5917 8 4
v 5918 12 6
v 5919 12 9
v 5920 4 1
v 5921 10 6
v 5922 4 1
v 5923 4 2
v 5924 14 6
v 5925 7 4
v 5926 5 3
v 5927 7 5
v 5928 2 0
v 5929 3 2
v 5930 1 1
v 5931 2 1
v 5932 1 0
v 5933 2 1
v 5934 6 4
v 5935 5 3
v 5936 13 7
v 5937 9 4
v 5938 4 2
v 5939 11 5
v 5940 1 0
v 5941 14 6
v 5942 23 9
v 5943 21 9
v 5944 6 5
v 5946 1 0
v 5947 1 0
v 5948 16 9
v 5949 2 2
v 5950 11 4
v 5952 5 2
v 5953 1 1
v 5955 11 7
v 5957 13 3
v 5958 5 4
v 5959 9 7
v 5960 2 2
v 5961 5 1
v 5962 29 15
v 5963 4 2
v 5964 6 2
v 5965 4 1
v 5966 5 2
v 5967 7 3
v 5968 4 2
v 5969 2 2
v 5971 2 1
v 5972 7 1
v 5973 18 8
v 5974 37 14
v 5975 15 9
v 5976 6 4
v 5978 14 8
v 5979 7 3
v 5980 1 0
v 5981 11 4
v 5982 3 3
v 5983 2 1
v 5984 18 11
v 5985 3 1
v 5986 15 9
v 5987 1 1
v 5988 18 13
v 5989 8 6
v 5991 1 0
v 5992 4 1
v 5993 18 11
v 5994 17 7
v 5995 19 10
v 5996 20 10
v 5997 5 2
v 5998 8 5
v 5999 4 3
v 6000 18 5
v 6002 5 0
v 6007 20 8
v 6008 10 7
v 6009 11 7
v 6011 25 9
v 6014 3 2
v 6016 25 16
v 6017 4 3
v 6019 19 6
v 6023 14 9
v 6024 3 2
v 6025 2 2
v 6026 5 2
v 6033 11 5
v 6043 7 1
v 6426 80 52
v 6427 22 10
v 6428 55 28
v 6429 42 17
v 6430 37 21
v 6431 47 26
v 6432 9 5
v 6433 39 16
v 6434 16 6
v 6435 28 17
v 6436 78 39
v 6437 15 5
v 6438 26 12
v 6439 24 16
v 6440 5 3
v 6441 18 13
v 6442 10 5
v 6443 29 14
v 6444 11 4
v 6445 5 2
v 6446 44 24
v 6447 19 12
v 6448 69 32
v 6449 123 63
v 6450 27 15
v 6451 77 41
v 6452 9 5
v 6453 72 41
v 6454 132 73
v 6455 83 41
v 6456 32 13
v 6457 2 0
v 6458 23 9
v 6459 11 6
v 6460 57 29
v 6461 10 3
v 6462 56 16
v 6463 10 3
v 6464 33 18
v 6465 13 9
v 6466 2 0
v 6467 46 23
v 6468 9 5
v 6469 74 31
v 6470 29 16
v 6471 71 34
v 6472 19 11
v 6473 10 4
v 6474 116 51
v 6475 19 9
v 6476 64 28
v 6477 29 11
v 6478 22 9
v 6479 39 24
v 6480 33 16
v 6481 1 1
v 6482 4 2
v 6483 49 16
v 6484 54 20
v 6485 135 78
v 6486 175 80
v 6487 61 34
v 6488 21 10
v 6489 5 2
v 6490 67 23
v 6491 30 12
v 6492 7 3
v 6493 24 9
v 6494 8 5
v 6495 8 2
v 6496 99 53
v 6497 28 14
v 6498 38 18
v 6499 11 6
v 6500 99 49
v 6501 50 25
v 6502 7 4
v 6503 8 3
v 6504 13 7
v 6505 90 47
v 6506 119 46
v 6507 117 55
v 6508 118 67
v 6509 54 28
v 6510 55 33
v 6511 19 8
v 6512 147 56
v 6513 17 6
v 6514 5 3
v 6519 146 58
v 6520 97 46
v 6521 47 27
v 6523 189 97
v 6526 34 18
v 6528 92 51
v 6529 45 24
v 6531 74 44
v 6535 104 51
v 6536 15 6
v 6537 17 11
v 6538 11 9
v 6545 44 22
v 6555 34 17
v 6683 35 18
v 6684 41 18
v 6685 36 14
v 6686 42 26
v 6687 50 23
v 6688 7 3
v 6689 28 11
v 6690 14 5
v 6691 16 8
v 6692 47 22
v 6693 17 11
v 6694 18 8
v 6695 29 16
v 6696 4 1
v 6697 11 4
v 6698 8 7
v 6699 20 7
v 6700 6 2
v 6701 6 3
v 6702 24 12
v 6703 27 11
v 6704 60 21
v 6705 59 29
v 6706 15 4
v 6707 46 20
v 6708 11 5
v 6709 43 21
v 6710 99 49
v 6711 70 25
v 6712 14 7
v 6713 9 2
v 6714 12 6
v 6715 6 3
v 6716 50 20
v 6717 1 0
v 6718 46 14
v 6719 14 6
v 6720 15 9
v 6721 7 2
v 6722 3 2
v 6723 27 12
v 6724 11 8
v 6725 49 23
v 6726 25 11
v 6727 63 29
v 6728 10 4
v 6729 8 4
v 6730 81 23
v 6731 26 7
v 6732 33 14
v 6733 16 8
v 6734 28 11
v 6735 25 13
v 6736 20 9
v 6737 5 4
v 6738 3 2
v 6739 40 13
v 6740 64 26
v 6741 71 30
v 6742 164 67
v 6743 56 30
v 6744 23 7
v 6745 7 4
v 6746 41 12
v 6747 15 2
v 6748 4 1
v 6749 33 14
v 6750 7 4
v 6751 8 3
v 6752 72 32
v 6753 19 6
v 6754 29 14
v 6755 9 5
v 6756 83 36
v 6757 29 17
v 6758 4 4
v 6759 5 1
v 6760 12 3
v 6761 55 29
v 6762 80 36
v 6763 55 29
v 6764 69 34
v 6765 43 14
v 6766 32 17
v 6767 18 6
v 6768 84 39
v 6769 7 3
v 6770 15 7
v 6775 115 45
v 6776 62 25
v 6777 44 21
v 6779 128 57
v 6782 28 14
v 6784 84 42
v 6785 30 18
v 6787 61 31
v 6791 87 36
v 6792 14 7
v 6793 16 7
v 6794 24 13
v 6801 41 18
v 6811 30 4
v 6940 15 9
v 6941 23 8
v 6942 15 8
v 6943 20 11
v 6944 3 1
v 6945 3 1
v 6946 3 2
v 6947 5 2
v 6948 22 13
v 6949 8 2
v 6950 10 6
v 6951 11 6
v 6952 1 0
v 6953 6 1
v 6954 3 0
v 6955 14 6
v 6956 5 3
v 6957 1 0
v 6958 7 4
v 6959 7 4
v 6960 21 10
v 6961 15 6
v 6962 9 5
v 6963 12 6
v 6964 6 1
v 6965 27 9
v 6966 37 21
v 6967 19 7
v 6970 1 0
v 6971 1 1
v 6972 18 8
v 6974 12 6
v 6975 4 2
v 6976 9 7
v 6977 4 2
v 6979 6 3
v 6980 2 0
v 6981 22 9
v 6982 10 4
v 6983 25 11
v 6984 1 0
v 6985 2 1
v 6986 33 16
v 6987 12 4
v 6988 12 3
v 6989 6 2
v 6990 5 3
v 6991 8 4
v 6992 7 3
v 6993 4 1
v 6994 1 0
v 6995 16 10
v 6996 12 8
v 6997 32 17
v 6998 56 21
v 6999 15 12
v 7000 11 3
v 7001 1 0
v 7002 10 5
v 7003 9 4
v 7004 1 0
v 7005 7 3
v 7006 3 2
v 7007 5 2
v 7008 14 8
v 7009 2 1
v 7010 9 1
v 7011 5 4
v 7012 28 11
v 7013 14 8
v 7014 1 0
v 7015 2 0
v 7016 1 1
v 7017 17 10
v 7018 29 15
v 7019 22 9
v 7020 27 14
v 7021 15 7
v 7022 9 6
v 7023 4 4
v 7024 22 7
v 7025 4 2
v 7026 7 3
v 7031 24 11
v 7032 22 9
v 7033 22 10
v 7035 34 16
v 7038 9 5
v 7040 27 20
v 7041 9 3
v 7043 24 9
v 7047 38 15
v 7048 7 3
v 7049 7 3
v 7050 7 3
v 7057 13 5
v 7067 11 7
v 7197 37 20
v 7198 17 9
v 7199 37 24
v 7200 5 2
v 7201 16 6
v 7202 7 4
v 7203 5 3
v 7204 49 22
v 7205 6 3
v 7206 18 9
v 7207 26 15
v 7208 4 1
v 7209 9 2
v 7210 6 5
v 7211 11 4
v 7212 4 3
v 7213 4 3
v 7214 19 12
v 7215 18 8
v 7216 41 18
v 7217 40 18
v 7218 7 1
v 7219 30 14
v 7220 8 5
v 7221 38 19
v 7222 97 51
v 7223 62 26
v 7224 10 5
v 7225 2 2
v 7226 13 8
v 7227 3 2
v 7228 46 26
v 7229 3 2
v 7230 65 25
v 7231 8 4
v 7232 19 10
v 7233 7 4
v 7234 1 1
v 7235 15 6
v 7236 6 3
v 7237 50 22
v 7238 10 7
v 7239 52 23
v 7240 4 3
v 7241 2 1
v 7242 51 25
v 7243 15 8
v 7244 29 16
v 7245 11 3
v 7246 24 9
v 7247 17 8
v 7248 34 21
v 7249 5 2
v 7250 4 3
v 7251 28 12
v 7252 24 13
v 7253 70 35
v 7254 118 49
v 7255 45 22
v 7256 24 13
v 7257 4 3
v 7258 36 19
v 7259 24 13
v 7260 6 4
v 7261 14 8
v 7262 6 4
v 7263 11 4
v 7264 62 32
v 7265 14 8
v 7266 28 9
v 7267 3 2
v 7268 57 25
v 7269 26 16
v 7270 2 1
v 7271 6 4
v 7272 4 3
v 7273 52 22
v 7274 94 50
v 7275 86 34
v 7276 72 50
v 7277 74 29
v 7278 25 12
v 7279 17 13
v 7280 55 24
v 7281 4 1
v 7282 3 2
v 7287 75 32
v 7288 41 16
v 7289 36 20
v 7291 121 61
v 7294 23 16
v 7296 63 34
v 7297 15 8
v 7299 50 27
v 7303 67 35
v 7304 8 2
v 7305 21 11
v 7306 16 3
v 7313 16 5
v 7323 36 11
v 7454 23 18
v 7455 14 8
v 7456 4 2
v 7457 12 6
v 7458 6 3
v 7459 9 6
v 7460 27 11
v 7461 5 1
v 7462 10 5
v 7463 10 4
v 7464 5 5
v 7465 5 2
v 7466 2 1
v 7467 9 4
v 7468 4 2
v 7469 4 3
v 7470 15 9
v 7471 21 7
v 7472 35 12
v 7473 35 17
v 7474 7 6
v 7475 22 11
v 7476 2 2
v 7477 27 11
v 7478 43 27
v 7479 49 26
v 7480 8 4
v 7481 1 0
v 7482 7 1
v 7483 4 1
v 7484 31 11
v 7485 1 1
v 7486 28 16
v 7487 3 1
v 7488 13 6
v 7489 9 7
v 7490 5 3
v 7491 17 7
v 7492 6 3
v 7493 21 8
v 7494 25 13
v 7495 33 19
v 7496 7 6
v 7497 8 3
v 7498 31 18
v 7499 15 9
v 7500 24 15
v 7501 17 9
v 7502 12 7
v 7503 15 7
v 7504 16 7
v 7505 4 2
v 7506 2 2
v 7507 14 7
v 7508 20 15
v 7509 38 21
v 7510 74 43
v 7511 25 13
v 7512 14 6
v 7513 1 1
v 7514 30 14
v 7515 12 5
v 7516 3 1
v 7517 34 17
v 7518 4 4
v 7519 2 0
v 7520 41 20
v 7521 11 9
v 7522 26 12
v 7523 8 5
v 7524 45 20
v 7525 29 18
v 7527 2 0
v 7528 5 2
v 7529 33 18
v 7530 58 26
v 7531 44 26
v 7532 54 32
v 7533 29 17
v 7534 22 7
v 7535 5 1
v 7536 63 23
v 7537 5 2
v 7538 7 2
v 7543 69 31
v 7544 40 18
v 7545 24 12
v 7547 62 31
v 7550 13 8
v 7552 42 21
v 7553 16 6
v 7555 44 25
v 7559 44 32
v 7560 9 6
v 7561 9 4
v 7562 6 3
v 7569 33 20
v 7579 21 11
v 7711 24 15
v 7712 4 1
v 7713 20 8
v 7714 2 2
v 7715 8 3
v 7716 43 20
v 7717 13 10
v 7718 17 7
v 7719 14 9
v 7720 3 2
v 7721 4 3
v 7722 6 3
v 7723 13 8
v 7724 1 0
v 7725 1 1
v 7726 15 11
v 7727 10 4
v 7728 32 15
v 7729 55 30
v 7730 15 7
v 7731 28 15
v 7732 4 4
v 7733 30 11
v 7734 51 25
v 7735 35 17
v 7736 15 6
v 7737 1 0
v 7738 12 7
v 7739 6 4
v 7740 29 14
v 7741 1 0
v 7742 18 7
v 7743 4 3
v 7744 6 4
v 7745 4 2
v 7746 3 2
v 7747 9 5
v 7748 6 2
v 7749 31 16
v 7750 18 12
v 7751 35 19
v 7752 8 1
v 7753 3 3
v 7754 42 21
v 7755 13 6
v 7756 26 12
v 7757 16 10
v 7758 20 10
v 7759 6 3
v 7760 26 14
v 7761 1 0
v 7762 1 0
v 7763 9 4
v 7764 20 7
v 7765 49 31
v 7766 68 34
v 7767 34 17
v 7768 17 8
v 7769 7 2
v 7770 21 6
v 7771 8 5
v 7772 2 2
v 7773 22 12
v 7774 7 4
v 7775 3 2
v 7776 38 19
v 7777 9 6
v 7778 34 20
v 7779 3 3
v 7780 40 23
v 7781 20 13
v 7782 1 1
v 7783 4 1
v 7784 13 4
v 7785 60 30
v 7786 63 29
v 7787 46 28
v 7788 39 24
v 7789 25 14
v 7790 18 12
v 7791 9 3
v 7792 67 33
v 7793 6 1
v 7794 3 3
v 7799 68 32
v 7800 40 23
v 7801 22 13
v 7803 86 48
v 7806 18 7
v 7808 29 16
v 7809 12 9
v 7811 44 25
v 7815 44 23
v 7816 6 4
v 7817 7 5
v 7818 8 4
v 7825 25 11
v 7835 28 14
v 7968 6 4
v 7969 16 4
v 7970 7 4
v 7971 9 5
v 7972 43 19
v 7973 8 6
v 7974 13 5
v 7975 29 17
v 7976 2 1
v 7977 14 9
v 7978 6 4
v 7979 9 2
v 7980 5 4
v 7981 3 3
v 7982 24 12
v 7983 12 3
v 7984 44 22
v 7985 46 14
v 7986 8 3
v 7987 31 11
v 7988 5 2
v 7989 16 4
v 7990 70 36
v 7991 39 20
v 7992 19 6
v 7993 4 1
v 7994 6 4
v 7995 6 2
v 7996 36 17
v 7997 5 2
v 7998 39 14
v 7999 7 3
v 8000 11 4
v 8001 9 5
v 8002 3 0
v 8003 25 9
v 8004 3 1
v 8005 33 12
v 8006 17 11
v 8007 37 20
v 8008 5 3
v 8009 3 1
v 8010 46 18
v 8011 13 10
v 8012 30 12
v 8013 13 5
v 8014 19 6
v 8015 11 7
v 8016 20 4
v 8017 3 1
v 8018 5 2
v 8019 20 7
v 8020 39 15
v 8021 63 28
v 8022 103 46
v 8023 37 19
v 8024 13 7
v 8025 1 1
v 8026 21 10
v 8027 16 9
v 8028 7 1
v 8029 26 11
v 8030 5 3
v 8031 8 2
v 8032 47 21
v 8033 14 10
v 8034 12 8
v 8035 6 1
v 8036 63 27
v 8037 34 24
v 8038 1 0
v 8039 5 1
v 8040 9 6
v 8041 52 14
v 8042 58 24
v 8043 39 15
v 8044 73 42
v 8045 15 8
v 8046 31 17
v 8047 16 6
v 8048 64 17
v 8049 6 2
v 8050 7 1
v 8055 76 32
v 8056 26 11
v 8057 31 13
v 8059 92 41
v 8062 24 12
v 8064 43 18
v 8065 16 8
v 8067 29 16
v 8071 44 21
v 8072 5 2
v 8073 21 11
v 8074 1 1
v 8081 21 9
v 8091 21 8
v 8226 2 1
v 8228 2 0
v 8229 2 2
v 8230 1 1
v 8231 2 2
v 8233 2 1
v 8234 1 1
v 8237 2 1
v 8238 1 1
v 8239 1 0
v 8240 5 4
v 8241 7 3
v 8243 2 1
v 8245 4 2
v 8246 9 4
v 8247 3 1
v 8248 4 2
v 8252 2 1
v 8254 1 0
v 8255 1 1
v 8259 2 1
v 8260 2 0
v 8261 7 4
v 8262 3 2
v 8263 5 3
v 8264 2 0
v 8265 3 3
v 8266 8 5
v 8267 1 1
v 8268 2 2
v 8270 1 1
v 8271 1 0
v 8272 1 0
v 8275 2 1
v 8276 1 1
v 8277 7 4
v 8278 8 5
v 8279 3 1
v 8280 3 0
v 8282 4 1
v 8283 2 1
v 8284 3 2
v 8285 3 0
v 8286 3 2
v 8287 1 1
v 8288 7 1
v 8289 2 1
v 8290 2 2
v 8291 1 0
v 8292 5 3
v 8293 7 3
v 8296 1 1
v 8297 2 1
v 8298 6 0
v 8299 3 2
v 8300 5 0
v 8301 2 0
v 8302 5 2
v 8303 5 2
v 8304 4 2
v 8305 1 0
v 8306 1 1
v 8311 9 3
v 8312 2 2
v 8313 3 1
v 8315 8 2
v 8318 1 1
v 8320 2 1
v 8321 4 3
v 8323 7 4
v 8327 5 1
v 8328 1 1
v 8329 1 0
v 8330 1 0
v 8337 1 0
v 8347 3 1
v 8482 3 3
v 8483 7 4
v 8484 34 20
v 8485 22 13
v 8486 17 7
v 8487 10 7
v 8488 3 1
v 8489 6 2
v 8490 5 4
v 8491 6 5
v 8492 1 1
v 8493 3 1
v 8494 8 5
v 8495 8 8
v 8496 31 18
v 8497 36 22
v 8498 12 3
v 8499 24 17
v 8500 4 3
v 8501 8 5
v 8502 44 26
v 8503 41 27
v 8504 4 2
v 8506 9 6
v 8507 6 3
v 8508 22 15
v 8509 2 1
v 8510 20 9
v 8511 1 1
v 8512 4 2
v 8513 7 7
v 8514 2 1
v 8515 9 6
v 8516 3 3
v 8517 39 22
v 8518 10 6
v 8519 31 18
v 8520 33 20
v 8521 6 4
v 8522 34 20
v 8523 12 9
v 8524 25 16
v 8525 8 5
v 8526 15 6
v 8527 5 5
v 8528 26 12
v 8529 3 2
v 8530 1 0
v 8531 14 8
v 8532 12 7
v 8533 51 28
v 8534 56 34
v 8535 23 14
v 8536 9 5
v 8537 11 5
v 8538 25 12
v 8539 14 11
v 8540 3 3
v 8541 12 8
v 8542 5 3
v 8543 3 2
v 8544 28 14
v 8545 6 5
v 8546 21 14
v 8547 12 8
v 8548 41 28
v 8549 20 15
v 8551 3 2
v 8552 10 6
v 8553 42 27
v 8554 43 26
v 8555 31 23
v 8556 32 23
v 8557 16 11
v 8558 11 5
v 8559 8 5
v 8560 35 21
v 8561 2 2
v 8562 6 4
v 8567 60 36
v 8568 28 13
v 8569 17 9
v 8571 84 47
v 8574 14 7
v 8576 25 14
v 8577 8 5
v 8579 29 20
v 8583 48 29
v 8584 6 5
v 8585 9 5
v 8586 4 2
v 8593 32 19
v 8603 17 12
v 8739 1 0
v 8740 22 10
v 8741 2 1
v 8742 6 0
v 8743 1 1
v 8744 2 2
v 8745 1 0
v 8746 2 1
v 8747 3 2
v 8748 4 3
v 8750 3 1
v 8751 6 2
v 8752 7 4
v 8753 19 10
v 8754 3 3
v 8755 10 6
v 8756 1 0
v 8757 6 2
v 8758 11 4
v 8759 12 8
v 8760 2 1
v 8761 1 0
v 8762 3 1
v 8763 3 3
v 8764 11 6
v 8765 1 0
v 8766 10 3
v 8767 2 1
v 8768 9 7
v 8769 1 0
v 8770 1 1
v 8771 15 7
v 8772 3 1
v 8773 7 3
v 8774 2 2
v 8775 10 3
v 8776 1 0
v 8777 2 1
v 8778 14 6
v 8779 7 4
v 8780 8 4
v 8782 6 2
v 8783 4 3
v 8784 4 1
v 8786 2 1
v 8787 6 2
v 8788 4 1
v 8789 16 6
v 8790 13 6
v 8791 7 5
v 8792 3 2
v 8794 6 1
v 8795 3 1
v 8796 2 2
v 8797 4 2
v 8798 2 1
v 8799 2 1
v 8800 14 6
v 8801 4 1
v 8802 8 3
v 8803 2 1
v 8804 19 8
v 8805 7 3
v 8807 4 2
v 8808 5 3
v 8809 9 4
v 8810 14 9
v 8811 11 5
v 8812 15 10
v 8813 8 5
v 8814 7 7
v 8815 4 1
v 8816 11 5
v 8817 1 0
v 8818 2 1
v 8823 14 7
v 8824 5 5
v 8825 7 3
v 8827 28 14
v 8830 4 3
v 8832 19 6
v 8833 4 1
v 8835 12 4
v 8839 9 5
v 8840 6 5
v 8841 10 2
v 8842 2 1
v 8849 8 5
v 8859 8 3
v 8996 19 11
v 8997 3 2
v 8998 4 4
v 8999 3 2
v 9000 2 1
v 9001 6 3
v 9002 3 0
v 9003 6 1
v 9004 3 2
v 9005 1 1
v 9006 6 5
v 9007 19 10
v 9008 19 9
v 9009 8 3
v 9010 1 0
v 9011 8 2
v 9012 3 1
v 9013 10 4
v 9014 21 10
v 9015 7 2
v 9016 3 2
v 9017 1 1
v 9018 1 0
v 9019 3 1
v 9020 6 3
v 9022 8 1
v 9023 1 0
v 9024 4 3
v 9025 1 1
v 9026 1 0
v 9027 8 5
v 9028 3 2
v 9029 14 5
v 9030 7 3
v 9031 6 1
v 9033 2 2
v 9034 13 8
v 9035 8 5
v 9036 23 9
v 9037 2 0
v 9038 5 0
v 9039 6 2
v 9040 5 2
v 9041 1 0
v 9042 1 0
v 9043 9 3
v 9044 12 4
v 9045 28 12
v 9046 31 14
v 9047 8 3
v 9048 1 0
v 9050 4 3
v 9051 6 2
v 9052 1 1
v 9053 3 1
v 9054 5 2
v 9055 4 3
v 9056 12 9
v 9057 4 2
v 9058 6 3
v 9060 18 5
v 9061 13 7
v 9064 1 1
v 9065 11 6
v 9066 8 1
v 9067 5 2
v 9068 20 11
v 9069 6 4
v 9070 8 3
v 9071 6 3
v 9072 18 7
v 9073 1 0
v 9074 1 1
v 9079 17 7
v 9080 16 6
v 9081 19 8
v 9083 11 6
v 9086 3 2
v 9088 19 13
v 9089 7 4
v 9091 8 4
v 9095 16 8
v 9097 5 3
v 9098 2 0
v 9105 7 3
v 9115 5 4
v 9253 19 12
v 9254 16 6
v 9255 19 11
v 9257 11 4
v 9258 12 7
v 9259 16 6
v 9260 5 3
v 9261 2 0
v 9262 18 12
v 9263 24 13
v 9264 48 30
v 9265 77 46
v 9266 24 8
v 9267 54 33
v 9268 11 7
v 9269 59 23
v 9270 96 51
v 9271 72 37
v 9272 17 10
v 9273 2 1
v 9274 8 2
v 9275 11 6
v 9276 30 14
v 9277 1 0
v 9278 65 25
v 9279 10 5
v 9280 21 14
v 9281 15 8
v 9282 2 2
v 9283 19 11
v 9284 12 7
v 9285 93 47
v 9286 20 9
v 9287 61 39
v 9288 12 6
v 9289 11 6
v 9290 64 33
v 9291 15 9
v 9292 39 19
v 9293 10 3
v 9294 23 14
v 9295 40 17
v 9296 37 25
v 9297 3 1
v 9298 6 3
v 9299 33 16
v 9300 35 17
v 9301 93 51
v 9302 129 69
v 9303 40 25
v 9304 11 7
v 9305 6 3
v 9306 52 24
v 9307 26 15
v 9308 3 1
v 9309 32 16
v 9310 7 3
v 9311 7 5
v 9312 74 34
v 9313 16 7
v 9314 50 35
v 9315 8 7
v 9316 85 44
v 9317 36 15
v 9318 3 3
v 9319 6 2
v 9320 11 8
v 9321 52 30
v 9322 95 59
v 9323 60 30
v 9324 68 40
v 9325 31 14
v 9326 32 16
v 9327 14 5
v 9328 120 59
v 9329 4 1
v 9330 6 3
v 9335 97 50
v 9336 63 31
v 9337 28 13
v 9339 116 64
v 9342 29 10
v 9344 80 44
v 9345 14 9
v 9347 71 43
v 9351 84 47
v 9352 12 9
v 9353 16 4
v 9354 73 33
v 9361 34 19
v 9371 28 11
v 9510 7 5
v 9511 3 3
v 9512 2 0
v 9513 5 3
v 9514 2 0
v 9515 1 0
v 9516 1 0
v 9517 3 1
v 9518 8 7
v 9519 2 1
v 9520 15 8
v 9521 11 5
v 9522 1 0
v 9523 9 6
v 9525 12 4
v 9526 8 5
v 9527 9 4
v 9528 2 1
v 9529 1 0
v 9530 1 0
v 9531 2 0
v 9532 7 3
v 9533 1 0
v 9534 5 1
v 9535 3 1
v 9536 3 3
v 9539 5 1
v 9540 1 1
v 9541 11 4
v 9542 4 3
v 9543 6 4
v 9544 3 1
v 9545 2 0
v 9546 8 4
v 9547 5 5
v 9548 3 0
v 9549 2 1
v 9550 3 1
v 9551 3 1
v 9552 4 1
v 9554 2 1
v 9555 10 4
v 9556 7 1
v 9557 11 4
v 9558 24 9
v 9559 9 3
v 9560 3 1
v 9561 2 0
v 9562 6 3
v 9563 5 2
v 9565 9 3
v 9566 4 4
v 9567 3 1
v 9568 10 5
v 9569 9 2
v 9570 7 3
v 9571 3 3
v 9572 16 8
v 9573 15 6
v 9574 2 0
v 9575 2 0
v 9576 1 0
v 9577 13 8
v 9578 14 6
v 9579 16 9
v 9580 4 2
v 9581 10 6
v 9582 3 0
v 9583 3 2
v 9584 13 6
v 9585 2 1
v 9586 1 1
v 9591 17 3
v 9592 6 1
v 9593 5 1
v 9595 15 9
v 9598 8 3
v 9600 13 7
v 9601 4 2
v 9603 14 9
v 9607 10 3
v 9608 1 0
v 9609 2 1
v 9610 4 3
v 9617 7 5
v 9627 13 3
v 9767 2 2
v 9768 1 1
v 9769 3 2
v 9770 1 0
v 9771 3 2
v 9772 5 3
v 9773 1 1
v 9774 2 1
v 9775 4 3
v 9776 18 9
v 9777 17 6
v 9778 6 3
v 9779 32 19
v 9781 24 16
v 9782 40 21
v 9783 22 11
v 9784 34 16
v 9786 8 4
v 9787 2 0
v 9788 16 7
v 9789 1 0
v 9790 14 8
v 9791 3 1
v 9792 6 5
v 9793 2 1
v 9795 4 2
v 9796 1 0
v 9797 24 15
v 9798 8 6
v 9799 18 12
v 9800 14 8
v 9801 1 0
v 9802 22 12
v 9803 5 4
v 9804 19 9
v 9805 5 1
v 9806 14 6
v 9807 7 4
v 9808 11 4
v 9809 2 1
v 9810 4 2
v 9811 10 3
v 9812 9 4
v 9813 37 20
v 9814 38 18
v 9815 15 8
v 9816 7 4
v 9817 1 1
v 9818 9 5
v 9819 9 4
v 9820 1 1
v 9821 11 7
v 9822 4 2
v 9823 3 1
v 9824 27 12
v 9825 5 5
v 9826 15 5
v 9827 4 3
v 9828 20 12
v 9829 8 4
v 9830 1 1
v 9831 3 3
v 9832 6 1
v 9833 18 9
v 9834 43 28
v 9835 32 14
v 9836 28 18
v 9837 11 7
v 9838 8 1
v 9839 3 2
v 9840 25 12
v 9841 1 1
v 9842 3 2
v 9847 48 28
v 9848 20 12
v 9849 16 8
v 9851 48 27
v 9854 16 9
v 9856 27 16
v 9857 8 6
v 9859 14 10
v 9863 23 18
v 9864 2 1
v 9865 7 3
v 9866 3 1
v 9873 14 7
v 9883 20 10
v 10024 2 2
v 10025 9 3
v 10026 4 0
v 10027 10 6
v 10028 4 1
v 10030 4 1
v 10031 7 3
v 10032 20 7
v 10033 22 13
v 10034 6 1
v 10035 23 7
v 10036 6 2
v 10037 12 4
v 10038 41 15
v 10039 32 12
v 10040 5 3
v 10041 1 0
v 10042 4 0
v 10043 1 1
v 10044 16 7
v 10046 23 6
v 10047 3 2
v 10048 5 3
v 10049 5 2
v 10051 9 5
v 10052 4 2
v 10053 9 3
v 10054 3 1
v 10055 23 11
v 10056 3 2
v 10057 3 1
v 10058 29 9
v 10059 7 4
v 10060 8 5
v 10061 4 0
v 10062 10 3
v 10063 14 6
v 10064 11 2
v 10065 1 1
v 10066 4 1
v 10067 15 4
v 10068 7 1
v 10069 34 16
v 10070 41 20
v 10071 11 4
v 10072 5 3
v 10073 3 0
v 10074 17 4
v 10075 6 2
v 10076 6 3
v 10077 13 5
v 10078 1 1
v 10079 5 1
v 10080 16 8
v 10081 12 6
v 10082 16 10
v 10083 1 1
v 10084 36 19
v 10085 7 3
v 10086 3 2
v 10087 3 1
v 10088 2 0
v 10089 21 7
v 10090 22 11
v 10091 17 8
v 10092 26 13
v 10093 15 7
v 10094 12 4
v 10095 9 5
v 10096 25 10
v 10097 5 3
v 10098 5 2
v 10103 39 13
v 10104 18 5
v 10105 13 5
v 10107 35 15
v 10110 16 8
v 10112 27 16
v 10113 8 7
v 10115 26 10
v 10119 23 7
v 10120 6 0
v 10121 5 1
v 10122 2 0
v 10129 12 7
v 10139 16 4
v 10281 2 2
v 10282 1 0
v 10283 1 1
v 10284 1 1
v 10286 1 1
v 10287 4 2
v 10288 4 2
v 10289 6 3
v 10290 1 1
v 10291 6 2
v 10293 3 3
v 10294 9 3
v 10295 5 4
v 10296 1 1
v 10297 1 1
v 10298 1 0
v 10299 1 0
v 10300 1 1
v 10301 1 1
v 10302 3 2
v 10303 4 2
v 10304 2 0
v 10305 1 1
v 10307 2 1
v 10309 5 3
v 10310 2 2
v 10311 5 2
v 10312 1 1
v 10313 1 0
v 10314 5 3
v 10315 1 1
v 10316 2 1
v 10319 3 1
v 10320 3 1
v 10323 2 0
v 10324 1 0
v 10325 6 3
v 10326 10 2
v 10327 4 2
v 10329 1 1
v 10330 4 1
v 10331 3 0
v 10332 1 1
v 10333 2 1
v 10336 4 3
v 10338 2 2
v 10339 2 2
v 10340 5 1
v 10341 2 0
v 10342 3 2
v 10344 4 3
v 10345 3 2
v 10346 5 1
v 10347 1 0
v 10348 4 1
v 10349 2 0
v 10350 3 2
v 10351 1 0
v 10352 3 3
v 10359 2 0
v 10360 2 0
v 10361 2 1
v 10363 7 2
v 10368 9 6
v 10369 2 1
v 10371 3 1
v 10375 3 1
v 10377 1 0
v 10378 3 2
v 10385 2 1
v 10395 2 0
v 10538 3 1
v 10539 5 2
v 10540 2 0
v 10541 2 1
v 10542 5 2
v 10543 6 4
v 10544 14 5
v 10545 10 5
v 10547 14 7
v 10548 4 2
v 10549 10 5
v 10550 42 25
v 10551 15 7
v 10552 4 2
v 10553 2 1
v 10554 4 3
v 10555 3 1
v 10556 5 1
v 10557 1 1
v 10558 11 4
v 10559 2 2
v 10560 7 4
v 10561 6 3
v 10562 2 1
v 10563 2 0
v 10564 1 1
v 10565 6 5
v 10566 7 6
v 10567 25 7
v 10568 5 1
v 10569 1 0
v 10570 17 10
v 10571 7 2
v 10572 7 2
v 10573 3 0
v 10574 9 5
v 10575 7 5
v 10576 2 1
v 10577 1 1
v 10578 1 0
v 10579 7 3
v 10580 10 5
v 10581 29 11
v 10582 22 11
v 10583 8 2
v 10584 8 3
v 10586 14 5
v 10587 3 1
v 10588 5 2
v 10589 9 3
v 10591 3 1
v 10592 18 3
v 10593 7 0
v 10594 11 5
v 10595 1 1
v 10596 35 19
v 10597 7 2
v 10598 1 0
v 10599 2 1
v 10600 4 0
v 10601 13 4
v 10602 16 8
v 10603 11 5
v 10604 11 6
v 10605 14 5
v 10606 9 2
v 10607 2 0
v 10608 19 8
v 10609 1 0
v 10610 3 2
v 10615 29 12
v 10616 17 7
v 10617 7 2
v 10619 33 15
v 10622 7 3
v 10624 23 12
v 10625 7 3
v 10627 18 12
v 10631 45 27
v 10633 6 5
v 10634 4 2
v 10641 10 4
v 10651 4 4
v 10795 2 1
v 10796 2 1
v 10799 2 1
v 10800 4 1
v 10801 13 5
v 10802 2 1
v 10803 2 1
v 10804 2 0
v 10805 7 3
v 10806 9 5
v 10807 1 1
v 10808 1 1
v 10809 1 1
v 10810 2 1
v 10812 12 6
v 10814 4 1
v 10816 2 1
v 10819 3 1
v 10820 2 1
v 10821 20 9
v 10822 1 1
v 10823 12 8
v 10824 2 0
v 10826 3 2
v 10827 5 4
v 10828 1 0
v 10830 3 1
v 10831 5 4
v 10832 3 2
v 10834 1 1
v 10835 4 1
v 10836 2 1
v 10837 8 4
v 10838 19 6
v 10839 5 2
v 10840 2 1
v 10841 1 0
v 10842 3 2
v 10843 4 1
v 10844 2 1
v 10845 4 3
v 10846 2 1
v 10847 4 0
v 10848 3 2
v 10849 4 1
v 10850 3 0
v 10852 10 6
v 10853 4 3
v 10855 2 1
v 10856 1 1
v 10857 5 4
v 10858 10 6
v 10859 6 3
v 10860 3 2
v 10861 2 1
v 10863 1 0
v 10864 10 3
v 10865 2 0
v 10866 1 0
v 10871 10 3
v 10872 3 0
v 10873 5 1
v 10875 11 6
v 10878 5 4
v 10880 6 4
v 10881 3 2
v 10883 8 2
v 10887 6 4
v 10890 1 0
v 10897 3 0
v 10907 6 2
v 11052 1 0
v 11053 1 1
v 11054 4 2
v 11055 2 1
v 11056 13 7
v 11057 18 7
v 11058 2 0
v 11059 13 6
v 11061 13 7
v 11062 25 19
v 11063 14 4
v 11064 5 4
v 11065 1 1
v 11066 7 5
v 11067 1 0
v 11068 22 10
v 11070 16 6
v 11071 4 1
v 11072 4 3
v 11073 1 0
v 11074 2 2
v 11075 13 8
v 11076 3 1
v 11077 13 8
v 11078 4 2
v 11079 15 6
v 11080 1 1
v 11081 2 0
v 11082 13 9
v 11083 3 1
v 11084 12 7
v 11085 8 2
v 11086 11 4
v 11087 6 4
v 11088 6 1
v 11090 1 0
v 11091 13 8
v 11092 7 3
v 11093 29 10
v 11094 35 16
v 11095 10 8
v 11096 8 6
v 11097 2 1
v 11098 11 3
v 11099 5 0
v 11100 3 2
v 11101 3 3
v 11102 2 2
v 11103 3 0
v 11104 11 4
v 11105 3 1
v 11106 9 3
v 11107 1 0
v 11108 18 6
v 11109 9 3
v 11111 1 0
v 11112 1 0
v 11113 13 4
v 11114 12 3
v 11115 14 6
v 11116 22 14
v 11117 16 2
v 11118 11 6
v 11119 3 0
v 11120 12 5
v 11121 2 0
v 11122 1 0
v 11127 26 5
v 11128 9 3
v 11129 7 3
v 11131 32 18
v 11134 6 4
v 11136 23 12
v 11137 6 4
v 11139 11 5
v 11143 17 11
v 11144 2 0
v 11145 4 1
v 11146 4 1
v 11153 6 2
v 11163 5 2
v 11310 1 1
v 11311 5 3
v 11312 8 3
v 11313 5 2
v 11314 2 0
v 11315 5 3
v 11316 2 0
v 11317 3 1
v 11318 9 6
v 11319 5 5
v 11320 1 1
v 11321 2 1
v 11322 2 1
v 11324 9 1
v 11325 1 0
v 11326 4 2
v 11328 4 3
v 11329 1 1
v 11330 1 0
v 11331 3 1
v 11333 2 2
v 11334 2 2
v 11335 9 7
v 11336 1 1
v 11337 1 1
v 11338 8 4
v 11339 3 1
v 11340 6 2
v 11341 1 0
v 11343 2 0
v 11344 4 4
v 11347 7 3
v 11348 3 2
v 11349 6 3
v 11350 14 10
v 11351 6 3
v 11352 3 1
v 11353 1 0
v 11354 5 2
v 11355 3 1
v 11356 2 0
v 11357 5 2
v 11359 4 1
v 11360 4 2
v 11361 2 2
v 11362 3 1
v 11364 8 3
v 11365 4 3
v 11366 1 1
v 11368 1 1
v 11369 7 5
v 11370 6 1
v 11371 4 3
v 11372 9 7
v 11373 3 2
v 11374 6 2
v 11375 4 3
v 11376 3 1
v 11377 1 0
v 11383 6 2
v 11384 4 2
v 11385 5 3
v 11387 10 7
v 11390 4 2
v 11392 9 6
v 11393 3 2
v 11395 10 3
v 11399 8 4
v 11400 1 0
v 11401 1 1
v 11402 1 0
v 11409 2 0
v 11419 7 4
v 11566 1 1
v 11567 3 1
v 11568 5 3
v 11569 6 3
v 11571 1 1
v 11573 5 4
v 11574 9 4
v 11575 3 2
v 11576 2 2
v 11578 1 1
v 11579 2 1
v 11580 2 1
v 11582 2 2
v 11583 3 0
v 11584 2 1
v 11585 2 2
v 11588 2 1
v 11589 3 2
v 11590 2 2
v 11591 4 2
v 11592 2 2
v 11593 1 1
v 11594 5 3
v 11595 2 1
v 11596 1 0
v 11597 3 0
v 11598 2 1
v 11599 3 1
v 11600 3 2
v 11603 2 1
v 11604 3 1
v 11605 3 2
v 11606 6 2
v 11607 2 1
v 11608 3 1
v 11610 4 2
v 11611 2 0
v 11615 1 1
v 11616 5 2
v 11617 1 1
v 11618 2 0
v 11620 6 3
v 11621 5 1
v 11624 2 1
v 11625 9 6
v 11626 4 0
v 11627 6 3
v 11628 8 5
v 11630 3 1
v 11631 2 1
v 11632 7 4
v 11639 12 7
v 11640 3 2
v 11641 3 1
v 11643 8 3
v 11646 3 2
v 11648 3 1
v 11649 2 1
v 11651 3 1
v 11655 7 5
v 11656 1 1
v 11658 5 0
v 11665 2 1
v 11675 3 1
v 11823 8 3
v 11824 35 13
v 11825 25 11
v 11826 5 3
v 11827 19 8
v 11828 4 1
v 11829 21 8
v 11830 39 15
v 11831 15 4
v 11832 6 3
v 11833 1 1
v 11834 6 4
v 11835 2 2
v 11836 12 5
v 11837 1 1
v 11838 13 4
v 11839 2 1
v 11840 8 4
v 11841 3 0
v 11843 12 4
v 11844 3 2
v 11845 18 9
v 11846 8 4
v 11847 20 9
v 11848 3 0
v 11849 3 2
v 11850 30 12
v 11851 4 1
v 11852 19 8
v 11853 6 1
v 11854 1 0
v 11855 10 7
v 11856 6 2
v 11857 2 1
v 11858 3 0
v 11859 12 4
v 11860 14 7
v 11861 24 8
v 11862 59 20
v 11863 15 8
v 11864 9 6
v 11865 2 0
v 11866 22 5
v 11867 9 1
v 11868 3 1
v 11869 11 7
v 11870 5 2
v 11871 4 1
v 11872 35 14
v 11873 9 7
v 11874 25 14
v 11875 3 2
v 11876 26 10
v 11877 18 10
v 11878 1 0
v 11879 4 1
v 11880 5 2
v 11881 30 12
v 11882 23 9
v 11883 26 10
v 11884 16 6
v 11885 11 1
v 11886 9 4
v 11887 5 2
v 11888 31 8
v 11890 3 1
v 11895 36 11
v 11896 19 8
v 11897 12 6
v 11899 38 16
v 11902 7 4
v 11904 26 19
v 11905 6 2
v 11907 23 10
v 11911 26 10
v 11912 2 1
v 11913 5 4
v 11914 3 0
v 11921 10 5
v 11931 14 2
v 12080 22 13
v 12081 23 11
v 12082 4 2
v 12083 27 14
v 12084 3 2
v 12085 24 11
v 12086 40 21
v 12087 28 18
v 12088 5 2
v 12089 4 3
v 12090 13 6
v 12091 12 7
v 12092 17 11
v 12093 1 1
v 12094 18 6
v 12095 2 1
v 12096 9 5
v 12097 4 1
v 12098 4 1
v 12099 8 7
v 12100 2 1
v 12101 22 11
v 12102 12 6
v 12103 21 10
v 12104 3 1
v 12105 6 4
v 12106 24 14
v 12107 6 3
v 12108 19 15
v 12109 2 0
v 12110 4 2
v 12111 10 4
v 12112 14 8
v 12113 3 1
v 12114 1 1
v 12115 9 2
v 12116 12 8
v 12117 35 16
v 12118 53 30
v 12119 26 19
v 12120 8 4
v 12121 2 1
v 12122 17 7
v 12123 18 14
v 12124 2 2
v 12125 16 8
v 12126 1 1
v 12127 1 1
v 12128 25 6
v 12129 5 5
v 12130 18 7
v 12131 10 6
v 12132 18 9
v 12133 9 7
v 12134 2 1
v 12135 4 3
v 12136 7 1
v 12137 26 16
v 12138 41 17
v 12139 17 9
v 12140 24 14
v 12141 11 3
v 12142 15 10
v 12143 7 4
v 12144 34 14
v 12145 2 0
v 12146 4 0
v 12151 42 20
v 12152 16 11
v 12153 13 6
v 12155 39 20
v 12158 10 7
v 12160 28 14
v 12161 8 7
v 12163 15 8
v 12167 24 18
v 12168 6 2
v 12169 8 4
v 12170 4 1
v 12177 18 8
v 12187 8 5
v 12337 71 39
v 12338 16 9
v 12339 51 24
v 12340 7 2
v 12341 44 23
v 12342 86 37
v 12343 33 12
v 12344 12 6
v 12345 5 0
v 12346 17 7
v 12347 14 7
v 12348 68 29
v 12349 6 3
v 12350 43 15
v 12351 8 4
v 12352 22 12
v 12353 6 4
v 12354 4 2
v 12355 33 15
v 12356 12 10
v 12357 46 18
v 12358 16 7
v 12359 59 33
v 12360 9 4
v 12361 2 2
v 12362 61 28
v 12363 12 6
v 12364 39 22
v 12365 15 5
v 12366 42 16
v 12367 28 15
v 12368 23 14
v 12369 5 1
v 12370 7 4
v 12371 28 10
v 12372 27 12
v 12373 92 53
v 12374 133 61
v 12375 54 26
v 12376 19 5
v 12377 8 2
v 12378 58 26
v 12379 31 16
v 12380 7 4
v 12381 34 9
v 12382 6 4
v 12383 10 3
v 12384 49 31
v 12385 12 9
v 12386 34 20
v 12387 9 6
v 12388 88 47
v 12389 22 9
v 12390 5 2
v 12391 2 1
v 12392 14 9
v 12393 75 36
v 12394 94 41
v 12395 54 30
v 12396 70 40
v 12397 43 26
v 12398 32 12
v 12399 16 7
v 12400 89 44
v 12401 9 6
v 12402 9 7
v 12407 93 45
v 12408 64 26
v 12409 37 14
v 12411 122 63
v 12414 26 12
v 12416 68 34
v 12417 22 9
v 12419 61 29
v 12423 76 35
v 12424 12 8
v 12425 19 6
v 12426 22 11
v 12433 47 23
v 12443 30 11
v 12594 25 15
v 12595 56 31
v 12596 10 6
v 12597 46 15
v 12598 97 51
v 12599 67 31
v 12600 17 12
v 12601 2 1
v 12602 15 5
v 12603 9 3
v 12604 65 33
v 12605 2 1
v 12606 54 19
v 12607 9 3
v 12608 20 10
v 12609 7 2
v 12610 5 1
v 12611 28 12
v 12612 8 7
v 12613 71 40
v 12614 40 22
v 12615 61 32
v 12616 12 8
v 12617 4 2
v 12618 63 26
v 12619 18 6
v 12620 55 32
v 12621 22 8
v 12622 27 13
v 12623 27 17
v 12624 33 13
v 12625 7 4
v 12626 5 1
v 12627 11 7
v 12628 20 11
v 12629 57 27
v 12630 128 63
v 12631 52 25
v 12632 29 15
v 12633 6 2
v 12634 44 16
v 12635 19 7
v 12636 1 0
v 12637 40 17
v 12638 8 7
v 12639 6 4
v 12640 66 35
v 12641 26 16
v 12642 65 33
v 12643 5 4
v 12644 74 45
v 12645 39 20
v 12646 4 3
v 12647 8 3
v 12648 9 7
v 12649 77 30
v 12650 112 51
v 12651 48 26
v 12652 63 34
v 12653 50 24
v 12654 35 19
v 12655 19 10
v 12656 105 46
v 12657 9 4
v 12658 9 3
v 12663 113 57
v 12664 59 36
v 12665 24 16
v 12667 127 66
v 12670 27 16
v 12672 65 38
v 12673 25 15
v 12675 86 45
v 12679 74 37
v 12680 9 4
v 12681 26 10
v 12682 9 3
v 12689 38 22
v 12699 36 13
v 12851 11 6
v 12852 1 0
v 12853 13 8
v 12854 29 17
v 12855 21 11
v 12856 2 2
v 12857 1 0
v 12858 9 2
v 12859 5 2
v 12860 12 5
v 12862 18 10
v 12863 4 0
v 12864 7 3
v 12865 3 2
v 12866 2 0
v 12867 6 2
v 12868 8 2
v 12869 20 13
v 12870 9 3
v 12871 13 7
v 12872 5 2
v 12873 1 0
v 12874 17 7
v 12875 2 0
v 12876 11 7
v 12877 4 1
v 12878 9 3
v 12879 7 3
v 12880 10 5
v 12881 4 2
v 12882 2 1
v 12883 5 1
v 12884 6 5
v 12885 24 16
v 12886 24 12
v 12887 20 12
v 12888 10 4
v 12889 3 0
v 12890 11 5
v 12891 4 3
v 12892 2 1
v 12893 11 3
v 12895 3 2
v 12896 13 6
v 12897 5 2
v 12898 6 4
v 12899 1 1
v 12900 8 4
v 12901 9 4
v 12903 2 1
v 12904 2 2
v 12905 29 11
v 12906 20 9
v 12907 16 7
v 12908 22 12
v 12909 11 6
v 12910 9 2
v 12911 4 1
v 12912 34 13
v 12913 3 0
v 12914 8 4
v 12919 45 18
v 12920 24 15
v 12921 11 7
v 12923 37 21
v 12926 11 6
v 12928 8 2
v 12929 4 2
v 12931 13 8
v 12935 17 2
v 12936 2 0
v 12937 5 3
v 12938 4 2
v 12945 13 7
v 12955 18 8
v 13108 5 3
v 13109 48 21
v 13110 78 38
v 13111 63 23
v 13112 24 11
v 13113 3 3
v 13114 9 4
v 13115 11 6
v 13116 43 27
v 13117 4 1
v 13118 51 15
v 13119 7 4
v 13120 17 8
v 13121 10 5
v 13122 2 0
v 13123 28 11
v 13124 7 6
v 13125 76 41
v 13126 14 7
v 13127 51 23
v 13128 11 6
v 13129 5 2
v 13130 59 27
v 13131 13 7
v 13132 31 20
v 13133 21 10
v 13134 21 6
v 13135 23 12
v 13136 26 11
v 13137 5 2
v 13138 4 2
v 13139 37 9
v 13140 29 14
v 13141 80 47
v 13142 103 52
v 13143 37 19
v 13144 16 12
v 13145 2 1
v 13146 44 18
v 13147 21 8
v 13148 7 4
v 13149 33 11
v 13150 2 0
v 13151 5 2
v 13152 50 21
v 13153 14 8
v 13154 28 11
v 13155 1 1
v 13156 80 43
v 13157 24 12
v 13158 1 1
v 13159 2 0
v 13160 7 6
v 13161 63 26
v 13162 93 43
v 13163 64 27
v 13164 71 48
v 13165 41 18
v 13166 26 12
v 13167 11 6
v 13168 105 49
v 13169 4 3
v 13170 11 6
v 13175 116 55
v 13176 58 32
v 13177 37 20
v 13179 145 79
v 13182 26 14
v 13184 58 27
v 13185 11 9
v 13187 59 30
v 13191 57 36
v 13192 6 3
v 13193 13 6
v 13194 11 9
v 13201 42 22
v 13211 29 10
v 13365 6 2
v 13366 9 6
v 13367 7 5
v 13368 1 0
v 13369 1 1
v 13370 2 1
v 13371 2 1
v 13372 6 4
v 13374 8 5
v 13375 2 1
v 13376 1 1
v 13378 3 0
v 13379 1 1
v 13380 3 2
v 13381 8 3
v 13382 1 0
v 13383 12 7
v 13384 1 1
v 13386 8 2
v 13387 2 2
v 13388 2 1
v 13389 3 0
v 13390 2 1
v 13391 1 0
v 13392 1 0
v 13393 1 0
v 13395 4 1
v 13396 5 3
v 13397 5 1
v 13398 14 8
v 13399 7 4
v 13400 3 1
v 13401 2 1
v 13402 7 1
v 13403 2 1
v 13405 10 6
v 13407 2 1
v 13408 5 2
v 13409 3 1
v 13410 5 4
v 13411 1 0
v 13412 10 5
v 13413 2 0
v 13414 2 0
v 13415 1 0
v 13416 1 0
v 13417 2 1
v 13418 11 4
v 13419 5 4
v 13420 10 8
v 13421 2 2
v 13422 7 1
v 13423 2 1
v 13424 8 4
v 13425 1 0
v 13431 16 7
v 13432 5 4
v 13433 5 3
v 13435 16 6
v 13438 2 1
v 13440 11 5
v 13441 3 2
v 13443 6 4
v 13447 13 8
v 13448 5 2
v 13449 2 0
v 13450 2 0
v 13457 8 2
v 13467 4 1
v 13622 74 38
v 13623 42 15
v 13624 22 16
v 13625 2 1
v 13626 18 11
v 13627 9 3
v 13628 30 16
v 13629 3 1
v 13630 36 9
v 13631 4 1
v 13632 15 6
v 13633 9 7
v 13635 21 13
v 13636 3 1
v 13637 67 36
v 13638 9 7
v 13639 48 27
v 13640 10 6
v 13641 6 5
v 13642 50 27
v 13643 18 12
v 13644 31 18
v 13645 10 8
v 13646 11 3
v 13647 16 10
v 13648 37 20
v 13649 5 1
v 13650 5 2
v 13651 22 8
v 13652 27 14
v 13653 89 48
v 13654 102 53
v 13655 28 18
v 13656 17 6
v 13657 1 0
v 13658 30 19
v 13659 22 12
v 13660 2 1
v 13661 22 10
v 13662 4 1
v 13663 7 4
v 13664 50 23
v 13665 6 4
v 13666 39 17
v 13667 7 4
v 13668 50 27
v 13669 27 17
v 13670 3 2
v 13671 8 3
v 13672 4 2
v 13673 51 18
v 13674 81 37
v 13675 48 27
v 13676 59 32
v 13677 47 29
v 13678 28 10
v 13679 11 4
v 13680 92 51
v 13681 2 0
v 13682 9 5
v 13687 87 46
v 13688 50 29
v 13689 21 9
v 13691 117 60
v 13694 26 16
v 13696 53 28
v 13697 20 9
v 13699 46 29
v 13703 60 29
v 13704 10 4
v 13705 16 8
v 13706 10 5
v 13713 32 17
v 13723 35 16
v 13879 97 47
v 13880 36 18
v 13881 2 0
v 13882 18 9
v 13883 14 7
v 13884 52 26
v 13885 8 1
v 13886 72 31
v 13887 19 6
v 13888 27 14
v 13889 13 6
v 13890 3 1
v 13891 41 20
v 13892 9 5
v 13893 90 37
v 13894 63 29
v 13895 99 52
v 13896 15 8
v 13897 4 2
v 13898 103 47
v 13899 37 19
v 13900 59 26
v 13901 9 4
v 13902 26 14
v 13903 41 22
v 13904 52 22
v 13905 7 4
v 13906 6 2
v 13907 66 20
v 13908 43 24
v 13909 157 87
v 13910 239 116
v 13911 71 38
v 13912 33 21
v 13913 12 5
v 13914 63 29
v 13915 42 16
v 13916 3 2
v 13917 60 29
v 13918 21 14
v 13919 14 4
v 13920 162 77
v 13921 27 14
v 13922 50 21
v 13923 10 4
v 13924 104 56
v 13925 52 28
v 13926 3 1
v 13927 3 1
v 13928 11 6
v 13929 128 62
v 13930 149 81
v 13931 125 51
v 13932 188 114
v 13933 87 51
v 13934 64 38
v 13935 31 16
v 13936 131 46
v 13937 9 3
v 13938 19 6
v 13943 162 73
v 13944 83 37
v 13945 55 29
v 13947 203 97
v 13950 45 27
v 13952 105 60
v 13953 40 27
v 13955 110 56
v 13959 104 51
v 13960 20 11
v 13961 31 16
v 13962 13 8
v 13969 60 18
v 13979 71 30
v 14136 28 16
v 14137 3 2
v 14138 28 12
v 14139 15 7
v 14140 43 25
v 14141 2 0
v 14142 41 15
v 14143 9 3
v 14144 16 12
v 14145 10 4
v 14146 5 2
v 14147 13 9
v 14148 6 3
v 14149 88 41
v 14150 26 14
v 14151 52 29
v 14152 9 4
v 14153 12 6
v 14154 79 37
v 14155 15 10
v 14156 50 29
v 14157 17 5
v 14158 29 15
v 14159 27 12
v 14160 31 17
v 14161 3 2
v 14162 4 3
v 14163 33 15
v 14164 22 10
v 14165 87 56
v 14166 144 75
v 14167 51 30
v 14168 20 10
v 14169 3 1
v 14170 60 23
v 14171 22 7
v 14172 1 1
v 14173 27 13
v 14174 3 1
v 14175 11 5
v 14176 85 43
v 14177 17 6
v 14178 36 17
v 14179 7 4
v 14180 69 42
v 14181 24 12
v 14182 2 1
v 14184 9 6
v 14185 91 38
v 14186 121 62
v 14187 67 41
v 14188 118 71
v 14189 22 17
v 14190 46 17
v 14191 42 18
v 14192 104 47
v 14193 4 2
v 14194 14 9
v 14199 141 56
v 14200 65 38
v 14201 36 22
v 14203 161 84
v 14206 28 13
v 14208 81 44
v 14209 25 15
v 14211 63 38
v 14215 81 42
v 14216 17 8
v 14217 15 7
v 14218 8 4
v 14225 50 19
v 14235 54 16
v 14393 2 2
v 14394 8 1
v 14395 4 2
v 14396 6 4
v 14397 1 1
v 14398 13 6
v 14400 6 3
v 14401 3 0
v 14402 2 2
v 14403 3 1
v 14404 3 2
v 14405 23 10
v 14406 10 8
v 14407 11 7
v 14408 2 1
v 14409 1 1
v 14410 22 11
v 14411 2 1
v 14412 10 3
v 14413 2 0
v 14414 4 0
v 14415 8 3
v 14416 11 6
v 14417 2 1
v 14419 7 5
v 14420 8 4
v 14421 33 19
v 14422 35 16
v 14423 10 3
v 14424 5 3
v 14425 1 1
v 14426 18 11
v 14427 2 1
v 14428 2 1
v 14429 10 6
v 14430 1 0
v 14431 2 0
v 14432 19 8
v 14433 6 1
v 14434 18 11
v 14435 2 1
v 14436 18 9
v 14437 11 3
v 14439 1 0
v 14440 1 0
v 14441 25 11
v 14442 33 19
v 14443 19 7
v 14444 16 13
v 14445 10 3
v 14446 9 5
v 14447 5 3
v 14448 15 3
v 14449 4 1
v 14450 3 1
v 14455 36 9
v 14456 22 9
v 14457 14 12
v 14459 36 22
v 14462 11 3
v 14464 19 12
v 14465 2 1
v 14467 17 8
v 14471 16 11
v 14472 3 0
v 14473 5 0
v 14474 2 0
v 14481 13 6
v 14491 13 3
v 14650 1 0
v 14652 1 1
v 14653 1 0
v 14654 3 1
v 14659 2 0
v 14661 5 1
v 14662 1 1
v 14663 2 1
v 14666 3 2
v 14668 4 2
v 14670 2 2
v 14671 4 1
v 14672 2 1
v 14675 2 2
v 14676 1 1
v 14677 3 1
v 14678 7 5
v 14679 4 2
v 14680 1 0
v 14682 2 2
v 14683 3 1
v 14685 4 2
v 14687 2 0
v 14688 5 4
v 14689 2 1
v 14690 2 2
v 14691 1 1
v 14692 6 4
v 14693 1 1
v 14694 1 1
v 14697 4 3
v 14698 7 5
v 14699 6 2
v 14700 6 3
v 14701 4 3
v 14702 2 1
v 14704 5 2
v 14711 6 4
v 14712 2 0
v 14713 5 4
v 14715 4 2
v 14718 2 1
v 14720 1 0
v 14721 4 4
v 14723 3 1
v 14727 1 1
v 14728 2 2
v 14730 2 0
v 14737 1 1
v 14747 1 1
v 14907 2 0
v 14908 12 4
v 14909 1 0
v 14910 17 8
v 14911 1 0
v 14912 5 1
v 14913 1 0
v 14914 2 1
v 14915 6 3
v 14916 1 1
v 14917 29 11
v 14918 10 8
v 14919 14 4
v 14920 4 3
v 14921 2 2
v 14922 14 8
v 14923 1 0
v 14924 9 6
v 14925 3 2
v 14926 2 1
v 14927 4 3
v 14928 7 3
v 14930 1 0
v 14931 6 0
v 14932 6 2
v 14933 25 17
v 14934 30 16
v 14935 17 8
v 14936 7 5
v 14937 1 0
v 14938 21 9
v 14939 6 2
v 14940 1 1
v 14941 6 3
v 14942 4 3
v 14943 4 3
v 14944 21 12
v 14945 5 5
v 14946 13 6
v 14947 2 0
v 14948 28 18
v 14949 7 6
v 14950 1 0
v 14951 4 4
v 14953 22 14
v 14954 36 18
v 14955 12 5
v 14956 20 13
v 14957 15 7
v 14958 3 3
v 14959 5 0
v 14960 35 16
v 14961 1 1
v 14962 2 0
v 14967 33 15
v 14968 19 11
v 14969 9 5
v 14971 50 34
v 14974 11 4
v 14976 20 13
v 14977 1 0
v 14979 19 12
v 14983 16 7
v 14984 2 1
v 14985 5 3
v 14986 2 1
v 14993 10 6
v 15003 14 4
v 15164 11 8
v 15165 1 0
v 15166 10 3
v 15167 3 0
v 15168 4 1
v 15171 5 5
v 15172 4 1
v 15173 7 2
v 15174 2 1
v 15175 11 7
v 15177 2 2
v 15178 3 1
v 15179 6 1
v 15180 12 7
v 15181 4 2
v 15182 4 3
v 15184 6 3
v 15185 1 0
v 15187 6 1
v 15188 2 0
v 15189 10 6
v 15190 20 8
v 15191 8 6
v 15192 6 5
v 15194 6 3
v 15195 2 1
v 15197 2 2
v 15198 1 1
v 15200 9 4
v 15201 4 2
v 15202 5 3
v 15204 17 5
v 15205 6 3
v 15206 1 0
v 15207 5 4
v 15208 1 0
v 15209 10 4
v 15210 36 19
v 15211 15 5
v 15212 7 5
v 15213 7 4
v 15214 5 2
v 15215 2 1
v 15216 15 10
v 15218 2 1
v 15223 11 5
v 15224 10 4
v 15225 9 5
v 15227 17 8
v 15230 5 3
v 15232 9 3
v 15235 14 8
v 15239 10 6
v 15240 1 0
v 15241 3 1
v 15249 8 3
v 15259 9 6
v 15421 9 2
v 15422 16 5
v 15423 5 3
v 15424 22 10
v 15425 6 3
v 15426 1 0
v 15427 32 15
v 15428 8 6
v 15429 42 16
v 15430 16 10
v 15431 38 18
v 15432 10 4
v 15433 2 0
v 15434 57 28
v 15435 20 10
v 15436 31 14
v 15437 9 5
v 15438 18 5
v 15439 28 15
v 15440 18 8
v 15441 4 2
v 15442 6 0
v 15443 20 8
v 15444 23 6
v 15445 55 32
v 15446 135 62
v 15447 40 18
v 15448 16 7
v 15449 16 6
v 15450 38 14
v 15451 15 5
v 15452 5 2
v 15453 23 9
v 15454 6 4
v 15455 9 3
v 15456 71 41
v 15457 20 9
v 15458 21 9
v 15459 10 6
v 15460 44 21
v 15461 29 19
v 15462 4 2
v 15463 4 0
v 15464 15 10
v 15465 38 19
v 15466 58 23
v 15467 47 18
v 15468 71 42
v 15469 53 20
v 15470 47 24
v 15471 26 17
v 15472 94 43
v 15473 4 1
v 15474 9 6
v 15479 89 40
v 15480 43 19
v 15481 42 24
v 15483 98 48
v 15486 25 16
v 15488 52 29
v 15489 27 19
v 15491 67 37
v 15495 67 30
v 15496 11 7
v 15497 13 4
v 15498 8 4
v 15505 19 10
v 15515 24 10
v 15680 1 1
v 15681 2 0
v 15682 2 1
v 15683 3 1
v 15685 14 6
v 15687 2 2
v 15690 4 3
v 15691 2 1
v 15692 2 0
v 15693 2 1
v 15694 1 1
v 15695 4 3
v 15696 1 0
v 15699 4 1
v 15700 2 1
v 15701 6 2
v 15702 12 3
v 15703 2 1
v 15705 1 0
v 15706 3 1
v 15707 1 1
v 15711 1 1
v 15712 1 1
v 15713 4 2
v 15715 1 1
v 15716 4 3
v 15717 1 1
v 15718 2 1
v 15720 2 1
v 15721 7 4
v 15722 5 3
v 15723 8 6
v 15724 5 2
v 15726 4 1
v 15727 2 1
v 15728 4 1
v 15729 2 2
v 15735 6 4
v 15736 4 2
v 15737 2 1
v 15739 11 7
v 15742 3 2
v 15744 4 3
v 15747 8 3
v 15751 4 2
v 15752 1 0
v 15761 3 0
v 15771 1 0
v 15935 2 2
v 15936 16 11
v 15937 8 6
v 15938 2 2
v 15939 26 19
v 15940 6 6
v 15941 60 36
v 15942 28 16
v 15943 73 46
v 15944 7 4
v 15945 7 4
v 15946 42 28
v 15947 13 6
v 15948 39 24
v 15949 9 5
v 15950 21 11
v 15951 20 13
v 15952 26 19
v 15953 3 2
v 15954 3 2
v 15955 34 21
v 15956 20 16
v 15957 71 45
v 15958 109 65
v 15959 39 22
v 15960 16 7
v 15961 7 3
v 15962 34 16
v 15963 20 11
v 15964 3 3
v 15965 28 17
v 15966 6 5
v 15967 7 3
v 15968 60 37
v 15969 20 11
v 15970 36 20
v 15971 6 4
v 15972 63 42
v 15973 29 23
v 15974 4 2
v 15975 8 5
v 15976 16 12
v 15977 63 36
v 15978 80 49
v 15979 61 41
v 15980 88 62
v 15981 36 26
v 15982 27 20
v 15983 17 10
v 15984 63 38
v 15985 4 4
v 15986 5 4
v 15991 90 61
v 15992 49 34
v 15993 30 20
v 15995 121 73
v 15998 35 26
v 16000 79 46
v 16001 10 7
v 16003 54 37
v 16007 42 22
v 16008 8 4
v 16009 15 7
v 16010 11 5
v 16017 29 19
v 16027 29 18
v 16192 1 1
v 16193 2 2
v 16195 3 1
v 16196 4 1
v 16197 4 2
v 16198 1 1
v 16199 8 4
v 16200 2 1
v 16202 5 2
v 16204 6 3
v 16206 8 5
v 16207 7 3
v 16208 4 2
v 16209 1 0
v 16211 2 2
v 16212 5 3
v 16213 12 8
v 16214 7 2
v 16215 3 2
v 16216 3 1
v 16218 12 8
v 16219 5 1
v 16220 1 0
v 16221 2 0
v 16222 1 1
v 16224 6 4
v 16225 2 2
v 16226 6 2
v 16227 3 2
v 16228 14 8
v 16229 3 2
v 16230 1 0
v 16231 1 1
v 16232 3 1
v 16233 11 8
v 16234 10 3
v 16235 6 3
v 16236 9 4
v 16237 11 6
v 16238 3 3
v 16239 2 0
v 16240 10 4
v 16241 3 1
v 16242 1 0
v 16247 7 4
v 16248 7 5
v 16249 2 1
v 16251 14 5
v 16254 7 5
v 16256 14 11
v 16257 5 4
v 16259 6 4
v 16263 12 6
v 16273 3 1
v 16283 3 1
v 16449 2 1
v 16451 4 2
v 16452 1 0
v 16453 17 5
v 16454 8 1
v 16455 21 10
v 16456 3 2
v 16457 1 0
v 16458 15 8
v 16459 4 3
v 16460 13 8
v 16461 2 0
v 16462 9 5
v 16463 11 7
v 16464 1 0
v 16465 2 1
v 16466 1 1
v 16467 16 4
v 16468 13 3
v 16469 49 21
v 16470 43 20
v 16471 14 10
v 16472 6 2
v 16473 4 2
v 16474 10 6
v 16475 12 6
v 16476 1 1
v 16477 9 6
v 16478 2 1
v 16479 1 1
v 16480 24 10
v 16481 7 5
v 16482 10 7
v 16483 3 3
v 16484 33 19
v 16485 10 5
v 16486 3 2
v 16488 12 4
v 16489 14 7
v 16490 34 18
v 16491 17 6
v 16492 24 12
v 16493 17 10
v 16494 13 6
v 16495 4 4
v 16496 30 14
v 16497 4 0
v 16498 3 0
v 16503 25 11
v 16504 19 8
v 16505 15 3
v 16507 35 20
v 16510 11 7
v 16512 26 10
v 16513 5 2
v 16515 20 11
v 16519 28 12
v 16520 4 3
v 16521 2 2
v 16522 10 2
v 16529 17 7
v 16539 15 5
v 16706 1 0
v 16707 2 1
v 16708 1 1
v 16709 9 4
v 16710 4 3
v 16711 11 9
v 16712 2 0
v 16713 1 0
v 16714 3 0
v 16715 4 1
v 16716 11 9
v 16717 8 1
v 16718 3 1
v 16719 2 1
v 16720 3 1
v 16723 5 2
v 16724 4 3
v 16725 13 6
v 16726 21 13
v 16727 5 1
v 16728 3 3
v 16729 1 0
v 16730 7 4
v 16731 5 4
v 16732 1 0
v 16733 6 2
v 16734 1 1
v 16735 2 1
v 16736 11 5
v 16737 2 1
v 16738 9 5
v 16740 11 5
v 16741 8 5
v 16742 1 1
v 16743 3 2
v 16744 2 1
v 16745 7 4
v 16746 8 3
v 16747 9 3
v 16748 14 8
v 16749 6 2
v 16750 2 1
v 16751 3 2
v 16752 24 12
v 16753 2 0
v 16754 2 1
v 16759 28 10
v 16760 14 5
v 16761 7 1
v 16763 24 12
v 16766 6 3
v 16768 12 9
v 16769 4 4
v 16771 9 4
v 16775 10 5
v 16776 1 0
v 16778 1 1
v 16785 9 2
v 16795 5 3
v 16963 1 1
v 16964 2 0
v 16965 2 1
v 16966 1 1
v 16967 5 3
v 16970 3 2
v 16972 1 0
v 16973 1 1
v 16974 1 0
v 16976 1 0
v 16977 1 0
v 16979 1 1
v 16980 3 2
v 16981 3 1
v 16982 3 1
v 16984 1 1
v 16986 3 2
v 16987 1 1
v 16988 2 1
v 16990 1 1
v 16991 1 1
v 16992 3 1
v 16994 2 1
v 16996 9 6
v 16999 2 1
v 17001 6 4
v 17002 6 3
v 17003 2 2
v 17004 4 4
v 17005 5 4
v 17006 3 0
v 17007 3 3
v 17008 7 2
v 17010 1 1
v 17015 6 3
v 17016 3 2
v 17017 2 2
v 17019 6 3
v 17024 3 2
v 17025 2 2
v 17027 3 2
v 17031 3 0
v 17032 2 1
v 17034 1 1
v 17041 2 2
v 17220 1 1
v 17221 34 18
v 17222 8 3
v 17223 23 10
v 17224 2 1
v 17225 5 2
v 17226 22 15
v 17227 9 3
v 17228 30 18
v 17229 6 2
v 17230 8 4
v 17231 18 11
v 17232 8 3
v 17233 1 0
v 17234 3 1
v 17235 13 4
v 17236 17 10
v 17237 12 4
v 17238 58 25
v 17239 29 18
v 17240 9 4
v 17241 4 2
v 17242 13 5
v 17243 11 6
v 17244 2 2
v 17245 15 2
v 17246 3 3
v 17247 5 3
v 17248 21 8
v 17249 12 8
v 17250 16 10
v 17251 5 1
v 17252 32 14
v 17253 22 14
v 17254 4 2
v 17255 3 2
v 17256 6 2
v 17257 9 6
v 17258 41 26
v 17259 22 10
v 17260 27 14
v 17261 10 7
v 17262 3 0
v 17263 15 8
v 17264 58 22
v 17265 6 3
v 17266 3 2
v 17271 36 19
v 17272 21 10
v 17273 33 19
v 17275 51 33
v 17278 12 5
v 17280 23 6
v 17281 11 6
v 17283 26 12
v 17287 24 11
v 17288 2 1
v 17289 12 10
v 17290 5 4
v 17297 17 9
v 17307 12 6
v 17477 3 1
v 17478 2 1
v 17479 3 1
v 17480 1 0
v 17481 2 1
v 17482 6 3
v 17483 4 3
v 17484 3 0
v 17485 3 0
v 17486 4 3
v 17487 3 1
v 17488 3 0
v 17490 2 1
v 17491 8 4
v 17492 4 1
v 17493 8 3
v 17494 16 7
v 17495 3 0
v 17496 3 3
v 17498 8 4
v 17499 11 4
v 17501 4 2
v 17502 1 0
v 17504 8 4
v 17505 4 2
v 17506 5 3
v 17508 7 3
v 17509 3 3
v 17512 2 1
v 17513 7 1
v 17514 8 2
v 17515 5 3
v 17516 2 1
v 17517 8 2
v 17518 1 0
v 17519 4 2
v 17520 18 7
v 17521 4 3
v 17522 1 1
v 17527 16 5
v 17528 7 6
v 17529 3 2
v 17531 10 4
v 17534 6 0
v 17536 8 6
v 17537 4 2
v 17539 8 5
v 17543 2 1
v 17544 1 0
v 17545 2 2
v 17546 5 3
v 17553 2 1
v 17563 11 3
v 17734 11 5
v 17735 53 32
v 17736 6 2
v 17737 7 4
v 17738 66 31
v 17739 16 7
v 17740 49 28
v 17741 15 5
v 17742 23 14
v 17743 26 17
v 17744 43 16
v 17745 4 2
v 17746 6 3
v 17747 18 7
v 17748 29 18
v 17749 94 43
v 17750 116 51
v 17751 49 25
v 17752 14 7
v 17753 8 1
v 17754 60 28
v 17755 38 17
v 17756 9 5
v 17757 26 16
v 17758 26 18
v 17759 2 2
v 17760 109 57
v 17761 18 12
v 17762 52 24
v 17763 5 3
v 17764 70 34
v 17765 42 22
v 17766 5 4
v 17767 5 2
v 17768 7 5
v 17769 65 32
v 17770 101 41
v 17771 88 39
v 17772 86 54
v 17773 59 33
v 17774 29 20
v 17775 29 11
v 17776 120 59
v 17777 8 4
v 17778 6 2
v 17783 120 57
v 17784 69 34
v 17785 49 27
v 17787 159 87
v 17790 38 21
v 17792 68 41
v 17793 22 11
v 17795 63 38
v 17799 70 33
v 17800 9 3
v 17801 27 15
v 17802 7 4
v 17809 34 11
v 17819 69 31
v 17991 16 7
v 17992 6 1
v 17994 30 11
v 17995 6 3
v 17996 17 7
v 17997 4 3
v 17998 8 4
v 17999 7 3
v 18000 7 2
v 18001 3 3
v 18002 2 1
v 18003 8 1
v 18004 16 4
v 18005 27 12
v 18006 40 17
v 18007 18 8
v 18008 9 1
v 18009 1 0
v 18010 14 4
v 18011 10 4
v 18012 1 0
v 18013 10 3
v 18014 3 2
v 18015 5 2
v 18016 22 10
v 18017 9 2
v 18018 23 14
v 18019 3 0
v 18020 21 6
v 18021 12 8
v 18022 2 0
v 18023 2 1
v 18024 9 4
v 18025 31 14
v 18026 29 16
v 18027 18 10
v 18028 27 14
v 18029 8 2
v 18030 14 6
v 18031 10 4
v 18032 15 6
v 18033 2 0
v 18034 6 2
v 18039 40 13
v 18040 15 5
v 18041 18 8
v 18043 43 22
v 18046 18 9
v 18048 24 10
v 18049 9 4
v 18051 22 10
v 18055 23 8
v 18056 5 0
v 18057 8 3
v 18058 6 1
v 18065 13 4
v 18075 7 3
v 18248 15 6
v 18249 10 2
v 18250 63 29
v 18251 22 15
v 18252 44 24
v 18253 16 8
v 18254 21 10
v 18255 36 15
v 18256 23 10
v 18257 4 2
v 18258 8 4
v 18259 31 13
v 18260 28 15
v 18261 74 40
v 18262 133 56
v 18263 55 25
v 18264 26 14
v 18265 2 1
v 18266 41 13
v 18267 26 13
v 18268 3 3
v 18269 20 9
v 18270 4 2
v 18271 9 5
v 18272 55 31
v 18273 17 11
v 18274 41 22
v 18275 8 6
v 18276 74 39
v 18277 33 17
v 18278 1 1
v 18279 2 2
v 18280 12 7
v 18281 64 28
v 18282 94 47
v 18283 44 21
v 18284 98 54
v 18285 25 11
v 18286 33 16
v 18287 20 12
v 18288 72 30
v 18289 6 4
v 18290 10 6
v 18295 109 44
v 18296 45 24
v 18297 41 20
v 18299 118 66
v 18302 37 18
v 18304 62 34
v 18305 21 12
v 18307 45 21
v 18311 63 38
v 18312 14 8
v 18313 17 9
v 18314 9 4
v 18321 32 11
v 18331 35 10
v 18506 16 10
v 18507 1 0
v 18508 9 6
v 18509 5 1
v 18510 5 2
v 18511 4 2
v 18512 7 4
v 18513 2 1
v 18514 1 1
v 18515 2 1
v 18517 20 12
v 18518 23 12
v 18519 10 4
v 18520 5 3
v 18522 5 1
v 18523 3 2
v 18525 5 3
v 18526 1 0
v 18528 8 3
v 18529 5 2
v 18530 7 4
v 18531 2 2
v 18532 23 12
v 18533 6 3
v 18534 2 0
v 18536 2 1
v 18537 12 6
v 18538 17 9
v 18539 13 3
v 18540 5 3
v 18541 11 6
v 18542 6 2
v 18543 2 0
v 18544 20 9
v 18545 1 0
v 18546 2 0
v 18551 27 15
v 18552 8 4
v 18553 4 3
v 18555 18 7
v 18558 9 6
v 18560 15 6
v 18561 3 2
v 18563 15 10
v 18567 13 9
v 18568 2 1
v 18569 2 1
v 18570 8 6
v 18577 5 2
v 18587 7 4
v 18762 9 3
v 18763 4 4
v 18764 5 3
v 18765 1 0
v 18766 1 0
v 18767 1 1
v 18768 4 1
v 18770 1 0
v 18771 1 1
v 18772 3 1
v 18773 11 5
v 18774 18 9
v 18775 12 6
v 18776 4 3
v 18777 1 0
v 18778 4 1
v 18779 3 2
v 18781 5 4
v 18782 2 2
v 18783 2 1
v 18784 5 2
v 18785 2 0
v 18786 5 4
v 18787 1 1
v 18788 11 3
v 18789 6 1
v 18791 2 0
v 18792 3 2
v 18793 8 5
v 18794 12 4
v 18795 5 1
v 18796 8 3
v 18797 5 3
v 18798 4 2
v 18799 5 2
v 18800 15 7
v 18801 2 1
v 18807 8 5
v 18808 5 1
v 18809 2 0
v 18811 18 6
v 18814 7 4
v 18816 14 8
v 18817 2 1
v 18819 4 2
v 18823 12 6
v 18824 2 0
v 18825 1 0
v 18826 4 2
v 18833 9 5
v 18843 3 0
v 19019 22 13
v 19020 35 15
v 19021 20 6
v 19022 25 15
v 19023 44 26
v 19024 34 22
v 19025 4 3
v 19026 3 2
v 19027 31 14
v 19028 45 25
v 19029 105 57
v 19030 144 66
v 19031 47 30
v 19032 23 14
v 19033 3 1
v 19034 46 20
v 19035 27 15
v 19036 5 3
v 19037 25 9
v 19038 6 4
v 19039 10 5
v 19040 68 32
v 19041 16 7
v 19042 46 23
v 19043 7 4
v 19044 105 54
v 19045 26 16
v 19046 6 3
v 19047 5 2
v 19048 15 9
v 19049 68 37
v 19050 102 51
v 19051 72 31
v 19052 95 58
v 19053 43 21
v 19054 38 18
v 19055 20 9
v 19056 105 47
v 19057 10 7
v 19058 11 5
v 19063 126 65
v 19064 107 49
v 19065 42 20
v 19067 131 68
v 19070 69 36
v 19072 84 48
v 19073 33 18
v 19075 70 36
v 19079 77 35
v 19080 11 6
v 19081 8 4
v 19082 10 5
v 19089 50 21
v 19099 40 17
v 19276 10 5
v 19277 11 1
v 19278 4 3
v 19279 6 3
v 19280 8 1
v 19281 2 0
v 19282 2 2
v 19283 4 0
v 19284 13 6
v 19285 19 11
v 19286 48 23
v 19287 14 6
v 19288 8 2
v 19289 2 1
v 19290 13 6
v 19291 11 4
v 19292 2 1
v 19293 11 6
v 19294 1 0
v 19295 2 1
v 19296 9 5
v 19297 6 5
v 19298 7 4
v 19299 5 2
v 19300 20 7
v 19301 7 2
v 19302 3 2
v 19304 8 6
v 19305 11 5
v 19306 21 8
v 19307 17 5
v 19308 20 11
v 19309 9 3
v 19310 9 6
v 19311 11 5
v 19312 28 13
v 19314 3 2
v 19319 19 11
v 19320 15 5
v 19321 19 7
v 19323 22 9
v 19326 9 3
v 19328 32 18
v 19329 7 3
v 19331 22 9
v 19335 35 15
v 19336 4 2
v 19337 4 1
v 19338 3 0
v 19345 9 4
v 19355 11 4
v 19533 7 5
v 19534 13 6
v 19535 16 9
v 19536 21 6
v 19537 5 1
v 19538 3 1
v 19539 18 8
v 19540 17 9
v 19541 60 29
v 19542 93 47
v 19543 37 20
v 19544 33 15
v 19545 5 2
v 19546 28 11
v 19547 18 8
v 19548 2 1
v 19549 19 12
v 19550 4 3
v 19551 4 1
v 19552 37 21
v 19553 12 5
v 19554 28 11
v 19555 2 1
v 19556 40 22
v 19557 24 16
v 19558 1 0
v 19559 2 1
v 19560 8 4
v 19561 52 23
v 19562 51 23
v 19563 38 19
v 19564 38 26
v 19565 23 13
v 19566 19 8
v 19567 6 5
v 19568 68 35
v 19569 7 5
v 19570 10 2
v 19575 73 34
v 19576 45 25
v 19577 32 19
v 19579 91 42
v 19582 15 7
v 19584 43 27
v 19585 19 10
v 19587 40 25
v 19591 47 25
v 19592 6 5
v 19593 14 7
v 19594 10 6
v 19601 32 17
v 19611 30 15
v 19790 5 2
v 19791 6 3
v 19792 9 4
v 19794 3 0
v 19795 4 1
v 19796 5 4
v 19797 23 15
v 19798 38 25
v 19799 12 7
v 19800 4 3
v 19801 14 4
v 19802 15 9
v 19803 7 4
v 19804 3 2
v 19805 8 1
v 19806 1 1
v 19807 7 4
v 19808 20 9
v 19809 2 2
v 19810 13 6
v 19811 2 1
v 19812 11 4
v 19813 8 6
v 19814 1 1
v 19817 22 11
v 19818 21 13
v 19819 19 7
v 19820 27 16
v 19821 29 19
v 19822 5 3
v 19823 7 6
v 19824 16 7
v 19825 1 1
v 19826 2 1
v 19831 28 12
v 19832 24 10
v 19833 11 7
v 19835 27 14
v 19838 5 4
v 19840 16 10
v 19841 7 7
v 19843 14 10
v 19847 11 10
v 19848 1 1
v 19849 4 2
v 19857 8 4
v 19867 14 10
v 20047 4 3
v 20048 2 2
v 20049 1 1
v 20050 1 1
v 20051 9 4
v 20052 11 7
v 20053 25 16
v 20054 54 33
v 20055 24 21
v 20056 16 10
v 20057 1 1
v 20058 20 11
v 20059 13 5
v 20060 1 1
v 20061 19 10
v 20062 2 1
v 20063 2 1
v 20064 28 16
v 20065 3 3
v 20066 22 14
v 20067 3 3
v 20068 13 6
v 20069 11 5
v 20070 1 1
v 20072 5 2
v 20073 25 11
v 20074 28 13
v 20075 30 15
v 20076 27 17
v 20077 9 5
v 20078 10 8
v 20079 9 5
v 20080 39 20
v 20081 2 2
v 20082 3 0
v 20087 48 24
v 20088 34 16
v 20089 18 9
v 20091 48 29
v 20094 15 12
v 20096 31 20
v 20097 15 6
v 20099 23 17
v 20103 32 15
v 20104 5 4
v 20105 8 5
v 20106 3 2
v 20113 14 8
v 20123 14 9
v 20304 13 4
v 20306 3 0
v 20307 17 10
v 20308 12 6
v 20309 37 15
v 20310 47 22
v 20311 33 16
v 20312 14 6
v 20313 2 1
v 20314 20 6
v 20315 7 3
v 20316 1 1
v 20317 10 5
v 20318 6 4
v 20319 4 1
v 20320 34 12
v 20321 7 6
v 20322 11 5
v 20323 2 1
v 20324 26 10
v 20325 19 11
v 20327 2 1
v 20328 4 3
v 20329 22 11
v 20330 38 18
v 20331 27 11
v 20332 33 19
v 20333 13 8
v 20334 12 2
v 20335 8 4
v 20336 44 18
v 20337 2 2
v 20338 1 1
v 20343 43 19
v 20344 28 8
v 20345 18 10
v 20347 56 25
v 20350 13 7
v 20352 34 18
v 20353 9 4
v 20355 34 11
v 20359 25 7
v 20360 4 1
v 20361 7 3
v 20362 4 1
v 20369 17 10
v 20379 18 7
v 20561 2 1
v 20562 2 0
v 20563 13 3
v 20564 8 2
v 20565 42 27
v 20566 45 25
v 20567 16 7
v 20568 6 3
v 20569 4 1
v 20570 26 11
v 20571 12 6
v 20573 15 9
v 20575 1 1
v 20576 46 24
v 20577 7 4
v 20578 15 11
v 20579 9 8
v 20580 28 14
v 20581 16 7
v 20582 1 0
v 20583 4 2
v 20584 7 3
v 20585 35 18
v 20586 48 27
v 20587 33 19
v 20588 48 28
v 20589 22 11
v 20590 22 14
v 20591 7 2
v 20592 59 28
v 20593 3 2
v 20594 6 2
v 20599 58 29
v 20600 42 17
v 20601 19 13
v 20603 85 58
v 20606 16 10
v 20608 33 17
v 20609 5 2
v 20611 26 14
v 20615 37 21
v 20616 5 3
v 20617 6 2
v 20618 5 2
v 20625 27 20
v 20635 15 7
v 20818 2 0
v 20819 6 3
v 20820 2 1
v 20821 3 1
v 20822 10 2
v 20823 2 0
v 20824 4 3
v 20826 2 1
v 20827 2 2
v 20828 2 1
v 20829 1 1
v 20830 1 0
v 20831 1 1
v 20832 4 4
v 20833 5 4
v 20834 4 0
v 20836 8 4
v 20837 3 0
v 20838 2 1
v 20839 2 2
v 20840 3 3
v 20841 6 4
v 20842 3 1
v 20843 7 6
v 20844 3 3
v 20846 2 1
v 20847 1 1
v 20848 4 3
v 20855 7 4
v 20856 6 2
v 20857 3 1
v 20859 8 4
v 20862 3 2
v 20864 11 5
v 20867 6 3
v 20871 8 3
v 20873 4 1
v 20874 2 1
v 20881 1 1
v 20891 8 4
v 21075 2 0
v 21076 2 1
v 21077 8 6
v 21078 10 8
v 21079 4 3
v 21080 2 1
v 21082 5 3
v 21083 4 2
v 21085 3 2
v 21087 1 1
v 21089 1 0
v 21090 5 3
v 21091 2 1
v 21092 2 1
v 21093 2 2
v 21095 3 2
v 21097 2 0
v 21098 3 2
v 21099 7 2
v 21100 2 2
v 21101 2 1
v 21102 3 2
v 21103 2 1
v 21104 7 3
v 21105 1 1
v 21106 2 1
v 21111 5 3
v 21112 3 2
v 21113 4 3
v 21115 10 6
v 21118 3 1
v 21120 9 4
v 21121 2 0
v 21123 6 3
v 21127 11 8
v 21128 1 1
v 21129 2 1
v 21130 2 2
v 21137 2 1
v 21147 2 2
v 21332 15 10
v 21333 64 47
v 21334 54 37
v 21335 25 16
v 21336 8 6
v 21337 1 0
v 21338 22 16
v 21339 11 5
v 21340 2 2
v 21341 11 6
v 21342 3 1
v 21343 3 2
v 21344 32 15
v 21345 14 8
v 21346 34 22
v 21347 1 1
v 21348 43 19
v 21349 18 8
v 21350 4 1
v 21351 3 2
v 21352 5 4
v 21353 32 18
v 21354 45 24
v 21355 32 18
v 21356 59 39
v 21357 20 10
v 21358 24 11
v 21359 9 4
v 21360 41 21
v 21361 4 1
v 21362 3 2
v 21367 35 17
v 21368 23 14
v 21369 19 11
v 21371 62 45
v 21374 15 11
v 21376 38 23
v 21377 8 7
v 21379 42 29
v 21383 52 36
v 21384 6 4
v 21385 11 4
v 21386 7 2
v 21393 16 10
v 21403 28 13
v 21589 54 25
v 21590 82 38
v 21591 34 19
v 21592 10 6
v 21593 4 2
v 21594 23 7
v 21595 18 6
v 21596 3 2
v 21597 17 7
v 21598 3 2
v 21599 4 2
v 21600 20 9
v 21601 12 5
v 21602 24 10
v 21603 7 5
v 21604 30 18
v 21605 28 15
v 21606 1 1
v 21607 4 2
v 21608 9 6
v 21609 26 13
v 21610 44 19
v 21611 29 17
v 21612 36 24
v 21613 31 12
v 21614 12 7
v 21615 10 5
v 21616 40 23
v 21617 3 2
v 21618 6 3
v 21623 41 18
v 21624 27 16
v 21625 24 13
v 21627 51 22
v 21630 18 11
v 21632 45 25
v 21633 26 16
v 21635 28 14
v 21639 51 21
v 21640 12 5
v 21641 10 3
v 21642 17 9
v 21649 28 14
v 21659 21 10
v 21846 223 105
v 21847 55 27
v 21848 25 12
v 21849 9 3
v 21850 75 24
v 21851 35 17
v 21852 2 0
v 21853 53 21
v 21854 13 5
v 21855 9 3
v 21856 127 70
v 21857 29 12
v 21858 74 31
v 21859 6 2
v 21860 136 72
v 21861 28 14
v 21862 3 2
v 21863 13 6
v 21864 8 4
v 21865 87 40
v 21866 148 62
v 21867 102 42
v 21868 142 68
v 21869 61 28
v 21870 59 27
v 21871 20 14
v 21872 161 62
v 21873 14 4
v 21874 17 9
v 21879 146 52
v 21880 74 26
v 21881 50 25
v 21883 190 97
v 21886 47 18
v 21888 155 76
v 21889 26 13
v 21891 107 43
v 21895 95 50
v 21896 22 10
v 21897 43 21
v 21898 17 4
v 21905 63 34
v 21915 57 16
v 22103 104 62
v 22104 44 19
v 22105 13 5
v 22106 107 51
v 22107 53 26
v 22108 14 9
v 22109 70 35
v 22110 12 8
v 22111 19 8
v 22112 127 56
v 22113 29 18
v 22114 72 30
v 22115 22 11
v 22116 169 79
v 22117 78 48
v 22118 6 6
v 22119 10 3
v 22120 19 10
v 22121 167 79
v 22122 183 86
v 22123 105 47
v 22124 144 89
v 22125 98 53
v 22126 78 46
v 22127 32 17
v 22128 183 75
v 22129 7 4
v 22130 24 10
v 22135 222 107
v 22136 108 64
v 22137 95 58
v 22139 292 140
v 22142 60 34
v 22144 157 93
v 22145 47 31
v 22147 152 79
v 22151 156 81
v 22152 33 14
v 22153 26 13
v 22154 24 9
v 22161 62 29
v 22171 64 29
v 22360 18 7
v 22361 5 1
v 22362 37 6
v 22363 27 9
v 22364 5 2
v 22365 20 12
v 22366 7 3
v 22367 6 4
v 22368 47 23
v 22369 15 5
v 22370 26 10
v 22371 8 6
v 22372 57 31
v 22373 27 18
v 22374 3 1
v 22375 3 1
v 22376 11 7
v 22377 30 16
v 22378 76 39
v 22379 54 24
v 22380 60 35
v 22381 32 11
v 22382 19 8
v 22383 19 8
v 22384 70 29
v 22385 7 3
v 22386 9 4
v 22391 73 29
v 22392 52 25
v 22393 23 12
v 22395 109 59
v 22398 29 13
v 22400 55 28
v 22401 8 5
v 22403 51 26
v 22407 60 27
v 22408 9 1
v 22409 9 7
v 22410 11 4
v 22417 27 8
v 22427 27 7
v 22617 2 1
v 22618 21 8
v 22619 2 1
v 22620 2 1
v 22621 13 4
v 22622 4 2
v 22623 2 0
v 22624 21 13
v 22625 12 8
v 22626 10 4
v 22627 5 4
v 22628 27 15
v 22629 13 6
v 22630 1 0
v 22632 7 6
v 22633 31 17
v 22634 30 16
v 22635 21 13
v 22636 19 13
v 22637 8 6
v 22638 14 10
v 22639 15 8
v 22640 21 5
v 22642 3 0
v 22647 44 24
v 22648 21 9
v 22649 11 6
v 22651 33 18
v 22654 11 5
v 22656 28 17
v 22657 6 3
v 22659 12 3
v 22663 38 20
v 22664 4 2
v 22665 5 4
v 22666 2 0
v 22673 20 11
v 22683 17 7
v 22874 5 3
v 22875 3 3
v 22876 1 0
v 22877 9 4
v 22878 1 0
v 22879 1 0
v 22880 1 0
v 22882 2 0
v 22884 5 4
v 22885 4 2
v 22887 1 0
v 22888 1 1
v 22889 3 1
v 22890 6 1
v 22891 8 5
v 22892 1 1
v 22893 4 4
v 22894 3 1
v 22895 1 0
v 22896 11 5
v 22898 2 0
v 22903 12 9
v 22904 5 5
v 22905 2 1
v 22907 10 6
v 22910 2 1
v 22912 8 7
v 22913 3 2
v 22915 4 4
v 22922 1 0
v 22929 3 2
v 22939 4 3
v 23131 16 6
v 23132 1 0
v 23133 29 18
v 23134 5 3
v 23135 3 1
v 23136 45 29
v 23137 11 6
v 23138 30 12
v 23139 3 1
v 23140 59 35
v 23141 26 17
v 23142 1 1
v 23143 2 0
v 23144 11 6
v 23145 47 25
v 23146 90 45
v 23147 64 40
v 23148 60 39
v 23149 27 17
v 23150 18 10
v 23151 10 7
v 23152 80 42
v 23153 4 1
v 23154 5 2
v 23159 99 48
v 23160 43 21
v 23161 26 17
v 23163 127 81
v 23166 31 21
v 23168 63 38
v 23169 17 12
v 23171 48 25
v 23175 43 28
v 23176 3 0
v 23177 16 9
v 23178 4 1
v 23185 38 22
v 23195 43 25
v 23388 2 1
v 23389 10 4
v 23390 2 1
v 23391 7 4
v 23392 28 14
v 23393 16 10
v 23394 23 17
v 23395 2 2
v 23396 33 17
v 23397 10 6
v 23398 2 2
v 23399 2 1
v 23400 3 3
v 23401 23 11
v 23402 52 33
v 23403 27 10
v 23404 41 25
v 23405 19 11
v 23406 18 9
v 23407 5 3
v 23408 59 31
v 23409 3 3
v 23410 1 1
v 23415 46 23
v 23416 25 15
v 23417 23 13
v 23419 56 30
v 23422 10 4
v 23424 25 15
v 23425 11 9
v 23427 32 19
v 23431 30 16
v 23432 7 5
v 23433 13 6
v 23434 6 2
v 23441 18 6
v 23451 12 4
v 23645 3 2
v 23646 1 0
v 23648 6 3
v 23649 3 1
v 23650 4 2
v 23652 2 1
v 23653 4 1
v 23655 1 0
v 23656 2 1
v 23657 3 2
v 23658 2 0
v 23659 4 2
v 23660 9 4
v 23661 3 2
v 23662 5 1
v 23663 1 1
v 23664 7 2
v 23665 1 0
v 23666 1 1
v 23671 9 5
v 23672 6 3
v 23673 5 4
v 23675 10 6
v 23678 3 0
v 23680 6 4
v 23683 4 2
v 23687 5 4
v 23689 1 1
v 23690 3 1
v 23697 1 1
v 23707 1 1
v 23902 7 5
v 23903 5 3
v 23904 25 17
v 23905 6 3
v 23906 18 7
v 23907 9 5
v 23908 32 15
v 23909 19 11
v 23910 3 1
v 23911 2 1
v 23912 9 3
v 23913 25 14
v 23914 170 106
v 23915 36 15
v 23916 52 41
v 23917 16 8
v 23918 12 8
v 23919 12 8
v 23920 62 30
v 23921 2 2
v 23922 9 6
v 23927 55 27
v 23928 22 14
v 23929 14 6
v 23931 80 61
v 23934 18 14
v 23936 35 21
v 23937 13 7
v 23939 32 13
v 23943 24 8
v 23944 1 0
v 23945 15 8
v 23946 4 2
v 23953 14 6
v 23963 26 13
v 24159 1 0
v 24160 1 1
v 24161 1 1
v 24162 7 2
v 24164 7 2
v 24165 3 2
v 24166 1 1
v 24167 2 1
v 24169 8 3
v 24170 12 7
v 24171 6 4
v 24172 10 3
v 24173 2 1
v 24174 7 2
v 24175 6 3
v 24176 8 5
v 24177 1 0
v 24178 2 0
v 24183 14 2
v 24184 4 1
v 24185 6 3
v 24187 13 6
v 24190 4 3
v 24192 15 7
v 24193 8 4
v 24195 11 5
v 24199 12 7
v 24201 2 1
v 24202 1 1
v 24209 3 1
v 24219 4 1
v 24417 3 3
v 24418 3 1
v 24419 1 1
v 24420 3 3
v 24421 9 5
v 24422 2 2
v 24424 2 1
v 24425 4 3
v 24426 17 9
v 24427 8 3
v 24428 7 5
v 24429 1 0
v 24431 2 1
v 24432 8 6
v 24433 2 1
v 24439 8 3
v 24440 2 1
v 24441 5 5
v 24443 16 6
v 24446 3 3
v 24448 10 7
v 24449 6 5
v 24451 5 3
v 24455 7 2
v 24456 2 2
v 24457 2 2
v 24465 7 4
v 24475 3 0
v 24673 18 9
v 24674 58 30
v 24675 6 3
v 24676 65 36
v 24677 35 23
v 24678 3 2
v 24679 4 3
v 24680 9 4
v 24681 78 37
v 24682 119 61
v 24683 90 46
v 24684 90 51
v 24685 42 18
v 24686 37 20
v 24687 11 5
v 24688 110 42
v 24689 5 2
v 24690 5 2
v 24695 143 65
v 24696 52 19
v 24697 34 13
v 24699 146 76
v 24702 41 16
v 24704 78 44
v 24705 27 18
v 24707 61 30
v 24711 76 34
v 24712 12 3
v 24713 11 6
v 24714 6 3
v 24721 64 27
v 24731 48 25
v 24930 14 8
v 24931 4 3
v 24932 27 10
v 24933 7 6
v 24934 1 1
v 24935 3 0
v 24936 5 2
v 24937 14 4
v 24938 29 16
v 24939 20 11
v 24940 19 9
v 24941 8 4
v 24942 12 5
v 24943 11 4
v 24944 18 5
v 24945 1 0
v 24946 5 3
v 24951 24 11
v 24952 16 6
v 24953 13 6
v 24955 44 15
v 24958 11 4
v 24960 28 15
v 24961 11 6
v 24963 18 9
v 24967 22 9
v 24968 3 1
v 24969 3 2
v 24970 3 1
v 24977 12 4
v 24987 5 2
v 25187 9 5
v 25188 66 36
v 25189 18 10
v 25191 1 1
v 25192 1 1
v 25193 47 25
v 25194 45 19
v 25195 57 23
v 25196 64 40
v 25197 25 16
v 25198 16 5
v 25199 9 3
v 25200 90 41
v 25201 4 2
v 25202 8 3
v 25207 92 36
v 25208 41 21
v 25209 21 11
v 25211 83 50
v 25214 19 4
v 25216 57 35
v 25217 8 5
v 25219 44 27
v 25223 48 21
v 25224 4 3
v 25225 10 6
v 25226 12 5
v 25233 30 19
v 25243 28 15
v 25444 20 7
v 25445 4 1
v 25447 1 1
v 25448 2 0
v 25449 4 0
v 25450 12 4
v 25451 3 1
v 25452 9 6
v 25453 3 1
v 25454 4 2
v 25455 1 0
v 25456 12 3
v 25457 1 0
v 25463 12 1
v 25464 5 1
v 25465 4 3
v 25467 10 2
v 25470 6 1
v 25472 13 8
v 25473 4 1
v 25475 9 4
v 25479 6 3
v 25480 2 1
v 25481 3 0
v 25482 3 0
v 25489 9 3
v 25499 7 1
v 25701 44 22
v 25702 5 2
v 25703 7 3
v 25704 9 8
v 25705 90 49
v 25706 117 44
v 25707 89 38
v 25708 132 72
v 25709 56 28
v 25710 44 24
v 25711 25 15
v 25712 111 47
v 25713 5 4
v 25714 4 1
v 25719 128 63
v 25720 71 41
v 25721 46 27
v 25723 151 70
v 25726 42 24
v 25728 102 63
v 25729 46 24
v 25731 90 42
v 25735 92 42
v 25736 12 10
v 25737 20 10
v 25738 12 4
v 25745 43 17
v 25755 48 22
v 25958 5 2
v 25959 3 2
v 25960 8 4
v 25961 23 12
v 25962 45 14
v 25963 25 15
v 25964 40 20
v 25965 10 5
v 25966 28 17
v 25967 7 5
v 25968 51 23
v 25969 4 0
v 25970 4 3
v 25975 42 20
v 25976 26 10
v 25977 28 10
v 25979 59 27
v 25982 12 5
v 25984 33 20
v 25985 21 10
v 25987 28 14
v 25991 37 18
v 25992 4 1
v 25993 13 8
v 25994 7 2
v 26001 11 3
v 26011 17 7
v 26216 2 1
v 26218 5 2
v 26219 6 3
v 26220 2 0
v 26221 2 1
v 26222 4 2
v 26223 1 0
v 26224 4 3
v 26226 2 1
v 26231 2 1
v 26232 3 2
v 26233 3 2
v 26235 3 1
v 26238 2 1
v 26240 4 1
v 26243 3 1
v 26247 4 4
v 26249 2 2
v 26250 3 3
v 26257 3 1
v 26267 2 1
v 26472 1 0
v 26473 5 3
v 26474 10 6
v 26475 8 4
v 26476 6 2
v 26477 1 0
v 26478 2 0
v 26479 1 1
v 26480 9 3
v 26481 2 2
v 26487 6 4
v 26488 5 5
v 26489 3 1
v 26491 12 6
v 26496 4 3
v 26497 2 1
v 26499 7 6
v 26503 7 7
v 26505 4 2
v 26506 3 3
v 26513 3 2
v 26523 6 2
v 26729 9 3
v 26730 16 8
v 26731 6 4
v 26732 19 13
v 26733 3 2
v 26734 13 7
v 26736 1 0
v 26737 3 3
v 26738 6 3
v 26743 14 4
v 26744 9 6
v 26745 8 3
v 26747 18 10
v 26750 2 1
v 26752 16 10
v 26753 3 2
v 26755 6 2
v 26759 21 8
v 26760 2 0
v 26761 5 4
v 26762 3 0
v 26769 12 6
v 26779 3 1
v 26986 105 55
v 26987 74 39
v 26988 80 50
v 26989 44 21
v 26990 38 15
v 26991 22 9
v 26992 127 62
v 26993 4 3
v 26994 5 3
v 26999 135 70
v 27000 95 51
v 27001 37 23
v 27003 174 100
v 27006 33 18
v 27008 66 35
v 27009 24 10
v 27011 85 45
v 27015 60 31
v 27016 11 7
v 27017 22 13
v 27018 8 5
v 27025 46 25
v 27035 44 20
v 27243 161 94
v 27244 144 80
v 27245 66 36
v 27246 36 17
v 27247 29 8
v 27248 169 78
v 27249 4 1
v 27250 31 14
v 27255 186 71
v 27256 108 62
v 27257 57 35
v 27259 224 131
v 27262 25 14
v 27264 103 60
v 27265 32 20
v 27267 90 52
v 27271 89 45
v 27272 13 9
v 27273 28 17
v 27274 21 12
v 27281 64 28
v 27291 75 33
v 27500 91 55
v 27501 40 26
v 27502 35 20
v 27503 26 15
v 27504 96 41
v 27505 3 0
v 27506 15 10
v 27511 129 69
v 27512 77 40
v 27513 51 34
v 27515 177 95
v 27518 21 11
v 27520 67 36
v 27521 15 8
v 27523 70 40
v 27527 73 43
v 27528 11 4
v 27529 21 12
v 27530 16 7
v 27537 59 26
v 27547 62 23
v 27757 41 22
v 27758 28 14
v 27759 14 6
v 27760 129 38
v 27761 9 5
v 27762 14 4
v 27767 118 52
v 27768 79 29
v 27769 25 9
v 27771 173 74
v 27774 28 12
v 27776 104 41
v 27777 22 11
v 27779 81 31
v 27783 108 49
v 27784 13 4
v 27785 13 4
v 27786 14 6
v 27793 39 16
v 27803 66 23
v 28014 13 6
v 28015 11 8
v 28016 58 24
v 28017 1 1
v 28018 12 6
v 28023 66 30
v 28024 50 26
v 28025 23 11
v 28027 116 61
v 28030 18 10
v 28032 43 25
v 28033 9 3
v 28035 51 28
v 28039 32 20
v 28040 7 5
v 28041 6 1
v 28042 13 3
v 28049 30 16
v 28059 37 15
v 28271 5 3
v 28272 54 22
v 28273 4 3
v 28274 5 2
v 28279 40 20
v 28280 26 8
v 28281 26 12
v 28283 61 29
v 28286 12 8
v 28288 69 44
v 28289 16 10
v 28291 26 19
v 28295 32 14
v 28296 12 6
v 28297 9 5
v 28298 10 3
v 28305 20 13
v 28315 17 9
v 28528 20 7
v 28529 2 1
v 28530 3 2
v 28535 27 14
v 28536 25 7
v 28537 22 13
v 28539 38 19
v 28542 11 7
v 28544 15 5
v 28545 4 3
v 28547 28 15
v 28551 22 11
v 28552 5 3
v 28553 4 3
v 28554 6 1
v 28561 13 8
v 28571 5 1
v 28785 8 5
v 28786 8 4
v 28791 210 120
v 28792 64 34
v 28793 47 31
v 28795 237 137
v 28798 42 28
v 28800 104 63
v 28801 33 20
v 28803 108 69
v 28807 73 53
v 28808 14 7
v 28809 28 15
v 28810 25 14
v 28817 69 33
v 28827 83 40
v 29047 11 6
v 29048 5 3
v 29049 5 0
v 29051 13 7
v 29054 2 2
v 29056 5 5
v 29057 1 1
v 29059 5 1
v 29063 7 2
v 29064 1 0
v 29065 1 1
v 29066 3 2
v 29073 3 3
v 29083 2 0
v 29303 12 8
v 29304 14 9
v 29305 10 5
v 29307 27 16
v 29310 5 1
v 29312 11 5
v 29313 4 3
v 29315 13 5
v 29319 17 5
v 29320 4 2
v 29321 2 1
v 29322 1 1
v 29329 5 2
v 29339 6 1
v 30584 118 60
v 30585 62 41
v 30587 362 197
v 30590 58 34
v 30592 113 59
v 30593 32 17
v 30595 128 80
v 30599 140 78
v 30600 19 9
v 30601 24 9
v 30602 18 10
v 30609 94 42
v 30619 75 34
v 30841 39 16
v 30843 149 77
v 30846 36 18
v 30848 72 35
v 30849 19 9
v 30851 75 45
v 30855 62 25
v 30856 13 5
v 30857 25 7
v 30858 9 1
v 30865 28 15
v 30875 58 15
v 31099 81 42
v 31102 23 11
v 31104 63 26
v 31105 14 7
v 31107 35 15
v 31111 46 21
v 31112 7 5
v 31113 14 5
v 31114 9 4
v 31121 23 11
v 31131 20 10
v 31614 47 17
v 31616 139 85
v 31617 40 17
v 31619 166 87
v 31623 136 65
v 31624 18 9
v 31625 34 14
v 31626 22 12
v 31633 91 41
v 31643 96 33
v 32384 49 26
v 32385 13 6
v 32387 26 14
v 32391 37 17
v 32392 8 3
v 32393 6 6
v 32394 5 2
v 32401 16 9
v 32411 12 7
v 32897 33 20
v 32899 74 31
v 32903 66 35
v 32904 9 6
v 32905 18 10
v 32906 17 7
v 32913 57 28
v 32923 30 8
v 33155 29 10
v 33159 17 5
v 33160 4 1
v 33161 5 4
v 33162 4 1
v 33169 10 4
v 33179 8 2
v 33671 74 37
v 33672 11 6
v 33673 21 7
v 33674 13 6
v 33681 40 19
v 33691 53 14
v 34696 15 6
v 34697 29 12
v 34698 16 9
v 34705 46 21
v 34715 44 16
v 34953 6 3
v 34954 3 1
v 34961 7 4
v 34971 6 1
v 35210 6 1
v 35217 10 4
v 35227 10 7
v 35473 14 9
v 35483 8 3
v 37275 45 25
s 258 13 4
s 259 3 2
s 261 4 3
s 263 7 4
s 264 1 1
s 265 16 5
s 267 3 1
s 269 8 3
s 270 7 2
s 271 4 1
s 272 4 2
s 273 5 2
s 275 3 2
s 276 6 2
s 277 8 1
s 278 1 1
s 279 3 0
s 281 18 6
s 282 16 3
s 283 3 2
s 284 3 0
s 285 5 2
s 286 10 2
s 287 16 5
s 288 1 0
s 289 9 5
s 290 2 0
s 291 5 1
s 292 10 3
s 293 8 1
s 294 5 1
s 295 9 1
s 296 1 1
s 297 1 0
s 298 1 1
s 299 8 4
s 300 1 0
s 302 1 1
s 303 3 0
s 304 1 0
s 305 21 11
s 306 3 2
s 307 6 2
s 308 1 0
s 309 3 2
s 310 1 0
s 311 13 5
s 313 1 0
s 314 2 0
s 316 10 2
s 318 10 3
s 320 2 0
s 321 5 2
s 322 2 2
s 323 1 0
s 324 1 0
s 325 12 5
s 327 11 3
s 328 2 1
s 330 10 5
s 331 3 1
s 332 4 2
s 333 2 0
s 334 5 3
s 335 3 1
s 339 4 0
s 340 13 8
s 341 13 6
s 342 36 14
s 343 9 2
s 344 8 4
s 346 6 3
s 347 3 1
s 349 2 0
s 352 15 6
s 353 7 4
s 354 11 2
s 356 10 5
s 357 10 5
s 358 1 1
s 359 4 3
s 360 2 1
s 361 16 9
s 362 17 8
s 363 6 3
s 364 16 6
s 366 9 4
s 367 5 2
s 368 31 15
s 370 2 0
s 375 17 10
s 376 11 7
s 377 10 3
s 379 23 11
s 382 6 1
s 384 16 4
s 385 3 0
s 387 12 5
s 391 17 11
s 392 3 1
s 393 3 0
s 401 6 3
s 411 10 5
s 515 42 16
s 516 2 1
s 517 31 13
s 518 18 6
s 519 15 5
s 520 41 21
s 521 141 79
s 522 9 5
s 523 91 40
s 524 36 14
s 525 21 11
s 526 22 10
s 527 18 8
s 528 10 2
s 529 27 18
s 530 44 23
s 531 33 14
s 532 16 3
s 533 95 52
s 534 21 9
s 535 7 5
s 537 82 35
s 538 70 27
s 539 20 3
s 540 9 3
s 541 2 1
s 542 36 22
s 543 56 24
s 544 5 3
s 545 4 3
s 546 5 2
s 547 17 9
s 548 54 27
s 549 10 5
s 550 1 0
s 551 30 9
s 552 9 4
s 553 17 10
s 554 11 5
s 555 22 10
s 556 7 3
s 557 3 2
s 558 26 9
s 559 17 7
s 560 57 25
s 561 41 22
s 562 12 3
s 563 30 14
s 564 7 3
s 565 47 23
s 566 115 56
s 567 2 2
s 568 13 4
s 569 1 1
s 570 15 9
s 571 14 10
s 572 1 1
s 573 4 2
s 574 39 22
s 575 10 6
s 576 14 9
s 577 5 3
s 578 2 2
s 579 34 17
s 580 7 2
s 581 10 6
s 582 18 8
s 583 38 11
s 584 10 6
s 585 5 0
s 586 70 40
s 587 22 10
s 588 46 21
s 590 3 1
s 591 33 13
s 592 18 11
s 593 3 1
s 594 3 0
s 595 36 18
s 596 33 15
s 597 77 35
s 598 136 56
s 599 59 30
s 600 15 5
s 601 8 4
s 602 38 20
s 603 21 12
s 604 1 1
s 605 26 11
s 606 8 3
s 607 8 3
s 608 5 2
s 609 6 3
s 610 8 2
s 611 3 2
s 612 70 35
s 613 85 45
s 614 2 1
s 615 2 1
s 617 64 32
s 618 80 34
s 619 54 24
s 620 4 1
s 621 43 16
s 622 36 17
s 623 14 8
s 624 74 37
s 625 8 8
s 626 11 4
s 631 101 57
s 632 44 16
s 633 41 19
s 635 130 52
s 638 31 17
s 640 76 33
s 641 1 1
s 643 57 23
s 647 8 3
s 648 11 6
s 649 13 7
s 650 18 9
s 657 32 13
s 667 11 9
s 772 4 2
s 774 14 5
s 775 18 10
s 776 14 7
s 777 100 51
s 778 7 5
s 779 84 43
s 780 23 8
s 781 27 18
s 782 21 7
s 783 10 8
s 784 9 4
s 785 30 13
s 786 38 23
s 787 38 18
s 788 3 1
s 789 58 26
s 790 3 1
s 791 10 5
s 793 59 28
s 794 10 6
s 795 3 1
s 796 39 24
s 797 22 10
s 798 3 0
s 799 2 1
s 800 3 1
s 801 16 7
s 802 7 3
s 803 4 0
s 804 48 27
s 805 1 1
s 806 17 9
s 807 7 3
s 809 14 7
s 810 2 1
s 811 3 1
s 812 4 2
s 813 2 1
s 814 9 5
s 815 17 9
s 816 39 19
s 817 33 14
s 818 1 0
s 819 13 7
s 820 4 1
s 821 25 12
s 822 73 36
s 823 60 28
s 824 13 7
s 826 3 1
s 827 3 1
s 828 30 17
s 829 2 2
s 830 27 16
s 831 3 2
s 832 5 4
s 833 6 5
s 834 3 2
s 835 16 5
s 836 4 1
s 837 73 38
s 838 13 7
s 839 20 11
s 840 9 2
s 841 3 1
s 842 49 24
s 843 3 1
s 844 18 8
s 845 14 10
s 846 19 9
s 847 7 3
s 848 26 13
s 849 4 2
s 850 2 2
s 851 1 0
s 852 5 3
s 853 27 14
s 854 56 31
s 855 1 1
s 856 10 7
s 857 7 6
s 858 45 29
s 859 17 10
s 860 2 1
s 861 27 19
s 862 1 0
s 863 1 1
s 864 48 19
s 865 5 2
s 866 45 26
s 867 3 2
s 868 20 12
s 869 9 3
s 871 3 1
s 872 2 2
s 873 23 11
s 874 84 42
s 875 63 35
s 876 56 25
s 877 40 20
s 878 12 8
s 879 5 1
s 880 7 6
s 881 2 1
s 882 3 1
s 887 92 58
s 888 57 36
s 889 19 10
s 891 91 39
s 894 17 8
s 896 43 25
s 897 10 8
s 899 18 8
s 903 45 22
s 904 3 2
s 905 8 4
s 906 12 5
s 913 34 23
s 923 42 22
s 1029 2 2
s 1030 1 1
s 1031 1 0
s 1033 8 4
s 1035 4 1
s 1036 2 1
s 1038 2 1
s 1039 1 0
s 1040 1 1
s 1041 1 0
s 1042 1 1
s 1043 1 1
s 1044 2 0
s 1045 4 2
s 1046 3 3
s 1047 1 0
s 1049 6 2
s 1050 4 1
s 1051 2 2
s 1052 3 3
s 1053 4 3
s 1054 3 2
s 1055 4 3
s 1057 2 2
s 1058 1 0
s 1060 3 1
s 1061 2 1
s 1063 6 5
s 1064 2 1
s 1067 1 1
s 1068 1 1
s 1069 1 1
s 1071 1 1
s 1073 2 1
s 1074 1 1
s 1075 6 3
s 1077 2 2
s 1079 5 2
s 1080 1 0
s 1082 1 0
s 1084 3 1
s 1086 4 1
s 1088 1 1
s 1092 1 0
s 1093 4 2
s 1095 2 2
s 1096 1 0
s 1097 1 1
s 1098 5 4
s 1099 3 2
s 1100 1 0
s 1101 4 3
s 1102 5 3
s 1103 3 3
s 1104 1 0
s 1106 1 1
s 1107 5 4
s 1108 1 1
s 1109 7 5
s 1110 12 6
s 1111 7 2
s 1114 3 0
s 1115 2 1
s 1116 1 1
s 1120 2 1
s 1121 2 1
s 1122 1 1
s 1123 1 0
s 1124 2 2
s 1125 4 3
s 1126 1 1
s 1128 1 1
s 1129 3 2
s 1130 12 7
s 1131 4 3
s 1132 11 5
s 1133 1 1
s 1134 2 1
s 1135 3 1
s 1136 3 2
s 1143 5 3
s 1144 4 2
s 1145 4 3
s 1147 11 4
s 1150 4 2
s 1152 5 3
s 1153 1 0
s 1155 4 1
s 1159 1 1
s 1160 1 1
s 1161 1 1
s 1169 1 1
s 1179 2 2
s 1286 5 3
s 1287 7 4
s 1288 14 10
s 1289 21 14
s 1290 4 2
s 1291 35 17
s 1292 11 7
s 1293 6 4
s 1294 18 13
s 1295 11 5
s 1296 3 2
s 1297 20 10
s 1298 19 13
s 1299 16 4
s 1300 1 1
s 1301 28 14
s 1302 9 5
s 1303 10 5
s 1305 36 21
s 1306 23 12
s 1307 5 3
s 1308 7 5
s 1309 8 6
s 1310 3 0
s 1311 2 1
s 1312 1 0
s 1313 9 3
s 1314 4 2
s 1315 6 3
s 1316 23 13
s 1318 11 5
s 1319 10 4
s 1320 1 1
s 1321 6 4
s 1322 3 2
s 1323 4 2
s 1324 3 3
s 1325 1 0
s 1326 13 9
s 1327 5 2
s 1328 32 12
s 1329 17 6
s 1331 11 4
s 1332 3 2
s 1333 27 16
s 1334 32 19
s 1335 21 13
s 1336 5 2
s 1338 3 3
s 1339 3 0
s 1340 13 10
s 1341 1 1
s 1342 15 8
s 1343 1 0
s 1344 3 2
s 1345 1 0
s 1346 1 0
s 1347 12 5
s 1349 23 15
s 1350 13 6
s 1351 23 17
s 1352 2 1
s 1353 4 2
s 1354 19 13
s 1355 2 1
s 1356 15 8
s 1357 6 6
s 1358 3 3
s 1359 9 4
s 1360 11 8
s 1361 1 0
s 1362 2 1
s 1363 1 1
s 1364 5 3
s 1365 12 5
s 1366 51 28
s 1367 3 3
s 1368 9 4
s 1369 1 1
s 1370 9 3
s 1371 6 4
s 1372 2 1
s 1373 17 6
s 1374 2 1
s 1375 7 4
s 1376 22 5
s 1377 4 1
s 1378 12 5
s 1379 6 0
s 1380 9 2
s 1381 15 7
s 1382 2 2
s 1384 5 2
s 1385 9 6
s 1386 32 20
s 1387 19 11
s 1388 21 10
s 1389 13 5
s 1390 6 4
s 1391 2 2
s 1392 1 0
s 1393 2 2
s 1394 7 4
s 1399 21 13
s 1400 14 8
s 1401 4 3
s 1403 23 9
s 1406 9 5
s 1408 19 6
s 1409 13 6
s 1411 11 7
s 1415 22 11
s 1416 3 1
s 1417 8 3
s 1418 3 2
s 1425 11 4
s 1435 10 6
s 1543 14 4
s 1545 41 21
s 1547 13 7
s 1549 12 4
s 1550 19 6
s 1551 1 1
s 1552 2 1
s 1553 19 10
s 1554 1 0
s 1555 7 1
s 1556 8 4
s 1557 17 8
s 1558 12 4
s 1559 7 3
s 1561 24 7
s 1562 22 5
s 1563 17 4
s 1564 20 12
s 1565 12 4
s 1566 8 4
s 1567 19 7
s 1568 1 0
s 1569 8 6
s 1570 4 2
s 1571 4 2
s 1572 17 5
s 1573 3 0
s 1574 6 5
s 1575 13 3
s 1576 2 0
s 1578 2 0
s 1579 7 1
s 1580 1 1
s 1581 1 0
s 1582 2 1
s 1583 5 3
s 1585 17 7
s 1586 4 0
s 1587 27 10
s 1589 6 4
s 1590 1 1
s 1591 25 11
s 1593 2 1
s 1594 4 2
s 1595 3 3
s 1596 24 11
s 1597 1 1
s 1598 19 12
s 1599 2 0
s 1600 14 6
s 1601 3 3
s 1604 3 2
s 1605 27 9
s 1606 1 0
s 1607 24 7
s 1608 1 0
s 1610 30 16
s 1611 8 4
s 1612 12 3
s 1613 3 1
s 1614 13 6
s 1615 9 5
s 1616 3 1
s 1617 1 1
s 1618 1 0
s 1619 33 20
s 1620 22 6
s 1621 63 20
s 1622 43 18
s 1623 23 9
s 1624 3 1
s 1626 13 3
s 1627 9 3
s 1628 2 0
s 1629 9 6
s 1631 1 0
s 1632 42 23
s 1633 11 5
s 1634 18 7
s 1635 6 3
s 1636 42 25
s 1637 13 4
s 1638 6 1
s 1639 6 3
s 1640 2 0
s 1641 13 5
s 1642 38 13
s 1643 25 13
s 1644 38 13
s 1646 17 7
s 1647 6 1
s 1648 22 8
s 1649 2 0
s 1650 1 0
s 1655 39 21
s 1656 20 6
s 1657 8 3
s 1659 40 16
s 1662 8 3
s 1664 31 14
s 1665 10 2
s 1667 17 6
s 1671 21 8
s 1672 6 5
s 1673 10 5
s 1674 2 1
s 1681 4 1
s 1691 18 8
s 1800 14 8
s 1801 46 24
s 1802 6 3
s 1803 29 14
s 1804 16 8
s 1805 6 4
s 1806 18 7
s 1807 9 5
s 1808 1 0
s 1809 7 2
s 1810 18 6
s 1811 14 10
s 1812 13 4
s 1813 39 19
s 1814 7 3
s 1815 7 4
s 1817 12 8
s 1818 24 12
s 1819 10 3
s 1820 12 8
s 1821 10 6
s 1822 12 6
s 1823 21 8
s 1824 3 2
s 1825 9 4
s 1826 4 1
s 1827 5 3
s 1828 27 13
s 1829 8 2
s 1830 7 3
s 1831 4 2
s 1832 3 2
s 1833 4 3
s 1834 4 3
s 1835 4 1
s 1836 1 1
s 1837 4 2
s 1838 3 1
s 1839 8 4
s 1840 32 12
s 1841 12 7
s 1842 16 10
s 1843 18 7
s 1845 26 14
s 1846 51 24
s 1847 27 13
s 1848 9 4
s 1849 2 2
s 1850 6 2
s 1851 3 1
s 1852 17 5
s 1853 2 0
s 1854 17 14
s 1855 4 2
s 1856 9 2
s 1857 5 3
s 1858 2 0
s 1859 17 10
s 1860 3 1
s 1861 26 15
s 1862 15 7
s 1863 20 10
s 1864 7 4
s 1865 2 0
s 1866 24 11
s 1867 10 4
s 1868 12 6
s 1869 9 6
s 1870 11 6
s 1871 11 7
s 1872 15 7
s 1873 2 1
s 1874 1 0
s 1875 10 4
s 1876 12 6
s 1877 41 20
s 1878 63 35
s 1879 21 9
s 1880 4 2
s 1881 1 1
s 1882 18 11
s 1883 13 5
s 1884 2 2
s 1885 10 7
s 1886 6 3
s 1887 3 2
s 1888 19 6
s 1889 11 3
s 1890 21 8
s 1891 2 1
s 1892 33 16
s 1893 11 3
s 1896 4 3
s 1897 33 23
s 1898 12 4
s 1899 7 5
s 1900 26 12
s 1901 22 13
s 1902 16 10
s 1903 8 3
s 1904 44 30
s 1905 3 1
s 1906 1 1
s 1911 49 25
s 1912 12 9
s 1913 16 8
s 1915 53 24
s 1918 3 1
s 1920 27 8
s 1921 13 5
s 1923 38 23
s 1927 28 16
s 1928 5 2
s 1929 5 1
s 1930 8 3
s 1937 19 11
s 1947 13 8
s 2057 46 30
s 2058 2 1
s 2059 8 2
s 2061 13 9
s 2062 15 7
s 2063 6 3
s 2064 4 1
s 2065 16 8
s 2067 6 3
s 2068 8 6
s 2069 33 16
s 2070 10 6
s 2071 6 4
s 2073 35 19
s 2074 25 9
s 2075 10 3
s 2076 20 10
s 2077 19 12
s 2078 20 11
s 2079 32 16
s 2080 1 0
s 2081 12 6
s 2082 5 5
s 2083 3 2
s 2084 11 7
s 2085 3 1
s 2086 7 5
s 2087 10 7
s 2088 1 0
s 2090 1 1
s 2091 9 5
s 2092 1 0
s 2093 1 0
s 2095 11 3
s 2097 28 18
s 2098 3 1
s 2099 17 8
s 2100 4 2
s 2101 3 2
s 2103 22 12
s 2106 6 6
s 2107 3 2
s 2108 24 14
s 2109 1 0
s 2110 27 15
s 2111 1 1
s 2112 12 5
s 2113 4 3
s 2114 5 4
s 2116 4 1
s 2117 22 15
s 2119 29 13
s 2120 4 4
s 2122 34 19
s 2123 9 2
s 2124 18 10
s 2125 5 4
s 2126 7 4
s 2127 16 11
s 2130 3 1
s 2131 6 4
s 2132 13 8
s 2133 35 19
s 2134 68 45
s 2135 28 15
s 2136 13 4
s 2138 16 9
s 2139 4 3
s 2140 3 2
s 2141 7 7
s 2144 26 17
s 2145 20 14
s 2146 20 7
s 2147 3 3
s 2148 30 13
s 2149 16 10
s 2151 5 3
s 2152 5 4
s 2153 21 14
s 2154 42 22
s 2155 25 12
s 2156 27 15
s 2158 16 9
s 2159 11 7
s 2160 52 31
s 2161 3 2
s 2162 1 1
s 2167 40 27
s 2168 25 15
s 2169 25 14
s 2171 52 27
s 2174 14 7
s 2176 31 13
s 2177 10 5
s 2179 21 14
s 2183 38 20
s 2184 2 1
s 2185 5 2
s 2193 3 1
s 2203 13 8
s 2314 20 12
s 2315 121 59
s 2316 74 42
s 2317 66 36
s 2318 35 19
s 2319 29 17
s 2320 29 16
s 2321 64 39
s 2322 118 74
s 2323 141 70
s 2324 27 11
s 2325 140 80
s 2326 15 10
s 2327 25 15
s 2329 111 61
s 2330 54 25
s 2331 16 10
s 2332 77 43
s 2333 66 31
s 2334 29 18
s 2335 34 19
s 2336 10 7
s 2337 62 35
s 2338 14 7
s 2339 9 5
s 2340 105 59
s 2341 5 1
s 2342 46 27
s 2343 31 13
s 2344 4 2
s 2345 22 11
s 2346 8 4
s 2347 24 12
s 2348 6 4
s 2349 2 1
s 2350 39 12
s 2351 29 20
s 2352 89 49
s 2353 164 88
s 2354 13 6
s 2355 81 40
s 2356 10 5
s 2357 70 47
s 2358 190 97
s 2359 126 59
s 2360 27 10
s 2361 3 2
s 2362 17 8
s 2363 19 9
s 2364 84 50
s 2365 7 4
s 2366 94 62
s 2367 8 5
s 2368 7 3
s 2369 9 5
s 2370 4 2
s 2371 52 26
s 2372 1 0
s 2373 121 70
s 2374 22 9
s 2375 69 33
s 2376 18 11
s 2377 15 8
s 2378 88 45
s 2379 9 6
s 2380 101 58
s 2381 37 19
s 2382 40 26
s 2383 52 25
s 2384 66 35
s 2385 15 8
s 2386 4 3
s 2387 38 27
s 2388 24 13
s 2389 86 39
s 2390 109 54
s 2391 28 14
s 2392 27 13
s 2393 15 10
s 2394 51 37
s 2395 28 15
s 2396 7 3
s 2397 53 25
s 2398 13 10
s 2399 11 7
s 2400 139 72
s 2401 17 9
s 2402 81 46
s 2403 12 4
s 2404 119 69
s 2405 20 13
s 2406 3 0
s 2407 13 9
s 2408 16 9
s 2409 62 32
s 2410 242 135
s 2411 124 66
s 2412 155 61
s 2413 85 38
s 2414 30 18
s 2415 25 12
s 2416 74 52
s 2417 8 5
s 2418 20 12
s 2423 123 70
s 2424 117 61
s 2425 22 8
s 2427 131 64
s 2430 48 26
s 2432 97 54
s 2433 40 19
s 2435 49 23
s 2439 102 60
s 2440 14 9
s 2441 33 20
s 2442 20 9
s 2449 74 38
s 2459 93 58
s 2571 1 1
s 2573 5 2
s 2574 7 5
s 2575 6 4
s 2576 2 1
s 2577 5 3
s 2579 2 1
s 2580 6 3
s 2581 5 5
s 2582 4 2
s 2585 15 10
s 2586 8 3
s 2587 4 4
s 2588 11 9
s 2589 1 1
s 2590 4 2
s 2591 6 4
s 2593 4 2
s 2594 4 4
s 2596 3 1
s 2597 3 2
s 2598 7 3
s 2599 6 5
s 2602 2 0
s 2603 1 0
s 2605 1 0
s 2607 5 4
s 2609 7 4
s 2610 2 0
s 2611 9 7
s 2612 3 1
s 2613 4 3
s 2615 16 6
s 2617 1 0
s 2618 3 1
s 2620 19 14
s 2622 7 3
s 2623 2 1
s 2625 3 3
s 2626 1 0
s 2629 9 8
s 2631 7 3
s 2634 13 5
s 2635 5 1
s 2636 7 5
s 2637 1 0
s 2638 3 2
s 2639 2 0
s 2641 2 1
s 2642 1 0
s 2643 2 2
s 2644 8 3
s 2645 21 15
s 2646 27 15
s 2647 9 5
s 2648 4 1
s 2650 10 8
s 2651 3 3
s 2653 4 2
s 2656 14 9
s 2657 2 1
s 2658 7 4
s 2660 16 8
s 2661 9 5
s 2664 1 1
s 2665 11 7
s 2666 13 5
s 2667 15 9
s 2668 13 6
s 2670 1 1
s 2671 3 2
s 2672 11 9
s 2673 1 0
s 2679 22 15
s 2680 11 5
s 2681 7 3
s 2683 19 13
s 2686 10 6
s 2688 11 2
s 2689 2 1
s 2691 14 6
s 2695 12 5
s 2696 4 3
s 2697 5 2
s 2705 3 2
s 2715 4 3
s 2828 14 2
s 2829 40 23
s 2830 68 39
s 2831 17 9
s 2832 13 5
s 2833 44 27
s 2834 16 6
s 2835 35 16
s 2836 29 11
s 2837 72 36
s 2838 28 15
s 2839 24 12
s 2841 73 37
s 2842 100 42
s 2843 55 30
s 2844 137 65
s 2845 61 32
s 2846 18 12
s 2847 40 20
s 2848 4 3
s 2849 37 20
s 2850 15 9
s 2851 11 5
s 2852 37 20
s 2853 19 9
s 2854 25 9
s 2855 22 9
s 2856 4 1
s 2857 5 3
s 2858 4 2
s 2859 19 6
s 2860 2 1
s 2861 2 0
s 2862 10 4
s 2863 21 6
s 2864 21 9
s 2865 48 16
s 2866 11 6
s 2867 103 54
s 2868 9 3
s 2869 24 16
s 2870 41 27
s 2871 75 32
s 2872 6 3
s 2873 11 9
s 2874 21 7
s 2875 12 5
s 2876 53 29
s 2877 3 1
s 2878 62 31
s 2879 8 1
s 2880 24 13
s 2881 8 3
s 2882 1 1
s 2883 15 6
s 2884 8 3
s 2885 89 43
s 2886 3 0
s 2887 68 30
s 2888 6 4
s 2889 1 1
s 2890 72 31
s 2891 22 7
s 2892 28 12
s 2893 20 12
s 2894 21 16
s 2895 36 17
s 2896 4 2
s 2897 5 2
s 2898 2 2
s 2899 61 29
s 2900 87 49
s 2901 140 74
s 2902 184 98
s 2903 67 33
s 2904 20 13
s 2906 68 38
s 2907 22 7
s 2908 7 4
s 2909 25 13
s 2910 7 2
s 2911 9 4
s 2912 104 51
s 2913 29 16
s 2914 54 32
s 2915 9 5
s 2916 174 73
s 2917 62 33
s 2918 6 4
s 2919 8 3
s 2920 15 6
s 2921 52 26
s 2922 139 76
s 2923 98 44
s 2924 133 58
s 2925 8 2
s 2926 41 22
s 2927 21 11
s 2928 113 67
s 2929 4 3
s 2930 5 1
s 2935 119 60
s 2936 75 38
s 2937 41 17
s 2939 161 82
s 2942 28 14
s 2944 105 54
s 2945 39 18
s 2947 88 42
s 2951 76 38
s 2952 21 11
s 2953 24 13
s 2954 9 6
s 2961 13 3
s 2971 54 34
s 3085 17 8
s 3086 26 13
s 3087 18 10
s 3088 7 3
s 3089 20 10
s 3091 13 9
s 3092 3 2
s 3093 40 24
s 3094 9 4
s 3095 11 8
s 3097 45 17
s 3098 31 14
s 3099 14 6
s 3100 25 12
s 3101 29 14
s 3102 25 15
s 3103 19 8
s 3105 24 15
s 3106 5 3
s 3107 5 2
s 3108 22 13
s 3109 7 5
s 3110 9 3
s 3111 11 5
s 3112 7 4
s 3114 1 1
s 3115 9 6
s 3116 1 1
s 3117 3 3
s 3118 3 3
s 3119 12 6
s 3121 45 23
s 3122 18 8
s 3123 24 11
s 3124 4 1
s 3125 4 3
s 3127 23 13
s 3128 1 0
s 3130 13 6
s 3131 4 2
s 3132 26 13
s 3133 1 1
s 3134 29 18
s 3135 3 2
s 3136 22 9
s 3137 8 3
s 3138 2 0
s 3140 7 2
s 3141 34 18
s 3143 32 14
s 3144 1 0
s 3145 3 2
s 3146 23 6
s 3147 15 6
s 3148 16 8
s 3149 9 6
s 3150 18 11
s 3151 13 3
s 3154 2 0
s 3155 21 18
s 3156 7 3
s 3157 52 23
s 3158 92 47
s 3159 30 17
s 3160 13 5
s 3162 28 15
s 3163 8 6
s 3164 4 3
s 3165 9 7
s 3168 36 16
s 3169 7 5
s 3170 24 11
s 3171 2 1
s 3172 28 11
s 3173 21 12
s 3174 3 1
s 3175 2 2
s 3176 6 1
s 3177 41 18
s 3178 57 24
s 3179 40 20
s 3180 50 12
s 3182 19 9
s 3183 16 8
s 3184 57 31
s 3185 1 1
s 3186 4 2
s 3191 56 27
s 3192 39 19
s 3193 30 15
s 3195 93 42
s 3198 25 13
s 3200 57 27
s 3201 14 5
s 3203 45 19
s 3207 46 25
s 3208 9 5
s 3209 15 8
s 3210 2 0
s 3217 7 4
s 3227 25 12
s 3342 6 3
s 3343 3 2
s 3345 1 1
s 3346 23 11
s 3347 24 12
s 3348 8 6
s 3349 48 22
s 3350 1 0
s 3351 3 1
s 3353 3 3
s 3354 21 11
s 3355 5 3
s 3356 14 8
s 3357 16 8
s 3358 27 12
s 3359 12 6
s 3360 1 0
s 3361 19 11
s 3364 20 12
s 3365 4 3
s 3366 11 6
s 3368 3 2
s 3369 8 5
s 3370 2 0
s 3372 1 1
s 3373 4 2
s 3374 11 3
s 3375 4 2
s 3376 16 10
s 3377 12 5
s 3378 14 7
s 3379 23 14
s 3381 22 11
s 3382 47 20
s 3383 37 19
s 3384 9 7
s 3385 1 0
s 3386 9 5
s 3388 19 13
s 3389 2 1
s 3390 24 19
s 3391 7 3
s 3392 6 2
s 3393 4 3
s 3394 2 1
s 3395 7 5
s 3396 2 1
s 3397 42 20
s 3398 5 3
s 3399 24 13
s 3400 9 6
s 3401 5 3
s 3402 2 0
s 3403 6 2
s 3404 1 0
s 3405 13 8
s 3406 11 5
s 3407 9 4
s 3408 17 12
s 3409 1 1
s 3410 1 1
s 3411 17 12
s 3412 15 8
s 3413 48 22
s 3414 52 27
s 3415 23 13
s 3416 9 6
s 3417 3 0
s 3418 15 9
s 3419 13 6
s 3421 13 8
s 3422 2 0
s 3423 4 2
s 3424 47 24
s 3425 3 1
s 3426 16 7
s 3427 3 0
s 3428 42 19
s 3429 10 7
s 3431 7 3
s 3432 5 2
s 3433 33 19
s 3435 9 4
s 3436 33 15
s 3437 23 10
s 3438 17 9
s 3439 9 6
s 3440 47 18
s 3441 1 0
s 3442 3 1
s 3447 74 28
s 3448 5 2
s 3449 11 4
s 3451 67 35
s 3456 21 11
s 3457 8 5
s 3459 31 14
s 3463 33 18
s 3464 5 3
s 3465 4 2
s 3466 3 2
s 3473 25 16
s 3483 38 20
s 3599 14 8
s 3600 4 2
s 3601 18 12
s 3602 41 17
s 3603 30 16
s 3604 28 15
s 3605 71 37
s 3606 11 6
s 3607 12 9
s 3609 63 34
s 3610 57 32
s 3611 14 7
s 3612 15 8
s 3613 18 9
s 3614 17 8
s 3615 30 17
s 3616 6 5
s 3617 16 8
s 3618 12 5
s 3619 22 9
s 3620 46 23
s 3621 9 3
s 3622 6 3
s 3623 14 7
s 3624 3 1
s 3625 6 3
s 3626 9 7
s 3627 14 5
s 3628 7 3
s 3629 6 2
s 3630 11 7
s 3631 21 18
s 3632 34 20
s 3633 24 10
s 3634 6 4
s 3635 17 7
s 3636 6 3
s 3637 26 15
s 3638 47 26
s 3639 32 14
s 3640 12 5
s 3641 3 0
s 3642 7 5
s 3643 8 2
s 3644 29 16
s 3645 4 2
s 3646 11 6
s 3647 8 3
s 3648 15 5
s 3649 5 3
s 3650 3 2
s 3651 14 7
s 3652 8 3
s 3653 21 11
s 3654 13 5
s 3655 23 11
s 3656 11 4
s 3657 7 4
s 3658 49 25
s 3659 17 9
s 3660 23 18
s 3661 4 1
s 3662 7 5
s 3663 7 2
s 3664 14 5
s 3666 1 1
s 3667 20 11
s 3668 19 9
s 3669 40 26
s 3670 79 44
s 3671 24 16
s 3672 5 1
s 3673 1 1
s 3674 19 11
s 3675 22 13
s 3676 6 3
s 3677 20 8
s 3678 6 5
s 3679 7 3
s 3680 18 13
s 3681 14 6
s 3682 18 9
s 3683 4 2
s 3684 42 21
s 3685 19 8
s 3686 4 2
s 3687 3 1
s 3688 11 5
s 3689 31 18
s 3690 51 27
s 3691 22 11
s 3692 32 14
s 3693 26 13
s 3694 25 12
s 3695 19 9
s 3696 45 28
s 3697 17 11
s 3698 5 3
s 3703 42 22
s 3704 23 14
s 3705 44 25
s 3707 62 33
s 3710 16 8
s 3712 45 24
s 3713 9 4
s 3715 34 17
s 3719 43 23
s 3720 10 5
s 3721 10 3
s 3722 20 11
s 3729 16 12
s 3739 17 10
s 3856 4 2
s 3857 6 4
s 3858 19 12
s 3859 14 7
s 3860 12 6
s 3861 24 15
s 3862 3 2
s 3863 8 5
s 3865 23 10
s 3866 26 10
s 3867 8 5
s 3868 10 7
s 3869 10 7
s 3870 13 9
s 3871 11 4
s 3872 1 0
s 3873 5 5
s 3874 1 1
s 3875 2 2
s 3876 19 12
s 3877 1 1
s 3878 3 1
s 3879 8 4
s 3880 1 0
s 3881 5 1
s 3882 1 0
s 3883 6 2
s 3884 1 0
s 3886 3 2
s 3887 10 6
s 3888 5 2
s 3889 14 10
s 3890 2 1
s 3891 21 12
s 3892 3 2
s 3893 7 4
s 3894 31 17
s 3895 12 8
s 3896 3 1
s 3897 1 1
s 3898 6 4
s 3899 4 4
s 3900 15 9
s 3902 19 12
s 3903 2 2
s 3904 1 0
s 3905 1 0
s 3906 1 0
s 3907 9 6
s 3908 1 0
s 3909 6 3
s 3910 6 2
s 3911 31 19
s 3912 2 0
s 3914 16 9
s 3915 3 2
s 3916 11 6
s 3917 2 2
s 3918 4 3
s 3919 6 5
s 3920 8 4
s 3921 2 0
s 3922 1 0
s 3923 9 6
s 3924 17 10
s 3925 17 6
s 3926 52 28
s 3927 13 6
s 3928 8 3
s 3930 14 5
s 3931 17 13
s 3932 1 0
s 3933 13 7
s 3934 3 0
s 3935 2 1
s 3936 20 7
s 3937 3 2
s 3938 7 3
s 3939 1 0
s 3940 35 14
s 3941 11 5
s 3942 2 2
s 3943 3 2
s 3944 5 3
s 3945 29 14
s 3946 14 7
s 3947 16 8
s 3948 17 9
s 3949 4 3
s 3950 10 6
s 3951 11 9
s 3952 23 16
s 3953 1 1
s 3954 3 2
s 3959 27 18
s 3960 16 8
s 3961 8 4
s 3963 38 19
s 3966 8 4
s 3968 17 11
s 3969 9 6
s 3971 26 15
s 3975 13 6
s 3976 7 3
s 3977 7 4
s 3978 2 1
s 3985 9 6
s 3995 7 4
s 4113 2 0
s 4114 9 3
s 4115 4 1
s 4116 4 0
s 4117 9 5
s 4118 2 1
s 4119 1 0
s 4121 5 2
s 4122 8 2
s 4123 6 2
s 4124 7 3
s 4125 4 3
s 4126 3 2
s 4127 5 2
s 4129 7 5
s 4131 1 1
s 4132 10 5
s 4133 4 2
s 4134 3 2
s 4135 2 0
s 4137 3 1
s 4138 3 0
s 4139 4 2
s 4140 1 0
s 4141 1 1
s 4142 5 3
s 4143 2 1
s 4144 12 6
s 4145 3 2
s 4146 3 0
s 4147 18 3
s 4149 7 2
s 4150 17 7
s 4151 12 3
s 4152 6 0
s 4153 2 2
s 4154 3 2
s 4156 6 3
s 4158 10 5
s 4159 1 1
s 4160 2 1
s 4161 1 0
s 4162 1 1
s 4163 7 2
s 4164 1 0
s 4165 12 6
s 4166 4 2
s 4167 8 2
s 4168 3 2
s 4170 6 3
s 4171 4 1
s 4172 1 1
s 4173 4 2
s 4174 3 1
s 4175 4 1
s 4176 9 5
s 4177 1 0
s 4178 1 0
s 4179 7 2
s 4180 5 3
s 4181 16 7
s 4182 16 12
s 4183 7 4
s 4184 3 2
s 4185 1 1
s 4186 12 6
s 4187 5 2
s 4188 1 0
s 4189 5 4
s 4190 1 1
s 4191 1 1
s 4192 10 7
s 4193 2 1
s 4194 6 3
s 4196 10 3
s 4197 6 5
s 4198 1 1
s 4199 1 0
s 4201 13 5
s 4202 5 2
s 4203 4 3
s 4204 5 2
s 4205 9 4
s 4206 2 0
s 4207 2 1
s 4208 21 10
s 4209 1 0
s 4215 23 13
s 4216 5 3
s 4217 11 5
s 4219 31 9
s 4222 1 0
s 4224 6 1
s 4225 2 0
s 4227 15 4
s 4231 9 4
s 4232 2 2
s 4233 1 0
s 4234 5 2
s 4241 7 2
s 4251 8 2
s 4370 33 23
s 4371 41 16
s 4372 11 6
s 4373 58 31
s 4374 2 2
s 4375 4 0
s 4377 9 4
s 4378 30 12
s 4379 15 7
s 4380 20 10
s 4381 24 15
s 4382 26 13
s 4383 25 12
s 4385 23 14
s 4386 1 1
s 4387 1 1
s 4388 44 19
s 4389 6 3
s 4390 15 13
s 4392 2 1
s 4393 8 3
s 4394 7 4
s 4395 3 2
s 4396 3 1
s 4398 11 5
s 4400 41 24
s 4401 15 6
s 4402 9 5
s 4403 38 21
s 4405 29 20
s 4406 52 27
s 4407 38 19
s 4408 9 5
s 4409 1 1
s 4410 10 5
s 4411 2 0
s 4412 34 18
s 4413 4 1
s 4414 38 26
s 4415 3 1
s 4416 18 10
s 4417 1 1
s 4418 4 1
s 4419 17 8
s 4420 3 3
s 4421 40 28
s 4422 13 5
s 4423 32 16
s 4424 13 6
s 4425 4 1
s 4426 4 3
s 4427 14 8
s 4428 1 0
s 4429 20 11
s 4430 11 8
s 4431 14 5
s 4432 24 13
s 4433 3 0
s 4435 22 14
s 4436 15 6
s 4437 55 24
s 4438 53 36
s 4439 31 16
s 4440 15 10
s 4441 4 3
s 4442 62 36
s 4443 17 11
s 4444 2 1
s 4445 14 10
s 4446 5 3
s 4447 2 2
s 4448 35 18
s 4449 2 0
s 4450 28 12
s 4451 3 0
s 4452 32 18
s 4453 24 12
s 4454 2 1
s 4455 3 1
s 4456 5 2
s 4457 39 22
s 4458 1 0
s 4459 16 5
s 4460 49 25
s 4461 22 10
s 4462 14 9
s 4463 5 2
s 4464 72 40
s 4465 3 2
s 4466 6 3
s 4471 77 45
s 4472 6 2
s 4473 35 17
s 4475 92 42
s 4478 1 0
s 4480 28 11
s 4481 14 6
s 4483 29 14
s 4487 34 22
s 4488 3 2
s 4489 2 2
s 4490 9 5
s 4497 24 10
s 4507 46 25
s 4627 3 1
s 4628 10 4
s 4629 68 36
s 4630 15 7
s 4631 12 9
s 4633 66 30
s 4634 51 21
s 4635 17 4
s 4636 28 13
s 4637 37 19
s 4638 32 16
s 4639 32 13
s 4640 4 2
s 4641 38 28
s 4642 8 3
s 4643 6 1
s 4644 35 20
s 4645 7 3
s 4646 20 11
s 4647 18 8
s 4648 1 1
s 4650 2 2
s 4651 10 3
s 4653 4 3
s 4654 1 1
s 4655 22 16
s 4657 50 26
s 4658 15 7
s 4659 38 20
s 4660 6 5
s 4661 11 9
s 4662 1 1
s 4663 61 27
s 4664 1 1
s 4666 16 8
s 4667 7 4
s 4668 46 18
s 4669 1 1
s 4670 54 41
s 4671 1 1
s 4672 13 3
s 4673 10 4
s 4676 8 4
s 4677 58 31
s 4679 47 23
s 4680 4 3
s 4682 73 40
s 4683 18 10
s 4684 58 31
s 4685 22 10
s 4686 27 18
s 4687 21 10
s 4689 1 0
s 4690 1 1
s 4691 10 7
s 4692 23 13
s 4693 57 18
s 4694 115 55
s 4695 41 23
s 4696 27 14
s 4698 47 32
s 4699 8 3
s 4700 3 1
s 4701 19 9
s 4704 47 28
s 4705 15 4
s 4706 26 12
s 4707 2 0
s 4708 29 15
s 4709 24 7
s 4710 1 0
s 4711 3 2
s 4712 9 7
s 4713 85 50
s 4714 95 49
s 4715 66 35
s 4716 62 29
s 4718 33 17
s 4719 25 12
s 4720 106 56
s 4721 1 0
s 4722 7 3
s 4727 134 81
s 4728 46 28
s 4729 27 13
s 4731 120 56
s 4734 29 17
s 4736 56 27
s 4737 17 9
s 4739 62 32
s 4743 73 34
s 4744 4 3
s 4745 7 5
s 4753 6 4
s 4763 33 18
s 4884 5 2
s 4885 61 30
s 4886 7 4
s 4887 10 4
s 4889 88 40
s 4890 44 17
s 4891 18 10
s 4892 30 14
s 4893 17 7
s 4894 42 20
s 4895 29 12
s 4896 1 0
s 4897 35 22
s 4898 8 3
s 4899 11 4
s 4900 43 24
s 4901 11 4
s 4902 24 11
s 4903 12 4
s 4904 4 3
s 4905 1 0
s 4906 1 0
s 4907 10 6
s 4908 2 1
s 4909 3 3
s 4910 12 2
s 4911 12 8
s 4912 10 4
s 4913 37 16
s 4914 21 9
s 4915 44 17
s 4916 4 2
s 4917 17 8
s 4918 27 11
s 4919 60 25
s 4920 6 1
s 4921 4 3
s 4922 17 10
s 4923 9 6
s 4924 36 16
s 4925 4 4
s 4926 35 21
s 4927 2 1
s 4928 14 5
s 4929 6 2
s 4930 1 1
s 4931 3 3
s 4932 11 5
s 4933 59 30
s 4934 6 2
s 4935 33 10
s 4936 7 4
s 4938 41 21
s 4939 13 6
s 4940 33 18
s 4941 19 11
s 4942 15 10
s 4943 25 13
s 4944 7 4
s 4945 1 0
s 4946 2 1
s 4947 22 12
s 4948 29 14
s 4949 60 27
s 4950 97 38
s 4951 25 8
s 4952 13 6
s 4954 55 27
s 4955 24 14
s 4956 3 2
s 4957 19 7
s 4958 5 2
s 4959 1 0
s 4960 50 25
s 4961 10 5
s 4962 43 20
s 4963 4 2
s 4964 39 18
s 4965 16 6
s 4966 1 0
s 4967 3 1
s 4968 10 5
s 4969 67 30
s 4970 72 36
s 4971 45 27
s 4972 73 26
s 4973 11 3
s 4974 36 19
s 4975 14 6
s 4976 86 49
s 4977 5 4
s 4978 5 4
s 4983 126 72
s 4984 45 18
s 4985 31 17
s 4987 139 61
s 4990 18 7
s 4992 62 23
s 4993 10 6
s 4995 67 26
s 4999 70 27
s 5000 6 2
s 5001 9 2
s 5002 9 5
s 5009 12 9
s 5019 34 17
s 5141 16 7
s 5142 11 7
s 5143 9 4
s 5145 26 7
s 5146 27 9
s 5147 9 6
s 5148 17 5
s 5149 15 4
s 5150 15 4
s 5151 11 2
s 5153 5 2
s 5154 6 4
s 5155 11 4
s 5156 32 15
s 5157 2 1
s 5158 12 8
s 5159 7 4
s 5160 2 1
s 5161 6 3
s 5162 8 3
s 5163 11 7
s 5164 2 1
s 5165 3 0
s 5166 6 0
s 5167 10 6
s 5168 17 7
s 5169 27 11
s 5170 2 0
s 5171 25 14
s 5172 1 0
s 5173 18 9
s 5174 23 11
s 5175 17 8
s 5176 12 5
s 5177 3 3
s 5178 5 2
s 5179 5 1
s 5180 31 11
s 5181 1 0
s 5182 21 15
s 5183 4 3
s 5184 8 5
s 5185 2 1
s 5186 1 1
s 5187 3 2
s 5188 3 0
s 5189 14 8
s 5190 15 7
s 5191 25 14
s 5192 2 0
s 5193 2 0
s 5194 25 11
s 5195 8 3
s 5196 15 5
s 5197 8 4
s 5198 6 2
s 5199 4 2
s 5200 5 2
s 5201 2 0
s 5202 1 0
s 5203 6 4
s 5204 15 5
s 5205 35 14
s 5206 51 25
s 5207 19 9
s 5208 4 2
s 5209 1 0
s 5210 19 14
s 5211 9 3
s 5212 6 1
s 5213 12 5
s 5214 3 2
s 5215 2 1
s 5216 13 4
s 5217 18 7
s 5218 9 2
s 5219 3 0
s 5220 38 21
s 5221 13 8
s 5222 1 1
s 5223 1 0
s 5224 8 5
s 5225 21 11
s 5226 33 15
s 5227 24 8
s 5228 34 13
s 5229 11 5
s 5230 12 6
s 5231 5 3
s 5232 18 5
s 5233 4 2
s 5234 3 0
s 5239 17 9
s 5240 20 8
s 5241 17 6
s 5243 36 20
s 5246 11 5
s 5248 19 9
s 5249 12 5
s 5251 19 8
s 5255 26 11
s 5256 5 2
s 5257 6 4
s 5258 4 2
s 5265 6 2
s 5275 15 8
s 5398 14 5
s 5399 16 7
s 5401 89 48
s 5402 65 30
s 5403 28 14
s 5404 68 35
s 5405 59 35
s 5406 62 36
s 5407 43 16
s 5408 7 4
s 5409 34 18
s 5410 11 6
s 5411 6 3
s 5412 84 43
s 5413 17 10
s 5414 28 16
s 5415 23 12
s 5416 5 2
s 5417 16 7
s 5418 5 5
s 5419 15 7
s 5420 4 3
s 5421 7 5
s 5422 23 9
s 5423 32 17
s 5424 41 21
s 5425 105 65
s 5426 16 7
s 5427 71 44
s 5428 12 5
s 5429 42 23
s 5430 99 49
s 5431 82 44
s 5432 15 5
s 5433 7 4
s 5434 23 13
s 5435 16 8
s 5436 74 37
s 5437 5 4
s 5438 51 40
s 5439 6 2
s 5440 30 16
s 5441 14 5
s 5442 2 0
s 5443 19 10
s 5444 7 1
s 5445 89 46
s 5446 22 8
s 5447 78 40
s 5448 15 8
s 5449 6 4
s 5450 79 44
s 5451 23 14
s 5452 66 39
s 5453 25 12
s 5454 36 19
s 5455 26 7
s 5456 25 14
s 5457 7 4
s 5458 6 5
s 5459 40 24
s 5460 39 24
s 5461 153 72
s 5462 105 51
s 5463 58 24
s 5464 26 15
s 5465 2 1
s 5466 45 27
s 5467 34 19
s 5468 7 4
s 5469 36 17
s 5470 8 4
s 5471 7 3
s 5472 88 46
s 5473 15 5
s 5474 64 35
s 5475 7 3
s 5476 140 73
s 5477 46 14
s 5478 3 1
s 5479 13 7
s 5480 12 6
s 5481 93 47
s 5482 133 69
s 5483 106 60
s 5484 95 37
s 5485 37 18
s 5486 48 29
s 5487 29 16
s 5488 124 73
s 5489 9 4
s 5490 7 4
s 5495 111 66
s 5496 83 45
s 5497 31 12
s 5499 136 74
s 5502 51 35
s 5504 100 43
s 5505 24 9
s 5507 76 40
s 5511 114 55
s 5512 14 10
s 5513 18 9
s 5514 10 4
s 5521 44 24
s 5531 64 36
s 5655 4 1
s 5657 14 6
s 5658 12 4
s 5659 10 3
s 5660 14 8
s 5661 12 7
s 5662 7 3
s 5663 9 6
s 5665 8 4
s 5666 1 1
s 5667 6 4
s 5668 14 9
s 5669 6 3
s 5670 2 0
s 5671 4 1
s 5672 3 2
s 5673 1 1
s 5674 2 1
s 5675 3 1
s 5676 2 0
s 5678 5 2
s 5679 6 6
s 5680 18 5
s 5681 3 2
s 5682 2 0
s 5683 10 6
s 5685 12 9
s 5686 18 8
s 5687 5 2
s 5688 2 0
s 5689 1 0
s 5690 2 1
s 5691 2 2
s 5692 15 9
s 5694 3 2
s 5695 1 1
s 5696 7 0
s 5697 1 1
s 5698 1 0
s 5699 4 2
s 5700 3 2
s 5701 19 9
s 5702 6 3
s 5703 6 5
s 5704 2 1
s 5705 1 0
s 5706 7 4
s 5707 5 1
s 5708 4 2
s 5709 2 1
s 5710 5 2
s 5711 5 4
s 5712 3 2
s 5713 2 1
s 5715 11 8
s 5716 15 5
s 5717 18 9
s 5718 19 11
s 5719 7 4
s 5720 3 2
s 5722 5 3
s 5723 3 1
s 5724 1 0
s 5725 4 1
s 5726 6 2
s 5727 1 0
s 5728 10 6
s 5729 9 4
s 5730 6 3
s 5731 3 1
s 5732 15 7
s 5733 4 3
s 5734 3 3
s 5736 4 2
s 5737 10 7
s 5738 9 4
s 5739 7 4
s 5740 16 10
s 5741 5 2
s 5742 5 3
s 5743 4 2
s 5744 14 4
s 5751 10 6
s 5752 4 2
s 5753 7 4
s 5755 13 2
s 5758 5 3
s 5760 16 7
s 5761 4 1
s 5763 8 4
s 5767 13 7
s 5768 1 0
s 5769 4 1
s 5770 1 0
s 5777 7 6
s 5787 8 5
s 5913 16 8
s 5914 14 8
s 5915 8 3
s 5916 3 1
s 5917 2 1
s 5918 11 6
s 5919 7 3
s 5920 1 0
s 5921 4 4
s 5923 2 0
s 5924 13 6
s 5925 5 3
s 5926 3 0
s 5928 1 0
s 5929 2 1
s 5930 2 0
s 5931 3 3
s 5932 4 3
s 5933 3 1
s 5934 7 4
s 5935 4 1
s 5936 20 9
s 5937 10 4
s 5938 1 0
s 5939 17 9
s 5940 1 1
s 5941 8 6
s 5942 22 8
s 5943 9 7
s 5944 4 3
s 5945 4 3
s 5946 4 3
s 5948 5 2
s 5949 2 1
s 5950 10 8
s 5951 2 2
s 5952 6 3
s 5953 1 1
s 5954 3 1
s 5955 5 2
s 5957 10 5
s 5958 5 1
s 5959 14 6
s 5960 4 2
s 5961 1 0
s 5962 11 7
s 5963 3 1
s 5964 9 5
s 5965 1 1
s 5966 2 0
s 5967 4 1
s 5968 2 1
s 5971 8 5
s 5972 12 5
s 5973 14 4
s 5974 25 10
s 5975 10 2
s 5976 2 0
s 5978 4 3
s 5979 3 2
s 5981 5 2
s 5982 2 1
s 5983 2 1
s 5984 5 2
s 5985 5 1
s 5986 3 0
s 5987 2 1
s 5988 17 8
s 5989 11 2
s 5992 1 1
s 5993 9 3
s 5994 5 0
s 5995 6 5
s 5996 10 4
s 5997 9 4
s 5998 3 3
s 5999 8 4
s 6000 27 14
s 6001 2 2
s 6002 3 2
s 6007 25 15
s 6008 5 3
s 6009 7 3
s 6011 26 11
s 6014 5 2
s 6016 18 6
s 6017 3 1
s 6019 11 9
s 6023 10 6
s 6024 3 1
s 6025 2 1
s 6026 5 1
s 6033 4 2
s 6043 10 8
s 6426 86 30
s 6427 23 11
s 6428 55 23
s 6429 51 24
s 6430 44 26
s 6431 55 23
s 6432 3 1
s 6433 41 23
s 6434 1 0
s 6435 3 0
s 6436 58 35
s 6437 15 6
s 6438 29 16
s 6439 7 3
s 6440 5 2
s 6441 24 15
s 6442 7 2
s 6443 12 2
s 6444 11 9
s 6445 7 4
s 6446 24 9
s 6447 13 5
s 6448 65 25
s 6449 31 16
s 6450 16 7
s 6451 95 49
s 6452 2 2
s 6453 40 18
s 6454 112 54
s 6455 80 37
s 6456 13 5
s 6457 1 0
s 6458 15 7
s 6459 3 2
s 6460 68 36
s 6461 4 1
s 6462 66 45
s 6463 7 5
s 6464 26 14
s 6465 14 10
s 6466 9 7
s 6467 30 16
s 6468 11 7
s 6469 86 37
s 6470 27 12
s 6471 89 39
s 6472 9 1
s 6473 13 6
s 6474 12 4
s 6475 27 11
s 6476 5 3
s 6477 19 12
s 6478 29 17
s 6479 32 13
s 6480 29 11
s 6481 7 4
s 6482 3 1
s 6483 49 31
s 6484 36 16
s 6485 116 52
s 6486 141 75
s 6487 62 31
s 6488 34 19
s 6489 11 9
s 6490 30 20
s 6491 23 13
s 6492 8 2
s 6493 23 14
s 6494 8 2
s 6495 11 9
s 6496 136 68
s 6497 20 10
s 6498 42 24
s 6499 9 5
s 6500 143 70
s 6501 44 23
s 6502 3 1
s 6503 5 3
s 6504 12 7
s 6505 76 36
s 6506 21 10
s 6507 37 16
s 6508 109 46
s 6509 38 18
s 6510 30 13
s 6511 24 9
s 6512 120 66
s 6513 1 1
s 6514 7 5
s 6519 161 90
s 6520 31 15
s 6521 52 26
s 6523 168 82
s 6526 11 5
s 6528 65 26
s 6529 23 9
s 6531 84 33
s 6535 98 43
s 6536 13 4
s 6537 13 6
s 6538 10 6
s 6545 51 33
s 6555 36 16
s 6683 11 5
s 6684 52 23
s 6685 53 29
s 6686 34 15
s 6687 19 7
s 6688 5 3
s 6689 7 4
s 6690 10 3
s 6691 19 8
s 6692 68 32
s 6693 8 4
s 6694 20 12
s 6695 26 6
s 6696 3 0
s 6697 27 12
s 6698 7 4
s 6699 10 4
s 6700 9 1
s 6701 2 1
s 6702 27 10
s 6703 17 9
s 6704 59 28
s 6705 40 19
s 6706 6 4
s 6707 18 8
s 6708 13 7
s 6709 30 17
s 6710 106 41
s 6711 37 21
s 6712 19 8
s 6713 2 1
s 6714 13 7
s 6715 5 2
s 6716 48 19
s 6717 4 2
s 6718 18 11
s 6719 9 5
s 6720 10 6
s 6721 4 2
s 6722 1 1
s 6723 29 11
s 6724 8 6
s 6725 62 30
s 6726 35 13
s 6727 35 12
s 6728 14 5
s 6729 5 2
s 6730 78 33
s 6731 14 8
s 6732 34 14
s 6733 9 3
s 6734 18 12
s 6735 14 9
s 6736 26 13
s 6737 7 3
s 6738 4 2
s 6739 22 10
s 6740 49 24
s 6741 107 42
s 6742 67 36
s 6743 39 17
s 6744 13 7
s 6745 6 5
s 6746 17 8
s 6747 25 11
s 6748 6 0
s 6749 32 17
s 6750 11 5
s 6751 17 9
s 6752 51 21
s 6753 19 6
s 6754 59 32
s 6755 9 2
s 6756 33 14
s 6757 26 7
s 6758 5 1
s 6759 4 3
s 6760 26 7
s 6761 31 13
s 6762 70 35
s 6763 53 20
s 6764 68 20
s 6765 37 22
s 6766 37 14
s 6767 13 4
s 6768 58 28
s 6769 9 4
s 6770 11 5
s 6775 19 9
s 6776 37 18
s 6777 25 8
s 6779 36 12
s 6782 35 14
s 6784 64 21
s 6785 42 11
s 6787 35 21
s 6791 89 41
s 6792 9 6
s 6793 10 5
s 6794 9 6
s 6801 45 27
s 6811 31 18
s 6940 15 4
s 6941 11 5
s 6942 4 2
s 6943 7 2
s 6944 1 1
s 6945 9 5
s 6946 6 3
s 6947 6 2
s 6948 15 9
s 6949 2 2
s 6950 7 5
s 6951 10 3
s 6952 1 0
s 6953 9 4
s 6954 4 1
s 6955 3 2
s 6956 7 6
s 6957 1 0
s 6958 9 4
s 6959 5 2
s 6960 20 9
s 6961 12 6
s 6962 2 1
s 6963 3 2
s 6964 4 1
s 6965 15 7
s 6966 25 12
s 6967 18 11
s 6968 13 6
s 6969 1 1
s 6970 2 0
s 6971 8 4
s 6972 26 9
s 6973 2 1
s 6974 11 7
s 6975 7 2
s 6976 2 0
s 6977 1 0
s 6978 2 1
s 6979 13 6
s 6980 5 3
s 6981 9 5
s 6982 12 1
s 6983 17 9
s 6984 3 1
s 6985 2 1
s 6986 34 16
s 6987 6 1
s 6988 9 2
s 6989 4 2
s 6990 11 7
s 6991 7 4
s 6992 3 1
s 6994 1 1
s 6995 6 6
s 6996 10 5
s 6997 19 6
s 6998 31 14
s 6999 5 1
s 7000 6 3
s 7001 2 1
s 7002 3 1
s 7003 7 3
s 7004 2 1
s 7005 11 6
s 7006 5 2
s 7007 5 2
s 7008 16 8
s 7009 7 3
s 7010 8 4
s 7011 4 3
s 7012 20 5
s 7013 13 3
s 7015 3 2
s 7016 5 3
s 7017 10 4
s 7018 23 12
s 7019 18 8
s 7020 19 10
s 7021 10 8
s 7022 12 6
s 7023 3 1
s 7024 12 6
s 7025 3 2
s 7026 8 5
s 7031 16 8
s 7032 13 7
s 7033 2 2
s 7035 17 10
s 7038 10 6
s 7040 15 7
s 7041 17 10
s 7043 6 3
s 7047 31 17
s 7048 4 2
s 7049 9 4
s 7050 2 1
s 7057 6 1
s 7067 13 9
s 7197 6 4
s 7198 23 11
s 7199 41 20
s 7200 5 3
s 7201 9 3
s 7202 10 7
s 7203 8 3
s 7204 26 9
s 7205 5 3
s 7206 5 2
s 7207 11 4
s 7208 4 1
s 7209 11 7
s 7210 4 3
s 7211 9 3
s 7212 6 5
s 7213 3 1
s 7214 25 6
s 7215 13 8
s 7216 44 21
s 7217 24 10
s 7218 9 6
s 7219 48 25
s 7220 3 0
s 7221 39 15
s 7222 86 44
s 7223 16 11
s 7224 24 13
s 7226 8 3
s 7227 8 2
s 7228 13 5
s 7229 2 1
s 7230 25 13
s 7231 8 3
s 7232 14 3
s 7233 6 3
s 7234 2 1
s 7235 16 10
s 7236 4 3
s 7237 25 15
s 7238 13 5
s 7239 33 18
s 7240 6 2
s 7241 3 3
s 7242 44 18
s 7243 13 6
s 7244 16 10
s 7245 5 2
s 7246 5 4
s 7247 28 8
s 7248 22 13
s 7250 9 6
s 7251 29 16
s 7252 37 16
s 7253 81 40
s 7254 88 47
s 7255 49 23
s 7256 3 1
s 7257 4 2
s 7258 31 17
s 7259 24 11
s 7260 2 0
s 7261 19 10
s 7262 9 2
s 7263 1 0
s 7264 21 10
s 7265 7 4
s 7266 16 9
s 7267 3 1
s 7268 78 38
s 7269 22 10
s 7270 4 1
s 7271 2 1
s 7272 2 1
s 7273 52 29
s 7274 47 30
s 7275 38 21
s 7276 25 8
s 7277 26 9
s 7278 26 12
s 7279 15 7
s 7280 81 40
s 7281 6 1
s 7282 7 2
s 7287 87 42
s 7288 45 26
s 7289 35 19
s 7291 113 54
s 7294 6 3
s 7296 55 23
s 7297 3 1
s 7299 52 24
s 7303 18 5
s 7304 6 2
s 7305 3 2
s 7306 5 3
s 7313 39 25
s 7323 14 3
s 7454 24 16
s 7455 35 15
s 7456 1 1
s 7457 4 4
s 7458 7 4
s 7459 8 5
s 7460 26 14
s 7461 10 4
s 7463 7 3
s 7465 10 6
s 7466 2 1
s 7467 4 2
s 7468 3 2
s 7470 14 5
s 7471 7 2
s 7472 43 20
s 7473 29 16
s 7474 15 7
s 7475 40 19
s 7476 6 5
s 7477 19 10
s 7478 63 31
s 7480 10 5
s 7481 2 1
s 7482 7 4
s 7483 3 2
s 7485 3 3
s 7486 35 19
s 7487 7 4
s 7488 6 2
s 7489 3 1
s 7491 19 10
s 7492 3 1
s 7493 2 1
s 7494 10 5
s 7495 27 10
s 7496 3 1
s 7497 4 2
s 7498 60 29
s 7499 11 5
s 7500 32 15
s 7501 1 0
s 7502 1 0
s 7503 15 8
s 7504 14 6
s 7505 4 3
s 7506 2 1
s 7507 20 14
s 7508 21 16
s 7509 35 14
s 7510 73 39
s 7511 27 15
s 7512 4 4
s 7513 1 1
s 7514 32 20
s 7515 20 11
s 7517 22 6
s 7518 5 3
s 7519 3 3
s 7521 1 1
s 7522 1 0
s 7523 1 1
s 7524 35 20
s 7525 19 8
s 7526 4 3
s 7527 5 2
s 7528 1 1
s 7529 36 21
s 7530 51 30
s 7531 28 10
s 7533 29 13
s 7534 21 13
s 7535 14 5
s 7536 35 24
s 7537 2 1
s 7538 6 3
s 7543 53 23
s 7544 24 12
s 7545 23 6
s 7547 83 45
s 7550 13 7
s 7552 54 26
s 7553 2 0
s 7555 33 12
s 7559 3 1
s 7560 4 3
s 7561 1 0
s 7562 9 5
s 7569 16 8
s 7579 3 1
s 7711 4 0
s 7712 7 4
s 7713 26 16
s 7714 10 5
s 7715 6 2
s 7716 38 18
s 7717 2 0
s 7718 11 10
s 7719 15 5
s 7720 1 0
s 7721 8 4
s 7722 4 0
s 7723 5 2
s 7724 2 1
s 7725 1 0
s 7726 11 4
s 7727 19 9
s 7728 31 14
s 7729 41 22
s 7731 14 7
s 7732 2 1
s 7733 24 12
s 7734 55 36
s 7735 33 14
s 7736 5 2
s 7737 2 1
s 7738 4 2
s 7739 13 8
s 7740 22 10
s 7741 1 1
s 7742 26 14
s 7743 3 1
s 7744 2 0
s 7745 5 2
s 7747 15 8
s 7749 44 17
s 7750 18 6
s 7751 29 16
s 7752 8 2
s 7753 7 6
s 7754 42 22
s 7755 4 2
s 7756 33 21
s 7757 7 4
s 7758 26 14
s 7759 8 6
s 7760 12 5
s 7761 3 2
s 7762 4 2
s 7763 1 1
s 7764 2 1
s 7765 20 10
s 7766 62 29
s 7767 5 4
s 7768 17 9
s 7769 6 3
s 7770 24 14
s 7771 18 7
s 7772 4 1
s 7773 24 12
s 7774 5 1
s 7775 9 6
s 7776 45 23
s 7777 9 4
s 7778 22 11
s 7779 4 2
s 7780 18 11
s 7781 6 3
s 7782 1 1
s 7783 1 0
s 7784 6 5
s 7785 24 15
s 7786 56 34
s 7787 50 22
s 7788 32 16
s 7789 28 16
s 7790 11 5
s 7791 4 2
s 7792 8 5
s 7793 3 1
s 7794 9 5
s 7799 75 39
s 7800 42 21
s 7801 6 3
s 7803 46 25
s 7806 16 9
s 7808 28 14
s 7809 13 7
s 7811 10 2
s 7815 34 15
s 7816 5 2
s 7817 8 4
s 7818 6 3
s 7825 44 24
s 7835 25 12
s 7968 5 4
s 7969 16 8
s 7970 14 5
s 7971 14 7
s 7972 30 15
s 7973 5 0
s 7974 10 3
s 7975 14 2
s 7976 1 0
s 7977 20 4
s 7978 11 8
s 7979 14 10
s 7980 10 5
s 7982 8 4
s 7983 11 7
s 7984 39 17
s 7985 39 22
s 7987 11 5
s 7988 7 3
s 7989 28 6
s 7990 96 40
s 7991 31 21
s 7992 6 2
s 7993 1 1
s 7994 4 3
s 7995 7 4
s 7996 42 14
s 7997 4 4
s 7998 34 23
s 7999 5 3
s 8000 7 5
s 8001 9 5
s 8002 1 0
s 8003 31 18
s 8004 2 0
s 8005 44 24
s 8006 24 10
s 8007 34 18
s 8008 9 3
s 8009 3 0
s 8010 48 24
s 8011 7 4
s 8012 33 12
s 8013 14 8
s 8014 12 5
s 8015 11 4
s 8016 23 11
s 8017 9 4
s 8018 9 4
s 8019 2 2
s 8020 4 1
s 8021 29 8
s 8022 63 23
s 8023 9 4
s 8024 18 7
s 8025 4 2
s 8026 31 16
s 8027 9 6
s 8028 4 3
s 8029 25 12
s 8030 4 0
s 8031 8 3
s 8032 41 15
s 8033 15 3
s 8034 26 7
s 8035 10 3
s 8036 27 9
s 8037 11 2
s 8038 3 3
s 8039 2 2
s 8040 12 8
s 8041 26 14
s 8042 50 24
s 8043 39 15
s 8044 43 16
s 8045 19 9
s 8046 13 7
s 8047 3 2
s 8048 16 9
s 8049 4 2
s 8050 4 2
s 8055 49 28
s 8056 29 11
s 8057 67 30
s 8059 50 18
s 8062 17 6
s 8064 39 18
s 8065 16 5
s 8067 17 8
s 8071 56 19
s 8072 8 1
s 8073 12 4
s 8074 5 3
s 8081 24 13
s 8091 12 4
s 8225 1 1
s 8226 1 1
s 8228 5 2
s 8230 2 0
s 8231 2 0
s 8234 4 3
s 8235 1 0
s 8236 1 1
s 8238 1 1
s 8239 2 2
s 8240 1 1
s 8241 2 0
s 8242 1 0
s 8243 5 0
s 8245 2 1
s 8246 3 1
s 8247 13 5
s 8248 2 0
s 8250 1 0
s 8251 1 0
s 8252 2 2
s 8254 4 1
s 8255 1 1
s 8258 1 0
s 8260 1 0
s 8261 5 1
s 8262 1 1
s 8263 7 3
s 8264 1 0
s 8265 1 1
s 8266 3 0
s 8267 1 0
s 8268 2 1
s 8270 3 1
s 8271 2 1
s 8272 2 1
s 8274 2 1
s 8275 2 1
s 8276 3 0
s 8277 4 2
s 8278 5 2
s 8279 6 5
s 8280 3 2
s 8281 1 1
s 8282 1 1
s 8283 1 1
s 8285 3 1
s 8286 3 1
s 8288 2 1
s 8290 3 0
s 8291 1 0
s 8292 4 2
s 8293 7 2
s 8294 1 0
s 8295 1 1
s 8297 3 1
s 8298 1 1
s 8299 1 1
s 8300 2 1
s 8301 4 2
s 8302 2 1
s 8303 2 0
s 8304 3 2
s 8305 1 0
s 8306 2 1
s 8311 8 3
s 8312 2 1
s 8313 1 1
s 8315 9 7
s 8318 1 1
s 8320 5 3
s 8323 3 1
s 8327 5 3
s 8328 1 0
s 8337 1 1
s 8347 1 0
s 8482 5 2
s 8483 6 5
s 8484 22 14
s 8485 4 3
s 8486 2 0
s 8487 9 5
s 8489 5 5
s 8490 2 1
s 8491 3 1
s 8492 3 1
s 8493 3 3
s 8494 7 4
s 8495 7 3
s 8496 27 12
s 8497 31 22
s 8498 12 8
s 8499 41 21
s 8500 3 2
s 8501 30 22
s 8502 42 25
s 8503 3 2
s 8504 10 7
s 8506 7 6
s 8507 3 1
s 8508 5 0
s 8509 2 2
s 8510 43 34
s 8511 1 1
s 8512 8 3
s 8514 3 2
s 8515 6 5
s 8516 1 1
s 8517 9 6
s 8518 7 3
s 8519 37 23
s 8520 8 6
s 8521 8 3
s 8522 28 12
s 8523 7 4
s 8524 20 13
s 8525 4 3
s 8527 7 4
s 8528 19 14
s 8529 2 1
s 8531 17 14
s 8532 6 4
s 8533 31 19
s 8534 39 22
s 8535 15 8
s 8536 16 11
s 8537 4 2
s 8538 14 8
s 8539 14 10
s 8540 1 0
s 8541 12 5
s 8542 2 2
s 8543 4 2
s 8544 9 7
s 8545 7 5
s 8546 2 1
s 8547 1 1
s 8548 44 23
s 8549 7 4
s 8550 1 1
s 8551 3 2
s 8553 31 20
s 8554 39 29
s 8555 43 26
s 8556 6 4
s 8557 18 9
s 8558 13 9
s 8559 8 5
s 8560 65 41
s 8561 2 0
s 8562 2 1
s 8567 63 45
s 8568 41 25
s 8569 11 5
s 8571 60 33
s 8574 11 5
s 8576 20 9
s 8579 32 16
s 8583 3 2
s 8584 6 4
s 8585 3 3
s 8586 8 6
s 8593 24 15
s 8603 11 5
s 8739 3 1
s 8740 4 2
s 8741 3 1
s 8742 2 1
s 8744 1 0
s 8745 3 1
s 8747 1 0
s 8748 1 1
s 8750 2 0
s 8751 1 1
s 8752 12 4
s 8753 8 4
s 8754 2 2
s 8755 9 3
s 8757 5 2
s 8758 21 10
s 8759 16 8
s 8760 3 2
s 8761 1 0
s 8762 5 4
s 8763 1 0
s 8764 18 9
s 8766 13 4
s 8767 3 2
s 8768 3 2
s 8769 1 1
s 8771 4 1
s 8772 1 1
s 8773 7 3
s 8774 7 2
s 8775 14 8
s 8776 1 0
s 8777 4 2
s 8779 2 2
s 8780 1 0
s 8781 2 0
s 8782 4 4
s 8783 6 4
s 8784 5 2
s 8785 5 4
s 8786 1 1
s 8787 7 3
s 8788 6 3
s 8789 23 10
s 8790 20 13
s 8791 10 5
s 8792 2 1
s 8793 1 0
s 8794 3 1
s 8795 4 1
s 8796 2 2
s 8797 4 3
s 8798 3 1
s 8800 8 3
s 8801 4 1
s 8802 6 3
s 8803 3 0
s 8804 12 8
s 8805 7 2
s 8806 2 0
s 8807 2 1
s 8808 4 1
s 8809 11 7
s 8810 1 1
s 8811 3 0
s 8812 18 10
s 8813 2 1
s 8814 5 3
s 8815 4 2
s 8816 17 8
s 8818 2 2
s 8823 7 6
s 8824 1 1
s 8825 17 6
s 8827 19 10
s 8832 9 4
s 8833 3 1
s 8835 13 6
s 8839 14 6
s 8840 1 0
s 8841 2 1
s 8842 2 0
s 8849 5 3
s 8859 3 1
s 8996 13 4
s 8997 7 3
s 8998 3 2
s 8999 2 1
s 9000 3 3
s 9001 4 3
s 9002 6 4
s 9004 2 1
s 9005 3 1
s 9006 2 2
s 9008 7 2
s 9009 9 5
s 9010 3 2
s 9011 10 3
s 9012 1 1
s 9013 4 3
s 9014 26 14
s 9015 14 6
s 9016 2 1
s 9017 1 1
s 9018 4 2
s 9019 2 0
s 9020 10 4
s 9022 5 3
s 9023 2 2
s 9024 4 2
s 9025 1 1
s 9027 7 2
s 9028 2 0
s 9029 20 9
s 9030 7 3
s 9031 15 6
s 9032 2 2
s 9033 3 2
s 9034 2 2
s 9035 3 2
s 9036 2 0
s 9037 1 0
s 9038 3 0
s 9039 9 4
s 9040 3 2
s 9043 6 3
s 9044 9 3
s 9045 16 6
s 9046 29 13
s 9047 10 6
s 9048 3 2
s 9049 1 0
s 9050 5 4
s 9051 5 4
s 9053 7 3
s 9054 2 0
s 9055 3 1
s 9056 10 4
s 9057 4 3
s 9058 6 3
s 9059 1 1
s 9060 12 6
s 9061 6 3
s 9062 2 2
s 9063 1 0
s 9064 4 3
s 9065 10 9
s 9066 4 4
s 9067 7 1
s 9068 18 8
s 9069 4 0
s 9070 11 4
s 9071 2 1
s 9072 13 5
s 9074 1 0
s 9079 13 5
s 9080 1 0
s 9081 9 5
s 9083 18 7
s 9086 6 4
s 9088 12 5
s 9089 7 3
s 9091 10 4
s 9095 13 2
s 9096 2 1
s 9097 3 0
s 9098 3 0
s 9105 5 4
s 9115 3 2
s 9253 13 6
s 9254 18 12
s 9255 13 5
s 9256 10 7
s 9257 12 2
s 9258 3 1
s 9259 8 3
s 9260 5 5
s 9261 4 1
s 9262 10 5
s 9263 12 7
s 9264 31 20
s 9265 48 23
s 9266 10 7
s 9267 86 46
s 9268 4 2
s 9269 45 21
s 9270 55 27
s 9271 47 25
s 9272 12 5
s 9274 22 9
s 9275 6 3
s 9276 31 15
s 9277 3 2
s 9278 55 35
s 9279 4 3
s 9280 21 11
s 9281 7 4
s 9282 2 1
s 9283 16 10
s 9284 4 1
s 9285 40 21
s 9286 8 3
s 9287 72 39
s 9288 8 5
s 9289 4 2
s 9290 49 27
s 9291 13 6
s 9292 22 15
s 9293 10 6
s 9294 19 7
s 9295 24 11
s 9296 18 10
s 9297 1 0
s 9298 6 5
s 9299 45 25
s 9300 28 17
s 9301 94 40
s 9302 112 62
s 9303 35 20
s 9304 28 19
s 9305 2 2
s 9306 33 22
s 9307 23 18
s 9308 4 2
s 9309 24 12
s 9310 2 0
s 9311 6 5
s 9312 51 27
s 9313 12 5
s 9314 21 10
s 9315 3 0
s 9316 60 33
s 9317 34 15
s 9318 7 7
s 9319 7 4
s 9320 9 3
s 9321 56 23
s 9322 72 44
s 9323 61 38
s 9324 53 27
s 9325 23 10
s 9326 19 9
s 9327 18 6
s 9328 86 53
s 9329 10 5
s 9330 5 2
s 9335 107 64
s 9336 34 17
s 9337 25 15
s 9339 114 64
s 9342 21 10
s 9344 65 30
s 9345 14 5
s 9347 50 27
s 9351 58 29
s 9352 11 7
s 9353 14 8
s 9354 3 2
s 9361 25 14
s 9371 40 23
s 9510 2 2
s 9511 8 3
s 9512 1 1
s 9513 5 2
s 9514 2 1
s 9515 4 0
s 9516 1 1
s 9518 7 4
s 9520 20 10
s 9521 11 5
s 9522 1 0
s 9524 1 0
s 9525 14 8
s 9526 17 9
s 9527 5 3
s 9528 3 1
s 9532 6 3
s 9534 5 2
s 9535 4 1
s 9536 3 1
s 9537 5 1
s 9539 8 2
s 9541 8 2
s 9542 7 5
s 9543 12 7
s 9544 3 1
s 9545 3 1
s 9546 14 7
s 9547 4 2
s 9548 1 0
s 9549 3 2
s 9550 4 1
s 9551 1 1
s 9552 4 0
s 9554 1 1
s 9555 5 3
s 9556 3 1
s 9557 8 2
s 9558 20 9
s 9559 1 0
s 9560 6 2
s 9561 1 0
s 9562 15 9
s 9563 3 2
s 9565 7 4
s 9566 3 2
s 9567 2 1
s 9568 11 7
s 9569 3 1
s 9570 5 2
s 9571 4 1
s 9572 5 3
s 9573 10 5
s 9575 1 0
s 9576 1 0
s 9577 6 2
s 9578 13 10
s 9579 9 5
s 9580 16 7
s 9581 4 0
s 9582 6 2
s 9584 1 0
s 9585 1 1
s 9591 11 4
s 9592 13 4
s 9593 5 2
s 9595 17 7
s 9598 9 8
s 9600 10 4
s 9601 10 4
s 9603 3 2
s 9607 12 6
s 9609 1 1
s 9610 2 0
s 9617 6 3
s 9627 6 4
s 9767 1 0
s 9768 1 0
s 9769 4 2
s 9771 2 1
s 9772 2 2
s 9773 2 2
s 9774 11 1
s 9775 3 2
s 9776 17 11
s 9777 14 7
s 9778 6 4
s 9779 17 9
s 9780 2 2
s 9781 23 13
s 9782 20 11
s 9783 1 0
s 9784 7 4
s 9785 2 0
s 9786 5 5
s 9787 2 1
s 9788 3 1
s 9790 14 12
s 9791 2 2
s 9792 13 9
s 9795 7 4
s 9796 5 2
s 9797 5 3
s 9798 7 2
s 9799 5 3
s 9800 6 4
s 9801 1 0
s 9802 28 16
s 9803 4 3
s 9804 8 5
s 9805 2 0
s 9807 12 4
s 9808 11 6
s 9810 1 1
s 9811 10 7
s 9812 14 6
s 9813 21 7
s 9814 39 20
s 9815 16 9
s 9816 4 2
s 9817 2 1
s 9818 51 30
s 9819 7 5
s 9821 12 6
s 9822 1 0
s 9823 2 2
s 9824 5 2
s 9825 4 2
s 9826 6 4
s 9828 26 11
s 9829 8 5
s 9831 1 1
s 9833 21 13
s 9834 38 23
s 9835 20 15
s 9836 2 0
s 9837 20 11
s 9838 10 6
s 9839 8 4
s 9840 39 20
s 9841 1 1
s 9842 2 0
s 9847 44 27
s 9848 24 10
s 9849 12 5
s 9851 49 25
s 9854 6 3
s 9856 20 8
s 9859 25 7
s 9863 2 2
s 9864 2 0
s 9865 3 1
s 9866 2 1
s 9873 22 16
s 9883 4 2
s 10024 2 2
s 10025 10 5
s 10026 3 2
s 10027 2 0
s 10028 3 0
s 10029 1 0
s 10030 5 1
s 10031 1 1
s 10032 23 8
s 10033 6 3
s 10034 3 0
s 10035 21 11
s 10037 11 2
s 10038 35 19
s 10039 19 9
s 10040 6 1
s 10041 1 1
s 10042 5 3
s 10043 1 0
s 10044 25 12
s 10046 11 5
s 10047 4 3
s 10048 11 4
s 10049 1 0
s 10050 1 1
s 10051 8 5
s 10052 4 0
s 10053 9 4
s 10054 8 0
s 10055 27 11
s 10056 5 3
s 10057 4 2
s 10058 1 0
s 10059 8 5
s 10060 1 0
s 10061 4 2
s 10062 10 3
s 10063 8 4
s 10064 11 4
s 10065 1 0
s 10066 1 0
s 10067 10 3
s 10068 21 13
s 10069 31 16
s 10070 47 18
s 10071 27 8
s 10072 10 4
s 10073 1 1
s 10074 7 2
s 10075 5 3
s 10077 11 3
s 10078 2 0
s 10079 1 0
s 10080 17 8
s 10081 5 3
s 10082 11 4
s 10083 3 1
s 10084 30 13
s 10085 8 3
s 10087 1 1
s 10088 5 1
s 10089 9 4
s 10090 2 2
s 10091 8 5
s 10092 37 13
s 10093 13 5
s 10094 13 7
s 10095 8 5
s 10096 23 12
s 10098 2 1
s 10103 30 8
s 10104 2 2
s 10105 8 2
s 10107 38 12
s 10110 2 0
s 10112 20 6
s 10113 12 1
s 10115 18 6
s 10119 32 11
s 10120 3 3
s 10121 4 2
s 10122 4 3
s 10129 9 2
s 10139 9 5
s 10282 1 1
s 10283 1 0
s 10284 1 0
s 10286 2 1
s 10287 5 1
s 10288 4 2
s 10290 1 0
s 10291 2 1
s 10292 1 1
s 10293 3 3
s 10294 5 3
s 10295 3 2
s 10299 1 0
s 10300 4 1
s 10302 1 0
s 10304 2 1
s 10307 2 2
s 10308 1 0
s 10309 3 2
s 10310 2 0
s 10311 2 1
s 10314 1 1
s 10316 5 1
s 10318 4 2
s 10319 1 1
s 10323 1 1
s 10324 2 2
s 10325 4 2
s 10326 3 1
s 10327 2 1
s 10328 1 1
s 10330 2 1
s 10331 2 1
s 10332 1 0
s 10333 3 3
s 10335 1 1
s 10336 4 2
s 10337 3 2
s 10340 3 1
s 10342 1 0
s 10345 1 0
s 10346 3 1
s 10347 4 1
s 10348 1 1
s 10349 4 1
s 10350 2 1
s 10351 1 1
s 10352 3 0
s 10353 2 1
s 10354 1 1
s 10359 4 3
s 10360 2 0
s 10361 1 0
s 10363 6 4
s 10366 4 2
s 10368 2 2
s 10369 4 1
s 10371 1 1
s 10375 4 3
s 10376 1 0
s 10385 5 1
s 10395 1 0
s 10538 3 2
s 10539 4 1
s 10540 1 0
s 10542 1 0
s 10543 9 7
s 10545 11 7
s 10547 7 2
s 10548 1 0
s 10549 5 2
s 10551 11 7
s 10552 1 0
s 10553 2 0
s 10554 2 2
s 10556 17 2
s 10558 6 4
s 10559 2 2
s 10560 9 2
s 10561 2 0
s 10563 1 0
s 10564 5 3
s 10565 6 4
s 10567 13 3
s 10570 32 17
s 10571 9 4
s 10572 7 2
s 10573 1 0
s 10574 7 1
s 10575 8 6
s 10576 1 1
s 10578 1 0
s 10579 4 4
s 10580 10 6
s 10581 24 15
s 10582 35 12
s 10583 12 5
s 10584 8 4
s 10586 8 4
s 10587 3 2
s 10588 4 3
s 10592 18 11
s 10593 8 1
s 10594 13 4
s 10595 1 1
s 10596 15 6
s 10597 11 2
s 10598 1 0
s 10599 1 1
s 10600 5 0
s 10601 20 11
s 10602 20 9
s 10603 4 1
s 10604 17 6
s 10606 20 11
s 10607 4 3
s 10608 16 8
s 10615 20 12
s 10616 8 4
s 10617 10 3
s 10619 23 10
s 10622 5 2
s 10624 33 15
s 10625 4 2
s 10627 18 7
s 10631 21 9
s 10632 5 2
s 10633 8 6
s 10641 2 1
s 10651 7 5
s 10797 1 0
s 10798 2 0
s 10799 3 1
s 10800 3 1
s 10801 3 1
s 10802 3 0
s 10803 4 2
s 10804 1 1
s 10805 5 4
s 10806 2 1
s 10807 4 2
s 10808 1 0
s 10810 1 1
s 10811 1 0
s 10812 4 1
s 10814 3 3
s 10815 3 2
s 10816 1 1
s 10817 1 1
s 10818 3 2
s 10819 1 0
s 10820 2 0
s 10821 2 2
s 10823 12 5
s 10824 2 0
s 10825 2 1
s 10826 15 10
s 10827 2 2
s 10828 9 4
s 10829 3 3
s 10834 3 2
s 10836 4 2
s 10837 8 1
s 10838 20 10
s 10839 10 5
s 10840 1 0
s 10842 4 0
s 10843 1 0
s 10844 1 0
s 10845 5 2
s 10846 1 1
s 10847 1 0
s 10848 2 0
s 10849 1 0
s 10850 4 3
s 10852 5 2
s 10853 9 3
s 10854 2 1
s 10856 2 1
s 10857 3 2
s 10858 7 2
s 10860 3 2
s 10862 3 1
s 10863 3 1
s 10864 10 6
s 10865 1 0
s 10866 1 0
s 10871 12 4
s 10872 5 0
s 10873 4 2
s 10875 10 4
s 10878 7 3
s 10880 10 4
s 10881 2 1
s 10883 7 2
s 10887 3 1
s 10897 1 0
s 10907 1 1
s 11052 5 1
s 11053 2 0
s 11054 1 0
s 11055 4 1
s 11056 14 5
s 11057 9 5
s 11058 3 2
s 11059 14 8
s 11060 2 0
s 11061 10 4
s 11062 26 14
s 11063 8 6
s 11064 3 3
s 11065 2 1
s 11066 3 0
s 11067 1 1
s 11068 2 1
s 11070 15 7
s 11072 2 1
s 11073 1 0
s 11075 5 3
s 11076 1 0
s 11077 13 8
s 11078 5 4
s 11079 27 14
s 11080 2 2
s 11081 1 0
s 11082 7 2
s 11083 7 3
s 11084 3 1
s 11086 2 1
s 11087 12 2
s 11088 3 2
s 11089 2 1
s 11090 1 1
s 11091 7 4
s 11092 9 5
s 11093 17 5
s 11094 25 10
s 11095 21 8
s 11096 9 3
s 11097 1 1
s 11098 5 3
s 11100 3 2
s 11101 9 4
s 11103 1 0
s 11104 8 5
s 11105 4 2
s 11106 5 2
s 11107 1 0
s 11108 29 13
s 11109 8 5
s 11112 4 1
s 11113 10 7
s 11114 13 9
s 11115 6 3
s 11116 10 7
s 11117 13 6
s 11118 7 5
s 11119 9 5
s 11120 21 11
s 11121 1 0
s 11122 1 0
s 11127 19 11
s 11128 13 5
s 11129 9 4
s 11131 20 7
s 11134 3 1
s 11136 14 5
s 11137 5 1
s 11139 12 7
s 11143 18 9
s 11144 2 2
s 11145 1 0
s 11146 3 2
s 11153 6 4
s 11163 3 2
s 11309 1 1
s 11311 3 1
s 11313 3 2
s 11314 2 2
s 11315 6 5
s 11316 2 1
s 11317 2 0
s 11319 10 7
s 11321 1 0
s 11324 7 1
s 11326 7 3
s 11328 3 0
s 11329 1 0
s 11330 1 0
s 11331 1 0
s 11332 2 0
s 11333 3 1
s 11335 7 5
s 11337 1 0
s 11338 6 5
s 11339 2 1
s 11340 5 1
s 11341 2 2
s 11342 3 2
s 11343 2 1
s 11346 1 1
s 11347 1 0
s 11348 2 0
s 11349 10 6
s 11350 10 7
s 11351 4 3
s 11352 4 2
s 11354 2 1
s 11355 1 0
s 11357 1 0
s 11360 6 1
s 11361 6 1
s 11363 1 1
s 11364 9 3
s 11365 5 2
s 11367 1 1
s 11368 2 0
s 11369 4 2
s 11370 6 4
s 11371 3 2
s 11372 9 4
s 11373 2 1
s 11374 3 3
s 11375 3 0
s 11376 4 2
s 11377 1 0
s 11383 5 3
s 11384 9 4
s 11385 6 3
s 11387 15 8
s 11390 3 2
s 11392 10 6
s 11395 4 2
s 11399 4 1
s 11400 2 0
s 11401 2 0
s 11419 4 3
s 11566 2 1
s 11567 3 1
s 11568 5 2
s 11569 5 3
s 11571 3 1
s 11572 1 0
s 11573 4 2
s 11574 6 2
s 11575 2 0
s 11579 1 1
s 11580 2 1
s 11582 2 2
s 11584 2 0
s 11587 2 0
s 11589 7 5
s 11590 2 1
s 11591 3 3
s 11592 1 0
s 11593 3 0
s 11594 7 2
s 11595 1 1
s 11596 2 1
s 11597 1 1
s 11598 2 1
s 11599 1 0
s 11600 1 0
s 11604 3 1
s 11605 5 3
s 11606 2 1
s 11607 1 1
s 11608 1 0
s 11609 1 0
s 11610 2 1
s 11611 2 2
s 11612 1 0
s 11613 1 0
s 11614 2 0
s 11616 9 4
s 11617 2 1
s 11619 1 0
s 11620 2 0
s 11621 1 0
s 11622 1 1
s 11624 1 1
s 11625 5 3
s 11626 7 5
s 11627 3 1
s 11628 1 0
s 11629 5 2
s 11631 1 1
s 11632 1 0
s 11633 1 0
s 11634 1 1
s 11639 5 3
s 11640 1 0
s 11643 7 5
s 11646 1 0
s 11648 4 2
s 11649 1 0
s 11651 2 1
s 11655 2 1
s 11657 2 0
s 11658 2 1
s 11665 6 5
s 11675 2 1
s 11823 4 2
s 11824 5 1
s 11825 17 6
s 11826 1 1
s 11827 20 11
s 11828 3 2
s 11829 12 5
s 11830 2 1
s 11831 31 15
s 11832 2 1
s 11833 1 0
s 11834 6 2
s 11835 2 0
s 11836 12 5
s 11837 1 1
s 11838 14 11
s 11839 1 0
s 11840 7 2
s 11842 1 1
s 11844 2 0
s 11845 17 6
s 11847 21 8
s 11848 2 0
s 11849 1 0
s 11850 18 4
s 11851 11 5
s 11852 8 3
s 11853 5 2
s 11854 7 1
s 11855 7 2
s 11856 1 0
s 11857 1 0
s 11858 1 1
s 11859 8 5
s 11860 19 7
s 11861 29 10
s 11862 53 22
s 11863 17 6
s 11864 3 2
s 11866 23 11
s 11867 8 3
s 11868 1 1
s 11869 3 2
s 11871 5 4
s 11872 17 5
s 11873 5 2
s 11874 9 3
s 11875 3 3
s 11876 33 13
s 11877 10 4
s 11879 1 0
s 11880 3 1
s 11881 29 15
s 11882 28 16
s 11883 26 15
s 11884 32 10
s 11886 15 7
s 11887 8 5
s 11888 42 20
s 11889 6 2
s 11890 2 1
s 11895 23 12
s 11896 20 9
s 11897 10 3
s 11899 41 15
s 11902 9 1
s 11904 25 9
s 11905 16 8
s 11907 23 4
s 11911 31 16
s 11912 5 3
s 11913 4 2
s 11921 3 0
s 11931 12 7
s 12080 21 10
s 12081 23 13
s 12082 8 4
s 12083 23 14
s 12085 18 13
s 12086 23 7
s 12087 22 13
s 12088 9 5
s 12090 4 1
s 12091 1 0
s 12092 11 7
s 12094 29 17
s 12095 2 0
s 12096 12 7
s 12097 4 2
s 12098 1 1
s 12099 6 3
s 12100 3 0
s 12101 17 12
s 12102 5 2
s 12103 29 15
s 12104 4 3
s 12105 3 2
s 12106 8 4
s 12107 5 4
s 12108 3 3
s 12109 3 2
s 12110 9 6
s 12111 1 1
s 12112 13 5
s 12113 1 1
s 12115 9 6
s 12116 16 5
s 12117 30 17
s 12118 41 18
s 12119 20 10
s 12120 7 4
s 12121 1 1
s 12122 10 6
s 12123 10 6
s 12124 2 0
s 12125 5 3
s 12126 3 3
s 12127 2 2
s 12128 30 17
s 12129 3 1
s 12130 9 8
s 12131 3 1
s 12132 30 13
s 12133 7 3
s 12134 1 0
s 12135 4 2
s 12136 1 1
s 12137 29 14
s 12138 16 9
s 12139 20 11
s 12140 30 10
s 12141 17 8
s 12142 6 2
s 12143 7 1
s 12144 36 23
s 12146 6 4
s 12151 19 9
s 12152 10 3
s 12153 14 10
s 12155 47 20
s 12158 4 2
s 12160 18 7
s 12161 7 6
s 12163 28 15
s 12167 21 7
s 12168 4 1
s 12169 5 2
s 12170 5 4
s 12177 15 6
s 12187 12 8
s 12337 56 32
s 12338 15 5
s 12339 59 27
s 12340 4 2
s 12341 22 9
s 12343 67 38
s 12345 4 1
s 12346 19 9
s 12347 5 1
s 12348 56 36
s 12349 4 3
s 12350 55 39
s 12351 8 7
s 12352 17 5
s 12353 12 6
s 12354 4 3
s 12356 7 3
s 12357 60 27
s 12358 1 1
s 12359 58 36
s 12360 2 1
s 12361 3 2
s 12362 67 38
s 12363 19 8
s 12364 35 16
s 12365 12 7
s 12366 11 6
s 12367 34 11
s 12368 2 1
s 12369 2 2
s 12370 2 1
s 12371 36 23
s 12372 53 33
s 12373 85 41
s 12374 124 60
s 12375 39 20
s 12376 17 5
s 12377 2 0
s 12378 40 23
s 12379 18 12
s 12380 4 1
s 12381 13 9
s 12384 67 22
s 12385 27 12
s 12386 37 19
s 12387 5 1
s 12388 60 28
s 12389 30 9
s 12390 3 1
s 12391 8 4
s 12392 7 3
s 12393 62 31
s 12394 93 56
s 12395 58 23
s 12396 78 33
s 12398 27 12
s 12399 16 5
s 12400 90 43
s 12401 1 1
s 12402 7 5
s 12407 91 46
s 12408 59 27
s 12409 40 19
s 12411 122 61
s 12414 35 13
s 12416 64 28
s 12417 30 13
s 12419 72 35
s 12423 78 45
s 12424 5 3
s 12425 20 9
s 12426 1 1
s 12433 12 7
s 12443 30 18
s 12594 16 9
s 12595 31 11
s 12596 5 3
s 12597 41 23
s 12598 94 46
s 12599 58 26
s 12600 14 8
s 12601 1 1
s 12602 27 13
s 12603 3 1
s 12604 37 19
s 12605 3 1
s 12606 56 36
s 12607 4 3
s 12608 19 13
s 12609 10 4
s 12610 2 1
s 12611 25 17
s 12612 9 4
s 12613 55 27
s 12614 19 7
s 12615 47 23
s 12616 19 10
s 12617 6 2
s 12618 29 17
s 12619 18 8
s 12620 32 17
s 12621 7 3
s 12622 18 13
s 12623 24 13
s 12624 29 12
s 12625 4 3
s 12626 3 2
s 12627 19 11
s 12628 25 16
s 12629 69 29
s 12630 126 59
s 12631 54 22
s 12632 29 15
s 12633 9 5
s 12634 38 21
s 12635 28 13
s 12636 4 3
s 12637 25 14
s 12638 12 6
s 12639 10 8
s 12640 32 14
s 12641 7 2
s 12642 21 10
s 12643 10 5
s 12644 55 23
s 12645 34 16
s 12646 2 1
s 12647 4 3
s 12648 11 7
s 12649 90 49
s 12650 24 11
s 12651 30 15
s 12652 56 24
s 12653 40 18
s 12654 25 11
s 12655 24 12
s 12656 99 56
s 12657 3 1
s 12658 8 4
s 12663 99 55
s 12664 22 9
s 12665 51 23
s 12667 153 67
s 12670 8 3
s 12672 41 14
s 12673 10 6
s 12675 63 29
s 12679 62 31
s 12680 10 6
s 12681 11 2
s 12682 12 4
s 12689 29 8
s 12699 30 16
s 12851 10 5
s 12852 2 0
s 12853 40 22
s 12854 20 7
s 12855 19 6
s 12856 5 3
s 12858 1 1
s 12859 2 2
s 12860 15 7
s 12861 3 2
s 12862 18 7
s 12863 3 2
s 12865 4 0
s 12867 10 6
s 12869 11 5
s 12870 5 5
s 12871 10 8
s 12872 1 1
s 12873 2 1
s 12874 16 9
s 12876 22 13
s 12877 3 1
s 12878 16 7
s 12879 3 1
s 12880 10 5
s 12882 2 2
s 12883 1 1
s 12884 5 2
s 12885 5 1
s 12886 33 18
s 12887 1 0
s 12888 5 1
s 12889 3 3
s 12890 10 5
s 12891 5 3
s 12892 2 0
s 12893 8 4
s 12894 2 0
s 12896 24 9
s 12897 5 2
s 12898 7 4
s 12899 2 0
s 12900 6 3
s 12901 9 2
s 12903 2 1
s 12904 5 4
s 12905 19 12
s 12906 33 14
s 12907 25 12
s 12908 11 2
s 12909 11 4
s 12910 4 2
s 12911 2 0
s 12912 2 1
s 12914 4 1
s 12919 30 14
s 12920 23 9
s 12921 2 0
s 12923 38 21
s 12926 6 3
s 12928 10 5
s 12929 4 4
s 12931 5 2
s 12935 16 8
s 12936 2 1
s 12937 11 6
s 12938 5 2
s 12945 21 11
s 12955 9 7
s 13108 6 4
s 13109 56 25
s 13110 57 24
s 13111 95 46
s 13112 22 11
s 13113 3 1
s 13114 10 4
s 13115 7 3
s 13116 34 20
s 13117 1 1
s 13118 6 5
s 13119 11 6
s 13120 5 1
s 13121 6 3
s 13123 21 13
s 13124 2 1
s 13125 34 14
s 13126 12 4
s 13127 13 3
s 13128 11 4
s 13129 5 2
s 13130 46 13
s 13131 6 2
s 13132 27 13
s 13133 12 7
s 13134 17 11
s 13135 14 7
s 13136 28 15
s 13137 3 1
s 13138 4 1
s 13139 7 3
s 13140 5 2
s 13141 29 14
s 13142 93 47
s 13143 15 9
s 13144 2 1
s 13145 3 1
s 13146 49 29
s 13147 23 16
s 13148 3 2
s 13149 16 12
s 13150 4 2
s 13151 1 0
s 13152 57 28
s 13153 9 5
s 13154 38 21
s 13155 3 1
s 13156 6 4
s 13157 18 11
s 13158 3 2
s 13159 1 0
s 13160 7 3
s 13161 50 29
s 13162 79 38
s 13163 65 32
s 13164 82 38
s 13165 46 20
s 13166 26 14
s 13167 10 5
s 13168 41 25
s 13169 4 1
s 13170 6 4
s 13175 61 27
s 13176 48 22
s 13177 15 5
s 13179 85 37
s 13182 30 14
s 13184 82 38
s 13185 12 7
s 13187 44 26
s 13191 51 24
s 13192 4 1
s 13193 15 6
s 13194 15 9
s 13201 18 12
s 13211 33 19
s 13365 4 4
s 13366 16 6
s 13367 9 6
s 13370 2 2
s 13372 5 3
s 13374 7 4
s 13376 2 0
s 13377 3 0
s 13378 1 0
s 13379 4 4
s 13381 8 3
s 13382 2 0
s 13383 13 7
s 13385 2 1
s 13387 1 0
s 13388 1 0
s 13389 2 0
s 13390 2 1
s 13391 4 2
s 13392 1 0
s 13393 1 0
s 13395 5 3
s 13396 5 4
s 13397 10 4
s 13398 18 10
s 13399 4 0
s 13400 1 1
s 13403 16 12
s 13404 1 0
s 13405 3 2
s 13406 1 0
s 13408 3 0
s 13409 1 1
s 13410 2 1
s 13412 8 2
s 13413 6 4
s 13414 1 1
s 13417 4 1
s 13418 4 3
s 13419 2 0
s 13420 12 5
s 13421 6 3
s 13422 2 2
s 13423 3 2
s 13424 9 3
s 13426 1 1
s 13431 6 2
s 13433 3 0
s 13435 14 7
s 13438 1 1
s 13440 5 1
s 13441 3 1
s 13443 7 3
s 13447 10 4
s 13448 1 1
s 13450 2 0
s 13467 12 8
s 13622 26 11
s 13623 46 18
s 13624 4 2
s 13625 2 1
s 13626 14 4
s 13627 6 2
s 13628 26 14
s 13629 2 1
s 13630 59 37
s 13631 5 4
s 13632 15 5
s 13633 10 6
s 13634 3 2
s 13635 3 2
s 13636 5 5
s 13637 55 27
s 13638 4 3
s 13639 40 19
s 13640 5 4
s 13641 4 2
s 13642 36 22
s 13643 9 2
s 13644 26 13
s 13645 12 10
s 13646 17 9
s 13647 19 5
s 13648 4 3
s 13649 2 1
s 13650 3 3
s 13651 15 10
s 13652 30 12
s 13653 61 28
s 13654 87 41
s 13655 26 13
s 13656 16 8
s 13657 5 2
s 13658 25 13
s 13659 13 7
s 13660 4 0
s 13661 17 11
s 13662 1 1
s 13663 2 2
s 13664 60 31
s 13665 9 4
s 13666 39 17
s 13667 5 2
s 13668 77 39
s 13669 23 14
s 13670 2 2
s 13671 2 0
s 13672 6 3
s 13673 56 32
s 13674 68 36
s 13675 53 28
s 13676 54 23
s 13677 14 6
s 13678 19 9
s 13679 8 5
s 13680 71 39
s 13681 4 2
s 13682 9 2
s 13687 94 50
s 13688 39 24
s 13689 20 8
s 13691 96 45
s 13694 21 12
s 13696 35 18
s 13697 19 7
s 13699 51 29
s 13703 36 17
s 13704 13 5
s 13705 9 7
s 13706 4 2
s 13713 11 6
s 13723 30 18
s 13879 117 72
s 13880 1 1
s 13881 7 2
s 13882 24 14
s 13883 12 7
s 13884 90 41
s 13885 4 2
s 13886 85 45
s 13887 4 3
s 13888 31 15
s 13889 16 10
s 13890 7 3
s 13892 9 4
s 13893 112 50
s 13895 142 80
s 13896 7 3
s 13897 4 1
s 13898 115 60
s 13899 26 13
s 13900 74 34
s 13901 31 24
s 13902 26 8
s 13903 49 16
s 13904 2 0
s 13905 1 0
s 13906 1 1
s 13907 41 21
s 13908 42 25
s 13909 146 58
s 13910 178 91
s 13911 102 46
s 13912 33 22
s 13914 73 44
s 13915 21 10
s 13916 6 3
s 13917 29 16
s 13918 1 1
s 13920 91 40
s 13921 27 11
s 13922 51 28
s 13923 11 5
s 13924 92 45
s 13925 55 26
s 13926 5 1
s 13927 11 7
s 13928 21 11
s 13929 106 51
s 13930 124 53
s 13931 90 35
s 13932 115 42
s 13933 1 0
s 13934 44 19
s 13935 33 18
s 13936 170 93
s 13937 9 5
s 13938 10 6
s 13943 175 83
s 13944 119 57
s 13945 67 25
s 13947 195 80
s 13950 46 21
s 13952 139 68
s 13953 47 21
s 13955 113 53
s 13959 105 46
s 13960 12 5
s 13961 27 11
s 13962 5 5
s 13969 14 5
s 13979 38 21
s 14136 21 9
s 14137 1 0
s 14138 11 4
s 14139 16 9
s 14140 2 2
s 14141 6 2
s 14142 163 104
s 14143 6 4
s 14144 23 12
s 14145 8 2
s 14146 1 0
s 14147 26 14
s 14148 7 5
s 14149 11 1
s 14150 30 11
s 14151 161 81
s 14152 13 5
s 14153 8 4
s 14154 52 33
s 14155 18 11
s 14156 49 28
s 14159 27 13
s 14160 36 21
s 14161 7 2
s 14162 7 4
s 14163 31 19
s 14164 23 14
s 14165 57 29
s 14166 64 35
s 14167 58 29
s 14168 52 31
s 14169 7 5
s 14170 39 26
s 14171 17 8
s 14173 37 25
s 14174 11 5
s 14175 5 2
s 14176 3 2
s 14177 6 5
s 14178 9 1
s 14179 4 0
s 14180 86 34
s 14181 19 8
s 14182 3 1
s 14183 4 2
s 14184 2 1
s 14185 49 22
s 14186 119 64
s 14187 95 47
s 14188 2 1
s 14189 48 25
s 14190 23 13
s 14191 18 11
s 14192 102 56
s 14193 7 5
s 14194 7 4
s 14199 92 42
s 14200 53 25
s 14201 25 14
s 14203 126 57
s 14206 41 19
s 14208 61 29
s 14211 77 36
s 14215 4 1
s 14216 17 10
s 14217 9 2
s 14218 7 4
s 14225 40 23
s 14235 16 10
s 14393 1 1
s 14394 7 5
s 14395 2 2
s 14396 9 5
s 14397 1 1
s 14398 6 2
s 14400 3 2
s 14401 6 1
s 14404 1 0
s 14405 18 8
s 14407 17 9
s 14408 4 3
s 14409 1 1
s 14410 21 10
s 14411 5 1
s 14412 11 3
s 14413 2 0
s 14414 7 5
s 14415 5 1
s 14417 1 1
s 14419 10 5
s 14420 13 7
s 14421 38 18
s 14422 33 19
s 14423 10 6
s 14424 3 1
s 14426 10 3
s 14427 3 1
s 14428 2 1
s 14429 5 4
s 14431 2 1
s 14432 23 13
s 14433 5 2
s 14434 7 3
s 14435 2 1
s 14436 26 12
s 14437 7 2
s 14439 1 1
s 14440 5 3
s 14441 20 11
s 14442 34 16
s 14443 23 12
s 14444 27 9
s 14446 14 8
s 14447 4 2
s 14448 34 17
s 14449 2 0
s 14450 4 3
s 14455 33 20
s 14456 22 14
s 14457 6 4
s 14459 44 17
s 14462 13 4
s 14464 20 8
s 14465 4 0
s 14467 20 10
s 14471 16 8
s 14472 3 1
s 14473 7 3
s 14481 1 0
s 14491 12 5
s 14650 1 1
s 14652 2 1
s 14659 2 1
s 14661 1 0
s 14662 2 2
s 14663 1 0
s 14664 1 1
s 14665 1 0
s 14666 5 4
s 14667 1 1
s 14670 2 2
s 14671 1 1
s 14672 2 1
s 14674 1 1
s 14677 2 1
s 14678 12 7
s 14679 1 0
s 14680 2 1
s 14682 3 2
s 14683 4 3
s 14686 2 1
s 14687 1 0
s 14688 1 0
s 14689 1 1
s 14692 3 1
s 14696 1 1
s 14697 2 1
s 14698 5 2
s 14699 5 3
s 14700 3 2
s 14701 1 0
s 14702 1 0
s 14703 1 0
s 14705 1 0
s 14706 1 0
s 14711 4 3
s 14712 2 2
s 14713 1 1
s 14715 10 4
s 14718 2 1
s 14720 5 1
s 14721 1 1
s 14723 3 1
s 14727 4 1
s 14728 2 2
s 14729 1 1
s 14747 2 1
s 14907 1 0
s 14908 9 3
s 14909 2 2
s 14910 12 9
s 14911 1 1
s 14912 4 3
s 14913 2 1
s 14914 1 1
s 14915 3 1
s 14917 25 18
s 14918 4 3
s 14919 7 4
s 14920 2 2
s 14921 3 3
s 14922 21 10
s 14923 3 1
s 14924 11 7
s 14925 5 3
s 14926 4 3
s 14927 5 0
s 14928 8 7
s 14929 1 1
s 14930 1 1
s 14931 4 3
s 14932 3 2
s 14933 13 8
s 14934 22 11
s 14935 4 2
s 14936 2 1
s 14938 8 4
s 14939 5 5
s 14940 3 1
s 14941 12 6
s 14943 4 3
s 14944 16 7
s 14945 7 5
s 14946 8 5
s 14947 3 1
s 14948 9 3
s 14949 6 3
s 14952 2 2
s 14953 16 8
s 14954 37 22
s 14955 28 16
s 14956 23 10
s 14957 12 4
s 14958 5 3
s 14960 4 2
s 14962 6 5
s 14967 31 20
s 14968 20 9
s 14969 3 3
s 14971 29 12
s 14974 7 2
s 14976 10 6
s 14977 7 1
s 14979 6 3
s 14983 17 8
s 14984 3 2
s 14985 4 3
s 14986 4 3
s 14993 12 5
s 15003 16 8
s 15164 6 4
s 15165 1 0
s 15166 7 4
s 15167 1 1
s 15168 1 0
s 15170 1 0
s 15171 1 0
s 15173 9 6
s 15174 6 3
s 15175 13 5
s 15176 1 0
s 15177 3 1
s 15178 4 2
s 15179 3 1
s 15180 3 1
s 15181 1 1
s 15182 2 1
s 15183 10 4
s 15184 11 6
s 15185 1 1
s 15186 1 1
s 15187 4 3
s 15188 5 4
s 15189 13 3
s 15190 19 8
s 15191 4 1
s 15192 2 2
s 15193 3 3
s 15194 3 1
s 15195 6 3
s 15196 2 1
s 15197 1 0
s 15198 2 1
s 15200 9 3
s 15202 6 2
s 15203 2 0
s 15204 9 5
s 15205 7 4
s 15206 1 1
s 15208 3 0
s 15209 13 6
s 15210 5 5
s 15211 6 4
s 15212 7 1
s 15213 5 2
s 15214 3 2
s 15215 4 3
s 15216 17 11
s 15217 1 0
s 15218 3 2
s 15223 16 9
s 15224 1 1
s 15225 4 3
s 15227 18 10
s 15230 2 1
s 15232 6 4
s 15233 5 0
s 15235 5 1
s 15239 12 3
s 15240 3 1
s 15241 1 1
s 15242 1 0
s 15249 6 5
s 15259 4 4
s 15421 1 1
s 15422 31 21
s 15423 7 2
s 15424 17 7
s 15425 4 3
s 15427 25 11
s 15428 8 5
s 15429 9 7
s 15430 23 10
s 15431 46 21
s 15432 9 4
s 15433 5 1
s 15434 48 24
s 15435 24 10
s 15436 30 16
s 15438 3 1
s 15439 21 8
s 15440 19 8
s 15441 4 3
s 15442 2 1
s 15443 16 12
s 15444 15 5
s 15445 56 28
s 15446 93 49
s 15447 48 22
s 15448 14 7
s 15449 3 3
s 15450 44 28
s 15451 24 12
s 15452 1 0
s 15453 23 11
s 15454 8 4
s 15455 4 1
s 15456 4 2
s 15457 7 3
s 15458 12 7
s 15459 3 2
s 15460 75 42
s 15461 24 8
s 15462 3 0
s 15463 5 3
s 15464 2 1
s 15465 51 16
s 15466 57 22
s 15467 37 21
s 15468 6 1
s 15469 24 12
s 15470 5 2
s 15471 26 11
s 15472 63 36
s 15473 6 1
s 15474 5 0
s 15479 67 37
s 15480 31 17
s 15481 37 12
s 15483 100 38
s 15486 18 9
s 15488 62 27
s 15489 1 1
s 15491 57 31
s 15495 1 0
s 15496 10 5
s 15497 8 2
s 15498 11 6
s 15505 25 11
s 15515 9 4
s 15678 1 1
s 15680 1 1
s 15684 2 1
s 15685 3 2
s 15687 3 1
s 15690 6 2
s 15691 2 1
s 15692 1 0
s 15694 1 1
s 15695 2 1
s 15696 2 2
s 15699 5 2
s 15700 3 2
s 15701 8 4
s 15702 7 5
s 15703 2 0
s 15705 1 0
s 15706 4 2
s 15709 1 1
s 15712 2 1
s 15713 1 1
s 15715 1 1
s 15716 3 2
s 15717 3 1
s 15718 1 0
s 15720 2 0
s 15721 2 1
s 15722 10 8
s 15723 4 1
s 15724 1 1
s 15725 2 1
s 15726 3 1
s 15727 1 1
s 15728 8 3
s 15730 2 0
s 15735 9 6
s 15736 2 1
s 15737 3 1
s 15739 8 4
s 15744 1 0
s 15747 2 2
s 15751 6 0
s 15752 2 1
s 15754 1 0
s 15761 2 2
s 15771 4 3
s 15935 3 2
s 15936 13 9
s 15937 16 12
s 15938 1 1
s 15939 22 12
s 15940 3 3
s 15941 42 26
s 15942 20 9
s 15943 2 2
s 15944 7 2
s 15945 5 3
s 15946 55 43
s 15947 7 5
s 15948 36 19
s 15949 13 10
s 15950 14 10
s 15951 16 7
s 15952 26 21
s 15953 5 3
s 15954 3 2
s 15955 15 12
s 15956 8 6
s 15957 43 28
s 15958 25 17
s 15959 47 28
s 15960 1 1
s 15961 4 4
s 15962 25 15
s 15963 22 18
s 15964 3 1
s 15965 36 21
s 15966 5 4
s 15967 6 6
s 15968 46 25
s 15969 3 1
s 15970 30 16
s 15971 3 0
s 15972 26 13
s 15973 10 5
s 15974 2 0
s 15975 2 0
s 15976 3 2
s 15977 32 21
s 15978 88 53
s 15979 40 27
s 15980 43 19
s 15981 32 20
s 15982 24 15
s 15983 18 11
s 15984 72 53
s 15985 3 3
s 15986 7 3
s 15991 26 13
s 15992 55 30
s 15993 20 11
s 15995 41 29
s 15998 22 16
s 16000 49 29
s 16001 15 11
s 16003 42 23
s 16007 49 28
s 16008 5 3
s 16009 16 9
s 16010 10 6
s 16017 23 12
s 16027 20 14
s 16192 1 0
s 16193 1 0
s 16195 1 0
s 16197 4 4
s 16199 7 5
s 16200 1 1
s 16202 10 6
s 16203 4 1
s 16204 4 2
s 16205 1 0
s 16207 2 2
s 16208 2 1
s 16209 2 2
s 16211 7 4
s 16212 3 1
s 16213 14 6
s 16214 10 7
s 16215 7 3
s 16216 4 4
s 16218 7 4
s 16219 5 4
s 16220 1 0
s 16221 2 2
s 16222 1 1
s 16224 5 1
s 16225 6 4
s 16226 8 4
s 16227 3 0
s 16228 11 7
s 16229 3 1
s 16233 3 1
s 16234 14 11
s 16235 7 2
s 16236 8 4
s 16238 4 3
s 16240 2 1
s 16241 2 2
s 16242 2 0
s 16247 10 5
s 16248 5 0
s 16249 5 4
s 16251 12 5
s 16254 4 3
s 16256 3 2
s 16257 2 0
s 16259 5 3
s 16263 8 5
s 16264 2 1
s 16266 2 1
s 16273 2 1
s 16283 2 0
s 16449 2 2
s 16451 10 7
s 16453 18 8
s 16454 5 1
s 16455 24 10
s 16456 7 5
s 16457 5 2
s 16458 22 9
s 16459 1 0
s 16460 16 4
s 16461 6 4
s 16462 10 6
s 16463 8 3
s 16464 11 3
s 16466 2 1
s 16467 5 3
s 16468 11 4
s 16469 13 5
s 16470 29 16
s 16471 9 1
s 16472 7 3
s 16474 8 6
s 16475 6 4
s 16476 2 1
s 16477 17 10
s 16478 1 1
s 16480 19 13
s 16481 8 2
s 16482 10 6
s 16483 3 1
s 16484 9 3
s 16485 10 6
s 16488 4 4
s 16489 3 1
s 16490 25 12
s 16491 26 14
s 16492 24 8
s 16493 13 8
s 16494 8 2
s 16495 3 2
s 16496 7 2
s 16497 1 0
s 16498 2 0
s 16503 18 9
s 16504 19 9
s 16505 8 5
s 16507 23 9
s 16510 14 6
s 16512 15 3
s 16513 7 3
s 16515 7 4
s 16519 25 9
s 16520 3 1
s 16521 4 0
s 16522 3 1
s 16529 9 5
s 16539 10 4
s 16706 2 2
s 16707 4 3
s 16709 6 5
s 16710 2 2
s 16711 7 3
s 16712 1 0
s 16714 10 9
s 16715 4 0
s 16716 1 1
s 16717 2 1
s 16718 1 1
s 16719 5 1
s 16720 8 4
s 16721 1 1
s 16723 4 3
s 16724 2 2
s 16725 11 4
s 16726 18 10
s 16727 6 6
s 16728 4 1
s 16730 5 2
s 16731 6 1
s 16732 1 0
s 16733 4 1
s 16734 1 1
s 16735 1 0
s 16736 9 2
s 16738 2 1
s 16739 2 0
s 16740 17 9
s 16741 3 1
s 16744 1 1
s 16745 7 3
s 16746 8 2
s 16747 8 1
s 16748 7 2
s 16749 6 2
s 16750 3 2
s 16751 1 0
s 16752 15 8
s 16754 1 1
s 16759 13 8
s 16760 9 5
s 16761 8 4
s 16763 14 5
s 16766 2 1
s 16768 5 3
s 16769 2 2
s 16771 12 5
s 16775 5 2
s 16776 4 0
s 16777 2 2
s 16778 1 0
s 16785 7 2
s 16795 12 5
s 16965 4 2
s 16967 1 0
s 16969 1 0
s 16970 3 3
s 16972 2 2
s 16973 3 3
s 16974 1 1
s 16975 1 1
s 16976 1 0
s 16978 1 0
s 16980 3 3
s 16981 3 1
s 16982 11 8
s 16983 2 2
s 16984 2 1
s 16986 1 0
s 16987 2 1
s 16989 1 1
s 16992 2 2
s 16993 1 1
s 16994 6 4
s 16995 1 0
s 16996 2 1
s 16997 1 1
s 17001 2 0
s 17002 1 0
s 17003 4 4
s 17004 4 2
s 17005 2 2
s 17008 1 1
s 17009 1 0
s 17010 1 1
s 17015 4 2
s 17016 3 1
s 17017 1 0
s 17019 3 1
s 17022 2 2
s 17024 3 1
s 17025 2 2
s 17027 1 1
s 17031 3 1
s 17034 1 1
s 17041 3 2
s 17051 5 2
s 17220 5 3
s 17221 22 15
s 17223 26 13
s 17224 1 1
s 17225 1 0
s 17226 25 12
s 17227 6 2
s 17228 16 10
s 17229 1 1
s 17230 8 5
s 17231 7 2
s 17233 1 1
s 17234 1 0
s 17235 12 8
s 17236 2 0
s 17237 44 22
s 17238 44 25
s 17239 19 9
s 17240 11 5
s 17242 16 9
s 17243 4 3
s 17245 4 3
s 17247 1 0
s 17248 25 16
s 17249 9 2
s 17250 11 3
s 17251 1 0
s 17252 19 11
s 17253 11 3
s 17254 2 2
s 17255 3 1
s 17256 3 1
s 17257 24 14
s 17258 35 17
s 17259 26 12
s 17260 41 11
s 17262 14 7
s 17263 9 2
s 17264 49 28
s 17266 2 2
s 17271 43 23
s 17272 21 9
s 17273 21 11
s 17275 66 35
s 17278 9 4
s 17280 34 13
s 17281 16 6
s 17283 24 15
s 17287 32 16
s 17288 4 2
s 17289 12 6
s 17290 2 0
s 17297 4 1
s 17307 16 11
s 17477 5 1
s 17478 4 2
s 17479 14 5
s 17480 1 0
s 17481 1 1
s 17482 10 4
s 17483 1 1
s 17484 1 0
s 17485 3 2
s 17486 4 3
s 17487 2 1
s 17488 5 3
s 17489 3 2
s 17490 2 2
s 17491 2 0
s 17492 2 1
s 17493 8 5
s 17494 9 4
s 17496 2 0
s 17497 1 1
s 17498 2 2
s 17499 1 0
s 17500 1 0
s 17501 5 2
s 17504 6 2
s 17505 5 2
s 17506 5 1
s 17508 8 3
s 17509 1 1
s 17510 1 0
s 17512 3 1
s 17513 5 1
s 17514 11 7
s 17515 7 3
s 17516 8 3
s 17517 1 0
s 17518 2 0
s 17519 2 2
s 17520 1 0
s 17521 2 2
s 17522 1 1
s 17527 8 5
s 17528 10 3
s 17529 1 0
s 17531 11 6
s 17534 1 1
s 17536 9 3
s 17537 4 2
s 17539 2 1
s 17543 11 4
s 17544 3 1
s 17545 3 1
s 17546 1 0
s 17553 2 0
s 17563 1 1
s 17734 24 12
s 17735 47 24
s 17736 9 4
s 17737 10 5
s 17738 63 33
s 17739 13 3
s 17740 22 8
s 17741 2 1
s 17742 2 2
s 17743 33 9
s 17744 40 18
s 17745 5 3
s 17746 7 2
s 17747 34 20
s 17748 31 12
s 17749 89 46
s 17750 129 81
s 17751 38 13
s 17752 26 15
s 17753 6 5
s 17754 48 27
s 17755 22 14
s 17757 31 23
s 17758 5 1
s 17759 7 4
s 17760 8 5
s 17761 4 4
s 17762 11 8
s 17763 3 1
s 17764 52 23
s 17765 24 8
s 17766 2 1
s 17767 4 3
s 17768 1 0
s 17769 61 33
s 17770 112 53
s 17771 69 29
s 17772 12 5
s 17773 42 26
s 17774 23 12
s 17775 12 8
s 17776 129 71
s 17777 2 1
s 17778 10 5
s 17783 132 65
s 17784 68 37
s 17785 79 39
s 17787 154 73
s 17790 32 15
s 17792 68 29
s 17793 2 2
s 17795 76 29
s 17799 4 2
s 17800 6 4
s 17801 3 1
s 17802 13 9
s 17809 51 29
s 17819 17 6
s 17991 27 15
s 17992 1 0
s 17993 2 0
s 17994 29 13
s 17995 11 3
s 17996 16 11
s 17997 6 3
s 17998 13 8
s 17999 8 2
s 18001 1 0
s 18002 2 0
s 18003 4 4
s 18004 11 2
s 18005 20 8
s 18006 51 28
s 18007 28 11
s 18008 6 3
s 18010 5 2
s 18011 4 3
s 18012 2 0
s 18013 2 2
s 18016 21 8
s 18017 5 0
s 18018 15 3
s 18019 2 1
s 18020 17 10
s 18021 14 3
s 18022 2 0
s 18023 1 0
s 18024 8 5
s 18025 24 15
s 18026 32 15
s 18027 25 11
s 18028 18 8
s 18030 11 5
s 18031 7 3
s 18032 26 15
s 18033 3 1
s 18034 2 2
s 18039 41 18
s 18040 18 9
s 18041 30 13
s 18043 42 16
s 18046 12 6
s 18048 31 14
s 18049 15 4
s 18051 23 8
s 18055 30 8
s 18056 5 4
s 18057 5 1
s 18065 1 0
s 18075 9 4
s 18248 4 1
s 18249 6 1
s 18250 53 28
s 18251 20 9
s 18252 42 22
s 18253 8 5
s 18254 15 9
s 18255 12 4
s 18256 24 15
s 18257 3 1
s 18258 3 3
s 18259 20 9
s 18260 17 9
s 18261 52 23
s 18262 46 23
s 18263 56 32
s 18264 5 2
s 18265 4 3
s 18266 31 23
s 18267 35 23
s 18268 3 0
s 18269 36 16
s 18270 7 1
s 18271 7 5
s 18272 40 19
s 18273 11 3
s 18274 31 15
s 18275 10 4
s 18276 20 11
s 18277 18 6
s 18278 6 2
s 18279 2 2
s 18280 6 3
s 18281 33 14
s 18282 58 22
s 18283 28 13
s 18284 42 17
s 18285 28 10
s 18286 28 13
s 18287 16 6
s 18288 56 28
s 18289 8 3
s 18290 15 10
s 18295 29 15
s 18296 38 22
s 18297 27 9
s 18299 48 17
s 18302 26 11
s 18304 75 31
s 18305 15 6
s 18307 34 15
s 18311 70 32
s 18312 7 5
s 18313 9 6
s 18314 12 8
s 18321 20 8
s 18331 12 4
s 18505 1 1
s 18506 12 7
s 18507 2 1
s 18508 9 2
s 18509 3 2
s 18510 7 5
s 18511 4 3
s 18512 1 0
s 18513 2 2
s 18514 2 1
s 18515 6 3
s 18516 9 2
s 18517 14 4
s 18518 14 5
s 18519 4 3
s 18520 2 2
s 18521 1 1
s 18522 10 5
s 18523 8 6
s 18525 3 1
s 18528 9 8
s 18529 1 1
s 18530 7 4
s 18531 3 1
s 18532 8 4
s 18533 1 0
s 18535 1 0
s 18536 1 0
s 18537 7 5
s 18538 15 5
s 18539 13 8
s 18540 11 4
s 18541 2 2
s 18542 8 5
s 18543 2 1
s 18544 11 8
s 18545 2 1
s 18546 1 0
s 18551 16 8
s 18552 11 5
s 18553 6 3
s 18555 19 7
s 18558 5 4
s 18560 10 4
s 18561 2 0
s 18563 6 5
s 18567 13 4
s 18568 1 0
s 18569 3 1
s 18577 5 2
s 18587 9 6
s 18762 10 5
s 18763 3 1
s 18764 2 1
s 18765 2 1
s 18766 4 2
s 18767 6 2
s 18768 1 0
s 18771 2 2
s 18772 4 1
s 18773 11 5
s 18774 15 9
s 18775 4 2
s 18776 3 2
s 18777 1 1
s 18778 6 3
s 18779 2 0
s 18780 1 0
s 18782 1 1
s 18783 1 0
s 18784 5 3
s 18785 1 0
s 18786 5 4
s 18787 2 0
s 18788 6 3
s 18789 1 1
s 18791 1 0
s 18793 10 6
s 18794 14 5
s 18795 5 3
s 18796 9 5
s 18798 3 2
s 18799 2 1
s 18800 12 6
s 18801 1 1
s 18802 1 1
s 18807 12 4
s 18808 6 5
s 18809 5 2
s 18811 20 10
s 18814 2 1
s 18816 7 3
s 18817 2 0
s 18819 12 5
s 18823 10 2
s 18824 3 1
s 18825 2 2
s 18833 1 1
s 18843 2 0
s 19019 20 8
s 19020 3 0
s 19021 11 7
s 19022 22 14
s 19023 34 17
s 19024 26 17
s 19025 8 4
s 19026 2 2
s 19027 32 20
s 19028 40 20
s 19029 98 44
s 19030 129 70
s 19031 49 25
s 19032 19 11
s 19033 6 2
s 19034 19 10
s 19035 14 6
s 19036 6 2
s 19037 20 11
s 19038 5 2
s 19039 7 3
s 19040 76 43
s 19041 29 13
s 19042 40 17
s 19043 12 6
s 19044 83 40
s 19045 24 10
s 19046 7 3
s 19047 4 3
s 19048 12 3
s 19049 78 42
s 19050 4 1
s 19051 15 6
s 19052 94 38
s 19053 51 32
s 19054 27 16
s 19055 21 10
s 19056 95 63
s 19057 1 1
s 19058 10 4
s 19063 118 71
s 19064 9 6
s 19065 47 21
s 19067 164 79
s 19070 1 0
s 19072 51 16
s 19073 27 12
s 19075 81 37
s 19079 56 30
s 19080 7 3
s 19081 14 6
s 19082 13 8
s 19089 40 17
s 19099 28 19
s 19276 13 7
s 19277 2 1
s 19278 5 2
s 19279 3 1
s 19280 5 4
s 19281 2 2
s 19283 1 0
s 19284 11 2
s 19285 12 4
s 19286 17 9
s 19287 2 1
s 19288 7 4
s 19289 2 2
s 19290 8 3
s 19291 7 4
s 19292 2 1
s 19293 12 9
s 19294 6 4
s 19295 2 2
s 19296 10 3
s 19297 10 3
s 19298 15 9
s 19299 4 2
s 19300 19 11
s 19301 7 4
s 19304 2 2
s 19305 16 4
s 19306 21 13
s 19307 11 7
s 19308 17 4
s 19309 13 2
s 19310 9 3
s 19311 3 2
s 19312 6 2
s 19313 2 1
s 19314 4 2
s 19319 16 10
s 19320 12 6
s 19321 10 4
s 19323 18 9
s 19326 8 5
s 19328 20 7
s 19329 8 3
s 19331 10 6
s 19335 31 15
s 19336 8 2
s 19337 7 5
s 19338 4 2
s 19345 15 10
s 19355 8 4
s 19533 9 5
s 19534 16 6
s 19535 21 8
s 19536 12 7
s 19537 1 1
s 19539 19 12
s 19540 25 12
s 19541 44 21
s 19542 59 25
s 19543 29 12
s 19544 14 7
s 19545 2 2
s 19546 12 5
s 19547 13 6
s 19548 2 1
s 19549 14 7
s 19550 4 1
s 19551 6 3
s 19552 52 23
s 19553 8 3
s 19554 24 9
s 19555 7 0
s 19556 46 23
s 19557 19 9
s 19558 2 1
s 19559 10 8
s 19560 11 7
s 19561 49 29
s 19562 7 4
s 19563 16 10
s 19564 37 14
s 19565 30 15
s 19566 15 6
s 19567 11 4
s 19568 74 39
s 19570 3 0
s 19575 77 40
s 19576 12 4
s 19577 17 7
s 19579 71 34
s 19582 1 0
s 19584 19 8
s 19585 10 6
s 19587 35 20
s 19591 51 27
s 19592 5 1
s 19593 14 9
s 19594 7 4
s 19601 25 14
s 19611 15 10
s 19790 2 1
s 19791 8 5
s 19792 12 5
s 19793 1 0
s 19795 6 5
s 19796 7 4
s 19797 10 4
s 19798 33 17
s 19799 5 2
s 19800 5 3
s 19801 1 1
s 19802 8 5
s 19803 3 1
s 19805 6 4
s 19807 1 1
s 19808 1 0
s 19809 1 1
s 19810 1 1
s 19812 11 7
s 19813 5 1
s 19815 2 1
s 19817 27 17
s 19818 34 21
s 19819 21 15
s 19820 2 1
s 19821 6 5
s 19822 3 1
s 19823 1 1
s 19824 28 21
s 19825 3 1
s 19826 7 5
s 19831 40 26
s 19832 17 12
s 19833 6 3
s 19835 50 28
s 19838 2 2
s 19840 14 9
s 19843 13 7
s 19847 4 3
s 19849 1 1
s 19850 2 1
s 19857 14 8
s 19867 3 1
s 20047 12 8
s 20048 21 13
s 20049 2 2
s 20050 5 5
s 20051 10 6
s 20052 9 4
s 20053 25 15
s 20054 51 29
s 20055 15 9
s 20056 4 2
s 20057 3 2
s 20058 6 3
s 20059 4 3
s 20061 15 10
s 20062 2 0
s 20063 4 3
s 20064 3 1
s 20065 6 3
s 20066 4 1
s 20067 1 1
s 20068 21 10
s 20069 13 8
s 20070 1 0
s 20071 2 1
s 20072 1 1
s 20073 35 21
s 20074 31 18
s 20075 23 14
s 20076 3 1
s 20077 22 10
s 20078 12 5
s 20079 8 4
s 20080 35 23
s 20081 1 1
s 20082 7 6
s 20087 57 30
s 20088 34 18
s 20089 13 5
s 20091 54 27
s 20094 12 7
s 20096 20 11
s 20099 31 16
s 20103 4 2
s 20104 3 1
s 20105 4 3
s 20106 5 4
s 20113 15 3
s 20123 3 3
s 20304 12 9
s 20305 5 1
s 20306 1 0
s 20307 6 6
s 20308 13 5
s 20309 27 9
s 20310 26 10
s 20311 6 2
s 20312 1 1
s 20314 16 12
s 20315 5 2
s 20316 2 1
s 20317 11 7
s 20318 6 4
s 20319 4 3
s 20320 41 22
s 20321 11 4
s 20322 13 9
s 20323 1 0
s 20324 23 11
s 20325 9 2
s 20326 2 0
s 20328 2 1
s 20329 12 6
s 20330 37 19
s 20331 34 13
s 20332 26 13
s 20333 20 13
s 20334 9 4
s 20336 17 10
s 20337 5 1
s 20338 6 2
s 20343 25 13
s 20344 26 12
s 20345 10 3
s 20347 26 7
s 20350 14 10
s 20352 18 10
s 20353 15 6
s 20355 9 3
s 20359 28 16
s 20360 1 1
s 20361 3 2
s 20362 6 5
s 20369 23 9
s 20379 12 6
s 20562 1 0
s 20563 26 14
s 20564 6 2
s 20565 40 20
s 20566 60 38
s 20567 23 10
s 20568 9 6
s 20570 26 17
s 20571 5 2
s 20572 2 0
s 20573 6 5
s 20576 32 13
s 20577 5 2
s 20578 23 15
s 20579 7 1
s 20580 54 27
s 20581 8 3
s 20583 2 1
s 20584 4 2
s 20585 41 20
s 20586 43 27
s 20587 35 23
s 20588 29 14
s 20590 14 8
s 20591 4 0
s 20592 48 37
s 20593 2 0
s 20594 5 3
s 20599 55 23
s 20600 33 19
s 20601 14 8
s 20603 76 37
s 20606 16 6
s 20608 29 17
s 20609 7 5
s 20611 34 16
s 20615 30 14
s 20616 5 3
s 20617 13 6
s 20618 1 1
s 20625 1 0
s 20635 22 16
s 20820 1 1
s 20821 5 3
s 20822 6 5
s 20823 4 2
s 20826 3 3
s 20827 2 0
s 20828 1 1
s 20829 3 2
s 20830 1 1
s 20832 4 2
s 20833 4 1
s 20834 2 1
s 20836 1 0
s 20837 2 1
s 20841 3 2
s 20842 4 4
s 20843 6 3
s 20844 4 1
s 20845 2 1
s 20846 3 2
s 20847 3 1
s 20848 7 3
s 20855 4 3
s 20856 4 1
s 20857 4 1
s 20859 9 4
s 20862 3 2
s 20864 6 2
s 20865 1 1
s 20867 3 3
s 20871 10 5
s 20872 1 0
s 20873 2 0
s 20874 1 0
s 20881 2 0
s 20891 2 1
s 21075 1 1
s 21076 2 1
s 21077 6 2
s 21078 11 5
s 21079 1 1
s 21080 2 0
s 21082 1 1
s 21083 2 1
s 21085 1 0
s 21088 5 3
s 21089 1 0
s 21092 6 3
s 21093 3 2
s 21094 1 0
s 21095 1 1
s 21096 1 0
s 21097 6 3
s 21098 5 1
s 21099 5 4
s 21100 3 2
s 21102 2 1
s 21103 3 2
s 21104 12 8
s 21106 1 0
s 21111 7 3
s 21112 3 2
s 21113 3 2
s 21115 9 5
s 21120 3 1
s 21121 1 1
s 21123 5 3
s 21127 6 5
s 21129 1 1
s 21130 1 1
s 21137 1 1
s 21147 4 3
s 21332 4 2
s 21333 12 3
s 21334 55 34
s 21335 4 2
s 21336 3 2
s 21337 3 3
s 21338 24 18
s 21339 10 6
s 21340 3 1
s 21341 14 10
s 21342 4 2
s 21343 4 3
s 21344 42 22
s 21345 7 6
s 21346 9 5
s 21347 4 2
s 21348 8 6
s 21349 23 9
s 21350 2 1
s 21351 1 1
s 21352 6 2
s 21353 18 10
s 21354 51 31
s 21355 33 17
s 21356 44 25
s 21357 24 12
s 21358 17 12
s 21360 6 3
s 21361 1 0
s 21362 4 4
s 21367 46 30
s 21368 34 22
s 21369 13 9
s 21371 58 30
s 21374 11 9
s 21376 37 23
s 21377 10 4
s 21379 20 6
s 21383 32 19
s 21384 2 2
s 21385 8 6
s 21386 10 6
s 21393 10 6
s 21403 12 7
s 21589 8 8
s 21590 70 32
s 21591 9 5
s 21592 7 2
s 21594 14 8
s 21595 15 9
s 21596 1 0
s 21597 15 9
s 21598 3 1
s 21599 3 2
s 21600 22 14
s 21601 8 5
s 21602 20 12
s 21603 7 4
s 21604 17 12
s 21605 19 9
s 21606 3 2
s 21607 8 5
s 21608 7 2
s 21609 18 9
s 21610 23 10
s 21611 16 9
s 21612 44 17
s 21613 14 6
s 21614 21 8
s 21615 1 0
s 21616 15 10
s 21617 3 1
s 21618 5 2
s 21623 26 14
s 21624 24 12
s 21625 15 10
s 21627 44 24
s 21630 17 4
s 21632 24 11
s 21633 8 4
s 21635 19 11
s 21639 35 18
s 21640 4 3
s 21642 10 6
s 21649 20 15
s 21659 14 9
s 21846 176 77
s 21847 34 14
s 21848 14 10
s 21849 5 2
s 21850 93 47
s 21851 28 15
s 21852 10 4
s 21853 36 19
s 21854 11 6
s 21855 7 4
s 21856 79 37
s 21857 28 11
s 21858 37 16
s 21859 10 5
s 21860 54 28
s 21861 38 18
s 21862 2 0
s 21863 1 1
s 21864 15 7
s 21865 66 31
s 21866 156 73
s 21867 72 37
s 21868 100 31
s 21869 50 24
s 21870 30 16
s 21871 9 6
s 21872 53 22
s 21873 5 4
s 21874 15 8
s 21879 138 67
s 21880 107 45
s 21881 33 15
s 21883 183 82
s 21886 47 16
s 21888 93 38
s 21889 26 7
s 21891 59 28
s 21895 70 23
s 21896 13 5
s 21897 23 16
s 21898 29 17
s 21905 51 30
s 21915 40 25
s 22103 82 42
s 22104 20 9
s 22105 10 5
s 22106 47 24
s 22107 26 12
s 22108 4 3
s 22109 54 26
s 22110 20 9
s 22111 23 9
s 22112 121 61
s 22113 45 25
s 22114 92 44
s 22115 15 5
s 22116 104 54
s 22117 29 13
s 22118 4 3
s 22119 6 2
s 22120 25 17
s 22121 69 28
s 22122 182 91
s 22123 118 63
s 22124 283 121
s 22125 76 45
s 22126 51 28
s 22127 27 14
s 22128 178 101
s 22129 9 6
s 22130 19 10
s 22135 57 33
s 22136 118 60
s 22137 60 33
s 22139 83 42
s 22142 60 30
s 22144 125 55
s 22145 54 32
s 22147 78 43
s 22151 135 67
s 22152 15 8
s 22153 42 24
s 22154 27 14
s 22161 90 47
s 22171 68 43
s 22360 18 7
s 22361 5 4
s 22362 28 16
s 22363 12 4
s 22364 2 1
s 22365 33 18
s 22366 4 1
s 22367 1 1
s 22368 48 22
s 22369 16 7
s 22370 28 12
s 22371 4 1
s 22372 31 15
s 22373 16 5
s 22374 1 1
s 22375 4 2
s 22376 9 5
s 22377 22 8
s 22378 65 28
s 22379 43 19
s 22380 46 16
s 22381 39 16
s 22382 18 5
s 22383 3 1
s 22384 9 4
s 22385 1 0
s 22386 8 3
s 22391 58 23
s 22392 34 11
s 22393 10 3
s 22395 87 35
s 22398 30 12
s 22400 48 19
s 22401 23 7
s 22403 22 11
s 22407 73 31
s 22408 5 3
s 22409 15 5
s 22410 7 3
s 22417 30 17
s 22427 15 7
s 22617 2 0
s 22618 4 2
s 22619 7 4
s 22621 11 4
s 22622 2 1
s 22623 4 3
s 22624 15 6
s 22625 1 0
s 22626 16 8
s 22627 4 2
s 22628 7 4
s 22629 5 1
s 22631 4 2
s 22632 4 1
s 22633 10 6
s 22634 25 14
s 22635 13 8
s 22636 22 6
s 22637 14 8
s 22638 7 3
s 22639 8 5
s 22640 23 11
s 22641 2 2
s 22642 4 3
s 22647 14 7
s 22648 13 4
s 22649 16 9
s 22651 24 16
s 22654 16 5
s 22656 22 10
s 22657 3 2
s 22659 23 12
s 22663 39 23
s 22664 4 2
s 22665 4 3
s 22666 6 2
s 22673 7 5
s 22683 3 0
s 22874 5 4
s 22875 1 1
s 22877 1 1
s 22880 9 9
s 22881 1 0
s 22882 4 3
s 22883 1 0
s 22884 1 1
s 22885 1 1
s 22886 1 0
s 22889 5 3
s 22890 8 6
s 22891 6 5
s 22892 8 3
s 22893 2 0
s 22894 3 1
s 22895 1 1
s 22896 9 8
s 22903 14 6
s 22904 5 3
s 22905 4 2
s 22907 20 13
s 22910 3 1
s 22912 3 1
s 22913 2 2
s 22915 8 4
s 22921 1 0
s 22922 1 0
s 22929 2 1
s 23131 13 6
s 23132 2 0
s 23133 25 14
s 23134 7 2
s 23135 8 7
s 23136 47 27
s 23137 5 3
s 23138 32 21
s 23139 9 3
s 23140 60 29
s 23141 11 8
s 23142 1 0
s 23143 1 1
s 23144 10 6
s 23145 46 23
s 23146 65 39
s 23147 40 22
s 23148 82 44
s 23149 44 23
s 23150 14 5
s 23151 13 10
s 23152 53 38
s 23153 2 1
s 23154 8 5
s 23159 47 31
s 23160 55 25
s 23161 18 9
s 23163 68 37
s 23166 10 7
s 23168 23 11
s 23169 16 10
s 23171 46 21
s 23175 31 20
s 23176 4 2
s 23177 4 2
s 23178 9 6
s 23185 35 26
s 23195 25 18
s 23388 2 0
s 23389 23 15
s 23390 5 0
s 23391 5 4
s 23392 19 11
s 23393 4 1
s 23394 15 7
s 23395 6 1
s 23396 33 14
s 23397 9 2
s 23398 2 1
s 23399 2 2
s 23400 9 4
s 23401 21 17
s 23402 24 13
s 23403 25 14
s 23404 23 9
s 23405 10 3
s 23406 14 8
s 23407 5 5
s 23408 27 15
s 23409 5 3
s 23410 3 2
s 23415 36 20
s 23416 10 7
s 23417 6 3
s 23419 51 29
s 23422 14 11
s 23424 23 7
s 23425 11 5
s 23427 20 7
s 23431 10 5
s 23432 7 4
s 23433 3 3
s 23434 10 6
s 23441 3 1
s 23451 52 32
s 23645 1 0
s 23646 2 1
s 23647 1 1
s 23648 4 2
s 23649 3 2
s 23652 16 10
s 23653 6 3
s 23655 1 0
s 23657 3 2
s 23658 7 6
s 23659 5 2
s 23660 2 0
s 23661 5 3
s 23662 5 3
s 23663 3 3
s 23664 3 1
s 23671 4 2
s 23672 2 1
s 23673 2 0
s 23675 7 4
s 23678 5 2
s 23680 4 2
s 23683 1 1
s 23687 1 1
s 23688 1 0
s 23689 2 1
s 23690 1 0
s 23697 1 1
s 23707 2 2
s 23902 4 3
s 23903 3 2
s 23904 31 16
s 23905 5 3
s 23906 17 9
s 23907 10 3
s 23908 30 14
s 23909 18 11
s 23910 1 0
s 23911 4 3
s 23912 5 1
s 23913 49 31
s 23914 16 11
s 23915 34 19
s 23916 35 17
s 23917 7 3
s 23918 15 6
s 23919 6 5
s 23920 49 32
s 23921 3 2
s 23922 3 2
s 23927 49 36
s 23928 24 10
s 23929 21 11
s 23931 73 42
s 23934 13 6
s 23936 32 18
s 23937 9 3
s 23939 33 16
s 23943 41 28
s 23944 5 2
s 23945 8 7
s 23946 3 3
s 23953 6 5
s 23963 18 11
s 24160 7 3
s 24161 4 2
s 24162 1 0
s 24163 1 0
s 24164 12 3
s 24165 7 2
s 24168 1 0
s 24169 11 3
s 24170 8 3
s 24171 9 3
s 24172 7 2
s 24173 1 0
s 24174 5 2
s 24176 8 4
s 24178 1 1
s 24183 3 0
s 24184 8 4
s 24185 8 1
s 24187 11 3
s 24190 3 2
s 24192 11 4
s 24193 5 0
s 24195 4 1
s 24199 2 2
s 24201 3 0
s 24209 1 0
s 24219 2 2
s 24416 12 8
s 24417 3 1
s 24418 7 4
s 24419 1 0
s 24420 8 3
s 24421 5 4
s 24422 1 0
s 24424 3 1
s 24425 9 5
s 24426 7 4
s 24427 6 4
s 24428 8 5
s 24429 1 0
s 24430 7 6
s 24431 7 7
s 24432 16 9
s 24433 1 1
s 24439 10 5
s 24440 3 1
s 24441 6 1
s 24443 7 5
s 24446 2 2
s 24448 8 4
s 24449 7 5
s 24451 7 3
s 24455 12 8
s 24456 1 1
s 24457 2 1
s 24465 1 0
s 24475 2 2
s 24673 5 0
s 24674 12 6
s 24675 2 0
s 24676 67 30
s 24677 28 10
s 24678 3 1
s 24679 6 4
s 24681 79 37
s 24682 89 46
s 24683 63 29
s 24684 6 3
s 24685 54 21
s 24686 42 22
s 24687 9 3
s 24688 115 73
s 24689 1 1
s 24690 12 7
s 24695 136 64
s 24696 49 29
s 24697 34 15
s 24699 205 104
s 24702 25 11
s 24704 79 45
s 24705 4 3
s 24707 69 37
s 24711 2 1
s 24712 2 2
s 24713 6 3
s 24714 17 12
s 24721 45 26
s 24731 7 3
s 24930 6 3
s 24931 3 0
s 24932 17 8
s 24933 13 9
s 24934 1 0
s 24935 3 0
s 24936 1 1
s 24937 41 14
s 24938 16 5
s 24939 7 2
s 24940 12 2
s 24941 3 2
s 24942 14 6
s 24943 7 1
s 24944 26 13
s 24945 4 3
s 24946 2 2
s 24951 25 15
s 24952 8 3
s 24953 7 2
s 24955 20 9
s 24958 6 2
s 24960 20 9
s 24961 4 2
s 24963 19 5
s 24967 10 3
s 24968 2 0
s 24969 5 1
s 24970 5 3
s 24977 11 6
s 24987 4 2
s 25187 1 1
s 25188 46 22
s 25189 9 3
s 25190 2 1
s 25191 1 0
s 25193 51 25
s 25194 78 42
s 25195 38 24
s 25196 11 5
s 25197 25 19
s 25198 12 6
s 25199 10 5
s 25200 52 32
s 25201 4 4
s 25202 4 2
s 25207 89 46
s 25208 32 19
s 25209 16 3
s 25211 104 50
s 25214 10 4
s 25216 46 19
s 25217 4 2
s 25219 55 25
s 25223 4 1
s 25224 5 3
s 25225 8 4
s 25226 10 5
s 25233 34 19
s 25243 13 11
s 25444 7 2
s 25445 5 2
s 25447 2 1
s 25448 1 1
s 25449 10 3
s 25450 3 0
s 25451 9 3
s 25452 2 0
s 25453 3 3
s 25454 3 0
s 25455 3 1
s 25456 6 2
s 25457 2 1
s 25458 2 0
s 25463 8 5
s 25464 6 2
s 25465 7 4
s 25467 9 5
s 25470 2 0
s 25472 8 2
s 25473 1 0
s 25475 6 3
s 25479 6 2
s 25480 5 2
s 25481 1 1
s 25482 1 0
s 25489 5 1
s 25499 2 1
s 25701 44 21
s 25702 3 1
s 25703 1 0
s 25704 8 5
s 25705 48 25
s 25706 96 46
s 25707 57 20
s 25708 90 45
s 25709 65 31
s 25710 31 22
s 25711 14 10
s 25712 41 19
s 25713 9 4
s 25714 14 6
s 25719 77 40
s 25720 72 37
s 25721 25 10
s 25723 112 52
s 25726 29 13
s 25728 91 47
s 25729 20 9
s 25731 46 16
s 25735 95 51
s 25736 17 9
s 25737 24 12
s 25738 25 18
s 25745 30 12
s 25755 31 18
s 25958 2 1
s 25960 22 7
s 25961 11 5
s 25962 38 19
s 25963 31 9
s 25964 29 9
s 25965 16 2
s 25966 8 4
s 25967 7 2
s 25968 25 16
s 25969 3 1
s 25970 3 1
s 25975 12 5
s 25976 20 13
s 25977 13 5
s 25979 25 10
s 25982 14 7
s 25984 28 9
s 25985 9 3
s 25987 13 6
s 25991 36 18
s 25992 6 3
s 25993 12 6
s 25994 13 7
s 26001 14 8
s 26011 14 7
s 26215 1 1
s 26216 1 1
s 26217 1 1
s 26218 4 1
s 26219 3 2
s 26220 2 1
s 26222 1 0
s 26224 1 0
s 26226 1 1
s 26231 4 2
s 26232 2 1
s 26233 2 0
s 26235 5 2
s 26240 4 1
s 26241 1 0
s 26247 1 0
s 26250 3 2
s 26267 1 1
s 26472 2 1
s 26473 4 3
s 26474 9 6
s 26475 1 0
s 26476 8 3
s 26477 1 1
s 26478 1 0
s 26480 4 3
s 26482 1 1
s 26487 6 5
s 26488 3 0
s 26489 2 1
s 26491 9 3
s 26494 5 3
s 26496 5 2
s 26497 1 1
s 26499 2 1
s 26503 3 2
s 26505 3 1
s 26506 1 1
s 26513 1 0
s 26523 3 2
s 26729 11 4
s 26730 14 9
s 26731 6 3
s 26732 1 0
s 26733 6 3
s 26734 4 0
s 26735 1 0
s 26736 10 4
s 26737 2 0
s 26738 4 2
s 26743 10 5
s 26744 5 1
s 26745 10 6
s 26747 13 4
s 26750 4 0
s 26752 13 5
s 26755 11 6
s 26759 4 2
s 26760 5 2
s 26761 1 0
s 26762 2 1
s 26769 7 4
s 26986 102 56
s 26987 83 41
s 26988 65 23
s 26989 35 16
s 26990 23 9
s 26991 10 2
s 26992 67 42
s 26993 5 4
s 26994 10 7
s 26999 61 37
s 27000 60 31
s 27001 18 11
s 27003 72 37
s 27006 27 12
s 27008 55 25
s 27009 20 11
s 27011 27 11
s 27015 70 43
s 27016 10 3
s 27017 19 11
s 27018 5 3
s 27025 54 26
s 27035 44 30
s 27243 16 10
s 27244 109 45
s 27245 73 44
s 27246 45 18
s 27247 13 4
s 27248 145 81
s 27249 5 4
s 27250 8 6
s 27255 189 111
s 27256 13 4
s 27257 55 29
s 27259 250 114
s 27264 73 37
s 27265 31 16
s 27267 101 49
s 27271 101 48
s 27272 12 5
s 27273 15 6
s 27274 13 7
s 27281 60 32
s 27291 90 56
s 27500 72 23
s 27501 55 30
s 27502 19 10
s 27503 23 12
s 27504 118 80
s 27505 2 0
s 27506 3 2
s 27511 121 75
s 27512 23 11
s 27513 46 23
s 27515 135 72
s 27518 4 0
s 27520 43 20
s 27521 18 7
s 27523 80 42
s 27527 63 36
s 27528 4 2
s 27529 18 13
s 27530 11 5
s 27537 50 27
s 27547 47 30
s 27757 72 23
s 27758 30 10
s 27759 29 9
s 27760 121 56
s 27761 5 3
s 27762 7 5
s 27767 140 52
s 27768 74 27
s 27769 34 13
s 27771 179 65
s 27774 47 18
s 27776 72 23
s 27777 4 1
s 27779 86 33
s 27783 4 2
s 27784 11 2
s 27785 6 3
s 27786 19 9
s 27793 67 28
s 27803 16 5
s 28014 18 6
s 28015 11 8
s 28016 68 42
s 28017 2 2
s 28018 4 1
s 28023 77 41
s 28024 43 20
s 28025 26 10
s 28027 98 44
s 28030 18 5
s 28032 41 19
s 28033 20 8
s 28035 53 21
s 28039 37 22
s 28040 6 4
s 28041 11 9
s 28049 2 2
s 28059 25 13
s 28271 3 0
s 28272 26 17
s 28273 2 1
s 28274 3 1
s 28279 45 24
s 28280 23 10
s 28281 14 7
s 28283 44 20
s 28286 11 6
s 28288 36 18
s 28289 18 7
s 28291 25 13
s 28295 37 16
s 28296 5 4
s 28297 5 2
s 28298 6 5
s 28305 17 3
s 28315 12 8
s 28528 3 0
s 28529 3 3
s 28530 6 3
s 28535 20 9
s 28536 11 6
s 28537 6 2
s 28539 18 9
s 28542 9 5
s 28544 25 11
s 28545 7 3
s 28547 6 3
s 28551 26 14
s 28552 7 6
s 28553 11 4
s 28554 1 1
s 28561 10 5
s 28571 8 5
s 28785 8 4
s 28786 14 7
s 28791 187 109
s 28792 123 69
s 28793 13 3
s 28795 187 107
s 28798 45 27
s 28800 84 37
s 28801 33 15
s 28803 57 29
s 28807 106 61
s 28808 15 7
s 28809 28 20
s 28810 16 8
s 28817 88 47
s 28827 64 38
s 29047 7 4
s 29049 3 2
s 29051 6 3
s 29054 1 1
s 29056 5 3
s 29057 3 1
s 29059 8 4
s 29063 6 2
s 29065 2 1
s 29073 5 3
s 29083 3 3
s 29303 17 9
s 29304 4 2
s 29305 5 1
s 29307 20 10
s 29310 6 3
s 29312 10 4
s 29313 7 4
s 29315 7 3
s 29319 9 3
s 29320 1 1
s 29321 1 1
s 29329 3 1
s 29339 8 6
s 30584 126 72
s 30585 17 8
s 30587 76 30
s 30590 54 23
s 30592 63 26
s 30593 39 13
s 30595 68 28
s 30599 115 63
s 30600 12 6
s 30601 24 12
s 30602 20 8
s 30609 93 46
s 30619 101 66
s 30841 33 16
s 30843 149 67
s 30846 8 7
s 30848 32 15
s 30849 15 5
s 30851 71 28
s 30855 53 25
s 30856 10 0
s 30857 14 7
s 30858 16 9
s 30865 30 17
s 30875 15 8
s 31099 24 12
s 31102 18 6
s 31104 34 11
s 31105 13 4
s 31107 22 15
s 31111 50 27
s 31112 8 3
s 31113 24 13
s 31114 11 5
s 31121 20 8
s 31131 10 6
s 31614 75 30
s 31616 90 48
s 31617 30 13
s 31619 86 22
s 31623 149 71
s 31624 14 9
s 31625 26 10
s 31626 23 16
s 31633 113 53
s 31643 113 61
s 32384 25 8
s 32385 17 3
s 32387 36 11
s 32391 39 22
s 32392 3 2
s 32393 5 3
s 32394 2 1
s 32401 11 1
s 32411 23 12
s 32897 36 11
s 32899 51 20
s 32903 66 28
s 32904 11 4
s 32905 20 11
s 32906 24 13
s 32913 31 14
s 32923 17 11
s 33155 21 9
s 33159 3 0
s 33160 3 0
s 33161 2 1
s 33162 3 1
s 33169 9 1
s 33179 5 1
s 33671 89 35
s 33672 9 6
s 33673 32 16
s 33674 8 5
s 33681 44 17
s 33691 40 20
s 34696 9 5
s 34697 6 4
s 34698 21 13
s 34705 40 26
s 34715 11 5
s 34953 4 4
s 34954 2 1
s 34961 3 2
s 34971 10 7
s 35210 3 2
s 35217 8 4
s 35227 8 6
s 35473 1 0
s 35483 6 6
s 37275 23 16
